ISO-10303-21;
HEADER;
FILE_DESCRIPTION(('FreeCAD Model'),'2;1');
FILE_NAME('Open CASCADE Shape Model','2026-05-18T15:24:47',(''),(''),
  'Open CASCADE STEP processor 7.8','FreeCAD','Unknown');
FILE_SCHEMA(('AUTOMOTIVE_DESIGN { 1 0 10303 214 1 1 1 1 }'));
ENDSEC;
DATA;
#1 = APPLICATION_PROTOCOL_DEFINITION('international standard',
  'automotive_design',2000,#2);
#2 = APPLICATION_CONTEXT(
  'core data for automotive mechanical design processes');
#3 = SHAPE_DEFINITION_REPRESENTATION(#4,#10);
#4 = PRODUCT_DEFINITION_SHAPE('','',#5);
#5 = PRODUCT_DEFINITION('design','',#6,#9);
#6 = PRODUCT_DEFINITION_FORMATION('','',#7);
#7 = PRODUCT('rightCase','rightCase','',(#8));
#8 = PRODUCT_CONTEXT('',#2,'mechanical');
#9 = PRODUCT_DEFINITION_CONTEXT('part definition',#2,'design');
#10 = ADVANCED_BREP_SHAPE_REPRESENTATION('',(#11,#15),#3585);
#11 = AXIS2_PLACEMENT_3D('',#12,#13,#14);
#12 = CARTESIAN_POINT('',(0.,0.,0.));
#13 = DIRECTION('',(0.,0.,1.));
#14 = DIRECTION('',(1.,0.,-0.));
#15 = MANIFOLD_SOLID_BREP('',#16);
#16 = CLOSED_SHELL('',(#17,#551,#582,#606,#630,#654,#678,#702,#734,#758,
    #782,#806,#862,#886,#910,#934,#959,#983,#1007,#1031,#1056,#1080,
    #1104,#1128,#1184,#1208,#1232,#1256,#1288,#1312,#1336,#1360,#1384,
    #1408,#1432,#1456,#1480,#1504,#1528,#1552,#1576,#1600,#1624,#1648,
    #1672,#1696,#1720,#1744,#1768,#1792,#1816,#1840,#1864,#1888,#1912,
    #1936,#1960,#1984,#2008,#2032,#2056,#2073,#2098,#2123,#2148,#2173,
    #2316,#2342,#2376,#2410,#2451,#2476,#2501,#2525,#2550,#2576,#2602,
    #2651,#2685,#2703,#2728,#2753,#2778,#2803,#2828,#2852,#2870,#2894,
    #2918,#2942,#2966,#2991,#3092,#3117,#3149,#3173,#3190,#3207,#3224,
    #3237,#3268,#3293,#3318,#3330,#3342,#3354,#3366,#3383,#3407,#3432,
    #3456,#3481,#3498,#3523,#3556,#3573));
#17 = ADVANCED_FACE('',(#18,#502,#513,#524,#535),#546,.T.);
#18 = FACE_BOUND('',#19,.T.);
#19 = EDGE_LOOP('',(#20,#30,#38,#46,#54,#62,#70,#78,#86,#94,#102,#110,
    #118,#126,#134,#142,#150,#158,#166,#174,#182,#190,#198,#206,#214,
    #222,#230,#238,#246,#254,#262,#270,#278,#286,#294,#302,#310,#318,
    #326,#334,#342,#350,#358,#366,#374,#382,#390,#398,#406,#414,#422,
    #430,#439,#447,#456,#464,#472,#480,#488,#496));
#20 = ORIENTED_EDGE('',*,*,#21,.T.);
#21 = EDGE_CURVE('',#22,#24,#26,.T.);
#22 = VERTEX_POINT('',#23);
#23 = CARTESIAN_POINT('',(2.14,11.72,0.));
#24 = VERTEX_POINT('',#25);
#25 = CARTESIAN_POINT('',(-1.66,11.72,0.));
#26 = LINE('',#27,#28);
#27 = CARTESIAN_POINT('',(3.14,11.72,0.));
#28 = VECTOR('',#29,1.);
#29 = DIRECTION('',(-1.,0.,0.));
#30 = ORIENTED_EDGE('',*,*,#31,.T.);
#31 = EDGE_CURVE('',#24,#32,#34,.T.);
#32 = VERTEX_POINT('',#33);
#33 = CARTESIAN_POINT('',(-2.86,12.92,2.465190328816E-32));
#34 = LINE('',#35,#36);
#35 = CARTESIAN_POINT('',(-5.599779510806,15.659779510806,
    -1.887139290903E-15));
#36 = VECTOR('',#37,1.);
#37 = DIRECTION('',(-0.707106781187,0.707106781187,0.));
#38 = ORIENTED_EDGE('',*,*,#39,.T.);
#39 = EDGE_CURVE('',#32,#40,#42,.T.);
#40 = VERTEX_POINT('',#41);
#41 = CARTESIAN_POINT('',(-2.86,21.62,-4.930380657631E-32));
#42 = LINE('',#43,#44);
#43 = CARTESIAN_POINT('',(-2.86,11.72,0.));
#44 = VECTOR('',#45,1.);
#45 = DIRECTION('',(0.,1.,0.));
#46 = ORIENTED_EDGE('',*,*,#47,.T.);
#47 = EDGE_CURVE('',#40,#48,#50,.T.);
#48 = VERTEX_POINT('',#49);
#49 = CARTESIAN_POINT('',(-1.66,22.82,-4.930380657631E-32));
#50 = LINE('',#51,#52);
#51 = CARTESIAN_POINT('',(23.665220489194,48.145220489194,
    -1.887139290903E-15));
#52 = VECTOR('',#53,1.);
#53 = DIRECTION('',(0.707106781187,0.707106781187,0.));
#54 = ORIENTED_EDGE('',*,*,#55,.T.);
#55 = EDGE_CURVE('',#48,#56,#58,.T.);
#56 = VERTEX_POINT('',#57);
#57 = CARTESIAN_POINT('',(2.14,22.82,0.));
#58 = LINE('',#59,#60);
#59 = CARTESIAN_POINT('',(-2.86,22.82,0.));
#60 = VECTOR('',#61,1.);
#61 = DIRECTION('',(1.,0.,0.));
#62 = ORIENTED_EDGE('',*,*,#63,.F.);
#63 = EDGE_CURVE('',#64,#56,#66,.T.);
#64 = VERTEX_POINT('',#65);
#65 = CARTESIAN_POINT('',(3.14,23.82,0.));
#66 = LINE('',#67,#68);
#67 = CARTESIAN_POINT('',(27.065220489194,47.745220489194,
    -1.887139290903E-15));
#68 = VECTOR('',#69,1.);
#69 = DIRECTION('',(-0.707106781187,-0.707106781187,0.));
#70 = ORIENTED_EDGE('',*,*,#71,.F.);
#71 = EDGE_CURVE('',#72,#64,#74,.T.);
#72 = VERTEX_POINT('',#73);
#73 = CARTESIAN_POINT('',(3.14,32.72,0.));
#74 = LINE('',#75,#76);
#75 = CARTESIAN_POINT('',(3.14,149.33,0.));
#76 = VECTOR('',#77,1.);
#77 = DIRECTION('',(0.,-1.,0.));
#78 = ORIENTED_EDGE('',*,*,#79,.T.);
#79 = EDGE_CURVE('',#72,#80,#82,.T.);
#80 = VERTEX_POINT('',#81);
#81 = CARTESIAN_POINT('',(2.14,33.72,0.));
#82 = LINE('',#83,#84);
#83 = CARTESIAN_POINT('',(3.300220489194,32.559779510806,
    -1.887139290903E-15));
#84 = VECTOR('',#85,1.);
#85 = DIRECTION('',(-0.707106781187,0.707106781187,0.));
#86 = ORIENTED_EDGE('',*,*,#87,.T.);
#87 = EDGE_CURVE('',#80,#88,#90,.T.);
#88 = VERTEX_POINT('',#89);
#89 = CARTESIAN_POINT('',(-1.66,33.72,0.));
#90 = LINE('',#91,#92);
#91 = CARTESIAN_POINT('',(3.14,33.72,0.));
#92 = VECTOR('',#93,1.);
#93 = DIRECTION('',(-1.,0.,0.));
#94 = ORIENTED_EDGE('',*,*,#95,.T.);
#95 = EDGE_CURVE('',#88,#96,#98,.T.);
#96 = VERTEX_POINT('',#97);
#97 = CARTESIAN_POINT('',(-2.86,34.92,0.));
#98 = LINE('',#99,#100);
#99 = CARTESIAN_POINT('',(-9.97795108058E-02,32.159779510806,
    -1.887139290903E-15));
#100 = VECTOR('',#101,1.);
#101 = DIRECTION('',(-0.707106781187,0.707106781187,0.));
#102 = ORIENTED_EDGE('',*,*,#103,.T.);
#103 = EDGE_CURVE('',#96,#104,#106,.T.);
#104 = VERTEX_POINT('',#105);
#105 = CARTESIAN_POINT('',(-2.86,43.62,0.));
#106 = LINE('',#107,#108);
#107 = CARTESIAN_POINT('',(-2.86,33.72,0.));
#108 = VECTOR('',#109,1.);
#109 = DIRECTION('',(0.,1.,0.));
#110 = ORIENTED_EDGE('',*,*,#111,.T.);
#111 = EDGE_CURVE('',#104,#112,#114,.T.);
#112 = VERTEX_POINT('',#113);
#113 = CARTESIAN_POINT('',(-1.66,44.82,0.));
#114 = LINE('',#115,#116);
#115 = CARTESIAN_POINT('',(18.165220489194,64.645220489194,
    -1.887139290903E-15));
#116 = VECTOR('',#117,1.);
#117 = DIRECTION('',(0.707106781187,0.707106781187,0.));
#118 = ORIENTED_EDGE('',*,*,#119,.T.);
#119 = EDGE_CURVE('',#112,#120,#122,.T.);
#120 = VERTEX_POINT('',#121);
#121 = CARTESIAN_POINT('',(2.14,44.82,0.));
#122 = LINE('',#123,#124);
#123 = CARTESIAN_POINT('',(-2.86,44.82,0.));
#124 = VECTOR('',#125,1.);
#125 = DIRECTION('',(1.,0.,0.));
#126 = ORIENTED_EDGE('',*,*,#127,.T.);
#127 = EDGE_CURVE('',#120,#128,#130,.T.);
#128 = VERTEX_POINT('',#129);
#129 = CARTESIAN_POINT('',(3.14,45.82,0.));
#130 = LINE('',#131,#132);
#131 = CARTESIAN_POINT('',(21.565220489194,64.245220489194,
    -1.887139290903E-15));
#132 = VECTOR('',#133,1.);
#133 = DIRECTION('',(0.707106781187,0.707106781187,0.));
#134 = ORIENTED_EDGE('',*,*,#135,.F.);
#135 = EDGE_CURVE('',#136,#128,#138,.T.);
#136 = VERTEX_POINT('',#137);
#137 = CARTESIAN_POINT('',(3.14,56.12,0.));
#138 = LINE('',#139,#140);
#139 = CARTESIAN_POINT('',(3.14,149.33,0.));
#140 = VECTOR('',#141,1.);
#141 = DIRECTION('',(0.,-1.,0.));
#142 = ORIENTED_EDGE('',*,*,#143,.T.);
#143 = EDGE_CURVE('',#136,#144,#146,.T.);
#144 = VERTEX_POINT('',#145);
#145 = CARTESIAN_POINT('',(2.14,57.12,0.));
#146 = LINE('',#147,#148);
#147 = CARTESIAN_POINT('',(9.150220489194,50.109779510806,
    -1.887139290903E-15));
#148 = VECTOR('',#149,1.);
#149 = DIRECTION('',(-0.707106781187,0.707106781187,0.));
#150 = ORIENTED_EDGE('',*,*,#151,.T.);
#151 = EDGE_CURVE('',#144,#152,#154,.T.);
#152 = VERTEX_POINT('',#153);
#153 = CARTESIAN_POINT('',(-1.66,57.12,0.));
#154 = LINE('',#155,#156);
#155 = CARTESIAN_POINT('',(3.14,57.12,0.));
#156 = VECTOR('',#157,1.);
#157 = DIRECTION('',(-1.,0.,0.));
#158 = ORIENTED_EDGE('',*,*,#159,.T.);
#159 = EDGE_CURVE('',#152,#160,#162,.T.);
#160 = VERTEX_POINT('',#161);
#161 = CARTESIAN_POINT('',(-2.86,58.32,0.));
#162 = LINE('',#163,#164);
#163 = CARTESIAN_POINT('',(5.750220489194,49.709779510806,
    -1.887139290903E-15));
#164 = VECTOR('',#165,1.);
#165 = DIRECTION('',(-0.707106781187,0.707106781187,0.));
#166 = ORIENTED_EDGE('',*,*,#167,.T.);
#167 = EDGE_CURVE('',#160,#168,#170,.T.);
#168 = VERTEX_POINT('',#169);
#169 = CARTESIAN_POINT('',(-2.86,68.42,0.));
#170 = LINE('',#171,#172);
#171 = CARTESIAN_POINT('',(-2.86,57.12,0.));
#172 = VECTOR('',#173,1.);
#173 = DIRECTION('',(0.,1.,0.));
#174 = ORIENTED_EDGE('',*,*,#175,.T.);
#175 = EDGE_CURVE('',#168,#176,#178,.T.);
#176 = VERTEX_POINT('',#177);
#177 = CARTESIAN_POINT('',(-1.66,69.62,0.));
#178 = LINE('',#179,#180);
#179 = CARTESIAN_POINT('',(11.965220489194,83.245220489194,
    -1.887139290903E-15));
#180 = VECTOR('',#181,1.);
#181 = DIRECTION('',(0.707106781187,0.707106781187,0.));
#182 = ORIENTED_EDGE('',*,*,#183,.T.);
#183 = EDGE_CURVE('',#176,#184,#186,.T.);
#184 = VERTEX_POINT('',#185);
#185 = CARTESIAN_POINT('',(2.14,69.62,0.));
#186 = LINE('',#187,#188);
#187 = CARTESIAN_POINT('',(-2.86,69.62,0.));
#188 = VECTOR('',#189,1.);
#189 = DIRECTION('',(1.,0.,0.));
#190 = ORIENTED_EDGE('',*,*,#191,.T.);
#191 = EDGE_CURVE('',#184,#192,#194,.T.);
#192 = VERTEX_POINT('',#193);
#193 = CARTESIAN_POINT('',(3.14,70.62,0.));
#194 = LINE('',#195,#196);
#195 = CARTESIAN_POINT('',(15.365220489194,82.845220489194,
    -1.887139290903E-15));
#196 = VECTOR('',#197,1.);
#197 = DIRECTION('',(0.707106781187,0.707106781187,0.));
#198 = ORIENTED_EDGE('',*,*,#199,.F.);
#199 = EDGE_CURVE('',#200,#192,#202,.T.);
#200 = VERTEX_POINT('',#201);
#201 = CARTESIAN_POINT('',(3.14,80.98,1.972152263053E-30));
#202 = LINE('',#203,#204);
#203 = CARTESIAN_POINT('',(3.14,149.33,0.));
#204 = VECTOR('',#205,1.);
#205 = DIRECTION('',(0.,-1.,0.));
#206 = ORIENTED_EDGE('',*,*,#207,.T.);
#207 = EDGE_CURVE('',#200,#208,#210,.T.);
#208 = VERTEX_POINT('',#209);
#209 = CARTESIAN_POINT('',(2.14,81.98,-2.744471316873E-15));
#210 = LINE('',#211,#212);
#211 = CARTESIAN_POINT('',(15.365220489194,68.754779510806,
    -1.887139290903E-15));
#212 = VECTOR('',#213,1.);
#213 = DIRECTION('',(-0.707106781187,0.707106781187,0.));
#214 = ORIENTED_EDGE('',*,*,#215,.F.);
#215 = EDGE_CURVE('',#216,#208,#218,.T.);
#216 = VERTEX_POINT('',#217);
#217 = CARTESIAN_POINT('',(-1.66,81.98,-2.744471316873E-15));
#218 = LINE('',#219,#220);
#219 = CARTESIAN_POINT('',(-2.86,81.98,-2.744471316873E-15));
#220 = VECTOR('',#221,1.);
#221 = DIRECTION('',(1.,0.,0.));
#222 = ORIENTED_EDGE('',*,*,#223,.T.);
#223 = EDGE_CURVE('',#216,#224,#226,.T.);
#224 = VERTEX_POINT('',#225);
#225 = CARTESIAN_POINT('',(-2.86,83.18,-3.277378368693E-15));
#226 = LINE('',#227,#228);
#227 = CARTESIAN_POINT('',(11.965220489194,68.354779510806,
    -1.887139290903E-15));
#228 = VECTOR('',#229,1.);
#229 = DIRECTION('',(-0.707106781187,0.707106781187,0.));
#230 = ORIENTED_EDGE('',*,*,#231,.F.);
#231 = EDGE_CURVE('',#232,#224,#234,.T.);
#232 = VERTEX_POINT('',#233);
#233 = CARTESIAN_POINT('',(-2.86,93.28,-7.762679388179E-15));
#234 = LINE('',#235,#236);
#235 = CARTESIAN_POINT('',(-2.86,94.48,-8.295586439999E-15));
#236 = VECTOR('',#237,1.);
#237 = DIRECTION('',(0.,-1.,4.440892098501E-16));
#238 = ORIENTED_EDGE('',*,*,#239,.T.);
#239 = EDGE_CURVE('',#232,#240,#242,.T.);
#240 = VERTEX_POINT('',#241);
#241 = CARTESIAN_POINT('',(-1.66,94.48,-8.295586439999E-15));
#242 = LINE('',#243,#244);
#243 = CARTESIAN_POINT('',(5.750220489194,101.89022048919,
    -1.887139290903E-15));
#244 = VECTOR('',#245,1.);
#245 = DIRECTION('',(0.707106781187,0.707106781187,0.));
#246 = ORIENTED_EDGE('',*,*,#247,.F.);
#247 = EDGE_CURVE('',#248,#240,#250,.T.);
#248 = VERTEX_POINT('',#249);
#249 = CARTESIAN_POINT('',(2.14,94.48,-8.295586439999E-15));
#250 = LINE('',#251,#252);
#251 = CARTESIAN_POINT('',(3.14,94.48,-8.295586439999E-15));
#252 = VECTOR('',#253,1.);
#253 = DIRECTION('',(-1.,0.,0.));
#254 = ORIENTED_EDGE('',*,*,#255,.F.);
#255 = EDGE_CURVE('',#256,#248,#258,.T.);
#256 = VERTEX_POINT('',#257);
#257 = CARTESIAN_POINT('',(3.14,95.48,-1.577721810442E-30));
#258 = LINE('',#259,#260);
#259 = CARTESIAN_POINT('',(9.150220489194,101.49022048919,
    -1.887139290903E-15));
#260 = VECTOR('',#261,1.);
#261 = DIRECTION('',(-0.707106781187,-0.707106781187,0.));
#262 = ORIENTED_EDGE('',*,*,#263,.F.);
#263 = EDGE_CURVE('',#264,#256,#266,.T.);
#264 = VERTEX_POINT('',#265);
#265 = CARTESIAN_POINT('',(3.14,105.78,1.577721810442E-30));
#266 = LINE('',#267,#268);
#267 = CARTESIAN_POINT('',(3.14,149.33,0.));
#268 = VECTOR('',#269,1.);
#269 = DIRECTION('',(0.,-1.,0.));
#270 = ORIENTED_EDGE('',*,*,#271,.F.);
#271 = EDGE_CURVE('',#272,#264,#274,.T.);
#272 = VERTEX_POINT('',#273);
#273 = CARTESIAN_POINT('',(2.14,106.78,-1.375788372115E-14));
#274 = LINE('',#275,#276);
#275 = CARTESIAN_POINT('',(21.565220489194,87.354779510806,
    -1.887139290903E-15));
#276 = VECTOR('',#277,1.);
#277 = DIRECTION('',(0.707106781187,-0.707106781187,0.));
#278 = ORIENTED_EDGE('',*,*,#279,.F.);
#279 = EDGE_CURVE('',#280,#272,#282,.T.);
#280 = VERTEX_POINT('',#281);
#281 = CARTESIAN_POINT('',(-1.66,106.78,-1.375788372115E-14));
#282 = LINE('',#283,#284);
#283 = CARTESIAN_POINT('',(-2.86,106.78,-1.375788372115E-14));
#284 = VECTOR('',#285,1.);
#285 = DIRECTION('',(1.,0.,0.));
#286 = ORIENTED_EDGE('',*,*,#287,.F.);
#287 = EDGE_CURVE('',#288,#280,#290,.T.);
#288 = VERTEX_POINT('',#289);
#289 = CARTESIAN_POINT('',(-2.86,107.98,-1.429079077298E-14));
#290 = LINE('',#291,#292);
#291 = CARTESIAN_POINT('',(18.165220489194,86.954779510806,
    -1.887139290903E-15));
#292 = VECTOR('',#293,1.);
#293 = DIRECTION('',(0.707106781187,-0.707106781187,0.));
#294 = ORIENTED_EDGE('',*,*,#295,.F.);
#295 = EDGE_CURVE('',#296,#288,#298,.T.);
#296 = VERTEX_POINT('',#297);
#297 = CARTESIAN_POINT('',(-2.86,116.68,-1.815436689867E-14));
#298 = LINE('',#299,#300);
#299 = CARTESIAN_POINT('',(-2.86,117.88,-1.868727395049E-14));
#300 = VECTOR('',#301,1.);
#301 = DIRECTION('',(0.,-1.,4.440892098501E-16));
#302 = ORIENTED_EDGE('',*,*,#303,.F.);
#303 = EDGE_CURVE('',#304,#296,#306,.T.);
#304 = VERTEX_POINT('',#305);
#305 = CARTESIAN_POINT('',(-1.66,117.88,-1.868727395049E-14));
#306 = LINE('',#307,#308);
#307 = CARTESIAN_POINT('',(-9.977951080581E-02,119.44022048919,
    -1.887139290903E-15));
#308 = VECTOR('',#309,1.);
#309 = DIRECTION('',(-0.707106781187,-0.707106781187,0.));
#310 = ORIENTED_EDGE('',*,*,#311,.F.);
#311 = EDGE_CURVE('',#312,#304,#314,.T.);
#312 = VERTEX_POINT('',#313);
#313 = CARTESIAN_POINT('',(2.14,117.88,-1.868727395049E-14));
#314 = LINE('',#315,#316);
#315 = CARTESIAN_POINT('',(3.14,117.88,-1.868727395049E-14));
#316 = VECTOR('',#317,1.);
#317 = DIRECTION('',(-1.,0.,0.));
#318 = ORIENTED_EDGE('',*,*,#319,.F.);
#319 = EDGE_CURVE('',#320,#312,#322,.T.);
#320 = VERTEX_POINT('',#321);
#321 = CARTESIAN_POINT('',(3.14,118.88,-3.155443620884E-30));
#322 = LINE('',#323,#324);
#323 = CARTESIAN_POINT('',(3.300220489194,119.04022048919,
    -1.887139290903E-15));
#324 = VECTOR('',#325,1.);
#325 = DIRECTION('',(-0.707106781187,-0.707106781187,0.));
#326 = ORIENTED_EDGE('',*,*,#327,.F.);
#327 = EDGE_CURVE('',#328,#320,#330,.T.);
#328 = VERTEX_POINT('',#329);
#329 = CARTESIAN_POINT('',(3.14,127.78,3.155443620884E-30));
#330 = LINE('',#331,#332);
#331 = CARTESIAN_POINT('',(3.14,149.33,0.));
#332 = VECTOR('',#333,1.);
#333 = DIRECTION('',(0.,-1.,0.));
#334 = ORIENTED_EDGE('',*,*,#335,.F.);
#335 = EDGE_CURVE('',#336,#328,#338,.T.);
#336 = VERTEX_POINT('',#337);
#337 = CARTESIAN_POINT('',(2.14,128.78,-2.352784633786E-14));
#338 = LINE('',#339,#340);
#339 = CARTESIAN_POINT('',(27.065220489194,103.8547795108,
    -1.887139290903E-15));
#340 = VECTOR('',#341,1.);
#341 = DIRECTION('',(0.707106781187,-0.707106781187,0.));
#342 = ORIENTED_EDGE('',*,*,#343,.F.);
#343 = EDGE_CURVE('',#344,#336,#346,.T.);
#344 = VERTEX_POINT('',#345);
#345 = CARTESIAN_POINT('',(-1.66,128.78,-2.352784633786E-14));
#346 = LINE('',#347,#348);
#347 = CARTESIAN_POINT('',(-2.86,128.78,-2.352784633786E-14));
#348 = VECTOR('',#349,1.);
#349 = DIRECTION('',(1.,0.,0.));
#350 = ORIENTED_EDGE('',*,*,#351,.F.);
#351 = EDGE_CURVE('',#352,#344,#354,.T.);
#352 = VERTEX_POINT('',#353);
#353 = CARTESIAN_POINT('',(-2.86,129.98,-2.406075338968E-14));
#354 = LINE('',#355,#356);
#355 = CARTESIAN_POINT('',(23.665220489194,103.4547795108,
    -1.887139290903E-15));
#356 = VECTOR('',#357,1.);
#357 = DIRECTION('',(0.707106781187,-0.707106781187,0.));
#358 = ORIENTED_EDGE('',*,*,#359,.F.);
#359 = EDGE_CURVE('',#360,#352,#362,.T.);
#360 = VERTEX_POINT('',#361);
#361 = CARTESIAN_POINT('',(-2.86,138.68,-2.792432951537E-14));
#362 = LINE('',#363,#364);
#363 = CARTESIAN_POINT('',(-2.86,139.88,-2.845723656719E-14));
#364 = VECTOR('',#365,1.);
#365 = DIRECTION('',(0.,-1.,4.440892098501E-16));
#366 = ORIENTED_EDGE('',*,*,#367,.F.);
#367 = EDGE_CURVE('',#368,#360,#370,.T.);
#368 = VERTEX_POINT('',#369);
#369 = CARTESIAN_POINT('',(-1.66,139.88,-2.845723656719E-14));
#370 = LINE('',#371,#372);
#371 = CARTESIAN_POINT('',(-5.599779510806,135.94022048919,
    -1.887139290903E-15));
#372 = VECTOR('',#373,1.);
#373 = DIRECTION('',(-0.707106781187,-0.707106781187,0.));
#374 = ORIENTED_EDGE('',*,*,#375,.F.);
#375 = EDGE_CURVE('',#376,#368,#378,.T.);
#376 = VERTEX_POINT('',#377);
#377 = CARTESIAN_POINT('',(2.14,139.88,-2.845723656719E-14));
#378 = LINE('',#379,#380);
#379 = CARTESIAN_POINT('',(3.14,139.88,-2.845723656719E-14));
#380 = VECTOR('',#381,1.);
#381 = DIRECTION('',(-1.,0.,0.));
#382 = ORIENTED_EDGE('',*,*,#383,.F.);
#383 = EDGE_CURVE('',#384,#376,#386,.T.);
#384 = VERTEX_POINT('',#385);
#385 = CARTESIAN_POINT('',(3.14,140.88,0.));
#386 = LINE('',#387,#388);
#387 = CARTESIAN_POINT('',(-2.199779510806,135.54022048919,
    -1.887139290903E-15));
#388 = VECTOR('',#389,1.);
#389 = DIRECTION('',(-0.707106781187,-0.707106781187,0.));
#390 = ORIENTED_EDGE('',*,*,#391,.F.);
#391 = EDGE_CURVE('',#392,#384,#394,.T.);
#392 = VERTEX_POINT('',#393);
#393 = CARTESIAN_POINT('',(3.14,148.33,0.));
#394 = LINE('',#395,#396);
#395 = CARTESIAN_POINT('',(3.14,149.33,0.));
#396 = VECTOR('',#397,1.);
#397 = DIRECTION('',(0.,-1.,0.));
#398 = ORIENTED_EDGE('',*,*,#399,.T.);
#399 = EDGE_CURVE('',#392,#400,#402,.T.);
#400 = VERTEX_POINT('',#401);
#401 = CARTESIAN_POINT('',(2.14,149.33,0.));
#402 = LINE('',#403,#404);
#403 = CARTESIAN_POINT('',(32.202720489194,119.2672795108,
    -1.887139290903E-15));
#404 = VECTOR('',#405,1.);
#405 = DIRECTION('',(-0.707106781187,0.707106781187,0.));
#406 = ORIENTED_EDGE('',*,*,#407,.F.);
#407 = EDGE_CURVE('',#408,#400,#410,.T.);
#408 = VERTEX_POINT('',#409);
#409 = CARTESIAN_POINT('',(0.,149.33,0.));
#410 = LINE('',#411,#412);
#411 = CARTESIAN_POINT('',(0.,149.33,0.));
#412 = VECTOR('',#413,1.);
#413 = DIRECTION('',(1.,0.,0.));
#414 = ORIENTED_EDGE('',*,*,#415,.F.);
#415 = EDGE_CURVE('',#416,#408,#418,.T.);
#416 = VERTEX_POINT('',#417);
#417 = CARTESIAN_POINT('',(0.,149.43,1.176836406103E-14));
#418 = LINE('',#419,#420);
#419 = CARTESIAN_POINT('',(0.,151.6,0.));
#420 = VECTOR('',#421,1.);
#421 = DIRECTION('',(0.,-1.,0.));
#422 = ORIENTED_EDGE('',*,*,#423,.F.);
#423 = EDGE_CURVE('',#424,#416,#426,.T.);
#424 = VERTEX_POINT('',#425);
#425 = CARTESIAN_POINT('',(102.48,149.43,8.881784197001E-16));
#426 = LINE('',#427,#428);
#427 = CARTESIAN_POINT('',(102.48,149.43,0.));
#428 = VECTOR('',#429,1.);
#429 = DIRECTION('',(-1.,0.,0.));
#430 = ORIENTED_EDGE('',*,*,#431,.F.);
#431 = EDGE_CURVE('',#432,#424,#434,.T.);
#432 = VERTEX_POINT('',#433);
#433 = CARTESIAN_POINT('',(112.11,139.8,5.329070518201E-15));
#434 = CIRCLE('',#435,9.63);
#435 = AXIS2_PLACEMENT_3D('',#436,#437,#438);
#436 = CARTESIAN_POINT('',(102.48,139.8,0.));
#437 = DIRECTION('',(0.,0.,1.));
#438 = DIRECTION('',(1.,0.,0.));
#439 = ORIENTED_EDGE('',*,*,#440,.F.);
#440 = EDGE_CURVE('',#441,#432,#443,.T.);
#441 = VERTEX_POINT('',#442);
#442 = CARTESIAN_POINT('',(112.11,11.8,8.881784197001E-16));
#443 = LINE('',#444,#445);
#444 = CARTESIAN_POINT('',(112.11,11.8,0.));
#445 = VECTOR('',#446,1.);
#446 = DIRECTION('',(0.,1.,0.));
#447 = ORIENTED_EDGE('',*,*,#448,.F.);
#448 = EDGE_CURVE('',#449,#441,#451,.T.);
#449 = VERTEX_POINT('',#450);
#450 = CARTESIAN_POINT('',(102.48,2.17,0.));
#451 = CIRCLE('',#452,9.63);
#452 = AXIS2_PLACEMENT_3D('',#453,#454,#455);
#453 = CARTESIAN_POINT('',(102.48,11.8,0.));
#454 = DIRECTION('',(-0.,0.,1.));
#455 = DIRECTION('',(0.,-1.,0.));
#456 = ORIENTED_EDGE('',*,*,#457,.F.);
#457 = EDGE_CURVE('',#458,#449,#460,.T.);
#458 = VERTEX_POINT('',#459);
#459 = CARTESIAN_POINT('',(0.,2.17,0.));
#460 = LINE('',#461,#462);
#461 = CARTESIAN_POINT('',(0.,2.17,0.));
#462 = VECTOR('',#463,1.);
#463 = DIRECTION('',(1.,0.,0.));
#464 = ORIENTED_EDGE('',*,*,#465,.F.);
#465 = EDGE_CURVE('',#466,#458,#468,.T.);
#466 = VERTEX_POINT('',#467);
#467 = CARTESIAN_POINT('',(0.,2.27,0.));
#468 = LINE('',#469,#470);
#469 = CARTESIAN_POINT('',(0.,151.6,0.));
#470 = VECTOR('',#471,1.);
#471 = DIRECTION('',(0.,-1.,0.));
#472 = ORIENTED_EDGE('',*,*,#473,.F.);
#473 = EDGE_CURVE('',#474,#466,#476,.T.);
#474 = VERTEX_POINT('',#475);
#475 = CARTESIAN_POINT('',(2.14,2.27,0.));
#476 = LINE('',#477,#478);
#477 = CARTESIAN_POINT('',(3.14,2.27,0.));
#478 = VECTOR('',#479,1.);
#479 = DIRECTION('',(-1.,0.,0.));
#480 = ORIENTED_EDGE('',*,*,#481,.T.);
#481 = EDGE_CURVE('',#474,#482,#484,.T.);
#482 = VERTEX_POINT('',#483);
#483 = CARTESIAN_POINT('',(3.14,3.27,0.));
#484 = LINE('',#485,#486);
#485 = CARTESIAN_POINT('',(32.202720489194,32.332720489194,
    -1.887139290903E-15));
#486 = VECTOR('',#487,1.);
#487 = DIRECTION('',(0.707106781187,0.707106781187,0.));
#488 = ORIENTED_EDGE('',*,*,#489,.F.);
#489 = EDGE_CURVE('',#490,#482,#492,.T.);
#490 = VERTEX_POINT('',#491);
#491 = CARTESIAN_POINT('',(3.14,10.72,0.));
#492 = LINE('',#493,#494);
#493 = CARTESIAN_POINT('',(3.14,149.33,0.));
#494 = VECTOR('',#495,1.);
#495 = DIRECTION('',(0.,-1.,0.));
#496 = ORIENTED_EDGE('',*,*,#497,.T.);
#497 = EDGE_CURVE('',#490,#22,#498,.T.);
#498 = LINE('',#499,#500);
#499 = CARTESIAN_POINT('',(-2.199779510806,16.059779510806,
    -1.887139290903E-15));
#500 = VECTOR('',#501,1.);
#501 = DIRECTION('',(-0.707106781187,0.707106781187,0.));
#502 = FACE_BOUND('',#503,.T.);
#503 = EDGE_LOOP('',(#504));
#504 = ORIENTED_EDGE('',*,*,#505,.F.);
#505 = EDGE_CURVE('',#506,#506,#508,.T.);
#506 = VERTEX_POINT('',#507);
#507 = CARTESIAN_POINT('',(18.48,139.8,2.22044604925E-16));
#508 = CIRCLE('',#509,3.3);
#509 = AXIS2_PLACEMENT_3D('',#510,#511,#512);
#510 = CARTESIAN_POINT('',(15.18,139.8,0.));
#511 = DIRECTION('',(0.,0.,-1.));
#512 = DIRECTION('',(1.,0.,0.));
#513 = FACE_BOUND('',#514,.T.);
#514 = EDGE_LOOP('',(#515));
#515 = ORIENTED_EDGE('',*,*,#516,.F.);
#516 = EDGE_CURVE('',#517,#517,#519,.T.);
#517 = VERTEX_POINT('',#518);
#518 = CARTESIAN_POINT('',(105.78,139.8,-1.33226762955E-15));
#519 = CIRCLE('',#520,3.3);
#520 = AXIS2_PLACEMENT_3D('',#521,#522,#523);
#521 = CARTESIAN_POINT('',(102.48,139.8,0.));
#522 = DIRECTION('',(0.,0.,-1.));
#523 = DIRECTION('',(1.,0.,0.));
#524 = FACE_BOUND('',#525,.T.);
#525 = EDGE_LOOP('',(#526));
#526 = ORIENTED_EDGE('',*,*,#527,.F.);
#527 = EDGE_CURVE('',#528,#528,#530,.T.);
#528 = VERTEX_POINT('',#529);
#529 = CARTESIAN_POINT('',(18.48,11.8,2.22044604925E-16));
#530 = CIRCLE('',#531,3.3);
#531 = AXIS2_PLACEMENT_3D('',#532,#533,#534);
#532 = CARTESIAN_POINT('',(15.18,11.8,0.));
#533 = DIRECTION('',(0.,0.,-1.));
#534 = DIRECTION('',(1.,0.,0.));
#535 = FACE_BOUND('',#536,.T.);
#536 = EDGE_LOOP('',(#537));
#537 = ORIENTED_EDGE('',*,*,#538,.F.);
#538 = EDGE_CURVE('',#539,#539,#541,.T.);
#539 = VERTEX_POINT('',#540);
#540 = CARTESIAN_POINT('',(105.78,11.8,-1.33226762955E-15));
#541 = CIRCLE('',#542,3.3);
#542 = AXIS2_PLACEMENT_3D('',#543,#544,#545);
#543 = CARTESIAN_POINT('',(102.48,11.8,0.));
#544 = DIRECTION('',(0.,0.,-1.));
#545 = DIRECTION('',(1.,0.,0.));
#546 = PLANE('',#547);
#547 = AXIS2_PLACEMENT_3D('',#548,#549,#550);
#548 = CARTESIAN_POINT('',(47.860881956777,75.8,-1.887139290903E-15));
#549 = DIRECTION('',(-0.,-0.,-1.));
#550 = DIRECTION('',(-1.,0.,0.));
#551 = ADVANCED_FACE('',(#552),#577,.T.);
#552 = FACE_BOUND('',#553,.T.);
#553 = EDGE_LOOP('',(#554,#555,#563,#571));
#554 = ORIENTED_EDGE('',*,*,#21,.F.);
#555 = ORIENTED_EDGE('',*,*,#556,.T.);
#556 = EDGE_CURVE('',#22,#557,#559,.T.);
#557 = VERTEX_POINT('',#558);
#558 = CARTESIAN_POINT('',(2.14,11.72,1.));
#559 = LINE('',#560,#561);
#560 = CARTESIAN_POINT('',(2.14,11.72,0.));
#561 = VECTOR('',#562,1.);
#562 = DIRECTION('',(0.,0.,1.));
#563 = ORIENTED_EDGE('',*,*,#564,.T.);
#564 = EDGE_CURVE('',#557,#565,#567,.T.);
#565 = VERTEX_POINT('',#566);
#566 = CARTESIAN_POINT('',(-1.66,11.72,1.));
#567 = LINE('',#568,#569);
#568 = CARTESIAN_POINT('',(3.14,11.72,1.));
#569 = VECTOR('',#570,1.);
#570 = DIRECTION('',(-1.,0.,0.));
#571 = ORIENTED_EDGE('',*,*,#572,.F.);
#572 = EDGE_CURVE('',#24,#565,#573,.T.);
#573 = LINE('',#574,#575);
#574 = CARTESIAN_POINT('',(-1.66,11.72,0.));
#575 = VECTOR('',#576,1.);
#576 = DIRECTION('',(0.,0.,1.));
#577 = PLANE('',#578);
#578 = AXIS2_PLACEMENT_3D('',#579,#580,#581);
#579 = CARTESIAN_POINT('',(3.14,11.72,0.));
#580 = DIRECTION('',(-0.,-1.,-0.));
#581 = DIRECTION('',(-1.,0.,0.));
#582 = ADVANCED_FACE('',(#583),#601,.T.);
#583 = FACE_BOUND('',#584,.T.);
#584 = EDGE_LOOP('',(#585,#586,#587,#595));
#585 = ORIENTED_EDGE('',*,*,#31,.F.);
#586 = ORIENTED_EDGE('',*,*,#572,.T.);
#587 = ORIENTED_EDGE('',*,*,#588,.T.);
#588 = EDGE_CURVE('',#565,#589,#591,.T.);
#589 = VERTEX_POINT('',#590);
#590 = CARTESIAN_POINT('',(-2.86,12.92,1.));
#591 = LINE('',#592,#593);
#592 = CARTESIAN_POINT('',(-5.366910811461,15.426910811461,1.));
#593 = VECTOR('',#594,1.);
#594 = DIRECTION('',(-0.707106781187,0.707106781187,0.));
#595 = ORIENTED_EDGE('',*,*,#596,.F.);
#596 = EDGE_CURVE('',#32,#589,#597,.T.);
#597 = LINE('',#598,#599);
#598 = CARTESIAN_POINT('',(-2.86,12.92,0.));
#599 = VECTOR('',#600,1.);
#600 = DIRECTION('',(0.,0.,1.));
#601 = PLANE('',#602);
#602 = AXIS2_PLACEMENT_3D('',#603,#604,#605);
#603 = CARTESIAN_POINT('',(-2.26,12.32,0.));
#604 = DIRECTION('',(-0.707106781187,-0.707106781187,1.407620945704E-17)
  );
#605 = DIRECTION('',(9.953383160478E-18,9.953383160478E-18,1.));
#606 = ADVANCED_FACE('',(#607),#625,.T.);
#607 = FACE_BOUND('',#608,.T.);
#608 = EDGE_LOOP('',(#609,#610,#618,#624));
#609 = ORIENTED_EDGE('',*,*,#497,.F.);
#610 = ORIENTED_EDGE('',*,*,#611,.T.);
#611 = EDGE_CURVE('',#490,#612,#614,.T.);
#612 = VERTEX_POINT('',#613);
#613 = CARTESIAN_POINT('',(3.14,10.72,1.));
#614 = LINE('',#615,#616);
#615 = CARTESIAN_POINT('',(3.14,10.72,0.));
#616 = VECTOR('',#617,1.);
#617 = DIRECTION('',(0.,0.,1.));
#618 = ORIENTED_EDGE('',*,*,#619,.T.);
#619 = EDGE_CURVE('',#612,#557,#620,.T.);
#620 = LINE('',#621,#622);
#621 = CARTESIAN_POINT('',(-1.966910811461,15.826910811461,1.));
#622 = VECTOR('',#623,1.);
#623 = DIRECTION('',(-0.707106781187,0.707106781187,0.));
#624 = ORIENTED_EDGE('',*,*,#556,.F.);
#625 = PLANE('',#626);
#626 = AXIS2_PLACEMENT_3D('',#627,#628,#629);
#627 = CARTESIAN_POINT('',(2.64,11.22,0.));
#628 = DIRECTION('',(-0.707106781187,-0.707106781187,0.));
#629 = DIRECTION('',(0.,0.,1.));
#630 = ADVANCED_FACE('',(#631),#649,.T.);
#631 = FACE_BOUND('',#632,.T.);
#632 = EDGE_LOOP('',(#633,#634,#635,#643));
#633 = ORIENTED_EDGE('',*,*,#39,.F.);
#634 = ORIENTED_EDGE('',*,*,#596,.T.);
#635 = ORIENTED_EDGE('',*,*,#636,.T.);
#636 = EDGE_CURVE('',#589,#637,#639,.T.);
#637 = VERTEX_POINT('',#638);
#638 = CARTESIAN_POINT('',(-2.86,21.62,1.));
#639 = LINE('',#640,#641);
#640 = CARTESIAN_POINT('',(-2.86,11.72,1.));
#641 = VECTOR('',#642,1.);
#642 = DIRECTION('',(0.,1.,0.));
#643 = ORIENTED_EDGE('',*,*,#644,.F.);
#644 = EDGE_CURVE('',#40,#637,#645,.T.);
#645 = LINE('',#646,#647);
#646 = CARTESIAN_POINT('',(-2.86,21.62,0.));
#647 = VECTOR('',#648,1.);
#648 = DIRECTION('',(0.,0.,1.));
#649 = PLANE('',#650);
#650 = AXIS2_PLACEMENT_3D('',#651,#652,#653);
#651 = CARTESIAN_POINT('',(-2.86,11.72,0.));
#652 = DIRECTION('',(-1.,0.,0.));
#653 = DIRECTION('',(0.,1.,0.));
#654 = ADVANCED_FACE('',(#655),#673,.F.);
#655 = FACE_BOUND('',#656,.F.);
#656 = EDGE_LOOP('',(#657,#658,#659,#667));
#657 = ORIENTED_EDGE('',*,*,#489,.F.);
#658 = ORIENTED_EDGE('',*,*,#611,.T.);
#659 = ORIENTED_EDGE('',*,*,#660,.F.);
#660 = EDGE_CURVE('',#661,#612,#663,.T.);
#661 = VERTEX_POINT('',#662);
#662 = CARTESIAN_POINT('',(3.14,3.27,1.));
#663 = LINE('',#664,#665);
#664 = CARTESIAN_POINT('',(3.14,112.5649999162,1.));
#665 = VECTOR('',#666,1.);
#666 = DIRECTION('',(0.,1.,0.));
#667 = ORIENTED_EDGE('',*,*,#668,.F.);
#668 = EDGE_CURVE('',#482,#661,#669,.T.);
#669 = LINE('',#670,#671);
#670 = CARTESIAN_POINT('',(3.14,3.27,0.));
#671 = VECTOR('',#672,1.);
#672 = DIRECTION('',(0.,0.,1.));
#673 = PLANE('',#674);
#674 = AXIS2_PLACEMENT_3D('',#675,#676,#677);
#675 = CARTESIAN_POINT('',(3.14,149.33,0.));
#676 = DIRECTION('',(1.,0.,0.));
#677 = DIRECTION('',(0.,-1.,0.));
#678 = ADVANCED_FACE('',(#679),#697,.T.);
#679 = FACE_BOUND('',#680,.T.);
#680 = EDGE_LOOP('',(#681,#682,#683,#691));
#681 = ORIENTED_EDGE('',*,*,#47,.F.);
#682 = ORIENTED_EDGE('',*,*,#644,.T.);
#683 = ORIENTED_EDGE('',*,*,#684,.T.);
#684 = EDGE_CURVE('',#637,#685,#687,.T.);
#685 = VERTEX_POINT('',#686);
#686 = CARTESIAN_POINT('',(-1.66,22.82,1.));
#687 = LINE('',#688,#689);
#688 = CARTESIAN_POINT('',(23.898088867849,48.378088867849,1.));
#689 = VECTOR('',#690,1.);
#690 = DIRECTION('',(0.707106781187,0.707106781187,0.));
#691 = ORIENTED_EDGE('',*,*,#692,.F.);
#692 = EDGE_CURVE('',#48,#685,#693,.T.);
#693 = LINE('',#694,#695);
#694 = CARTESIAN_POINT('',(-1.66,22.82,0.));
#695 = VECTOR('',#696,1.);
#696 = DIRECTION('',(0.,0.,1.));
#697 = PLANE('',#698);
#698 = AXIS2_PLACEMENT_3D('',#699,#700,#701);
#699 = CARTESIAN_POINT('',(-2.26,22.22,0.));
#700 = DIRECTION('',(-0.707106781187,0.707106781187,-1.407620945704E-17)
  );
#701 = DIRECTION('',(-9.953383160478E-18,9.953383160478E-18,1.));
#702 = ADVANCED_FACE('',(#703),#729,.F.);
#703 = FACE_BOUND('',#704,.T.);
#704 = EDGE_LOOP('',(#705,#715,#721,#722,#723));
#705 = ORIENTED_EDGE('',*,*,#706,.T.);
#706 = EDGE_CURVE('',#707,#709,#711,.T.);
#707 = VERTEX_POINT('',#708);
#708 = CARTESIAN_POINT('',(2.14,2.27,1.09));
#709 = VERTEX_POINT('',#710);
#710 = CARTESIAN_POINT('',(2.23,2.36,1.));
#711 = LINE('',#712,#713);
#712 = CARTESIAN_POINT('',(1.901666666667,2.031666666667,1.328333333333)
  );
#713 = VECTOR('',#714,1.);
#714 = DIRECTION('',(0.57735026919,0.57735026919,-0.57735026919));
#715 = ORIENTED_EDGE('',*,*,#716,.T.);
#716 = EDGE_CURVE('',#709,#661,#717,.T.);
#717 = LINE('',#718,#719);
#718 = CARTESIAN_POINT('',(32.435588867849,32.565588867849,1.));
#719 = VECTOR('',#720,1.);
#720 = DIRECTION('',(0.707106781187,0.707106781187,0.));
#721 = ORIENTED_EDGE('',*,*,#668,.F.);
#722 = ORIENTED_EDGE('',*,*,#481,.F.);
#723 = ORIENTED_EDGE('',*,*,#724,.T.);
#724 = EDGE_CURVE('',#474,#707,#725,.T.);
#725 = LINE('',#726,#727);
#726 = CARTESIAN_POINT('',(2.14,2.27,0.));
#727 = VECTOR('',#728,1.);
#728 = DIRECTION('',(0.,0.,1.));
#729 = PLANE('',#730);
#730 = AXIS2_PLACEMENT_3D('',#731,#732,#733);
#731 = CARTESIAN_POINT('',(2.64,2.77,0.));
#732 = DIRECTION('',(0.707106781187,-0.707106781187,0.));
#733 = DIRECTION('',(-0.,-0.,-1.));
#734 = ADVANCED_FACE('',(#735),#753,.T.);
#735 = FACE_BOUND('',#736,.T.);
#736 = EDGE_LOOP('',(#737,#738,#739,#747));
#737 = ORIENTED_EDGE('',*,*,#55,.F.);
#738 = ORIENTED_EDGE('',*,*,#692,.T.);
#739 = ORIENTED_EDGE('',*,*,#740,.T.);
#740 = EDGE_CURVE('',#685,#741,#743,.T.);
#741 = VERTEX_POINT('',#742);
#742 = CARTESIAN_POINT('',(2.14,22.82,1.));
#743 = LINE('',#744,#745);
#744 = CARTESIAN_POINT('',(-2.86,22.82,1.));
#745 = VECTOR('',#746,1.);
#746 = DIRECTION('',(1.,0.,0.));
#747 = ORIENTED_EDGE('',*,*,#748,.F.);
#748 = EDGE_CURVE('',#56,#741,#749,.T.);
#749 = LINE('',#750,#751);
#750 = CARTESIAN_POINT('',(2.14,22.82,0.));
#751 = VECTOR('',#752,1.);
#752 = DIRECTION('',(0.,0.,1.));
#753 = PLANE('',#754);
#754 = AXIS2_PLACEMENT_3D('',#755,#756,#757);
#755 = CARTESIAN_POINT('',(-2.86,22.82,0.));
#756 = DIRECTION('',(0.,1.,0.));
#757 = DIRECTION('',(1.,0.,0.));
#758 = ADVANCED_FACE('',(#759),#777,.F.);
#759 = FACE_BOUND('',#760,.F.);
#760 = EDGE_LOOP('',(#761,#762,#763,#771));
#761 = ORIENTED_EDGE('',*,*,#473,.F.);
#762 = ORIENTED_EDGE('',*,*,#724,.T.);
#763 = ORIENTED_EDGE('',*,*,#764,.T.);
#764 = EDGE_CURVE('',#707,#765,#767,.T.);
#765 = VERTEX_POINT('',#766);
#766 = CARTESIAN_POINT('',(0.,2.27,1.09));
#767 = LINE('',#768,#769);
#768 = CARTESIAN_POINT('',(1.57,2.27,1.09));
#769 = VECTOR('',#770,1.);
#770 = DIRECTION('',(-1.,0.,0.));
#771 = ORIENTED_EDGE('',*,*,#772,.F.);
#772 = EDGE_CURVE('',#466,#765,#773,.T.);
#773 = LINE('',#774,#775);
#774 = CARTESIAN_POINT('',(0.,2.27,0.));
#775 = VECTOR('',#776,1.);
#776 = DIRECTION('',(0.,0.,1.));
#777 = PLANE('',#778);
#778 = AXIS2_PLACEMENT_3D('',#779,#780,#781);
#779 = CARTESIAN_POINT('',(3.14,2.27,0.));
#780 = DIRECTION('',(0.,-1.,0.));
#781 = DIRECTION('',(-1.,0.,0.));
#782 = ADVANCED_FACE('',(#783),#801,.T.);
#783 = FACE_BOUND('',#784,.F.);
#784 = EDGE_LOOP('',(#785,#786,#794,#800));
#785 = ORIENTED_EDGE('',*,*,#63,.F.);
#786 = ORIENTED_EDGE('',*,*,#787,.T.);
#787 = EDGE_CURVE('',#64,#788,#790,.T.);
#788 = VERTEX_POINT('',#789);
#789 = CARTESIAN_POINT('',(3.14,23.82,1.));
#790 = LINE('',#791,#792);
#791 = CARTESIAN_POINT('',(3.14,23.82,0.));
#792 = VECTOR('',#793,1.);
#793 = DIRECTION('',(0.,0.,1.));
#794 = ORIENTED_EDGE('',*,*,#795,.T.);
#795 = EDGE_CURVE('',#788,#741,#796,.T.);
#796 = LINE('',#797,#798);
#797 = CARTESIAN_POINT('',(27.298088867849,47.978088867849,1.));
#798 = VECTOR('',#799,1.);
#799 = DIRECTION('',(-0.707106781187,-0.707106781187,0.));
#800 = ORIENTED_EDGE('',*,*,#748,.F.);
#801 = PLANE('',#802);
#802 = AXIS2_PLACEMENT_3D('',#803,#804,#805);
#803 = CARTESIAN_POINT('',(2.64,23.32,0.));
#804 = DIRECTION('',(-0.707106781187,0.707106781187,0.));
#805 = DIRECTION('',(-0.,-0.,-1.));
#806 = ADVANCED_FACE('',(#807),#857,.F.);
#807 = FACE_BOUND('',#808,.F.);
#808 = EDGE_LOOP('',(#809,#819,#827,#833,#834,#835,#843,#851));
#809 = ORIENTED_EDGE('',*,*,#810,.T.);
#810 = EDGE_CURVE('',#811,#813,#815,.T.);
#811 = VERTEX_POINT('',#812);
#812 = CARTESIAN_POINT('',(-5.510910596163E-16,0.5,4.8));
#813 = VERTEX_POINT('',#814);
#814 = CARTESIAN_POINT('',(1.112675413127E-13,0.,4.3));
#815 = LINE('',#816,#817);
#816 = CARTESIAN_POINT('',(0.,3.5,7.8));
#817 = VECTOR('',#818,1.);
#818 = DIRECTION('',(0.,-0.707106781187,-0.707106781187));
#819 = ORIENTED_EDGE('',*,*,#820,.F.);
#820 = EDGE_CURVE('',#821,#813,#823,.T.);
#821 = VERTEX_POINT('',#822);
#822 = CARTESIAN_POINT('',(0.,0.,2.17));
#823 = LINE('',#824,#825);
#824 = CARTESIAN_POINT('',(0.,0.,0.));
#825 = VECTOR('',#826,1.);
#826 = DIRECTION('',(0.,0.,1.));
#827 = ORIENTED_EDGE('',*,*,#828,.F.);
#828 = EDGE_CURVE('',#458,#821,#829,.T.);
#829 = LINE('',#830,#831);
#830 = CARTESIAN_POINT('',(0.,38.985,-36.815));
#831 = VECTOR('',#832,1.);
#832 = DIRECTION('',(0.,-0.707106781187,0.707106781187));
#833 = ORIENTED_EDGE('',*,*,#465,.F.);
#834 = ORIENTED_EDGE('',*,*,#772,.T.);
#835 = ORIENTED_EDGE('',*,*,#836,.T.);
#836 = EDGE_CURVE('',#765,#837,#839,.T.);
#837 = VERTEX_POINT('',#838);
#838 = CARTESIAN_POINT('',(0.,0.8,2.56));
#839 = LINE('',#840,#841);
#840 = CARTESIAN_POINT('',(0.,39.53,-36.17));
#841 = VECTOR('',#842,1.);
#842 = DIRECTION('',(0.,-0.707106781187,0.707106781187));
#843 = ORIENTED_EDGE('',*,*,#844,.F.);
#844 = EDGE_CURVE('',#845,#837,#847,.T.);
#845 = VERTEX_POINT('',#846);
#846 = CARTESIAN_POINT('',(0.,0.8,4.8));
#847 = LINE('',#848,#849);
#848 = CARTESIAN_POINT('',(0.,0.8,7.8));
#849 = VECTOR('',#850,1.);
#850 = DIRECTION('',(-0.,-0.,-1.));
#851 = ORIENTED_EDGE('',*,*,#852,.T.);
#852 = EDGE_CURVE('',#845,#811,#853,.T.);
#853 = LINE('',#854,#855);
#854 = CARTESIAN_POINT('',(0.,1.06581410364E-15,4.8));
#855 = VECTOR('',#856,1.);
#856 = DIRECTION('',(0.,-1.,2.22044604925E-16));
#857 = PLANE('',#858);
#858 = AXIS2_PLACEMENT_3D('',#859,#860,#861);
#859 = CARTESIAN_POINT('',(0.,151.6,0.));
#860 = DIRECTION('',(1.,0.,0.));
#861 = DIRECTION('',(0.,-1.,0.));
#862 = ADVANCED_FACE('',(#863),#881,.F.);
#863 = FACE_BOUND('',#864,.F.);
#864 = EDGE_LOOP('',(#865,#866,#874,#880));
#865 = ORIENTED_EDGE('',*,*,#71,.F.);
#866 = ORIENTED_EDGE('',*,*,#867,.T.);
#867 = EDGE_CURVE('',#72,#868,#870,.T.);
#868 = VERTEX_POINT('',#869);
#869 = CARTESIAN_POINT('',(3.14,32.72,1.));
#870 = LINE('',#871,#872);
#871 = CARTESIAN_POINT('',(3.14,32.72,0.));
#872 = VECTOR('',#873,1.);
#873 = DIRECTION('',(0.,0.,1.));
#874 = ORIENTED_EDGE('',*,*,#875,.F.);
#875 = EDGE_CURVE('',#788,#868,#876,.T.);
#876 = LINE('',#877,#878);
#877 = CARTESIAN_POINT('',(3.14,112.5649999162,1.));
#878 = VECTOR('',#879,1.);
#879 = DIRECTION('',(0.,1.,0.));
#880 = ORIENTED_EDGE('',*,*,#787,.F.);
#881 = PLANE('',#882);
#882 = AXIS2_PLACEMENT_3D('',#883,#884,#885);
#883 = CARTESIAN_POINT('',(3.14,149.33,0.));
#884 = DIRECTION('',(1.,0.,0.));
#885 = DIRECTION('',(0.,-1.,0.));
#886 = ADVANCED_FACE('',(#887),#905,.T.);
#887 = FACE_BOUND('',#888,.T.);
#888 = EDGE_LOOP('',(#889,#890,#891,#899));
#889 = ORIENTED_EDGE('',*,*,#828,.F.);
#890 = ORIENTED_EDGE('',*,*,#457,.T.);
#891 = ORIENTED_EDGE('',*,*,#892,.T.);
#892 = EDGE_CURVE('',#449,#893,#895,.T.);
#893 = VERTEX_POINT('',#894);
#894 = CARTESIAN_POINT('',(102.48,0.,2.17));
#895 = LINE('',#896,#897);
#896 = CARTESIAN_POINT('',(102.48,1.085,1.085));
#897 = VECTOR('',#898,1.);
#898 = DIRECTION('',(0.,-0.707106781187,0.707106781187));
#899 = ORIENTED_EDGE('',*,*,#900,.F.);
#900 = EDGE_CURVE('',#821,#893,#901,.T.);
#901 = LINE('',#902,#903);
#902 = CARTESIAN_POINT('',(0.,0.,2.17));
#903 = VECTOR('',#904,1.);
#904 = DIRECTION('',(1.,0.,0.));
#905 = PLANE('',#906);
#906 = AXIS2_PLACEMENT_3D('',#907,#908,#909);
#907 = CARTESIAN_POINT('',(0.,1.085,1.085));
#908 = DIRECTION('',(0.,-0.707106781187,-0.707106781187));
#909 = DIRECTION('',(1.,0.,0.));
#910 = ADVANCED_FACE('',(#911),#929,.T.);
#911 = FACE_BOUND('',#912,.T.);
#912 = EDGE_LOOP('',(#913,#914,#915,#923));
#913 = ORIENTED_EDGE('',*,*,#79,.F.);
#914 = ORIENTED_EDGE('',*,*,#867,.T.);
#915 = ORIENTED_EDGE('',*,*,#916,.T.);
#916 = EDGE_CURVE('',#868,#917,#919,.T.);
#917 = VERTEX_POINT('',#918);
#918 = CARTESIAN_POINT('',(2.14,33.72,1.));
#919 = LINE('',#920,#921);
#920 = CARTESIAN_POINT('',(3.533089188539,32.326910811461,1.));
#921 = VECTOR('',#922,1.);
#922 = DIRECTION('',(-0.707106781187,0.707106781187,0.));
#923 = ORIENTED_EDGE('',*,*,#924,.F.);
#924 = EDGE_CURVE('',#80,#917,#925,.T.);
#925 = LINE('',#926,#927);
#926 = CARTESIAN_POINT('',(2.14,33.72,0.));
#927 = VECTOR('',#928,1.);
#928 = DIRECTION('',(0.,0.,1.));
#929 = PLANE('',#930);
#930 = AXIS2_PLACEMENT_3D('',#931,#932,#933);
#931 = CARTESIAN_POINT('',(2.64,33.22,0.));
#932 = DIRECTION('',(-0.707106781187,-0.707106781187,0.));
#933 = DIRECTION('',(0.,0.,1.));
#934 = ADVANCED_FACE('',(#935),#954,.T.);
#935 = FACE_BOUND('',#936,.T.);
#936 = EDGE_LOOP('',(#937,#938,#939,#947));
#937 = ORIENTED_EDGE('',*,*,#892,.F.);
#938 = ORIENTED_EDGE('',*,*,#448,.T.);
#939 = ORIENTED_EDGE('',*,*,#940,.T.);
#940 = EDGE_CURVE('',#441,#941,#943,.T.);
#941 = VERTEX_POINT('',#942);
#942 = CARTESIAN_POINT('',(114.28,11.8,2.17));
#943 = LINE('',#944,#945);
#944 = CARTESIAN_POINT('',(114.28,11.8,2.17));
#945 = VECTOR('',#946,1.);
#946 = DIRECTION('',(0.707106781187,-4.329780281177E-17,0.707106781187)
  );
#947 = ORIENTED_EDGE('',*,*,#948,.F.);
#948 = EDGE_CURVE('',#893,#941,#949,.T.);
#949 = CIRCLE('',#950,11.8);
#950 = AXIS2_PLACEMENT_3D('',#951,#952,#953);
#951 = CARTESIAN_POINT('',(102.48,11.8,2.17));
#952 = DIRECTION('',(-0.,0.,1.));
#953 = DIRECTION('',(0.,-1.,0.));
#954 = CONICAL_SURFACE('',#955,11.8,0.785398163397);
#955 = AXIS2_PLACEMENT_3D('',#956,#957,#958);
#956 = CARTESIAN_POINT('',(102.48,11.8,2.17));
#957 = DIRECTION('',(0.,0.,1.));
#958 = DIRECTION('',(0.,-1.,0.));
#959 = ADVANCED_FACE('',(#960),#978,.T.);
#960 = FACE_BOUND('',#961,.T.);
#961 = EDGE_LOOP('',(#962,#963,#964,#972));
#962 = ORIENTED_EDGE('',*,*,#87,.F.);
#963 = ORIENTED_EDGE('',*,*,#924,.T.);
#964 = ORIENTED_EDGE('',*,*,#965,.T.);
#965 = EDGE_CURVE('',#917,#966,#968,.T.);
#966 = VERTEX_POINT('',#967);
#967 = CARTESIAN_POINT('',(-1.66,33.72,1.));
#968 = LINE('',#969,#970);
#969 = CARTESIAN_POINT('',(3.14,33.72,1.));
#970 = VECTOR('',#971,1.);
#971 = DIRECTION('',(-1.,0.,0.));
#972 = ORIENTED_EDGE('',*,*,#973,.F.);
#973 = EDGE_CURVE('',#88,#966,#974,.T.);
#974 = LINE('',#975,#976);
#975 = CARTESIAN_POINT('',(-1.66,33.72,0.));
#976 = VECTOR('',#977,1.);
#977 = DIRECTION('',(0.,0.,1.));
#978 = PLANE('',#979);
#979 = AXIS2_PLACEMENT_3D('',#980,#981,#982);
#980 = CARTESIAN_POINT('',(3.14,33.72,0.));
#981 = DIRECTION('',(-0.,-1.,-0.));
#982 = DIRECTION('',(-1.,0.,0.));
#983 = ADVANCED_FACE('',(#984),#1002,.T.);
#984 = FACE_BOUND('',#985,.T.);
#985 = EDGE_LOOP('',(#986,#987,#988,#996));
#986 = ORIENTED_EDGE('',*,*,#940,.F.);
#987 = ORIENTED_EDGE('',*,*,#440,.T.);
#988 = ORIENTED_EDGE('',*,*,#989,.T.);
#989 = EDGE_CURVE('',#432,#990,#992,.T.);
#990 = VERTEX_POINT('',#991);
#991 = CARTESIAN_POINT('',(114.28,139.8,2.17));
#992 = LINE('',#993,#994);
#993 = CARTESIAN_POINT('',(113.195,139.8,1.085));
#994 = VECTOR('',#995,1.);
#995 = DIRECTION('',(0.707106781187,0.,0.707106781187));
#996 = ORIENTED_EDGE('',*,*,#997,.F.);
#997 = EDGE_CURVE('',#941,#990,#998,.T.);
#998 = LINE('',#999,#1000);
#999 = CARTESIAN_POINT('',(114.28,11.8,2.17));
#1000 = VECTOR('',#1001,1.);
#1001 = DIRECTION('',(0.,1.,0.));
#1002 = PLANE('',#1003);
#1003 = AXIS2_PLACEMENT_3D('',#1004,#1005,#1006);
#1004 = CARTESIAN_POINT('',(113.195,11.8,1.085));
#1005 = DIRECTION('',(0.707106781187,0.,-0.707106781187));
#1006 = DIRECTION('',(0.,1.,0.));
#1007 = ADVANCED_FACE('',(#1008),#1026,.T.);
#1008 = FACE_BOUND('',#1009,.T.);
#1009 = EDGE_LOOP('',(#1010,#1011,#1012,#1020));
#1010 = ORIENTED_EDGE('',*,*,#95,.F.);
#1011 = ORIENTED_EDGE('',*,*,#973,.T.);
#1012 = ORIENTED_EDGE('',*,*,#1013,.T.);
#1013 = EDGE_CURVE('',#966,#1014,#1016,.T.);
#1014 = VERTEX_POINT('',#1015);
#1015 = CARTESIAN_POINT('',(-2.86,34.92,1.));
#1016 = LINE('',#1017,#1018);
#1017 = CARTESIAN_POINT('',(0.133089188539,31.926910811461,1.));
#1018 = VECTOR('',#1019,1.);
#1019 = DIRECTION('',(-0.707106781187,0.707106781187,0.));
#1020 = ORIENTED_EDGE('',*,*,#1021,.F.);
#1021 = EDGE_CURVE('',#96,#1014,#1022,.T.);
#1022 = LINE('',#1023,#1024);
#1023 = CARTESIAN_POINT('',(-2.86,34.92,0.));
#1024 = VECTOR('',#1025,1.);
#1025 = DIRECTION('',(0.,0.,1.));
#1026 = PLANE('',#1027);
#1027 = AXIS2_PLACEMENT_3D('',#1028,#1029,#1030);
#1028 = CARTESIAN_POINT('',(-2.26,34.32,0.));
#1029 = DIRECTION('',(-0.707106781187,-0.707106781187,0.));
#1030 = DIRECTION('',(0.,0.,1.));
#1031 = ADVANCED_FACE('',(#1032),#1051,.T.);
#1032 = FACE_BOUND('',#1033,.T.);
#1033 = EDGE_LOOP('',(#1034,#1035,#1036,#1044));
#1034 = ORIENTED_EDGE('',*,*,#989,.F.);
#1035 = ORIENTED_EDGE('',*,*,#431,.T.);
#1036 = ORIENTED_EDGE('',*,*,#1037,.T.);
#1037 = EDGE_CURVE('',#424,#1038,#1040,.T.);
#1038 = VERTEX_POINT('',#1039);
#1039 = CARTESIAN_POINT('',(102.48,151.6,2.17));
#1040 = LINE('',#1041,#1042);
#1041 = CARTESIAN_POINT('',(102.48,151.6,2.17));
#1042 = VECTOR('',#1043,1.);
#1043 = DIRECTION('',(4.329780281177E-17,0.707106781187,0.707106781187)
  );
#1044 = ORIENTED_EDGE('',*,*,#1045,.F.);
#1045 = EDGE_CURVE('',#990,#1038,#1046,.T.);
#1046 = CIRCLE('',#1047,11.8);
#1047 = AXIS2_PLACEMENT_3D('',#1048,#1049,#1050);
#1048 = CARTESIAN_POINT('',(102.48,139.8,2.17));
#1049 = DIRECTION('',(0.,0.,1.));
#1050 = DIRECTION('',(1.,0.,0.));
#1051 = CONICAL_SURFACE('',#1052,11.8,0.785398163397);
#1052 = AXIS2_PLACEMENT_3D('',#1053,#1054,#1055);
#1053 = CARTESIAN_POINT('',(102.48,139.8,2.17));
#1054 = DIRECTION('',(0.,0.,1.));
#1055 = DIRECTION('',(1.,0.,0.));
#1056 = ADVANCED_FACE('',(#1057),#1075,.T.);
#1057 = FACE_BOUND('',#1058,.T.);
#1058 = EDGE_LOOP('',(#1059,#1060,#1061,#1069));
#1059 = ORIENTED_EDGE('',*,*,#103,.F.);
#1060 = ORIENTED_EDGE('',*,*,#1021,.T.);
#1061 = ORIENTED_EDGE('',*,*,#1062,.T.);
#1062 = EDGE_CURVE('',#1014,#1063,#1065,.T.);
#1063 = VERTEX_POINT('',#1064);
#1064 = CARTESIAN_POINT('',(-2.86,43.62,1.));
#1065 = LINE('',#1066,#1067);
#1066 = CARTESIAN_POINT('',(-2.86,33.72,1.));
#1067 = VECTOR('',#1068,1.);
#1068 = DIRECTION('',(0.,1.,0.));
#1069 = ORIENTED_EDGE('',*,*,#1070,.F.);
#1070 = EDGE_CURVE('',#104,#1063,#1071,.T.);
#1071 = LINE('',#1072,#1073);
#1072 = CARTESIAN_POINT('',(-2.86,43.62,0.));
#1073 = VECTOR('',#1074,1.);
#1074 = DIRECTION('',(0.,0.,1.));
#1075 = PLANE('',#1076);
#1076 = AXIS2_PLACEMENT_3D('',#1077,#1078,#1079);
#1077 = CARTESIAN_POINT('',(-2.86,33.72,0.));
#1078 = DIRECTION('',(-1.,0.,0.));
#1079 = DIRECTION('',(0.,1.,0.));
#1080 = ADVANCED_FACE('',(#1081),#1099,.T.);
#1081 = FACE_BOUND('',#1082,.T.);
#1082 = EDGE_LOOP('',(#1083,#1084,#1085,#1093));
#1083 = ORIENTED_EDGE('',*,*,#1037,.F.);
#1084 = ORIENTED_EDGE('',*,*,#423,.T.);
#1085 = ORIENTED_EDGE('',*,*,#1086,.T.);
#1086 = EDGE_CURVE('',#416,#1087,#1089,.T.);
#1087 = VERTEX_POINT('',#1088);
#1088 = CARTESIAN_POINT('',(0.,151.6,2.17));
#1089 = LINE('',#1090,#1091);
#1090 = CARTESIAN_POINT('',(0.,150.515,1.085));
#1091 = VECTOR('',#1092,1.);
#1092 = DIRECTION('',(0.,0.707106781187,0.707106781187));
#1093 = ORIENTED_EDGE('',*,*,#1094,.F.);
#1094 = EDGE_CURVE('',#1038,#1087,#1095,.T.);
#1095 = LINE('',#1096,#1097);
#1096 = CARTESIAN_POINT('',(102.48,151.6,2.17));
#1097 = VECTOR('',#1098,1.);
#1098 = DIRECTION('',(-1.,0.,0.));
#1099 = PLANE('',#1100);
#1100 = AXIS2_PLACEMENT_3D('',#1101,#1102,#1103);
#1101 = CARTESIAN_POINT('',(102.48,150.515,1.085));
#1102 = DIRECTION('',(0.,0.707106781187,-0.707106781187));
#1103 = DIRECTION('',(-1.,0.,0.));
#1104 = ADVANCED_FACE('',(#1105),#1123,.T.);
#1105 = FACE_BOUND('',#1106,.T.);
#1106 = EDGE_LOOP('',(#1107,#1108,#1109,#1117));
#1107 = ORIENTED_EDGE('',*,*,#111,.F.);
#1108 = ORIENTED_EDGE('',*,*,#1070,.T.);
#1109 = ORIENTED_EDGE('',*,*,#1110,.T.);
#1110 = EDGE_CURVE('',#1063,#1111,#1113,.T.);
#1111 = VERTEX_POINT('',#1112);
#1112 = CARTESIAN_POINT('',(-1.66,44.82,1.));
#1113 = LINE('',#1114,#1115);
#1114 = CARTESIAN_POINT('',(18.398088867849,64.878088867849,1.));
#1115 = VECTOR('',#1116,1.);
#1116 = DIRECTION('',(0.707106781187,0.707106781187,0.));
#1117 = ORIENTED_EDGE('',*,*,#1118,.F.);
#1118 = EDGE_CURVE('',#112,#1111,#1119,.T.);
#1119 = LINE('',#1120,#1121);
#1120 = CARTESIAN_POINT('',(-1.66,44.82,0.));
#1121 = VECTOR('',#1122,1.);
#1122 = DIRECTION('',(0.,0.,1.));
#1123 = PLANE('',#1124);
#1124 = AXIS2_PLACEMENT_3D('',#1125,#1126,#1127);
#1125 = CARTESIAN_POINT('',(-2.26,44.22,0.));
#1126 = DIRECTION('',(-0.707106781187,0.707106781187,0.));
#1127 = DIRECTION('',(0.,0.,1.));
#1128 = ADVANCED_FACE('',(#1129),#1179,.F.);
#1129 = FACE_BOUND('',#1130,.F.);
#1130 = EDGE_LOOP('',(#1131,#1139,#1140,#1141,#1149,#1157,#1165,#1173));
#1131 = ORIENTED_EDGE('',*,*,#1132,.F.);
#1132 = EDGE_CURVE('',#408,#1133,#1135,.T.);
#1133 = VERTEX_POINT('',#1134);
#1134 = CARTESIAN_POINT('',(0.,149.33,1.09));
#1135 = LINE('',#1136,#1137);
#1136 = CARTESIAN_POINT('',(0.,149.33,0.));
#1137 = VECTOR('',#1138,1.);
#1138 = DIRECTION('',(0.,0.,1.));
#1139 = ORIENTED_EDGE('',*,*,#415,.F.);
#1140 = ORIENTED_EDGE('',*,*,#1086,.T.);
#1141 = ORIENTED_EDGE('',*,*,#1142,.T.);
#1142 = EDGE_CURVE('',#1087,#1143,#1145,.T.);
#1143 = VERTEX_POINT('',#1144);
#1144 = CARTESIAN_POINT('',(-6.429395695524E-16,151.6,4.3));
#1145 = LINE('',#1146,#1147);
#1146 = CARTESIAN_POINT('',(0.,151.6,0.));
#1147 = VECTOR('',#1148,1.);
#1148 = DIRECTION('',(0.,0.,1.));
#1149 = ORIENTED_EDGE('',*,*,#1150,.F.);
#1150 = EDGE_CURVE('',#1151,#1143,#1153,.T.);
#1151 = VERTEX_POINT('',#1152);
#1152 = CARTESIAN_POINT('',(-5.510910596163E-16,151.1,4.8));
#1153 = LINE('',#1154,#1155);
#1154 = CARTESIAN_POINT('',(0.,148.1,7.8));
#1155 = VECTOR('',#1156,1.);
#1156 = DIRECTION('',(0.,0.707106781187,-0.707106781187));
#1157 = ORIENTED_EDGE('',*,*,#1158,.T.);
#1158 = EDGE_CURVE('',#1151,#1159,#1161,.T.);
#1159 = VERTEX_POINT('',#1160);
#1160 = CARTESIAN_POINT('',(0.,150.8,4.8));
#1161 = LINE('',#1162,#1163);
#1162 = CARTESIAN_POINT('',(0.,1.06581410364E-15,4.8));
#1163 = VECTOR('',#1164,1.);
#1164 = DIRECTION('',(0.,-1.,2.22044604925E-16));
#1165 = ORIENTED_EDGE('',*,*,#1166,.T.);
#1166 = EDGE_CURVE('',#1159,#1167,#1169,.T.);
#1167 = VERTEX_POINT('',#1168);
#1168 = CARTESIAN_POINT('',(0.,150.8,2.56));
#1169 = LINE('',#1170,#1171);
#1170 = CARTESIAN_POINT('',(0.,150.8,7.8));
#1171 = VECTOR('',#1172,1.);
#1172 = DIRECTION('',(-0.,-0.,-1.));
#1173 = ORIENTED_EDGE('',*,*,#1174,.F.);
#1174 = EDGE_CURVE('',#1133,#1167,#1175,.T.);
#1175 = LINE('',#1176,#1177);
#1176 = CARTESIAN_POINT('',(0.,149.97,1.73));
#1177 = VECTOR('',#1178,1.);
#1178 = DIRECTION('',(0.,0.707106781187,0.707106781187));
#1179 = PLANE('',#1180);
#1180 = AXIS2_PLACEMENT_3D('',#1181,#1182,#1183);
#1181 = CARTESIAN_POINT('',(0.,151.6,0.));
#1182 = DIRECTION('',(1.,0.,0.));
#1183 = DIRECTION('',(0.,-1.,0.));
#1184 = ADVANCED_FACE('',(#1185),#1203,.T.);
#1185 = FACE_BOUND('',#1186,.T.);
#1186 = EDGE_LOOP('',(#1187,#1188,#1189,#1197));
#1187 = ORIENTED_EDGE('',*,*,#119,.F.);
#1188 = ORIENTED_EDGE('',*,*,#1118,.T.);
#1189 = ORIENTED_EDGE('',*,*,#1190,.T.);
#1190 = EDGE_CURVE('',#1111,#1191,#1193,.T.);
#1191 = VERTEX_POINT('',#1192);
#1192 = CARTESIAN_POINT('',(2.14,44.82,1.));
#1193 = LINE('',#1194,#1195);
#1194 = CARTESIAN_POINT('',(-2.86,44.82,1.));
#1195 = VECTOR('',#1196,1.);
#1196 = DIRECTION('',(1.,0.,0.));
#1197 = ORIENTED_EDGE('',*,*,#1198,.F.);
#1198 = EDGE_CURVE('',#120,#1191,#1199,.T.);
#1199 = LINE('',#1200,#1201);
#1200 = CARTESIAN_POINT('',(2.14,44.82,0.));
#1201 = VECTOR('',#1202,1.);
#1202 = DIRECTION('',(0.,0.,1.));
#1203 = PLANE('',#1204);
#1204 = AXIS2_PLACEMENT_3D('',#1205,#1206,#1207);
#1205 = CARTESIAN_POINT('',(-2.86,44.82,0.));
#1206 = DIRECTION('',(0.,1.,0.));
#1207 = DIRECTION('',(1.,0.,0.));
#1208 = ADVANCED_FACE('',(#1209),#1227,.F.);
#1209 = FACE_BOUND('',#1210,.F.);
#1210 = EDGE_LOOP('',(#1211,#1212,#1213,#1221));
#1211 = ORIENTED_EDGE('',*,*,#407,.F.);
#1212 = ORIENTED_EDGE('',*,*,#1132,.T.);
#1213 = ORIENTED_EDGE('',*,*,#1214,.T.);
#1214 = EDGE_CURVE('',#1133,#1215,#1217,.T.);
#1215 = VERTEX_POINT('',#1216);
#1216 = CARTESIAN_POINT('',(2.14,149.33,1.09));
#1217 = LINE('',#1218,#1219);
#1218 = CARTESIAN_POINT('',(51.24,149.33,1.09));
#1219 = VECTOR('',#1220,1.);
#1220 = DIRECTION('',(1.,0.,0.));
#1221 = ORIENTED_EDGE('',*,*,#1222,.F.);
#1222 = EDGE_CURVE('',#400,#1215,#1223,.T.);
#1223 = LINE('',#1224,#1225);
#1224 = CARTESIAN_POINT('',(2.14,149.33,0.));
#1225 = VECTOR('',#1226,1.);
#1226 = DIRECTION('',(0.,0.,1.));
#1227 = PLANE('',#1228);
#1228 = AXIS2_PLACEMENT_3D('',#1229,#1230,#1231);
#1229 = CARTESIAN_POINT('',(0.,149.33,0.));
#1230 = DIRECTION('',(0.,1.,0.));
#1231 = DIRECTION('',(1.,0.,0.));
#1232 = ADVANCED_FACE('',(#1233),#1251,.T.);
#1233 = FACE_BOUND('',#1234,.T.);
#1234 = EDGE_LOOP('',(#1235,#1236,#1237,#1245));
#1235 = ORIENTED_EDGE('',*,*,#127,.F.);
#1236 = ORIENTED_EDGE('',*,*,#1198,.T.);
#1237 = ORIENTED_EDGE('',*,*,#1238,.T.);
#1238 = EDGE_CURVE('',#1191,#1239,#1241,.T.);
#1239 = VERTEX_POINT('',#1240);
#1240 = CARTESIAN_POINT('',(3.14,45.82,1.));
#1241 = LINE('',#1242,#1243);
#1242 = CARTESIAN_POINT('',(21.798088867849,64.478088867849,1.));
#1243 = VECTOR('',#1244,1.);
#1244 = DIRECTION('',(0.707106781187,0.707106781187,0.));
#1245 = ORIENTED_EDGE('',*,*,#1246,.F.);
#1246 = EDGE_CURVE('',#128,#1239,#1247,.T.);
#1247 = LINE('',#1248,#1249);
#1248 = CARTESIAN_POINT('',(3.14,45.82,0.));
#1249 = VECTOR('',#1250,1.);
#1250 = DIRECTION('',(0.,0.,1.));
#1251 = PLANE('',#1252);
#1252 = AXIS2_PLACEMENT_3D('',#1253,#1254,#1255);
#1253 = CARTESIAN_POINT('',(2.64,45.32,0.));
#1254 = DIRECTION('',(-0.707106781187,0.707106781187,0.));
#1255 = DIRECTION('',(0.,0.,1.));
#1256 = ADVANCED_FACE('',(#1257),#1283,.F.);
#1257 = FACE_BOUND('',#1258,.T.);
#1258 = EDGE_LOOP('',(#1259,#1269,#1275,#1276,#1277));
#1259 = ORIENTED_EDGE('',*,*,#1260,.T.);
#1260 = EDGE_CURVE('',#1261,#1263,#1265,.T.);
#1261 = VERTEX_POINT('',#1262);
#1262 = CARTESIAN_POINT('',(3.14,148.33,1.));
#1263 = VERTEX_POINT('',#1264);
#1264 = CARTESIAN_POINT('',(2.23,149.24,1.));
#1265 = LINE('',#1266,#1267);
#1266 = CARTESIAN_POINT('',(32.435589188539,119.03441081146,1.));
#1267 = VECTOR('',#1268,1.);
#1268 = DIRECTION('',(-0.707106781187,0.707106781187,0.));
#1269 = ORIENTED_EDGE('',*,*,#1270,.T.);
#1270 = EDGE_CURVE('',#1263,#1215,#1271,.T.);
#1271 = LINE('',#1272,#1273);
#1272 = CARTESIAN_POINT('',(18.981666666667,132.48833333333,
    -15.75166666666));
#1273 = VECTOR('',#1274,1.);
#1274 = DIRECTION('',(-0.57735026919,0.57735026919,0.57735026919));
#1275 = ORIENTED_EDGE('',*,*,#1222,.F.);
#1276 = ORIENTED_EDGE('',*,*,#399,.F.);
#1277 = ORIENTED_EDGE('',*,*,#1278,.T.);
#1278 = EDGE_CURVE('',#392,#1261,#1279,.T.);
#1279 = LINE('',#1280,#1281);
#1280 = CARTESIAN_POINT('',(3.14,148.33,0.));
#1281 = VECTOR('',#1282,1.);
#1282 = DIRECTION('',(0.,0.,1.));
#1283 = PLANE('',#1284);
#1284 = AXIS2_PLACEMENT_3D('',#1285,#1286,#1287);
#1285 = CARTESIAN_POINT('',(2.64,148.83,0.));
#1286 = DIRECTION('',(0.707106781187,0.707106781187,0.));
#1287 = DIRECTION('',(-0.,-0.,-1.));
#1288 = ADVANCED_FACE('',(#1289),#1307,.F.);
#1289 = FACE_BOUND('',#1290,.F.);
#1290 = EDGE_LOOP('',(#1291,#1292,#1300,#1306));
#1291 = ORIENTED_EDGE('',*,*,#135,.F.);
#1292 = ORIENTED_EDGE('',*,*,#1293,.T.);
#1293 = EDGE_CURVE('',#136,#1294,#1296,.T.);
#1294 = VERTEX_POINT('',#1295);
#1295 = CARTESIAN_POINT('',(3.14,56.12,1.));
#1296 = LINE('',#1297,#1298);
#1297 = CARTESIAN_POINT('',(3.14,56.12,0.));
#1298 = VECTOR('',#1299,1.);
#1299 = DIRECTION('',(0.,0.,1.));
#1300 = ORIENTED_EDGE('',*,*,#1301,.F.);
#1301 = EDGE_CURVE('',#1239,#1294,#1302,.T.);
#1302 = LINE('',#1303,#1304);
#1303 = CARTESIAN_POINT('',(3.14,112.5649999162,1.));
#1304 = VECTOR('',#1305,1.);
#1305 = DIRECTION('',(0.,1.,0.));
#1306 = ORIENTED_EDGE('',*,*,#1246,.F.);
#1307 = PLANE('',#1308);
#1308 = AXIS2_PLACEMENT_3D('',#1309,#1310,#1311);
#1309 = CARTESIAN_POINT('',(3.14,149.33,0.));
#1310 = DIRECTION('',(1.,0.,0.));
#1311 = DIRECTION('',(0.,-1.,0.));
#1312 = ADVANCED_FACE('',(#1313),#1331,.F.);
#1313 = FACE_BOUND('',#1314,.F.);
#1314 = EDGE_LOOP('',(#1315,#1316,#1317,#1325));
#1315 = ORIENTED_EDGE('',*,*,#391,.F.);
#1316 = ORIENTED_EDGE('',*,*,#1278,.T.);
#1317 = ORIENTED_EDGE('',*,*,#1318,.F.);
#1318 = EDGE_CURVE('',#1319,#1261,#1321,.T.);
#1319 = VERTEX_POINT('',#1320);
#1320 = CARTESIAN_POINT('',(3.14,140.88,1.));
#1321 = LINE('',#1322,#1323);
#1322 = CARTESIAN_POINT('',(3.14,112.5649999162,1.));
#1323 = VECTOR('',#1324,1.);
#1324 = DIRECTION('',(0.,1.,0.));
#1325 = ORIENTED_EDGE('',*,*,#1326,.F.);
#1326 = EDGE_CURVE('',#384,#1319,#1327,.T.);
#1327 = LINE('',#1328,#1329);
#1328 = CARTESIAN_POINT('',(3.14,140.88,-2.890132577704E-14));
#1329 = VECTOR('',#1330,1.);
#1330 = DIRECTION('',(0.,4.440892098501E-16,1.));
#1331 = PLANE('',#1332);
#1332 = AXIS2_PLACEMENT_3D('',#1333,#1334,#1335);
#1333 = CARTESIAN_POINT('',(3.14,149.33,0.));
#1334 = DIRECTION('',(1.,0.,0.));
#1335 = DIRECTION('',(0.,-1.,0.));
#1336 = ADVANCED_FACE('',(#1337),#1355,.T.);
#1337 = FACE_BOUND('',#1338,.T.);
#1338 = EDGE_LOOP('',(#1339,#1340,#1341,#1349));
#1339 = ORIENTED_EDGE('',*,*,#143,.F.);
#1340 = ORIENTED_EDGE('',*,*,#1293,.T.);
#1341 = ORIENTED_EDGE('',*,*,#1342,.T.);
#1342 = EDGE_CURVE('',#1294,#1343,#1345,.T.);
#1343 = VERTEX_POINT('',#1344);
#1344 = CARTESIAN_POINT('',(2.14,57.12,1.));
#1345 = LINE('',#1346,#1347);
#1346 = CARTESIAN_POINT('',(9.383089188539,49.876910811461,1.));
#1347 = VECTOR('',#1348,1.);
#1348 = DIRECTION('',(-0.707106781187,0.707106781187,0.));
#1349 = ORIENTED_EDGE('',*,*,#1350,.F.);
#1350 = EDGE_CURVE('',#144,#1343,#1351,.T.);
#1351 = LINE('',#1352,#1353);
#1352 = CARTESIAN_POINT('',(2.14,57.12,0.));
#1353 = VECTOR('',#1354,1.);
#1354 = DIRECTION('',(0.,0.,1.));
#1355 = PLANE('',#1356);
#1356 = AXIS2_PLACEMENT_3D('',#1357,#1358,#1359);
#1357 = CARTESIAN_POINT('',(2.64,56.62,0.));
#1358 = DIRECTION('',(-0.707106781187,-0.707106781187,0.));
#1359 = DIRECTION('',(0.,0.,1.));
#1360 = ADVANCED_FACE('',(#1361),#1379,.F.);
#1361 = FACE_BOUND('',#1362,.F.);
#1362 = EDGE_LOOP('',(#1363,#1364,#1365,#1373));
#1363 = ORIENTED_EDGE('',*,*,#383,.F.);
#1364 = ORIENTED_EDGE('',*,*,#1326,.T.);
#1365 = ORIENTED_EDGE('',*,*,#1366,.T.);
#1366 = EDGE_CURVE('',#1319,#1367,#1369,.T.);
#1367 = VERTEX_POINT('',#1368);
#1368 = CARTESIAN_POINT('',(2.14,139.88,1.));
#1369 = LINE('',#1370,#1371);
#1370 = CARTESIAN_POINT('',(-1.966911132151,135.77308886784,1.));
#1371 = VECTOR('',#1372,1.);
#1372 = DIRECTION('',(-0.707106781187,-0.707106781187,0.));
#1373 = ORIENTED_EDGE('',*,*,#1374,.F.);
#1374 = EDGE_CURVE('',#376,#1367,#1375,.T.);
#1375 = LINE('',#1376,#1377);
#1376 = CARTESIAN_POINT('',(2.14,139.88,-2.845723656719E-14));
#1377 = VECTOR('',#1378,1.);
#1378 = DIRECTION('',(0.,4.440892098501E-16,1.));
#1379 = PLANE('',#1380);
#1380 = AXIS2_PLACEMENT_3D('',#1381,#1382,#1383);
#1381 = CARTESIAN_POINT('',(2.64,140.38,-2.867928117212E-14));
#1382 = DIRECTION('',(0.707106781187,-0.707106781187,0.));
#1383 = DIRECTION('',(2.22044604925E-16,2.22044604925E-16,1.));
#1384 = ADVANCED_FACE('',(#1385),#1403,.T.);
#1385 = FACE_BOUND('',#1386,.T.);
#1386 = EDGE_LOOP('',(#1387,#1388,#1389,#1397));
#1387 = ORIENTED_EDGE('',*,*,#151,.F.);
#1388 = ORIENTED_EDGE('',*,*,#1350,.T.);
#1389 = ORIENTED_EDGE('',*,*,#1390,.T.);
#1390 = EDGE_CURVE('',#1343,#1391,#1393,.T.);
#1391 = VERTEX_POINT('',#1392);
#1392 = CARTESIAN_POINT('',(-1.66,57.12,1.));
#1393 = LINE('',#1394,#1395);
#1394 = CARTESIAN_POINT('',(3.14,57.12,1.));
#1395 = VECTOR('',#1396,1.);
#1396 = DIRECTION('',(-1.,0.,0.));
#1397 = ORIENTED_EDGE('',*,*,#1398,.F.);
#1398 = EDGE_CURVE('',#152,#1391,#1399,.T.);
#1399 = LINE('',#1400,#1401);
#1400 = CARTESIAN_POINT('',(-1.66,57.12,0.));
#1401 = VECTOR('',#1402,1.);
#1402 = DIRECTION('',(0.,0.,1.));
#1403 = PLANE('',#1404);
#1404 = AXIS2_PLACEMENT_3D('',#1405,#1406,#1407);
#1405 = CARTESIAN_POINT('',(3.14,57.12,0.));
#1406 = DIRECTION('',(-0.,-1.,-0.));
#1407 = DIRECTION('',(-1.,0.,0.));
#1408 = ADVANCED_FACE('',(#1409),#1427,.T.);
#1409 = FACE_BOUND('',#1410,.F.);
#1410 = EDGE_LOOP('',(#1411,#1412,#1413,#1421));
#1411 = ORIENTED_EDGE('',*,*,#375,.F.);
#1412 = ORIENTED_EDGE('',*,*,#1374,.T.);
#1413 = ORIENTED_EDGE('',*,*,#1414,.T.);
#1414 = EDGE_CURVE('',#1367,#1415,#1417,.T.);
#1415 = VERTEX_POINT('',#1416);
#1416 = CARTESIAN_POINT('',(-1.66,139.88,1.));
#1417 = LINE('',#1418,#1419);
#1418 = CARTESIAN_POINT('',(3.14,139.88,1.));
#1419 = VECTOR('',#1420,1.);
#1420 = DIRECTION('',(-1.,0.,0.));
#1421 = ORIENTED_EDGE('',*,*,#1422,.F.);
#1422 = EDGE_CURVE('',#368,#1415,#1423,.T.);
#1423 = LINE('',#1424,#1425);
#1424 = CARTESIAN_POINT('',(-1.66,139.88,-2.845723656719E-14));
#1425 = VECTOR('',#1426,1.);
#1426 = DIRECTION('',(0.,4.440892098501E-16,1.));
#1427 = PLANE('',#1428);
#1428 = AXIS2_PLACEMENT_3D('',#1429,#1430,#1431);
#1429 = CARTESIAN_POINT('',(3.14,139.88,-2.845723656719E-14));
#1430 = DIRECTION('',(0.,1.,-4.440892098501E-16));
#1431 = DIRECTION('',(1.,0.,0.));
#1432 = ADVANCED_FACE('',(#1433),#1451,.T.);
#1433 = FACE_BOUND('',#1434,.T.);
#1434 = EDGE_LOOP('',(#1435,#1436,#1437,#1445));
#1435 = ORIENTED_EDGE('',*,*,#159,.F.);
#1436 = ORIENTED_EDGE('',*,*,#1398,.T.);
#1437 = ORIENTED_EDGE('',*,*,#1438,.T.);
#1438 = EDGE_CURVE('',#1391,#1439,#1441,.T.);
#1439 = VERTEX_POINT('',#1440);
#1440 = CARTESIAN_POINT('',(-2.86,58.32,1.));
#1441 = LINE('',#1442,#1443);
#1442 = CARTESIAN_POINT('',(5.983089188539,49.476910811461,1.));
#1443 = VECTOR('',#1444,1.);
#1444 = DIRECTION('',(-0.707106781187,0.707106781187,0.));
#1445 = ORIENTED_EDGE('',*,*,#1446,.F.);
#1446 = EDGE_CURVE('',#160,#1439,#1447,.T.);
#1447 = LINE('',#1448,#1449);
#1448 = CARTESIAN_POINT('',(-2.86,58.32,0.));
#1449 = VECTOR('',#1450,1.);
#1450 = DIRECTION('',(0.,0.,1.));
#1451 = PLANE('',#1452);
#1452 = AXIS2_PLACEMENT_3D('',#1453,#1454,#1455);
#1453 = CARTESIAN_POINT('',(-2.26,57.72,0.));
#1454 = DIRECTION('',(-0.707106781187,-0.707106781187,0.));
#1455 = DIRECTION('',(0.,0.,1.));
#1456 = ADVANCED_FACE('',(#1457),#1475,.T.);
#1457 = FACE_BOUND('',#1458,.F.);
#1458 = EDGE_LOOP('',(#1459,#1460,#1461,#1469));
#1459 = ORIENTED_EDGE('',*,*,#367,.F.);
#1460 = ORIENTED_EDGE('',*,*,#1422,.T.);
#1461 = ORIENTED_EDGE('',*,*,#1462,.T.);
#1462 = EDGE_CURVE('',#1415,#1463,#1465,.T.);
#1463 = VERTEX_POINT('',#1464);
#1464 = CARTESIAN_POINT('',(-2.86,138.68,1.));
#1465 = LINE('',#1466,#1467);
#1466 = CARTESIAN_POINT('',(-5.366911132151,136.17308886784,1.));
#1467 = VECTOR('',#1468,1.);
#1468 = DIRECTION('',(-0.707106781187,-0.707106781187,0.));
#1469 = ORIENTED_EDGE('',*,*,#1470,.F.);
#1470 = EDGE_CURVE('',#360,#1463,#1471,.T.);
#1471 = LINE('',#1472,#1473);
#1472 = CARTESIAN_POINT('',(-2.86,138.68,-2.792432951537E-14));
#1473 = VECTOR('',#1474,1.);
#1474 = DIRECTION('',(0.,4.440892098501E-16,1.));
#1475 = PLANE('',#1476);
#1476 = AXIS2_PLACEMENT_3D('',#1477,#1478,#1479);
#1477 = CARTESIAN_POINT('',(-2.26,139.28,-2.819078304128E-14));
#1478 = DIRECTION('',(-0.707106781187,0.707106781187,0.));
#1479 = DIRECTION('',(-2.22044604925E-16,-2.22044604925E-16,-1.));
#1480 = ADVANCED_FACE('',(#1481),#1499,.T.);
#1481 = FACE_BOUND('',#1482,.T.);
#1482 = EDGE_LOOP('',(#1483,#1484,#1485,#1493));
#1483 = ORIENTED_EDGE('',*,*,#167,.F.);
#1484 = ORIENTED_EDGE('',*,*,#1446,.T.);
#1485 = ORIENTED_EDGE('',*,*,#1486,.T.);
#1486 = EDGE_CURVE('',#1439,#1487,#1489,.T.);
#1487 = VERTEX_POINT('',#1488);
#1488 = CARTESIAN_POINT('',(-2.86,68.42,1.));
#1489 = LINE('',#1490,#1491);
#1490 = CARTESIAN_POINT('',(-2.86,57.12,1.));
#1491 = VECTOR('',#1492,1.);
#1492 = DIRECTION('',(0.,1.,0.));
#1493 = ORIENTED_EDGE('',*,*,#1494,.F.);
#1494 = EDGE_CURVE('',#168,#1487,#1495,.T.);
#1495 = LINE('',#1496,#1497);
#1496 = CARTESIAN_POINT('',(-2.86,68.42,0.));
#1497 = VECTOR('',#1498,1.);
#1498 = DIRECTION('',(0.,0.,1.));
#1499 = PLANE('',#1500);
#1500 = AXIS2_PLACEMENT_3D('',#1501,#1502,#1503);
#1501 = CARTESIAN_POINT('',(-2.86,57.12,0.));
#1502 = DIRECTION('',(-1.,0.,0.));
#1503 = DIRECTION('',(0.,1.,0.));
#1504 = ADVANCED_FACE('',(#1505),#1523,.T.);
#1505 = FACE_BOUND('',#1506,.F.);
#1506 = EDGE_LOOP('',(#1507,#1508,#1509,#1517));
#1507 = ORIENTED_EDGE('',*,*,#359,.F.);
#1508 = ORIENTED_EDGE('',*,*,#1470,.T.);
#1509 = ORIENTED_EDGE('',*,*,#1510,.T.);
#1510 = EDGE_CURVE('',#1463,#1511,#1513,.T.);
#1511 = VERTEX_POINT('',#1512);
#1512 = CARTESIAN_POINT('',(-2.86,129.98,1.));
#1513 = LINE('',#1514,#1515);
#1514 = CARTESIAN_POINT('',(-2.86,139.88,1.));
#1515 = VECTOR('',#1516,1.);
#1516 = DIRECTION('',(0.,-1.,4.440892098501E-16));
#1517 = ORIENTED_EDGE('',*,*,#1518,.F.);
#1518 = EDGE_CURVE('',#352,#1511,#1519,.T.);
#1519 = LINE('',#1520,#1521);
#1520 = CARTESIAN_POINT('',(-2.86,129.98,-2.406075338968E-14));
#1521 = VECTOR('',#1522,1.);
#1522 = DIRECTION('',(0.,4.440892098501E-16,1.));
#1523 = PLANE('',#1524);
#1524 = AXIS2_PLACEMENT_3D('',#1525,#1526,#1527);
#1525 = CARTESIAN_POINT('',(-2.86,139.88,-2.845723656719E-14));
#1526 = DIRECTION('',(-1.,0.,0.));
#1527 = DIRECTION('',(0.,1.,-4.440892098501E-16));
#1528 = ADVANCED_FACE('',(#1529),#1547,.T.);
#1529 = FACE_BOUND('',#1530,.T.);
#1530 = EDGE_LOOP('',(#1531,#1532,#1533,#1541));
#1531 = ORIENTED_EDGE('',*,*,#175,.F.);
#1532 = ORIENTED_EDGE('',*,*,#1494,.T.);
#1533 = ORIENTED_EDGE('',*,*,#1534,.T.);
#1534 = EDGE_CURVE('',#1487,#1535,#1537,.T.);
#1535 = VERTEX_POINT('',#1536);
#1536 = CARTESIAN_POINT('',(-1.66,69.62,1.));
#1537 = LINE('',#1538,#1539);
#1538 = CARTESIAN_POINT('',(12.198088867849,83.478088867849,1.));
#1539 = VECTOR('',#1540,1.);
#1540 = DIRECTION('',(0.707106781187,0.707106781187,0.));
#1541 = ORIENTED_EDGE('',*,*,#1542,.F.);
#1542 = EDGE_CURVE('',#176,#1535,#1543,.T.);
#1543 = LINE('',#1544,#1545);
#1544 = CARTESIAN_POINT('',(-1.66,69.62,0.));
#1545 = VECTOR('',#1546,1.);
#1546 = DIRECTION('',(0.,0.,1.));
#1547 = PLANE('',#1548);
#1548 = AXIS2_PLACEMENT_3D('',#1549,#1550,#1551);
#1549 = CARTESIAN_POINT('',(-2.26,69.02,0.));
#1550 = DIRECTION('',(-0.707106781187,0.707106781187,0.));
#1551 = DIRECTION('',(0.,0.,1.));
#1552 = ADVANCED_FACE('',(#1553),#1571,.T.);
#1553 = FACE_BOUND('',#1554,.F.);
#1554 = EDGE_LOOP('',(#1555,#1556,#1557,#1565));
#1555 = ORIENTED_EDGE('',*,*,#351,.F.);
#1556 = ORIENTED_EDGE('',*,*,#1518,.T.);
#1557 = ORIENTED_EDGE('',*,*,#1558,.T.);
#1558 = EDGE_CURVE('',#1511,#1559,#1561,.T.);
#1559 = VERTEX_POINT('',#1560);
#1560 = CARTESIAN_POINT('',(-1.66,128.78,1.));
#1561 = LINE('',#1562,#1563);
#1562 = CARTESIAN_POINT('',(23.898089188539,103.22191081146,1.));
#1563 = VECTOR('',#1564,1.);
#1564 = DIRECTION('',(0.707106781187,-0.707106781187,0.));
#1565 = ORIENTED_EDGE('',*,*,#1566,.F.);
#1566 = EDGE_CURVE('',#344,#1559,#1567,.T.);
#1567 = LINE('',#1568,#1569);
#1568 = CARTESIAN_POINT('',(-1.66,128.78,-2.352784633786E-14));
#1569 = VECTOR('',#1570,1.);
#1570 = DIRECTION('',(0.,4.440892098501E-16,1.));
#1571 = PLANE('',#1572);
#1572 = AXIS2_PLACEMENT_3D('',#1573,#1574,#1575);
#1573 = CARTESIAN_POINT('',(-2.26,129.38,-2.379429986377E-14));
#1574 = DIRECTION('',(-0.707106781187,-0.707106781187,0.));
#1575 = DIRECTION('',(2.22044604925E-16,-2.22044604925E-16,-1.));
#1576 = ADVANCED_FACE('',(#1577),#1595,.T.);
#1577 = FACE_BOUND('',#1578,.T.);
#1578 = EDGE_LOOP('',(#1579,#1580,#1581,#1589));
#1579 = ORIENTED_EDGE('',*,*,#183,.F.);
#1580 = ORIENTED_EDGE('',*,*,#1542,.T.);
#1581 = ORIENTED_EDGE('',*,*,#1582,.T.);
#1582 = EDGE_CURVE('',#1535,#1583,#1585,.T.);
#1583 = VERTEX_POINT('',#1584);
#1584 = CARTESIAN_POINT('',(2.14,69.62,1.));
#1585 = LINE('',#1586,#1587);
#1586 = CARTESIAN_POINT('',(-2.86,69.62,1.));
#1587 = VECTOR('',#1588,1.);
#1588 = DIRECTION('',(1.,0.,0.));
#1589 = ORIENTED_EDGE('',*,*,#1590,.F.);
#1590 = EDGE_CURVE('',#184,#1583,#1591,.T.);
#1591 = LINE('',#1592,#1593);
#1592 = CARTESIAN_POINT('',(2.14,69.62,0.));
#1593 = VECTOR('',#1594,1.);
#1594 = DIRECTION('',(0.,0.,1.));
#1595 = PLANE('',#1596);
#1596 = AXIS2_PLACEMENT_3D('',#1597,#1598,#1599);
#1597 = CARTESIAN_POINT('',(-2.86,69.62,0.));
#1598 = DIRECTION('',(0.,1.,0.));
#1599 = DIRECTION('',(1.,0.,0.));
#1600 = ADVANCED_FACE('',(#1601),#1619,.T.);
#1601 = FACE_BOUND('',#1602,.F.);
#1602 = EDGE_LOOP('',(#1603,#1604,#1605,#1613));
#1603 = ORIENTED_EDGE('',*,*,#343,.F.);
#1604 = ORIENTED_EDGE('',*,*,#1566,.T.);
#1605 = ORIENTED_EDGE('',*,*,#1606,.T.);
#1606 = EDGE_CURVE('',#1559,#1607,#1609,.T.);
#1607 = VERTEX_POINT('',#1608);
#1608 = CARTESIAN_POINT('',(2.14,128.78,1.));
#1609 = LINE('',#1610,#1611);
#1610 = CARTESIAN_POINT('',(-2.86,128.78,1.));
#1611 = VECTOR('',#1612,1.);
#1612 = DIRECTION('',(1.,0.,0.));
#1613 = ORIENTED_EDGE('',*,*,#1614,.F.);
#1614 = EDGE_CURVE('',#336,#1607,#1615,.T.);
#1615 = LINE('',#1616,#1617);
#1616 = CARTESIAN_POINT('',(2.14,128.78,-2.352784633786E-14));
#1617 = VECTOR('',#1618,1.);
#1618 = DIRECTION('',(0.,4.440892098501E-16,1.));
#1619 = PLANE('',#1620);
#1620 = AXIS2_PLACEMENT_3D('',#1621,#1622,#1623);
#1621 = CARTESIAN_POINT('',(-2.86,128.78,-2.352784633786E-14));
#1622 = DIRECTION('',(0.,-1.,4.440892098501E-16));
#1623 = DIRECTION('',(-1.,-0.,-0.));
#1624 = ADVANCED_FACE('',(#1625),#1643,.T.);
#1625 = FACE_BOUND('',#1626,.T.);
#1626 = EDGE_LOOP('',(#1627,#1628,#1629,#1637));
#1627 = ORIENTED_EDGE('',*,*,#191,.F.);
#1628 = ORIENTED_EDGE('',*,*,#1590,.T.);
#1629 = ORIENTED_EDGE('',*,*,#1630,.T.);
#1630 = EDGE_CURVE('',#1583,#1631,#1633,.T.);
#1631 = VERTEX_POINT('',#1632);
#1632 = CARTESIAN_POINT('',(3.14,70.62,1.));
#1633 = LINE('',#1634,#1635);
#1634 = CARTESIAN_POINT('',(15.598088867849,83.078088867849,1.));
#1635 = VECTOR('',#1636,1.);
#1636 = DIRECTION('',(0.707106781187,0.707106781187,0.));
#1637 = ORIENTED_EDGE('',*,*,#1638,.F.);
#1638 = EDGE_CURVE('',#192,#1631,#1639,.T.);
#1639 = LINE('',#1640,#1641);
#1640 = CARTESIAN_POINT('',(3.14,70.62,0.));
#1641 = VECTOR('',#1642,1.);
#1642 = DIRECTION('',(0.,0.,1.));
#1643 = PLANE('',#1644);
#1644 = AXIS2_PLACEMENT_3D('',#1645,#1646,#1647);
#1645 = CARTESIAN_POINT('',(2.64,70.12,0.));
#1646 = DIRECTION('',(-0.707106781187,0.707106781187,0.));
#1647 = DIRECTION('',(0.,0.,1.));
#1648 = ADVANCED_FACE('',(#1649),#1667,.F.);
#1649 = FACE_BOUND('',#1650,.F.);
#1650 = EDGE_LOOP('',(#1651,#1652,#1653,#1661));
#1651 = ORIENTED_EDGE('',*,*,#335,.F.);
#1652 = ORIENTED_EDGE('',*,*,#1614,.T.);
#1653 = ORIENTED_EDGE('',*,*,#1654,.T.);
#1654 = EDGE_CURVE('',#1607,#1655,#1657,.T.);
#1655 = VERTEX_POINT('',#1656);
#1656 = CARTESIAN_POINT('',(3.14,127.78,1.));
#1657 = LINE('',#1658,#1659);
#1658 = CARTESIAN_POINT('',(27.298089188539,103.62191081146,1.));
#1659 = VECTOR('',#1660,1.);
#1660 = DIRECTION('',(0.707106781187,-0.707106781187,0.));
#1661 = ORIENTED_EDGE('',*,*,#1662,.F.);
#1662 = EDGE_CURVE('',#328,#1655,#1663,.T.);
#1663 = LINE('',#1664,#1665);
#1664 = CARTESIAN_POINT('',(3.14,127.78,-2.308375712801E-14));
#1665 = VECTOR('',#1666,1.);
#1666 = DIRECTION('',(0.,4.440892098501E-16,1.));
#1667 = PLANE('',#1668);
#1668 = AXIS2_PLACEMENT_3D('',#1669,#1670,#1671);
#1669 = CARTESIAN_POINT('',(2.64,128.28,-2.330580173293E-14));
#1670 = DIRECTION('',(0.707106781187,0.707106781187,0.));
#1671 = DIRECTION('',(-2.22044604925E-16,2.22044604925E-16,1.));
#1672 = ADVANCED_FACE('',(#1673),#1691,.F.);
#1673 = FACE_BOUND('',#1674,.F.);
#1674 = EDGE_LOOP('',(#1675,#1676,#1684,#1690));
#1675 = ORIENTED_EDGE('',*,*,#199,.F.);
#1676 = ORIENTED_EDGE('',*,*,#1677,.T.);
#1677 = EDGE_CURVE('',#200,#1678,#1680,.T.);
#1678 = VERTEX_POINT('',#1679);
#1679 = CARTESIAN_POINT('',(3.14,80.98,1.));
#1680 = LINE('',#1681,#1682);
#1681 = CARTESIAN_POINT('',(3.14,80.98,-2.300382107023E-15));
#1682 = VECTOR('',#1683,1.);
#1683 = DIRECTION('',(0.,4.440892098501E-16,1.));
#1684 = ORIENTED_EDGE('',*,*,#1685,.F.);
#1685 = EDGE_CURVE('',#1631,#1678,#1686,.T.);
#1686 = LINE('',#1687,#1688);
#1687 = CARTESIAN_POINT('',(3.14,112.5649999162,1.));
#1688 = VECTOR('',#1689,1.);
#1689 = DIRECTION('',(0.,1.,0.));
#1690 = ORIENTED_EDGE('',*,*,#1638,.F.);
#1691 = PLANE('',#1692);
#1692 = AXIS2_PLACEMENT_3D('',#1693,#1694,#1695);
#1693 = CARTESIAN_POINT('',(3.14,149.33,0.));
#1694 = DIRECTION('',(1.,0.,0.));
#1695 = DIRECTION('',(0.,-1.,0.));
#1696 = ADVANCED_FACE('',(#1697),#1715,.F.);
#1697 = FACE_BOUND('',#1698,.F.);
#1698 = EDGE_LOOP('',(#1699,#1700,#1701,#1709));
#1699 = ORIENTED_EDGE('',*,*,#327,.F.);
#1700 = ORIENTED_EDGE('',*,*,#1662,.T.);
#1701 = ORIENTED_EDGE('',*,*,#1702,.F.);
#1702 = EDGE_CURVE('',#1703,#1655,#1705,.T.);
#1703 = VERTEX_POINT('',#1704);
#1704 = CARTESIAN_POINT('',(3.14,118.88,1.));
#1705 = LINE('',#1706,#1707);
#1706 = CARTESIAN_POINT('',(3.14,112.5649999162,1.));
#1707 = VECTOR('',#1708,1.);
#1708 = DIRECTION('',(0.,1.,0.));
#1709 = ORIENTED_EDGE('',*,*,#1710,.F.);
#1710 = EDGE_CURVE('',#320,#1703,#1711,.T.);
#1711 = LINE('',#1712,#1713);
#1712 = CARTESIAN_POINT('',(3.14,118.88,-1.913136316034E-14));
#1713 = VECTOR('',#1714,1.);
#1714 = DIRECTION('',(0.,4.440892098501E-16,1.));
#1715 = PLANE('',#1716);
#1716 = AXIS2_PLACEMENT_3D('',#1717,#1718,#1719);
#1717 = CARTESIAN_POINT('',(3.14,149.33,0.));
#1718 = DIRECTION('',(1.,0.,0.));
#1719 = DIRECTION('',(0.,-1.,0.));
#1720 = ADVANCED_FACE('',(#1721),#1739,.F.);
#1721 = FACE_BOUND('',#1722,.T.);
#1722 = EDGE_LOOP('',(#1723,#1724,#1725,#1733));
#1723 = ORIENTED_EDGE('',*,*,#207,.F.);
#1724 = ORIENTED_EDGE('',*,*,#1677,.T.);
#1725 = ORIENTED_EDGE('',*,*,#1726,.T.);
#1726 = EDGE_CURVE('',#1678,#1727,#1729,.T.);
#1727 = VERTEX_POINT('',#1728);
#1728 = CARTESIAN_POINT('',(2.14,81.98,1.));
#1729 = LINE('',#1730,#1731);
#1730 = CARTESIAN_POINT('',(15.598089188539,68.521910811461,1.));
#1731 = VECTOR('',#1732,1.);
#1732 = DIRECTION('',(-0.707106781187,0.707106781187,0.));
#1733 = ORIENTED_EDGE('',*,*,#1734,.F.);
#1734 = EDGE_CURVE('',#208,#1727,#1735,.T.);
#1735 = LINE('',#1736,#1737);
#1736 = CARTESIAN_POINT('',(2.14,81.98,-2.744471316873E-15));
#1737 = VECTOR('',#1738,1.);
#1738 = DIRECTION('',(0.,4.440892098501E-16,1.));
#1739 = PLANE('',#1740);
#1740 = AXIS2_PLACEMENT_3D('',#1741,#1742,#1743);
#1741 = CARTESIAN_POINT('',(2.64,81.48,-2.522426711948E-15));
#1742 = DIRECTION('',(0.707106781187,0.707106781187,0.));
#1743 = DIRECTION('',(2.22044604925E-16,-2.22044604925E-16,-1.));
#1744 = ADVANCED_FACE('',(#1745),#1763,.F.);
#1745 = FACE_BOUND('',#1746,.F.);
#1746 = EDGE_LOOP('',(#1747,#1748,#1749,#1757));
#1747 = ORIENTED_EDGE('',*,*,#319,.F.);
#1748 = ORIENTED_EDGE('',*,*,#1710,.T.);
#1749 = ORIENTED_EDGE('',*,*,#1750,.T.);
#1750 = EDGE_CURVE('',#1703,#1751,#1753,.T.);
#1751 = VERTEX_POINT('',#1752);
#1752 = CARTESIAN_POINT('',(2.14,117.88,1.));
#1753 = LINE('',#1754,#1755);
#1754 = CARTESIAN_POINT('',(3.533088867849,119.27308886784,1.));
#1755 = VECTOR('',#1756,1.);
#1756 = DIRECTION('',(-0.707106781187,-0.707106781187,0.));
#1757 = ORIENTED_EDGE('',*,*,#1758,.F.);
#1758 = EDGE_CURVE('',#312,#1751,#1759,.T.);
#1759 = LINE('',#1760,#1761);
#1760 = CARTESIAN_POINT('',(2.14,117.88,-1.868727395049E-14));
#1761 = VECTOR('',#1762,1.);
#1762 = DIRECTION('',(0.,4.440892098501E-16,1.));
#1763 = PLANE('',#1764);
#1764 = AXIS2_PLACEMENT_3D('',#1765,#1766,#1767);
#1765 = CARTESIAN_POINT('',(2.64,118.38,-1.890931855542E-14));
#1766 = DIRECTION('',(0.707106781187,-0.707106781187,0.));
#1767 = DIRECTION('',(2.22044604925E-16,2.22044604925E-16,1.));
#1768 = ADVANCED_FACE('',(#1769),#1787,.T.);
#1769 = FACE_BOUND('',#1770,.F.);
#1770 = EDGE_LOOP('',(#1771,#1772,#1780,#1786));
#1771 = ORIENTED_EDGE('',*,*,#215,.F.);
#1772 = ORIENTED_EDGE('',*,*,#1773,.T.);
#1773 = EDGE_CURVE('',#216,#1774,#1776,.T.);
#1774 = VERTEX_POINT('',#1775);
#1775 = CARTESIAN_POINT('',(-1.66,81.98,1.));
#1776 = LINE('',#1777,#1778);
#1777 = CARTESIAN_POINT('',(-1.66,81.98,-2.744471316873E-15));
#1778 = VECTOR('',#1779,1.);
#1779 = DIRECTION('',(0.,4.440892098501E-16,1.));
#1780 = ORIENTED_EDGE('',*,*,#1781,.T.);
#1781 = EDGE_CURVE('',#1774,#1727,#1782,.T.);
#1782 = LINE('',#1783,#1784);
#1783 = CARTESIAN_POINT('',(-2.86,81.98,1.));
#1784 = VECTOR('',#1785,1.);
#1785 = DIRECTION('',(1.,0.,0.));
#1786 = ORIENTED_EDGE('',*,*,#1734,.F.);
#1787 = PLANE('',#1788);
#1788 = AXIS2_PLACEMENT_3D('',#1789,#1790,#1791);
#1789 = CARTESIAN_POINT('',(-2.86,81.98,-2.744471316873E-15));
#1790 = DIRECTION('',(0.,-1.,4.440892098501E-16));
#1791 = DIRECTION('',(-1.,-0.,-0.));
#1792 = ADVANCED_FACE('',(#1793),#1811,.T.);
#1793 = FACE_BOUND('',#1794,.F.);
#1794 = EDGE_LOOP('',(#1795,#1796,#1797,#1805));
#1795 = ORIENTED_EDGE('',*,*,#311,.F.);
#1796 = ORIENTED_EDGE('',*,*,#1758,.T.);
#1797 = ORIENTED_EDGE('',*,*,#1798,.T.);
#1798 = EDGE_CURVE('',#1751,#1799,#1801,.T.);
#1799 = VERTEX_POINT('',#1800);
#1800 = CARTESIAN_POINT('',(-1.66,117.88,1.));
#1801 = LINE('',#1802,#1803);
#1802 = CARTESIAN_POINT('',(3.14,117.88,1.));
#1803 = VECTOR('',#1804,1.);
#1804 = DIRECTION('',(-1.,0.,0.));
#1805 = ORIENTED_EDGE('',*,*,#1806,.F.);
#1806 = EDGE_CURVE('',#304,#1799,#1807,.T.);
#1807 = LINE('',#1808,#1809);
#1808 = CARTESIAN_POINT('',(-1.66,117.88,-1.868727395049E-14));
#1809 = VECTOR('',#1810,1.);
#1810 = DIRECTION('',(0.,4.440892098501E-16,1.));
#1811 = PLANE('',#1812);
#1812 = AXIS2_PLACEMENT_3D('',#1813,#1814,#1815);
#1813 = CARTESIAN_POINT('',(3.14,117.88,-1.868727395049E-14));
#1814 = DIRECTION('',(0.,1.,-4.440892098501E-16));
#1815 = DIRECTION('',(1.,0.,0.));
#1816 = ADVANCED_FACE('',(#1817),#1835,.T.);
#1817 = FACE_BOUND('',#1818,.T.);
#1818 = EDGE_LOOP('',(#1819,#1820,#1821,#1829));
#1819 = ORIENTED_EDGE('',*,*,#223,.F.);
#1820 = ORIENTED_EDGE('',*,*,#1773,.T.);
#1821 = ORIENTED_EDGE('',*,*,#1822,.T.);
#1822 = EDGE_CURVE('',#1774,#1823,#1825,.T.);
#1823 = VERTEX_POINT('',#1824);
#1824 = CARTESIAN_POINT('',(-2.86,83.18,1.));
#1825 = LINE('',#1826,#1827);
#1826 = CARTESIAN_POINT('',(12.198089188539,68.121910811461,1.));
#1827 = VECTOR('',#1828,1.);
#1828 = DIRECTION('',(-0.707106781187,0.707106781187,0.));
#1829 = ORIENTED_EDGE('',*,*,#1830,.F.);
#1830 = EDGE_CURVE('',#224,#1823,#1831,.T.);
#1831 = LINE('',#1832,#1833);
#1832 = CARTESIAN_POINT('',(-2.86,83.18,-3.277378368693E-15));
#1833 = VECTOR('',#1834,1.);
#1834 = DIRECTION('',(0.,4.440892098501E-16,1.));
#1835 = PLANE('',#1836);
#1836 = AXIS2_PLACEMENT_3D('',#1837,#1838,#1839);
#1837 = CARTESIAN_POINT('',(-2.26,82.58,-3.010924842783E-15));
#1838 = DIRECTION('',(-0.707106781187,-0.707106781187,0.));
#1839 = DIRECTION('',(-2.22044604925E-16,2.22044604925E-16,1.));
#1840 = ADVANCED_FACE('',(#1841),#1859,.T.);
#1841 = FACE_BOUND('',#1842,.F.);
#1842 = EDGE_LOOP('',(#1843,#1844,#1845,#1853));
#1843 = ORIENTED_EDGE('',*,*,#303,.F.);
#1844 = ORIENTED_EDGE('',*,*,#1806,.T.);
#1845 = ORIENTED_EDGE('',*,*,#1846,.T.);
#1846 = EDGE_CURVE('',#1799,#1847,#1849,.T.);
#1847 = VERTEX_POINT('',#1848);
#1848 = CARTESIAN_POINT('',(-2.86,116.68,1.));
#1849 = LINE('',#1850,#1851);
#1850 = CARTESIAN_POINT('',(0.133088867849,119.67308886784,1.));
#1851 = VECTOR('',#1852,1.);
#1852 = DIRECTION('',(-0.707106781187,-0.707106781187,0.));
#1853 = ORIENTED_EDGE('',*,*,#1854,.F.);
#1854 = EDGE_CURVE('',#296,#1847,#1855,.T.);
#1855 = LINE('',#1856,#1857);
#1856 = CARTESIAN_POINT('',(-2.86,116.68,-1.815436689867E-14));
#1857 = VECTOR('',#1858,1.);
#1858 = DIRECTION('',(0.,4.440892098501E-16,1.));
#1859 = PLANE('',#1860);
#1860 = AXIS2_PLACEMENT_3D('',#1861,#1862,#1863);
#1861 = CARTESIAN_POINT('',(-2.26,117.28,-1.842082042458E-14));
#1862 = DIRECTION('',(-0.707106781187,0.707106781187,0.));
#1863 = DIRECTION('',(-2.22044604925E-16,-2.22044604925E-16,-1.));
#1864 = ADVANCED_FACE('',(#1865),#1883,.T.);
#1865 = FACE_BOUND('',#1866,.F.);
#1866 = EDGE_LOOP('',(#1867,#1868,#1876,#1882));
#1867 = ORIENTED_EDGE('',*,*,#231,.F.);
#1868 = ORIENTED_EDGE('',*,*,#1869,.T.);
#1869 = EDGE_CURVE('',#232,#1870,#1872,.T.);
#1870 = VERTEX_POINT('',#1871);
#1871 = CARTESIAN_POINT('',(-2.86,93.28,1.));
#1872 = LINE('',#1873,#1874);
#1873 = CARTESIAN_POINT('',(-2.86,93.28,-7.762679388179E-15));
#1874 = VECTOR('',#1875,1.);
#1875 = DIRECTION('',(0.,4.440892098501E-16,1.));
#1876 = ORIENTED_EDGE('',*,*,#1877,.T.);
#1877 = EDGE_CURVE('',#1870,#1823,#1878,.T.);
#1878 = LINE('',#1879,#1880);
#1879 = CARTESIAN_POINT('',(-2.86,94.48,1.));
#1880 = VECTOR('',#1881,1.);
#1881 = DIRECTION('',(0.,-1.,4.440892098501E-16));
#1882 = ORIENTED_EDGE('',*,*,#1830,.F.);
#1883 = PLANE('',#1884);
#1884 = AXIS2_PLACEMENT_3D('',#1885,#1886,#1887);
#1885 = CARTESIAN_POINT('',(-2.86,94.48,-8.295586439999E-15));
#1886 = DIRECTION('',(-1.,0.,0.));
#1887 = DIRECTION('',(0.,1.,-4.440892098501E-16));
#1888 = ADVANCED_FACE('',(#1889),#1907,.T.);
#1889 = FACE_BOUND('',#1890,.F.);
#1890 = EDGE_LOOP('',(#1891,#1892,#1893,#1901));
#1891 = ORIENTED_EDGE('',*,*,#295,.F.);
#1892 = ORIENTED_EDGE('',*,*,#1854,.T.);
#1893 = ORIENTED_EDGE('',*,*,#1894,.T.);
#1894 = EDGE_CURVE('',#1847,#1895,#1897,.T.);
#1895 = VERTEX_POINT('',#1896);
#1896 = CARTESIAN_POINT('',(-2.86,107.98,1.));
#1897 = LINE('',#1898,#1899);
#1898 = CARTESIAN_POINT('',(-2.86,117.88,1.));
#1899 = VECTOR('',#1900,1.);
#1900 = DIRECTION('',(0.,-1.,4.440892098501E-16));
#1901 = ORIENTED_EDGE('',*,*,#1902,.F.);
#1902 = EDGE_CURVE('',#288,#1895,#1903,.T.);
#1903 = LINE('',#1904,#1905);
#1904 = CARTESIAN_POINT('',(-2.86,107.98,-1.429079077298E-14));
#1905 = VECTOR('',#1906,1.);
#1906 = DIRECTION('',(0.,4.440892098501E-16,1.));
#1907 = PLANE('',#1908);
#1908 = AXIS2_PLACEMENT_3D('',#1909,#1910,#1911);
#1909 = CARTESIAN_POINT('',(-2.86,117.88,-1.868727395049E-14));
#1910 = DIRECTION('',(-1.,0.,0.));
#1911 = DIRECTION('',(0.,1.,-4.440892098501E-16));
#1912 = ADVANCED_FACE('',(#1913),#1931,.T.);
#1913 = FACE_BOUND('',#1914,.T.);
#1914 = EDGE_LOOP('',(#1915,#1916,#1917,#1925));
#1915 = ORIENTED_EDGE('',*,*,#239,.F.);
#1916 = ORIENTED_EDGE('',*,*,#1869,.T.);
#1917 = ORIENTED_EDGE('',*,*,#1918,.T.);
#1918 = EDGE_CURVE('',#1870,#1919,#1921,.T.);
#1919 = VERTEX_POINT('',#1920);
#1920 = CARTESIAN_POINT('',(-1.66,94.48,1.));
#1921 = LINE('',#1922,#1923);
#1922 = CARTESIAN_POINT('',(5.983088867849,102.12308886784,1.));
#1923 = VECTOR('',#1924,1.);
#1924 = DIRECTION('',(0.707106781187,0.707106781187,0.));
#1925 = ORIENTED_EDGE('',*,*,#1926,.F.);
#1926 = EDGE_CURVE('',#240,#1919,#1927,.T.);
#1927 = LINE('',#1928,#1929);
#1928 = CARTESIAN_POINT('',(-1.66,94.48,-8.295586439999E-15));
#1929 = VECTOR('',#1930,1.);
#1930 = DIRECTION('',(0.,4.440892098501E-16,1.));
#1931 = PLANE('',#1932);
#1932 = AXIS2_PLACEMENT_3D('',#1933,#1934,#1935);
#1933 = CARTESIAN_POINT('',(-2.26,93.88,-8.029132914089E-15));
#1934 = DIRECTION('',(-0.707106781187,0.707106781187,0.));
#1935 = DIRECTION('',(2.22044604925E-16,2.22044604925E-16,1.));
#1936 = ADVANCED_FACE('',(#1937),#1955,.T.);
#1937 = FACE_BOUND('',#1938,.F.);
#1938 = EDGE_LOOP('',(#1939,#1940,#1941,#1949));
#1939 = ORIENTED_EDGE('',*,*,#287,.F.);
#1940 = ORIENTED_EDGE('',*,*,#1902,.T.);
#1941 = ORIENTED_EDGE('',*,*,#1942,.T.);
#1942 = EDGE_CURVE('',#1895,#1943,#1945,.T.);
#1943 = VERTEX_POINT('',#1944);
#1944 = CARTESIAN_POINT('',(-1.66,106.78,1.));
#1945 = LINE('',#1946,#1947);
#1946 = CARTESIAN_POINT('',(18.398089188539,86.721910811461,1.));
#1947 = VECTOR('',#1948,1.);
#1948 = DIRECTION('',(0.707106781187,-0.707106781187,0.));
#1949 = ORIENTED_EDGE('',*,*,#1950,.F.);
#1950 = EDGE_CURVE('',#280,#1943,#1951,.T.);
#1951 = LINE('',#1952,#1953);
#1952 = CARTESIAN_POINT('',(-1.66,106.78,-1.375788372115E-14));
#1953 = VECTOR('',#1954,1.);
#1954 = DIRECTION('',(0.,4.440892098501E-16,1.));
#1955 = PLANE('',#1956);
#1956 = AXIS2_PLACEMENT_3D('',#1957,#1958,#1959);
#1957 = CARTESIAN_POINT('',(-2.26,107.38,-1.402433724706E-14));
#1958 = DIRECTION('',(-0.707106781187,-0.707106781187,0.));
#1959 = DIRECTION('',(2.22044604925E-16,-2.22044604925E-16,-1.));
#1960 = ADVANCED_FACE('',(#1961),#1979,.T.);
#1961 = FACE_BOUND('',#1962,.F.);
#1962 = EDGE_LOOP('',(#1963,#1964,#1972,#1978));
#1963 = ORIENTED_EDGE('',*,*,#247,.F.);
#1964 = ORIENTED_EDGE('',*,*,#1965,.T.);
#1965 = EDGE_CURVE('',#248,#1966,#1968,.T.);
#1966 = VERTEX_POINT('',#1967);
#1967 = CARTESIAN_POINT('',(2.14,94.48,1.));
#1968 = LINE('',#1969,#1970);
#1969 = CARTESIAN_POINT('',(2.14,94.48,-8.295586439999E-15));
#1970 = VECTOR('',#1971,1.);
#1971 = DIRECTION('',(0.,4.440892098501E-16,1.));
#1972 = ORIENTED_EDGE('',*,*,#1973,.T.);
#1973 = EDGE_CURVE('',#1966,#1919,#1974,.T.);
#1974 = LINE('',#1975,#1976);
#1975 = CARTESIAN_POINT('',(3.14,94.48,1.));
#1976 = VECTOR('',#1977,1.);
#1977 = DIRECTION('',(-1.,0.,0.));
#1978 = ORIENTED_EDGE('',*,*,#1926,.F.);
#1979 = PLANE('',#1980);
#1980 = AXIS2_PLACEMENT_3D('',#1981,#1982,#1983);
#1981 = CARTESIAN_POINT('',(3.14,94.48,-8.295586439999E-15));
#1982 = DIRECTION('',(0.,1.,-4.440892098501E-16));
#1983 = DIRECTION('',(1.,0.,0.));
#1984 = ADVANCED_FACE('',(#1985),#2003,.T.);
#1985 = FACE_BOUND('',#1986,.F.);
#1986 = EDGE_LOOP('',(#1987,#1988,#1989,#1997));
#1987 = ORIENTED_EDGE('',*,*,#279,.F.);
#1988 = ORIENTED_EDGE('',*,*,#1950,.T.);
#1989 = ORIENTED_EDGE('',*,*,#1990,.T.);
#1990 = EDGE_CURVE('',#1943,#1991,#1993,.T.);
#1991 = VERTEX_POINT('',#1992);
#1992 = CARTESIAN_POINT('',(2.14,106.78,1.));
#1993 = LINE('',#1994,#1995);
#1994 = CARTESIAN_POINT('',(-2.86,106.78,1.));
#1995 = VECTOR('',#1996,1.);
#1996 = DIRECTION('',(1.,0.,0.));
#1997 = ORIENTED_EDGE('',*,*,#1998,.F.);
#1998 = EDGE_CURVE('',#272,#1991,#1999,.T.);
#1999 = LINE('',#2000,#2001);
#2000 = CARTESIAN_POINT('',(2.14,106.78,-1.375788372115E-14));
#2001 = VECTOR('',#2002,1.);
#2002 = DIRECTION('',(0.,4.440892098501E-16,1.));
#2003 = PLANE('',#2004);
#2004 = AXIS2_PLACEMENT_3D('',#2005,#2006,#2007);
#2005 = CARTESIAN_POINT('',(-2.86,106.78,-1.375788372115E-14));
#2006 = DIRECTION('',(0.,-1.,4.440892098501E-16));
#2007 = DIRECTION('',(-1.,-0.,-0.));
#2008 = ADVANCED_FACE('',(#2009),#2027,.F.);
#2009 = FACE_BOUND('',#2010,.F.);
#2010 = EDGE_LOOP('',(#2011,#2012,#2020,#2026));
#2011 = ORIENTED_EDGE('',*,*,#255,.F.);
#2012 = ORIENTED_EDGE('',*,*,#2013,.T.);
#2013 = EDGE_CURVE('',#256,#2014,#2016,.T.);
#2014 = VERTEX_POINT('',#2015);
#2015 = CARTESIAN_POINT('',(3.14,95.48,1.));
#2016 = LINE('',#2017,#2018);
#2017 = CARTESIAN_POINT('',(3.14,95.48,-8.739675649849E-15));
#2018 = VECTOR('',#2019,1.);
#2019 = DIRECTION('',(0.,4.440892098501E-16,1.));
#2020 = ORIENTED_EDGE('',*,*,#2021,.T.);
#2021 = EDGE_CURVE('',#2014,#1966,#2022,.T.);
#2022 = LINE('',#2023,#2024);
#2023 = CARTESIAN_POINT('',(9.383088867849,101.72308886784,1.));
#2024 = VECTOR('',#2025,1.);
#2025 = DIRECTION('',(-0.707106781187,-0.707106781187,0.));
#2026 = ORIENTED_EDGE('',*,*,#1965,.F.);
#2027 = PLANE('',#2028);
#2028 = AXIS2_PLACEMENT_3D('',#2029,#2030,#2031);
#2029 = CARTESIAN_POINT('',(2.64,94.98,-8.517631044924E-15));
#2030 = DIRECTION('',(0.707106781187,-0.707106781187,0.));
#2031 = DIRECTION('',(2.22044604925E-16,2.22044604925E-16,1.));
#2032 = ADVANCED_FACE('',(#2033),#2051,.F.);
#2033 = FACE_BOUND('',#2034,.F.);
#2034 = EDGE_LOOP('',(#2035,#2036,#2037,#2045));
#2035 = ORIENTED_EDGE('',*,*,#271,.F.);
#2036 = ORIENTED_EDGE('',*,*,#1998,.T.);
#2037 = ORIENTED_EDGE('',*,*,#2038,.T.);
#2038 = EDGE_CURVE('',#1991,#2039,#2041,.T.);
#2039 = VERTEX_POINT('',#2040);
#2040 = CARTESIAN_POINT('',(3.14,105.78,1.));
#2041 = LINE('',#2042,#2043);
#2042 = CARTESIAN_POINT('',(21.798089188539,87.121910811461,1.));
#2043 = VECTOR('',#2044,1.);
#2044 = DIRECTION('',(0.707106781187,-0.707106781187,0.));
#2045 = ORIENTED_EDGE('',*,*,#2046,.F.);
#2046 = EDGE_CURVE('',#264,#2039,#2047,.T.);
#2047 = LINE('',#2048,#2049);
#2048 = CARTESIAN_POINT('',(3.14,105.78,-1.33137945113E-14));
#2049 = VECTOR('',#2050,1.);
#2050 = DIRECTION('',(0.,4.440892098501E-16,1.));
#2051 = PLANE('',#2052);
#2052 = AXIS2_PLACEMENT_3D('',#2053,#2054,#2055);
#2053 = CARTESIAN_POINT('',(2.64,106.28,-1.353583911623E-14));
#2054 = DIRECTION('',(0.707106781187,0.707106781187,0.));
#2055 = DIRECTION('',(-2.22044604925E-16,2.22044604925E-16,1.));
#2056 = ADVANCED_FACE('',(#2057),#2068,.F.);
#2057 = FACE_BOUND('',#2058,.F.);
#2058 = EDGE_LOOP('',(#2059,#2060,#2061,#2067));
#2059 = ORIENTED_EDGE('',*,*,#263,.F.);
#2060 = ORIENTED_EDGE('',*,*,#2046,.T.);
#2061 = ORIENTED_EDGE('',*,*,#2062,.F.);
#2062 = EDGE_CURVE('',#2014,#2039,#2063,.T.);
#2063 = LINE('',#2064,#2065);
#2064 = CARTESIAN_POINT('',(3.14,112.5649999162,1.));
#2065 = VECTOR('',#2066,1.);
#2066 = DIRECTION('',(0.,1.,0.));
#2067 = ORIENTED_EDGE('',*,*,#2013,.F.);
#2068 = PLANE('',#2069);
#2069 = AXIS2_PLACEMENT_3D('',#2070,#2071,#2072);
#2070 = CARTESIAN_POINT('',(3.14,149.33,0.));
#2071 = DIRECTION('',(1.,0.,0.));
#2072 = DIRECTION('',(0.,-1.,0.));
#2073 = ADVANCED_FACE('',(#2074),#2093,.F.);
#2074 = FACE_BOUND('',#2075,.T.);
#2075 = EDGE_LOOP('',(#2076,#2084,#2085,#2086));
#2076 = ORIENTED_EDGE('',*,*,#2077,.F.);
#2077 = EDGE_CURVE('',#506,#2078,#2080,.T.);
#2078 = VERTEX_POINT('',#2079);
#2079 = CARTESIAN_POINT('',(16.68,139.8,1.8));
#2080 = LINE('',#2081,#2082);
#2081 = CARTESIAN_POINT('',(16.68,139.8,1.8));
#2082 = VECTOR('',#2083,1.);
#2083 = DIRECTION('',(-0.707106781187,0.,0.707106781187));
#2084 = ORIENTED_EDGE('',*,*,#505,.T.);
#2085 = ORIENTED_EDGE('',*,*,#2077,.T.);
#2086 = ORIENTED_EDGE('',*,*,#2087,.F.);
#2087 = EDGE_CURVE('',#2078,#2078,#2088,.T.);
#2088 = CIRCLE('',#2089,1.5);
#2089 = AXIS2_PLACEMENT_3D('',#2090,#2091,#2092);
#2090 = CARTESIAN_POINT('',(15.18,139.8,1.8));
#2091 = DIRECTION('',(0.,0.,-1.));
#2092 = DIRECTION('',(1.,0.,0.));
#2093 = CONICAL_SURFACE('',#2094,1.5,0.785398163397);
#2094 = AXIS2_PLACEMENT_3D('',#2095,#2096,#2097);
#2095 = CARTESIAN_POINT('',(15.18,139.8,1.8));
#2096 = DIRECTION('',(-0.,-0.,-1.));
#2097 = DIRECTION('',(1.,0.,0.));
#2098 = ADVANCED_FACE('',(#2099),#2118,.F.);
#2099 = FACE_BOUND('',#2100,.T.);
#2100 = EDGE_LOOP('',(#2101,#2109,#2110,#2111));
#2101 = ORIENTED_EDGE('',*,*,#2102,.F.);
#2102 = EDGE_CURVE('',#517,#2103,#2105,.T.);
#2103 = VERTEX_POINT('',#2104);
#2104 = CARTESIAN_POINT('',(103.98,139.8,1.8));
#2105 = LINE('',#2106,#2107);
#2106 = CARTESIAN_POINT('',(103.98,139.8,1.8));
#2107 = VECTOR('',#2108,1.);
#2108 = DIRECTION('',(-0.707106781187,0.,0.707106781187));
#2109 = ORIENTED_EDGE('',*,*,#516,.T.);
#2110 = ORIENTED_EDGE('',*,*,#2102,.T.);
#2111 = ORIENTED_EDGE('',*,*,#2112,.F.);
#2112 = EDGE_CURVE('',#2103,#2103,#2113,.T.);
#2113 = CIRCLE('',#2114,1.5);
#2114 = AXIS2_PLACEMENT_3D('',#2115,#2116,#2117);
#2115 = CARTESIAN_POINT('',(102.48,139.8,1.8));
#2116 = DIRECTION('',(0.,0.,-1.));
#2117 = DIRECTION('',(1.,0.,0.));
#2118 = CONICAL_SURFACE('',#2119,1.5,0.785398163397);
#2119 = AXIS2_PLACEMENT_3D('',#2120,#2121,#2122);
#2120 = CARTESIAN_POINT('',(102.48,139.8,1.8));
#2121 = DIRECTION('',(-0.,-0.,-1.));
#2122 = DIRECTION('',(1.,0.,0.));
#2123 = ADVANCED_FACE('',(#2124),#2143,.F.);
#2124 = FACE_BOUND('',#2125,.T.);
#2125 = EDGE_LOOP('',(#2126,#2134,#2135,#2136));
#2126 = ORIENTED_EDGE('',*,*,#2127,.F.);
#2127 = EDGE_CURVE('',#528,#2128,#2130,.T.);
#2128 = VERTEX_POINT('',#2129);
#2129 = CARTESIAN_POINT('',(16.68,11.8,1.8));
#2130 = LINE('',#2131,#2132);
#2131 = CARTESIAN_POINT('',(16.68,11.8,1.8));
#2132 = VECTOR('',#2133,1.);
#2133 = DIRECTION('',(-0.707106781187,0.,0.707106781187));
#2134 = ORIENTED_EDGE('',*,*,#527,.T.);
#2135 = ORIENTED_EDGE('',*,*,#2127,.T.);
#2136 = ORIENTED_EDGE('',*,*,#2137,.F.);
#2137 = EDGE_CURVE('',#2128,#2128,#2138,.T.);
#2138 = CIRCLE('',#2139,1.5);
#2139 = AXIS2_PLACEMENT_3D('',#2140,#2141,#2142);
#2140 = CARTESIAN_POINT('',(15.18,11.8,1.8));
#2141 = DIRECTION('',(0.,0.,-1.));
#2142 = DIRECTION('',(1.,0.,0.));
#2143 = CONICAL_SURFACE('',#2144,1.5,0.785398163397);
#2144 = AXIS2_PLACEMENT_3D('',#2145,#2146,#2147);
#2145 = CARTESIAN_POINT('',(15.18,11.8,1.8));
#2146 = DIRECTION('',(-0.,-0.,-1.));
#2147 = DIRECTION('',(1.,0.,0.));
#2148 = ADVANCED_FACE('',(#2149),#2168,.F.);
#2149 = FACE_BOUND('',#2150,.T.);
#2150 = EDGE_LOOP('',(#2151,#2159,#2160,#2161));
#2151 = ORIENTED_EDGE('',*,*,#2152,.F.);
#2152 = EDGE_CURVE('',#539,#2153,#2155,.T.);
#2153 = VERTEX_POINT('',#2154);
#2154 = CARTESIAN_POINT('',(103.98,11.8,1.8));
#2155 = LINE('',#2156,#2157);
#2156 = CARTESIAN_POINT('',(103.98,11.8,1.8));
#2157 = VECTOR('',#2158,1.);
#2158 = DIRECTION('',(-0.707106781187,0.,0.707106781187));
#2159 = ORIENTED_EDGE('',*,*,#538,.T.);
#2160 = ORIENTED_EDGE('',*,*,#2152,.T.);
#2161 = ORIENTED_EDGE('',*,*,#2162,.F.);
#2162 = EDGE_CURVE('',#2153,#2153,#2163,.T.);
#2163 = CIRCLE('',#2164,1.5);
#2164 = AXIS2_PLACEMENT_3D('',#2165,#2166,#2167);
#2165 = CARTESIAN_POINT('',(102.48,11.8,1.8));
#2166 = DIRECTION('',(0.,0.,-1.));
#2167 = DIRECTION('',(1.,0.,0.));
#2168 = CONICAL_SURFACE('',#2169,1.5,0.785398163397);
#2169 = AXIS2_PLACEMENT_3D('',#2170,#2171,#2172);
#2170 = CARTESIAN_POINT('',(102.48,11.8,1.8));
#2171 = DIRECTION('',(-0.,-0.,-1.));
#2172 = DIRECTION('',(1.,0.,0.));
#2173 = ADVANCED_FACE('',(#2174,#2267,#2278,#2289,#2300),#2311,.T.);
#2174 = FACE_BOUND('',#2175,.T.);
#2175 = EDGE_LOOP('',(#2176,#2177,#2178,#2179,#2180,#2181,#2182,#2183,
    #2184,#2185,#2186,#2187,#2188,#2189,#2190,#2191,#2192,#2193,#2194,
    #2195,#2196,#2197,#2198,#2199,#2200,#2201,#2202,#2203,#2204,#2205,
    #2206,#2207,#2208,#2209,#2210,#2211,#2212,#2213,#2214,#2215,#2216,
    #2217,#2218,#2219,#2220,#2221,#2222,#2223,#2224,#2232,#2241,#2249,
    #2258,#2264,#2265,#2266));
#2176 = ORIENTED_EDGE('',*,*,#1414,.T.);
#2177 = ORIENTED_EDGE('',*,*,#1462,.T.);
#2178 = ORIENTED_EDGE('',*,*,#1510,.T.);
#2179 = ORIENTED_EDGE('',*,*,#1558,.T.);
#2180 = ORIENTED_EDGE('',*,*,#1606,.T.);
#2181 = ORIENTED_EDGE('',*,*,#1654,.T.);
#2182 = ORIENTED_EDGE('',*,*,#1702,.F.);
#2183 = ORIENTED_EDGE('',*,*,#1750,.T.);
#2184 = ORIENTED_EDGE('',*,*,#1798,.T.);
#2185 = ORIENTED_EDGE('',*,*,#1846,.T.);
#2186 = ORIENTED_EDGE('',*,*,#1894,.T.);
#2187 = ORIENTED_EDGE('',*,*,#1942,.T.);
#2188 = ORIENTED_EDGE('',*,*,#1990,.T.);
#2189 = ORIENTED_EDGE('',*,*,#2038,.T.);
#2190 = ORIENTED_EDGE('',*,*,#2062,.F.);
#2191 = ORIENTED_EDGE('',*,*,#2021,.T.);
#2192 = ORIENTED_EDGE('',*,*,#1973,.T.);
#2193 = ORIENTED_EDGE('',*,*,#1918,.F.);
#2194 = ORIENTED_EDGE('',*,*,#1877,.T.);
#2195 = ORIENTED_EDGE('',*,*,#1822,.F.);
#2196 = ORIENTED_EDGE('',*,*,#1781,.T.);
#2197 = ORIENTED_EDGE('',*,*,#1726,.F.);
#2198 = ORIENTED_EDGE('',*,*,#1685,.F.);
#2199 = ORIENTED_EDGE('',*,*,#1630,.F.);
#2200 = ORIENTED_EDGE('',*,*,#1582,.F.);
#2201 = ORIENTED_EDGE('',*,*,#1534,.F.);
#2202 = ORIENTED_EDGE('',*,*,#1486,.F.);
#2203 = ORIENTED_EDGE('',*,*,#1438,.F.);
#2204 = ORIENTED_EDGE('',*,*,#1390,.F.);
#2205 = ORIENTED_EDGE('',*,*,#1342,.F.);
#2206 = ORIENTED_EDGE('',*,*,#1301,.F.);
#2207 = ORIENTED_EDGE('',*,*,#1238,.F.);
#2208 = ORIENTED_EDGE('',*,*,#1190,.F.);
#2209 = ORIENTED_EDGE('',*,*,#1110,.F.);
#2210 = ORIENTED_EDGE('',*,*,#1062,.F.);
#2211 = ORIENTED_EDGE('',*,*,#1013,.F.);
#2212 = ORIENTED_EDGE('',*,*,#965,.F.);
#2213 = ORIENTED_EDGE('',*,*,#916,.F.);
#2214 = ORIENTED_EDGE('',*,*,#875,.F.);
#2215 = ORIENTED_EDGE('',*,*,#795,.T.);
#2216 = ORIENTED_EDGE('',*,*,#740,.F.);
#2217 = ORIENTED_EDGE('',*,*,#684,.F.);
#2218 = ORIENTED_EDGE('',*,*,#636,.F.);
#2219 = ORIENTED_EDGE('',*,*,#588,.F.);
#2220 = ORIENTED_EDGE('',*,*,#564,.F.);
#2221 = ORIENTED_EDGE('',*,*,#619,.F.);
#2222 = ORIENTED_EDGE('',*,*,#660,.F.);
#2223 = ORIENTED_EDGE('',*,*,#716,.F.);
#2224 = ORIENTED_EDGE('',*,*,#2225,.T.);
#2225 = EDGE_CURVE('',#709,#2226,#2228,.T.);
#2226 = VERTEX_POINT('',#2227);
#2227 = CARTESIAN_POINT('',(102.48,2.36,1.));
#2228 = LINE('',#2229,#2230);
#2229 = CARTESIAN_POINT('',(0.,2.36,1.));
#2230 = VECTOR('',#2231,1.);
#2231 = DIRECTION('',(1.,0.,0.));
#2232 = ORIENTED_EDGE('',*,*,#2233,.T.);
#2233 = EDGE_CURVE('',#2226,#2234,#2236,.T.);
#2234 = VERTEX_POINT('',#2235);
#2235 = CARTESIAN_POINT('',(111.91999999995,11.799971991096,1.));
#2236 = CIRCLE('',#2237,9.44);
#2237 = AXIS2_PLACEMENT_3D('',#2238,#2239,#2240);
#2238 = CARTESIAN_POINT('',(102.48,11.8,1.));
#2239 = DIRECTION('',(-0.,0.,1.));
#2240 = DIRECTION('',(0.,-1.,0.));
#2241 = ORIENTED_EDGE('',*,*,#2242,.T.);
#2242 = EDGE_CURVE('',#2234,#2243,#2245,.T.);
#2243 = VERTEX_POINT('',#2244);
#2244 = CARTESIAN_POINT('',(111.92,139.8,1.));
#2245 = LINE('',#2246,#2247);
#2246 = CARTESIAN_POINT('',(111.92,11.799967362506,1.));
#2247 = VECTOR('',#2248,1.);
#2248 = DIRECTION('',(0.,1.,0.));
#2249 = ORIENTED_EDGE('',*,*,#2250,.T.);
#2250 = EDGE_CURVE('',#2243,#2251,#2253,.T.);
#2251 = VERTEX_POINT('',#2252);
#2252 = CARTESIAN_POINT('',(102.48,149.24,1.));
#2253 = CIRCLE('',#2254,9.44);
#2254 = AXIS2_PLACEMENT_3D('',#2255,#2256,#2257);
#2255 = CARTESIAN_POINT('',(102.48,139.8,1.));
#2256 = DIRECTION('',(0.,0.,1.));
#2257 = DIRECTION('',(1.,0.,0.));
#2258 = ORIENTED_EDGE('',*,*,#2259,.T.);
#2259 = EDGE_CURVE('',#2251,#1263,#2260,.T.);
#2260 = LINE('',#2261,#2262);
#2261 = CARTESIAN_POINT('',(102.48,149.24,1.));
#2262 = VECTOR('',#2263,1.);
#2263 = DIRECTION('',(-1.,0.,0.));
#2264 = ORIENTED_EDGE('',*,*,#1260,.F.);
#2265 = ORIENTED_EDGE('',*,*,#1318,.F.);
#2266 = ORIENTED_EDGE('',*,*,#1366,.T.);
#2267 = FACE_BOUND('',#2268,.T.);
#2268 = EDGE_LOOP('',(#2269));
#2269 = ORIENTED_EDGE('',*,*,#2270,.T.);
#2270 = EDGE_CURVE('',#2271,#2271,#2273,.T.);
#2271 = VERTEX_POINT('',#2272);
#2272 = CARTESIAN_POINT('',(18.18,11.8,1.));
#2273 = CIRCLE('',#2274,3.);
#2274 = AXIS2_PLACEMENT_3D('',#2275,#2276,#2277);
#2275 = CARTESIAN_POINT('',(15.18,11.8,1.));
#2276 = DIRECTION('',(0.,0.,-1.));
#2277 = DIRECTION('',(1.,0.,0.));
#2278 = FACE_BOUND('',#2279,.T.);
#2279 = EDGE_LOOP('',(#2280));
#2280 = ORIENTED_EDGE('',*,*,#2281,.T.);
#2281 = EDGE_CURVE('',#2282,#2282,#2284,.T.);
#2282 = VERTEX_POINT('',#2283);
#2283 = CARTESIAN_POINT('',(105.48,11.8,1.));
#2284 = CIRCLE('',#2285,3.);
#2285 = AXIS2_PLACEMENT_3D('',#2286,#2287,#2288);
#2286 = CARTESIAN_POINT('',(102.48,11.8,1.));
#2287 = DIRECTION('',(0.,0.,-1.));
#2288 = DIRECTION('',(1.,0.,0.));
#2289 = FACE_BOUND('',#2290,.T.);
#2290 = EDGE_LOOP('',(#2291));
#2291 = ORIENTED_EDGE('',*,*,#2292,.T.);
#2292 = EDGE_CURVE('',#2293,#2293,#2295,.T.);
#2293 = VERTEX_POINT('',#2294);
#2294 = CARTESIAN_POINT('',(18.18,139.8,1.));
#2295 = CIRCLE('',#2296,3.);
#2296 = AXIS2_PLACEMENT_3D('',#2297,#2298,#2299);
#2297 = CARTESIAN_POINT('',(15.18,139.8,1.));
#2298 = DIRECTION('',(0.,0.,-1.));
#2299 = DIRECTION('',(1.,0.,0.));
#2300 = FACE_BOUND('',#2301,.T.);
#2301 = EDGE_LOOP('',(#2302));
#2302 = ORIENTED_EDGE('',*,*,#2303,.T.);
#2303 = EDGE_CURVE('',#2304,#2304,#2306,.T.);
#2304 = VERTEX_POINT('',#2305);
#2305 = CARTESIAN_POINT('',(105.48,139.8,1.));
#2306 = CIRCLE('',#2307,3.);
#2307 = AXIS2_PLACEMENT_3D('',#2308,#2309,#2310);
#2308 = CARTESIAN_POINT('',(102.48,139.8,1.));
#2309 = DIRECTION('',(0.,0.,-1.));
#2310 = DIRECTION('',(1.,0.,0.));
#2311 = PLANE('',#2312);
#2312 = AXIS2_PLACEMENT_3D('',#2313,#2314,#2315);
#2313 = CARTESIAN_POINT('',(48.792356112776,75.799999358621,1.));
#2314 = DIRECTION('',(0.,0.,1.));
#2315 = DIRECTION('',(1.,0.,0.));
#2316 = ADVANCED_FACE('',(#2317),#2337,.T.);
#2317 = FACE_BOUND('',#2318,.F.);
#2318 = EDGE_LOOP('',(#2319,#2320,#2328,#2334,#2335,#2336));
#2319 = ORIENTED_EDGE('',*,*,#2225,.T.);
#2320 = ORIENTED_EDGE('',*,*,#2321,.T.);
#2321 = EDGE_CURVE('',#2226,#2322,#2324,.T.);
#2322 = VERTEX_POINT('',#2323);
#2323 = CARTESIAN_POINT('',(102.48,0.8,2.56));
#2324 = LINE('',#2325,#2326);
#2325 = CARTESIAN_POINT('',(102.48,1.58,1.78));
#2326 = VECTOR('',#2327,1.);
#2327 = DIRECTION('',(0.,-0.707106781187,0.707106781187));
#2328 = ORIENTED_EDGE('',*,*,#2329,.F.);
#2329 = EDGE_CURVE('',#837,#2322,#2330,.T.);
#2330 = LINE('',#2331,#2332);
#2331 = CARTESIAN_POINT('',(0.,0.8,2.56));
#2332 = VECTOR('',#2333,1.);
#2333 = DIRECTION('',(1.,0.,0.));
#2334 = ORIENTED_EDGE('',*,*,#836,.F.);
#2335 = ORIENTED_EDGE('',*,*,#764,.F.);
#2336 = ORIENTED_EDGE('',*,*,#706,.T.);
#2337 = PLANE('',#2338);
#2338 = AXIS2_PLACEMENT_3D('',#2339,#2340,#2341);
#2339 = CARTESIAN_POINT('',(0.,1.58,1.78));
#2340 = DIRECTION('',(0.,0.707106781187,0.707106781187));
#2341 = DIRECTION('',(-1.,-0.,-0.));
#2342 = ADVANCED_FACE('',(#2343),#2371,.F.);
#2343 = FACE_BOUND('',#2344,.F.);
#2344 = EDGE_LOOP('',(#2345,#2346,#2355,#2364));
#2345 = ORIENTED_EDGE('',*,*,#810,.F.);
#2346 = ORIENTED_EDGE('',*,*,#2347,.T.);
#2347 = EDGE_CURVE('',#811,#2348,#2350,.T.);
#2348 = VERTEX_POINT('',#2349);
#2349 = CARTESIAN_POINT('',(2.99573029494,0.5,7.640000000069));
#2350 = CIRCLE('',#2351,3.);
#2351 = AXIS2_PLACEMENT_3D('',#2352,#2353,#2354);
#2352 = CARTESIAN_POINT('',(0.,0.5,7.8));
#2353 = DIRECTION('',(0.,-1.,0.));
#2354 = DIRECTION('',(3.179072608933E-14,0.,-1.));
#2355 = ORIENTED_EDGE('',*,*,#2356,.T.);
#2356 = EDGE_CURVE('',#2348,#2357,#2359,.T.);
#2357 = VERTEX_POINT('',#2358);
#2358 = CARTESIAN_POINT('',(3.437208169431,0.,7.14));
#2359 = PARABOLA('',#2360,1.004091629285);
#2360 = AXIS2_PLACEMENT_3D('',#2361,#2362,#2363);
#2361 = CARTESIAN_POINT('',(0.,2.08,9.22));
#2362 = DIRECTION('',(0.,-0.707106781187,0.707106781187));
#2363 = DIRECTION('',(0.,-0.707106781187,-0.707106781187));
#2364 = ORIENTED_EDGE('',*,*,#2365,.F.);
#2365 = EDGE_CURVE('',#813,#2357,#2366,.T.);
#2366 = CIRCLE('',#2367,3.5);
#2367 = AXIS2_PLACEMENT_3D('',#2368,#2369,#2370);
#2368 = CARTESIAN_POINT('',(0.,0.,7.8));
#2369 = DIRECTION('',(0.,-1.,0.));
#2370 = DIRECTION('',(3.179072608933E-14,0.,-1.));
#2371 = CONICAL_SURFACE('',#2372,3.,0.785398163397);
#2372 = AXIS2_PLACEMENT_3D('',#2373,#2374,#2375);
#2373 = CARTESIAN_POINT('',(0.,0.5,7.8));
#2374 = DIRECTION('',(0.,-1.,0.));
#2375 = DIRECTION('',(3.179072608933E-14,0.,-1.));
#2376 = ADVANCED_FACE('',(#2377),#2405,.F.);
#2377 = FACE_BOUND('',#2378,.F.);
#2378 = EDGE_LOOP('',(#2379,#2380,#2389,#2397,#2404));
#2379 = ORIENTED_EDGE('',*,*,#852,.F.);
#2380 = ORIENTED_EDGE('',*,*,#2381,.T.);
#2381 = EDGE_CURVE('',#845,#2382,#2384,.T.);
#2382 = VERTEX_POINT('',#2383);
#2383 = CARTESIAN_POINT('',(3.,0.8,7.8));
#2384 = CIRCLE('',#2385,3.);
#2385 = AXIS2_PLACEMENT_3D('',#2386,#2387,#2388);
#2386 = CARTESIAN_POINT('',(0.,0.8,7.8));
#2387 = DIRECTION('',(0.,-1.,2.22044604925E-16));
#2388 = DIRECTION('',(1.,0.,0.));
#2389 = ORIENTED_EDGE('',*,*,#2390,.F.);
#2390 = EDGE_CURVE('',#2391,#2382,#2393,.T.);
#2391 = VERTEX_POINT('',#2392);
#2392 = CARTESIAN_POINT('',(3.,0.66,7.8));
#2393 = LINE('',#2394,#2395);
#2394 = CARTESIAN_POINT('',(3.,1.731947918415E-15,7.8));
#2395 = VECTOR('',#2396,1.);
#2396 = DIRECTION('',(0.,1.,-2.22044604925E-16));
#2397 = ORIENTED_EDGE('',*,*,#2398,.T.);
#2398 = EDGE_CURVE('',#2391,#2348,#2399,.T.);
#2399 = ELLIPSE('',#2400,4.242640687119,3.);
#2400 = AXIS2_PLACEMENT_3D('',#2401,#2402,#2403);
#2401 = CARTESIAN_POINT('',(0.,0.66,7.8));
#2402 = DIRECTION('',(0.,0.707106781187,-0.707106781187));
#2403 = DIRECTION('',(0.,-0.707106781187,-0.707106781187));
#2404 = ORIENTED_EDGE('',*,*,#2347,.F.);
#2405 = CYLINDRICAL_SURFACE('',#2406,3.);
#2406 = AXIS2_PLACEMENT_3D('',#2407,#2408,#2409);
#2407 = CARTESIAN_POINT('',(0.,1.731947918415E-15,7.8));
#2408 = DIRECTION('',(0.,-1.,2.22044604925E-16));
#2409 = DIRECTION('',(1.,0.,0.));
#2410 = ADVANCED_FACE('',(#2411),#2446,.F.);
#2411 = FACE_BOUND('',#2412,.F.);
#2412 = EDGE_LOOP('',(#2413,#2421,#2429,#2437,#2443,#2444,#2445));
#2413 = ORIENTED_EDGE('',*,*,#2414,.F.);
#2414 = EDGE_CURVE('',#2415,#2322,#2417,.T.);
#2415 = VERTEX_POINT('',#2416);
#2416 = CARTESIAN_POINT('',(102.48,0.8,6.95));
#2417 = LINE('',#2418,#2419);
#2418 = CARTESIAN_POINT('',(102.48,0.8,7.8));
#2419 = VECTOR('',#2420,1.);
#2420 = DIRECTION('',(-0.,-0.,-1.));
#2421 = ORIENTED_EDGE('',*,*,#2422,.F.);
#2422 = EDGE_CURVE('',#2423,#2415,#2425,.T.);
#2423 = VERTEX_POINT('',#2424);
#2424 = CARTESIAN_POINT('',(8.,0.8,6.95));
#2425 = LINE('',#2426,#2427);
#2426 = CARTESIAN_POINT('',(8.,0.8,6.95));
#2427 = VECTOR('',#2428,1.);
#2428 = DIRECTION('',(1.,-5.640421801652E-17,0.));
#2429 = ORIENTED_EDGE('',*,*,#2430,.F.);
#2430 = EDGE_CURVE('',#2431,#2423,#2433,.T.);
#2431 = VERTEX_POINT('',#2432);
#2432 = CARTESIAN_POINT('',(8.,0.8,7.8));
#2433 = LINE('',#2434,#2435);
#2434 = CARTESIAN_POINT('',(8.,0.8,7.8));
#2435 = VECTOR('',#2436,1.);
#2436 = DIRECTION('',(-0.,-0.,-1.));
#2437 = ORIENTED_EDGE('',*,*,#2438,.F.);
#2438 = EDGE_CURVE('',#2382,#2431,#2439,.T.);
#2439 = LINE('',#2440,#2441);
#2440 = CARTESIAN_POINT('',(0.,0.8,7.8));
#2441 = VECTOR('',#2442,1.);
#2442 = DIRECTION('',(1.,0.,0.));
#2443 = ORIENTED_EDGE('',*,*,#2381,.F.);
#2444 = ORIENTED_EDGE('',*,*,#844,.T.);
#2445 = ORIENTED_EDGE('',*,*,#2329,.T.);
#2446 = PLANE('',#2447);
#2447 = AXIS2_PLACEMENT_3D('',#2448,#2449,#2450);
#2448 = CARTESIAN_POINT('',(0.,0.8,7.8));
#2449 = DIRECTION('',(0.,-1.,0.));
#2450 = DIRECTION('',(1.,0.,0.));
#2451 = ADVANCED_FACE('',(#2452),#2471,.F.);
#2452 = FACE_BOUND('',#2453,.F.);
#2453 = EDGE_LOOP('',(#2454,#2462,#2468,#2469,#2470));
#2454 = ORIENTED_EDGE('',*,*,#2455,.T.);
#2455 = EDGE_CURVE('',#2357,#2456,#2458,.T.);
#2456 = VERTEX_POINT('',#2457);
#2457 = CARTESIAN_POINT('',(102.48,1.665334536938E-16,7.14));
#2458 = LINE('',#2459,#2460);
#2459 = CARTESIAN_POINT('',(0.,0.,7.14));
#2460 = VECTOR('',#2461,1.);
#2461 = DIRECTION('',(1.,0.,0.));
#2462 = ORIENTED_EDGE('',*,*,#2463,.F.);
#2463 = EDGE_CURVE('',#893,#2456,#2464,.T.);
#2464 = LINE('',#2465,#2466);
#2465 = CARTESIAN_POINT('',(102.48,-1.7763568394E-15,0.));
#2466 = VECTOR('',#2467,1.);
#2467 = DIRECTION('',(0.,0.,1.));
#2468 = ORIENTED_EDGE('',*,*,#900,.F.);
#2469 = ORIENTED_EDGE('',*,*,#820,.T.);
#2470 = ORIENTED_EDGE('',*,*,#2365,.T.);
#2471 = PLANE('',#2472);
#2472 = AXIS2_PLACEMENT_3D('',#2473,#2474,#2475);
#2473 = CARTESIAN_POINT('',(0.,0.,0.));
#2474 = DIRECTION('',(0.,1.,0.));
#2475 = DIRECTION('',(1.,0.,0.));
#2476 = ADVANCED_FACE('',(#2477),#2496,.T.);
#2477 = FACE_BOUND('',#2478,.T.);
#2478 = EDGE_LOOP('',(#2479,#2480,#2481,#2489));
#2479 = ORIENTED_EDGE('',*,*,#2463,.F.);
#2480 = ORIENTED_EDGE('',*,*,#948,.T.);
#2481 = ORIENTED_EDGE('',*,*,#2482,.T.);
#2482 = EDGE_CURVE('',#941,#2483,#2485,.T.);
#2483 = VERTEX_POINT('',#2484);
#2484 = CARTESIAN_POINT('',(114.28,11.8,7.14));
#2485 = LINE('',#2486,#2487);
#2486 = CARTESIAN_POINT('',(114.28,11.8,0.));
#2487 = VECTOR('',#2488,1.);
#2488 = DIRECTION('',(0.,0.,1.));
#2489 = ORIENTED_EDGE('',*,*,#2490,.F.);
#2490 = EDGE_CURVE('',#2456,#2483,#2491,.T.);
#2491 = CIRCLE('',#2492,11.8);
#2492 = AXIS2_PLACEMENT_3D('',#2493,#2494,#2495);
#2493 = CARTESIAN_POINT('',(102.48,11.8,7.14));
#2494 = DIRECTION('',(-0.,0.,1.));
#2495 = DIRECTION('',(0.,-1.,0.));
#2496 = CYLINDRICAL_SURFACE('',#2497,11.8);
#2497 = AXIS2_PLACEMENT_3D('',#2498,#2499,#2500);
#2498 = CARTESIAN_POINT('',(102.48,11.8,0.));
#2499 = DIRECTION('',(0.,0.,1.));
#2500 = DIRECTION('',(0.,-1.,0.));
#2501 = ADVANCED_FACE('',(#2502),#2520,.F.);
#2502 = FACE_BOUND('',#2503,.F.);
#2503 = EDGE_LOOP('',(#2504,#2505,#2513,#2519));
#2504 = ORIENTED_EDGE('',*,*,#2482,.T.);
#2505 = ORIENTED_EDGE('',*,*,#2506,.T.);
#2506 = EDGE_CURVE('',#2483,#2507,#2509,.T.);
#2507 = VERTEX_POINT('',#2508);
#2508 = CARTESIAN_POINT('',(114.28,139.8,7.14));
#2509 = LINE('',#2510,#2511);
#2510 = CARTESIAN_POINT('',(114.28,11.8,7.14));
#2511 = VECTOR('',#2512,1.);
#2512 = DIRECTION('',(0.,1.,0.));
#2513 = ORIENTED_EDGE('',*,*,#2514,.F.);
#2514 = EDGE_CURVE('',#990,#2507,#2515,.T.);
#2515 = LINE('',#2516,#2517);
#2516 = CARTESIAN_POINT('',(114.28,139.8,0.));
#2517 = VECTOR('',#2518,1.);
#2518 = DIRECTION('',(0.,0.,1.));
#2519 = ORIENTED_EDGE('',*,*,#997,.F.);
#2520 = PLANE('',#2521);
#2521 = AXIS2_PLACEMENT_3D('',#2522,#2523,#2524);
#2522 = CARTESIAN_POINT('',(114.28,0.,0.));
#2523 = DIRECTION('',(-1.,0.,0.));
#2524 = DIRECTION('',(0.,1.,0.));
#2525 = ADVANCED_FACE('',(#2526),#2545,.T.);
#2526 = FACE_BOUND('',#2527,.T.);
#2527 = EDGE_LOOP('',(#2528,#2529,#2530,#2538));
#2528 = ORIENTED_EDGE('',*,*,#2514,.F.);
#2529 = ORIENTED_EDGE('',*,*,#1045,.T.);
#2530 = ORIENTED_EDGE('',*,*,#2531,.T.);
#2531 = EDGE_CURVE('',#1038,#2532,#2534,.T.);
#2532 = VERTEX_POINT('',#2533);
#2533 = CARTESIAN_POINT('',(102.48,151.6,7.14));
#2534 = LINE('',#2535,#2536);
#2535 = CARTESIAN_POINT('',(102.48,151.6,0.));
#2536 = VECTOR('',#2537,1.);
#2537 = DIRECTION('',(0.,0.,1.));
#2538 = ORIENTED_EDGE('',*,*,#2539,.F.);
#2539 = EDGE_CURVE('',#2507,#2532,#2540,.T.);
#2540 = CIRCLE('',#2541,11.8);
#2541 = AXIS2_PLACEMENT_3D('',#2542,#2543,#2544);
#2542 = CARTESIAN_POINT('',(102.48,139.8,7.14));
#2543 = DIRECTION('',(0.,0.,1.));
#2544 = DIRECTION('',(1.,0.,0.));
#2545 = CYLINDRICAL_SURFACE('',#2546,11.8);
#2546 = AXIS2_PLACEMENT_3D('',#2547,#2548,#2549);
#2547 = CARTESIAN_POINT('',(102.48,139.8,0.));
#2548 = DIRECTION('',(0.,0.,1.));
#2549 = DIRECTION('',(1.,0.,0.));
#2550 = ADVANCED_FACE('',(#2551),#2571,.F.);
#2551 = FACE_BOUND('',#2552,.F.);
#2552 = EDGE_LOOP('',(#2553,#2554,#2555,#2556,#2564));
#2553 = ORIENTED_EDGE('',*,*,#1142,.F.);
#2554 = ORIENTED_EDGE('',*,*,#1094,.F.);
#2555 = ORIENTED_EDGE('',*,*,#2531,.T.);
#2556 = ORIENTED_EDGE('',*,*,#2557,.T.);
#2557 = EDGE_CURVE('',#2532,#2558,#2560,.T.);
#2558 = VERTEX_POINT('',#2559);
#2559 = CARTESIAN_POINT('',(3.437208169431,151.6,7.14));
#2560 = LINE('',#2561,#2562);
#2561 = CARTESIAN_POINT('',(102.48,151.6,7.14));
#2562 = VECTOR('',#2563,1.);
#2563 = DIRECTION('',(-1.,0.,0.));
#2564 = ORIENTED_EDGE('',*,*,#2565,.F.);
#2565 = EDGE_CURVE('',#1143,#2558,#2566,.T.);
#2566 = CIRCLE('',#2567,3.5);
#2567 = AXIS2_PLACEMENT_3D('',#2568,#2569,#2570);
#2568 = CARTESIAN_POINT('',(0.,151.6,7.8));
#2569 = DIRECTION('',(0.,-1.,0.));
#2570 = DIRECTION('',(-1.836970198721E-16,-0.,-1.));
#2571 = PLANE('',#2572);
#2572 = AXIS2_PLACEMENT_3D('',#2573,#2574,#2575);
#2573 = CARTESIAN_POINT('',(114.28,151.6,0.));
#2574 = DIRECTION('',(0.,-1.,0.));
#2575 = DIRECTION('',(-1.,0.,0.));
#2576 = ADVANCED_FACE('',(#2577),#2597,.T.);
#2577 = FACE_BOUND('',#2578,.F.);
#2578 = EDGE_LOOP('',(#2579,#2580,#2581,#2589,#2595,#2596));
#2579 = ORIENTED_EDGE('',*,*,#1214,.F.);
#2580 = ORIENTED_EDGE('',*,*,#1174,.T.);
#2581 = ORIENTED_EDGE('',*,*,#2582,.F.);
#2582 = EDGE_CURVE('',#2583,#1167,#2585,.T.);
#2583 = VERTEX_POINT('',#2584);
#2584 = CARTESIAN_POINT('',(102.48,150.8,2.56));
#2585 = LINE('',#2586,#2587);
#2586 = CARTESIAN_POINT('',(102.48,150.8,2.56));
#2587 = VECTOR('',#2588,1.);
#2588 = DIRECTION('',(-1.,0.,0.));
#2589 = ORIENTED_EDGE('',*,*,#2590,.F.);
#2590 = EDGE_CURVE('',#2251,#2583,#2591,.T.);
#2591 = LINE('',#2592,#2593);
#2592 = CARTESIAN_POINT('',(102.48,150.8,2.56));
#2593 = VECTOR('',#2594,1.);
#2594 = DIRECTION('',(3.573162945485E-16,0.707106781187,0.707106781187)
  );
#2595 = ORIENTED_EDGE('',*,*,#2259,.T.);
#2596 = ORIENTED_EDGE('',*,*,#1270,.T.);
#2597 = PLANE('',#2598);
#2598 = AXIS2_PLACEMENT_3D('',#2599,#2600,#2601);
#2599 = CARTESIAN_POINT('',(102.48,150.02,1.78));
#2600 = DIRECTION('',(0.,-0.707106781187,0.707106781187));
#2601 = DIRECTION('',(1.,0.,0.));
#2602 = ADVANCED_FACE('',(#2603),#2646,.F.);
#2603 = FACE_BOUND('',#2604,.F.);
#2604 = EDGE_LOOP('',(#2605,#2615,#2621,#2622,#2623,#2632,#2640));
#2605 = ORIENTED_EDGE('',*,*,#2606,.F.);
#2606 = EDGE_CURVE('',#2607,#2609,#2611,.T.);
#2607 = VERTEX_POINT('',#2608);
#2608 = CARTESIAN_POINT('',(102.48,150.8,6.95));
#2609 = VERTEX_POINT('',#2610);
#2610 = CARTESIAN_POINT('',(8.,150.8,6.95));
#2611 = LINE('',#2612,#2613);
#2612 = CARTESIAN_POINT('',(102.48,150.8,6.95));
#2613 = VECTOR('',#2614,1.);
#2614 = DIRECTION('',(-1.,0.,0.));
#2615 = ORIENTED_EDGE('',*,*,#2616,.T.);
#2616 = EDGE_CURVE('',#2607,#2583,#2617,.T.);
#2617 = LINE('',#2618,#2619);
#2618 = CARTESIAN_POINT('',(102.48,150.8,7.8));
#2619 = VECTOR('',#2620,1.);
#2620 = DIRECTION('',(-0.,-0.,-1.));
#2621 = ORIENTED_EDGE('',*,*,#2582,.T.);
#2622 = ORIENTED_EDGE('',*,*,#1166,.F.);
#2623 = ORIENTED_EDGE('',*,*,#2624,.T.);
#2624 = EDGE_CURVE('',#1159,#2625,#2627,.T.);
#2625 = VERTEX_POINT('',#2626);
#2626 = CARTESIAN_POINT('',(3.,150.8,7.8));
#2627 = CIRCLE('',#2628,3.);
#2628 = AXIS2_PLACEMENT_3D('',#2629,#2630,#2631);
#2629 = CARTESIAN_POINT('',(0.,150.8,7.8));
#2630 = DIRECTION('',(0.,-1.,2.22044604925E-16));
#2631 = DIRECTION('',(1.,0.,0.));
#2632 = ORIENTED_EDGE('',*,*,#2633,.F.);
#2633 = EDGE_CURVE('',#2634,#2625,#2636,.T.);
#2634 = VERTEX_POINT('',#2635);
#2635 = CARTESIAN_POINT('',(8.,150.8,7.8));
#2636 = LINE('',#2637,#2638);
#2637 = CARTESIAN_POINT('',(102.48,150.8,7.8));
#2638 = VECTOR('',#2639,1.);
#2639 = DIRECTION('',(-1.,0.,0.));
#2640 = ORIENTED_EDGE('',*,*,#2641,.T.);
#2641 = EDGE_CURVE('',#2634,#2609,#2642,.T.);
#2642 = LINE('',#2643,#2644);
#2643 = CARTESIAN_POINT('',(8.,150.8,7.8));
#2644 = VECTOR('',#2645,1.);
#2645 = DIRECTION('',(-0.,-0.,-1.));
#2646 = PLANE('',#2647);
#2647 = AXIS2_PLACEMENT_3D('',#2648,#2649,#2650);
#2648 = CARTESIAN_POINT('',(102.48,150.8,7.8));
#2649 = DIRECTION('',(0.,1.,0.));
#2650 = DIRECTION('',(-1.,0.,0.));
#2651 = ADVANCED_FACE('',(#2652),#2680,.F.);
#2652 = FACE_BOUND('',#2653,.F.);
#2653 = EDGE_LOOP('',(#2654,#2665,#2671,#2672,#2673));
#2654 = ORIENTED_EDGE('',*,*,#2655,.T.);
#2655 = EDGE_CURVE('',#2656,#2658,#2660,.T.);
#2656 = VERTEX_POINT('',#2657);
#2657 = CARTESIAN_POINT('',(2.995730294945,151.1,7.640000000152));
#2658 = VERTEX_POINT('',#2659);
#2659 = CARTESIAN_POINT('',(3.,150.94,7.8));
#2660 = ELLIPSE('',#2661,4.242640687119,3.);
#2661 = AXIS2_PLACEMENT_3D('',#2662,#2663,#2664);
#2662 = CARTESIAN_POINT('',(0.,150.94,7.8));
#2663 = DIRECTION('',(6.969054179124E-18,-0.707106781187,-0.707106781187
    ));
#2664 = DIRECTION('',(-6.969054179124E-18,-0.707106781187,0.707106781187
    ));
#2665 = ORIENTED_EDGE('',*,*,#2666,.F.);
#2666 = EDGE_CURVE('',#2625,#2658,#2667,.T.);
#2667 = LINE('',#2668,#2669);
#2668 = CARTESIAN_POINT('',(3.,1.731947918415E-15,7.8));
#2669 = VECTOR('',#2670,1.);
#2670 = DIRECTION('',(0.,1.,-2.22044604925E-16));
#2671 = ORIENTED_EDGE('',*,*,#2624,.F.);
#2672 = ORIENTED_EDGE('',*,*,#1158,.F.);
#2673 = ORIENTED_EDGE('',*,*,#2674,.T.);
#2674 = EDGE_CURVE('',#1151,#2656,#2675,.T.);
#2675 = CIRCLE('',#2676,3.);
#2676 = AXIS2_PLACEMENT_3D('',#2677,#2678,#2679);
#2677 = CARTESIAN_POINT('',(0.,151.1,7.8));
#2678 = DIRECTION('',(0.,-1.,0.));
#2679 = DIRECTION('',(-1.836970198721E-16,-0.,-1.));
#2680 = CYLINDRICAL_SURFACE('',#2681,3.);
#2681 = AXIS2_PLACEMENT_3D('',#2682,#2683,#2684);
#2682 = CARTESIAN_POINT('',(0.,1.731947918415E-15,7.8));
#2683 = DIRECTION('',(0.,-1.,2.22044604925E-16));
#2684 = DIRECTION('',(1.,0.,0.));
#2685 = ADVANCED_FACE('',(#2686),#2698,.F.);
#2686 = FACE_BOUND('',#2687,.T.);
#2687 = EDGE_LOOP('',(#2688,#2689,#2690,#2697));
#2688 = ORIENTED_EDGE('',*,*,#1150,.F.);
#2689 = ORIENTED_EDGE('',*,*,#2674,.T.);
#2690 = ORIENTED_EDGE('',*,*,#2691,.T.);
#2691 = EDGE_CURVE('',#2656,#2558,#2692,.T.);
#2692 = PARABOLA('',#2693,1.004091629285);
#2693 = AXIS2_PLACEMENT_3D('',#2694,#2695,#2696);
#2694 = CARTESIAN_POINT('',(-1.399513793058E-17,149.52,9.22));
#2695 = DIRECTION('',(6.969054179124E-18,-0.707106781187,-0.707106781187
    ));
#2696 = DIRECTION('',(6.969054179124E-18,0.707106781187,-0.707106781187)
  );
#2697 = ORIENTED_EDGE('',*,*,#2565,.F.);
#2698 = CONICAL_SURFACE('',#2699,3.,0.785398163397);
#2699 = AXIS2_PLACEMENT_3D('',#2700,#2701,#2702);
#2700 = CARTESIAN_POINT('',(0.,151.1,7.8));
#2701 = DIRECTION('',(0.,1.,0.));
#2702 = DIRECTION('',(-1.836970198721E-16,-0.,-1.));
#2703 = ADVANCED_FACE('',(#2704),#2723,.F.);
#2704 = FACE_BOUND('',#2705,.T.);
#2705 = EDGE_LOOP('',(#2706,#2714,#2721,#2722));
#2706 = ORIENTED_EDGE('',*,*,#2707,.F.);
#2707 = EDGE_CURVE('',#2708,#2078,#2710,.T.);
#2708 = VERTEX_POINT('',#2709);
#2709 = CARTESIAN_POINT('',(16.68,139.8,2.4));
#2710 = LINE('',#2711,#2712);
#2711 = CARTESIAN_POINT('',(16.68,139.8,2.4));
#2712 = VECTOR('',#2713,1.);
#2713 = DIRECTION('',(-6.217248937901E-17,0.,-1.));
#2714 = ORIENTED_EDGE('',*,*,#2715,.T.);
#2715 = EDGE_CURVE('',#2708,#2708,#2716,.T.);
#2716 = CIRCLE('',#2717,1.5);
#2717 = AXIS2_PLACEMENT_3D('',#2718,#2719,#2720);
#2718 = CARTESIAN_POINT('',(15.18,139.8,2.4));
#2719 = DIRECTION('',(0.,0.,1.));
#2720 = DIRECTION('',(1.,0.,0.));
#2721 = ORIENTED_EDGE('',*,*,#2707,.T.);
#2722 = ORIENTED_EDGE('',*,*,#2087,.T.);
#2723 = CYLINDRICAL_SURFACE('',#2724,1.5);
#2724 = AXIS2_PLACEMENT_3D('',#2725,#2726,#2727);
#2725 = CARTESIAN_POINT('',(15.18,139.8,2.4));
#2726 = DIRECTION('',(-0.,-0.,-1.));
#2727 = DIRECTION('',(1.,0.,0.));
#2728 = ADVANCED_FACE('',(#2729),#2748,.F.);
#2729 = FACE_BOUND('',#2730,.T.);
#2730 = EDGE_LOOP('',(#2731,#2739,#2746,#2747));
#2731 = ORIENTED_EDGE('',*,*,#2732,.F.);
#2732 = EDGE_CURVE('',#2733,#2103,#2735,.T.);
#2733 = VERTEX_POINT('',#2734);
#2734 = CARTESIAN_POINT('',(103.98,139.8,2.4));
#2735 = LINE('',#2736,#2737);
#2736 = CARTESIAN_POINT('',(103.98,139.8,2.4));
#2737 = VECTOR('',#2738,1.);
#2738 = DIRECTION('',(-6.217248937901E-17,0.,-1.));
#2739 = ORIENTED_EDGE('',*,*,#2740,.T.);
#2740 = EDGE_CURVE('',#2733,#2733,#2741,.T.);
#2741 = CIRCLE('',#2742,1.5);
#2742 = AXIS2_PLACEMENT_3D('',#2743,#2744,#2745);
#2743 = CARTESIAN_POINT('',(102.48,139.8,2.4));
#2744 = DIRECTION('',(0.,0.,1.));
#2745 = DIRECTION('',(1.,0.,0.));
#2746 = ORIENTED_EDGE('',*,*,#2732,.T.);
#2747 = ORIENTED_EDGE('',*,*,#2112,.T.);
#2748 = CYLINDRICAL_SURFACE('',#2749,1.5);
#2749 = AXIS2_PLACEMENT_3D('',#2750,#2751,#2752);
#2750 = CARTESIAN_POINT('',(102.48,139.8,2.4));
#2751 = DIRECTION('',(-0.,-0.,-1.));
#2752 = DIRECTION('',(1.,0.,0.));
#2753 = ADVANCED_FACE('',(#2754),#2773,.F.);
#2754 = FACE_BOUND('',#2755,.T.);
#2755 = EDGE_LOOP('',(#2756,#2764,#2771,#2772));
#2756 = ORIENTED_EDGE('',*,*,#2757,.F.);
#2757 = EDGE_CURVE('',#2758,#2128,#2760,.T.);
#2758 = VERTEX_POINT('',#2759);
#2759 = CARTESIAN_POINT('',(16.68,11.8,2.4));
#2760 = LINE('',#2761,#2762);
#2761 = CARTESIAN_POINT('',(16.68,11.8,2.4));
#2762 = VECTOR('',#2763,1.);
#2763 = DIRECTION('',(-6.217248937901E-17,0.,-1.));
#2764 = ORIENTED_EDGE('',*,*,#2765,.T.);
#2765 = EDGE_CURVE('',#2758,#2758,#2766,.T.);
#2766 = CIRCLE('',#2767,1.5);
#2767 = AXIS2_PLACEMENT_3D('',#2768,#2769,#2770);
#2768 = CARTESIAN_POINT('',(15.18,11.8,2.4));
#2769 = DIRECTION('',(0.,0.,1.));
#2770 = DIRECTION('',(1.,0.,0.));
#2771 = ORIENTED_EDGE('',*,*,#2757,.T.);
#2772 = ORIENTED_EDGE('',*,*,#2137,.T.);
#2773 = CYLINDRICAL_SURFACE('',#2774,1.5);
#2774 = AXIS2_PLACEMENT_3D('',#2775,#2776,#2777);
#2775 = CARTESIAN_POINT('',(15.18,11.8,2.4));
#2776 = DIRECTION('',(-0.,-0.,-1.));
#2777 = DIRECTION('',(1.,0.,0.));
#2778 = ADVANCED_FACE('',(#2779),#2798,.F.);
#2779 = FACE_BOUND('',#2780,.T.);
#2780 = EDGE_LOOP('',(#2781,#2789,#2796,#2797));
#2781 = ORIENTED_EDGE('',*,*,#2782,.F.);
#2782 = EDGE_CURVE('',#2783,#2153,#2785,.T.);
#2783 = VERTEX_POINT('',#2784);
#2784 = CARTESIAN_POINT('',(103.98,11.8,2.4));
#2785 = LINE('',#2786,#2787);
#2786 = CARTESIAN_POINT('',(103.98,11.8,2.4));
#2787 = VECTOR('',#2788,1.);
#2788 = DIRECTION('',(-6.217248937901E-17,0.,-1.));
#2789 = ORIENTED_EDGE('',*,*,#2790,.T.);
#2790 = EDGE_CURVE('',#2783,#2783,#2791,.T.);
#2791 = CIRCLE('',#2792,1.5);
#2792 = AXIS2_PLACEMENT_3D('',#2793,#2794,#2795);
#2793 = CARTESIAN_POINT('',(102.48,11.8,2.4));
#2794 = DIRECTION('',(0.,0.,1.));
#2795 = DIRECTION('',(1.,0.,0.));
#2796 = ORIENTED_EDGE('',*,*,#2782,.T.);
#2797 = ORIENTED_EDGE('',*,*,#2162,.T.);
#2798 = CYLINDRICAL_SURFACE('',#2799,1.5);
#2799 = AXIS2_PLACEMENT_3D('',#2800,#2801,#2802);
#2800 = CARTESIAN_POINT('',(102.48,11.8,2.4));
#2801 = DIRECTION('',(-0.,-0.,-1.));
#2802 = DIRECTION('',(1.,0.,0.));
#2803 = ADVANCED_FACE('',(#2804),#2823,.F.);
#2804 = FACE_BOUND('',#2805,.F.);
#2805 = EDGE_LOOP('',(#2806,#2814,#2815,#2816));
#2806 = ORIENTED_EDGE('',*,*,#2807,.F.);
#2807 = EDGE_CURVE('',#2243,#2808,#2810,.T.);
#2808 = VERTEX_POINT('',#2809);
#2809 = CARTESIAN_POINT('',(113.48,139.8,2.56));
#2810 = LINE('',#2811,#2812);
#2811 = CARTESIAN_POINT('',(112.7,139.8,1.78));
#2812 = VECTOR('',#2813,1.);
#2813 = DIRECTION('',(0.707106781187,0.,0.707106781187));
#2814 = ORIENTED_EDGE('',*,*,#2250,.T.);
#2815 = ORIENTED_EDGE('',*,*,#2590,.T.);
#2816 = ORIENTED_EDGE('',*,*,#2817,.F.);
#2817 = EDGE_CURVE('',#2808,#2583,#2818,.T.);
#2818 = CIRCLE('',#2819,11.);
#2819 = AXIS2_PLACEMENT_3D('',#2820,#2821,#2822);
#2820 = CARTESIAN_POINT('',(102.48,139.8,2.56));
#2821 = DIRECTION('',(0.,0.,1.));
#2822 = DIRECTION('',(1.,0.,0.));
#2823 = CONICAL_SURFACE('',#2824,11.,0.785398163397);
#2824 = AXIS2_PLACEMENT_3D('',#2825,#2826,#2827);
#2825 = CARTESIAN_POINT('',(102.48,139.8,2.56));
#2826 = DIRECTION('',(0.,0.,1.));
#2827 = DIRECTION('',(1.,0.,0.));
#2828 = ADVANCED_FACE('',(#2829),#2847,.T.);
#2829 = FACE_BOUND('',#2830,.F.);
#2830 = EDGE_LOOP('',(#2831,#2839,#2840,#2841));
#2831 = ORIENTED_EDGE('',*,*,#2832,.F.);
#2832 = EDGE_CURVE('',#2234,#2833,#2835,.T.);
#2833 = VERTEX_POINT('',#2834);
#2834 = CARTESIAN_POINT('',(113.47999999995,11.799967362506,2.56));
#2835 = LINE('',#2836,#2837);
#2836 = CARTESIAN_POINT('',(113.47999999995,11.799967362506,2.56));
#2837 = VECTOR('',#2838,1.);
#2838 = DIRECTION('',(0.707106781183,-2.098017584925E-06,0.707106781187)
  );
#2839 = ORIENTED_EDGE('',*,*,#2242,.T.);
#2840 = ORIENTED_EDGE('',*,*,#2807,.T.);
#2841 = ORIENTED_EDGE('',*,*,#2842,.F.);
#2842 = EDGE_CURVE('',#2833,#2808,#2843,.T.);
#2843 = LINE('',#2844,#2845);
#2844 = CARTESIAN_POINT('',(113.48,11.799967362506,2.56));
#2845 = VECTOR('',#2846,1.);
#2846 = DIRECTION('',(0.,1.,0.));
#2847 = PLANE('',#2848);
#2848 = AXIS2_PLACEMENT_3D('',#2849,#2850,#2851);
#2849 = CARTESIAN_POINT('',(112.7,11.799967362506,1.78));
#2850 = DIRECTION('',(-0.707106781187,0.,0.707106781187));
#2851 = DIRECTION('',(-0.,-1.,-0.));
#2852 = ADVANCED_FACE('',(#2853),#2865,.F.);
#2853 = FACE_BOUND('',#2854,.F.);
#2854 = EDGE_LOOP('',(#2855,#2856,#2857,#2858));
#2855 = ORIENTED_EDGE('',*,*,#2321,.F.);
#2856 = ORIENTED_EDGE('',*,*,#2233,.T.);
#2857 = ORIENTED_EDGE('',*,*,#2832,.T.);
#2858 = ORIENTED_EDGE('',*,*,#2859,.F.);
#2859 = EDGE_CURVE('',#2322,#2833,#2860,.T.);
#2860 = CIRCLE('',#2861,11.);
#2861 = AXIS2_PLACEMENT_3D('',#2862,#2863,#2864);
#2862 = CARTESIAN_POINT('',(102.48,11.8,2.56));
#2863 = DIRECTION('',(-0.,0.,1.));
#2864 = DIRECTION('',(0.,-1.,0.));
#2865 = CONICAL_SURFACE('',#2866,11.,0.785398163397);
#2866 = AXIS2_PLACEMENT_3D('',#2867,#2868,#2869);
#2867 = CARTESIAN_POINT('',(102.48,11.8,2.56));
#2868 = DIRECTION('',(0.,0.,1.));
#2869 = DIRECTION('',(0.,-1.,0.));
#2870 = ADVANCED_FACE('',(#2871),#2889,.T.);
#2871 = FACE_BOUND('',#2872,.T.);
#2872 = EDGE_LOOP('',(#2873,#2880,#2887,#2888));
#2873 = ORIENTED_EDGE('',*,*,#2874,.F.);
#2874 = EDGE_CURVE('',#2875,#2271,#2877,.T.);
#2875 = VERTEX_POINT('',#2876);
#2876 = CARTESIAN_POINT('',(16.78,11.8,2.4));
#2877 = B_SPLINE_CURVE_WITH_KNOTS('',1,(#2878,#2879),.UNSPECIFIED.,.F.,
  .F.,(2,2),(0.,1.),.PIECEWISE_BEZIER_KNOTS.);
#2878 = CARTESIAN_POINT('',(16.78,11.8,2.4));
#2879 = CARTESIAN_POINT('',(19.18,11.8,0.));
#2880 = ORIENTED_EDGE('',*,*,#2881,.T.);
#2881 = EDGE_CURVE('',#2875,#2875,#2882,.T.);
#2882 = CIRCLE('',#2883,1.6);
#2883 = AXIS2_PLACEMENT_3D('',#2884,#2885,#2886);
#2884 = CARTESIAN_POINT('',(15.18,11.8,2.4));
#2885 = DIRECTION('',(0.,0.,-1.));
#2886 = DIRECTION('',(1.,0.,0.));
#2887 = ORIENTED_EDGE('',*,*,#2874,.T.);
#2888 = ORIENTED_EDGE('',*,*,#2270,.F.);
#2889 = CONICAL_SURFACE('',#2890,1.6,0.785398163397);
#2890 = AXIS2_PLACEMENT_3D('',#2891,#2892,#2893);
#2891 = CARTESIAN_POINT('',(15.18,11.8,2.4));
#2892 = DIRECTION('',(0.,0.,-1.));
#2893 = DIRECTION('',(1.,0.,0.));
#2894 = ADVANCED_FACE('',(#2895),#2913,.T.);
#2895 = FACE_BOUND('',#2896,.T.);
#2896 = EDGE_LOOP('',(#2897,#2904,#2911,#2912));
#2897 = ORIENTED_EDGE('',*,*,#2898,.F.);
#2898 = EDGE_CURVE('',#2899,#2282,#2901,.T.);
#2899 = VERTEX_POINT('',#2900);
#2900 = CARTESIAN_POINT('',(104.08,11.8,2.4));
#2901 = B_SPLINE_CURVE_WITH_KNOTS('',1,(#2902,#2903),.UNSPECIFIED.,.F.,
  .F.,(2,2),(0.,1.),.PIECEWISE_BEZIER_KNOTS.);
#2902 = CARTESIAN_POINT('',(104.08,11.8,2.4));
#2903 = CARTESIAN_POINT('',(106.48,11.8,0.));
#2904 = ORIENTED_EDGE('',*,*,#2905,.T.);
#2905 = EDGE_CURVE('',#2899,#2899,#2906,.T.);
#2906 = CIRCLE('',#2907,1.6);
#2907 = AXIS2_PLACEMENT_3D('',#2908,#2909,#2910);
#2908 = CARTESIAN_POINT('',(102.48,11.8,2.4));
#2909 = DIRECTION('',(0.,0.,-1.));
#2910 = DIRECTION('',(1.,0.,0.));
#2911 = ORIENTED_EDGE('',*,*,#2898,.T.);
#2912 = ORIENTED_EDGE('',*,*,#2281,.F.);
#2913 = CONICAL_SURFACE('',#2914,1.6,0.785398163397);
#2914 = AXIS2_PLACEMENT_3D('',#2915,#2916,#2917);
#2915 = CARTESIAN_POINT('',(102.48,11.8,2.4));
#2916 = DIRECTION('',(0.,0.,-1.));
#2917 = DIRECTION('',(1.,0.,0.));
#2918 = ADVANCED_FACE('',(#2919),#2937,.T.);
#2919 = FACE_BOUND('',#2920,.T.);
#2920 = EDGE_LOOP('',(#2921,#2928,#2935,#2936));
#2921 = ORIENTED_EDGE('',*,*,#2922,.F.);
#2922 = EDGE_CURVE('',#2923,#2293,#2925,.T.);
#2923 = VERTEX_POINT('',#2924);
#2924 = CARTESIAN_POINT('',(16.78,139.8,2.4));
#2925 = B_SPLINE_CURVE_WITH_KNOTS('',1,(#2926,#2927),.UNSPECIFIED.,.F.,
  .F.,(2,2),(0.,1.),.PIECEWISE_BEZIER_KNOTS.);
#2926 = CARTESIAN_POINT('',(16.78,139.8,2.4));
#2927 = CARTESIAN_POINT('',(19.18,139.8,0.));
#2928 = ORIENTED_EDGE('',*,*,#2929,.T.);
#2929 = EDGE_CURVE('',#2923,#2923,#2930,.T.);
#2930 = CIRCLE('',#2931,1.6);
#2931 = AXIS2_PLACEMENT_3D('',#2932,#2933,#2934);
#2932 = CARTESIAN_POINT('',(15.18,139.8,2.4));
#2933 = DIRECTION('',(0.,0.,-1.));
#2934 = DIRECTION('',(1.,0.,0.));
#2935 = ORIENTED_EDGE('',*,*,#2922,.T.);
#2936 = ORIENTED_EDGE('',*,*,#2292,.F.);
#2937 = CONICAL_SURFACE('',#2938,1.6,0.785398163397);
#2938 = AXIS2_PLACEMENT_3D('',#2939,#2940,#2941);
#2939 = CARTESIAN_POINT('',(15.18,139.8,2.4));
#2940 = DIRECTION('',(0.,0.,-1.));
#2941 = DIRECTION('',(1.,0.,0.));
#2942 = ADVANCED_FACE('',(#2943),#2961,.T.);
#2943 = FACE_BOUND('',#2944,.T.);
#2944 = EDGE_LOOP('',(#2945,#2952,#2959,#2960));
#2945 = ORIENTED_EDGE('',*,*,#2946,.F.);
#2946 = EDGE_CURVE('',#2947,#2304,#2949,.T.);
#2947 = VERTEX_POINT('',#2948);
#2948 = CARTESIAN_POINT('',(104.08,139.8,2.4));
#2949 = B_SPLINE_CURVE_WITH_KNOTS('',1,(#2950,#2951),.UNSPECIFIED.,.F.,
  .F.,(2,2),(0.,1.),.PIECEWISE_BEZIER_KNOTS.);
#2950 = CARTESIAN_POINT('',(104.08,139.8,2.4));
#2951 = CARTESIAN_POINT('',(106.48,139.8,0.));
#2952 = ORIENTED_EDGE('',*,*,#2953,.T.);
#2953 = EDGE_CURVE('',#2947,#2947,#2954,.T.);
#2954 = CIRCLE('',#2955,1.6);
#2955 = AXIS2_PLACEMENT_3D('',#2956,#2957,#2958);
#2956 = CARTESIAN_POINT('',(102.48,139.8,2.4));
#2957 = DIRECTION('',(0.,0.,-1.));
#2958 = DIRECTION('',(1.,0.,0.));
#2959 = ORIENTED_EDGE('',*,*,#2946,.T.);
#2960 = ORIENTED_EDGE('',*,*,#2303,.F.);
#2961 = CONICAL_SURFACE('',#2962,1.6,0.785398163397);
#2962 = AXIS2_PLACEMENT_3D('',#2963,#2964,#2965);
#2963 = CARTESIAN_POINT('',(102.48,139.8,2.4));
#2964 = DIRECTION('',(0.,0.,-1.));
#2965 = DIRECTION('',(1.,0.,0.));
#2966 = ADVANCED_FACE('',(#2967),#2986,.F.);
#2967 = FACE_BOUND('',#2968,.F.);
#2968 = EDGE_LOOP('',(#2969,#2970,#2978,#2984,#2985));
#2969 = ORIENTED_EDGE('',*,*,#2398,.F.);
#2970 = ORIENTED_EDGE('',*,*,#2971,.T.);
#2971 = EDGE_CURVE('',#2391,#2972,#2974,.T.);
#2972 = VERTEX_POINT('',#2973);
#2973 = CARTESIAN_POINT('',(102.48,0.66,7.8));
#2974 = LINE('',#2975,#2976);
#2975 = CARTESIAN_POINT('',(0.,0.66,7.8));
#2976 = VECTOR('',#2977,1.);
#2977 = DIRECTION('',(1.,0.,0.));
#2978 = ORIENTED_EDGE('',*,*,#2979,.T.);
#2979 = EDGE_CURVE('',#2972,#2456,#2980,.T.);
#2980 = LINE('',#2981,#2982);
#2981 = CARTESIAN_POINT('',(102.48,0.33,7.47));
#2982 = VECTOR('',#2983,1.);
#2983 = DIRECTION('',(0.,-0.707106781187,-0.707106781187));
#2984 = ORIENTED_EDGE('',*,*,#2455,.F.);
#2985 = ORIENTED_EDGE('',*,*,#2356,.F.);
#2986 = PLANE('',#2987);
#2987 = AXIS2_PLACEMENT_3D('',#2988,#2989,#2990);
#2988 = CARTESIAN_POINT('',(0.,0.33,7.47));
#2989 = DIRECTION('',(0.,0.707106781187,-0.707106781187));
#2990 = DIRECTION('',(1.,0.,0.));
#2991 = ADVANCED_FACE('',(#2992),#3087,.T.);
#2992 = FACE_BOUND('',#2993,.T.);
#2993 = EDGE_LOOP('',(#2994,#2995,#2996,#3005,#3013,#3022,#3028,#3029,
    #3030,#3038,#3046,#3055,#3063,#3072,#3080,#3086));
#2994 = ORIENTED_EDGE('',*,*,#2390,.F.);
#2995 = ORIENTED_EDGE('',*,*,#2971,.T.);
#2996 = ORIENTED_EDGE('',*,*,#2997,.T.);
#2997 = EDGE_CURVE('',#2972,#2998,#3000,.T.);
#2998 = VERTEX_POINT('',#2999);
#2999 = CARTESIAN_POINT('',(113.62,11.8,7.8));
#3000 = CIRCLE('',#3001,11.14);
#3001 = AXIS2_PLACEMENT_3D('',#3002,#3003,#3004);
#3002 = CARTESIAN_POINT('',(102.48,11.8,7.8));
#3003 = DIRECTION('',(-0.,0.,1.));
#3004 = DIRECTION('',(0.,-1.,0.));
#3005 = ORIENTED_EDGE('',*,*,#3006,.T.);
#3006 = EDGE_CURVE('',#2998,#3007,#3009,.T.);
#3007 = VERTEX_POINT('',#3008);
#3008 = CARTESIAN_POINT('',(113.62,139.8,7.8));
#3009 = LINE('',#3010,#3011);
#3010 = CARTESIAN_POINT('',(113.62,11.8,7.8));
#3011 = VECTOR('',#3012,1.);
#3012 = DIRECTION('',(0.,1.,0.));
#3013 = ORIENTED_EDGE('',*,*,#3014,.T.);
#3014 = EDGE_CURVE('',#3007,#3015,#3017,.T.);
#3015 = VERTEX_POINT('',#3016);
#3016 = CARTESIAN_POINT('',(102.48,150.94,7.8));
#3017 = CIRCLE('',#3018,11.14);
#3018 = AXIS2_PLACEMENT_3D('',#3019,#3020,#3021);
#3019 = CARTESIAN_POINT('',(102.48,139.8,7.8));
#3020 = DIRECTION('',(0.,0.,1.));
#3021 = DIRECTION('',(1.,0.,0.));
#3022 = ORIENTED_EDGE('',*,*,#3023,.T.);
#3023 = EDGE_CURVE('',#3015,#2658,#3024,.T.);
#3024 = LINE('',#3025,#3026);
#3025 = CARTESIAN_POINT('',(102.48,150.94,7.8));
#3026 = VECTOR('',#3027,1.);
#3027 = DIRECTION('',(-1.,0.,0.));
#3028 = ORIENTED_EDGE('',*,*,#2666,.F.);
#3029 = ORIENTED_EDGE('',*,*,#2633,.F.);
#3030 = ORIENTED_EDGE('',*,*,#3031,.T.);
#3031 = EDGE_CURVE('',#2634,#3032,#3034,.T.);
#3032 = VERTEX_POINT('',#3033);
#3033 = CARTESIAN_POINT('',(8.,150.,7.8));
#3034 = LINE('',#3035,#3036);
#3035 = CARTESIAN_POINT('',(8.,150.8,7.8));
#3036 = VECTOR('',#3037,1.);
#3037 = DIRECTION('',(0.,-1.,0.));
#3038 = ORIENTED_EDGE('',*,*,#3039,.T.);
#3039 = EDGE_CURVE('',#3032,#3040,#3042,.T.);
#3040 = VERTEX_POINT('',#3041);
#3041 = CARTESIAN_POINT('',(102.48,150.,7.8));
#3042 = LINE('',#3043,#3044);
#3043 = CARTESIAN_POINT('',(8.,150.,7.8));
#3044 = VECTOR('',#3045,1.);
#3045 = DIRECTION('',(1.,0.,0.));
#3046 = ORIENTED_EDGE('',*,*,#3047,.F.);
#3047 = EDGE_CURVE('',#3048,#3040,#3050,.T.);
#3048 = VERTEX_POINT('',#3049);
#3049 = CARTESIAN_POINT('',(112.67999999994,139.7999658756,7.8));
#3050 = CIRCLE('',#3051,10.2);
#3051 = AXIS2_PLACEMENT_3D('',#3052,#3053,#3054);
#3052 = CARTESIAN_POINT('',(102.48,139.8,7.8));
#3053 = DIRECTION('',(0.,0.,1.));
#3054 = DIRECTION('',(1.,0.,0.));
#3055 = ORIENTED_EDGE('',*,*,#3056,.F.);
#3056 = EDGE_CURVE('',#3057,#3048,#3059,.T.);
#3057 = VERTEX_POINT('',#3058);
#3058 = CARTESIAN_POINT('',(112.67999999994,11.799965881647,7.8));
#3059 = LINE('',#3060,#3061);
#3060 = CARTESIAN_POINT('',(112.67999999994,11.799965881647,7.8));
#3061 = VECTOR('',#3062,1.);
#3062 = DIRECTION('',(0.,1.,0.));
#3063 = ORIENTED_EDGE('',*,*,#3064,.F.);
#3064 = EDGE_CURVE('',#3065,#3057,#3067,.T.);
#3065 = VERTEX_POINT('',#3066);
#3066 = CARTESIAN_POINT('',(102.48,1.6,7.8));
#3067 = CIRCLE('',#3068,10.2);
#3068 = AXIS2_PLACEMENT_3D('',#3069,#3070,#3071);
#3069 = CARTESIAN_POINT('',(102.48,11.8,7.8));
#3070 = DIRECTION('',(0.,0.,1.));
#3071 = DIRECTION('',(1.,0.,0.));
#3072 = ORIENTED_EDGE('',*,*,#3073,.F.);
#3073 = EDGE_CURVE('',#3074,#3065,#3076,.T.);
#3074 = VERTEX_POINT('',#3075);
#3075 = CARTESIAN_POINT('',(8.,1.6,7.8));
#3076 = LINE('',#3077,#3078);
#3077 = CARTESIAN_POINT('',(8.,1.6,7.8));
#3078 = VECTOR('',#3079,1.);
#3079 = DIRECTION('',(1.,0.,0.));
#3080 = ORIENTED_EDGE('',*,*,#3081,.F.);
#3081 = EDGE_CURVE('',#2431,#3074,#3082,.T.);
#3082 = LINE('',#3083,#3084);
#3083 = CARTESIAN_POINT('',(8.,0.8,7.8));
#3084 = VECTOR('',#3085,1.);
#3085 = DIRECTION('',(0.,1.,0.));
#3086 = ORIENTED_EDGE('',*,*,#2438,.F.);
#3087 = PLANE('',#3088);
#3088 = AXIS2_PLACEMENT_3D('',#3089,#3090,#3091);
#3089 = CARTESIAN_POINT('',(77.943231446091,75.799999756366,7.8));
#3090 = DIRECTION('',(0.,0.,1.));
#3091 = DIRECTION('',(1.,0.,0.));
#3092 = ADVANCED_FACE('',(#3093),#3112,.F.);
#3093 = FACE_BOUND('',#3094,.F.);
#3094 = EDGE_LOOP('',(#3095,#3103,#3110,#3111));
#3095 = ORIENTED_EDGE('',*,*,#3096,.F.);
#3096 = EDGE_CURVE('',#3097,#2833,#3099,.T.);
#3097 = VERTEX_POINT('',#3098);
#3098 = CARTESIAN_POINT('',(113.47999999995,11.799967362506,6.95));
#3099 = LINE('',#3100,#3101);
#3100 = CARTESIAN_POINT('',(113.47999999997,11.799967362506,7.8));
#3101 = VECTOR('',#3102,1.);
#3102 = DIRECTION('',(-0.,-0.,-1.));
#3103 = ORIENTED_EDGE('',*,*,#3104,.F.);
#3104 = EDGE_CURVE('',#2415,#3097,#3105,.T.);
#3105 = CIRCLE('',#3106,11.);
#3106 = AXIS2_PLACEMENT_3D('',#3107,#3108,#3109);
#3107 = CARTESIAN_POINT('',(102.48,11.8,6.95));
#3108 = DIRECTION('',(-0.,0.,1.));
#3109 = DIRECTION('',(0.,-1.,0.));
#3110 = ORIENTED_EDGE('',*,*,#2414,.T.);
#3111 = ORIENTED_EDGE('',*,*,#2859,.T.);
#3112 = CYLINDRICAL_SURFACE('',#3113,11.);
#3113 = AXIS2_PLACEMENT_3D('',#3114,#3115,#3116);
#3114 = CARTESIAN_POINT('',(102.48,11.8,7.8));
#3115 = DIRECTION('',(0.,0.,1.));
#3116 = DIRECTION('',(1.,0.,0.));
#3117 = ADVANCED_FACE('',(#3118),#3144,.F.);
#3118 = FACE_BOUND('',#3119,.F.);
#3119 = EDGE_LOOP('',(#3120,#3130,#3136,#3137,#3138));
#3120 = ORIENTED_EDGE('',*,*,#3121,.T.);
#3121 = EDGE_CURVE('',#3122,#3124,#3126,.T.);
#3122 = VERTEX_POINT('',#3123);
#3123 = CARTESIAN_POINT('',(8.,1.55,7.7));
#3124 = VERTEX_POINT('',#3125);
#3125 = CARTESIAN_POINT('',(8.,1.6,7.7));
#3126 = LINE('',#3127,#3128);
#3127 = CARTESIAN_POINT('',(8.,0.8,7.7));
#3128 = VECTOR('',#3129,1.);
#3129 = DIRECTION('',(0.,1.,0.));
#3130 = ORIENTED_EDGE('',*,*,#3131,.F.);
#3131 = EDGE_CURVE('',#3074,#3124,#3132,.T.);
#3132 = LINE('',#3133,#3134);
#3133 = CARTESIAN_POINT('',(8.,1.6,7.8));
#3134 = VECTOR('',#3135,1.);
#3135 = DIRECTION('',(-0.,-0.,-1.));
#3136 = ORIENTED_EDGE('',*,*,#3081,.F.);
#3137 = ORIENTED_EDGE('',*,*,#2430,.T.);
#3138 = ORIENTED_EDGE('',*,*,#3139,.T.);
#3139 = EDGE_CURVE('',#2423,#3122,#3140,.T.);
#3140 = LINE('',#3141,#3142);
#3141 = CARTESIAN_POINT('',(8.,1.2,7.35));
#3142 = VECTOR('',#3143,1.);
#3143 = DIRECTION('',(0.,0.707106781187,0.707106781187));
#3144 = PLANE('',#3145);
#3145 = AXIS2_PLACEMENT_3D('',#3146,#3147,#3148);
#3146 = CARTESIAN_POINT('',(8.,0.8,7.8));
#3147 = DIRECTION('',(1.,0.,0.));
#3148 = DIRECTION('',(0.,1.,0.));
#3149 = ADVANCED_FACE('',(#3150),#3168,.F.);
#3150 = FACE_BOUND('',#3151,.F.);
#3151 = EDGE_LOOP('',(#3152,#3153,#3154,#3162));
#3152 = ORIENTED_EDGE('',*,*,#3139,.F.);
#3153 = ORIENTED_EDGE('',*,*,#2422,.T.);
#3154 = ORIENTED_EDGE('',*,*,#3155,.T.);
#3155 = EDGE_CURVE('',#2415,#3156,#3158,.T.);
#3156 = VERTEX_POINT('',#3157);
#3157 = CARTESIAN_POINT('',(102.48,1.55,7.7));
#3158 = LINE('',#3159,#3160);
#3159 = CARTESIAN_POINT('',(102.48,1.175,7.325));
#3160 = VECTOR('',#3161,1.);
#3161 = DIRECTION('',(3.988380504701E-17,0.707106781187,0.707106781187)
  );
#3162 = ORIENTED_EDGE('',*,*,#3163,.F.);
#3163 = EDGE_CURVE('',#3122,#3156,#3164,.T.);
#3164 = LINE('',#3165,#3166);
#3165 = CARTESIAN_POINT('',(8.,1.55,7.7));
#3166 = VECTOR('',#3167,1.);
#3167 = DIRECTION('',(1.,-5.640421801652E-17,0.));
#3168 = PLANE('',#3169);
#3169 = AXIS2_PLACEMENT_3D('',#3170,#3171,#3172);
#3170 = CARTESIAN_POINT('',(8.,1.175,7.325));
#3171 = DIRECTION('',(0.,-0.707106781187,0.707106781187));
#3172 = DIRECTION('',(1.,-2.820210900826E-17,-2.820210900826E-17));
#3173 = ADVANCED_FACE('',(#3174),#3185,.T.);
#3174 = FACE_BOUND('',#3175,.F.);
#3175 = EDGE_LOOP('',(#3176,#3177,#3178,#3184));
#3176 = ORIENTED_EDGE('',*,*,#2979,.F.);
#3177 = ORIENTED_EDGE('',*,*,#2997,.T.);
#3178 = ORIENTED_EDGE('',*,*,#3179,.T.);
#3179 = EDGE_CURVE('',#2998,#2483,#3180,.T.);
#3180 = LINE('',#3181,#3182);
#3181 = CARTESIAN_POINT('',(114.28,11.8,7.14));
#3182 = VECTOR('',#3183,1.);
#3183 = DIRECTION('',(0.707106781187,-4.329780281177E-17,-0.707106781187
    ));
#3184 = ORIENTED_EDGE('',*,*,#2490,.F.);
#3185 = CONICAL_SURFACE('',#3186,11.8,0.785398163397);
#3186 = AXIS2_PLACEMENT_3D('',#3187,#3188,#3189);
#3187 = CARTESIAN_POINT('',(102.48,11.8,7.14));
#3188 = DIRECTION('',(-0.,-0.,-1.));
#3189 = DIRECTION('',(0.,-1.,0.));
#3190 = ADVANCED_FACE('',(#3191),#3202,.F.);
#3191 = FACE_BOUND('',#3192,.F.);
#3192 = EDGE_LOOP('',(#3193,#3194,#3195,#3201));
#3193 = ORIENTED_EDGE('',*,*,#3179,.F.);
#3194 = ORIENTED_EDGE('',*,*,#3006,.T.);
#3195 = ORIENTED_EDGE('',*,*,#3196,.T.);
#3196 = EDGE_CURVE('',#3007,#2507,#3197,.T.);
#3197 = LINE('',#3198,#3199);
#3198 = CARTESIAN_POINT('',(113.95,139.8,7.47));
#3199 = VECTOR('',#3200,1.);
#3200 = DIRECTION('',(0.707106781187,0.,-0.707106781187));
#3201 = ORIENTED_EDGE('',*,*,#2506,.F.);
#3202 = PLANE('',#3203);
#3203 = AXIS2_PLACEMENT_3D('',#3204,#3205,#3206);
#3204 = CARTESIAN_POINT('',(113.95,11.8,7.47));
#3205 = DIRECTION('',(-0.707106781187,-6.969054179124E-18,
    -0.707106781187));
#3206 = DIRECTION('',(-4.927865468515E-18,1.,-4.927865468515E-18));
#3207 = ADVANCED_FACE('',(#3208),#3219,.T.);
#3208 = FACE_BOUND('',#3209,.F.);
#3209 = EDGE_LOOP('',(#3210,#3211,#3212,#3218));
#3210 = ORIENTED_EDGE('',*,*,#3196,.F.);
#3211 = ORIENTED_EDGE('',*,*,#3014,.T.);
#3212 = ORIENTED_EDGE('',*,*,#3213,.T.);
#3213 = EDGE_CURVE('',#3015,#2532,#3214,.T.);
#3214 = LINE('',#3215,#3216);
#3215 = CARTESIAN_POINT('',(102.48,151.6,7.14));
#3216 = VECTOR('',#3217,1.);
#3217 = DIRECTION('',(4.329780281177E-17,0.707106781187,-0.707106781187)
  );
#3218 = ORIENTED_EDGE('',*,*,#2539,.F.);
#3219 = CONICAL_SURFACE('',#3220,11.8,0.785398163397);
#3220 = AXIS2_PLACEMENT_3D('',#3221,#3222,#3223);
#3221 = CARTESIAN_POINT('',(102.48,139.8,7.14));
#3222 = DIRECTION('',(-0.,-0.,-1.));
#3223 = DIRECTION('',(1.,0.,0.));
#3224 = ADVANCED_FACE('',(#3225),#3232,.F.);
#3225 = FACE_BOUND('',#3226,.F.);
#3226 = EDGE_LOOP('',(#3227,#3228,#3229,#3230,#3231));
#3227 = ORIENTED_EDGE('',*,*,#2557,.F.);
#3228 = ORIENTED_EDGE('',*,*,#3213,.F.);
#3229 = ORIENTED_EDGE('',*,*,#3023,.T.);
#3230 = ORIENTED_EDGE('',*,*,#2655,.F.);
#3231 = ORIENTED_EDGE('',*,*,#2691,.T.);
#3232 = PLANE('',#3233);
#3233 = AXIS2_PLACEMENT_3D('',#3234,#3235,#3236);
#3234 = CARTESIAN_POINT('',(102.48,151.27,7.47));
#3235 = DIRECTION('',(6.969054179124E-18,-0.707106781187,-0.707106781187
    ));
#3236 = DIRECTION('',(-1.,-4.927865468515E-18,-4.927865468515E-18));
#3237 = ADVANCED_FACE('',(#3238),#3263,.F.);
#3238 = FACE_BOUND('',#3239,.F.);
#3239 = EDGE_LOOP('',(#3240,#3248,#3249,#3257));
#3240 = ORIENTED_EDGE('',*,*,#3241,.F.);
#3241 = EDGE_CURVE('',#2607,#3242,#3244,.T.);
#3242 = VERTEX_POINT('',#3243);
#3243 = CARTESIAN_POINT('',(102.48,150.05,7.7));
#3244 = LINE('',#3245,#3246);
#3245 = CARTESIAN_POINT('',(102.48,150.8,6.95));
#3246 = VECTOR('',#3247,1.);
#3247 = DIRECTION('',(-3.573162945485E-16,-0.707106781187,0.707106781187
    ));
#3248 = ORIENTED_EDGE('',*,*,#2606,.T.);
#3249 = ORIENTED_EDGE('',*,*,#3250,.T.);
#3250 = EDGE_CURVE('',#2609,#3251,#3253,.T.);
#3251 = VERTEX_POINT('',#3252);
#3252 = CARTESIAN_POINT('',(8.,150.05,7.7));
#3253 = LINE('',#3254,#3255);
#3254 = CARTESIAN_POINT('',(8.,150.4,7.35));
#3255 = VECTOR('',#3256,1.);
#3256 = DIRECTION('',(0.,-0.707106781187,0.707106781187));
#3257 = ORIENTED_EDGE('',*,*,#3258,.F.);
#3258 = EDGE_CURVE('',#3242,#3251,#3259,.T.);
#3259 = LINE('',#3260,#3261);
#3260 = CARTESIAN_POINT('',(102.48,150.05,7.7));
#3261 = VECTOR('',#3262,1.);
#3262 = DIRECTION('',(-1.,0.,0.));
#3263 = PLANE('',#3264);
#3264 = AXIS2_PLACEMENT_3D('',#3265,#3266,#3267);
#3265 = CARTESIAN_POINT('',(102.48,150.425,7.325));
#3266 = DIRECTION('',(0.,0.707106781187,0.707106781187));
#3267 = DIRECTION('',(-1.,0.,0.));
#3268 = ADVANCED_FACE('',(#3269),#3288,.T.);
#3269 = FACE_BOUND('',#3270,.T.);
#3270 = EDGE_LOOP('',(#3271,#3279,#3285,#3286,#3287));
#3271 = ORIENTED_EDGE('',*,*,#3272,.T.);
#3272 = EDGE_CURVE('',#3251,#3273,#3275,.T.);
#3273 = VERTEX_POINT('',#3274);
#3274 = CARTESIAN_POINT('',(8.,150.,7.7));
#3275 = LINE('',#3276,#3277);
#3276 = CARTESIAN_POINT('',(8.,150.8,7.7));
#3277 = VECTOR('',#3278,1.);
#3278 = DIRECTION('',(0.,-1.,0.));
#3279 = ORIENTED_EDGE('',*,*,#3280,.F.);
#3280 = EDGE_CURVE('',#3032,#3273,#3281,.T.);
#3281 = LINE('',#3282,#3283);
#3282 = CARTESIAN_POINT('',(8.,150.,7.8));
#3283 = VECTOR('',#3284,1.);
#3284 = DIRECTION('',(-0.,-0.,-1.));
#3285 = ORIENTED_EDGE('',*,*,#3031,.F.);
#3286 = ORIENTED_EDGE('',*,*,#2641,.T.);
#3287 = ORIENTED_EDGE('',*,*,#3250,.T.);
#3288 = PLANE('',#3289);
#3289 = AXIS2_PLACEMENT_3D('',#3290,#3291,#3292);
#3290 = CARTESIAN_POINT('',(8.,150.8,7.8));
#3291 = DIRECTION('',(-1.,0.,0.));
#3292 = DIRECTION('',(0.,-1.,0.));
#3293 = ADVANCED_FACE('',(#3294),#3313,.F.);
#3294 = FACE_BOUND('',#3295,.F.);
#3295 = EDGE_LOOP('',(#3296,#3297,#3306,#3312));
#3296 = ORIENTED_EDGE('',*,*,#2616,.F.);
#3297 = ORIENTED_EDGE('',*,*,#3298,.F.);
#3298 = EDGE_CURVE('',#3299,#2607,#3301,.T.);
#3299 = VERTEX_POINT('',#3300);
#3300 = CARTESIAN_POINT('',(113.48,139.8,6.95));
#3301 = CIRCLE('',#3302,11.);
#3302 = AXIS2_PLACEMENT_3D('',#3303,#3304,#3305);
#3303 = CARTESIAN_POINT('',(102.48,139.8,6.95));
#3304 = DIRECTION('',(0.,0.,1.));
#3305 = DIRECTION('',(1.,0.,0.));
#3306 = ORIENTED_EDGE('',*,*,#3307,.T.);
#3307 = EDGE_CURVE('',#3299,#2808,#3308,.T.);
#3308 = LINE('',#3309,#3310);
#3309 = CARTESIAN_POINT('',(113.48,139.8,7.8));
#3310 = VECTOR('',#3311,1.);
#3311 = DIRECTION('',(-0.,-0.,-1.));
#3312 = ORIENTED_EDGE('',*,*,#2817,.T.);
#3313 = CYLINDRICAL_SURFACE('',#3314,11.);
#3314 = AXIS2_PLACEMENT_3D('',#3315,#3316,#3317);
#3315 = CARTESIAN_POINT('',(102.48,139.8,7.8));
#3316 = DIRECTION('',(0.,0.,1.));
#3317 = DIRECTION('',(1.,0.,0.));
#3318 = ADVANCED_FACE('',(#3319,#3322),#3325,.F.);
#3319 = FACE_BOUND('',#3320,.F.);
#3320 = EDGE_LOOP('',(#3321));
#3321 = ORIENTED_EDGE('',*,*,#2929,.T.);
#3322 = FACE_BOUND('',#3323,.F.);
#3323 = EDGE_LOOP('',(#3324));
#3324 = ORIENTED_EDGE('',*,*,#2715,.T.);
#3325 = PLANE('',#3326);
#3326 = AXIS2_PLACEMENT_3D('',#3327,#3328,#3329);
#3327 = CARTESIAN_POINT('',(15.18,139.8,2.4));
#3328 = DIRECTION('',(0.,0.,-1.));
#3329 = DIRECTION('',(1.,0.,0.));
#3330 = ADVANCED_FACE('',(#3331,#3334),#3337,.F.);
#3331 = FACE_BOUND('',#3332,.F.);
#3332 = EDGE_LOOP('',(#3333));
#3333 = ORIENTED_EDGE('',*,*,#2953,.T.);
#3334 = FACE_BOUND('',#3335,.F.);
#3335 = EDGE_LOOP('',(#3336));
#3336 = ORIENTED_EDGE('',*,*,#2740,.T.);
#3337 = PLANE('',#3338);
#3338 = AXIS2_PLACEMENT_3D('',#3339,#3340,#3341);
#3339 = CARTESIAN_POINT('',(102.48,139.8,2.4));
#3340 = DIRECTION('',(0.,0.,-1.));
#3341 = DIRECTION('',(1.,0.,0.));
#3342 = ADVANCED_FACE('',(#3343,#3346),#3349,.F.);
#3343 = FACE_BOUND('',#3344,.F.);
#3344 = EDGE_LOOP('',(#3345));
#3345 = ORIENTED_EDGE('',*,*,#2881,.T.);
#3346 = FACE_BOUND('',#3347,.F.);
#3347 = EDGE_LOOP('',(#3348));
#3348 = ORIENTED_EDGE('',*,*,#2765,.T.);
#3349 = PLANE('',#3350);
#3350 = AXIS2_PLACEMENT_3D('',#3351,#3352,#3353);
#3351 = CARTESIAN_POINT('',(15.18,11.8,2.4));
#3352 = DIRECTION('',(0.,0.,-1.));
#3353 = DIRECTION('',(1.,0.,0.));
#3354 = ADVANCED_FACE('',(#3355,#3358),#3361,.F.);
#3355 = FACE_BOUND('',#3356,.F.);
#3356 = EDGE_LOOP('',(#3357));
#3357 = ORIENTED_EDGE('',*,*,#2905,.T.);
#3358 = FACE_BOUND('',#3359,.F.);
#3359 = EDGE_LOOP('',(#3360));
#3360 = ORIENTED_EDGE('',*,*,#2790,.T.);
#3361 = PLANE('',#3362);
#3362 = AXIS2_PLACEMENT_3D('',#3363,#3364,#3365);
#3363 = CARTESIAN_POINT('',(102.48,11.8,2.4));
#3364 = DIRECTION('',(0.,0.,-1.));
#3365 = DIRECTION('',(1.,0.,0.));
#3366 = ADVANCED_FACE('',(#3367),#3378,.F.);
#3367 = FACE_BOUND('',#3368,.F.);
#3368 = EDGE_LOOP('',(#3369,#3370,#3376,#3377));
#3369 = ORIENTED_EDGE('',*,*,#3307,.F.);
#3370 = ORIENTED_EDGE('',*,*,#3371,.F.);
#3371 = EDGE_CURVE('',#3097,#3299,#3372,.T.);
#3372 = LINE('',#3373,#3374);
#3373 = CARTESIAN_POINT('',(113.48,11.799967362506,6.95));
#3374 = VECTOR('',#3375,1.);
#3375 = DIRECTION('',(0.,1.,0.));
#3376 = ORIENTED_EDGE('',*,*,#3096,.T.);
#3377 = ORIENTED_EDGE('',*,*,#2842,.T.);
#3378 = PLANE('',#3379);
#3379 = AXIS2_PLACEMENT_3D('',#3380,#3381,#3382);
#3380 = CARTESIAN_POINT('',(113.48,11.799967362506,7.8));
#3381 = DIRECTION('',(1.,0.,0.));
#3382 = DIRECTION('',(0.,1.,0.));
#3383 = ADVANCED_FACE('',(#3384),#3402,.F.);
#3384 = FACE_BOUND('',#3385,.F.);
#3385 = EDGE_LOOP('',(#3386,#3387,#3395,#3401));
#3386 = ORIENTED_EDGE('',*,*,#3131,.T.);
#3387 = ORIENTED_EDGE('',*,*,#3388,.T.);
#3388 = EDGE_CURVE('',#3124,#3389,#3391,.T.);
#3389 = VERTEX_POINT('',#3390);
#3390 = CARTESIAN_POINT('',(102.48,1.6,7.7));
#3391 = LINE('',#3392,#3393);
#3392 = CARTESIAN_POINT('',(8.,1.6,7.7));
#3393 = VECTOR('',#3394,1.);
#3394 = DIRECTION('',(1.,0.,0.));
#3395 = ORIENTED_EDGE('',*,*,#3396,.F.);
#3396 = EDGE_CURVE('',#3065,#3389,#3397,.T.);
#3397 = LINE('',#3398,#3399);
#3398 = CARTESIAN_POINT('',(102.48,1.6,7.8));
#3399 = VECTOR('',#3400,1.);
#3400 = DIRECTION('',(-0.,-0.,-1.));
#3401 = ORIENTED_EDGE('',*,*,#3073,.F.);
#3402 = PLANE('',#3403);
#3403 = AXIS2_PLACEMENT_3D('',#3404,#3405,#3406);
#3404 = CARTESIAN_POINT('',(8.,1.6,7.8));
#3405 = DIRECTION('',(0.,-1.,0.));
#3406 = DIRECTION('',(1.,0.,0.));
#3407 = ADVANCED_FACE('',(#3408),#3427,.F.);
#3408 = FACE_BOUND('',#3409,.F.);
#3409 = EDGE_LOOP('',(#3410,#3411,#3420,#3426));
#3410 = ORIENTED_EDGE('',*,*,#3396,.T.);
#3411 = ORIENTED_EDGE('',*,*,#3412,.T.);
#3412 = EDGE_CURVE('',#3389,#3413,#3415,.T.);
#3413 = VERTEX_POINT('',#3414);
#3414 = CARTESIAN_POINT('',(112.67999999994,11.799965881647,7.7));
#3415 = CIRCLE('',#3416,10.2);
#3416 = AXIS2_PLACEMENT_3D('',#3417,#3418,#3419);
#3417 = CARTESIAN_POINT('',(102.48,11.8,7.7));
#3418 = DIRECTION('',(0.,0.,1.));
#3419 = DIRECTION('',(1.,0.,0.));
#3420 = ORIENTED_EDGE('',*,*,#3421,.F.);
#3421 = EDGE_CURVE('',#3057,#3413,#3422,.T.);
#3422 = LINE('',#3423,#3424);
#3423 = CARTESIAN_POINT('',(112.67999999994,11.799965881647,7.8));
#3424 = VECTOR('',#3425,1.);
#3425 = DIRECTION('',(-0.,-0.,-1.));
#3426 = ORIENTED_EDGE('',*,*,#3064,.F.);
#3427 = CYLINDRICAL_SURFACE('',#3428,10.2);
#3428 = AXIS2_PLACEMENT_3D('',#3429,#3430,#3431);
#3429 = CARTESIAN_POINT('',(102.48,11.8,7.8));
#3430 = DIRECTION('',(0.,0.,1.));
#3431 = DIRECTION('',(1.,0.,0.));
#3432 = ADVANCED_FACE('',(#3433),#3451,.F.);
#3433 = FACE_BOUND('',#3434,.F.);
#3434 = EDGE_LOOP('',(#3435,#3436,#3444,#3450));
#3435 = ORIENTED_EDGE('',*,*,#3421,.T.);
#3436 = ORIENTED_EDGE('',*,*,#3437,.T.);
#3437 = EDGE_CURVE('',#3413,#3438,#3440,.T.);
#3438 = VERTEX_POINT('',#3439);
#3439 = CARTESIAN_POINT('',(112.67999999994,139.7999658756,7.7));
#3440 = LINE('',#3441,#3442);
#3441 = CARTESIAN_POINT('',(112.67999999994,11.799965881647,7.7));
#3442 = VECTOR('',#3443,1.);
#3443 = DIRECTION('',(0.,1.,0.));
#3444 = ORIENTED_EDGE('',*,*,#3445,.F.);
#3445 = EDGE_CURVE('',#3048,#3438,#3446,.T.);
#3446 = LINE('',#3447,#3448);
#3447 = CARTESIAN_POINT('',(112.67999999994,139.7999658756,7.8));
#3448 = VECTOR('',#3449,1.);
#3449 = DIRECTION('',(-0.,-0.,-1.));
#3450 = ORIENTED_EDGE('',*,*,#3056,.F.);
#3451 = PLANE('',#3452);
#3452 = AXIS2_PLACEMENT_3D('',#3453,#3454,#3455);
#3453 = CARTESIAN_POINT('',(112.67999999994,11.799965881647,7.8));
#3454 = DIRECTION('',(1.,0.,0.));
#3455 = DIRECTION('',(0.,1.,0.));
#3456 = ADVANCED_FACE('',(#3457),#3476,.F.);
#3457 = FACE_BOUND('',#3458,.F.);
#3458 = EDGE_LOOP('',(#3459,#3460,#3469,#3475));
#3459 = ORIENTED_EDGE('',*,*,#3445,.T.);
#3460 = ORIENTED_EDGE('',*,*,#3461,.T.);
#3461 = EDGE_CURVE('',#3438,#3462,#3464,.T.);
#3462 = VERTEX_POINT('',#3463);
#3463 = CARTESIAN_POINT('',(102.48,150.,7.7));
#3464 = CIRCLE('',#3465,10.2);
#3465 = AXIS2_PLACEMENT_3D('',#3466,#3467,#3468);
#3466 = CARTESIAN_POINT('',(102.48,139.8,7.7));
#3467 = DIRECTION('',(0.,0.,1.));
#3468 = DIRECTION('',(1.,0.,0.));
#3469 = ORIENTED_EDGE('',*,*,#3470,.F.);
#3470 = EDGE_CURVE('',#3040,#3462,#3471,.T.);
#3471 = LINE('',#3472,#3473);
#3472 = CARTESIAN_POINT('',(102.48,150.,7.8));
#3473 = VECTOR('',#3474,1.);
#3474 = DIRECTION('',(-0.,-0.,-1.));
#3475 = ORIENTED_EDGE('',*,*,#3047,.F.);
#3476 = CYLINDRICAL_SURFACE('',#3477,10.2);
#3477 = AXIS2_PLACEMENT_3D('',#3478,#3479,#3480);
#3478 = CARTESIAN_POINT('',(102.48,139.8,7.8));
#3479 = DIRECTION('',(0.,0.,1.));
#3480 = DIRECTION('',(1.,0.,0.));
#3481 = ADVANCED_FACE('',(#3482),#3493,.T.);
#3482 = FACE_BOUND('',#3483,.T.);
#3483 = EDGE_LOOP('',(#3484,#3485,#3491,#3492));
#3484 = ORIENTED_EDGE('',*,*,#3280,.T.);
#3485 = ORIENTED_EDGE('',*,*,#3486,.T.);
#3486 = EDGE_CURVE('',#3273,#3462,#3487,.T.);
#3487 = LINE('',#3488,#3489);
#3488 = CARTESIAN_POINT('',(8.,150.,7.7));
#3489 = VECTOR('',#3490,1.);
#3490 = DIRECTION('',(1.,0.,0.));
#3491 = ORIENTED_EDGE('',*,*,#3470,.F.);
#3492 = ORIENTED_EDGE('',*,*,#3039,.F.);
#3493 = PLANE('',#3494);
#3494 = AXIS2_PLACEMENT_3D('',#3495,#3496,#3497);
#3495 = CARTESIAN_POINT('',(8.,150.,7.8));
#3496 = DIRECTION('',(0.,-1.,0.));
#3497 = DIRECTION('',(1.,0.,0.));
#3498 = ADVANCED_FACE('',(#3499),#3518,.F.);
#3499 = FACE_BOUND('',#3500,.F.);
#3500 = EDGE_LOOP('',(#3501,#3502,#3503,#3511));
#3501 = ORIENTED_EDGE('',*,*,#3155,.F.);
#3502 = ORIENTED_EDGE('',*,*,#3104,.T.);
#3503 = ORIENTED_EDGE('',*,*,#3504,.T.);
#3504 = EDGE_CURVE('',#3097,#3505,#3507,.T.);
#3505 = VERTEX_POINT('',#3506);
#3506 = CARTESIAN_POINT('',(112.72999999995,11.79996958779,7.7));
#3507 = LINE('',#3508,#3509);
#3508 = CARTESIAN_POINT('',(113.47999999995,11.799967362506,6.95));
#3509 = VECTOR('',#3510,1.);
#3510 = DIRECTION('',(-0.707106781183,2.098017584925E-06,0.707106781187)
  );
#3511 = ORIENTED_EDGE('',*,*,#3512,.F.);
#3512 = EDGE_CURVE('',#3156,#3505,#3513,.T.);
#3513 = CIRCLE('',#3514,10.25);
#3514 = AXIS2_PLACEMENT_3D('',#3515,#3516,#3517);
#3515 = CARTESIAN_POINT('',(102.48,11.8,7.7));
#3516 = DIRECTION('',(-0.,0.,1.));
#3517 = DIRECTION('',(0.,-1.,0.));
#3518 = CONICAL_SURFACE('',#3519,11.,0.785398163397);
#3519 = AXIS2_PLACEMENT_3D('',#3520,#3521,#3522);
#3520 = CARTESIAN_POINT('',(102.48,11.8,6.95));
#3521 = DIRECTION('',(-0.,-0.,-1.));
#3522 = DIRECTION('',(0.,-1.,0.));
#3523 = ADVANCED_FACE('',(#3524),#3551,.F.);
#3524 = FACE_BOUND('',#3525,.F.);
#3525 = EDGE_LOOP('',(#3526,#3527,#3528,#3529,#3537,#3544,#3545,#3546,
    #3547,#3548,#3549,#3550));
#3526 = ORIENTED_EDGE('',*,*,#3121,.F.);
#3527 = ORIENTED_EDGE('',*,*,#3163,.T.);
#3528 = ORIENTED_EDGE('',*,*,#3512,.T.);
#3529 = ORIENTED_EDGE('',*,*,#3530,.T.);
#3530 = EDGE_CURVE('',#3505,#3531,#3533,.T.);
#3531 = VERTEX_POINT('',#3532);
#3532 = CARTESIAN_POINT('',(112.73,139.8,7.7));
#3533 = LINE('',#3534,#3535);
#3534 = CARTESIAN_POINT('',(112.73,11.799967362506,7.7));
#3535 = VECTOR('',#3536,1.);
#3536 = DIRECTION('',(0.,1.,0.));
#3537 = ORIENTED_EDGE('',*,*,#3538,.T.);
#3538 = EDGE_CURVE('',#3531,#3242,#3539,.T.);
#3539 = CIRCLE('',#3540,10.25);
#3540 = AXIS2_PLACEMENT_3D('',#3541,#3542,#3543);
#3541 = CARTESIAN_POINT('',(102.48,139.8,7.7));
#3542 = DIRECTION('',(0.,0.,1.));
#3543 = DIRECTION('',(1.,0.,0.));
#3544 = ORIENTED_EDGE('',*,*,#3258,.T.);
#3545 = ORIENTED_EDGE('',*,*,#3272,.T.);
#3546 = ORIENTED_EDGE('',*,*,#3486,.T.);
#3547 = ORIENTED_EDGE('',*,*,#3461,.F.);
#3548 = ORIENTED_EDGE('',*,*,#3437,.F.);
#3549 = ORIENTED_EDGE('',*,*,#3412,.F.);
#3550 = ORIENTED_EDGE('',*,*,#3388,.F.);
#3551 = PLANE('',#3552);
#3552 = AXIS2_PLACEMENT_3D('',#3553,#3554,#3555);
#3553 = CARTESIAN_POINT('',(81.298738821604,75.799999621442,7.7));
#3554 = DIRECTION('',(0.,0.,1.));
#3555 = DIRECTION('',(1.,0.,0.));
#3556 = ADVANCED_FACE('',(#3557),#3568,.F.);
#3557 = FACE_BOUND('',#3558,.F.);
#3558 = EDGE_LOOP('',(#3559,#3565,#3566,#3567));
#3559 = ORIENTED_EDGE('',*,*,#3560,.F.);
#3560 = EDGE_CURVE('',#3299,#3531,#3561,.T.);
#3561 = LINE('',#3562,#3563);
#3562 = CARTESIAN_POINT('',(113.105,139.8,7.325));
#3563 = VECTOR('',#3564,1.);
#3564 = DIRECTION('',(-0.707106781187,0.,0.707106781187));
#3565 = ORIENTED_EDGE('',*,*,#3298,.T.);
#3566 = ORIENTED_EDGE('',*,*,#3241,.T.);
#3567 = ORIENTED_EDGE('',*,*,#3538,.F.);
#3568 = CONICAL_SURFACE('',#3569,11.,0.785398163397);
#3569 = AXIS2_PLACEMENT_3D('',#3570,#3571,#3572);
#3570 = CARTESIAN_POINT('',(102.48,139.8,6.95));
#3571 = DIRECTION('',(-0.,-0.,-1.));
#3572 = DIRECTION('',(1.,0.,0.));
#3573 = ADVANCED_FACE('',(#3574),#3580,.F.);
#3574 = FACE_BOUND('',#3575,.F.);
#3575 = EDGE_LOOP('',(#3576,#3577,#3578,#3579));
#3576 = ORIENTED_EDGE('',*,*,#3504,.F.);
#3577 = ORIENTED_EDGE('',*,*,#3371,.T.);
#3578 = ORIENTED_EDGE('',*,*,#3560,.T.);
#3579 = ORIENTED_EDGE('',*,*,#3530,.F.);
#3580 = PLANE('',#3581);
#3581 = AXIS2_PLACEMENT_3D('',#3582,#3583,#3584);
#3582 = CARTESIAN_POINT('',(113.105,11.799967362506,7.325));
#3583 = DIRECTION('',(0.707106781187,0.,0.707106781187));
#3584 = DIRECTION('',(0.,1.,0.));
#3585 = ( GEOMETRIC_REPRESENTATION_CONTEXT(3) 
GLOBAL_UNCERTAINTY_ASSIGNED_CONTEXT((#3589)) 
GLOBAL_UNIT_ASSIGNED_CONTEXT((#3586,#3587,#3588)) REPRESENTATION_CONTEXT
('Context #1','3D Context with UNIT and UNCERTAINTY') );
#3586 = ( LENGTH_UNIT() NAMED_UNIT(*) SI_UNIT(.MILLI.,.METRE.) );
#3587 = ( NAMED_UNIT(*) PLANE_ANGLE_UNIT() SI_UNIT($,.RADIAN.) );
#3588 = ( NAMED_UNIT(*) SI_UNIT($,.STERADIAN.) SOLID_ANGLE_UNIT() );
#3589 = UNCERTAINTY_MEASURE_WITH_UNIT(LENGTH_MEASURE(5.E-05),#3586,
  'distance_accuracy_value','confusion accuracy');
#3590 = PRODUCT_RELATED_PRODUCT_CATEGORY('part',$,(#7));
#3591 = MECHANICAL_DESIGN_GEOMETRIC_PRESENTATION_REPRESENTATION('',(
    #3592),#3585);
#3592 = STYLED_ITEM('color',(#3593),#15);
#3593 = PRESENTATION_STYLE_ASSIGNMENT((#3594,#3600));
#3594 = SURFACE_STYLE_USAGE(.BOTH.,#3595);
#3595 = SURFACE_SIDE_STYLE('',(#3596));
#3596 = SURFACE_STYLE_FILL_AREA(#3597);
#3597 = FILL_AREA_STYLE('',(#3598));
#3598 = FILL_AREA_STYLE_COLOUR('',#3599);
#3599 = COLOUR_RGB('',0.447058818107,0.474509808674,0.501960817233);
#3600 = CURVE_STYLE('',#3601,POSITIVE_LENGTH_MEASURE(0.1),#3602);
#3601 = DRAUGHTING_PRE_DEFINED_CURVE_FONT('continuous');
#3602 = COLOUR_RGB('',9.803921802644E-02,9.803921802644E-02,
  9.803921802644E-02);
ENDSEC;
END-ISO-10303-21;
