ISO-10303-21;
HEADER;
FILE_DESCRIPTION(('FreeCAD Model'),'2;1');
FILE_NAME('Open CASCADE Shape Model','2026-05-18T15:24:34',(''),(''),
  'Open CASCADE STEP processor 7.8','FreeCAD','Unknown');
FILE_SCHEMA(('AUTOMOTIVE_DESIGN { 1 0 10303 214 1 1 1 1 }'));
ENDSEC;
DATA;
#1 = APPLICATION_PROTOCOL_DEFINITION('international standard',
  'automotive_design',2000,#2);
#2 = APPLICATION_CONTEXT(
  'core data for automotive mechanical design processes');
#3 = SHAPE_DEFINITION_REPRESENTATION(#4,#10);
#4 = PRODUCT_DEFINITION_SHAPE('','',#5);
#5 = PRODUCT_DEFINITION('design','',#6,#9);
#6 = PRODUCT_DEFINITION_FORMATION('','',#7);
#7 = PRODUCT('leftCase','leftCase','',(#8));
#8 = PRODUCT_CONTEXT('',#2,'mechanical');
#9 = PRODUCT_DEFINITION_CONTEXT('part definition',#2,'design');
#10 = ADVANCED_BREP_SHAPE_REPRESENTATION('',(#11,#15),#4713);
#11 = AXIS2_PLACEMENT_3D('',#12,#13,#14);
#12 = CARTESIAN_POINT('',(0.,0.,0.));
#13 = DIRECTION('',(0.,0.,1.));
#14 = DIRECTION('',(1.,0.,-0.));
#15 = MANIFOLD_SOLID_BREP('',#16);
#16 = CLOSED_SHELL('',(#17,#206,#237,#262,#287,#311,#335,#360,#385,#402,
    #443,#468,#501,#565,#589,#620,#645,#670,#694,#718,#743,#768,#785,
    #816,#841,#866,#890,#914,#939,#964,#981,#1007,#1131,#1148,#1173,
    #1204,#1251,#1275,#1306,#1827,#1941,#1963,#1980,#1997,#2014,#2031,
    #2048,#2065,#2077,#2109,#2133,#2158,#2182,#2207,#2231,#2263,#2312,
    #2346,#2379,#2402,#2414,#2431,#2456,#2489,#3024,#3035,#3052,#3074,
    #3091,#3108,#3125,#3142,#3159,#3176,#3193,#3210,#3227,#3244,#3261,
    #3309,#3326,#3348,#3365,#3377,#3394,#3411,#3428,#3445,#3462,#3479,
    #3496,#3513,#3530,#3547,#3564,#3581,#3598,#3615,#3632,#3649,#3666,
    #3683,#3700,#3717,#3734,#3751,#3768,#3785,#3802,#3819,#3836,#3853,
    #3870,#3887,#3904,#3921,#3938,#3955,#3972,#3989,#4006,#4023,#4035,
    #4060,#4085,#4110,#4135,#4160,#4184,#4232,#4249,#4280,#4313,#4331,
    #4344,#4366,#4378,#4394,#4406,#4430,#4454,#4478,#4502,#4527,#4552,
    #4577,#4602,#4619,#4636,#4653,#4665,#4677,#4689,#4701));
#17 = ADVANCED_FACE('',(#18,#88,#131),#201,.F.);
#18 = FACE_BOUND('',#19,.F.);
#19 = EDGE_LOOP('',(#20,#30,#39,#47,#56,#64,#73,#81));
#20 = ORIENTED_EDGE('',*,*,#21,.T.);
#21 = EDGE_CURVE('',#22,#24,#26,.T.);
#22 = VERTEX_POINT('',#23);
#23 = CARTESIAN_POINT('',(43.3,2.498001805407E-16,6.57));
#24 = VERTEX_POINT('',#25);
#25 = CARTESIAN_POINT('',(38.3,2.498001805407E-16,6.57));
#26 = LINE('',#27,#28);
#27 = CARTESIAN_POINT('',(43.3,0.,6.57));
#28 = VECTOR('',#29,1.);
#29 = DIRECTION('',(-1.,0.,0.));
#30 = ORIENTED_EDGE('',*,*,#31,.T.);
#31 = EDGE_CURVE('',#24,#32,#34,.T.);
#32 = VERTEX_POINT('',#33);
#33 = CARTESIAN_POINT('',(37.8,1.415534356397E-15,6.07));
#34 = CIRCLE('',#35,0.5);
#35 = AXIS2_PLACEMENT_3D('',#36,#37,#38);
#36 = CARTESIAN_POINT('',(38.3,0.,6.07));
#37 = DIRECTION('',(0.,-1.,0.));
#38 = DIRECTION('',(0.,0.,1.));
#39 = ORIENTED_EDGE('',*,*,#40,.T.);
#40 = EDGE_CURVE('',#32,#41,#43,.T.);
#41 = VERTEX_POINT('',#42);
#42 = CARTESIAN_POINT('',(37.8,6.245004513517E-16,3.57));
#43 = LINE('',#44,#45);
#44 = CARTESIAN_POINT('',(37.8,0.,6.07));
#45 = VECTOR('',#46,1.);
#46 = DIRECTION('',(0.,-2.22044604925E-16,-1.));
#47 = ORIENTED_EDGE('',*,*,#48,.T.);
#48 = EDGE_CURVE('',#41,#49,#51,.T.);
#49 = VERTEX_POINT('',#50);
#50 = CARTESIAN_POINT('',(38.3,1.415534356397E-15,3.07));
#51 = CIRCLE('',#52,0.5);
#52 = AXIS2_PLACEMENT_3D('',#53,#54,#55);
#53 = CARTESIAN_POINT('',(38.3,0.,3.57));
#54 = DIRECTION('',(-0.,-1.,-0.));
#55 = DIRECTION('',(-1.,0.,0.));
#56 = ORIENTED_EDGE('',*,*,#57,.T.);
#57 = EDGE_CURVE('',#49,#58,#60,.T.);
#58 = VERTEX_POINT('',#59);
#59 = CARTESIAN_POINT('',(43.3,2.498001805407E-16,3.07));
#60 = LINE('',#61,#62);
#61 = CARTESIAN_POINT('',(38.3,0.,3.07));
#62 = VECTOR('',#63,1.);
#63 = DIRECTION('',(1.,0.,0.));
#64 = ORIENTED_EDGE('',*,*,#65,.T.);
#65 = EDGE_CURVE('',#58,#66,#68,.T.);
#66 = VERTEX_POINT('',#67);
#67 = CARTESIAN_POINT('',(43.8,1.415534356397E-15,3.57));
#68 = CIRCLE('',#69,0.5);
#69 = AXIS2_PLACEMENT_3D('',#70,#71,#72);
#70 = CARTESIAN_POINT('',(43.3,0.,3.57));
#71 = DIRECTION('',(0.,-1.,0.));
#72 = DIRECTION('',(0.,0.,-1.));
#73 = ORIENTED_EDGE('',*,*,#74,.T.);
#74 = EDGE_CURVE('',#66,#75,#77,.T.);
#75 = VERTEX_POINT('',#76);
#76 = CARTESIAN_POINT('',(43.8,1.179611963664E-15,6.07));
#77 = LINE('',#78,#79);
#78 = CARTESIAN_POINT('',(43.8,0.,3.57));
#79 = VECTOR('',#80,1.);
#80 = DIRECTION('',(0.,2.22044604925E-16,1.));
#81 = ORIENTED_EDGE('',*,*,#82,.T.);
#82 = EDGE_CURVE('',#75,#22,#83,.T.);
#83 = CIRCLE('',#84,0.5);
#84 = AXIS2_PLACEMENT_3D('',#85,#86,#87);
#85 = CARTESIAN_POINT('',(43.3,0.,6.07));
#86 = DIRECTION('',(0.,-1.,0.));
#87 = DIRECTION('',(1.,0.,0.));
#88 = FACE_BOUND('',#89,.F.);
#89 = EDGE_LOOP('',(#90,#100,#108,#116,#124));
#90 = ORIENTED_EDGE('',*,*,#91,.T.);
#91 = EDGE_CURVE('',#92,#94,#96,.T.);
#92 = VERTEX_POINT('',#93);
#93 = CARTESIAN_POINT('',(3.437208169431,0.,7.14));
#94 = VERTEX_POINT('',#95);
#95 = CARTESIAN_POINT('',(102.48,1.665334536938E-16,7.14));
#96 = LINE('',#97,#98);
#97 = CARTESIAN_POINT('',(0.,0.,7.14));
#98 = VECTOR('',#99,1.);
#99 = DIRECTION('',(1.,0.,0.));
#100 = ORIENTED_EDGE('',*,*,#101,.F.);
#101 = EDGE_CURVE('',#102,#94,#104,.T.);
#102 = VERTEX_POINT('',#103);
#103 = CARTESIAN_POINT('',(102.48,0.,2.17));
#104 = LINE('',#105,#106);
#105 = CARTESIAN_POINT('',(102.48,-1.7763568394E-15,0.));
#106 = VECTOR('',#107,1.);
#107 = DIRECTION('',(0.,0.,1.));
#108 = ORIENTED_EDGE('',*,*,#109,.F.);
#109 = EDGE_CURVE('',#110,#102,#112,.T.);
#110 = VERTEX_POINT('',#111);
#111 = CARTESIAN_POINT('',(0.,0.,2.17));
#112 = LINE('',#113,#114);
#113 = CARTESIAN_POINT('',(0.,0.,2.17));
#114 = VECTOR('',#115,1.);
#115 = DIRECTION('',(1.,0.,0.));
#116 = ORIENTED_EDGE('',*,*,#117,.T.);
#117 = EDGE_CURVE('',#110,#118,#120,.T.);
#118 = VERTEX_POINT('',#119);
#119 = CARTESIAN_POINT('',(1.112675413127E-13,0.,4.3));
#120 = LINE('',#121,#122);
#121 = CARTESIAN_POINT('',(0.,0.,0.));
#122 = VECTOR('',#123,1.);
#123 = DIRECTION('',(0.,0.,1.));
#124 = ORIENTED_EDGE('',*,*,#125,.T.);
#125 = EDGE_CURVE('',#118,#92,#126,.T.);
#126 = CIRCLE('',#127,3.5);
#127 = AXIS2_PLACEMENT_3D('',#128,#129,#130);
#128 = CARTESIAN_POINT('',(0.,0.,7.8));
#129 = DIRECTION('',(0.,-1.,0.));
#130 = DIRECTION('',(3.179072608933E-14,0.,-1.));
#131 = FACE_BOUND('',#132,.F.);
#132 = EDGE_LOOP('',(#133,#143,#152,#160,#169,#177,#186,#194));
#133 = ORIENTED_EDGE('',*,*,#134,.T.);
#134 = EDGE_CURVE('',#135,#137,#139,.T.);
#135 = VERTEX_POINT('',#136);
#136 = CARTESIAN_POINT('',(62.12,-3.885780586188E-16,6.66572));
#137 = VERTEX_POINT('',#138);
#138 = CARTESIAN_POINT('',(55.52,-2.775557561563E-16,6.66572));
#139 = LINE('',#140,#141);
#140 = CARTESIAN_POINT('',(62.12,0.,6.66572));
#141 = VECTOR('',#142,1.);
#142 = DIRECTION('',(-1.,2.091676642631E-31,9.420074148335E-16));
#143 = ORIENTED_EDGE('',*,*,#144,.T.);
#144 = EDGE_CURVE('',#137,#145,#147,.T.);
#145 = VERTEX_POINT('',#146);
#146 = CARTESIAN_POINT('',(54.02428,1.415534356397E-15,5.17));
#147 = CIRCLE('',#148,1.49572);
#148 = AXIS2_PLACEMENT_3D('',#149,#150,#151);
#149 = CARTESIAN_POINT('',(55.52,0.,5.17));
#150 = DIRECTION('',(0.,-1.,0.));
#151 = DIRECTION('',(5.48376760226E-15,0.,1.));
#152 = ORIENTED_EDGE('',*,*,#153,.T.);
#153 = EDGE_CURVE('',#145,#154,#156,.T.);
#154 = VERTEX_POINT('',#155);
#155 = CARTESIAN_POINT('',(54.02428,8.187894806611E-16,4.47));
#156 = LINE('',#157,#158);
#157 = CARTESIAN_POINT('',(54.02428,0.,5.17));
#158 = VECTOR('',#159,1.);
#159 = DIRECTION('',(0.,-2.22044604925E-16,-1.));
#160 = ORIENTED_EDGE('',*,*,#161,.T.);
#161 = EDGE_CURVE('',#154,#162,#164,.T.);
#162 = VERTEX_POINT('',#163);
#163 = CARTESIAN_POINT('',(55.52,1.415534356397E-15,2.97428));
#164 = CIRCLE('',#165,1.49572);
#165 = AXIS2_PLACEMENT_3D('',#166,#167,#168);
#166 = CARTESIAN_POINT('',(55.52,0.,4.47));
#167 = DIRECTION('',(-0.,-1.,-0.));
#168 = DIRECTION('',(-1.,0.,0.));
#169 = ORIENTED_EDGE('',*,*,#170,.T.);
#170 = EDGE_CURVE('',#162,#171,#173,.T.);
#171 = VERTEX_POINT('',#172);
#172 = CARTESIAN_POINT('',(62.12,0.,2.97428));
#173 = LINE('',#174,#175);
#174 = CARTESIAN_POINT('',(55.52,0.,2.97428));
#175 = VECTOR('',#176,1.);
#176 = DIRECTION('',(1.,1.494054744737E-32,6.728624391668E-17));
#177 = ORIENTED_EDGE('',*,*,#178,.T.);
#178 = EDGE_CURVE('',#171,#179,#181,.T.);
#179 = VERTEX_POINT('',#180);
#180 = CARTESIAN_POINT('',(63.61572,1.415534356397E-15,4.47));
#181 = CIRCLE('',#182,1.49572);
#182 = AXIS2_PLACEMENT_3D('',#183,#184,#185);
#183 = CARTESIAN_POINT('',(62.12,0.,4.47));
#184 = DIRECTION('',(0.,-1.,0.));
#185 = DIRECTION('',(0.,0.,-1.));
#186 = ORIENTED_EDGE('',*,*,#187,.T.);
#187 = EDGE_CURVE('',#179,#188,#190,.T.);
#188 = VERTEX_POINT('',#189);
#189 = CARTESIAN_POINT('',(63.61572,9.853229343548E-16,5.17));
#190 = LINE('',#191,#192);
#191 = CARTESIAN_POINT('',(63.61572,0.,4.47));
#192 = VECTOR('',#193,1.);
#193 = DIRECTION('',(0.,2.22044604925E-16,1.));
#194 = ORIENTED_EDGE('',*,*,#195,.T.);
#195 = EDGE_CURVE('',#188,#135,#196,.T.);
#196 = CIRCLE('',#197,1.49572);
#197 = AXIS2_PLACEMENT_3D('',#198,#199,#200);
#198 = CARTESIAN_POINT('',(62.12,0.,5.17));
#199 = DIRECTION('',(0.,-1.,0.));
#200 = DIRECTION('',(1.,0.,0.));
#201 = PLANE('',#202);
#202 = AXIS2_PLACEMENT_3D('',#203,#204,#205);
#203 = CARTESIAN_POINT('',(0.,0.,0.));
#204 = DIRECTION('',(0.,1.,0.));
#205 = DIRECTION('',(1.,0.,0.));
#206 = ADVANCED_FACE('',(#207),#232,.T.);
#207 = FACE_BOUND('',#208,.T.);
#208 = EDGE_LOOP('',(#209,#217,#218,#226));
#209 = ORIENTED_EDGE('',*,*,#210,.F.);
#210 = EDGE_CURVE('',#22,#211,#213,.T.);
#211 = VERTEX_POINT('',#212);
#212 = CARTESIAN_POINT('',(43.3,0.2,6.37));
#213 = LINE('',#214,#215);
#214 = CARTESIAN_POINT('',(43.3,0.1,6.47));
#215 = VECTOR('',#216,1.);
#216 = DIRECTION('',(0.,0.707106781187,-0.707106781187));
#217 = ORIENTED_EDGE('',*,*,#21,.T.);
#218 = ORIENTED_EDGE('',*,*,#219,.T.);
#219 = EDGE_CURVE('',#24,#220,#222,.T.);
#220 = VERTEX_POINT('',#221);
#221 = CARTESIAN_POINT('',(38.3,0.2,6.37));
#222 = LINE('',#223,#224);
#223 = CARTESIAN_POINT('',(38.3,0.1,6.47));
#224 = VECTOR('',#225,1.);
#225 = DIRECTION('',(0.,0.707106781187,-0.707106781187));
#226 = ORIENTED_EDGE('',*,*,#227,.F.);
#227 = EDGE_CURVE('',#211,#220,#228,.T.);
#228 = LINE('',#229,#230);
#229 = CARTESIAN_POINT('',(43.3,0.2,6.37));
#230 = VECTOR('',#231,1.);
#231 = DIRECTION('',(-1.,0.,0.));
#232 = PLANE('',#233);
#233 = AXIS2_PLACEMENT_3D('',#234,#235,#236);
#234 = CARTESIAN_POINT('',(43.3,0.1,6.47));
#235 = DIRECTION('',(1.735417226645E-18,-0.707106781187,-0.707106781187)
  );
#236 = DIRECTION('',(-1.,-1.227125289148E-18,-1.227125289148E-18));
#237 = ADVANCED_FACE('',(#238),#257,.F.);
#238 = FACE_BOUND('',#239,.T.);
#239 = EDGE_LOOP('',(#240,#248,#249,#250));
#240 = ORIENTED_EDGE('',*,*,#241,.F.);
#241 = EDGE_CURVE('',#75,#242,#244,.T.);
#242 = VERTEX_POINT('',#243);
#243 = CARTESIAN_POINT('',(43.6,0.2,6.07));
#244 = LINE('',#245,#246);
#245 = CARTESIAN_POINT('',(43.7,0.1,6.07));
#246 = VECTOR('',#247,1.);
#247 = DIRECTION('',(-0.707106781187,0.707106781187,-1.570092458684E-16)
  );
#248 = ORIENTED_EDGE('',*,*,#82,.T.);
#249 = ORIENTED_EDGE('',*,*,#210,.T.);
#250 = ORIENTED_EDGE('',*,*,#251,.F.);
#251 = EDGE_CURVE('',#242,#211,#252,.T.);
#252 = CIRCLE('',#253,0.3);
#253 = AXIS2_PLACEMENT_3D('',#254,#255,#256);
#254 = CARTESIAN_POINT('',(43.3,0.2,6.07));
#255 = DIRECTION('',(0.,-1.,0.));
#256 = DIRECTION('',(1.,0.,0.));
#257 = CONICAL_SURFACE('',#258,0.3,0.785398163397);
#258 = AXIS2_PLACEMENT_3D('',#259,#260,#261);
#259 = CARTESIAN_POINT('',(43.3,0.2,6.07));
#260 = DIRECTION('',(-0.,-1.,-0.));
#261 = DIRECTION('',(1.,0.,0.));
#262 = ADVANCED_FACE('',(#263),#282,.F.);
#263 = FACE_BOUND('',#264,.T.);
#264 = EDGE_LOOP('',(#265,#266,#267,#275));
#265 = ORIENTED_EDGE('',*,*,#219,.F.);
#266 = ORIENTED_EDGE('',*,*,#31,.T.);
#267 = ORIENTED_EDGE('',*,*,#268,.T.);
#268 = EDGE_CURVE('',#32,#269,#271,.T.);
#269 = VERTEX_POINT('',#270);
#270 = CARTESIAN_POINT('',(38.,0.2,6.07));
#271 = LINE('',#272,#273);
#272 = CARTESIAN_POINT('',(38.,0.2,6.07));
#273 = VECTOR('',#274,1.);
#274 = DIRECTION('',(0.707106781187,0.707106781187,-4.329780281177E-17)
  );
#275 = ORIENTED_EDGE('',*,*,#276,.F.);
#276 = EDGE_CURVE('',#220,#269,#277,.T.);
#277 = CIRCLE('',#278,0.3);
#278 = AXIS2_PLACEMENT_3D('',#279,#280,#281);
#279 = CARTESIAN_POINT('',(38.3,0.2,6.07));
#280 = DIRECTION('',(0.,-1.,0.));
#281 = DIRECTION('',(0.,0.,1.));
#282 = CONICAL_SURFACE('',#283,0.3,0.785398163397);
#283 = AXIS2_PLACEMENT_3D('',#284,#285,#286);
#284 = CARTESIAN_POINT('',(38.3,0.2,6.07));
#285 = DIRECTION('',(-0.,-1.,-0.));
#286 = DIRECTION('',(0.,0.,1.));
#287 = ADVANCED_FACE('',(#288),#306,.T.);
#288 = FACE_BOUND('',#289,.T.);
#289 = EDGE_LOOP('',(#290,#298,#299,#300));
#290 = ORIENTED_EDGE('',*,*,#291,.F.);
#291 = EDGE_CURVE('',#66,#292,#294,.T.);
#292 = VERTEX_POINT('',#293);
#293 = CARTESIAN_POINT('',(43.6,0.2,3.57));
#294 = LINE('',#295,#296);
#295 = CARTESIAN_POINT('',(43.6,0.2,3.57));
#296 = VECTOR('',#297,1.);
#297 = DIRECTION('',(-0.707106781187,0.707106781187,-5.847391806617E-16)
  );
#298 = ORIENTED_EDGE('',*,*,#74,.T.);
#299 = ORIENTED_EDGE('',*,*,#241,.T.);
#300 = ORIENTED_EDGE('',*,*,#301,.F.);
#301 = EDGE_CURVE('',#292,#242,#302,.T.);
#302 = LINE('',#303,#304);
#303 = CARTESIAN_POINT('',(43.6,0.2,3.57));
#304 = VECTOR('',#305,1.);
#305 = DIRECTION('',(0.,2.22044604925E-16,1.));
#306 = PLANE('',#307);
#307 = AXIS2_PLACEMENT_3D('',#308,#309,#310);
#308 = CARTESIAN_POINT('',(43.7,0.1,3.57));
#309 = DIRECTION('',(-0.707106781187,-0.707106781187,1.735417226645E-18)
  );
#310 = DIRECTION('',(-1.097951771734E-16,1.122494277517E-16,1.));
#311 = ADVANCED_FACE('',(#312),#330,.T.);
#312 = FACE_BOUND('',#313,.T.);
#313 = EDGE_LOOP('',(#314,#315,#316,#324));
#314 = ORIENTED_EDGE('',*,*,#268,.F.);
#315 = ORIENTED_EDGE('',*,*,#40,.T.);
#316 = ORIENTED_EDGE('',*,*,#317,.T.);
#317 = EDGE_CURVE('',#41,#318,#320,.T.);
#318 = VERTEX_POINT('',#319);
#319 = CARTESIAN_POINT('',(38.,0.2,3.57));
#320 = LINE('',#321,#322);
#321 = CARTESIAN_POINT('',(37.9,1.E-01,3.57));
#322 = VECTOR('',#323,1.);
#323 = DIRECTION('',(0.707106781187,0.707106781187,-1.570092458684E-16)
  );
#324 = ORIENTED_EDGE('',*,*,#325,.F.);
#325 = EDGE_CURVE('',#269,#318,#326,.T.);
#326 = LINE('',#327,#328);
#327 = CARTESIAN_POINT('',(38.,0.2,6.07));
#328 = VECTOR('',#329,1.);
#329 = DIRECTION('',(0.,-2.22044604925E-16,-1.));
#330 = PLANE('',#331);
#331 = AXIS2_PLACEMENT_3D('',#332,#333,#334);
#332 = CARTESIAN_POINT('',(37.9,0.1,6.07));
#333 = DIRECTION('',(0.707106781187,-0.707106781187,-1.735417226645E-18)
  );
#334 = DIRECTION('',(-1.122494277517E-16,-1.097951771734E-16,-1.));
#335 = ADVANCED_FACE('',(#336),#355,.F.);
#336 = FACE_BOUND('',#337,.T.);
#337 = EDGE_LOOP('',(#338,#346,#347,#348));
#338 = ORIENTED_EDGE('',*,*,#339,.F.);
#339 = EDGE_CURVE('',#58,#340,#342,.T.);
#340 = VERTEX_POINT('',#341);
#341 = CARTESIAN_POINT('',(43.3,0.2,3.27));
#342 = LINE('',#343,#344);
#343 = CARTESIAN_POINT('',(43.3,0.1,3.17));
#344 = VECTOR('',#345,1.);
#345 = DIRECTION('',(0.,0.707106781187,0.707106781187));
#346 = ORIENTED_EDGE('',*,*,#65,.T.);
#347 = ORIENTED_EDGE('',*,*,#291,.T.);
#348 = ORIENTED_EDGE('',*,*,#349,.F.);
#349 = EDGE_CURVE('',#340,#292,#350,.T.);
#350 = CIRCLE('',#351,0.3);
#351 = AXIS2_PLACEMENT_3D('',#352,#353,#354);
#352 = CARTESIAN_POINT('',(43.3,0.2,3.57));
#353 = DIRECTION('',(0.,-1.,0.));
#354 = DIRECTION('',(0.,0.,-1.));
#355 = CONICAL_SURFACE('',#356,0.3,0.785398163397);
#356 = AXIS2_PLACEMENT_3D('',#357,#358,#359);
#357 = CARTESIAN_POINT('',(43.3,0.2,3.57));
#358 = DIRECTION('',(-0.,-1.,-0.));
#359 = DIRECTION('',(0.,0.,-1.));
#360 = ADVANCED_FACE('',(#361),#380,.F.);
#361 = FACE_BOUND('',#362,.T.);
#362 = EDGE_LOOP('',(#363,#364,#365,#373));
#363 = ORIENTED_EDGE('',*,*,#317,.F.);
#364 = ORIENTED_EDGE('',*,*,#48,.T.);
#365 = ORIENTED_EDGE('',*,*,#366,.T.);
#366 = EDGE_CURVE('',#49,#367,#369,.T.);
#367 = VERTEX_POINT('',#368);
#368 = CARTESIAN_POINT('',(38.3,0.2,3.27));
#369 = LINE('',#370,#371);
#370 = CARTESIAN_POINT('',(38.3,0.2,3.27));
#371 = VECTOR('',#372,1.);
#372 = DIRECTION('',(1.299371769759E-15,0.707106781187,0.707106781187));
#373 = ORIENTED_EDGE('',*,*,#374,.F.);
#374 = EDGE_CURVE('',#318,#367,#375,.T.);
#375 = CIRCLE('',#376,0.3);
#376 = AXIS2_PLACEMENT_3D('',#377,#378,#379);
#377 = CARTESIAN_POINT('',(38.3,0.2,3.57));
#378 = DIRECTION('',(-0.,-1.,-0.));
#379 = DIRECTION('',(-1.,0.,0.));
#380 = CONICAL_SURFACE('',#381,0.3,0.785398163397);
#381 = AXIS2_PLACEMENT_3D('',#382,#383,#384);
#382 = CARTESIAN_POINT('',(38.3,0.2,3.57));
#383 = DIRECTION('',(-0.,-1.,-0.));
#384 = DIRECTION('',(-1.,0.,0.));
#385 = ADVANCED_FACE('',(#386),#397,.T.);
#386 = FACE_BOUND('',#387,.T.);
#387 = EDGE_LOOP('',(#388,#389,#390,#391));
#388 = ORIENTED_EDGE('',*,*,#366,.F.);
#389 = ORIENTED_EDGE('',*,*,#57,.T.);
#390 = ORIENTED_EDGE('',*,*,#339,.T.);
#391 = ORIENTED_EDGE('',*,*,#392,.F.);
#392 = EDGE_CURVE('',#367,#340,#393,.T.);
#393 = LINE('',#394,#395);
#394 = CARTESIAN_POINT('',(38.3,0.2,3.27));
#395 = VECTOR('',#396,1.);
#396 = DIRECTION('',(1.,0.,0.));
#397 = PLANE('',#398);
#398 = AXIS2_PLACEMENT_3D('',#399,#400,#401);
#399 = CARTESIAN_POINT('',(38.3,0.1,3.17));
#400 = DIRECTION('',(-1.735417226645E-18,-0.707106781187,0.707106781187)
  );
#401 = DIRECTION('',(1.,-1.227125289148E-18,1.227125289148E-18));
#402 = ADVANCED_FACE('',(#403),#438,.F.);
#403 = FACE_BOUND('',#404,.F.);
#404 = EDGE_LOOP('',(#405,#416,#424,#430,#431));
#405 = ORIENTED_EDGE('',*,*,#406,.F.);
#406 = EDGE_CURVE('',#407,#409,#411,.T.);
#407 = VERTEX_POINT('',#408);
#408 = CARTESIAN_POINT('',(3.,0.66,7.8));
#409 = VERTEX_POINT('',#410);
#410 = CARTESIAN_POINT('',(2.99573029494,0.5,7.640000000069));
#411 = ELLIPSE('',#412,4.242640687119,3.);
#412 = AXIS2_PLACEMENT_3D('',#413,#414,#415);
#413 = CARTESIAN_POINT('',(0.,0.66,7.8));
#414 = DIRECTION('',(0.,0.707106781187,-0.707106781187));
#415 = DIRECTION('',(0.,-0.707106781187,-0.707106781187));
#416 = ORIENTED_EDGE('',*,*,#417,.T.);
#417 = EDGE_CURVE('',#407,#418,#420,.T.);
#418 = VERTEX_POINT('',#419);
#419 = CARTESIAN_POINT('',(102.48,0.66,7.8));
#420 = LINE('',#421,#422);
#421 = CARTESIAN_POINT('',(0.,0.66,7.8));
#422 = VECTOR('',#423,1.);
#423 = DIRECTION('',(1.,0.,0.));
#424 = ORIENTED_EDGE('',*,*,#425,.T.);
#425 = EDGE_CURVE('',#418,#94,#426,.T.);
#426 = LINE('',#427,#428);
#427 = CARTESIAN_POINT('',(102.48,0.33,7.47));
#428 = VECTOR('',#429,1.);
#429 = DIRECTION('',(0.,-0.707106781187,-0.707106781187));
#430 = ORIENTED_EDGE('',*,*,#91,.F.);
#431 = ORIENTED_EDGE('',*,*,#432,.F.);
#432 = EDGE_CURVE('',#409,#92,#433,.T.);
#433 = PARABOLA('',#434,1.004091629285);
#434 = AXIS2_PLACEMENT_3D('',#435,#436,#437);
#435 = CARTESIAN_POINT('',(0.,2.08,9.22));
#436 = DIRECTION('',(0.,-0.707106781187,0.707106781187));
#437 = DIRECTION('',(0.,-0.707106781187,-0.707106781187));
#438 = PLANE('',#439);
#439 = AXIS2_PLACEMENT_3D('',#440,#441,#442);
#440 = CARTESIAN_POINT('',(0.,0.33,7.47));
#441 = DIRECTION('',(0.,0.707106781187,-0.707106781187));
#442 = DIRECTION('',(1.,0.,0.));
#443 = ADVANCED_FACE('',(#444),#463,.F.);
#444 = FACE_BOUND('',#445,.F.);
#445 = EDGE_LOOP('',(#446,#454,#461,#462));
#446 = ORIENTED_EDGE('',*,*,#447,.F.);
#447 = EDGE_CURVE('',#448,#118,#450,.T.);
#448 = VERTEX_POINT('',#449);
#449 = CARTESIAN_POINT('',(-5.510910596163E-16,0.5,4.8));
#450 = LINE('',#451,#452);
#451 = CARTESIAN_POINT('',(0.,3.5,7.8));
#452 = VECTOR('',#453,1.);
#453 = DIRECTION('',(0.,-0.707106781187,-0.707106781187));
#454 = ORIENTED_EDGE('',*,*,#455,.T.);
#455 = EDGE_CURVE('',#448,#409,#456,.T.);
#456 = CIRCLE('',#457,3.);
#457 = AXIS2_PLACEMENT_3D('',#458,#459,#460);
#458 = CARTESIAN_POINT('',(0.,0.5,7.8));
#459 = DIRECTION('',(0.,-1.,0.));
#460 = DIRECTION('',(3.179072608933E-14,0.,-1.));
#461 = ORIENTED_EDGE('',*,*,#432,.T.);
#462 = ORIENTED_EDGE('',*,*,#125,.F.);
#463 = CONICAL_SURFACE('',#464,3.,0.785398163397);
#464 = AXIS2_PLACEMENT_3D('',#465,#466,#467);
#465 = CARTESIAN_POINT('',(0.,0.5,7.8));
#466 = DIRECTION('',(0.,-1.,0.));
#467 = DIRECTION('',(3.179072608933E-14,0.,-1.));
#468 = ADVANCED_FACE('',(#469),#496,.T.);
#469 = FACE_BOUND('',#470,.T.);
#470 = EDGE_LOOP('',(#471,#472,#481,#489));
#471 = ORIENTED_EDGE('',*,*,#101,.F.);
#472 = ORIENTED_EDGE('',*,*,#473,.T.);
#473 = EDGE_CURVE('',#102,#474,#476,.T.);
#474 = VERTEX_POINT('',#475);
#475 = CARTESIAN_POINT('',(114.28,11.8,2.17));
#476 = CIRCLE('',#477,11.8);
#477 = AXIS2_PLACEMENT_3D('',#478,#479,#480);
#478 = CARTESIAN_POINT('',(102.48,11.8,2.17));
#479 = DIRECTION('',(-0.,0.,1.));
#480 = DIRECTION('',(0.,-1.,0.));
#481 = ORIENTED_EDGE('',*,*,#482,.T.);
#482 = EDGE_CURVE('',#474,#483,#485,.T.);
#483 = VERTEX_POINT('',#484);
#484 = CARTESIAN_POINT('',(114.28,11.8,7.14));
#485 = LINE('',#486,#487);
#486 = CARTESIAN_POINT('',(114.28,11.8,0.));
#487 = VECTOR('',#488,1.);
#488 = DIRECTION('',(0.,0.,1.));
#489 = ORIENTED_EDGE('',*,*,#490,.F.);
#490 = EDGE_CURVE('',#94,#483,#491,.T.);
#491 = CIRCLE('',#492,11.8);
#492 = AXIS2_PLACEMENT_3D('',#493,#494,#495);
#493 = CARTESIAN_POINT('',(102.48,11.8,7.14));
#494 = DIRECTION('',(-0.,0.,1.));
#495 = DIRECTION('',(0.,-1.,0.));
#496 = CYLINDRICAL_SURFACE('',#497,11.8);
#497 = AXIS2_PLACEMENT_3D('',#498,#499,#500);
#498 = CARTESIAN_POINT('',(102.48,11.8,0.));
#499 = DIRECTION('',(0.,0.,1.));
#500 = DIRECTION('',(0.,-1.,0.));
#501 = ADVANCED_FACE('',(#502),#560,.T.);
#502 = FACE_BOUND('',#503,.T.);
#503 = EDGE_LOOP('',(#504,#514,#522,#530,#538,#544,#545,#546,#554));
#504 = ORIENTED_EDGE('',*,*,#505,.F.);
#505 = EDGE_CURVE('',#506,#508,#510,.T.);
#506 = VERTEX_POINT('',#507);
#507 = CARTESIAN_POINT('',(0.,2.27,1.09));
#508 = VERTEX_POINT('',#509);
#509 = CARTESIAN_POINT('',(0.,0.8,2.56));
#510 = LINE('',#511,#512);
#511 = CARTESIAN_POINT('',(0.,39.53,-36.17));
#512 = VECTOR('',#513,1.);
#513 = DIRECTION('',(0.,-0.707106781187,0.707106781187));
#514 = ORIENTED_EDGE('',*,*,#515,.F.);
#515 = EDGE_CURVE('',#516,#506,#518,.T.);
#516 = VERTEX_POINT('',#517);
#517 = CARTESIAN_POINT('',(0.,2.27,1.));
#518 = LINE('',#519,#520);
#519 = CARTESIAN_POINT('',(0.,2.27,0.));
#520 = VECTOR('',#521,1.);
#521 = DIRECTION('',(0.,0.,1.));
#522 = ORIENTED_EDGE('',*,*,#523,.F.);
#523 = EDGE_CURVE('',#524,#516,#526,.T.);
#524 = VERTEX_POINT('',#525);
#525 = CARTESIAN_POINT('',(0.,2.27,0.));
#526 = LINE('',#527,#528);
#527 = CARTESIAN_POINT('',(0.,2.27,0.));
#528 = VECTOR('',#529,1.);
#529 = DIRECTION('',(0.,0.,1.));
#530 = ORIENTED_EDGE('',*,*,#531,.T.);
#531 = EDGE_CURVE('',#524,#532,#534,.T.);
#532 = VERTEX_POINT('',#533);
#533 = CARTESIAN_POINT('',(0.,2.17,0.));
#534 = LINE('',#535,#536);
#535 = CARTESIAN_POINT('',(0.,151.6,0.));
#536 = VECTOR('',#537,1.);
#537 = DIRECTION('',(0.,-1.,0.));
#538 = ORIENTED_EDGE('',*,*,#539,.T.);
#539 = EDGE_CURVE('',#532,#110,#540,.T.);
#540 = LINE('',#541,#542);
#541 = CARTESIAN_POINT('',(0.,38.985,-36.815));
#542 = VECTOR('',#543,1.);
#543 = DIRECTION('',(0.,-0.707106781187,0.707106781187));
#544 = ORIENTED_EDGE('',*,*,#117,.T.);
#545 = ORIENTED_EDGE('',*,*,#447,.F.);
#546 = ORIENTED_EDGE('',*,*,#547,.F.);
#547 = EDGE_CURVE('',#548,#448,#550,.T.);
#548 = VERTEX_POINT('',#549);
#549 = CARTESIAN_POINT('',(0.,0.8,4.8));
#550 = LINE('',#551,#552);
#551 = CARTESIAN_POINT('',(0.,1.06581410364E-15,4.8));
#552 = VECTOR('',#553,1.);
#553 = DIRECTION('',(0.,-1.,2.22044604925E-16));
#554 = ORIENTED_EDGE('',*,*,#555,.T.);
#555 = EDGE_CURVE('',#548,#508,#556,.T.);
#556 = LINE('',#557,#558);
#557 = CARTESIAN_POINT('',(0.,0.8,7.8));
#558 = VECTOR('',#559,1.);
#559 = DIRECTION('',(-0.,-0.,-1.));
#560 = PLANE('',#561);
#561 = AXIS2_PLACEMENT_3D('',#562,#563,#564);
#562 = CARTESIAN_POINT('',(0.,0.971491713082,2.348201313028));
#563 = DIRECTION('',(-1.,-0.,-0.));
#564 = DIRECTION('',(0.,0.,-1.));
#565 = ADVANCED_FACE('',(#566),#584,.T.);
#566 = FACE_BOUND('',#567,.T.);
#567 = EDGE_LOOP('',(#568,#569,#577,#583));
#568 = ORIENTED_EDGE('',*,*,#539,.F.);
#569 = ORIENTED_EDGE('',*,*,#570,.T.);
#570 = EDGE_CURVE('',#532,#571,#573,.T.);
#571 = VERTEX_POINT('',#572);
#572 = CARTESIAN_POINT('',(102.48,2.17,0.));
#573 = LINE('',#574,#575);
#574 = CARTESIAN_POINT('',(0.,2.17,0.));
#575 = VECTOR('',#576,1.);
#576 = DIRECTION('',(1.,0.,0.));
#577 = ORIENTED_EDGE('',*,*,#578,.T.);
#578 = EDGE_CURVE('',#571,#102,#579,.T.);
#579 = LINE('',#580,#581);
#580 = CARTESIAN_POINT('',(102.48,1.085,1.085));
#581 = VECTOR('',#582,1.);
#582 = DIRECTION('',(0.,-0.707106781187,0.707106781187));
#583 = ORIENTED_EDGE('',*,*,#109,.F.);
#584 = PLANE('',#585);
#585 = AXIS2_PLACEMENT_3D('',#586,#587,#588);
#586 = CARTESIAN_POINT('',(0.,1.085,1.085));
#587 = DIRECTION('',(0.,-0.707106781187,-0.707106781187));
#588 = DIRECTION('',(1.,0.,0.));
#589 = ADVANCED_FACE('',(#590),#615,.T.);
#590 = FACE_BOUND('',#591,.T.);
#591 = EDGE_LOOP('',(#592,#600,#601,#609));
#592 = ORIENTED_EDGE('',*,*,#593,.F.);
#593 = EDGE_CURVE('',#135,#594,#596,.T.);
#594 = VERTEX_POINT('',#595);
#595 = CARTESIAN_POINT('',(62.12,0.2,6.46572));
#596 = LINE('',#597,#598);
#597 = CARTESIAN_POINT('',(62.12,0.1,6.56572));
#598 = VECTOR('',#599,1.);
#599 = DIRECTION('',(-6.660998309568E-16,0.707106781187,-0.707106781187)
  );
#600 = ORIENTED_EDGE('',*,*,#134,.T.);
#601 = ORIENTED_EDGE('',*,*,#602,.T.);
#602 = EDGE_CURVE('',#137,#603,#605,.T.);
#603 = VERTEX_POINT('',#604);
#604 = CARTESIAN_POINT('',(55.52,0.2,6.46572));
#605 = LINE('',#606,#607);
#606 = CARTESIAN_POINT('',(55.52,0.1,6.56572));
#607 = VECTOR('',#608,1.);
#608 = DIRECTION('',(-6.660998309568E-16,0.707106781187,-0.707106781187)
  );
#609 = ORIENTED_EDGE('',*,*,#610,.F.);
#610 = EDGE_CURVE('',#594,#603,#611,.T.);
#611 = LINE('',#612,#613);
#612 = CARTESIAN_POINT('',(62.12,0.2,6.46572));
#613 = VECTOR('',#614,1.);
#614 = DIRECTION('',(-1.,2.091676642631E-31,9.420074148335E-16));
#615 = PLANE('',#616);
#616 = AXIS2_PLACEMENT_3D('',#617,#618,#619);
#617 = CARTESIAN_POINT('',(62.12,0.1,6.56572));
#618 = DIRECTION('',(-6.906960562046E-16,-0.707106781187,-0.707106781187
    ));
#619 = DIRECTION('',(-1.,1.739215766437E-17,9.593995724978E-16));
#620 = ADVANCED_FACE('',(#621),#640,.F.);
#621 = FACE_BOUND('',#622,.T.);
#622 = EDGE_LOOP('',(#623,#631,#632,#633));
#623 = ORIENTED_EDGE('',*,*,#624,.F.);
#624 = EDGE_CURVE('',#188,#625,#627,.T.);
#625 = VERTEX_POINT('',#626);
#626 = CARTESIAN_POINT('',(63.41572,0.2,5.17));
#627 = LINE('',#628,#629);
#628 = CARTESIAN_POINT('',(63.51572,0.1,5.17));
#629 = VECTOR('',#630,1.);
#630 = DIRECTION('',(-0.707106781187,0.707106781187,-1.570092458684E-16)
  );
#631 = ORIENTED_EDGE('',*,*,#195,.T.);
#632 = ORIENTED_EDGE('',*,*,#593,.T.);
#633 = ORIENTED_EDGE('',*,*,#634,.F.);
#634 = EDGE_CURVE('',#625,#594,#635,.T.);
#635 = CIRCLE('',#636,1.29572);
#636 = AXIS2_PLACEMENT_3D('',#637,#638,#639);
#637 = CARTESIAN_POINT('',(62.12,0.2,5.17));
#638 = DIRECTION('',(0.,-1.,0.));
#639 = DIRECTION('',(1.,0.,0.));
#640 = CONICAL_SURFACE('',#641,1.29572,0.785398163397);
#641 = AXIS2_PLACEMENT_3D('',#642,#643,#644);
#642 = CARTESIAN_POINT('',(62.12,0.2,5.17));
#643 = DIRECTION('',(-0.,-1.,-0.));
#644 = DIRECTION('',(1.,0.,0.));
#645 = ADVANCED_FACE('',(#646),#665,.F.);
#646 = FACE_BOUND('',#647,.T.);
#647 = EDGE_LOOP('',(#648,#649,#650,#658));
#648 = ORIENTED_EDGE('',*,*,#602,.F.);
#649 = ORIENTED_EDGE('',*,*,#144,.T.);
#650 = ORIENTED_EDGE('',*,*,#651,.T.);
#651 = EDGE_CURVE('',#145,#652,#654,.T.);
#652 = VERTEX_POINT('',#653);
#653 = CARTESIAN_POINT('',(54.22428,0.2,5.17));
#654 = LINE('',#655,#656);
#655 = CARTESIAN_POINT('',(54.22428,0.2,5.17));
#656 = VECTOR('',#657,1.);
#657 = DIRECTION('',(0.707106781187,0.707106781187,-1.526851599802E-16)
  );
#658 = ORIENTED_EDGE('',*,*,#659,.F.);
#659 = EDGE_CURVE('',#603,#652,#660,.T.);
#660 = CIRCLE('',#661,1.29572);
#661 = AXIS2_PLACEMENT_3D('',#662,#663,#664);
#662 = CARTESIAN_POINT('',(55.52,0.2,5.17));
#663 = DIRECTION('',(0.,-1.,0.));
#664 = DIRECTION('',(5.48376760226E-15,0.,1.));
#665 = CONICAL_SURFACE('',#666,1.29572,0.785398163397);
#666 = AXIS2_PLACEMENT_3D('',#667,#668,#669);
#667 = CARTESIAN_POINT('',(55.52,0.2,5.17));
#668 = DIRECTION('',(-0.,-1.,-0.));
#669 = DIRECTION('',(5.48376760226E-15,0.,1.));
#670 = ADVANCED_FACE('',(#671),#689,.T.);
#671 = FACE_BOUND('',#672,.T.);
#672 = EDGE_LOOP('',(#673,#681,#682,#683));
#673 = ORIENTED_EDGE('',*,*,#674,.F.);
#674 = EDGE_CURVE('',#179,#675,#677,.T.);
#675 = VERTEX_POINT('',#676);
#676 = CARTESIAN_POINT('',(63.41572,0.2,4.47));
#677 = LINE('',#678,#679);
#678 = CARTESIAN_POINT('',(63.41572,0.2,4.47));
#679 = VECTOR('',#680,1.);
#680 = DIRECTION('',(-0.707106781187,0.707106781187,4.329780281177E-17)
  );
#681 = ORIENTED_EDGE('',*,*,#187,.T.);
#682 = ORIENTED_EDGE('',*,*,#624,.T.);
#683 = ORIENTED_EDGE('',*,*,#684,.F.);
#684 = EDGE_CURVE('',#675,#625,#685,.T.);
#685 = LINE('',#686,#687);
#686 = CARTESIAN_POINT('',(63.41572,0.2,4.47));
#687 = VECTOR('',#688,1.);
#688 = DIRECTION('',(0.,2.22044604925E-16,1.));
#689 = PLANE('',#690);
#690 = AXIS2_PLACEMENT_3D('',#691,#692,#693);
#691 = CARTESIAN_POINT('',(63.51572,0.1,4.47));
#692 = DIRECTION('',(-0.707106781187,-0.707106781187,1.735417226645E-18)
  );
#693 = DIRECTION('',(-1.097951771734E-16,1.122494277517E-16,1.));
#694 = ADVANCED_FACE('',(#695),#713,.T.);
#695 = FACE_BOUND('',#696,.T.);
#696 = EDGE_LOOP('',(#697,#698,#699,#707));
#697 = ORIENTED_EDGE('',*,*,#651,.F.);
#698 = ORIENTED_EDGE('',*,*,#153,.T.);
#699 = ORIENTED_EDGE('',*,*,#700,.T.);
#700 = EDGE_CURVE('',#154,#701,#703,.T.);
#701 = VERTEX_POINT('',#702);
#702 = CARTESIAN_POINT('',(54.22428,0.2,4.47));
#703 = LINE('',#704,#705);
#704 = CARTESIAN_POINT('',(54.12428,1.E-01,4.47));
#705 = VECTOR('',#706,1.);
#706 = DIRECTION('',(0.707106781187,0.707106781187,-1.570092458684E-16)
  );
#707 = ORIENTED_EDGE('',*,*,#708,.F.);
#708 = EDGE_CURVE('',#652,#701,#709,.T.);
#709 = LINE('',#710,#711);
#710 = CARTESIAN_POINT('',(54.22428,0.2,5.17));
#711 = VECTOR('',#712,1.);
#712 = DIRECTION('',(0.,-2.22044604925E-16,-1.));
#713 = PLANE('',#714);
#714 = AXIS2_PLACEMENT_3D('',#715,#716,#717);
#715 = CARTESIAN_POINT('',(54.12428,0.1,5.17));
#716 = DIRECTION('',(0.707106781187,-0.707106781187,0.));
#717 = DIRECTION('',(-1.110223024625E-16,-1.110223024625E-16,-1.));
#718 = ADVANCED_FACE('',(#719),#738,.F.);
#719 = FACE_BOUND('',#720,.T.);
#720 = EDGE_LOOP('',(#721,#729,#730,#731));
#721 = ORIENTED_EDGE('',*,*,#722,.F.);
#722 = EDGE_CURVE('',#171,#723,#725,.T.);
#723 = VERTEX_POINT('',#724);
#724 = CARTESIAN_POINT('',(62.12,0.2,3.17428));
#725 = LINE('',#726,#727);
#726 = CARTESIAN_POINT('',(62.12,0.1,3.07428));
#727 = VECTOR('',#728,1.);
#728 = DIRECTION('',(-4.757855935405E-17,0.707106781187,0.707106781187)
  );
#729 = ORIENTED_EDGE('',*,*,#178,.T.);
#730 = ORIENTED_EDGE('',*,*,#674,.T.);
#731 = ORIENTED_EDGE('',*,*,#732,.F.);
#732 = EDGE_CURVE('',#723,#675,#733,.T.);
#733 = CIRCLE('',#734,1.29572);
#734 = AXIS2_PLACEMENT_3D('',#735,#736,#737);
#735 = CARTESIAN_POINT('',(62.12,0.2,4.47));
#736 = DIRECTION('',(0.,-1.,0.));
#737 = DIRECTION('',(0.,0.,-1.));
#738 = CONICAL_SURFACE('',#739,1.29572,0.785398163397);
#739 = AXIS2_PLACEMENT_3D('',#740,#741,#742);
#740 = CARTESIAN_POINT('',(62.12,0.2,4.47));
#741 = DIRECTION('',(-0.,-1.,-0.));
#742 = DIRECTION('',(0.,0.,-1.));
#743 = ADVANCED_FACE('',(#744),#763,.F.);
#744 = FACE_BOUND('',#745,.T.);
#745 = EDGE_LOOP('',(#746,#747,#748,#756));
#746 = ORIENTED_EDGE('',*,*,#700,.F.);
#747 = ORIENTED_EDGE('',*,*,#161,.T.);
#748 = ORIENTED_EDGE('',*,*,#749,.T.);
#749 = EDGE_CURVE('',#162,#750,#752,.T.);
#750 = VERTEX_POINT('',#751);
#751 = CARTESIAN_POINT('',(55.52,0.2,3.17428));
#752 = LINE('',#753,#754);
#753 = CARTESIAN_POINT('',(55.52,0.2,3.17428));
#754 = VECTOR('',#755,1.);
#755 = DIRECTION('',(1.613390261496E-15,0.707106781187,0.707106781187));
#756 = ORIENTED_EDGE('',*,*,#757,.F.);
#757 = EDGE_CURVE('',#701,#750,#758,.T.);
#758 = CIRCLE('',#759,1.29572);
#759 = AXIS2_PLACEMENT_3D('',#760,#761,#762);
#760 = CARTESIAN_POINT('',(55.52,0.2,4.47));
#761 = DIRECTION('',(-0.,-1.,-0.));
#762 = DIRECTION('',(-1.,0.,0.));
#763 = CONICAL_SURFACE('',#764,1.29572,0.785398163397);
#764 = AXIS2_PLACEMENT_3D('',#765,#766,#767);
#765 = CARTESIAN_POINT('',(55.52,0.2,4.47));
#766 = DIRECTION('',(-0.,-1.,-0.));
#767 = DIRECTION('',(-1.,0.,0.));
#768 = ADVANCED_FACE('',(#769),#780,.T.);
#769 = FACE_BOUND('',#770,.T.);
#770 = EDGE_LOOP('',(#771,#772,#773,#774));
#771 = ORIENTED_EDGE('',*,*,#749,.F.);
#772 = ORIENTED_EDGE('',*,*,#170,.T.);
#773 = ORIENTED_EDGE('',*,*,#722,.T.);
#774 = ORIENTED_EDGE('',*,*,#775,.F.);
#775 = EDGE_CURVE('',#750,#723,#776,.T.);
#776 = LINE('',#777,#778);
#777 = CARTESIAN_POINT('',(55.52,0.2,3.17428));
#778 = VECTOR('',#779,1.);
#779 = DIRECTION('',(1.,1.494054744737E-32,6.728624391668E-17));
#780 = PLANE('',#781);
#781 = AXIS2_PLACEMENT_3D('',#782,#783,#784);
#782 = CARTESIAN_POINT('',(55.52,0.1,3.07428));
#783 = DIRECTION('',(-3.297292730625E-17,-0.707106781187,0.707106781187)
  );
#784 = DIRECTION('',(1.,1.032774146452E-17,5.695850245216E-17));
#785 = ADVANCED_FACE('',(#786),#811,.F.);
#786 = FACE_BOUND('',#787,.F.);
#787 = EDGE_LOOP('',(#788,#796,#797,#805));
#788 = ORIENTED_EDGE('',*,*,#789,.F.);
#789 = EDGE_CURVE('',#220,#790,#792,.T.);
#790 = VERTEX_POINT('',#791);
#791 = CARTESIAN_POINT('',(38.3,0.8,6.37));
#792 = LINE('',#793,#794);
#793 = CARTESIAN_POINT('',(38.3,1.414424133372E-15,6.37));
#794 = VECTOR('',#795,1.);
#795 = DIRECTION('',(0.,1.,-2.22044604925E-16));
#796 = ORIENTED_EDGE('',*,*,#227,.F.);
#797 = ORIENTED_EDGE('',*,*,#798,.T.);
#798 = EDGE_CURVE('',#211,#799,#801,.T.);
#799 = VERTEX_POINT('',#800);
#800 = CARTESIAN_POINT('',(43.3,0.8,6.37));
#801 = LINE('',#802,#803);
#802 = CARTESIAN_POINT('',(43.3,1.414424133372E-15,6.37));
#803 = VECTOR('',#804,1.);
#804 = DIRECTION('',(0.,1.,-2.22044604925E-16));
#805 = ORIENTED_EDGE('',*,*,#806,.T.);
#806 = EDGE_CURVE('',#799,#790,#807,.T.);
#807 = LINE('',#808,#809);
#808 = CARTESIAN_POINT('',(21.65,0.8,6.37));
#809 = VECTOR('',#810,1.);
#810 = DIRECTION('',(-1.,0.,0.));
#811 = PLANE('',#812);
#812 = AXIS2_PLACEMENT_3D('',#813,#814,#815);
#813 = CARTESIAN_POINT('',(43.3,1.414424133372E-15,6.37));
#814 = DIRECTION('',(0.,2.22044604925E-16,1.));
#815 = DIRECTION('',(-1.,0.,0.));
#816 = ADVANCED_FACE('',(#817),#836,.F.);
#817 = FACE_BOUND('',#818,.F.);
#818 = EDGE_LOOP('',(#819,#820,#821,#829));
#819 = ORIENTED_EDGE('',*,*,#798,.F.);
#820 = ORIENTED_EDGE('',*,*,#251,.F.);
#821 = ORIENTED_EDGE('',*,*,#822,.T.);
#822 = EDGE_CURVE('',#242,#823,#825,.T.);
#823 = VERTEX_POINT('',#824);
#824 = CARTESIAN_POINT('',(43.6,0.8,6.07));
#825 = LINE('',#826,#827);
#826 = CARTESIAN_POINT('',(43.6,1.347810751895E-15,6.07));
#827 = VECTOR('',#828,1.);
#828 = DIRECTION('',(0.,1.,-2.22044604925E-16));
#829 = ORIENTED_EDGE('',*,*,#830,.T.);
#830 = EDGE_CURVE('',#823,#799,#831,.T.);
#831 = CIRCLE('',#832,0.3);
#832 = AXIS2_PLACEMENT_3D('',#833,#834,#835);
#833 = CARTESIAN_POINT('',(43.3,0.8,6.07));
#834 = DIRECTION('',(0.,-1.,2.22044604925E-16));
#835 = DIRECTION('',(1.,0.,0.));
#836 = CYLINDRICAL_SURFACE('',#837,0.3);
#837 = AXIS2_PLACEMENT_3D('',#838,#839,#840);
#838 = CARTESIAN_POINT('',(43.3,1.347810751895E-15,6.07));
#839 = DIRECTION('',(0.,-1.,2.22044604925E-16));
#840 = DIRECTION('',(1.,0.,0.));
#841 = ADVANCED_FACE('',(#842),#861,.F.);
#842 = FACE_BOUND('',#843,.F.);
#843 = EDGE_LOOP('',(#844,#852,#853,#854));
#844 = ORIENTED_EDGE('',*,*,#845,.F.);
#845 = EDGE_CURVE('',#269,#846,#848,.T.);
#846 = VERTEX_POINT('',#847);
#847 = CARTESIAN_POINT('',(38.,0.8,6.07));
#848 = LINE('',#849,#850);
#849 = CARTESIAN_POINT('',(38.,1.347810751895E-15,6.07));
#850 = VECTOR('',#851,1.);
#851 = DIRECTION('',(0.,1.,-2.22044604925E-16));
#852 = ORIENTED_EDGE('',*,*,#276,.F.);
#853 = ORIENTED_EDGE('',*,*,#789,.T.);
#854 = ORIENTED_EDGE('',*,*,#855,.T.);
#855 = EDGE_CURVE('',#790,#846,#856,.T.);
#856 = CIRCLE('',#857,0.3);
#857 = AXIS2_PLACEMENT_3D('',#858,#859,#860);
#858 = CARTESIAN_POINT('',(38.3,0.8,6.07));
#859 = DIRECTION('',(0.,-1.,2.22044604925E-16));
#860 = DIRECTION('',(1.,0.,0.));
#861 = CYLINDRICAL_SURFACE('',#862,0.3);
#862 = AXIS2_PLACEMENT_3D('',#863,#864,#865);
#863 = CARTESIAN_POINT('',(38.3,1.347810751895E-15,6.07));
#864 = DIRECTION('',(0.,-1.,2.22044604925E-16));
#865 = DIRECTION('',(1.,0.,0.));
#866 = ADVANCED_FACE('',(#867),#885,.F.);
#867 = FACE_BOUND('',#868,.F.);
#868 = EDGE_LOOP('',(#869,#870,#871,#879));
#869 = ORIENTED_EDGE('',*,*,#822,.F.);
#870 = ORIENTED_EDGE('',*,*,#301,.F.);
#871 = ORIENTED_EDGE('',*,*,#872,.T.);
#872 = EDGE_CURVE('',#292,#873,#875,.T.);
#873 = VERTEX_POINT('',#874);
#874 = CARTESIAN_POINT('',(43.6,0.8,3.57));
#875 = LINE('',#876,#877);
#876 = CARTESIAN_POINT('',(43.6,7.926992395824E-16,3.57));
#877 = VECTOR('',#878,1.);
#878 = DIRECTION('',(0.,1.,-2.22044604925E-16));
#879 = ORIENTED_EDGE('',*,*,#880,.T.);
#880 = EDGE_CURVE('',#873,#823,#881,.T.);
#881 = LINE('',#882,#883);
#882 = CARTESIAN_POINT('',(43.6,0.8,5.685));
#883 = VECTOR('',#884,1.);
#884 = DIRECTION('',(0.,0.,1.));
#885 = PLANE('',#886);
#886 = AXIS2_PLACEMENT_3D('',#887,#888,#889);
#887 = CARTESIAN_POINT('',(43.6,7.926992395824E-16,3.57));
#888 = DIRECTION('',(1.,0.,0.));
#889 = DIRECTION('',(0.,2.22044604925E-16,1.));
#890 = ADVANCED_FACE('',(#891),#909,.F.);
#891 = FACE_BOUND('',#892,.F.);
#892 = EDGE_LOOP('',(#893,#901,#902,#903));
#893 = ORIENTED_EDGE('',*,*,#894,.F.);
#894 = EDGE_CURVE('',#318,#895,#897,.T.);
#895 = VERTEX_POINT('',#896);
#896 = CARTESIAN_POINT('',(38.,0.8,3.57));
#897 = LINE('',#898,#899);
#898 = CARTESIAN_POINT('',(38.,7.926992395824E-16,3.57));
#899 = VECTOR('',#900,1.);
#900 = DIRECTION('',(0.,1.,-2.22044604925E-16));
#901 = ORIENTED_EDGE('',*,*,#325,.F.);
#902 = ORIENTED_EDGE('',*,*,#845,.T.);
#903 = ORIENTED_EDGE('',*,*,#904,.T.);
#904 = EDGE_CURVE('',#846,#895,#905,.T.);
#905 = LINE('',#906,#907);
#906 = CARTESIAN_POINT('',(38.,0.8,6.935));
#907 = VECTOR('',#908,1.);
#908 = DIRECTION('',(0.,0.,-1.));
#909 = PLANE('',#910);
#910 = AXIS2_PLACEMENT_3D('',#911,#912,#913);
#911 = CARTESIAN_POINT('',(38.,1.347810751895E-15,6.07));
#912 = DIRECTION('',(-1.,0.,0.));
#913 = DIRECTION('',(0.,-2.22044604925E-16,-1.));
#914 = ADVANCED_FACE('',(#915),#934,.F.);
#915 = FACE_BOUND('',#916,.F.);
#916 = EDGE_LOOP('',(#917,#918,#919,#927));
#917 = ORIENTED_EDGE('',*,*,#872,.F.);
#918 = ORIENTED_EDGE('',*,*,#349,.F.);
#919 = ORIENTED_EDGE('',*,*,#920,.T.);
#920 = EDGE_CURVE('',#340,#921,#923,.T.);
#921 = VERTEX_POINT('',#922);
#922 = CARTESIAN_POINT('',(43.3,0.8,3.27));
#923 = LINE('',#924,#925);
#924 = CARTESIAN_POINT('',(43.3,7.260858581049E-16,3.27));
#925 = VECTOR('',#926,1.);
#926 = DIRECTION('',(0.,1.,-2.22044604925E-16));
#927 = ORIENTED_EDGE('',*,*,#928,.T.);
#928 = EDGE_CURVE('',#921,#873,#929,.T.);
#929 = CIRCLE('',#930,0.3);
#930 = AXIS2_PLACEMENT_3D('',#931,#932,#933);
#931 = CARTESIAN_POINT('',(43.3,0.8,3.57));
#932 = DIRECTION('',(0.,-1.,2.22044604925E-16));
#933 = DIRECTION('',(1.,0.,0.));
#934 = CYLINDRICAL_SURFACE('',#935,0.3);
#935 = AXIS2_PLACEMENT_3D('',#936,#937,#938);
#936 = CARTESIAN_POINT('',(43.3,7.926992395824E-16,3.57));
#937 = DIRECTION('',(0.,-1.,2.22044604925E-16));
#938 = DIRECTION('',(1.,0.,0.));
#939 = ADVANCED_FACE('',(#940),#959,.F.);
#940 = FACE_BOUND('',#941,.F.);
#941 = EDGE_LOOP('',(#942,#950,#951,#952));
#942 = ORIENTED_EDGE('',*,*,#943,.F.);
#943 = EDGE_CURVE('',#367,#944,#946,.T.);
#944 = VERTEX_POINT('',#945);
#945 = CARTESIAN_POINT('',(38.3,0.8,3.27));
#946 = LINE('',#947,#948);
#947 = CARTESIAN_POINT('',(38.3,7.260858581049E-16,3.27));
#948 = VECTOR('',#949,1.);
#949 = DIRECTION('',(0.,1.,-2.22044604925E-16));
#950 = ORIENTED_EDGE('',*,*,#374,.F.);
#951 = ORIENTED_EDGE('',*,*,#894,.T.);
#952 = ORIENTED_EDGE('',*,*,#953,.T.);
#953 = EDGE_CURVE('',#895,#944,#954,.T.);
#954 = CIRCLE('',#955,0.3);
#955 = AXIS2_PLACEMENT_3D('',#956,#957,#958);
#956 = CARTESIAN_POINT('',(38.3,0.8,3.57));
#957 = DIRECTION('',(0.,-1.,2.22044604925E-16));
#958 = DIRECTION('',(1.,0.,0.));
#959 = CYLINDRICAL_SURFACE('',#960,0.3);
#960 = AXIS2_PLACEMENT_3D('',#961,#962,#963);
#961 = CARTESIAN_POINT('',(38.3,7.926992395824E-16,3.57));
#962 = DIRECTION('',(0.,-1.,2.22044604925E-16));
#963 = DIRECTION('',(1.,0.,0.));
#964 = ADVANCED_FACE('',(#965),#976,.F.);
#965 = FACE_BOUND('',#966,.F.);
#966 = EDGE_LOOP('',(#967,#968,#969,#970));
#967 = ORIENTED_EDGE('',*,*,#920,.F.);
#968 = ORIENTED_EDGE('',*,*,#392,.F.);
#969 = ORIENTED_EDGE('',*,*,#943,.T.);
#970 = ORIENTED_EDGE('',*,*,#971,.T.);
#971 = EDGE_CURVE('',#944,#921,#972,.T.);
#972 = LINE('',#973,#974);
#973 = CARTESIAN_POINT('',(19.15,0.8,3.27));
#974 = VECTOR('',#975,1.);
#975 = DIRECTION('',(1.,0.,0.));
#976 = PLANE('',#977);
#977 = AXIS2_PLACEMENT_3D('',#978,#979,#980);
#978 = CARTESIAN_POINT('',(38.3,7.260858581049E-16,3.27));
#979 = DIRECTION('',(0.,-2.22044604925E-16,-1.));
#980 = DIRECTION('',(1.,0.,0.));
#981 = ADVANCED_FACE('',(#982),#1002,.F.);
#982 = FACE_BOUND('',#983,.F.);
#983 = EDGE_LOOP('',(#984,#985,#994,#1000,#1001));
#984 = ORIENTED_EDGE('',*,*,#547,.F.);
#985 = ORIENTED_EDGE('',*,*,#986,.T.);
#986 = EDGE_CURVE('',#548,#987,#989,.T.);
#987 = VERTEX_POINT('',#988);
#988 = CARTESIAN_POINT('',(3.,0.8,7.8));
#989 = CIRCLE('',#990,3.);
#990 = AXIS2_PLACEMENT_3D('',#991,#992,#993);
#991 = CARTESIAN_POINT('',(0.,0.8,7.8));
#992 = DIRECTION('',(0.,-1.,2.22044604925E-16));
#993 = DIRECTION('',(1.,0.,0.));
#994 = ORIENTED_EDGE('',*,*,#995,.F.);
#995 = EDGE_CURVE('',#407,#987,#996,.T.);
#996 = LINE('',#997,#998);
#997 = CARTESIAN_POINT('',(3.,1.731947918415E-15,7.8));
#998 = VECTOR('',#999,1.);
#999 = DIRECTION('',(0.,1.,-2.22044604925E-16));
#1000 = ORIENTED_EDGE('',*,*,#406,.T.);
#1001 = ORIENTED_EDGE('',*,*,#455,.F.);
#1002 = CYLINDRICAL_SURFACE('',#1003,3.);
#1003 = AXIS2_PLACEMENT_3D('',#1004,#1005,#1006);
#1004 = CARTESIAN_POINT('',(0.,1.731947918415E-15,7.8));
#1005 = DIRECTION('',(0.,-1.,2.22044604925E-16));
#1006 = DIRECTION('',(1.,0.,0.));
#1007 = ADVANCED_FACE('',(#1008),#1126,.T.);
#1008 = FACE_BOUND('',#1009,.T.);
#1009 = EDGE_LOOP('',(#1010,#1011,#1012,#1021,#1029,#1038,#1046,#1054,
    #1062,#1070,#1078,#1087,#1095,#1104,#1112,#1120));
#1010 = ORIENTED_EDGE('',*,*,#995,.F.);
#1011 = ORIENTED_EDGE('',*,*,#417,.T.);
#1012 = ORIENTED_EDGE('',*,*,#1013,.T.);
#1013 = EDGE_CURVE('',#418,#1014,#1016,.T.);
#1014 = VERTEX_POINT('',#1015);
#1015 = CARTESIAN_POINT('',(113.62,11.8,7.8));
#1016 = CIRCLE('',#1017,11.14);
#1017 = AXIS2_PLACEMENT_3D('',#1018,#1019,#1020);
#1018 = CARTESIAN_POINT('',(102.48,11.8,7.8));
#1019 = DIRECTION('',(-0.,0.,1.));
#1020 = DIRECTION('',(0.,-1.,0.));
#1021 = ORIENTED_EDGE('',*,*,#1022,.T.);
#1022 = EDGE_CURVE('',#1014,#1023,#1025,.T.);
#1023 = VERTEX_POINT('',#1024);
#1024 = CARTESIAN_POINT('',(113.62,139.8,7.8));
#1025 = LINE('',#1026,#1027);
#1026 = CARTESIAN_POINT('',(113.62,11.8,7.8));
#1027 = VECTOR('',#1028,1.);
#1028 = DIRECTION('',(0.,1.,0.));
#1029 = ORIENTED_EDGE('',*,*,#1030,.T.);
#1030 = EDGE_CURVE('',#1023,#1031,#1033,.T.);
#1031 = VERTEX_POINT('',#1032);
#1032 = CARTESIAN_POINT('',(102.48,150.94,7.8));
#1033 = CIRCLE('',#1034,11.14);
#1034 = AXIS2_PLACEMENT_3D('',#1035,#1036,#1037);
#1035 = CARTESIAN_POINT('',(102.48,139.8,7.8));
#1036 = DIRECTION('',(0.,0.,1.));
#1037 = DIRECTION('',(1.,0.,0.));
#1038 = ORIENTED_EDGE('',*,*,#1039,.T.);
#1039 = EDGE_CURVE('',#1031,#1040,#1042,.T.);
#1040 = VERTEX_POINT('',#1041);
#1041 = CARTESIAN_POINT('',(3.,150.94,7.8));
#1042 = LINE('',#1043,#1044);
#1043 = CARTESIAN_POINT('',(102.48,150.94,7.8));
#1044 = VECTOR('',#1045,1.);
#1045 = DIRECTION('',(-1.,0.,0.));
#1046 = ORIENTED_EDGE('',*,*,#1047,.F.);
#1047 = EDGE_CURVE('',#1048,#1040,#1050,.T.);
#1048 = VERTEX_POINT('',#1049);
#1049 = CARTESIAN_POINT('',(3.,150.8,7.8));
#1050 = LINE('',#1051,#1052);
#1051 = CARTESIAN_POINT('',(3.,1.731947918415E-15,7.8));
#1052 = VECTOR('',#1053,1.);
#1053 = DIRECTION('',(0.,1.,-2.22044604925E-16));
#1054 = ORIENTED_EDGE('',*,*,#1055,.F.);
#1055 = EDGE_CURVE('',#1056,#1048,#1058,.T.);
#1056 = VERTEX_POINT('',#1057);
#1057 = CARTESIAN_POINT('',(8.,150.8,7.8));
#1058 = LINE('',#1059,#1060);
#1059 = CARTESIAN_POINT('',(102.48,150.8,7.8));
#1060 = VECTOR('',#1061,1.);
#1061 = DIRECTION('',(-1.,0.,0.));
#1062 = ORIENTED_EDGE('',*,*,#1063,.T.);
#1063 = EDGE_CURVE('',#1056,#1064,#1066,.T.);
#1064 = VERTEX_POINT('',#1065);
#1065 = CARTESIAN_POINT('',(8.,150.,7.8));
#1066 = LINE('',#1067,#1068);
#1067 = CARTESIAN_POINT('',(8.,150.8,7.8));
#1068 = VECTOR('',#1069,1.);
#1069 = DIRECTION('',(0.,-1.,0.));
#1070 = ORIENTED_EDGE('',*,*,#1071,.T.);
#1071 = EDGE_CURVE('',#1064,#1072,#1074,.T.);
#1072 = VERTEX_POINT('',#1073);
#1073 = CARTESIAN_POINT('',(102.48,150.,7.8));
#1074 = LINE('',#1075,#1076);
#1075 = CARTESIAN_POINT('',(8.,150.,7.8));
#1076 = VECTOR('',#1077,1.);
#1077 = DIRECTION('',(1.,0.,0.));
#1078 = ORIENTED_EDGE('',*,*,#1079,.F.);
#1079 = EDGE_CURVE('',#1080,#1072,#1082,.T.);
#1080 = VERTEX_POINT('',#1081);
#1081 = CARTESIAN_POINT('',(112.67999999994,139.7999658756,7.8));
#1082 = CIRCLE('',#1083,10.2);
#1083 = AXIS2_PLACEMENT_3D('',#1084,#1085,#1086);
#1084 = CARTESIAN_POINT('',(102.48,139.8,7.8));
#1085 = DIRECTION('',(0.,0.,1.));
#1086 = DIRECTION('',(1.,0.,0.));
#1087 = ORIENTED_EDGE('',*,*,#1088,.F.);
#1088 = EDGE_CURVE('',#1089,#1080,#1091,.T.);
#1089 = VERTEX_POINT('',#1090);
#1090 = CARTESIAN_POINT('',(112.67999999994,11.799965881647,7.8));
#1091 = LINE('',#1092,#1093);
#1092 = CARTESIAN_POINT('',(112.67999999994,11.799965881647,7.8));
#1093 = VECTOR('',#1094,1.);
#1094 = DIRECTION('',(0.,1.,0.));
#1095 = ORIENTED_EDGE('',*,*,#1096,.F.);
#1096 = EDGE_CURVE('',#1097,#1089,#1099,.T.);
#1097 = VERTEX_POINT('',#1098);
#1098 = CARTESIAN_POINT('',(102.48,1.6,7.8));
#1099 = CIRCLE('',#1100,10.2);
#1100 = AXIS2_PLACEMENT_3D('',#1101,#1102,#1103);
#1101 = CARTESIAN_POINT('',(102.48,11.8,7.8));
#1102 = DIRECTION('',(0.,0.,1.));
#1103 = DIRECTION('',(1.,0.,0.));
#1104 = ORIENTED_EDGE('',*,*,#1105,.F.);
#1105 = EDGE_CURVE('',#1106,#1097,#1108,.T.);
#1106 = VERTEX_POINT('',#1107);
#1107 = CARTESIAN_POINT('',(8.,1.6,7.8));
#1108 = LINE('',#1109,#1110);
#1109 = CARTESIAN_POINT('',(8.,1.6,7.8));
#1110 = VECTOR('',#1111,1.);
#1111 = DIRECTION('',(1.,0.,0.));
#1112 = ORIENTED_EDGE('',*,*,#1113,.F.);
#1113 = EDGE_CURVE('',#1114,#1106,#1116,.T.);
#1114 = VERTEX_POINT('',#1115);
#1115 = CARTESIAN_POINT('',(8.,0.8,7.8));
#1116 = LINE('',#1117,#1118);
#1117 = CARTESIAN_POINT('',(8.,0.8,7.8));
#1118 = VECTOR('',#1119,1.);
#1119 = DIRECTION('',(0.,1.,0.));
#1120 = ORIENTED_EDGE('',*,*,#1121,.F.);
#1121 = EDGE_CURVE('',#987,#1114,#1122,.T.);
#1122 = LINE('',#1123,#1124);
#1123 = CARTESIAN_POINT('',(0.,0.8,7.8));
#1124 = VECTOR('',#1125,1.);
#1125 = DIRECTION('',(1.,0.,0.));
#1126 = PLANE('',#1127);
#1127 = AXIS2_PLACEMENT_3D('',#1128,#1129,#1130);
#1128 = CARTESIAN_POINT('',(77.943231446091,75.799999756366,7.8));
#1129 = DIRECTION('',(0.,0.,1.));
#1130 = DIRECTION('',(1.,0.,0.));
#1131 = ADVANCED_FACE('',(#1132),#1143,.T.);
#1132 = FACE_BOUND('',#1133,.F.);
#1133 = EDGE_LOOP('',(#1134,#1135,#1136,#1142));
#1134 = ORIENTED_EDGE('',*,*,#425,.F.);
#1135 = ORIENTED_EDGE('',*,*,#1013,.T.);
#1136 = ORIENTED_EDGE('',*,*,#1137,.T.);
#1137 = EDGE_CURVE('',#1014,#483,#1138,.T.);
#1138 = LINE('',#1139,#1140);
#1139 = CARTESIAN_POINT('',(114.28,11.8,7.14));
#1140 = VECTOR('',#1141,1.);
#1141 = DIRECTION('',(0.707106781187,-4.329780281177E-17,-0.707106781187
    ));
#1142 = ORIENTED_EDGE('',*,*,#490,.F.);
#1143 = CONICAL_SURFACE('',#1144,11.8,0.785398163397);
#1144 = AXIS2_PLACEMENT_3D('',#1145,#1146,#1147);
#1145 = CARTESIAN_POINT('',(102.48,11.8,7.14));
#1146 = DIRECTION('',(-0.,-0.,-1.));
#1147 = DIRECTION('',(0.,-1.,0.));
#1148 = ADVANCED_FACE('',(#1149),#1168,.T.);
#1149 = FACE_BOUND('',#1150,.T.);
#1150 = EDGE_LOOP('',(#1151,#1152,#1161,#1167));
#1151 = ORIENTED_EDGE('',*,*,#578,.F.);
#1152 = ORIENTED_EDGE('',*,*,#1153,.T.);
#1153 = EDGE_CURVE('',#571,#1154,#1156,.T.);
#1154 = VERTEX_POINT('',#1155);
#1155 = CARTESIAN_POINT('',(112.11,11.8,8.881784197001E-16));
#1156 = CIRCLE('',#1157,9.63);
#1157 = AXIS2_PLACEMENT_3D('',#1158,#1159,#1160);
#1158 = CARTESIAN_POINT('',(102.48,11.8,0.));
#1159 = DIRECTION('',(-0.,0.,1.));
#1160 = DIRECTION('',(0.,-1.,0.));
#1161 = ORIENTED_EDGE('',*,*,#1162,.T.);
#1162 = EDGE_CURVE('',#1154,#474,#1163,.T.);
#1163 = LINE('',#1164,#1165);
#1164 = CARTESIAN_POINT('',(114.28,11.8,2.17));
#1165 = VECTOR('',#1166,1.);
#1166 = DIRECTION('',(0.707106781187,-4.329780281177E-17,0.707106781187)
  );
#1167 = ORIENTED_EDGE('',*,*,#473,.F.);
#1168 = CONICAL_SURFACE('',#1169,11.8,0.785398163397);
#1169 = AXIS2_PLACEMENT_3D('',#1170,#1171,#1172);
#1170 = CARTESIAN_POINT('',(102.48,11.8,2.17));
#1171 = DIRECTION('',(0.,0.,1.));
#1172 = DIRECTION('',(0.,-1.,0.));
#1173 = ADVANCED_FACE('',(#1174),#1199,.F.);
#1174 = FACE_BOUND('',#1175,.F.);
#1175 = EDGE_LOOP('',(#1176,#1177,#1185,#1193));
#1176 = ORIENTED_EDGE('',*,*,#482,.T.);
#1177 = ORIENTED_EDGE('',*,*,#1178,.T.);
#1178 = EDGE_CURVE('',#483,#1179,#1181,.T.);
#1179 = VERTEX_POINT('',#1180);
#1180 = CARTESIAN_POINT('',(114.28,139.8,7.14));
#1181 = LINE('',#1182,#1183);
#1182 = CARTESIAN_POINT('',(114.28,11.8,7.14));
#1183 = VECTOR('',#1184,1.);
#1184 = DIRECTION('',(0.,1.,0.));
#1185 = ORIENTED_EDGE('',*,*,#1186,.F.);
#1186 = EDGE_CURVE('',#1187,#1179,#1189,.T.);
#1187 = VERTEX_POINT('',#1188);
#1188 = CARTESIAN_POINT('',(114.28,139.8,2.17));
#1189 = LINE('',#1190,#1191);
#1190 = CARTESIAN_POINT('',(114.28,139.8,0.));
#1191 = VECTOR('',#1192,1.);
#1192 = DIRECTION('',(0.,0.,1.));
#1193 = ORIENTED_EDGE('',*,*,#1194,.F.);
#1194 = EDGE_CURVE('',#474,#1187,#1195,.T.);
#1195 = LINE('',#1196,#1197);
#1196 = CARTESIAN_POINT('',(114.28,11.8,2.17));
#1197 = VECTOR('',#1198,1.);
#1198 = DIRECTION('',(0.,1.,0.));
#1199 = PLANE('',#1200);
#1200 = AXIS2_PLACEMENT_3D('',#1201,#1202,#1203);
#1201 = CARTESIAN_POINT('',(114.28,0.,0.));
#1202 = DIRECTION('',(-1.,0.,0.));
#1203 = DIRECTION('',(0.,1.,0.));
#1204 = ADVANCED_FACE('',(#1205),#1246,.T.);
#1205 = FACE_BOUND('',#1206,.F.);
#1206 = EDGE_LOOP('',(#1207,#1208,#1216,#1224,#1232,#1240));
#1207 = ORIENTED_EDGE('',*,*,#505,.F.);
#1208 = ORIENTED_EDGE('',*,*,#1209,.F.);
#1209 = EDGE_CURVE('',#1210,#506,#1212,.T.);
#1210 = VERTEX_POINT('',#1211);
#1211 = CARTESIAN_POINT('',(3.14,2.27,1.09));
#1212 = LINE('',#1213,#1214);
#1213 = CARTESIAN_POINT('',(1.57,2.27,1.09));
#1214 = VECTOR('',#1215,1.);
#1215 = DIRECTION('',(-1.,0.,0.));
#1216 = ORIENTED_EDGE('',*,*,#1217,.F.);
#1217 = EDGE_CURVE('',#1218,#1210,#1220,.T.);
#1218 = VERTEX_POINT('',#1219);
#1219 = CARTESIAN_POINT('',(3.14,2.36,1.));
#1220 = LINE('',#1221,#1222);
#1221 = CARTESIAN_POINT('',(3.14,38.9625,-35.6025));
#1222 = VECTOR('',#1223,1.);
#1223 = DIRECTION('',(0.,-0.707106781187,0.707106781187));
#1224 = ORIENTED_EDGE('',*,*,#1225,.T.);
#1225 = EDGE_CURVE('',#1218,#1226,#1228,.T.);
#1226 = VERTEX_POINT('',#1227);
#1227 = CARTESIAN_POINT('',(102.48,2.36,1.));
#1228 = LINE('',#1229,#1230);
#1229 = CARTESIAN_POINT('',(0.,2.36,1.));
#1230 = VECTOR('',#1231,1.);
#1231 = DIRECTION('',(1.,0.,0.));
#1232 = ORIENTED_EDGE('',*,*,#1233,.T.);
#1233 = EDGE_CURVE('',#1226,#1234,#1236,.T.);
#1234 = VERTEX_POINT('',#1235);
#1235 = CARTESIAN_POINT('',(102.48,0.8,2.56));
#1236 = LINE('',#1237,#1238);
#1237 = CARTESIAN_POINT('',(102.48,1.58,1.78));
#1238 = VECTOR('',#1239,1.);
#1239 = DIRECTION('',(0.,-0.707106781187,0.707106781187));
#1240 = ORIENTED_EDGE('',*,*,#1241,.F.);
#1241 = EDGE_CURVE('',#508,#1234,#1242,.T.);
#1242 = LINE('',#1243,#1244);
#1243 = CARTESIAN_POINT('',(0.,0.8,2.56));
#1244 = VECTOR('',#1245,1.);
#1245 = DIRECTION('',(1.,0.,0.));
#1246 = PLANE('',#1247);
#1247 = AXIS2_PLACEMENT_3D('',#1248,#1249,#1250);
#1248 = CARTESIAN_POINT('',(0.,1.58,1.78));
#1249 = DIRECTION('',(0.,0.707106781187,0.707106781187));
#1250 = DIRECTION('',(-1.,-0.,-0.));
#1251 = ADVANCED_FACE('',(#1252),#1270,.F.);
#1252 = FACE_BOUND('',#1253,.F.);
#1253 = EDGE_LOOP('',(#1254,#1262,#1268,#1269));
#1254 = ORIENTED_EDGE('',*,*,#1255,.F.);
#1255 = EDGE_CURVE('',#1256,#516,#1258,.T.);
#1256 = VERTEX_POINT('',#1257);
#1257 = CARTESIAN_POINT('',(3.14,2.27,1.));
#1258 = LINE('',#1259,#1260);
#1259 = CARTESIAN_POINT('',(3.14,2.27,1.));
#1260 = VECTOR('',#1261,1.);
#1261 = DIRECTION('',(-1.,0.,0.));
#1262 = ORIENTED_EDGE('',*,*,#1263,.T.);
#1263 = EDGE_CURVE('',#1256,#1210,#1264,.T.);
#1264 = LINE('',#1265,#1266);
#1265 = CARTESIAN_POINT('',(3.14,2.27,0.));
#1266 = VECTOR('',#1267,1.);
#1267 = DIRECTION('',(0.,0.,1.));
#1268 = ORIENTED_EDGE('',*,*,#1209,.T.);
#1269 = ORIENTED_EDGE('',*,*,#515,.F.);
#1270 = PLANE('',#1271);
#1271 = AXIS2_PLACEMENT_3D('',#1272,#1273,#1274);
#1272 = CARTESIAN_POINT('',(3.14,2.27,0.));
#1273 = DIRECTION('',(0.,-1.,0.));
#1274 = DIRECTION('',(-1.,0.,0.));
#1275 = ADVANCED_FACE('',(#1276),#1301,.T.);
#1276 = FACE_BOUND('',#1277,.T.);
#1277 = EDGE_LOOP('',(#1278,#1286,#1287,#1295));
#1278 = ORIENTED_EDGE('',*,*,#1279,.F.);
#1279 = EDGE_CURVE('',#524,#1280,#1282,.T.);
#1280 = VERTEX_POINT('',#1281);
#1281 = CARTESIAN_POINT('',(-0.556055168358,2.27,-1.13051419807E-15));
#1282 = LINE('',#1283,#1284);
#1283 = CARTESIAN_POINT('',(3.14,2.27,0.));
#1284 = VECTOR('',#1285,1.);
#1285 = DIRECTION('',(-1.,0.,0.));
#1286 = ORIENTED_EDGE('',*,*,#523,.T.);
#1287 = ORIENTED_EDGE('',*,*,#1288,.T.);
#1288 = EDGE_CURVE('',#516,#1289,#1291,.T.);
#1289 = VERTEX_POINT('',#1290);
#1290 = CARTESIAN_POINT('',(-0.556055168358,2.27,1.));
#1291 = LINE('',#1292,#1293);
#1292 = CARTESIAN_POINT('',(3.14,2.27,1.));
#1293 = VECTOR('',#1294,1.);
#1294 = DIRECTION('',(-1.,0.,0.));
#1295 = ORIENTED_EDGE('',*,*,#1296,.T.);
#1296 = EDGE_CURVE('',#1289,#1280,#1297,.T.);
#1297 = LINE('',#1298,#1299);
#1298 = CARTESIAN_POINT('',(-0.556055168358,2.27,-2.261028396141E-15));
#1299 = VECTOR('',#1300,1.);
#1300 = DIRECTION('',(0.,0.,-1.));
#1301 = PLANE('',#1302);
#1302 = AXIS2_PLACEMENT_3D('',#1303,#1304,#1305);
#1303 = CARTESIAN_POINT('',(3.14,2.27,0.));
#1304 = DIRECTION('',(-0.,-1.,-0.));
#1305 = DIRECTION('',(-1.,0.,0.));
#1306 = ADVANCED_FACE('',(#1307,#1778,#1789,#1800,#1811),#1822,.T.);
#1307 = FACE_BOUND('',#1308,.T.);
#1308 = EDGE_LOOP('',(#1309,#1319,#1327,#1335,#1343,#1352,#1360,#1368,
    #1376,#1385,#1391,#1392,#1393,#1394,#1395,#1404,#1412,#1420,#1428,
    #1436,#1444,#1452,#1460,#1468,#1476,#1484,#1492,#1500,#1508,#1516,
    #1524,#1532,#1540,#1548,#1556,#1564,#1572,#1580,#1588,#1596,#1604,
    #1612,#1620,#1628,#1636,#1644,#1652,#1660,#1668,#1676,#1684,#1692,
    #1700,#1708,#1716,#1724,#1732,#1740,#1748,#1756,#1764,#1772));
#1309 = ORIENTED_EDGE('',*,*,#1310,.F.);
#1310 = EDGE_CURVE('',#1311,#1313,#1315,.T.);
#1311 = VERTEX_POINT('',#1312);
#1312 = CARTESIAN_POINT('',(-1.66,139.88,-2.845723656719E-14));
#1313 = VERTEX_POINT('',#1314);
#1314 = CARTESIAN_POINT('',(2.14,139.88,-2.845723656719E-14));
#1315 = LINE('',#1316,#1317);
#1316 = CARTESIAN_POINT('',(-2.86,139.88,-2.845723656719E-14));
#1317 = VECTOR('',#1318,1.);
#1318 = DIRECTION('',(1.,0.,0.));
#1319 = ORIENTED_EDGE('',*,*,#1320,.F.);
#1320 = EDGE_CURVE('',#1321,#1311,#1323,.T.);
#1321 = VERTEX_POINT('',#1322);
#1322 = CARTESIAN_POINT('',(-2.86,141.08,-2.899014361901E-14));
#1323 = LINE('',#1324,#1325);
#1324 = CARTESIAN_POINT('',(26.42287032905,111.79712967095,
    -2.261028396141E-15));
#1325 = VECTOR('',#1326,1.);
#1326 = DIRECTION('',(0.707106781187,-0.707106781187,0.));
#1327 = ORIENTED_EDGE('',*,*,#1328,.F.);
#1328 = EDGE_CURVE('',#1329,#1321,#1331,.T.);
#1329 = VERTEX_POINT('',#1330);
#1330 = CARTESIAN_POINT('',(-2.86,148.77,-3.46662180389E-14));
#1331 = LINE('',#1332,#1333);
#1332 = CARTESIAN_POINT('',(-2.86,149.33,-3.265387960028E-14));
#1333 = VECTOR('',#1334,1.);
#1334 = DIRECTION('',(0.,-1.,4.440892098501E-16));
#1335 = ORIENTED_EDGE('',*,*,#1336,.T.);
#1336 = EDGE_CURVE('',#1329,#1337,#1339,.T.);
#1337 = VERTEX_POINT('',#1338);
#1338 = CARTESIAN_POINT('',(-1.908943401704,149.079016742,
    -3.480344903969E-14));
#1339 = LINE('',#1340,#1341);
#1340 = CARTESIAN_POINT('',(-2.86,148.77,-3.46662180389E-14));
#1341 = VECTOR('',#1342,1.);
#1342 = DIRECTION('',(0.951056598296,0.309016742004,-1.372310007868E-16)
  );
#1343 = ORIENTED_EDGE('',*,*,#1344,.F.);
#1344 = EDGE_CURVE('',#1345,#1337,#1347,.T.);
#1345 = VERTEX_POINT('',#1346);
#1346 = CARTESIAN_POINT('',(-0.556055168358,149.33,-3.378439379835E-14)
  );
#1347 = CIRCLE('',#1348,5.27775876139);
#1348 = AXIS2_PLACEMENT_3D('',#1349,#1350,#1351);
#1349 = CARTESIAN_POINT('',(-0.278027584179,144.05956944777,
    -3.257436665691E-14));
#1350 = DIRECTION('',(-0.,4.440892098501E-16,1.));
#1351 = DIRECTION('',(1.,0.,0.));
#1352 = ORIENTED_EDGE('',*,*,#1353,.F.);
#1353 = EDGE_CURVE('',#1354,#1345,#1356,.T.);
#1354 = VERTEX_POINT('',#1355);
#1355 = CARTESIAN_POINT('',(0.,149.33,0.));
#1356 = LINE('',#1357,#1358);
#1357 = CARTESIAN_POINT('',(3.14,149.33,-3.265387960028E-14));
#1358 = VECTOR('',#1359,1.);
#1359 = DIRECTION('',(-1.,0.,0.));
#1360 = ORIENTED_EDGE('',*,*,#1361,.F.);
#1361 = EDGE_CURVE('',#1362,#1354,#1364,.T.);
#1362 = VERTEX_POINT('',#1363);
#1363 = CARTESIAN_POINT('',(0.,149.43,1.176836406103E-14));
#1364 = LINE('',#1365,#1366);
#1365 = CARTESIAN_POINT('',(0.,151.6,0.));
#1366 = VECTOR('',#1367,1.);
#1367 = DIRECTION('',(0.,-1.,0.));
#1368 = ORIENTED_EDGE('',*,*,#1369,.F.);
#1369 = EDGE_CURVE('',#1370,#1362,#1372,.T.);
#1370 = VERTEX_POINT('',#1371);
#1371 = CARTESIAN_POINT('',(102.48,149.43,8.881784197001E-16));
#1372 = LINE('',#1373,#1374);
#1373 = CARTESIAN_POINT('',(102.48,149.43,0.));
#1374 = VECTOR('',#1375,1.);
#1375 = DIRECTION('',(-1.,0.,0.));
#1376 = ORIENTED_EDGE('',*,*,#1377,.F.);
#1377 = EDGE_CURVE('',#1378,#1370,#1380,.T.);
#1378 = VERTEX_POINT('',#1379);
#1379 = CARTESIAN_POINT('',(112.11,139.8,5.329070518201E-15));
#1380 = CIRCLE('',#1381,9.63);
#1381 = AXIS2_PLACEMENT_3D('',#1382,#1383,#1384);
#1382 = CARTESIAN_POINT('',(102.48,139.8,0.));
#1383 = DIRECTION('',(0.,0.,1.));
#1384 = DIRECTION('',(1.,0.,0.));
#1385 = ORIENTED_EDGE('',*,*,#1386,.F.);
#1386 = EDGE_CURVE('',#1154,#1378,#1387,.T.);
#1387 = LINE('',#1388,#1389);
#1388 = CARTESIAN_POINT('',(112.11,11.8,0.));
#1389 = VECTOR('',#1390,1.);
#1390 = DIRECTION('',(0.,1.,0.));
#1391 = ORIENTED_EDGE('',*,*,#1153,.F.);
#1392 = ORIENTED_EDGE('',*,*,#570,.F.);
#1393 = ORIENTED_EDGE('',*,*,#531,.F.);
#1394 = ORIENTED_EDGE('',*,*,#1279,.T.);
#1395 = ORIENTED_EDGE('',*,*,#1396,.T.);
#1396 = EDGE_CURVE('',#1280,#1397,#1399,.T.);
#1397 = VERTEX_POINT('',#1398);
#1398 = CARTESIAN_POINT('',(-1.908943401704,2.520983257996,
    -2.261028396141E-15));
#1399 = CIRCLE('',#1400,5.27775876139);
#1400 = AXIS2_PLACEMENT_3D('',#1401,#1402,#1403);
#1401 = CARTESIAN_POINT('',(-0.278027584179,7.540430552229,
    -2.261028396141E-15));
#1402 = DIRECTION('',(0.,0.,-1.));
#1403 = DIRECTION('',(1.,0.,0.));
#1404 = ORIENTED_EDGE('',*,*,#1405,.F.);
#1405 = EDGE_CURVE('',#1406,#1397,#1408,.T.);
#1406 = VERTEX_POINT('',#1407);
#1407 = CARTESIAN_POINT('',(-2.86,2.83,-2.261028396141E-15));
#1408 = LINE('',#1409,#1410);
#1409 = CARTESIAN_POINT('',(-2.86,2.83,-2.261028396141E-15));
#1410 = VECTOR('',#1411,1.);
#1411 = DIRECTION('',(0.951056598296,-0.309016742004,0.));
#1412 = ORIENTED_EDGE('',*,*,#1413,.T.);
#1413 = EDGE_CURVE('',#1406,#1414,#1416,.T.);
#1414 = VERTEX_POINT('',#1415);
#1415 = CARTESIAN_POINT('',(-2.86,10.52,0.));
#1416 = LINE('',#1417,#1418);
#1417 = CARTESIAN_POINT('',(-2.86,2.27,0.));
#1418 = VECTOR('',#1419,1.);
#1419 = DIRECTION('',(0.,1.,0.));
#1420 = ORIENTED_EDGE('',*,*,#1421,.F.);
#1421 = EDGE_CURVE('',#1422,#1414,#1424,.T.);
#1422 = VERTEX_POINT('',#1423);
#1423 = CARTESIAN_POINT('',(-1.66,11.72,0.));
#1424 = LINE('',#1425,#1426);
#1425 = CARTESIAN_POINT('',(26.42287032905,39.80287032905,
    -2.261028396141E-15));
#1426 = VECTOR('',#1427,1.);
#1427 = DIRECTION('',(-0.707106781187,-0.707106781187,0.));
#1428 = ORIENTED_EDGE('',*,*,#1429,.T.);
#1429 = EDGE_CURVE('',#1422,#1430,#1432,.T.);
#1430 = VERTEX_POINT('',#1431);
#1431 = CARTESIAN_POINT('',(2.14,11.72,0.));
#1432 = LINE('',#1433,#1434);
#1433 = CARTESIAN_POINT('',(-2.86,11.72,0.));
#1434 = VECTOR('',#1435,1.);
#1435 = DIRECTION('',(1.,0.,0.));
#1436 = ORIENTED_EDGE('',*,*,#1437,.T.);
#1437 = EDGE_CURVE('',#1430,#1438,#1440,.T.);
#1438 = VERTEX_POINT('',#1439);
#1439 = CARTESIAN_POINT('',(3.14,12.72,0.));
#1440 = LINE('',#1441,#1442);
#1441 = CARTESIAN_POINT('',(29.82287032905,39.40287032905,
    -2.261028396141E-15));
#1442 = VECTOR('',#1443,1.);
#1443 = DIRECTION('',(0.707106781187,0.707106781187,0.));
#1444 = ORIENTED_EDGE('',*,*,#1445,.F.);
#1445 = EDGE_CURVE('',#1446,#1438,#1448,.T.);
#1446 = VERTEX_POINT('',#1447);
#1447 = CARTESIAN_POINT('',(3.14,21.82,0.));
#1448 = LINE('',#1449,#1450);
#1449 = CARTESIAN_POINT('',(3.14,149.33,0.));
#1450 = VECTOR('',#1451,1.);
#1451 = DIRECTION('',(0.,-1.,0.));
#1452 = ORIENTED_EDGE('',*,*,#1453,.T.);
#1453 = EDGE_CURVE('',#1446,#1454,#1456,.T.);
#1454 = VERTEX_POINT('',#1455);
#1455 = CARTESIAN_POINT('',(2.14,22.82,0.));
#1456 = LINE('',#1457,#1458);
#1457 = CARTESIAN_POINT('',(0.55787032905,24.40212967095,
    -2.261028396141E-15));
#1458 = VECTOR('',#1459,1.);
#1459 = DIRECTION('',(-0.707106781187,0.707106781187,0.));
#1460 = ORIENTED_EDGE('',*,*,#1461,.T.);
#1461 = EDGE_CURVE('',#1454,#1462,#1464,.T.);
#1462 = VERTEX_POINT('',#1463);
#1463 = CARTESIAN_POINT('',(-1.66,22.82,2.465190328816E-32));
#1464 = LINE('',#1465,#1466);
#1465 = CARTESIAN_POINT('',(3.14,22.82,0.));
#1466 = VECTOR('',#1467,1.);
#1467 = DIRECTION('',(-1.,0.,0.));
#1468 = ORIENTED_EDGE('',*,*,#1469,.F.);
#1469 = EDGE_CURVE('',#1470,#1462,#1472,.T.);
#1470 = VERTEX_POINT('',#1471);
#1471 = CARTESIAN_POINT('',(-2.86,24.02,2.465190328816E-32));
#1472 = LINE('',#1473,#1474);
#1473 = CARTESIAN_POINT('',(-2.84212967095,24.00212967095,
    -2.261028396141E-15));
#1474 = VECTOR('',#1475,1.);
#1475 = DIRECTION('',(0.707106781187,-0.707106781187,0.));
#1476 = ORIENTED_EDGE('',*,*,#1477,.T.);
#1477 = EDGE_CURVE('',#1470,#1478,#1480,.T.);
#1478 = VERTEX_POINT('',#1479);
#1479 = CARTESIAN_POINT('',(-2.86,32.52,0.));
#1480 = LINE('',#1481,#1482);
#1481 = CARTESIAN_POINT('',(-2.86,22.82,0.));
#1482 = VECTOR('',#1483,1.);
#1483 = DIRECTION('',(0.,1.,0.));
#1484 = ORIENTED_EDGE('',*,*,#1485,.F.);
#1485 = EDGE_CURVE('',#1486,#1478,#1488,.T.);
#1486 = VERTEX_POINT('',#1487);
#1487 = CARTESIAN_POINT('',(-1.66,33.72,0.));
#1488 = LINE('',#1489,#1490);
#1489 = CARTESIAN_POINT('',(20.92287032905,56.30287032905,
    -2.261028396141E-15));
#1490 = VECTOR('',#1491,1.);
#1491 = DIRECTION('',(-0.707106781187,-0.707106781187,0.));
#1492 = ORIENTED_EDGE('',*,*,#1493,.T.);
#1493 = EDGE_CURVE('',#1486,#1494,#1496,.T.);
#1494 = VERTEX_POINT('',#1495);
#1495 = CARTESIAN_POINT('',(2.14,33.72,0.));
#1496 = LINE('',#1497,#1498);
#1497 = CARTESIAN_POINT('',(-2.86,33.72,0.));
#1498 = VECTOR('',#1499,1.);
#1499 = DIRECTION('',(1.,0.,0.));
#1500 = ORIENTED_EDGE('',*,*,#1501,.T.);
#1501 = EDGE_CURVE('',#1494,#1502,#1504,.T.);
#1502 = VERTEX_POINT('',#1503);
#1503 = CARTESIAN_POINT('',(3.14,34.72,0.));
#1504 = LINE('',#1505,#1506);
#1505 = CARTESIAN_POINT('',(24.32287032905,55.90287032905,
    -2.261028396141E-15));
#1506 = VECTOR('',#1507,1.);
#1507 = DIRECTION('',(0.707106781187,0.707106781187,0.));
#1508 = ORIENTED_EDGE('',*,*,#1509,.F.);
#1509 = EDGE_CURVE('',#1510,#1502,#1512,.T.);
#1510 = VERTEX_POINT('',#1511);
#1511 = CARTESIAN_POINT('',(3.14,43.82,0.));
#1512 = LINE('',#1513,#1514);
#1513 = CARTESIAN_POINT('',(3.14,149.33,0.));
#1514 = VECTOR('',#1515,1.);
#1515 = DIRECTION('',(0.,-1.,0.));
#1516 = ORIENTED_EDGE('',*,*,#1517,.T.);
#1517 = EDGE_CURVE('',#1510,#1518,#1520,.T.);
#1518 = VERTEX_POINT('',#1519);
#1519 = CARTESIAN_POINT('',(2.14,44.82,0.));
#1520 = LINE('',#1521,#1522);
#1521 = CARTESIAN_POINT('',(6.05787032905,40.90212967095,
    -2.261028396141E-15));
#1522 = VECTOR('',#1523,1.);
#1523 = DIRECTION('',(-0.707106781187,0.707106781187,0.));
#1524 = ORIENTED_EDGE('',*,*,#1525,.T.);
#1525 = EDGE_CURVE('',#1518,#1526,#1528,.T.);
#1526 = VERTEX_POINT('',#1527);
#1527 = CARTESIAN_POINT('',(-1.66,44.82,0.));
#1528 = LINE('',#1529,#1530);
#1529 = CARTESIAN_POINT('',(3.14,44.82,0.));
#1530 = VECTOR('',#1531,1.);
#1531 = DIRECTION('',(-1.,0.,0.));
#1532 = ORIENTED_EDGE('',*,*,#1533,.F.);
#1533 = EDGE_CURVE('',#1534,#1526,#1536,.T.);
#1534 = VERTEX_POINT('',#1535);
#1535 = CARTESIAN_POINT('',(-2.86,46.02,0.));
#1536 = LINE('',#1537,#1538);
#1537 = CARTESIAN_POINT('',(2.65787032905,40.50212967095,
    -2.261028396141E-15));
#1538 = VECTOR('',#1539,1.);
#1539 = DIRECTION('',(0.707106781187,-0.707106781187,0.));
#1540 = ORIENTED_EDGE('',*,*,#1541,.T.);
#1541 = EDGE_CURVE('',#1534,#1542,#1544,.T.);
#1542 = VERTEX_POINT('',#1543);
#1543 = CARTESIAN_POINT('',(-2.86,55.92,0.));
#1544 = LINE('',#1545,#1546);
#1545 = CARTESIAN_POINT('',(-2.86,44.82,0.));
#1546 = VECTOR('',#1547,1.);
#1547 = DIRECTION('',(0.,1.,0.));
#1548 = ORIENTED_EDGE('',*,*,#1549,.F.);
#1549 = EDGE_CURVE('',#1550,#1542,#1552,.T.);
#1550 = VERTEX_POINT('',#1551);
#1551 = CARTESIAN_POINT('',(-1.66,57.12,0.));
#1552 = LINE('',#1553,#1554);
#1553 = CARTESIAN_POINT('',(15.07287032905,73.85287032905,
    -2.261028396141E-15));
#1554 = VECTOR('',#1555,1.);
#1555 = DIRECTION('',(-0.707106781187,-0.707106781187,0.));
#1556 = ORIENTED_EDGE('',*,*,#1557,.T.);
#1557 = EDGE_CURVE('',#1550,#1558,#1560,.T.);
#1558 = VERTEX_POINT('',#1559);
#1559 = CARTESIAN_POINT('',(2.14,57.12,0.));
#1560 = LINE('',#1561,#1562);
#1561 = CARTESIAN_POINT('',(-2.86,57.12,0.));
#1562 = VECTOR('',#1563,1.);
#1563 = DIRECTION('',(1.,0.,0.));
#1564 = ORIENTED_EDGE('',*,*,#1565,.F.);
#1565 = EDGE_CURVE('',#1566,#1558,#1568,.T.);
#1566 = VERTEX_POINT('',#1567);
#1567 = CARTESIAN_POINT('',(3.14,58.12,0.));
#1568 = LINE('',#1569,#1570);
#1569 = CARTESIAN_POINT('',(18.47287032905,73.45287032905,
    -2.261028396141E-15));
#1570 = VECTOR('',#1571,1.);
#1571 = DIRECTION('',(-0.707106781187,-0.707106781187,0.));
#1572 = ORIENTED_EDGE('',*,*,#1573,.F.);
#1573 = EDGE_CURVE('',#1574,#1566,#1576,.T.);
#1574 = VERTEX_POINT('',#1575);
#1575 = CARTESIAN_POINT('',(3.14,68.62,0.));
#1576 = LINE('',#1577,#1578);
#1577 = CARTESIAN_POINT('',(3.14,149.33,0.));
#1578 = VECTOR('',#1579,1.);
#1579 = DIRECTION('',(0.,-1.,0.));
#1580 = ORIENTED_EDGE('',*,*,#1581,.F.);
#1581 = EDGE_CURVE('',#1582,#1574,#1584,.T.);
#1582 = VERTEX_POINT('',#1583);
#1583 = CARTESIAN_POINT('',(2.14,69.62,0.));
#1584 = LINE('',#1585,#1586);
#1585 = CARTESIAN_POINT('',(12.25787032905,59.50212967095,
    -2.261028396141E-15));
#1586 = VECTOR('',#1587,1.);
#1587 = DIRECTION('',(0.707106781187,-0.707106781187,0.));
#1588 = ORIENTED_EDGE('',*,*,#1589,.T.);
#1589 = EDGE_CURVE('',#1582,#1590,#1592,.T.);
#1590 = VERTEX_POINT('',#1591);
#1591 = CARTESIAN_POINT('',(-1.66,69.62,0.));
#1592 = LINE('',#1593,#1594);
#1593 = CARTESIAN_POINT('',(3.14,69.62,0.));
#1594 = VECTOR('',#1595,1.);
#1595 = DIRECTION('',(-1.,0.,0.));
#1596 = ORIENTED_EDGE('',*,*,#1597,.F.);
#1597 = EDGE_CURVE('',#1598,#1590,#1600,.T.);
#1598 = VERTEX_POINT('',#1599);
#1599 = CARTESIAN_POINT('',(-2.86,70.82,0.));
#1600 = LINE('',#1601,#1602);
#1601 = CARTESIAN_POINT('',(8.85787032905,59.10212967095,
    -2.261028396141E-15));
#1602 = VECTOR('',#1603,1.);
#1603 = DIRECTION('',(0.707106781187,-0.707106781187,0.));
#1604 = ORIENTED_EDGE('',*,*,#1605,.T.);
#1605 = EDGE_CURVE('',#1598,#1606,#1608,.T.);
#1606 = VERTEX_POINT('',#1607);
#1607 = CARTESIAN_POINT('',(-2.86,80.78,5.551115123128E-18));
#1608 = LINE('',#1609,#1610);
#1609 = CARTESIAN_POINT('',(-2.86,69.62,0.));
#1610 = VECTOR('',#1611,1.);
#1611 = DIRECTION('',(0.,1.,0.));
#1612 = ORIENTED_EDGE('',*,*,#1613,.F.);
#1613 = EDGE_CURVE('',#1614,#1606,#1616,.T.);
#1614 = VERTEX_POINT('',#1615);
#1615 = CARTESIAN_POINT('',(-1.66,81.98,-2.744471316873E-15));
#1616 = LINE('',#1617,#1618);
#1617 = CARTESIAN_POINT('',(8.85787032905,92.49787032905,
    -2.261028396141E-15));
#1618 = VECTOR('',#1619,1.);
#1619 = DIRECTION('',(-0.707106781187,-0.707106781187,0.));
#1620 = ORIENTED_EDGE('',*,*,#1621,.F.);
#1621 = EDGE_CURVE('',#1622,#1614,#1624,.T.);
#1622 = VERTEX_POINT('',#1623);
#1623 = CARTESIAN_POINT('',(2.14,81.98,-2.744471316873E-15));
#1624 = LINE('',#1625,#1626);
#1625 = CARTESIAN_POINT('',(3.14,81.98,-2.744471316873E-15));
#1626 = VECTOR('',#1627,1.);
#1627 = DIRECTION('',(-1.,0.,0.));
#1628 = ORIENTED_EDGE('',*,*,#1629,.F.);
#1629 = EDGE_CURVE('',#1630,#1622,#1632,.T.);
#1630 = VERTEX_POINT('',#1631);
#1631 = CARTESIAN_POINT('',(3.14,82.98,-1.972152263053E-30));
#1632 = LINE('',#1633,#1634);
#1633 = CARTESIAN_POINT('',(12.25787032905,92.09787032905,
    -2.261028396141E-15));
#1634 = VECTOR('',#1635,1.);
#1635 = DIRECTION('',(-0.707106781187,-0.707106781187,0.));
#1636 = ORIENTED_EDGE('',*,*,#1637,.F.);
#1637 = EDGE_CURVE('',#1638,#1630,#1640,.T.);
#1638 = VERTEX_POINT('',#1639);
#1639 = CARTESIAN_POINT('',(3.14,93.48,1.577721810442E-30));
#1640 = LINE('',#1641,#1642);
#1641 = CARTESIAN_POINT('',(3.14,149.33,0.));
#1642 = VECTOR('',#1643,1.);
#1643 = DIRECTION('',(0.,-1.,0.));
#1644 = ORIENTED_EDGE('',*,*,#1645,.F.);
#1645 = EDGE_CURVE('',#1646,#1638,#1648,.T.);
#1646 = VERTEX_POINT('',#1647);
#1647 = CARTESIAN_POINT('',(2.14,94.48,-8.295586439999E-15));
#1648 = LINE('',#1649,#1650);
#1649 = CARTESIAN_POINT('',(18.47287032905,78.14712967095,
    -2.261028396141E-15));
#1650 = VECTOR('',#1651,1.);
#1651 = DIRECTION('',(0.707106781187,-0.707106781187,0.));
#1652 = ORIENTED_EDGE('',*,*,#1653,.F.);
#1653 = EDGE_CURVE('',#1654,#1646,#1656,.T.);
#1654 = VERTEX_POINT('',#1655);
#1655 = CARTESIAN_POINT('',(-1.66,94.48,-8.295586439999E-15));
#1656 = LINE('',#1657,#1658);
#1657 = CARTESIAN_POINT('',(-2.86,94.48,-8.295586439999E-15));
#1658 = VECTOR('',#1659,1.);
#1659 = DIRECTION('',(1.,0.,0.));
#1660 = ORIENTED_EDGE('',*,*,#1661,.F.);
#1661 = EDGE_CURVE('',#1662,#1654,#1664,.T.);
#1662 = VERTEX_POINT('',#1663);
#1663 = CARTESIAN_POINT('',(-2.86,95.68,-8.828493491819E-15));
#1664 = LINE('',#1665,#1666);
#1665 = CARTESIAN_POINT('',(15.07287032905,77.74712967095,
    -2.261028396141E-15));
#1666 = VECTOR('',#1667,1.);
#1667 = DIRECTION('',(0.707106781187,-0.707106781187,0.));
#1668 = ORIENTED_EDGE('',*,*,#1669,.F.);
#1669 = EDGE_CURVE('',#1670,#1662,#1672,.T.);
#1670 = VERTEX_POINT('',#1671);
#1671 = CARTESIAN_POINT('',(-2.86,105.58,-1.322497666933E-14));
#1672 = LINE('',#1673,#1674);
#1673 = CARTESIAN_POINT('',(-2.86,106.78,-1.375788372115E-14));
#1674 = VECTOR('',#1675,1.);
#1675 = DIRECTION('',(0.,-1.,4.440892098501E-16));
#1676 = ORIENTED_EDGE('',*,*,#1677,.F.);
#1677 = EDGE_CURVE('',#1678,#1670,#1680,.T.);
#1678 = VERTEX_POINT('',#1679);
#1679 = CARTESIAN_POINT('',(-1.66,106.78,-1.375788372115E-14));
#1680 = LINE('',#1681,#1682);
#1681 = CARTESIAN_POINT('',(2.65787032905,111.09787032905,
    -2.261028396141E-15));
#1682 = VECTOR('',#1683,1.);
#1683 = DIRECTION('',(-0.707106781187,-0.707106781187,0.));
#1684 = ORIENTED_EDGE('',*,*,#1685,.F.);
#1685 = EDGE_CURVE('',#1686,#1678,#1688,.T.);
#1686 = VERTEX_POINT('',#1687);
#1687 = CARTESIAN_POINT('',(2.14,106.78,-1.375788372115E-14));
#1688 = LINE('',#1689,#1690);
#1689 = CARTESIAN_POINT('',(3.14,106.78,-1.375788372115E-14));
#1690 = VECTOR('',#1691,1.);
#1691 = DIRECTION('',(-1.,0.,0.));
#1692 = ORIENTED_EDGE('',*,*,#1693,.F.);
#1693 = EDGE_CURVE('',#1694,#1686,#1696,.T.);
#1694 = VERTEX_POINT('',#1695);
#1695 = CARTESIAN_POINT('',(3.14,107.78,-1.577721810442E-30));
#1696 = LINE('',#1697,#1698);
#1697 = CARTESIAN_POINT('',(6.05787032905,110.69787032905,
    -2.261028396141E-15));
#1698 = VECTOR('',#1699,1.);
#1699 = DIRECTION('',(-0.707106781187,-0.707106781187,0.));
#1700 = ORIENTED_EDGE('',*,*,#1701,.F.);
#1701 = EDGE_CURVE('',#1702,#1694,#1704,.T.);
#1702 = VERTEX_POINT('',#1703);
#1703 = CARTESIAN_POINT('',(3.14,116.88,-3.155443620884E-30));
#1704 = LINE('',#1705,#1706);
#1705 = CARTESIAN_POINT('',(3.14,149.33,0.));
#1706 = VECTOR('',#1707,1.);
#1707 = DIRECTION('',(0.,-1.,0.));
#1708 = ORIENTED_EDGE('',*,*,#1709,.F.);
#1709 = EDGE_CURVE('',#1710,#1702,#1712,.T.);
#1710 = VERTEX_POINT('',#1711);
#1711 = CARTESIAN_POINT('',(2.14,117.88,-1.868727395049E-14));
#1712 = LINE('',#1713,#1714);
#1713 = CARTESIAN_POINT('',(24.32287032905,95.69712967095,
    -2.261028396141E-15));
#1714 = VECTOR('',#1715,1.);
#1715 = DIRECTION('',(0.707106781187,-0.707106781187,0.));
#1716 = ORIENTED_EDGE('',*,*,#1717,.F.);
#1717 = EDGE_CURVE('',#1718,#1710,#1720,.T.);
#1718 = VERTEX_POINT('',#1719);
#1719 = CARTESIAN_POINT('',(-1.66,117.88,-1.868727395049E-14));
#1720 = LINE('',#1721,#1722);
#1721 = CARTESIAN_POINT('',(-2.86,117.88,-1.868727395049E-14));
#1722 = VECTOR('',#1723,1.);
#1723 = DIRECTION('',(1.,0.,0.));
#1724 = ORIENTED_EDGE('',*,*,#1725,.F.);
#1725 = EDGE_CURVE('',#1726,#1718,#1728,.T.);
#1726 = VERTEX_POINT('',#1727);
#1727 = CARTESIAN_POINT('',(-2.86,119.08,-1.922018100231E-14));
#1728 = LINE('',#1729,#1730);
#1729 = CARTESIAN_POINT('',(20.92287032905,95.29712967095,
    -2.261028396141E-15));
#1730 = VECTOR('',#1731,1.);
#1731 = DIRECTION('',(0.707106781187,-0.707106781187,0.));
#1732 = ORIENTED_EDGE('',*,*,#1733,.F.);
#1733 = EDGE_CURVE('',#1734,#1726,#1736,.T.);
#1734 = VERTEX_POINT('',#1735);
#1735 = CARTESIAN_POINT('',(-2.86,127.58,-2.299493928604E-14));
#1736 = LINE('',#1737,#1738);
#1737 = CARTESIAN_POINT('',(-2.86,128.78,-2.352784633786E-14));
#1738 = VECTOR('',#1739,1.);
#1739 = DIRECTION('',(0.,-1.,4.440892098501E-16));
#1740 = ORIENTED_EDGE('',*,*,#1741,.F.);
#1741 = EDGE_CURVE('',#1742,#1734,#1744,.T.);
#1742 = VERTEX_POINT('',#1743);
#1743 = CARTESIAN_POINT('',(-1.66,128.78,-2.352784633786E-14));
#1744 = LINE('',#1745,#1746);
#1745 = CARTESIAN_POINT('',(-2.84212967095,127.59787032905,
    -2.261028396141E-15));
#1746 = VECTOR('',#1747,1.);
#1747 = DIRECTION('',(-0.707106781187,-0.707106781187,0.));
#1748 = ORIENTED_EDGE('',*,*,#1749,.F.);
#1749 = EDGE_CURVE('',#1750,#1742,#1752,.T.);
#1750 = VERTEX_POINT('',#1751);
#1751 = CARTESIAN_POINT('',(2.14,128.78,-2.352784633786E-14));
#1752 = LINE('',#1753,#1754);
#1753 = CARTESIAN_POINT('',(3.14,128.78,-2.352784633786E-14));
#1754 = VECTOR('',#1755,1.);
#1755 = DIRECTION('',(-1.,0.,0.));
#1756 = ORIENTED_EDGE('',*,*,#1757,.F.);
#1757 = EDGE_CURVE('',#1758,#1750,#1760,.T.);
#1758 = VERTEX_POINT('',#1759);
#1759 = CARTESIAN_POINT('',(3.14,129.78,-3.155443620884E-30));
#1760 = LINE('',#1761,#1762);
#1761 = CARTESIAN_POINT('',(0.55787032905,127.19787032905,
    -2.261028396141E-15));
#1762 = VECTOR('',#1763,1.);
#1763 = DIRECTION('',(-0.707106781187,-0.707106781187,0.));
#1764 = ORIENTED_EDGE('',*,*,#1765,.F.);
#1765 = EDGE_CURVE('',#1766,#1758,#1768,.T.);
#1766 = VERTEX_POINT('',#1767);
#1767 = CARTESIAN_POINT('',(3.14,138.88,3.155443620884E-30));
#1768 = LINE('',#1769,#1770);
#1769 = CARTESIAN_POINT('',(3.14,149.33,0.));
#1770 = VECTOR('',#1771,1.);
#1771 = DIRECTION('',(0.,-1.,0.));
#1772 = ORIENTED_EDGE('',*,*,#1773,.F.);
#1773 = EDGE_CURVE('',#1313,#1766,#1774,.T.);
#1774 = LINE('',#1775,#1776);
#1775 = CARTESIAN_POINT('',(29.82287032905,112.19712967095,
    -2.261028396141E-15));
#1776 = VECTOR('',#1777,1.);
#1777 = DIRECTION('',(0.707106781187,-0.707106781187,0.));
#1778 = FACE_BOUND('',#1779,.T.);
#1779 = EDGE_LOOP('',(#1780));
#1780 = ORIENTED_EDGE('',*,*,#1781,.F.);
#1781 = EDGE_CURVE('',#1782,#1782,#1784,.T.);
#1782 = VERTEX_POINT('',#1783);
#1783 = CARTESIAN_POINT('',(105.78,11.8,-1.33226762955E-15));
#1784 = CIRCLE('',#1785,3.3);
#1785 = AXIS2_PLACEMENT_3D('',#1786,#1787,#1788);
#1786 = CARTESIAN_POINT('',(102.48,11.8,0.));
#1787 = DIRECTION('',(0.,0.,-1.));
#1788 = DIRECTION('',(1.,0.,0.));
#1789 = FACE_BOUND('',#1790,.T.);
#1790 = EDGE_LOOP('',(#1791));
#1791 = ORIENTED_EDGE('',*,*,#1792,.F.);
#1792 = EDGE_CURVE('',#1793,#1793,#1795,.T.);
#1793 = VERTEX_POINT('',#1794);
#1794 = CARTESIAN_POINT('',(18.48,11.8,2.22044604925E-16));
#1795 = CIRCLE('',#1796,3.3);
#1796 = AXIS2_PLACEMENT_3D('',#1797,#1798,#1799);
#1797 = CARTESIAN_POINT('',(15.18,11.8,0.));
#1798 = DIRECTION('',(0.,0.,-1.));
#1799 = DIRECTION('',(1.,0.,0.));
#1800 = FACE_BOUND('',#1801,.T.);
#1801 = EDGE_LOOP('',(#1802));
#1802 = ORIENTED_EDGE('',*,*,#1803,.F.);
#1803 = EDGE_CURVE('',#1804,#1804,#1806,.T.);
#1804 = VERTEX_POINT('',#1805);
#1805 = CARTESIAN_POINT('',(105.78,139.8,-1.33226762955E-15));
#1806 = CIRCLE('',#1807,3.3);
#1807 = AXIS2_PLACEMENT_3D('',#1808,#1809,#1810);
#1808 = CARTESIAN_POINT('',(102.48,139.8,0.));
#1809 = DIRECTION('',(0.,0.,-1.));
#1810 = DIRECTION('',(1.,0.,0.));
#1811 = FACE_BOUND('',#1812,.T.);
#1812 = EDGE_LOOP('',(#1813));
#1813 = ORIENTED_EDGE('',*,*,#1814,.F.);
#1814 = EDGE_CURVE('',#1815,#1815,#1817,.T.);
#1815 = VERTEX_POINT('',#1816);
#1816 = CARTESIAN_POINT('',(18.48,139.8,2.22044604925E-16));
#1817 = CIRCLE('',#1818,3.3);
#1818 = AXIS2_PLACEMENT_3D('',#1819,#1820,#1821);
#1819 = CARTESIAN_POINT('',(15.18,139.8,0.));
#1820 = DIRECTION('',(0.,0.,-1.));
#1821 = DIRECTION('',(1.,0.,0.));
#1822 = PLANE('',#1823);
#1823 = AXIS2_PLACEMENT_3D('',#1824,#1825,#1826);
#1824 = CARTESIAN_POINT('',(47.791481316201,75.8,-2.261028396141E-15));
#1825 = DIRECTION('',(-0.,-0.,-1.));
#1826 = DIRECTION('',(-1.,0.,0.));
#1827 = ADVANCED_FACE('',(#1828,#1856,#1866),#1936,.F.);
#1828 = FACE_BOUND('',#1829,.F.);
#1829 = EDGE_LOOP('',(#1830,#1838,#1846,#1852,#1853,#1854,#1855));
#1830 = ORIENTED_EDGE('',*,*,#1831,.F.);
#1831 = EDGE_CURVE('',#1832,#1234,#1834,.T.);
#1832 = VERTEX_POINT('',#1833);
#1833 = CARTESIAN_POINT('',(102.48,0.8,6.95));
#1834 = LINE('',#1835,#1836);
#1835 = CARTESIAN_POINT('',(102.48,0.8,7.8));
#1836 = VECTOR('',#1837,1.);
#1837 = DIRECTION('',(-0.,-0.,-1.));
#1838 = ORIENTED_EDGE('',*,*,#1839,.F.);
#1839 = EDGE_CURVE('',#1840,#1832,#1842,.T.);
#1840 = VERTEX_POINT('',#1841);
#1841 = CARTESIAN_POINT('',(8.,0.8,6.95));
#1842 = LINE('',#1843,#1844);
#1843 = CARTESIAN_POINT('',(8.,0.8,6.95));
#1844 = VECTOR('',#1845,1.);
#1845 = DIRECTION('',(1.,-5.640421801652E-17,0.));
#1846 = ORIENTED_EDGE('',*,*,#1847,.F.);
#1847 = EDGE_CURVE('',#1114,#1840,#1848,.T.);
#1848 = LINE('',#1849,#1850);
#1849 = CARTESIAN_POINT('',(8.,0.8,7.8));
#1850 = VECTOR('',#1851,1.);
#1851 = DIRECTION('',(-0.,-0.,-1.));
#1852 = ORIENTED_EDGE('',*,*,#1121,.F.);
#1853 = ORIENTED_EDGE('',*,*,#986,.F.);
#1854 = ORIENTED_EDGE('',*,*,#555,.T.);
#1855 = ORIENTED_EDGE('',*,*,#1241,.T.);
#1856 = FACE_BOUND('',#1857,.F.);
#1857 = EDGE_LOOP('',(#1858,#1859,#1860,#1861,#1862,#1863,#1864,#1865));
#1858 = ORIENTED_EDGE('',*,*,#971,.F.);
#1859 = ORIENTED_EDGE('',*,*,#953,.F.);
#1860 = ORIENTED_EDGE('',*,*,#904,.F.);
#1861 = ORIENTED_EDGE('',*,*,#855,.F.);
#1862 = ORIENTED_EDGE('',*,*,#806,.F.);
#1863 = ORIENTED_EDGE('',*,*,#830,.F.);
#1864 = ORIENTED_EDGE('',*,*,#880,.F.);
#1865 = ORIENTED_EDGE('',*,*,#928,.F.);
#1866 = FACE_BOUND('',#1867,.F.);
#1867 = EDGE_LOOP('',(#1868,#1878,#1887,#1895,#1904,#1912,#1921,#1929));
#1868 = ORIENTED_EDGE('',*,*,#1869,.F.);
#1869 = EDGE_CURVE('',#1870,#1872,#1874,.T.);
#1870 = VERTEX_POINT('',#1871);
#1871 = CARTESIAN_POINT('',(54.22428,0.8,5.17));
#1872 = VERTEX_POINT('',#1873);
#1873 = CARTESIAN_POINT('',(54.22428,0.8,4.47));
#1874 = LINE('',#1875,#1876);
#1875 = CARTESIAN_POINT('',(54.22428,0.8,6.485));
#1876 = VECTOR('',#1877,1.);
#1877 = DIRECTION('',(0.,0.,-1.));
#1878 = ORIENTED_EDGE('',*,*,#1879,.F.);
#1879 = EDGE_CURVE('',#1880,#1870,#1882,.T.);
#1880 = VERTEX_POINT('',#1881);
#1881 = CARTESIAN_POINT('',(55.52,0.8,6.46572));
#1882 = CIRCLE('',#1883,1.29572);
#1883 = AXIS2_PLACEMENT_3D('',#1884,#1885,#1886);
#1884 = CARTESIAN_POINT('',(55.52,0.8,5.17));
#1885 = DIRECTION('',(0.,-1.,2.22044604925E-16));
#1886 = DIRECTION('',(0.,-2.22044604925E-16,-1.));
#1887 = ORIENTED_EDGE('',*,*,#1888,.F.);
#1888 = EDGE_CURVE('',#1889,#1880,#1891,.T.);
#1889 = VERTEX_POINT('',#1890);
#1890 = CARTESIAN_POINT('',(62.12,0.8,6.46572));
#1891 = LINE('',#1892,#1893);
#1892 = CARTESIAN_POINT('',(31.06,0.8,6.46572));
#1893 = VECTOR('',#1894,1.);
#1894 = DIRECTION('',(-1.,0.,9.420074148335E-16));
#1895 = ORIENTED_EDGE('',*,*,#1896,.F.);
#1896 = EDGE_CURVE('',#1897,#1889,#1899,.T.);
#1897 = VERTEX_POINT('',#1898);
#1898 = CARTESIAN_POINT('',(63.41572,0.8,5.17));
#1899 = CIRCLE('',#1900,1.29572);
#1900 = AXIS2_PLACEMENT_3D('',#1901,#1902,#1903);
#1901 = CARTESIAN_POINT('',(62.12,0.8,5.17));
#1902 = DIRECTION('',(0.,-1.,2.22044604925E-16));
#1903 = DIRECTION('',(-1.,0.,0.));
#1904 = ORIENTED_EDGE('',*,*,#1905,.F.);
#1905 = EDGE_CURVE('',#1906,#1897,#1908,.T.);
#1906 = VERTEX_POINT('',#1907);
#1907 = CARTESIAN_POINT('',(63.41572,0.8,4.47));
#1908 = LINE('',#1909,#1910);
#1909 = CARTESIAN_POINT('',(63.41572,0.8,6.135));
#1910 = VECTOR('',#1911,1.);
#1911 = DIRECTION('',(0.,0.,1.));
#1912 = ORIENTED_EDGE('',*,*,#1913,.F.);
#1913 = EDGE_CURVE('',#1914,#1906,#1916,.T.);
#1914 = VERTEX_POINT('',#1915);
#1915 = CARTESIAN_POINT('',(62.12,0.8,3.17428));
#1916 = CIRCLE('',#1917,1.29572);
#1917 = AXIS2_PLACEMENT_3D('',#1918,#1919,#1920);
#1918 = CARTESIAN_POINT('',(62.12,0.8,4.47));
#1919 = DIRECTION('',(0.,-1.,2.22044604925E-16));
#1920 = DIRECTION('',(0.,2.22044604925E-16,1.));
#1921 = ORIENTED_EDGE('',*,*,#1922,.F.);
#1922 = EDGE_CURVE('',#1923,#1914,#1925,.T.);
#1923 = VERTEX_POINT('',#1924);
#1924 = CARTESIAN_POINT('',(55.52,0.8,3.17428));
#1925 = LINE('',#1926,#1927);
#1926 = CARTESIAN_POINT('',(27.76,0.8,3.17428));
#1927 = VECTOR('',#1928,1.);
#1928 = DIRECTION('',(1.,0.,6.728624391668E-17));
#1929 = ORIENTED_EDGE('',*,*,#1930,.F.);
#1930 = EDGE_CURVE('',#1872,#1923,#1931,.T.);
#1931 = CIRCLE('',#1932,1.29572);
#1932 = AXIS2_PLACEMENT_3D('',#1933,#1934,#1935);
#1933 = CARTESIAN_POINT('',(55.52,0.8,4.47));
#1934 = DIRECTION('',(0.,-1.,2.22044604925E-16));
#1935 = DIRECTION('',(1.,0.,0.));
#1936 = PLANE('',#1937);
#1937 = AXIS2_PLACEMENT_3D('',#1938,#1939,#1940);
#1938 = CARTESIAN_POINT('',(0.,0.8,7.8));
#1939 = DIRECTION('',(0.,-1.,0.));
#1940 = DIRECTION('',(1.,0.,0.));
#1941 = ADVANCED_FACE('',(#1942),#1958,.F.);
#1942 = FACE_BOUND('',#1943,.F.);
#1943 = EDGE_LOOP('',(#1944,#1950,#1951,#1957));
#1944 = ORIENTED_EDGE('',*,*,#1945,.F.);
#1945 = EDGE_CURVE('',#603,#1880,#1946,.T.);
#1946 = LINE('',#1947,#1948);
#1947 = CARTESIAN_POINT('',(55.52,1.435678242956E-15,6.46572));
#1948 = VECTOR('',#1949,1.);
#1949 = DIRECTION('',(0.,1.,-2.22044604925E-16));
#1950 = ORIENTED_EDGE('',*,*,#610,.F.);
#1951 = ORIENTED_EDGE('',*,*,#1952,.T.);
#1952 = EDGE_CURVE('',#594,#1889,#1953,.T.);
#1953 = LINE('',#1954,#1955);
#1954 = CARTESIAN_POINT('',(62.12,1.435678242956E-15,6.46572));
#1955 = VECTOR('',#1956,1.);
#1956 = DIRECTION('',(0.,1.,-2.22044604925E-16));
#1957 = ORIENTED_EDGE('',*,*,#1888,.T.);
#1958 = PLANE('',#1959);
#1959 = AXIS2_PLACEMENT_3D('',#1960,#1961,#1962);
#1960 = CARTESIAN_POINT('',(62.12,1.435678242956E-15,6.46572));
#1961 = DIRECTION('',(9.420074148335E-16,2.22044604925E-16,1.));
#1962 = DIRECTION('',(-1.,2.091676642631E-31,9.420074148335E-16));
#1963 = ADVANCED_FACE('',(#1964),#1975,.F.);
#1964 = FACE_BOUND('',#1965,.F.);
#1965 = EDGE_LOOP('',(#1966,#1967,#1968,#1974));
#1966 = ORIENTED_EDGE('',*,*,#1952,.F.);
#1967 = ORIENTED_EDGE('',*,*,#634,.F.);
#1968 = ORIENTED_EDGE('',*,*,#1969,.T.);
#1969 = EDGE_CURVE('',#625,#1897,#1970,.T.);
#1970 = LINE('',#1971,#1972);
#1971 = CARTESIAN_POINT('',(63.41572,1.147970607462E-15,5.17));
#1972 = VECTOR('',#1973,1.);
#1973 = DIRECTION('',(0.,1.,-2.22044604925E-16));
#1974 = ORIENTED_EDGE('',*,*,#1896,.T.);
#1975 = CYLINDRICAL_SURFACE('',#1976,1.29572);
#1976 = AXIS2_PLACEMENT_3D('',#1977,#1978,#1979);
#1977 = CARTESIAN_POINT('',(62.12,1.147970607462E-15,5.17));
#1978 = DIRECTION('',(0.,-1.,2.22044604925E-16));
#1979 = DIRECTION('',(-1.,0.,0.));
#1980 = ADVANCED_FACE('',(#1981),#1992,.F.);
#1981 = FACE_BOUND('',#1982,.F.);
#1982 = EDGE_LOOP('',(#1983,#1989,#1990,#1991));
#1983 = ORIENTED_EDGE('',*,*,#1984,.F.);
#1984 = EDGE_CURVE('',#652,#1870,#1985,.T.);
#1985 = LINE('',#1986,#1987);
#1986 = CARTESIAN_POINT('',(54.22428,1.147970607462E-15,5.17));
#1987 = VECTOR('',#1988,1.);
#1988 = DIRECTION('',(0.,1.,-2.22044604925E-16));
#1989 = ORIENTED_EDGE('',*,*,#659,.F.);
#1990 = ORIENTED_EDGE('',*,*,#1945,.T.);
#1991 = ORIENTED_EDGE('',*,*,#1879,.T.);
#1992 = CYLINDRICAL_SURFACE('',#1993,1.29572);
#1993 = AXIS2_PLACEMENT_3D('',#1994,#1995,#1996);
#1994 = CARTESIAN_POINT('',(55.52,1.147970607462E-15,5.17));
#1995 = DIRECTION('',(0.,-1.,2.22044604925E-16));
#1996 = DIRECTION('',(0.,-2.22044604925E-16,-1.));
#1997 = ADVANCED_FACE('',(#1998),#2009,.F.);
#1998 = FACE_BOUND('',#1999,.F.);
#1999 = EDGE_LOOP('',(#2000,#2001,#2002,#2008));
#2000 = ORIENTED_EDGE('',*,*,#1969,.F.);
#2001 = ORIENTED_EDGE('',*,*,#684,.F.);
#2002 = ORIENTED_EDGE('',*,*,#2003,.T.);
#2003 = EDGE_CURVE('',#675,#1906,#2004,.T.);
#2004 = LINE('',#2005,#2006);
#2005 = CARTESIAN_POINT('',(63.41572,9.925393840149E-16,4.47));
#2006 = VECTOR('',#2007,1.);
#2007 = DIRECTION('',(0.,1.,-2.22044604925E-16));
#2008 = ORIENTED_EDGE('',*,*,#1905,.T.);
#2009 = PLANE('',#2010);
#2010 = AXIS2_PLACEMENT_3D('',#2011,#2012,#2013);
#2011 = CARTESIAN_POINT('',(63.41572,9.925393840149E-16,4.47));
#2012 = DIRECTION('',(1.,0.,0.));
#2013 = DIRECTION('',(0.,2.22044604925E-16,1.));
#2014 = ADVANCED_FACE('',(#2015),#2026,.F.);
#2015 = FACE_BOUND('',#2016,.F.);
#2016 = EDGE_LOOP('',(#2017,#2023,#2024,#2025));
#2017 = ORIENTED_EDGE('',*,*,#2018,.F.);
#2018 = EDGE_CURVE('',#701,#1872,#2019,.T.);
#2019 = LINE('',#2020,#2021);
#2020 = CARTESIAN_POINT('',(54.22428,9.925393840149E-16,4.47));
#2021 = VECTOR('',#2022,1.);
#2022 = DIRECTION('',(0.,1.,-2.22044604925E-16));
#2023 = ORIENTED_EDGE('',*,*,#708,.F.);
#2024 = ORIENTED_EDGE('',*,*,#1984,.T.);
#2025 = ORIENTED_EDGE('',*,*,#1869,.T.);
#2026 = PLANE('',#2027);
#2027 = AXIS2_PLACEMENT_3D('',#2028,#2029,#2030);
#2028 = CARTESIAN_POINT('',(54.22428,1.147970607462E-15,5.17));
#2029 = DIRECTION('',(-1.,0.,0.));
#2030 = DIRECTION('',(0.,-2.22044604925E-16,-1.));
#2031 = ADVANCED_FACE('',(#2032),#2043,.F.);
#2032 = FACE_BOUND('',#2033,.F.);
#2033 = EDGE_LOOP('',(#2034,#2035,#2036,#2042));
#2034 = ORIENTED_EDGE('',*,*,#2003,.F.);
#2035 = ORIENTED_EDGE('',*,*,#732,.F.);
#2036 = ORIENTED_EDGE('',*,*,#2037,.T.);
#2037 = EDGE_CURVE('',#723,#1914,#2038,.T.);
#2038 = LINE('',#2039,#2040);
#2039 = CARTESIAN_POINT('',(62.12,7.048317485214E-16,3.17428));
#2040 = VECTOR('',#2041,1.);
#2041 = DIRECTION('',(0.,1.,-2.22044604925E-16));
#2042 = ORIENTED_EDGE('',*,*,#1913,.T.);
#2043 = CYLINDRICAL_SURFACE('',#2044,1.29572);
#2044 = AXIS2_PLACEMENT_3D('',#2045,#2046,#2047);
#2045 = CARTESIAN_POINT('',(62.12,9.925393840149E-16,4.47));
#2046 = DIRECTION('',(0.,-1.,2.22044604925E-16));
#2047 = DIRECTION('',(0.,2.22044604925E-16,1.));
#2048 = ADVANCED_FACE('',(#2049),#2060,.F.);
#2049 = FACE_BOUND('',#2050,.F.);
#2050 = EDGE_LOOP('',(#2051,#2057,#2058,#2059));
#2051 = ORIENTED_EDGE('',*,*,#2052,.F.);
#2052 = EDGE_CURVE('',#750,#1923,#2053,.T.);
#2053 = LINE('',#2054,#2055);
#2054 = CARTESIAN_POINT('',(55.52,7.048317485214E-16,3.17428));
#2055 = VECTOR('',#2056,1.);
#2056 = DIRECTION('',(0.,1.,-2.22044604925E-16));
#2057 = ORIENTED_EDGE('',*,*,#757,.F.);
#2058 = ORIENTED_EDGE('',*,*,#2018,.T.);
#2059 = ORIENTED_EDGE('',*,*,#1930,.T.);
#2060 = CYLINDRICAL_SURFACE('',#2061,1.29572);
#2061 = AXIS2_PLACEMENT_3D('',#2062,#2063,#2064);
#2062 = CARTESIAN_POINT('',(55.52,9.925393840149E-16,4.47));
#2063 = DIRECTION('',(0.,-1.,2.22044604925E-16));
#2064 = DIRECTION('',(1.,0.,0.));
#2065 = ADVANCED_FACE('',(#2066),#2072,.F.);
#2066 = FACE_BOUND('',#2067,.F.);
#2067 = EDGE_LOOP('',(#2068,#2069,#2070,#2071));
#2068 = ORIENTED_EDGE('',*,*,#2037,.F.);
#2069 = ORIENTED_EDGE('',*,*,#775,.F.);
#2070 = ORIENTED_EDGE('',*,*,#2052,.T.);
#2071 = ORIENTED_EDGE('',*,*,#1922,.T.);
#2072 = PLANE('',#2073);
#2073 = AXIS2_PLACEMENT_3D('',#2074,#2075,#2076);
#2074 = CARTESIAN_POINT('',(55.52,7.048317485214E-16,3.17428));
#2075 = DIRECTION('',(6.728624391668E-17,-2.22044604925E-16,-1.));
#2076 = DIRECTION('',(1.,1.494054744737E-32,6.728624391668E-17));
#2077 = ADVANCED_FACE('',(#2078),#2104,.F.);
#2078 = FACE_BOUND('',#2079,.F.);
#2079 = EDGE_LOOP('',(#2080,#2090,#2096,#2097,#2098));
#2080 = ORIENTED_EDGE('',*,*,#2081,.T.);
#2081 = EDGE_CURVE('',#2082,#2084,#2086,.T.);
#2082 = VERTEX_POINT('',#2083);
#2083 = CARTESIAN_POINT('',(8.,1.55,7.7));
#2084 = VERTEX_POINT('',#2085);
#2085 = CARTESIAN_POINT('',(8.,1.6,7.7));
#2086 = LINE('',#2087,#2088);
#2087 = CARTESIAN_POINT('',(8.,0.8,7.7));
#2088 = VECTOR('',#2089,1.);
#2089 = DIRECTION('',(0.,1.,0.));
#2090 = ORIENTED_EDGE('',*,*,#2091,.F.);
#2091 = EDGE_CURVE('',#1106,#2084,#2092,.T.);
#2092 = LINE('',#2093,#2094);
#2093 = CARTESIAN_POINT('',(8.,1.6,7.8));
#2094 = VECTOR('',#2095,1.);
#2095 = DIRECTION('',(-0.,-0.,-1.));
#2096 = ORIENTED_EDGE('',*,*,#1113,.F.);
#2097 = ORIENTED_EDGE('',*,*,#1847,.T.);
#2098 = ORIENTED_EDGE('',*,*,#2099,.T.);
#2099 = EDGE_CURVE('',#1840,#2082,#2100,.T.);
#2100 = LINE('',#2101,#2102);
#2101 = CARTESIAN_POINT('',(8.,1.2,7.35));
#2102 = VECTOR('',#2103,1.);
#2103 = DIRECTION('',(0.,0.707106781187,0.707106781187));
#2104 = PLANE('',#2105);
#2105 = AXIS2_PLACEMENT_3D('',#2106,#2107,#2108);
#2106 = CARTESIAN_POINT('',(8.,0.8,7.8));
#2107 = DIRECTION('',(1.,0.,0.));
#2108 = DIRECTION('',(0.,1.,0.));
#2109 = ADVANCED_FACE('',(#2110),#2128,.F.);
#2110 = FACE_BOUND('',#2111,.F.);
#2111 = EDGE_LOOP('',(#2112,#2113,#2121,#2127));
#2112 = ORIENTED_EDGE('',*,*,#2091,.T.);
#2113 = ORIENTED_EDGE('',*,*,#2114,.T.);
#2114 = EDGE_CURVE('',#2084,#2115,#2117,.T.);
#2115 = VERTEX_POINT('',#2116);
#2116 = CARTESIAN_POINT('',(102.48,1.6,7.7));
#2117 = LINE('',#2118,#2119);
#2118 = CARTESIAN_POINT('',(8.,1.6,7.7));
#2119 = VECTOR('',#2120,1.);
#2120 = DIRECTION('',(1.,0.,0.));
#2121 = ORIENTED_EDGE('',*,*,#2122,.F.);
#2122 = EDGE_CURVE('',#1097,#2115,#2123,.T.);
#2123 = LINE('',#2124,#2125);
#2124 = CARTESIAN_POINT('',(102.48,1.6,7.8));
#2125 = VECTOR('',#2126,1.);
#2126 = DIRECTION('',(-0.,-0.,-1.));
#2127 = ORIENTED_EDGE('',*,*,#1105,.F.);
#2128 = PLANE('',#2129);
#2129 = AXIS2_PLACEMENT_3D('',#2130,#2131,#2132);
#2130 = CARTESIAN_POINT('',(8.,1.6,7.8));
#2131 = DIRECTION('',(0.,-1.,0.));
#2132 = DIRECTION('',(1.,0.,0.));
#2133 = ADVANCED_FACE('',(#2134),#2153,.F.);
#2134 = FACE_BOUND('',#2135,.F.);
#2135 = EDGE_LOOP('',(#2136,#2137,#2146,#2152));
#2136 = ORIENTED_EDGE('',*,*,#2122,.T.);
#2137 = ORIENTED_EDGE('',*,*,#2138,.T.);
#2138 = EDGE_CURVE('',#2115,#2139,#2141,.T.);
#2139 = VERTEX_POINT('',#2140);
#2140 = CARTESIAN_POINT('',(112.67999999994,11.799965881647,7.7));
#2141 = CIRCLE('',#2142,10.2);
#2142 = AXIS2_PLACEMENT_3D('',#2143,#2144,#2145);
#2143 = CARTESIAN_POINT('',(102.48,11.8,7.7));
#2144 = DIRECTION('',(0.,0.,1.));
#2145 = DIRECTION('',(1.,0.,0.));
#2146 = ORIENTED_EDGE('',*,*,#2147,.F.);
#2147 = EDGE_CURVE('',#1089,#2139,#2148,.T.);
#2148 = LINE('',#2149,#2150);
#2149 = CARTESIAN_POINT('',(112.67999999994,11.799965881647,7.8));
#2150 = VECTOR('',#2151,1.);
#2151 = DIRECTION('',(-0.,-0.,-1.));
#2152 = ORIENTED_EDGE('',*,*,#1096,.F.);
#2153 = CYLINDRICAL_SURFACE('',#2154,10.2);
#2154 = AXIS2_PLACEMENT_3D('',#2155,#2156,#2157);
#2155 = CARTESIAN_POINT('',(102.48,11.8,7.8));
#2156 = DIRECTION('',(0.,0.,1.));
#2157 = DIRECTION('',(1.,0.,0.));
#2158 = ADVANCED_FACE('',(#2159),#2177,.F.);
#2159 = FACE_BOUND('',#2160,.F.);
#2160 = EDGE_LOOP('',(#2161,#2162,#2170,#2176));
#2161 = ORIENTED_EDGE('',*,*,#2147,.T.);
#2162 = ORIENTED_EDGE('',*,*,#2163,.T.);
#2163 = EDGE_CURVE('',#2139,#2164,#2166,.T.);
#2164 = VERTEX_POINT('',#2165);
#2165 = CARTESIAN_POINT('',(112.67999999994,139.7999658756,7.7));
#2166 = LINE('',#2167,#2168);
#2167 = CARTESIAN_POINT('',(112.67999999994,11.799965881647,7.7));
#2168 = VECTOR('',#2169,1.);
#2169 = DIRECTION('',(0.,1.,0.));
#2170 = ORIENTED_EDGE('',*,*,#2171,.F.);
#2171 = EDGE_CURVE('',#1080,#2164,#2172,.T.);
#2172 = LINE('',#2173,#2174);
#2173 = CARTESIAN_POINT('',(112.67999999994,139.7999658756,7.8));
#2174 = VECTOR('',#2175,1.);
#2175 = DIRECTION('',(-0.,-0.,-1.));
#2176 = ORIENTED_EDGE('',*,*,#1088,.F.);
#2177 = PLANE('',#2178);
#2178 = AXIS2_PLACEMENT_3D('',#2179,#2180,#2181);
#2179 = CARTESIAN_POINT('',(112.67999999994,11.799965881647,7.8));
#2180 = DIRECTION('',(1.,0.,0.));
#2181 = DIRECTION('',(0.,1.,0.));
#2182 = ADVANCED_FACE('',(#2183),#2202,.F.);
#2183 = FACE_BOUND('',#2184,.F.);
#2184 = EDGE_LOOP('',(#2185,#2186,#2195,#2201));
#2185 = ORIENTED_EDGE('',*,*,#2171,.T.);
#2186 = ORIENTED_EDGE('',*,*,#2187,.T.);
#2187 = EDGE_CURVE('',#2164,#2188,#2190,.T.);
#2188 = VERTEX_POINT('',#2189);
#2189 = CARTESIAN_POINT('',(102.48,150.,7.7));
#2190 = CIRCLE('',#2191,10.2);
#2191 = AXIS2_PLACEMENT_3D('',#2192,#2193,#2194);
#2192 = CARTESIAN_POINT('',(102.48,139.8,7.7));
#2193 = DIRECTION('',(0.,0.,1.));
#2194 = DIRECTION('',(1.,0.,0.));
#2195 = ORIENTED_EDGE('',*,*,#2196,.F.);
#2196 = EDGE_CURVE('',#1072,#2188,#2197,.T.);
#2197 = LINE('',#2198,#2199);
#2198 = CARTESIAN_POINT('',(102.48,150.,7.8));
#2199 = VECTOR('',#2200,1.);
#2200 = DIRECTION('',(-0.,-0.,-1.));
#2201 = ORIENTED_EDGE('',*,*,#1079,.F.);
#2202 = CYLINDRICAL_SURFACE('',#2203,10.2);
#2203 = AXIS2_PLACEMENT_3D('',#2204,#2205,#2206);
#2204 = CARTESIAN_POINT('',(102.48,139.8,7.8));
#2205 = DIRECTION('',(0.,0.,1.));
#2206 = DIRECTION('',(1.,0.,0.));
#2207 = ADVANCED_FACE('',(#2208),#2226,.T.);
#2208 = FACE_BOUND('',#2209,.T.);
#2209 = EDGE_LOOP('',(#2210,#2218,#2224,#2225));
#2210 = ORIENTED_EDGE('',*,*,#2211,.T.);
#2211 = EDGE_CURVE('',#1064,#2212,#2214,.T.);
#2212 = VERTEX_POINT('',#2213);
#2213 = CARTESIAN_POINT('',(8.,150.,7.7));
#2214 = LINE('',#2215,#2216);
#2215 = CARTESIAN_POINT('',(8.,150.,7.8));
#2216 = VECTOR('',#2217,1.);
#2217 = DIRECTION('',(-0.,-0.,-1.));
#2218 = ORIENTED_EDGE('',*,*,#2219,.T.);
#2219 = EDGE_CURVE('',#2212,#2188,#2220,.T.);
#2220 = LINE('',#2221,#2222);
#2221 = CARTESIAN_POINT('',(8.,150.,7.7));
#2222 = VECTOR('',#2223,1.);
#2223 = DIRECTION('',(1.,0.,0.));
#2224 = ORIENTED_EDGE('',*,*,#2196,.F.);
#2225 = ORIENTED_EDGE('',*,*,#1071,.F.);
#2226 = PLANE('',#2227);
#2227 = AXIS2_PLACEMENT_3D('',#2228,#2229,#2230);
#2228 = CARTESIAN_POINT('',(8.,150.,7.8));
#2229 = DIRECTION('',(0.,-1.,0.));
#2230 = DIRECTION('',(1.,0.,0.));
#2231 = ADVANCED_FACE('',(#2232),#2258,.T.);
#2232 = FACE_BOUND('',#2233,.T.);
#2233 = EDGE_LOOP('',(#2234,#2242,#2243,#2244,#2252));
#2234 = ORIENTED_EDGE('',*,*,#2235,.T.);
#2235 = EDGE_CURVE('',#2236,#2212,#2238,.T.);
#2236 = VERTEX_POINT('',#2237);
#2237 = CARTESIAN_POINT('',(8.,150.05,7.7));
#2238 = LINE('',#2239,#2240);
#2239 = CARTESIAN_POINT('',(8.,150.8,7.7));
#2240 = VECTOR('',#2241,1.);
#2241 = DIRECTION('',(0.,-1.,0.));
#2242 = ORIENTED_EDGE('',*,*,#2211,.F.);
#2243 = ORIENTED_EDGE('',*,*,#1063,.F.);
#2244 = ORIENTED_EDGE('',*,*,#2245,.T.);
#2245 = EDGE_CURVE('',#1056,#2246,#2248,.T.);
#2246 = VERTEX_POINT('',#2247);
#2247 = CARTESIAN_POINT('',(8.,150.8,6.95));
#2248 = LINE('',#2249,#2250);
#2249 = CARTESIAN_POINT('',(8.,150.8,7.8));
#2250 = VECTOR('',#2251,1.);
#2251 = DIRECTION('',(-0.,-0.,-1.));
#2252 = ORIENTED_EDGE('',*,*,#2253,.T.);
#2253 = EDGE_CURVE('',#2246,#2236,#2254,.T.);
#2254 = LINE('',#2255,#2256);
#2255 = CARTESIAN_POINT('',(8.,150.4,7.35));
#2256 = VECTOR('',#2257,1.);
#2257 = DIRECTION('',(0.,-0.707106781187,0.707106781187));
#2258 = PLANE('',#2259);
#2259 = AXIS2_PLACEMENT_3D('',#2260,#2261,#2262);
#2260 = CARTESIAN_POINT('',(8.,150.8,7.8));
#2261 = DIRECTION('',(-1.,0.,0.));
#2262 = DIRECTION('',(0.,-1.,0.));
#2263 = ADVANCED_FACE('',(#2264),#2307,.F.);
#2264 = FACE_BOUND('',#2265,.F.);
#2265 = EDGE_LOOP('',(#2266,#2274,#2282,#2290,#2298,#2305,#2306));
#2266 = ORIENTED_EDGE('',*,*,#2267,.F.);
#2267 = EDGE_CURVE('',#2268,#2246,#2270,.T.);
#2268 = VERTEX_POINT('',#2269);
#2269 = CARTESIAN_POINT('',(102.48,150.8,6.95));
#2270 = LINE('',#2271,#2272);
#2271 = CARTESIAN_POINT('',(102.48,150.8,6.95));
#2272 = VECTOR('',#2273,1.);
#2273 = DIRECTION('',(-1.,0.,0.));
#2274 = ORIENTED_EDGE('',*,*,#2275,.T.);
#2275 = EDGE_CURVE('',#2268,#2276,#2278,.T.);
#2276 = VERTEX_POINT('',#2277);
#2277 = CARTESIAN_POINT('',(102.48,150.8,2.56));
#2278 = LINE('',#2279,#2280);
#2279 = CARTESIAN_POINT('',(102.48,150.8,7.8));
#2280 = VECTOR('',#2281,1.);
#2281 = DIRECTION('',(-0.,-0.,-1.));
#2282 = ORIENTED_EDGE('',*,*,#2283,.T.);
#2283 = EDGE_CURVE('',#2276,#2284,#2286,.T.);
#2284 = VERTEX_POINT('',#2285);
#2285 = CARTESIAN_POINT('',(0.,150.8,2.56));
#2286 = LINE('',#2287,#2288);
#2287 = CARTESIAN_POINT('',(102.48,150.8,2.56));
#2288 = VECTOR('',#2289,1.);
#2289 = DIRECTION('',(-1.,0.,0.));
#2290 = ORIENTED_EDGE('',*,*,#2291,.F.);
#2291 = EDGE_CURVE('',#2292,#2284,#2294,.T.);
#2292 = VERTEX_POINT('',#2293);
#2293 = CARTESIAN_POINT('',(0.,150.8,4.8));
#2294 = LINE('',#2295,#2296);
#2295 = CARTESIAN_POINT('',(0.,150.8,7.8));
#2296 = VECTOR('',#2297,1.);
#2297 = DIRECTION('',(-0.,-0.,-1.));
#2298 = ORIENTED_EDGE('',*,*,#2299,.T.);
#2299 = EDGE_CURVE('',#2292,#1048,#2300,.T.);
#2300 = CIRCLE('',#2301,3.);
#2301 = AXIS2_PLACEMENT_3D('',#2302,#2303,#2304);
#2302 = CARTESIAN_POINT('',(0.,150.8,7.8));
#2303 = DIRECTION('',(0.,-1.,2.22044604925E-16));
#2304 = DIRECTION('',(1.,0.,0.));
#2305 = ORIENTED_EDGE('',*,*,#1055,.F.);
#2306 = ORIENTED_EDGE('',*,*,#2245,.T.);
#2307 = PLANE('',#2308);
#2308 = AXIS2_PLACEMENT_3D('',#2309,#2310,#2311);
#2309 = CARTESIAN_POINT('',(102.48,150.8,7.8));
#2310 = DIRECTION('',(0.,1.,0.));
#2311 = DIRECTION('',(-1.,0.,0.));
#2312 = ADVANCED_FACE('',(#2313),#2341,.F.);
#2313 = FACE_BOUND('',#2314,.F.);
#2314 = EDGE_LOOP('',(#2315,#2324,#2325,#2326,#2334));
#2315 = ORIENTED_EDGE('',*,*,#2316,.T.);
#2316 = EDGE_CURVE('',#2317,#1040,#2319,.T.);
#2317 = VERTEX_POINT('',#2318);
#2318 = CARTESIAN_POINT('',(2.995730294945,151.1,7.640000000152));
#2319 = ELLIPSE('',#2320,4.242640687119,3.);
#2320 = AXIS2_PLACEMENT_3D('',#2321,#2322,#2323);
#2321 = CARTESIAN_POINT('',(0.,150.94,7.8));
#2322 = DIRECTION('',(6.969054179124E-18,-0.707106781187,-0.707106781187
    ));
#2323 = DIRECTION('',(-6.969054179124E-18,-0.707106781187,0.707106781187
    ));
#2324 = ORIENTED_EDGE('',*,*,#1047,.F.);
#2325 = ORIENTED_EDGE('',*,*,#2299,.F.);
#2326 = ORIENTED_EDGE('',*,*,#2327,.F.);
#2327 = EDGE_CURVE('',#2328,#2292,#2330,.T.);
#2328 = VERTEX_POINT('',#2329);
#2329 = CARTESIAN_POINT('',(-5.510910596163E-16,151.1,4.8));
#2330 = LINE('',#2331,#2332);
#2331 = CARTESIAN_POINT('',(0.,1.06581410364E-15,4.8));
#2332 = VECTOR('',#2333,1.);
#2333 = DIRECTION('',(0.,-1.,2.22044604925E-16));
#2334 = ORIENTED_EDGE('',*,*,#2335,.T.);
#2335 = EDGE_CURVE('',#2328,#2317,#2336,.T.);
#2336 = CIRCLE('',#2337,3.);
#2337 = AXIS2_PLACEMENT_3D('',#2338,#2339,#2340);
#2338 = CARTESIAN_POINT('',(0.,151.1,7.8));
#2339 = DIRECTION('',(0.,-1.,0.));
#2340 = DIRECTION('',(-1.836970198721E-16,-0.,-1.));
#2341 = CYLINDRICAL_SURFACE('',#2342,3.);
#2342 = AXIS2_PLACEMENT_3D('',#2343,#2344,#2345);
#2343 = CARTESIAN_POINT('',(0.,1.731947918415E-15,7.8));
#2344 = DIRECTION('',(0.,-1.,2.22044604925E-16));
#2345 = DIRECTION('',(1.,0.,0.));
#2346 = ADVANCED_FACE('',(#2347),#2374,.F.);
#2347 = FACE_BOUND('',#2348,.F.);
#2348 = EDGE_LOOP('',(#2349,#2359,#2365,#2366,#2367));
#2349 = ORIENTED_EDGE('',*,*,#2350,.F.);
#2350 = EDGE_CURVE('',#2351,#2353,#2355,.T.);
#2351 = VERTEX_POINT('',#2352);
#2352 = CARTESIAN_POINT('',(102.48,151.6,7.14));
#2353 = VERTEX_POINT('',#2354);
#2354 = CARTESIAN_POINT('',(3.437208169431,151.6,7.14));
#2355 = LINE('',#2356,#2357);
#2356 = CARTESIAN_POINT('',(102.48,151.6,7.14));
#2357 = VECTOR('',#2358,1.);
#2358 = DIRECTION('',(-1.,0.,0.));
#2359 = ORIENTED_EDGE('',*,*,#2360,.F.);
#2360 = EDGE_CURVE('',#1031,#2351,#2361,.T.);
#2361 = LINE('',#2362,#2363);
#2362 = CARTESIAN_POINT('',(102.48,151.6,7.14));
#2363 = VECTOR('',#2364,1.);
#2364 = DIRECTION('',(4.329780281177E-17,0.707106781187,-0.707106781187)
  );
#2365 = ORIENTED_EDGE('',*,*,#1039,.T.);
#2366 = ORIENTED_EDGE('',*,*,#2316,.F.);
#2367 = ORIENTED_EDGE('',*,*,#2368,.T.);
#2368 = EDGE_CURVE('',#2317,#2353,#2369,.T.);
#2369 = PARABOLA('',#2370,1.004091629285);
#2370 = AXIS2_PLACEMENT_3D('',#2371,#2372,#2373);
#2371 = CARTESIAN_POINT('',(-1.399513793058E-17,149.52,9.22));
#2372 = DIRECTION('',(6.969054179124E-18,-0.707106781187,-0.707106781187
    ));
#2373 = DIRECTION('',(6.969054179124E-18,0.707106781187,-0.707106781187)
  );
#2374 = PLANE('',#2375);
#2375 = AXIS2_PLACEMENT_3D('',#2376,#2377,#2378);
#2376 = CARTESIAN_POINT('',(102.48,151.27,7.47));
#2377 = DIRECTION('',(6.969054179124E-18,-0.707106781187,-0.707106781187
    ));
#2378 = DIRECTION('',(-1.,-4.927865468515E-18,-4.927865468515E-18));
#2379 = ADVANCED_FACE('',(#2380),#2397,.T.);
#2380 = FACE_BOUND('',#2381,.F.);
#2381 = EDGE_LOOP('',(#2382,#2388,#2389,#2390));
#2382 = ORIENTED_EDGE('',*,*,#2383,.F.);
#2383 = EDGE_CURVE('',#1023,#1179,#2384,.T.);
#2384 = LINE('',#2385,#2386);
#2385 = CARTESIAN_POINT('',(113.95,139.8,7.47));
#2386 = VECTOR('',#2387,1.);
#2387 = DIRECTION('',(0.707106781187,0.,-0.707106781187));
#2388 = ORIENTED_EDGE('',*,*,#1030,.T.);
#2389 = ORIENTED_EDGE('',*,*,#2360,.T.);
#2390 = ORIENTED_EDGE('',*,*,#2391,.F.);
#2391 = EDGE_CURVE('',#1179,#2351,#2392,.T.);
#2392 = CIRCLE('',#2393,11.8);
#2393 = AXIS2_PLACEMENT_3D('',#2394,#2395,#2396);
#2394 = CARTESIAN_POINT('',(102.48,139.8,7.14));
#2395 = DIRECTION('',(0.,0.,1.));
#2396 = DIRECTION('',(1.,0.,0.));
#2397 = CONICAL_SURFACE('',#2398,11.8,0.785398163397);
#2398 = AXIS2_PLACEMENT_3D('',#2399,#2400,#2401);
#2399 = CARTESIAN_POINT('',(102.48,139.8,7.14));
#2400 = DIRECTION('',(-0.,-0.,-1.));
#2401 = DIRECTION('',(1.,0.,0.));
#2402 = ADVANCED_FACE('',(#2403),#2409,.F.);
#2403 = FACE_BOUND('',#2404,.F.);
#2404 = EDGE_LOOP('',(#2405,#2406,#2407,#2408));
#2405 = ORIENTED_EDGE('',*,*,#1137,.F.);
#2406 = ORIENTED_EDGE('',*,*,#1022,.T.);
#2407 = ORIENTED_EDGE('',*,*,#2383,.T.);
#2408 = ORIENTED_EDGE('',*,*,#1178,.F.);
#2409 = PLANE('',#2410);
#2410 = AXIS2_PLACEMENT_3D('',#2411,#2412,#2413);
#2411 = CARTESIAN_POINT('',(113.95,11.8,7.47));
#2412 = DIRECTION('',(-0.707106781187,-6.969054179124E-18,
    -0.707106781187));
#2413 = DIRECTION('',(-4.927865468515E-18,1.,-4.927865468515E-18));
#2414 = ADVANCED_FACE('',(#2415),#2426,.T.);
#2415 = FACE_BOUND('',#2416,.T.);
#2416 = EDGE_LOOP('',(#2417,#2418,#2419,#2425));
#2417 = ORIENTED_EDGE('',*,*,#1162,.F.);
#2418 = ORIENTED_EDGE('',*,*,#1386,.T.);
#2419 = ORIENTED_EDGE('',*,*,#2420,.T.);
#2420 = EDGE_CURVE('',#1378,#1187,#2421,.T.);
#2421 = LINE('',#2422,#2423);
#2422 = CARTESIAN_POINT('',(113.195,139.8,1.085));
#2423 = VECTOR('',#2424,1.);
#2424 = DIRECTION('',(0.707106781187,0.,0.707106781187));
#2425 = ORIENTED_EDGE('',*,*,#1194,.F.);
#2426 = PLANE('',#2427);
#2427 = AXIS2_PLACEMENT_3D('',#2428,#2429,#2430);
#2428 = CARTESIAN_POINT('',(113.195,11.8,1.085));
#2429 = DIRECTION('',(0.707106781187,0.,-0.707106781187));
#2430 = DIRECTION('',(0.,1.,0.));
#2431 = ADVANCED_FACE('',(#2432),#2451,.T.);
#2432 = FACE_BOUND('',#2433,.T.);
#2433 = EDGE_LOOP('',(#2434,#2435,#2444,#2450));
#2434 = ORIENTED_EDGE('',*,*,#1186,.F.);
#2435 = ORIENTED_EDGE('',*,*,#2436,.T.);
#2436 = EDGE_CURVE('',#1187,#2437,#2439,.T.);
#2437 = VERTEX_POINT('',#2438);
#2438 = CARTESIAN_POINT('',(102.48,151.6,2.17));
#2439 = CIRCLE('',#2440,11.8);
#2440 = AXIS2_PLACEMENT_3D('',#2441,#2442,#2443);
#2441 = CARTESIAN_POINT('',(102.48,139.8,2.17));
#2442 = DIRECTION('',(0.,0.,1.));
#2443 = DIRECTION('',(1.,0.,0.));
#2444 = ORIENTED_EDGE('',*,*,#2445,.T.);
#2445 = EDGE_CURVE('',#2437,#2351,#2446,.T.);
#2446 = LINE('',#2447,#2448);
#2447 = CARTESIAN_POINT('',(102.48,151.6,0.));
#2448 = VECTOR('',#2449,1.);
#2449 = DIRECTION('',(0.,0.,1.));
#2450 = ORIENTED_EDGE('',*,*,#2391,.F.);
#2451 = CYLINDRICAL_SURFACE('',#2452,11.8);
#2452 = AXIS2_PLACEMENT_3D('',#2453,#2454,#2455);
#2453 = CARTESIAN_POINT('',(102.48,139.8,0.));
#2454 = DIRECTION('',(0.,0.,1.));
#2455 = DIRECTION('',(1.,0.,0.));
#2456 = ADVANCED_FACE('',(#2457),#2484,.F.);
#2457 = FACE_BOUND('',#2458,.F.);
#2458 = EDGE_LOOP('',(#2459,#2460,#2469,#2477));
#2459 = ORIENTED_EDGE('',*,*,#1233,.F.);
#2460 = ORIENTED_EDGE('',*,*,#2461,.T.);
#2461 = EDGE_CURVE('',#1226,#2462,#2464,.T.);
#2462 = VERTEX_POINT('',#2463);
#2463 = CARTESIAN_POINT('',(111.91999999995,11.799971991096,1.));
#2464 = CIRCLE('',#2465,9.44);
#2465 = AXIS2_PLACEMENT_3D('',#2466,#2467,#2468);
#2466 = CARTESIAN_POINT('',(102.48,11.8,1.));
#2467 = DIRECTION('',(-0.,0.,1.));
#2468 = DIRECTION('',(0.,-1.,0.));
#2469 = ORIENTED_EDGE('',*,*,#2470,.T.);
#2470 = EDGE_CURVE('',#2462,#2471,#2473,.T.);
#2471 = VERTEX_POINT('',#2472);
#2472 = CARTESIAN_POINT('',(113.47999999995,11.799967362506,2.56));
#2473 = LINE('',#2474,#2475);
#2474 = CARTESIAN_POINT('',(113.47999999995,11.799967362506,2.56));
#2475 = VECTOR('',#2476,1.);
#2476 = DIRECTION('',(0.707106781183,-2.098017584925E-06,0.707106781187)
  );
#2477 = ORIENTED_EDGE('',*,*,#2478,.F.);
#2478 = EDGE_CURVE('',#1234,#2471,#2479,.T.);
#2479 = CIRCLE('',#2480,11.);
#2480 = AXIS2_PLACEMENT_3D('',#2481,#2482,#2483);
#2481 = CARTESIAN_POINT('',(102.48,11.8,2.56));
#2482 = DIRECTION('',(-0.,0.,1.));
#2483 = DIRECTION('',(0.,-1.,0.));
#2484 = CONICAL_SURFACE('',#2485,11.,0.785398163397);
#2485 = AXIS2_PLACEMENT_3D('',#2486,#2487,#2488);
#2486 = CARTESIAN_POINT('',(102.48,11.8,2.56));
#2487 = DIRECTION('',(0.,0.,1.));
#2488 = DIRECTION('',(0.,-1.,0.));
#2489 = ADVANCED_FACE('',(#2490,#2975,#2986,#2997,#3008),#3019,.T.);
#2490 = FACE_BOUND('',#2491,.T.);
#2491 = EDGE_LOOP('',(#2492,#2502,#2510,#2518,#2526,#2533,#2534,#2535,
    #2541,#2542,#2543,#2551,#2560,#2568,#2576,#2584,#2592,#2601,#2609,
    #2617,#2625,#2633,#2641,#2649,#2657,#2665,#2673,#2681,#2689,#2697,
    #2705,#2713,#2721,#2729,#2737,#2745,#2753,#2761,#2769,#2777,#2785,
    #2793,#2801,#2809,#2817,#2825,#2833,#2841,#2849,#2857,#2865,#2873,
    #2881,#2889,#2897,#2905,#2913,#2921,#2929,#2937,#2945,#2953,#2961,
    #2969));
#2492 = ORIENTED_EDGE('',*,*,#2493,.F.);
#2493 = EDGE_CURVE('',#2494,#2496,#2498,.T.);
#2494 = VERTEX_POINT('',#2495);
#2495 = CARTESIAN_POINT('',(-1.66,11.72,1.));
#2496 = VERTEX_POINT('',#2497);
#2497 = CARTESIAN_POINT('',(2.14,11.72,1.));
#2498 = LINE('',#2499,#2500);
#2499 = CARTESIAN_POINT('',(-2.86,11.72,1.));
#2500 = VECTOR('',#2501,1.);
#2501 = DIRECTION('',(1.,0.,0.));
#2502 = ORIENTED_EDGE('',*,*,#2503,.T.);
#2503 = EDGE_CURVE('',#2494,#2504,#2506,.T.);
#2504 = VERTEX_POINT('',#2505);
#2505 = CARTESIAN_POINT('',(-2.86,10.52,1.));
#2506 = LINE('',#2507,#2508);
#2507 = CARTESIAN_POINT('',(26.3964455064,39.7764455064,1.));
#2508 = VECTOR('',#2509,1.);
#2509 = DIRECTION('',(-0.707106781187,-0.707106781187,0.));
#2510 = ORIENTED_EDGE('',*,*,#2511,.F.);
#2511 = EDGE_CURVE('',#2512,#2504,#2514,.T.);
#2512 = VERTEX_POINT('',#2513);
#2513 = CARTESIAN_POINT('',(-2.86,2.83,1.));
#2514 = LINE('',#2515,#2516);
#2515 = CARTESIAN_POINT('',(-2.86,2.27,1.));
#2516 = VECTOR('',#2517,1.);
#2517 = DIRECTION('',(0.,1.,0.));
#2518 = ORIENTED_EDGE('',*,*,#2519,.F.);
#2519 = EDGE_CURVE('',#2520,#2512,#2522,.T.);
#2520 = VERTEX_POINT('',#2521);
#2521 = CARTESIAN_POINT('',(-1.908943401704,2.520983257996,1.));
#2522 = LINE('',#2523,#2524);
#2523 = CARTESIAN_POINT('',(9.276884355365,-1.113509217317,1.));
#2524 = VECTOR('',#2525,1.);
#2525 = DIRECTION('',(-0.951056598296,0.309016742004,0.));
#2526 = ORIENTED_EDGE('',*,*,#2527,.F.);
#2527 = EDGE_CURVE('',#1289,#2520,#2528,.T.);
#2528 = CIRCLE('',#2529,5.27775876139);
#2529 = AXIS2_PLACEMENT_3D('',#2530,#2531,#2532);
#2530 = CARTESIAN_POINT('',(-0.278027584179,7.540430552229,1.));
#2531 = DIRECTION('',(0.,0.,-1.));
#2532 = DIRECTION('',(1.,0.,0.));
#2533 = ORIENTED_EDGE('',*,*,#1288,.F.);
#2534 = ORIENTED_EDGE('',*,*,#1255,.F.);
#2535 = ORIENTED_EDGE('',*,*,#2536,.F.);
#2536 = EDGE_CURVE('',#1218,#1256,#2537,.T.);
#2537 = LINE('',#2538,#2539);
#2538 = CARTESIAN_POINT('',(3.14,11.72,1.));
#2539 = VECTOR('',#2540,1.);
#2540 = DIRECTION('',(0.,-1.,0.));
#2541 = ORIENTED_EDGE('',*,*,#1225,.T.);
#2542 = ORIENTED_EDGE('',*,*,#2461,.T.);
#2543 = ORIENTED_EDGE('',*,*,#2544,.T.);
#2544 = EDGE_CURVE('',#2462,#2545,#2547,.T.);
#2545 = VERTEX_POINT('',#2546);
#2546 = CARTESIAN_POINT('',(111.92,139.8,1.));
#2547 = LINE('',#2548,#2549);
#2548 = CARTESIAN_POINT('',(111.92,11.799967362506,1.));
#2549 = VECTOR('',#2550,1.);
#2550 = DIRECTION('',(0.,1.,0.));
#2551 = ORIENTED_EDGE('',*,*,#2552,.T.);
#2552 = EDGE_CURVE('',#2545,#2553,#2555,.T.);
#2553 = VERTEX_POINT('',#2554);
#2554 = CARTESIAN_POINT('',(102.48,149.24,1.));
#2555 = CIRCLE('',#2556,9.44);
#2556 = AXIS2_PLACEMENT_3D('',#2557,#2558,#2559);
#2557 = CARTESIAN_POINT('',(102.48,139.8,1.));
#2558 = DIRECTION('',(0.,0.,1.));
#2559 = DIRECTION('',(1.,0.,0.));
#2560 = ORIENTED_EDGE('',*,*,#2561,.T.);
#2561 = EDGE_CURVE('',#2553,#2562,#2564,.T.);
#2562 = VERTEX_POINT('',#2563);
#2563 = CARTESIAN_POINT('',(3.14,149.24,1.));
#2564 = LINE('',#2565,#2566);
#2565 = CARTESIAN_POINT('',(102.48,149.24,1.));
#2566 = VECTOR('',#2567,1.);
#2567 = DIRECTION('',(-1.,0.,0.));
#2568 = ORIENTED_EDGE('',*,*,#2569,.T.);
#2569 = EDGE_CURVE('',#2562,#2570,#2572,.T.);
#2570 = VERTEX_POINT('',#2571);
#2571 = CARTESIAN_POINT('',(3.14,149.33,1.));
#2572 = LINE('',#2573,#2574);
#2573 = CARTESIAN_POINT('',(3.14,139.88,1.));
#2574 = VECTOR('',#2575,1.);
#2575 = DIRECTION('',(0.,1.,-4.440892098501E-16));
#2576 = ORIENTED_EDGE('',*,*,#2577,.T.);
#2577 = EDGE_CURVE('',#2570,#2578,#2580,.T.);
#2578 = VERTEX_POINT('',#2579);
#2579 = CARTESIAN_POINT('',(0.,149.33,1.));
#2580 = LINE('',#2581,#2582);
#2581 = CARTESIAN_POINT('',(3.14,149.33,1.));
#2582 = VECTOR('',#2583,1.);
#2583 = DIRECTION('',(-1.,0.,0.));
#2584 = ORIENTED_EDGE('',*,*,#2585,.T.);
#2585 = EDGE_CURVE('',#2578,#2586,#2588,.T.);
#2586 = VERTEX_POINT('',#2587);
#2587 = CARTESIAN_POINT('',(-0.556055168354,149.33,1.));
#2588 = LINE('',#2589,#2590);
#2589 = CARTESIAN_POINT('',(3.14,149.33,1.));
#2590 = VECTOR('',#2591,1.);
#2591 = DIRECTION('',(-1.,0.,0.));
#2592 = ORIENTED_EDGE('',*,*,#2593,.F.);
#2593 = EDGE_CURVE('',#2594,#2586,#2596,.T.);
#2594 = VERTEX_POINT('',#2595);
#2595 = CARTESIAN_POINT('',(-1.908943401704,149.079016742,1.));
#2596 = CIRCLE('',#2597,5.27775876139);
#2597 = AXIS2_PLACEMENT_3D('',#2598,#2599,#2600);
#2598 = CARTESIAN_POINT('',(-0.278027584179,144.05956944777,1.));
#2599 = DIRECTION('',(0.,-4.440892098501E-16,-1.));
#2600 = DIRECTION('',(1.,0.,0.));
#2601 = ORIENTED_EDGE('',*,*,#2602,.T.);
#2602 = EDGE_CURVE('',#2594,#2603,#2605,.T.);
#2603 = VERTEX_POINT('',#2604);
#2604 = CARTESIAN_POINT('',(-2.86,148.77,1.));
#2605 = LINE('',#2606,#2607);
#2606 = CARTESIAN_POINT('',(9.276884170836,152.71350915736,1.));
#2607 = VECTOR('',#2608,1.);
#2608 = DIRECTION('',(-0.951056598296,-0.309016742004,0.));
#2609 = ORIENTED_EDGE('',*,*,#2610,.T.);
#2610 = EDGE_CURVE('',#2603,#2611,#2613,.T.);
#2611 = VERTEX_POINT('',#2612);
#2612 = CARTESIAN_POINT('',(-2.86,141.08,1.));
#2613 = LINE('',#2614,#2615);
#2614 = CARTESIAN_POINT('',(-2.86,149.33,1.));
#2615 = VECTOR('',#2616,1.);
#2616 = DIRECTION('',(0.,-1.,4.440892098501E-16));
#2617 = ORIENTED_EDGE('',*,*,#2618,.T.);
#2618 = EDGE_CURVE('',#2611,#2619,#2621,.T.);
#2619 = VERTEX_POINT('',#2620);
#2620 = CARTESIAN_POINT('',(-1.66,139.88,1.));
#2621 = LINE('',#2622,#2623);
#2622 = CARTESIAN_POINT('',(26.39644582034,111.82355417966,1.));
#2623 = VECTOR('',#2624,1.);
#2624 = DIRECTION('',(0.707106781187,-0.707106781187,0.));
#2625 = ORIENTED_EDGE('',*,*,#2626,.T.);
#2626 = EDGE_CURVE('',#2619,#2627,#2629,.T.);
#2627 = VERTEX_POINT('',#2628);
#2628 = CARTESIAN_POINT('',(2.14,139.88,1.));
#2629 = LINE('',#2630,#2631);
#2630 = CARTESIAN_POINT('',(-2.86,139.88,1.));
#2631 = VECTOR('',#2632,1.);
#2632 = DIRECTION('',(1.,0.,0.));
#2633 = ORIENTED_EDGE('',*,*,#2634,.T.);
#2634 = EDGE_CURVE('',#2627,#2635,#2637,.T.);
#2635 = VERTEX_POINT('',#2636);
#2636 = CARTESIAN_POINT('',(3.14,138.88,1.));
#2637 = LINE('',#2638,#2639);
#2638 = CARTESIAN_POINT('',(29.79644582034,112.22355417966,1.));
#2639 = VECTOR('',#2640,1.);
#2640 = DIRECTION('',(0.707106781187,-0.707106781187,0.));
#2641 = ORIENTED_EDGE('',*,*,#2642,.F.);
#2642 = EDGE_CURVE('',#2643,#2635,#2645,.T.);
#2643 = VERTEX_POINT('',#2644);
#2644 = CARTESIAN_POINT('',(3.14,129.78,1.));
#2645 = LINE('',#2646,#2647);
#2646 = CARTESIAN_POINT('',(3.14,112.5649999162,1.));
#2647 = VECTOR('',#2648,1.);
#2648 = DIRECTION('',(0.,1.,0.));
#2649 = ORIENTED_EDGE('',*,*,#2650,.T.);
#2650 = EDGE_CURVE('',#2643,#2651,#2653,.T.);
#2651 = VERTEX_POINT('',#2652);
#2652 = CARTESIAN_POINT('',(2.14,128.78,1.));
#2653 = LINE('',#2654,#2655);
#2654 = CARTESIAN_POINT('',(0.5314455064,127.1714455064,1.));
#2655 = VECTOR('',#2656,1.);
#2656 = DIRECTION('',(-0.707106781187,-0.707106781187,0.));
#2657 = ORIENTED_EDGE('',*,*,#2658,.T.);
#2658 = EDGE_CURVE('',#2651,#2659,#2661,.T.);
#2659 = VERTEX_POINT('',#2660);
#2660 = CARTESIAN_POINT('',(-1.66,128.78,1.));
#2661 = LINE('',#2662,#2663);
#2662 = CARTESIAN_POINT('',(3.14,128.78,1.));
#2663 = VECTOR('',#2664,1.);
#2664 = DIRECTION('',(-1.,0.,0.));
#2665 = ORIENTED_EDGE('',*,*,#2666,.T.);
#2666 = EDGE_CURVE('',#2659,#2667,#2669,.T.);
#2667 = VERTEX_POINT('',#2668);
#2668 = CARTESIAN_POINT('',(-2.86,127.58,1.));
#2669 = LINE('',#2670,#2671);
#2670 = CARTESIAN_POINT('',(-2.8685544936,127.5714455064,1.));
#2671 = VECTOR('',#2672,1.);
#2672 = DIRECTION('',(-0.707106781187,-0.707106781187,0.));
#2673 = ORIENTED_EDGE('',*,*,#2674,.T.);
#2674 = EDGE_CURVE('',#2667,#2675,#2677,.T.);
#2675 = VERTEX_POINT('',#2676);
#2676 = CARTESIAN_POINT('',(-2.86,119.08,1.));
#2677 = LINE('',#2678,#2679);
#2678 = CARTESIAN_POINT('',(-2.86,128.78,1.));
#2679 = VECTOR('',#2680,1.);
#2680 = DIRECTION('',(0.,-1.,4.440892098501E-16));
#2681 = ORIENTED_EDGE('',*,*,#2682,.T.);
#2682 = EDGE_CURVE('',#2675,#2683,#2685,.T.);
#2683 = VERTEX_POINT('',#2684);
#2684 = CARTESIAN_POINT('',(-1.66,117.88,1.));
#2685 = LINE('',#2686,#2687);
#2686 = CARTESIAN_POINT('',(20.89644582034,95.32355417966,1.));
#2687 = VECTOR('',#2688,1.);
#2688 = DIRECTION('',(0.707106781187,-0.707106781187,0.));
#2689 = ORIENTED_EDGE('',*,*,#2690,.T.);
#2690 = EDGE_CURVE('',#2683,#2691,#2693,.T.);
#2691 = VERTEX_POINT('',#2692);
#2692 = CARTESIAN_POINT('',(2.14,117.88,1.));
#2693 = LINE('',#2694,#2695);
#2694 = CARTESIAN_POINT('',(-2.86,117.88,1.));
#2695 = VECTOR('',#2696,1.);
#2696 = DIRECTION('',(1.,0.,0.));
#2697 = ORIENTED_EDGE('',*,*,#2698,.T.);
#2698 = EDGE_CURVE('',#2691,#2699,#2701,.T.);
#2699 = VERTEX_POINT('',#2700);
#2700 = CARTESIAN_POINT('',(3.14,116.88,1.));
#2701 = LINE('',#2702,#2703);
#2702 = CARTESIAN_POINT('',(24.29644582034,95.72355417966,1.));
#2703 = VECTOR('',#2704,1.);
#2704 = DIRECTION('',(0.707106781187,-0.707106781187,0.));
#2705 = ORIENTED_EDGE('',*,*,#2706,.F.);
#2706 = EDGE_CURVE('',#2707,#2699,#2709,.T.);
#2707 = VERTEX_POINT('',#2708);
#2708 = CARTESIAN_POINT('',(3.14,107.78,1.));
#2709 = LINE('',#2710,#2711);
#2710 = CARTESIAN_POINT('',(3.14,112.5649999162,1.));
#2711 = VECTOR('',#2712,1.);
#2712 = DIRECTION('',(0.,1.,0.));
#2713 = ORIENTED_EDGE('',*,*,#2714,.T.);
#2714 = EDGE_CURVE('',#2707,#2715,#2717,.T.);
#2715 = VERTEX_POINT('',#2716);
#2716 = CARTESIAN_POINT('',(2.14,106.78,1.));
#2717 = LINE('',#2718,#2719);
#2718 = CARTESIAN_POINT('',(6.0314455064,110.6714455064,1.));
#2719 = VECTOR('',#2720,1.);
#2720 = DIRECTION('',(-0.707106781187,-0.707106781187,0.));
#2721 = ORIENTED_EDGE('',*,*,#2722,.T.);
#2722 = EDGE_CURVE('',#2715,#2723,#2725,.T.);
#2723 = VERTEX_POINT('',#2724);
#2724 = CARTESIAN_POINT('',(-1.66,106.78,1.));
#2725 = LINE('',#2726,#2727);
#2726 = CARTESIAN_POINT('',(3.14,106.78,1.));
#2727 = VECTOR('',#2728,1.);
#2728 = DIRECTION('',(-1.,0.,0.));
#2729 = ORIENTED_EDGE('',*,*,#2730,.T.);
#2730 = EDGE_CURVE('',#2723,#2731,#2733,.T.);
#2731 = VERTEX_POINT('',#2732);
#2732 = CARTESIAN_POINT('',(-2.86,105.58,1.));
#2733 = LINE('',#2734,#2735);
#2734 = CARTESIAN_POINT('',(2.6314455064,111.0714455064,1.));
#2735 = VECTOR('',#2736,1.);
#2736 = DIRECTION('',(-0.707106781187,-0.707106781187,0.));
#2737 = ORIENTED_EDGE('',*,*,#2738,.T.);
#2738 = EDGE_CURVE('',#2731,#2739,#2741,.T.);
#2739 = VERTEX_POINT('',#2740);
#2740 = CARTESIAN_POINT('',(-2.86,95.68,1.));
#2741 = LINE('',#2742,#2743);
#2742 = CARTESIAN_POINT('',(-2.86,106.78,1.));
#2743 = VECTOR('',#2744,1.);
#2744 = DIRECTION('',(0.,-1.,4.440892098501E-16));
#2745 = ORIENTED_EDGE('',*,*,#2746,.T.);
#2746 = EDGE_CURVE('',#2739,#2747,#2749,.T.);
#2747 = VERTEX_POINT('',#2748);
#2748 = CARTESIAN_POINT('',(-1.66,94.48,1.));
#2749 = LINE('',#2750,#2751);
#2750 = CARTESIAN_POINT('',(15.04644582034,77.77355417966,1.));
#2751 = VECTOR('',#2752,1.);
#2752 = DIRECTION('',(0.707106781187,-0.707106781187,0.));
#2753 = ORIENTED_EDGE('',*,*,#2754,.T.);
#2754 = EDGE_CURVE('',#2747,#2755,#2757,.T.);
#2755 = VERTEX_POINT('',#2756);
#2756 = CARTESIAN_POINT('',(2.14,94.48,1.));
#2757 = LINE('',#2758,#2759);
#2758 = CARTESIAN_POINT('',(-2.86,94.48,1.));
#2759 = VECTOR('',#2760,1.);
#2760 = DIRECTION('',(1.,0.,0.));
#2761 = ORIENTED_EDGE('',*,*,#2762,.T.);
#2762 = EDGE_CURVE('',#2755,#2763,#2765,.T.);
#2763 = VERTEX_POINT('',#2764);
#2764 = CARTESIAN_POINT('',(3.14,93.48,1.));
#2765 = LINE('',#2766,#2767);
#2766 = CARTESIAN_POINT('',(18.44644582034,78.17355417966,1.));
#2767 = VECTOR('',#2768,1.);
#2768 = DIRECTION('',(0.707106781187,-0.707106781187,0.));
#2769 = ORIENTED_EDGE('',*,*,#2770,.F.);
#2770 = EDGE_CURVE('',#2771,#2763,#2773,.T.);
#2771 = VERTEX_POINT('',#2772);
#2772 = CARTESIAN_POINT('',(3.14,82.98,1.));
#2773 = LINE('',#2774,#2775);
#2774 = CARTESIAN_POINT('',(3.14,112.5649999162,1.));
#2775 = VECTOR('',#2776,1.);
#2776 = DIRECTION('',(0.,1.,0.));
#2777 = ORIENTED_EDGE('',*,*,#2778,.T.);
#2778 = EDGE_CURVE('',#2771,#2779,#2781,.T.);
#2779 = VERTEX_POINT('',#2780);
#2780 = CARTESIAN_POINT('',(2.14,81.98,1.));
#2781 = LINE('',#2782,#2783);
#2782 = CARTESIAN_POINT('',(12.2314455064,92.0714455064,1.));
#2783 = VECTOR('',#2784,1.);
#2784 = DIRECTION('',(-0.707106781187,-0.707106781187,0.));
#2785 = ORIENTED_EDGE('',*,*,#2786,.T.);
#2786 = EDGE_CURVE('',#2779,#2787,#2789,.T.);
#2787 = VERTEX_POINT('',#2788);
#2788 = CARTESIAN_POINT('',(-1.66,81.98,1.));
#2789 = LINE('',#2790,#2791);
#2790 = CARTESIAN_POINT('',(3.14,81.98,1.));
#2791 = VECTOR('',#2792,1.);
#2792 = DIRECTION('',(-1.,0.,0.));
#2793 = ORIENTED_EDGE('',*,*,#2794,.T.);
#2794 = EDGE_CURVE('',#2787,#2795,#2797,.T.);
#2795 = VERTEX_POINT('',#2796);
#2796 = CARTESIAN_POINT('',(-2.86,80.78,1.));
#2797 = LINE('',#2798,#2799);
#2798 = CARTESIAN_POINT('',(8.8314455064,92.4714455064,1.));
#2799 = VECTOR('',#2800,1.);
#2800 = DIRECTION('',(-0.707106781187,-0.707106781187,0.));
#2801 = ORIENTED_EDGE('',*,*,#2802,.T.);
#2802 = EDGE_CURVE('',#2795,#2803,#2805,.T.);
#2803 = VERTEX_POINT('',#2804);
#2804 = CARTESIAN_POINT('',(-2.86,70.82,1.));
#2805 = LINE('',#2806,#2807);
#2806 = CARTESIAN_POINT('',(-2.86,81.98,1.));
#2807 = VECTOR('',#2808,1.);
#2808 = DIRECTION('',(0.,-1.,4.440892098501E-16));
#2809 = ORIENTED_EDGE('',*,*,#2810,.T.);
#2810 = EDGE_CURVE('',#2803,#2811,#2813,.T.);
#2811 = VERTEX_POINT('',#2812);
#2812 = CARTESIAN_POINT('',(-1.66,69.62,1.));
#2813 = LINE('',#2814,#2815);
#2814 = CARTESIAN_POINT('',(8.83144582034,59.12855417966,1.));
#2815 = VECTOR('',#2816,1.);
#2816 = DIRECTION('',(0.707106781187,-0.707106781187,0.));
#2817 = ORIENTED_EDGE('',*,*,#2818,.F.);
#2818 = EDGE_CURVE('',#2819,#2811,#2821,.T.);
#2819 = VERTEX_POINT('',#2820);
#2820 = CARTESIAN_POINT('',(2.14,69.62,1.));
#2821 = LINE('',#2822,#2823);
#2822 = CARTESIAN_POINT('',(3.14,69.62,1.));
#2823 = VECTOR('',#2824,1.);
#2824 = DIRECTION('',(-1.,0.,0.));
#2825 = ORIENTED_EDGE('',*,*,#2826,.T.);
#2826 = EDGE_CURVE('',#2819,#2827,#2829,.T.);
#2827 = VERTEX_POINT('',#2828);
#2828 = CARTESIAN_POINT('',(3.14,68.62,1.));
#2829 = LINE('',#2830,#2831);
#2830 = CARTESIAN_POINT('',(12.23144582034,59.52855417966,1.));
#2831 = VECTOR('',#2832,1.);
#2832 = DIRECTION('',(0.707106781187,-0.707106781187,0.));
#2833 = ORIENTED_EDGE('',*,*,#2834,.F.);
#2834 = EDGE_CURVE('',#2835,#2827,#2837,.T.);
#2835 = VERTEX_POINT('',#2836);
#2836 = CARTESIAN_POINT('',(3.14,58.12,1.));
#2837 = LINE('',#2838,#2839);
#2838 = CARTESIAN_POINT('',(3.14,112.5649999162,1.));
#2839 = VECTOR('',#2840,1.);
#2840 = DIRECTION('',(0.,1.,0.));
#2841 = ORIENTED_EDGE('',*,*,#2842,.T.);
#2842 = EDGE_CURVE('',#2835,#2843,#2845,.T.);
#2843 = VERTEX_POINT('',#2844);
#2844 = CARTESIAN_POINT('',(2.14,57.12,1.));
#2845 = LINE('',#2846,#2847);
#2846 = CARTESIAN_POINT('',(18.4464455064,73.4264455064,1.));
#2847 = VECTOR('',#2848,1.);
#2848 = DIRECTION('',(-0.707106781187,-0.707106781187,0.));
#2849 = ORIENTED_EDGE('',*,*,#2850,.F.);
#2850 = EDGE_CURVE('',#2851,#2843,#2853,.T.);
#2851 = VERTEX_POINT('',#2852);
#2852 = CARTESIAN_POINT('',(-1.66,57.12,1.));
#2853 = LINE('',#2854,#2855);
#2854 = CARTESIAN_POINT('',(-2.86,57.12,1.));
#2855 = VECTOR('',#2856,1.);
#2856 = DIRECTION('',(1.,0.,0.));
#2857 = ORIENTED_EDGE('',*,*,#2858,.T.);
#2858 = EDGE_CURVE('',#2851,#2859,#2861,.T.);
#2859 = VERTEX_POINT('',#2860);
#2860 = CARTESIAN_POINT('',(-2.86,55.92,1.));
#2861 = LINE('',#2862,#2863);
#2862 = CARTESIAN_POINT('',(15.0464455064,73.8264455064,1.));
#2863 = VECTOR('',#2864,1.);
#2864 = DIRECTION('',(-0.707106781187,-0.707106781187,0.));
#2865 = ORIENTED_EDGE('',*,*,#2866,.F.);
#2866 = EDGE_CURVE('',#2867,#2859,#2869,.T.);
#2867 = VERTEX_POINT('',#2868);
#2868 = CARTESIAN_POINT('',(-2.86,46.02,1.));
#2869 = LINE('',#2870,#2871);
#2870 = CARTESIAN_POINT('',(-2.86,44.82,1.));
#2871 = VECTOR('',#2872,1.);
#2872 = DIRECTION('',(0.,1.,0.));
#2873 = ORIENTED_EDGE('',*,*,#2874,.T.);
#2874 = EDGE_CURVE('',#2867,#2875,#2877,.T.);
#2875 = VERTEX_POINT('',#2876);
#2876 = CARTESIAN_POINT('',(-1.66,44.82,1.));
#2877 = LINE('',#2878,#2879);
#2878 = CARTESIAN_POINT('',(2.63144582034,40.52855417966,1.));
#2879 = VECTOR('',#2880,1.);
#2880 = DIRECTION('',(0.707106781187,-0.707106781187,0.));
#2881 = ORIENTED_EDGE('',*,*,#2882,.F.);
#2882 = EDGE_CURVE('',#2883,#2875,#2885,.T.);
#2883 = VERTEX_POINT('',#2884);
#2884 = CARTESIAN_POINT('',(2.14,44.82,1.));
#2885 = LINE('',#2886,#2887);
#2886 = CARTESIAN_POINT('',(3.14,44.82,1.));
#2887 = VECTOR('',#2888,1.);
#2888 = DIRECTION('',(-1.,0.,0.));
#2889 = ORIENTED_EDGE('',*,*,#2890,.F.);
#2890 = EDGE_CURVE('',#2891,#2883,#2893,.T.);
#2891 = VERTEX_POINT('',#2892);
#2892 = CARTESIAN_POINT('',(3.14,43.82,1.));
#2893 = LINE('',#2894,#2895);
#2894 = CARTESIAN_POINT('',(6.03144582034,40.92855417966,1.));
#2895 = VECTOR('',#2896,1.);
#2896 = DIRECTION('',(-0.707106781187,0.707106781187,0.));
#2897 = ORIENTED_EDGE('',*,*,#2898,.F.);
#2898 = EDGE_CURVE('',#2899,#2891,#2901,.T.);
#2899 = VERTEX_POINT('',#2900);
#2900 = CARTESIAN_POINT('',(3.14,34.72,1.));
#2901 = LINE('',#2902,#2903);
#2902 = CARTESIAN_POINT('',(3.14,112.5649999162,1.));
#2903 = VECTOR('',#2904,1.);
#2904 = DIRECTION('',(0.,1.,0.));
#2905 = ORIENTED_EDGE('',*,*,#2906,.F.);
#2906 = EDGE_CURVE('',#2907,#2899,#2909,.T.);
#2907 = VERTEX_POINT('',#2908);
#2908 = CARTESIAN_POINT('',(2.14,33.72,1.));
#2909 = LINE('',#2910,#2911);
#2910 = CARTESIAN_POINT('',(24.2964455064,55.8764455064,1.));
#2911 = VECTOR('',#2912,1.);
#2912 = DIRECTION('',(0.707106781187,0.707106781187,0.));
#2913 = ORIENTED_EDGE('',*,*,#2914,.F.);
#2914 = EDGE_CURVE('',#2915,#2907,#2917,.T.);
#2915 = VERTEX_POINT('',#2916);
#2916 = CARTESIAN_POINT('',(-1.66,33.72,1.));
#2917 = LINE('',#2918,#2919);
#2918 = CARTESIAN_POINT('',(-2.86,33.72,1.));
#2919 = VECTOR('',#2920,1.);
#2920 = DIRECTION('',(1.,0.,0.));
#2921 = ORIENTED_EDGE('',*,*,#2922,.T.);
#2922 = EDGE_CURVE('',#2915,#2923,#2925,.T.);
#2923 = VERTEX_POINT('',#2924);
#2924 = CARTESIAN_POINT('',(-2.86,32.52,1.));
#2925 = LINE('',#2926,#2927);
#2926 = CARTESIAN_POINT('',(20.8964455064,56.2764455064,1.));
#2927 = VECTOR('',#2928,1.);
#2928 = DIRECTION('',(-0.707106781187,-0.707106781187,0.));
#2929 = ORIENTED_EDGE('',*,*,#2930,.F.);
#2930 = EDGE_CURVE('',#2931,#2923,#2933,.T.);
#2931 = VERTEX_POINT('',#2932);
#2932 = CARTESIAN_POINT('',(-2.86,24.02,1.));
#2933 = LINE('',#2934,#2935);
#2934 = CARTESIAN_POINT('',(-2.86,22.82,1.));
#2935 = VECTOR('',#2936,1.);
#2936 = DIRECTION('',(0.,1.,0.));
#2937 = ORIENTED_EDGE('',*,*,#2938,.T.);
#2938 = EDGE_CURVE('',#2931,#2939,#2941,.T.);
#2939 = VERTEX_POINT('',#2940);
#2940 = CARTESIAN_POINT('',(-1.66,22.82,1.));
#2941 = LINE('',#2942,#2943);
#2942 = CARTESIAN_POINT('',(-2.86855417966,24.02855417966,1.));
#2943 = VECTOR('',#2944,1.);
#2944 = DIRECTION('',(0.707106781187,-0.707106781187,0.));
#2945 = ORIENTED_EDGE('',*,*,#2946,.F.);
#2946 = EDGE_CURVE('',#2947,#2939,#2949,.T.);
#2947 = VERTEX_POINT('',#2948);
#2948 = CARTESIAN_POINT('',(2.14,22.82,1.));
#2949 = LINE('',#2950,#2951);
#2950 = CARTESIAN_POINT('',(3.14,22.82,1.));
#2951 = VECTOR('',#2952,1.);
#2952 = DIRECTION('',(-1.,0.,0.));
#2953 = ORIENTED_EDGE('',*,*,#2954,.F.);
#2954 = EDGE_CURVE('',#2955,#2947,#2957,.T.);
#2955 = VERTEX_POINT('',#2956);
#2956 = CARTESIAN_POINT('',(3.14,21.82,1.));
#2957 = LINE('',#2958,#2959);
#2958 = CARTESIAN_POINT('',(0.53144582034,24.42855417966,1.));
#2959 = VECTOR('',#2960,1.);
#2960 = DIRECTION('',(-0.707106781187,0.707106781187,0.));
#2961 = ORIENTED_EDGE('',*,*,#2962,.F.);
#2962 = EDGE_CURVE('',#2963,#2955,#2965,.T.);
#2963 = VERTEX_POINT('',#2964);
#2964 = CARTESIAN_POINT('',(3.14,12.72,1.));
#2965 = LINE('',#2966,#2967);
#2966 = CARTESIAN_POINT('',(3.14,112.5649999162,1.));
#2967 = VECTOR('',#2968,1.);
#2968 = DIRECTION('',(0.,1.,0.));
#2969 = ORIENTED_EDGE('',*,*,#2970,.F.);
#2970 = EDGE_CURVE('',#2496,#2963,#2971,.T.);
#2971 = LINE('',#2972,#2973);
#2972 = CARTESIAN_POINT('',(29.7964455064,39.3764455064,1.));
#2973 = VECTOR('',#2974,1.);
#2974 = DIRECTION('',(0.707106781187,0.707106781187,0.));
#2975 = FACE_BOUND('',#2976,.T.);
#2976 = EDGE_LOOP('',(#2977));
#2977 = ORIENTED_EDGE('',*,*,#2978,.T.);
#2978 = EDGE_CURVE('',#2979,#2979,#2981,.T.);
#2979 = VERTEX_POINT('',#2980);
#2980 = CARTESIAN_POINT('',(18.18,11.8,1.));
#2981 = CIRCLE('',#2982,3.);
#2982 = AXIS2_PLACEMENT_3D('',#2983,#2984,#2985);
#2983 = CARTESIAN_POINT('',(15.18,11.8,1.));
#2984 = DIRECTION('',(0.,0.,-1.));
#2985 = DIRECTION('',(1.,0.,0.));
#2986 = FACE_BOUND('',#2987,.T.);
#2987 = EDGE_LOOP('',(#2988));
#2988 = ORIENTED_EDGE('',*,*,#2989,.T.);
#2989 = EDGE_CURVE('',#2990,#2990,#2992,.T.);
#2990 = VERTEX_POINT('',#2991);
#2991 = CARTESIAN_POINT('',(105.48,11.8,1.));
#2992 = CIRCLE('',#2993,3.);
#2993 = AXIS2_PLACEMENT_3D('',#2994,#2995,#2996);
#2994 = CARTESIAN_POINT('',(102.48,11.8,1.));
#2995 = DIRECTION('',(0.,0.,-1.));
#2996 = DIRECTION('',(1.,0.,0.));
#2997 = FACE_BOUND('',#2998,.T.);
#2998 = EDGE_LOOP('',(#2999));
#2999 = ORIENTED_EDGE('',*,*,#3000,.T.);
#3000 = EDGE_CURVE('',#3001,#3001,#3003,.T.);
#3001 = VERTEX_POINT('',#3002);
#3002 = CARTESIAN_POINT('',(18.18,139.8,1.));
#3003 = CIRCLE('',#3004,3.);
#3004 = AXIS2_PLACEMENT_3D('',#3005,#3006,#3007);
#3005 = CARTESIAN_POINT('',(15.18,139.8,1.));
#3006 = DIRECTION('',(0.,0.,-1.));
#3007 = DIRECTION('',(1.,0.,0.));
#3008 = FACE_BOUND('',#3009,.T.);
#3009 = EDGE_LOOP('',(#3010));
#3010 = ORIENTED_EDGE('',*,*,#3011,.T.);
#3011 = EDGE_CURVE('',#3012,#3012,#3014,.T.);
#3012 = VERTEX_POINT('',#3013);
#3013 = CARTESIAN_POINT('',(105.48,139.8,1.));
#3014 = CIRCLE('',#3015,3.);
#3015 = AXIS2_PLACEMENT_3D('',#3016,#3017,#3018);
#3016 = CARTESIAN_POINT('',(102.48,139.8,1.));
#3017 = DIRECTION('',(0.,0.,-1.));
#3018 = DIRECTION('',(1.,0.,0.));
#3019 = PLANE('',#3020);
#3020 = AXIS2_PLACEMENT_3D('',#3021,#3022,#3023);
#3021 = CARTESIAN_POINT('',(47.68578265348,75.79999937212,1.));
#3022 = DIRECTION('',(0.,0.,1.));
#3023 = DIRECTION('',(1.,0.,0.));
#3024 = ADVANCED_FACE('',(#3025),#3030,.F.);
#3025 = FACE_BOUND('',#3026,.F.);
#3026 = EDGE_LOOP('',(#3027,#3028,#3029));
#3027 = ORIENTED_EDGE('',*,*,#1263,.F.);
#3028 = ORIENTED_EDGE('',*,*,#2536,.F.);
#3029 = ORIENTED_EDGE('',*,*,#1217,.T.);
#3030 = PLANE('',#3031);
#3031 = AXIS2_PLACEMENT_3D('',#3032,#3033,#3034);
#3032 = CARTESIAN_POINT('',(3.14,149.33,0.));
#3033 = DIRECTION('',(1.,0.,0.));
#3034 = DIRECTION('',(0.,-1.,0.));
#3035 = ADVANCED_FACE('',(#3036),#3047,.T.);
#3036 = FACE_BOUND('',#3037,.T.);
#3037 = EDGE_LOOP('',(#3038,#3039,#3040,#3041));
#3038 = ORIENTED_EDGE('',*,*,#1396,.F.);
#3039 = ORIENTED_EDGE('',*,*,#1296,.F.);
#3040 = ORIENTED_EDGE('',*,*,#2527,.T.);
#3041 = ORIENTED_EDGE('',*,*,#3042,.F.);
#3042 = EDGE_CURVE('',#1397,#2520,#3043,.T.);
#3043 = LINE('',#3044,#3045);
#3044 = CARTESIAN_POINT('',(-1.908943401704,2.520983257996,
    -2.261028396141E-15));
#3045 = VECTOR('',#3046,1.);
#3046 = DIRECTION('',(0.,0.,1.));
#3047 = CYLINDRICAL_SURFACE('',#3048,5.27775876139);
#3048 = AXIS2_PLACEMENT_3D('',#3049,#3050,#3051);
#3049 = CARTESIAN_POINT('',(-0.278027584179,7.540430552229,
    -2.261028396141E-15));
#3050 = DIRECTION('',(0.,0.,-1.));
#3051 = DIRECTION('',(1.,0.,0.));
#3052 = ADVANCED_FACE('',(#3053),#3069,.T.);
#3053 = FACE_BOUND('',#3054,.F.);
#3054 = EDGE_LOOP('',(#3055,#3056,#3062,#3063));
#3055 = ORIENTED_EDGE('',*,*,#1310,.F.);
#3056 = ORIENTED_EDGE('',*,*,#3057,.T.);
#3057 = EDGE_CURVE('',#1311,#2619,#3058,.T.);
#3058 = LINE('',#3059,#3060);
#3059 = CARTESIAN_POINT('',(-1.66,139.88,-2.845723656719E-14));
#3060 = VECTOR('',#3061,1.);
#3061 = DIRECTION('',(0.,4.440892098501E-16,1.));
#3062 = ORIENTED_EDGE('',*,*,#2626,.T.);
#3063 = ORIENTED_EDGE('',*,*,#3064,.F.);
#3064 = EDGE_CURVE('',#1313,#2627,#3065,.T.);
#3065 = LINE('',#3066,#3067);
#3066 = CARTESIAN_POINT('',(2.14,139.88,-2.845723656719E-14));
#3067 = VECTOR('',#3068,1.);
#3068 = DIRECTION('',(0.,4.440892098501E-16,1.));
#3069 = PLANE('',#3070);
#3070 = AXIS2_PLACEMENT_3D('',#3071,#3072,#3073);
#3071 = CARTESIAN_POINT('',(-2.86,139.88,-2.845723656719E-14));
#3072 = DIRECTION('',(0.,-1.,4.440892098501E-16));
#3073 = DIRECTION('',(-1.,-0.,-0.));
#3074 = ADVANCED_FACE('',(#3075),#3086,.F.);
#3075 = FACE_BOUND('',#3076,.F.);
#3076 = EDGE_LOOP('',(#3077,#3078,#3079,#3080));
#3077 = ORIENTED_EDGE('',*,*,#1773,.F.);
#3078 = ORIENTED_EDGE('',*,*,#3064,.T.);
#3079 = ORIENTED_EDGE('',*,*,#2634,.T.);
#3080 = ORIENTED_EDGE('',*,*,#3081,.F.);
#3081 = EDGE_CURVE('',#1766,#2635,#3082,.T.);
#3082 = LINE('',#3083,#3084);
#3083 = CARTESIAN_POINT('',(3.14,138.88,-2.801314735734E-14));
#3084 = VECTOR('',#3085,1.);
#3085 = DIRECTION('',(0.,4.440892098501E-16,1.));
#3086 = PLANE('',#3087);
#3087 = AXIS2_PLACEMENT_3D('',#3088,#3089,#3090);
#3088 = CARTESIAN_POINT('',(2.64,139.38,-2.823519196227E-14));
#3089 = DIRECTION('',(0.707106781187,0.707106781187,0.));
#3090 = DIRECTION('',(-2.22044604925E-16,2.22044604925E-16,1.));
#3091 = ADVANCED_FACE('',(#3092),#3103,.T.);
#3092 = FACE_BOUND('',#3093,.F.);
#3093 = EDGE_LOOP('',(#3094,#3095,#3101,#3102));
#3094 = ORIENTED_EDGE('',*,*,#1320,.F.);
#3095 = ORIENTED_EDGE('',*,*,#3096,.T.);
#3096 = EDGE_CURVE('',#1321,#2611,#3097,.T.);
#3097 = LINE('',#3098,#3099);
#3098 = CARTESIAN_POINT('',(-2.86,141.08,-2.899014361901E-14));
#3099 = VECTOR('',#3100,1.);
#3100 = DIRECTION('',(0.,4.440892098501E-16,1.));
#3101 = ORIENTED_EDGE('',*,*,#2618,.T.);
#3102 = ORIENTED_EDGE('',*,*,#3057,.F.);
#3103 = PLANE('',#3104);
#3104 = AXIS2_PLACEMENT_3D('',#3105,#3106,#3107);
#3105 = CARTESIAN_POINT('',(-2.26,140.48,-2.87236900931E-14));
#3106 = DIRECTION('',(-0.707106781187,-0.707106781187,0.));
#3107 = DIRECTION('',(2.22044604925E-16,-2.22044604925E-16,-1.));
#3108 = ADVANCED_FACE('',(#3109),#3120,.F.);
#3109 = FACE_BOUND('',#3110,.F.);
#3110 = EDGE_LOOP('',(#3111,#3112,#3113,#3114));
#3111 = ORIENTED_EDGE('',*,*,#1765,.F.);
#3112 = ORIENTED_EDGE('',*,*,#3081,.T.);
#3113 = ORIENTED_EDGE('',*,*,#2642,.F.);
#3114 = ORIENTED_EDGE('',*,*,#3115,.F.);
#3115 = EDGE_CURVE('',#1758,#2643,#3116,.T.);
#3116 = LINE('',#3117,#3118);
#3117 = CARTESIAN_POINT('',(3.14,129.78,-2.397193554771E-14));
#3118 = VECTOR('',#3119,1.);
#3119 = DIRECTION('',(0.,4.440892098501E-16,1.));
#3120 = PLANE('',#3121);
#3121 = AXIS2_PLACEMENT_3D('',#3122,#3123,#3124);
#3122 = CARTESIAN_POINT('',(3.14,149.33,0.));
#3123 = DIRECTION('',(1.,0.,0.));
#3124 = DIRECTION('',(0.,-1.,0.));
#3125 = ADVANCED_FACE('',(#3126),#3137,.T.);
#3126 = FACE_BOUND('',#3127,.F.);
#3127 = EDGE_LOOP('',(#3128,#3129,#3135,#3136));
#3128 = ORIENTED_EDGE('',*,*,#1328,.F.);
#3129 = ORIENTED_EDGE('',*,*,#3130,.T.);
#3130 = EDGE_CURVE('',#1329,#2603,#3131,.T.);
#3131 = LINE('',#3132,#3133);
#3132 = CARTESIAN_POINT('',(-2.86,148.77,-3.46662180389E-14));
#3133 = VECTOR('',#3134,1.);
#3134 = DIRECTION('',(0.,4.440892098501E-16,1.));
#3135 = ORIENTED_EDGE('',*,*,#2610,.T.);
#3136 = ORIENTED_EDGE('',*,*,#3096,.F.);
#3137 = PLANE('',#3138);
#3138 = AXIS2_PLACEMENT_3D('',#3139,#3140,#3141);
#3139 = CARTESIAN_POINT('',(-2.86,149.33,-3.265387960028E-14));
#3140 = DIRECTION('',(-1.,0.,0.));
#3141 = DIRECTION('',(0.,1.,-4.440892098501E-16));
#3142 = ADVANCED_FACE('',(#3143),#3154,.F.);
#3143 = FACE_BOUND('',#3144,.F.);
#3144 = EDGE_LOOP('',(#3145,#3146,#3147,#3148));
#3145 = ORIENTED_EDGE('',*,*,#1757,.F.);
#3146 = ORIENTED_EDGE('',*,*,#3115,.T.);
#3147 = ORIENTED_EDGE('',*,*,#2650,.T.);
#3148 = ORIENTED_EDGE('',*,*,#3149,.F.);
#3149 = EDGE_CURVE('',#1750,#2651,#3150,.T.);
#3150 = LINE('',#3151,#3152);
#3151 = CARTESIAN_POINT('',(2.14,128.78,-2.352784633786E-14));
#3152 = VECTOR('',#3153,1.);
#3153 = DIRECTION('',(0.,4.440892098501E-16,1.));
#3154 = PLANE('',#3155);
#3155 = AXIS2_PLACEMENT_3D('',#3156,#3157,#3158);
#3156 = CARTESIAN_POINT('',(2.64,129.28,-2.374989094278E-14));
#3157 = DIRECTION('',(0.707106781187,-0.707106781187,0.));
#3158 = DIRECTION('',(2.22044604925E-16,2.22044604925E-16,1.));
#3159 = ADVANCED_FACE('',(#3160),#3171,.F.);
#3160 = FACE_BOUND('',#3161,.T.);
#3161 = EDGE_LOOP('',(#3162,#3163,#3164,#3165));
#3162 = ORIENTED_EDGE('',*,*,#1336,.F.);
#3163 = ORIENTED_EDGE('',*,*,#3130,.T.);
#3164 = ORIENTED_EDGE('',*,*,#2602,.F.);
#3165 = ORIENTED_EDGE('',*,*,#3166,.F.);
#3166 = EDGE_CURVE('',#1337,#2594,#3167,.T.);
#3167 = LINE('',#3168,#3169);
#3168 = CARTESIAN_POINT('',(-1.908943401704,149.079016742,
    -3.480344903969E-14));
#3169 = VECTOR('',#3170,1.);
#3170 = DIRECTION('',(0.,4.440892098501E-16,1.));
#3171 = PLANE('',#3172);
#3172 = AXIS2_PLACEMENT_3D('',#3173,#3174,#3175);
#3173 = CARTESIAN_POINT('',(-2.86,148.77,-3.46662180389E-14));
#3174 = DIRECTION('',(0.309016742004,-0.951056598296,4.223539732598E-16)
  );
#3175 = DIRECTION('',(-0.951056598296,-0.309016742004,1.372310007868E-16
    ));
#3176 = ADVANCED_FACE('',(#3177),#3188,.T.);
#3177 = FACE_BOUND('',#3178,.F.);
#3178 = EDGE_LOOP('',(#3179,#3180,#3181,#3182));
#3179 = ORIENTED_EDGE('',*,*,#1749,.F.);
#3180 = ORIENTED_EDGE('',*,*,#3149,.T.);
#3181 = ORIENTED_EDGE('',*,*,#2658,.T.);
#3182 = ORIENTED_EDGE('',*,*,#3183,.F.);
#3183 = EDGE_CURVE('',#1742,#2659,#3184,.T.);
#3184 = LINE('',#3185,#3186);
#3185 = CARTESIAN_POINT('',(-1.66,128.78,-2.352784633786E-14));
#3186 = VECTOR('',#3187,1.);
#3187 = DIRECTION('',(0.,4.440892098501E-16,1.));
#3188 = PLANE('',#3189);
#3189 = AXIS2_PLACEMENT_3D('',#3190,#3191,#3192);
#3190 = CARTESIAN_POINT('',(3.14,128.78,-2.352784633786E-14));
#3191 = DIRECTION('',(0.,1.,-4.440892098501E-16));
#3192 = DIRECTION('',(1.,0.,0.));
#3193 = ADVANCED_FACE('',(#3194),#3205,.T.);
#3194 = FACE_BOUND('',#3195,.F.);
#3195 = EDGE_LOOP('',(#3196,#3197,#3203,#3204));
#3196 = ORIENTED_EDGE('',*,*,#1344,.F.);
#3197 = ORIENTED_EDGE('',*,*,#3198,.F.);
#3198 = EDGE_CURVE('',#2586,#1345,#3199,.T.);
#3199 = LINE('',#3200,#3201);
#3200 = CARTESIAN_POINT('',(-0.556055168358,149.33,-3.491490799642E-14)
  );
#3201 = VECTOR('',#3202,1.);
#3202 = DIRECTION('',(-0.,-4.440892098501E-16,-1.));
#3203 = ORIENTED_EDGE('',*,*,#2593,.F.);
#3204 = ORIENTED_EDGE('',*,*,#3166,.F.);
#3205 = CYLINDRICAL_SURFACE('',#3206,5.27775876139);
#3206 = AXIS2_PLACEMENT_3D('',#3207,#3208,#3209);
#3207 = CARTESIAN_POINT('',(-0.278027584179,144.05956944777,
    -3.257436665691E-14));
#3208 = DIRECTION('',(-0.,-4.440892098501E-16,-1.));
#3209 = DIRECTION('',(1.,0.,0.));
#3210 = ADVANCED_FACE('',(#3211),#3222,.T.);
#3211 = FACE_BOUND('',#3212,.F.);
#3212 = EDGE_LOOP('',(#3213,#3214,#3215,#3216));
#3213 = ORIENTED_EDGE('',*,*,#1741,.F.);
#3214 = ORIENTED_EDGE('',*,*,#3183,.T.);
#3215 = ORIENTED_EDGE('',*,*,#2666,.T.);
#3216 = ORIENTED_EDGE('',*,*,#3217,.F.);
#3217 = EDGE_CURVE('',#1734,#2667,#3218,.T.);
#3218 = LINE('',#3219,#3220);
#3219 = CARTESIAN_POINT('',(-2.86,127.58,-2.299493928604E-14));
#3220 = VECTOR('',#3221,1.);
#3221 = DIRECTION('',(0.,4.440892098501E-16,1.));
#3222 = PLANE('',#3223);
#3223 = AXIS2_PLACEMENT_3D('',#3224,#3225,#3226);
#3224 = CARTESIAN_POINT('',(-2.26,128.18,-2.326139281195E-14));
#3225 = DIRECTION('',(-0.707106781187,0.707106781187,0.));
#3226 = DIRECTION('',(-2.22044604925E-16,-2.22044604925E-16,-1.));
#3227 = ADVANCED_FACE('',(#3228),#3239,.T.);
#3228 = FACE_BOUND('',#3229,.F.);
#3229 = EDGE_LOOP('',(#3230,#3231,#3237,#3238));
#3230 = ORIENTED_EDGE('',*,*,#1353,.F.);
#3231 = ORIENTED_EDGE('',*,*,#3232,.T.);
#3232 = EDGE_CURVE('',#1354,#2578,#3233,.T.);
#3233 = LINE('',#3234,#3235);
#3234 = CARTESIAN_POINT('',(0.,149.33,0.));
#3235 = VECTOR('',#3236,1.);
#3236 = DIRECTION('',(0.,0.,1.));
#3237 = ORIENTED_EDGE('',*,*,#2585,.T.);
#3238 = ORIENTED_EDGE('',*,*,#3198,.T.);
#3239 = PLANE('',#3240);
#3240 = AXIS2_PLACEMENT_3D('',#3241,#3242,#3243);
#3241 = CARTESIAN_POINT('',(3.14,149.33,-3.265387960028E-14));
#3242 = DIRECTION('',(0.,1.,-4.440892098501E-16));
#3243 = DIRECTION('',(1.,0.,0.));
#3244 = ADVANCED_FACE('',(#3245),#3256,.T.);
#3245 = FACE_BOUND('',#3246,.F.);
#3246 = EDGE_LOOP('',(#3247,#3248,#3249,#3250));
#3247 = ORIENTED_EDGE('',*,*,#1733,.F.);
#3248 = ORIENTED_EDGE('',*,*,#3217,.T.);
#3249 = ORIENTED_EDGE('',*,*,#2674,.T.);
#3250 = ORIENTED_EDGE('',*,*,#3251,.F.);
#3251 = EDGE_CURVE('',#1726,#2675,#3252,.T.);
#3252 = LINE('',#3253,#3254);
#3253 = CARTESIAN_POINT('',(-2.86,119.08,-1.922018100231E-14));
#3254 = VECTOR('',#3255,1.);
#3255 = DIRECTION('',(0.,4.440892098501E-16,1.));
#3256 = PLANE('',#3257);
#3257 = AXIS2_PLACEMENT_3D('',#3258,#3259,#3260);
#3258 = CARTESIAN_POINT('',(-2.86,128.78,-2.352784633786E-14));
#3259 = DIRECTION('',(-1.,0.,0.));
#3260 = DIRECTION('',(0.,1.,-4.440892098501E-16));
#3261 = ADVANCED_FACE('',(#3262),#3304,.T.);
#3262 = FACE_BOUND('',#3263,.T.);
#3263 = EDGE_LOOP('',(#3264,#3265,#3273,#3279,#3280,#3281,#3289,#3297,
    #3303));
#3264 = ORIENTED_EDGE('',*,*,#3232,.T.);
#3265 = ORIENTED_EDGE('',*,*,#3266,.T.);
#3266 = EDGE_CURVE('',#2578,#3267,#3269,.T.);
#3267 = VERTEX_POINT('',#3268);
#3268 = CARTESIAN_POINT('',(0.,149.33,1.09));
#3269 = LINE('',#3270,#3271);
#3270 = CARTESIAN_POINT('',(0.,149.33,0.));
#3271 = VECTOR('',#3272,1.);
#3272 = DIRECTION('',(0.,0.,1.));
#3273 = ORIENTED_EDGE('',*,*,#3274,.T.);
#3274 = EDGE_CURVE('',#3267,#2284,#3275,.T.);
#3275 = LINE('',#3276,#3277);
#3276 = CARTESIAN_POINT('',(0.,149.97,1.73));
#3277 = VECTOR('',#3278,1.);
#3278 = DIRECTION('',(0.,0.707106781187,0.707106781187));
#3279 = ORIENTED_EDGE('',*,*,#2291,.F.);
#3280 = ORIENTED_EDGE('',*,*,#2327,.F.);
#3281 = ORIENTED_EDGE('',*,*,#3282,.T.);
#3282 = EDGE_CURVE('',#2328,#3283,#3285,.T.);
#3283 = VERTEX_POINT('',#3284);
#3284 = CARTESIAN_POINT('',(-6.429395695524E-16,151.6,4.3));
#3285 = LINE('',#3286,#3287);
#3286 = CARTESIAN_POINT('',(0.,148.1,7.8));
#3287 = VECTOR('',#3288,1.);
#3288 = DIRECTION('',(0.,0.707106781187,-0.707106781187));
#3289 = ORIENTED_EDGE('',*,*,#3290,.F.);
#3290 = EDGE_CURVE('',#3291,#3283,#3293,.T.);
#3291 = VERTEX_POINT('',#3292);
#3292 = CARTESIAN_POINT('',(0.,151.6,2.17));
#3293 = LINE('',#3294,#3295);
#3294 = CARTESIAN_POINT('',(0.,151.6,0.));
#3295 = VECTOR('',#3296,1.);
#3296 = DIRECTION('',(0.,0.,1.));
#3297 = ORIENTED_EDGE('',*,*,#3298,.F.);
#3298 = EDGE_CURVE('',#1362,#3291,#3299,.T.);
#3299 = LINE('',#3300,#3301);
#3300 = CARTESIAN_POINT('',(0.,150.515,1.085));
#3301 = VECTOR('',#3302,1.);
#3302 = DIRECTION('',(0.,0.707106781187,0.707106781187));
#3303 = ORIENTED_EDGE('',*,*,#1361,.T.);
#3304 = PLANE('',#3305);
#3305 = AXIS2_PLACEMENT_3D('',#3306,#3307,#3308);
#3306 = CARTESIAN_POINT('',(0.,150.62850828691,2.348201313028));
#3307 = DIRECTION('',(-1.,-0.,-0.));
#3308 = DIRECTION('',(0.,0.,-1.));
#3309 = ADVANCED_FACE('',(#3310),#3321,.T.);
#3310 = FACE_BOUND('',#3311,.F.);
#3311 = EDGE_LOOP('',(#3312,#3313,#3314,#3315));
#3312 = ORIENTED_EDGE('',*,*,#1725,.F.);
#3313 = ORIENTED_EDGE('',*,*,#3251,.T.);
#3314 = ORIENTED_EDGE('',*,*,#2682,.T.);
#3315 = ORIENTED_EDGE('',*,*,#3316,.F.);
#3316 = EDGE_CURVE('',#1718,#2683,#3317,.T.);
#3317 = LINE('',#3318,#3319);
#3318 = CARTESIAN_POINT('',(-1.66,117.88,-1.868727395049E-14));
#3319 = VECTOR('',#3320,1.);
#3320 = DIRECTION('',(0.,4.440892098501E-16,1.));
#3321 = PLANE('',#3322);
#3322 = AXIS2_PLACEMENT_3D('',#3323,#3324,#3325);
#3323 = CARTESIAN_POINT('',(-2.26,118.48,-1.89537274764E-14));
#3324 = DIRECTION('',(-0.707106781187,-0.707106781187,0.));
#3325 = DIRECTION('',(2.22044604925E-16,-2.22044604925E-16,-1.));
#3326 = ADVANCED_FACE('',(#3327),#3343,.T.);
#3327 = FACE_BOUND('',#3328,.T.);
#3328 = EDGE_LOOP('',(#3329,#3335,#3336,#3337));
#3329 = ORIENTED_EDGE('',*,*,#3330,.F.);
#3330 = EDGE_CURVE('',#1370,#2437,#3331,.T.);
#3331 = LINE('',#3332,#3333);
#3332 = CARTESIAN_POINT('',(102.48,151.6,2.17));
#3333 = VECTOR('',#3334,1.);
#3334 = DIRECTION('',(4.329780281177E-17,0.707106781187,0.707106781187)
  );
#3335 = ORIENTED_EDGE('',*,*,#1369,.T.);
#3336 = ORIENTED_EDGE('',*,*,#3298,.T.);
#3337 = ORIENTED_EDGE('',*,*,#3338,.F.);
#3338 = EDGE_CURVE('',#2437,#3291,#3339,.T.);
#3339 = LINE('',#3340,#3341);
#3340 = CARTESIAN_POINT('',(102.48,151.6,2.17));
#3341 = VECTOR('',#3342,1.);
#3342 = DIRECTION('',(-1.,0.,0.));
#3343 = PLANE('',#3344);
#3344 = AXIS2_PLACEMENT_3D('',#3345,#3346,#3347);
#3345 = CARTESIAN_POINT('',(102.48,150.515,1.085));
#3346 = DIRECTION('',(0.,0.707106781187,-0.707106781187));
#3347 = DIRECTION('',(-1.,0.,0.));
#3348 = ADVANCED_FACE('',(#3349),#3360,.T.);
#3349 = FACE_BOUND('',#3350,.F.);
#3350 = EDGE_LOOP('',(#3351,#3352,#3353,#3354));
#3351 = ORIENTED_EDGE('',*,*,#1717,.F.);
#3352 = ORIENTED_EDGE('',*,*,#3316,.T.);
#3353 = ORIENTED_EDGE('',*,*,#2690,.T.);
#3354 = ORIENTED_EDGE('',*,*,#3355,.F.);
#3355 = EDGE_CURVE('',#1710,#2691,#3356,.T.);
#3356 = LINE('',#3357,#3358);
#3357 = CARTESIAN_POINT('',(2.14,117.88,-1.868727395049E-14));
#3358 = VECTOR('',#3359,1.);
#3359 = DIRECTION('',(0.,4.440892098501E-16,1.));
#3360 = PLANE('',#3361);
#3361 = AXIS2_PLACEMENT_3D('',#3362,#3363,#3364);
#3362 = CARTESIAN_POINT('',(-2.86,117.88,-1.868727395049E-14));
#3363 = DIRECTION('',(0.,-1.,4.440892098501E-16));
#3364 = DIRECTION('',(-1.,-0.,-0.));
#3365 = ADVANCED_FACE('',(#3366),#3372,.T.);
#3366 = FACE_BOUND('',#3367,.T.);
#3367 = EDGE_LOOP('',(#3368,#3369,#3370,#3371));
#3368 = ORIENTED_EDGE('',*,*,#2420,.F.);
#3369 = ORIENTED_EDGE('',*,*,#1377,.T.);
#3370 = ORIENTED_EDGE('',*,*,#3330,.T.);
#3371 = ORIENTED_EDGE('',*,*,#2436,.F.);
#3372 = CONICAL_SURFACE('',#3373,11.8,0.785398163397);
#3373 = AXIS2_PLACEMENT_3D('',#3374,#3375,#3376);
#3374 = CARTESIAN_POINT('',(102.48,139.8,2.17));
#3375 = DIRECTION('',(0.,0.,1.));
#3376 = DIRECTION('',(1.,0.,0.));
#3377 = ADVANCED_FACE('',(#3378),#3389,.F.);
#3378 = FACE_BOUND('',#3379,.F.);
#3379 = EDGE_LOOP('',(#3380,#3381,#3382,#3383));
#3380 = ORIENTED_EDGE('',*,*,#1709,.F.);
#3381 = ORIENTED_EDGE('',*,*,#3355,.T.);
#3382 = ORIENTED_EDGE('',*,*,#2698,.T.);
#3383 = ORIENTED_EDGE('',*,*,#3384,.F.);
#3384 = EDGE_CURVE('',#1702,#2699,#3385,.T.);
#3385 = LINE('',#3386,#3387);
#3386 = CARTESIAN_POINT('',(3.14,116.88,-1.824318474064E-14));
#3387 = VECTOR('',#3388,1.);
#3388 = DIRECTION('',(0.,4.440892098501E-16,1.));
#3389 = PLANE('',#3390);
#3390 = AXIS2_PLACEMENT_3D('',#3391,#3392,#3393);
#3391 = CARTESIAN_POINT('',(2.64,117.38,-1.846522934557E-14));
#3392 = DIRECTION('',(0.707106781187,0.707106781187,0.));
#3393 = DIRECTION('',(-2.22044604925E-16,2.22044604925E-16,1.));
#3394 = ADVANCED_FACE('',(#3395),#3406,.F.);
#3395 = FACE_BOUND('',#3396,.F.);
#3396 = EDGE_LOOP('',(#3397,#3398,#3399,#3400));
#3397 = ORIENTED_EDGE('',*,*,#1701,.F.);
#3398 = ORIENTED_EDGE('',*,*,#3384,.T.);
#3399 = ORIENTED_EDGE('',*,*,#2706,.F.);
#3400 = ORIENTED_EDGE('',*,*,#3401,.F.);
#3401 = EDGE_CURVE('',#1694,#2707,#3402,.T.);
#3402 = LINE('',#3403,#3404);
#3403 = CARTESIAN_POINT('',(3.14,107.78,-1.4201972931E-14));
#3404 = VECTOR('',#3405,1.);
#3405 = DIRECTION('',(0.,4.440892098501E-16,1.));
#3406 = PLANE('',#3407);
#3407 = AXIS2_PLACEMENT_3D('',#3408,#3409,#3410);
#3408 = CARTESIAN_POINT('',(3.14,149.33,0.));
#3409 = DIRECTION('',(1.,0.,0.));
#3410 = DIRECTION('',(0.,-1.,0.));
#3411 = ADVANCED_FACE('',(#3412),#3423,.F.);
#3412 = FACE_BOUND('',#3413,.F.);
#3413 = EDGE_LOOP('',(#3414,#3415,#3416,#3417));
#3414 = ORIENTED_EDGE('',*,*,#1693,.F.);
#3415 = ORIENTED_EDGE('',*,*,#3401,.T.);
#3416 = ORIENTED_EDGE('',*,*,#2714,.T.);
#3417 = ORIENTED_EDGE('',*,*,#3418,.F.);
#3418 = EDGE_CURVE('',#1686,#2715,#3419,.T.);
#3419 = LINE('',#3420,#3421);
#3420 = CARTESIAN_POINT('',(2.14,106.78,-1.375788372115E-14));
#3421 = VECTOR('',#3422,1.);
#3422 = DIRECTION('',(0.,4.440892098501E-16,1.));
#3423 = PLANE('',#3424);
#3424 = AXIS2_PLACEMENT_3D('',#3425,#3426,#3427);
#3425 = CARTESIAN_POINT('',(2.64,107.28,-1.397992832608E-14));
#3426 = DIRECTION('',(0.707106781187,-0.707106781187,0.));
#3427 = DIRECTION('',(2.22044604925E-16,2.22044604925E-16,1.));
#3428 = ADVANCED_FACE('',(#3429),#3440,.T.);
#3429 = FACE_BOUND('',#3430,.F.);
#3430 = EDGE_LOOP('',(#3431,#3432,#3433,#3434));
#3431 = ORIENTED_EDGE('',*,*,#1685,.F.);
#3432 = ORIENTED_EDGE('',*,*,#3418,.T.);
#3433 = ORIENTED_EDGE('',*,*,#2722,.T.);
#3434 = ORIENTED_EDGE('',*,*,#3435,.F.);
#3435 = EDGE_CURVE('',#1678,#2723,#3436,.T.);
#3436 = LINE('',#3437,#3438);
#3437 = CARTESIAN_POINT('',(-1.66,106.78,-1.375788372115E-14));
#3438 = VECTOR('',#3439,1.);
#3439 = DIRECTION('',(0.,4.440892098501E-16,1.));
#3440 = PLANE('',#3441);
#3441 = AXIS2_PLACEMENT_3D('',#3442,#3443,#3444);
#3442 = CARTESIAN_POINT('',(3.14,106.78,-1.375788372115E-14));
#3443 = DIRECTION('',(0.,1.,-4.440892098501E-16));
#3444 = DIRECTION('',(1.,0.,0.));
#3445 = ADVANCED_FACE('',(#3446),#3457,.T.);
#3446 = FACE_BOUND('',#3447,.F.);
#3447 = EDGE_LOOP('',(#3448,#3449,#3450,#3451));
#3448 = ORIENTED_EDGE('',*,*,#1677,.F.);
#3449 = ORIENTED_EDGE('',*,*,#3435,.T.);
#3450 = ORIENTED_EDGE('',*,*,#2730,.T.);
#3451 = ORIENTED_EDGE('',*,*,#3452,.F.);
#3452 = EDGE_CURVE('',#1670,#2731,#3453,.T.);
#3453 = LINE('',#3454,#3455);
#3454 = CARTESIAN_POINT('',(-2.86,105.58,-1.322497666933E-14));
#3455 = VECTOR('',#3456,1.);
#3456 = DIRECTION('',(0.,4.440892098501E-16,1.));
#3457 = PLANE('',#3458);
#3458 = AXIS2_PLACEMENT_3D('',#3459,#3460,#3461);
#3459 = CARTESIAN_POINT('',(-2.26,106.18,-1.349143019524E-14));
#3460 = DIRECTION('',(-0.707106781187,0.707106781187,0.));
#3461 = DIRECTION('',(-2.22044604925E-16,-2.22044604925E-16,-1.));
#3462 = ADVANCED_FACE('',(#3463),#3474,.T.);
#3463 = FACE_BOUND('',#3464,.F.);
#3464 = EDGE_LOOP('',(#3465,#3466,#3467,#3468));
#3465 = ORIENTED_EDGE('',*,*,#1669,.F.);
#3466 = ORIENTED_EDGE('',*,*,#3452,.T.);
#3467 = ORIENTED_EDGE('',*,*,#2738,.T.);
#3468 = ORIENTED_EDGE('',*,*,#3469,.F.);
#3469 = EDGE_CURVE('',#1662,#2739,#3470,.T.);
#3470 = LINE('',#3471,#3472);
#3471 = CARTESIAN_POINT('',(-2.86,95.68,-8.828493491819E-15));
#3472 = VECTOR('',#3473,1.);
#3473 = DIRECTION('',(0.,4.440892098501E-16,1.));
#3474 = PLANE('',#3475);
#3475 = AXIS2_PLACEMENT_3D('',#3476,#3477,#3478);
#3476 = CARTESIAN_POINT('',(-2.86,106.78,-1.375788372115E-14));
#3477 = DIRECTION('',(-1.,0.,0.));
#3478 = DIRECTION('',(0.,1.,-4.440892098501E-16));
#3479 = ADVANCED_FACE('',(#3480),#3491,.T.);
#3480 = FACE_BOUND('',#3481,.F.);
#3481 = EDGE_LOOP('',(#3482,#3483,#3484,#3485));
#3482 = ORIENTED_EDGE('',*,*,#1661,.F.);
#3483 = ORIENTED_EDGE('',*,*,#3469,.T.);
#3484 = ORIENTED_EDGE('',*,*,#2746,.T.);
#3485 = ORIENTED_EDGE('',*,*,#3486,.F.);
#3486 = EDGE_CURVE('',#1654,#2747,#3487,.T.);
#3487 = LINE('',#3488,#3489);
#3488 = CARTESIAN_POINT('',(-1.66,94.48,-8.295586439999E-15));
#3489 = VECTOR('',#3490,1.);
#3490 = DIRECTION('',(0.,4.440892098501E-16,1.));
#3491 = PLANE('',#3492);
#3492 = AXIS2_PLACEMENT_3D('',#3493,#3494,#3495);
#3493 = CARTESIAN_POINT('',(-2.26,95.08,-8.562039965909E-15));
#3494 = DIRECTION('',(-0.707106781187,-0.707106781187,0.));
#3495 = DIRECTION('',(2.22044604925E-16,-2.22044604925E-16,-1.));
#3496 = ADVANCED_FACE('',(#3497),#3508,.F.);
#3497 = FACE_BOUND('',#3498,.F.);
#3498 = EDGE_LOOP('',(#3499,#3500,#3506,#3507));
#3499 = ORIENTED_EDGE('',*,*,#1405,.F.);
#3500 = ORIENTED_EDGE('',*,*,#3501,.T.);
#3501 = EDGE_CURVE('',#1406,#2512,#3502,.T.);
#3502 = LINE('',#3503,#3504);
#3503 = CARTESIAN_POINT('',(-2.86,2.83,-2.261028396141E-15));
#3504 = VECTOR('',#3505,1.);
#3505 = DIRECTION('',(0.,0.,1.));
#3506 = ORIENTED_EDGE('',*,*,#2519,.F.);
#3507 = ORIENTED_EDGE('',*,*,#3042,.F.);
#3508 = PLANE('',#3509);
#3509 = AXIS2_PLACEMENT_3D('',#3510,#3511,#3512);
#3510 = CARTESIAN_POINT('',(-2.86,2.83,-2.261028396141E-15));
#3511 = DIRECTION('',(0.309016742004,0.951056598296,0.));
#3512 = DIRECTION('',(0.951056598296,-0.309016742004,0.));
#3513 = ADVANCED_FACE('',(#3514),#3525,.T.);
#3514 = FACE_BOUND('',#3515,.F.);
#3515 = EDGE_LOOP('',(#3516,#3517,#3518,#3519));
#3516 = ORIENTED_EDGE('',*,*,#1653,.F.);
#3517 = ORIENTED_EDGE('',*,*,#3486,.T.);
#3518 = ORIENTED_EDGE('',*,*,#2754,.T.);
#3519 = ORIENTED_EDGE('',*,*,#3520,.F.);
#3520 = EDGE_CURVE('',#1646,#2755,#3521,.T.);
#3521 = LINE('',#3522,#3523);
#3522 = CARTESIAN_POINT('',(2.14,94.48,-8.295586439999E-15));
#3523 = VECTOR('',#3524,1.);
#3524 = DIRECTION('',(0.,4.440892098501E-16,1.));
#3525 = PLANE('',#3526);
#3526 = AXIS2_PLACEMENT_3D('',#3527,#3528,#3529);
#3527 = CARTESIAN_POINT('',(-2.86,94.48,-8.295586439999E-15));
#3528 = DIRECTION('',(0.,-1.,4.440892098501E-16));
#3529 = DIRECTION('',(-1.,-0.,-0.));
#3530 = ADVANCED_FACE('',(#3531),#3542,.T.);
#3531 = FACE_BOUND('',#3532,.T.);
#3532 = EDGE_LOOP('',(#3533,#3534,#3535,#3536));
#3533 = ORIENTED_EDGE('',*,*,#1413,.F.);
#3534 = ORIENTED_EDGE('',*,*,#3501,.T.);
#3535 = ORIENTED_EDGE('',*,*,#2511,.T.);
#3536 = ORIENTED_EDGE('',*,*,#3537,.F.);
#3537 = EDGE_CURVE('',#1414,#2504,#3538,.T.);
#3538 = LINE('',#3539,#3540);
#3539 = CARTESIAN_POINT('',(-2.86,10.52,0.));
#3540 = VECTOR('',#3541,1.);
#3541 = DIRECTION('',(0.,0.,1.));
#3542 = PLANE('',#3543);
#3543 = AXIS2_PLACEMENT_3D('',#3544,#3545,#3546);
#3544 = CARTESIAN_POINT('',(-2.86,2.27,0.));
#3545 = DIRECTION('',(-1.,0.,0.));
#3546 = DIRECTION('',(0.,1.,0.));
#3547 = ADVANCED_FACE('',(#3548),#3559,.F.);
#3548 = FACE_BOUND('',#3549,.F.);
#3549 = EDGE_LOOP('',(#3550,#3551,#3552,#3553));
#3550 = ORIENTED_EDGE('',*,*,#1645,.F.);
#3551 = ORIENTED_EDGE('',*,*,#3520,.T.);
#3552 = ORIENTED_EDGE('',*,*,#2762,.T.);
#3553 = ORIENTED_EDGE('',*,*,#3554,.F.);
#3554 = EDGE_CURVE('',#1638,#2763,#3555,.T.);
#3555 = LINE('',#3556,#3557);
#3556 = CARTESIAN_POINT('',(3.14,93.48,-7.851497230149E-15));
#3557 = VECTOR('',#3558,1.);
#3558 = DIRECTION('',(0.,4.440892098501E-16,1.));
#3559 = PLANE('',#3560);
#3560 = AXIS2_PLACEMENT_3D('',#3561,#3562,#3563);
#3561 = CARTESIAN_POINT('',(2.64,93.98,-8.073541835074E-15));
#3562 = DIRECTION('',(0.707106781187,0.707106781187,0.));
#3563 = DIRECTION('',(-2.22044604925E-16,2.22044604925E-16,1.));
#3564 = ADVANCED_FACE('',(#3565),#3576,.T.);
#3565 = FACE_BOUND('',#3566,.F.);
#3566 = EDGE_LOOP('',(#3567,#3568,#3574,#3575));
#3567 = ORIENTED_EDGE('',*,*,#1421,.F.);
#3568 = ORIENTED_EDGE('',*,*,#3569,.T.);
#3569 = EDGE_CURVE('',#1422,#2494,#3570,.T.);
#3570 = LINE('',#3571,#3572);
#3571 = CARTESIAN_POINT('',(-1.66,11.72,0.));
#3572 = VECTOR('',#3573,1.);
#3573 = DIRECTION('',(0.,0.,1.));
#3574 = ORIENTED_EDGE('',*,*,#2503,.T.);
#3575 = ORIENTED_EDGE('',*,*,#3537,.F.);
#3576 = PLANE('',#3577);
#3577 = AXIS2_PLACEMENT_3D('',#3578,#3579,#3580);
#3578 = CARTESIAN_POINT('',(-2.26,11.12,0.));
#3579 = DIRECTION('',(-0.707106781187,0.707106781187,-1.407620945704E-17
    ));
#3580 = DIRECTION('',(9.953383160478E-18,-9.953383160478E-18,-1.));
#3581 = ADVANCED_FACE('',(#3582),#3593,.F.);
#3582 = FACE_BOUND('',#3583,.F.);
#3583 = EDGE_LOOP('',(#3584,#3585,#3586,#3587));
#3584 = ORIENTED_EDGE('',*,*,#1637,.F.);
#3585 = ORIENTED_EDGE('',*,*,#3554,.T.);
#3586 = ORIENTED_EDGE('',*,*,#2770,.F.);
#3587 = ORIENTED_EDGE('',*,*,#3588,.F.);
#3588 = EDGE_CURVE('',#1630,#2771,#3589,.T.);
#3589 = LINE('',#3590,#3591);
#3590 = CARTESIAN_POINT('',(3.14,82.98,-3.188560526723E-15));
#3591 = VECTOR('',#3592,1.);
#3592 = DIRECTION('',(0.,4.440892098501E-16,1.));
#3593 = PLANE('',#3594);
#3594 = AXIS2_PLACEMENT_3D('',#3595,#3596,#3597);
#3595 = CARTESIAN_POINT('',(3.14,149.33,0.));
#3596 = DIRECTION('',(1.,0.,0.));
#3597 = DIRECTION('',(0.,-1.,0.));
#3598 = ADVANCED_FACE('',(#3599),#3610,.T.);
#3599 = FACE_BOUND('',#3600,.T.);
#3600 = EDGE_LOOP('',(#3601,#3602,#3603,#3604));
#3601 = ORIENTED_EDGE('',*,*,#1429,.F.);
#3602 = ORIENTED_EDGE('',*,*,#3569,.T.);
#3603 = ORIENTED_EDGE('',*,*,#2493,.T.);
#3604 = ORIENTED_EDGE('',*,*,#3605,.F.);
#3605 = EDGE_CURVE('',#1430,#2496,#3606,.T.);
#3606 = LINE('',#3607,#3608);
#3607 = CARTESIAN_POINT('',(2.14,11.72,0.));
#3608 = VECTOR('',#3609,1.);
#3609 = DIRECTION('',(0.,0.,1.));
#3610 = PLANE('',#3611);
#3611 = AXIS2_PLACEMENT_3D('',#3612,#3613,#3614);
#3612 = CARTESIAN_POINT('',(-2.86,11.72,0.));
#3613 = DIRECTION('',(0.,1.,0.));
#3614 = DIRECTION('',(1.,0.,0.));
#3615 = ADVANCED_FACE('',(#3616),#3627,.F.);
#3616 = FACE_BOUND('',#3617,.F.);
#3617 = EDGE_LOOP('',(#3618,#3619,#3620,#3621));
#3618 = ORIENTED_EDGE('',*,*,#1629,.F.);
#3619 = ORIENTED_EDGE('',*,*,#3588,.T.);
#3620 = ORIENTED_EDGE('',*,*,#2778,.T.);
#3621 = ORIENTED_EDGE('',*,*,#3622,.F.);
#3622 = EDGE_CURVE('',#1622,#2779,#3623,.T.);
#3623 = LINE('',#3624,#3625);
#3624 = CARTESIAN_POINT('',(2.14,81.98,-2.744471316873E-15));
#3625 = VECTOR('',#3626,1.);
#3626 = DIRECTION('',(0.,4.440892098501E-16,1.));
#3627 = PLANE('',#3628);
#3628 = AXIS2_PLACEMENT_3D('',#3629,#3630,#3631);
#3629 = CARTESIAN_POINT('',(2.64,82.48,-2.966515921798E-15));
#3630 = DIRECTION('',(0.707106781187,-0.707106781187,0.));
#3631 = DIRECTION('',(2.22044604925E-16,2.22044604925E-16,1.));
#3632 = ADVANCED_FACE('',(#3633),#3644,.T.);
#3633 = FACE_BOUND('',#3634,.T.);
#3634 = EDGE_LOOP('',(#3635,#3636,#3637,#3638));
#3635 = ORIENTED_EDGE('',*,*,#1437,.F.);
#3636 = ORIENTED_EDGE('',*,*,#3605,.T.);
#3637 = ORIENTED_EDGE('',*,*,#2970,.T.);
#3638 = ORIENTED_EDGE('',*,*,#3639,.F.);
#3639 = EDGE_CURVE('',#1438,#2963,#3640,.T.);
#3640 = LINE('',#3641,#3642);
#3641 = CARTESIAN_POINT('',(3.14,12.72,0.));
#3642 = VECTOR('',#3643,1.);
#3643 = DIRECTION('',(0.,0.,1.));
#3644 = PLANE('',#3645);
#3645 = AXIS2_PLACEMENT_3D('',#3646,#3647,#3648);
#3646 = CARTESIAN_POINT('',(2.64,12.22,0.));
#3647 = DIRECTION('',(-0.707106781187,0.707106781187,0.));
#3648 = DIRECTION('',(0.,0.,1.));
#3649 = ADVANCED_FACE('',(#3650),#3661,.T.);
#3650 = FACE_BOUND('',#3651,.F.);
#3651 = EDGE_LOOP('',(#3652,#3653,#3654,#3655));
#3652 = ORIENTED_EDGE('',*,*,#1621,.F.);
#3653 = ORIENTED_EDGE('',*,*,#3622,.T.);
#3654 = ORIENTED_EDGE('',*,*,#2786,.T.);
#3655 = ORIENTED_EDGE('',*,*,#3656,.F.);
#3656 = EDGE_CURVE('',#1614,#2787,#3657,.T.);
#3657 = LINE('',#3658,#3659);
#3658 = CARTESIAN_POINT('',(-1.66,81.98,-2.747801985947E-15));
#3659 = VECTOR('',#3660,1.);
#3660 = DIRECTION('',(0.,4.440892098501E-16,1.));
#3661 = PLANE('',#3662);
#3662 = AXIS2_PLACEMENT_3D('',#3663,#3664,#3665);
#3663 = CARTESIAN_POINT('',(3.14,81.98,-2.744471316873E-15));
#3664 = DIRECTION('',(0.,1.,-4.440892098501E-16));
#3665 = DIRECTION('',(1.,0.,0.));
#3666 = ADVANCED_FACE('',(#3667),#3678,.F.);
#3667 = FACE_BOUND('',#3668,.F.);
#3668 = EDGE_LOOP('',(#3669,#3670,#3676,#3677));
#3669 = ORIENTED_EDGE('',*,*,#1445,.F.);
#3670 = ORIENTED_EDGE('',*,*,#3671,.T.);
#3671 = EDGE_CURVE('',#1446,#2955,#3672,.T.);
#3672 = LINE('',#3673,#3674);
#3673 = CARTESIAN_POINT('',(3.14,21.82,0.));
#3674 = VECTOR('',#3675,1.);
#3675 = DIRECTION('',(0.,0.,1.));
#3676 = ORIENTED_EDGE('',*,*,#2962,.F.);
#3677 = ORIENTED_EDGE('',*,*,#3639,.F.);
#3678 = PLANE('',#3679);
#3679 = AXIS2_PLACEMENT_3D('',#3680,#3681,#3682);
#3680 = CARTESIAN_POINT('',(3.14,149.33,0.));
#3681 = DIRECTION('',(1.,0.,0.));
#3682 = DIRECTION('',(0.,-1.,0.));
#3683 = ADVANCED_FACE('',(#3684),#3695,.F.);
#3684 = FACE_BOUND('',#3685,.F.);
#3685 = EDGE_LOOP('',(#3686,#3687,#3688,#3689));
#3686 = ORIENTED_EDGE('',*,*,#1613,.F.);
#3687 = ORIENTED_EDGE('',*,*,#3656,.T.);
#3688 = ORIENTED_EDGE('',*,*,#2794,.T.);
#3689 = ORIENTED_EDGE('',*,*,#3690,.F.);
#3690 = EDGE_CURVE('',#1606,#2795,#3691,.T.);
#3691 = LINE('',#3692,#3693);
#3692 = CARTESIAN_POINT('',(-2.86,80.78,-2.214894934127E-15));
#3693 = VECTOR('',#3694,1.);
#3694 = DIRECTION('',(0.,4.440892098501E-16,1.));
#3695 = PLANE('',#3696);
#3696 = AXIS2_PLACEMENT_3D('',#3697,#3698,#3699);
#3697 = CARTESIAN_POINT('',(-2.26,81.38,-2.481348460037E-15));
#3698 = DIRECTION('',(0.707106781187,-0.707106781187,0.));
#3699 = DIRECTION('',(2.22044604925E-16,2.22044604925E-16,1.));
#3700 = ADVANCED_FACE('',(#3701),#3712,.T.);
#3701 = FACE_BOUND('',#3702,.T.);
#3702 = EDGE_LOOP('',(#3703,#3704,#3705,#3706));
#3703 = ORIENTED_EDGE('',*,*,#1453,.F.);
#3704 = ORIENTED_EDGE('',*,*,#3671,.T.);
#3705 = ORIENTED_EDGE('',*,*,#2954,.T.);
#3706 = ORIENTED_EDGE('',*,*,#3707,.F.);
#3707 = EDGE_CURVE('',#1454,#2947,#3708,.T.);
#3708 = LINE('',#3709,#3710);
#3709 = CARTESIAN_POINT('',(2.14,22.82,0.));
#3710 = VECTOR('',#3711,1.);
#3711 = DIRECTION('',(0.,0.,1.));
#3712 = PLANE('',#3713);
#3713 = AXIS2_PLACEMENT_3D('',#3714,#3715,#3716);
#3714 = CARTESIAN_POINT('',(2.64,22.32,0.));
#3715 = DIRECTION('',(-0.707106781187,-0.707106781187,0.));
#3716 = DIRECTION('',(0.,0.,1.));
#3717 = ADVANCED_FACE('',(#3718),#3729,.T.);
#3718 = FACE_BOUND('',#3719,.T.);
#3719 = EDGE_LOOP('',(#3720,#3721,#3722,#3723));
#3720 = ORIENTED_EDGE('',*,*,#2802,.F.);
#3721 = ORIENTED_EDGE('',*,*,#3690,.F.);
#3722 = ORIENTED_EDGE('',*,*,#1605,.F.);
#3723 = ORIENTED_EDGE('',*,*,#3724,.T.);
#3724 = EDGE_CURVE('',#1598,#2803,#3725,.T.);
#3725 = LINE('',#3726,#3727);
#3726 = CARTESIAN_POINT('',(-2.86,70.82,0.));
#3727 = VECTOR('',#3728,1.);
#3728 = DIRECTION('',(0.,0.,1.));
#3729 = PLANE('',#3730);
#3730 = AXIS2_PLACEMENT_3D('',#3731,#3732,#3733);
#3731 = CARTESIAN_POINT('',(-2.86,75.8,0.5));
#3732 = DIRECTION('',(-1.,-0.,-0.));
#3733 = DIRECTION('',(0.,0.,-1.));
#3734 = ADVANCED_FACE('',(#3735),#3746,.T.);
#3735 = FACE_BOUND('',#3736,.T.);
#3736 = EDGE_LOOP('',(#3737,#3738,#3739,#3740));
#3737 = ORIENTED_EDGE('',*,*,#1461,.F.);
#3738 = ORIENTED_EDGE('',*,*,#3707,.T.);
#3739 = ORIENTED_EDGE('',*,*,#2946,.T.);
#3740 = ORIENTED_EDGE('',*,*,#3741,.F.);
#3741 = EDGE_CURVE('',#1462,#2939,#3742,.T.);
#3742 = LINE('',#3743,#3744);
#3743 = CARTESIAN_POINT('',(-1.66,22.82,0.));
#3744 = VECTOR('',#3745,1.);
#3745 = DIRECTION('',(0.,0.,1.));
#3746 = PLANE('',#3747);
#3747 = AXIS2_PLACEMENT_3D('',#3748,#3749,#3750);
#3748 = CARTESIAN_POINT('',(3.14,22.82,0.));
#3749 = DIRECTION('',(-0.,-1.,-0.));
#3750 = DIRECTION('',(-1.,0.,0.));
#3751 = ADVANCED_FACE('',(#3752),#3763,.T.);
#3752 = FACE_BOUND('',#3753,.F.);
#3753 = EDGE_LOOP('',(#3754,#3755,#3756,#3757));
#3754 = ORIENTED_EDGE('',*,*,#1597,.F.);
#3755 = ORIENTED_EDGE('',*,*,#3724,.T.);
#3756 = ORIENTED_EDGE('',*,*,#2810,.T.);
#3757 = ORIENTED_EDGE('',*,*,#3758,.F.);
#3758 = EDGE_CURVE('',#1590,#2811,#3759,.T.);
#3759 = LINE('',#3760,#3761);
#3760 = CARTESIAN_POINT('',(-1.66,69.62,0.));
#3761 = VECTOR('',#3762,1.);
#3762 = DIRECTION('',(0.,0.,1.));
#3763 = PLANE('',#3764);
#3764 = AXIS2_PLACEMENT_3D('',#3765,#3766,#3767);
#3765 = CARTESIAN_POINT('',(-2.26,70.22,0.));
#3766 = DIRECTION('',(-0.707106781187,-0.707106781187,0.));
#3767 = DIRECTION('',(-0.,-0.,-1.));
#3768 = ADVANCED_FACE('',(#3769),#3780,.T.);
#3769 = FACE_BOUND('',#3770,.F.);
#3770 = EDGE_LOOP('',(#3771,#3772,#3778,#3779));
#3771 = ORIENTED_EDGE('',*,*,#1469,.F.);
#3772 = ORIENTED_EDGE('',*,*,#3773,.T.);
#3773 = EDGE_CURVE('',#1470,#2931,#3774,.T.);
#3774 = LINE('',#3775,#3776);
#3775 = CARTESIAN_POINT('',(-2.86,24.02,0.));
#3776 = VECTOR('',#3777,1.);
#3777 = DIRECTION('',(0.,0.,1.));
#3778 = ORIENTED_EDGE('',*,*,#2938,.T.);
#3779 = ORIENTED_EDGE('',*,*,#3741,.F.);
#3780 = PLANE('',#3781);
#3781 = AXIS2_PLACEMENT_3D('',#3782,#3783,#3784);
#3782 = CARTESIAN_POINT('',(-2.26,23.42,0.));
#3783 = DIRECTION('',(-0.707106781187,-0.707106781187,1.407620945704E-17
    ));
#3784 = DIRECTION('',(-9.953383160478E-18,-9.953383160478E-18,-1.));
#3785 = ADVANCED_FACE('',(#3786),#3797,.T.);
#3786 = FACE_BOUND('',#3787,.T.);
#3787 = EDGE_LOOP('',(#3788,#3789,#3795,#3796));
#3788 = ORIENTED_EDGE('',*,*,#1589,.F.);
#3789 = ORIENTED_EDGE('',*,*,#3790,.T.);
#3790 = EDGE_CURVE('',#1582,#2819,#3791,.T.);
#3791 = LINE('',#3792,#3793);
#3792 = CARTESIAN_POINT('',(2.14,69.62,0.));
#3793 = VECTOR('',#3794,1.);
#3794 = DIRECTION('',(0.,0.,1.));
#3795 = ORIENTED_EDGE('',*,*,#2818,.T.);
#3796 = ORIENTED_EDGE('',*,*,#3758,.F.);
#3797 = PLANE('',#3798);
#3798 = AXIS2_PLACEMENT_3D('',#3799,#3800,#3801);
#3799 = CARTESIAN_POINT('',(3.14,69.62,0.));
#3800 = DIRECTION('',(-0.,-1.,-0.));
#3801 = DIRECTION('',(-1.,0.,0.));
#3802 = ADVANCED_FACE('',(#3803),#3814,.T.);
#3803 = FACE_BOUND('',#3804,.T.);
#3804 = EDGE_LOOP('',(#3805,#3806,#3807,#3808));
#3805 = ORIENTED_EDGE('',*,*,#1477,.F.);
#3806 = ORIENTED_EDGE('',*,*,#3773,.T.);
#3807 = ORIENTED_EDGE('',*,*,#2930,.T.);
#3808 = ORIENTED_EDGE('',*,*,#3809,.F.);
#3809 = EDGE_CURVE('',#1478,#2923,#3810,.T.);
#3810 = LINE('',#3811,#3812);
#3811 = CARTESIAN_POINT('',(-2.86,32.52,0.));
#3812 = VECTOR('',#3813,1.);
#3813 = DIRECTION('',(0.,0.,1.));
#3814 = PLANE('',#3815);
#3815 = AXIS2_PLACEMENT_3D('',#3816,#3817,#3818);
#3816 = CARTESIAN_POINT('',(-2.86,22.82,0.));
#3817 = DIRECTION('',(-1.,0.,0.));
#3818 = DIRECTION('',(0.,1.,0.));
#3819 = ADVANCED_FACE('',(#3820),#3831,.T.);
#3820 = FACE_BOUND('',#3821,.F.);
#3821 = EDGE_LOOP('',(#3822,#3823,#3824,#3825));
#3822 = ORIENTED_EDGE('',*,*,#1581,.F.);
#3823 = ORIENTED_EDGE('',*,*,#3790,.T.);
#3824 = ORIENTED_EDGE('',*,*,#2826,.T.);
#3825 = ORIENTED_EDGE('',*,*,#3826,.F.);
#3826 = EDGE_CURVE('',#1574,#2827,#3827,.T.);
#3827 = LINE('',#3828,#3829);
#3828 = CARTESIAN_POINT('',(3.14,68.62,0.));
#3829 = VECTOR('',#3830,1.);
#3830 = DIRECTION('',(0.,0.,1.));
#3831 = PLANE('',#3832);
#3832 = AXIS2_PLACEMENT_3D('',#3833,#3834,#3835);
#3833 = CARTESIAN_POINT('',(2.64,69.12,0.));
#3834 = DIRECTION('',(-0.707106781187,-0.707106781187,0.));
#3835 = DIRECTION('',(-0.,-0.,-1.));
#3836 = ADVANCED_FACE('',(#3837),#3848,.T.);
#3837 = FACE_BOUND('',#3838,.F.);
#3838 = EDGE_LOOP('',(#3839,#3840,#3846,#3847));
#3839 = ORIENTED_EDGE('',*,*,#1485,.F.);
#3840 = ORIENTED_EDGE('',*,*,#3841,.T.);
#3841 = EDGE_CURVE('',#1486,#2915,#3842,.T.);
#3842 = LINE('',#3843,#3844);
#3843 = CARTESIAN_POINT('',(-1.66,33.72,0.));
#3844 = VECTOR('',#3845,1.);
#3845 = DIRECTION('',(0.,0.,1.));
#3846 = ORIENTED_EDGE('',*,*,#2922,.T.);
#3847 = ORIENTED_EDGE('',*,*,#3809,.F.);
#3848 = PLANE('',#3849);
#3849 = AXIS2_PLACEMENT_3D('',#3850,#3851,#3852);
#3850 = CARTESIAN_POINT('',(-2.26,33.12,0.));
#3851 = DIRECTION('',(-0.707106781187,0.707106781187,0.));
#3852 = DIRECTION('',(-0.,-0.,-1.));
#3853 = ADVANCED_FACE('',(#3854),#3865,.F.);
#3854 = FACE_BOUND('',#3855,.F.);
#3855 = EDGE_LOOP('',(#3856,#3857,#3858,#3859));
#3856 = ORIENTED_EDGE('',*,*,#1573,.F.);
#3857 = ORIENTED_EDGE('',*,*,#3826,.T.);
#3858 = ORIENTED_EDGE('',*,*,#2834,.F.);
#3859 = ORIENTED_EDGE('',*,*,#3860,.F.);
#3860 = EDGE_CURVE('',#1566,#2835,#3861,.T.);
#3861 = LINE('',#3862,#3863);
#3862 = CARTESIAN_POINT('',(3.14,58.12,0.));
#3863 = VECTOR('',#3864,1.);
#3864 = DIRECTION('',(0.,0.,1.));
#3865 = PLANE('',#3866);
#3866 = AXIS2_PLACEMENT_3D('',#3867,#3868,#3869);
#3867 = CARTESIAN_POINT('',(3.14,149.33,0.));
#3868 = DIRECTION('',(1.,0.,0.));
#3869 = DIRECTION('',(0.,-1.,0.));
#3870 = ADVANCED_FACE('',(#3871),#3882,.T.);
#3871 = FACE_BOUND('',#3872,.T.);
#3872 = EDGE_LOOP('',(#3873,#3874,#3875,#3876));
#3873 = ORIENTED_EDGE('',*,*,#1493,.F.);
#3874 = ORIENTED_EDGE('',*,*,#3841,.T.);
#3875 = ORIENTED_EDGE('',*,*,#2914,.T.);
#3876 = ORIENTED_EDGE('',*,*,#3877,.F.);
#3877 = EDGE_CURVE('',#1494,#2907,#3878,.T.);
#3878 = LINE('',#3879,#3880);
#3879 = CARTESIAN_POINT('',(2.14,33.72,0.));
#3880 = VECTOR('',#3881,1.);
#3881 = DIRECTION('',(0.,0.,1.));
#3882 = PLANE('',#3883);
#3883 = AXIS2_PLACEMENT_3D('',#3884,#3885,#3886);
#3884 = CARTESIAN_POINT('',(-2.86,33.72,0.));
#3885 = DIRECTION('',(0.,1.,0.));
#3886 = DIRECTION('',(1.,0.,0.));
#3887 = ADVANCED_FACE('',(#3888),#3899,.T.);
#3888 = FACE_BOUND('',#3889,.F.);
#3889 = EDGE_LOOP('',(#3890,#3891,#3892,#3893));
#3890 = ORIENTED_EDGE('',*,*,#1565,.F.);
#3891 = ORIENTED_EDGE('',*,*,#3860,.T.);
#3892 = ORIENTED_EDGE('',*,*,#2842,.T.);
#3893 = ORIENTED_EDGE('',*,*,#3894,.F.);
#3894 = EDGE_CURVE('',#1558,#2843,#3895,.T.);
#3895 = LINE('',#3896,#3897);
#3896 = CARTESIAN_POINT('',(2.14,57.12,0.));
#3897 = VECTOR('',#3898,1.);
#3898 = DIRECTION('',(0.,0.,1.));
#3899 = PLANE('',#3900);
#3900 = AXIS2_PLACEMENT_3D('',#3901,#3902,#3903);
#3901 = CARTESIAN_POINT('',(2.64,57.62,0.));
#3902 = DIRECTION('',(-0.707106781187,0.707106781187,0.));
#3903 = DIRECTION('',(-0.,-0.,-1.));
#3904 = ADVANCED_FACE('',(#3905),#3916,.T.);
#3905 = FACE_BOUND('',#3906,.T.);
#3906 = EDGE_LOOP('',(#3907,#3908,#3909,#3910));
#3907 = ORIENTED_EDGE('',*,*,#1501,.F.);
#3908 = ORIENTED_EDGE('',*,*,#3877,.T.);
#3909 = ORIENTED_EDGE('',*,*,#2906,.T.);
#3910 = ORIENTED_EDGE('',*,*,#3911,.F.);
#3911 = EDGE_CURVE('',#1502,#2899,#3912,.T.);
#3912 = LINE('',#3913,#3914);
#3913 = CARTESIAN_POINT('',(3.14,34.72,0.));
#3914 = VECTOR('',#3915,1.);
#3915 = DIRECTION('',(0.,0.,1.));
#3916 = PLANE('',#3917);
#3917 = AXIS2_PLACEMENT_3D('',#3918,#3919,#3920);
#3918 = CARTESIAN_POINT('',(2.64,34.22,0.));
#3919 = DIRECTION('',(-0.707106781187,0.707106781187,0.));
#3920 = DIRECTION('',(0.,0.,1.));
#3921 = ADVANCED_FACE('',(#3922),#3933,.T.);
#3922 = FACE_BOUND('',#3923,.T.);
#3923 = EDGE_LOOP('',(#3924,#3925,#3931,#3932));
#3924 = ORIENTED_EDGE('',*,*,#1557,.F.);
#3925 = ORIENTED_EDGE('',*,*,#3926,.T.);
#3926 = EDGE_CURVE('',#1550,#2851,#3927,.T.);
#3927 = LINE('',#3928,#3929);
#3928 = CARTESIAN_POINT('',(-1.66,57.12,0.));
#3929 = VECTOR('',#3930,1.);
#3930 = DIRECTION('',(0.,0.,1.));
#3931 = ORIENTED_EDGE('',*,*,#2850,.T.);
#3932 = ORIENTED_EDGE('',*,*,#3894,.F.);
#3933 = PLANE('',#3934);
#3934 = AXIS2_PLACEMENT_3D('',#3935,#3936,#3937);
#3935 = CARTESIAN_POINT('',(-2.86,57.12,0.));
#3936 = DIRECTION('',(0.,1.,0.));
#3937 = DIRECTION('',(1.,0.,0.));
#3938 = ADVANCED_FACE('',(#3939),#3950,.F.);
#3939 = FACE_BOUND('',#3940,.F.);
#3940 = EDGE_LOOP('',(#3941,#3942,#3948,#3949));
#3941 = ORIENTED_EDGE('',*,*,#1509,.F.);
#3942 = ORIENTED_EDGE('',*,*,#3943,.T.);
#3943 = EDGE_CURVE('',#1510,#2891,#3944,.T.);
#3944 = LINE('',#3945,#3946);
#3945 = CARTESIAN_POINT('',(3.14,43.82,0.));
#3946 = VECTOR('',#3947,1.);
#3947 = DIRECTION('',(0.,0.,1.));
#3948 = ORIENTED_EDGE('',*,*,#2898,.F.);
#3949 = ORIENTED_EDGE('',*,*,#3911,.F.);
#3950 = PLANE('',#3951);
#3951 = AXIS2_PLACEMENT_3D('',#3952,#3953,#3954);
#3952 = CARTESIAN_POINT('',(3.14,149.33,0.));
#3953 = DIRECTION('',(1.,0.,0.));
#3954 = DIRECTION('',(0.,-1.,0.));
#3955 = ADVANCED_FACE('',(#3956),#3967,.T.);
#3956 = FACE_BOUND('',#3957,.F.);
#3957 = EDGE_LOOP('',(#3958,#3959,#3960,#3961));
#3958 = ORIENTED_EDGE('',*,*,#1549,.F.);
#3959 = ORIENTED_EDGE('',*,*,#3926,.T.);
#3960 = ORIENTED_EDGE('',*,*,#2858,.T.);
#3961 = ORIENTED_EDGE('',*,*,#3962,.F.);
#3962 = EDGE_CURVE('',#1542,#2859,#3963,.T.);
#3963 = LINE('',#3964,#3965);
#3964 = CARTESIAN_POINT('',(-2.86,55.92,0.));
#3965 = VECTOR('',#3966,1.);
#3966 = DIRECTION('',(0.,0.,1.));
#3967 = PLANE('',#3968);
#3968 = AXIS2_PLACEMENT_3D('',#3969,#3970,#3971);
#3969 = CARTESIAN_POINT('',(-2.26,56.52,0.));
#3970 = DIRECTION('',(-0.707106781187,0.707106781187,0.));
#3971 = DIRECTION('',(-0.,-0.,-1.));
#3972 = ADVANCED_FACE('',(#3973),#3984,.T.);
#3973 = FACE_BOUND('',#3974,.T.);
#3974 = EDGE_LOOP('',(#3975,#3976,#3977,#3978));
#3975 = ORIENTED_EDGE('',*,*,#1517,.F.);
#3976 = ORIENTED_EDGE('',*,*,#3943,.T.);
#3977 = ORIENTED_EDGE('',*,*,#2890,.T.);
#3978 = ORIENTED_EDGE('',*,*,#3979,.F.);
#3979 = EDGE_CURVE('',#1518,#2883,#3980,.T.);
#3980 = LINE('',#3981,#3982);
#3981 = CARTESIAN_POINT('',(2.14,44.82,0.));
#3982 = VECTOR('',#3983,1.);
#3983 = DIRECTION('',(0.,0.,1.));
#3984 = PLANE('',#3985);
#3985 = AXIS2_PLACEMENT_3D('',#3986,#3987,#3988);
#3986 = CARTESIAN_POINT('',(2.64,44.32,0.));
#3987 = DIRECTION('',(-0.707106781187,-0.707106781187,0.));
#3988 = DIRECTION('',(0.,0.,1.));
#3989 = ADVANCED_FACE('',(#3990),#4001,.T.);
#3990 = FACE_BOUND('',#3991,.T.);
#3991 = EDGE_LOOP('',(#3992,#3993,#3999,#4000));
#3992 = ORIENTED_EDGE('',*,*,#1541,.F.);
#3993 = ORIENTED_EDGE('',*,*,#3994,.T.);
#3994 = EDGE_CURVE('',#1534,#2867,#3995,.T.);
#3995 = LINE('',#3996,#3997);
#3996 = CARTESIAN_POINT('',(-2.86,46.02,0.));
#3997 = VECTOR('',#3998,1.);
#3998 = DIRECTION('',(0.,0.,1.));
#3999 = ORIENTED_EDGE('',*,*,#2866,.T.);
#4000 = ORIENTED_EDGE('',*,*,#3962,.F.);
#4001 = PLANE('',#4002);
#4002 = AXIS2_PLACEMENT_3D('',#4003,#4004,#4005);
#4003 = CARTESIAN_POINT('',(-2.86,44.82,0.));
#4004 = DIRECTION('',(-1.,0.,0.));
#4005 = DIRECTION('',(0.,1.,0.));
#4006 = ADVANCED_FACE('',(#4007),#4018,.T.);
#4007 = FACE_BOUND('',#4008,.T.);
#4008 = EDGE_LOOP('',(#4009,#4010,#4011,#4012));
#4009 = ORIENTED_EDGE('',*,*,#1525,.F.);
#4010 = ORIENTED_EDGE('',*,*,#3979,.T.);
#4011 = ORIENTED_EDGE('',*,*,#2882,.T.);
#4012 = ORIENTED_EDGE('',*,*,#4013,.F.);
#4013 = EDGE_CURVE('',#1526,#2875,#4014,.T.);
#4014 = LINE('',#4015,#4016);
#4015 = CARTESIAN_POINT('',(-1.66,44.82,0.));
#4016 = VECTOR('',#4017,1.);
#4017 = DIRECTION('',(0.,0.,1.));
#4018 = PLANE('',#4019);
#4019 = AXIS2_PLACEMENT_3D('',#4020,#4021,#4022);
#4020 = CARTESIAN_POINT('',(3.14,44.82,0.));
#4021 = DIRECTION('',(-0.,-1.,-0.));
#4022 = DIRECTION('',(-1.,0.,0.));
#4023 = ADVANCED_FACE('',(#4024),#4030,.T.);
#4024 = FACE_BOUND('',#4025,.F.);
#4025 = EDGE_LOOP('',(#4026,#4027,#4028,#4029));
#4026 = ORIENTED_EDGE('',*,*,#1533,.F.);
#4027 = ORIENTED_EDGE('',*,*,#3994,.T.);
#4028 = ORIENTED_EDGE('',*,*,#2874,.T.);
#4029 = ORIENTED_EDGE('',*,*,#4013,.F.);
#4030 = PLANE('',#4031);
#4031 = AXIS2_PLACEMENT_3D('',#4032,#4033,#4034);
#4032 = CARTESIAN_POINT('',(-2.26,45.42,0.));
#4033 = DIRECTION('',(-0.707106781187,-0.707106781187,0.));
#4034 = DIRECTION('',(-0.,-0.,-1.));
#4035 = ADVANCED_FACE('',(#4036),#4055,.F.);
#4036 = FACE_BOUND('',#4037,.T.);
#4037 = EDGE_LOOP('',(#4038,#4046,#4047,#4048));
#4038 = ORIENTED_EDGE('',*,*,#4039,.F.);
#4039 = EDGE_CURVE('',#1782,#4040,#4042,.T.);
#4040 = VERTEX_POINT('',#4041);
#4041 = CARTESIAN_POINT('',(103.98,11.8,1.8));
#4042 = LINE('',#4043,#4044);
#4043 = CARTESIAN_POINT('',(103.98,11.8,1.8));
#4044 = VECTOR('',#4045,1.);
#4045 = DIRECTION('',(-0.707106781187,0.,0.707106781187));
#4046 = ORIENTED_EDGE('',*,*,#1781,.T.);
#4047 = ORIENTED_EDGE('',*,*,#4039,.T.);
#4048 = ORIENTED_EDGE('',*,*,#4049,.F.);
#4049 = EDGE_CURVE('',#4040,#4040,#4050,.T.);
#4050 = CIRCLE('',#4051,1.5);
#4051 = AXIS2_PLACEMENT_3D('',#4052,#4053,#4054);
#4052 = CARTESIAN_POINT('',(102.48,11.8,1.8));
#4053 = DIRECTION('',(0.,0.,-1.));
#4054 = DIRECTION('',(1.,0.,0.));
#4055 = CONICAL_SURFACE('',#4056,1.5,0.785398163397);
#4056 = AXIS2_PLACEMENT_3D('',#4057,#4058,#4059);
#4057 = CARTESIAN_POINT('',(102.48,11.8,1.8));
#4058 = DIRECTION('',(-0.,-0.,-1.));
#4059 = DIRECTION('',(1.,0.,0.));
#4060 = ADVANCED_FACE('',(#4061),#4080,.F.);
#4061 = FACE_BOUND('',#4062,.T.);
#4062 = EDGE_LOOP('',(#4063,#4071,#4072,#4073));
#4063 = ORIENTED_EDGE('',*,*,#4064,.F.);
#4064 = EDGE_CURVE('',#1793,#4065,#4067,.T.);
#4065 = VERTEX_POINT('',#4066);
#4066 = CARTESIAN_POINT('',(16.68,11.8,1.8));
#4067 = LINE('',#4068,#4069);
#4068 = CARTESIAN_POINT('',(16.68,11.8,1.8));
#4069 = VECTOR('',#4070,1.);
#4070 = DIRECTION('',(-0.707106781187,0.,0.707106781187));
#4071 = ORIENTED_EDGE('',*,*,#1792,.T.);
#4072 = ORIENTED_EDGE('',*,*,#4064,.T.);
#4073 = ORIENTED_EDGE('',*,*,#4074,.F.);
#4074 = EDGE_CURVE('',#4065,#4065,#4075,.T.);
#4075 = CIRCLE('',#4076,1.5);
#4076 = AXIS2_PLACEMENT_3D('',#4077,#4078,#4079);
#4077 = CARTESIAN_POINT('',(15.18,11.8,1.8));
#4078 = DIRECTION('',(0.,0.,-1.));
#4079 = DIRECTION('',(1.,0.,0.));
#4080 = CONICAL_SURFACE('',#4081,1.5,0.785398163397);
#4081 = AXIS2_PLACEMENT_3D('',#4082,#4083,#4084);
#4082 = CARTESIAN_POINT('',(15.18,11.8,1.8));
#4083 = DIRECTION('',(-0.,-0.,-1.));
#4084 = DIRECTION('',(1.,0.,0.));
#4085 = ADVANCED_FACE('',(#4086),#4105,.F.);
#4086 = FACE_BOUND('',#4087,.T.);
#4087 = EDGE_LOOP('',(#4088,#4096,#4097,#4098));
#4088 = ORIENTED_EDGE('',*,*,#4089,.F.);
#4089 = EDGE_CURVE('',#1804,#4090,#4092,.T.);
#4090 = VERTEX_POINT('',#4091);
#4091 = CARTESIAN_POINT('',(103.98,139.8,1.8));
#4092 = LINE('',#4093,#4094);
#4093 = CARTESIAN_POINT('',(103.98,139.8,1.8));
#4094 = VECTOR('',#4095,1.);
#4095 = DIRECTION('',(-0.707106781187,0.,0.707106781187));
#4096 = ORIENTED_EDGE('',*,*,#1803,.T.);
#4097 = ORIENTED_EDGE('',*,*,#4089,.T.);
#4098 = ORIENTED_EDGE('',*,*,#4099,.F.);
#4099 = EDGE_CURVE('',#4090,#4090,#4100,.T.);
#4100 = CIRCLE('',#4101,1.5);
#4101 = AXIS2_PLACEMENT_3D('',#4102,#4103,#4104);
#4102 = CARTESIAN_POINT('',(102.48,139.8,1.8));
#4103 = DIRECTION('',(0.,0.,-1.));
#4104 = DIRECTION('',(1.,0.,0.));
#4105 = CONICAL_SURFACE('',#4106,1.5,0.785398163397);
#4106 = AXIS2_PLACEMENT_3D('',#4107,#4108,#4109);
#4107 = CARTESIAN_POINT('',(102.48,139.8,1.8));
#4108 = DIRECTION('',(-0.,-0.,-1.));
#4109 = DIRECTION('',(1.,0.,0.));
#4110 = ADVANCED_FACE('',(#4111),#4130,.F.);
#4111 = FACE_BOUND('',#4112,.T.);
#4112 = EDGE_LOOP('',(#4113,#4121,#4122,#4123));
#4113 = ORIENTED_EDGE('',*,*,#4114,.F.);
#4114 = EDGE_CURVE('',#1815,#4115,#4117,.T.);
#4115 = VERTEX_POINT('',#4116);
#4116 = CARTESIAN_POINT('',(16.68,139.8,1.8));
#4117 = LINE('',#4118,#4119);
#4118 = CARTESIAN_POINT('',(16.68,139.8,1.8));
#4119 = VECTOR('',#4120,1.);
#4120 = DIRECTION('',(-0.707106781187,0.,0.707106781187));
#4121 = ORIENTED_EDGE('',*,*,#1814,.T.);
#4122 = ORIENTED_EDGE('',*,*,#4114,.T.);
#4123 = ORIENTED_EDGE('',*,*,#4124,.F.);
#4124 = EDGE_CURVE('',#4115,#4115,#4125,.T.);
#4125 = CIRCLE('',#4126,1.5);
#4126 = AXIS2_PLACEMENT_3D('',#4127,#4128,#4129);
#4127 = CARTESIAN_POINT('',(15.18,139.8,1.8));
#4128 = DIRECTION('',(0.,0.,-1.));
#4129 = DIRECTION('',(1.,0.,0.));
#4130 = CONICAL_SURFACE('',#4131,1.5,0.785398163397);
#4131 = AXIS2_PLACEMENT_3D('',#4132,#4133,#4134);
#4132 = CARTESIAN_POINT('',(15.18,139.8,1.8));
#4133 = DIRECTION('',(-0.,-0.,-1.));
#4134 = DIRECTION('',(1.,0.,0.));
#4135 = ADVANCED_FACE('',(#4136),#4155,.F.);
#4136 = FACE_BOUND('',#4137,.F.);
#4137 = EDGE_LOOP('',(#4138,#4146,#4153,#4154));
#4138 = ORIENTED_EDGE('',*,*,#4139,.F.);
#4139 = EDGE_CURVE('',#4140,#2471,#4142,.T.);
#4140 = VERTEX_POINT('',#4141);
#4141 = CARTESIAN_POINT('',(113.47999999995,11.799967362506,6.95));
#4142 = LINE('',#4143,#4144);
#4143 = CARTESIAN_POINT('',(113.47999999997,11.799967362506,7.8));
#4144 = VECTOR('',#4145,1.);
#4145 = DIRECTION('',(-0.,-0.,-1.));
#4146 = ORIENTED_EDGE('',*,*,#4147,.F.);
#4147 = EDGE_CURVE('',#1832,#4140,#4148,.T.);
#4148 = CIRCLE('',#4149,11.);
#4149 = AXIS2_PLACEMENT_3D('',#4150,#4151,#4152);
#4150 = CARTESIAN_POINT('',(102.48,11.8,6.95));
#4151 = DIRECTION('',(-0.,0.,1.));
#4152 = DIRECTION('',(0.,-1.,0.));
#4153 = ORIENTED_EDGE('',*,*,#1831,.T.);
#4154 = ORIENTED_EDGE('',*,*,#2478,.T.);
#4155 = CYLINDRICAL_SURFACE('',#4156,11.);
#4156 = AXIS2_PLACEMENT_3D('',#4157,#4158,#4159);
#4157 = CARTESIAN_POINT('',(102.48,11.8,7.8));
#4158 = DIRECTION('',(0.,0.,1.));
#4159 = DIRECTION('',(1.,0.,0.));
#4160 = ADVANCED_FACE('',(#4161),#4179,.F.);
#4161 = FACE_BOUND('',#4162,.F.);
#4162 = EDGE_LOOP('',(#4163,#4164,#4165,#4173));
#4163 = ORIENTED_EDGE('',*,*,#2099,.F.);
#4164 = ORIENTED_EDGE('',*,*,#1839,.T.);
#4165 = ORIENTED_EDGE('',*,*,#4166,.T.);
#4166 = EDGE_CURVE('',#1832,#4167,#4169,.T.);
#4167 = VERTEX_POINT('',#4168);
#4168 = CARTESIAN_POINT('',(102.48,1.55,7.7));
#4169 = LINE('',#4170,#4171);
#4170 = CARTESIAN_POINT('',(102.48,1.175,7.325));
#4171 = VECTOR('',#4172,1.);
#4172 = DIRECTION('',(3.988380504701E-17,0.707106781187,0.707106781187)
  );
#4173 = ORIENTED_EDGE('',*,*,#4174,.F.);
#4174 = EDGE_CURVE('',#2082,#4167,#4175,.T.);
#4175 = LINE('',#4176,#4177);
#4176 = CARTESIAN_POINT('',(8.,1.55,7.7));
#4177 = VECTOR('',#4178,1.);
#4178 = DIRECTION('',(1.,-5.640421801652E-17,0.));
#4179 = PLANE('',#4180);
#4180 = AXIS2_PLACEMENT_3D('',#4181,#4182,#4183);
#4181 = CARTESIAN_POINT('',(8.,1.175,7.325));
#4182 = DIRECTION('',(0.,-0.707106781187,0.707106781187));
#4183 = DIRECTION('',(1.,-2.820210900826E-17,-2.820210900826E-17));
#4184 = ADVANCED_FACE('',(#4185),#4227,.F.);
#4185 = FACE_BOUND('',#4186,.F.);
#4186 = EDGE_LOOP('',(#4187,#4188,#4189,#4198,#4206,#4215,#4221,#4222,
    #4223,#4224,#4225,#4226));
#4187 = ORIENTED_EDGE('',*,*,#2081,.F.);
#4188 = ORIENTED_EDGE('',*,*,#4174,.T.);
#4189 = ORIENTED_EDGE('',*,*,#4190,.T.);
#4190 = EDGE_CURVE('',#4167,#4191,#4193,.T.);
#4191 = VERTEX_POINT('',#4192);
#4192 = CARTESIAN_POINT('',(112.72999999995,11.79996958779,7.7));
#4193 = CIRCLE('',#4194,10.25);
#4194 = AXIS2_PLACEMENT_3D('',#4195,#4196,#4197);
#4195 = CARTESIAN_POINT('',(102.48,11.8,7.7));
#4196 = DIRECTION('',(-0.,0.,1.));
#4197 = DIRECTION('',(0.,-1.,0.));
#4198 = ORIENTED_EDGE('',*,*,#4199,.T.);
#4199 = EDGE_CURVE('',#4191,#4200,#4202,.T.);
#4200 = VERTEX_POINT('',#4201);
#4201 = CARTESIAN_POINT('',(112.73,139.8,7.7));
#4202 = LINE('',#4203,#4204);
#4203 = CARTESIAN_POINT('',(112.73,11.799967362506,7.7));
#4204 = VECTOR('',#4205,1.);
#4205 = DIRECTION('',(0.,1.,0.));
#4206 = ORIENTED_EDGE('',*,*,#4207,.T.);
#4207 = EDGE_CURVE('',#4200,#4208,#4210,.T.);
#4208 = VERTEX_POINT('',#4209);
#4209 = CARTESIAN_POINT('',(102.48,150.05,7.7));
#4210 = CIRCLE('',#4211,10.25);
#4211 = AXIS2_PLACEMENT_3D('',#4212,#4213,#4214);
#4212 = CARTESIAN_POINT('',(102.48,139.8,7.7));
#4213 = DIRECTION('',(0.,0.,1.));
#4214 = DIRECTION('',(1.,0.,0.));
#4215 = ORIENTED_EDGE('',*,*,#4216,.T.);
#4216 = EDGE_CURVE('',#4208,#2236,#4217,.T.);
#4217 = LINE('',#4218,#4219);
#4218 = CARTESIAN_POINT('',(102.48,150.05,7.7));
#4219 = VECTOR('',#4220,1.);
#4220 = DIRECTION('',(-1.,0.,0.));
#4221 = ORIENTED_EDGE('',*,*,#2235,.T.);
#4222 = ORIENTED_EDGE('',*,*,#2219,.T.);
#4223 = ORIENTED_EDGE('',*,*,#2187,.F.);
#4224 = ORIENTED_EDGE('',*,*,#2163,.F.);
#4225 = ORIENTED_EDGE('',*,*,#2138,.F.);
#4226 = ORIENTED_EDGE('',*,*,#2114,.F.);
#4227 = PLANE('',#4228);
#4228 = AXIS2_PLACEMENT_3D('',#4229,#4230,#4231);
#4229 = CARTESIAN_POINT('',(81.298738821604,75.799999621442,7.7));
#4230 = DIRECTION('',(0.,0.,1.));
#4231 = DIRECTION('',(1.,0.,0.));
#4232 = ADVANCED_FACE('',(#4233),#4244,.F.);
#4233 = FACE_BOUND('',#4234,.F.);
#4234 = EDGE_LOOP('',(#4235,#4241,#4242,#4243));
#4235 = ORIENTED_EDGE('',*,*,#4236,.F.);
#4236 = EDGE_CURVE('',#2268,#4208,#4237,.T.);
#4237 = LINE('',#4238,#4239);
#4238 = CARTESIAN_POINT('',(102.48,150.8,6.95));
#4239 = VECTOR('',#4240,1.);
#4240 = DIRECTION('',(-3.573162945485E-16,-0.707106781187,0.707106781187
    ));
#4241 = ORIENTED_EDGE('',*,*,#2267,.T.);
#4242 = ORIENTED_EDGE('',*,*,#2253,.T.);
#4243 = ORIENTED_EDGE('',*,*,#4216,.F.);
#4244 = PLANE('',#4245);
#4245 = AXIS2_PLACEMENT_3D('',#4246,#4247,#4248);
#4246 = CARTESIAN_POINT('',(102.48,150.425,7.325));
#4247 = DIRECTION('',(0.,0.707106781187,0.707106781187));
#4248 = DIRECTION('',(-1.,0.,0.));
#4249 = ADVANCED_FACE('',(#4250),#4275,.T.);
#4250 = FACE_BOUND('',#4251,.F.);
#4251 = EDGE_LOOP('',(#4252,#4258,#4259,#4267,#4273,#4274));
#4252 = ORIENTED_EDGE('',*,*,#4253,.F.);
#4253 = EDGE_CURVE('',#2553,#2276,#4254,.T.);
#4254 = LINE('',#4255,#4256);
#4255 = CARTESIAN_POINT('',(102.48,150.8,2.56));
#4256 = VECTOR('',#4257,1.);
#4257 = DIRECTION('',(3.573162945485E-16,0.707106781187,0.707106781187)
  );
#4258 = ORIENTED_EDGE('',*,*,#2561,.T.);
#4259 = ORIENTED_EDGE('',*,*,#4260,.F.);
#4260 = EDGE_CURVE('',#4261,#2562,#4263,.T.);
#4261 = VERTEX_POINT('',#4262);
#4262 = CARTESIAN_POINT('',(3.14,149.33,1.09));
#4263 = LINE('',#4264,#4265);
#4264 = CARTESIAN_POINT('',(3.14,149.4025,1.1625));
#4265 = VECTOR('',#4266,1.);
#4266 = DIRECTION('',(0.,-0.707106781187,-0.707106781187));
#4267 = ORIENTED_EDGE('',*,*,#4268,.F.);
#4268 = EDGE_CURVE('',#3267,#4261,#4269,.T.);
#4269 = LINE('',#4270,#4271);
#4270 = CARTESIAN_POINT('',(51.24,149.33,1.09));
#4271 = VECTOR('',#4272,1.);
#4272 = DIRECTION('',(1.,0.,0.));
#4273 = ORIENTED_EDGE('',*,*,#3274,.T.);
#4274 = ORIENTED_EDGE('',*,*,#2283,.F.);
#4275 = PLANE('',#4276);
#4276 = AXIS2_PLACEMENT_3D('',#4277,#4278,#4279);
#4277 = CARTESIAN_POINT('',(102.48,150.02,1.78));
#4278 = DIRECTION('',(0.,-0.707106781187,0.707106781187));
#4279 = DIRECTION('',(1.,0.,0.));
#4280 = ADVANCED_FACE('',(#4281),#4308,.F.);
#4281 = FACE_BOUND('',#4282,.F.);
#4282 = EDGE_LOOP('',(#4283,#4284,#4293,#4301));
#4283 = ORIENTED_EDGE('',*,*,#2275,.F.);
#4284 = ORIENTED_EDGE('',*,*,#4285,.F.);
#4285 = EDGE_CURVE('',#4286,#2268,#4288,.T.);
#4286 = VERTEX_POINT('',#4287);
#4287 = CARTESIAN_POINT('',(113.48,139.8,6.95));
#4288 = CIRCLE('',#4289,11.);
#4289 = AXIS2_PLACEMENT_3D('',#4290,#4291,#4292);
#4290 = CARTESIAN_POINT('',(102.48,139.8,6.95));
#4291 = DIRECTION('',(0.,0.,1.));
#4292 = DIRECTION('',(1.,0.,0.));
#4293 = ORIENTED_EDGE('',*,*,#4294,.T.);
#4294 = EDGE_CURVE('',#4286,#4295,#4297,.T.);
#4295 = VERTEX_POINT('',#4296);
#4296 = CARTESIAN_POINT('',(113.48,139.8,2.56));
#4297 = LINE('',#4298,#4299);
#4298 = CARTESIAN_POINT('',(113.48,139.8,7.8));
#4299 = VECTOR('',#4300,1.);
#4300 = DIRECTION('',(-0.,-0.,-1.));
#4301 = ORIENTED_EDGE('',*,*,#4302,.T.);
#4302 = EDGE_CURVE('',#4295,#2276,#4303,.T.);
#4303 = CIRCLE('',#4304,11.);
#4304 = AXIS2_PLACEMENT_3D('',#4305,#4306,#4307);
#4305 = CARTESIAN_POINT('',(102.48,139.8,2.56));
#4306 = DIRECTION('',(0.,0.,1.));
#4307 = DIRECTION('',(1.,0.,0.));
#4308 = CYLINDRICAL_SURFACE('',#4309,11.);
#4309 = AXIS2_PLACEMENT_3D('',#4310,#4311,#4312);
#4310 = CARTESIAN_POINT('',(102.48,139.8,7.8));
#4311 = DIRECTION('',(0.,0.,1.));
#4312 = DIRECTION('',(1.,0.,0.));
#4313 = ADVANCED_FACE('',(#4314),#4326,.F.);
#4314 = FACE_BOUND('',#4315,.T.);
#4315 = EDGE_LOOP('',(#4316,#4317,#4318,#4319));
#4316 = ORIENTED_EDGE('',*,*,#3282,.F.);
#4317 = ORIENTED_EDGE('',*,*,#2335,.T.);
#4318 = ORIENTED_EDGE('',*,*,#2368,.T.);
#4319 = ORIENTED_EDGE('',*,*,#4320,.F.);
#4320 = EDGE_CURVE('',#3283,#2353,#4321,.T.);
#4321 = CIRCLE('',#4322,3.5);
#4322 = AXIS2_PLACEMENT_3D('',#4323,#4324,#4325);
#4323 = CARTESIAN_POINT('',(0.,151.6,7.8));
#4324 = DIRECTION('',(0.,-1.,0.));
#4325 = DIRECTION('',(-1.836970198721E-16,-0.,-1.));
#4326 = CONICAL_SURFACE('',#4327,3.,0.785398163397);
#4327 = AXIS2_PLACEMENT_3D('',#4328,#4329,#4330);
#4328 = CARTESIAN_POINT('',(0.,151.1,7.8));
#4329 = DIRECTION('',(0.,1.,0.));
#4330 = DIRECTION('',(-1.836970198721E-16,-0.,-1.));
#4331 = ADVANCED_FACE('',(#4332),#4339,.F.);
#4332 = FACE_BOUND('',#4333,.F.);
#4333 = EDGE_LOOP('',(#4334,#4335,#4336,#4337,#4338));
#4334 = ORIENTED_EDGE('',*,*,#3290,.F.);
#4335 = ORIENTED_EDGE('',*,*,#3338,.F.);
#4336 = ORIENTED_EDGE('',*,*,#2445,.T.);
#4337 = ORIENTED_EDGE('',*,*,#2350,.T.);
#4338 = ORIENTED_EDGE('',*,*,#4320,.F.);
#4339 = PLANE('',#4340);
#4340 = AXIS2_PLACEMENT_3D('',#4341,#4342,#4343);
#4341 = CARTESIAN_POINT('',(114.28,151.6,0.));
#4342 = DIRECTION('',(0.,-1.,0.));
#4343 = DIRECTION('',(-1.,0.,0.));
#4344 = ADVANCED_FACE('',(#4345),#4361,.T.);
#4345 = FACE_BOUND('',#4346,.F.);
#4346 = EDGE_LOOP('',(#4347,#4348,#4349,#4355));
#4347 = ORIENTED_EDGE('',*,*,#2470,.F.);
#4348 = ORIENTED_EDGE('',*,*,#2544,.T.);
#4349 = ORIENTED_EDGE('',*,*,#4350,.T.);
#4350 = EDGE_CURVE('',#2545,#4295,#4351,.T.);
#4351 = LINE('',#4352,#4353);
#4352 = CARTESIAN_POINT('',(112.7,139.8,1.78));
#4353 = VECTOR('',#4354,1.);
#4354 = DIRECTION('',(0.707106781187,0.,0.707106781187));
#4355 = ORIENTED_EDGE('',*,*,#4356,.F.);
#4356 = EDGE_CURVE('',#2471,#4295,#4357,.T.);
#4357 = LINE('',#4358,#4359);
#4358 = CARTESIAN_POINT('',(113.48,11.799967362506,2.56));
#4359 = VECTOR('',#4360,1.);
#4360 = DIRECTION('',(0.,1.,0.));
#4361 = PLANE('',#4362);
#4362 = AXIS2_PLACEMENT_3D('',#4363,#4364,#4365);
#4363 = CARTESIAN_POINT('',(112.7,11.799967362506,1.78));
#4364 = DIRECTION('',(-0.707106781187,0.,0.707106781187));
#4365 = DIRECTION('',(-0.,-1.,-0.));
#4366 = ADVANCED_FACE('',(#4367),#4373,.F.);
#4367 = FACE_BOUND('',#4368,.F.);
#4368 = EDGE_LOOP('',(#4369,#4370,#4371,#4372));
#4369 = ORIENTED_EDGE('',*,*,#4350,.F.);
#4370 = ORIENTED_EDGE('',*,*,#2552,.T.);
#4371 = ORIENTED_EDGE('',*,*,#4253,.T.);
#4372 = ORIENTED_EDGE('',*,*,#4302,.F.);
#4373 = CONICAL_SURFACE('',#4374,11.,0.785398163397);
#4374 = AXIS2_PLACEMENT_3D('',#4375,#4376,#4377);
#4375 = CARTESIAN_POINT('',(102.48,139.8,2.56));
#4376 = DIRECTION('',(0.,0.,1.));
#4377 = DIRECTION('',(1.,0.,0.));
#4378 = ADVANCED_FACE('',(#4379),#4389,.F.);
#4379 = FACE_BOUND('',#4380,.F.);
#4380 = EDGE_LOOP('',(#4381,#4382,#4388));
#4381 = ORIENTED_EDGE('',*,*,#2569,.T.);
#4382 = ORIENTED_EDGE('',*,*,#4383,.T.);
#4383 = EDGE_CURVE('',#2570,#4261,#4384,.T.);
#4384 = LINE('',#4385,#4386);
#4385 = CARTESIAN_POINT('',(3.14,149.33,0.));
#4386 = VECTOR('',#4387,1.);
#4387 = DIRECTION('',(0.,0.,1.));
#4388 = ORIENTED_EDGE('',*,*,#4260,.T.);
#4389 = PLANE('',#4390);
#4390 = AXIS2_PLACEMENT_3D('',#4391,#4392,#4393);
#4391 = CARTESIAN_POINT('',(3.14,149.33,0.));
#4392 = DIRECTION('',(1.,0.,0.));
#4393 = DIRECTION('',(0.,-1.,0.));
#4394 = ADVANCED_FACE('',(#4395),#4401,.F.);
#4395 = FACE_BOUND('',#4396,.F.);
#4396 = EDGE_LOOP('',(#4397,#4398,#4399,#4400));
#4397 = ORIENTED_EDGE('',*,*,#2577,.T.);
#4398 = ORIENTED_EDGE('',*,*,#3266,.T.);
#4399 = ORIENTED_EDGE('',*,*,#4268,.T.);
#4400 = ORIENTED_EDGE('',*,*,#4383,.F.);
#4401 = PLANE('',#4402);
#4402 = AXIS2_PLACEMENT_3D('',#4403,#4404,#4405);
#4403 = CARTESIAN_POINT('',(0.,149.33,0.));
#4404 = DIRECTION('',(0.,1.,0.));
#4405 = DIRECTION('',(1.,0.,0.));
#4406 = ADVANCED_FACE('',(#4407),#4425,.T.);
#4407 = FACE_BOUND('',#4408,.T.);
#4408 = EDGE_LOOP('',(#4409,#4416,#4423,#4424));
#4409 = ORIENTED_EDGE('',*,*,#4410,.F.);
#4410 = EDGE_CURVE('',#4411,#2979,#4413,.T.);
#4411 = VERTEX_POINT('',#4412);
#4412 = CARTESIAN_POINT('',(16.78,11.8,2.4));
#4413 = B_SPLINE_CURVE_WITH_KNOTS('',1,(#4414,#4415),.UNSPECIFIED.,.F.,
  .F.,(2,2),(0.,1.),.PIECEWISE_BEZIER_KNOTS.);
#4414 = CARTESIAN_POINT('',(16.78,11.8,2.4));
#4415 = CARTESIAN_POINT('',(19.18,11.8,0.));
#4416 = ORIENTED_EDGE('',*,*,#4417,.T.);
#4417 = EDGE_CURVE('',#4411,#4411,#4418,.T.);
#4418 = CIRCLE('',#4419,1.6);
#4419 = AXIS2_PLACEMENT_3D('',#4420,#4421,#4422);
#4420 = CARTESIAN_POINT('',(15.18,11.8,2.4));
#4421 = DIRECTION('',(0.,0.,-1.));
#4422 = DIRECTION('',(1.,0.,0.));
#4423 = ORIENTED_EDGE('',*,*,#4410,.T.);
#4424 = ORIENTED_EDGE('',*,*,#2978,.F.);
#4425 = CONICAL_SURFACE('',#4426,1.6,0.785398163397);
#4426 = AXIS2_PLACEMENT_3D('',#4427,#4428,#4429);
#4427 = CARTESIAN_POINT('',(15.18,11.8,2.4));
#4428 = DIRECTION('',(0.,0.,-1.));
#4429 = DIRECTION('',(1.,0.,0.));
#4430 = ADVANCED_FACE('',(#4431),#4449,.T.);
#4431 = FACE_BOUND('',#4432,.T.);
#4432 = EDGE_LOOP('',(#4433,#4440,#4447,#4448));
#4433 = ORIENTED_EDGE('',*,*,#4434,.F.);
#4434 = EDGE_CURVE('',#4435,#2990,#4437,.T.);
#4435 = VERTEX_POINT('',#4436);
#4436 = CARTESIAN_POINT('',(104.08,11.8,2.4));
#4437 = B_SPLINE_CURVE_WITH_KNOTS('',1,(#4438,#4439),.UNSPECIFIED.,.F.,
  .F.,(2,2),(0.,1.),.PIECEWISE_BEZIER_KNOTS.);
#4438 = CARTESIAN_POINT('',(104.08,11.8,2.4));
#4439 = CARTESIAN_POINT('',(106.48,11.8,0.));
#4440 = ORIENTED_EDGE('',*,*,#4441,.T.);
#4441 = EDGE_CURVE('',#4435,#4435,#4442,.T.);
#4442 = CIRCLE('',#4443,1.6);
#4443 = AXIS2_PLACEMENT_3D('',#4444,#4445,#4446);
#4444 = CARTESIAN_POINT('',(102.48,11.8,2.4));
#4445 = DIRECTION('',(0.,0.,-1.));
#4446 = DIRECTION('',(1.,0.,0.));
#4447 = ORIENTED_EDGE('',*,*,#4434,.T.);
#4448 = ORIENTED_EDGE('',*,*,#2989,.F.);
#4449 = CONICAL_SURFACE('',#4450,1.6,0.785398163397);
#4450 = AXIS2_PLACEMENT_3D('',#4451,#4452,#4453);
#4451 = CARTESIAN_POINT('',(102.48,11.8,2.4));
#4452 = DIRECTION('',(0.,0.,-1.));
#4453 = DIRECTION('',(1.,0.,0.));
#4454 = ADVANCED_FACE('',(#4455),#4473,.T.);
#4455 = FACE_BOUND('',#4456,.T.);
#4456 = EDGE_LOOP('',(#4457,#4464,#4471,#4472));
#4457 = ORIENTED_EDGE('',*,*,#4458,.F.);
#4458 = EDGE_CURVE('',#4459,#3001,#4461,.T.);
#4459 = VERTEX_POINT('',#4460);
#4460 = CARTESIAN_POINT('',(16.78,139.8,2.4));
#4461 = B_SPLINE_CURVE_WITH_KNOTS('',1,(#4462,#4463),.UNSPECIFIED.,.F.,
  .F.,(2,2),(0.,1.),.PIECEWISE_BEZIER_KNOTS.);
#4462 = CARTESIAN_POINT('',(16.78,139.8,2.4));
#4463 = CARTESIAN_POINT('',(19.18,139.8,0.));
#4464 = ORIENTED_EDGE('',*,*,#4465,.T.);
#4465 = EDGE_CURVE('',#4459,#4459,#4466,.T.);
#4466 = CIRCLE('',#4467,1.6);
#4467 = AXIS2_PLACEMENT_3D('',#4468,#4469,#4470);
#4468 = CARTESIAN_POINT('',(15.18,139.8,2.4));
#4469 = DIRECTION('',(0.,0.,-1.));
#4470 = DIRECTION('',(1.,0.,0.));
#4471 = ORIENTED_EDGE('',*,*,#4458,.T.);
#4472 = ORIENTED_EDGE('',*,*,#3000,.F.);
#4473 = CONICAL_SURFACE('',#4474,1.6,0.785398163397);
#4474 = AXIS2_PLACEMENT_3D('',#4475,#4476,#4477);
#4475 = CARTESIAN_POINT('',(15.18,139.8,2.4));
#4476 = DIRECTION('',(0.,0.,-1.));
#4477 = DIRECTION('',(1.,0.,0.));
#4478 = ADVANCED_FACE('',(#4479),#4497,.T.);
#4479 = FACE_BOUND('',#4480,.T.);
#4480 = EDGE_LOOP('',(#4481,#4488,#4495,#4496));
#4481 = ORIENTED_EDGE('',*,*,#4482,.F.);
#4482 = EDGE_CURVE('',#4483,#3012,#4485,.T.);
#4483 = VERTEX_POINT('',#4484);
#4484 = CARTESIAN_POINT('',(104.08,139.8,2.4));
#4485 = B_SPLINE_CURVE_WITH_KNOTS('',1,(#4486,#4487),.UNSPECIFIED.,.F.,
  .F.,(2,2),(0.,1.),.PIECEWISE_BEZIER_KNOTS.);
#4486 = CARTESIAN_POINT('',(104.08,139.8,2.4));
#4487 = CARTESIAN_POINT('',(106.48,139.8,0.));
#4488 = ORIENTED_EDGE('',*,*,#4489,.T.);
#4489 = EDGE_CURVE('',#4483,#4483,#4490,.T.);
#4490 = CIRCLE('',#4491,1.6);
#4491 = AXIS2_PLACEMENT_3D('',#4492,#4493,#4494);
#4492 = CARTESIAN_POINT('',(102.48,139.8,2.4));
#4493 = DIRECTION('',(0.,0.,-1.));
#4494 = DIRECTION('',(1.,0.,0.));
#4495 = ORIENTED_EDGE('',*,*,#4482,.T.);
#4496 = ORIENTED_EDGE('',*,*,#3011,.F.);
#4497 = CONICAL_SURFACE('',#4498,1.6,0.785398163397);
#4498 = AXIS2_PLACEMENT_3D('',#4499,#4500,#4501);
#4499 = CARTESIAN_POINT('',(102.48,139.8,2.4));
#4500 = DIRECTION('',(0.,0.,-1.));
#4501 = DIRECTION('',(1.,0.,0.));
#4502 = ADVANCED_FACE('',(#4503),#4522,.F.);
#4503 = FACE_BOUND('',#4504,.T.);
#4504 = EDGE_LOOP('',(#4505,#4513,#4520,#4521));
#4505 = ORIENTED_EDGE('',*,*,#4506,.F.);
#4506 = EDGE_CURVE('',#4507,#4040,#4509,.T.);
#4507 = VERTEX_POINT('',#4508);
#4508 = CARTESIAN_POINT('',(103.98,11.8,2.4));
#4509 = LINE('',#4510,#4511);
#4510 = CARTESIAN_POINT('',(103.98,11.8,2.4));
#4511 = VECTOR('',#4512,1.);
#4512 = DIRECTION('',(-6.217248937901E-17,0.,-1.));
#4513 = ORIENTED_EDGE('',*,*,#4514,.T.);
#4514 = EDGE_CURVE('',#4507,#4507,#4515,.T.);
#4515 = CIRCLE('',#4516,1.5);
#4516 = AXIS2_PLACEMENT_3D('',#4517,#4518,#4519);
#4517 = CARTESIAN_POINT('',(102.48,11.8,2.4));
#4518 = DIRECTION('',(0.,0.,1.));
#4519 = DIRECTION('',(1.,0.,0.));
#4520 = ORIENTED_EDGE('',*,*,#4506,.T.);
#4521 = ORIENTED_EDGE('',*,*,#4049,.T.);
#4522 = CYLINDRICAL_SURFACE('',#4523,1.5);
#4523 = AXIS2_PLACEMENT_3D('',#4524,#4525,#4526);
#4524 = CARTESIAN_POINT('',(102.48,11.8,2.4));
#4525 = DIRECTION('',(-0.,-0.,-1.));
#4526 = DIRECTION('',(1.,0.,0.));
#4527 = ADVANCED_FACE('',(#4528),#4547,.F.);
#4528 = FACE_BOUND('',#4529,.T.);
#4529 = EDGE_LOOP('',(#4530,#4538,#4545,#4546));
#4530 = ORIENTED_EDGE('',*,*,#4531,.F.);
#4531 = EDGE_CURVE('',#4532,#4065,#4534,.T.);
#4532 = VERTEX_POINT('',#4533);
#4533 = CARTESIAN_POINT('',(16.68,11.8,2.4));
#4534 = LINE('',#4535,#4536);
#4535 = CARTESIAN_POINT('',(16.68,11.8,2.4));
#4536 = VECTOR('',#4537,1.);
#4537 = DIRECTION('',(-6.217248937901E-17,0.,-1.));
#4538 = ORIENTED_EDGE('',*,*,#4539,.T.);
#4539 = EDGE_CURVE('',#4532,#4532,#4540,.T.);
#4540 = CIRCLE('',#4541,1.5);
#4541 = AXIS2_PLACEMENT_3D('',#4542,#4543,#4544);
#4542 = CARTESIAN_POINT('',(15.18,11.8,2.4));
#4543 = DIRECTION('',(0.,0.,1.));
#4544 = DIRECTION('',(1.,0.,0.));
#4545 = ORIENTED_EDGE('',*,*,#4531,.T.);
#4546 = ORIENTED_EDGE('',*,*,#4074,.T.);
#4547 = CYLINDRICAL_SURFACE('',#4548,1.5);
#4548 = AXIS2_PLACEMENT_3D('',#4549,#4550,#4551);
#4549 = CARTESIAN_POINT('',(15.18,11.8,2.4));
#4550 = DIRECTION('',(-0.,-0.,-1.));
#4551 = DIRECTION('',(1.,0.,0.));
#4552 = ADVANCED_FACE('',(#4553),#4572,.F.);
#4553 = FACE_BOUND('',#4554,.T.);
#4554 = EDGE_LOOP('',(#4555,#4563,#4570,#4571));
#4555 = ORIENTED_EDGE('',*,*,#4556,.F.);
#4556 = EDGE_CURVE('',#4557,#4090,#4559,.T.);
#4557 = VERTEX_POINT('',#4558);
#4558 = CARTESIAN_POINT('',(103.98,139.8,2.4));
#4559 = LINE('',#4560,#4561);
#4560 = CARTESIAN_POINT('',(103.98,139.8,2.4));
#4561 = VECTOR('',#4562,1.);
#4562 = DIRECTION('',(-6.217248937901E-17,0.,-1.));
#4563 = ORIENTED_EDGE('',*,*,#4564,.T.);
#4564 = EDGE_CURVE('',#4557,#4557,#4565,.T.);
#4565 = CIRCLE('',#4566,1.5);
#4566 = AXIS2_PLACEMENT_3D('',#4567,#4568,#4569);
#4567 = CARTESIAN_POINT('',(102.48,139.8,2.4));
#4568 = DIRECTION('',(0.,0.,1.));
#4569 = DIRECTION('',(1.,0.,0.));
#4570 = ORIENTED_EDGE('',*,*,#4556,.T.);
#4571 = ORIENTED_EDGE('',*,*,#4099,.T.);
#4572 = CYLINDRICAL_SURFACE('',#4573,1.5);
#4573 = AXIS2_PLACEMENT_3D('',#4574,#4575,#4576);
#4574 = CARTESIAN_POINT('',(102.48,139.8,2.4));
#4575 = DIRECTION('',(-0.,-0.,-1.));
#4576 = DIRECTION('',(1.,0.,0.));
#4577 = ADVANCED_FACE('',(#4578),#4597,.F.);
#4578 = FACE_BOUND('',#4579,.T.);
#4579 = EDGE_LOOP('',(#4580,#4588,#4595,#4596));
#4580 = ORIENTED_EDGE('',*,*,#4581,.F.);
#4581 = EDGE_CURVE('',#4582,#4115,#4584,.T.);
#4582 = VERTEX_POINT('',#4583);
#4583 = CARTESIAN_POINT('',(16.68,139.8,2.4));
#4584 = LINE('',#4585,#4586);
#4585 = CARTESIAN_POINT('',(16.68,139.8,2.4));
#4586 = VECTOR('',#4587,1.);
#4587 = DIRECTION('',(-6.217248937901E-17,0.,-1.));
#4588 = ORIENTED_EDGE('',*,*,#4589,.T.);
#4589 = EDGE_CURVE('',#4582,#4582,#4590,.T.);
#4590 = CIRCLE('',#4591,1.5);
#4591 = AXIS2_PLACEMENT_3D('',#4592,#4593,#4594);
#4592 = CARTESIAN_POINT('',(15.18,139.8,2.4));
#4593 = DIRECTION('',(0.,0.,1.));
#4594 = DIRECTION('',(1.,0.,0.));
#4595 = ORIENTED_EDGE('',*,*,#4581,.T.);
#4596 = ORIENTED_EDGE('',*,*,#4124,.T.);
#4597 = CYLINDRICAL_SURFACE('',#4598,1.5);
#4598 = AXIS2_PLACEMENT_3D('',#4599,#4600,#4601);
#4599 = CARTESIAN_POINT('',(15.18,139.8,2.4));
#4600 = DIRECTION('',(-0.,-0.,-1.));
#4601 = DIRECTION('',(1.,0.,0.));
#4602 = ADVANCED_FACE('',(#4603),#4614,.F.);
#4603 = FACE_BOUND('',#4604,.F.);
#4604 = EDGE_LOOP('',(#4605,#4606,#4612,#4613));
#4605 = ORIENTED_EDGE('',*,*,#4294,.F.);
#4606 = ORIENTED_EDGE('',*,*,#4607,.F.);
#4607 = EDGE_CURVE('',#4140,#4286,#4608,.T.);
#4608 = LINE('',#4609,#4610);
#4609 = CARTESIAN_POINT('',(113.48,11.799967362506,6.95));
#4610 = VECTOR('',#4611,1.);
#4611 = DIRECTION('',(0.,1.,0.));
#4612 = ORIENTED_EDGE('',*,*,#4139,.T.);
#4613 = ORIENTED_EDGE('',*,*,#4356,.T.);
#4614 = PLANE('',#4615);
#4615 = AXIS2_PLACEMENT_3D('',#4616,#4617,#4618);
#4616 = CARTESIAN_POINT('',(113.48,11.799967362506,7.8));
#4617 = DIRECTION('',(1.,0.,0.));
#4618 = DIRECTION('',(0.,1.,0.));
#4619 = ADVANCED_FACE('',(#4620),#4631,.F.);
#4620 = FACE_BOUND('',#4621,.F.);
#4621 = EDGE_LOOP('',(#4622,#4623,#4624,#4630));
#4622 = ORIENTED_EDGE('',*,*,#4166,.F.);
#4623 = ORIENTED_EDGE('',*,*,#4147,.T.);
#4624 = ORIENTED_EDGE('',*,*,#4625,.T.);
#4625 = EDGE_CURVE('',#4140,#4191,#4626,.T.);
#4626 = LINE('',#4627,#4628);
#4627 = CARTESIAN_POINT('',(113.47999999995,11.799967362506,6.95));
#4628 = VECTOR('',#4629,1.);
#4629 = DIRECTION('',(-0.707106781183,2.098017584925E-06,0.707106781187)
  );
#4630 = ORIENTED_EDGE('',*,*,#4190,.F.);
#4631 = CONICAL_SURFACE('',#4632,11.,0.785398163397);
#4632 = AXIS2_PLACEMENT_3D('',#4633,#4634,#4635);
#4633 = CARTESIAN_POINT('',(102.48,11.8,6.95));
#4634 = DIRECTION('',(-0.,-0.,-1.));
#4635 = DIRECTION('',(0.,-1.,0.));
#4636 = ADVANCED_FACE('',(#4637),#4648,.F.);
#4637 = FACE_BOUND('',#4638,.F.);
#4638 = EDGE_LOOP('',(#4639,#4640,#4641,#4647));
#4639 = ORIENTED_EDGE('',*,*,#4625,.F.);
#4640 = ORIENTED_EDGE('',*,*,#4607,.T.);
#4641 = ORIENTED_EDGE('',*,*,#4642,.T.);
#4642 = EDGE_CURVE('',#4286,#4200,#4643,.T.);
#4643 = LINE('',#4644,#4645);
#4644 = CARTESIAN_POINT('',(113.105,139.8,7.325));
#4645 = VECTOR('',#4646,1.);
#4646 = DIRECTION('',(-0.707106781187,0.,0.707106781187));
#4647 = ORIENTED_EDGE('',*,*,#4199,.F.);
#4648 = PLANE('',#4649);
#4649 = AXIS2_PLACEMENT_3D('',#4650,#4651,#4652);
#4650 = CARTESIAN_POINT('',(113.105,11.799967362506,7.325));
#4651 = DIRECTION('',(0.707106781187,0.,0.707106781187));
#4652 = DIRECTION('',(0.,1.,0.));
#4653 = ADVANCED_FACE('',(#4654),#4660,.F.);
#4654 = FACE_BOUND('',#4655,.F.);
#4655 = EDGE_LOOP('',(#4656,#4657,#4658,#4659));
#4656 = ORIENTED_EDGE('',*,*,#4642,.F.);
#4657 = ORIENTED_EDGE('',*,*,#4285,.T.);
#4658 = ORIENTED_EDGE('',*,*,#4236,.T.);
#4659 = ORIENTED_EDGE('',*,*,#4207,.F.);
#4660 = CONICAL_SURFACE('',#4661,11.,0.785398163397);
#4661 = AXIS2_PLACEMENT_3D('',#4662,#4663,#4664);
#4662 = CARTESIAN_POINT('',(102.48,139.8,6.95));
#4663 = DIRECTION('',(-0.,-0.,-1.));
#4664 = DIRECTION('',(1.,0.,0.));
#4665 = ADVANCED_FACE('',(#4666,#4669),#4672,.F.);
#4666 = FACE_BOUND('',#4667,.F.);
#4667 = EDGE_LOOP('',(#4668));
#4668 = ORIENTED_EDGE('',*,*,#4417,.T.);
#4669 = FACE_BOUND('',#4670,.F.);
#4670 = EDGE_LOOP('',(#4671));
#4671 = ORIENTED_EDGE('',*,*,#4539,.T.);
#4672 = PLANE('',#4673);
#4673 = AXIS2_PLACEMENT_3D('',#4674,#4675,#4676);
#4674 = CARTESIAN_POINT('',(15.18,11.8,2.4));
#4675 = DIRECTION('',(0.,0.,-1.));
#4676 = DIRECTION('',(1.,0.,0.));
#4677 = ADVANCED_FACE('',(#4678,#4681),#4684,.F.);
#4678 = FACE_BOUND('',#4679,.F.);
#4679 = EDGE_LOOP('',(#4680));
#4680 = ORIENTED_EDGE('',*,*,#4441,.T.);
#4681 = FACE_BOUND('',#4682,.F.);
#4682 = EDGE_LOOP('',(#4683));
#4683 = ORIENTED_EDGE('',*,*,#4514,.T.);
#4684 = PLANE('',#4685);
#4685 = AXIS2_PLACEMENT_3D('',#4686,#4687,#4688);
#4686 = CARTESIAN_POINT('',(102.48,11.8,2.4));
#4687 = DIRECTION('',(0.,0.,-1.));
#4688 = DIRECTION('',(1.,0.,0.));
#4689 = ADVANCED_FACE('',(#4690,#4693),#4696,.F.);
#4690 = FACE_BOUND('',#4691,.F.);
#4691 = EDGE_LOOP('',(#4692));
#4692 = ORIENTED_EDGE('',*,*,#4465,.T.);
#4693 = FACE_BOUND('',#4694,.F.);
#4694 = EDGE_LOOP('',(#4695));
#4695 = ORIENTED_EDGE('',*,*,#4589,.T.);
#4696 = PLANE('',#4697);
#4697 = AXIS2_PLACEMENT_3D('',#4698,#4699,#4700);
#4698 = CARTESIAN_POINT('',(15.18,139.8,2.4));
#4699 = DIRECTION('',(0.,0.,-1.));
#4700 = DIRECTION('',(1.,0.,0.));
#4701 = ADVANCED_FACE('',(#4702,#4705),#4708,.F.);
#4702 = FACE_BOUND('',#4703,.F.);
#4703 = EDGE_LOOP('',(#4704));
#4704 = ORIENTED_EDGE('',*,*,#4489,.T.);
#4705 = FACE_BOUND('',#4706,.F.);
#4706 = EDGE_LOOP('',(#4707));
#4707 = ORIENTED_EDGE('',*,*,#4564,.T.);
#4708 = PLANE('',#4709);
#4709 = AXIS2_PLACEMENT_3D('',#4710,#4711,#4712);
#4710 = CARTESIAN_POINT('',(102.48,139.8,2.4));
#4711 = DIRECTION('',(0.,0.,-1.));
#4712 = DIRECTION('',(1.,0.,0.));
#4713 = ( GEOMETRIC_REPRESENTATION_CONTEXT(3) 
GLOBAL_UNCERTAINTY_ASSIGNED_CONTEXT((#4717)) 
GLOBAL_UNIT_ASSIGNED_CONTEXT((#4714,#4715,#4716)) REPRESENTATION_CONTEXT
('Context #1','3D Context with UNIT and UNCERTAINTY') );
#4714 = ( LENGTH_UNIT() NAMED_UNIT(*) SI_UNIT(.MILLI.,.METRE.) );
#4715 = ( NAMED_UNIT(*) PLANE_ANGLE_UNIT() SI_UNIT($,.RADIAN.) );
#4716 = ( NAMED_UNIT(*) SI_UNIT($,.STERADIAN.) SOLID_ANGLE_UNIT() );
#4717 = UNCERTAINTY_MEASURE_WITH_UNIT(LENGTH_MEASURE(5.E-05),#4714,
  'distance_accuracy_value','confusion accuracy');
#4718 = PRODUCT_RELATED_PRODUCT_CATEGORY('part',$,(#7));
#4719 = MECHANICAL_DESIGN_GEOMETRIC_PRESENTATION_REPRESENTATION('',(
    #4720),#4713);
#4720 = STYLED_ITEM('color',(#4721),#15);
#4721 = PRESENTATION_STYLE_ASSIGNMENT((#4722,#4728));
#4722 = SURFACE_STYLE_USAGE(.BOTH.,#4723);
#4723 = SURFACE_SIDE_STYLE('',(#4724));
#4724 = SURFACE_STYLE_FILL_AREA(#4725);
#4725 = FILL_AREA_STYLE('',(#4726));
#4726 = FILL_AREA_STYLE_COLOUR('',#4727);
#4727 = COLOUR_RGB('',0.447058818107,0.474509808674,0.501960817233);
#4728 = CURVE_STYLE('',#4729,POSITIVE_LENGTH_MEASURE(0.1),#4730);
#4729 = DRAUGHTING_PRE_DEFINED_CURVE_FONT('continuous');
#4730 = COLOUR_RGB('',9.803921802644E-02,9.803921802644E-02,
  9.803921802644E-02);
ENDSEC;
END-ISO-10303-21;
