ISO-10303-21;
HEADER;
FILE_DESCRIPTION(('FreeCAD Model'),'2;1');
FILE_NAME('Open CASCADE Shape Model','2026-08-29T12:41:50',(''),(''),
  'Open CASCADE STEP processor 7.8','FreeCAD','Unknown');
FILE_SCHEMA(('AUTOMOTIVE_DESIGN { 1 0 10303 214 1 1 1 1 }'));
ENDSEC;
DATA;
#1 = APPLICATION_PROTOCOL_DEFINITION('international standard',
  'automotive_design',2000,#2);
#2 = APPLICATION_CONTEXT(
  'core data for automotive mechanical design processes');
#3 = SHAPE_DEFINITION_REPRESENTATION(#4,#10);
#4 = PRODUCT_DEFINITION_SHAPE('','',#5);
#5 = PRODUCT_DEFINITION('design','',#6,#9);
#6 = PRODUCT_DEFINITION_FORMATION('','',#7);
#7 = PRODUCT('left cover','left cover','',(#8));
#8 = PRODUCT_CONTEXT('',#2,'mechanical');
#9 = PRODUCT_DEFINITION_CONTEXT('part definition',#2,'design');
#10 = ADVANCED_BREP_SHAPE_REPRESENTATION('',(#11,#15),#10488);
#11 = AXIS2_PLACEMENT_3D('',#12,#13,#14);
#12 = CARTESIAN_POINT('',(0.,0.,0.));
#13 = DIRECTION('',(0.,0.,1.));
#14 = DIRECTION('',(1.,0.,-0.));
#15 = MANIFOLD_SOLID_BREP('',#16);
#16 = CLOSED_SHELL('',(#17,#131,#298,#322,#419,#467,#491,#515,#540,#564,
    #668,#699,#717,#750,#774,#971,#995,#1035,#1545,#1569,#1609,#1674,
    #1732,#1756,#1780,#1821,#1854,#1972,#1990,#2001,#2027,#2219,#2247,
    #2258,#2270,#2446,#2477,#2495,#2535,#2560,#2577,#2594,#2611,#2630,
    #2654,#2671,#2719,#2743,#2784,#2832,#2856,#2897,#2929,#2953,#2978,
    #3002,#3027,#3051,#3076,#3093,#3118,#3149,#3166,#3178,#3203,#3234,
    #3274,#3314,#3331,#3410,#3434,#3458,#3483,#3508,#3525,#3572,#3596,
    #3620,#3653,#3684,#3732,#3780,#3798,#3816,#3826,#3836,#3853,#3900,
    #3924,#3948,#3981,#4060,#4084,#4108,#4133,#4158,#4175,#4200,#4231,
    #4271,#4311,#4328,#4375,#4399,#4423,#4456,#4503,#4527,#4551,#4584,
    #4609,#4634,#4648,#4660,#4693,#4710,#4722,#4753,#4897,#4937,#4977,
    #5001,#5017,#5029,#5060,#5071,#5095,#5126,#5150,#5167,#5192,#5253,
    #5270,#5287,#5304,#5328,#5352,#5376,#5400,#5797,#5814,#5839,#5871,
    #5919,#5943,#5991,#6023,#6041,#6074,#6086,#6111,#6156,#6168,#6185,
    #6202,#6214,#6231,#6248,#6260,#6282,#6299,#6316,#6333,#6350,#6367,
    #6384,#6396,#6408,#6433,#6450,#6467,#6479,#6503,#6604,#6629,#6660,
    #6685,#6702,#6719,#6736,#6748,#6765,#6782,#6794,#6829,#6860,#6895,
    #6926,#6943,#6960,#6972,#6996,#7097,#7122,#7153,#7178,#7195,#7212,
    #7229,#7241,#7266,#7283,#7300,#7312,#7329,#7346,#7358,#7375,#7392,
    #7404,#7421,#7448,#7466,#7485,#7532,#7556,#7580,#7613,#7644,#7684,
    #7724,#7741,#7772,#7812,#7836,#7869,#7886,#7904,#7937,#7954,#7966,
    #7990,#8015,#8040,#8057,#8074,#8098,#8122,#8144,#8166,#8183,#8200,
    #8217,#8249,#8273,#8297,#8322,#8347,#8371,#8395,#8413,#8444,#8469,
    #8494,#8518,#8542,#8567,#8592,#8609,#8641,#8665,#8689,#8714,#8739,
    #8763,#8787,#8805,#8829,#8846,#8863,#8875,#8899,#8916,#8933,#8946,
    #8970,#8990,#9014,#9039,#9063,#9088,#9105,#9130,#9152,#9177,#9201,
    #9225,#9242,#9267,#9289,#9322,#9346,#9368,#9379,#9404,#9426,#9451,
    #9475,#9500,#9524,#9549,#9566,#9591,#9613,#9638,#9658,#9675,#9692,
    #9704,#9721,#9738,#9750,#9767,#9784,#9796,#9808,#9817,#9829,#9846,
    #9870,#9887,#9912,#9936,#9960,#9978,#9995,#10012,#10034,#10056,
    #10068,#10080,#10112,#10136,#10158,#10183,#10195,#10217,#10229,
    #10238,#10262,#10279,#10296,#10313,#10330,#10342,#10354,#10366,
    #10383,#10400,#10417,#10434,#10446,#10470,#10479));
#17 = ADVANCED_FACE('',(#18),#126,.T.);
#18 = FACE_BOUND('',#19,.T.);
#19 = EDGE_LOOP('',(#20,#30,#38,#46,#54,#63,#71,#80,#88,#96,#104,#112,
    #120));
#20 = ORIENTED_EDGE('',*,*,#21,.T.);
#21 = EDGE_CURVE('',#22,#24,#26,.T.);
#22 = VERTEX_POINT('',#23);
#23 = CARTESIAN_POINT('',(-110.301,19.,4.6));
#24 = VERTEX_POINT('',#25);
#25 = CARTESIAN_POINT('',(-110.301,23.1,4.6));
#26 = LINE('',#27,#28);
#27 = CARTESIAN_POINT('',(-110.301,22.5,4.6));
#28 = VECTOR('',#29,1.);
#29 = DIRECTION('',(0.,1.,0.));
#30 = ORIENTED_EDGE('',*,*,#31,.T.);
#31 = EDGE_CURVE('',#24,#32,#34,.T.);
#32 = VERTEX_POINT('',#33);
#33 = CARTESIAN_POINT('',(-113.501,23.1,4.6));
#34 = LINE('',#35,#36);
#35 = CARTESIAN_POINT('',(-110.301,23.1,4.6));
#36 = VECTOR('',#37,1.);
#37 = DIRECTION('',(-1.,0.,0.));
#38 = ORIENTED_EDGE('',*,*,#39,.F.);
#39 = EDGE_CURVE('',#40,#32,#42,.T.);
#40 = VERTEX_POINT('',#41);
#41 = CARTESIAN_POINT('',(-113.501,22.5,4.6));
#42 = LINE('',#43,#44);
#43 = CARTESIAN_POINT('',(-113.501,22.5,4.6));
#44 = VECTOR('',#45,1.);
#45 = DIRECTION('',(0.,1.,0.));
#46 = ORIENTED_EDGE('',*,*,#47,.T.);
#47 = EDGE_CURVE('',#40,#48,#50,.T.);
#48 = VERTEX_POINT('',#49);
#49 = CARTESIAN_POINT('',(-113.7554230498,23.942901428506,4.6));
#50 = LINE('',#51,#52);
#51 = CARTESIAN_POINT('',(-113.501,22.5,4.6));
#52 = VECTOR('',#53,1.);
#53 = DIRECTION('',(-0.173648573161,0.984807683276,0.));
#54 = ORIENTED_EDGE('',*,*,#55,.F.);
#55 = EDGE_CURVE('',#56,#48,#58,.T.);
#56 = VERTEX_POINT('',#57);
#57 = CARTESIAN_POINT('',(-113.801,24.46384714799,4.6));
#58 = CIRCLE('',#59,3.);
#59 = AXIS2_PLACEMENT_3D('',#60,#61,#62);
#60 = CARTESIAN_POINT('',(-110.801,24.46384714799,4.6));
#61 = DIRECTION('',(0.,-0.,1.));
#62 = DIRECTION('',(0.,1.,0.));
#63 = ORIENTED_EDGE('',*,*,#64,.T.);
#64 = EDGE_CURVE('',#56,#65,#67,.T.);
#65 = VERTEX_POINT('',#66);
#66 = CARTESIAN_POINT('',(-113.801,11.03615285201,4.6));
#67 = LINE('',#68,#69);
#68 = CARTESIAN_POINT('',(-113.801,24.46384714799,4.6));
#69 = VECTOR('',#70,1.);
#70 = DIRECTION('',(0.,-1.,0.));
#71 = ORIENTED_EDGE('',*,*,#72,.T.);
#72 = EDGE_CURVE('',#65,#73,#75,.T.);
#73 = VERTEX_POINT('',#74);
#74 = CARTESIAN_POINT('',(-113.7554230498,11.557098571494,4.6));
#75 = CIRCLE('',#76,3.);
#76 = AXIS2_PLACEMENT_3D('',#77,#78,#79);
#77 = CARTESIAN_POINT('',(-110.801,11.03615285201,4.6));
#78 = DIRECTION('',(0.,0.,-1.));
#79 = DIRECTION('',(0.,1.,0.));
#80 = ORIENTED_EDGE('',*,*,#81,.F.);
#81 = EDGE_CURVE('',#82,#73,#84,.T.);
#82 = VERTEX_POINT('',#83);
#83 = CARTESIAN_POINT('',(-113.501,13.,4.6));
#84 = LINE('',#85,#86);
#85 = CARTESIAN_POINT('',(-113.501,13.,4.6));
#86 = VECTOR('',#87,1.);
#87 = DIRECTION('',(-0.173648573161,-0.984807683276,0.));
#88 = ORIENTED_EDGE('',*,*,#89,.T.);
#89 = EDGE_CURVE('',#82,#90,#92,.T.);
#90 = VERTEX_POINT('',#91);
#91 = CARTESIAN_POINT('',(-113.465734521,13.2,4.6));
#92 = LINE('',#93,#94);
#93 = CARTESIAN_POINT('',(-113.1117374339,15.207612529734,4.6));
#94 = VECTOR('',#95,1.);
#95 = DIRECTION('',(0.173648573161,0.984807683276,0.));
#96 = ORIENTED_EDGE('',*,*,#97,.F.);
#97 = EDGE_CURVE('',#98,#90,#100,.T.);
#98 = VERTEX_POINT('',#99);
#99 = CARTESIAN_POINT('',(-110.801,13.2,4.6));
#100 = LINE('',#101,#102);
#101 = CARTESIAN_POINT('',(-110.601,13.2,4.6));
#102 = VECTOR('',#103,1.);
#103 = DIRECTION('',(-1.,0.,0.));
#104 = ORIENTED_EDGE('',*,*,#105,.F.);
#105 = EDGE_CURVE('',#106,#98,#108,.T.);
#106 = VERTEX_POINT('',#107);
#107 = CARTESIAN_POINT('',(-110.801,19.,4.6));
#108 = LINE('',#109,#110);
#109 = CARTESIAN_POINT('',(-110.801,19.,4.6));
#110 = VECTOR('',#111,1.);
#111 = DIRECTION('',(0.,-1.,0.));
#112 = ORIENTED_EDGE('',*,*,#113,.F.);
#113 = EDGE_CURVE('',#114,#106,#116,.T.);
#114 = VERTEX_POINT('',#115);
#115 = CARTESIAN_POINT('',(-110.601,19.,4.6));
#116 = LINE('',#117,#118);
#117 = CARTESIAN_POINT('',(-86.29081648457,19.,4.6));
#118 = VECTOR('',#119,1.);
#119 = DIRECTION('',(-1.,0.,0.));
#120 = ORIENTED_EDGE('',*,*,#121,.F.);
#121 = EDGE_CURVE('',#22,#114,#122,.T.);
#122 = LINE('',#123,#124);
#123 = CARTESIAN_POINT('',(-110.301,19.,4.6));
#124 = VECTOR('',#125,1.);
#125 = DIRECTION('',(-1.,0.,0.));
#126 = PLANE('',#127);
#127 = AXIS2_PLACEMENT_3D('',#128,#129,#130);
#128 = CARTESIAN_POINT('',(-112.4495306129,18.110979101103,4.6));
#129 = DIRECTION('',(0.,0.,1.));
#130 = DIRECTION('',(1.,0.,0.));
#131 = ADVANCED_FACE('',(#132),#293,.T.);
#132 = FACE_BOUND('',#133,.T.);
#133 = EDGE_LOOP('',(#134,#135,#143,#151,#159,#167,#175,#183,#191,#199,
    #207,#215,#223,#231,#239,#247,#255,#263,#271,#279,#287));
#134 = ORIENTED_EDGE('',*,*,#21,.F.);
#135 = ORIENTED_EDGE('',*,*,#136,.F.);
#136 = EDGE_CURVE('',#137,#22,#139,.T.);
#137 = VERTEX_POINT('',#138);
#138 = CARTESIAN_POINT('',(-110.301,19.,4.8));
#139 = LINE('',#140,#141);
#140 = CARTESIAN_POINT('',(-110.301,19.,4.8));
#141 = VECTOR('',#142,1.);
#142 = DIRECTION('',(-0.,-0.,-1.));
#143 = ORIENTED_EDGE('',*,*,#144,.T.);
#144 = EDGE_CURVE('',#137,#145,#147,.T.);
#145 = VERTEX_POINT('',#146);
#146 = CARTESIAN_POINT('',(-110.301,13.,4.8));
#147 = LINE('',#148,#149);
#148 = CARTESIAN_POINT('',(-110.301,19.,4.8));
#149 = VECTOR('',#150,1.);
#150 = DIRECTION('',(0.,-1.,0.));
#151 = ORIENTED_EDGE('',*,*,#152,.F.);
#152 = EDGE_CURVE('',#153,#145,#155,.T.);
#153 = VERTEX_POINT('',#154);
#154 = CARTESIAN_POINT('',(-110.301,13.,3.8));
#155 = LINE('',#156,#157);
#156 = CARTESIAN_POINT('',(-110.301,13.,4.6));
#157 = VECTOR('',#158,1.);
#158 = DIRECTION('',(0.,0.,1.));
#159 = ORIENTED_EDGE('',*,*,#160,.F.);
#160 = EDGE_CURVE('',#161,#153,#163,.T.);
#161 = VERTEX_POINT('',#162);
#162 = CARTESIAN_POINT('',(-110.301,135.,3.8));
#163 = LINE('',#164,#165);
#164 = CARTESIAN_POINT('',(-110.301,19.,3.8));
#165 = VECTOR('',#166,1.);
#166 = DIRECTION('',(-0.,-1.,-0.));
#167 = ORIENTED_EDGE('',*,*,#168,.T.);
#168 = EDGE_CURVE('',#161,#169,#171,.T.);
#169 = VERTEX_POINT('',#170);
#170 = CARTESIAN_POINT('',(-110.301,135.,4.5));
#171 = LINE('',#172,#173);
#172 = CARTESIAN_POINT('',(-110.301,135.,3.8));
#173 = VECTOR('',#174,1.);
#174 = DIRECTION('',(0.,0.,1.));
#175 = ORIENTED_EDGE('',*,*,#176,.T.);
#176 = EDGE_CURVE('',#169,#177,#179,.T.);
#177 = VERTEX_POINT('',#178);
#178 = CARTESIAN_POINT('',(-110.301,137.60000000005,4.5));
#179 = LINE('',#180,#181);
#180 = CARTESIAN_POINT('',(-110.301,19.,4.5));
#181 = VECTOR('',#182,1.);
#182 = DIRECTION('',(0.,1.,0.));
#183 = ORIENTED_EDGE('',*,*,#184,.T.);
#184 = EDGE_CURVE('',#177,#185,#187,.T.);
#185 = VERTEX_POINT('',#186);
#186 = CARTESIAN_POINT('',(-110.301,137.60000000005,4.2));
#187 = LINE('',#188,#189);
#188 = CARTESIAN_POINT('',(-110.301,137.60000000005,3.8));
#189 = VECTOR('',#190,1.);
#190 = DIRECTION('',(0.,0.,-1.));
#191 = ORIENTED_EDGE('',*,*,#192,.F.);
#192 = EDGE_CURVE('',#193,#185,#195,.T.);
#193 = VERTEX_POINT('',#194);
#194 = CARTESIAN_POINT('',(-110.301,145.,4.2));
#195 = LINE('',#196,#197);
#196 = CARTESIAN_POINT('',(-110.301,145.,4.2));
#197 = VECTOR('',#198,1.);
#198 = DIRECTION('',(1.92E-15,-1.,0.));
#199 = ORIENTED_EDGE('',*,*,#200,.F.);
#200 = EDGE_CURVE('',#201,#193,#203,.T.);
#201 = VERTEX_POINT('',#202);
#202 = CARTESIAN_POINT('',(-110.301,145.,4.9));
#203 = LINE('',#204,#205);
#204 = CARTESIAN_POINT('',(-110.301,145.,3.8));
#205 = VECTOR('',#206,1.);
#206 = DIRECTION('',(0.,0.,-1.));
#207 = ORIENTED_EDGE('',*,*,#208,.F.);
#208 = EDGE_CURVE('',#209,#201,#211,.T.);
#209 = VERTEX_POINT('',#210);
#210 = CARTESIAN_POINT('',(-110.301,144.5,4.9));
#211 = LINE('',#212,#213);
#212 = CARTESIAN_POINT('',(-110.301,144.5,4.9));
#213 = VECTOR('',#214,1.);
#214 = DIRECTION('',(0.,1.,0.));
#215 = ORIENTED_EDGE('',*,*,#216,.T.);
#216 = EDGE_CURVE('',#209,#217,#219,.T.);
#217 = VERTEX_POINT('',#218);
#218 = CARTESIAN_POINT('',(-110.301,144.5,6.3));
#219 = LINE('',#220,#221);
#220 = CARTESIAN_POINT('',(-110.301,144.5,4.9));
#221 = VECTOR('',#222,1.);
#222 = DIRECTION('',(0.,0.,1.));
#223 = ORIENTED_EDGE('',*,*,#224,.T.);
#224 = EDGE_CURVE('',#217,#225,#227,.T.);
#225 = VERTEX_POINT('',#226);
#226 = CARTESIAN_POINT('',(-110.301,137.,6.3));
#227 = LINE('',#228,#229);
#228 = CARTESIAN_POINT('',(-110.301,144.5,6.3));
#229 = VECTOR('',#230,1.);
#230 = DIRECTION('',(0.,-1.,0.));
#231 = ORIENTED_EDGE('',*,*,#232,.T.);
#232 = EDGE_CURVE('',#225,#233,#235,.T.);
#233 = VERTEX_POINT('',#234);
#234 = CARTESIAN_POINT('',(-110.301,137.,4.8));
#235 = LINE('',#236,#237);
#236 = CARTESIAN_POINT('',(-110.301,137.,6.1));
#237 = VECTOR('',#238,1.);
#238 = DIRECTION('',(0.,0.,-1.));
#239 = ORIENTED_EDGE('',*,*,#240,.F.);
#240 = EDGE_CURVE('',#241,#233,#243,.T.);
#241 = VERTEX_POINT('',#242);
#242 = CARTESIAN_POINT('',(-110.301,136.8,4.6));
#243 = LINE('',#244,#245);
#244 = CARTESIAN_POINT('',(-110.301,122.67733859134,-9.522661408657));
#245 = VECTOR('',#246,1.);
#246 = DIRECTION('',(0.,0.707106781187,0.707106781187));
#247 = ORIENTED_EDGE('',*,*,#248,.T.);
#248 = EDGE_CURVE('',#241,#249,#251,.T.);
#249 = VERTEX_POINT('',#250);
#250 = CARTESIAN_POINT('',(-110.301,126.9,4.6));
#251 = LINE('',#252,#253);
#252 = CARTESIAN_POINT('',(-110.301,137.,4.6));
#253 = VECTOR('',#254,1.);
#254 = DIRECTION('',(0.,-1.,0.));
#255 = ORIENTED_EDGE('',*,*,#256,.T.);
#256 = EDGE_CURVE('',#249,#257,#259,.T.);
#257 = VERTEX_POINT('',#258);
#258 = CARTESIAN_POINT('',(-110.301,126.7,4.8));
#259 = LINE('',#260,#261);
#260 = CARTESIAN_POINT('',(-110.301,114.97289985326,16.527100146735));
#261 = VECTOR('',#262,1.);
#262 = DIRECTION('',(0.,-0.707106781187,0.707106781187));
#263 = ORIENTED_EDGE('',*,*,#264,.F.);
#264 = EDGE_CURVE('',#265,#257,#267,.T.);
#265 = VERTEX_POINT('',#266);
#266 = CARTESIAN_POINT('',(-110.301,126.7,6.3));
#267 = LINE('',#268,#269);
#268 = CARTESIAN_POINT('',(-110.301,126.7,4.8));
#269 = VECTOR('',#270,1.);
#270 = DIRECTION('',(-0.,-0.,-1.));
#271 = ORIENTED_EDGE('',*,*,#272,.T.);
#272 = EDGE_CURVE('',#265,#273,#275,.T.);
#273 = VERTEX_POINT('',#274);
#274 = CARTESIAN_POINT('',(-110.301,23.3,6.3));
#275 = LINE('',#276,#277);
#276 = CARTESIAN_POINT('',(-110.301,144.5,6.3));
#277 = VECTOR('',#278,1.);
#278 = DIRECTION('',(0.,-1.,0.));
#279 = ORIENTED_EDGE('',*,*,#280,.T.);
#280 = EDGE_CURVE('',#273,#281,#283,.T.);
#281 = VERTEX_POINT('',#282);
#282 = CARTESIAN_POINT('',(-110.301,23.3,4.8));
#283 = LINE('',#284,#285);
#284 = CARTESIAN_POINT('',(-110.301,23.3,6.1));
#285 = VECTOR('',#286,1.);
#286 = DIRECTION('',(0.,0.,-1.));
#287 = ORIENTED_EDGE('',*,*,#288,.F.);
#288 = EDGE_CURVE('',#24,#281,#289,.T.);
#289 = LINE('',#290,#291);
#290 = CARTESIAN_POINT('',(-110.301,37.402338591343,18.902338591343));
#291 = VECTOR('',#292,1.);
#292 = DIRECTION('',(0.,0.707106781187,0.707106781187));
#293 = PLANE('',#294);
#294 = AXIS2_PLACEMENT_3D('',#295,#296,#297);
#295 = CARTESIAN_POINT('',(-110.301,79.750476889215,4.958877476156));
#296 = DIRECTION('',(1.,0.,0.));
#297 = DIRECTION('',(0.,0.,1.));
#298 = ADVANCED_FACE('',(#299),#317,.F.);
#299 = FACE_BOUND('',#300,.F.);
#300 = EDGE_LOOP('',(#301,#302,#303,#311));
#301 = ORIENTED_EDGE('',*,*,#288,.F.);
#302 = ORIENTED_EDGE('',*,*,#31,.T.);
#303 = ORIENTED_EDGE('',*,*,#304,.T.);
#304 = EDGE_CURVE('',#32,#305,#307,.T.);
#305 = VERTEX_POINT('',#306);
#306 = CARTESIAN_POINT('',(-113.501,23.3,4.8));
#307 = LINE('',#308,#309);
#308 = CARTESIAN_POINT('',(-113.501,22.220426829268,3.720426829268));
#309 = VECTOR('',#310,1.);
#310 = DIRECTION('',(9.87E-15,0.707106781187,0.707106781187));
#311 = ORIENTED_EDGE('',*,*,#312,.F.);
#312 = EDGE_CURVE('',#281,#305,#313,.T.);
#313 = LINE('',#314,#315);
#314 = CARTESIAN_POINT('',(-110.301,23.3,4.8));
#315 = VECTOR('',#316,1.);
#316 = DIRECTION('',(-1.,0.,0.));
#317 = PLANE('',#318);
#318 = AXIS2_PLACEMENT_3D('',#319,#320,#321);
#319 = CARTESIAN_POINT('',(-110.301,23.2,4.7));
#320 = DIRECTION('',(0.,0.707106781187,-0.707106781187));
#321 = DIRECTION('',(-1.,0.,0.));
#322 = ADVANCED_FACE('',(#323),#414,.T.);
#323 = FACE_BOUND('',#324,.T.);
#324 = EDGE_LOOP('',(#325,#335,#343,#351,#359,#367,#375,#383,#391,#399,
    #405,#406,#407,#408));
#325 = ORIENTED_EDGE('',*,*,#326,.T.);
#326 = EDGE_CURVE('',#327,#329,#331,.T.);
#327 = VERTEX_POINT('',#328);
#328 = CARTESIAN_POINT('',(-110.601,19.,4.8));
#329 = VERTEX_POINT('',#330);
#330 = CARTESIAN_POINT('',(-110.601,19.,6.3));
#331 = LINE('',#332,#333);
#332 = CARTESIAN_POINT('',(-110.601,19.,6.1));
#333 = VECTOR('',#334,1.);
#334 = DIRECTION('',(0.,0.,1.));
#335 = ORIENTED_EDGE('',*,*,#336,.T.);
#336 = EDGE_CURVE('',#329,#337,#339,.T.);
#337 = VERTEX_POINT('',#338);
#338 = CARTESIAN_POINT('',(-9.684,19.,6.3));
#339 = LINE('',#340,#341);
#340 = CARTESIAN_POINT('',(-110.301,19.,6.3));
#341 = VECTOR('',#342,1.);
#342 = DIRECTION('',(1.,0.,0.));
#343 = ORIENTED_EDGE('',*,*,#344,.F.);
#344 = EDGE_CURVE('',#345,#337,#347,.T.);
#345 = VERTEX_POINT('',#346);
#346 = CARTESIAN_POINT('',(-9.684,19.,3.8));
#347 = LINE('',#348,#349);
#348 = CARTESIAN_POINT('',(-9.684,19.,4.9));
#349 = VECTOR('',#350,1.);
#350 = DIRECTION('',(0.,0.,1.));
#351 = ORIENTED_EDGE('',*,*,#352,.T.);
#352 = EDGE_CURVE('',#345,#353,#355,.T.);
#353 = VERTEX_POINT('',#354);
#354 = CARTESIAN_POINT('',(-48.59344928238,19.,3.8));
#355 = LINE('',#356,#357);
#356 = CARTESIAN_POINT('',(-9.684,19.,3.8));
#357 = VECTOR('',#358,1.);
#358 = DIRECTION('',(-1.,0.,0.));
#359 = ORIENTED_EDGE('',*,*,#360,.F.);
#360 = EDGE_CURVE('',#361,#353,#363,.T.);
#361 = VERTEX_POINT('',#362);
#362 = CARTESIAN_POINT('',(-48.59344928238,19.,4.8));
#363 = LINE('',#364,#365);
#364 = CARTESIAN_POINT('',(-48.59344928238,19.,3.8));
#365 = VECTOR('',#366,1.);
#366 = DIRECTION('',(0.,0.,-1.));
#367 = ORIENTED_EDGE('',*,*,#368,.F.);
#368 = EDGE_CURVE('',#369,#361,#371,.T.);
#369 = VERTEX_POINT('',#370);
#370 = CARTESIAN_POINT('',(-50.19261012,19.,4.8));
#371 = LINE('',#372,#373);
#372 = CARTESIAN_POINT('',(-54.76621771618,19.,4.8));
#373 = VECTOR('',#374,1.);
#374 = DIRECTION('',(1.,0.,0.));
#375 = ORIENTED_EDGE('',*,*,#376,.T.);
#376 = EDGE_CURVE('',#369,#377,#379,.T.);
#377 = VERTEX_POINT('',#378);
#378 = CARTESIAN_POINT('',(-50.19261012,19.,3.8));
#379 = LINE('',#380,#381);
#380 = CARTESIAN_POINT('',(-50.19261012,19.,3.8));
#381 = VECTOR('',#382,1.);
#382 = DIRECTION('',(0.,0.,-1.));
#383 = ORIENTED_EDGE('',*,*,#384,.T.);
#384 = EDGE_CURVE('',#377,#385,#387,.T.);
#385 = VERTEX_POINT('',#386);
#386 = CARTESIAN_POINT('',(-109.801,19.,3.8));
#387 = LINE('',#388,#389);
#388 = CARTESIAN_POINT('',(-9.684,19.,3.8));
#389 = VECTOR('',#390,1.);
#390 = DIRECTION('',(-1.,0.,0.));
#391 = ORIENTED_EDGE('',*,*,#392,.T.);
#392 = EDGE_CURVE('',#385,#393,#395,.T.);
#393 = VERTEX_POINT('',#394);
#394 = CARTESIAN_POINT('',(-109.801,19.,4.8));
#395 = LINE('',#396,#397);
#396 = CARTESIAN_POINT('',(-109.801,19.,3.8));
#397 = VECTOR('',#398,1.);
#398 = DIRECTION('',(0.,0.,1.));
#399 = ORIENTED_EDGE('',*,*,#400,.T.);
#400 = EDGE_CURVE('',#393,#137,#401,.T.);
#401 = LINE('',#402,#403);
#402 = CARTESIAN_POINT('',(-109.801,19.,4.8));
#403 = VECTOR('',#404,1.);
#404 = DIRECTION('',(-1.,0.,0.));
#405 = ORIENTED_EDGE('',*,*,#136,.T.);
#406 = ORIENTED_EDGE('',*,*,#121,.T.);
#407 = ORIENTED_EDGE('',*,*,#113,.T.);
#408 = ORIENTED_EDGE('',*,*,#409,.T.);
#409 = EDGE_CURVE('',#106,#327,#410,.T.);
#410 = LINE('',#411,#412);
#411 = CARTESIAN_POINT('',(-97.97044020757,19.,17.430559792428));
#412 = VECTOR('',#413,1.);
#413 = DIRECTION('',(0.707106781187,0.,0.707106781187));
#414 = PLANE('',#415);
#415 = AXIS2_PLACEMENT_3D('',#416,#417,#418);
#416 = CARTESIAN_POINT('',(-60.13210235622,19.,5.053341525936));
#417 = DIRECTION('',(0.,1.,0.));
#418 = DIRECTION('',(0.,0.,1.));
#419 = ADVANCED_FACE('',(#420),#462,.T.);
#420 = FACE_BOUND('',#421,.T.);
#421 = EDGE_LOOP('',(#422,#423,#424,#432,#440,#448,#456));
#422 = ORIENTED_EDGE('',*,*,#39,.T.);
#423 = ORIENTED_EDGE('',*,*,#304,.T.);
#424 = ORIENTED_EDGE('',*,*,#425,.F.);
#425 = EDGE_CURVE('',#426,#305,#428,.T.);
#426 = VERTEX_POINT('',#427);
#427 = CARTESIAN_POINT('',(-113.501,23.3,6.6));
#428 = LINE('',#429,#430);
#429 = CARTESIAN_POINT('',(-113.501,23.3,4.8));
#430 = VECTOR('',#431,1.);
#431 = DIRECTION('',(-0.,-0.,-1.));
#432 = ORIENTED_EDGE('',*,*,#433,.F.);
#433 = EDGE_CURVE('',#434,#426,#436,.T.);
#434 = VERTEX_POINT('',#435);
#435 = CARTESIAN_POINT('',(-113.501,13.,6.6));
#436 = LINE('',#437,#438);
#437 = CARTESIAN_POINT('',(-113.501,13.,6.6));
#438 = VECTOR('',#439,1.);
#439 = DIRECTION('',(0.,1.,0.));
#440 = ORIENTED_EDGE('',*,*,#441,.T.);
#441 = EDGE_CURVE('',#434,#442,#444,.T.);
#442 = VERTEX_POINT('',#443);
#443 = CARTESIAN_POINT('',(-113.501,13.,4.9));
#444 = LINE('',#445,#446);
#445 = CARTESIAN_POINT('',(-113.501,13.,6.6));
#446 = VECTOR('',#447,1.);
#447 = DIRECTION('',(0.,0.,-1.));
#448 = ORIENTED_EDGE('',*,*,#449,.F.);
#449 = EDGE_CURVE('',#450,#442,#452,.T.);
#450 = VERTEX_POINT('',#451);
#451 = CARTESIAN_POINT('',(-113.501,22.5,4.9));
#452 = LINE('',#453,#454);
#453 = CARTESIAN_POINT('',(-113.501,22.5,4.9));
#454 = VECTOR('',#455,1.);
#455 = DIRECTION('',(0.,-1.,0.));
#456 = ORIENTED_EDGE('',*,*,#457,.T.);
#457 = EDGE_CURVE('',#450,#40,#458,.T.);
#458 = LINE('',#459,#460);
#459 = CARTESIAN_POINT('',(-113.501,22.5,6.6));
#460 = VECTOR('',#461,1.);
#461 = DIRECTION('',(0.,0.,-1.));
#462 = PLANE('',#463);
#463 = AXIS2_PLACEMENT_3D('',#464,#465,#466);
#464 = CARTESIAN_POINT('',(-113.501,18.265853658537,5.715853658537));
#465 = DIRECTION('',(1.,0.,-1.396E-14));
#466 = DIRECTION('',(1.396E-14,0.,1.));
#467 = ADVANCED_FACE('',(#468),#486,.T.);
#468 = FACE_BOUND('',#469,.T.);
#469 = EDGE_LOOP('',(#470,#478,#479,#480));
#470 = ORIENTED_EDGE('',*,*,#471,.T.);
#471 = EDGE_CURVE('',#472,#48,#474,.T.);
#472 = VERTEX_POINT('',#473);
#473 = CARTESIAN_POINT('',(-113.7554230498,23.942901428506,4.9));
#474 = LINE('',#475,#476);
#475 = CARTESIAN_POINT('',(-113.7554230498,23.942901428506,4.9));
#476 = VECTOR('',#477,1.);
#477 = DIRECTION('',(0.,0.,-1.));
#478 = ORIENTED_EDGE('',*,*,#47,.F.);
#479 = ORIENTED_EDGE('',*,*,#457,.F.);
#480 = ORIENTED_EDGE('',*,*,#481,.T.);
#481 = EDGE_CURVE('',#450,#472,#482,.T.);
#482 = LINE('',#483,#484);
#483 = CARTESIAN_POINT('',(-113.501,22.5,4.9));
#484 = VECTOR('',#485,1.);
#485 = DIRECTION('',(-0.173648573161,0.984807683276,0.));
#486 = PLANE('',#487);
#487 = AXIS2_PLACEMENT_3D('',#488,#489,#490);
#488 = CARTESIAN_POINT('',(-113.6282115249,23.221450714253,4.75));
#489 = DIRECTION('',(-0.984807683276,-0.173648573161,1.3E-16));
#490 = DIRECTION('',(0.173648573161,-0.984807683276,0.));
#491 = ADVANCED_FACE('',(#492),#510,.F.);
#492 = FACE_BOUND('',#493,.T.);
#493 = EDGE_LOOP('',(#494,#495,#496,#504));
#494 = ORIENTED_EDGE('',*,*,#409,.F.);
#495 = ORIENTED_EDGE('',*,*,#105,.T.);
#496 = ORIENTED_EDGE('',*,*,#497,.T.);
#497 = EDGE_CURVE('',#98,#498,#500,.T.);
#498 = VERTEX_POINT('',#499);
#499 = CARTESIAN_POINT('',(-110.601,13.,4.8));
#500 = LINE('',#501,#502);
#501 = CARTESIAN_POINT('',(-111.6676666666,14.066666666667,
    3.733333333333));
#502 = VECTOR('',#503,1.);
#503 = DIRECTION('',(0.57735026919,-0.57735026919,0.57735026919));
#504 = ORIENTED_EDGE('',*,*,#505,.F.);
#505 = EDGE_CURVE('',#327,#498,#506,.T.);
#506 = LINE('',#507,#508);
#507 = CARTESIAN_POINT('',(-110.601,19.,4.8));
#508 = VECTOR('',#509,1.);
#509 = DIRECTION('',(0.,-1.,0.));
#510 = PLANE('',#511);
#511 = AXIS2_PLACEMENT_3D('',#512,#513,#514);
#512 = CARTESIAN_POINT('',(-110.701,19.,4.7));
#513 = DIRECTION('',(0.707106781187,-1.E-15,-0.707106781187));
#514 = DIRECTION('',(7.071067811865E-16,1.,-7.071067811865E-16));
#515 = ADVANCED_FACE('',(#516),#535,.T.);
#516 = FACE_BOUND('',#517,.T.);
#517 = EDGE_LOOP('',(#518,#527,#533,#534));
#518 = ORIENTED_EDGE('',*,*,#519,.F.);
#519 = EDGE_CURVE('',#520,#472,#522,.T.);
#520 = VERTEX_POINT('',#521);
#521 = CARTESIAN_POINT('',(-113.801,24.46384714799,4.9));
#522 = CIRCLE('',#523,3.);
#523 = AXIS2_PLACEMENT_3D('',#524,#525,#526);
#524 = CARTESIAN_POINT('',(-110.801,24.46384714799,4.9));
#525 = DIRECTION('',(0.,-0.,1.));
#526 = DIRECTION('',(0.,1.,0.));
#527 = ORIENTED_EDGE('',*,*,#528,.T.);
#528 = EDGE_CURVE('',#520,#56,#529,.T.);
#529 = LINE('',#530,#531);
#530 = CARTESIAN_POINT('',(-113.801,24.46384714799,4.8));
#531 = VECTOR('',#532,1.);
#532 = DIRECTION('',(-0.,-0.,-1.));
#533 = ORIENTED_EDGE('',*,*,#55,.T.);
#534 = ORIENTED_EDGE('',*,*,#471,.F.);
#535 = CYLINDRICAL_SURFACE('',#536,3.);
#536 = AXIS2_PLACEMENT_3D('',#537,#538,#539);
#537 = CARTESIAN_POINT('',(-110.801,24.46384714799,4.8));
#538 = DIRECTION('',(0.,0.,1.));
#539 = DIRECTION('',(0.,1.,0.));
#540 = ADVANCED_FACE('',(#541),#559,.F.);
#541 = FACE_BOUND('',#542,.T.);
#542 = EDGE_LOOP('',(#543,#544,#545,#553));
#543 = ORIENTED_EDGE('',*,*,#497,.F.);
#544 = ORIENTED_EDGE('',*,*,#97,.T.);
#545 = ORIENTED_EDGE('',*,*,#546,.T.);
#546 = EDGE_CURVE('',#90,#547,#549,.T.);
#547 = VERTEX_POINT('',#548);
#548 = CARTESIAN_POINT('',(-113.501,13.,4.8));
#549 = LINE('',#550,#551);
#550 = CARTESIAN_POINT('',(-113.5002417718,13.004300115271,
    4.795699884729));
#551 = VECTOR('',#552,1.);
#552 = DIRECTION('',(-0.123724316309,-0.701673817936,0.701673817936));
#553 = ORIENTED_EDGE('',*,*,#554,.F.);
#554 = EDGE_CURVE('',#498,#547,#555,.T.);
#555 = LINE('',#556,#557);
#556 = CARTESIAN_POINT('',(-110.601,13.,4.8));
#557 = VECTOR('',#558,1.);
#558 = DIRECTION('',(-1.,0.,0.));
#559 = PLANE('',#560);
#560 = AXIS2_PLACEMENT_3D('',#561,#562,#563);
#561 = CARTESIAN_POINT('',(-110.601,13.1,4.7));
#562 = DIRECTION('',(0.,-0.707106781187,-0.707106781187));
#563 = DIRECTION('',(1.,0.,-0.));
#564 = ADVANCED_FACE('',(#565),#663,.T.);
#565 = FACE_BOUND('',#566,.T.);
#566 = EDGE_LOOP('',(#567,#577,#585,#593,#601,#609,#615,#616,#617,#625,
    #633,#641,#649,#657));
#567 = ORIENTED_EDGE('',*,*,#568,.T.);
#568 = EDGE_CURVE('',#569,#571,#573,.T.);
#569 = VERTEX_POINT('',#570);
#570 = CARTESIAN_POINT('',(-113.801,139.,2.3));
#571 = VERTEX_POINT('',#572);
#572 = CARTESIAN_POINT('',(-113.801,136.,2.3));
#573 = LINE('',#574,#575);
#574 = CARTESIAN_POINT('',(-113.801,139.,2.3));
#575 = VECTOR('',#576,1.);
#576 = DIRECTION('',(0.,-1.,0.));
#577 = ORIENTED_EDGE('',*,*,#578,.F.);
#578 = EDGE_CURVE('',#579,#571,#581,.T.);
#579 = VERTEX_POINT('',#580);
#580 = CARTESIAN_POINT('',(-113.801,136.,3.8));
#581 = LINE('',#582,#583);
#582 = CARTESIAN_POINT('',(-113.801,136.,3.8));
#583 = VECTOR('',#584,1.);
#584 = DIRECTION('',(-0.,-0.,-1.));
#585 = ORIENTED_EDGE('',*,*,#586,.T.);
#586 = EDGE_CURVE('',#579,#587,#589,.T.);
#587 = VERTEX_POINT('',#588);
#588 = CARTESIAN_POINT('',(-113.801,11.,3.8));
#589 = LINE('',#590,#591);
#590 = CARTESIAN_POINT('',(-113.801,139.,3.8));
#591 = VECTOR('',#592,1.);
#592 = DIRECTION('',(0.,-1.,0.));
#593 = ORIENTED_EDGE('',*,*,#594,.F.);
#594 = EDGE_CURVE('',#595,#587,#597,.T.);
#595 = VERTEX_POINT('',#596);
#596 = CARTESIAN_POINT('',(-113.801,11.,4.9));
#597 = LINE('',#598,#599);
#598 = CARTESIAN_POINT('',(-113.801,11.,4.9));
#599 = VECTOR('',#600,1.);
#600 = DIRECTION('',(-0.,-0.,-1.));
#601 = ORIENTED_EDGE('',*,*,#602,.F.);
#602 = EDGE_CURVE('',#603,#595,#605,.T.);
#603 = VERTEX_POINT('',#604);
#604 = CARTESIAN_POINT('',(-113.801,11.03615285201,4.9));
#605 = LINE('',#606,#607);
#606 = CARTESIAN_POINT('',(-113.801,139.,4.9));
#607 = VECTOR('',#608,1.);
#608 = DIRECTION('',(0.,-1.,0.));
#609 = ORIENTED_EDGE('',*,*,#610,.T.);
#610 = EDGE_CURVE('',#603,#65,#611,.T.);
#611 = LINE('',#612,#613);
#612 = CARTESIAN_POINT('',(-113.801,11.03615285201,4.9));
#613 = VECTOR('',#614,1.);
#614 = DIRECTION('',(0.,0.,-1.));
#615 = ORIENTED_EDGE('',*,*,#64,.F.);
#616 = ORIENTED_EDGE('',*,*,#528,.F.);
#617 = ORIENTED_EDGE('',*,*,#618,.F.);
#618 = EDGE_CURVE('',#619,#520,#621,.T.);
#619 = VERTEX_POINT('',#620);
#620 = CARTESIAN_POINT('',(-113.801,125.53615285201,4.9));
#621 = LINE('',#622,#623);
#622 = CARTESIAN_POINT('',(-113.801,139.,4.9));
#623 = VECTOR('',#624,1.);
#624 = DIRECTION('',(0.,-1.,0.));
#625 = ORIENTED_EDGE('',*,*,#626,.T.);
#626 = EDGE_CURVE('',#619,#627,#629,.T.);
#627 = VERTEX_POINT('',#628);
#628 = CARTESIAN_POINT('',(-113.801,125.53615285201,4.6));
#629 = LINE('',#630,#631);
#630 = CARTESIAN_POINT('',(-113.801,125.53615285201,4.9));
#631 = VECTOR('',#632,1.);
#632 = DIRECTION('',(0.,0.,-1.));
#633 = ORIENTED_EDGE('',*,*,#634,.F.);
#634 = EDGE_CURVE('',#635,#627,#637,.T.);
#635 = VERTEX_POINT('',#636);
#636 = CARTESIAN_POINT('',(-113.801,138.96384714799,4.6));
#637 = LINE('',#638,#639);
#638 = CARTESIAN_POINT('',(-113.801,138.96384714799,4.6));
#639 = VECTOR('',#640,1.);
#640 = DIRECTION('',(0.,-1.,0.));
#641 = ORIENTED_EDGE('',*,*,#642,.F.);
#642 = EDGE_CURVE('',#643,#635,#645,.T.);
#643 = VERTEX_POINT('',#644);
#644 = CARTESIAN_POINT('',(-113.801,138.96384714799,4.9));
#645 = LINE('',#646,#647);
#646 = CARTESIAN_POINT('',(-113.801,138.96384714799,4.8));
#647 = VECTOR('',#648,1.);
#648 = DIRECTION('',(-0.,-0.,-1.));
#649 = ORIENTED_EDGE('',*,*,#650,.F.);
#650 = EDGE_CURVE('',#651,#643,#653,.T.);
#651 = VERTEX_POINT('',#652);
#652 = CARTESIAN_POINT('',(-113.801,139.,4.9));
#653 = LINE('',#654,#655);
#654 = CARTESIAN_POINT('',(-113.801,139.,4.9));
#655 = VECTOR('',#656,1.);
#656 = DIRECTION('',(0.,-1.,0.));
#657 = ORIENTED_EDGE('',*,*,#658,.T.);
#658 = EDGE_CURVE('',#651,#569,#659,.T.);
#659 = LINE('',#660,#661);
#660 = CARTESIAN_POINT('',(-113.801,139.,3.8));
#661 = VECTOR('',#662,1.);
#662 = DIRECTION('',(-0.,-0.,-1.));
#663 = PLANE('',#664);
#664 = AXIS2_PLACEMENT_3D('',#665,#666,#667);
#665 = CARTESIAN_POINT('',(-113.801,75.716743119266,4.308388612924));
#666 = DIRECTION('',(-1.,0.,3.37E-15));
#667 = DIRECTION('',(-3.37E-15,0.,-1.));
#668 = ADVANCED_FACE('',(#669),#694,.T.);
#669 = FACE_BOUND('',#670,.T.);
#670 = EDGE_LOOP('',(#671,#677,#678,#679,#680,#688));
#671 = ORIENTED_EDGE('',*,*,#672,.T.);
#672 = EDGE_CURVE('',#442,#547,#673,.T.);
#673 = LINE('',#674,#675);
#674 = CARTESIAN_POINT('',(-113.501,13.,4.8));
#675 = VECTOR('',#676,1.);
#676 = DIRECTION('',(-0.,-0.,-1.));
#677 = ORIENTED_EDGE('',*,*,#546,.F.);
#678 = ORIENTED_EDGE('',*,*,#89,.F.);
#679 = ORIENTED_EDGE('',*,*,#81,.T.);
#680 = ORIENTED_EDGE('',*,*,#681,.F.);
#681 = EDGE_CURVE('',#682,#73,#684,.T.);
#682 = VERTEX_POINT('',#683);
#683 = CARTESIAN_POINT('',(-113.7554230498,11.557098571494,4.9));
#684 = LINE('',#685,#686);
#685 = CARTESIAN_POINT('',(-113.7554230498,11.557098571494,4.8));
#686 = VECTOR('',#687,1.);
#687 = DIRECTION('',(-0.,-0.,-1.));
#688 = ORIENTED_EDGE('',*,*,#689,.F.);
#689 = EDGE_CURVE('',#442,#682,#690,.T.);
#690 = LINE('',#691,#692);
#691 = CARTESIAN_POINT('',(-113.501,13.,4.9));
#692 = VECTOR('',#693,1.);
#693 = DIRECTION('',(-0.173648573161,-0.984807683276,0.));
#694 = PLANE('',#695);
#695 = AXIS2_PLACEMENT_3D('',#696,#697,#698);
#696 = CARTESIAN_POINT('',(-113.6282115249,12.278549285747,4.75));
#697 = DIRECTION('',(-0.984807683276,0.173648573161,0.));
#698 = DIRECTION('',(-0.173648573161,-0.984807683276,0.));
#699 = ADVANCED_FACE('',(#700),#712,.T.);
#700 = FACE_BOUND('',#701,.T.);
#701 = EDGE_LOOP('',(#702,#703,#704,#711));
#702 = ORIENTED_EDGE('',*,*,#72,.F.);
#703 = ORIENTED_EDGE('',*,*,#610,.F.);
#704 = ORIENTED_EDGE('',*,*,#705,.T.);
#705 = EDGE_CURVE('',#603,#682,#706,.T.);
#706 = CIRCLE('',#707,3.);
#707 = AXIS2_PLACEMENT_3D('',#708,#709,#710);
#708 = CARTESIAN_POINT('',(-110.801,11.03615285201,4.9));
#709 = DIRECTION('',(0.,0.,-1.));
#710 = DIRECTION('',(0.,1.,0.));
#711 = ORIENTED_EDGE('',*,*,#681,.T.);
#712 = CYLINDRICAL_SURFACE('',#713,3.);
#713 = AXIS2_PLACEMENT_3D('',#714,#715,#716);
#714 = CARTESIAN_POINT('',(-110.801,11.03615285201,4.9));
#715 = DIRECTION('',(0.,0.,-1.));
#716 = DIRECTION('',(-1.,0.,0.));
#717 = ADVANCED_FACE('',(#718),#745,.T.);
#718 = FACE_BOUND('',#719,.T.);
#719 = EDGE_LOOP('',(#720,#721,#722,#723,#731,#739));
#720 = ORIENTED_EDGE('',*,*,#425,.T.);
#721 = ORIENTED_EDGE('',*,*,#312,.F.);
#722 = ORIENTED_EDGE('',*,*,#280,.F.);
#723 = ORIENTED_EDGE('',*,*,#724,.T.);
#724 = EDGE_CURVE('',#273,#725,#727,.T.);
#725 = VERTEX_POINT('',#726);
#726 = CARTESIAN_POINT('',(-110.601,23.3,6.3));
#727 = LINE('',#728,#729);
#728 = CARTESIAN_POINT('',(-110.301,23.3,6.3));
#729 = VECTOR('',#730,1.);
#730 = DIRECTION('',(-1.,-0.,-0.));
#731 = ORIENTED_EDGE('',*,*,#732,.F.);
#732 = EDGE_CURVE('',#733,#725,#735,.T.);
#733 = VERTEX_POINT('',#734);
#734 = CARTESIAN_POINT('',(-110.601,23.3,6.6));
#735 = LINE('',#736,#737);
#736 = CARTESIAN_POINT('',(-110.601,23.3,6.6));
#737 = VECTOR('',#738,1.);
#738 = DIRECTION('',(0.,0.,-1.));
#739 = ORIENTED_EDGE('',*,*,#740,.F.);
#740 = EDGE_CURVE('',#426,#733,#741,.T.);
#741 = LINE('',#742,#743);
#742 = CARTESIAN_POINT('',(-113.501,23.3,6.6));
#743 = VECTOR('',#744,1.);
#744 = DIRECTION('',(1.,0.,0.));
#745 = PLANE('',#746);
#746 = AXIS2_PLACEMENT_3D('',#747,#748,#749);
#747 = CARTESIAN_POINT('',(-111.9096538461,23.3,5.591346153846));
#748 = DIRECTION('',(-0.,-1.,-1.14E-15));
#749 = DIRECTION('',(0.,1.14E-15,-1.));
#750 = ADVANCED_FACE('',(#751),#769,.F.);
#751 = FACE_BOUND('',#752,.F.);
#752 = EDGE_LOOP('',(#753,#754,#762,#768));
#753 = ORIENTED_EDGE('',*,*,#144,.T.);
#754 = ORIENTED_EDGE('',*,*,#755,.T.);
#755 = EDGE_CURVE('',#145,#756,#758,.T.);
#756 = VERTEX_POINT('',#757);
#757 = CARTESIAN_POINT('',(-109.801,13.,4.8));
#758 = LINE('',#759,#760);
#759 = CARTESIAN_POINT('',(-110.301,13.,4.8));
#760 = VECTOR('',#761,1.);
#761 = DIRECTION('',(1.,0.,0.));
#762 = ORIENTED_EDGE('',*,*,#763,.T.);
#763 = EDGE_CURVE('',#756,#393,#764,.T.);
#764 = LINE('',#765,#766);
#765 = CARTESIAN_POINT('',(-109.801,13.,4.8));
#766 = VECTOR('',#767,1.);
#767 = DIRECTION('',(-0.,1.,0.));
#768 = ORIENTED_EDGE('',*,*,#400,.T.);
#769 = PLANE('',#770);
#770 = AXIS2_PLACEMENT_3D('',#771,#772,#773);
#771 = CARTESIAN_POINT('',(-110.051,16.,4.8));
#772 = DIRECTION('',(0.,0.,1.));
#773 = DIRECTION('',(1.,0.,0.));
#774 = ADVANCED_FACE('',(#775,#896),#966,.T.);
#775 = FACE_BOUND('',#776,.T.);
#776 = EDGE_LOOP('',(#777,#783,#784,#785,#793,#801,#807,#808,#817,#825,
    #833,#841,#849,#857,#865,#873,#881,#889,#895));
#777 = ORIENTED_EDGE('',*,*,#778,.T.);
#778 = EDGE_CURVE('',#329,#725,#779,.T.);
#779 = LINE('',#780,#781);
#780 = CARTESIAN_POINT('',(-110.601,20.75,6.3));
#781 = VECTOR('',#782,1.);
#782 = DIRECTION('',(0.,1.,0.));
#783 = ORIENTED_EDGE('',*,*,#724,.F.);
#784 = ORIENTED_EDGE('',*,*,#272,.F.);
#785 = ORIENTED_EDGE('',*,*,#786,.T.);
#786 = EDGE_CURVE('',#265,#787,#789,.T.);
#787 = VERTEX_POINT('',#788);
#788 = CARTESIAN_POINT('',(-110.601,126.7,6.3));
#789 = LINE('',#790,#791);
#790 = CARTESIAN_POINT('',(-110.301,126.7,6.3));
#791 = VECTOR('',#792,1.);
#792 = DIRECTION('',(-1.,-0.,-0.));
#793 = ORIENTED_EDGE('',*,*,#794,.F.);
#794 = EDGE_CURVE('',#795,#787,#797,.T.);
#795 = VERTEX_POINT('',#796);
#796 = CARTESIAN_POINT('',(-110.601,137.,6.3));
#797 = LINE('',#798,#799);
#798 = CARTESIAN_POINT('',(-110.601,127.5,6.3));
#799 = VECTOR('',#800,1.);
#800 = DIRECTION('',(-0.,-1.,-0.));
#801 = ORIENTED_EDGE('',*,*,#802,.F.);
#802 = EDGE_CURVE('',#225,#795,#803,.T.);
#803 = LINE('',#804,#805);
#804 = CARTESIAN_POINT('',(-110.301,137.,6.3));
#805 = VECTOR('',#806,1.);
#806 = DIRECTION('',(-1.,-0.,-0.));
#807 = ORIENTED_EDGE('',*,*,#224,.F.);
#808 = ORIENTED_EDGE('',*,*,#809,.F.);
#809 = EDGE_CURVE('',#810,#217,#812,.T.);
#810 = VERTEX_POINT('',#811);
#811 = CARTESIAN_POINT('',(-109.801,145.,6.3));
#812 = CIRCLE('',#813,0.5);
#813 = AXIS2_PLACEMENT_3D('',#814,#815,#816);
#814 = CARTESIAN_POINT('',(-110.301,145.,6.3));
#815 = DIRECTION('',(0.,0.,1.));
#816 = DIRECTION('',(-1.,0.,0.));
#817 = ORIENTED_EDGE('',*,*,#818,.F.);
#818 = EDGE_CURVE('',#819,#810,#821,.T.);
#819 = VERTEX_POINT('',#820);
#820 = CARTESIAN_POINT('',(-9.684,145.,6.3));
#821 = LINE('',#822,#823);
#822 = CARTESIAN_POINT('',(-3.774,145.,6.3));
#823 = VECTOR('',#824,1.);
#824 = DIRECTION('',(-1.,0.,0.));
#825 = ORIENTED_EDGE('',*,*,#826,.F.);
#826 = EDGE_CURVE('',#827,#819,#829,.T.);
#827 = VERTEX_POINT('',#828);
#828 = CARTESIAN_POINT('',(-9.684,116.1,6.3));
#829 = LINE('',#830,#831);
#830 = CARTESIAN_POINT('',(-9.684,41.07609257209,6.3));
#831 = VECTOR('',#832,1.);
#832 = DIRECTION('',(0.,1.,0.));
#833 = ORIENTED_EDGE('',*,*,#834,.F.);
#834 = EDGE_CURVE('',#835,#827,#837,.T.);
#835 = VERTEX_POINT('',#836);
#836 = CARTESIAN_POINT('',(-10.484,116.1,6.3));
#837 = LINE('',#838,#839);
#838 = CARTESIAN_POINT('',(-10.484,116.1,6.3));
#839 = VECTOR('',#840,1.);
#840 = DIRECTION('',(1.,0.,0.));
#841 = ORIENTED_EDGE('',*,*,#842,.T.);
#842 = EDGE_CURVE('',#835,#843,#845,.T.);
#843 = VERTEX_POINT('',#844);
#844 = CARTESIAN_POINT('',(-10.484,106.6,6.3));
#845 = LINE('',#846,#847);
#846 = CARTESIAN_POINT('',(-10.484,116.1,6.3));
#847 = VECTOR('',#848,1.);
#848 = DIRECTION('',(0.,-1.,0.));
#849 = ORIENTED_EDGE('',*,*,#850,.T.);
#850 = EDGE_CURVE('',#843,#851,#853,.T.);
#851 = VERTEX_POINT('',#852);
#852 = CARTESIAN_POINT('',(-9.684,106.6,6.3));
#853 = LINE('',#854,#855);
#854 = CARTESIAN_POINT('',(-10.484,106.6,6.3));
#855 = VECTOR('',#856,1.);
#856 = DIRECTION('',(1.,0.,0.));
#857 = ORIENTED_EDGE('',*,*,#858,.F.);
#858 = EDGE_CURVE('',#859,#851,#861,.T.);
#859 = VERTEX_POINT('',#860);
#860 = CARTESIAN_POINT('',(-9.684,67.1,6.3));
#861 = LINE('',#862,#863);
#862 = CARTESIAN_POINT('',(-9.684,41.07609257209,6.3));
#863 = VECTOR('',#864,1.);
#864 = DIRECTION('',(0.,1.,0.));
#865 = ORIENTED_EDGE('',*,*,#866,.F.);
#866 = EDGE_CURVE('',#867,#859,#869,.T.);
#867 = VERTEX_POINT('',#868);
#868 = CARTESIAN_POINT('',(-10.484,67.1,6.3));
#869 = LINE('',#870,#871);
#870 = CARTESIAN_POINT('',(-10.484,67.1,6.3));
#871 = VECTOR('',#872,1.);
#872 = DIRECTION('',(1.,0.,0.));
#873 = ORIENTED_EDGE('',*,*,#874,.F.);
#874 = EDGE_CURVE('',#875,#867,#877,.T.);
#875 = VERTEX_POINT('',#876);
#876 = CARTESIAN_POINT('',(-10.484,58.1,6.3));
#877 = LINE('',#878,#879);
#878 = CARTESIAN_POINT('',(-10.484,58.1,6.3));
#879 = VECTOR('',#880,1.);
#880 = DIRECTION('',(0.,1.,0.));
#881 = ORIENTED_EDGE('',*,*,#882,.T.);
#882 = EDGE_CURVE('',#875,#883,#885,.T.);
#883 = VERTEX_POINT('',#884);
#884 = CARTESIAN_POINT('',(-9.684,58.1,6.3));
#885 = LINE('',#886,#887);
#886 = CARTESIAN_POINT('',(-10.484,58.1,6.3));
#887 = VECTOR('',#888,1.);
#888 = DIRECTION('',(1.,0.,0.));
#889 = ORIENTED_EDGE('',*,*,#890,.F.);
#890 = EDGE_CURVE('',#337,#883,#891,.T.);
#891 = LINE('',#892,#893);
#892 = CARTESIAN_POINT('',(-9.684,41.07609257209,6.3));
#893 = VECTOR('',#894,1.);
#894 = DIRECTION('',(0.,1.,0.));
#895 = ORIENTED_EDGE('',*,*,#336,.F.);
#896 = FACE_BOUND('',#897,.T.);
#897 = EDGE_LOOP('',(#898,#909,#917,#926,#934,#943,#951,#960));
#898 = ORIENTED_EDGE('',*,*,#899,.F.);
#899 = EDGE_CURVE('',#900,#902,#904,.T.);
#900 = VERTEX_POINT('',#901);
#901 = CARTESIAN_POINT('',(-18.804,24.5,6.3));
#902 = VERTEX_POINT('',#903);
#903 = CARTESIAN_POINT('',(-20.804,22.5,6.3));
#904 = CIRCLE('',#905,2.);
#905 = AXIS2_PLACEMENT_3D('',#906,#907,#908);
#906 = CARTESIAN_POINT('',(-20.804,24.5,6.3));
#907 = DIRECTION('',(0.,0.,-1.));
#908 = DIRECTION('',(-1.,-0.,-0.));
#909 = ORIENTED_EDGE('',*,*,#910,.T.);
#910 = EDGE_CURVE('',#900,#911,#913,.T.);
#911 = VERTEX_POINT('',#912);
#912 = CARTESIAN_POINT('',(-18.804,139.5,6.3));
#913 = LINE('',#914,#915);
#914 = CARTESIAN_POINT('',(-18.804,110.82609257209,6.3));
#915 = VECTOR('',#916,1.);
#916 = DIRECTION('',(0.,1.,0.));
#917 = ORIENTED_EDGE('',*,*,#918,.F.);
#918 = EDGE_CURVE('',#919,#911,#921,.T.);
#919 = VERTEX_POINT('',#920);
#920 = CARTESIAN_POINT('',(-20.804,141.5,6.3));
#921 = CIRCLE('',#922,2.);
#922 = AXIS2_PLACEMENT_3D('',#923,#924,#925);
#923 = CARTESIAN_POINT('',(-20.804,139.5,6.3));
#924 = DIRECTION('',(0.,0.,-1.));
#925 = DIRECTION('',(-1.,-0.,-0.));
#926 = ORIENTED_EDGE('',*,*,#927,.T.);
#927 = EDGE_CURVE('',#919,#928,#930,.T.);
#928 = VERTEX_POINT('',#929);
#929 = CARTESIAN_POINT('',(-104.801,141.5,6.3));
#930 = LINE('',#931,#932);
#931 = CARTESIAN_POINT('',(-80.98363266913,141.5,6.3));
#932 = VECTOR('',#933,1.);
#933 = DIRECTION('',(-1.,-0.,-0.));
#934 = ORIENTED_EDGE('',*,*,#935,.F.);
#935 = EDGE_CURVE('',#936,#928,#938,.T.);
#936 = VERTEX_POINT('',#937);
#937 = CARTESIAN_POINT('',(-106.801,139.5,6.3));
#938 = CIRCLE('',#939,2.);
#939 = AXIS2_PLACEMENT_3D('',#940,#941,#942);
#940 = CARTESIAN_POINT('',(-104.801,139.5,6.3));
#941 = DIRECTION('',(0.,0.,-1.));
#942 = DIRECTION('',(-1.,-0.,-0.));
#943 = ORIENTED_EDGE('',*,*,#944,.T.);
#944 = EDGE_CURVE('',#936,#945,#947,.T.);
#945 = VERTEX_POINT('',#946);
#946 = CARTESIAN_POINT('',(-106.801,24.5,6.3));
#947 = LINE('',#948,#949);
#948 = CARTESIAN_POINT('',(-106.801,53.32609257209,6.3));
#949 = VECTOR('',#950,1.);
#950 = DIRECTION('',(-0.,-1.,-0.));
#951 = ORIENTED_EDGE('',*,*,#952,.F.);
#952 = EDGE_CURVE('',#953,#945,#955,.T.);
#953 = VERTEX_POINT('',#954);
#954 = CARTESIAN_POINT('',(-104.801,22.5,6.3));
#955 = CIRCLE('',#956,2.);
#956 = AXIS2_PLACEMENT_3D('',#957,#958,#959);
#957 = CARTESIAN_POINT('',(-104.801,24.5,6.3));
#958 = DIRECTION('',(0.,0.,-1.));
#959 = DIRECTION('',(-1.,-0.,-0.));
#960 = ORIENTED_EDGE('',*,*,#961,.T.);
#961 = EDGE_CURVE('',#953,#902,#962,.T.);
#962 = LINE('',#963,#964);
#963 = CARTESIAN_POINT('',(-38.98513266913,22.5,6.3));
#964 = VECTOR('',#965,1.);
#965 = DIRECTION('',(1.,0.,0.));
#966 = PLANE('',#967);
#967 = AXIS2_PLACEMENT_3D('',#968,#969,#970);
#968 = CARTESIAN_POINT('',(-59.94179044357,82.17496245772,6.3));
#969 = DIRECTION('',(-0.,-0.,-1.));
#970 = DIRECTION('',(-1.,0.,0.));
#971 = ADVANCED_FACE('',(#972),#990,.T.);
#972 = FACE_BOUND('',#973,.T.);
#973 = EDGE_LOOP('',(#974,#975,#976,#984));
#974 = ORIENTED_EDGE('',*,*,#152,.T.);
#975 = ORIENTED_EDGE('',*,*,#755,.T.);
#976 = ORIENTED_EDGE('',*,*,#977,.F.);
#977 = EDGE_CURVE('',#978,#756,#980,.T.);
#978 = VERTEX_POINT('',#979);
#979 = CARTESIAN_POINT('',(-109.801,13.,3.8));
#980 = LINE('',#981,#982);
#981 = CARTESIAN_POINT('',(-109.801,13.,4.6));
#982 = VECTOR('',#983,1.);
#983 = DIRECTION('',(0.,0.,1.));
#984 = ORIENTED_EDGE('',*,*,#985,.F.);
#985 = EDGE_CURVE('',#153,#978,#986,.T.);
#986 = LINE('',#987,#988);
#987 = CARTESIAN_POINT('',(-110.301,13.,3.8));
#988 = VECTOR('',#989,1.);
#989 = DIRECTION('',(1.,0.,0.));
#990 = PLANE('',#991);
#991 = AXIS2_PLACEMENT_3D('',#992,#993,#994);
#992 = CARTESIAN_POINT('',(-110.051,13.,4.3));
#993 = DIRECTION('',(0.,1.,0.));
#994 = DIRECTION('',(0.,0.,1.));
#995 = ADVANCED_FACE('',(#996),#1030,.T.);
#996 = FACE_BOUND('',#997,.T.);
#997 = EDGE_LOOP('',(#998,#1008,#1016,#1022,#1023,#1024));
#998 = ORIENTED_EDGE('',*,*,#999,.F.);
#999 = EDGE_CURVE('',#1000,#1002,#1004,.T.);
#1000 = VERTEX_POINT('',#1001);
#1001 = CARTESIAN_POINT('',(-113.501,126.7,6.6));
#1002 = VERTEX_POINT('',#1003);
#1003 = CARTESIAN_POINT('',(-113.501,126.7,4.8));
#1004 = LINE('',#1005,#1006);
#1005 = CARTESIAN_POINT('',(-113.501,126.7,6.6));
#1006 = VECTOR('',#1007,1.);
#1007 = DIRECTION('',(0.,0.,-1.));
#1008 = ORIENTED_EDGE('',*,*,#1009,.F.);
#1009 = EDGE_CURVE('',#1010,#1000,#1012,.T.);
#1010 = VERTEX_POINT('',#1011);
#1011 = CARTESIAN_POINT('',(-110.601,126.7,6.6));
#1012 = LINE('',#1013,#1014);
#1013 = CARTESIAN_POINT('',(-110.601,126.7,6.6));
#1014 = VECTOR('',#1015,1.);
#1015 = DIRECTION('',(-1.,-0.,-0.));
#1016 = ORIENTED_EDGE('',*,*,#1017,.F.);
#1017 = EDGE_CURVE('',#787,#1010,#1018,.T.);
#1018 = LINE('',#1019,#1020);
#1019 = CARTESIAN_POINT('',(-110.601,126.7,6.6));
#1020 = VECTOR('',#1021,1.);
#1021 = DIRECTION('',(0.,0.,1.));
#1022 = ORIENTED_EDGE('',*,*,#786,.F.);
#1023 = ORIENTED_EDGE('',*,*,#264,.T.);
#1024 = ORIENTED_EDGE('',*,*,#1025,.T.);
#1025 = EDGE_CURVE('',#257,#1002,#1026,.T.);
#1026 = LINE('',#1027,#1028);
#1027 = CARTESIAN_POINT('',(-110.301,126.7,4.8));
#1028 = VECTOR('',#1029,1.);
#1029 = DIRECTION('',(-1.,0.,0.));
#1030 = PLANE('',#1031);
#1031 = AXIS2_PLACEMENT_3D('',#1032,#1033,#1034);
#1032 = CARTESIAN_POINT('',(-111.9096538461,126.7,5.591346153846));
#1033 = DIRECTION('',(0.,1.,0.));
#1034 = DIRECTION('',(0.,0.,1.));
#1035 = ADVANCED_FACE('',(#1036,#1112,#1123,#1157,#1209,#1243,#1341,
    #1375,#1427,#1438,#1472,#1506),#1540,.F.);
#1036 = FACE_BOUND('',#1037,.T.);
#1037 = EDGE_LOOP('',(#1038,#1047,#1053,#1054,#1055,#1061,#1062,#1071,
    #1078,#1079,#1087,#1096,#1104,#1111));
#1038 = ORIENTED_EDGE('',*,*,#1039,.T.);
#1039 = EDGE_CURVE('',#579,#1040,#1042,.T.);
#1040 = VERTEX_POINT('',#1041);
#1041 = CARTESIAN_POINT('',(-112.801,135.,3.8));
#1042 = CIRCLE('',#1043,1.);
#1043 = AXIS2_PLACEMENT_3D('',#1044,#1045,#1046);
#1044 = CARTESIAN_POINT('',(-112.801,136.,3.8));
#1045 = DIRECTION('',(0.,-0.,1.));
#1046 = DIRECTION('',(0.,1.,0.));
#1047 = ORIENTED_EDGE('',*,*,#1048,.F.);
#1048 = EDGE_CURVE('',#161,#1040,#1049,.T.);
#1049 = LINE('',#1050,#1051);
#1050 = CARTESIAN_POINT('',(-104.301,135.,3.8));
#1051 = VECTOR('',#1052,1.);
#1052 = DIRECTION('',(-1.,0.,0.));
#1053 = ORIENTED_EDGE('',*,*,#160,.T.);
#1054 = ORIENTED_EDGE('',*,*,#985,.T.);
#1055 = ORIENTED_EDGE('',*,*,#1056,.T.);
#1056 = EDGE_CURVE('',#978,#385,#1057,.T.);
#1057 = LINE('',#1058,#1059);
#1058 = CARTESIAN_POINT('',(-109.801,13.,3.8));
#1059 = VECTOR('',#1060,1.);
#1060 = DIRECTION('',(-0.,1.,0.));
#1061 = ORIENTED_EDGE('',*,*,#384,.F.);
#1062 = ORIENTED_EDGE('',*,*,#1063,.F.);
#1063 = EDGE_CURVE('',#1064,#377,#1066,.T.);
#1064 = VERTEX_POINT('',#1065);
#1065 = CARTESIAN_POINT('',(-43.89302970119,13.558431186334,3.8));
#1066 = CIRCLE('',#1067,5.5);
#1067 = AXIS2_PLACEMENT_3D('',#1068,#1069,#1070);
#1068 = CARTESIAN_POINT('',(-49.39302970119,13.558431186334,3.8));
#1069 = DIRECTION('',(0.,0.,-1.));
#1070 = DIRECTION('',(1.,0.,0.));
#1071 = ORIENTED_EDGE('',*,*,#1072,.F.);
#1072 = EDGE_CURVE('',#353,#1064,#1073,.T.);
#1073 = CIRCLE('',#1074,5.5);
#1074 = AXIS2_PLACEMENT_3D('',#1075,#1076,#1077);
#1075 = CARTESIAN_POINT('',(-49.39302970119,13.558431186334,3.8));
#1076 = DIRECTION('',(0.,0.,-1.));
#1077 = DIRECTION('',(1.,0.,0.));
#1078 = ORIENTED_EDGE('',*,*,#352,.F.);
#1079 = ORIENTED_EDGE('',*,*,#1080,.F.);
#1080 = EDGE_CURVE('',#1081,#345,#1083,.T.);
#1081 = VERTEX_POINT('',#1082);
#1082 = CARTESIAN_POINT('',(-9.684,2.5,3.8));
#1083 = LINE('',#1084,#1085);
#1084 = CARTESIAN_POINT('',(-9.684,1.5,3.8));
#1085 = VECTOR('',#1086,1.);
#1086 = DIRECTION('',(-0.,1.,0.));
#1087 = ORIENTED_EDGE('',*,*,#1088,.T.);
#1088 = EDGE_CURVE('',#1081,#1089,#1091,.T.);
#1089 = VERTEX_POINT('',#1090);
#1090 = CARTESIAN_POINT('',(-10.684,1.5,3.8));
#1091 = CIRCLE('',#1092,1.);
#1092 = AXIS2_PLACEMENT_3D('',#1093,#1094,#1095);
#1093 = CARTESIAN_POINT('',(-10.684,2.5,3.8));
#1094 = DIRECTION('',(0.,0.,-1.));
#1095 = DIRECTION('',(0.,1.,0.));
#1096 = ORIENTED_EDGE('',*,*,#1097,.T.);
#1097 = EDGE_CURVE('',#1089,#1098,#1100,.T.);
#1098 = VERTEX_POINT('',#1099);
#1099 = CARTESIAN_POINT('',(-104.301,1.5,3.8));
#1100 = LINE('',#1101,#1102);
#1101 = CARTESIAN_POINT('',(-9.684,1.5,3.8));
#1102 = VECTOR('',#1103,1.);
#1103 = DIRECTION('',(-1.,0.,0.));
#1104 = ORIENTED_EDGE('',*,*,#1105,.F.);
#1105 = EDGE_CURVE('',#587,#1098,#1106,.T.);
#1106 = CIRCLE('',#1107,9.5);
#1107 = AXIS2_PLACEMENT_3D('',#1108,#1109,#1110);
#1108 = CARTESIAN_POINT('',(-104.301,11.,3.8));
#1109 = DIRECTION('',(0.,0.,1.));
#1110 = DIRECTION('',(-1.,0.,0.));
#1111 = ORIENTED_EDGE('',*,*,#586,.F.);
#1112 = FACE_BOUND('',#1113,.T.);
#1113 = EDGE_LOOP('',(#1114));
#1114 = ORIENTED_EDGE('',*,*,#1115,.T.);
#1115 = EDGE_CURVE('',#1116,#1116,#1118,.T.);
#1116 = VERTEX_POINT('',#1117);
#1117 = CARTESIAN_POINT('',(-21.001,11.,3.8));
#1118 = CIRCLE('',#1119,4.);
#1119 = AXIS2_PLACEMENT_3D('',#1120,#1121,#1122);
#1120 = CARTESIAN_POINT('',(-17.001,11.,3.8));
#1121 = DIRECTION('',(0.,0.,1.));
#1122 = DIRECTION('',(-1.,0.,0.));
#1123 = FACE_BOUND('',#1124,.T.);
#1124 = EDGE_LOOP('',(#1125,#1135,#1143,#1151));
#1125 = ORIENTED_EDGE('',*,*,#1126,.F.);
#1126 = EDGE_CURVE('',#1127,#1129,#1131,.T.);
#1127 = VERTEX_POINT('',#1128);
#1128 = CARTESIAN_POINT('',(-28.301,1.7,3.8));
#1129 = VERTEX_POINT('',#1130);
#1130 = CARTESIAN_POINT('',(-43.301,1.7,3.8));
#1131 = LINE('',#1132,#1133);
#1132 = CARTESIAN_POINT('',(-28.301,1.7,3.8));
#1133 = VECTOR('',#1134,1.);
#1134 = DIRECTION('',(-1.,-0.,-0.));
#1135 = ORIENTED_EDGE('',*,*,#1136,.T.);
#1136 = EDGE_CURVE('',#1127,#1137,#1139,.T.);
#1137 = VERTEX_POINT('',#1138);
#1138 = CARTESIAN_POINT('',(-28.301,3.8,3.8));
#1139 = LINE('',#1140,#1141);
#1140 = CARTESIAN_POINT('',(-28.301,1.7,3.8));
#1141 = VECTOR('',#1142,1.);
#1142 = DIRECTION('',(0.,1.,-0.));
#1143 = ORIENTED_EDGE('',*,*,#1144,.T.);
#1144 = EDGE_CURVE('',#1137,#1145,#1147,.T.);
#1145 = VERTEX_POINT('',#1146);
#1146 = CARTESIAN_POINT('',(-43.301,3.8,3.8));
#1147 = LINE('',#1148,#1149);
#1148 = CARTESIAN_POINT('',(-28.301,3.8,3.8));
#1149 = VECTOR('',#1150,1.);
#1150 = DIRECTION('',(-1.,-0.,-0.));
#1151 = ORIENTED_EDGE('',*,*,#1152,.F.);
#1152 = EDGE_CURVE('',#1129,#1145,#1153,.T.);
#1153 = LINE('',#1154,#1155);
#1154 = CARTESIAN_POINT('',(-43.301,1.7,3.8));
#1155 = VECTOR('',#1156,1.);
#1156 = DIRECTION('',(0.,1.,-0.));
#1157 = FACE_BOUND('',#1158,.T.);
#1158 = EDGE_LOOP('',(#1159,#1169,#1177,#1186,#1194,#1203));
#1159 = ORIENTED_EDGE('',*,*,#1160,.F.);
#1160 = EDGE_CURVE('',#1161,#1163,#1165,.T.);
#1161 = VERTEX_POINT('',#1162);
#1162 = CARTESIAN_POINT('',(-26.401,15.5,3.8));
#1163 = VERTEX_POINT('',#1164);
#1164 = CARTESIAN_POINT('',(-26.401,7.7,3.8));
#1165 = LINE('',#1166,#1167);
#1166 = CARTESIAN_POINT('',(-26.401,11.6,3.8));
#1167 = VECTOR('',#1168,1.);
#1168 = DIRECTION('',(2.73E-15,-1.,0.));
#1169 = ORIENTED_EDGE('',*,*,#1170,.T.);
#1170 = EDGE_CURVE('',#1161,#1171,#1173,.T.);
#1171 = VERTEX_POINT('',#1172);
#1172 = CARTESIAN_POINT('',(-34.301,15.5,3.8));
#1173 = LINE('',#1174,#1175);
#1174 = CARTESIAN_POINT('',(-26.401,15.5,3.8));
#1175 = VECTOR('',#1176,1.);
#1176 = DIRECTION('',(-1.,2.47E-15,-0.));
#1177 = ORIENTED_EDGE('',*,*,#1178,.F.);
#1178 = EDGE_CURVE('',#1179,#1171,#1181,.T.);
#1179 = VERTEX_POINT('',#1180);
#1180 = CARTESIAN_POINT('',(-37.201,12.6,3.8));
#1181 = CIRCLE('',#1182,2.9);
#1182 = AXIS2_PLACEMENT_3D('',#1183,#1184,#1185);
#1183 = CARTESIAN_POINT('',(-34.301,12.6,3.8));
#1184 = DIRECTION('',(0.,0.,-1.));
#1185 = DIRECTION('',(1.,0.,0.));
#1186 = ORIENTED_EDGE('',*,*,#1187,.F.);
#1187 = EDGE_CURVE('',#1188,#1179,#1190,.T.);
#1188 = VERTEX_POINT('',#1189);
#1189 = CARTESIAN_POINT('',(-37.201,10.6,3.8));
#1190 = LINE('',#1191,#1192);
#1191 = CARTESIAN_POINT('',(-37.201,11.6,3.8));
#1192 = VECTOR('',#1193,1.);
#1193 = DIRECTION('',(4.263E-14,1.,0.));
#1194 = ORIENTED_EDGE('',*,*,#1195,.F.);
#1195 = EDGE_CURVE('',#1196,#1188,#1198,.T.);
#1196 = VERTEX_POINT('',#1197);
#1197 = CARTESIAN_POINT('',(-34.301,7.7,3.8));
#1198 = CIRCLE('',#1199,2.9);
#1199 = AXIS2_PLACEMENT_3D('',#1200,#1201,#1202);
#1200 = CARTESIAN_POINT('',(-34.301,10.6,3.8));
#1201 = DIRECTION('',(0.,0.,-1.));
#1202 = DIRECTION('',(1.,0.,0.));
#1203 = ORIENTED_EDGE('',*,*,#1204,.F.);
#1204 = EDGE_CURVE('',#1163,#1196,#1205,.T.);
#1205 = LINE('',#1206,#1207);
#1206 = CARTESIAN_POINT('',(-26.401,7.7,3.8));
#1207 = VECTOR('',#1208,1.);
#1208 = DIRECTION('',(-1.,2.47E-15,-0.));
#1209 = FACE_BOUND('',#1210,.T.);
#1210 = EDGE_LOOP('',(#1211,#1221,#1229,#1237));
#1211 = ORIENTED_EDGE('',*,*,#1212,.F.);
#1212 = EDGE_CURVE('',#1213,#1215,#1217,.T.);
#1213 = VERTEX_POINT('',#1214);
#1214 = CARTESIAN_POINT('',(-70.301,1.7,3.8));
#1215 = VERTEX_POINT('',#1216);
#1216 = CARTESIAN_POINT('',(-70.301,3.8,3.8));
#1217 = LINE('',#1218,#1219);
#1218 = CARTESIAN_POINT('',(-70.301,1.7,3.8));
#1219 = VECTOR('',#1220,1.);
#1220 = DIRECTION('',(0.,1.,-0.));
#1221 = ORIENTED_EDGE('',*,*,#1222,.T.);
#1222 = EDGE_CURVE('',#1213,#1223,#1225,.T.);
#1223 = VERTEX_POINT('',#1224);
#1224 = CARTESIAN_POINT('',(-55.301,1.7,3.8));
#1225 = LINE('',#1226,#1227);
#1226 = CARTESIAN_POINT('',(-70.301,1.7,3.8));
#1227 = VECTOR('',#1228,1.);
#1228 = DIRECTION('',(1.,0.,0.));
#1229 = ORIENTED_EDGE('',*,*,#1230,.T.);
#1230 = EDGE_CURVE('',#1223,#1231,#1233,.T.);
#1231 = VERTEX_POINT('',#1232);
#1232 = CARTESIAN_POINT('',(-55.301,3.8,3.8));
#1233 = LINE('',#1234,#1235);
#1234 = CARTESIAN_POINT('',(-55.301,1.7,3.8));
#1235 = VECTOR('',#1236,1.);
#1236 = DIRECTION('',(0.,1.,-0.));
#1237 = ORIENTED_EDGE('',*,*,#1238,.F.);
#1238 = EDGE_CURVE('',#1215,#1231,#1239,.T.);
#1239 = LINE('',#1240,#1241);
#1240 = CARTESIAN_POINT('',(-70.301,3.8,3.8));
#1241 = VECTOR('',#1242,1.);
#1242 = DIRECTION('',(1.,0.,0.));
#1243 = FACE_BOUND('',#1244,.T.);
#1244 = EDGE_LOOP('',(#1245,#1255,#1263,#1271,#1279,#1287,#1295,#1303,
    #1311,#1319,#1327,#1335));
#1245 = ORIENTED_EDGE('',*,*,#1246,.F.);
#1246 = EDGE_CURVE('',#1247,#1249,#1251,.T.);
#1247 = VERTEX_POINT('',#1248);
#1248 = CARTESIAN_POINT('',(-65.501,17.35,3.8));
#1249 = VERTEX_POINT('',#1250);
#1250 = CARTESIAN_POINT('',(-60.101,17.35,3.8));
#1251 = LINE('',#1252,#1253);
#1252 = CARTESIAN_POINT('',(-65.501,17.35,3.8));
#1253 = VECTOR('',#1254,1.);
#1254 = DIRECTION('',(1.,-1.1E-16,1.1E-16));
#1255 = ORIENTED_EDGE('',*,*,#1256,.T.);
#1256 = EDGE_CURVE('',#1247,#1257,#1259,.T.);
#1257 = VERTEX_POINT('',#1258);
#1258 = CARTESIAN_POINT('',(-65.501,13.891287847478,3.8));
#1259 = LINE('',#1260,#1261);
#1260 = CARTESIAN_POINT('',(-65.501,17.35,3.8));
#1261 = VECTOR('',#1262,1.);
#1262 = DIRECTION('',(-4.4E-16,-1.,-2.2E-16));
#1263 = ORIENTED_EDGE('',*,*,#1264,.T.);
#1264 = EDGE_CURVE('',#1257,#1265,#1267,.T.);
#1265 = VERTEX_POINT('',#1266);
#1266 = CARTESIAN_POINT('',(-67.501,13.891287847478,3.8));
#1267 = LINE('',#1268,#1269);
#1268 = CARTESIAN_POINT('',(-67.501,13.891287847478,3.8));
#1269 = VECTOR('',#1270,1.);
#1270 = DIRECTION('',(-1.,-0.,-0.));
#1271 = ORIENTED_EDGE('',*,*,#1272,.T.);
#1272 = EDGE_CURVE('',#1265,#1273,#1275,.T.);
#1273 = VERTEX_POINT('',#1274);
#1274 = CARTESIAN_POINT('',(-67.501,9.308712152522,3.8));
#1275 = LINE('',#1276,#1277);
#1276 = CARTESIAN_POINT('',(-67.501,44.313447463236,3.8));
#1277 = VECTOR('',#1278,1.);
#1278 = DIRECTION('',(0.,-1.,0.));
#1279 = ORIENTED_EDGE('',*,*,#1280,.F.);
#1280 = EDGE_CURVE('',#1281,#1273,#1283,.T.);
#1281 = VERTEX_POINT('',#1282);
#1282 = CARTESIAN_POINT('',(-65.501,9.308712152522,3.8));
#1283 = LINE('',#1284,#1285);
#1284 = CARTESIAN_POINT('',(-67.501,9.308712152522,3.8));
#1285 = VECTOR('',#1286,1.);
#1286 = DIRECTION('',(-1.,-0.,-0.));
#1287 = ORIENTED_EDGE('',*,*,#1288,.T.);
#1288 = EDGE_CURVE('',#1281,#1289,#1291,.T.);
#1289 = VERTEX_POINT('',#1290);
#1290 = CARTESIAN_POINT('',(-65.501,5.85,3.8));
#1291 = LINE('',#1292,#1293);
#1292 = CARTESIAN_POINT('',(-65.501,17.35,3.8));
#1293 = VECTOR('',#1294,1.);
#1294 = DIRECTION('',(-4.4E-16,-1.,-2.2E-16));
#1295 = ORIENTED_EDGE('',*,*,#1296,.T.);
#1296 = EDGE_CURVE('',#1289,#1297,#1299,.T.);
#1297 = VERTEX_POINT('',#1298);
#1298 = CARTESIAN_POINT('',(-60.101,5.85,3.8));
#1299 = LINE('',#1300,#1301);
#1300 = CARTESIAN_POINT('',(-65.501,5.85,3.8));
#1301 = VECTOR('',#1302,1.);
#1302 = DIRECTION('',(1.,-1.1E-16,1.1E-16));
#1303 = ORIENTED_EDGE('',*,*,#1304,.F.);
#1304 = EDGE_CURVE('',#1305,#1297,#1307,.T.);
#1305 = VERTEX_POINT('',#1306);
#1306 = CARTESIAN_POINT('',(-60.101,9.308712152522,3.8));
#1307 = LINE('',#1308,#1309);
#1308 = CARTESIAN_POINT('',(-60.101,17.35,3.8));
#1309 = VECTOR('',#1310,1.);
#1310 = DIRECTION('',(-4.4E-16,-1.,-2.2E-16));
#1311 = ORIENTED_EDGE('',*,*,#1312,.F.);
#1312 = EDGE_CURVE('',#1313,#1305,#1315,.T.);
#1313 = VERTEX_POINT('',#1314);
#1314 = CARTESIAN_POINT('',(-58.001,9.308712152522,3.8));
#1315 = LINE('',#1316,#1317);
#1316 = CARTESIAN_POINT('',(-67.501,9.308712152522,3.8));
#1317 = VECTOR('',#1318,1.);
#1318 = DIRECTION('',(-1.,-0.,-0.));
#1319 = ORIENTED_EDGE('',*,*,#1320,.F.);
#1320 = EDGE_CURVE('',#1321,#1313,#1323,.T.);
#1321 = VERTEX_POINT('',#1322);
#1322 = CARTESIAN_POINT('',(-58.001,13.891287847478,3.8));
#1323 = LINE('',#1324,#1325);
#1324 = CARTESIAN_POINT('',(-58.001,44.313447463236,3.8));
#1325 = VECTOR('',#1326,1.);
#1326 = DIRECTION('',(0.,-1.,0.));
#1327 = ORIENTED_EDGE('',*,*,#1328,.T.);
#1328 = EDGE_CURVE('',#1321,#1329,#1331,.T.);
#1329 = VERTEX_POINT('',#1330);
#1330 = CARTESIAN_POINT('',(-60.101,13.891287847478,3.8));
#1331 = LINE('',#1332,#1333);
#1332 = CARTESIAN_POINT('',(-67.501,13.891287847478,3.8));
#1333 = VECTOR('',#1334,1.);
#1334 = DIRECTION('',(-1.,-0.,-0.));
#1335 = ORIENTED_EDGE('',*,*,#1336,.F.);
#1336 = EDGE_CURVE('',#1249,#1329,#1337,.T.);
#1337 = LINE('',#1338,#1339);
#1338 = CARTESIAN_POINT('',(-60.101,17.35,3.8));
#1339 = VECTOR('',#1340,1.);
#1340 = DIRECTION('',(-4.4E-16,-1.,-2.2E-16));
#1341 = FACE_BOUND('',#1342,.T.);
#1342 = EDGE_LOOP('',(#1343,#1353,#1361,#1369));
#1343 = ORIENTED_EDGE('',*,*,#1344,.F.);
#1344 = EDGE_CURVE('',#1345,#1347,#1349,.T.);
#1345 = VERTEX_POINT('',#1346);
#1346 = CARTESIAN_POINT('',(-97.301,1.7,3.8));
#1347 = VERTEX_POINT('',#1348);
#1348 = CARTESIAN_POINT('',(-97.301,3.8,3.8));
#1349 = LINE('',#1350,#1351);
#1350 = CARTESIAN_POINT('',(-97.301,1.7,3.8));
#1351 = VECTOR('',#1352,1.);
#1352 = DIRECTION('',(0.,1.,-0.));
#1353 = ORIENTED_EDGE('',*,*,#1354,.T.);
#1354 = EDGE_CURVE('',#1345,#1355,#1357,.T.);
#1355 = VERTEX_POINT('',#1356);
#1356 = CARTESIAN_POINT('',(-82.301,1.7,3.8));
#1357 = LINE('',#1358,#1359);
#1358 = CARTESIAN_POINT('',(-97.301,1.7,3.8));
#1359 = VECTOR('',#1360,1.);
#1360 = DIRECTION('',(1.,0.,0.));
#1361 = ORIENTED_EDGE('',*,*,#1362,.T.);
#1362 = EDGE_CURVE('',#1355,#1363,#1365,.T.);
#1363 = VERTEX_POINT('',#1364);
#1364 = CARTESIAN_POINT('',(-82.301,3.8,3.8));
#1365 = LINE('',#1366,#1367);
#1366 = CARTESIAN_POINT('',(-82.301,1.7,3.8));
#1367 = VECTOR('',#1368,1.);
#1368 = DIRECTION('',(0.,1.,-0.));
#1369 = ORIENTED_EDGE('',*,*,#1370,.F.);
#1370 = EDGE_CURVE('',#1347,#1363,#1371,.T.);
#1371 = LINE('',#1372,#1373);
#1372 = CARTESIAN_POINT('',(-97.301,3.8,3.8));
#1373 = VECTOR('',#1374,1.);
#1374 = DIRECTION('',(1.,0.,0.));
#1375 = FACE_BOUND('',#1376,.T.);
#1376 = EDGE_LOOP('',(#1377,#1387,#1395,#1404,#1412,#1421));
#1377 = ORIENTED_EDGE('',*,*,#1378,.F.);
#1378 = EDGE_CURVE('',#1379,#1381,#1383,.T.);
#1379 = VERTEX_POINT('',#1380);
#1380 = CARTESIAN_POINT('',(-99.201,7.7,3.8));
#1381 = VERTEX_POINT('',#1382);
#1382 = CARTESIAN_POINT('',(-99.201,15.5,3.8));
#1383 = LINE('',#1384,#1385);
#1384 = CARTESIAN_POINT('',(-99.201,11.6,3.8));
#1385 = VECTOR('',#1386,1.);
#1386 = DIRECTION('',(0.,1.,0.));
#1387 = ORIENTED_EDGE('',*,*,#1388,.T.);
#1388 = EDGE_CURVE('',#1379,#1389,#1391,.T.);
#1389 = VERTEX_POINT('',#1390);
#1390 = CARTESIAN_POINT('',(-91.301,7.7,3.8));
#1391 = LINE('',#1392,#1393);
#1392 = CARTESIAN_POINT('',(-99.201,7.7,3.8));
#1393 = VECTOR('',#1394,1.);
#1394 = DIRECTION('',(1.,0.,0.));
#1395 = ORIENTED_EDGE('',*,*,#1396,.F.);
#1396 = EDGE_CURVE('',#1397,#1389,#1399,.T.);
#1397 = VERTEX_POINT('',#1398);
#1398 = CARTESIAN_POINT('',(-88.401,10.6,3.8));
#1399 = CIRCLE('',#1400,2.9);
#1400 = AXIS2_PLACEMENT_3D('',#1401,#1402,#1403);
#1401 = CARTESIAN_POINT('',(-91.301,10.6,3.8));
#1402 = DIRECTION('',(0.,0.,-1.));
#1403 = DIRECTION('',(1.,0.,0.));
#1404 = ORIENTED_EDGE('',*,*,#1405,.F.);
#1405 = EDGE_CURVE('',#1406,#1397,#1408,.T.);
#1406 = VERTEX_POINT('',#1407);
#1407 = CARTESIAN_POINT('',(-88.401,12.6,3.8));
#1408 = LINE('',#1409,#1410);
#1409 = CARTESIAN_POINT('',(-88.401,11.6,3.8));
#1410 = VECTOR('',#1411,1.);
#1411 = DIRECTION('',(0.,-1.,0.));
#1412 = ORIENTED_EDGE('',*,*,#1413,.F.);
#1413 = EDGE_CURVE('',#1414,#1406,#1416,.T.);
#1414 = VERTEX_POINT('',#1415);
#1415 = CARTESIAN_POINT('',(-91.301,15.5,3.8));
#1416 = CIRCLE('',#1417,2.9);
#1417 = AXIS2_PLACEMENT_3D('',#1418,#1419,#1420);
#1418 = CARTESIAN_POINT('',(-91.301,12.6,3.8));
#1419 = DIRECTION('',(0.,0.,-1.));
#1420 = DIRECTION('',(1.,0.,0.));
#1421 = ORIENTED_EDGE('',*,*,#1422,.F.);
#1422 = EDGE_CURVE('',#1381,#1414,#1423,.T.);
#1423 = LINE('',#1424,#1425);
#1424 = CARTESIAN_POINT('',(-99.201,15.5,3.8));
#1425 = VECTOR('',#1426,1.);
#1426 = DIRECTION('',(1.,0.,0.));
#1427 = FACE_BOUND('',#1428,.T.);
#1428 = EDGE_LOOP('',(#1429));
#1429 = ORIENTED_EDGE('',*,*,#1430,.T.);
#1430 = EDGE_CURVE('',#1431,#1431,#1433,.T.);
#1431 = VERTEX_POINT('',#1432);
#1432 = CARTESIAN_POINT('',(-108.301,11.,3.8));
#1433 = CIRCLE('',#1434,4.);
#1434 = AXIS2_PLACEMENT_3D('',#1435,#1436,#1437);
#1435 = CARTESIAN_POINT('',(-104.301,11.,3.8));
#1436 = DIRECTION('',(0.,0.,1.));
#1437 = DIRECTION('',(-1.,0.,0.));
#1438 = FACE_BOUND('',#1439,.T.);
#1439 = EDGE_LOOP('',(#1440,#1450,#1458,#1466));
#1440 = ORIENTED_EDGE('',*,*,#1441,.F.);
#1441 = EDGE_CURVE('',#1442,#1444,#1446,.T.);
#1442 = VERTEX_POINT('',#1443);
#1443 = CARTESIAN_POINT('',(-113.601,21.,3.8));
#1444 = VERTEX_POINT('',#1445);
#1445 = CARTESIAN_POINT('',(-113.601,41.,3.8));
#1446 = LINE('',#1447,#1448);
#1447 = CARTESIAN_POINT('',(-113.601,21.,3.8));
#1448 = VECTOR('',#1449,1.);
#1449 = DIRECTION('',(0.,1.,0.));
#1450 = ORIENTED_EDGE('',*,*,#1451,.T.);
#1451 = EDGE_CURVE('',#1442,#1452,#1454,.T.);
#1452 = VERTEX_POINT('',#1453);
#1453 = CARTESIAN_POINT('',(-111.501,21.,3.8));
#1454 = LINE('',#1455,#1456);
#1455 = CARTESIAN_POINT('',(-113.601,21.,3.8));
#1456 = VECTOR('',#1457,1.);
#1457 = DIRECTION('',(1.,0.,0.));
#1458 = ORIENTED_EDGE('',*,*,#1459,.T.);
#1459 = EDGE_CURVE('',#1452,#1460,#1462,.T.);
#1460 = VERTEX_POINT('',#1461);
#1461 = CARTESIAN_POINT('',(-111.501,41.,3.8));
#1462 = LINE('',#1463,#1464);
#1463 = CARTESIAN_POINT('',(-111.501,21.,3.8));
#1464 = VECTOR('',#1465,1.);
#1465 = DIRECTION('',(0.,1.,0.));
#1466 = ORIENTED_EDGE('',*,*,#1467,.F.);
#1467 = EDGE_CURVE('',#1444,#1460,#1468,.T.);
#1468 = LINE('',#1469,#1470);
#1469 = CARTESIAN_POINT('',(-113.601,41.,3.8));
#1470 = VECTOR('',#1471,1.);
#1471 = DIRECTION('',(1.,0.,0.));
#1472 = FACE_BOUND('',#1473,.T.);
#1473 = EDGE_LOOP('',(#1474,#1484,#1492,#1500));
#1474 = ORIENTED_EDGE('',*,*,#1475,.F.);
#1475 = EDGE_CURVE('',#1476,#1478,#1480,.T.);
#1476 = VERTEX_POINT('',#1477);
#1477 = CARTESIAN_POINT('',(-113.601,85.,3.8));
#1478 = VERTEX_POINT('',#1479);
#1479 = CARTESIAN_POINT('',(-111.501,85.,3.8));
#1480 = LINE('',#1481,#1482);
#1481 = CARTESIAN_POINT('',(-113.601,85.,3.8));
#1482 = VECTOR('',#1483,1.);
#1483 = DIRECTION('',(1.,0.,0.));
#1484 = ORIENTED_EDGE('',*,*,#1485,.T.);
#1485 = EDGE_CURVE('',#1476,#1486,#1488,.T.);
#1486 = VERTEX_POINT('',#1487);
#1487 = CARTESIAN_POINT('',(-113.601,65.,3.8));
#1488 = LINE('',#1489,#1490);
#1489 = CARTESIAN_POINT('',(-113.601,85.,3.8));
#1490 = VECTOR('',#1491,1.);
#1491 = DIRECTION('',(0.,-1.,2.2E-16));
#1492 = ORIENTED_EDGE('',*,*,#1493,.T.);
#1493 = EDGE_CURVE('',#1486,#1494,#1496,.T.);
#1494 = VERTEX_POINT('',#1495);
#1495 = CARTESIAN_POINT('',(-111.501,65.,3.8));
#1496 = LINE('',#1497,#1498);
#1497 = CARTESIAN_POINT('',(-113.601,65.,3.8));
#1498 = VECTOR('',#1499,1.);
#1499 = DIRECTION('',(1.,0.,0.));
#1500 = ORIENTED_EDGE('',*,*,#1501,.F.);
#1501 = EDGE_CURVE('',#1478,#1494,#1502,.T.);
#1502 = LINE('',#1503,#1504);
#1503 = CARTESIAN_POINT('',(-111.501,85.,3.8));
#1504 = VECTOR('',#1505,1.);
#1505 = DIRECTION('',(0.,-1.,2.2E-16));
#1506 = FACE_BOUND('',#1507,.T.);
#1507 = EDGE_LOOP('',(#1508,#1518,#1526,#1534));
#1508 = ORIENTED_EDGE('',*,*,#1509,.F.);
#1509 = EDGE_CURVE('',#1510,#1512,#1514,.T.);
#1510 = VERTEX_POINT('',#1511);
#1511 = CARTESIAN_POINT('',(-113.601,129.,3.8));
#1512 = VERTEX_POINT('',#1513);
#1513 = CARTESIAN_POINT('',(-111.501,129.,3.8));
#1514 = LINE('',#1515,#1516);
#1515 = CARTESIAN_POINT('',(-113.601,129.,3.8));
#1516 = VECTOR('',#1517,1.);
#1517 = DIRECTION('',(1.,0.,0.));
#1518 = ORIENTED_EDGE('',*,*,#1519,.T.);
#1519 = EDGE_CURVE('',#1510,#1520,#1522,.T.);
#1520 = VERTEX_POINT('',#1521);
#1521 = CARTESIAN_POINT('',(-113.601,109.,3.8));
#1522 = LINE('',#1523,#1524);
#1523 = CARTESIAN_POINT('',(-113.601,129.,3.8));
#1524 = VECTOR('',#1525,1.);
#1525 = DIRECTION('',(0.,-1.,0.));
#1526 = ORIENTED_EDGE('',*,*,#1527,.T.);
#1527 = EDGE_CURVE('',#1520,#1528,#1530,.T.);
#1528 = VERTEX_POINT('',#1529);
#1529 = CARTESIAN_POINT('',(-111.501,109.,3.8));
#1530 = LINE('',#1531,#1532);
#1531 = CARTESIAN_POINT('',(-113.601,109.,3.8));
#1532 = VECTOR('',#1533,1.);
#1533 = DIRECTION('',(1.,0.,0.));
#1534 = ORIENTED_EDGE('',*,*,#1535,.F.);
#1535 = EDGE_CURVE('',#1512,#1528,#1536,.T.);
#1536 = LINE('',#1537,#1538);
#1537 = CARTESIAN_POINT('',(-111.501,129.,3.8));
#1538 = VECTOR('',#1539,1.);
#1539 = DIRECTION('',(0.,-1.,0.));
#1540 = PLANE('',#1541);
#1541 = AXIS2_PLACEMENT_3D('',#1542,#1543,#1544);
#1542 = CARTESIAN_POINT('',(-78.81892902904,77.026894926472,3.8));
#1543 = DIRECTION('',(0.,0.,1.));
#1544 = DIRECTION('',(1.,0.,0.));
#1545 = ADVANCED_FACE('',(#1546),#1564,.F.);
#1546 = FACE_BOUND('',#1547,.T.);
#1547 = EDGE_LOOP('',(#1548,#1549,#1557,#1563));
#1548 = ORIENTED_EDGE('',*,*,#256,.F.);
#1549 = ORIENTED_EDGE('',*,*,#1550,.T.);
#1550 = EDGE_CURVE('',#249,#1551,#1553,.T.);
#1551 = VERTEX_POINT('',#1552);
#1552 = CARTESIAN_POINT('',(-113.501,126.9,4.6));
#1553 = LINE('',#1554,#1555);
#1554 = CARTESIAN_POINT('',(-110.301,126.9,4.6));
#1555 = VECTOR('',#1556,1.);
#1556 = DIRECTION('',(-1.,0.,0.));
#1557 = ORIENTED_EDGE('',*,*,#1558,.T.);
#1558 = EDGE_CURVE('',#1551,#1002,#1559,.T.);
#1559 = LINE('',#1560,#1561);
#1560 = CARTESIAN_POINT('',(-113.501,127.77957317073,3.720426829268));
#1561 = VECTOR('',#1562,1.);
#1562 = DIRECTION('',(4.94E-15,-0.707106781187,0.707106781187));
#1563 = ORIENTED_EDGE('',*,*,#1025,.F.);
#1564 = PLANE('',#1565);
#1565 = AXIS2_PLACEMENT_3D('',#1566,#1567,#1568);
#1566 = CARTESIAN_POINT('',(-110.301,126.8,4.7));
#1567 = DIRECTION('',(0.,-0.707106781187,-0.707106781187));
#1568 = DIRECTION('',(1.,0.,-0.));
#1569 = ADVANCED_FACE('',(#1570),#1604,.T.);
#1570 = FACE_BOUND('',#1571,.F.);
#1571 = EDGE_LOOP('',(#1572,#1582,#1588,#1589,#1590,#1598));
#1572 = ORIENTED_EDGE('',*,*,#1573,.F.);
#1573 = EDGE_CURVE('',#1574,#1576,#1578,.T.);
#1574 = VERTEX_POINT('',#1575);
#1575 = CARTESIAN_POINT('',(-112.801,135.,2.3));
#1576 = VERTEX_POINT('',#1577);
#1577 = CARTESIAN_POINT('',(-104.301,135.,2.3));
#1578 = LINE('',#1579,#1580);
#1579 = CARTESIAN_POINT('',(-113.801,135.,2.3));
#1580 = VECTOR('',#1581,1.);
#1581 = DIRECTION('',(1.,0.,0.));
#1582 = ORIENTED_EDGE('',*,*,#1583,.F.);
#1583 = EDGE_CURVE('',#1040,#1574,#1584,.T.);
#1584 = LINE('',#1585,#1586);
#1585 = CARTESIAN_POINT('',(-112.801,135.,3.8));
#1586 = VECTOR('',#1587,1.);
#1587 = DIRECTION('',(-0.,-0.,-1.));
#1588 = ORIENTED_EDGE('',*,*,#1048,.F.);
#1589 = ORIENTED_EDGE('',*,*,#168,.T.);
#1590 = ORIENTED_EDGE('',*,*,#1591,.F.);
#1591 = EDGE_CURVE('',#1592,#169,#1594,.T.);
#1592 = VERTEX_POINT('',#1593);
#1593 = CARTESIAN_POINT('',(-104.301,135.,4.5));
#1594 = LINE('',#1595,#1596);
#1595 = CARTESIAN_POINT('',(-104.301,135.,4.5));
#1596 = VECTOR('',#1597,1.);
#1597 = DIRECTION('',(-1.,0.,0.));
#1598 = ORIENTED_EDGE('',*,*,#1599,.F.);
#1599 = EDGE_CURVE('',#1576,#1592,#1600,.T.);
#1600 = LINE('',#1601,#1602);
#1601 = CARTESIAN_POINT('',(-104.301,135.,3.8));
#1602 = VECTOR('',#1603,1.);
#1603 = DIRECTION('',(0.,0.,1.));
#1604 = PLANE('',#1605);
#1605 = AXIS2_PLACEMENT_3D('',#1606,#1607,#1608);
#1606 = CARTESIAN_POINT('',(-108.9462991452,135.,3.295299145299));
#1607 = DIRECTION('',(0.,-1.,0.));
#1608 = DIRECTION('',(0.,0.,1.));
#1609 = ADVANCED_FACE('',(#1610),#1669,.T.);
#1610 = FACE_BOUND('',#1611,.T.);
#1611 = EDGE_LOOP('',(#1612,#1613,#1621,#1629,#1637,#1644,#1645,#1654,
    #1662,#1668));
#1612 = ORIENTED_EDGE('',*,*,#248,.F.);
#1613 = ORIENTED_EDGE('',*,*,#1614,.T.);
#1614 = EDGE_CURVE('',#241,#1615,#1617,.T.);
#1615 = VERTEX_POINT('',#1616);
#1616 = CARTESIAN_POINT('',(-113.465734521,136.8,4.6));
#1617 = LINE('',#1618,#1619);
#1618 = CARTESIAN_POINT('',(-110.301,136.8,4.6));
#1619 = VECTOR('',#1620,1.);
#1620 = DIRECTION('',(-1.,0.,0.));
#1621 = ORIENTED_EDGE('',*,*,#1622,.F.);
#1622 = EDGE_CURVE('',#1623,#1615,#1625,.T.);
#1623 = VERTEX_POINT('',#1624);
#1624 = CARTESIAN_POINT('',(-113.501,137.,4.6));
#1625 = LINE('',#1626,#1627);
#1626 = CARTESIAN_POINT('',(-113.1153693122,134.81298482752,4.6));
#1627 = VECTOR('',#1628,1.);
#1628 = DIRECTION('',(0.173648573161,-0.984807683276,0.));
#1629 = ORIENTED_EDGE('',*,*,#1630,.T.);
#1630 = EDGE_CURVE('',#1623,#1631,#1633,.T.);
#1631 = VERTEX_POINT('',#1632);
#1632 = CARTESIAN_POINT('',(-113.7554230498,138.4429014285,4.6));
#1633 = LINE('',#1634,#1635);
#1634 = CARTESIAN_POINT('',(-113.501,137.,4.6));
#1635 = VECTOR('',#1636,1.);
#1636 = DIRECTION('',(-0.173648573161,0.984807683276,0.));
#1637 = ORIENTED_EDGE('',*,*,#1638,.F.);
#1638 = EDGE_CURVE('',#635,#1631,#1639,.T.);
#1639 = CIRCLE('',#1640,3.);
#1640 = AXIS2_PLACEMENT_3D('',#1641,#1642,#1643);
#1641 = CARTESIAN_POINT('',(-110.801,138.96384714799,4.6));
#1642 = DIRECTION('',(0.,-0.,1.));
#1643 = DIRECTION('',(0.,1.,0.));
#1644 = ORIENTED_EDGE('',*,*,#634,.T.);
#1645 = ORIENTED_EDGE('',*,*,#1646,.T.);
#1646 = EDGE_CURVE('',#627,#1647,#1649,.T.);
#1647 = VERTEX_POINT('',#1648);
#1648 = CARTESIAN_POINT('',(-113.7554230498,126.05709857149,4.6));
#1649 = CIRCLE('',#1650,3.);
#1650 = AXIS2_PLACEMENT_3D('',#1651,#1652,#1653);
#1651 = CARTESIAN_POINT('',(-110.801,125.53615285201,4.6));
#1652 = DIRECTION('',(0.,0.,-1.));
#1653 = DIRECTION('',(0.,1.,0.));
#1654 = ORIENTED_EDGE('',*,*,#1655,.F.);
#1655 = EDGE_CURVE('',#1656,#1647,#1658,.T.);
#1656 = VERTEX_POINT('',#1657);
#1657 = CARTESIAN_POINT('',(-113.501,127.5,4.6));
#1658 = LINE('',#1659,#1660);
#1659 = CARTESIAN_POINT('',(-113.501,127.5,4.6));
#1660 = VECTOR('',#1661,1.);
#1661 = DIRECTION('',(-0.173648573161,-0.984807683276,0.));
#1662 = ORIENTED_EDGE('',*,*,#1663,.T.);
#1663 = EDGE_CURVE('',#1656,#1551,#1664,.T.);
#1664 = LINE('',#1665,#1666);
#1665 = CARTESIAN_POINT('',(-113.501,127.5,4.6));
#1666 = VECTOR('',#1667,1.);
#1667 = DIRECTION('',(-0.,-1.,-0.));
#1668 = ORIENTED_EDGE('',*,*,#1550,.F.);
#1669 = PLANE('',#1670);
#1670 = AXIS2_PLACEMENT_3D('',#1671,#1672,#1673);
#1671 = CARTESIAN_POINT('',(-112.3979621699,131.94058934191,4.6));
#1672 = DIRECTION('',(0.,0.,1.));
#1673 = DIRECTION('',(1.,0.,0.));
#1674 = ADVANCED_FACE('',(#1675),#1727,.T.);
#1675 = FACE_BOUND('',#1676,.F.);
#1676 = EDGE_LOOP('',(#1677,#1686,#1687,#1688,#1696,#1705,#1713,#1721));
#1677 = ORIENTED_EDGE('',*,*,#1678,.F.);
#1678 = EDGE_CURVE('',#1592,#1679,#1681,.T.);
#1679 = VERTEX_POINT('',#1680);
#1680 = CARTESIAN_POINT('',(-100.301,139.00002174202,4.5));
#1681 = CIRCLE('',#1682,4.);
#1682 = AXIS2_PLACEMENT_3D('',#1683,#1684,#1685);
#1683 = CARTESIAN_POINT('',(-104.301,139.,4.5));
#1684 = DIRECTION('',(0.,0.,1.));
#1685 = DIRECTION('',(-1.,0.,0.));
#1686 = ORIENTED_EDGE('',*,*,#1591,.T.);
#1687 = ORIENTED_EDGE('',*,*,#176,.T.);
#1688 = ORIENTED_EDGE('',*,*,#1689,.T.);
#1689 = EDGE_CURVE('',#177,#1690,#1692,.T.);
#1690 = VERTEX_POINT('',#1691);
#1691 = CARTESIAN_POINT('',(-104.301,137.60000000005,4.5));
#1692 = LINE('',#1693,#1694);
#1693 = CARTESIAN_POINT('',(-110.301,137.60000000005,4.5));
#1694 = VECTOR('',#1695,1.);
#1695 = DIRECTION('',(1.,0.,0.));
#1696 = ORIENTED_EDGE('',*,*,#1697,.T.);
#1697 = EDGE_CURVE('',#1690,#1698,#1700,.T.);
#1698 = VERTEX_POINT('',#1699);
#1699 = CARTESIAN_POINT('',(-102.901,139.,4.5));
#1700 = CIRCLE('',#1701,1.4);
#1701 = AXIS2_PLACEMENT_3D('',#1702,#1703,#1704);
#1702 = CARTESIAN_POINT('',(-104.301,139.,4.5));
#1703 = DIRECTION('',(0.,0.,1.));
#1704 = DIRECTION('',(-1.,0.,0.));
#1705 = ORIENTED_EDGE('',*,*,#1706,.F.);
#1706 = EDGE_CURVE('',#1707,#1698,#1709,.T.);
#1707 = VERTEX_POINT('',#1708);
#1708 = CARTESIAN_POINT('',(-102.901,145.,4.5));
#1709 = LINE('',#1710,#1711);
#1710 = CARTESIAN_POINT('',(-102.901,145.,4.5));
#1711 = VECTOR('',#1712,1.);
#1712 = DIRECTION('',(-0.,-1.,-0.));
#1713 = ORIENTED_EDGE('',*,*,#1714,.F.);
#1714 = EDGE_CURVE('',#1715,#1707,#1717,.T.);
#1715 = VERTEX_POINT('',#1716);
#1716 = CARTESIAN_POINT('',(-100.301,145.,4.5));
#1717 = LINE('',#1718,#1719);
#1718 = CARTESIAN_POINT('',(-109.801,145.,4.5));
#1719 = VECTOR('',#1720,1.);
#1720 = DIRECTION('',(-1.,-0.,-0.));
#1721 = ORIENTED_EDGE('',*,*,#1722,.F.);
#1722 = EDGE_CURVE('',#1679,#1715,#1723,.T.);
#1723 = LINE('',#1724,#1725);
#1724 = CARTESIAN_POINT('',(-100.301,139.00002174202,4.5));
#1725 = VECTOR('',#1726,1.);
#1726 = DIRECTION('',(-0.,1.,0.));
#1727 = PLANE('',#1728);
#1728 = AXIS2_PLACEMENT_3D('',#1729,#1730,#1731);
#1729 = CARTESIAN_POINT('',(-59.67962026661,98.528687041931,4.5));
#1730 = DIRECTION('',(0.,0.,1.));
#1731 = DIRECTION('',(1.,0.,0.));
#1732 = ADVANCED_FACE('',(#1733),#1751,.F.);
#1733 = FACE_BOUND('',#1734,.F.);
#1734 = EDGE_LOOP('',(#1735,#1736,#1737,#1745));
#1735 = ORIENTED_EDGE('',*,*,#240,.F.);
#1736 = ORIENTED_EDGE('',*,*,#1614,.T.);
#1737 = ORIENTED_EDGE('',*,*,#1738,.T.);
#1738 = EDGE_CURVE('',#1615,#1739,#1741,.T.);
#1739 = VERTEX_POINT('',#1740);
#1740 = CARTESIAN_POINT('',(-113.501,137.,4.8));
#1741 = LINE('',#1742,#1743);
#1742 = CARTESIAN_POINT('',(-113.4979456159,136.98267776772,
    4.78267776772));
#1743 = VECTOR('',#1744,1.);
#1744 = DIRECTION('',(-0.123724316309,0.701673817936,0.701673817936));
#1745 = ORIENTED_EDGE('',*,*,#1746,.F.);
#1746 = EDGE_CURVE('',#233,#1739,#1747,.T.);
#1747 = LINE('',#1748,#1749);
#1748 = CARTESIAN_POINT('',(-110.301,137.,4.8));
#1749 = VECTOR('',#1750,1.);
#1750 = DIRECTION('',(-1.,0.,0.));
#1751 = PLANE('',#1752);
#1752 = AXIS2_PLACEMENT_3D('',#1753,#1754,#1755);
#1753 = CARTESIAN_POINT('',(-110.301,136.9,4.7));
#1754 = DIRECTION('',(-0.,0.707106781187,-0.707106781187));
#1755 = DIRECTION('',(-1.,-0.,0.));
#1756 = ADVANCED_FACE('',(#1757),#1775,.T.);
#1757 = FACE_BOUND('',#1758,.F.);
#1758 = EDGE_LOOP('',(#1759,#1760,#1761,#1769));
#1759 = ORIENTED_EDGE('',*,*,#1689,.F.);
#1760 = ORIENTED_EDGE('',*,*,#184,.T.);
#1761 = ORIENTED_EDGE('',*,*,#1762,.T.);
#1762 = EDGE_CURVE('',#185,#1763,#1765,.T.);
#1763 = VERTEX_POINT('',#1764);
#1764 = CARTESIAN_POINT('',(-104.301,137.60000000005,4.2));
#1765 = LINE('',#1766,#1767);
#1766 = CARTESIAN_POINT('',(-110.301,137.60000000005,4.2));
#1767 = VECTOR('',#1768,1.);
#1768 = DIRECTION('',(1.,0.,0.));
#1769 = ORIENTED_EDGE('',*,*,#1770,.F.);
#1770 = EDGE_CURVE('',#1690,#1763,#1771,.T.);
#1771 = LINE('',#1772,#1773);
#1772 = CARTESIAN_POINT('',(-104.301,137.60000000005,3.8));
#1773 = VECTOR('',#1774,1.);
#1774 = DIRECTION('',(0.,0.,-1.));
#1775 = PLANE('',#1776);
#1776 = AXIS2_PLACEMENT_3D('',#1777,#1778,#1779);
#1777 = CARTESIAN_POINT('',(-107.301,137.60000000005,4.05));
#1778 = DIRECTION('',(0.,1.,0.));
#1779 = DIRECTION('',(0.,0.,-1.));
#1780 = ADVANCED_FACE('',(#1781),#1816,.T.);
#1781 = FACE_BOUND('',#1782,.T.);
#1782 = EDGE_LOOP('',(#1783,#1791,#1792,#1793,#1794,#1802,#1810));
#1783 = ORIENTED_EDGE('',*,*,#1784,.T.);
#1784 = EDGE_CURVE('',#1785,#1739,#1787,.T.);
#1785 = VERTEX_POINT('',#1786);
#1786 = CARTESIAN_POINT('',(-113.501,137.,4.9));
#1787 = LINE('',#1788,#1789);
#1788 = CARTESIAN_POINT('',(-113.501,137.,6.6));
#1789 = VECTOR('',#1790,1.);
#1790 = DIRECTION('',(0.,0.,-1.));
#1791 = ORIENTED_EDGE('',*,*,#1746,.F.);
#1792 = ORIENTED_EDGE('',*,*,#232,.F.);
#1793 = ORIENTED_EDGE('',*,*,#802,.T.);
#1794 = ORIENTED_EDGE('',*,*,#1795,.F.);
#1795 = EDGE_CURVE('',#1796,#795,#1798,.T.);
#1796 = VERTEX_POINT('',#1797);
#1797 = CARTESIAN_POINT('',(-110.601,137.,6.6));
#1798 = LINE('',#1799,#1800);
#1799 = CARTESIAN_POINT('',(-110.601,137.,6.6));
#1800 = VECTOR('',#1801,1.);
#1801 = DIRECTION('',(0.,0.,-1.));
#1802 = ORIENTED_EDGE('',*,*,#1803,.F.);
#1803 = EDGE_CURVE('',#1804,#1796,#1806,.T.);
#1804 = VERTEX_POINT('',#1805);
#1805 = CARTESIAN_POINT('',(-113.501,137.,6.6));
#1806 = LINE('',#1807,#1808);
#1807 = CARTESIAN_POINT('',(-113.501,137.,6.6));
#1808 = VECTOR('',#1809,1.);
#1809 = DIRECTION('',(1.,0.,0.));
#1810 = ORIENTED_EDGE('',*,*,#1811,.F.);
#1811 = EDGE_CURVE('',#1785,#1804,#1812,.T.);
#1812 = LINE('',#1813,#1814);
#1813 = CARTESIAN_POINT('',(-113.501,137.,6.6));
#1814 = VECTOR('',#1815,1.);
#1815 = DIRECTION('',(0.,0.,1.));
#1816 = PLANE('',#1817);
#1817 = AXIS2_PLACEMENT_3D('',#1818,#1819,#1820);
#1818 = CARTESIAN_POINT('',(-111.9096538461,137.,5.591346153846));
#1819 = DIRECTION('',(-0.,-1.,-0.));
#1820 = DIRECTION('',(0.,0.,-1.));
#1821 = ADVANCED_FACE('',(#1822),#1849,.T.);
#1822 = FACE_BOUND('',#1823,.F.);
#1823 = EDGE_LOOP('',(#1824,#1825,#1833,#1841,#1848));
#1824 = ORIENTED_EDGE('',*,*,#192,.F.);
#1825 = ORIENTED_EDGE('',*,*,#1826,.T.);
#1826 = EDGE_CURVE('',#193,#1827,#1829,.T.);
#1827 = VERTEX_POINT('',#1828);
#1828 = CARTESIAN_POINT('',(-102.901,145.,4.2));
#1829 = LINE('',#1830,#1831);
#1830 = CARTESIAN_POINT('',(-110.301,145.,4.2));
#1831 = VECTOR('',#1832,1.);
#1832 = DIRECTION('',(1.,0.,0.));
#1833 = ORIENTED_EDGE('',*,*,#1834,.T.);
#1834 = EDGE_CURVE('',#1827,#1835,#1837,.T.);
#1835 = VERTEX_POINT('',#1836);
#1836 = CARTESIAN_POINT('',(-102.901,139.,4.2));
#1837 = LINE('',#1838,#1839);
#1838 = CARTESIAN_POINT('',(-102.901,145.,4.2));
#1839 = VECTOR('',#1840,1.);
#1840 = DIRECTION('',(-0.,-1.,-0.));
#1841 = ORIENTED_EDGE('',*,*,#1842,.T.);
#1842 = EDGE_CURVE('',#1835,#1763,#1843,.T.);
#1843 = CIRCLE('',#1844,1.4);
#1844 = AXIS2_PLACEMENT_3D('',#1845,#1846,#1847);
#1845 = CARTESIAN_POINT('',(-104.301,139.,4.2));
#1846 = DIRECTION('',(0.,0.,-1.));
#1847 = DIRECTION('',(-1.,-0.,-0.));
#1848 = ORIENTED_EDGE('',*,*,#1762,.F.);
#1849 = PLANE('',#1850);
#1850 = AXIS2_PLACEMENT_3D('',#1851,#1852,#1853);
#1851 = CARTESIAN_POINT('',(-106.6868146809,141.38581468095,4.2));
#1852 = DIRECTION('',(0.,0.,1.));
#1853 = DIRECTION('',(1.,0.,0.));
#1854 = ADVANCED_FACE('',(#1855),#1967,.T.);
#1855 = FACE_BOUND('',#1856,.T.);
#1856 = EDGE_LOOP('',(#1857,#1858,#1859,#1865,#1866,#1874,#1882,#1890,
    #1898,#1906,#1914,#1922,#1930,#1938,#1946,#1952,#1953,#1961));
#1857 = ORIENTED_EDGE('',*,*,#200,.T.);
#1858 = ORIENTED_EDGE('',*,*,#1826,.T.);
#1859 = ORIENTED_EDGE('',*,*,#1860,.T.);
#1860 = EDGE_CURVE('',#1827,#1707,#1861,.T.);
#1861 = LINE('',#1862,#1863);
#1862 = CARTESIAN_POINT('',(-102.901,145.,3.8));
#1863 = VECTOR('',#1864,1.);
#1864 = DIRECTION('',(0.,0.,1.));
#1865 = ORIENTED_EDGE('',*,*,#1714,.F.);
#1866 = ORIENTED_EDGE('',*,*,#1867,.F.);
#1867 = EDGE_CURVE('',#1868,#1715,#1870,.T.);
#1868 = VERTEX_POINT('',#1869);
#1869 = CARTESIAN_POINT('',(-100.301,145.,3.8));
#1870 = LINE('',#1871,#1872);
#1871 = CARTESIAN_POINT('',(-100.301,145.,3.8));
#1872 = VECTOR('',#1873,1.);
#1873 = DIRECTION('',(0.,0.,1.));
#1874 = ORIENTED_EDGE('',*,*,#1875,.F.);
#1875 = EDGE_CURVE('',#1876,#1868,#1878,.T.);
#1876 = VERTEX_POINT('',#1877);
#1877 = CARTESIAN_POINT('',(-21.001,145.,3.8));
#1878 = LINE('',#1879,#1880);
#1879 = CARTESIAN_POINT('',(-109.801,145.,3.8));
#1880 = VECTOR('',#1881,1.);
#1881 = DIRECTION('',(-1.,-0.,-0.));
#1882 = ORIENTED_EDGE('',*,*,#1883,.T.);
#1883 = EDGE_CURVE('',#1876,#1884,#1886,.T.);
#1884 = VERTEX_POINT('',#1885);
#1885 = CARTESIAN_POINT('',(-21.001,145.,4.5));
#1886 = LINE('',#1887,#1888);
#1887 = CARTESIAN_POINT('',(-21.001,145.,3.8));
#1888 = VECTOR('',#1889,1.);
#1889 = DIRECTION('',(0.,0.,1.));
#1890 = ORIENTED_EDGE('',*,*,#1891,.F.);
#1891 = EDGE_CURVE('',#1892,#1884,#1894,.T.);
#1892 = VERTEX_POINT('',#1893);
#1893 = CARTESIAN_POINT('',(-19.501,145.,4.5));
#1894 = LINE('',#1895,#1896);
#1895 = CARTESIAN_POINT('',(-109.801,145.,4.5));
#1896 = VECTOR('',#1897,1.);
#1897 = DIRECTION('',(-1.,-0.,-0.));
#1898 = ORIENTED_EDGE('',*,*,#1899,.T.);
#1899 = EDGE_CURVE('',#1892,#1900,#1902,.T.);
#1900 = VERTEX_POINT('',#1901);
#1901 = CARTESIAN_POINT('',(-19.501,145.,4.2));
#1902 = LINE('',#1903,#1904);
#1903 = CARTESIAN_POINT('',(-19.501,145.,3.8));
#1904 = VECTOR('',#1905,1.);
#1905 = DIRECTION('',(0.,0.,-1.));
#1906 = ORIENTED_EDGE('',*,*,#1907,.F.);
#1907 = EDGE_CURVE('',#1908,#1900,#1910,.T.);
#1908 = VERTEX_POINT('',#1909);
#1909 = CARTESIAN_POINT('',(-11.77339367649,145.,4.2));
#1910 = LINE('',#1911,#1912);
#1911 = CARTESIAN_POINT('',(-11.77339367649,145.,4.2));
#1912 = VECTOR('',#1913,1.);
#1913 = DIRECTION('',(-1.,-0.,-0.));
#1914 = ORIENTED_EDGE('',*,*,#1915,.T.);
#1915 = EDGE_CURVE('',#1908,#1916,#1918,.T.);
#1916 = VERTEX_POINT('',#1917);
#1917 = CARTESIAN_POINT('',(-11.77339367649,145.,4.5));
#1918 = LINE('',#1919,#1920);
#1919 = CARTESIAN_POINT('',(-11.77339367649,145.,3.8));
#1920 = VECTOR('',#1921,1.);
#1921 = DIRECTION('',(0.,0.,1.));
#1922 = ORIENTED_EDGE('',*,*,#1923,.F.);
#1923 = EDGE_CURVE('',#1924,#1916,#1926,.T.);
#1924 = VERTEX_POINT('',#1925);
#1925 = CARTESIAN_POINT('',(-10.03785111822,145.,4.5));
#1926 = LINE('',#1927,#1928);
#1927 = CARTESIAN_POINT('',(-109.801,145.,4.5));
#1928 = VECTOR('',#1929,1.);
#1929 = DIRECTION('',(-1.,-0.,-0.));
#1930 = ORIENTED_EDGE('',*,*,#1931,.F.);
#1931 = EDGE_CURVE('',#1932,#1924,#1934,.T.);
#1932 = VERTEX_POINT('',#1933);
#1933 = CARTESIAN_POINT('',(-10.03785111822,145.,3.8));
#1934 = LINE('',#1935,#1936);
#1935 = CARTESIAN_POINT('',(-10.03785111822,145.,3.8));
#1936 = VECTOR('',#1937,1.);
#1937 = DIRECTION('',(0.,0.,1.));
#1938 = ORIENTED_EDGE('',*,*,#1939,.F.);
#1939 = EDGE_CURVE('',#1940,#1932,#1942,.T.);
#1940 = VERTEX_POINT('',#1941);
#1941 = CARTESIAN_POINT('',(-9.684,145.,3.8));
#1942 = LINE('',#1943,#1944);
#1943 = CARTESIAN_POINT('',(-109.801,145.,3.8));
#1944 = VECTOR('',#1945,1.);
#1945 = DIRECTION('',(-1.,-0.,-0.));
#1946 = ORIENTED_EDGE('',*,*,#1947,.T.);
#1947 = EDGE_CURVE('',#1940,#819,#1948,.T.);
#1948 = LINE('',#1949,#1950);
#1949 = CARTESIAN_POINT('',(-9.684,145.,6.1));
#1950 = VECTOR('',#1951,1.);
#1951 = DIRECTION('',(0.,0.,1.));
#1952 = ORIENTED_EDGE('',*,*,#818,.T.);
#1953 = ORIENTED_EDGE('',*,*,#1954,.F.);
#1954 = EDGE_CURVE('',#1955,#810,#1957,.T.);
#1955 = VERTEX_POINT('',#1956);
#1956 = CARTESIAN_POINT('',(-109.801,145.,4.9));
#1957 = LINE('',#1958,#1959);
#1958 = CARTESIAN_POINT('',(-109.801,145.,6.1));
#1959 = VECTOR('',#1960,1.);
#1960 = DIRECTION('',(0.,0.,1.));
#1961 = ORIENTED_EDGE('',*,*,#1962,.F.);
#1962 = EDGE_CURVE('',#201,#1955,#1963,.T.);
#1963 = LINE('',#1964,#1965);
#1964 = CARTESIAN_POINT('',(-109.801,145.,4.9));
#1965 = VECTOR('',#1966,1.);
#1966 = DIRECTION('',(1.,0.,0.));
#1967 = PLANE('',#1968);
#1968 = AXIS2_PLACEMENT_3D('',#1969,#1970,#1971);
#1969 = CARTESIAN_POINT('',(-59.66395969471,145.,5.085128007509));
#1970 = DIRECTION('',(-0.,-1.,-0.));
#1971 = DIRECTION('',(0.,0.,-1.));
#1972 = ADVANCED_FACE('',(#1973),#1985,.F.);
#1973 = FACE_BOUND('',#1974,.T.);
#1974 = EDGE_LOOP('',(#1975,#1976,#1977,#1984));
#1975 = ORIENTED_EDGE('',*,*,#809,.T.);
#1976 = ORIENTED_EDGE('',*,*,#216,.F.);
#1977 = ORIENTED_EDGE('',*,*,#1978,.F.);
#1978 = EDGE_CURVE('',#1955,#209,#1979,.T.);
#1979 = CIRCLE('',#1980,0.5);
#1980 = AXIS2_PLACEMENT_3D('',#1981,#1982,#1983);
#1981 = CARTESIAN_POINT('',(-110.301,145.,4.9));
#1982 = DIRECTION('',(0.,0.,1.));
#1983 = DIRECTION('',(-1.,0.,0.));
#1984 = ORIENTED_EDGE('',*,*,#1954,.T.);
#1985 = CYLINDRICAL_SURFACE('',#1986,0.5);
#1986 = AXIS2_PLACEMENT_3D('',#1987,#1988,#1989);
#1987 = CARTESIAN_POINT('',(-110.301,145.,4.9));
#1988 = DIRECTION('',(-0.,-0.,-1.));
#1989 = DIRECTION('',(-1.,0.,0.));
#1990 = ADVANCED_FACE('',(#1991),#1996,.T.);
#1991 = FACE_BOUND('',#1992,.F.);
#1992 = EDGE_LOOP('',(#1993,#1994,#1995));
#1993 = ORIENTED_EDGE('',*,*,#208,.F.);
#1994 = ORIENTED_EDGE('',*,*,#1978,.F.);
#1995 = ORIENTED_EDGE('',*,*,#1962,.F.);
#1996 = PLANE('',#1997);
#1997 = AXIS2_PLACEMENT_3D('',#1998,#1999,#2000);
#1998 = CARTESIAN_POINT('',(-78.81892902904,77.026894926472,4.9));
#1999 = DIRECTION('',(0.,0.,1.));
#2000 = DIRECTION('',(1.,0.,0.));
#2001 = ADVANCED_FACE('',(#2002),#2022,.T.);
#2002 = FACE_BOUND('',#2003,.T.);
#2003 = EDGE_LOOP('',(#2004,#2012,#2018,#2019,#2020,#2021));
#2004 = ORIENTED_EDGE('',*,*,#2005,.T.);
#2005 = EDGE_CURVE('',#498,#2006,#2008,.T.);
#2006 = VERTEX_POINT('',#2007);
#2007 = CARTESIAN_POINT('',(-110.601,13.,6.6));
#2008 = LINE('',#2009,#2010);
#2009 = CARTESIAN_POINT('',(-110.601,13.,6.6));
#2010 = VECTOR('',#2011,1.);
#2011 = DIRECTION('',(0.,0.,1.));
#2012 = ORIENTED_EDGE('',*,*,#2013,.T.);
#2013 = EDGE_CURVE('',#2006,#733,#2014,.T.);
#2014 = LINE('',#2015,#2016);
#2015 = CARTESIAN_POINT('',(-110.601,13.,6.6));
#2016 = VECTOR('',#2017,1.);
#2017 = DIRECTION('',(0.,1.,0.));
#2018 = ORIENTED_EDGE('',*,*,#732,.T.);
#2019 = ORIENTED_EDGE('',*,*,#778,.F.);
#2020 = ORIENTED_EDGE('',*,*,#326,.F.);
#2021 = ORIENTED_EDGE('',*,*,#505,.T.);
#2022 = PLANE('',#2023);
#2023 = AXIS2_PLACEMENT_3D('',#2024,#2025,#2026);
#2024 = CARTESIAN_POINT('',(-110.601,17.852845528455,5.897154471545));
#2025 = DIRECTION('',(-1.,8.4E-16,-2.264E-14));
#2026 = DIRECTION('',(2.264E-14,0.,-1.));
#2027 = ADVANCED_FACE('',(#2028),#2214,.T.);
#2028 = FACE_BOUND('',#2029,.T.);
#2029 = EDGE_LOOP('',(#2030,#2040,#2048,#2056,#2064,#2072,#2080,#2088,
    #2096,#2102,#2103,#2104,#2105,#2113,#2121,#2127,#2128,#2136,#2144,
    #2150,#2151,#2152,#2160,#2168,#2176,#2184,#2192,#2200,#2208));
#2030 = ORIENTED_EDGE('',*,*,#2031,.T.);
#2031 = EDGE_CURVE('',#2032,#2034,#2036,.T.);
#2032 = VERTEX_POINT('',#2033);
#2033 = CARTESIAN_POINT('',(-9.684,149.,6.6));
#2034 = VERTEX_POINT('',#2035);
#2035 = CARTESIAN_POINT('',(-9.684,149.,6.61));
#2036 = LINE('',#2037,#2038);
#2037 = CARTESIAN_POINT('',(-9.684,149.,6.6));
#2038 = VECTOR('',#2039,1.);
#2039 = DIRECTION('',(0.,0.,1.));
#2040 = ORIENTED_EDGE('',*,*,#2041,.F.);
#2041 = EDGE_CURVE('',#2042,#2034,#2044,.T.);
#2042 = VERTEX_POINT('',#2043);
#2043 = CARTESIAN_POINT('',(-9.684,148.81,6.8));
#2044 = LINE('',#2045,#2046);
#2045 = CARTESIAN_POINT('',(-9.684,130.78997718699,24.820022813008));
#2046 = VECTOR('',#2047,1.);
#2047 = DIRECTION('',(-5.5E-16,0.707106781187,-0.707106781187));
#2048 = ORIENTED_EDGE('',*,*,#2049,.F.);
#2049 = EDGE_CURVE('',#2050,#2042,#2052,.T.);
#2050 = VERTEX_POINT('',#2051);
#2051 = CARTESIAN_POINT('',(-9.684,1.19,6.8));
#2052 = LINE('',#2053,#2054);
#2053 = CARTESIAN_POINT('',(-9.684,0.,6.8));
#2054 = VECTOR('',#2055,1.);
#2055 = DIRECTION('',(0.,1.,0.));
#2056 = ORIENTED_EDGE('',*,*,#2057,.T.);
#2057 = EDGE_CURVE('',#2050,#2058,#2060,.T.);
#2058 = VERTEX_POINT('',#2059);
#2059 = CARTESIAN_POINT('',(-9.684,1.,6.61));
#2060 = LINE('',#2061,#2062);
#2061 = CARTESIAN_POINT('',(-9.684,19.675687402584,25.285687402584));
#2062 = VECTOR('',#2063,1.);
#2063 = DIRECTION('',(-5.5E-16,-0.707106781187,-0.707106781187));
#2064 = ORIENTED_EDGE('',*,*,#2065,.F.);
#2065 = EDGE_CURVE('',#2066,#2058,#2068,.T.);
#2066 = VERTEX_POINT('',#2067);
#2067 = CARTESIAN_POINT('',(-9.684,1.,6.6));
#2068 = LINE('',#2069,#2070);
#2069 = CARTESIAN_POINT('',(-9.684,1.,6.6));
#2070 = VECTOR('',#2071,1.);
#2071 = DIRECTION('',(0.,0.,1.));
#2072 = ORIENTED_EDGE('',*,*,#2073,.T.);
#2073 = EDGE_CURVE('',#2066,#2074,#2076,.T.);
#2074 = VERTEX_POINT('',#2075);
#2075 = CARTESIAN_POINT('',(-9.684,0.,5.6));
#2076 = LINE('',#2077,#2078);
#2077 = CARTESIAN_POINT('',(-9.684,19.375001591343,24.975001591343));
#2078 = VECTOR('',#2079,1.);
#2079 = DIRECTION('',(-6.4E-16,-0.707106781187,-0.707106781187));
#2080 = ORIENTED_EDGE('',*,*,#2081,.F.);
#2081 = EDGE_CURVE('',#2082,#2074,#2084,.T.);
#2082 = VERTEX_POINT('',#2083);
#2083 = CARTESIAN_POINT('',(-9.684,0.,4.9));
#2084 = LINE('',#2085,#2086);
#2085 = CARTESIAN_POINT('',(-9.684,0.,4.9));
#2086 = VECTOR('',#2087,1.);
#2087 = DIRECTION('',(0.,0.,1.));
#2088 = ORIENTED_EDGE('',*,*,#2089,.T.);
#2089 = EDGE_CURVE('',#2082,#2090,#2092,.T.);
#2090 = VERTEX_POINT('',#2091);
#2091 = CARTESIAN_POINT('',(-9.684,2.5,4.9));
#2092 = LINE('',#2093,#2094);
#2093 = CARTESIAN_POINT('',(-9.684,75.50989178867,4.9));
#2094 = VECTOR('',#2095,1.);
#2095 = DIRECTION('',(0.,1.,0.));
#2096 = ORIENTED_EDGE('',*,*,#2097,.T.);
#2097 = EDGE_CURVE('',#2090,#1081,#2098,.T.);
#2098 = LINE('',#2099,#2100);
#2099 = CARTESIAN_POINT('',(-9.684,2.5,4.9));
#2100 = VECTOR('',#2101,1.);
#2101 = DIRECTION('',(-0.,-0.,-1.));
#2102 = ORIENTED_EDGE('',*,*,#1080,.T.);
#2103 = ORIENTED_EDGE('',*,*,#344,.T.);
#2104 = ORIENTED_EDGE('',*,*,#890,.T.);
#2105 = ORIENTED_EDGE('',*,*,#2106,.F.);
#2106 = EDGE_CURVE('',#2107,#883,#2109,.T.);
#2107 = VERTEX_POINT('',#2108);
#2108 = CARTESIAN_POINT('',(-9.684,58.1,6.1));
#2109 = LINE('',#2110,#2111);
#2110 = CARTESIAN_POINT('',(-9.684,58.1,6.1));
#2111 = VECTOR('',#2112,1.);
#2112 = DIRECTION('',(0.,0.,1.));
#2113 = ORIENTED_EDGE('',*,*,#2114,.T.);
#2114 = EDGE_CURVE('',#2107,#2115,#2117,.T.);
#2115 = VERTEX_POINT('',#2116);
#2116 = CARTESIAN_POINT('',(-9.684,67.1,6.1));
#2117 = LINE('',#2118,#2119);
#2118 = CARTESIAN_POINT('',(-9.684,41.07609257209,6.1));
#2119 = VECTOR('',#2120,1.);
#2120 = DIRECTION('',(0.,1.,0.));
#2121 = ORIENTED_EDGE('',*,*,#2122,.T.);
#2122 = EDGE_CURVE('',#2115,#859,#2123,.T.);
#2123 = LINE('',#2124,#2125);
#2124 = CARTESIAN_POINT('',(-9.684,67.1,6.1));
#2125 = VECTOR('',#2126,1.);
#2126 = DIRECTION('',(0.,0.,1.));
#2127 = ORIENTED_EDGE('',*,*,#858,.T.);
#2128 = ORIENTED_EDGE('',*,*,#2129,.F.);
#2129 = EDGE_CURVE('',#2130,#851,#2132,.T.);
#2130 = VERTEX_POINT('',#2131);
#2131 = CARTESIAN_POINT('',(-9.684,106.6,6.1));
#2132 = LINE('',#2133,#2134);
#2133 = CARTESIAN_POINT('',(-9.684,106.6,6.1));
#2134 = VECTOR('',#2135,1.);
#2135 = DIRECTION('',(0.,0.,1.));
#2136 = ORIENTED_EDGE('',*,*,#2137,.T.);
#2137 = EDGE_CURVE('',#2130,#2138,#2140,.T.);
#2138 = VERTEX_POINT('',#2139);
#2139 = CARTESIAN_POINT('',(-9.684,116.1,6.1));
#2140 = LINE('',#2141,#2142);
#2141 = CARTESIAN_POINT('',(-9.684,41.07609257209,6.1));
#2142 = VECTOR('',#2143,1.);
#2143 = DIRECTION('',(0.,1.,0.));
#2144 = ORIENTED_EDGE('',*,*,#2145,.T.);
#2145 = EDGE_CURVE('',#2138,#827,#2146,.T.);
#2146 = LINE('',#2147,#2148);
#2147 = CARTESIAN_POINT('',(-9.684,116.1,6.1));
#2148 = VECTOR('',#2149,1.);
#2149 = DIRECTION('',(0.,0.,1.));
#2150 = ORIENTED_EDGE('',*,*,#826,.T.);
#2151 = ORIENTED_EDGE('',*,*,#1947,.F.);
#2152 = ORIENTED_EDGE('',*,*,#2153,.T.);
#2153 = EDGE_CURVE('',#1940,#2154,#2156,.T.);
#2154 = VERTEX_POINT('',#2155);
#2155 = CARTESIAN_POINT('',(-9.684,145.608,3.8));
#2156 = LINE('',#2157,#2158);
#2157 = CARTESIAN_POINT('',(-9.684,145.,3.8));
#2158 = VECTOR('',#2159,1.);
#2159 = DIRECTION('',(-7.61E-15,1.,0.));
#2160 = ORIENTED_EDGE('',*,*,#2161,.T.);
#2161 = EDGE_CURVE('',#2154,#2162,#2164,.T.);
#2162 = VERTEX_POINT('',#2163);
#2163 = CARTESIAN_POINT('',(-9.684,145.608,2.3));
#2164 = LINE('',#2165,#2166);
#2165 = CARTESIAN_POINT('',(-9.684,145.608,3.8));
#2166 = VECTOR('',#2167,1.);
#2167 = DIRECTION('',(-0.,-0.,-1.));
#2168 = ORIENTED_EDGE('',*,*,#2169,.F.);
#2169 = EDGE_CURVE('',#2170,#2162,#2172,.T.);
#2170 = VERTEX_POINT('',#2171);
#2171 = CARTESIAN_POINT('',(-9.684,146.60202434252,1.8));
#2172 = LINE('',#2173,#2174);
#2173 = CARTESIAN_POINT('',(-9.684,110.70011562489,19.858867968208));
#2174 = VECTOR('',#2175,1.);
#2175 = DIRECTION('',(4.1E-16,-0.893350521577,0.449360485131));
#2176 = ORIENTED_EDGE('',*,*,#2177,.T.);
#2177 = EDGE_CURVE('',#2170,#2178,#2180,.T.);
#2178 = VERTEX_POINT('',#2179);
#2179 = CARTESIAN_POINT('',(-9.684,147.5,1.8));
#2180 = LINE('',#2181,#2182);
#2181 = CARTESIAN_POINT('',(-9.684,145.608,1.8));
#2182 = VECTOR('',#2183,1.);
#2183 = DIRECTION('',(-1.54E-15,1.,0.));
#2184 = ORIENTED_EDGE('',*,*,#2185,.F.);
#2185 = EDGE_CURVE('',#2186,#2178,#2188,.T.);
#2186 = VERTEX_POINT('',#2187);
#2187 = CARTESIAN_POINT('',(-9.684,147.5,4.9));
#2188 = LINE('',#2189,#2190);
#2189 = CARTESIAN_POINT('',(-9.684,147.5,4.9));
#2190 = VECTOR('',#2191,1.);
#2191 = DIRECTION('',(-0.,-0.,-1.));
#2192 = ORIENTED_EDGE('',*,*,#2193,.T.);
#2193 = EDGE_CURVE('',#2186,#2194,#2196,.T.);
#2194 = VERTEX_POINT('',#2195);
#2195 = CARTESIAN_POINT('',(-9.684,150.,4.9));
#2196 = LINE('',#2197,#2198);
#2197 = CARTESIAN_POINT('',(-9.684,0.,4.9));
#2198 = VECTOR('',#2199,1.);
#2199 = DIRECTION('',(0.,1.,0.));
#2200 = ORIENTED_EDGE('',*,*,#2201,.T.);
#2201 = EDGE_CURVE('',#2194,#2202,#2204,.T.);
#2202 = VERTEX_POINT('',#2203);
#2203 = CARTESIAN_POINT('',(-9.684,150.,5.6));
#2204 = LINE('',#2205,#2206);
#2205 = CARTESIAN_POINT('',(-9.684,150.,4.9));
#2206 = VECTOR('',#2207,1.);
#2207 = DIRECTION('',(0.,0.,1.));
#2208 = ORIENTED_EDGE('',*,*,#2209,.F.);
#2209 = EDGE_CURVE('',#2032,#2202,#2210,.T.);
#2210 = LINE('',#2211,#2212);
#2211 = CARTESIAN_POINT('',(-9.684,131.13489019732,24.465109802673));
#2212 = VECTOR('',#2213,1.);
#2213 = DIRECTION('',(-6.4E-16,0.707106781187,-0.707106781187));
#2214 = PLANE('',#2215);
#2215 = AXIS2_PLACEMENT_3D('',#2216,#2217,#2218);
#2216 = CARTESIAN_POINT('',(-9.684,75.931329179152,6.191420431183));
#2217 = DIRECTION('',(1.,0.,-7.8E-16));
#2218 = DIRECTION('',(7.8E-16,0.,1.));
#2219 = ADVANCED_FACE('',(#2220),#2242,.F.);
#2220 = FACE_BOUND('',#2221,.F.);
#2221 = EDGE_LOOP('',(#2222,#2223,#2224,#2225,#2226,#2235));
#2222 = ORIENTED_EDGE('',*,*,#376,.T.);
#2223 = ORIENTED_EDGE('',*,*,#1063,.F.);
#2224 = ORIENTED_EDGE('',*,*,#1072,.F.);
#2225 = ORIENTED_EDGE('',*,*,#360,.F.);
#2226 = ORIENTED_EDGE('',*,*,#2227,.T.);
#2227 = EDGE_CURVE('',#361,#2228,#2230,.T.);
#2228 = VERTEX_POINT('',#2229);
#2229 = CARTESIAN_POINT('',(-43.89302970119,13.558431186334,4.8));
#2230 = CIRCLE('',#2231,5.5);
#2231 = AXIS2_PLACEMENT_3D('',#2232,#2233,#2234);
#2232 = CARTESIAN_POINT('',(-49.39302970119,13.558431186334,4.8));
#2233 = DIRECTION('',(0.,0.,-1.));
#2234 = DIRECTION('',(1.,0.,0.));
#2235 = ORIENTED_EDGE('',*,*,#2236,.T.);
#2236 = EDGE_CURVE('',#2228,#369,#2237,.T.);
#2237 = CIRCLE('',#2238,5.5);
#2238 = AXIS2_PLACEMENT_3D('',#2239,#2240,#2241);
#2239 = CARTESIAN_POINT('',(-49.39302970119,13.558431186334,4.8));
#2240 = DIRECTION('',(0.,0.,-1.));
#2241 = DIRECTION('',(1.,0.,0.));
#2242 = CYLINDRICAL_SURFACE('',#2243,5.5);
#2243 = AXIS2_PLACEMENT_3D('',#2244,#2245,#2246);
#2244 = CARTESIAN_POINT('',(-49.39302970119,13.558431186334,3.8));
#2245 = DIRECTION('',(0.,0.,-1.));
#2246 = DIRECTION('',(1.,0.,0.));
#2247 = ADVANCED_FACE('',(#2248),#2253,.F.);
#2248 = FACE_BOUND('',#2249,.F.);
#2249 = EDGE_LOOP('',(#2250,#2251,#2252));
#2250 = ORIENTED_EDGE('',*,*,#2236,.F.);
#2251 = ORIENTED_EDGE('',*,*,#2227,.F.);
#2252 = ORIENTED_EDGE('',*,*,#368,.F.);
#2253 = PLANE('',#2254);
#2254 = AXIS2_PLACEMENT_3D('',#2255,#2256,#2257);
#2255 = CARTESIAN_POINT('',(-49.39302970119,13.558431186334,4.8));
#2256 = DIRECTION('',(0.,0.,1.));
#2257 = DIRECTION('',(1.,0.,0.));
#2258 = ADVANCED_FACE('',(#2259),#2265,.T.);
#2259 = FACE_BOUND('',#2260,.T.);
#2260 = EDGE_LOOP('',(#2261,#2262,#2263,#2264));
#2261 = ORIENTED_EDGE('',*,*,#977,.T.);
#2262 = ORIENTED_EDGE('',*,*,#763,.T.);
#2263 = ORIENTED_EDGE('',*,*,#392,.F.);
#2264 = ORIENTED_EDGE('',*,*,#1056,.F.);
#2265 = PLANE('',#2266);
#2266 = AXIS2_PLACEMENT_3D('',#2267,#2268,#2269);
#2267 = CARTESIAN_POINT('',(-109.801,16.,4.3));
#2268 = DIRECTION('',(-1.,-0.,-0.));
#2269 = DIRECTION('',(0.,0.,-1.));
#2270 = ADVANCED_FACE('',(#2271),#2441,.T.);
#2271 = FACE_BOUND('',#2272,.F.);
#2272 = EDGE_LOOP('',(#2273,#2274,#2275,#2276,#2277,#2278,#2279,#2280,
    #2289,#2297,#2303,#2311,#2318,#2319,#2328,#2336,#2343,#2344,#2352,
    #2361,#2369,#2377,#2385,#2393,#2401,#2410,#2416,#2417,#2426,#2434));
#2273 = ORIENTED_EDGE('',*,*,#602,.F.);
#2274 = ORIENTED_EDGE('',*,*,#705,.T.);
#2275 = ORIENTED_EDGE('',*,*,#689,.F.);
#2276 = ORIENTED_EDGE('',*,*,#449,.F.);
#2277 = ORIENTED_EDGE('',*,*,#481,.T.);
#2278 = ORIENTED_EDGE('',*,*,#519,.F.);
#2279 = ORIENTED_EDGE('',*,*,#618,.F.);
#2280 = ORIENTED_EDGE('',*,*,#2281,.T.);
#2281 = EDGE_CURVE('',#619,#2282,#2284,.T.);
#2282 = VERTEX_POINT('',#2283);
#2283 = CARTESIAN_POINT('',(-113.7554230498,126.05709857149,4.9));
#2284 = CIRCLE('',#2285,3.);
#2285 = AXIS2_PLACEMENT_3D('',#2286,#2287,#2288);
#2286 = CARTESIAN_POINT('',(-110.801,125.53615285201,4.9));
#2287 = DIRECTION('',(0.,0.,-1.));
#2288 = DIRECTION('',(0.,1.,0.));
#2289 = ORIENTED_EDGE('',*,*,#2290,.F.);
#2290 = EDGE_CURVE('',#2291,#2282,#2293,.T.);
#2291 = VERTEX_POINT('',#2292);
#2292 = CARTESIAN_POINT('',(-113.501,127.5,4.9));
#2293 = LINE('',#2294,#2295);
#2294 = CARTESIAN_POINT('',(-113.501,127.5,4.9));
#2295 = VECTOR('',#2296,1.);
#2296 = DIRECTION('',(-0.173648573161,-0.984807683276,0.));
#2297 = ORIENTED_EDGE('',*,*,#2298,.F.);
#2298 = EDGE_CURVE('',#1785,#2291,#2299,.T.);
#2299 = LINE('',#2300,#2301);
#2300 = CARTESIAN_POINT('',(-113.501,137.,4.9));
#2301 = VECTOR('',#2302,1.);
#2302 = DIRECTION('',(0.,-1.,0.));
#2303 = ORIENTED_EDGE('',*,*,#2304,.T.);
#2304 = EDGE_CURVE('',#1785,#2305,#2307,.T.);
#2305 = VERTEX_POINT('',#2306);
#2306 = CARTESIAN_POINT('',(-113.7554230498,138.4429014285,4.9));
#2307 = LINE('',#2308,#2309);
#2308 = CARTESIAN_POINT('',(-113.501,137.,4.9));
#2309 = VECTOR('',#2310,1.);
#2310 = DIRECTION('',(-0.173648573161,0.984807683276,0.));
#2311 = ORIENTED_EDGE('',*,*,#2312,.F.);
#2312 = EDGE_CURVE('',#643,#2305,#2313,.T.);
#2313 = CIRCLE('',#2314,3.);
#2314 = AXIS2_PLACEMENT_3D('',#2315,#2316,#2317);
#2315 = CARTESIAN_POINT('',(-110.801,138.96384714799,4.9));
#2316 = DIRECTION('',(0.,-0.,1.));
#2317 = DIRECTION('',(0.,1.,0.));
#2318 = ORIENTED_EDGE('',*,*,#650,.F.);
#2319 = ORIENTED_EDGE('',*,*,#2320,.F.);
#2320 = EDGE_CURVE('',#2321,#651,#2323,.T.);
#2321 = VERTEX_POINT('',#2322);
#2322 = CARTESIAN_POINT('',(-104.301,148.5,4.9));
#2323 = CIRCLE('',#2324,9.5);
#2324 = AXIS2_PLACEMENT_3D('',#2325,#2326,#2327);
#2325 = CARTESIAN_POINT('',(-104.301,139.,4.9));
#2326 = DIRECTION('',(0.,0.,1.));
#2327 = DIRECTION('',(-1.,0.,0.));
#2328 = ORIENTED_EDGE('',*,*,#2329,.F.);
#2329 = EDGE_CURVE('',#2330,#2321,#2332,.T.);
#2330 = VERTEX_POINT('',#2331);
#2331 = CARTESIAN_POINT('',(-10.684,148.5,4.9));
#2332 = LINE('',#2333,#2334);
#2333 = CARTESIAN_POINT('',(-9.684,148.5,4.9));
#2334 = VECTOR('',#2335,1.);
#2335 = DIRECTION('',(-1.,0.,0.));
#2336 = ORIENTED_EDGE('',*,*,#2337,.F.);
#2337 = EDGE_CURVE('',#2186,#2330,#2338,.T.);
#2338 = CIRCLE('',#2339,1.);
#2339 = AXIS2_PLACEMENT_3D('',#2340,#2341,#2342);
#2340 = CARTESIAN_POINT('',(-10.684,147.5,4.9));
#2341 = DIRECTION('',(0.,-0.,1.));
#2342 = DIRECTION('',(0.,1.,0.));
#2343 = ORIENTED_EDGE('',*,*,#2193,.T.);
#2344 = ORIENTED_EDGE('',*,*,#2345,.T.);
#2345 = EDGE_CURVE('',#2194,#2346,#2348,.T.);
#2346 = VERTEX_POINT('',#2347);
#2347 = CARTESIAN_POINT('',(-104.301,150.,4.9));
#2348 = LINE('',#2349,#2350);
#2349 = CARTESIAN_POINT('',(-9.684,150.,4.9));
#2350 = VECTOR('',#2351,1.);
#2351 = DIRECTION('',(-1.,-3.E-16,-0.));
#2352 = ORIENTED_EDGE('',*,*,#2353,.F.);
#2353 = EDGE_CURVE('',#2354,#2346,#2356,.T.);
#2354 = VERTEX_POINT('',#2355);
#2355 = CARTESIAN_POINT('',(-115.301,139.,4.9));
#2356 = CIRCLE('',#2357,11.);
#2357 = AXIS2_PLACEMENT_3D('',#2358,#2359,#2360);
#2358 = CARTESIAN_POINT('',(-104.301,139.,4.9));
#2359 = DIRECTION('',(0.,0.,-1.));
#2360 = DIRECTION('',(-1.,-0.,-0.));
#2361 = ORIENTED_EDGE('',*,*,#2362,.T.);
#2362 = EDGE_CURVE('',#2354,#2363,#2365,.T.);
#2363 = VERTEX_POINT('',#2364);
#2364 = CARTESIAN_POINT('',(-115.301,90.,4.9));
#2365 = LINE('',#2366,#2367);
#2366 = CARTESIAN_POINT('',(-115.301,139.,4.9));
#2367 = VECTOR('',#2368,1.);
#2368 = DIRECTION('',(-0.,-1.,-0.));
#2369 = ORIENTED_EDGE('',*,*,#2370,.T.);
#2370 = EDGE_CURVE('',#2363,#2371,#2373,.T.);
#2371 = VERTEX_POINT('',#2372);
#2372 = CARTESIAN_POINT('',(-115.2938932188,90.,4.9));
#2373 = LINE('',#2374,#2375);
#2374 = CARTESIAN_POINT('',(-88.00253961364,90.,4.9));
#2375 = VECTOR('',#2376,1.);
#2376 = DIRECTION('',(1.,0.,0.));
#2377 = ORIENTED_EDGE('',*,*,#2378,.F.);
#2378 = EDGE_CURVE('',#2379,#2371,#2381,.T.);
#2379 = VERTEX_POINT('',#2380);
#2380 = CARTESIAN_POINT('',(-115.2938932188,60.,4.9));
#2381 = LINE('',#2382,#2383);
#2382 = CARTESIAN_POINT('',(-115.2938932188,67.5,4.9));
#2383 = VECTOR('',#2384,1.);
#2384 = DIRECTION('',(2.2E-16,1.,0.));
#2385 = ORIENTED_EDGE('',*,*,#2386,.F.);
#2386 = EDGE_CURVE('',#2387,#2379,#2389,.T.);
#2387 = VERTEX_POINT('',#2388);
#2388 = CARTESIAN_POINT('',(-115.301,60.,4.9));
#2389 = LINE('',#2390,#2391);
#2390 = CARTESIAN_POINT('',(-88.00253961364,60.,4.9));
#2391 = VECTOR('',#2392,1.);
#2392 = DIRECTION('',(1.,0.,0.));
#2393 = ORIENTED_EDGE('',*,*,#2394,.T.);
#2394 = EDGE_CURVE('',#2387,#2395,#2397,.T.);
#2395 = VERTEX_POINT('',#2396);
#2396 = CARTESIAN_POINT('',(-115.301,11.,4.9));
#2397 = LINE('',#2398,#2399);
#2398 = CARTESIAN_POINT('',(-115.301,139.,4.9));
#2399 = VECTOR('',#2400,1.);
#2400 = DIRECTION('',(-0.,-1.,-0.));
#2401 = ORIENTED_EDGE('',*,*,#2402,.F.);
#2402 = EDGE_CURVE('',#2403,#2395,#2405,.T.);
#2403 = VERTEX_POINT('',#2404);
#2404 = CARTESIAN_POINT('',(-104.301,0.,4.9));
#2405 = CIRCLE('',#2406,11.);
#2406 = AXIS2_PLACEMENT_3D('',#2407,#2408,#2409);
#2407 = CARTESIAN_POINT('',(-104.301,11.,4.9));
#2408 = DIRECTION('',(0.,0.,-1.));
#2409 = DIRECTION('',(-1.,-0.,-0.));
#2410 = ORIENTED_EDGE('',*,*,#2411,.T.);
#2411 = EDGE_CURVE('',#2403,#2082,#2412,.T.);
#2412 = LINE('',#2413,#2414);
#2413 = CARTESIAN_POINT('',(-104.301,0.,4.9));
#2414 = VECTOR('',#2415,1.);
#2415 = DIRECTION('',(1.,0.,0.));
#2416 = ORIENTED_EDGE('',*,*,#2089,.T.);
#2417 = ORIENTED_EDGE('',*,*,#2418,.T.);
#2418 = EDGE_CURVE('',#2090,#2419,#2421,.T.);
#2419 = VERTEX_POINT('',#2420);
#2420 = CARTESIAN_POINT('',(-10.684,1.5,4.9));
#2421 = CIRCLE('',#2422,1.);
#2422 = AXIS2_PLACEMENT_3D('',#2423,#2424,#2425);
#2423 = CARTESIAN_POINT('',(-10.684,2.5,4.9));
#2424 = DIRECTION('',(0.,0.,-1.));
#2425 = DIRECTION('',(0.,1.,0.));
#2426 = ORIENTED_EDGE('',*,*,#2427,.T.);
#2427 = EDGE_CURVE('',#2419,#2428,#2430,.T.);
#2428 = VERTEX_POINT('',#2429);
#2429 = CARTESIAN_POINT('',(-104.301,1.5,4.9));
#2430 = LINE('',#2431,#2432);
#2431 = CARTESIAN_POINT('',(-9.684,1.5,4.9));
#2432 = VECTOR('',#2433,1.);
#2433 = DIRECTION('',(-1.,0.,0.));
#2434 = ORIENTED_EDGE('',*,*,#2435,.F.);
#2435 = EDGE_CURVE('',#595,#2428,#2436,.T.);
#2436 = CIRCLE('',#2437,9.5);
#2437 = AXIS2_PLACEMENT_3D('',#2438,#2439,#2440);
#2438 = CARTESIAN_POINT('',(-104.301,11.,4.9));
#2439 = DIRECTION('',(0.,0.,1.));
#2440 = DIRECTION('',(-1.,0.,0.));
#2441 = PLANE('',#2442);
#2442 = AXIS2_PLACEMENT_3D('',#2443,#2444,#2445);
#2443 = CARTESIAN_POINT('',(-82.357772297,75.,4.9));
#2444 = DIRECTION('',(0.,0.,-1.));
#2445 = DIRECTION('',(-1.,-0.,-0.));
#2446 = ADVANCED_FACE('',(#2447),#2472,.F.);
#2447 = FACE_BOUND('',#2448,.T.);
#2448 = EDGE_LOOP('',(#2449,#2457,#2458,#2466));
#2449 = ORIENTED_EDGE('',*,*,#2450,.F.);
#2450 = EDGE_CURVE('',#434,#2451,#2453,.T.);
#2451 = VERTEX_POINT('',#2452);
#2452 = CARTESIAN_POINT('',(-113.701,12.8,6.8));
#2453 = LINE('',#2454,#2455);
#2454 = CARTESIAN_POINT('',(-113.0843333333,13.416666666667,
    6.183333333333));
#2455 = VECTOR('',#2456,1.);
#2456 = DIRECTION('',(-0.57735026919,-0.57735026919,0.57735026919));
#2457 = ORIENTED_EDGE('',*,*,#433,.T.);
#2458 = ORIENTED_EDGE('',*,*,#2459,.T.);
#2459 = EDGE_CURVE('',#426,#2460,#2462,.T.);
#2460 = VERTEX_POINT('',#2461);
#2461 = CARTESIAN_POINT('',(-113.701,23.5,6.8));
#2462 = LINE('',#2463,#2464);
#2463 = CARTESIAN_POINT('',(-111.851,21.65,4.95));
#2464 = VECTOR('',#2465,1.);
#2465 = DIRECTION('',(-0.57735026919,0.57735026919,0.57735026919));
#2466 = ORIENTED_EDGE('',*,*,#2467,.F.);
#2467 = EDGE_CURVE('',#2451,#2460,#2468,.T.);
#2468 = LINE('',#2469,#2470);
#2469 = CARTESIAN_POINT('',(-113.701,13.,6.8));
#2470 = VECTOR('',#2471,1.);
#2471 = DIRECTION('',(0.,1.,0.));
#2472 = PLANE('',#2473);
#2473 = AXIS2_PLACEMENT_3D('',#2474,#2475,#2476);
#2474 = CARTESIAN_POINT('',(-113.601,13.,6.7));
#2475 = DIRECTION('',(-0.707106781187,-0.,-0.707106781187));
#2476 = DIRECTION('',(0.,-1.,0.));
#2477 = ADVANCED_FACE('',(#2478),#2490,.T.);
#2478 = FACE_BOUND('',#2479,.T.);
#2479 = EDGE_LOOP('',(#2480,#2481,#2482,#2483,#2484));
#2480 = ORIENTED_EDGE('',*,*,#2005,.F.);
#2481 = ORIENTED_EDGE('',*,*,#554,.T.);
#2482 = ORIENTED_EDGE('',*,*,#672,.F.);
#2483 = ORIENTED_EDGE('',*,*,#441,.F.);
#2484 = ORIENTED_EDGE('',*,*,#2485,.F.);
#2485 = EDGE_CURVE('',#2006,#434,#2486,.T.);
#2486 = LINE('',#2487,#2488);
#2487 = CARTESIAN_POINT('',(-110.601,13.,6.6));
#2488 = VECTOR('',#2489,1.);
#2489 = DIRECTION('',(-1.,-0.,-0.));
#2490 = PLANE('',#2491);
#2491 = AXIS2_PLACEMENT_3D('',#2492,#2493,#2494);
#2492 = CARTESIAN_POINT('',(-112.051,13.,5.6));
#2493 = DIRECTION('',(0.,1.,-5.8E-16));
#2494 = DIRECTION('',(0.,5.8E-16,1.));
#2495 = ADVANCED_FACE('',(#2496),#2530,.F.);
#2496 = FACE_BOUND('',#2497,.T.);
#2497 = EDGE_LOOP('',(#2498,#2499,#2507,#2515,#2523));
#2498 = ORIENTED_EDGE('',*,*,#568,.F.);
#2499 = ORIENTED_EDGE('',*,*,#2500,.F.);
#2500 = EDGE_CURVE('',#2501,#569,#2503,.T.);
#2501 = VERTEX_POINT('',#2502);
#2502 = CARTESIAN_POINT('',(-113.301,139.,1.8));
#2503 = LINE('',#2504,#2505);
#2504 = CARTESIAN_POINT('',(-113.801,139.,2.3));
#2505 = VECTOR('',#2506,1.);
#2506 = DIRECTION('',(-0.707106781187,4.E-17,0.707106781187));
#2507 = ORIENTED_EDGE('',*,*,#2508,.T.);
#2508 = EDGE_CURVE('',#2501,#2509,#2511,.T.);
#2509 = VERTEX_POINT('',#2510);
#2510 = CARTESIAN_POINT('',(-113.301,135.5,1.8));
#2511 = LINE('',#2512,#2513);
#2512 = CARTESIAN_POINT('',(-113.301,139.,1.8));
#2513 = VECTOR('',#2514,1.);
#2514 = DIRECTION('',(0.,-1.,0.));
#2515 = ORIENTED_EDGE('',*,*,#2516,.T.);
#2516 = EDGE_CURVE('',#2509,#2517,#2519,.T.);
#2517 = VERTEX_POINT('',#2518);
#2518 = CARTESIAN_POINT('',(-113.5081067811,135.29289321881,
    2.007106781187));
#2519 = LINE('',#2520,#2521);
#2520 = CARTESIAN_POINT('',(-112.9676666666,135.83333333333,
    1.466666666667));
#2521 = VECTOR('',#2522,1.);
#2522 = DIRECTION('',(-0.57735026919,-0.57735026919,0.57735026919));
#2523 = ORIENTED_EDGE('',*,*,#2524,.F.);
#2524 = EDGE_CURVE('',#571,#2517,#2525,.T.);
#2525 = ELLIPSE('',#2526,1.414213562373,1.);
#2526 = AXIS2_PLACEMENT_3D('',#2527,#2528,#2529);
#2527 = CARTESIAN_POINT('',(-112.801,136.,1.3));
#2528 = DIRECTION('',(0.707106781187,-0.,0.707106781187));
#2529 = DIRECTION('',(0.707106781187,0.,-0.707106781187));
#2530 = PLANE('',#2531);
#2531 = AXIS2_PLACEMENT_3D('',#2532,#2533,#2534);
#2532 = CARTESIAN_POINT('',(-113.551,139.,2.05));
#2533 = DIRECTION('',(0.707106781187,0.,0.707106781187));
#2534 = DIRECTION('',(0.,1.,0.));
#2535 = ADVANCED_FACE('',(#2536),#2555,.T.);
#2536 = FACE_BOUND('',#2537,.T.);
#2537 = EDGE_LOOP('',(#2538,#2539,#2540,#2548));
#2538 = ORIENTED_EDGE('',*,*,#658,.F.);
#2539 = ORIENTED_EDGE('',*,*,#2320,.F.);
#2540 = ORIENTED_EDGE('',*,*,#2541,.T.);
#2541 = EDGE_CURVE('',#2321,#2542,#2544,.T.);
#2542 = VERTEX_POINT('',#2543);
#2543 = CARTESIAN_POINT('',(-104.301,148.5,2.3));
#2544 = LINE('',#2545,#2546);
#2545 = CARTESIAN_POINT('',(-104.301,148.5,4.9));
#2546 = VECTOR('',#2547,1.);
#2547 = DIRECTION('',(-0.,-0.,-1.));
#2548 = ORIENTED_EDGE('',*,*,#2549,.T.);
#2549 = EDGE_CURVE('',#2542,#569,#2550,.T.);
#2550 = CIRCLE('',#2551,9.5);
#2551 = AXIS2_PLACEMENT_3D('',#2552,#2553,#2554);
#2552 = CARTESIAN_POINT('',(-104.301,139.,2.3));
#2553 = DIRECTION('',(0.,-0.,1.));
#2554 = DIRECTION('',(0.,1.,0.));
#2555 = CYLINDRICAL_SURFACE('',#2556,9.5);
#2556 = AXIS2_PLACEMENT_3D('',#2557,#2558,#2559);
#2557 = CARTESIAN_POINT('',(-104.301,139.,4.9));
#2558 = DIRECTION('',(0.,0.,1.));
#2559 = DIRECTION('',(-1.,0.,0.));
#2560 = ADVANCED_FACE('',(#2561),#2572,.T.);
#2561 = FACE_BOUND('',#2562,.F.);
#2562 = EDGE_LOOP('',(#2563,#2564,#2565,#2571));
#2563 = ORIENTED_EDGE('',*,*,#642,.F.);
#2564 = ORIENTED_EDGE('',*,*,#2312,.T.);
#2565 = ORIENTED_EDGE('',*,*,#2566,.T.);
#2566 = EDGE_CURVE('',#2305,#1631,#2567,.T.);
#2567 = LINE('',#2568,#2569);
#2568 = CARTESIAN_POINT('',(-113.7554230498,138.4429014285,4.9));
#2569 = VECTOR('',#2570,1.);
#2570 = DIRECTION('',(0.,0.,-1.));
#2571 = ORIENTED_EDGE('',*,*,#1638,.F.);
#2572 = CYLINDRICAL_SURFACE('',#2573,3.);
#2573 = AXIS2_PLACEMENT_3D('',#2574,#2575,#2576);
#2574 = CARTESIAN_POINT('',(-110.801,138.96384714799,4.9));
#2575 = DIRECTION('',(0.,0.,-1.));
#2576 = DIRECTION('',(-1.,0.,0.));
#2577 = ADVANCED_FACE('',(#2578),#2589,.T.);
#2578 = FACE_BOUND('',#2579,.T.);
#2579 = EDGE_LOOP('',(#2580,#2581,#2582,#2583));
#2580 = ORIENTED_EDGE('',*,*,#1646,.F.);
#2581 = ORIENTED_EDGE('',*,*,#626,.F.);
#2582 = ORIENTED_EDGE('',*,*,#2281,.T.);
#2583 = ORIENTED_EDGE('',*,*,#2584,.T.);
#2584 = EDGE_CURVE('',#2282,#1647,#2585,.T.);
#2585 = LINE('',#2586,#2587);
#2586 = CARTESIAN_POINT('',(-113.7554230498,126.05709857149,4.8));
#2587 = VECTOR('',#2588,1.);
#2588 = DIRECTION('',(-0.,-0.,-1.));
#2589 = CYLINDRICAL_SURFACE('',#2590,3.);
#2590 = AXIS2_PLACEMENT_3D('',#2591,#2592,#2593);
#2591 = CARTESIAN_POINT('',(-110.801,125.53615285201,4.9));
#2592 = DIRECTION('',(0.,0.,-1.));
#2593 = DIRECTION('',(-1.,0.,0.));
#2594 = ADVANCED_FACE('',(#2595),#2606,.T.);
#2595 = FACE_BOUND('',#2596,.T.);
#2596 = EDGE_LOOP('',(#2597,#2598,#2599,#2605));
#2597 = ORIENTED_EDGE('',*,*,#594,.T.);
#2598 = ORIENTED_EDGE('',*,*,#1105,.T.);
#2599 = ORIENTED_EDGE('',*,*,#2600,.F.);
#2600 = EDGE_CURVE('',#2428,#1098,#2601,.T.);
#2601 = LINE('',#2602,#2603);
#2602 = CARTESIAN_POINT('',(-104.301,1.5,4.9));
#2603 = VECTOR('',#2604,1.);
#2604 = DIRECTION('',(-0.,-0.,-1.));
#2605 = ORIENTED_EDGE('',*,*,#2435,.F.);
#2606 = CYLINDRICAL_SURFACE('',#2607,9.5);
#2607 = AXIS2_PLACEMENT_3D('',#2608,#2609,#2610);
#2608 = CARTESIAN_POINT('',(-104.301,11.,4.9));
#2609 = DIRECTION('',(0.,0.,1.));
#2610 = DIRECTION('',(-1.,0.,0.));
#2611 = ADVANCED_FACE('',(#2612),#2625,.T.);
#2612 = FACE_BOUND('',#2613,.F.);
#2613 = EDGE_LOOP('',(#2614,#2615,#2616,#2617,#2618));
#2614 = ORIENTED_EDGE('',*,*,#2524,.F.);
#2615 = ORIENTED_EDGE('',*,*,#578,.F.);
#2616 = ORIENTED_EDGE('',*,*,#1039,.T.);
#2617 = ORIENTED_EDGE('',*,*,#1583,.T.);
#2618 = ORIENTED_EDGE('',*,*,#2619,.F.);
#2619 = EDGE_CURVE('',#2517,#1574,#2620,.T.);
#2620 = ELLIPSE('',#2621,1.414213562373,1.);
#2621 = AXIS2_PLACEMENT_3D('',#2622,#2623,#2624);
#2622 = CARTESIAN_POINT('',(-112.801,136.,1.3));
#2623 = DIRECTION('',(0.,0.707106781187,0.707106781187));
#2624 = DIRECTION('',(0.,0.707106781187,-0.707106781187));
#2625 = CYLINDRICAL_SURFACE('',#2626,1.);
#2626 = AXIS2_PLACEMENT_3D('',#2627,#2628,#2629);
#2627 = CARTESIAN_POINT('',(-112.801,136.,3.8));
#2628 = DIRECTION('',(-0.,-0.,-1.));
#2629 = DIRECTION('',(-1.,0.,0.));
#2630 = ADVANCED_FACE('',(#2631),#2649,.F.);
#2631 = FACE_BOUND('',#2632,.T.);
#2632 = EDGE_LOOP('',(#2633,#2634,#2635,#2643));
#2633 = ORIENTED_EDGE('',*,*,#2459,.F.);
#2634 = ORIENTED_EDGE('',*,*,#740,.T.);
#2635 = ORIENTED_EDGE('',*,*,#2636,.T.);
#2636 = EDGE_CURVE('',#733,#2637,#2639,.T.);
#2637 = VERTEX_POINT('',#2638);
#2638 = CARTESIAN_POINT('',(-110.401,23.5,6.8));
#2639 = LINE('',#2640,#2641);
#2640 = CARTESIAN_POINT('',(-112.7343333333,21.166666666667,
    4.466666666667));
#2641 = VECTOR('',#2642,1.);
#2642 = DIRECTION('',(0.57735026919,0.57735026919,0.57735026919));
#2643 = ORIENTED_EDGE('',*,*,#2644,.F.);
#2644 = EDGE_CURVE('',#2460,#2637,#2645,.T.);
#2645 = LINE('',#2646,#2647);
#2646 = CARTESIAN_POINT('',(-113.501,23.5,6.8));
#2647 = VECTOR('',#2648,1.);
#2648 = DIRECTION('',(1.,0.,0.));
#2649 = PLANE('',#2650);
#2650 = AXIS2_PLACEMENT_3D('',#2651,#2652,#2653);
#2651 = CARTESIAN_POINT('',(-113.501,23.4,6.7));
#2652 = DIRECTION('',(0.,0.707106781187,-0.707106781187));
#2653 = DIRECTION('',(-1.,-0.,-0.));
#2654 = ADVANCED_FACE('',(#2655),#2666,.T.);
#2655 = FACE_BOUND('',#2656,.T.);
#2656 = EDGE_LOOP('',(#2657,#2658,#2664,#2665));
#2657 = ORIENTED_EDGE('',*,*,#1017,.T.);
#2658 = ORIENTED_EDGE('',*,*,#2659,.F.);
#2659 = EDGE_CURVE('',#1796,#1010,#2660,.T.);
#2660 = LINE('',#2661,#2662);
#2661 = CARTESIAN_POINT('',(-110.601,137.,6.6));
#2662 = VECTOR('',#2663,1.);
#2663 = DIRECTION('',(-0.,-1.,-0.));
#2664 = ORIENTED_EDGE('',*,*,#1795,.T.);
#2665 = ORIENTED_EDGE('',*,*,#794,.T.);
#2666 = PLANE('',#2667);
#2667 = AXIS2_PLACEMENT_3D('',#2668,#2669,#2670);
#2668 = CARTESIAN_POINT('',(-110.601,131.85,6.55));
#2669 = DIRECTION('',(-1.,-0.,-0.));
#2670 = DIRECTION('',(0.,0.,-1.));
#2671 = ADVANCED_FACE('',(#2672),#2714,.T.);
#2672 = FACE_BOUND('',#2673,.T.);
#2673 = EDGE_LOOP('',(#2674,#2682,#2683,#2684,#2692,#2700,#2708));
#2674 = ORIENTED_EDGE('',*,*,#2675,.T.);
#2675 = EDGE_CURVE('',#2676,#835,#2678,.T.);
#2676 = VERTEX_POINT('',#2677);
#2677 = CARTESIAN_POINT('',(-10.484,116.1,6.1));
#2678 = LINE('',#2679,#2680);
#2679 = CARTESIAN_POINT('',(-10.484,116.1,6.1));
#2680 = VECTOR('',#2681,1.);
#2681 = DIRECTION('',(0.,0.,1.));
#2682 = ORIENTED_EDGE('',*,*,#834,.T.);
#2683 = ORIENTED_EDGE('',*,*,#2145,.F.);
#2684 = ORIENTED_EDGE('',*,*,#2685,.T.);
#2685 = EDGE_CURVE('',#2138,#2686,#2688,.T.);
#2686 = VERTEX_POINT('',#2687);
#2687 = CARTESIAN_POINT('',(-8.884,116.1,5.3));
#2688 = LINE('',#2689,#2690);
#2689 = CARTESIAN_POINT('',(-9.684,116.1,6.1));
#2690 = VECTOR('',#2691,1.);
#2691 = DIRECTION('',(0.707106781186,0.,-0.707106781187));
#2692 = ORIENTED_EDGE('',*,*,#2693,.T.);
#2693 = EDGE_CURVE('',#2686,#2694,#2696,.T.);
#2694 = VERTEX_POINT('',#2695);
#2695 = CARTESIAN_POINT('',(-8.884,116.1,5.1));
#2696 = LINE('',#2697,#2698);
#2697 = CARTESIAN_POINT('',(-8.884,116.1,5.3));
#2698 = VECTOR('',#2699,1.);
#2699 = DIRECTION('',(0.,0.,-1.));
#2700 = ORIENTED_EDGE('',*,*,#2701,.T.);
#2701 = EDGE_CURVE('',#2694,#2702,#2704,.T.);
#2702 = VERTEX_POINT('',#2703);
#2703 = CARTESIAN_POINT('',(-9.484,116.1,5.1));
#2704 = LINE('',#2705,#2706);
#2705 = CARTESIAN_POINT('',(-8.884,116.1,5.1));
#2706 = VECTOR('',#2707,1.);
#2707 = DIRECTION('',(-1.,0.,0.));
#2708 = ORIENTED_EDGE('',*,*,#2709,.T.);
#2709 = EDGE_CURVE('',#2702,#2676,#2710,.T.);
#2710 = LINE('',#2711,#2712);
#2711 = CARTESIAN_POINT('',(-9.484,116.1,5.1));
#2712 = VECTOR('',#2713,1.);
#2713 = DIRECTION('',(-0.707106781187,0.,0.707106781187));
#2714 = PLANE('',#2715);
#2715 = AXIS2_PLACEMENT_3D('',#2716,#2717,#2718);
#2716 = CARTESIAN_POINT('',(-9.682177512395,116.1,5.717286807732));
#2717 = DIRECTION('',(0.,1.,0.));
#2718 = DIRECTION('',(0.,0.,1.));
#2719 = ADVANCED_FACE('',(#2720),#2738,.F.);
#2720 = FACE_BOUND('',#2721,.F.);
#2721 = EDGE_LOOP('',(#2722,#2723,#2724,#2732));
#2722 = ORIENTED_EDGE('',*,*,#2675,.T.);
#2723 = ORIENTED_EDGE('',*,*,#842,.T.);
#2724 = ORIENTED_EDGE('',*,*,#2725,.F.);
#2725 = EDGE_CURVE('',#2726,#843,#2728,.T.);
#2726 = VERTEX_POINT('',#2727);
#2727 = CARTESIAN_POINT('',(-10.484,106.6,6.1));
#2728 = LINE('',#2729,#2730);
#2729 = CARTESIAN_POINT('',(-10.484,106.6,6.1));
#2730 = VECTOR('',#2731,1.);
#2731 = DIRECTION('',(0.,0.,1.));
#2732 = ORIENTED_EDGE('',*,*,#2733,.F.);
#2733 = EDGE_CURVE('',#2676,#2726,#2734,.T.);
#2734 = LINE('',#2735,#2736);
#2735 = CARTESIAN_POINT('',(-10.484,116.1,6.1));
#2736 = VECTOR('',#2737,1.);
#2737 = DIRECTION('',(0.,-1.,0.));
#2738 = PLANE('',#2739);
#2739 = AXIS2_PLACEMENT_3D('',#2740,#2741,#2742);
#2740 = CARTESIAN_POINT('',(-10.484,116.1,6.1));
#2741 = DIRECTION('',(1.,0.,0.));
#2742 = DIRECTION('',(0.,-1.,0.));
#2743 = ADVANCED_FACE('',(#2744),#2779,.T.);
#2744 = FACE_BOUND('',#2745,.T.);
#2745 = EDGE_LOOP('',(#2746,#2747,#2755,#2763,#2771,#2777,#2778));
#2746 = ORIENTED_EDGE('',*,*,#2725,.F.);
#2747 = ORIENTED_EDGE('',*,*,#2748,.F.);
#2748 = EDGE_CURVE('',#2749,#2726,#2751,.T.);
#2749 = VERTEX_POINT('',#2750);
#2750 = CARTESIAN_POINT('',(-9.484,106.6,5.1));
#2751 = LINE('',#2752,#2753);
#2752 = CARTESIAN_POINT('',(-9.484,106.6,5.1));
#2753 = VECTOR('',#2754,1.);
#2754 = DIRECTION('',(-0.707106781187,0.,0.707106781187));
#2755 = ORIENTED_EDGE('',*,*,#2756,.F.);
#2756 = EDGE_CURVE('',#2757,#2749,#2759,.T.);
#2757 = VERTEX_POINT('',#2758);
#2758 = CARTESIAN_POINT('',(-8.884,106.6,5.1));
#2759 = LINE('',#2760,#2761);
#2760 = CARTESIAN_POINT('',(-8.884,106.6,5.1));
#2761 = VECTOR('',#2762,1.);
#2762 = DIRECTION('',(-1.,0.,0.));
#2763 = ORIENTED_EDGE('',*,*,#2764,.F.);
#2764 = EDGE_CURVE('',#2765,#2757,#2767,.T.);
#2765 = VERTEX_POINT('',#2766);
#2766 = CARTESIAN_POINT('',(-8.884,106.6,5.3));
#2767 = LINE('',#2768,#2769);
#2768 = CARTESIAN_POINT('',(-8.884,106.6,5.3));
#2769 = VECTOR('',#2770,1.);
#2770 = DIRECTION('',(0.,0.,-1.));
#2771 = ORIENTED_EDGE('',*,*,#2772,.F.);
#2772 = EDGE_CURVE('',#2130,#2765,#2773,.T.);
#2773 = LINE('',#2774,#2775);
#2774 = CARTESIAN_POINT('',(-9.684,106.6,6.1));
#2775 = VECTOR('',#2776,1.);
#2776 = DIRECTION('',(0.707106781186,0.,-0.707106781187));
#2777 = ORIENTED_EDGE('',*,*,#2129,.T.);
#2778 = ORIENTED_EDGE('',*,*,#850,.F.);
#2779 = PLANE('',#2780);
#2780 = AXIS2_PLACEMENT_3D('',#2781,#2782,#2783);
#2781 = CARTESIAN_POINT('',(-9.682177512395,106.6,5.717286807732));
#2782 = DIRECTION('',(-0.,-1.,-0.));
#2783 = DIRECTION('',(0.,0.,-1.));
#2784 = ADVANCED_FACE('',(#2785),#2827,.T.);
#2785 = FACE_BOUND('',#2786,.T.);
#2786 = EDGE_LOOP('',(#2787,#2795,#2796,#2797,#2805,#2813,#2821));
#2787 = ORIENTED_EDGE('',*,*,#2788,.T.);
#2788 = EDGE_CURVE('',#2789,#867,#2791,.T.);
#2789 = VERTEX_POINT('',#2790);
#2790 = CARTESIAN_POINT('',(-10.484,67.1,6.1));
#2791 = LINE('',#2792,#2793);
#2792 = CARTESIAN_POINT('',(-10.484,67.1,6.1));
#2793 = VECTOR('',#2794,1.);
#2794 = DIRECTION('',(0.,0.,1.));
#2795 = ORIENTED_EDGE('',*,*,#866,.T.);
#2796 = ORIENTED_EDGE('',*,*,#2122,.F.);
#2797 = ORIENTED_EDGE('',*,*,#2798,.T.);
#2798 = EDGE_CURVE('',#2115,#2799,#2801,.T.);
#2799 = VERTEX_POINT('',#2800);
#2800 = CARTESIAN_POINT('',(-8.884,67.1,5.3));
#2801 = LINE('',#2802,#2803);
#2802 = CARTESIAN_POINT('',(-9.684,67.1,6.1));
#2803 = VECTOR('',#2804,1.);
#2804 = DIRECTION('',(0.707106781186,0.,-0.707106781187));
#2805 = ORIENTED_EDGE('',*,*,#2806,.T.);
#2806 = EDGE_CURVE('',#2799,#2807,#2809,.T.);
#2807 = VERTEX_POINT('',#2808);
#2808 = CARTESIAN_POINT('',(-8.884,67.1,5.1));
#2809 = LINE('',#2810,#2811);
#2810 = CARTESIAN_POINT('',(-8.884,67.1,5.3));
#2811 = VECTOR('',#2812,1.);
#2812 = DIRECTION('',(0.,0.,-1.));
#2813 = ORIENTED_EDGE('',*,*,#2814,.T.);
#2814 = EDGE_CURVE('',#2807,#2815,#2817,.T.);
#2815 = VERTEX_POINT('',#2816);
#2816 = CARTESIAN_POINT('',(-9.484,67.1,5.1));
#2817 = LINE('',#2818,#2819);
#2818 = CARTESIAN_POINT('',(-8.884,67.1,5.1));
#2819 = VECTOR('',#2820,1.);
#2820 = DIRECTION('',(-1.,0.,0.));
#2821 = ORIENTED_EDGE('',*,*,#2822,.T.);
#2822 = EDGE_CURVE('',#2815,#2789,#2823,.T.);
#2823 = LINE('',#2824,#2825);
#2824 = CARTESIAN_POINT('',(-9.484,67.1,5.1));
#2825 = VECTOR('',#2826,1.);
#2826 = DIRECTION('',(-0.707106781187,0.,0.707106781187));
#2827 = PLANE('',#2828);
#2828 = AXIS2_PLACEMENT_3D('',#2829,#2830,#2831);
#2829 = CARTESIAN_POINT('',(-9.682177512395,67.1,5.717286807732));
#2830 = DIRECTION('',(0.,1.,0.));
#2831 = DIRECTION('',(0.,0.,1.));
#2832 = ADVANCED_FACE('',(#2833),#2851,.T.);
#2833 = FACE_BOUND('',#2834,.T.);
#2834 = EDGE_LOOP('',(#2835,#2843,#2844,#2845));
#2835 = ORIENTED_EDGE('',*,*,#2836,.T.);
#2836 = EDGE_CURVE('',#2837,#875,#2839,.T.);
#2837 = VERTEX_POINT('',#2838);
#2838 = CARTESIAN_POINT('',(-10.484,58.1,6.1));
#2839 = LINE('',#2840,#2841);
#2840 = CARTESIAN_POINT('',(-10.484,58.1,6.1));
#2841 = VECTOR('',#2842,1.);
#2842 = DIRECTION('',(0.,0.,1.));
#2843 = ORIENTED_EDGE('',*,*,#874,.T.);
#2844 = ORIENTED_EDGE('',*,*,#2788,.F.);
#2845 = ORIENTED_EDGE('',*,*,#2846,.F.);
#2846 = EDGE_CURVE('',#2837,#2789,#2847,.T.);
#2847 = LINE('',#2848,#2849);
#2848 = CARTESIAN_POINT('',(-10.484,58.1,6.1));
#2849 = VECTOR('',#2850,1.);
#2850 = DIRECTION('',(0.,1.,0.));
#2851 = PLANE('',#2852);
#2852 = AXIS2_PLACEMENT_3D('',#2853,#2854,#2855);
#2853 = CARTESIAN_POINT('',(-10.484,58.1,6.1));
#2854 = DIRECTION('',(-1.,0.,0.));
#2855 = DIRECTION('',(0.,1.,0.));
#2856 = ADVANCED_FACE('',(#2857),#2892,.T.);
#2857 = FACE_BOUND('',#2858,.T.);
#2858 = EDGE_LOOP('',(#2859,#2860,#2868,#2876,#2884,#2890,#2891));
#2859 = ORIENTED_EDGE('',*,*,#2836,.F.);
#2860 = ORIENTED_EDGE('',*,*,#2861,.F.);
#2861 = EDGE_CURVE('',#2862,#2837,#2864,.T.);
#2862 = VERTEX_POINT('',#2863);
#2863 = CARTESIAN_POINT('',(-9.484,58.1,5.1));
#2864 = LINE('',#2865,#2866);
#2865 = CARTESIAN_POINT('',(-9.484,58.1,5.1));
#2866 = VECTOR('',#2867,1.);
#2867 = DIRECTION('',(-0.707106781187,0.,0.707106781187));
#2868 = ORIENTED_EDGE('',*,*,#2869,.F.);
#2869 = EDGE_CURVE('',#2870,#2862,#2872,.T.);
#2870 = VERTEX_POINT('',#2871);
#2871 = CARTESIAN_POINT('',(-8.884,58.1,5.1));
#2872 = LINE('',#2873,#2874);
#2873 = CARTESIAN_POINT('',(-8.884,58.1,5.1));
#2874 = VECTOR('',#2875,1.);
#2875 = DIRECTION('',(-1.,0.,0.));
#2876 = ORIENTED_EDGE('',*,*,#2877,.F.);
#2877 = EDGE_CURVE('',#2878,#2870,#2880,.T.);
#2878 = VERTEX_POINT('',#2879);
#2879 = CARTESIAN_POINT('',(-8.884,58.1,5.3));
#2880 = LINE('',#2881,#2882);
#2881 = CARTESIAN_POINT('',(-8.884,58.1,5.3));
#2882 = VECTOR('',#2883,1.);
#2883 = DIRECTION('',(0.,0.,-1.));
#2884 = ORIENTED_EDGE('',*,*,#2885,.F.);
#2885 = EDGE_CURVE('',#2107,#2878,#2886,.T.);
#2886 = LINE('',#2887,#2888);
#2887 = CARTESIAN_POINT('',(-9.684,58.1,6.1));
#2888 = VECTOR('',#2889,1.);
#2889 = DIRECTION('',(0.707106781186,0.,-0.707106781187));
#2890 = ORIENTED_EDGE('',*,*,#2106,.T.);
#2891 = ORIENTED_EDGE('',*,*,#882,.F.);
#2892 = PLANE('',#2893);
#2893 = AXIS2_PLACEMENT_3D('',#2894,#2895,#2896);
#2894 = CARTESIAN_POINT('',(-9.682177512395,58.1,5.717286807732));
#2895 = DIRECTION('',(-0.,-1.,-0.));
#2896 = DIRECTION('',(0.,0.,-1.));
#2897 = ADVANCED_FACE('',(#2898),#2924,.F.);
#2898 = FACE_BOUND('',#2899,.T.);
#2899 = EDGE_LOOP('',(#2900,#2911,#2917,#2918));
#2900 = ORIENTED_EDGE('',*,*,#2901,.F.);
#2901 = EDGE_CURVE('',#2902,#2904,#2906,.T.);
#2902 = VERTEX_POINT('',#2903);
#2903 = CARTESIAN_POINT('',(-18.804,24.5,6.61));
#2904 = VERTEX_POINT('',#2905);
#2905 = CARTESIAN_POINT('',(-20.804,22.5,6.61));
#2906 = CIRCLE('',#2907,2.);
#2907 = AXIS2_PLACEMENT_3D('',#2908,#2909,#2910);
#2908 = CARTESIAN_POINT('',(-20.804,24.5,6.61));
#2909 = DIRECTION('',(0.,0.,-1.));
#2910 = DIRECTION('',(1.,-9.059E-14,0.));
#2911 = ORIENTED_EDGE('',*,*,#2912,.T.);
#2912 = EDGE_CURVE('',#2902,#900,#2913,.T.);
#2913 = LINE('',#2914,#2915);
#2914 = CARTESIAN_POINT('',(-18.804,24.5,6.6));
#2915 = VECTOR('',#2916,1.);
#2916 = DIRECTION('',(0.,0.,-1.));
#2917 = ORIENTED_EDGE('',*,*,#899,.T.);
#2918 = ORIENTED_EDGE('',*,*,#2919,.T.);
#2919 = EDGE_CURVE('',#902,#2904,#2920,.T.);
#2920 = LINE('',#2921,#2922);
#2921 = CARTESIAN_POINT('',(-20.804,22.5,6.6));
#2922 = VECTOR('',#2923,1.);
#2923 = DIRECTION('',(0.,0.,1.));
#2924 = CYLINDRICAL_SURFACE('',#2925,2.);
#2925 = AXIS2_PLACEMENT_3D('',#2926,#2927,#2928);
#2926 = CARTESIAN_POINT('',(-20.804,24.5,6.6));
#2927 = DIRECTION('',(0.,0.,1.));
#2928 = DIRECTION('',(-1.,0.,0.));
#2929 = ADVANCED_FACE('',(#2930),#2948,.T.);
#2930 = FACE_BOUND('',#2931,.T.);
#2931 = EDGE_LOOP('',(#2932,#2933,#2941,#2947));
#2932 = ORIENTED_EDGE('',*,*,#2912,.F.);
#2933 = ORIENTED_EDGE('',*,*,#2934,.F.);
#2934 = EDGE_CURVE('',#2935,#2902,#2937,.T.);
#2935 = VERTEX_POINT('',#2936);
#2936 = CARTESIAN_POINT('',(-18.804,139.5,6.61));
#2937 = LINE('',#2938,#2939);
#2938 = CARTESIAN_POINT('',(-18.804,139.5,6.61));
#2939 = VECTOR('',#2940,1.);
#2940 = DIRECTION('',(-0.,-1.,-0.));
#2941 = ORIENTED_EDGE('',*,*,#2942,.F.);
#2942 = EDGE_CURVE('',#911,#2935,#2943,.T.);
#2943 = LINE('',#2944,#2945);
#2944 = CARTESIAN_POINT('',(-18.804,139.5,6.6));
#2945 = VECTOR('',#2946,1.);
#2946 = DIRECTION('',(0.,0.,1.));
#2947 = ORIENTED_EDGE('',*,*,#910,.F.);
#2948 = PLANE('',#2949);
#2949 = AXIS2_PLACEMENT_3D('',#2950,#2951,#2952);
#2950 = CARTESIAN_POINT('',(-18.804,82.,6.45));
#2951 = DIRECTION('',(-1.,-0.,-0.));
#2952 = DIRECTION('',(0.,0.,-1.));
#2953 = ADVANCED_FACE('',(#2954),#2973,.F.);
#2954 = FACE_BOUND('',#2955,.T.);
#2955 = EDGE_LOOP('',(#2956,#2965,#2971,#2972));
#2956 = ORIENTED_EDGE('',*,*,#2957,.F.);
#2957 = EDGE_CURVE('',#2958,#2935,#2960,.T.);
#2958 = VERTEX_POINT('',#2959);
#2959 = CARTESIAN_POINT('',(-20.804,141.5,6.61));
#2960 = CIRCLE('',#2961,2.);
#2961 = AXIS2_PLACEMENT_3D('',#2962,#2963,#2964);
#2962 = CARTESIAN_POINT('',(-20.804,139.5,6.61));
#2963 = DIRECTION('',(0.,0.,-1.));
#2964 = DIRECTION('',(0.,1.,0.));
#2965 = ORIENTED_EDGE('',*,*,#2966,.T.);
#2966 = EDGE_CURVE('',#2958,#919,#2967,.T.);
#2967 = LINE('',#2968,#2969);
#2968 = CARTESIAN_POINT('',(-20.804,141.5,6.6));
#2969 = VECTOR('',#2970,1.);
#2970 = DIRECTION('',(0.,0.,-1.));
#2971 = ORIENTED_EDGE('',*,*,#918,.T.);
#2972 = ORIENTED_EDGE('',*,*,#2942,.T.);
#2973 = CYLINDRICAL_SURFACE('',#2974,2.);
#2974 = AXIS2_PLACEMENT_3D('',#2975,#2976,#2977);
#2975 = CARTESIAN_POINT('',(-20.804,139.5,6.6));
#2976 = DIRECTION('',(0.,0.,1.));
#2977 = DIRECTION('',(-1.,0.,0.));
#2978 = ADVANCED_FACE('',(#2979),#2997,.T.);
#2979 = FACE_BOUND('',#2980,.T.);
#2980 = EDGE_LOOP('',(#2981,#2982,#2990,#2996));
#2981 = ORIENTED_EDGE('',*,*,#2966,.F.);
#2982 = ORIENTED_EDGE('',*,*,#2983,.F.);
#2983 = EDGE_CURVE('',#2984,#2958,#2986,.T.);
#2984 = VERTEX_POINT('',#2985);
#2985 = CARTESIAN_POINT('',(-104.801,141.5,6.61));
#2986 = LINE('',#2987,#2988);
#2987 = CARTESIAN_POINT('',(-104.801,141.5,6.61));
#2988 = VECTOR('',#2989,1.);
#2989 = DIRECTION('',(1.,0.,0.));
#2990 = ORIENTED_EDGE('',*,*,#2991,.F.);
#2991 = EDGE_CURVE('',#928,#2984,#2992,.T.);
#2992 = LINE('',#2993,#2994);
#2993 = CARTESIAN_POINT('',(-104.801,141.5,6.6));
#2994 = VECTOR('',#2995,1.);
#2995 = DIRECTION('',(0.,0.,1.));
#2996 = ORIENTED_EDGE('',*,*,#927,.F.);
#2997 = PLANE('',#2998);
#2998 = AXIS2_PLACEMENT_3D('',#2999,#3000,#3001);
#2999 = CARTESIAN_POINT('',(-62.8025,141.5,6.45));
#3000 = DIRECTION('',(-0.,-1.,-0.));
#3001 = DIRECTION('',(0.,0.,-1.));
#3002 = ADVANCED_FACE('',(#3003),#3022,.F.);
#3003 = FACE_BOUND('',#3004,.T.);
#3004 = EDGE_LOOP('',(#3005,#3014,#3020,#3021));
#3005 = ORIENTED_EDGE('',*,*,#3006,.F.);
#3006 = EDGE_CURVE('',#3007,#2984,#3009,.T.);
#3007 = VERTEX_POINT('',#3008);
#3008 = CARTESIAN_POINT('',(-106.801,139.5,6.61));
#3009 = CIRCLE('',#3010,2.);
#3010 = AXIS2_PLACEMENT_3D('',#3011,#3012,#3013);
#3011 = CARTESIAN_POINT('',(-104.801,139.5,6.61));
#3012 = DIRECTION('',(0.,0.,-1.));
#3013 = DIRECTION('',(-1.,0.,0.));
#3014 = ORIENTED_EDGE('',*,*,#3015,.T.);
#3015 = EDGE_CURVE('',#3007,#936,#3016,.T.);
#3016 = LINE('',#3017,#3018);
#3017 = CARTESIAN_POINT('',(-106.801,139.5,6.6));
#3018 = VECTOR('',#3019,1.);
#3019 = DIRECTION('',(0.,0.,-1.));
#3020 = ORIENTED_EDGE('',*,*,#935,.T.);
#3021 = ORIENTED_EDGE('',*,*,#2991,.T.);
#3022 = CYLINDRICAL_SURFACE('',#3023,2.);
#3023 = AXIS2_PLACEMENT_3D('',#3024,#3025,#3026);
#3024 = CARTESIAN_POINT('',(-104.801,139.5,6.6));
#3025 = DIRECTION('',(0.,0.,1.));
#3026 = DIRECTION('',(-1.,0.,0.));
#3027 = ADVANCED_FACE('',(#3028),#3046,.T.);
#3028 = FACE_BOUND('',#3029,.T.);
#3029 = EDGE_LOOP('',(#3030,#3031,#3039,#3045));
#3030 = ORIENTED_EDGE('',*,*,#3015,.F.);
#3031 = ORIENTED_EDGE('',*,*,#3032,.F.);
#3032 = EDGE_CURVE('',#3033,#3007,#3035,.T.);
#3033 = VERTEX_POINT('',#3034);
#3034 = CARTESIAN_POINT('',(-106.801,24.5,6.61));
#3035 = LINE('',#3036,#3037);
#3036 = CARTESIAN_POINT('',(-106.801,24.5,6.61));
#3037 = VECTOR('',#3038,1.);
#3038 = DIRECTION('',(0.,1.,0.));
#3039 = ORIENTED_EDGE('',*,*,#3040,.F.);
#3040 = EDGE_CURVE('',#945,#3033,#3041,.T.);
#3041 = LINE('',#3042,#3043);
#3042 = CARTESIAN_POINT('',(-106.801,24.5,6.6));
#3043 = VECTOR('',#3044,1.);
#3044 = DIRECTION('',(0.,0.,1.));
#3045 = ORIENTED_EDGE('',*,*,#944,.F.);
#3046 = PLANE('',#3047);
#3047 = AXIS2_PLACEMENT_3D('',#3048,#3049,#3050);
#3048 = CARTESIAN_POINT('',(-106.801,82.,6.45));
#3049 = DIRECTION('',(1.,0.,0.));
#3050 = DIRECTION('',(0.,0.,1.));
#3051 = ADVANCED_FACE('',(#3052),#3071,.F.);
#3052 = FACE_BOUND('',#3053,.T.);
#3053 = EDGE_LOOP('',(#3054,#3063,#3069,#3070));
#3054 = ORIENTED_EDGE('',*,*,#3055,.F.);
#3055 = EDGE_CURVE('',#3056,#3033,#3058,.T.);
#3056 = VERTEX_POINT('',#3057);
#3057 = CARTESIAN_POINT('',(-104.801,22.5,6.61));
#3058 = CIRCLE('',#3059,2.);
#3059 = AXIS2_PLACEMENT_3D('',#3060,#3061,#3062);
#3060 = CARTESIAN_POINT('',(-104.801,24.5,6.61));
#3061 = DIRECTION('',(0.,0.,-1.));
#3062 = DIRECTION('',(1.421E-14,-1.,0.));
#3063 = ORIENTED_EDGE('',*,*,#3064,.T.);
#3064 = EDGE_CURVE('',#3056,#953,#3065,.T.);
#3065 = LINE('',#3066,#3067);
#3066 = CARTESIAN_POINT('',(-104.801,22.5,6.6));
#3067 = VECTOR('',#3068,1.);
#3068 = DIRECTION('',(0.,0.,-1.));
#3069 = ORIENTED_EDGE('',*,*,#952,.T.);
#3070 = ORIENTED_EDGE('',*,*,#3040,.T.);
#3071 = CYLINDRICAL_SURFACE('',#3072,2.);
#3072 = AXIS2_PLACEMENT_3D('',#3073,#3074,#3075);
#3073 = CARTESIAN_POINT('',(-104.801,24.5,6.6));
#3074 = DIRECTION('',(0.,0.,1.));
#3075 = DIRECTION('',(-1.,0.,0.));
#3076 = ADVANCED_FACE('',(#3077),#3088,.T.);
#3077 = FACE_BOUND('',#3078,.T.);
#3078 = EDGE_LOOP('',(#3079,#3080,#3086,#3087));
#3079 = ORIENTED_EDGE('',*,*,#3064,.F.);
#3080 = ORIENTED_EDGE('',*,*,#3081,.F.);
#3081 = EDGE_CURVE('',#2904,#3056,#3082,.T.);
#3082 = LINE('',#3083,#3084);
#3083 = CARTESIAN_POINT('',(-20.804,22.5,6.61));
#3084 = VECTOR('',#3085,1.);
#3085 = DIRECTION('',(-1.,-0.,-0.));
#3086 = ORIENTED_EDGE('',*,*,#2919,.F.);
#3087 = ORIENTED_EDGE('',*,*,#961,.F.);
#3088 = PLANE('',#3089);
#3089 = AXIS2_PLACEMENT_3D('',#3090,#3091,#3092);
#3090 = CARTESIAN_POINT('',(-62.8025,22.5,6.45));
#3091 = DIRECTION('',(0.,1.,5.05E-15));
#3092 = DIRECTION('',(0.,-5.05E-15,1.));
#3093 = ADVANCED_FACE('',(#3094),#3113,.T.);
#3094 = FACE_BOUND('',#3095,.T.);
#3095 = EDGE_LOOP('',(#3096,#3097,#3098,#3099,#3105,#3106,#3107));
#3096 = ORIENTED_EDGE('',*,*,#999,.T.);
#3097 = ORIENTED_EDGE('',*,*,#1558,.F.);
#3098 = ORIENTED_EDGE('',*,*,#1663,.F.);
#3099 = ORIENTED_EDGE('',*,*,#3100,.F.);
#3100 = EDGE_CURVE('',#2291,#1656,#3101,.T.);
#3101 = LINE('',#3102,#3103);
#3102 = CARTESIAN_POINT('',(-113.501,127.5,4.8));
#3103 = VECTOR('',#3104,1.);
#3104 = DIRECTION('',(-0.,-0.,-1.));
#3105 = ORIENTED_EDGE('',*,*,#2298,.F.);
#3106 = ORIENTED_EDGE('',*,*,#1811,.T.);
#3107 = ORIENTED_EDGE('',*,*,#3108,.T.);
#3108 = EDGE_CURVE('',#1804,#1000,#3109,.T.);
#3109 = LINE('',#3110,#3111);
#3110 = CARTESIAN_POINT('',(-113.501,137.,6.6));
#3111 = VECTOR('',#3112,1.);
#3112 = DIRECTION('',(-0.,-1.,-0.));
#3113 = PLANE('',#3114);
#3114 = AXIS2_PLACEMENT_3D('',#3115,#3116,#3117);
#3115 = CARTESIAN_POINT('',(-113.501,131.73414634146,5.715853658537));
#3116 = DIRECTION('',(1.,0.,-6.98E-15));
#3117 = DIRECTION('',(6.98E-15,0.,1.));
#3118 = ADVANCED_FACE('',(#3119),#3144,.F.);
#3119 = FACE_BOUND('',#3120,.F.);
#3120 = EDGE_LOOP('',(#3121,#3129,#3137,#3143));
#3121 = ORIENTED_EDGE('',*,*,#3122,.F.);
#3122 = EDGE_CURVE('',#3123,#1010,#3125,.T.);
#3123 = VERTEX_POINT('',#3124);
#3124 = CARTESIAN_POINT('',(-110.401,126.5,6.8));
#3125 = LINE('',#3126,#3127);
#3126 = CARTESIAN_POINT('',(-112.251,128.35,4.95));
#3127 = VECTOR('',#3128,1.);
#3128 = DIRECTION('',(-0.57735026919,0.57735026919,-0.57735026919));
#3129 = ORIENTED_EDGE('',*,*,#3130,.T.);
#3130 = EDGE_CURVE('',#3123,#3131,#3133,.T.);
#3131 = VERTEX_POINT('',#3132);
#3132 = CARTESIAN_POINT('',(-113.701,126.5,6.8));
#3133 = LINE('',#3134,#3135);
#3134 = CARTESIAN_POINT('',(-110.601,126.5,6.8));
#3135 = VECTOR('',#3136,1.);
#3136 = DIRECTION('',(-1.,-0.,-0.));
#3137 = ORIENTED_EDGE('',*,*,#3138,.T.);
#3138 = EDGE_CURVE('',#3131,#1000,#3139,.T.);
#3139 = LINE('',#3140,#3141);
#3140 = CARTESIAN_POINT('',(-111.3676666666,128.83333333333,
    4.466666666667));
#3141 = VECTOR('',#3142,1.);
#3142 = DIRECTION('',(0.57735026919,0.57735026919,-0.57735026919));
#3143 = ORIENTED_EDGE('',*,*,#1009,.F.);
#3144 = PLANE('',#3145);
#3145 = AXIS2_PLACEMENT_3D('',#3146,#3147,#3148);
#3146 = CARTESIAN_POINT('',(-110.601,126.6,6.7));
#3147 = DIRECTION('',(0.,-0.707106781187,-0.707106781187));
#3148 = DIRECTION('',(-1.,0.,0.));
#3149 = ADVANCED_FACE('',(#3150),#3161,.T.);
#3150 = FACE_BOUND('',#3151,.F.);
#3151 = EDGE_LOOP('',(#3152,#3153,#3159,#3160));
#3152 = ORIENTED_EDGE('',*,*,#2427,.F.);
#3153 = ORIENTED_EDGE('',*,*,#3154,.T.);
#3154 = EDGE_CURVE('',#2419,#1089,#3155,.T.);
#3155 = LINE('',#3156,#3157);
#3156 = CARTESIAN_POINT('',(-10.684,1.5,4.9));
#3157 = VECTOR('',#3158,1.);
#3158 = DIRECTION('',(-0.,-0.,-1.));
#3159 = ORIENTED_EDGE('',*,*,#1097,.T.);
#3160 = ORIENTED_EDGE('',*,*,#2600,.F.);
#3161 = PLANE('',#3162);
#3162 = AXIS2_PLACEMENT_3D('',#3163,#3164,#3165);
#3163 = CARTESIAN_POINT('',(-9.684,1.5,4.9));
#3164 = DIRECTION('',(-0.,-1.,-0.));
#3165 = DIRECTION('',(1.,0.,0.));
#3166 = ADVANCED_FACE('',(#3167),#3173,.T.);
#3167 = FACE_BOUND('',#3168,.T.);
#3168 = EDGE_LOOP('',(#3169,#3170,#3171,#3172));
#3169 = ORIENTED_EDGE('',*,*,#2418,.T.);
#3170 = ORIENTED_EDGE('',*,*,#3154,.T.);
#3171 = ORIENTED_EDGE('',*,*,#1088,.F.);
#3172 = ORIENTED_EDGE('',*,*,#2097,.F.);
#3173 = CYLINDRICAL_SURFACE('',#3174,1.);
#3174 = AXIS2_PLACEMENT_3D('',#3175,#3176,#3177);
#3175 = CARTESIAN_POINT('',(-10.684,2.5,4.9));
#3176 = DIRECTION('',(-0.,-0.,-1.));
#3177 = DIRECTION('',(1.,0.,0.));
#3178 = ADVANCED_FACE('',(#3179),#3198,.T.);
#3179 = FACE_BOUND('',#3180,.T.);
#3180 = EDGE_LOOP('',(#3181,#3189,#3196,#3197));
#3181 = ORIENTED_EDGE('',*,*,#3182,.T.);
#3182 = EDGE_CURVE('',#1116,#3183,#3185,.T.);
#3183 = VERTEX_POINT('',#3184);
#3184 = CARTESIAN_POINT('',(-21.001,11.,2.3));
#3185 = LINE('',#3186,#3187);
#3186 = CARTESIAN_POINT('',(-21.001,11.,3.8));
#3187 = VECTOR('',#3188,1.);
#3188 = DIRECTION('',(-0.,-0.,-1.));
#3189 = ORIENTED_EDGE('',*,*,#3190,.T.);
#3190 = EDGE_CURVE('',#3183,#3183,#3191,.T.);
#3191 = CIRCLE('',#3192,4.);
#3192 = AXIS2_PLACEMENT_3D('',#3193,#3194,#3195);
#3193 = CARTESIAN_POINT('',(-17.001,11.,2.3));
#3194 = DIRECTION('',(0.,0.,1.));
#3195 = DIRECTION('',(-1.,0.,0.));
#3196 = ORIENTED_EDGE('',*,*,#3182,.F.);
#3197 = ORIENTED_EDGE('',*,*,#1115,.F.);
#3198 = CYLINDRICAL_SURFACE('',#3199,4.);
#3199 = AXIS2_PLACEMENT_3D('',#3200,#3201,#3202);
#3200 = CARTESIAN_POINT('',(-17.001,11.,3.8));
#3201 = DIRECTION('',(0.,0.,1.));
#3202 = DIRECTION('',(-1.,0.,0.));
#3203 = ADVANCED_FACE('',(#3204),#3229,.T.);
#3204 = FACE_BOUND('',#3205,.F.);
#3205 = EDGE_LOOP('',(#3206,#3216,#3222,#3223));
#3206 = ORIENTED_EDGE('',*,*,#3207,.T.);
#3207 = EDGE_CURVE('',#3208,#3210,#3212,.T.);
#3208 = VERTEX_POINT('',#3209);
#3209 = CARTESIAN_POINT('',(-28.301,2.8,2.1));
#3210 = VERTEX_POINT('',#3211);
#3211 = CARTESIAN_POINT('',(-43.301,2.8,2.1));
#3212 = LINE('',#3213,#3214);
#3213 = CARTESIAN_POINT('',(-28.301,2.8,2.1));
#3214 = VECTOR('',#3215,1.);
#3215 = DIRECTION('',(-1.,-0.,-0.));
#3216 = ORIENTED_EDGE('',*,*,#3217,.T.);
#3217 = EDGE_CURVE('',#3210,#1129,#3218,.T.);
#3218 = LINE('',#3219,#3220);
#3219 = CARTESIAN_POINT('',(-43.301,2.8,2.1));
#3220 = VECTOR('',#3221,1.);
#3221 = DIRECTION('',(0.,-0.543251278157,0.839570157152));
#3222 = ORIENTED_EDGE('',*,*,#1126,.F.);
#3223 = ORIENTED_EDGE('',*,*,#3224,.F.);
#3224 = EDGE_CURVE('',#3208,#1127,#3225,.T.);
#3225 = LINE('',#3226,#3227);
#3226 = CARTESIAN_POINT('',(-28.301,2.8,2.1));
#3227 = VECTOR('',#3228,1.);
#3228 = DIRECTION('',(0.,-0.543251278157,0.839570157152));
#3229 = PLANE('',#3230);
#3230 = AXIS2_PLACEMENT_3D('',#3231,#3232,#3233);
#3231 = CARTESIAN_POINT('',(-28.301,2.8,2.1));
#3232 = DIRECTION('',(0.,-0.839570157152,-0.543251278157));
#3233 = DIRECTION('',(0.,0.543251278157,-0.839570157152));
#3234 = ADVANCED_FACE('',(#3235),#3269,.F.);
#3235 = FACE_BOUND('',#3236,.F.);
#3236 = EDGE_LOOP('',(#3237,#3238,#3246,#3254,#3262,#3268));
#3237 = ORIENTED_EDGE('',*,*,#1136,.T.);
#3238 = ORIENTED_EDGE('',*,*,#3239,.T.);
#3239 = EDGE_CURVE('',#1137,#3240,#3242,.T.);
#3240 = VERTEX_POINT('',#3241);
#3241 = CARTESIAN_POINT('',(-28.301,3.8,2.9));
#3242 = LINE('',#3243,#3244);
#3243 = CARTESIAN_POINT('',(-28.301,3.8,3.8));
#3244 = VECTOR('',#3245,1.);
#3245 = DIRECTION('',(0.,0.,-1.));
#3246 = ORIENTED_EDGE('',*,*,#3247,.T.);
#3247 = EDGE_CURVE('',#3240,#3248,#3250,.T.);
#3248 = VERTEX_POINT('',#3249);
#3249 = CARTESIAN_POINT('',(-28.301,4.2,2.499999869282));
#3250 = LINE('',#3251,#3252);
#3251 = CARTESIAN_POINT('',(-28.301,3.8,2.9));
#3252 = VECTOR('',#3253,1.);
#3253 = DIRECTION('',(0.,0.707106665647,-0.707106896726));
#3254 = ORIENTED_EDGE('',*,*,#3255,.T.);
#3255 = EDGE_CURVE('',#3248,#3256,#3258,.T.);
#3256 = VERTEX_POINT('',#3257);
#3257 = CARTESIAN_POINT('',(-28.301,3.8,2.1));
#3258 = LINE('',#3259,#3260);
#3259 = CARTESIAN_POINT('',(-28.301,4.2,2.499999869282));
#3260 = VECTOR('',#3261,1.);
#3261 = DIRECTION('',(0.,-0.707106896726,-0.707106665647));
#3262 = ORIENTED_EDGE('',*,*,#3263,.T.);
#3263 = EDGE_CURVE('',#3256,#3208,#3264,.T.);
#3264 = LINE('',#3265,#3266);
#3265 = CARTESIAN_POINT('',(-28.301,3.8,2.1));
#3266 = VECTOR('',#3267,1.);
#3267 = DIRECTION('',(0.,-1.,0.));
#3268 = ORIENTED_EDGE('',*,*,#3224,.T.);
#3269 = PLANE('',#3270);
#3270 = AXIS2_PLACEMENT_3D('',#3271,#3272,#3273);
#3271 = CARTESIAN_POINT('',(-28.301,3.015054965805,3.05981823678));
#3272 = DIRECTION('',(-1.,-0.,-0.));
#3273 = DIRECTION('',(0.,0.,-1.));
#3274 = ADVANCED_FACE('',(#3275),#3309,.T.);
#3275 = FACE_BOUND('',#3276,.T.);
#3276 = EDGE_LOOP('',(#3277,#3278,#3286,#3294,#3302,#3308));
#3277 = ORIENTED_EDGE('',*,*,#1152,.T.);
#3278 = ORIENTED_EDGE('',*,*,#3279,.T.);
#3279 = EDGE_CURVE('',#1145,#3280,#3282,.T.);
#3280 = VERTEX_POINT('',#3281);
#3281 = CARTESIAN_POINT('',(-43.301,3.8,2.9));
#3282 = LINE('',#3283,#3284);
#3283 = CARTESIAN_POINT('',(-43.301,3.8,3.8));
#3284 = VECTOR('',#3285,1.);
#3285 = DIRECTION('',(0.,0.,-1.));
#3286 = ORIENTED_EDGE('',*,*,#3287,.T.);
#3287 = EDGE_CURVE('',#3280,#3288,#3290,.T.);
#3288 = VERTEX_POINT('',#3289);
#3289 = CARTESIAN_POINT('',(-43.301,4.2,2.499999869282));
#3290 = LINE('',#3291,#3292);
#3291 = CARTESIAN_POINT('',(-43.301,3.8,2.9));
#3292 = VECTOR('',#3293,1.);
#3293 = DIRECTION('',(0.,0.707106665647,-0.707106896726));
#3294 = ORIENTED_EDGE('',*,*,#3295,.T.);
#3295 = EDGE_CURVE('',#3288,#3296,#3298,.T.);
#3296 = VERTEX_POINT('',#3297);
#3297 = CARTESIAN_POINT('',(-43.301,3.8,2.1));
#3298 = LINE('',#3299,#3300);
#3299 = CARTESIAN_POINT('',(-43.301,4.2,2.499999869282));
#3300 = VECTOR('',#3301,1.);
#3301 = DIRECTION('',(0.,-0.707106896726,-0.707106665647));
#3302 = ORIENTED_EDGE('',*,*,#3303,.T.);
#3303 = EDGE_CURVE('',#3296,#3210,#3304,.T.);
#3304 = LINE('',#3305,#3306);
#3305 = CARTESIAN_POINT('',(-43.301,3.8,2.1));
#3306 = VECTOR('',#3307,1.);
#3307 = DIRECTION('',(0.,-1.,0.));
#3308 = ORIENTED_EDGE('',*,*,#3217,.T.);
#3309 = PLANE('',#3310);
#3310 = AXIS2_PLACEMENT_3D('',#3311,#3312,#3313);
#3311 = CARTESIAN_POINT('',(-43.301,3.015054965805,3.05981823678));
#3312 = DIRECTION('',(-1.,-0.,-0.));
#3313 = DIRECTION('',(0.,0.,-1.));
#3314 = ADVANCED_FACE('',(#3315),#3326,.T.);
#3315 = FACE_BOUND('',#3316,.F.);
#3316 = EDGE_LOOP('',(#3317,#3318,#3319,#3325));
#3317 = ORIENTED_EDGE('',*,*,#1144,.T.);
#3318 = ORIENTED_EDGE('',*,*,#3279,.T.);
#3319 = ORIENTED_EDGE('',*,*,#3320,.F.);
#3320 = EDGE_CURVE('',#3240,#3280,#3321,.T.);
#3321 = LINE('',#3322,#3323);
#3322 = CARTESIAN_POINT('',(-28.301,3.8,2.9));
#3323 = VECTOR('',#3324,1.);
#3324 = DIRECTION('',(-1.,-0.,-0.));
#3325 = ORIENTED_EDGE('',*,*,#3239,.F.);
#3326 = PLANE('',#3327);
#3327 = AXIS2_PLACEMENT_3D('',#3328,#3329,#3330);
#3328 = CARTESIAN_POINT('',(-28.301,3.8,3.8));
#3329 = DIRECTION('',(0.,1.,0.));
#3330 = DIRECTION('',(0.,0.,1.));
#3331 = ADVANCED_FACE('',(#3332),#3405,.T.);
#3332 = FACE_BOUND('',#3333,.T.);
#3333 = EDGE_LOOP('',(#3334,#3342,#3343,#3351,#3359,#3367,#3375,#3383,
    #3391,#3399));
#3334 = ORIENTED_EDGE('',*,*,#3335,.F.);
#3335 = EDGE_CURVE('',#1161,#3336,#3338,.T.);
#3336 = VERTEX_POINT('',#3337);
#3337 = CARTESIAN_POINT('',(-26.401,15.5,4.6));
#3338 = LINE('',#3339,#3340);
#3339 = CARTESIAN_POINT('',(-26.401,15.5,3.8));
#3340 = VECTOR('',#3341,1.);
#3341 = DIRECTION('',(0.,0.,1.));
#3342 = ORIENTED_EDGE('',*,*,#1160,.T.);
#3343 = ORIENTED_EDGE('',*,*,#3344,.T.);
#3344 = EDGE_CURVE('',#1163,#3345,#3347,.T.);
#3345 = VERTEX_POINT('',#3346);
#3346 = CARTESIAN_POINT('',(-26.401,7.7,4.6));
#3347 = LINE('',#3348,#3349);
#3348 = CARTESIAN_POINT('',(-26.401,7.7,3.8));
#3349 = VECTOR('',#3350,1.);
#3350 = DIRECTION('',(0.,0.,1.));
#3351 = ORIENTED_EDGE('',*,*,#3352,.T.);
#3352 = EDGE_CURVE('',#3345,#3353,#3355,.T.);
#3353 = VERTEX_POINT('',#3354);
#3354 = CARTESIAN_POINT('',(-26.401,8.7,5.6));
#3355 = LINE('',#3356,#3357);
#3356 = CARTESIAN_POINT('',(-26.401,8.725,5.625));
#3357 = VECTOR('',#3358,1.);
#3358 = DIRECTION('',(-1.93E-15,0.707106781187,0.707106781187));
#3359 = ORIENTED_EDGE('',*,*,#3360,.F.);
#3360 = EDGE_CURVE('',#3361,#3353,#3363,.T.);
#3361 = VERTEX_POINT('',#3362);
#3362 = CARTESIAN_POINT('',(-26.401,10.6,5.6));
#3363 = LINE('',#3364,#3365);
#3364 = CARTESIAN_POINT('',(-26.401,11.6,5.6));
#3365 = VECTOR('',#3366,1.);
#3366 = DIRECTION('',(2.73E-15,-1.,0.));
#3367 = ORIENTED_EDGE('',*,*,#3368,.T.);
#3368 = EDGE_CURVE('',#3361,#3369,#3371,.T.);
#3369 = VERTEX_POINT('',#3370);
#3370 = CARTESIAN_POINT('',(-26.401,10.6,5.7));
#3371 = LINE('',#3372,#3373);
#3372 = CARTESIAN_POINT('',(-26.401,10.6,5.6));
#3373 = VECTOR('',#3374,1.);
#3374 = DIRECTION('',(0.,0.,1.));
#3375 = ORIENTED_EDGE('',*,*,#3376,.T.);
#3376 = EDGE_CURVE('',#3369,#3377,#3379,.T.);
#3377 = VERTEX_POINT('',#3378);
#3378 = CARTESIAN_POINT('',(-26.401,12.6,5.7));
#3379 = LINE('',#3380,#3381);
#3380 = CARTESIAN_POINT('',(-26.401,10.6,5.7));
#3381 = VECTOR('',#3382,1.);
#3382 = DIRECTION('',(1.066E-14,1.,0.));
#3383 = ORIENTED_EDGE('',*,*,#3384,.F.);
#3384 = EDGE_CURVE('',#3385,#3377,#3387,.T.);
#3385 = VERTEX_POINT('',#3386);
#3386 = CARTESIAN_POINT('',(-26.401,12.6,5.6));
#3387 = LINE('',#3388,#3389);
#3388 = CARTESIAN_POINT('',(-26.401,12.6,5.6));
#3389 = VECTOR('',#3390,1.);
#3390 = DIRECTION('',(0.,0.,1.));
#3391 = ORIENTED_EDGE('',*,*,#3392,.T.);
#3392 = EDGE_CURVE('',#3385,#3393,#3395,.T.);
#3393 = VERTEX_POINT('',#3394);
#3394 = CARTESIAN_POINT('',(-26.401,14.5,5.6));
#3395 = LINE('',#3396,#3397);
#3396 = CARTESIAN_POINT('',(-26.401,11.6,5.6));
#3397 = VECTOR('',#3398,1.);
#3398 = DIRECTION('',(6.38E-15,1.,0.));
#3399 = ORIENTED_EDGE('',*,*,#3400,.F.);
#3400 = EDGE_CURVE('',#3336,#3393,#3401,.T.);
#3401 = LINE('',#3402,#3403);
#3402 = CARTESIAN_POINT('',(-26.401,14.475,5.625));
#3403 = VECTOR('',#3404,1.);
#3404 = DIRECTION('',(-4.51E-15,-0.707106781187,0.707106781187));
#3405 = PLANE('',#3406);
#3406 = AXIS2_PLACEMENT_3D('',#3407,#3408,#3409);
#3407 = CARTESIAN_POINT('',(-26.401,11.6,4.640827086028));
#3408 = DIRECTION('',(-1.,1.84E-15,4.3E-15));
#3409 = DIRECTION('',(-4.3E-15,0.,-1.));
#3410 = ADVANCED_FACE('',(#3411),#3429,.T.);
#3411 = FACE_BOUND('',#3412,.T.);
#3412 = EDGE_LOOP('',(#3413,#3414,#3422,#3428));
#3413 = ORIENTED_EDGE('',*,*,#3335,.T.);
#3414 = ORIENTED_EDGE('',*,*,#3415,.F.);
#3415 = EDGE_CURVE('',#3416,#3336,#3418,.T.);
#3416 = VERTEX_POINT('',#3417);
#3417 = CARTESIAN_POINT('',(-34.301,15.5,4.6));
#3418 = LINE('',#3419,#3420);
#3419 = CARTESIAN_POINT('',(-34.301,15.5,4.6));
#3420 = VECTOR('',#3421,1.);
#3421 = DIRECTION('',(1.,-2.47E-15,0.));
#3422 = ORIENTED_EDGE('',*,*,#3423,.F.);
#3423 = EDGE_CURVE('',#1171,#3416,#3424,.T.);
#3424 = LINE('',#3425,#3426);
#3425 = CARTESIAN_POINT('',(-34.301,15.5,3.8));
#3426 = VECTOR('',#3427,1.);
#3427 = DIRECTION('',(0.,0.,1.));
#3428 = ORIENTED_EDGE('',*,*,#1170,.F.);
#3429 = PLANE('',#3430);
#3430 = AXIS2_PLACEMENT_3D('',#3431,#3432,#3433);
#3431 = CARTESIAN_POINT('',(-26.401,15.5,3.8));
#3432 = DIRECTION('',(-2.47E-15,-1.,0.));
#3433 = DIRECTION('',(-1.,2.47E-15,0.));
#3434 = ADVANCED_FACE('',(#3435),#3453,.F.);
#3435 = FACE_BOUND('',#3436,.F.);
#3436 = EDGE_LOOP('',(#3437,#3438,#3446,#3452));
#3437 = ORIENTED_EDGE('',*,*,#3344,.T.);
#3438 = ORIENTED_EDGE('',*,*,#3439,.T.);
#3439 = EDGE_CURVE('',#3345,#3440,#3442,.T.);
#3440 = VERTEX_POINT('',#3441);
#3441 = CARTESIAN_POINT('',(-34.301,7.7,4.6));
#3442 = LINE('',#3443,#3444);
#3443 = CARTESIAN_POINT('',(-26.401,7.7,4.6));
#3444 = VECTOR('',#3445,1.);
#3445 = DIRECTION('',(-1.,2.47E-15,0.));
#3446 = ORIENTED_EDGE('',*,*,#3447,.F.);
#3447 = EDGE_CURVE('',#1196,#3440,#3448,.T.);
#3448 = LINE('',#3449,#3450);
#3449 = CARTESIAN_POINT('',(-34.301,7.7,3.8));
#3450 = VECTOR('',#3451,1.);
#3451 = DIRECTION('',(0.,0.,1.));
#3452 = ORIENTED_EDGE('',*,*,#1204,.F.);
#3453 = PLANE('',#3454);
#3454 = AXIS2_PLACEMENT_3D('',#3455,#3456,#3457);
#3455 = CARTESIAN_POINT('',(-26.401,7.7,3.8));
#3456 = DIRECTION('',(-2.47E-15,-1.,0.));
#3457 = DIRECTION('',(-1.,2.47E-15,0.));
#3458 = ADVANCED_FACE('',(#3459),#3478,.F.);
#3459 = FACE_BOUND('',#3460,.F.);
#3460 = EDGE_LOOP('',(#3461,#3469,#3476,#3477));
#3461 = ORIENTED_EDGE('',*,*,#3462,.T.);
#3462 = EDGE_CURVE('',#1179,#3463,#3465,.T.);
#3463 = VERTEX_POINT('',#3464);
#3464 = CARTESIAN_POINT('',(-37.201,12.6,4.6));
#3465 = LINE('',#3466,#3467);
#3466 = CARTESIAN_POINT('',(-37.201,12.6,3.8));
#3467 = VECTOR('',#3468,1.);
#3468 = DIRECTION('',(0.,0.,1.));
#3469 = ORIENTED_EDGE('',*,*,#3470,.T.);
#3470 = EDGE_CURVE('',#3463,#3416,#3471,.T.);
#3471 = CIRCLE('',#3472,2.9);
#3472 = AXIS2_PLACEMENT_3D('',#3473,#3474,#3475);
#3473 = CARTESIAN_POINT('',(-34.301,12.6,4.6));
#3474 = DIRECTION('',(0.,0.,-1.));
#3475 = DIRECTION('',(-1.,2.45E-15,0.));
#3476 = ORIENTED_EDGE('',*,*,#3423,.F.);
#3477 = ORIENTED_EDGE('',*,*,#1178,.F.);
#3478 = CYLINDRICAL_SURFACE('',#3479,2.9);
#3479 = AXIS2_PLACEMENT_3D('',#3480,#3481,#3482);
#3480 = CARTESIAN_POINT('',(-34.301,12.6,3.8));
#3481 = DIRECTION('',(0.,0.,-1.));
#3482 = DIRECTION('',(1.,0.,0.));
#3483 = ADVANCED_FACE('',(#3484),#3503,.F.);
#3484 = FACE_BOUND('',#3485,.F.);
#3485 = EDGE_LOOP('',(#3486,#3487,#3496,#3502));
#3486 = ORIENTED_EDGE('',*,*,#3447,.T.);
#3487 = ORIENTED_EDGE('',*,*,#3488,.T.);
#3488 = EDGE_CURVE('',#3440,#3489,#3491,.T.);
#3489 = VERTEX_POINT('',#3490);
#3490 = CARTESIAN_POINT('',(-37.201,10.6,4.6));
#3491 = CIRCLE('',#3492,2.9);
#3492 = AXIS2_PLACEMENT_3D('',#3493,#3494,#3495);
#3493 = CARTESIAN_POINT('',(-34.301,10.6,4.6));
#3494 = DIRECTION('',(-0.,-0.,-1.));
#3495 = DIRECTION('',(0.,-1.,0.));
#3496 = ORIENTED_EDGE('',*,*,#3497,.F.);
#3497 = EDGE_CURVE('',#1188,#3489,#3498,.T.);
#3498 = LINE('',#3499,#3500);
#3499 = CARTESIAN_POINT('',(-37.201,10.6,3.8));
#3500 = VECTOR('',#3501,1.);
#3501 = DIRECTION('',(0.,0.,1.));
#3502 = ORIENTED_EDGE('',*,*,#1195,.F.);
#3503 = CYLINDRICAL_SURFACE('',#3504,2.9);
#3504 = AXIS2_PLACEMENT_3D('',#3505,#3506,#3507);
#3505 = CARTESIAN_POINT('',(-34.301,10.6,3.8));
#3506 = DIRECTION('',(0.,0.,-1.));
#3507 = DIRECTION('',(1.,0.,0.));
#3508 = ADVANCED_FACE('',(#3509),#3520,.T.);
#3509 = FACE_BOUND('',#3510,.T.);
#3510 = EDGE_LOOP('',(#3511,#3517,#3518,#3519));
#3511 = ORIENTED_EDGE('',*,*,#3512,.F.);
#3512 = EDGE_CURVE('',#3489,#3463,#3513,.T.);
#3513 = LINE('',#3514,#3515);
#3514 = CARTESIAN_POINT('',(-37.201,11.6,4.6));
#3515 = VECTOR('',#3516,1.);
#3516 = DIRECTION('',(4.263E-14,1.,0.));
#3517 = ORIENTED_EDGE('',*,*,#3497,.F.);
#3518 = ORIENTED_EDGE('',*,*,#1187,.T.);
#3519 = ORIENTED_EDGE('',*,*,#3462,.T.);
#3520 = PLANE('',#3521);
#3521 = AXIS2_PLACEMENT_3D('',#3522,#3523,#3524);
#3522 = CARTESIAN_POINT('',(-37.201,11.6,4.2));
#3523 = DIRECTION('',(1.,-1.421E-14,0.));
#3524 = DIRECTION('',(1.421E-14,1.,0.));
#3525 = ADVANCED_FACE('',(#3526),#3567,.T.);
#3526 = FACE_BOUND('',#3527,.T.);
#3527 = EDGE_LOOP('',(#3528,#3529,#3537,#3545,#3553,#3561));
#3528 = ORIENTED_EDGE('',*,*,#1212,.T.);
#3529 = ORIENTED_EDGE('',*,*,#3530,.T.);
#3530 = EDGE_CURVE('',#1215,#3531,#3533,.T.);
#3531 = VERTEX_POINT('',#3532);
#3532 = CARTESIAN_POINT('',(-70.301,3.8,2.9));
#3533 = LINE('',#3534,#3535);
#3534 = CARTESIAN_POINT('',(-70.301,3.8,3.8));
#3535 = VECTOR('',#3536,1.);
#3536 = DIRECTION('',(0.,0.,-1.));
#3537 = ORIENTED_EDGE('',*,*,#3538,.T.);
#3538 = EDGE_CURVE('',#3531,#3539,#3541,.T.);
#3539 = VERTEX_POINT('',#3540);
#3540 = CARTESIAN_POINT('',(-70.301,4.2,2.499999869282));
#3541 = LINE('',#3542,#3543);
#3542 = CARTESIAN_POINT('',(-70.301,3.8,2.9));
#3543 = VECTOR('',#3544,1.);
#3544 = DIRECTION('',(0.,0.707106665647,-0.707106896726));
#3545 = ORIENTED_EDGE('',*,*,#3546,.T.);
#3546 = EDGE_CURVE('',#3539,#3547,#3549,.T.);
#3547 = VERTEX_POINT('',#3548);
#3548 = CARTESIAN_POINT('',(-70.301,3.8,2.1));
#3549 = LINE('',#3550,#3551);
#3550 = CARTESIAN_POINT('',(-70.301,4.2,2.499999869282));
#3551 = VECTOR('',#3552,1.);
#3552 = DIRECTION('',(0.,-0.707106896726,-0.707106665647));
#3553 = ORIENTED_EDGE('',*,*,#3554,.T.);
#3554 = EDGE_CURVE('',#3547,#3555,#3557,.T.);
#3555 = VERTEX_POINT('',#3556);
#3556 = CARTESIAN_POINT('',(-70.301,2.8,2.1));
#3557 = LINE('',#3558,#3559);
#3558 = CARTESIAN_POINT('',(-70.301,3.8,2.1));
#3559 = VECTOR('',#3560,1.);
#3560 = DIRECTION('',(0.,-1.,0.));
#3561 = ORIENTED_EDGE('',*,*,#3562,.T.);
#3562 = EDGE_CURVE('',#3555,#1213,#3563,.T.);
#3563 = LINE('',#3564,#3565);
#3564 = CARTESIAN_POINT('',(-70.301,2.8,2.1));
#3565 = VECTOR('',#3566,1.);
#3566 = DIRECTION('',(0.,-0.543251278157,0.839570157152));
#3567 = PLANE('',#3568);
#3568 = AXIS2_PLACEMENT_3D('',#3569,#3570,#3571);
#3569 = CARTESIAN_POINT('',(-70.301,3.015054965805,3.05981823678));
#3570 = DIRECTION('',(-1.,-0.,-0.));
#3571 = DIRECTION('',(0.,0.,-1.));
#3572 = ADVANCED_FACE('',(#3573),#3591,.F.);
#3573 = FACE_BOUND('',#3574,.T.);
#3574 = EDGE_LOOP('',(#3575,#3583,#3589,#3590));
#3575 = ORIENTED_EDGE('',*,*,#3576,.T.);
#3576 = EDGE_CURVE('',#3555,#3577,#3579,.T.);
#3577 = VERTEX_POINT('',#3578);
#3578 = CARTESIAN_POINT('',(-55.301,2.8,2.1));
#3579 = LINE('',#3580,#3581);
#3580 = CARTESIAN_POINT('',(-70.301,2.8,2.1));
#3581 = VECTOR('',#3582,1.);
#3582 = DIRECTION('',(1.,0.,0.));
#3583 = ORIENTED_EDGE('',*,*,#3584,.T.);
#3584 = EDGE_CURVE('',#3577,#1223,#3585,.T.);
#3585 = LINE('',#3586,#3587);
#3586 = CARTESIAN_POINT('',(-55.301,2.8,2.1));
#3587 = VECTOR('',#3588,1.);
#3588 = DIRECTION('',(0.,-0.543251278157,0.839570157152));
#3589 = ORIENTED_EDGE('',*,*,#1222,.F.);
#3590 = ORIENTED_EDGE('',*,*,#3562,.F.);
#3591 = PLANE('',#3592);
#3592 = AXIS2_PLACEMENT_3D('',#3593,#3594,#3595);
#3593 = CARTESIAN_POINT('',(-70.301,2.8,2.1));
#3594 = DIRECTION('',(0.,0.839570157152,0.543251278157));
#3595 = DIRECTION('',(0.,0.543251278157,-0.839570157152));
#3596 = ADVANCED_FACE('',(#3597),#3615,.F.);
#3597 = FACE_BOUND('',#3598,.T.);
#3598 = EDGE_LOOP('',(#3599,#3600,#3608,#3614));
#3599 = ORIENTED_EDGE('',*,*,#1238,.T.);
#3600 = ORIENTED_EDGE('',*,*,#3601,.T.);
#3601 = EDGE_CURVE('',#1231,#3602,#3604,.T.);
#3602 = VERTEX_POINT('',#3603);
#3603 = CARTESIAN_POINT('',(-55.301,3.8,2.9));
#3604 = LINE('',#3605,#3606);
#3605 = CARTESIAN_POINT('',(-55.301,3.8,3.8));
#3606 = VECTOR('',#3607,1.);
#3607 = DIRECTION('',(0.,0.,-1.));
#3608 = ORIENTED_EDGE('',*,*,#3609,.F.);
#3609 = EDGE_CURVE('',#3531,#3602,#3610,.T.);
#3610 = LINE('',#3611,#3612);
#3611 = CARTESIAN_POINT('',(-70.301,3.8,2.9));
#3612 = VECTOR('',#3613,1.);
#3613 = DIRECTION('',(1.,0.,0.));
#3614 = ORIENTED_EDGE('',*,*,#3530,.F.);
#3615 = PLANE('',#3616);
#3616 = AXIS2_PLACEMENT_3D('',#3617,#3618,#3619);
#3617 = CARTESIAN_POINT('',(-70.301,3.8,3.8));
#3618 = DIRECTION('',(0.,-1.,0.));
#3619 = DIRECTION('',(0.,0.,1.));
#3620 = ADVANCED_FACE('',(#3621),#3648,.F.);
#3621 = FACE_BOUND('',#3622,.F.);
#3622 = EDGE_LOOP('',(#3623,#3624,#3625,#3633,#3641,#3647));
#3623 = ORIENTED_EDGE('',*,*,#1230,.T.);
#3624 = ORIENTED_EDGE('',*,*,#3601,.T.);
#3625 = ORIENTED_EDGE('',*,*,#3626,.T.);
#3626 = EDGE_CURVE('',#3602,#3627,#3629,.T.);
#3627 = VERTEX_POINT('',#3628);
#3628 = CARTESIAN_POINT('',(-55.301,4.2,2.499999869282));
#3629 = LINE('',#3630,#3631);
#3630 = CARTESIAN_POINT('',(-55.301,3.8,2.9));
#3631 = VECTOR('',#3632,1.);
#3632 = DIRECTION('',(0.,0.707106665647,-0.707106896726));
#3633 = ORIENTED_EDGE('',*,*,#3634,.T.);
#3634 = EDGE_CURVE('',#3627,#3635,#3637,.T.);
#3635 = VERTEX_POINT('',#3636);
#3636 = CARTESIAN_POINT('',(-55.301,3.8,2.1));
#3637 = LINE('',#3638,#3639);
#3638 = CARTESIAN_POINT('',(-55.301,4.2,2.499999869282));
#3639 = VECTOR('',#3640,1.);
#3640 = DIRECTION('',(0.,-0.707106896726,-0.707106665647));
#3641 = ORIENTED_EDGE('',*,*,#3642,.T.);
#3642 = EDGE_CURVE('',#3635,#3577,#3643,.T.);
#3643 = LINE('',#3644,#3645);
#3644 = CARTESIAN_POINT('',(-55.301,3.8,2.1));
#3645 = VECTOR('',#3646,1.);
#3646 = DIRECTION('',(0.,-1.,0.));
#3647 = ORIENTED_EDGE('',*,*,#3584,.T.);
#3648 = PLANE('',#3649);
#3649 = AXIS2_PLACEMENT_3D('',#3650,#3651,#3652);
#3650 = CARTESIAN_POINT('',(-55.301,3.015054965805,3.05981823678));
#3651 = DIRECTION('',(-1.,-0.,-0.));
#3652 = DIRECTION('',(0.,0.,-1.));
#3653 = ADVANCED_FACE('',(#3654),#3679,.F.);
#3654 = FACE_BOUND('',#3655,.F.);
#3655 = EDGE_LOOP('',(#3656,#3666,#3672,#3673));
#3656 = ORIENTED_EDGE('',*,*,#3657,.T.);
#3657 = EDGE_CURVE('',#3658,#3660,#3662,.T.);
#3658 = VERTEX_POINT('',#3659);
#3659 = CARTESIAN_POINT('',(-65.501,17.35,5.4));
#3660 = VERTEX_POINT('',#3661);
#3661 = CARTESIAN_POINT('',(-60.101,17.35,5.4));
#3662 = LINE('',#3663,#3664);
#3663 = CARTESIAN_POINT('',(-65.501,17.35,5.4));
#3664 = VECTOR('',#3665,1.);
#3665 = DIRECTION('',(1.,-1.1E-16,1.1E-16));
#3666 = ORIENTED_EDGE('',*,*,#3667,.T.);
#3667 = EDGE_CURVE('',#3660,#1249,#3668,.T.);
#3668 = LINE('',#3669,#3670);
#3669 = CARTESIAN_POINT('',(-60.101,17.35,5.4));
#3670 = VECTOR('',#3671,1.);
#3671 = DIRECTION('',(0.,0.,-1.));
#3672 = ORIENTED_EDGE('',*,*,#1246,.F.);
#3673 = ORIENTED_EDGE('',*,*,#3674,.F.);
#3674 = EDGE_CURVE('',#3658,#1247,#3675,.T.);
#3675 = LINE('',#3676,#3677);
#3676 = CARTESIAN_POINT('',(-65.501,17.35,5.4));
#3677 = VECTOR('',#3678,1.);
#3678 = DIRECTION('',(0.,0.,-1.));
#3679 = PLANE('',#3680);
#3680 = AXIS2_PLACEMENT_3D('',#3681,#3682,#3683);
#3681 = CARTESIAN_POINT('',(-65.501,17.35,5.4));
#3682 = DIRECTION('',(1.1E-16,1.,2.2E-16));
#3683 = DIRECTION('',(2.2E-16,2.2E-16,-1.));
#3684 = ADVANCED_FACE('',(#3685),#3727,.T.);
#3685 = FACE_BOUND('',#3686,.T.);
#3686 = EDGE_LOOP('',(#3687,#3688,#3695,#3696,#3697,#3705,#3713,#3721));
#3687 = ORIENTED_EDGE('',*,*,#1288,.F.);
#3688 = ORIENTED_EDGE('',*,*,#3689,.T.);
#3689 = EDGE_CURVE('',#1281,#1257,#3690,.T.);
#3690 = CIRCLE('',#3691,2.5);
#3691 = AXIS2_PLACEMENT_3D('',#3692,#3693,#3694);
#3692 = CARTESIAN_POINT('',(-65.501,11.6,2.8));
#3693 = DIRECTION('',(-1.,0.,0.));
#3694 = DIRECTION('',(0.,1.,0.));
#3695 = ORIENTED_EDGE('',*,*,#1256,.F.);
#3696 = ORIENTED_EDGE('',*,*,#3674,.F.);
#3697 = ORIENTED_EDGE('',*,*,#3698,.T.);
#3698 = EDGE_CURVE('',#3658,#3699,#3701,.T.);
#3699 = VERTEX_POINT('',#3700);
#3700 = CARTESIAN_POINT('',(-65.501,16.2,6.2));
#3701 = LINE('',#3702,#3703);
#3702 = CARTESIAN_POINT('',(-65.501,17.35,5.4));
#3703 = VECTOR('',#3704,1.);
#3704 = DIRECTION('',(0.,-0.820905201785,0.571064488199));
#3705 = ORIENTED_EDGE('',*,*,#3706,.T.);
#3706 = EDGE_CURVE('',#3699,#3707,#3709,.T.);
#3707 = VERTEX_POINT('',#3708);
#3708 = CARTESIAN_POINT('',(-65.501,7.,6.2));
#3709 = LINE('',#3710,#3711);
#3710 = CARTESIAN_POINT('',(-65.501,16.2,6.2));
#3711 = VECTOR('',#3712,1.);
#3712 = DIRECTION('',(-4.4E-16,-1.,-2.2E-16));
#3713 = ORIENTED_EDGE('',*,*,#3714,.T.);
#3714 = EDGE_CURVE('',#3707,#3715,#3717,.T.);
#3715 = VERTEX_POINT('',#3716);
#3716 = CARTESIAN_POINT('',(-65.501,5.85,5.4));
#3717 = LINE('',#3718,#3719);
#3718 = CARTESIAN_POINT('',(-65.501,7.,6.2));
#3719 = VECTOR('',#3720,1.);
#3720 = DIRECTION('',(0.,-0.820905201785,-0.571064488199));
#3721 = ORIENTED_EDGE('',*,*,#3722,.T.);
#3722 = EDGE_CURVE('',#3715,#1289,#3723,.T.);
#3723 = LINE('',#3724,#3725);
#3724 = CARTESIAN_POINT('',(-65.501,5.85,5.4));
#3725 = VECTOR('',#3726,1.);
#3726 = DIRECTION('',(0.,0.,-1.));
#3727 = PLANE('',#3728);
#3728 = AXIS2_PLACEMENT_3D('',#3729,#3730,#3731);
#3729 = CARTESIAN_POINT('',(-65.501,11.6,5.109135756109));
#3730 = DIRECTION('',(1.,-6.7E-16,0.));
#3731 = DIRECTION('',(6.7E-16,1.,0.));
#3732 = ADVANCED_FACE('',(#3733),#3775,.F.);
#3733 = FACE_BOUND('',#3734,.T.);
#3734 = EDGE_LOOP('',(#3735,#3743,#3744,#3745,#3752,#3753,#3761,#3769));
#3735 = ORIENTED_EDGE('',*,*,#3736,.F.);
#3736 = EDGE_CURVE('',#3660,#3737,#3739,.T.);
#3737 = VERTEX_POINT('',#3738);
#3738 = CARTESIAN_POINT('',(-60.101,16.2,6.2));
#3739 = LINE('',#3740,#3741);
#3740 = CARTESIAN_POINT('',(-60.101,17.35,5.4));
#3741 = VECTOR('',#3742,1.);
#3742 = DIRECTION('',(0.,-0.820905201785,0.571064488199));
#3743 = ORIENTED_EDGE('',*,*,#3667,.T.);
#3744 = ORIENTED_EDGE('',*,*,#1336,.T.);
#3745 = ORIENTED_EDGE('',*,*,#3746,.F.);
#3746 = EDGE_CURVE('',#1305,#1329,#3747,.T.);
#3747 = CIRCLE('',#3748,2.5);
#3748 = AXIS2_PLACEMENT_3D('',#3749,#3750,#3751);
#3749 = CARTESIAN_POINT('',(-60.101,11.6,2.8));
#3750 = DIRECTION('',(-1.,0.,0.));
#3751 = DIRECTION('',(0.,1.,0.));
#3752 = ORIENTED_EDGE('',*,*,#1304,.T.);
#3753 = ORIENTED_EDGE('',*,*,#3754,.F.);
#3754 = EDGE_CURVE('',#3755,#1297,#3757,.T.);
#3755 = VERTEX_POINT('',#3756);
#3756 = CARTESIAN_POINT('',(-60.101,5.85,5.4));
#3757 = LINE('',#3758,#3759);
#3758 = CARTESIAN_POINT('',(-60.101,5.85,5.4));
#3759 = VECTOR('',#3760,1.);
#3760 = DIRECTION('',(0.,0.,-1.));
#3761 = ORIENTED_EDGE('',*,*,#3762,.F.);
#3762 = EDGE_CURVE('',#3763,#3755,#3765,.T.);
#3763 = VERTEX_POINT('',#3764);
#3764 = CARTESIAN_POINT('',(-60.101,7.,6.2));
#3765 = LINE('',#3766,#3767);
#3766 = CARTESIAN_POINT('',(-60.101,7.,6.2));
#3767 = VECTOR('',#3768,1.);
#3768 = DIRECTION('',(0.,-0.820905201785,-0.571064488199));
#3769 = ORIENTED_EDGE('',*,*,#3770,.T.);
#3770 = EDGE_CURVE('',#3763,#3737,#3771,.T.);
#3771 = LINE('',#3772,#3773);
#3772 = CARTESIAN_POINT('',(-60.101,7.,6.2));
#3773 = VECTOR('',#3774,1.);
#3774 = DIRECTION('',(4.4E-16,1.,2.2E-16));
#3775 = PLANE('',#3776);
#3776 = AXIS2_PLACEMENT_3D('',#3777,#3778,#3779);
#3777 = CARTESIAN_POINT('',(-60.101,11.6,5.109135756109));
#3778 = DIRECTION('',(1.,-6.7E-16,0.));
#3779 = DIRECTION('',(6.7E-16,1.,0.));
#3780 = ADVANCED_FACE('',(#3781),#3793,.F.);
#3781 = FACE_BOUND('',#3782,.T.);
#3782 = EDGE_LOOP('',(#3783,#3790,#3791,#3792));
#3783 = ORIENTED_EDGE('',*,*,#3784,.F.);
#3784 = EDGE_CURVE('',#1265,#1273,#3785,.T.);
#3785 = CIRCLE('',#3786,2.5);
#3786 = AXIS2_PLACEMENT_3D('',#3787,#3788,#3789);
#3787 = CARTESIAN_POINT('',(-67.501,11.6,2.8));
#3788 = DIRECTION('',(1.,0.,0.));
#3789 = DIRECTION('',(0.,1.,0.));
#3790 = ORIENTED_EDGE('',*,*,#1264,.F.);
#3791 = ORIENTED_EDGE('',*,*,#3689,.F.);
#3792 = ORIENTED_EDGE('',*,*,#1280,.T.);
#3793 = CYLINDRICAL_SURFACE('',#3794,2.5);
#3794 = AXIS2_PLACEMENT_3D('',#3795,#3796,#3797);
#3795 = CARTESIAN_POINT('',(-67.501,11.6,2.8));
#3796 = DIRECTION('',(-1.,-0.,-0.));
#3797 = DIRECTION('',(0.,1.,0.));
#3798 = ADVANCED_FACE('',(#3799),#3811,.F.);
#3799 = FACE_BOUND('',#3800,.T.);
#3800 = EDGE_LOOP('',(#3801,#3802,#3809,#3810));
#3801 = ORIENTED_EDGE('',*,*,#1328,.F.);
#3802 = ORIENTED_EDGE('',*,*,#3803,.T.);
#3803 = EDGE_CURVE('',#1321,#1313,#3804,.T.);
#3804 = CIRCLE('',#3805,2.5);
#3805 = AXIS2_PLACEMENT_3D('',#3806,#3807,#3808);
#3806 = CARTESIAN_POINT('',(-58.001,11.6,2.8));
#3807 = DIRECTION('',(1.,0.,0.));
#3808 = DIRECTION('',(0.,1.,0.));
#3809 = ORIENTED_EDGE('',*,*,#1312,.T.);
#3810 = ORIENTED_EDGE('',*,*,#3746,.T.);
#3811 = CYLINDRICAL_SURFACE('',#3812,2.5);
#3812 = AXIS2_PLACEMENT_3D('',#3813,#3814,#3815);
#3813 = CARTESIAN_POINT('',(-67.501,11.6,2.8));
#3814 = DIRECTION('',(-1.,-0.,-0.));
#3815 = DIRECTION('',(0.,1.,0.));
#3816 = ADVANCED_FACE('',(#3817),#3821,.T.);
#3817 = FACE_BOUND('',#3818,.T.);
#3818 = EDGE_LOOP('',(#3819,#3820));
#3819 = ORIENTED_EDGE('',*,*,#1272,.F.);
#3820 = ORIENTED_EDGE('',*,*,#3784,.T.);
#3821 = PLANE('',#3822);
#3822 = AXIS2_PLACEMENT_3D('',#3823,#3824,#3825);
#3823 = CARTESIAN_POINT('',(-67.501,11.6,2.8));
#3824 = DIRECTION('',(1.,0.,0.));
#3825 = DIRECTION('',(0.,0.,1.));
#3826 = ADVANCED_FACE('',(#3827),#3831,.F.);
#3827 = FACE_BOUND('',#3828,.F.);
#3828 = EDGE_LOOP('',(#3829,#3830));
#3829 = ORIENTED_EDGE('',*,*,#1320,.F.);
#3830 = ORIENTED_EDGE('',*,*,#3803,.T.);
#3831 = PLANE('',#3832);
#3832 = AXIS2_PLACEMENT_3D('',#3833,#3834,#3835);
#3833 = CARTESIAN_POINT('',(-58.001,11.6,2.8));
#3834 = DIRECTION('',(1.,0.,0.));
#3835 = DIRECTION('',(0.,0.,1.));
#3836 = ADVANCED_FACE('',(#3837),#3848,.T.);
#3837 = FACE_BOUND('',#3838,.T.);
#3838 = EDGE_LOOP('',(#3839,#3845,#3846,#3847));
#3839 = ORIENTED_EDGE('',*,*,#3840,.T.);
#3840 = EDGE_CURVE('',#3715,#3755,#3841,.T.);
#3841 = LINE('',#3842,#3843);
#3842 = CARTESIAN_POINT('',(-65.501,5.85,5.4));
#3843 = VECTOR('',#3844,1.);
#3844 = DIRECTION('',(1.,-1.1E-16,1.1E-16));
#3845 = ORIENTED_EDGE('',*,*,#3754,.T.);
#3846 = ORIENTED_EDGE('',*,*,#1296,.F.);
#3847 = ORIENTED_EDGE('',*,*,#3722,.F.);
#3848 = PLANE('',#3849);
#3849 = AXIS2_PLACEMENT_3D('',#3850,#3851,#3852);
#3850 = CARTESIAN_POINT('',(-65.501,5.85,5.4));
#3851 = DIRECTION('',(1.1E-16,1.,2.2E-16));
#3852 = DIRECTION('',(2.2E-16,2.2E-16,-1.));
#3853 = ADVANCED_FACE('',(#3854),#3895,.T.);
#3854 = FACE_BOUND('',#3855,.T.);
#3855 = EDGE_LOOP('',(#3856,#3857,#3865,#3873,#3881,#3889));
#3856 = ORIENTED_EDGE('',*,*,#1344,.T.);
#3857 = ORIENTED_EDGE('',*,*,#3858,.T.);
#3858 = EDGE_CURVE('',#1347,#3859,#3861,.T.);
#3859 = VERTEX_POINT('',#3860);
#3860 = CARTESIAN_POINT('',(-97.301,3.8,2.9));
#3861 = LINE('',#3862,#3863);
#3862 = CARTESIAN_POINT('',(-97.301,3.8,3.8));
#3863 = VECTOR('',#3864,1.);
#3864 = DIRECTION('',(0.,0.,-1.));
#3865 = ORIENTED_EDGE('',*,*,#3866,.T.);
#3866 = EDGE_CURVE('',#3859,#3867,#3869,.T.);
#3867 = VERTEX_POINT('',#3868);
#3868 = CARTESIAN_POINT('',(-97.301,4.2,2.499999869282));
#3869 = LINE('',#3870,#3871);
#3870 = CARTESIAN_POINT('',(-97.301,3.8,2.9));
#3871 = VECTOR('',#3872,1.);
#3872 = DIRECTION('',(0.,0.707106665647,-0.707106896726));
#3873 = ORIENTED_EDGE('',*,*,#3874,.T.);
#3874 = EDGE_CURVE('',#3867,#3875,#3877,.T.);
#3875 = VERTEX_POINT('',#3876);
#3876 = CARTESIAN_POINT('',(-97.301,3.8,2.1));
#3877 = LINE('',#3878,#3879);
#3878 = CARTESIAN_POINT('',(-97.301,4.2,2.499999869282));
#3879 = VECTOR('',#3880,1.);
#3880 = DIRECTION('',(0.,-0.707106896726,-0.707106665647));
#3881 = ORIENTED_EDGE('',*,*,#3882,.T.);
#3882 = EDGE_CURVE('',#3875,#3883,#3885,.T.);
#3883 = VERTEX_POINT('',#3884);
#3884 = CARTESIAN_POINT('',(-97.301,2.8,2.1));
#3885 = LINE('',#3886,#3887);
#3886 = CARTESIAN_POINT('',(-97.301,3.8,2.1));
#3887 = VECTOR('',#3888,1.);
#3888 = DIRECTION('',(0.,-1.,0.));
#3889 = ORIENTED_EDGE('',*,*,#3890,.T.);
#3890 = EDGE_CURVE('',#3883,#1345,#3891,.T.);
#3891 = LINE('',#3892,#3893);
#3892 = CARTESIAN_POINT('',(-97.301,2.8,2.1));
#3893 = VECTOR('',#3894,1.);
#3894 = DIRECTION('',(0.,-0.543251278157,0.839570157152));
#3895 = PLANE('',#3896);
#3896 = AXIS2_PLACEMENT_3D('',#3897,#3898,#3899);
#3897 = CARTESIAN_POINT('',(-97.301,3.015054965805,3.05981823678));
#3898 = DIRECTION('',(-1.,-0.,-0.));
#3899 = DIRECTION('',(0.,0.,-1.));
#3900 = ADVANCED_FACE('',(#3901),#3919,.F.);
#3901 = FACE_BOUND('',#3902,.T.);
#3902 = EDGE_LOOP('',(#3903,#3911,#3917,#3918));
#3903 = ORIENTED_EDGE('',*,*,#3904,.T.);
#3904 = EDGE_CURVE('',#3883,#3905,#3907,.T.);
#3905 = VERTEX_POINT('',#3906);
#3906 = CARTESIAN_POINT('',(-82.301,2.8,2.1));
#3907 = LINE('',#3908,#3909);
#3908 = CARTESIAN_POINT('',(-97.301,2.8,2.1));
#3909 = VECTOR('',#3910,1.);
#3910 = DIRECTION('',(1.,0.,0.));
#3911 = ORIENTED_EDGE('',*,*,#3912,.T.);
#3912 = EDGE_CURVE('',#3905,#1355,#3913,.T.);
#3913 = LINE('',#3914,#3915);
#3914 = CARTESIAN_POINT('',(-82.301,2.8,2.1));
#3915 = VECTOR('',#3916,1.);
#3916 = DIRECTION('',(0.,-0.543251278157,0.839570157152));
#3917 = ORIENTED_EDGE('',*,*,#1354,.F.);
#3918 = ORIENTED_EDGE('',*,*,#3890,.F.);
#3919 = PLANE('',#3920);
#3920 = AXIS2_PLACEMENT_3D('',#3921,#3922,#3923);
#3921 = CARTESIAN_POINT('',(-97.301,2.8,2.1));
#3922 = DIRECTION('',(0.,0.839570157152,0.543251278157));
#3923 = DIRECTION('',(0.,0.543251278157,-0.839570157152));
#3924 = ADVANCED_FACE('',(#3925),#3943,.F.);
#3925 = FACE_BOUND('',#3926,.T.);
#3926 = EDGE_LOOP('',(#3927,#3928,#3936,#3942));
#3927 = ORIENTED_EDGE('',*,*,#1370,.T.);
#3928 = ORIENTED_EDGE('',*,*,#3929,.T.);
#3929 = EDGE_CURVE('',#1363,#3930,#3932,.T.);
#3930 = VERTEX_POINT('',#3931);
#3931 = CARTESIAN_POINT('',(-82.301,3.8,2.9));
#3932 = LINE('',#3933,#3934);
#3933 = CARTESIAN_POINT('',(-82.301,3.8,3.8));
#3934 = VECTOR('',#3935,1.);
#3935 = DIRECTION('',(0.,0.,-1.));
#3936 = ORIENTED_EDGE('',*,*,#3937,.F.);
#3937 = EDGE_CURVE('',#3859,#3930,#3938,.T.);
#3938 = LINE('',#3939,#3940);
#3939 = CARTESIAN_POINT('',(-97.301,3.8,2.9));
#3940 = VECTOR('',#3941,1.);
#3941 = DIRECTION('',(1.,0.,0.));
#3942 = ORIENTED_EDGE('',*,*,#3858,.F.);
#3943 = PLANE('',#3944);
#3944 = AXIS2_PLACEMENT_3D('',#3945,#3946,#3947);
#3945 = CARTESIAN_POINT('',(-97.301,3.8,3.8));
#3946 = DIRECTION('',(-0.,-1.,-0.));
#3947 = DIRECTION('',(0.,0.,1.));
#3948 = ADVANCED_FACE('',(#3949),#3976,.F.);
#3949 = FACE_BOUND('',#3950,.F.);
#3950 = EDGE_LOOP('',(#3951,#3952,#3953,#3961,#3969,#3975));
#3951 = ORIENTED_EDGE('',*,*,#1362,.T.);
#3952 = ORIENTED_EDGE('',*,*,#3929,.T.);
#3953 = ORIENTED_EDGE('',*,*,#3954,.T.);
#3954 = EDGE_CURVE('',#3930,#3955,#3957,.T.);
#3955 = VERTEX_POINT('',#3956);
#3956 = CARTESIAN_POINT('',(-82.301,4.2,2.499999869282));
#3957 = LINE('',#3958,#3959);
#3958 = CARTESIAN_POINT('',(-82.301,3.8,2.9));
#3959 = VECTOR('',#3960,1.);
#3960 = DIRECTION('',(0.,0.707106665647,-0.707106896726));
#3961 = ORIENTED_EDGE('',*,*,#3962,.T.);
#3962 = EDGE_CURVE('',#3955,#3963,#3965,.T.);
#3963 = VERTEX_POINT('',#3964);
#3964 = CARTESIAN_POINT('',(-82.301,3.8,2.1));
#3965 = LINE('',#3966,#3967);
#3966 = CARTESIAN_POINT('',(-82.301,4.2,2.499999869282));
#3967 = VECTOR('',#3968,1.);
#3968 = DIRECTION('',(0.,-0.707106896726,-0.707106665647));
#3969 = ORIENTED_EDGE('',*,*,#3970,.T.);
#3970 = EDGE_CURVE('',#3963,#3905,#3971,.T.);
#3971 = LINE('',#3972,#3973);
#3972 = CARTESIAN_POINT('',(-82.301,3.8,2.1));
#3973 = VECTOR('',#3974,1.);
#3974 = DIRECTION('',(0.,-1.,0.));
#3975 = ORIENTED_EDGE('',*,*,#3912,.T.);
#3976 = PLANE('',#3977);
#3977 = AXIS2_PLACEMENT_3D('',#3978,#3979,#3980);
#3978 = CARTESIAN_POINT('',(-82.301,3.015054965805,3.05981823678));
#3979 = DIRECTION('',(-1.,-0.,-0.));
#3980 = DIRECTION('',(0.,0.,-1.));
#3981 = ADVANCED_FACE('',(#3982),#4055,.T.);
#3982 = FACE_BOUND('',#3983,.T.);
#3983 = EDGE_LOOP('',(#3984,#3992,#4000,#4008,#4016,#4024,#4032,#4040,
    #4048,#4054));
#3984 = ORIENTED_EDGE('',*,*,#3985,.T.);
#3985 = EDGE_CURVE('',#1381,#3986,#3988,.T.);
#3986 = VERTEX_POINT('',#3987);
#3987 = CARTESIAN_POINT('',(-99.201,15.5,4.6));
#3988 = LINE('',#3989,#3990);
#3989 = CARTESIAN_POINT('',(-99.201,15.5,3.8));
#3990 = VECTOR('',#3991,1.);
#3991 = DIRECTION('',(0.,0.,1.));
#3992 = ORIENTED_EDGE('',*,*,#3993,.F.);
#3993 = EDGE_CURVE('',#3994,#3986,#3996,.T.);
#3994 = VERTEX_POINT('',#3995);
#3995 = CARTESIAN_POINT('',(-99.201,14.5,5.6));
#3996 = LINE('',#3997,#3998);
#3997 = CARTESIAN_POINT('',(-99.201,14.475,5.625));
#3998 = VECTOR('',#3999,1.);
#3999 = DIRECTION('',(0.,0.707106781187,-0.707106781187));
#4000 = ORIENTED_EDGE('',*,*,#4001,.F.);
#4001 = EDGE_CURVE('',#4002,#3994,#4004,.T.);
#4002 = VERTEX_POINT('',#4003);
#4003 = CARTESIAN_POINT('',(-99.201,12.6,5.6));
#4004 = LINE('',#4005,#4006);
#4005 = CARTESIAN_POINT('',(-99.201,11.6,5.6));
#4006 = VECTOR('',#4007,1.);
#4007 = DIRECTION('',(0.,1.,0.));
#4008 = ORIENTED_EDGE('',*,*,#4009,.T.);
#4009 = EDGE_CURVE('',#4002,#4010,#4012,.T.);
#4010 = VERTEX_POINT('',#4011);
#4011 = CARTESIAN_POINT('',(-99.201,12.6,5.7));
#4012 = LINE('',#4013,#4014);
#4013 = CARTESIAN_POINT('',(-99.201,12.6,5.6));
#4014 = VECTOR('',#4015,1.);
#4015 = DIRECTION('',(0.,0.,1.));
#4016 = ORIENTED_EDGE('',*,*,#4017,.T.);
#4017 = EDGE_CURVE('',#4010,#4018,#4020,.T.);
#4018 = VERTEX_POINT('',#4019);
#4019 = CARTESIAN_POINT('',(-99.201,10.6,5.7));
#4020 = LINE('',#4021,#4022);
#4021 = CARTESIAN_POINT('',(-99.201,12.6,5.7));
#4022 = VECTOR('',#4023,1.);
#4023 = DIRECTION('',(-0.,-1.,-0.));
#4024 = ORIENTED_EDGE('',*,*,#4025,.F.);
#4025 = EDGE_CURVE('',#4026,#4018,#4028,.T.);
#4026 = VERTEX_POINT('',#4027);
#4027 = CARTESIAN_POINT('',(-99.201,10.6,5.6));
#4028 = LINE('',#4029,#4030);
#4029 = CARTESIAN_POINT('',(-99.201,10.6,5.6));
#4030 = VECTOR('',#4031,1.);
#4031 = DIRECTION('',(0.,0.,1.));
#4032 = ORIENTED_EDGE('',*,*,#4033,.T.);
#4033 = EDGE_CURVE('',#4026,#4034,#4036,.T.);
#4034 = VERTEX_POINT('',#4035);
#4035 = CARTESIAN_POINT('',(-99.201,8.7,5.6));
#4036 = LINE('',#4037,#4038);
#4037 = CARTESIAN_POINT('',(-99.201,11.6,5.6));
#4038 = VECTOR('',#4039,1.);
#4039 = DIRECTION('',(0.,-1.,0.));
#4040 = ORIENTED_EDGE('',*,*,#4041,.T.);
#4041 = EDGE_CURVE('',#4034,#4042,#4044,.T.);
#4042 = VERTEX_POINT('',#4043);
#4043 = CARTESIAN_POINT('',(-99.201,7.7,4.6));
#4044 = LINE('',#4045,#4046);
#4045 = CARTESIAN_POINT('',(-99.201,8.725,5.625));
#4046 = VECTOR('',#4047,1.);
#4047 = DIRECTION('',(0.,-0.707106781187,-0.707106781187));
#4048 = ORIENTED_EDGE('',*,*,#4049,.F.);
#4049 = EDGE_CURVE('',#1379,#4042,#4050,.T.);
#4050 = LINE('',#4051,#4052);
#4051 = CARTESIAN_POINT('',(-99.201,7.7,3.8));
#4052 = VECTOR('',#4053,1.);
#4053 = DIRECTION('',(0.,0.,1.));
#4054 = ORIENTED_EDGE('',*,*,#1378,.T.);
#4055 = PLANE('',#4056);
#4056 = AXIS2_PLACEMENT_3D('',#4057,#4058,#4059);
#4057 = CARTESIAN_POINT('',(-99.201,11.6,4.640827086028));
#4058 = DIRECTION('',(1.,0.,2.47E-15));
#4059 = DIRECTION('',(-2.47E-15,0.,1.));
#4060 = ADVANCED_FACE('',(#4061),#4079,.T.);
#4061 = FACE_BOUND('',#4062,.T.);
#4062 = EDGE_LOOP('',(#4063,#4064,#4072,#4078));
#4063 = ORIENTED_EDGE('',*,*,#4049,.T.);
#4064 = ORIENTED_EDGE('',*,*,#4065,.T.);
#4065 = EDGE_CURVE('',#4042,#4066,#4068,.T.);
#4066 = VERTEX_POINT('',#4067);
#4067 = CARTESIAN_POINT('',(-91.301,7.7,4.6));
#4068 = LINE('',#4069,#4070);
#4069 = CARTESIAN_POINT('',(-99.201,7.7,4.6));
#4070 = VECTOR('',#4071,1.);
#4071 = DIRECTION('',(1.,0.,0.));
#4072 = ORIENTED_EDGE('',*,*,#4073,.F.);
#4073 = EDGE_CURVE('',#1389,#4066,#4074,.T.);
#4074 = LINE('',#4075,#4076);
#4075 = CARTESIAN_POINT('',(-91.301,7.7,3.8));
#4076 = VECTOR('',#4077,1.);
#4077 = DIRECTION('',(0.,0.,1.));
#4078 = ORIENTED_EDGE('',*,*,#1388,.F.);
#4079 = PLANE('',#4080);
#4080 = AXIS2_PLACEMENT_3D('',#4081,#4082,#4083);
#4081 = CARTESIAN_POINT('',(-99.201,7.7,3.8));
#4082 = DIRECTION('',(0.,1.,0.));
#4083 = DIRECTION('',(1.,0.,0.));
#4084 = ADVANCED_FACE('',(#4085),#4103,.F.);
#4085 = FACE_BOUND('',#4086,.F.);
#4086 = EDGE_LOOP('',(#4087,#4088,#4096,#4102));
#4087 = ORIENTED_EDGE('',*,*,#3985,.T.);
#4088 = ORIENTED_EDGE('',*,*,#4089,.F.);
#4089 = EDGE_CURVE('',#4090,#3986,#4092,.T.);
#4090 = VERTEX_POINT('',#4091);
#4091 = CARTESIAN_POINT('',(-91.301,15.5,4.6));
#4092 = LINE('',#4093,#4094);
#4093 = CARTESIAN_POINT('',(-91.301,15.5,4.6));
#4094 = VECTOR('',#4095,1.);
#4095 = DIRECTION('',(-1.,-0.,-0.));
#4096 = ORIENTED_EDGE('',*,*,#4097,.F.);
#4097 = EDGE_CURVE('',#1414,#4090,#4098,.T.);
#4098 = LINE('',#4099,#4100);
#4099 = CARTESIAN_POINT('',(-91.301,15.5,3.8));
#4100 = VECTOR('',#4101,1.);
#4101 = DIRECTION('',(0.,0.,1.));
#4102 = ORIENTED_EDGE('',*,*,#1422,.F.);
#4103 = PLANE('',#4104);
#4104 = AXIS2_PLACEMENT_3D('',#4105,#4106,#4107);
#4105 = CARTESIAN_POINT('',(-99.201,15.5,3.8));
#4106 = DIRECTION('',(0.,1.,0.));
#4107 = DIRECTION('',(1.,0.,0.));
#4108 = ADVANCED_FACE('',(#4109),#4128,.F.);
#4109 = FACE_BOUND('',#4110,.F.);
#4110 = EDGE_LOOP('',(#4111,#4119,#4126,#4127));
#4111 = ORIENTED_EDGE('',*,*,#4112,.T.);
#4112 = EDGE_CURVE('',#1397,#4113,#4115,.T.);
#4113 = VERTEX_POINT('',#4114);
#4114 = CARTESIAN_POINT('',(-88.401,10.6,4.6));
#4115 = LINE('',#4116,#4117);
#4116 = CARTESIAN_POINT('',(-88.401,10.6,3.8));
#4117 = VECTOR('',#4118,1.);
#4118 = DIRECTION('',(0.,0.,1.));
#4119 = ORIENTED_EDGE('',*,*,#4120,.F.);
#4120 = EDGE_CURVE('',#4066,#4113,#4121,.T.);
#4121 = CIRCLE('',#4122,2.9);
#4122 = AXIS2_PLACEMENT_3D('',#4123,#4124,#4125);
#4123 = CARTESIAN_POINT('',(-91.301,10.6,4.6));
#4124 = DIRECTION('',(-0.,0.,1.));
#4125 = DIRECTION('',(0.,-1.,0.));
#4126 = ORIENTED_EDGE('',*,*,#4073,.F.);
#4127 = ORIENTED_EDGE('',*,*,#1396,.F.);
#4128 = CYLINDRICAL_SURFACE('',#4129,2.9);
#4129 = AXIS2_PLACEMENT_3D('',#4130,#4131,#4132);
#4130 = CARTESIAN_POINT('',(-91.301,10.6,3.8));
#4131 = DIRECTION('',(0.,0.,-1.));
#4132 = DIRECTION('',(1.,0.,0.));
#4133 = ADVANCED_FACE('',(#4134),#4153,.F.);
#4134 = FACE_BOUND('',#4135,.F.);
#4135 = EDGE_LOOP('',(#4136,#4137,#4146,#4152));
#4136 = ORIENTED_EDGE('',*,*,#4097,.T.);
#4137 = ORIENTED_EDGE('',*,*,#4138,.F.);
#4138 = EDGE_CURVE('',#4139,#4090,#4141,.T.);
#4139 = VERTEX_POINT('',#4140);
#4140 = CARTESIAN_POINT('',(-88.401,12.6,4.6));
#4141 = CIRCLE('',#4142,2.9);
#4142 = AXIS2_PLACEMENT_3D('',#4143,#4144,#4145);
#4143 = CARTESIAN_POINT('',(-91.301,12.6,4.6));
#4144 = DIRECTION('',(0.,0.,1.));
#4145 = DIRECTION('',(1.,0.,0.));
#4146 = ORIENTED_EDGE('',*,*,#4147,.F.);
#4147 = EDGE_CURVE('',#1406,#4139,#4148,.T.);
#4148 = LINE('',#4149,#4150);
#4149 = CARTESIAN_POINT('',(-88.401,12.6,3.8));
#4150 = VECTOR('',#4151,1.);
#4151 = DIRECTION('',(0.,0.,1.));
#4152 = ORIENTED_EDGE('',*,*,#1413,.F.);
#4153 = CYLINDRICAL_SURFACE('',#4154,2.9);
#4154 = AXIS2_PLACEMENT_3D('',#4155,#4156,#4157);
#4155 = CARTESIAN_POINT('',(-91.301,12.6,3.8));
#4156 = DIRECTION('',(0.,0.,-1.));
#4157 = DIRECTION('',(1.,0.,0.));
#4158 = ADVANCED_FACE('',(#4159),#4170,.T.);
#4159 = FACE_BOUND('',#4160,.T.);
#4160 = EDGE_LOOP('',(#4161,#4167,#4168,#4169));
#4161 = ORIENTED_EDGE('',*,*,#4162,.T.);
#4162 = EDGE_CURVE('',#4113,#4139,#4163,.T.);
#4163 = LINE('',#4164,#4165);
#4164 = CARTESIAN_POINT('',(-88.401,11.6,4.6));
#4165 = VECTOR('',#4166,1.);
#4166 = DIRECTION('',(0.,1.,0.));
#4167 = ORIENTED_EDGE('',*,*,#4147,.F.);
#4168 = ORIENTED_EDGE('',*,*,#1405,.T.);
#4169 = ORIENTED_EDGE('',*,*,#4112,.T.);
#4170 = PLANE('',#4171);
#4171 = AXIS2_PLACEMENT_3D('',#4172,#4173,#4174);
#4172 = CARTESIAN_POINT('',(-88.401,11.6,4.2));
#4173 = DIRECTION('',(-1.,-0.,-0.));
#4174 = DIRECTION('',(0.,0.,-1.));
#4175 = ADVANCED_FACE('',(#4176),#4195,.T.);
#4176 = FACE_BOUND('',#4177,.T.);
#4177 = EDGE_LOOP('',(#4178,#4186,#4193,#4194));
#4178 = ORIENTED_EDGE('',*,*,#4179,.T.);
#4179 = EDGE_CURVE('',#1431,#4180,#4182,.T.);
#4180 = VERTEX_POINT('',#4181);
#4181 = CARTESIAN_POINT('',(-108.301,11.,2.3));
#4182 = LINE('',#4183,#4184);
#4183 = CARTESIAN_POINT('',(-108.301,11.,3.8));
#4184 = VECTOR('',#4185,1.);
#4185 = DIRECTION('',(-0.,-0.,-1.));
#4186 = ORIENTED_EDGE('',*,*,#4187,.T.);
#4187 = EDGE_CURVE('',#4180,#4180,#4188,.T.);
#4188 = CIRCLE('',#4189,4.);
#4189 = AXIS2_PLACEMENT_3D('',#4190,#4191,#4192);
#4190 = CARTESIAN_POINT('',(-104.301,11.,2.3));
#4191 = DIRECTION('',(0.,0.,1.));
#4192 = DIRECTION('',(-1.,0.,0.));
#4193 = ORIENTED_EDGE('',*,*,#4179,.F.);
#4194 = ORIENTED_EDGE('',*,*,#1430,.F.);
#4195 = CYLINDRICAL_SURFACE('',#4196,4.);
#4196 = AXIS2_PLACEMENT_3D('',#4197,#4198,#4199);
#4197 = CARTESIAN_POINT('',(-104.301,11.,3.8));
#4198 = DIRECTION('',(0.,0.,1.));
#4199 = DIRECTION('',(-1.,0.,0.));
#4200 = ADVANCED_FACE('',(#4201),#4226,.F.);
#4201 = FACE_BOUND('',#4202,.F.);
#4202 = EDGE_LOOP('',(#4203,#4213,#4219,#4220));
#4203 = ORIENTED_EDGE('',*,*,#4204,.T.);
#4204 = EDGE_CURVE('',#4205,#4207,#4209,.T.);
#4205 = VERTEX_POINT('',#4206);
#4206 = CARTESIAN_POINT('',(-112.501,21.,2.1));
#4207 = VERTEX_POINT('',#4208);
#4208 = CARTESIAN_POINT('',(-112.501,41.,2.1));
#4209 = LINE('',#4210,#4211);
#4210 = CARTESIAN_POINT('',(-112.501,21.,2.1));
#4211 = VECTOR('',#4212,1.);
#4212 = DIRECTION('',(0.,1.,0.));
#4213 = ORIENTED_EDGE('',*,*,#4214,.T.);
#4214 = EDGE_CURVE('',#4207,#1444,#4215,.T.);
#4215 = LINE('',#4216,#4217);
#4216 = CARTESIAN_POINT('',(-112.501,41.,2.1));
#4217 = VECTOR('',#4218,1.);
#4218 = DIRECTION('',(-0.543251278157,-3.7E-16,0.839570157152));
#4219 = ORIENTED_EDGE('',*,*,#1441,.F.);
#4220 = ORIENTED_EDGE('',*,*,#4221,.F.);
#4221 = EDGE_CURVE('',#4205,#1442,#4222,.T.);
#4222 = LINE('',#4223,#4224);
#4223 = CARTESIAN_POINT('',(-112.501,21.,2.1));
#4224 = VECTOR('',#4225,1.);
#4225 = DIRECTION('',(-0.543251278157,-3.7E-16,0.839570157152));
#4226 = PLANE('',#4227);
#4227 = AXIS2_PLACEMENT_3D('',#4228,#4229,#4230);
#4228 = CARTESIAN_POINT('',(-112.501,21.,2.1));
#4229 = DIRECTION('',(0.839570157152,0.,0.543251278157));
#4230 = DIRECTION('',(-0.543251278157,-1.9E-16,0.839570157152));
#4231 = ADVANCED_FACE('',(#4232),#4266,.T.);
#4232 = FACE_BOUND('',#4233,.F.);
#4233 = EDGE_LOOP('',(#4234,#4235,#4243,#4251,#4259,#4265));
#4234 = ORIENTED_EDGE('',*,*,#1451,.T.);
#4235 = ORIENTED_EDGE('',*,*,#4236,.T.);
#4236 = EDGE_CURVE('',#1452,#4237,#4239,.T.);
#4237 = VERTEX_POINT('',#4238);
#4238 = CARTESIAN_POINT('',(-111.501,21.,2.9));
#4239 = LINE('',#4240,#4241);
#4240 = CARTESIAN_POINT('',(-111.501,21.,3.8));
#4241 = VECTOR('',#4242,1.);
#4242 = DIRECTION('',(0.,4.4E-16,-1.));
#4243 = ORIENTED_EDGE('',*,*,#4244,.T.);
#4244 = EDGE_CURVE('',#4237,#4245,#4247,.T.);
#4245 = VERTEX_POINT('',#4246);
#4246 = CARTESIAN_POINT('',(-111.1010001307,21.,2.499999738564));
#4247 = LINE('',#4248,#4249);
#4248 = CARTESIAN_POINT('',(-111.501,21.,2.9));
#4249 = VECTOR('',#4250,1.);
#4250 = DIRECTION('',(0.707106434567,3.1E-16,-0.707107127806));
#4251 = ORIENTED_EDGE('',*,*,#4252,.T.);
#4252 = EDGE_CURVE('',#4245,#4253,#4255,.T.);
#4253 = VERTEX_POINT('',#4254);
#4254 = CARTESIAN_POINT('',(-111.501,21.,2.1));
#4255 = LINE('',#4256,#4257);
#4256 = CARTESIAN_POINT('',(-111.1010001307,21.,2.499999738564));
#4257 = VECTOR('',#4258,1.);
#4258 = DIRECTION('',(-0.707106896725,3.1E-16,-0.707106665648));
#4259 = ORIENTED_EDGE('',*,*,#4260,.T.);
#4260 = EDGE_CURVE('',#4253,#4205,#4261,.T.);
#4261 = LINE('',#4262,#4263);
#4262 = CARTESIAN_POINT('',(-111.501,21.,2.1));
#4263 = VECTOR('',#4264,1.);
#4264 = DIRECTION('',(-1.,0.,-0.));
#4265 = ORIENTED_EDGE('',*,*,#4221,.T.);
#4266 = PLANE('',#4267);
#4267 = AXIS2_PLACEMENT_3D('',#4268,#4269,#4270);
#4268 = CARTESIAN_POINT('',(-112.2859450699,21.,3.059818246075));
#4269 = DIRECTION('',(0.,-1.,0.));
#4270 = DIRECTION('',(0.,0.,1.));
#4271 = ADVANCED_FACE('',(#4272),#4306,.F.);
#4272 = FACE_BOUND('',#4273,.T.);
#4273 = EDGE_LOOP('',(#4274,#4275,#4283,#4291,#4299,#4305));
#4274 = ORIENTED_EDGE('',*,*,#1467,.T.);
#4275 = ORIENTED_EDGE('',*,*,#4276,.T.);
#4276 = EDGE_CURVE('',#1460,#4277,#4279,.T.);
#4277 = VERTEX_POINT('',#4278);
#4278 = CARTESIAN_POINT('',(-111.501,41.,2.9));
#4279 = LINE('',#4280,#4281);
#4280 = CARTESIAN_POINT('',(-111.501,41.,3.8));
#4281 = VECTOR('',#4282,1.);
#4282 = DIRECTION('',(0.,4.4E-16,-1.));
#4283 = ORIENTED_EDGE('',*,*,#4284,.T.);
#4284 = EDGE_CURVE('',#4277,#4285,#4287,.T.);
#4285 = VERTEX_POINT('',#4286);
#4286 = CARTESIAN_POINT('',(-111.1010001307,41.,2.499999738564));
#4287 = LINE('',#4288,#4289);
#4288 = CARTESIAN_POINT('',(-111.501,41.,2.9));
#4289 = VECTOR('',#4290,1.);
#4290 = DIRECTION('',(0.707106434567,3.1E-16,-0.707107127806));
#4291 = ORIENTED_EDGE('',*,*,#4292,.T.);
#4292 = EDGE_CURVE('',#4285,#4293,#4295,.T.);
#4293 = VERTEX_POINT('',#4294);
#4294 = CARTESIAN_POINT('',(-111.501,41.,2.1));
#4295 = LINE('',#4296,#4297);
#4296 = CARTESIAN_POINT('',(-111.1010001307,41.,2.499999738564));
#4297 = VECTOR('',#4298,1.);
#4298 = DIRECTION('',(-0.707106896725,3.1E-16,-0.707106665648));
#4299 = ORIENTED_EDGE('',*,*,#4300,.T.);
#4300 = EDGE_CURVE('',#4293,#4207,#4301,.T.);
#4301 = LINE('',#4302,#4303);
#4302 = CARTESIAN_POINT('',(-111.501,41.,2.1));
#4303 = VECTOR('',#4304,1.);
#4304 = DIRECTION('',(-1.,0.,-0.));
#4305 = ORIENTED_EDGE('',*,*,#4214,.T.);
#4306 = PLANE('',#4307);
#4307 = AXIS2_PLACEMENT_3D('',#4308,#4309,#4310);
#4308 = CARTESIAN_POINT('',(-112.2859450699,41.,3.059818246075));
#4309 = DIRECTION('',(0.,-1.,0.));
#4310 = DIRECTION('',(0.,0.,1.));
#4311 = ADVANCED_FACE('',(#4312),#4323,.F.);
#4312 = FACE_BOUND('',#4313,.F.);
#4313 = EDGE_LOOP('',(#4314,#4315,#4316,#4322));
#4314 = ORIENTED_EDGE('',*,*,#1459,.T.);
#4315 = ORIENTED_EDGE('',*,*,#4276,.T.);
#4316 = ORIENTED_EDGE('',*,*,#4317,.F.);
#4317 = EDGE_CURVE('',#4237,#4277,#4318,.T.);
#4318 = LINE('',#4319,#4320);
#4319 = CARTESIAN_POINT('',(-111.501,21.,2.9));
#4320 = VECTOR('',#4321,1.);
#4321 = DIRECTION('',(0.,1.,0.));
#4322 = ORIENTED_EDGE('',*,*,#4236,.F.);
#4323 = PLANE('',#4324);
#4324 = AXIS2_PLACEMENT_3D('',#4325,#4326,#4327);
#4325 = CARTESIAN_POINT('',(-111.501,21.,3.8));
#4326 = DIRECTION('',(-1.,-0.,-0.));
#4327 = DIRECTION('',(0.,2.2E-16,-1.));
#4328 = ADVANCED_FACE('',(#4329),#4370,.T.);
#4329 = FACE_BOUND('',#4330,.T.);
#4330 = EDGE_LOOP('',(#4331,#4332,#4340,#4348,#4356,#4364));
#4331 = ORIENTED_EDGE('',*,*,#1475,.T.);
#4332 = ORIENTED_EDGE('',*,*,#4333,.T.);
#4333 = EDGE_CURVE('',#1478,#4334,#4336,.T.);
#4334 = VERTEX_POINT('',#4335);
#4335 = CARTESIAN_POINT('',(-111.501,85.,2.9));
#4336 = LINE('',#4337,#4338);
#4337 = CARTESIAN_POINT('',(-111.501,85.,3.8));
#4338 = VECTOR('',#4339,1.);
#4339 = DIRECTION('',(-0.,0.,-1.));
#4340 = ORIENTED_EDGE('',*,*,#4341,.T.);
#4341 = EDGE_CURVE('',#4334,#4342,#4344,.T.);
#4342 = VERTEX_POINT('',#4343);
#4343 = CARTESIAN_POINT('',(-111.1010001307,85.,2.499999738564));
#4344 = LINE('',#4345,#4346);
#4345 = CARTESIAN_POINT('',(-111.501,85.,2.9));
#4346 = VECTOR('',#4347,1.);
#4347 = DIRECTION('',(0.707106434567,0.,-0.707107127806));
#4348 = ORIENTED_EDGE('',*,*,#4349,.T.);
#4349 = EDGE_CURVE('',#4342,#4350,#4352,.T.);
#4350 = VERTEX_POINT('',#4351);
#4351 = CARTESIAN_POINT('',(-111.501,85.,2.1));
#4352 = LINE('',#4353,#4354);
#4353 = CARTESIAN_POINT('',(-111.1010001307,85.,2.499999738564));
#4354 = VECTOR('',#4355,1.);
#4355 = DIRECTION('',(-0.707106896725,0.,-0.707106665648));
#4356 = ORIENTED_EDGE('',*,*,#4357,.T.);
#4357 = EDGE_CURVE('',#4350,#4358,#4360,.T.);
#4358 = VERTEX_POINT('',#4359);
#4359 = CARTESIAN_POINT('',(-112.501,85.,2.1));
#4360 = LINE('',#4361,#4362);
#4361 = CARTESIAN_POINT('',(-111.501,85.,2.1));
#4362 = VECTOR('',#4363,1.);
#4363 = DIRECTION('',(-1.,0.,-0.));
#4364 = ORIENTED_EDGE('',*,*,#4365,.T.);
#4365 = EDGE_CURVE('',#4358,#1476,#4366,.T.);
#4366 = LINE('',#4367,#4368);
#4367 = CARTESIAN_POINT('',(-112.501,85.,2.1));
#4368 = VECTOR('',#4369,1.);
#4369 = DIRECTION('',(-0.543251278157,0.,0.839570157152));
#4370 = PLANE('',#4371);
#4371 = AXIS2_PLACEMENT_3D('',#4372,#4373,#4374);
#4372 = CARTESIAN_POINT('',(-112.2859450699,85.,3.059818246075));
#4373 = DIRECTION('',(0.,1.,0.));
#4374 = DIRECTION('',(0.,0.,-1.));
#4375 = ADVANCED_FACE('',(#4376),#4394,.F.);
#4376 = FACE_BOUND('',#4377,.T.);
#4377 = EDGE_LOOP('',(#4378,#4386,#4392,#4393));
#4378 = ORIENTED_EDGE('',*,*,#4379,.T.);
#4379 = EDGE_CURVE('',#4358,#4380,#4382,.T.);
#4380 = VERTEX_POINT('',#4381);
#4381 = CARTESIAN_POINT('',(-112.501,65.,2.1));
#4382 = LINE('',#4383,#4384);
#4383 = CARTESIAN_POINT('',(-112.501,85.,2.1));
#4384 = VECTOR('',#4385,1.);
#4385 = DIRECTION('',(0.,-1.,2.2E-16));
#4386 = ORIENTED_EDGE('',*,*,#4387,.T.);
#4387 = EDGE_CURVE('',#4380,#1486,#4388,.T.);
#4388 = LINE('',#4389,#4390);
#4389 = CARTESIAN_POINT('',(-112.501,65.,2.1));
#4390 = VECTOR('',#4391,1.);
#4391 = DIRECTION('',(-0.543251278157,0.,0.839570157152));
#4392 = ORIENTED_EDGE('',*,*,#1485,.F.);
#4393 = ORIENTED_EDGE('',*,*,#4365,.F.);
#4394 = PLANE('',#4395);
#4395 = AXIS2_PLACEMENT_3D('',#4396,#4397,#4398);
#4396 = CARTESIAN_POINT('',(-112.501,85.,2.1));
#4397 = DIRECTION('',(0.839570157152,1.2E-16,0.543251278157));
#4398 = DIRECTION('',(0.543251278157,-1.9E-16,-0.839570157152));
#4399 = ADVANCED_FACE('',(#4400),#4418,.F.);
#4400 = FACE_BOUND('',#4401,.T.);
#4401 = EDGE_LOOP('',(#4402,#4403,#4411,#4417));
#4402 = ORIENTED_EDGE('',*,*,#1501,.T.);
#4403 = ORIENTED_EDGE('',*,*,#4404,.T.);
#4404 = EDGE_CURVE('',#1494,#4405,#4407,.T.);
#4405 = VERTEX_POINT('',#4406);
#4406 = CARTESIAN_POINT('',(-111.501,65.,2.9));
#4407 = LINE('',#4408,#4409);
#4408 = CARTESIAN_POINT('',(-111.501,65.,3.8));
#4409 = VECTOR('',#4410,1.);
#4410 = DIRECTION('',(-0.,0.,-1.));
#4411 = ORIENTED_EDGE('',*,*,#4412,.F.);
#4412 = EDGE_CURVE('',#4334,#4405,#4413,.T.);
#4413 = LINE('',#4414,#4415);
#4414 = CARTESIAN_POINT('',(-111.501,85.,2.9));
#4415 = VECTOR('',#4416,1.);
#4416 = DIRECTION('',(0.,-1.,2.2E-16));
#4417 = ORIENTED_EDGE('',*,*,#4333,.F.);
#4418 = PLANE('',#4419);
#4419 = AXIS2_PLACEMENT_3D('',#4420,#4421,#4422);
#4420 = CARTESIAN_POINT('',(-111.501,85.,3.8));
#4421 = DIRECTION('',(-1.,-0.,-0.));
#4422 = DIRECTION('',(0.,2.2E-16,1.));
#4423 = ADVANCED_FACE('',(#4424),#4451,.F.);
#4424 = FACE_BOUND('',#4425,.F.);
#4425 = EDGE_LOOP('',(#4426,#4427,#4428,#4436,#4444,#4450));
#4426 = ORIENTED_EDGE('',*,*,#1493,.T.);
#4427 = ORIENTED_EDGE('',*,*,#4404,.T.);
#4428 = ORIENTED_EDGE('',*,*,#4429,.T.);
#4429 = EDGE_CURVE('',#4405,#4430,#4432,.T.);
#4430 = VERTEX_POINT('',#4431);
#4431 = CARTESIAN_POINT('',(-111.1010001307,65.,2.499999738564));
#4432 = LINE('',#4433,#4434);
#4433 = CARTESIAN_POINT('',(-111.501,65.,2.9));
#4434 = VECTOR('',#4435,1.);
#4435 = DIRECTION('',(0.707106434567,0.,-0.707107127806));
#4436 = ORIENTED_EDGE('',*,*,#4437,.T.);
#4437 = EDGE_CURVE('',#4430,#4438,#4440,.T.);
#4438 = VERTEX_POINT('',#4439);
#4439 = CARTESIAN_POINT('',(-111.501,65.,2.1));
#4440 = LINE('',#4441,#4442);
#4441 = CARTESIAN_POINT('',(-111.1010001307,65.,2.499999738564));
#4442 = VECTOR('',#4443,1.);
#4443 = DIRECTION('',(-0.707106896725,0.,-0.707106665648));
#4444 = ORIENTED_EDGE('',*,*,#4445,.T.);
#4445 = EDGE_CURVE('',#4438,#4380,#4446,.T.);
#4446 = LINE('',#4447,#4448);
#4447 = CARTESIAN_POINT('',(-111.501,65.,2.1));
#4448 = VECTOR('',#4449,1.);
#4449 = DIRECTION('',(-1.,0.,-0.));
#4450 = ORIENTED_EDGE('',*,*,#4387,.T.);
#4451 = PLANE('',#4452);
#4452 = AXIS2_PLACEMENT_3D('',#4453,#4454,#4455);
#4453 = CARTESIAN_POINT('',(-112.2859450699,65.,3.059818246075));
#4454 = DIRECTION('',(0.,1.,0.));
#4455 = DIRECTION('',(0.,0.,-1.));
#4456 = ADVANCED_FACE('',(#4457),#4498,.T.);
#4457 = FACE_BOUND('',#4458,.T.);
#4458 = EDGE_LOOP('',(#4459,#4460,#4468,#4476,#4484,#4492));
#4459 = ORIENTED_EDGE('',*,*,#1509,.T.);
#4460 = ORIENTED_EDGE('',*,*,#4461,.T.);
#4461 = EDGE_CURVE('',#1512,#4462,#4464,.T.);
#4462 = VERTEX_POINT('',#4463);
#4463 = CARTESIAN_POINT('',(-111.501,129.,2.9));
#4464 = LINE('',#4465,#4466);
#4465 = CARTESIAN_POINT('',(-111.501,129.,3.8));
#4466 = VECTOR('',#4467,1.);
#4467 = DIRECTION('',(-0.,0.,-1.));
#4468 = ORIENTED_EDGE('',*,*,#4469,.T.);
#4469 = EDGE_CURVE('',#4462,#4470,#4472,.T.);
#4470 = VERTEX_POINT('',#4471);
#4471 = CARTESIAN_POINT('',(-111.1010001307,129.,2.499999738564));
#4472 = LINE('',#4473,#4474);
#4473 = CARTESIAN_POINT('',(-111.501,129.,2.9));
#4474 = VECTOR('',#4475,1.);
#4475 = DIRECTION('',(0.707106434567,0.,-0.707107127806));
#4476 = ORIENTED_EDGE('',*,*,#4477,.T.);
#4477 = EDGE_CURVE('',#4470,#4478,#4480,.T.);
#4478 = VERTEX_POINT('',#4479);
#4479 = CARTESIAN_POINT('',(-111.501,129.,2.1));
#4480 = LINE('',#4481,#4482);
#4481 = CARTESIAN_POINT('',(-111.1010001307,129.,2.499999738564));
#4482 = VECTOR('',#4483,1.);
#4483 = DIRECTION('',(-0.707106896725,0.,-0.707106665648));
#4484 = ORIENTED_EDGE('',*,*,#4485,.T.);
#4485 = EDGE_CURVE('',#4478,#4486,#4488,.T.);
#4486 = VERTEX_POINT('',#4487);
#4487 = CARTESIAN_POINT('',(-112.501,129.,2.1));
#4488 = LINE('',#4489,#4490);
#4489 = CARTESIAN_POINT('',(-111.501,129.,2.1));
#4490 = VECTOR('',#4491,1.);
#4491 = DIRECTION('',(-1.,0.,-0.));
#4492 = ORIENTED_EDGE('',*,*,#4493,.T.);
#4493 = EDGE_CURVE('',#4486,#1510,#4494,.T.);
#4494 = LINE('',#4495,#4496);
#4495 = CARTESIAN_POINT('',(-112.501,129.,2.1));
#4496 = VECTOR('',#4497,1.);
#4497 = DIRECTION('',(-0.543251278157,0.,0.839570157152));
#4498 = PLANE('',#4499);
#4499 = AXIS2_PLACEMENT_3D('',#4500,#4501,#4502);
#4500 = CARTESIAN_POINT('',(-112.2859450699,129.,3.059818246075));
#4501 = DIRECTION('',(0.,1.,0.));
#4502 = DIRECTION('',(0.,0.,-1.));
#4503 = ADVANCED_FACE('',(#4504),#4522,.F.);
#4504 = FACE_BOUND('',#4505,.T.);
#4505 = EDGE_LOOP('',(#4506,#4514,#4520,#4521));
#4506 = ORIENTED_EDGE('',*,*,#4507,.T.);
#4507 = EDGE_CURVE('',#4486,#4508,#4510,.T.);
#4508 = VERTEX_POINT('',#4509);
#4509 = CARTESIAN_POINT('',(-112.501,109.,2.1));
#4510 = LINE('',#4511,#4512);
#4511 = CARTESIAN_POINT('',(-112.501,129.,2.1));
#4512 = VECTOR('',#4513,1.);
#4513 = DIRECTION('',(0.,-1.,0.));
#4514 = ORIENTED_EDGE('',*,*,#4515,.T.);
#4515 = EDGE_CURVE('',#4508,#1520,#4516,.T.);
#4516 = LINE('',#4517,#4518);
#4517 = CARTESIAN_POINT('',(-112.501,109.,2.1));
#4518 = VECTOR('',#4519,1.);
#4519 = DIRECTION('',(-0.543251278157,0.,0.839570157152));
#4520 = ORIENTED_EDGE('',*,*,#1519,.F.);
#4521 = ORIENTED_EDGE('',*,*,#4493,.F.);
#4522 = PLANE('',#4523);
#4523 = AXIS2_PLACEMENT_3D('',#4524,#4525,#4526);
#4524 = CARTESIAN_POINT('',(-112.501,129.,2.1));
#4525 = DIRECTION('',(0.839570157152,0.,0.543251278157));
#4526 = DIRECTION('',(0.543251278157,-1.9E-16,-0.839570157152));
#4527 = ADVANCED_FACE('',(#4528),#4546,.F.);
#4528 = FACE_BOUND('',#4529,.T.);
#4529 = EDGE_LOOP('',(#4530,#4531,#4539,#4545));
#4530 = ORIENTED_EDGE('',*,*,#1535,.T.);
#4531 = ORIENTED_EDGE('',*,*,#4532,.T.);
#4532 = EDGE_CURVE('',#1528,#4533,#4535,.T.);
#4533 = VERTEX_POINT('',#4534);
#4534 = CARTESIAN_POINT('',(-111.501,109.,2.9));
#4535 = LINE('',#4536,#4537);
#4536 = CARTESIAN_POINT('',(-111.501,109.,3.8));
#4537 = VECTOR('',#4538,1.);
#4538 = DIRECTION('',(-0.,0.,-1.));
#4539 = ORIENTED_EDGE('',*,*,#4540,.F.);
#4540 = EDGE_CURVE('',#4462,#4533,#4541,.T.);
#4541 = LINE('',#4542,#4543);
#4542 = CARTESIAN_POINT('',(-111.501,129.,2.9));
#4543 = VECTOR('',#4544,1.);
#4544 = DIRECTION('',(0.,-1.,0.));
#4545 = ORIENTED_EDGE('',*,*,#4461,.F.);
#4546 = PLANE('',#4547);
#4547 = AXIS2_PLACEMENT_3D('',#4548,#4549,#4550);
#4548 = CARTESIAN_POINT('',(-111.501,129.,3.8));
#4549 = DIRECTION('',(-1.,-0.,-0.));
#4550 = DIRECTION('',(0.,2.2E-16,1.));
#4551 = ADVANCED_FACE('',(#4552),#4579,.F.);
#4552 = FACE_BOUND('',#4553,.F.);
#4553 = EDGE_LOOP('',(#4554,#4555,#4556,#4564,#4572,#4578));
#4554 = ORIENTED_EDGE('',*,*,#1527,.T.);
#4555 = ORIENTED_EDGE('',*,*,#4532,.T.);
#4556 = ORIENTED_EDGE('',*,*,#4557,.T.);
#4557 = EDGE_CURVE('',#4533,#4558,#4560,.T.);
#4558 = VERTEX_POINT('',#4559);
#4559 = CARTESIAN_POINT('',(-111.1010001307,109.,2.499999738564));
#4560 = LINE('',#4561,#4562);
#4561 = CARTESIAN_POINT('',(-111.501,109.,2.9));
#4562 = VECTOR('',#4563,1.);
#4563 = DIRECTION('',(0.707106434567,0.,-0.707107127806));
#4564 = ORIENTED_EDGE('',*,*,#4565,.T.);
#4565 = EDGE_CURVE('',#4558,#4566,#4568,.T.);
#4566 = VERTEX_POINT('',#4567);
#4567 = CARTESIAN_POINT('',(-111.501,109.,2.1));
#4568 = LINE('',#4569,#4570);
#4569 = CARTESIAN_POINT('',(-111.1010001307,109.,2.499999738564));
#4570 = VECTOR('',#4571,1.);
#4571 = DIRECTION('',(-0.707106896725,0.,-0.707106665648));
#4572 = ORIENTED_EDGE('',*,*,#4573,.T.);
#4573 = EDGE_CURVE('',#4566,#4508,#4574,.T.);
#4574 = LINE('',#4575,#4576);
#4575 = CARTESIAN_POINT('',(-111.501,109.,2.1));
#4576 = VECTOR('',#4577,1.);
#4577 = DIRECTION('',(-1.,0.,-0.));
#4578 = ORIENTED_EDGE('',*,*,#4515,.T.);
#4579 = PLANE('',#4580);
#4580 = AXIS2_PLACEMENT_3D('',#4581,#4582,#4583);
#4581 = CARTESIAN_POINT('',(-112.2859450699,109.,3.059818246075));
#4582 = DIRECTION('',(0.,1.,0.));
#4583 = DIRECTION('',(0.,0.,-1.));
#4584 = ADVANCED_FACE('',(#4585),#4604,.F.);
#4585 = FACE_BOUND('',#4586,.T.);
#4586 = EDGE_LOOP('',(#4587,#4588,#4596,#4602,#4603));
#4587 = ORIENTED_EDGE('',*,*,#2516,.F.);
#4588 = ORIENTED_EDGE('',*,*,#4589,.T.);
#4589 = EDGE_CURVE('',#2509,#4590,#4592,.T.);
#4590 = VERTEX_POINT('',#4591);
#4591 = CARTESIAN_POINT('',(-104.301,135.5,1.8));
#4592 = LINE('',#4593,#4594);
#4593 = CARTESIAN_POINT('',(-113.801,135.5,1.8));
#4594 = VECTOR('',#4595,1.);
#4595 = DIRECTION('',(1.,0.,0.));
#4596 = ORIENTED_EDGE('',*,*,#4597,.T.);
#4597 = EDGE_CURVE('',#4590,#1576,#4598,.T.);
#4598 = LINE('',#4599,#4600);
#4599 = CARTESIAN_POINT('',(-104.301,135.25,2.05));
#4600 = VECTOR('',#4601,1.);
#4601 = DIRECTION('',(0.,-0.707106781187,0.707106781187));
#4602 = ORIENTED_EDGE('',*,*,#1573,.F.);
#4603 = ORIENTED_EDGE('',*,*,#2619,.F.);
#4604 = PLANE('',#4605);
#4605 = AXIS2_PLACEMENT_3D('',#4606,#4607,#4608);
#4606 = CARTESIAN_POINT('',(-113.801,135.25,2.05));
#4607 = DIRECTION('',(0.,0.707106781187,0.707106781187));
#4608 = DIRECTION('',(-1.,0.,0.));
#4609 = ADVANCED_FACE('',(#4610),#4629,.T.);
#4610 = FACE_BOUND('',#4611,.T.);
#4611 = EDGE_LOOP('',(#4612,#4613,#4622,#4628));
#4612 = ORIENTED_EDGE('',*,*,#1599,.F.);
#4613 = ORIENTED_EDGE('',*,*,#4614,.T.);
#4614 = EDGE_CURVE('',#1576,#4615,#4617,.T.);
#4615 = VERTEX_POINT('',#4616);
#4616 = CARTESIAN_POINT('',(-100.301,139.00002174202,2.3));
#4617 = CIRCLE('',#4618,4.);
#4618 = AXIS2_PLACEMENT_3D('',#4619,#4620,#4621);
#4619 = CARTESIAN_POINT('',(-104.301,139.,2.3));
#4620 = DIRECTION('',(-0.,0.,1.));
#4621 = DIRECTION('',(0.,-1.,0.));
#4622 = ORIENTED_EDGE('',*,*,#4623,.F.);
#4623 = EDGE_CURVE('',#1679,#4615,#4624,.T.);
#4624 = LINE('',#4625,#4626);
#4625 = CARTESIAN_POINT('',(-100.301,139.00002174202,3.8));
#4626 = VECTOR('',#4627,1.);
#4627 = DIRECTION('',(-0.,-0.,-1.));
#4628 = ORIENTED_EDGE('',*,*,#1678,.F.);
#4629 = CYLINDRICAL_SURFACE('',#4630,4.);
#4630 = AXIS2_PLACEMENT_3D('',#4631,#4632,#4633);
#4631 = CARTESIAN_POINT('',(-104.301,139.,3.8));
#4632 = DIRECTION('',(0.,0.,1.));
#4633 = DIRECTION('',(-1.,0.,0.));
#4634 = ADVANCED_FACE('',(#4635),#4643,.T.);
#4635 = FACE_BOUND('',#4636,.T.);
#4636 = EDGE_LOOP('',(#4637,#4638,#4639,#4640,#4641,#4642));
#4637 = ORIENTED_EDGE('',*,*,#1784,.F.);
#4638 = ORIENTED_EDGE('',*,*,#2304,.T.);
#4639 = ORIENTED_EDGE('',*,*,#2566,.T.);
#4640 = ORIENTED_EDGE('',*,*,#1630,.F.);
#4641 = ORIENTED_EDGE('',*,*,#1622,.T.);
#4642 = ORIENTED_EDGE('',*,*,#1738,.T.);
#4643 = PLANE('',#4644);
#4644 = AXIS2_PLACEMENT_3D('',#4645,#4646,#4647);
#4645 = CARTESIAN_POINT('',(-113.6282115249,137.72145071425,4.75));
#4646 = DIRECTION('',(-0.984807683276,-0.173648573161,-0.));
#4647 = DIRECTION('',(0.173648573161,-0.984807683276,0.));
#4648 = ADVANCED_FACE('',(#4649),#4655,.T.);
#4649 = FACE_BOUND('',#4650,.T.);
#4650 = EDGE_LOOP('',(#4651,#4652,#4653,#4654));
#4651 = ORIENTED_EDGE('',*,*,#2290,.F.);
#4652 = ORIENTED_EDGE('',*,*,#3100,.T.);
#4653 = ORIENTED_EDGE('',*,*,#1655,.T.);
#4654 = ORIENTED_EDGE('',*,*,#2584,.F.);
#4655 = PLANE('',#4656);
#4656 = AXIS2_PLACEMENT_3D('',#4657,#4658,#4659);
#4657 = CARTESIAN_POINT('',(-113.6282115249,126.77854928574,4.75));
#4658 = DIRECTION('',(-0.984807683276,0.173648573161,0.));
#4659 = DIRECTION('',(-0.173648573161,-0.984807683276,0.));
#4660 = ADVANCED_FACE('',(#4661),#4688,.T.);
#4661 = FACE_BOUND('',#4662,.F.);
#4662 = EDGE_LOOP('',(#4663,#4671,#4679,#4685,#4686,#4687));
#4663 = ORIENTED_EDGE('',*,*,#4664,.T.);
#4664 = EDGE_CURVE('',#1868,#4665,#4667,.T.);
#4665 = VERTEX_POINT('',#4666);
#4666 = CARTESIAN_POINT('',(-100.301,147.5,3.8));
#4667 = LINE('',#4668,#4669);
#4668 = CARTESIAN_POINT('',(-100.301,139.00002174202,3.8));
#4669 = VECTOR('',#4670,1.);
#4670 = DIRECTION('',(-0.,1.,0.));
#4671 = ORIENTED_EDGE('',*,*,#4672,.T.);
#4672 = EDGE_CURVE('',#4665,#4673,#4675,.T.);
#4673 = VERTEX_POINT('',#4674);
#4674 = CARTESIAN_POINT('',(-100.301,147.5,2.3));
#4675 = LINE('',#4676,#4677);
#4676 = CARTESIAN_POINT('',(-100.301,147.5,3.8));
#4677 = VECTOR('',#4678,1.);
#4678 = DIRECTION('',(-0.,-0.,-1.));
#4679 = ORIENTED_EDGE('',*,*,#4680,.F.);
#4680 = EDGE_CURVE('',#4615,#4673,#4681,.T.);
#4681 = LINE('',#4682,#4683);
#4682 = CARTESIAN_POINT('',(-100.301,139.00002174202,2.3));
#4683 = VECTOR('',#4684,1.);
#4684 = DIRECTION('',(0.,1.,0.));
#4685 = ORIENTED_EDGE('',*,*,#4623,.F.);
#4686 = ORIENTED_EDGE('',*,*,#1722,.T.);
#4687 = ORIENTED_EDGE('',*,*,#1867,.F.);
#4688 = PLANE('',#4689);
#4689 = AXIS2_PLACEMENT_3D('',#4690,#4691,#4692);
#4690 = CARTESIAN_POINT('',(-100.301,143.64530982174,3.295298950734));
#4691 = DIRECTION('',(1.,0.,0.));
#4692 = DIRECTION('',(0.,0.,1.));
#4693 = ADVANCED_FACE('',(#4694),#4705,.T.);
#4694 = FACE_BOUND('',#4695,.F.);
#4695 = EDGE_LOOP('',(#4696,#4697,#4698,#4699));
#4696 = ORIENTED_EDGE('',*,*,#1834,.F.);
#4697 = ORIENTED_EDGE('',*,*,#1860,.T.);
#4698 = ORIENTED_EDGE('',*,*,#1706,.T.);
#4699 = ORIENTED_EDGE('',*,*,#4700,.F.);
#4700 = EDGE_CURVE('',#1835,#1698,#4701,.T.);
#4701 = LINE('',#4702,#4703);
#4702 = CARTESIAN_POINT('',(-102.901,139.,3.8));
#4703 = VECTOR('',#4704,1.);
#4704 = DIRECTION('',(0.,0.,1.));
#4705 = PLANE('',#4706);
#4706 = AXIS2_PLACEMENT_3D('',#4707,#4708,#4709);
#4707 = CARTESIAN_POINT('',(-102.901,142.,4.05));
#4708 = DIRECTION('',(-1.,-0.,-0.));
#4709 = DIRECTION('',(0.,0.,-1.));
#4710 = ADVANCED_FACE('',(#4711),#4717,.F.);
#4711 = FACE_BOUND('',#4712,.F.);
#4712 = EDGE_LOOP('',(#4713,#4714,#4715,#4716));
#4713 = ORIENTED_EDGE('',*,*,#1697,.F.);
#4714 = ORIENTED_EDGE('',*,*,#1770,.T.);
#4715 = ORIENTED_EDGE('',*,*,#1842,.F.);
#4716 = ORIENTED_EDGE('',*,*,#4700,.T.);
#4717 = CYLINDRICAL_SURFACE('',#4718,1.4);
#4718 = AXIS2_PLACEMENT_3D('',#4719,#4720,#4721);
#4719 = CARTESIAN_POINT('',(-104.301,139.,3.8));
#4720 = DIRECTION('',(0.,0.,1.));
#4721 = DIRECTION('',(-1.,0.,0.));
#4722 = ADVANCED_FACE('',(#4723),#4748,.F.);
#4723 = FACE_BOUND('',#4724,.F.);
#4724 = EDGE_LOOP('',(#4725,#4733,#4741,#4747));
#4725 = ORIENTED_EDGE('',*,*,#4726,.F.);
#4726 = EDGE_CURVE('',#4727,#1804,#4729,.T.);
#4727 = VERTEX_POINT('',#4728);
#4728 = CARTESIAN_POINT('',(-113.701,137.2,6.8));
#4729 = LINE('',#4730,#4731);
#4730 = CARTESIAN_POINT('',(-113.5676666666,137.06666666666,
    6.666666666667));
#4731 = VECTOR('',#4732,1.);
#4732 = DIRECTION('',(0.57735026919,-0.57735026919,-0.57735026919));
#4733 = ORIENTED_EDGE('',*,*,#4734,.T.);
#4734 = EDGE_CURVE('',#4727,#4735,#4737,.T.);
#4735 = VERTEX_POINT('',#4736);
#4736 = CARTESIAN_POINT('',(-110.401,137.2,6.8));
#4737 = LINE('',#4738,#4739);
#4738 = CARTESIAN_POINT('',(-113.501,137.2,6.8));
#4739 = VECTOR('',#4740,1.);
#4740 = DIRECTION('',(1.,0.,0.));
#4741 = ORIENTED_EDGE('',*,*,#4742,.T.);
#4742 = EDGE_CURVE('',#4735,#1796,#4743,.T.);
#4743 = LINE('',#4744,#4745);
#4744 = CARTESIAN_POINT('',(-111.0176666666,136.58333333333,
    6.183333333333));
#4745 = VECTOR('',#4746,1.);
#4746 = DIRECTION('',(-0.57735026919,-0.57735026919,-0.57735026919));
#4747 = ORIENTED_EDGE('',*,*,#1803,.F.);
#4748 = PLANE('',#4749);
#4749 = AXIS2_PLACEMENT_3D('',#4750,#4751,#4752);
#4750 = CARTESIAN_POINT('',(-113.501,137.1,6.7));
#4751 = DIRECTION('',(0.,0.707106781187,-0.707106781187));
#4752 = DIRECTION('',(1.,0.,0.));
#4753 = ADVANCED_FACE('',(#4754,#4790,#4824,#4858),#4892,.F.);
#4754 = FACE_BOUND('',#4755,.T.);
#4755 = EDGE_LOOP('',(#4756,#4757,#4766,#4774,#4783,#4789));
#4756 = ORIENTED_EDGE('',*,*,#4664,.T.);
#4757 = ORIENTED_EDGE('',*,*,#4758,.F.);
#4758 = EDGE_CURVE('',#4759,#4665,#4761,.T.);
#4759 = VERTEX_POINT('',#4760);
#4760 = CARTESIAN_POINT('',(-101.301,148.5,3.8));
#4761 = CIRCLE('',#4762,1.);
#4762 = AXIS2_PLACEMENT_3D('',#4763,#4764,#4765);
#4763 = CARTESIAN_POINT('',(-101.301,147.5,3.8));
#4764 = DIRECTION('',(0.,0.,-1.));
#4765 = DIRECTION('',(0.,1.,0.));
#4766 = ORIENTED_EDGE('',*,*,#4767,.F.);
#4767 = EDGE_CURVE('',#4768,#4759,#4770,.T.);
#4768 = VERTEX_POINT('',#4769);
#4769 = CARTESIAN_POINT('',(-20.001,148.5,3.8));
#4770 = LINE('',#4771,#4772);
#4771 = CARTESIAN_POINT('',(-67.94240334391,148.5,3.8));
#4772 = VECTOR('',#4773,1.);
#4773 = DIRECTION('',(-1.,-0.,-0.));
#4774 = ORIENTED_EDGE('',*,*,#4775,.T.);
#4775 = EDGE_CURVE('',#4768,#4776,#4778,.T.);
#4776 = VERTEX_POINT('',#4777);
#4777 = CARTESIAN_POINT('',(-21.001,147.5,3.8));
#4778 = CIRCLE('',#4779,1.);
#4779 = AXIS2_PLACEMENT_3D('',#4780,#4781,#4782);
#4780 = CARTESIAN_POINT('',(-20.001,147.5,3.8));
#4781 = DIRECTION('',(0.,-0.,1.));
#4782 = DIRECTION('',(0.,1.,0.));
#4783 = ORIENTED_EDGE('',*,*,#4784,.T.);
#4784 = EDGE_CURVE('',#4776,#1876,#4785,.T.);
#4785 = LINE('',#4786,#4787);
#4786 = CARTESIAN_POINT('',(-21.001,148.5,3.8));
#4787 = VECTOR('',#4788,1.);
#4788 = DIRECTION('',(0.,-1.,0.));
#4789 = ORIENTED_EDGE('',*,*,#1875,.T.);
#4790 = FACE_BOUND('',#4791,.T.);
#4791 = EDGE_LOOP('',(#4792,#4802,#4810,#4818));
#4792 = ORIENTED_EDGE('',*,*,#4793,.F.);
#4793 = EDGE_CURVE('',#4794,#4796,#4798,.T.);
#4794 = VERTEX_POINT('',#4795);
#4795 = CARTESIAN_POINT('',(-28.301,148.3,3.8));
#4796 = VERTEX_POINT('',#4797);
#4797 = CARTESIAN_POINT('',(-28.301,146.2,3.8));
#4798 = LINE('',#4799,#4800);
#4799 = CARTESIAN_POINT('',(-28.301,148.3,3.8));
#4800 = VECTOR('',#4801,1.);
#4801 = DIRECTION('',(0.,-1.,0.));
#4802 = ORIENTED_EDGE('',*,*,#4803,.T.);
#4803 = EDGE_CURVE('',#4794,#4804,#4806,.T.);
#4804 = VERTEX_POINT('',#4805);
#4805 = CARTESIAN_POINT('',(-43.301,148.3,3.8));
#4806 = LINE('',#4807,#4808);
#4807 = CARTESIAN_POINT('',(-28.301,148.3,3.8));
#4808 = VECTOR('',#4809,1.);
#4809 = DIRECTION('',(-1.,-0.,-0.));
#4810 = ORIENTED_EDGE('',*,*,#4811,.T.);
#4811 = EDGE_CURVE('',#4804,#4812,#4814,.T.);
#4812 = VERTEX_POINT('',#4813);
#4813 = CARTESIAN_POINT('',(-43.301,146.2,3.8));
#4814 = LINE('',#4815,#4816);
#4815 = CARTESIAN_POINT('',(-43.301,148.3,3.8));
#4816 = VECTOR('',#4817,1.);
#4817 = DIRECTION('',(0.,-1.,0.));
#4818 = ORIENTED_EDGE('',*,*,#4819,.F.);
#4819 = EDGE_CURVE('',#4796,#4812,#4820,.T.);
#4820 = LINE('',#4821,#4822);
#4821 = CARTESIAN_POINT('',(-28.301,146.2,3.8));
#4822 = VECTOR('',#4823,1.);
#4823 = DIRECTION('',(-1.,-0.,-0.));
#4824 = FACE_BOUND('',#4825,.T.);
#4825 = EDGE_LOOP('',(#4826,#4836,#4844,#4852));
#4826 = ORIENTED_EDGE('',*,*,#4827,.F.);
#4827 = EDGE_CURVE('',#4828,#4830,#4832,.T.);
#4828 = VERTEX_POINT('',#4829);
#4829 = CARTESIAN_POINT('',(-70.301,148.3,3.8));
#4830 = VERTEX_POINT('',#4831);
#4831 = CARTESIAN_POINT('',(-55.301,148.3,3.8));
#4832 = LINE('',#4833,#4834);
#4833 = CARTESIAN_POINT('',(-70.301,148.3,3.8));
#4834 = VECTOR('',#4835,1.);
#4835 = DIRECTION('',(1.,0.,0.));
#4836 = ORIENTED_EDGE('',*,*,#4837,.T.);
#4837 = EDGE_CURVE('',#4828,#4838,#4840,.T.);
#4838 = VERTEX_POINT('',#4839);
#4839 = CARTESIAN_POINT('',(-70.301,146.2,3.8));
#4840 = LINE('',#4841,#4842);
#4841 = CARTESIAN_POINT('',(-70.301,148.3,3.8));
#4842 = VECTOR('',#4843,1.);
#4843 = DIRECTION('',(0.,-1.,0.));
#4844 = ORIENTED_EDGE('',*,*,#4845,.T.);
#4845 = EDGE_CURVE('',#4838,#4846,#4848,.T.);
#4846 = VERTEX_POINT('',#4847);
#4847 = CARTESIAN_POINT('',(-55.301,146.2,3.8));
#4848 = LINE('',#4849,#4850);
#4849 = CARTESIAN_POINT('',(-70.301,146.2,3.8));
#4850 = VECTOR('',#4851,1.);
#4851 = DIRECTION('',(1.,0.,0.));
#4852 = ORIENTED_EDGE('',*,*,#4853,.F.);
#4853 = EDGE_CURVE('',#4830,#4846,#4854,.T.);
#4854 = LINE('',#4855,#4856);
#4855 = CARTESIAN_POINT('',(-55.301,148.3,3.8));
#4856 = VECTOR('',#4857,1.);
#4857 = DIRECTION('',(0.,-1.,0.));
#4858 = FACE_BOUND('',#4859,.T.);
#4859 = EDGE_LOOP('',(#4860,#4870,#4878,#4886));
#4860 = ORIENTED_EDGE('',*,*,#4861,.F.);
#4861 = EDGE_CURVE('',#4862,#4864,#4866,.T.);
#4862 = VERTEX_POINT('',#4863);
#4863 = CARTESIAN_POINT('',(-97.301,148.3,3.8));
#4864 = VERTEX_POINT('',#4865);
#4865 = CARTESIAN_POINT('',(-82.301,148.3,3.8));
#4866 = LINE('',#4867,#4868);
#4867 = CARTESIAN_POINT('',(-97.301,148.3,3.8));
#4868 = VECTOR('',#4869,1.);
#4869 = DIRECTION('',(1.,0.,0.));
#4870 = ORIENTED_EDGE('',*,*,#4871,.T.);
#4871 = EDGE_CURVE('',#4862,#4872,#4874,.T.);
#4872 = VERTEX_POINT('',#4873);
#4873 = CARTESIAN_POINT('',(-97.301,146.2,3.8));
#4874 = LINE('',#4875,#4876);
#4875 = CARTESIAN_POINT('',(-97.301,148.3,3.8));
#4876 = VECTOR('',#4877,1.);
#4877 = DIRECTION('',(0.,-1.,0.));
#4878 = ORIENTED_EDGE('',*,*,#4879,.T.);
#4879 = EDGE_CURVE('',#4872,#4880,#4882,.T.);
#4880 = VERTEX_POINT('',#4881);
#4881 = CARTESIAN_POINT('',(-82.301,146.2,3.8));
#4882 = LINE('',#4883,#4884);
#4883 = CARTESIAN_POINT('',(-97.301,146.2,3.8));
#4884 = VECTOR('',#4885,1.);
#4885 = DIRECTION('',(1.,0.,0.));
#4886 = ORIENTED_EDGE('',*,*,#4887,.F.);
#4887 = EDGE_CURVE('',#4864,#4880,#4888,.T.);
#4888 = LINE('',#4889,#4890);
#4889 = CARTESIAN_POINT('',(-82.301,148.3,3.8));
#4890 = VECTOR('',#4891,1.);
#4891 = DIRECTION('',(0.,-1.,0.));
#4892 = PLANE('',#4893);
#4893 = AXIS2_PLACEMENT_3D('',#4894,#4895,#4896);
#4894 = CARTESIAN_POINT('',(-78.81892902904,77.026894926472,3.8));
#4895 = DIRECTION('',(0.,0.,1.));
#4896 = DIRECTION('',(1.,0.,0.));
#4897 = ADVANCED_FACE('',(#4898),#4932,.T.);
#4898 = FACE_BOUND('',#4899,.F.);
#4899 = EDGE_LOOP('',(#4900,#4901,#4902,#4910,#4918,#4926));
#4900 = ORIENTED_EDGE('',*,*,#4784,.T.);
#4901 = ORIENTED_EDGE('',*,*,#1883,.T.);
#4902 = ORIENTED_EDGE('',*,*,#4903,.T.);
#4903 = EDGE_CURVE('',#1884,#4904,#4906,.T.);
#4904 = VERTEX_POINT('',#4905);
#4905 = CARTESIAN_POINT('',(-21.001,129.869,4.5));
#4906 = LINE('',#4907,#4908);
#4907 = CARTESIAN_POINT('',(-21.001,148.5,4.5));
#4908 = VECTOR('',#4909,1.);
#4909 = DIRECTION('',(0.,-1.,0.));
#4910 = ORIENTED_EDGE('',*,*,#4911,.F.);
#4911 = EDGE_CURVE('',#4912,#4904,#4914,.T.);
#4912 = VERTEX_POINT('',#4913);
#4913 = CARTESIAN_POINT('',(-21.001,129.869,2.3));
#4914 = LINE('',#4915,#4916);
#4915 = CARTESIAN_POINT('',(-21.001,129.869,3.8));
#4916 = VECTOR('',#4917,1.);
#4917 = DIRECTION('',(0.,0.,1.));
#4918 = ORIENTED_EDGE('',*,*,#4919,.F.);
#4919 = EDGE_CURVE('',#4920,#4912,#4922,.T.);
#4920 = VERTEX_POINT('',#4921);
#4921 = CARTESIAN_POINT('',(-21.001,147.5,2.3));
#4922 = LINE('',#4923,#4924);
#4923 = CARTESIAN_POINT('',(-21.001,148.5,2.3));
#4924 = VECTOR('',#4925,1.);
#4925 = DIRECTION('',(-0.,-1.,-0.));
#4926 = ORIENTED_EDGE('',*,*,#4927,.F.);
#4927 = EDGE_CURVE('',#4776,#4920,#4928,.T.);
#4928 = LINE('',#4929,#4930);
#4929 = CARTESIAN_POINT('',(-21.001,147.5,3.8));
#4930 = VECTOR('',#4931,1.);
#4931 = DIRECTION('',(-0.,-0.,-1.));
#4932 = PLANE('',#4933);
#4933 = AXIS2_PLACEMENT_3D('',#4934,#4935,#4936);
#4934 = CARTESIAN_POINT('',(-21.001,139.12569341366,3.341193413662));
#4935 = DIRECTION('',(-1.,0.,1.61E-15));
#4936 = DIRECTION('',(-1.61E-15,-0.,-1.));
#4937 = ADVANCED_FACE('',(#4938),#4972,.T.);
#4938 = FACE_BOUND('',#4939,.F.);
#4939 = EDGE_LOOP('',(#4940,#4941,#4942,#4950,#4956,#4957,#4965));
#4940 = ORIENTED_EDGE('',*,*,#4903,.F.);
#4941 = ORIENTED_EDGE('',*,*,#1891,.F.);
#4942 = ORIENTED_EDGE('',*,*,#4943,.T.);
#4943 = EDGE_CURVE('',#1892,#4944,#4946,.T.);
#4944 = VERTEX_POINT('',#4945);
#4945 = CARTESIAN_POINT('',(-19.501,131.72214272408,4.5));
#4946 = LINE('',#4947,#4948);
#4947 = CARTESIAN_POINT('',(-19.501,145.,4.5));
#4948 = VECTOR('',#4949,1.);
#4949 = DIRECTION('',(-0.,-1.,-0.));
#4950 = ORIENTED_EDGE('',*,*,#4951,.T.);
#4951 = EDGE_CURVE('',#4944,#1916,#4952,.T.);
#4952 = LINE('',#4953,#4954);
#4953 = CARTESIAN_POINT('',(-19.501,131.72214272408,4.5));
#4954 = VECTOR('',#4955,1.);
#4955 = DIRECTION('',(0.503005790312,0.864283040973,0.));
#4956 = ORIENTED_EDGE('',*,*,#1923,.F.);
#4957 = ORIENTED_EDGE('',*,*,#4958,.T.);
#4958 = EDGE_CURVE('',#1924,#4959,#4961,.T.);
#4959 = VERTEX_POINT('',#4960);
#4960 = CARTESIAN_POINT('',(-19.13671695902,129.36599420968,4.5));
#4961 = LINE('',#4962,#4963);
#4962 = CARTESIAN_POINT('',(-9.684,145.608,4.5));
#4963 = VECTOR('',#4964,1.);
#4964 = DIRECTION('',(-0.503005790312,-0.864283040973,0.));
#4965 = ORIENTED_EDGE('',*,*,#4966,.F.);
#4966 = EDGE_CURVE('',#4904,#4959,#4967,.T.);
#4967 = CIRCLE('',#4968,1.);
#4968 = AXIS2_PLACEMENT_3D('',#4969,#4970,#4971);
#4969 = CARTESIAN_POINT('',(-20.001,129.869,4.5));
#4970 = DIRECTION('',(0.,0.,1.));
#4971 = DIRECTION('',(-1.,0.,0.));
#4972 = PLANE('',#4973);
#4973 = AXIS2_PLACEMENT_3D('',#4974,#4975,#4976);
#4974 = CARTESIAN_POINT('',(-59.67962026661,98.528687041931,4.5));
#4975 = DIRECTION('',(0.,0.,1.));
#4976 = DIRECTION('',(1.,0.,0.));
#4977 = ADVANCED_FACE('',(#4978),#4996,.T.);
#4978 = FACE_BOUND('',#4979,.F.);
#4979 = EDGE_LOOP('',(#4980,#4981,#4982,#4990));
#4980 = ORIENTED_EDGE('',*,*,#4943,.F.);
#4981 = ORIENTED_EDGE('',*,*,#1899,.T.);
#4982 = ORIENTED_EDGE('',*,*,#4983,.T.);
#4983 = EDGE_CURVE('',#1900,#4984,#4986,.T.);
#4984 = VERTEX_POINT('',#4985);
#4985 = CARTESIAN_POINT('',(-19.501,131.72214272408,4.2));
#4986 = LINE('',#4987,#4988);
#4987 = CARTESIAN_POINT('',(-19.501,145.,4.2));
#4988 = VECTOR('',#4989,1.);
#4989 = DIRECTION('',(-0.,-1.,-0.));
#4990 = ORIENTED_EDGE('',*,*,#4991,.F.);
#4991 = EDGE_CURVE('',#4944,#4984,#4992,.T.);
#4992 = LINE('',#4993,#4994);
#4993 = CARTESIAN_POINT('',(-19.501,131.72214272408,3.8));
#4994 = VECTOR('',#4995,1.);
#4995 = DIRECTION('',(0.,0.,-1.));
#4996 = PLANE('',#4997);
#4997 = AXIS2_PLACEMENT_3D('',#4998,#4999,#5000);
#4998 = CARTESIAN_POINT('',(-19.501,138.36107136204,4.05));
#4999 = DIRECTION('',(1.,0.,0.));
#5000 = DIRECTION('',(0.,0.,1.));
#5001 = ADVANCED_FACE('',(#5002),#5012,.T.);
#5002 = FACE_BOUND('',#5003,.F.);
#5003 = EDGE_LOOP('',(#5004,#5005,#5006));
#5004 = ORIENTED_EDGE('',*,*,#4983,.F.);
#5005 = ORIENTED_EDGE('',*,*,#1907,.F.);
#5006 = ORIENTED_EDGE('',*,*,#5007,.F.);
#5007 = EDGE_CURVE('',#4984,#1908,#5008,.T.);
#5008 = LINE('',#5009,#5010);
#5009 = CARTESIAN_POINT('',(-19.501,131.72214272408,4.2));
#5010 = VECTOR('',#5011,1.);
#5011 = DIRECTION('',(0.503005790312,0.864283040973,0.));
#5012 = PLANE('',#5013);
#5013 = AXIS2_PLACEMENT_3D('',#5014,#5015,#5016);
#5014 = CARTESIAN_POINT('',(-17.0478483406,139.77172286439,4.2));
#5015 = DIRECTION('',(0.,0.,1.));
#5016 = DIRECTION('',(1.,0.,0.));
#5017 = ADVANCED_FACE('',(#5018),#5024,.T.);
#5018 = FACE_BOUND('',#5019,.F.);
#5019 = EDGE_LOOP('',(#5020,#5021,#5022,#5023));
#5020 = ORIENTED_EDGE('',*,*,#4951,.F.);
#5021 = ORIENTED_EDGE('',*,*,#4991,.T.);
#5022 = ORIENTED_EDGE('',*,*,#5007,.T.);
#5023 = ORIENTED_EDGE('',*,*,#1915,.T.);
#5024 = PLANE('',#5025);
#5025 = AXIS2_PLACEMENT_3D('',#5026,#5027,#5028);
#5026 = CARTESIAN_POINT('',(-15.63719683824,138.36107136204,4.05));
#5027 = DIRECTION('',(-0.864283040973,0.503005790312,-1.4E-16));
#5028 = DIRECTION('',(-0.503005790312,-0.864283040973,
    -1.232595164408E-32));
#5029 = ADVANCED_FACE('',(#5030),#5055,.T.);
#5030 = FACE_BOUND('',#5031,.F.);
#5031 = EDGE_LOOP('',(#5032,#5033,#5041,#5047,#5048,#5049));
#5032 = ORIENTED_EDGE('',*,*,#2161,.T.);
#5033 = ORIENTED_EDGE('',*,*,#5034,.F.);
#5034 = EDGE_CURVE('',#5035,#2162,#5037,.T.);
#5035 = VERTEX_POINT('',#5036);
#5036 = CARTESIAN_POINT('',(-19.13671695902,129.36599420968,2.3));
#5037 = LINE('',#5038,#5039);
#5038 = CARTESIAN_POINT('',(-19.13671695902,129.36599420968,2.3));
#5039 = VECTOR('',#5040,1.);
#5040 = DIRECTION('',(0.503005790312,0.864283040973,0.));
#5041 = ORIENTED_EDGE('',*,*,#5042,.F.);
#5042 = EDGE_CURVE('',#4959,#5035,#5043,.T.);
#5043 = LINE('',#5044,#5045);
#5044 = CARTESIAN_POINT('',(-19.13671695902,129.36599420968,3.8));
#5045 = VECTOR('',#5046,1.);
#5046 = DIRECTION('',(-0.,-0.,-1.));
#5047 = ORIENTED_EDGE('',*,*,#4958,.F.);
#5048 = ORIENTED_EDGE('',*,*,#1931,.F.);
#5049 = ORIENTED_EDGE('',*,*,#5050,.F.);
#5050 = EDGE_CURVE('',#2154,#1932,#5051,.T.);
#5051 = LINE('',#5052,#5053);
#5052 = CARTESIAN_POINT('',(-9.684,145.608,3.8));
#5053 = VECTOR('',#5054,1.);
#5054 = DIRECTION('',(-0.503005790312,-0.864283040973,0.));
#5055 = PLANE('',#5056);
#5056 = AXIS2_PLACEMENT_3D('',#5057,#5058,#5059);
#5057 = CARTESIAN_POINT('',(-14.41625811597,137.47686013258,
    3.388271235493));
#5058 = DIRECTION('',(0.864283040973,-0.503005790312,-1.9E-16));
#5059 = DIRECTION('',(0.503005790312,0.864283040973,-1.232595164408E-32)
  );
#5060 = ADVANCED_FACE('',(#5061),#5066,.F.);
#5061 = FACE_BOUND('',#5062,.T.);
#5062 = EDGE_LOOP('',(#5063,#5064,#5065));
#5063 = ORIENTED_EDGE('',*,*,#1939,.T.);
#5064 = ORIENTED_EDGE('',*,*,#5050,.F.);
#5065 = ORIENTED_EDGE('',*,*,#2153,.F.);
#5066 = PLANE('',#5067);
#5067 = AXIS2_PLACEMENT_3D('',#5068,#5069,#5070);
#5068 = CARTESIAN_POINT('',(-78.81892902904,77.026894926472,3.8));
#5069 = DIRECTION('',(0.,0.,1.));
#5070 = DIRECTION('',(1.,0.,0.));
#5071 = ADVANCED_FACE('',(#5072),#5090,.F.);
#5072 = FACE_BOUND('',#5073,.F.);
#5073 = EDGE_LOOP('',(#5074,#5082,#5083,#5084));
#5074 = ORIENTED_EDGE('',*,*,#5075,.F.);
#5075 = EDGE_CURVE('',#2006,#5076,#5078,.T.);
#5076 = VERTEX_POINT('',#5077);
#5077 = CARTESIAN_POINT('',(-110.401,12.8,6.8));
#5078 = LINE('',#5079,#5080);
#5079 = CARTESIAN_POINT('',(-110.5343333333,12.933333333333,
    6.666666666667));
#5080 = VECTOR('',#5081,1.);
#5081 = DIRECTION('',(0.57735026919,-0.57735026919,0.57735026919));
#5082 = ORIENTED_EDGE('',*,*,#2013,.T.);
#5083 = ORIENTED_EDGE('',*,*,#2636,.T.);
#5084 = ORIENTED_EDGE('',*,*,#5085,.F.);
#5085 = EDGE_CURVE('',#5076,#2637,#5086,.T.);
#5086 = LINE('',#5087,#5088);
#5087 = CARTESIAN_POINT('',(-110.401,13.,6.8));
#5088 = VECTOR('',#5089,1.);
#5089 = DIRECTION('',(0.,1.,0.));
#5090 = PLANE('',#5091);
#5091 = AXIS2_PLACEMENT_3D('',#5092,#5093,#5094);
#5092 = CARTESIAN_POINT('',(-110.501,13.,6.7));
#5093 = DIRECTION('',(0.707106781187,0.,-0.707106781187));
#5094 = DIRECTION('',(0.,1.,0.));
#5095 = ADVANCED_FACE('',(#5096),#5121,.F.);
#5096 = FACE_BOUND('',#5097,.F.);
#5097 = EDGE_LOOP('',(#5098,#5099,#5107,#5115));
#5098 = ORIENTED_EDGE('',*,*,#2031,.T.);
#5099 = ORIENTED_EDGE('',*,*,#5100,.T.);
#5100 = EDGE_CURVE('',#2034,#5101,#5103,.T.);
#5101 = VERTEX_POINT('',#5102);
#5102 = CARTESIAN_POINT('',(-104.301,149.,6.61));
#5103 = LINE('',#5104,#5105);
#5104 = CARTESIAN_POINT('',(-9.684,149.,6.61));
#5105 = VECTOR('',#5106,1.);
#5106 = DIRECTION('',(-1.,-3.E-16,-0.));
#5107 = ORIENTED_EDGE('',*,*,#5108,.F.);
#5108 = EDGE_CURVE('',#5109,#5101,#5111,.T.);
#5109 = VERTEX_POINT('',#5110);
#5110 = CARTESIAN_POINT('',(-104.301,149.,6.6));
#5111 = LINE('',#5112,#5113);
#5112 = CARTESIAN_POINT('',(-104.301,149.,6.6));
#5113 = VECTOR('',#5114,1.);
#5114 = DIRECTION('',(0.,0.,1.));
#5115 = ORIENTED_EDGE('',*,*,#5116,.F.);
#5116 = EDGE_CURVE('',#2032,#5109,#5117,.T.);
#5117 = LINE('',#5118,#5119);
#5118 = CARTESIAN_POINT('',(-9.684,149.,6.6));
#5119 = VECTOR('',#5120,1.);
#5120 = DIRECTION('',(-1.,-3.E-16,-0.));
#5121 = PLANE('',#5122);
#5122 = AXIS2_PLACEMENT_3D('',#5123,#5124,#5125);
#5123 = CARTESIAN_POINT('',(-9.684,149.,6.6));
#5124 = DIRECTION('',(3.E-16,-1.,0.));
#5125 = DIRECTION('',(-1.,-3.E-16,0.));
#5126 = ADVANCED_FACE('',(#5127),#5145,.T.);
#5127 = FACE_BOUND('',#5128,.F.);
#5128 = EDGE_LOOP('',(#5129,#5130,#5131,#5139));
#5129 = ORIENTED_EDGE('',*,*,#2209,.F.);
#5130 = ORIENTED_EDGE('',*,*,#5116,.T.);
#5131 = ORIENTED_EDGE('',*,*,#5132,.T.);
#5132 = EDGE_CURVE('',#5109,#5133,#5135,.T.);
#5133 = VERTEX_POINT('',#5134);
#5134 = CARTESIAN_POINT('',(-104.301,150.,5.6));
#5135 = LINE('',#5136,#5137);
#5136 = CARTESIAN_POINT('',(-104.301,149.5,6.1));
#5137 = VECTOR('',#5138,1.);
#5138 = DIRECTION('',(-2.1E-16,0.707106781187,-0.707106781187));
#5139 = ORIENTED_EDGE('',*,*,#5140,.F.);
#5140 = EDGE_CURVE('',#2202,#5133,#5141,.T.);
#5141 = LINE('',#5142,#5143);
#5142 = CARTESIAN_POINT('',(-9.684,150.,5.6));
#5143 = VECTOR('',#5144,1.);
#5144 = DIRECTION('',(-1.,-3.E-16,-0.));
#5145 = PLANE('',#5146);
#5146 = AXIS2_PLACEMENT_3D('',#5147,#5148,#5149);
#5147 = CARTESIAN_POINT('',(-9.684,149.5,6.1));
#5148 = DIRECTION('',(0.,0.707106781187,0.707106781187));
#5149 = DIRECTION('',(1.,1.5E-16,-1.5E-16));
#5150 = ADVANCED_FACE('',(#5151),#5162,.T.);
#5151 = FACE_BOUND('',#5152,.F.);
#5152 = EDGE_LOOP('',(#5153,#5154,#5155,#5161));
#5153 = ORIENTED_EDGE('',*,*,#2201,.T.);
#5154 = ORIENTED_EDGE('',*,*,#5140,.T.);
#5155 = ORIENTED_EDGE('',*,*,#5156,.F.);
#5156 = EDGE_CURVE('',#2346,#5133,#5157,.T.);
#5157 = LINE('',#5158,#5159);
#5158 = CARTESIAN_POINT('',(-104.301,150.,4.9));
#5159 = VECTOR('',#5160,1.);
#5160 = DIRECTION('',(0.,0.,1.));
#5161 = ORIENTED_EDGE('',*,*,#2345,.F.);
#5162 = PLANE('',#5163);
#5163 = AXIS2_PLACEMENT_3D('',#5164,#5165,#5166);
#5164 = CARTESIAN_POINT('',(-9.684,150.,4.9));
#5165 = DIRECTION('',(-3.E-16,1.,0.));
#5166 = DIRECTION('',(1.,3.E-16,0.));
#5167 = ADVANCED_FACE('',(#5168),#5187,.T.);
#5168 = FACE_BOUND('',#5169,.F.);
#5169 = EDGE_LOOP('',(#5170,#5171,#5179,#5186));
#5170 = ORIENTED_EDGE('',*,*,#2337,.T.);
#5171 = ORIENTED_EDGE('',*,*,#5172,.T.);
#5172 = EDGE_CURVE('',#2330,#5173,#5175,.T.);
#5173 = VERTEX_POINT('',#5174);
#5174 = CARTESIAN_POINT('',(-10.684,148.5,1.8));
#5175 = LINE('',#5176,#5177);
#5176 = CARTESIAN_POINT('',(-10.684,148.5,4.9));
#5177 = VECTOR('',#5178,1.);
#5178 = DIRECTION('',(-0.,-0.,-1.));
#5179 = ORIENTED_EDGE('',*,*,#5180,.F.);
#5180 = EDGE_CURVE('',#2178,#5173,#5181,.T.);
#5181 = CIRCLE('',#5182,1.);
#5182 = AXIS2_PLACEMENT_3D('',#5183,#5184,#5185);
#5183 = CARTESIAN_POINT('',(-10.684,147.5,1.8));
#5184 = DIRECTION('',(0.,-0.,1.));
#5185 = DIRECTION('',(0.,1.,0.));
#5186 = ORIENTED_EDGE('',*,*,#2185,.F.);
#5187 = CYLINDRICAL_SURFACE('',#5188,1.);
#5188 = AXIS2_PLACEMENT_3D('',#5189,#5190,#5191);
#5189 = CARTESIAN_POINT('',(-10.684,147.5,4.9));
#5190 = DIRECTION('',(-0.,-0.,-1.));
#5191 = DIRECTION('',(1.,0.,0.));
#5192 = ADVANCED_FACE('',(#5193,#5237),#5248,.F.);
#5193 = FACE_BOUND('',#5194,.T.);
#5194 = EDGE_LOOP('',(#5195,#5196,#5204,#5213,#5221,#5230,#5236));
#5195 = ORIENTED_EDGE('',*,*,#2177,.F.);
#5196 = ORIENTED_EDGE('',*,*,#5197,.F.);
#5197 = EDGE_CURVE('',#5198,#2170,#5200,.T.);
#5198 = VERTEX_POINT('',#5199);
#5199 = CARTESIAN_POINT('',(-19.56885847951,129.61749710484,1.8));
#5200 = LINE('',#5201,#5202);
#5201 = CARTESIAN_POINT('',(-19.56885847951,129.61749710484,1.8));
#5202 = VECTOR('',#5203,1.);
#5203 = DIRECTION('',(0.503005790312,0.864283040973,0.));
#5204 = ORIENTED_EDGE('',*,*,#5205,.F.);
#5205 = EDGE_CURVE('',#5206,#5198,#5208,.T.);
#5206 = VERTEX_POINT('',#5207);
#5207 = CARTESIAN_POINT('',(-20.501,129.869,1.8));
#5208 = CIRCLE('',#5209,0.5);
#5209 = AXIS2_PLACEMENT_3D('',#5210,#5211,#5212);
#5210 = CARTESIAN_POINT('',(-20.001,129.869,1.8));
#5211 = DIRECTION('',(0.,0.,1.));
#5212 = DIRECTION('',(-1.,0.,0.));
#5213 = ORIENTED_EDGE('',*,*,#5214,.F.);
#5214 = EDGE_CURVE('',#5215,#5206,#5217,.T.);
#5215 = VERTEX_POINT('',#5216);
#5216 = CARTESIAN_POINT('',(-20.501,148.36602540378,1.8));
#5217 = LINE('',#5218,#5219);
#5218 = CARTESIAN_POINT('',(-20.501,148.5,1.8));
#5219 = VECTOR('',#5220,1.);
#5220 = DIRECTION('',(-0.,-1.,-0.));
#5221 = ORIENTED_EDGE('',*,*,#5222,.F.);
#5222 = EDGE_CURVE('',#5223,#5215,#5225,.T.);
#5223 = VERTEX_POINT('',#5224);
#5224 = CARTESIAN_POINT('',(-20.001,148.5,1.8));
#5225 = CIRCLE('',#5226,1.);
#5226 = AXIS2_PLACEMENT_3D('',#5227,#5228,#5229);
#5227 = CARTESIAN_POINT('',(-20.001,147.5,1.8));
#5228 = DIRECTION('',(0.,-0.,1.));
#5229 = DIRECTION('',(0.,1.,0.));
#5230 = ORIENTED_EDGE('',*,*,#5231,.F.);
#5231 = EDGE_CURVE('',#5173,#5223,#5232,.T.);
#5232 = LINE('',#5233,#5234);
#5233 = CARTESIAN_POINT('',(-9.684,148.5,1.8));
#5234 = VECTOR('',#5235,1.);
#5235 = DIRECTION('',(-1.,0.,0.));
#5236 = ORIENTED_EDGE('',*,*,#5180,.F.);
#5237 = FACE_BOUND('',#5238,.T.);
#5238 = EDGE_LOOP('',(#5239));
#5239 = ORIENTED_EDGE('',*,*,#5240,.T.);
#5240 = EDGE_CURVE('',#5241,#5241,#5243,.T.);
#5241 = VERTEX_POINT('',#5242);
#5242 = CARTESIAN_POINT('',(-18.401,139.,1.8));
#5243 = CIRCLE('',#5244,1.4);
#5244 = AXIS2_PLACEMENT_3D('',#5245,#5246,#5247);
#5245 = CARTESIAN_POINT('',(-17.001,139.,1.8));
#5246 = DIRECTION('',(0.,0.,1.));
#5247 = DIRECTION('',(-1.,0.,0.));
#5248 = PLANE('',#5249);
#5249 = AXIS2_PLACEMENT_3D('',#5250,#5251,#5252);
#5250 = CARTESIAN_POINT('',(-59.67962026661,98.528687041931,1.8));
#5251 = DIRECTION('',(0.,0.,1.));
#5252 = DIRECTION('',(1.,0.,0.));
#5253 = ADVANCED_FACE('',(#5254),#5265,.F.);
#5254 = FACE_BOUND('',#5255,.T.);
#5255 = EDGE_LOOP('',(#5256,#5262,#5263,#5264));
#5256 = ORIENTED_EDGE('',*,*,#5257,.F.);
#5257 = EDGE_CURVE('',#5198,#5035,#5258,.T.);
#5258 = LINE('',#5259,#5260);
#5259 = CARTESIAN_POINT('',(-19.13671695902,129.36599420968,2.3));
#5260 = VECTOR('',#5261,1.);
#5261 = DIRECTION('',(0.611140399135,-0.355678805307,0.707106781187));
#5262 = ORIENTED_EDGE('',*,*,#5197,.T.);
#5263 = ORIENTED_EDGE('',*,*,#2169,.T.);
#5264 = ORIENTED_EDGE('',*,*,#5034,.F.);
#5265 = PLANE('',#5266);
#5266 = AXIS2_PLACEMENT_3D('',#5267,#5268,#5269);
#5267 = CARTESIAN_POINT('',(-19.35278771927,129.49174565726,2.05));
#5268 = DIRECTION('',(-0.611140399136,0.355678805305,0.707106781187));
#5269 = DIRECTION('',(-0.503005790312,-0.864283040973,1.110223024625E-16
    ));
#5270 = ADVANCED_FACE('',(#5271),#5282,.T.);
#5271 = FACE_BOUND('',#5272,.T.);
#5272 = EDGE_LOOP('',(#5273,#5274,#5275,#5281));
#5273 = ORIENTED_EDGE('',*,*,#2137,.F.);
#5274 = ORIENTED_EDGE('',*,*,#2772,.T.);
#5275 = ORIENTED_EDGE('',*,*,#5276,.F.);
#5276 = EDGE_CURVE('',#2686,#2765,#5277,.T.);
#5277 = LINE('',#5278,#5279);
#5278 = CARTESIAN_POINT('',(-8.884,116.1,5.3));
#5279 = VECTOR('',#5280,1.);
#5280 = DIRECTION('',(0.,-1.,0.));
#5281 = ORIENTED_EDGE('',*,*,#2685,.F.);
#5282 = PLANE('',#5283);
#5283 = AXIS2_PLACEMENT_3D('',#5284,#5285,#5286);
#5284 = CARTESIAN_POINT('',(-9.684,116.1,6.1));
#5285 = DIRECTION('',(0.707106781187,0.,0.707106781186));
#5286 = DIRECTION('',(0.707106781186,1.6E-16,-0.707106781187));
#5287 = ADVANCED_FACE('',(#5288),#5299,.F.);
#5288 = FACE_BOUND('',#5289,.F.);
#5289 = EDGE_LOOP('',(#5290,#5291,#5292,#5298));
#5290 = ORIENTED_EDGE('',*,*,#2114,.T.);
#5291 = ORIENTED_EDGE('',*,*,#2798,.T.);
#5292 = ORIENTED_EDGE('',*,*,#5293,.F.);
#5293 = EDGE_CURVE('',#2878,#2799,#5294,.T.);
#5294 = LINE('',#5295,#5296);
#5295 = CARTESIAN_POINT('',(-8.884,58.1,5.3));
#5296 = VECTOR('',#5297,1.);
#5297 = DIRECTION('',(0.,1.,0.));
#5298 = ORIENTED_EDGE('',*,*,#2885,.F.);
#5299 = PLANE('',#5300);
#5300 = AXIS2_PLACEMENT_3D('',#5301,#5302,#5303);
#5301 = CARTESIAN_POINT('',(-9.684,58.1,6.1));
#5302 = DIRECTION('',(-0.707106781187,-0.,-0.707106781186));
#5303 = DIRECTION('',(0.707106781186,1.6E-16,-0.707106781187));
#5304 = ADVANCED_FACE('',(#5305),#5323,.T.);
#5305 = FACE_BOUND('',#5306,.F.);
#5306 = EDGE_LOOP('',(#5307,#5315,#5321,#5322));
#5307 = ORIENTED_EDGE('',*,*,#5308,.T.);
#5308 = EDGE_CURVE('',#2403,#5309,#5311,.T.);
#5309 = VERTEX_POINT('',#5310);
#5310 = CARTESIAN_POINT('',(-104.301,0.,5.6));
#5311 = LINE('',#5312,#5313);
#5312 = CARTESIAN_POINT('',(-104.301,0.,4.9));
#5313 = VECTOR('',#5314,1.);
#5314 = DIRECTION('',(0.,0.,1.));
#5315 = ORIENTED_EDGE('',*,*,#5316,.T.);
#5316 = EDGE_CURVE('',#5309,#2074,#5317,.T.);
#5317 = LINE('',#5318,#5319);
#5318 = CARTESIAN_POINT('',(-104.301,0.,5.6));
#5319 = VECTOR('',#5320,1.);
#5320 = DIRECTION('',(1.,0.,0.));
#5321 = ORIENTED_EDGE('',*,*,#2081,.F.);
#5322 = ORIENTED_EDGE('',*,*,#2411,.F.);
#5323 = PLANE('',#5324);
#5324 = AXIS2_PLACEMENT_3D('',#5325,#5326,#5327);
#5325 = CARTESIAN_POINT('',(-104.301,0.,4.9));
#5326 = DIRECTION('',(-0.,-1.,-0.));
#5327 = DIRECTION('',(-1.,0.,0.));
#5328 = ADVANCED_FACE('',(#5329),#5347,.T.);
#5329 = FACE_BOUND('',#5330,.F.);
#5330 = EDGE_LOOP('',(#5331,#5339,#5345,#5346));
#5331 = ORIENTED_EDGE('',*,*,#5332,.F.);
#5332 = EDGE_CURVE('',#5333,#5309,#5335,.T.);
#5333 = VERTEX_POINT('',#5334);
#5334 = CARTESIAN_POINT('',(-104.301,1.,6.6));
#5335 = LINE('',#5336,#5337);
#5336 = CARTESIAN_POINT('',(-104.301,0.,5.6));
#5337 = VECTOR('',#5338,1.);
#5338 = DIRECTION('',(1.9E-16,-0.707106781187,-0.707106781187));
#5339 = ORIENTED_EDGE('',*,*,#5340,.T.);
#5340 = EDGE_CURVE('',#5333,#2066,#5341,.T.);
#5341 = LINE('',#5342,#5343);
#5342 = CARTESIAN_POINT('',(-104.301,1.,6.6));
#5343 = VECTOR('',#5344,1.);
#5344 = DIRECTION('',(1.,0.,0.));
#5345 = ORIENTED_EDGE('',*,*,#2073,.T.);
#5346 = ORIENTED_EDGE('',*,*,#5316,.F.);
#5347 = PLANE('',#5348);
#5348 = AXIS2_PLACEMENT_3D('',#5349,#5350,#5351);
#5349 = CARTESIAN_POINT('',(-104.301,0.5,6.1));
#5350 = DIRECTION('',(0.,-0.707106781187,0.707106781187));
#5351 = DIRECTION('',(-1.,-0.,-0.));
#5352 = ADVANCED_FACE('',(#5353),#5371,.F.);
#5353 = FACE_BOUND('',#5354,.F.);
#5354 = EDGE_LOOP('',(#5355,#5363,#5369,#5370));
#5355 = ORIENTED_EDGE('',*,*,#5356,.T.);
#5356 = EDGE_CURVE('',#5333,#5357,#5359,.T.);
#5357 = VERTEX_POINT('',#5358);
#5358 = CARTESIAN_POINT('',(-104.301,1.,6.61));
#5359 = LINE('',#5360,#5361);
#5360 = CARTESIAN_POINT('',(-104.301,1.,6.6));
#5361 = VECTOR('',#5362,1.);
#5362 = DIRECTION('',(0.,0.,1.));
#5363 = ORIENTED_EDGE('',*,*,#5364,.T.);
#5364 = EDGE_CURVE('',#5357,#2058,#5365,.T.);
#5365 = LINE('',#5366,#5367);
#5366 = CARTESIAN_POINT('',(-104.301,1.,6.61));
#5367 = VECTOR('',#5368,1.);
#5368 = DIRECTION('',(1.,0.,0.));
#5369 = ORIENTED_EDGE('',*,*,#2065,.F.);
#5370 = ORIENTED_EDGE('',*,*,#5340,.F.);
#5371 = PLANE('',#5372);
#5372 = AXIS2_PLACEMENT_3D('',#5373,#5374,#5375);
#5373 = CARTESIAN_POINT('',(-104.301,1.,6.6));
#5374 = DIRECTION('',(0.,1.,0.));
#5375 = DIRECTION('',(1.,0.,0.));
#5376 = ADVANCED_FACE('',(#5377),#5395,.T.);
#5377 = FACE_BOUND('',#5378,.F.);
#5378 = EDGE_LOOP('',(#5379,#5387,#5393,#5394));
#5379 = ORIENTED_EDGE('',*,*,#5380,.F.);
#5380 = EDGE_CURVE('',#5381,#5357,#5383,.T.);
#5381 = VERTEX_POINT('',#5382);
#5382 = CARTESIAN_POINT('',(-104.301,1.19,6.8));
#5383 = LINE('',#5384,#5385);
#5384 = CARTESIAN_POINT('',(-104.301,1.,6.61));
#5385 = VECTOR('',#5386,1.);
#5386 = DIRECTION('',(5.2E-16,-0.707106781187,-0.707106781187));
#5387 = ORIENTED_EDGE('',*,*,#5388,.T.);
#5388 = EDGE_CURVE('',#5381,#2050,#5389,.T.);
#5389 = LINE('',#5390,#5391);
#5390 = CARTESIAN_POINT('',(-104.301,1.19,6.8));
#5391 = VECTOR('',#5392,1.);
#5392 = DIRECTION('',(1.,0.,0.));
#5393 = ORIENTED_EDGE('',*,*,#2057,.T.);
#5394 = ORIENTED_EDGE('',*,*,#5364,.F.);
#5395 = PLANE('',#5396);
#5396 = AXIS2_PLACEMENT_3D('',#5397,#5398,#5399);
#5397 = CARTESIAN_POINT('',(-104.301,1.095,6.705));
#5398 = DIRECTION('',(0.,-0.707106781187,0.707106781187));
#5399 = DIRECTION('',(-1.,-0.,-0.));
#5400 = ADVANCED_FACE('',(#5401,#5412,#5496,#5566,#5636,#5706,#5776),
  #5792,.T.);
#5401 = FACE_BOUND('',#5402,.F.);
#5402 = EDGE_LOOP('',(#5403,#5404,#5410,#5411));
#5403 = ORIENTED_EDGE('',*,*,#2467,.F.);
#5404 = ORIENTED_EDGE('',*,*,#5405,.F.);
#5405 = EDGE_CURVE('',#5076,#2451,#5406,.T.);
#5406 = LINE('',#5407,#5408);
#5407 = CARTESIAN_POINT('',(-110.601,12.8,6.8));
#5408 = VECTOR('',#5409,1.);
#5409 = DIRECTION('',(-1.,-0.,-0.));
#5410 = ORIENTED_EDGE('',*,*,#5085,.T.);
#5411 = ORIENTED_EDGE('',*,*,#2644,.F.);
#5412 = FACE_BOUND('',#5413,.F.);
#5413 = EDGE_LOOP('',(#5414,#5415,#5416,#5425,#5433,#5441,#5449,#5457,
    #5465,#5473,#5481,#5490));
#5414 = ORIENTED_EDGE('',*,*,#2049,.F.);
#5415 = ORIENTED_EDGE('',*,*,#5388,.F.);
#5416 = ORIENTED_EDGE('',*,*,#5417,.F.);
#5417 = EDGE_CURVE('',#5418,#5381,#5420,.T.);
#5418 = VERTEX_POINT('',#5419);
#5419 = CARTESIAN_POINT('',(-114.111,11.,6.8));
#5420 = CIRCLE('',#5421,9.81);
#5421 = AXIS2_PLACEMENT_3D('',#5422,#5423,#5424);
#5422 = CARTESIAN_POINT('',(-104.301,11.,6.8));
#5423 = DIRECTION('',(0.,0.,1.));
#5424 = DIRECTION('',(-1.,-3.6E-16,0.));
#5425 = ORIENTED_EDGE('',*,*,#5426,.F.);
#5426 = EDGE_CURVE('',#5427,#5418,#5429,.T.);
#5427 = VERTEX_POINT('',#5428);
#5428 = CARTESIAN_POINT('',(-114.111,59.411648762861,6.8));
#5429 = LINE('',#5430,#5431);
#5430 = CARTESIAN_POINT('',(-114.111,59.51,6.8));
#5431 = VECTOR('',#5432,1.);
#5432 = DIRECTION('',(-0.,-1.,-0.));
#5433 = ORIENTED_EDGE('',*,*,#5434,.F.);
#5434 = EDGE_CURVE('',#5435,#5427,#5437,.T.);
#5435 = VERTEX_POINT('',#5436);
#5436 = CARTESIAN_POINT('',(-113.5476462778,59.81,6.8));
#5437 = LINE('',#5438,#5439);
#5438 = CARTESIAN_POINT('',(-113.4983388032,59.844865649624,6.8));
#5439 = VECTOR('',#5440,1.);
#5440 = DIRECTION('',(-0.816496580928,-0.57735026919,-0.));
#5441 = ORIENTED_EDGE('',*,*,#5442,.F.);
#5442 = EDGE_CURVE('',#5443,#5435,#5445,.T.);
#5443 = VERTEX_POINT('',#5444);
#5444 = CARTESIAN_POINT('',(-113.4038932188,59.81,6.8));
#5445 = LINE('',#5446,#5447);
#5446 = CARTESIAN_POINT('',(-113.5938932188,59.81,6.8));
#5447 = VECTOR('',#5448,1.);
#5448 = DIRECTION('',(-1.,0.,0.));
#5449 = ORIENTED_EDGE('',*,*,#5450,.T.);
#5450 = EDGE_CURVE('',#5443,#5451,#5453,.T.);
#5451 = VERTEX_POINT('',#5452);
#5452 = CARTESIAN_POINT('',(-113.4038932188,90.19,6.8));
#5453 = LINE('',#5454,#5455);
#5454 = CARTESIAN_POINT('',(-113.4038932188,60.,6.8));
#5455 = VECTOR('',#5456,1.);
#5456 = DIRECTION('',(0.,1.,-2.2E-16));
#5457 = ORIENTED_EDGE('',*,*,#5458,.T.);
#5458 = EDGE_CURVE('',#5451,#5459,#5461,.T.);
#5459 = VERTEX_POINT('',#5460);
#5460 = CARTESIAN_POINT('',(-113.5476462778,90.19,6.8));
#5461 = LINE('',#5462,#5463);
#5462 = CARTESIAN_POINT('',(-113.5938932188,90.19,6.8));
#5463 = VECTOR('',#5464,1.);
#5464 = DIRECTION('',(-1.,0.,0.));
#5465 = ORIENTED_EDGE('',*,*,#5466,.T.);
#5466 = EDGE_CURVE('',#5459,#5467,#5469,.T.);
#5467 = VERTEX_POINT('',#5468);
#5468 = CARTESIAN_POINT('',(-114.111,90.588351237139,6.8));
#5469 = LINE('',#5470,#5471);
#5470 = CARTESIAN_POINT('',(-113.4983388032,90.155134350376,6.8));
#5471 = VECTOR('',#5472,1.);
#5472 = DIRECTION('',(-0.816496580928,0.57735026919,0.));
#5473 = ORIENTED_EDGE('',*,*,#5474,.F.);
#5474 = EDGE_CURVE('',#5475,#5467,#5477,.T.);
#5475 = VERTEX_POINT('',#5476);
#5476 = CARTESIAN_POINT('',(-114.111,139.,6.8));
#5477 = LINE('',#5478,#5479);
#5478 = CARTESIAN_POINT('',(-114.111,139.,6.8));
#5479 = VECTOR('',#5480,1.);
#5480 = DIRECTION('',(-0.,-1.,-0.));
#5481 = ORIENTED_EDGE('',*,*,#5482,.F.);
#5482 = EDGE_CURVE('',#5483,#5475,#5485,.T.);
#5483 = VERTEX_POINT('',#5484);
#5484 = CARTESIAN_POINT('',(-104.301,148.81,6.8));
#5485 = CIRCLE('',#5486,9.81);
#5486 = AXIS2_PLACEMENT_3D('',#5487,#5488,#5489);
#5487 = CARTESIAN_POINT('',(-104.301,139.,6.8));
#5488 = DIRECTION('',(0.,-0.,1.));
#5489 = DIRECTION('',(2.84E-15,1.,0.));
#5490 = ORIENTED_EDGE('',*,*,#5491,.F.);
#5491 = EDGE_CURVE('',#2042,#5483,#5492,.T.);
#5492 = LINE('',#5493,#5494);
#5493 = CARTESIAN_POINT('',(-9.684,148.81,6.8));
#5494 = VECTOR('',#5495,1.);
#5495 = DIRECTION('',(-1.,-3.E-16,-0.));
#5496 = FACE_BOUND('',#5497,.F.);
#5497 = EDGE_LOOP('',(#5498,#5509,#5517,#5526,#5534,#5543,#5551,#5560));
#5498 = ORIENTED_EDGE('',*,*,#5499,.T.);
#5499 = EDGE_CURVE('',#5500,#5502,#5504,.T.);
#5500 = VERTEX_POINT('',#5501);
#5501 = CARTESIAN_POINT('',(-25.311,12.6,6.8));
#5502 = VERTEX_POINT('',#5503);
#5503 = CARTESIAN_POINT('',(-27.501,14.79,6.8));
#5504 = CIRCLE('',#5505,2.19);
#5505 = AXIS2_PLACEMENT_3D('',#5506,#5507,#5508);
#5506 = CARTESIAN_POINT('',(-27.501,12.6,6.8));
#5507 = DIRECTION('',(-0.,0.,1.));
#5508 = DIRECTION('',(1.,-3.55E-15,0.));
#5509 = ORIENTED_EDGE('',*,*,#5510,.T.);
#5510 = EDGE_CURVE('',#5502,#5511,#5513,.T.);
#5511 = VERTEX_POINT('',#5512);
#5512 = CARTESIAN_POINT('',(-34.301,14.79,6.8));
#5513 = LINE('',#5514,#5515);
#5514 = CARTESIAN_POINT('',(-27.501,14.79,6.8));
#5515 = VECTOR('',#5516,1.);
#5516 = DIRECTION('',(-1.,0.,0.));
#5517 = ORIENTED_EDGE('',*,*,#5518,.T.);
#5518 = EDGE_CURVE('',#5511,#5519,#5521,.T.);
#5519 = VERTEX_POINT('',#5520);
#5520 = CARTESIAN_POINT('',(-36.491,12.6,6.8));
#5521 = CIRCLE('',#5522,2.19);
#5522 = AXIS2_PLACEMENT_3D('',#5523,#5524,#5525);
#5523 = CARTESIAN_POINT('',(-34.301,12.6,6.8));
#5524 = DIRECTION('',(0.,0.,1.));
#5525 = DIRECTION('',(-2.842E-14,1.,0.));
#5526 = ORIENTED_EDGE('',*,*,#5527,.T.);
#5527 = EDGE_CURVE('',#5519,#5528,#5530,.T.);
#5528 = VERTEX_POINT('',#5529);
#5529 = CARTESIAN_POINT('',(-36.491,10.6,6.8));
#5530 = LINE('',#5531,#5532);
#5531 = CARTESIAN_POINT('',(-36.491,12.6,6.8));
#5532 = VECTOR('',#5533,1.);
#5533 = DIRECTION('',(1.421E-14,-1.,0.));
#5534 = ORIENTED_EDGE('',*,*,#5535,.T.);
#5535 = EDGE_CURVE('',#5528,#5536,#5538,.T.);
#5536 = VERTEX_POINT('',#5537);
#5537 = CARTESIAN_POINT('',(-34.301,8.41,6.8));
#5538 = CIRCLE('',#5539,2.19);
#5539 = AXIS2_PLACEMENT_3D('',#5540,#5541,#5542);
#5540 = CARTESIAN_POINT('',(-34.301,10.6,6.8));
#5541 = DIRECTION('',(0.,0.,1.));
#5542 = DIRECTION('',(-1.,-1.776E-14,0.));
#5543 = ORIENTED_EDGE('',*,*,#5544,.T.);
#5544 = EDGE_CURVE('',#5536,#5545,#5547,.T.);
#5545 = VERTEX_POINT('',#5546);
#5546 = CARTESIAN_POINT('',(-27.501,8.41,6.8));
#5547 = LINE('',#5548,#5549);
#5548 = CARTESIAN_POINT('',(-34.301,8.41,6.8));
#5549 = VECTOR('',#5550,1.);
#5550 = DIRECTION('',(1.,0.,0.));
#5551 = ORIENTED_EDGE('',*,*,#5552,.T.);
#5552 = EDGE_CURVE('',#5545,#5553,#5555,.T.);
#5553 = VERTEX_POINT('',#5554);
#5554 = CARTESIAN_POINT('',(-25.311,10.6,6.8));
#5555 = CIRCLE('',#5556,2.19);
#5556 = AXIS2_PLACEMENT_3D('',#5557,#5558,#5559);
#5557 = CARTESIAN_POINT('',(-27.501,10.6,6.8));
#5558 = DIRECTION('',(-0.,0.,1.));
#5559 = DIRECTION('',(3.55E-15,-1.,0.));
#5560 = ORIENTED_EDGE('',*,*,#5561,.T.);
#5561 = EDGE_CURVE('',#5553,#5500,#5562,.T.);
#5562 = LINE('',#5563,#5564);
#5563 = CARTESIAN_POINT('',(-25.311,10.6,6.8));
#5564 = VECTOR('',#5565,1.);
#5565 = DIRECTION('',(0.,1.,0.));
#5566 = FACE_BOUND('',#5567,.F.);
#5567 = EDGE_LOOP('',(#5568,#5578,#5587,#5595,#5604,#5612,#5621,#5629));
#5568 = ORIENTED_EDGE('',*,*,#5569,.T.);
#5569 = EDGE_CURVE('',#5570,#5572,#5574,.T.);
#5570 = VERTEX_POINT('',#5571);
#5571 = CARTESIAN_POINT('',(-59.511,7.,6.8));
#5572 = VERTEX_POINT('',#5573);
#5573 = CARTESIAN_POINT('',(-59.511,16.2,6.8));
#5574 = LINE('',#5575,#5576);
#5575 = CARTESIAN_POINT('',(-59.511,7.,6.8));
#5576 = VECTOR('',#5577,1.);
#5577 = DIRECTION('',(4.4E-16,1.,2.2E-16));
#5578 = ORIENTED_EDGE('',*,*,#5579,.T.);
#5579 = EDGE_CURVE('',#5572,#5580,#5582,.T.);
#5580 = VERTEX_POINT('',#5581);
#5581 = CARTESIAN_POINT('',(-60.601,17.29,6.8));
#5582 = CIRCLE('',#5583,1.09);
#5583 = AXIS2_PLACEMENT_3D('',#5584,#5585,#5586);
#5584 = CARTESIAN_POINT('',(-60.601,16.2,6.8));
#5585 = DIRECTION('',(0.,-0.,1.));
#5586 = DIRECTION('',(1.,4.737E-14,0.));
#5587 = ORIENTED_EDGE('',*,*,#5588,.T.);
#5588 = EDGE_CURVE('',#5580,#5589,#5591,.T.);
#5589 = VERTEX_POINT('',#5590);
#5590 = CARTESIAN_POINT('',(-65.001,17.29,6.8));
#5591 = LINE('',#5592,#5593);
#5592 = CARTESIAN_POINT('',(-60.601,17.29,6.8));
#5593 = VECTOR('',#5594,1.);
#5594 = DIRECTION('',(-1.,-0.,-0.));
#5595 = ORIENTED_EDGE('',*,*,#5596,.T.);
#5596 = EDGE_CURVE('',#5589,#5597,#5599,.T.);
#5597 = VERTEX_POINT('',#5598);
#5598 = CARTESIAN_POINT('',(-66.091,16.2,6.8));
#5599 = CIRCLE('',#5600,1.09);
#5600 = AXIS2_PLACEMENT_3D('',#5601,#5602,#5603);
#5601 = CARTESIAN_POINT('',(-65.001,16.2,6.8));
#5602 = DIRECTION('',(0.,0.,1.));
#5603 = DIRECTION('',(-1.579E-14,1.,0.));
#5604 = ORIENTED_EDGE('',*,*,#5605,.T.);
#5605 = EDGE_CURVE('',#5597,#5606,#5608,.T.);
#5606 = VERTEX_POINT('',#5607);
#5607 = CARTESIAN_POINT('',(-66.091,7.,6.8));
#5608 = LINE('',#5609,#5610);
#5609 = CARTESIAN_POINT('',(-66.091,16.2,6.8));
#5610 = VECTOR('',#5611,1.);
#5611 = DIRECTION('',(-4.4E-16,-1.,-2.2E-16));
#5612 = ORIENTED_EDGE('',*,*,#5613,.T.);
#5613 = EDGE_CURVE('',#5606,#5614,#5616,.T.);
#5614 = VERTEX_POINT('',#5615);
#5615 = CARTESIAN_POINT('',(-65.001,5.91,6.8));
#5616 = CIRCLE('',#5617,1.09);
#5617 = AXIS2_PLACEMENT_3D('',#5618,#5619,#5620);
#5618 = CARTESIAN_POINT('',(-65.001,7.,6.8));
#5619 = DIRECTION('',(0.,0.,1.));
#5620 = DIRECTION('',(-1.,-3.553E-14,0.));
#5621 = ORIENTED_EDGE('',*,*,#5622,.T.);
#5622 = EDGE_CURVE('',#5614,#5623,#5625,.T.);
#5623 = VERTEX_POINT('',#5624);
#5624 = CARTESIAN_POINT('',(-60.601,5.91,6.8));
#5625 = LINE('',#5626,#5627);
#5626 = CARTESIAN_POINT('',(-65.001,5.91,6.8));
#5627 = VECTOR('',#5628,1.);
#5628 = DIRECTION('',(1.,-1.82E-15,0.));
#5629 = ORIENTED_EDGE('',*,*,#5630,.T.);
#5630 = EDGE_CURVE('',#5623,#5570,#5631,.T.);
#5631 = CIRCLE('',#5632,1.09);
#5632 = AXIS2_PLACEMENT_3D('',#5633,#5634,#5635);
#5633 = CARTESIAN_POINT('',(-60.601,7.,6.8));
#5634 = DIRECTION('',(-0.,0.,1.));
#5635 = DIRECTION('',(0.,-1.,0.));
#5636 = FACE_BOUND('',#5637,.F.);
#5637 = EDGE_LOOP('',(#5638,#5649,#5657,#5666,#5674,#5683,#5691,#5700));
#5638 = ORIENTED_EDGE('',*,*,#5639,.T.);
#5639 = EDGE_CURVE('',#5640,#5642,#5644,.T.);
#5640 = VERTEX_POINT('',#5641);
#5641 = CARTESIAN_POINT('',(-89.111,12.6,6.8));
#5642 = VERTEX_POINT('',#5643);
#5643 = CARTESIAN_POINT('',(-91.301,14.79,6.8));
#5644 = CIRCLE('',#5645,2.19);
#5645 = AXIS2_PLACEMENT_3D('',#5646,#5647,#5648);
#5646 = CARTESIAN_POINT('',(-91.301,12.6,6.8));
#5647 = DIRECTION('',(-0.,0.,1.));
#5648 = DIRECTION('',(1.,-8.9E-16,0.));
#5649 = ORIENTED_EDGE('',*,*,#5650,.T.);
#5650 = EDGE_CURVE('',#5642,#5651,#5653,.T.);
#5651 = VERTEX_POINT('',#5652);
#5652 = CARTESIAN_POINT('',(-98.101,14.79,6.8));
#5653 = LINE('',#5654,#5655);
#5654 = CARTESIAN_POINT('',(-91.301,14.79,6.8));
#5655 = VECTOR('',#5656,1.);
#5656 = DIRECTION('',(-1.,-2.6E-16,-0.));
#5657 = ORIENTED_EDGE('',*,*,#5658,.T.);
#5658 = EDGE_CURVE('',#5651,#5659,#5661,.T.);
#5659 = VERTEX_POINT('',#5660);
#5660 = CARTESIAN_POINT('',(-100.291,12.6,6.8));
#5661 = CIRCLE('',#5662,2.19);
#5662 = AXIS2_PLACEMENT_3D('',#5663,#5664,#5665);
#5663 = CARTESIAN_POINT('',(-98.101,12.6,6.8));
#5664 = DIRECTION('',(0.,-0.,1.));
#5665 = DIRECTION('',(0.,1.,0.));
#5666 = ORIENTED_EDGE('',*,*,#5667,.T.);
#5667 = EDGE_CURVE('',#5659,#5668,#5670,.T.);
#5668 = VERTEX_POINT('',#5669);
#5669 = CARTESIAN_POINT('',(-100.291,10.6,6.8));
#5670 = LINE('',#5671,#5672);
#5671 = CARTESIAN_POINT('',(-100.291,12.6,6.8));
#5672 = VECTOR('',#5673,1.);
#5673 = DIRECTION('',(0.,-1.,0.));
#5674 = ORIENTED_EDGE('',*,*,#5675,.T.);
#5675 = EDGE_CURVE('',#5668,#5676,#5678,.T.);
#5676 = VERTEX_POINT('',#5677);
#5677 = CARTESIAN_POINT('',(-98.101,8.41,6.8));
#5678 = CIRCLE('',#5679,2.19);
#5679 = AXIS2_PLACEMENT_3D('',#5680,#5681,#5682);
#5680 = CARTESIAN_POINT('',(-98.101,10.6,6.8));
#5681 = DIRECTION('',(0.,0.,1.));
#5682 = DIRECTION('',(-1.,0.,0.));
#5683 = ORIENTED_EDGE('',*,*,#5684,.T.);
#5684 = EDGE_CURVE('',#5676,#5685,#5687,.T.);
#5685 = VERTEX_POINT('',#5686);
#5686 = CARTESIAN_POINT('',(-91.301,8.41,6.8));
#5687 = LINE('',#5688,#5689);
#5688 = CARTESIAN_POINT('',(-98.101,8.41,6.8));
#5689 = VECTOR('',#5690,1.);
#5690 = DIRECTION('',(1.,2.6E-16,0.));
#5691 = ORIENTED_EDGE('',*,*,#5692,.T.);
#5692 = EDGE_CURVE('',#5685,#5693,#5695,.T.);
#5693 = VERTEX_POINT('',#5694);
#5694 = CARTESIAN_POINT('',(-89.111,10.6,6.8));
#5695 = CIRCLE('',#5696,2.19);
#5696 = AXIS2_PLACEMENT_3D('',#5697,#5698,#5699);
#5697 = CARTESIAN_POINT('',(-91.301,10.6,6.8));
#5698 = DIRECTION('',(-0.,0.,1.));
#5699 = DIRECTION('',(2.842E-14,-1.,0.));
#5700 = ORIENTED_EDGE('',*,*,#5701,.T.);
#5701 = EDGE_CURVE('',#5693,#5640,#5702,.T.);
#5702 = LINE('',#5703,#5704);
#5703 = CARTESIAN_POINT('',(-89.111,10.6,6.8));
#5704 = VECTOR('',#5705,1.);
#5705 = DIRECTION('',(-1.421E-14,1.,0.));
#5706 = FACE_BOUND('',#5707,.F.);
#5707 = EDGE_LOOP('',(#5708,#5718,#5727,#5735,#5744,#5752,#5761,#5769));
#5708 = ORIENTED_EDGE('',*,*,#5709,.F.);
#5709 = EDGE_CURVE('',#5710,#5712,#5714,.T.);
#5710 = VERTEX_POINT('',#5711);
#5711 = CARTESIAN_POINT('',(-20.804,22.31,6.8));
#5712 = VERTEX_POINT('',#5713);
#5713 = CARTESIAN_POINT('',(-104.801,22.31,6.8));
#5714 = LINE('',#5715,#5716);
#5715 = CARTESIAN_POINT('',(-20.804,22.31,6.8));
#5716 = VECTOR('',#5717,1.);
#5717 = DIRECTION('',(-1.,-0.,-0.));
#5718 = ORIENTED_EDGE('',*,*,#5719,.F.);
#5719 = EDGE_CURVE('',#5720,#5710,#5722,.T.);
#5720 = VERTEX_POINT('',#5721);
#5721 = CARTESIAN_POINT('',(-18.614,24.5,6.8));
#5722 = CIRCLE('',#5723,2.19);
#5723 = AXIS2_PLACEMENT_3D('',#5724,#5725,#5726);
#5724 = CARTESIAN_POINT('',(-20.804,24.5,6.8));
#5725 = DIRECTION('',(0.,0.,-1.));
#5726 = DIRECTION('',(1.,-9.059E-14,0.));
#5727 = ORIENTED_EDGE('',*,*,#5728,.F.);
#5728 = EDGE_CURVE('',#5729,#5720,#5731,.T.);
#5729 = VERTEX_POINT('',#5730);
#5730 = CARTESIAN_POINT('',(-18.614,139.5,6.8));
#5731 = LINE('',#5732,#5733);
#5732 = CARTESIAN_POINT('',(-18.614,139.5,6.8));
#5733 = VECTOR('',#5734,1.);
#5734 = DIRECTION('',(-0.,-1.,-0.));
#5735 = ORIENTED_EDGE('',*,*,#5736,.F.);
#5736 = EDGE_CURVE('',#5737,#5729,#5739,.T.);
#5737 = VERTEX_POINT('',#5738);
#5738 = CARTESIAN_POINT('',(-20.804,141.69,6.8));
#5739 = CIRCLE('',#5740,2.19);
#5740 = AXIS2_PLACEMENT_3D('',#5741,#5742,#5743);
#5741 = CARTESIAN_POINT('',(-20.804,139.5,6.8));
#5742 = DIRECTION('',(0.,0.,-1.));
#5743 = DIRECTION('',(0.,1.,0.));
#5744 = ORIENTED_EDGE('',*,*,#5745,.F.);
#5745 = EDGE_CURVE('',#5746,#5737,#5748,.T.);
#5746 = VERTEX_POINT('',#5747);
#5747 = CARTESIAN_POINT('',(-104.801,141.69,6.8));
#5748 = LINE('',#5749,#5750);
#5749 = CARTESIAN_POINT('',(-104.801,141.69,6.8));
#5750 = VECTOR('',#5751,1.);
#5751 = DIRECTION('',(1.,0.,0.));
#5752 = ORIENTED_EDGE('',*,*,#5753,.F.);
#5753 = EDGE_CURVE('',#5754,#5746,#5756,.T.);
#5754 = VERTEX_POINT('',#5755);
#5755 = CARTESIAN_POINT('',(-106.991,139.5,6.8));
#5756 = CIRCLE('',#5757,2.19);
#5757 = AXIS2_PLACEMENT_3D('',#5758,#5759,#5760);
#5758 = CARTESIAN_POINT('',(-104.801,139.5,6.8));
#5759 = DIRECTION('',(0.,0.,-1.));
#5760 = DIRECTION('',(-1.,0.,0.));
#5761 = ORIENTED_EDGE('',*,*,#5762,.F.);
#5762 = EDGE_CURVE('',#5763,#5754,#5765,.T.);
#5763 = VERTEX_POINT('',#5764);
#5764 = CARTESIAN_POINT('',(-106.991,24.5,6.8));
#5765 = LINE('',#5766,#5767);
#5766 = CARTESIAN_POINT('',(-106.991,24.5,6.8));
#5767 = VECTOR('',#5768,1.);
#5768 = DIRECTION('',(0.,1.,0.));
#5769 = ORIENTED_EDGE('',*,*,#5770,.F.);
#5770 = EDGE_CURVE('',#5712,#5763,#5771,.T.);
#5771 = CIRCLE('',#5772,2.19);
#5772 = AXIS2_PLACEMENT_3D('',#5773,#5774,#5775);
#5773 = CARTESIAN_POINT('',(-104.801,24.5,6.8));
#5774 = DIRECTION('',(0.,0.,-1.));
#5775 = DIRECTION('',(1.421E-14,-1.,0.));
#5776 = FACE_BOUND('',#5777,.F.);
#5777 = EDGE_LOOP('',(#5778,#5784,#5785,#5791));
#5778 = ORIENTED_EDGE('',*,*,#5779,.T.);
#5779 = EDGE_CURVE('',#4727,#3131,#5780,.T.);
#5780 = LINE('',#5781,#5782);
#5781 = CARTESIAN_POINT('',(-113.701,137.,6.8));
#5782 = VECTOR('',#5783,1.);
#5783 = DIRECTION('',(-0.,-1.,-0.));
#5784 = ORIENTED_EDGE('',*,*,#3130,.F.);
#5785 = ORIENTED_EDGE('',*,*,#5786,.F.);
#5786 = EDGE_CURVE('',#4735,#3123,#5787,.T.);
#5787 = LINE('',#5788,#5789);
#5788 = CARTESIAN_POINT('',(-110.401,137.,6.8));
#5789 = VECTOR('',#5790,1.);
#5790 = DIRECTION('',(-0.,-1.,-0.));
#5791 = ORIENTED_EDGE('',*,*,#4734,.F.);
#5792 = PLANE('',#5793);
#5793 = AXIS2_PLACEMENT_3D('',#5794,#5795,#5796);
#5794 = CARTESIAN_POINT('',(-61.41457494051,75.,6.8));
#5795 = DIRECTION('',(0.,0.,1.));
#5796 = DIRECTION('',(1.,0.,0.));
#5797 = ADVANCED_FACE('',(#5798),#5809,.T.);
#5798 = FACE_BOUND('',#5799,.F.);
#5799 = EDGE_LOOP('',(#5800,#5801,#5802,#5808));
#5800 = ORIENTED_EDGE('',*,*,#2041,.F.);
#5801 = ORIENTED_EDGE('',*,*,#5491,.T.);
#5802 = ORIENTED_EDGE('',*,*,#5803,.T.);
#5803 = EDGE_CURVE('',#5483,#5101,#5804,.T.);
#5804 = LINE('',#5805,#5806);
#5805 = CARTESIAN_POINT('',(-104.301,148.905,6.705));
#5806 = VECTOR('',#5807,1.);
#5807 = DIRECTION('',(-2.1E-16,0.707106781187,-0.707106781187));
#5808 = ORIENTED_EDGE('',*,*,#5100,.F.);
#5809 = PLANE('',#5810);
#5810 = AXIS2_PLACEMENT_3D('',#5811,#5812,#5813);
#5811 = CARTESIAN_POINT('',(-9.684,148.905,6.705));
#5812 = DIRECTION('',(0.,0.707106781187,0.707106781187));
#5813 = DIRECTION('',(1.,1.5E-16,-1.5E-16));
#5814 = ADVANCED_FACE('',(#5815),#5834,.T.);
#5815 = FACE_BOUND('',#5816,.T.);
#5816 = EDGE_LOOP('',(#5817,#5818,#5827,#5833));
#5817 = ORIENTED_EDGE('',*,*,#5308,.T.);
#5818 = ORIENTED_EDGE('',*,*,#5819,.F.);
#5819 = EDGE_CURVE('',#5820,#5309,#5822,.T.);
#5820 = VERTEX_POINT('',#5821);
#5821 = CARTESIAN_POINT('',(-115.301,11.,5.6));
#5822 = CIRCLE('',#5823,11.);
#5823 = AXIS2_PLACEMENT_3D('',#5824,#5825,#5826);
#5824 = CARTESIAN_POINT('',(-104.301,11.,5.6));
#5825 = DIRECTION('',(0.,0.,1.));
#5826 = DIRECTION('',(-1.,-3.2E-16,0.));
#5827 = ORIENTED_EDGE('',*,*,#5828,.F.);
#5828 = EDGE_CURVE('',#2395,#5820,#5829,.T.);
#5829 = LINE('',#5830,#5831);
#5830 = CARTESIAN_POINT('',(-115.301,11.,4.9));
#5831 = VECTOR('',#5832,1.);
#5832 = DIRECTION('',(0.,0.,1.));
#5833 = ORIENTED_EDGE('',*,*,#2402,.F.);
#5834 = CYLINDRICAL_SURFACE('',#5835,11.);
#5835 = AXIS2_PLACEMENT_3D('',#5836,#5837,#5838);
#5836 = CARTESIAN_POINT('',(-104.301,11.,4.9));
#5837 = DIRECTION('',(0.,0.,-1.));
#5838 = DIRECTION('',(-1.,0.,0.));
#5839 = ADVANCED_FACE('',(#5840),#5866,.T.);
#5840 = FACE_BOUND('',#5841,.F.);
#5841 = EDGE_LOOP('',(#5842,#5850,#5858,#5864,#5865));
#5842 = ORIENTED_EDGE('',*,*,#5843,.F.);
#5843 = EDGE_CURVE('',#5844,#2387,#5846,.T.);
#5844 = VERTEX_POINT('',#5845);
#5845 = CARTESIAN_POINT('',(-115.301,60.,4.907035354437));
#5846 = LINE('',#5847,#5848);
#5847 = CARTESIAN_POINT('',(-115.301,60.,5.6));
#5848 = VECTOR('',#5849,1.);
#5849 = DIRECTION('',(-0.,0.,-1.));
#5850 = ORIENTED_EDGE('',*,*,#5851,.T.);
#5851 = EDGE_CURVE('',#5844,#5852,#5854,.T.);
#5852 = VERTEX_POINT('',#5853);
#5853 = CARTESIAN_POINT('',(-115.301,59.51,5.6));
#5854 = LINE('',#5855,#5856);
#5855 = CARTESIAN_POINT('',(-115.301,72.769289321881,-13.15146678643));
#5856 = VECTOR('',#5857,1.);
#5857 = DIRECTION('',(0.,-0.57735026919,0.816496580928));
#5858 = ORIENTED_EDGE('',*,*,#5859,.T.);
#5859 = EDGE_CURVE('',#5852,#5820,#5860,.T.);
#5860 = LINE('',#5861,#5862);
#5861 = CARTESIAN_POINT('',(-115.301,139.,5.6));
#5862 = VECTOR('',#5863,1.);
#5863 = DIRECTION('',(-0.,-1.,-0.));
#5864 = ORIENTED_EDGE('',*,*,#5828,.F.);
#5865 = ORIENTED_EDGE('',*,*,#2394,.F.);
#5866 = PLANE('',#5867);
#5867 = AXIS2_PLACEMENT_3D('',#5868,#5869,#5870);
#5868 = CARTESIAN_POINT('',(-115.301,139.,4.9));
#5869 = DIRECTION('',(-1.,-0.,-0.));
#5870 = DIRECTION('',(0.,1.,0.));
#5871 = ADVANCED_FACE('',(#5872),#5914,.T.);
#5872 = FACE_BOUND('',#5873,.T.);
#5873 = EDGE_LOOP('',(#5874,#5884,#5892,#5900,#5906,#5907,#5908));
#5874 = ORIENTED_EDGE('',*,*,#5875,.T.);
#5875 = EDGE_CURVE('',#5876,#5878,#5880,.T.);
#5876 = VERTEX_POINT('',#5877);
#5877 = CARTESIAN_POINT('',(-113.6080353544,60.,6.6));
#5878 = VERTEX_POINT('',#5879);
#5879 = CARTESIAN_POINT('',(-113.6080353544,60.,6.61));
#5880 = LINE('',#5881,#5882);
#5881 = CARTESIAN_POINT('',(-113.6080353544,60.,6.6));
#5882 = VECTOR('',#5883,1.);
#5883 = DIRECTION('',(0.,0.,1.));
#5884 = ORIENTED_EDGE('',*,*,#5885,.F.);
#5885 = EDGE_CURVE('',#5886,#5878,#5888,.T.);
#5886 = VERTEX_POINT('',#5887);
#5887 = CARTESIAN_POINT('',(-113.5938932188,60.,6.61));
#5888 = LINE('',#5889,#5890);
#5889 = CARTESIAN_POINT('',(-113.5938932188,60.,6.61));
#5890 = VECTOR('',#5891,1.);
#5891 = DIRECTION('',(-1.,0.,0.));
#5892 = ORIENTED_EDGE('',*,*,#5893,.F.);
#5893 = EDGE_CURVE('',#5894,#5886,#5896,.T.);
#5894 = VERTEX_POINT('',#5895);
#5895 = CARTESIAN_POINT('',(-113.5938932188,60.,6.6));
#5896 = LINE('',#5897,#5898);
#5897 = CARTESIAN_POINT('',(-113.5938932188,60.,6.6));
#5898 = VECTOR('',#5899,1.);
#5899 = DIRECTION('',(0.,0.,1.));
#5900 = ORIENTED_EDGE('',*,*,#5901,.F.);
#5901 = EDGE_CURVE('',#2379,#5894,#5902,.T.);
#5902 = LINE('',#5903,#5904);
#5903 = CARTESIAN_POINT('',(-115.301,60.,4.892893218814));
#5904 = VECTOR('',#5905,1.);
#5905 = DIRECTION('',(0.707106781187,0.,0.707106781187));
#5906 = ORIENTED_EDGE('',*,*,#2386,.F.);
#5907 = ORIENTED_EDGE('',*,*,#5843,.F.);
#5908 = ORIENTED_EDGE('',*,*,#5909,.F.);
#5909 = EDGE_CURVE('',#5876,#5844,#5910,.T.);
#5910 = LINE('',#5911,#5912);
#5911 = CARTESIAN_POINT('',(-113.9545176772,60.,6.253517677219));
#5912 = VECTOR('',#5913,1.);
#5913 = DIRECTION('',(-0.707106781187,-1.6E-16,-0.707106781187));
#5914 = PLANE('',#5915);
#5915 = AXIS2_PLACEMENT_3D('',#5916,#5917,#5918);
#5916 = CARTESIAN_POINT('',(-114.3842836315,60.,5.824861418025));
#5917 = DIRECTION('',(6.9E-16,1.,-1.E-15));
#5918 = DIRECTION('',(0.,1.E-15,1.));
#5919 = ADVANCED_FACE('',(#5920),#5938,.T.);
#5920 = FACE_BOUND('',#5921,.F.);
#5921 = EDGE_LOOP('',(#5922,#5923,#5924,#5932));
#5922 = ORIENTED_EDGE('',*,*,#5901,.F.);
#5923 = ORIENTED_EDGE('',*,*,#2378,.T.);
#5924 = ORIENTED_EDGE('',*,*,#5925,.T.);
#5925 = EDGE_CURVE('',#2371,#5926,#5928,.T.);
#5926 = VERTEX_POINT('',#5927);
#5927 = CARTESIAN_POINT('',(-113.5938932188,90.,6.6));
#5928 = LINE('',#5929,#5930);
#5929 = CARTESIAN_POINT('',(-115.301,90.,4.892893218814));
#5930 = VECTOR('',#5931,1.);
#5931 = DIRECTION('',(0.707106781187,0.,0.707106781187));
#5932 = ORIENTED_EDGE('',*,*,#5933,.F.);
#5933 = EDGE_CURVE('',#5894,#5926,#5934,.T.);
#5934 = LINE('',#5935,#5936);
#5935 = CARTESIAN_POINT('',(-113.5938932188,60.,6.6));
#5936 = VECTOR('',#5937,1.);
#5937 = DIRECTION('',(0.,1.,-2.2E-16));
#5938 = PLANE('',#5939);
#5939 = AXIS2_PLACEMENT_3D('',#5940,#5941,#5942);
#5940 = CARTESIAN_POINT('',(-115.301,60.,4.892893218814));
#5941 = DIRECTION('',(-0.707106781187,1.6E-16,0.707106781187));
#5942 = DIRECTION('',(-0.707106781187,-1.6E-16,-0.707106781187));
#5943 = ADVANCED_FACE('',(#5944),#5986,.T.);
#5944 = FACE_BOUND('',#5945,.T.);
#5945 = EDGE_LOOP('',(#5946,#5954,#5962,#5970,#5978,#5984,#5985));
#5946 = ORIENTED_EDGE('',*,*,#5947,.T.);
#5947 = EDGE_CURVE('',#5926,#5948,#5950,.T.);
#5948 = VERTEX_POINT('',#5949);
#5949 = CARTESIAN_POINT('',(-113.5938932188,90.,6.61));
#5950 = LINE('',#5951,#5952);
#5951 = CARTESIAN_POINT('',(-113.5938932188,90.,6.6));
#5952 = VECTOR('',#5953,1.);
#5953 = DIRECTION('',(0.,0.,1.));
#5954 = ORIENTED_EDGE('',*,*,#5955,.T.);
#5955 = EDGE_CURVE('',#5948,#5956,#5958,.T.);
#5956 = VERTEX_POINT('',#5957);
#5957 = CARTESIAN_POINT('',(-113.6080353544,90.,6.61));
#5958 = LINE('',#5959,#5960);
#5959 = CARTESIAN_POINT('',(-113.5938932188,90.,6.61));
#5960 = VECTOR('',#5961,1.);
#5961 = DIRECTION('',(-1.,0.,0.));
#5962 = ORIENTED_EDGE('',*,*,#5963,.F.);
#5963 = EDGE_CURVE('',#5964,#5956,#5966,.T.);
#5964 = VERTEX_POINT('',#5965);
#5965 = CARTESIAN_POINT('',(-113.6080353544,90.,6.6));
#5966 = LINE('',#5967,#5968);
#5967 = CARTESIAN_POINT('',(-113.6080353544,90.,6.6));
#5968 = VECTOR('',#5969,1.);
#5969 = DIRECTION('',(0.,0.,1.));
#5970 = ORIENTED_EDGE('',*,*,#5971,.T.);
#5971 = EDGE_CURVE('',#5964,#5972,#5974,.T.);
#5972 = VERTEX_POINT('',#5973);
#5973 = CARTESIAN_POINT('',(-115.301,90.,4.907035354437));
#5974 = LINE('',#5975,#5976);
#5975 = CARTESIAN_POINT('',(-113.9545176772,90.,6.253517677219));
#5976 = VECTOR('',#5977,1.);
#5977 = DIRECTION('',(-0.707106781187,-1.6E-16,-0.707106781187));
#5978 = ORIENTED_EDGE('',*,*,#5979,.T.);
#5979 = EDGE_CURVE('',#5972,#2363,#5980,.T.);
#5980 = LINE('',#5981,#5982);
#5981 = CARTESIAN_POINT('',(-115.301,90.,5.6));
#5982 = VECTOR('',#5983,1.);
#5983 = DIRECTION('',(-0.,0.,-1.));
#5984 = ORIENTED_EDGE('',*,*,#2370,.T.);
#5985 = ORIENTED_EDGE('',*,*,#5925,.T.);
#5986 = PLANE('',#5987);
#5987 = AXIS2_PLACEMENT_3D('',#5988,#5989,#5990);
#5988 = CARTESIAN_POINT('',(-114.3842836315,90.,5.824861418025));
#5989 = DIRECTION('',(-0.,-1.,-0.));
#5990 = DIRECTION('',(0.,0.,-1.));
#5991 = ADVANCED_FACE('',(#5992),#6018,.T.);
#5992 = FACE_BOUND('',#5993,.F.);
#5993 = EDGE_LOOP('',(#5994,#5995,#5996,#6004,#6012));
#5994 = ORIENTED_EDGE('',*,*,#5979,.T.);
#5995 = ORIENTED_EDGE('',*,*,#2362,.F.);
#5996 = ORIENTED_EDGE('',*,*,#5997,.T.);
#5997 = EDGE_CURVE('',#2354,#5998,#6000,.T.);
#5998 = VERTEX_POINT('',#5999);
#5999 = CARTESIAN_POINT('',(-115.301,139.,5.6));
#6000 = LINE('',#6001,#6002);
#6001 = CARTESIAN_POINT('',(-115.301,139.,4.9));
#6002 = VECTOR('',#6003,1.);
#6003 = DIRECTION('',(0.,0.,1.));
#6004 = ORIENTED_EDGE('',*,*,#6005,.T.);
#6005 = EDGE_CURVE('',#5998,#6006,#6008,.T.);
#6006 = VERTEX_POINT('',#6007);
#6007 = CARTESIAN_POINT('',(-115.301,90.49,5.6));
#6008 = LINE('',#6009,#6010);
#6009 = CARTESIAN_POINT('',(-115.301,139.,5.6));
#6010 = VECTOR('',#6011,1.);
#6011 = DIRECTION('',(-0.,-1.,-0.));
#6012 = ORIENTED_EDGE('',*,*,#6013,.F.);
#6013 = EDGE_CURVE('',#5972,#6006,#6014,.T.);
#6014 = LINE('',#6015,#6016);
#6015 = CARTESIAN_POINT('',(-115.301,98.564044011452,17.018422544193));
#6016 = VECTOR('',#6017,1.);
#6017 = DIRECTION('',(0.,0.57735026919,0.816496580928));
#6018 = PLANE('',#6019);
#6019 = AXIS2_PLACEMENT_3D('',#6020,#6021,#6022);
#6020 = CARTESIAN_POINT('',(-115.301,139.,4.9));
#6021 = DIRECTION('',(-1.,-0.,-0.));
#6022 = DIRECTION('',(0.,1.,0.));
#6023 = ADVANCED_FACE('',(#6024),#6036,.T.);
#6024 = FACE_BOUND('',#6025,.T.);
#6025 = EDGE_LOOP('',(#6026,#6027,#6034,#6035));
#6026 = ORIENTED_EDGE('',*,*,#5997,.T.);
#6027 = ORIENTED_EDGE('',*,*,#6028,.F.);
#6028 = EDGE_CURVE('',#5133,#5998,#6029,.T.);
#6029 = CIRCLE('',#6030,11.);
#6030 = AXIS2_PLACEMENT_3D('',#6031,#6032,#6033);
#6031 = CARTESIAN_POINT('',(-104.301,139.,5.6));
#6032 = DIRECTION('',(0.,-0.,1.));
#6033 = DIRECTION('',(2.58E-15,1.,0.));
#6034 = ORIENTED_EDGE('',*,*,#5156,.F.);
#6035 = ORIENTED_EDGE('',*,*,#2353,.F.);
#6036 = CYLINDRICAL_SURFACE('',#6037,11.);
#6037 = AXIS2_PLACEMENT_3D('',#6038,#6039,#6040);
#6038 = CARTESIAN_POINT('',(-104.301,139.,4.9));
#6039 = DIRECTION('',(0.,0.,-1.));
#6040 = DIRECTION('',(-1.,0.,0.));
#6041 = ADVANCED_FACE('',(#6042),#6069,.T.);
#6042 = FACE_BOUND('',#6043,.F.);
#6043 = EDGE_LOOP('',(#6044,#6052,#6058,#6059,#6065,#6066,#6067,#6068));
#6044 = ORIENTED_EDGE('',*,*,#6045,.F.);
#6045 = EDGE_CURVE('',#6046,#2542,#6048,.T.);
#6046 = VERTEX_POINT('',#6047);
#6047 = CARTESIAN_POINT('',(-101.301,148.5,2.3));
#6048 = LINE('',#6049,#6050);
#6049 = CARTESIAN_POINT('',(-100.301,148.5,2.3));
#6050 = VECTOR('',#6051,1.);
#6051 = DIRECTION('',(-1.,-0.,-0.));
#6052 = ORIENTED_EDGE('',*,*,#6053,.F.);
#6053 = EDGE_CURVE('',#4759,#6046,#6054,.T.);
#6054 = LINE('',#6055,#6056);
#6055 = CARTESIAN_POINT('',(-101.301,148.5,3.8));
#6056 = VECTOR('',#6057,1.);
#6057 = DIRECTION('',(-0.,-0.,-1.));
#6058 = ORIENTED_EDGE('',*,*,#4767,.F.);
#6059 = ORIENTED_EDGE('',*,*,#6060,.T.);
#6060 = EDGE_CURVE('',#4768,#5223,#6061,.T.);
#6061 = LINE('',#6062,#6063);
#6062 = CARTESIAN_POINT('',(-20.001,148.5,3.8));
#6063 = VECTOR('',#6064,1.);
#6064 = DIRECTION('',(-0.,-0.,-1.));
#6065 = ORIENTED_EDGE('',*,*,#5231,.F.);
#6066 = ORIENTED_EDGE('',*,*,#5172,.F.);
#6067 = ORIENTED_EDGE('',*,*,#2329,.T.);
#6068 = ORIENTED_EDGE('',*,*,#2541,.T.);
#6069 = PLANE('',#6070);
#6070 = AXIS2_PLACEMENT_3D('',#6071,#6072,#6073);
#6071 = CARTESIAN_POINT('',(-57.06587765877,148.5,4.134219340735));
#6072 = DIRECTION('',(0.,1.,0.));
#6073 = DIRECTION('',(0.,0.,-1.));
#6074 = ADVANCED_FACE('',(#6075),#6081,.F.);
#6075 = FACE_BOUND('',#6076,.T.);
#6076 = EDGE_LOOP('',(#6077,#6078,#6079,#6080));
#6077 = ORIENTED_EDGE('',*,*,#5075,.F.);
#6078 = ORIENTED_EDGE('',*,*,#2485,.T.);
#6079 = ORIENTED_EDGE('',*,*,#2450,.T.);
#6080 = ORIENTED_EDGE('',*,*,#5405,.F.);
#6081 = PLANE('',#6082);
#6082 = AXIS2_PLACEMENT_3D('',#6083,#6084,#6085);
#6083 = CARTESIAN_POINT('',(-110.601,12.9,6.7));
#6084 = DIRECTION('',(0.,-0.707106781187,-0.707106781187));
#6085 = DIRECTION('',(1.,0.,0.));
#6086 = ADVANCED_FACE('',(#6087),#6106,.T.);
#6087 = FACE_BOUND('',#6088,.T.);
#6088 = EDGE_LOOP('',(#6089,#6097,#6104,#6105));
#6089 = ORIENTED_EDGE('',*,*,#6090,.F.);
#6090 = EDGE_CURVE('',#6091,#2542,#6093,.T.);
#6091 = VERTEX_POINT('',#6092);
#6092 = CARTESIAN_POINT('',(-104.301,148.,1.8));
#6093 = LINE('',#6094,#6095);
#6094 = CARTESIAN_POINT('',(-104.301,148.25,2.05));
#6095 = VECTOR('',#6096,1.);
#6096 = DIRECTION('',(0.,0.707106781187,0.707106781187));
#6097 = ORIENTED_EDGE('',*,*,#6098,.T.);
#6098 = EDGE_CURVE('',#6091,#2501,#6099,.T.);
#6099 = CIRCLE('',#6100,9.);
#6100 = AXIS2_PLACEMENT_3D('',#6101,#6102,#6103);
#6101 = CARTESIAN_POINT('',(-104.301,139.,1.8));
#6102 = DIRECTION('',(0.,-0.,1.));
#6103 = DIRECTION('',(0.,1.,0.));
#6104 = ORIENTED_EDGE('',*,*,#2500,.T.);
#6105 = ORIENTED_EDGE('',*,*,#2549,.F.);
#6106 = CONICAL_SURFACE('',#6107,9.5,0.785398163397);
#6107 = AXIS2_PLACEMENT_3D('',#6108,#6109,#6110);
#6108 = CARTESIAN_POINT('',(-104.301,139.,2.3));
#6109 = DIRECTION('',(0.,0.,1.));
#6110 = DIRECTION('',(0.,1.,0.));
#6111 = ADVANCED_FACE('',(#6112,#6140),#6151,.F.);
#6112 = FACE_BOUND('',#6113,.T.);
#6113 = EDGE_LOOP('',(#6114,#6115,#6116,#6117,#6125,#6133));
#6114 = ORIENTED_EDGE('',*,*,#4589,.F.);
#6115 = ORIENTED_EDGE('',*,*,#2508,.F.);
#6116 = ORIENTED_EDGE('',*,*,#6098,.F.);
#6117 = ORIENTED_EDGE('',*,*,#6118,.F.);
#6118 = EDGE_CURVE('',#6119,#6091,#6121,.T.);
#6119 = VERTEX_POINT('',#6120);
#6120 = CARTESIAN_POINT('',(-100.801,148.,1.8));
#6121 = LINE('',#6122,#6123);
#6122 = CARTESIAN_POINT('',(-100.301,148.,1.8));
#6123 = VECTOR('',#6124,1.);
#6124 = DIRECTION('',(-1.,-0.,-0.));
#6125 = ORIENTED_EDGE('',*,*,#6126,.F.);
#6126 = EDGE_CURVE('',#6127,#6119,#6129,.T.);
#6127 = VERTEX_POINT('',#6128);
#6128 = CARTESIAN_POINT('',(-100.801,139.00001902427,1.8));
#6129 = LINE('',#6130,#6131);
#6130 = CARTESIAN_POINT('',(-100.801,139.00002174202,1.8));
#6131 = VECTOR('',#6132,1.);
#6132 = DIRECTION('',(0.,1.,0.));
#6133 = ORIENTED_EDGE('',*,*,#6134,.F.);
#6134 = EDGE_CURVE('',#4590,#6127,#6135,.T.);
#6135 = CIRCLE('',#6136,3.5);
#6136 = AXIS2_PLACEMENT_3D('',#6137,#6138,#6139);
#6137 = CARTESIAN_POINT('',(-104.301,139.,1.8));
#6138 = DIRECTION('',(-0.,0.,1.));
#6139 = DIRECTION('',(0.,-1.,0.));
#6140 = FACE_BOUND('',#6141,.T.);
#6141 = EDGE_LOOP('',(#6142));
#6142 = ORIENTED_EDGE('',*,*,#6143,.T.);
#6143 = EDGE_CURVE('',#6144,#6144,#6146,.T.);
#6144 = VERTEX_POINT('',#6145);
#6145 = CARTESIAN_POINT('',(-105.701,139.,1.8));
#6146 = CIRCLE('',#6147,1.4);
#6147 = AXIS2_PLACEMENT_3D('',#6148,#6149,#6150);
#6148 = CARTESIAN_POINT('',(-104.301,139.,1.8));
#6149 = DIRECTION('',(0.,0.,1.));
#6150 = DIRECTION('',(-1.,0.,0.));
#6151 = PLANE('',#6152);
#6152 = AXIS2_PLACEMENT_3D('',#6153,#6154,#6155);
#6153 = CARTESIAN_POINT('',(-59.67962026661,98.528687041931,1.8));
#6154 = DIRECTION('',(0.,0.,1.));
#6155 = DIRECTION('',(1.,0.,0.));
#6156 = ADVANCED_FACE('',(#6157),#6163,.F.);
#6157 = FACE_BOUND('',#6158,.F.);
#6158 = EDGE_LOOP('',(#6159,#6160,#6161,#6162));
#6159 = ORIENTED_EDGE('',*,*,#4742,.F.);
#6160 = ORIENTED_EDGE('',*,*,#5786,.T.);
#6161 = ORIENTED_EDGE('',*,*,#3122,.T.);
#6162 = ORIENTED_EDGE('',*,*,#2659,.F.);
#6163 = PLANE('',#6164);
#6164 = AXIS2_PLACEMENT_3D('',#6165,#6166,#6167);
#6165 = CARTESIAN_POINT('',(-110.501,137.,6.7));
#6166 = DIRECTION('',(0.707106781187,0.,-0.707106781187));
#6167 = DIRECTION('',(0.,-1.,0.));
#6168 = ADVANCED_FACE('',(#6169),#6180,.T.);
#6169 = FACE_BOUND('',#6170,.T.);
#6170 = EDGE_LOOP('',(#6171,#6172,#6173,#6179));
#6171 = ORIENTED_EDGE('',*,*,#5276,.T.);
#6172 = ORIENTED_EDGE('',*,*,#2764,.T.);
#6173 = ORIENTED_EDGE('',*,*,#6174,.F.);
#6174 = EDGE_CURVE('',#2694,#2757,#6175,.T.);
#6175 = LINE('',#6176,#6177);
#6176 = CARTESIAN_POINT('',(-8.884,116.1,5.1));
#6177 = VECTOR('',#6178,1.);
#6178 = DIRECTION('',(0.,-1.,0.));
#6179 = ORIENTED_EDGE('',*,*,#2693,.F.);
#6180 = PLANE('',#6181);
#6181 = AXIS2_PLACEMENT_3D('',#6182,#6183,#6184);
#6182 = CARTESIAN_POINT('',(-8.884,116.1,5.3));
#6183 = DIRECTION('',(1.,0.,0.));
#6184 = DIRECTION('',(0.,2.2E-16,-1.));
#6185 = ADVANCED_FACE('',(#6186),#6197,.T.);
#6186 = FACE_BOUND('',#6187,.T.);
#6187 = EDGE_LOOP('',(#6188,#6189,#6190,#6196));
#6188 = ORIENTED_EDGE('',*,*,#6174,.T.);
#6189 = ORIENTED_EDGE('',*,*,#2756,.T.);
#6190 = ORIENTED_EDGE('',*,*,#6191,.F.);
#6191 = EDGE_CURVE('',#2702,#2749,#6192,.T.);
#6192 = LINE('',#6193,#6194);
#6193 = CARTESIAN_POINT('',(-9.484,116.1,5.1));
#6194 = VECTOR('',#6195,1.);
#6195 = DIRECTION('',(0.,-1.,0.));
#6196 = ORIENTED_EDGE('',*,*,#2701,.F.);
#6197 = PLANE('',#6198);
#6198 = AXIS2_PLACEMENT_3D('',#6199,#6200,#6201);
#6199 = CARTESIAN_POINT('',(-8.884,116.1,5.1));
#6200 = DIRECTION('',(0.,0.,-1.));
#6201 = DIRECTION('',(-1.,0.,0.));
#6202 = ADVANCED_FACE('',(#6203),#6209,.T.);
#6203 = FACE_BOUND('',#6204,.T.);
#6204 = EDGE_LOOP('',(#6205,#6206,#6207,#6208));
#6205 = ORIENTED_EDGE('',*,*,#6191,.T.);
#6206 = ORIENTED_EDGE('',*,*,#2748,.T.);
#6207 = ORIENTED_EDGE('',*,*,#2733,.F.);
#6208 = ORIENTED_EDGE('',*,*,#2709,.F.);
#6209 = PLANE('',#6210);
#6210 = AXIS2_PLACEMENT_3D('',#6211,#6212,#6213);
#6211 = CARTESIAN_POINT('',(-9.484,116.1,5.1));
#6212 = DIRECTION('',(-0.707106781187,-0.,-0.707106781187));
#6213 = DIRECTION('',(-0.707106781187,-1.6E-16,0.707106781187));
#6214 = ADVANCED_FACE('',(#6215),#6226,.F.);
#6215 = FACE_BOUND('',#6216,.F.);
#6216 = EDGE_LOOP('',(#6217,#6218,#6219,#6225));
#6217 = ORIENTED_EDGE('',*,*,#5293,.T.);
#6218 = ORIENTED_EDGE('',*,*,#2806,.T.);
#6219 = ORIENTED_EDGE('',*,*,#6220,.F.);
#6220 = EDGE_CURVE('',#2870,#2807,#6221,.T.);
#6221 = LINE('',#6222,#6223);
#6222 = CARTESIAN_POINT('',(-8.884,58.1,5.1));
#6223 = VECTOR('',#6224,1.);
#6224 = DIRECTION('',(0.,1.,0.));
#6225 = ORIENTED_EDGE('',*,*,#2877,.F.);
#6226 = PLANE('',#6227);
#6227 = AXIS2_PLACEMENT_3D('',#6228,#6229,#6230);
#6228 = CARTESIAN_POINT('',(-8.884,58.1,5.3));
#6229 = DIRECTION('',(-1.,-0.,-0.));
#6230 = DIRECTION('',(0.,2.2E-16,-1.));
#6231 = ADVANCED_FACE('',(#6232),#6243,.F.);
#6232 = FACE_BOUND('',#6233,.F.);
#6233 = EDGE_LOOP('',(#6234,#6235,#6236,#6242));
#6234 = ORIENTED_EDGE('',*,*,#6220,.T.);
#6235 = ORIENTED_EDGE('',*,*,#2814,.T.);
#6236 = ORIENTED_EDGE('',*,*,#6237,.F.);
#6237 = EDGE_CURVE('',#2862,#2815,#6238,.T.);
#6238 = LINE('',#6239,#6240);
#6239 = CARTESIAN_POINT('',(-9.484,58.1,5.1));
#6240 = VECTOR('',#6241,1.);
#6241 = DIRECTION('',(0.,1.,0.));
#6242 = ORIENTED_EDGE('',*,*,#2869,.F.);
#6243 = PLANE('',#6244);
#6244 = AXIS2_PLACEMENT_3D('',#6245,#6246,#6247);
#6245 = CARTESIAN_POINT('',(-8.884,58.1,5.1));
#6246 = DIRECTION('',(0.,0.,1.));
#6247 = DIRECTION('',(-1.,0.,0.));
#6248 = ADVANCED_FACE('',(#6249),#6255,.F.);
#6249 = FACE_BOUND('',#6250,.F.);
#6250 = EDGE_LOOP('',(#6251,#6252,#6253,#6254));
#6251 = ORIENTED_EDGE('',*,*,#6237,.T.);
#6252 = ORIENTED_EDGE('',*,*,#2822,.T.);
#6253 = ORIENTED_EDGE('',*,*,#2846,.F.);
#6254 = ORIENTED_EDGE('',*,*,#2861,.F.);
#6255 = PLANE('',#6256);
#6256 = AXIS2_PLACEMENT_3D('',#6257,#6258,#6259);
#6257 = CARTESIAN_POINT('',(-9.484,58.1,5.1));
#6258 = DIRECTION('',(0.707106781187,0.,0.707106781187));
#6259 = DIRECTION('',(-0.707106781187,-1.6E-16,0.707106781187));
#6260 = ADVANCED_FACE('',(#6261),#6277,.F.);
#6261 = FACE_BOUND('',#6262,.F.);
#6262 = EDGE_LOOP('',(#6263,#6269,#6270,#6276));
#6263 = ORIENTED_EDGE('',*,*,#6264,.F.);
#6264 = EDGE_CURVE('',#5720,#2902,#6265,.T.);
#6265 = LINE('',#6266,#6267);
#6266 = CARTESIAN_POINT('',(-18.709,24.5,6.705));
#6267 = VECTOR('',#6268,1.);
#6268 = DIRECTION('',(-0.707106781187,0.,-0.707106781187));
#6269 = ORIENTED_EDGE('',*,*,#5719,.T.);
#6270 = ORIENTED_EDGE('',*,*,#6271,.T.);
#6271 = EDGE_CURVE('',#5710,#2904,#6272,.T.);
#6272 = LINE('',#6273,#6274);
#6273 = CARTESIAN_POINT('',(-20.804,22.405,6.705));
#6274 = VECTOR('',#6275,1.);
#6275 = DIRECTION('',(0.,0.707106781187,-0.707106781187));
#6276 = ORIENTED_EDGE('',*,*,#2901,.F.);
#6277 = CONICAL_SURFACE('',#6278,2.,0.785398163397);
#6278 = AXIS2_PLACEMENT_3D('',#6279,#6280,#6281);
#6279 = CARTESIAN_POINT('',(-20.804,24.5,6.61));
#6280 = DIRECTION('',(0.,0.,1.));
#6281 = DIRECTION('',(1.,-9.059E-14,0.));
#6282 = ADVANCED_FACE('',(#6283),#6294,.F.);
#6283 = FACE_BOUND('',#6284,.F.);
#6284 = EDGE_LOOP('',(#6285,#6291,#6292,#6293));
#6285 = ORIENTED_EDGE('',*,*,#6286,.F.);
#6286 = EDGE_CURVE('',#5729,#2935,#6287,.T.);
#6287 = LINE('',#6288,#6289);
#6288 = CARTESIAN_POINT('',(-18.804,139.5,6.61));
#6289 = VECTOR('',#6290,1.);
#6290 = DIRECTION('',(-0.707106781187,-4.E-17,-0.707106781187));
#6291 = ORIENTED_EDGE('',*,*,#5728,.T.);
#6292 = ORIENTED_EDGE('',*,*,#6264,.T.);
#6293 = ORIENTED_EDGE('',*,*,#2934,.F.);
#6294 = PLANE('',#6295);
#6295 = AXIS2_PLACEMENT_3D('',#6296,#6297,#6298);
#6296 = CARTESIAN_POINT('',(-18.709,139.5,6.705));
#6297 = DIRECTION('',(0.707106781187,0.,-0.707106781187));
#6298 = DIRECTION('',(0.,-1.,0.));
#6299 = ADVANCED_FACE('',(#6300),#6311,.F.);
#6300 = FACE_BOUND('',#6301,.F.);
#6301 = EDGE_LOOP('',(#6302,#6308,#6309,#6310));
#6302 = ORIENTED_EDGE('',*,*,#6303,.F.);
#6303 = EDGE_CURVE('',#5737,#2958,#6304,.T.);
#6304 = LINE('',#6305,#6306);
#6305 = CARTESIAN_POINT('',(-20.804,141.595,6.705));
#6306 = VECTOR('',#6307,1.);
#6307 = DIRECTION('',(0.,-0.707106781187,-0.707106781187));
#6308 = ORIENTED_EDGE('',*,*,#5736,.T.);
#6309 = ORIENTED_EDGE('',*,*,#6286,.T.);
#6310 = ORIENTED_EDGE('',*,*,#2957,.F.);
#6311 = CONICAL_SURFACE('',#6312,2.,0.785398163397);
#6312 = AXIS2_PLACEMENT_3D('',#6313,#6314,#6315);
#6313 = CARTESIAN_POINT('',(-20.804,139.5,6.61));
#6314 = DIRECTION('',(0.,0.,1.));
#6315 = DIRECTION('',(0.,1.,0.));
#6316 = ADVANCED_FACE('',(#6317),#6328,.F.);
#6317 = FACE_BOUND('',#6318,.F.);
#6318 = EDGE_LOOP('',(#6319,#6325,#6326,#6327));
#6319 = ORIENTED_EDGE('',*,*,#6320,.F.);
#6320 = EDGE_CURVE('',#5746,#2984,#6321,.T.);
#6321 = LINE('',#6322,#6323);
#6322 = CARTESIAN_POINT('',(-104.801,141.5,6.61));
#6323 = VECTOR('',#6324,1.);
#6324 = DIRECTION('',(4.E-17,-0.707106781187,-0.707106781187));
#6325 = ORIENTED_EDGE('',*,*,#5745,.T.);
#6326 = ORIENTED_EDGE('',*,*,#6303,.T.);
#6327 = ORIENTED_EDGE('',*,*,#2983,.F.);
#6328 = PLANE('',#6329);
#6329 = AXIS2_PLACEMENT_3D('',#6330,#6331,#6332);
#6330 = CARTESIAN_POINT('',(-104.801,141.595,6.705));
#6331 = DIRECTION('',(0.,0.707106781187,-0.707106781187));
#6332 = DIRECTION('',(1.,0.,0.));
#6333 = ADVANCED_FACE('',(#6334),#6345,.F.);
#6334 = FACE_BOUND('',#6335,.F.);
#6335 = EDGE_LOOP('',(#6336,#6342,#6343,#6344));
#6336 = ORIENTED_EDGE('',*,*,#6337,.F.);
#6337 = EDGE_CURVE('',#5754,#3007,#6338,.T.);
#6338 = LINE('',#6339,#6340);
#6339 = CARTESIAN_POINT('',(-106.896,139.5,6.705));
#6340 = VECTOR('',#6341,1.);
#6341 = DIRECTION('',(0.707106781187,0.,-0.707106781187));
#6342 = ORIENTED_EDGE('',*,*,#5753,.T.);
#6343 = ORIENTED_EDGE('',*,*,#6320,.T.);
#6344 = ORIENTED_EDGE('',*,*,#3006,.F.);
#6345 = CONICAL_SURFACE('',#6346,2.,0.785398163397);
#6346 = AXIS2_PLACEMENT_3D('',#6347,#6348,#6349);
#6347 = CARTESIAN_POINT('',(-104.801,139.5,6.61));
#6348 = DIRECTION('',(0.,0.,1.));
#6349 = DIRECTION('',(-1.,0.,0.));
#6350 = ADVANCED_FACE('',(#6351),#6362,.F.);
#6351 = FACE_BOUND('',#6352,.F.);
#6352 = EDGE_LOOP('',(#6353,#6359,#6360,#6361));
#6353 = ORIENTED_EDGE('',*,*,#6354,.F.);
#6354 = EDGE_CURVE('',#5763,#3033,#6355,.T.);
#6355 = LINE('',#6356,#6357);
#6356 = CARTESIAN_POINT('',(-106.801,24.5,6.61));
#6357 = VECTOR('',#6358,1.);
#6358 = DIRECTION('',(0.707106781187,4.E-17,-0.707106781187));
#6359 = ORIENTED_EDGE('',*,*,#5762,.T.);
#6360 = ORIENTED_EDGE('',*,*,#6337,.T.);
#6361 = ORIENTED_EDGE('',*,*,#3032,.F.);
#6362 = PLANE('',#6363);
#6363 = AXIS2_PLACEMENT_3D('',#6364,#6365,#6366);
#6364 = CARTESIAN_POINT('',(-106.896,24.5,6.705));
#6365 = DIRECTION('',(-0.707106781187,0.,-0.707106781187));
#6366 = DIRECTION('',(0.,1.,0.));
#6367 = ADVANCED_FACE('',(#6368),#6379,.F.);
#6368 = FACE_BOUND('',#6369,.F.);
#6369 = EDGE_LOOP('',(#6370,#6376,#6377,#6378));
#6370 = ORIENTED_EDGE('',*,*,#6371,.F.);
#6371 = EDGE_CURVE('',#5712,#3056,#6372,.T.);
#6372 = LINE('',#6373,#6374);
#6373 = CARTESIAN_POINT('',(-104.801,22.405,6.705));
#6374 = VECTOR('',#6375,1.);
#6375 = DIRECTION('',(0.,0.707106781187,-0.707106781187));
#6376 = ORIENTED_EDGE('',*,*,#5770,.T.);
#6377 = ORIENTED_EDGE('',*,*,#6354,.T.);
#6378 = ORIENTED_EDGE('',*,*,#3055,.F.);
#6379 = CONICAL_SURFACE('',#6380,2.,0.785398163397);
#6380 = AXIS2_PLACEMENT_3D('',#6381,#6382,#6383);
#6381 = CARTESIAN_POINT('',(-104.801,24.5,6.61));
#6382 = DIRECTION('',(0.,0.,1.));
#6383 = DIRECTION('',(1.421E-14,-1.,0.));
#6384 = ADVANCED_FACE('',(#6385),#6391,.F.);
#6385 = FACE_BOUND('',#6386,.F.);
#6386 = EDGE_LOOP('',(#6387,#6388,#6389,#6390));
#6387 = ORIENTED_EDGE('',*,*,#6271,.F.);
#6388 = ORIENTED_EDGE('',*,*,#5709,.T.);
#6389 = ORIENTED_EDGE('',*,*,#6371,.T.);
#6390 = ORIENTED_EDGE('',*,*,#3081,.F.);
#6391 = PLANE('',#6392);
#6392 = AXIS2_PLACEMENT_3D('',#6393,#6394,#6395);
#6393 = CARTESIAN_POINT('',(-20.804,22.405,6.705));
#6394 = DIRECTION('',(0.,-0.707106781187,-0.707106781187));
#6395 = DIRECTION('',(-1.,0.,0.));
#6396 = ADVANCED_FACE('',(#6397),#6403,.F.);
#6397 = FACE_BOUND('',#6398,.T.);
#6398 = EDGE_LOOP('',(#6399,#6400,#6401,#6402));
#6399 = ORIENTED_EDGE('',*,*,#4726,.F.);
#6400 = ORIENTED_EDGE('',*,*,#5779,.T.);
#6401 = ORIENTED_EDGE('',*,*,#3138,.T.);
#6402 = ORIENTED_EDGE('',*,*,#3108,.F.);
#6403 = PLANE('',#6404);
#6404 = AXIS2_PLACEMENT_3D('',#6405,#6406,#6407);
#6405 = CARTESIAN_POINT('',(-113.601,137.,6.7));
#6406 = DIRECTION('',(-0.707106781187,-0.,-0.707106781187));
#6407 = DIRECTION('',(0.,1.,0.));
#6408 = ADVANCED_FACE('',(#6409),#6428,.T.);
#6409 = FACE_BOUND('',#6410,.F.);
#6410 = EDGE_LOOP('',(#6411,#6419,#6420,#6421));
#6411 = ORIENTED_EDGE('',*,*,#6412,.F.);
#6412 = EDGE_CURVE('',#3183,#6413,#6415,.T.);
#6413 = VERTEX_POINT('',#6414);
#6414 = CARTESIAN_POINT('',(-20.501,11.,1.8));
#6415 = LINE('',#6416,#6417);
#6416 = CARTESIAN_POINT('',(-21.001,11.,2.3));
#6417 = VECTOR('',#6418,1.);
#6418 = DIRECTION('',(0.707106781187,0.,-0.707106781187));
#6419 = ORIENTED_EDGE('',*,*,#3190,.T.);
#6420 = ORIENTED_EDGE('',*,*,#6412,.T.);
#6421 = ORIENTED_EDGE('',*,*,#6422,.F.);
#6422 = EDGE_CURVE('',#6413,#6413,#6423,.T.);
#6423 = CIRCLE('',#6424,3.5);
#6424 = AXIS2_PLACEMENT_3D('',#6425,#6426,#6427);
#6425 = CARTESIAN_POINT('',(-17.001,11.,1.8));
#6426 = DIRECTION('',(0.,0.,1.));
#6427 = DIRECTION('',(-1.,0.,0.));
#6428 = CONICAL_SURFACE('',#6429,4.,0.785398163397);
#6429 = AXIS2_PLACEMENT_3D('',#6430,#6431,#6432);
#6430 = CARTESIAN_POINT('',(-17.001,11.,2.3));
#6431 = DIRECTION('',(0.,0.,1.));
#6432 = DIRECTION('',(-1.,0.,0.));
#6433 = ADVANCED_FACE('',(#6434),#6445,.T.);
#6434 = FACE_BOUND('',#6435,.F.);
#6435 = EDGE_LOOP('',(#6436,#6442,#6443,#6444));
#6436 = ORIENTED_EDGE('',*,*,#6437,.T.);
#6437 = EDGE_CURVE('',#3256,#3296,#6438,.T.);
#6438 = LINE('',#6439,#6440);
#6439 = CARTESIAN_POINT('',(-28.301,3.8,2.1));
#6440 = VECTOR('',#6441,1.);
#6441 = DIRECTION('',(-1.,-0.,-0.));
#6442 = ORIENTED_EDGE('',*,*,#3303,.T.);
#6443 = ORIENTED_EDGE('',*,*,#3207,.F.);
#6444 = ORIENTED_EDGE('',*,*,#3263,.F.);
#6445 = PLANE('',#6446);
#6446 = AXIS2_PLACEMENT_3D('',#6447,#6448,#6449);
#6447 = CARTESIAN_POINT('',(-28.301,3.8,2.1));
#6448 = DIRECTION('',(0.,0.,-1.));
#6449 = DIRECTION('',(0.,1.,0.));
#6450 = ADVANCED_FACE('',(#6451),#6462,.T.);
#6451 = FACE_BOUND('',#6452,.F.);
#6452 = EDGE_LOOP('',(#6453,#6454,#6455,#6461));
#6453 = ORIENTED_EDGE('',*,*,#3320,.T.);
#6454 = ORIENTED_EDGE('',*,*,#3287,.T.);
#6455 = ORIENTED_EDGE('',*,*,#6456,.F.);
#6456 = EDGE_CURVE('',#3248,#3288,#6457,.T.);
#6457 = LINE('',#6458,#6459);
#6458 = CARTESIAN_POINT('',(-28.301,4.2,2.499999869282));
#6459 = VECTOR('',#6460,1.);
#6460 = DIRECTION('',(-1.,-0.,-0.));
#6461 = ORIENTED_EDGE('',*,*,#3247,.F.);
#6462 = PLANE('',#6463);
#6463 = AXIS2_PLACEMENT_3D('',#6464,#6465,#6466);
#6464 = CARTESIAN_POINT('',(-28.301,3.8,2.9));
#6465 = DIRECTION('',(0.,0.707106896726,0.707106665647));
#6466 = DIRECTION('',(0.,-0.707106665647,0.707106896726));
#6467 = ADVANCED_FACE('',(#6468),#6474,.T.);
#6468 = FACE_BOUND('',#6469,.F.);
#6469 = EDGE_LOOP('',(#6470,#6471,#6472,#6473));
#6470 = ORIENTED_EDGE('',*,*,#6456,.T.);
#6471 = ORIENTED_EDGE('',*,*,#3295,.T.);
#6472 = ORIENTED_EDGE('',*,*,#6437,.F.);
#6473 = ORIENTED_EDGE('',*,*,#3255,.F.);
#6474 = PLANE('',#6475);
#6475 = AXIS2_PLACEMENT_3D('',#6476,#6477,#6478);
#6476 = CARTESIAN_POINT('',(-28.301,4.2,2.499999869282));
#6477 = DIRECTION('',(0.,0.707106665647,-0.707106896726));
#6478 = DIRECTION('',(0.,0.707106896726,0.707106665647));
#6479 = ADVANCED_FACE('',(#6480),#6498,.F.);
#6480 = FACE_BOUND('',#6481,.T.);
#6481 = EDGE_LOOP('',(#6482,#6483,#6484,#6492));
#6482 = ORIENTED_EDGE('',*,*,#3352,.F.);
#6483 = ORIENTED_EDGE('',*,*,#3439,.T.);
#6484 = ORIENTED_EDGE('',*,*,#6485,.T.);
#6485 = EDGE_CURVE('',#3440,#6486,#6488,.T.);
#6486 = VERTEX_POINT('',#6487);
#6487 = CARTESIAN_POINT('',(-34.301,8.7,5.6));
#6488 = LINE('',#6489,#6490);
#6489 = CARTESIAN_POINT('',(-34.301,8.2,5.1));
#6490 = VECTOR('',#6491,1.);
#6491 = DIRECTION('',(1.75E-15,0.707106781187,0.707106781187));
#6492 = ORIENTED_EDGE('',*,*,#6493,.F.);
#6493 = EDGE_CURVE('',#3353,#6486,#6494,.T.);
#6494 = LINE('',#6495,#6496);
#6495 = CARTESIAN_POINT('',(-26.401,8.7,5.6));
#6496 = VECTOR('',#6497,1.);
#6497 = DIRECTION('',(-1.,2.47E-15,0.));
#6498 = PLANE('',#6499);
#6499 = AXIS2_PLACEMENT_3D('',#6500,#6501,#6502);
#6500 = CARTESIAN_POINT('',(-26.401,8.2,5.1));
#6501 = DIRECTION('',(-1.75E-15,-0.707106781187,0.707106781187));
#6502 = DIRECTION('',(1.,-2.477436867076E-15,-2.563132923542E-18));
#6503 = ADVANCED_FACE('',(#6504),#6599,.F.);
#6504 = FACE_BOUND('',#6505,.F.);
#6505 = EDGE_LOOP('',(#6506,#6507,#6515,#6524,#6532,#6539,#6540,#6541,
    #6550,#6558,#6567,#6575,#6584,#6592));
#6506 = ORIENTED_EDGE('',*,*,#3392,.T.);
#6507 = ORIENTED_EDGE('',*,*,#6508,.F.);
#6508 = EDGE_CURVE('',#6509,#3393,#6511,.T.);
#6509 = VERTEX_POINT('',#6510);
#6510 = CARTESIAN_POINT('',(-34.301,14.5,5.6));
#6511 = LINE('',#6512,#6513);
#6512 = CARTESIAN_POINT('',(-34.301,14.5,5.6));
#6513 = VECTOR('',#6514,1.);
#6514 = DIRECTION('',(1.,-2.47E-15,0.));
#6515 = ORIENTED_EDGE('',*,*,#6516,.F.);
#6516 = EDGE_CURVE('',#6517,#6509,#6519,.T.);
#6517 = VERTEX_POINT('',#6518);
#6518 = CARTESIAN_POINT('',(-36.201,12.6,5.6));
#6519 = CIRCLE('',#6520,1.9);
#6520 = AXIS2_PLACEMENT_3D('',#6521,#6522,#6523);
#6521 = CARTESIAN_POINT('',(-34.301,12.6,5.6));
#6522 = DIRECTION('',(0.,0.,-1.));
#6523 = DIRECTION('',(-1.,2.45E-15,0.));
#6524 = ORIENTED_EDGE('',*,*,#6525,.F.);
#6525 = EDGE_CURVE('',#6526,#6517,#6528,.T.);
#6526 = VERTEX_POINT('',#6527);
#6527 = CARTESIAN_POINT('',(-36.201,10.6,5.6));
#6528 = LINE('',#6529,#6530);
#6529 = CARTESIAN_POINT('',(-36.201,10.6,5.6));
#6530 = VECTOR('',#6531,1.);
#6531 = DIRECTION('',(-1.421E-14,1.,0.));
#6532 = ORIENTED_EDGE('',*,*,#6533,.F.);
#6533 = EDGE_CURVE('',#6486,#6526,#6534,.T.);
#6534 = CIRCLE('',#6535,1.9);
#6535 = AXIS2_PLACEMENT_3D('',#6536,#6537,#6538);
#6536 = CARTESIAN_POINT('',(-34.301,10.6,5.6));
#6537 = DIRECTION('',(-0.,-0.,-1.));
#6538 = DIRECTION('',(0.,-1.,0.));
#6539 = ORIENTED_EDGE('',*,*,#6493,.F.);
#6540 = ORIENTED_EDGE('',*,*,#3360,.F.);
#6541 = ORIENTED_EDGE('',*,*,#6542,.T.);
#6542 = EDGE_CURVE('',#3361,#6543,#6545,.T.);
#6543 = VERTEX_POINT('',#6544);
#6544 = CARTESIAN_POINT('',(-27.501,9.5,5.6));
#6545 = CIRCLE('',#6546,1.1);
#6546 = AXIS2_PLACEMENT_3D('',#6547,#6548,#6549);
#6547 = CARTESIAN_POINT('',(-27.501,10.6,5.6));
#6548 = DIRECTION('',(0.,0.,-1.));
#6549 = DIRECTION('',(1.,0.,0.));
#6550 = ORIENTED_EDGE('',*,*,#6551,.T.);
#6551 = EDGE_CURVE('',#6543,#6552,#6554,.T.);
#6552 = VERTEX_POINT('',#6553);
#6553 = CARTESIAN_POINT('',(-34.301,9.5,5.6));
#6554 = LINE('',#6555,#6556);
#6555 = CARTESIAN_POINT('',(-27.501,9.5,5.6));
#6556 = VECTOR('',#6557,1.);
#6557 = DIRECTION('',(-1.,0.,0.));
#6558 = ORIENTED_EDGE('',*,*,#6559,.T.);
#6559 = EDGE_CURVE('',#6552,#6560,#6562,.T.);
#6560 = VERTEX_POINT('',#6561);
#6561 = CARTESIAN_POINT('',(-35.401,10.6,5.6));
#6562 = CIRCLE('',#6563,1.1);
#6563 = AXIS2_PLACEMENT_3D('',#6564,#6565,#6566);
#6564 = CARTESIAN_POINT('',(-34.301,10.6,5.6));
#6565 = DIRECTION('',(0.,0.,-1.));
#6566 = DIRECTION('',(1.,0.,0.));
#6567 = ORIENTED_EDGE('',*,*,#6568,.T.);
#6568 = EDGE_CURVE('',#6560,#6569,#6571,.T.);
#6569 = VERTEX_POINT('',#6570);
#6570 = CARTESIAN_POINT('',(-35.401,12.6,5.6));
#6571 = LINE('',#6572,#6573);
#6572 = CARTESIAN_POINT('',(-35.401,11.6,5.6));
#6573 = VECTOR('',#6574,1.);
#6574 = DIRECTION('',(3.553E-14,1.,0.));
#6575 = ORIENTED_EDGE('',*,*,#6576,.T.);
#6576 = EDGE_CURVE('',#6569,#6577,#6579,.T.);
#6577 = VERTEX_POINT('',#6578);
#6578 = CARTESIAN_POINT('',(-34.301,13.7,5.6));
#6579 = CIRCLE('',#6580,1.1);
#6580 = AXIS2_PLACEMENT_3D('',#6581,#6582,#6583);
#6581 = CARTESIAN_POINT('',(-34.301,12.6,5.6));
#6582 = DIRECTION('',(0.,0.,-1.));
#6583 = DIRECTION('',(1.,0.,0.));
#6584 = ORIENTED_EDGE('',*,*,#6585,.F.);
#6585 = EDGE_CURVE('',#6586,#6577,#6588,.T.);
#6586 = VERTEX_POINT('',#6587);
#6587 = CARTESIAN_POINT('',(-27.501,13.7,5.6));
#6588 = LINE('',#6589,#6590);
#6589 = CARTESIAN_POINT('',(-27.501,13.7,5.6));
#6590 = VECTOR('',#6591,1.);
#6591 = DIRECTION('',(-1.,0.,0.));
#6592 = ORIENTED_EDGE('',*,*,#6593,.T.);
#6593 = EDGE_CURVE('',#6586,#3385,#6594,.T.);
#6594 = CIRCLE('',#6595,1.1);
#6595 = AXIS2_PLACEMENT_3D('',#6596,#6597,#6598);
#6596 = CARTESIAN_POINT('',(-27.501,12.6,5.6));
#6597 = DIRECTION('',(0.,0.,-1.));
#6598 = DIRECTION('',(1.,0.,0.));
#6599 = PLANE('',#6600);
#6600 = AXIS2_PLACEMENT_3D('',#6601,#6602,#6603);
#6601 = CARTESIAN_POINT('',(-62.801,11.6,5.6));
#6602 = DIRECTION('',(0.,0.,1.));
#6603 = DIRECTION('',(1.,0.,0.));
#6604 = ADVANCED_FACE('',(#6605),#6624,.F.);
#6605 = FACE_BOUND('',#6606,.F.);
#6606 = EDGE_LOOP('',(#6607,#6615,#6616,#6617));
#6607 = ORIENTED_EDGE('',*,*,#6608,.F.);
#6608 = EDGE_CURVE('',#6543,#6609,#6611,.T.);
#6609 = VERTEX_POINT('',#6610);
#6610 = CARTESIAN_POINT('',(-27.501,9.5,5.7));
#6611 = LINE('',#6612,#6613);
#6612 = CARTESIAN_POINT('',(-27.501,9.5,5.6));
#6613 = VECTOR('',#6614,1.);
#6614 = DIRECTION('',(0.,0.,1.));
#6615 = ORIENTED_EDGE('',*,*,#6542,.F.);
#6616 = ORIENTED_EDGE('',*,*,#3368,.T.);
#6617 = ORIENTED_EDGE('',*,*,#6618,.F.);
#6618 = EDGE_CURVE('',#6609,#3369,#6619,.T.);
#6619 = CIRCLE('',#6620,1.1);
#6620 = AXIS2_PLACEMENT_3D('',#6621,#6622,#6623);
#6621 = CARTESIAN_POINT('',(-27.501,10.6,5.7));
#6622 = DIRECTION('',(-0.,0.,1.));
#6623 = DIRECTION('',(3.23E-15,-1.,0.));
#6624 = CYLINDRICAL_SURFACE('',#6625,1.1);
#6625 = AXIS2_PLACEMENT_3D('',#6626,#6627,#6628);
#6626 = CARTESIAN_POINT('',(-27.501,10.6,5.6));
#6627 = DIRECTION('',(0.,0.,-1.));
#6628 = DIRECTION('',(1.,0.,0.));
#6629 = ADVANCED_FACE('',(#6630),#6655,.T.);
#6630 = FACE_BOUND('',#6631,.T.);
#6631 = EDGE_LOOP('',(#6632,#6642,#6648,#6649));
#6632 = ORIENTED_EDGE('',*,*,#6633,.T.);
#6633 = EDGE_CURVE('',#6634,#6636,#6638,.T.);
#6634 = VERTEX_POINT('',#6635);
#6635 = CARTESIAN_POINT('',(-25.501,10.6,6.6));
#6636 = VERTEX_POINT('',#6637);
#6637 = CARTESIAN_POINT('',(-25.501,12.6,6.6));
#6638 = LINE('',#6639,#6640);
#6639 = CARTESIAN_POINT('',(-25.501,11.6,6.6));
#6640 = VECTOR('',#6641,1.);
#6641 = DIRECTION('',(0.,1.,0.));
#6642 = ORIENTED_EDGE('',*,*,#6643,.T.);
#6643 = EDGE_CURVE('',#6636,#3377,#6644,.T.);
#6644 = LINE('',#6645,#6646);
#6645 = CARTESIAN_POINT('',(-25.951,12.6,6.15));
#6646 = VECTOR('',#6647,1.);
#6647 = DIRECTION('',(-0.707106781187,0.,-0.707106781187));
#6648 = ORIENTED_EDGE('',*,*,#3376,.F.);
#6649 = ORIENTED_EDGE('',*,*,#6650,.F.);
#6650 = EDGE_CURVE('',#6634,#3369,#6651,.T.);
#6651 = LINE('',#6652,#6653);
#6652 = CARTESIAN_POINT('',(-26.401,10.6,5.7));
#6653 = VECTOR('',#6654,1.);
#6654 = DIRECTION('',(-0.707106781187,2.31E-15,-0.707106781187));
#6655 = PLANE('',#6656);
#6656 = AXIS2_PLACEMENT_3D('',#6657,#6658,#6659);
#6657 = CARTESIAN_POINT('',(-25.951,11.6,6.15));
#6658 = DIRECTION('',(-0.707106781187,2.94E-15,0.707106781187));
#6659 = DIRECTION('',(-0.707106781187,0.,-0.707106781187));
#6660 = ADVANCED_FACE('',(#6661),#6680,.F.);
#6661 = FACE_BOUND('',#6662,.F.);
#6662 = EDGE_LOOP('',(#6663,#6664,#6665,#6673));
#6663 = ORIENTED_EDGE('',*,*,#3384,.F.);
#6664 = ORIENTED_EDGE('',*,*,#6593,.F.);
#6665 = ORIENTED_EDGE('',*,*,#6666,.T.);
#6666 = EDGE_CURVE('',#6586,#6667,#6669,.T.);
#6667 = VERTEX_POINT('',#6668);
#6668 = CARTESIAN_POINT('',(-27.501,13.7,5.7));
#6669 = LINE('',#6670,#6671);
#6670 = CARTESIAN_POINT('',(-27.501,13.7,5.6));
#6671 = VECTOR('',#6672,1.);
#6672 = DIRECTION('',(0.,0.,1.));
#6673 = ORIENTED_EDGE('',*,*,#6674,.F.);
#6674 = EDGE_CURVE('',#3377,#6667,#6675,.T.);
#6675 = CIRCLE('',#6676,1.1);
#6676 = AXIS2_PLACEMENT_3D('',#6677,#6678,#6679);
#6677 = CARTESIAN_POINT('',(-27.501,12.6,5.7));
#6678 = DIRECTION('',(-0.,0.,1.));
#6679 = DIRECTION('',(1.,-1.61E-15,0.));
#6680 = CYLINDRICAL_SURFACE('',#6681,1.1);
#6681 = AXIS2_PLACEMENT_3D('',#6682,#6683,#6684);
#6682 = CARTESIAN_POINT('',(-27.501,12.6,5.6));
#6683 = DIRECTION('',(0.,0.,-1.));
#6684 = DIRECTION('',(1.,0.,0.));
#6685 = ADVANCED_FACE('',(#6686),#6697,.T.);
#6686 = FACE_BOUND('',#6687,.T.);
#6687 = EDGE_LOOP('',(#6688,#6694,#6695,#6696));
#6688 = ORIENTED_EDGE('',*,*,#6689,.F.);
#6689 = EDGE_CURVE('',#3416,#6509,#6690,.T.);
#6690 = LINE('',#6691,#6692);
#6691 = CARTESIAN_POINT('',(-34.301,15.5,4.6));
#6692 = VECTOR('',#6693,1.);
#6693 = DIRECTION('',(8.2E-16,-0.707106781187,0.707106781187));
#6694 = ORIENTED_EDGE('',*,*,#3415,.T.);
#6695 = ORIENTED_EDGE('',*,*,#3400,.T.);
#6696 = ORIENTED_EDGE('',*,*,#6508,.F.);
#6697 = PLANE('',#6698);
#6698 = AXIS2_PLACEMENT_3D('',#6699,#6700,#6701);
#6699 = CARTESIAN_POINT('',(-34.301,15.,5.1));
#6700 = DIRECTION('',(-1.77E-15,-0.707106781187,-0.707106781187));
#6701 = DIRECTION('',(1.,-2.4915790027E-15,-1.157900270019E-17));
#6702 = ADVANCED_FACE('',(#6703),#6714,.F.);
#6703 = FACE_BOUND('',#6704,.T.);
#6704 = EDGE_LOOP('',(#6705,#6711,#6712,#6713));
#6705 = ORIENTED_EDGE('',*,*,#6706,.F.);
#6706 = EDGE_CURVE('',#3463,#6517,#6707,.T.);
#6707 = LINE('',#6708,#6709);
#6708 = CARTESIAN_POINT('',(-36.701,12.6,5.1));
#6709 = VECTOR('',#6710,1.);
#6710 = DIRECTION('',(0.707106781187,-3.015E-14,0.707106781187));
#6711 = ORIENTED_EDGE('',*,*,#3470,.T.);
#6712 = ORIENTED_EDGE('',*,*,#6689,.T.);
#6713 = ORIENTED_EDGE('',*,*,#6516,.F.);
#6714 = CONICAL_SURFACE('',#6715,2.9,0.785398163397);
#6715 = AXIS2_PLACEMENT_3D('',#6716,#6717,#6718);
#6716 = CARTESIAN_POINT('',(-34.301,12.6,4.6));
#6717 = DIRECTION('',(-0.,-0.,-1.));
#6718 = DIRECTION('',(-1.,2.45E-15,0.));
#6719 = ADVANCED_FACE('',(#6720),#6731,.F.);
#6720 = FACE_BOUND('',#6721,.T.);
#6721 = EDGE_LOOP('',(#6722,#6723,#6724,#6730));
#6722 = ORIENTED_EDGE('',*,*,#6485,.F.);
#6723 = ORIENTED_EDGE('',*,*,#3488,.T.);
#6724 = ORIENTED_EDGE('',*,*,#6725,.T.);
#6725 = EDGE_CURVE('',#3489,#6526,#6726,.T.);
#6726 = LINE('',#6727,#6728);
#6727 = CARTESIAN_POINT('',(-37.201,10.6,4.6));
#6728 = VECTOR('',#6729,1.);
#6729 = DIRECTION('',(0.707106781187,-1.06E-15,0.707106781187));
#6730 = ORIENTED_EDGE('',*,*,#6533,.F.);
#6731 = CONICAL_SURFACE('',#6732,2.9,0.785398163397);
#6732 = AXIS2_PLACEMENT_3D('',#6733,#6734,#6735);
#6733 = CARTESIAN_POINT('',(-34.301,10.6,4.6));
#6734 = DIRECTION('',(-0.,-0.,-1.));
#6735 = DIRECTION('',(0.,-1.,0.));
#6736 = ADVANCED_FACE('',(#6737),#6743,.T.);
#6737 = FACE_BOUND('',#6738,.T.);
#6738 = EDGE_LOOP('',(#6739,#6740,#6741,#6742));
#6739 = ORIENTED_EDGE('',*,*,#3512,.T.);
#6740 = ORIENTED_EDGE('',*,*,#6706,.T.);
#6741 = ORIENTED_EDGE('',*,*,#6525,.F.);
#6742 = ORIENTED_EDGE('',*,*,#6725,.F.);
#6743 = PLANE('',#6744);
#6744 = AXIS2_PLACEMENT_3D('',#6745,#6746,#6747);
#6745 = CARTESIAN_POINT('',(-36.701,11.6,5.1));
#6746 = DIRECTION('',(0.707106781187,-1.032E-14,-0.707106781187));
#6747 = DIRECTION('',(0.707106781187,7.88860905221E-31,0.707106781187));
#6748 = ADVANCED_FACE('',(#6749),#6760,.F.);
#6749 = FACE_BOUND('',#6750,.T.);
#6750 = EDGE_LOOP('',(#6751,#6752,#6753,#6759));
#6751 = ORIENTED_EDGE('',*,*,#3609,.T.);
#6752 = ORIENTED_EDGE('',*,*,#3626,.T.);
#6753 = ORIENTED_EDGE('',*,*,#6754,.F.);
#6754 = EDGE_CURVE('',#3539,#3627,#6755,.T.);
#6755 = LINE('',#6756,#6757);
#6756 = CARTESIAN_POINT('',(-70.301,4.2,2.499999869282));
#6757 = VECTOR('',#6758,1.);
#6758 = DIRECTION('',(1.,0.,0.));
#6759 = ORIENTED_EDGE('',*,*,#3538,.F.);
#6760 = PLANE('',#6761);
#6761 = AXIS2_PLACEMENT_3D('',#6762,#6763,#6764);
#6762 = CARTESIAN_POINT('',(-70.301,3.8,2.9));
#6763 = DIRECTION('',(0.,-0.707106896726,-0.707106665647));
#6764 = DIRECTION('',(0.,-0.707106665647,0.707106896726));
#6765 = ADVANCED_FACE('',(#6766),#6777,.F.);
#6766 = FACE_BOUND('',#6767,.T.);
#6767 = EDGE_LOOP('',(#6768,#6769,#6770,#6776));
#6768 = ORIENTED_EDGE('',*,*,#6754,.T.);
#6769 = ORIENTED_EDGE('',*,*,#3634,.T.);
#6770 = ORIENTED_EDGE('',*,*,#6771,.F.);
#6771 = EDGE_CURVE('',#3547,#3635,#6772,.T.);
#6772 = LINE('',#6773,#6774);
#6773 = CARTESIAN_POINT('',(-70.301,3.8,2.1));
#6774 = VECTOR('',#6775,1.);
#6775 = DIRECTION('',(1.,0.,0.));
#6776 = ORIENTED_EDGE('',*,*,#3546,.F.);
#6777 = PLANE('',#6778);
#6778 = AXIS2_PLACEMENT_3D('',#6779,#6780,#6781);
#6779 = CARTESIAN_POINT('',(-70.301,4.2,2.499999869282));
#6780 = DIRECTION('',(0.,-0.707106665647,0.707106896726));
#6781 = DIRECTION('',(0.,0.707106896726,0.707106665647));
#6782 = ADVANCED_FACE('',(#6783),#6789,.F.);
#6783 = FACE_BOUND('',#6784,.T.);
#6784 = EDGE_LOOP('',(#6785,#6786,#6787,#6788));
#6785 = ORIENTED_EDGE('',*,*,#6771,.T.);
#6786 = ORIENTED_EDGE('',*,*,#3642,.T.);
#6787 = ORIENTED_EDGE('',*,*,#3576,.F.);
#6788 = ORIENTED_EDGE('',*,*,#3554,.F.);
#6789 = PLANE('',#6790);
#6790 = AXIS2_PLACEMENT_3D('',#6791,#6792,#6793);
#6791 = CARTESIAN_POINT('',(-70.301,3.8,2.1));
#6792 = DIRECTION('',(0.,0.,1.));
#6793 = DIRECTION('',(0.,1.,0.));
#6794 = ADVANCED_FACE('',(#6795),#6824,.T.);
#6795 = FACE_BOUND('',#6796,.T.);
#6796 = EDGE_LOOP('',(#6797,#6798,#6799,#6800,#6809,#6817));
#6797 = ORIENTED_EDGE('',*,*,#3698,.F.);
#6798 = ORIENTED_EDGE('',*,*,#3657,.T.);
#6799 = ORIENTED_EDGE('',*,*,#3736,.T.);
#6800 = ORIENTED_EDGE('',*,*,#6801,.F.);
#6801 = EDGE_CURVE('',#6802,#3737,#6804,.T.);
#6802 = VERTEX_POINT('',#6803);
#6803 = CARTESIAN_POINT('',(-60.601,16.7,5.852173913043));
#6804 = ELLIPSE('',#6805,0.609083727223,0.5);
#6805 = AXIS2_PLACEMENT_3D('',#6806,#6807,#6808);
#6806 = CARTESIAN_POINT('',(-60.601,16.2,6.2));
#6807 = DIRECTION('',(3.E-17,-0.571064488199,-0.820905201785));
#6808 = DIRECTION('',(4.E-17,-0.820905201785,0.571064488199));
#6809 = ORIENTED_EDGE('',*,*,#6810,.T.);
#6810 = EDGE_CURVE('',#6802,#6811,#6813,.T.);
#6811 = VERTEX_POINT('',#6812);
#6812 = CARTESIAN_POINT('',(-65.001,16.7,5.852173913043));
#6813 = LINE('',#6814,#6815);
#6814 = CARTESIAN_POINT('',(-65.251,16.7,5.852173913043));
#6815 = VECTOR('',#6816,1.);
#6816 = DIRECTION('',(-1.,-0.,-3.E-17));
#6817 = ORIENTED_EDGE('',*,*,#6818,.F.);
#6818 = EDGE_CURVE('',#3699,#6811,#6819,.T.);
#6819 = ELLIPSE('',#6820,0.609083727223,0.5);
#6820 = AXIS2_PLACEMENT_3D('',#6821,#6822,#6823);
#6821 = CARTESIAN_POINT('',(-65.001,16.2,6.2));
#6822 = DIRECTION('',(3.E-17,-0.571064488199,-0.820905201785));
#6823 = DIRECTION('',(4.E-17,-0.820905201785,0.571064488199));
#6824 = PLANE('',#6825);
#6825 = AXIS2_PLACEMENT_3D('',#6826,#6827,#6828);
#6826 = CARTESIAN_POINT('',(-65.501,17.35,5.4));
#6827 = DIRECTION('',(3.E-17,-0.571064488199,-0.820905201785));
#6828 = DIRECTION('',(-4.9E-16,-0.820905201785,0.571064488199));
#6829 = ADVANCED_FACE('',(#6830),#6855,.F.);
#6830 = FACE_BOUND('',#6831,.T.);
#6831 = EDGE_LOOP('',(#6832,#6840,#6848,#6854));
#6832 = ORIENTED_EDGE('',*,*,#6833,.F.);
#6833 = EDGE_CURVE('',#6834,#3699,#6836,.T.);
#6834 = VERTEX_POINT('',#6835);
#6835 = CARTESIAN_POINT('',(-65.901,16.2,6.6));
#6836 = LINE('',#6837,#6838);
#6837 = CARTESIAN_POINT('',(-65.501,16.2,6.2));
#6838 = VECTOR('',#6839,1.);
#6839 = DIRECTION('',(0.707106781187,-2.108E-14,-0.707106781187));
#6840 = ORIENTED_EDGE('',*,*,#6841,.T.);
#6841 = EDGE_CURVE('',#6834,#6842,#6844,.T.);
#6842 = VERTEX_POINT('',#6843);
#6843 = CARTESIAN_POINT('',(-65.901,7.,6.6));
#6844 = LINE('',#6845,#6846);
#6845 = CARTESIAN_POINT('',(-65.901,16.2,6.6));
#6846 = VECTOR('',#6847,1.);
#6847 = DIRECTION('',(-4.4E-16,-1.,-2.2E-16));
#6848 = ORIENTED_EDGE('',*,*,#6849,.T.);
#6849 = EDGE_CURVE('',#6842,#3707,#6850,.T.);
#6850 = LINE('',#6851,#6852);
#6851 = CARTESIAN_POINT('',(-65.501,7.,6.2));
#6852 = VECTOR('',#6853,1.);
#6853 = DIRECTION('',(0.707106781187,2.512E-14,-0.707106781187));
#6854 = ORIENTED_EDGE('',*,*,#3706,.F.);
#6855 = PLANE('',#6856);
#6856 = AXIS2_PLACEMENT_3D('',#6857,#6858,#6859);
#6857 = CARTESIAN_POINT('',(-65.701,16.2,6.4));
#6858 = DIRECTION('',(-0.707106781187,1.E-15,-0.707106781187));
#6859 = DIRECTION('',(8.171067811865E-16,1.,5.971067811865E-16));
#6860 = ADVANCED_FACE('',(#6861),#6890,.T.);
#6861 = FACE_BOUND('',#6862,.T.);
#6862 = EDGE_LOOP('',(#6863,#6864,#6873,#6881,#6888,#6889));
#6863 = ORIENTED_EDGE('',*,*,#3714,.F.);
#6864 = ORIENTED_EDGE('',*,*,#6865,.F.);
#6865 = EDGE_CURVE('',#6866,#3707,#6868,.T.);
#6866 = VERTEX_POINT('',#6867);
#6867 = CARTESIAN_POINT('',(-65.001,6.5,5.852173913043));
#6868 = ELLIPSE('',#6869,0.609083727223,0.5);
#6869 = AXIS2_PLACEMENT_3D('',#6870,#6871,#6872);
#6870 = CARTESIAN_POINT('',(-65.001,7.,6.2));
#6871 = DIRECTION('',(1.5E-16,0.571064488199,-0.820905201785));
#6872 = DIRECTION('',(2.2E-16,0.820905201785,0.571064488199));
#6873 = ORIENTED_EDGE('',*,*,#6874,.F.);
#6874 = EDGE_CURVE('',#6875,#6866,#6877,.T.);
#6875 = VERTEX_POINT('',#6876);
#6876 = CARTESIAN_POINT('',(-60.601,6.5,5.852173913043));
#6877 = LINE('',#6878,#6879);
#6878 = CARTESIAN_POINT('',(-65.251,6.5,5.852173913043));
#6879 = VECTOR('',#6880,1.);
#6880 = DIRECTION('',(-1.,1.82E-15,1.08E-15));
#6881 = ORIENTED_EDGE('',*,*,#6882,.F.);
#6882 = EDGE_CURVE('',#3763,#6875,#6883,.T.);
#6883 = ELLIPSE('',#6884,0.609083727223,0.5);
#6884 = AXIS2_PLACEMENT_3D('',#6885,#6886,#6887);
#6885 = CARTESIAN_POINT('',(-60.601,7.,6.2));
#6886 = DIRECTION('',(1.5E-16,0.571064488199,-0.820905201785));
#6887 = DIRECTION('',(2.2E-16,0.820905201785,0.571064488199));
#6888 = ORIENTED_EDGE('',*,*,#3762,.T.);
#6889 = ORIENTED_EDGE('',*,*,#3840,.F.);
#6890 = PLANE('',#6891);
#6891 = AXIS2_PLACEMENT_3D('',#6892,#6893,#6894);
#6892 = CARTESIAN_POINT('',(-65.501,7.,6.2));
#6893 = DIRECTION('',(1.5E-16,0.571064488199,-0.820905201785));
#6894 = DIRECTION('',(-2.4E-16,-0.820905201785,-0.571064488199));
#6895 = ADVANCED_FACE('',(#6896),#6921,.T.);
#6896 = FACE_BOUND('',#6897,.T.);
#6897 = EDGE_LOOP('',(#6898,#6906,#6914,#6920));
#6898 = ORIENTED_EDGE('',*,*,#6899,.F.);
#6899 = EDGE_CURVE('',#6900,#3763,#6902,.T.);
#6900 = VERTEX_POINT('',#6901);
#6901 = CARTESIAN_POINT('',(-59.701,7.,6.6));
#6902 = LINE('',#6903,#6904);
#6903 = CARTESIAN_POINT('',(-60.101,7.,6.2));
#6904 = VECTOR('',#6905,1.);
#6905 = DIRECTION('',(-0.707106781187,5.719E-14,-0.707106781187));
#6906 = ORIENTED_EDGE('',*,*,#6907,.T.);
#6907 = EDGE_CURVE('',#6900,#6908,#6910,.T.);
#6908 = VERTEX_POINT('',#6909);
#6909 = CARTESIAN_POINT('',(-59.701,16.2,6.6));
#6910 = LINE('',#6911,#6912);
#6911 = CARTESIAN_POINT('',(-59.701,7.,6.6));
#6912 = VECTOR('',#6913,1.);
#6913 = DIRECTION('',(4.4E-16,1.,2.2E-16));
#6914 = ORIENTED_EDGE('',*,*,#6915,.T.);
#6915 = EDGE_CURVE('',#6908,#3737,#6916,.T.);
#6916 = LINE('',#6917,#6918);
#6917 = CARTESIAN_POINT('',(-59.901,16.2,6.4));
#6918 = VECTOR('',#6919,1.);
#6919 = DIRECTION('',(-0.707106781187,4.7E-16,-0.707106781187));
#6920 = ORIENTED_EDGE('',*,*,#3770,.F.);
#6921 = PLANE('',#6922);
#6922 = AXIS2_PLACEMENT_3D('',#6923,#6924,#6925);
#6923 = CARTESIAN_POINT('',(-59.901,7.,6.4));
#6924 = DIRECTION('',(-0.707106781187,5.E-16,0.707106781187));
#6925 = DIRECTION('',(6.885533905933E-16,1.,-1.855339059327E-17));
#6926 = ADVANCED_FACE('',(#6927),#6938,.F.);
#6927 = FACE_BOUND('',#6928,.T.);
#6928 = EDGE_LOOP('',(#6929,#6930,#6931,#6937));
#6929 = ORIENTED_EDGE('',*,*,#3937,.T.);
#6930 = ORIENTED_EDGE('',*,*,#3954,.T.);
#6931 = ORIENTED_EDGE('',*,*,#6932,.F.);
#6932 = EDGE_CURVE('',#3867,#3955,#6933,.T.);
#6933 = LINE('',#6934,#6935);
#6934 = CARTESIAN_POINT('',(-97.301,4.2,2.499999869282));
#6935 = VECTOR('',#6936,1.);
#6936 = DIRECTION('',(1.,0.,0.));
#6937 = ORIENTED_EDGE('',*,*,#3866,.F.);
#6938 = PLANE('',#6939);
#6939 = AXIS2_PLACEMENT_3D('',#6940,#6941,#6942);
#6940 = CARTESIAN_POINT('',(-97.301,3.8,2.9));
#6941 = DIRECTION('',(-0.,-0.707106896726,-0.707106665647));
#6942 = DIRECTION('',(0.,-0.707106665647,0.707106896726));
#6943 = ADVANCED_FACE('',(#6944),#6955,.F.);
#6944 = FACE_BOUND('',#6945,.T.);
#6945 = EDGE_LOOP('',(#6946,#6947,#6948,#6954));
#6946 = ORIENTED_EDGE('',*,*,#6932,.T.);
#6947 = ORIENTED_EDGE('',*,*,#3962,.T.);
#6948 = ORIENTED_EDGE('',*,*,#6949,.F.);
#6949 = EDGE_CURVE('',#3875,#3963,#6950,.T.);
#6950 = LINE('',#6951,#6952);
#6951 = CARTESIAN_POINT('',(-97.301,3.8,2.1));
#6952 = VECTOR('',#6953,1.);
#6953 = DIRECTION('',(1.,0.,0.));
#6954 = ORIENTED_EDGE('',*,*,#3874,.F.);
#6955 = PLANE('',#6956);
#6956 = AXIS2_PLACEMENT_3D('',#6957,#6958,#6959);
#6957 = CARTESIAN_POINT('',(-97.301,4.2,2.499999869282));
#6958 = DIRECTION('',(0.,-0.707106665647,0.707106896726));
#6959 = DIRECTION('',(0.,0.707106896726,0.707106665647));
#6960 = ADVANCED_FACE('',(#6961),#6967,.F.);
#6961 = FACE_BOUND('',#6962,.T.);
#6962 = EDGE_LOOP('',(#6963,#6964,#6965,#6966));
#6963 = ORIENTED_EDGE('',*,*,#6949,.T.);
#6964 = ORIENTED_EDGE('',*,*,#3970,.T.);
#6965 = ORIENTED_EDGE('',*,*,#3904,.F.);
#6966 = ORIENTED_EDGE('',*,*,#3882,.F.);
#6967 = PLANE('',#6968);
#6968 = AXIS2_PLACEMENT_3D('',#6969,#6970,#6971);
#6969 = CARTESIAN_POINT('',(-97.301,3.8,2.1));
#6970 = DIRECTION('',(0.,0.,1.));
#6971 = DIRECTION('',(0.,1.,0.));
#6972 = ADVANCED_FACE('',(#6973),#6991,.F.);
#6973 = FACE_BOUND('',#6974,.T.);
#6974 = EDGE_LOOP('',(#6975,#6983,#6989,#6990));
#6975 = ORIENTED_EDGE('',*,*,#6976,.F.);
#6976 = EDGE_CURVE('',#6977,#4090,#6979,.T.);
#6977 = VERTEX_POINT('',#6978);
#6978 = CARTESIAN_POINT('',(-91.301,14.5,5.6));
#6979 = LINE('',#6980,#6981);
#6980 = CARTESIAN_POINT('',(-91.301,15.5,4.6));
#6981 = VECTOR('',#6982,1.);
#6982 = DIRECTION('',(-1.21E-15,0.707106781187,-0.707106781187));
#6983 = ORIENTED_EDGE('',*,*,#6984,.T.);
#6984 = EDGE_CURVE('',#6977,#3994,#6985,.T.);
#6985 = LINE('',#6986,#6987);
#6986 = CARTESIAN_POINT('',(-91.301,14.5,5.6));
#6987 = VECTOR('',#6988,1.);
#6988 = DIRECTION('',(-1.,-0.,-0.));
#6989 = ORIENTED_EDGE('',*,*,#3993,.T.);
#6990 = ORIENTED_EDGE('',*,*,#4089,.F.);
#6991 = PLANE('',#6992);
#6992 = AXIS2_PLACEMENT_3D('',#6993,#6994,#6995);
#6993 = CARTESIAN_POINT('',(-91.301,15.,5.1));
#6994 = DIRECTION('',(0.,0.707106781187,0.707106781187));
#6995 = DIRECTION('',(1.,0.,0.));
#6996 = ADVANCED_FACE('',(#6997),#7092,.F.);
#6997 = FACE_BOUND('',#6998,.F.);
#6998 = EDGE_LOOP('',(#6999,#7000,#7009,#7017,#7026,#7034,#7043,#7051,
    #7058,#7059,#7067,#7076,#7084,#7091));
#6999 = ORIENTED_EDGE('',*,*,#4001,.F.);
#7000 = ORIENTED_EDGE('',*,*,#7001,.T.);
#7001 = EDGE_CURVE('',#4002,#7002,#7004,.T.);
#7002 = VERTEX_POINT('',#7003);
#7003 = CARTESIAN_POINT('',(-98.101,13.7,5.6));
#7004 = CIRCLE('',#7005,1.1);
#7005 = AXIS2_PLACEMENT_3D('',#7006,#7007,#7008);
#7006 = CARTESIAN_POINT('',(-98.101,12.6,5.6));
#7007 = DIRECTION('',(0.,0.,-1.));
#7008 = DIRECTION('',(1.,0.,0.));
#7009 = ORIENTED_EDGE('',*,*,#7010,.T.);
#7010 = EDGE_CURVE('',#7002,#7011,#7013,.T.);
#7011 = VERTEX_POINT('',#7012);
#7012 = CARTESIAN_POINT('',(-91.301,13.7,5.6));
#7013 = LINE('',#7014,#7015);
#7014 = CARTESIAN_POINT('',(-98.101,13.7,5.6));
#7015 = VECTOR('',#7016,1.);
#7016 = DIRECTION('',(1.,2.6E-16,0.));
#7017 = ORIENTED_EDGE('',*,*,#7018,.T.);
#7018 = EDGE_CURVE('',#7011,#7019,#7021,.T.);
#7019 = VERTEX_POINT('',#7020);
#7020 = CARTESIAN_POINT('',(-90.201,12.6,5.6));
#7021 = CIRCLE('',#7022,1.1);
#7022 = AXIS2_PLACEMENT_3D('',#7023,#7024,#7025);
#7023 = CARTESIAN_POINT('',(-91.301,12.6,5.6));
#7024 = DIRECTION('',(0.,0.,-1.));
#7025 = DIRECTION('',(1.,0.,0.));
#7026 = ORIENTED_EDGE('',*,*,#7027,.T.);
#7027 = EDGE_CURVE('',#7019,#7028,#7030,.T.);
#7028 = VERTEX_POINT('',#7029);
#7029 = CARTESIAN_POINT('',(-90.201,10.6,5.6));
#7030 = LINE('',#7031,#7032);
#7031 = CARTESIAN_POINT('',(-90.201,11.6,5.6));
#7032 = VECTOR('',#7033,1.);
#7033 = DIRECTION('',(0.,-1.,0.));
#7034 = ORIENTED_EDGE('',*,*,#7035,.T.);
#7035 = EDGE_CURVE('',#7028,#7036,#7038,.T.);
#7036 = VERTEX_POINT('',#7037);
#7037 = CARTESIAN_POINT('',(-91.301,9.5,5.6));
#7038 = CIRCLE('',#7039,1.1);
#7039 = AXIS2_PLACEMENT_3D('',#7040,#7041,#7042);
#7040 = CARTESIAN_POINT('',(-91.301,10.6,5.6));
#7041 = DIRECTION('',(0.,0.,-1.));
#7042 = DIRECTION('',(1.,0.,0.));
#7043 = ORIENTED_EDGE('',*,*,#7044,.F.);
#7044 = EDGE_CURVE('',#7045,#7036,#7047,.T.);
#7045 = VERTEX_POINT('',#7046);
#7046 = CARTESIAN_POINT('',(-98.101,9.5,5.6));
#7047 = LINE('',#7048,#7049);
#7048 = CARTESIAN_POINT('',(-98.101,9.5,5.6));
#7049 = VECTOR('',#7050,1.);
#7050 = DIRECTION('',(1.,2.6E-16,0.));
#7051 = ORIENTED_EDGE('',*,*,#7052,.T.);
#7052 = EDGE_CURVE('',#7045,#4026,#7053,.T.);
#7053 = CIRCLE('',#7054,1.1);
#7054 = AXIS2_PLACEMENT_3D('',#7055,#7056,#7057);
#7055 = CARTESIAN_POINT('',(-98.101,10.6,5.6));
#7056 = DIRECTION('',(0.,0.,-1.));
#7057 = DIRECTION('',(1.,0.,0.));
#7058 = ORIENTED_EDGE('',*,*,#4033,.T.);
#7059 = ORIENTED_EDGE('',*,*,#7060,.T.);
#7060 = EDGE_CURVE('',#4034,#7061,#7063,.T.);
#7061 = VERTEX_POINT('',#7062);
#7062 = CARTESIAN_POINT('',(-91.301,8.7,5.6));
#7063 = LINE('',#7064,#7065);
#7064 = CARTESIAN_POINT('',(-99.201,8.7,5.6));
#7065 = VECTOR('',#7066,1.);
#7066 = DIRECTION('',(1.,0.,0.));
#7067 = ORIENTED_EDGE('',*,*,#7068,.T.);
#7068 = EDGE_CURVE('',#7061,#7069,#7071,.T.);
#7069 = VERTEX_POINT('',#7070);
#7070 = CARTESIAN_POINT('',(-89.401,10.6,5.6));
#7071 = CIRCLE('',#7072,1.9);
#7072 = AXIS2_PLACEMENT_3D('',#7073,#7074,#7075);
#7073 = CARTESIAN_POINT('',(-91.301,10.6,5.6));
#7074 = DIRECTION('',(-0.,0.,1.));
#7075 = DIRECTION('',(0.,-1.,0.));
#7076 = ORIENTED_EDGE('',*,*,#7077,.T.);
#7077 = EDGE_CURVE('',#7069,#7078,#7080,.T.);
#7078 = VERTEX_POINT('',#7079);
#7079 = CARTESIAN_POINT('',(-89.401,12.6,5.6));
#7080 = LINE('',#7081,#7082);
#7081 = CARTESIAN_POINT('',(-89.401,11.6,5.6));
#7082 = VECTOR('',#7083,1.);
#7083 = DIRECTION('',(0.,1.,0.));
#7084 = ORIENTED_EDGE('',*,*,#7085,.T.);
#7085 = EDGE_CURVE('',#7078,#6977,#7086,.T.);
#7086 = CIRCLE('',#7087,1.9);
#7087 = AXIS2_PLACEMENT_3D('',#7088,#7089,#7090);
#7088 = CARTESIAN_POINT('',(-91.301,12.6,5.6));
#7089 = DIRECTION('',(0.,0.,1.));
#7090 = DIRECTION('',(1.,0.,0.));
#7091 = ORIENTED_EDGE('',*,*,#6984,.T.);
#7092 = PLANE('',#7093);
#7093 = AXIS2_PLACEMENT_3D('',#7094,#7095,#7096);
#7094 = CARTESIAN_POINT('',(-62.801,11.6,5.6));
#7095 = DIRECTION('',(0.,0.,1.));
#7096 = DIRECTION('',(1.,0.,0.));
#7097 = ADVANCED_FACE('',(#7098),#7117,.F.);
#7098 = FACE_BOUND('',#7099,.F.);
#7099 = EDGE_LOOP('',(#7100,#7108,#7109,#7110));
#7100 = ORIENTED_EDGE('',*,*,#7101,.F.);
#7101 = EDGE_CURVE('',#7002,#7102,#7104,.T.);
#7102 = VERTEX_POINT('',#7103);
#7103 = CARTESIAN_POINT('',(-98.101,13.7,5.7));
#7104 = LINE('',#7105,#7106);
#7105 = CARTESIAN_POINT('',(-98.101,13.7,5.6));
#7106 = VECTOR('',#7107,1.);
#7107 = DIRECTION('',(0.,0.,1.));
#7108 = ORIENTED_EDGE('',*,*,#7001,.F.);
#7109 = ORIENTED_EDGE('',*,*,#4009,.T.);
#7110 = ORIENTED_EDGE('',*,*,#7111,.F.);
#7111 = EDGE_CURVE('',#7102,#4010,#7112,.T.);
#7112 = CIRCLE('',#7113,1.1);
#7113 = AXIS2_PLACEMENT_3D('',#7114,#7115,#7116);
#7114 = CARTESIAN_POINT('',(-98.101,12.6,5.7));
#7115 = DIRECTION('',(0.,-0.,1.));
#7116 = DIRECTION('',(0.,1.,0.));
#7117 = CYLINDRICAL_SURFACE('',#7118,1.1);
#7118 = AXIS2_PLACEMENT_3D('',#7119,#7120,#7121);
#7119 = CARTESIAN_POINT('',(-98.101,12.6,5.6));
#7120 = DIRECTION('',(0.,0.,-1.));
#7121 = DIRECTION('',(1.,0.,0.));
#7122 = ADVANCED_FACE('',(#7123),#7148,.T.);
#7123 = FACE_BOUND('',#7124,.T.);
#7124 = EDGE_LOOP('',(#7125,#7133,#7141,#7147));
#7125 = ORIENTED_EDGE('',*,*,#7126,.F.);
#7126 = EDGE_CURVE('',#7127,#4010,#7129,.T.);
#7127 = VERTEX_POINT('',#7128);
#7128 = CARTESIAN_POINT('',(-100.101,12.6,6.6));
#7129 = LINE('',#7130,#7131);
#7130 = CARTESIAN_POINT('',(-99.201,12.6,5.7));
#7131 = VECTOR('',#7132,1.);
#7132 = DIRECTION('',(0.707106781187,-4.E-17,-0.707106781187));
#7133 = ORIENTED_EDGE('',*,*,#7134,.T.);
#7134 = EDGE_CURVE('',#7127,#7135,#7137,.T.);
#7135 = VERTEX_POINT('',#7136);
#7136 = CARTESIAN_POINT('',(-100.101,10.6,6.6));
#7137 = LINE('',#7138,#7139);
#7138 = CARTESIAN_POINT('',(-100.101,11.6,6.6));
#7139 = VECTOR('',#7140,1.);
#7140 = DIRECTION('',(0.,-1.,0.));
#7141 = ORIENTED_EDGE('',*,*,#7142,.T.);
#7142 = EDGE_CURVE('',#7135,#4018,#7143,.T.);
#7143 = LINE('',#7144,#7145);
#7144 = CARTESIAN_POINT('',(-99.651,10.6,6.15));
#7145 = VECTOR('',#7146,1.);
#7146 = DIRECTION('',(0.707106781187,0.,-0.707106781187));
#7147 = ORIENTED_EDGE('',*,*,#4017,.F.);
#7148 = PLANE('',#7149);
#7149 = AXIS2_PLACEMENT_3D('',#7150,#7151,#7152);
#7150 = CARTESIAN_POINT('',(-99.651,11.6,6.15));
#7151 = DIRECTION('',(0.707106781187,-1.7E-16,0.707106781187));
#7152 = DIRECTION('',(0.707106781187,0.,-0.707106781187));
#7153 = ADVANCED_FACE('',(#7154),#7173,.F.);
#7154 = FACE_BOUND('',#7155,.F.);
#7155 = EDGE_LOOP('',(#7156,#7157,#7158,#7166));
#7156 = ORIENTED_EDGE('',*,*,#4025,.F.);
#7157 = ORIENTED_EDGE('',*,*,#7052,.F.);
#7158 = ORIENTED_EDGE('',*,*,#7159,.T.);
#7159 = EDGE_CURVE('',#7045,#7160,#7162,.T.);
#7160 = VERTEX_POINT('',#7161);
#7161 = CARTESIAN_POINT('',(-98.101,9.5,5.7));
#7162 = LINE('',#7163,#7164);
#7163 = CARTESIAN_POINT('',(-98.101,9.5,5.6));
#7164 = VECTOR('',#7165,1.);
#7165 = DIRECTION('',(0.,0.,1.));
#7166 = ORIENTED_EDGE('',*,*,#7167,.F.);
#7167 = EDGE_CURVE('',#4018,#7160,#7168,.T.);
#7168 = CIRCLE('',#7169,1.1);
#7169 = AXIS2_PLACEMENT_3D('',#7170,#7171,#7172);
#7170 = CARTESIAN_POINT('',(-98.101,10.6,5.7));
#7171 = DIRECTION('',(0.,0.,1.));
#7172 = DIRECTION('',(-1.,0.,0.));
#7173 = CYLINDRICAL_SURFACE('',#7174,1.1);
#7174 = AXIS2_PLACEMENT_3D('',#7175,#7176,#7177);
#7175 = CARTESIAN_POINT('',(-98.101,10.6,5.6));
#7176 = DIRECTION('',(0.,0.,-1.));
#7177 = DIRECTION('',(1.,0.,0.));
#7178 = ADVANCED_FACE('',(#7179),#7190,.T.);
#7179 = FACE_BOUND('',#7180,.T.);
#7180 = EDGE_LOOP('',(#7181,#7182,#7183,#7189));
#7181 = ORIENTED_EDGE('',*,*,#4041,.F.);
#7182 = ORIENTED_EDGE('',*,*,#7060,.T.);
#7183 = ORIENTED_EDGE('',*,*,#7184,.T.);
#7184 = EDGE_CURVE('',#7061,#4066,#7185,.T.);
#7185 = LINE('',#7186,#7187);
#7186 = CARTESIAN_POINT('',(-91.301,8.2,5.1));
#7187 = VECTOR('',#7188,1.);
#7188 = DIRECTION('',(0.,-0.707106781187,-0.707106781187));
#7189 = ORIENTED_EDGE('',*,*,#4065,.F.);
#7190 = PLANE('',#7191);
#7191 = AXIS2_PLACEMENT_3D('',#7192,#7193,#7194);
#7192 = CARTESIAN_POINT('',(-99.201,8.2,5.1));
#7193 = DIRECTION('',(0.,0.707106781187,-0.707106781187));
#7194 = DIRECTION('',(1.,0.,0.));
#7195 = ADVANCED_FACE('',(#7196),#7207,.F.);
#7196 = FACE_BOUND('',#7197,.T.);
#7197 = EDGE_LOOP('',(#7198,#7199,#7200,#7206));
#7198 = ORIENTED_EDGE('',*,*,#7184,.F.);
#7199 = ORIENTED_EDGE('',*,*,#7068,.T.);
#7200 = ORIENTED_EDGE('',*,*,#7201,.T.);
#7201 = EDGE_CURVE('',#7069,#4113,#7202,.T.);
#7202 = LINE('',#7203,#7204);
#7203 = CARTESIAN_POINT('',(-88.401,10.6,4.6));
#7204 = VECTOR('',#7205,1.);
#7205 = DIRECTION('',(0.707106781187,-1.46E-15,-0.707106781187));
#7206 = ORIENTED_EDGE('',*,*,#4120,.F.);
#7207 = CONICAL_SURFACE('',#7208,2.9,0.785398163397);
#7208 = AXIS2_PLACEMENT_3D('',#7209,#7210,#7211);
#7209 = CARTESIAN_POINT('',(-91.301,10.6,4.6));
#7210 = DIRECTION('',(-0.,-0.,-1.));
#7211 = DIRECTION('',(0.,-1.,0.));
#7212 = ADVANCED_FACE('',(#7213),#7224,.F.);
#7213 = FACE_BOUND('',#7214,.T.);
#7214 = EDGE_LOOP('',(#7215,#7221,#7222,#7223));
#7215 = ORIENTED_EDGE('',*,*,#7216,.F.);
#7216 = EDGE_CURVE('',#7078,#4139,#7217,.T.);
#7217 = LINE('',#7218,#7219);
#7218 = CARTESIAN_POINT('',(-88.901,12.6,5.1));
#7219 = VECTOR('',#7220,1.);
#7220 = DIRECTION('',(0.707106781187,0.,-0.707106781187));
#7221 = ORIENTED_EDGE('',*,*,#7085,.T.);
#7222 = ORIENTED_EDGE('',*,*,#6976,.T.);
#7223 = ORIENTED_EDGE('',*,*,#4138,.F.);
#7224 = CONICAL_SURFACE('',#7225,2.9,0.785398163397);
#7225 = AXIS2_PLACEMENT_3D('',#7226,#7227,#7228);
#7226 = CARTESIAN_POINT('',(-91.301,12.6,4.6));
#7227 = DIRECTION('',(-0.,-0.,-1.));
#7228 = DIRECTION('',(1.,0.,0.));
#7229 = ADVANCED_FACE('',(#7230),#7236,.T.);
#7230 = FACE_BOUND('',#7231,.T.);
#7231 = EDGE_LOOP('',(#7232,#7233,#7234,#7235));
#7232 = ORIENTED_EDGE('',*,*,#7077,.T.);
#7233 = ORIENTED_EDGE('',*,*,#7216,.T.);
#7234 = ORIENTED_EDGE('',*,*,#4162,.F.);
#7235 = ORIENTED_EDGE('',*,*,#7201,.F.);
#7236 = PLANE('',#7237);
#7237 = AXIS2_PLACEMENT_3D('',#7238,#7239,#7240);
#7238 = CARTESIAN_POINT('',(-88.901,11.6,5.1));
#7239 = DIRECTION('',(-0.707106781187,-0.,-0.707106781187));
#7240 = DIRECTION('',(0.707106781187,0.,-0.707106781187));
#7241 = ADVANCED_FACE('',(#7242),#7261,.T.);
#7242 = FACE_BOUND('',#7243,.F.);
#7243 = EDGE_LOOP('',(#7244,#7252,#7253,#7254));
#7244 = ORIENTED_EDGE('',*,*,#7245,.F.);
#7245 = EDGE_CURVE('',#4180,#7246,#7248,.T.);
#7246 = VERTEX_POINT('',#7247);
#7247 = CARTESIAN_POINT('',(-107.801,11.,1.8));
#7248 = LINE('',#7249,#7250);
#7249 = CARTESIAN_POINT('',(-108.301,11.,2.3));
#7250 = VECTOR('',#7251,1.);
#7251 = DIRECTION('',(0.707106781187,0.,-0.707106781187));
#7252 = ORIENTED_EDGE('',*,*,#4187,.T.);
#7253 = ORIENTED_EDGE('',*,*,#7245,.T.);
#7254 = ORIENTED_EDGE('',*,*,#7255,.F.);
#7255 = EDGE_CURVE('',#7246,#7246,#7256,.T.);
#7256 = CIRCLE('',#7257,3.5);
#7257 = AXIS2_PLACEMENT_3D('',#7258,#7259,#7260);
#7258 = CARTESIAN_POINT('',(-104.301,11.,1.8));
#7259 = DIRECTION('',(0.,0.,1.));
#7260 = DIRECTION('',(-1.,0.,0.));
#7261 = CONICAL_SURFACE('',#7262,4.,0.785398163397);
#7262 = AXIS2_PLACEMENT_3D('',#7263,#7264,#7265);
#7263 = CARTESIAN_POINT('',(-104.301,11.,2.3));
#7264 = DIRECTION('',(0.,0.,1.));
#7265 = DIRECTION('',(-1.,0.,0.));
#7266 = ADVANCED_FACE('',(#7267),#7278,.F.);
#7267 = FACE_BOUND('',#7268,.F.);
#7268 = EDGE_LOOP('',(#7269,#7275,#7276,#7277));
#7269 = ORIENTED_EDGE('',*,*,#7270,.T.);
#7270 = EDGE_CURVE('',#4253,#4293,#7271,.T.);
#7271 = LINE('',#7272,#7273);
#7272 = CARTESIAN_POINT('',(-111.501,21.,2.1));
#7273 = VECTOR('',#7274,1.);
#7274 = DIRECTION('',(0.,1.,0.));
#7275 = ORIENTED_EDGE('',*,*,#4300,.T.);
#7276 = ORIENTED_EDGE('',*,*,#4204,.F.);
#7277 = ORIENTED_EDGE('',*,*,#4260,.F.);
#7278 = PLANE('',#7279);
#7279 = AXIS2_PLACEMENT_3D('',#7280,#7281,#7282);
#7280 = CARTESIAN_POINT('',(-111.501,21.,2.1));
#7281 = DIRECTION('',(0.,0.,1.));
#7282 = DIRECTION('',(-1.,0.,0.));
#7283 = ADVANCED_FACE('',(#7284),#7295,.F.);
#7284 = FACE_BOUND('',#7285,.F.);
#7285 = EDGE_LOOP('',(#7286,#7287,#7288,#7294));
#7286 = ORIENTED_EDGE('',*,*,#4317,.T.);
#7287 = ORIENTED_EDGE('',*,*,#4284,.T.);
#7288 = ORIENTED_EDGE('',*,*,#7289,.F.);
#7289 = EDGE_CURVE('',#4245,#4285,#7290,.T.);
#7290 = LINE('',#7291,#7292);
#7291 = CARTESIAN_POINT('',(-111.1010001307,21.,2.499999738564));
#7292 = VECTOR('',#7293,1.);
#7293 = DIRECTION('',(0.,1.,0.));
#7294 = ORIENTED_EDGE('',*,*,#4244,.F.);
#7295 = PLANE('',#7296);
#7296 = AXIS2_PLACEMENT_3D('',#7297,#7298,#7299);
#7297 = CARTESIAN_POINT('',(-111.501,21.,2.9));
#7298 = DIRECTION('',(-0.707107127806,-0.,-0.707106434567));
#7299 = DIRECTION('',(0.707106434567,1.6E-16,-0.707107127806));
#7300 = ADVANCED_FACE('',(#7301),#7307,.F.);
#7301 = FACE_BOUND('',#7302,.F.);
#7302 = EDGE_LOOP('',(#7303,#7304,#7305,#7306));
#7303 = ORIENTED_EDGE('',*,*,#7289,.T.);
#7304 = ORIENTED_EDGE('',*,*,#4292,.T.);
#7305 = ORIENTED_EDGE('',*,*,#7270,.F.);
#7306 = ORIENTED_EDGE('',*,*,#4252,.F.);
#7307 = PLANE('',#7308);
#7308 = AXIS2_PLACEMENT_3D('',#7309,#7310,#7311);
#7309 = CARTESIAN_POINT('',(-111.1010001307,21.,2.499999738564));
#7310 = DIRECTION('',(-0.707106665648,0.,0.707106896725));
#7311 = DIRECTION('',(-0.707106896725,1.6E-16,-0.707106665648));
#7312 = ADVANCED_FACE('',(#7313),#7324,.F.);
#7313 = FACE_BOUND('',#7314,.T.);
#7314 = EDGE_LOOP('',(#7315,#7316,#7317,#7323));
#7315 = ORIENTED_EDGE('',*,*,#4412,.T.);
#7316 = ORIENTED_EDGE('',*,*,#4429,.T.);
#7317 = ORIENTED_EDGE('',*,*,#7318,.F.);
#7318 = EDGE_CURVE('',#4342,#4430,#7319,.T.);
#7319 = LINE('',#7320,#7321);
#7320 = CARTESIAN_POINT('',(-111.1010001307,85.,2.499999738564));
#7321 = VECTOR('',#7322,1.);
#7322 = DIRECTION('',(0.,-1.,2.2E-16));
#7323 = ORIENTED_EDGE('',*,*,#4341,.F.);
#7324 = PLANE('',#7325);
#7325 = AXIS2_PLACEMENT_3D('',#7326,#7327,#7328);
#7326 = CARTESIAN_POINT('',(-111.501,85.,2.9));
#7327 = DIRECTION('',(-0.707107127806,-1.6E-16,-0.707106434567));
#7328 = DIRECTION('',(-0.707106434567,1.6E-16,0.707107127806));
#7329 = ADVANCED_FACE('',(#7330),#7341,.F.);
#7330 = FACE_BOUND('',#7331,.T.);
#7331 = EDGE_LOOP('',(#7332,#7333,#7334,#7340));
#7332 = ORIENTED_EDGE('',*,*,#7318,.T.);
#7333 = ORIENTED_EDGE('',*,*,#4437,.T.);
#7334 = ORIENTED_EDGE('',*,*,#7335,.F.);
#7335 = EDGE_CURVE('',#4350,#4438,#7336,.T.);
#7336 = LINE('',#7337,#7338);
#7337 = CARTESIAN_POINT('',(-111.501,85.,2.1));
#7338 = VECTOR('',#7339,1.);
#7339 = DIRECTION('',(0.,-1.,2.2E-16));
#7340 = ORIENTED_EDGE('',*,*,#4349,.F.);
#7341 = PLANE('',#7342);
#7342 = AXIS2_PLACEMENT_3D('',#7343,#7344,#7345);
#7343 = CARTESIAN_POINT('',(-111.1010001307,85.,2.499999738564));
#7344 = DIRECTION('',(-0.707106665648,1.6E-16,0.707106896725));
#7345 = DIRECTION('',(0.707106896725,1.6E-16,0.707106665648));
#7346 = ADVANCED_FACE('',(#7347),#7353,.F.);
#7347 = FACE_BOUND('',#7348,.T.);
#7348 = EDGE_LOOP('',(#7349,#7350,#7351,#7352));
#7349 = ORIENTED_EDGE('',*,*,#7335,.T.);
#7350 = ORIENTED_EDGE('',*,*,#4445,.T.);
#7351 = ORIENTED_EDGE('',*,*,#4379,.F.);
#7352 = ORIENTED_EDGE('',*,*,#4357,.F.);
#7353 = PLANE('',#7354);
#7354 = AXIS2_PLACEMENT_3D('',#7355,#7356,#7357);
#7355 = CARTESIAN_POINT('',(-111.501,85.,2.1));
#7356 = DIRECTION('',(0.,2.2E-16,1.));
#7357 = DIRECTION('',(1.,0.,0.));
#7358 = ADVANCED_FACE('',(#7359),#7370,.F.);
#7359 = FACE_BOUND('',#7360,.T.);
#7360 = EDGE_LOOP('',(#7361,#7362,#7363,#7369));
#7361 = ORIENTED_EDGE('',*,*,#4540,.T.);
#7362 = ORIENTED_EDGE('',*,*,#4557,.T.);
#7363 = ORIENTED_EDGE('',*,*,#7364,.F.);
#7364 = EDGE_CURVE('',#4470,#4558,#7365,.T.);
#7365 = LINE('',#7366,#7367);
#7366 = CARTESIAN_POINT('',(-111.1010001307,129.,2.499999738564));
#7367 = VECTOR('',#7368,1.);
#7368 = DIRECTION('',(0.,-1.,0.));
#7369 = ORIENTED_EDGE('',*,*,#4469,.F.);
#7370 = PLANE('',#7371);
#7371 = AXIS2_PLACEMENT_3D('',#7372,#7373,#7374);
#7372 = CARTESIAN_POINT('',(-111.501,129.,2.9));
#7373 = DIRECTION('',(-0.707107127806,-0.,-0.707106434567));
#7374 = DIRECTION('',(-0.707106434567,1.6E-16,0.707107127806));
#7375 = ADVANCED_FACE('',(#7376),#7387,.F.);
#7376 = FACE_BOUND('',#7377,.T.);
#7377 = EDGE_LOOP('',(#7378,#7379,#7380,#7386));
#7378 = ORIENTED_EDGE('',*,*,#7364,.T.);
#7379 = ORIENTED_EDGE('',*,*,#4565,.T.);
#7380 = ORIENTED_EDGE('',*,*,#7381,.F.);
#7381 = EDGE_CURVE('',#4478,#4566,#7382,.T.);
#7382 = LINE('',#7383,#7384);
#7383 = CARTESIAN_POINT('',(-111.501,129.,2.1));
#7384 = VECTOR('',#7385,1.);
#7385 = DIRECTION('',(0.,-1.,0.));
#7386 = ORIENTED_EDGE('',*,*,#4477,.F.);
#7387 = PLANE('',#7388);
#7388 = AXIS2_PLACEMENT_3D('',#7389,#7390,#7391);
#7389 = CARTESIAN_POINT('',(-111.1010001307,129.,2.499999738564));
#7390 = DIRECTION('',(-0.707106665648,0.,0.707106896725));
#7391 = DIRECTION('',(0.707106896725,1.6E-16,0.707106665648));
#7392 = ADVANCED_FACE('',(#7393),#7399,.F.);
#7393 = FACE_BOUND('',#7394,.T.);
#7394 = EDGE_LOOP('',(#7395,#7396,#7397,#7398));
#7395 = ORIENTED_EDGE('',*,*,#7381,.T.);
#7396 = ORIENTED_EDGE('',*,*,#4573,.T.);
#7397 = ORIENTED_EDGE('',*,*,#4507,.F.);
#7398 = ORIENTED_EDGE('',*,*,#4485,.F.);
#7399 = PLANE('',#7400);
#7400 = AXIS2_PLACEMENT_3D('',#7401,#7402,#7403);
#7401 = CARTESIAN_POINT('',(-111.501,129.,2.1));
#7402 = DIRECTION('',(0.,0.,1.));
#7403 = DIRECTION('',(1.,0.,0.));
#7404 = ADVANCED_FACE('',(#7405),#7416,.T.);
#7405 = FACE_BOUND('',#7406,.T.);
#7406 = EDGE_LOOP('',(#7407,#7408,#7409,#7415));
#7407 = ORIENTED_EDGE('',*,*,#4597,.F.);
#7408 = ORIENTED_EDGE('',*,*,#6134,.T.);
#7409 = ORIENTED_EDGE('',*,*,#7410,.T.);
#7410 = EDGE_CURVE('',#6127,#4615,#7411,.T.);
#7411 = LINE('',#7412,#7413);
#7412 = CARTESIAN_POINT('',(-100.301,139.00002174202,2.3));
#7413 = VECTOR('',#7414,1.);
#7414 = DIRECTION('',(0.707106781176,3.84348328688E-06,0.707106781187));
#7415 = ORIENTED_EDGE('',*,*,#4614,.F.);
#7416 = CONICAL_SURFACE('',#7417,4.,0.785398163397);
#7417 = AXIS2_PLACEMENT_3D('',#7418,#7419,#7420);
#7418 = CARTESIAN_POINT('',(-104.301,139.,2.3));
#7419 = DIRECTION('',(0.,0.,1.));
#7420 = DIRECTION('',(0.,-1.,0.));
#7421 = ADVANCED_FACE('',(#7422),#7443,.T.);
#7422 = FACE_BOUND('',#7423,.T.);
#7423 = EDGE_LOOP('',(#7424,#7433,#7434,#7435,#7436));
#7424 = ORIENTED_EDGE('',*,*,#7425,.F.);
#7425 = EDGE_CURVE('',#6046,#7426,#7428,.T.);
#7426 = VERTEX_POINT('',#7427);
#7427 = CARTESIAN_POINT('',(-100.5938932188,148.20710678118,
    2.007106781187));
#7428 = ELLIPSE('',#7429,1.414213562373,1.);
#7429 = AXIS2_PLACEMENT_3D('',#7430,#7431,#7432);
#7430 = CARTESIAN_POINT('',(-101.301,147.5,1.3));
#7431 = DIRECTION('',(0.,0.707106781187,-0.707106781187));
#7432 = DIRECTION('',(0.,-0.707106781187,-0.707106781187));
#7433 = ORIENTED_EDGE('',*,*,#6053,.F.);
#7434 = ORIENTED_EDGE('',*,*,#4758,.T.);
#7435 = ORIENTED_EDGE('',*,*,#4672,.T.);
#7436 = ORIENTED_EDGE('',*,*,#7437,.F.);
#7437 = EDGE_CURVE('',#7426,#4673,#7438,.T.);
#7438 = ELLIPSE('',#7439,1.414213562373,1.);
#7439 = AXIS2_PLACEMENT_3D('',#7440,#7441,#7442);
#7440 = CARTESIAN_POINT('',(-101.301,147.5,1.3));
#7441 = DIRECTION('',(0.707106781187,0.,-0.707106781187));
#7442 = DIRECTION('',(-0.707106781187,-0.,-0.707106781187));
#7443 = CYLINDRICAL_SURFACE('',#7444,1.);
#7444 = AXIS2_PLACEMENT_3D('',#7445,#7446,#7447);
#7445 = CARTESIAN_POINT('',(-101.301,147.5,3.8));
#7446 = DIRECTION('',(-0.,-0.,-1.));
#7447 = DIRECTION('',(0.,1.,0.));
#7448 = ADVANCED_FACE('',(#7449),#7461,.T.);
#7449 = FACE_BOUND('',#7450,.T.);
#7450 = EDGE_LOOP('',(#7451,#7452,#7453,#7454,#7460));
#7451 = ORIENTED_EDGE('',*,*,#4680,.F.);
#7452 = ORIENTED_EDGE('',*,*,#7410,.F.);
#7453 = ORIENTED_EDGE('',*,*,#6126,.T.);
#7454 = ORIENTED_EDGE('',*,*,#7455,.T.);
#7455 = EDGE_CURVE('',#6119,#7426,#7456,.T.);
#7456 = LINE('',#7457,#7458);
#7457 = CARTESIAN_POINT('',(-102.0509963763,146.75000362367,
    0.550003623671));
#7458 = VECTOR('',#7459,1.);
#7459 = DIRECTION('',(0.57735026919,0.57735026919,0.57735026919));
#7460 = ORIENTED_EDGE('',*,*,#7437,.T.);
#7461 = PLANE('',#7462);
#7462 = AXIS2_PLACEMENT_3D('',#7463,#7464,#7465);
#7463 = CARTESIAN_POINT('',(-100.551,139.00002174202,2.05));
#7464 = DIRECTION('',(0.707106781187,0.,-0.707106781187));
#7465 = DIRECTION('',(0.,1.,0.));
#7466 = ADVANCED_FACE('',(#7467),#7480,.T.);
#7467 = FACE_BOUND('',#7468,.F.);
#7468 = EDGE_LOOP('',(#7469,#7470,#7471,#7472,#7473));
#7469 = ORIENTED_EDGE('',*,*,#5222,.F.);
#7470 = ORIENTED_EDGE('',*,*,#6060,.F.);
#7471 = ORIENTED_EDGE('',*,*,#4775,.T.);
#7472 = ORIENTED_EDGE('',*,*,#4927,.T.);
#7473 = ORIENTED_EDGE('',*,*,#7474,.F.);
#7474 = EDGE_CURVE('',#5215,#4920,#7475,.T.);
#7475 = ELLIPSE('',#7476,1.414213562373,1.);
#7476 = AXIS2_PLACEMENT_3D('',#7477,#7478,#7479);
#7477 = CARTESIAN_POINT('',(-20.001,147.5,1.3));
#7478 = DIRECTION('',(0.707106781187,-0.,0.707106781187));
#7479 = DIRECTION('',(0.707106781187,0.,-0.707106781187));
#7480 = CYLINDRICAL_SURFACE('',#7481,1.);
#7481 = AXIS2_PLACEMENT_3D('',#7482,#7483,#7484);
#7482 = CARTESIAN_POINT('',(-20.001,147.5,3.8));
#7483 = DIRECTION('',(-0.,-0.,-1.));
#7484 = DIRECTION('',(0.,1.,0.));
#7485 = ADVANCED_FACE('',(#7486),#7527,.F.);
#7486 = FACE_BOUND('',#7487,.T.);
#7487 = EDGE_LOOP('',(#7488,#7489,#7497,#7505,#7513,#7521));
#7488 = ORIENTED_EDGE('',*,*,#4793,.T.);
#7489 = ORIENTED_EDGE('',*,*,#7490,.T.);
#7490 = EDGE_CURVE('',#4796,#7491,#7493,.T.);
#7491 = VERTEX_POINT('',#7492);
#7492 = CARTESIAN_POINT('',(-28.301,146.2,2.9));
#7493 = LINE('',#7494,#7495);
#7494 = CARTESIAN_POINT('',(-28.301,146.2,3.8));
#7495 = VECTOR('',#7496,1.);
#7496 = DIRECTION('',(0.,0.,-1.));
#7497 = ORIENTED_EDGE('',*,*,#7498,.T.);
#7498 = EDGE_CURVE('',#7491,#7499,#7501,.T.);
#7499 = VERTEX_POINT('',#7500);
#7500 = CARTESIAN_POINT('',(-28.301,145.8,2.499999869282));
#7501 = LINE('',#7502,#7503);
#7502 = CARTESIAN_POINT('',(-28.301,146.2,2.9));
#7503 = VECTOR('',#7504,1.);
#7504 = DIRECTION('',(0.,-0.707106665647,-0.707106896726));
#7505 = ORIENTED_EDGE('',*,*,#7506,.T.);
#7506 = EDGE_CURVE('',#7499,#7507,#7509,.T.);
#7507 = VERTEX_POINT('',#7508);
#7508 = CARTESIAN_POINT('',(-28.301,146.2,2.1));
#7509 = LINE('',#7510,#7511);
#7510 = CARTESIAN_POINT('',(-28.301,145.8,2.499999869282));
#7511 = VECTOR('',#7512,1.);
#7512 = DIRECTION('',(-0.,0.707106896726,-0.707106665647));
#7513 = ORIENTED_EDGE('',*,*,#7514,.T.);
#7514 = EDGE_CURVE('',#7507,#7515,#7517,.T.);
#7515 = VERTEX_POINT('',#7516);
#7516 = CARTESIAN_POINT('',(-28.301,147.2,2.1));
#7517 = LINE('',#7518,#7519);
#7518 = CARTESIAN_POINT('',(-28.301,146.2,2.1));
#7519 = VECTOR('',#7520,1.);
#7520 = DIRECTION('',(0.,1.,0.));
#7521 = ORIENTED_EDGE('',*,*,#7522,.T.);
#7522 = EDGE_CURVE('',#7515,#4794,#7523,.T.);
#7523 = LINE('',#7524,#7525);
#7524 = CARTESIAN_POINT('',(-28.301,147.2,2.1));
#7525 = VECTOR('',#7526,1.);
#7526 = DIRECTION('',(0.,0.543251278157,0.839570157152));
#7527 = PLANE('',#7528);
#7528 = AXIS2_PLACEMENT_3D('',#7529,#7530,#7531);
#7529 = CARTESIAN_POINT('',(-28.301,146.98494503419,3.05981823678));
#7530 = DIRECTION('',(-1.,-0.,-0.));
#7531 = DIRECTION('',(0.,0.,1.));
#7532 = ADVANCED_FACE('',(#7533),#7551,.T.);
#7533 = FACE_BOUND('',#7534,.T.);
#7534 = EDGE_LOOP('',(#7535,#7543,#7549,#7550));
#7535 = ORIENTED_EDGE('',*,*,#7536,.T.);
#7536 = EDGE_CURVE('',#7515,#7537,#7539,.T.);
#7537 = VERTEX_POINT('',#7538);
#7538 = CARTESIAN_POINT('',(-43.301,147.2,2.1));
#7539 = LINE('',#7540,#7541);
#7540 = CARTESIAN_POINT('',(-28.301,147.2,2.1));
#7541 = VECTOR('',#7542,1.);
#7542 = DIRECTION('',(-1.,-0.,-0.));
#7543 = ORIENTED_EDGE('',*,*,#7544,.T.);
#7544 = EDGE_CURVE('',#7537,#4804,#7545,.T.);
#7545 = LINE('',#7546,#7547);
#7546 = CARTESIAN_POINT('',(-43.301,147.2,2.1));
#7547 = VECTOR('',#7548,1.);
#7548 = DIRECTION('',(0.,0.543251278157,0.839570157152));
#7549 = ORIENTED_EDGE('',*,*,#4803,.F.);
#7550 = ORIENTED_EDGE('',*,*,#7522,.F.);
#7551 = PLANE('',#7552);
#7552 = AXIS2_PLACEMENT_3D('',#7553,#7554,#7555);
#7553 = CARTESIAN_POINT('',(-28.301,147.2,2.1));
#7554 = DIRECTION('',(0.,0.839570157152,-0.543251278157));
#7555 = DIRECTION('',(0.,0.543251278157,0.839570157152));
#7556 = ADVANCED_FACE('',(#7557),#7575,.T.);
#7557 = FACE_BOUND('',#7558,.T.);
#7558 = EDGE_LOOP('',(#7559,#7560,#7568,#7574));
#7559 = ORIENTED_EDGE('',*,*,#4819,.T.);
#7560 = ORIENTED_EDGE('',*,*,#7561,.T.);
#7561 = EDGE_CURVE('',#4812,#7562,#7564,.T.);
#7562 = VERTEX_POINT('',#7563);
#7563 = CARTESIAN_POINT('',(-43.301,146.2,2.9));
#7564 = LINE('',#7565,#7566);
#7565 = CARTESIAN_POINT('',(-43.301,146.2,3.8));
#7566 = VECTOR('',#7567,1.);
#7567 = DIRECTION('',(0.,0.,-1.));
#7568 = ORIENTED_EDGE('',*,*,#7569,.F.);
#7569 = EDGE_CURVE('',#7491,#7562,#7570,.T.);
#7570 = LINE('',#7571,#7572);
#7571 = CARTESIAN_POINT('',(-28.301,146.2,2.9));
#7572 = VECTOR('',#7573,1.);
#7573 = DIRECTION('',(-1.,-0.,-0.));
#7574 = ORIENTED_EDGE('',*,*,#7490,.F.);
#7575 = PLANE('',#7576);
#7576 = AXIS2_PLACEMENT_3D('',#7577,#7578,#7579);
#7577 = CARTESIAN_POINT('',(-28.301,146.2,3.8));
#7578 = DIRECTION('',(0.,-1.,0.));
#7579 = DIRECTION('',(0.,0.,-1.));
#7580 = ADVANCED_FACE('',(#7581),#7608,.T.);
#7581 = FACE_BOUND('',#7582,.F.);
#7582 = EDGE_LOOP('',(#7583,#7584,#7585,#7593,#7601,#7607));
#7583 = ORIENTED_EDGE('',*,*,#4811,.T.);
#7584 = ORIENTED_EDGE('',*,*,#7561,.T.);
#7585 = ORIENTED_EDGE('',*,*,#7586,.T.);
#7586 = EDGE_CURVE('',#7562,#7587,#7589,.T.);
#7587 = VERTEX_POINT('',#7588);
#7588 = CARTESIAN_POINT('',(-43.301,145.8,2.499999869282));
#7589 = LINE('',#7590,#7591);
#7590 = CARTESIAN_POINT('',(-43.301,146.2,2.9));
#7591 = VECTOR('',#7592,1.);
#7592 = DIRECTION('',(0.,-0.707106665647,-0.707106896726));
#7593 = ORIENTED_EDGE('',*,*,#7594,.T.);
#7594 = EDGE_CURVE('',#7587,#7595,#7597,.T.);
#7595 = VERTEX_POINT('',#7596);
#7596 = CARTESIAN_POINT('',(-43.301,146.2,2.1));
#7597 = LINE('',#7598,#7599);
#7598 = CARTESIAN_POINT('',(-43.301,145.8,2.499999869282));
#7599 = VECTOR('',#7600,1.);
#7600 = DIRECTION('',(-0.,0.707106896726,-0.707106665647));
#7601 = ORIENTED_EDGE('',*,*,#7602,.T.);
#7602 = EDGE_CURVE('',#7595,#7537,#7603,.T.);
#7603 = LINE('',#7604,#7605);
#7604 = CARTESIAN_POINT('',(-43.301,146.2,2.1));
#7605 = VECTOR('',#7606,1.);
#7606 = DIRECTION('',(0.,1.,0.));
#7607 = ORIENTED_EDGE('',*,*,#7544,.T.);
#7608 = PLANE('',#7609);
#7609 = AXIS2_PLACEMENT_3D('',#7610,#7611,#7612);
#7610 = CARTESIAN_POINT('',(-43.301,146.98494503419,3.05981823678));
#7611 = DIRECTION('',(-1.,-0.,-0.));
#7612 = DIRECTION('',(0.,0.,1.));
#7613 = ADVANCED_FACE('',(#7614),#7639,.F.);
#7614 = FACE_BOUND('',#7615,.F.);
#7615 = EDGE_LOOP('',(#7616,#7626,#7632,#7633));
#7616 = ORIENTED_EDGE('',*,*,#7617,.T.);
#7617 = EDGE_CURVE('',#7618,#7620,#7622,.T.);
#7618 = VERTEX_POINT('',#7619);
#7619 = CARTESIAN_POINT('',(-70.301,147.2,2.1));
#7620 = VERTEX_POINT('',#7621);
#7621 = CARTESIAN_POINT('',(-55.301,147.2,2.1));
#7622 = LINE('',#7623,#7624);
#7623 = CARTESIAN_POINT('',(-70.301,147.2,2.1));
#7624 = VECTOR('',#7625,1.);
#7625 = DIRECTION('',(1.,0.,0.));
#7626 = ORIENTED_EDGE('',*,*,#7627,.T.);
#7627 = EDGE_CURVE('',#7620,#4830,#7628,.T.);
#7628 = LINE('',#7629,#7630);
#7629 = CARTESIAN_POINT('',(-55.301,147.2,2.1));
#7630 = VECTOR('',#7631,1.);
#7631 = DIRECTION('',(0.,0.543251278157,0.839570157152));
#7632 = ORIENTED_EDGE('',*,*,#4827,.F.);
#7633 = ORIENTED_EDGE('',*,*,#7634,.F.);
#7634 = EDGE_CURVE('',#7618,#4828,#7635,.T.);
#7635 = LINE('',#7636,#7637);
#7636 = CARTESIAN_POINT('',(-70.301,147.2,2.1));
#7637 = VECTOR('',#7638,1.);
#7638 = DIRECTION('',(0.,0.543251278157,0.839570157152));
#7639 = PLANE('',#7640);
#7640 = AXIS2_PLACEMENT_3D('',#7641,#7642,#7643);
#7641 = CARTESIAN_POINT('',(-70.301,147.2,2.1));
#7642 = DIRECTION('',(0.,-0.839570157152,0.543251278157));
#7643 = DIRECTION('',(0.,0.543251278157,0.839570157152));
#7644 = ADVANCED_FACE('',(#7645),#7679,.T.);
#7645 = FACE_BOUND('',#7646,.F.);
#7646 = EDGE_LOOP('',(#7647,#7648,#7656,#7664,#7672,#7678));
#7647 = ORIENTED_EDGE('',*,*,#4837,.T.);
#7648 = ORIENTED_EDGE('',*,*,#7649,.T.);
#7649 = EDGE_CURVE('',#4838,#7650,#7652,.T.);
#7650 = VERTEX_POINT('',#7651);
#7651 = CARTESIAN_POINT('',(-70.301,146.2,2.9));
#7652 = LINE('',#7653,#7654);
#7653 = CARTESIAN_POINT('',(-70.301,146.2,3.8));
#7654 = VECTOR('',#7655,1.);
#7655 = DIRECTION('',(0.,0.,-1.));
#7656 = ORIENTED_EDGE('',*,*,#7657,.T.);
#7657 = EDGE_CURVE('',#7650,#7658,#7660,.T.);
#7658 = VERTEX_POINT('',#7659);
#7659 = CARTESIAN_POINT('',(-70.301,145.8,2.499999869282));
#7660 = LINE('',#7661,#7662);
#7661 = CARTESIAN_POINT('',(-70.301,146.2,2.9));
#7662 = VECTOR('',#7663,1.);
#7663 = DIRECTION('',(0.,-0.707106665647,-0.707106896726));
#7664 = ORIENTED_EDGE('',*,*,#7665,.T.);
#7665 = EDGE_CURVE('',#7658,#7666,#7668,.T.);
#7666 = VERTEX_POINT('',#7667);
#7667 = CARTESIAN_POINT('',(-70.301,146.2,2.1));
#7668 = LINE('',#7669,#7670);
#7669 = CARTESIAN_POINT('',(-70.301,145.8,2.499999869282));
#7670 = VECTOR('',#7671,1.);
#7671 = DIRECTION('',(-0.,0.707106896726,-0.707106665647));
#7672 = ORIENTED_EDGE('',*,*,#7673,.T.);
#7673 = EDGE_CURVE('',#7666,#7618,#7674,.T.);
#7674 = LINE('',#7675,#7676);
#7675 = CARTESIAN_POINT('',(-70.301,146.2,2.1));
#7676 = VECTOR('',#7677,1.);
#7677 = DIRECTION('',(0.,1.,0.));
#7678 = ORIENTED_EDGE('',*,*,#7634,.T.);
#7679 = PLANE('',#7680);
#7680 = AXIS2_PLACEMENT_3D('',#7681,#7682,#7683);
#7681 = CARTESIAN_POINT('',(-70.301,146.98494503419,3.05981823678));
#7682 = DIRECTION('',(-1.,-0.,-0.));
#7683 = DIRECTION('',(0.,0.,1.));
#7684 = ADVANCED_FACE('',(#7685),#7719,.F.);
#7685 = FACE_BOUND('',#7686,.T.);
#7686 = EDGE_LOOP('',(#7687,#7688,#7696,#7704,#7712,#7718));
#7687 = ORIENTED_EDGE('',*,*,#4853,.T.);
#7688 = ORIENTED_EDGE('',*,*,#7689,.T.);
#7689 = EDGE_CURVE('',#4846,#7690,#7692,.T.);
#7690 = VERTEX_POINT('',#7691);
#7691 = CARTESIAN_POINT('',(-55.301,146.2,2.9));
#7692 = LINE('',#7693,#7694);
#7693 = CARTESIAN_POINT('',(-55.301,146.2,3.8));
#7694 = VECTOR('',#7695,1.);
#7695 = DIRECTION('',(0.,0.,-1.));
#7696 = ORIENTED_EDGE('',*,*,#7697,.T.);
#7697 = EDGE_CURVE('',#7690,#7698,#7700,.T.);
#7698 = VERTEX_POINT('',#7699);
#7699 = CARTESIAN_POINT('',(-55.301,145.8,2.499999869282));
#7700 = LINE('',#7701,#7702);
#7701 = CARTESIAN_POINT('',(-55.301,146.2,2.9));
#7702 = VECTOR('',#7703,1.);
#7703 = DIRECTION('',(0.,-0.707106665647,-0.707106896726));
#7704 = ORIENTED_EDGE('',*,*,#7705,.T.);
#7705 = EDGE_CURVE('',#7698,#7706,#7708,.T.);
#7706 = VERTEX_POINT('',#7707);
#7707 = CARTESIAN_POINT('',(-55.301,146.2,2.1));
#7708 = LINE('',#7709,#7710);
#7709 = CARTESIAN_POINT('',(-55.301,145.8,2.499999869282));
#7710 = VECTOR('',#7711,1.);
#7711 = DIRECTION('',(-0.,0.707106896726,-0.707106665647));
#7712 = ORIENTED_EDGE('',*,*,#7713,.T.);
#7713 = EDGE_CURVE('',#7706,#7620,#7714,.T.);
#7714 = LINE('',#7715,#7716);
#7715 = CARTESIAN_POINT('',(-55.301,146.2,2.1));
#7716 = VECTOR('',#7717,1.);
#7717 = DIRECTION('',(0.,1.,0.));
#7718 = ORIENTED_EDGE('',*,*,#7627,.T.);
#7719 = PLANE('',#7720);
#7720 = AXIS2_PLACEMENT_3D('',#7721,#7722,#7723);
#7721 = CARTESIAN_POINT('',(-55.301,146.98494503419,3.05981823678));
#7722 = DIRECTION('',(-1.,-0.,-0.));
#7723 = DIRECTION('',(0.,0.,1.));
#7724 = ADVANCED_FACE('',(#7725),#7736,.F.);
#7725 = FACE_BOUND('',#7726,.F.);
#7726 = EDGE_LOOP('',(#7727,#7728,#7729,#7735));
#7727 = ORIENTED_EDGE('',*,*,#4845,.T.);
#7728 = ORIENTED_EDGE('',*,*,#7689,.T.);
#7729 = ORIENTED_EDGE('',*,*,#7730,.F.);
#7730 = EDGE_CURVE('',#7650,#7690,#7731,.T.);
#7731 = LINE('',#7732,#7733);
#7732 = CARTESIAN_POINT('',(-70.301,146.2,2.9));
#7733 = VECTOR('',#7734,1.);
#7734 = DIRECTION('',(1.,0.,0.));
#7735 = ORIENTED_EDGE('',*,*,#7649,.F.);
#7736 = PLANE('',#7737);
#7737 = AXIS2_PLACEMENT_3D('',#7738,#7739,#7740);
#7738 = CARTESIAN_POINT('',(-70.301,146.2,3.8));
#7739 = DIRECTION('',(0.,1.,0.));
#7740 = DIRECTION('',(0.,0.,-1.));
#7741 = ADVANCED_FACE('',(#7742),#7767,.F.);
#7742 = FACE_BOUND('',#7743,.F.);
#7743 = EDGE_LOOP('',(#7744,#7754,#7760,#7761));
#7744 = ORIENTED_EDGE('',*,*,#7745,.T.);
#7745 = EDGE_CURVE('',#7746,#7748,#7750,.T.);
#7746 = VERTEX_POINT('',#7747);
#7747 = CARTESIAN_POINT('',(-97.301,147.2,2.1));
#7748 = VERTEX_POINT('',#7749);
#7749 = CARTESIAN_POINT('',(-82.301,147.2,2.1));
#7750 = LINE('',#7751,#7752);
#7751 = CARTESIAN_POINT('',(-97.301,147.2,2.1));
#7752 = VECTOR('',#7753,1.);
#7753 = DIRECTION('',(1.,0.,0.));
#7754 = ORIENTED_EDGE('',*,*,#7755,.T.);
#7755 = EDGE_CURVE('',#7748,#4864,#7756,.T.);
#7756 = LINE('',#7757,#7758);
#7757 = CARTESIAN_POINT('',(-82.301,147.2,2.1));
#7758 = VECTOR('',#7759,1.);
#7759 = DIRECTION('',(0.,0.543251278157,0.839570157152));
#7760 = ORIENTED_EDGE('',*,*,#4861,.F.);
#7761 = ORIENTED_EDGE('',*,*,#7762,.F.);
#7762 = EDGE_CURVE('',#7746,#4862,#7763,.T.);
#7763 = LINE('',#7764,#7765);
#7764 = CARTESIAN_POINT('',(-97.301,147.2,2.1));
#7765 = VECTOR('',#7766,1.);
#7766 = DIRECTION('',(0.,0.543251278157,0.839570157152));
#7767 = PLANE('',#7768);
#7768 = AXIS2_PLACEMENT_3D('',#7769,#7770,#7771);
#7769 = CARTESIAN_POINT('',(-97.301,147.2,2.1));
#7770 = DIRECTION('',(0.,-0.839570157152,0.543251278157));
#7771 = DIRECTION('',(0.,0.543251278157,0.839570157152));
#7772 = ADVANCED_FACE('',(#7773),#7807,.F.);
#7773 = FACE_BOUND('',#7774,.T.);
#7774 = EDGE_LOOP('',(#7775,#7776,#7784,#7792,#7800,#7806));
#7775 = ORIENTED_EDGE('',*,*,#4887,.T.);
#7776 = ORIENTED_EDGE('',*,*,#7777,.T.);
#7777 = EDGE_CURVE('',#4880,#7778,#7780,.T.);
#7778 = VERTEX_POINT('',#7779);
#7779 = CARTESIAN_POINT('',(-82.301,146.2,2.9));
#7780 = LINE('',#7781,#7782);
#7781 = CARTESIAN_POINT('',(-82.301,146.2,3.8));
#7782 = VECTOR('',#7783,1.);
#7783 = DIRECTION('',(0.,0.,-1.));
#7784 = ORIENTED_EDGE('',*,*,#7785,.T.);
#7785 = EDGE_CURVE('',#7778,#7786,#7788,.T.);
#7786 = VERTEX_POINT('',#7787);
#7787 = CARTESIAN_POINT('',(-82.301,145.8,2.499999869282));
#7788 = LINE('',#7789,#7790);
#7789 = CARTESIAN_POINT('',(-82.301,146.2,2.9));
#7790 = VECTOR('',#7791,1.);
#7791 = DIRECTION('',(0.,-0.707106665647,-0.707106896726));
#7792 = ORIENTED_EDGE('',*,*,#7793,.T.);
#7793 = EDGE_CURVE('',#7786,#7794,#7796,.T.);
#7794 = VERTEX_POINT('',#7795);
#7795 = CARTESIAN_POINT('',(-82.301,146.2,2.1));
#7796 = LINE('',#7797,#7798);
#7797 = CARTESIAN_POINT('',(-82.301,145.8,2.499999869282));
#7798 = VECTOR('',#7799,1.);
#7799 = DIRECTION('',(-0.,0.707106896726,-0.707106665647));
#7800 = ORIENTED_EDGE('',*,*,#7801,.T.);
#7801 = EDGE_CURVE('',#7794,#7748,#7802,.T.);
#7802 = LINE('',#7803,#7804);
#7803 = CARTESIAN_POINT('',(-82.301,146.2,2.1));
#7804 = VECTOR('',#7805,1.);
#7805 = DIRECTION('',(0.,1.,0.));
#7806 = ORIENTED_EDGE('',*,*,#7755,.T.);
#7807 = PLANE('',#7808);
#7808 = AXIS2_PLACEMENT_3D('',#7809,#7810,#7811);
#7809 = CARTESIAN_POINT('',(-82.301,146.98494503419,3.05981823678));
#7810 = DIRECTION('',(-1.,-0.,-0.));
#7811 = DIRECTION('',(0.,0.,1.));
#7812 = ADVANCED_FACE('',(#7813),#7831,.F.);
#7813 = FACE_BOUND('',#7814,.F.);
#7814 = EDGE_LOOP('',(#7815,#7816,#7817,#7825));
#7815 = ORIENTED_EDGE('',*,*,#4879,.T.);
#7816 = ORIENTED_EDGE('',*,*,#7777,.T.);
#7817 = ORIENTED_EDGE('',*,*,#7818,.F.);
#7818 = EDGE_CURVE('',#7819,#7778,#7821,.T.);
#7819 = VERTEX_POINT('',#7820);
#7820 = CARTESIAN_POINT('',(-97.301,146.2,2.9));
#7821 = LINE('',#7822,#7823);
#7822 = CARTESIAN_POINT('',(-97.301,146.2,2.9));
#7823 = VECTOR('',#7824,1.);
#7824 = DIRECTION('',(1.,0.,0.));
#7825 = ORIENTED_EDGE('',*,*,#7826,.F.);
#7826 = EDGE_CURVE('',#4872,#7819,#7827,.T.);
#7827 = LINE('',#7828,#7829);
#7828 = CARTESIAN_POINT('',(-97.301,146.2,3.8));
#7829 = VECTOR('',#7830,1.);
#7830 = DIRECTION('',(0.,0.,-1.));
#7831 = PLANE('',#7832);
#7832 = AXIS2_PLACEMENT_3D('',#7833,#7834,#7835);
#7833 = CARTESIAN_POINT('',(-97.301,146.2,3.8));
#7834 = DIRECTION('',(0.,1.,0.));
#7835 = DIRECTION('',(0.,0.,-1.));
#7836 = ADVANCED_FACE('',(#7837),#7864,.T.);
#7837 = FACE_BOUND('',#7838,.F.);
#7838 = EDGE_LOOP('',(#7839,#7840,#7841,#7849,#7857,#7863));
#7839 = ORIENTED_EDGE('',*,*,#4871,.T.);
#7840 = ORIENTED_EDGE('',*,*,#7826,.T.);
#7841 = ORIENTED_EDGE('',*,*,#7842,.T.);
#7842 = EDGE_CURVE('',#7819,#7843,#7845,.T.);
#7843 = VERTEX_POINT('',#7844);
#7844 = CARTESIAN_POINT('',(-97.301,145.8,2.499999869282));
#7845 = LINE('',#7846,#7847);
#7846 = CARTESIAN_POINT('',(-97.301,146.2,2.9));
#7847 = VECTOR('',#7848,1.);
#7848 = DIRECTION('',(0.,-0.707106665647,-0.707106896726));
#7849 = ORIENTED_EDGE('',*,*,#7850,.T.);
#7850 = EDGE_CURVE('',#7843,#7851,#7853,.T.);
#7851 = VERTEX_POINT('',#7852);
#7852 = CARTESIAN_POINT('',(-97.301,146.2,2.1));
#7853 = LINE('',#7854,#7855);
#7854 = CARTESIAN_POINT('',(-97.301,145.8,2.499999869282));
#7855 = VECTOR('',#7856,1.);
#7856 = DIRECTION('',(-0.,0.707106896726,-0.707106665647));
#7857 = ORIENTED_EDGE('',*,*,#7858,.T.);
#7858 = EDGE_CURVE('',#7851,#7746,#7859,.T.);
#7859 = LINE('',#7860,#7861);
#7860 = CARTESIAN_POINT('',(-97.301,146.2,2.1));
#7861 = VECTOR('',#7862,1.);
#7862 = DIRECTION('',(0.,1.,0.));
#7863 = ORIENTED_EDGE('',*,*,#7762,.T.);
#7864 = PLANE('',#7865);
#7865 = AXIS2_PLACEMENT_3D('',#7866,#7867,#7868);
#7866 = CARTESIAN_POINT('',(-97.301,146.98494503419,3.05981823678));
#7867 = DIRECTION('',(-1.,-0.,-0.));
#7868 = DIRECTION('',(0.,0.,1.));
#7869 = ADVANCED_FACE('',(#7870),#7881,.T.);
#7870 = FACE_BOUND('',#7871,.T.);
#7871 = EDGE_LOOP('',(#7872,#7873,#7879,#7880));
#7872 = ORIENTED_EDGE('',*,*,#5214,.T.);
#7873 = ORIENTED_EDGE('',*,*,#7874,.T.);
#7874 = EDGE_CURVE('',#5206,#4912,#7875,.T.);
#7875 = LINE('',#7876,#7877);
#7876 = CARTESIAN_POINT('',(-20.751,129.869,2.05));
#7877 = VECTOR('',#7878,1.);
#7878 = DIRECTION('',(-0.707106781187,0.,0.707106781187));
#7879 = ORIENTED_EDGE('',*,*,#4919,.F.);
#7880 = ORIENTED_EDGE('',*,*,#7474,.F.);
#7881 = PLANE('',#7882);
#7882 = AXIS2_PLACEMENT_3D('',#7883,#7884,#7885);
#7883 = CARTESIAN_POINT('',(-20.751,148.5,2.05));
#7884 = DIRECTION('',(-0.707106781187,-0.,-0.707106781187));
#7885 = DIRECTION('',(0.,-1.,0.));
#7886 = ADVANCED_FACE('',(#7887),#7899,.T.);
#7887 = FACE_BOUND('',#7888,.T.);
#7888 = EDGE_LOOP('',(#7889,#7890,#7897,#7898));
#7889 = ORIENTED_EDGE('',*,*,#4911,.F.);
#7890 = ORIENTED_EDGE('',*,*,#7891,.T.);
#7891 = EDGE_CURVE('',#4912,#5035,#7892,.T.);
#7892 = CIRCLE('',#7893,1.);
#7893 = AXIS2_PLACEMENT_3D('',#7894,#7895,#7896);
#7894 = CARTESIAN_POINT('',(-20.001,129.869,2.3));
#7895 = DIRECTION('',(0.,0.,1.));
#7896 = DIRECTION('',(-1.,0.,0.));
#7897 = ORIENTED_EDGE('',*,*,#5042,.F.);
#7898 = ORIENTED_EDGE('',*,*,#4966,.F.);
#7899 = CYLINDRICAL_SURFACE('',#7900,1.);
#7900 = AXIS2_PLACEMENT_3D('',#7901,#7902,#7903);
#7901 = CARTESIAN_POINT('',(-20.001,129.869,3.8));
#7902 = DIRECTION('',(0.,0.,1.));
#7903 = DIRECTION('',(-1.,0.,0.));
#7904 = ADVANCED_FACE('',(#7905),#7932,.T.);
#7905 = FACE_BOUND('',#7906,.F.);
#7906 = EDGE_LOOP('',(#7907,#7908,#7917,#7925));
#7907 = ORIENTED_EDGE('',*,*,#5108,.T.);
#7908 = ORIENTED_EDGE('',*,*,#7909,.T.);
#7909 = EDGE_CURVE('',#5101,#7910,#7912,.T.);
#7910 = VERTEX_POINT('',#7911);
#7911 = CARTESIAN_POINT('',(-114.301,139.,6.61));
#7912 = CIRCLE('',#7913,10.);
#7913 = AXIS2_PLACEMENT_3D('',#7914,#7915,#7916);
#7914 = CARTESIAN_POINT('',(-104.301,139.,6.61));
#7915 = DIRECTION('',(0.,-0.,1.));
#7916 = DIRECTION('',(2.84E-15,1.,0.));
#7917 = ORIENTED_EDGE('',*,*,#7918,.F.);
#7918 = EDGE_CURVE('',#7919,#7910,#7921,.T.);
#7919 = VERTEX_POINT('',#7920);
#7920 = CARTESIAN_POINT('',(-114.301,139.,6.6));
#7921 = LINE('',#7922,#7923);
#7922 = CARTESIAN_POINT('',(-114.301,139.,6.6));
#7923 = VECTOR('',#7924,1.);
#7924 = DIRECTION('',(0.,0.,1.));
#7925 = ORIENTED_EDGE('',*,*,#7926,.F.);
#7926 = EDGE_CURVE('',#5109,#7919,#7927,.T.);
#7927 = CIRCLE('',#7928,10.);
#7928 = AXIS2_PLACEMENT_3D('',#7929,#7930,#7931);
#7929 = CARTESIAN_POINT('',(-104.301,139.,6.6));
#7930 = DIRECTION('',(0.,-0.,1.));
#7931 = DIRECTION('',(2.58E-15,1.,0.));
#7932 = CYLINDRICAL_SURFACE('',#7933,10.);
#7933 = AXIS2_PLACEMENT_3D('',#7934,#7935,#7936);
#7934 = CARTESIAN_POINT('',(-104.301,139.,6.6));
#7935 = DIRECTION('',(0.,0.,-1.));
#7936 = DIRECTION('',(2.58E-15,1.,0.));
#7937 = ADVANCED_FACE('',(#7938),#7949,.T.);
#7938 = FACE_BOUND('',#7939,.F.);
#7939 = EDGE_LOOP('',(#7940,#7941,#7942,#7948));
#7940 = ORIENTED_EDGE('',*,*,#5132,.F.);
#7941 = ORIENTED_EDGE('',*,*,#7926,.T.);
#7942 = ORIENTED_EDGE('',*,*,#7943,.T.);
#7943 = EDGE_CURVE('',#7919,#5998,#7944,.T.);
#7944 = LINE('',#7945,#7946);
#7945 = CARTESIAN_POINT('',(-115.301,139.,5.6));
#7946 = VECTOR('',#7947,1.);
#7947 = DIRECTION('',(-0.707106781187,-1.E-17,-0.707106781187));
#7948 = ORIENTED_EDGE('',*,*,#6028,.F.);
#7949 = CONICAL_SURFACE('',#7950,11.,0.785398163397);
#7950 = AXIS2_PLACEMENT_3D('',#7951,#7952,#7953);
#7951 = CARTESIAN_POINT('',(-104.301,139.,5.6));
#7952 = DIRECTION('',(0.,0.,-1.));
#7953 = DIRECTION('',(2.58E-15,1.,0.));
#7954 = ADVANCED_FACE('',(#7955),#7961,.T.);
#7955 = FACE_BOUND('',#7956,.T.);
#7956 = EDGE_LOOP('',(#7957,#7958,#7959,#7960));
#7957 = ORIENTED_EDGE('',*,*,#7874,.F.);
#7958 = ORIENTED_EDGE('',*,*,#5205,.T.);
#7959 = ORIENTED_EDGE('',*,*,#5257,.T.);
#7960 = ORIENTED_EDGE('',*,*,#7891,.F.);
#7961 = CONICAL_SURFACE('',#7962,1.,0.785398163397);
#7962 = AXIS2_PLACEMENT_3D('',#7963,#7964,#7965);
#7963 = CARTESIAN_POINT('',(-20.001,129.869,2.3));
#7964 = DIRECTION('',(0.,0.,1.));
#7965 = DIRECTION('',(-1.,0.,0.));
#7966 = ADVANCED_FACE('',(#7967),#7985,.F.);
#7967 = FACE_BOUND('',#7968,.F.);
#7968 = EDGE_LOOP('',(#7969,#7970,#7977,#7984));
#7969 = ORIENTED_EDGE('',*,*,#5240,.T.);
#7970 = ORIENTED_EDGE('',*,*,#7971,.T.);
#7971 = EDGE_CURVE('',#5241,#7972,#7974,.T.);
#7972 = VERTEX_POINT('',#7973);
#7973 = CARTESIAN_POINT('',(-18.401,139.,4.1));
#7974 = B_SPLINE_CURVE_WITH_KNOTS('',1,(#7975,#7976),.UNSPECIFIED.,.F.,
  .F.,(2,2),(-2.,0.3),.PIECEWISE_BEZIER_KNOTS.);
#7975 = CARTESIAN_POINT('',(-18.401,139.,1.8));
#7976 = CARTESIAN_POINT('',(-18.401,139.,4.1));
#7977 = ORIENTED_EDGE('',*,*,#7978,.T.);
#7978 = EDGE_CURVE('',#7972,#7972,#7979,.T.);
#7979 = CIRCLE('',#7980,1.4);
#7980 = AXIS2_PLACEMENT_3D('',#7981,#7982,#7983);
#7981 = CARTESIAN_POINT('',(-17.001,139.,4.1));
#7982 = DIRECTION('',(0.,0.,-1.));
#7983 = DIRECTION('',(-1.,-0.,-0.));
#7984 = ORIENTED_EDGE('',*,*,#7971,.F.);
#7985 = CYLINDRICAL_SURFACE('',#7986,1.4);
#7986 = AXIS2_PLACEMENT_3D('',#7987,#7988,#7989);
#7987 = CARTESIAN_POINT('',(-17.001,139.,3.8));
#7988 = DIRECTION('',(0.,0.,1.));
#7989 = DIRECTION('',(-1.,0.,0.));
#7990 = ADVANCED_FACE('',(#7991),#8010,.T.);
#7991 = FACE_BOUND('',#7992,.F.);
#7992 = EDGE_LOOP('',(#7993,#8001,#8008,#8009));
#7993 = ORIENTED_EDGE('',*,*,#7994,.F.);
#7994 = EDGE_CURVE('',#7995,#5820,#7997,.T.);
#7995 = VERTEX_POINT('',#7996);
#7996 = CARTESIAN_POINT('',(-114.301,11.,6.6));
#7997 = LINE('',#7998,#7999);
#7998 = CARTESIAN_POINT('',(-114.801,11.,6.1));
#7999 = VECTOR('',#8000,1.);
#8000 = DIRECTION('',(-0.707106781187,-0.,-0.707106781187));
#8001 = ORIENTED_EDGE('',*,*,#8002,.T.);
#8002 = EDGE_CURVE('',#7995,#5333,#8003,.T.);
#8003 = CIRCLE('',#8004,10.);
#8004 = AXIS2_PLACEMENT_3D('',#8005,#8006,#8007);
#8005 = CARTESIAN_POINT('',(-104.301,11.,6.6));
#8006 = DIRECTION('',(0.,0.,1.));
#8007 = DIRECTION('',(-1.,-3.2E-16,0.));
#8008 = ORIENTED_EDGE('',*,*,#5332,.T.);
#8009 = ORIENTED_EDGE('',*,*,#5819,.F.);
#8010 = CONICAL_SURFACE('',#8011,11.,0.785398163397);
#8011 = AXIS2_PLACEMENT_3D('',#8012,#8013,#8014);
#8012 = CARTESIAN_POINT('',(-104.301,11.,5.6));
#8013 = DIRECTION('',(0.,0.,-1.));
#8014 = DIRECTION('',(-1.,-3.2E-16,-0.));
#8015 = ADVANCED_FACE('',(#8016),#8035,.T.);
#8016 = FACE_BOUND('',#8017,.F.);
#8017 = EDGE_LOOP('',(#8018,#8026,#8033,#8034));
#8018 = ORIENTED_EDGE('',*,*,#8019,.T.);
#8019 = EDGE_CURVE('',#7995,#8020,#8022,.T.);
#8020 = VERTEX_POINT('',#8021);
#8021 = CARTESIAN_POINT('',(-114.301,11.,6.61));
#8022 = LINE('',#8023,#8024);
#8023 = CARTESIAN_POINT('',(-114.301,11.,6.6));
#8024 = VECTOR('',#8025,1.);
#8025 = DIRECTION('',(0.,0.,1.));
#8026 = ORIENTED_EDGE('',*,*,#8027,.T.);
#8027 = EDGE_CURVE('',#8020,#5357,#8028,.T.);
#8028 = CIRCLE('',#8029,10.);
#8029 = AXIS2_PLACEMENT_3D('',#8030,#8031,#8032);
#8030 = CARTESIAN_POINT('',(-104.301,11.,6.61));
#8031 = DIRECTION('',(0.,0.,1.));
#8032 = DIRECTION('',(-1.,-3.6E-16,0.));
#8033 = ORIENTED_EDGE('',*,*,#5356,.F.);
#8034 = ORIENTED_EDGE('',*,*,#8002,.F.);
#8035 = CYLINDRICAL_SURFACE('',#8036,10.);
#8036 = AXIS2_PLACEMENT_3D('',#8037,#8038,#8039);
#8037 = CARTESIAN_POINT('',(-104.301,11.,6.6));
#8038 = DIRECTION('',(0.,0.,-1.));
#8039 = DIRECTION('',(-1.,-3.2E-16,-0.));
#8040 = ADVANCED_FACE('',(#8041),#8052,.T.);
#8041 = FACE_BOUND('',#8042,.F.);
#8042 = EDGE_LOOP('',(#8043,#8049,#8050,#8051));
#8043 = ORIENTED_EDGE('',*,*,#8044,.F.);
#8044 = EDGE_CURVE('',#5418,#8020,#8045,.T.);
#8045 = LINE('',#8046,#8047);
#8046 = CARTESIAN_POINT('',(-114.206,11.,6.705));
#8047 = VECTOR('',#8048,1.);
#8048 = DIRECTION('',(-0.707106781187,-0.,-0.707106781187));
#8049 = ORIENTED_EDGE('',*,*,#5417,.T.);
#8050 = ORIENTED_EDGE('',*,*,#5380,.T.);
#8051 = ORIENTED_EDGE('',*,*,#8027,.F.);
#8052 = CONICAL_SURFACE('',#8053,10.,0.785398163397);
#8053 = AXIS2_PLACEMENT_3D('',#8054,#8055,#8056);
#8054 = CARTESIAN_POINT('',(-104.301,11.,6.61));
#8055 = DIRECTION('',(0.,0.,-1.));
#8056 = DIRECTION('',(-1.,-3.6E-16,-0.));
#8057 = ADVANCED_FACE('',(#8058),#8069,.T.);
#8058 = FACE_BOUND('',#8059,.F.);
#8059 = EDGE_LOOP('',(#8060,#8061,#8062,#8068));
#8060 = ORIENTED_EDGE('',*,*,#5803,.F.);
#8061 = ORIENTED_EDGE('',*,*,#5482,.T.);
#8062 = ORIENTED_EDGE('',*,*,#8063,.T.);
#8063 = EDGE_CURVE('',#5475,#7910,#8064,.T.);
#8064 = LINE('',#8065,#8066);
#8065 = CARTESIAN_POINT('',(-114.301,139.,6.61));
#8066 = VECTOR('',#8067,1.);
#8067 = DIRECTION('',(-0.707106781187,3.3E-16,-0.707106781187));
#8068 = ORIENTED_EDGE('',*,*,#7909,.F.);
#8069 = CONICAL_SURFACE('',#8070,10.,0.785398163397);
#8070 = AXIS2_PLACEMENT_3D('',#8071,#8072,#8073);
#8071 = CARTESIAN_POINT('',(-104.301,139.,6.61));
#8072 = DIRECTION('',(0.,0.,-1.));
#8073 = DIRECTION('',(2.84E-15,1.,0.));
#8074 = ADVANCED_FACE('',(#8075),#8093,.T.);
#8075 = FACE_BOUND('',#8076,.F.);
#8076 = EDGE_LOOP('',(#8077,#8085,#8086,#8087));
#8077 = ORIENTED_EDGE('',*,*,#8078,.F.);
#8078 = EDGE_CURVE('',#5427,#8079,#8081,.T.);
#8079 = VERTEX_POINT('',#8080);
#8080 = CARTESIAN_POINT('',(-114.301,59.51,6.61));
#8081 = LINE('',#8082,#8083);
#8082 = CARTESIAN_POINT('',(-114.1203694144,59.416498728651,
    6.790630585574));
#8083 = VECTOR('',#8084,1.);
#8084 = DIRECTION('',(-0.664023331817,0.343723769333,-0.664023331817));
#8085 = ORIENTED_EDGE('',*,*,#5426,.T.);
#8086 = ORIENTED_EDGE('',*,*,#8044,.T.);
#8087 = ORIENTED_EDGE('',*,*,#8088,.F.);
#8088 = EDGE_CURVE('',#8079,#8020,#8089,.T.);
#8089 = LINE('',#8090,#8091);
#8090 = CARTESIAN_POINT('',(-114.301,59.51,6.61));
#8091 = VECTOR('',#8092,1.);
#8092 = DIRECTION('',(-0.,-1.,-0.));
#8093 = PLANE('',#8094);
#8094 = AXIS2_PLACEMENT_3D('',#8095,#8096,#8097);
#8095 = CARTESIAN_POINT('',(-114.206,59.51,6.705));
#8096 = DIRECTION('',(-0.707106781187,0.,0.707106781187));
#8097 = DIRECTION('',(0.,1.,0.));
#8098 = ADVANCED_FACE('',(#8099),#8117,.T.);
#8099 = FACE_BOUND('',#8100,.F.);
#8100 = EDGE_LOOP('',(#8101,#8102,#8103,#8111));
#8101 = ORIENTED_EDGE('',*,*,#8063,.F.);
#8102 = ORIENTED_EDGE('',*,*,#5474,.T.);
#8103 = ORIENTED_EDGE('',*,*,#8104,.T.);
#8104 = EDGE_CURVE('',#5467,#8105,#8107,.T.);
#8105 = VERTEX_POINT('',#8106);
#8106 = CARTESIAN_POINT('',(-114.301,90.49,6.61));
#8107 = LINE('',#8108,#8109);
#8108 = CARTESIAN_POINT('',(-108.5843935998,93.449133219414,
    12.326606400123));
#8109 = VECTOR('',#8110,1.);
#8110 = DIRECTION('',(-0.664023331817,-0.343723769333,-0.664023331817));
#8111 = ORIENTED_EDGE('',*,*,#8112,.F.);
#8112 = EDGE_CURVE('',#7910,#8105,#8113,.T.);
#8113 = LINE('',#8114,#8115);
#8114 = CARTESIAN_POINT('',(-114.301,139.,6.61));
#8115 = VECTOR('',#8116,1.);
#8116 = DIRECTION('',(-0.,-1.,-0.));
#8117 = PLANE('',#8118);
#8118 = AXIS2_PLACEMENT_3D('',#8119,#8120,#8121);
#8119 = CARTESIAN_POINT('',(-114.206,139.,6.705));
#8120 = DIRECTION('',(-0.707106781187,0.,0.707106781187));
#8121 = DIRECTION('',(0.,1.,0.));
#8122 = ADVANCED_FACE('',(#8123),#8139,.T.);
#8123 = FACE_BOUND('',#8124,.F.);
#8124 = EDGE_LOOP('',(#8125,#8131,#8132,#8133));
#8125 = ORIENTED_EDGE('',*,*,#8126,.F.);
#8126 = EDGE_CURVE('',#5435,#5878,#8127,.T.);
#8127 = LINE('',#8128,#8129);
#8128 = CARTESIAN_POINT('',(-113.5789526305,59.908498062064,
    6.701501937936));
#8129 = VECTOR('',#8130,1.);
#8130 = DIRECTION('',(-0.219275263435,0.689897948557,-0.689897948557));
#8131 = ORIENTED_EDGE('',*,*,#5434,.T.);
#8132 = ORIENTED_EDGE('',*,*,#8078,.T.);
#8133 = ORIENTED_EDGE('',*,*,#8134,.F.);
#8134 = EDGE_CURVE('',#5878,#8079,#8135,.T.);
#8135 = LINE('',#8136,#8137);
#8136 = CARTESIAN_POINT('',(-113.6080353544,60.,6.61));
#8137 = VECTOR('',#8138,1.);
#8138 = DIRECTION('',(-0.816496580928,-0.57735026919,-0.));
#8139 = PLANE('',#8140);
#8140 = AXIS2_PLACEMENT_3D('',#8141,#8142,#8143);
#8141 = CARTESIAN_POINT('',(-113.5531870788,59.922432824812,6.705));
#8142 = DIRECTION('',(-0.408248290464,0.57735026919,0.707106781187));
#8143 = DIRECTION('',(0.816496580928,0.57735026919,-8.326672684689E-17)
  );
#8144 = ADVANCED_FACE('',(#8145),#8161,.F.);
#8145 = FACE_BOUND('',#8146,.T.);
#8146 = EDGE_LOOP('',(#8147,#8153,#8154,#8155));
#8147 = ORIENTED_EDGE('',*,*,#8148,.F.);
#8148 = EDGE_CURVE('',#5459,#5956,#8149,.T.);
#8149 = LINE('',#8150,#8151);
#8150 = CARTESIAN_POINT('',(-113.5789526305,90.091501937936,
    6.701501937936));
#8151 = VECTOR('',#8152,1.);
#8152 = DIRECTION('',(-0.219275263435,-0.689897948557,-0.689897948557));
#8153 = ORIENTED_EDGE('',*,*,#5466,.T.);
#8154 = ORIENTED_EDGE('',*,*,#8104,.T.);
#8155 = ORIENTED_EDGE('',*,*,#8156,.F.);
#8156 = EDGE_CURVE('',#5956,#8105,#8157,.T.);
#8157 = LINE('',#8158,#8159);
#8158 = CARTESIAN_POINT('',(-113.6080353544,90.,6.61));
#8159 = VECTOR('',#8160,1.);
#8160 = DIRECTION('',(-0.816496580928,0.57735026919,0.));
#8161 = PLANE('',#8162);
#8162 = AXIS2_PLACEMENT_3D('',#8163,#8164,#8165);
#8163 = CARTESIAN_POINT('',(-113.5531870788,90.077567175188,6.705));
#8164 = DIRECTION('',(0.408248290464,0.57735026919,-0.707106781187));
#8165 = DIRECTION('',(0.816496580928,-0.57735026919,-4.440892098501E-16)
  );
#8166 = ADVANCED_FACE('',(#8167),#8178,.F.);
#8167 = FACE_BOUND('',#8168,.F.);
#8168 = EDGE_LOOP('',(#8169,#8175,#8176,#8177));
#8169 = ORIENTED_EDGE('',*,*,#8170,.F.);
#8170 = EDGE_CURVE('',#5443,#5886,#8171,.T.);
#8171 = LINE('',#8172,#8173);
#8172 = CARTESIAN_POINT('',(-113.5305598854,59.936666666667,
    6.673333333333));
#8173 = VECTOR('',#8174,1.);
#8174 = DIRECTION('',(-0.57735026919,0.57735026919,-0.57735026919));
#8175 = ORIENTED_EDGE('',*,*,#5442,.T.);
#8176 = ORIENTED_EDGE('',*,*,#8126,.T.);
#8177 = ORIENTED_EDGE('',*,*,#5885,.F.);
#8178 = PLANE('',#8179);
#8179 = AXIS2_PLACEMENT_3D('',#8180,#8181,#8182);
#8180 = CARTESIAN_POINT('',(-113.5938932188,59.905,6.705));
#8181 = DIRECTION('',(0.,-0.707106781187,-0.707106781187));
#8182 = DIRECTION('',(-1.,0.,0.));
#8183 = ADVANCED_FACE('',(#8184),#8195,.F.);
#8184 = FACE_BOUND('',#8185,.T.);
#8185 = EDGE_LOOP('',(#8186,#8192,#8193,#8194));
#8186 = ORIENTED_EDGE('',*,*,#8187,.F.);
#8187 = EDGE_CURVE('',#5451,#5948,#8188,.T.);
#8188 = LINE('',#8189,#8190);
#8189 = CARTESIAN_POINT('',(-118.5305598854,85.063333333333,
    1.673333333333));
#8190 = VECTOR('',#8191,1.);
#8191 = DIRECTION('',(-0.57735026919,-0.57735026919,-0.57735026919));
#8192 = ORIENTED_EDGE('',*,*,#5458,.T.);
#8193 = ORIENTED_EDGE('',*,*,#8148,.T.);
#8194 = ORIENTED_EDGE('',*,*,#5955,.F.);
#8195 = PLANE('',#8196);
#8196 = AXIS2_PLACEMENT_3D('',#8197,#8198,#8199);
#8197 = CARTESIAN_POINT('',(-113.5938932188,90.095,6.705));
#8198 = DIRECTION('',(0.,0.707106781187,-0.707106781187));
#8199 = DIRECTION('',(1.,0.,0.));
#8200 = ADVANCED_FACE('',(#8201),#8212,.F.);
#8201 = FACE_BOUND('',#8202,.T.);
#8202 = EDGE_LOOP('',(#8203,#8204,#8205,#8206));
#8203 = ORIENTED_EDGE('',*,*,#8170,.F.);
#8204 = ORIENTED_EDGE('',*,*,#5450,.T.);
#8205 = ORIENTED_EDGE('',*,*,#8187,.T.);
#8206 = ORIENTED_EDGE('',*,*,#8207,.F.);
#8207 = EDGE_CURVE('',#5886,#5948,#8208,.T.);
#8208 = LINE('',#8209,#8210);
#8209 = CARTESIAN_POINT('',(-113.5938932188,60.,6.61));
#8210 = VECTOR('',#8211,1.);
#8211 = DIRECTION('',(0.,1.,-2.2E-16));
#8212 = PLANE('',#8213);
#8213 = AXIS2_PLACEMENT_3D('',#8214,#8215,#8216);
#8214 = CARTESIAN_POINT('',(-113.4988932188,60.,6.705));
#8215 = DIRECTION('',(0.707106781187,0.,-0.707106781187));
#8216 = DIRECTION('',(1.1E-16,-1.,1.1E-16));
#8217 = ADVANCED_FACE('',(#8218),#8244,.F.);
#8218 = FACE_BOUND('',#8219,.T.);
#8219 = EDGE_LOOP('',(#8220,#8228,#8229,#8237));
#8220 = ORIENTED_EDGE('',*,*,#8221,.F.);
#8221 = EDGE_CURVE('',#5500,#8222,#8224,.T.);
#8222 = VERTEX_POINT('',#8223);
#8223 = CARTESIAN_POINT('',(-25.501,12.6,6.61));
#8224 = LINE('',#8225,#8226);
#8225 = CARTESIAN_POINT('',(-25.501,12.6,6.61));
#8226 = VECTOR('',#8227,1.);
#8227 = DIRECTION('',(-0.707106781187,2.51E-15,-0.707106781187));
#8228 = ORIENTED_EDGE('',*,*,#5499,.T.);
#8229 = ORIENTED_EDGE('',*,*,#8230,.T.);
#8230 = EDGE_CURVE('',#5502,#8231,#8233,.T.);
#8231 = VERTEX_POINT('',#8232);
#8232 = CARTESIAN_POINT('',(-27.501,14.6,6.61));
#8233 = LINE('',#8234,#8235);
#8234 = CARTESIAN_POINT('',(-27.501,14.6,6.61));
#8235 = VECTOR('',#8236,1.);
#8236 = DIRECTION('',(-6.32E-15,-0.707106781187,-0.707106781187));
#8237 = ORIENTED_EDGE('',*,*,#8238,.F.);
#8238 = EDGE_CURVE('',#8222,#8231,#8239,.T.);
#8239 = CIRCLE('',#8240,2.);
#8240 = AXIS2_PLACEMENT_3D('',#8241,#8242,#8243);
#8241 = CARTESIAN_POINT('',(-27.501,12.6,6.61));
#8242 = DIRECTION('',(-0.,0.,1.));
#8243 = DIRECTION('',(1.,-3.55E-15,0.));
#8244 = CONICAL_SURFACE('',#8245,2.,0.785398163397);
#8245 = AXIS2_PLACEMENT_3D('',#8246,#8247,#8248);
#8246 = CARTESIAN_POINT('',(-27.501,12.6,6.61));
#8247 = DIRECTION('',(0.,0.,1.));
#8248 = DIRECTION('',(1.,-3.55E-15,0.));
#8249 = ADVANCED_FACE('',(#8250),#8268,.F.);
#8250 = FACE_BOUND('',#8251,.T.);
#8251 = EDGE_LOOP('',(#8252,#8260,#8261,#8262));
#8252 = ORIENTED_EDGE('',*,*,#8253,.F.);
#8253 = EDGE_CURVE('',#5553,#8254,#8256,.T.);
#8254 = VERTEX_POINT('',#8255);
#8255 = CARTESIAN_POINT('',(-25.501,10.6,6.61));
#8256 = LINE('',#8257,#8258);
#8257 = CARTESIAN_POINT('',(-25.501,10.6,6.61));
#8258 = VECTOR('',#8259,1.);
#8259 = DIRECTION('',(-0.707106781187,2.08E-15,-0.707106781187));
#8260 = ORIENTED_EDGE('',*,*,#5561,.T.);
#8261 = ORIENTED_EDGE('',*,*,#8221,.T.);
#8262 = ORIENTED_EDGE('',*,*,#8263,.F.);
#8263 = EDGE_CURVE('',#8254,#8222,#8264,.T.);
#8264 = LINE('',#8265,#8266);
#8265 = CARTESIAN_POINT('',(-25.501,10.6,6.61));
#8266 = VECTOR('',#8267,1.);
#8267 = DIRECTION('',(0.,1.,0.));
#8268 = PLANE('',#8269);
#8269 = AXIS2_PLACEMENT_3D('',#8270,#8271,#8272);
#8270 = CARTESIAN_POINT('',(-25.406,10.6,6.705));
#8271 = DIRECTION('',(0.707106781187,-2.51E-15,-0.707106781187));
#8272 = DIRECTION('',(-1.774838020778E-15,-1.,1.774838020778E-15));
#8273 = ADVANCED_FACE('',(#8274),#8292,.F.);
#8274 = FACE_BOUND('',#8275,.T.);
#8275 = EDGE_LOOP('',(#8276,#8277,#8278,#8286));
#8276 = ORIENTED_EDGE('',*,*,#8230,.F.);
#8277 = ORIENTED_EDGE('',*,*,#5510,.T.);
#8278 = ORIENTED_EDGE('',*,*,#8279,.T.);
#8279 = EDGE_CURVE('',#5511,#8280,#8282,.T.);
#8280 = VERTEX_POINT('',#8281);
#8281 = CARTESIAN_POINT('',(-34.301,14.6,6.61));
#8282 = LINE('',#8283,#8284);
#8283 = CARTESIAN_POINT('',(-34.301,14.695,6.705));
#8284 = VECTOR('',#8285,1.);
#8285 = DIRECTION('',(-0.,-0.707106781187,-0.707106781187));
#8286 = ORIENTED_EDGE('',*,*,#8287,.F.);
#8287 = EDGE_CURVE('',#8231,#8280,#8288,.T.);
#8288 = LINE('',#8289,#8290);
#8289 = CARTESIAN_POINT('',(-27.501,14.6,6.61));
#8290 = VECTOR('',#8291,1.);
#8291 = DIRECTION('',(-1.,0.,0.));
#8292 = PLANE('',#8293);
#8293 = AXIS2_PLACEMENT_3D('',#8294,#8295,#8296);
#8294 = CARTESIAN_POINT('',(-27.501,14.695,6.705));
#8295 = DIRECTION('',(0.,0.707106781187,-0.707106781187));
#8296 = DIRECTION('',(1.,0.,0.));
#8297 = ADVANCED_FACE('',(#8298),#8317,.F.);
#8298 = FACE_BOUND('',#8299,.T.);
#8299 = EDGE_LOOP('',(#8300,#8308,#8309,#8310));
#8300 = ORIENTED_EDGE('',*,*,#8301,.F.);
#8301 = EDGE_CURVE('',#5545,#8302,#8304,.T.);
#8302 = VERTEX_POINT('',#8303);
#8303 = CARTESIAN_POINT('',(-27.501,8.6,6.61));
#8304 = LINE('',#8305,#8306);
#8305 = CARTESIAN_POINT('',(-27.501,8.505,6.705));
#8306 = VECTOR('',#8307,1.);
#8307 = DIRECTION('',(0.,0.707106781187,-0.707106781187));
#8308 = ORIENTED_EDGE('',*,*,#5552,.T.);
#8309 = ORIENTED_EDGE('',*,*,#8253,.T.);
#8310 = ORIENTED_EDGE('',*,*,#8311,.F.);
#8311 = EDGE_CURVE('',#8302,#8254,#8312,.T.);
#8312 = CIRCLE('',#8313,2.);
#8313 = AXIS2_PLACEMENT_3D('',#8314,#8315,#8316);
#8314 = CARTESIAN_POINT('',(-27.501,10.6,6.61));
#8315 = DIRECTION('',(-0.,0.,1.));
#8316 = DIRECTION('',(3.55E-15,-1.,0.));
#8317 = CONICAL_SURFACE('',#8318,2.,0.785398163397);
#8318 = AXIS2_PLACEMENT_3D('',#8319,#8320,#8321);
#8319 = CARTESIAN_POINT('',(-27.501,10.6,6.61));
#8320 = DIRECTION('',(0.,0.,1.));
#8321 = DIRECTION('',(3.55E-15,-1.,0.));
#8322 = ADVANCED_FACE('',(#8323),#8342,.F.);
#8323 = FACE_BOUND('',#8324,.T.);
#8324 = EDGE_LOOP('',(#8325,#8326,#8327,#8335));
#8325 = ORIENTED_EDGE('',*,*,#8279,.F.);
#8326 = ORIENTED_EDGE('',*,*,#5518,.T.);
#8327 = ORIENTED_EDGE('',*,*,#8328,.T.);
#8328 = EDGE_CURVE('',#5519,#8329,#8331,.T.);
#8329 = VERTEX_POINT('',#8330);
#8330 = CARTESIAN_POINT('',(-36.301,12.6,6.61));
#8331 = LINE('',#8332,#8333);
#8332 = CARTESIAN_POINT('',(-36.301,12.6,6.61));
#8333 = VECTOR('',#8334,1.);
#8334 = DIRECTION('',(0.707106781187,-3.082E-14,-0.707106781187));
#8335 = ORIENTED_EDGE('',*,*,#8336,.F.);
#8336 = EDGE_CURVE('',#8280,#8329,#8337,.T.);
#8337 = CIRCLE('',#8338,2.);
#8338 = AXIS2_PLACEMENT_3D('',#8339,#8340,#8341);
#8339 = CARTESIAN_POINT('',(-34.301,12.6,6.61));
#8340 = DIRECTION('',(0.,0.,1.));
#8341 = DIRECTION('',(-2.842E-14,1.,0.));
#8342 = CONICAL_SURFACE('',#8343,2.,0.785398163397);
#8343 = AXIS2_PLACEMENT_3D('',#8344,#8345,#8346);
#8344 = CARTESIAN_POINT('',(-34.301,12.6,6.61));
#8345 = DIRECTION('',(0.,0.,1.));
#8346 = DIRECTION('',(-2.842E-14,1.,0.));
#8347 = ADVANCED_FACE('',(#8348),#8366,.F.);
#8348 = FACE_BOUND('',#8349,.T.);
#8349 = EDGE_LOOP('',(#8350,#8358,#8359,#8360));
#8350 = ORIENTED_EDGE('',*,*,#8351,.F.);
#8351 = EDGE_CURVE('',#5536,#8352,#8354,.T.);
#8352 = VERTEX_POINT('',#8353);
#8353 = CARTESIAN_POINT('',(-34.301,8.6,6.61));
#8354 = LINE('',#8355,#8356);
#8355 = CARTESIAN_POINT('',(-34.301,8.6,6.61));
#8356 = VECTOR('',#8357,1.);
#8357 = DIRECTION('',(6.48E-15,0.707106781187,-0.707106781187));
#8358 = ORIENTED_EDGE('',*,*,#5544,.T.);
#8359 = ORIENTED_EDGE('',*,*,#8301,.T.);
#8360 = ORIENTED_EDGE('',*,*,#8361,.F.);
#8361 = EDGE_CURVE('',#8352,#8302,#8362,.T.);
#8362 = LINE('',#8363,#8364);
#8363 = CARTESIAN_POINT('',(-34.301,8.6,6.61));
#8364 = VECTOR('',#8365,1.);
#8365 = DIRECTION('',(1.,0.,0.));
#8366 = PLANE('',#8367);
#8367 = AXIS2_PLACEMENT_3D('',#8368,#8369,#8370);
#8368 = CARTESIAN_POINT('',(-34.301,8.505,6.705));
#8369 = DIRECTION('',(0.,-0.707106781187,-0.707106781187));
#8370 = DIRECTION('',(-1.,-0.,-0.));
#8371 = ADVANCED_FACE('',(#8372),#8390,.F.);
#8372 = FACE_BOUND('',#8373,.T.);
#8373 = EDGE_LOOP('',(#8374,#8375,#8376,#8384));
#8374 = ORIENTED_EDGE('',*,*,#8328,.F.);
#8375 = ORIENTED_EDGE('',*,*,#5527,.T.);
#8376 = ORIENTED_EDGE('',*,*,#8377,.T.);
#8377 = EDGE_CURVE('',#5528,#8378,#8380,.T.);
#8378 = VERTEX_POINT('',#8379);
#8379 = CARTESIAN_POINT('',(-36.301,10.6,6.61));
#8380 = LINE('',#8381,#8382);
#8381 = CARTESIAN_POINT('',(-36.396,10.6,6.705));
#8382 = VECTOR('',#8383,1.);
#8383 = DIRECTION('',(0.707106781187,1.005E-14,-0.707106781187));
#8384 = ORIENTED_EDGE('',*,*,#8385,.F.);
#8385 = EDGE_CURVE('',#8329,#8378,#8386,.T.);
#8386 = LINE('',#8387,#8388);
#8387 = CARTESIAN_POINT('',(-36.301,12.6,6.61));
#8388 = VECTOR('',#8389,1.);
#8389 = DIRECTION('',(1.421E-14,-1.,0.));
#8390 = PLANE('',#8391);
#8391 = AXIS2_PLACEMENT_3D('',#8392,#8393,#8394);
#8392 = CARTESIAN_POINT('',(-36.396,12.6,6.705));
#8393 = DIRECTION('',(-0.707106781187,9.55E-15,-0.707106781187));
#8394 = DIRECTION('',(-3.521302396684E-16,1.,1.385786976033E-14));
#8395 = ADVANCED_FACE('',(#8396),#8408,.F.);
#8396 = FACE_BOUND('',#8397,.T.);
#8397 = EDGE_LOOP('',(#8398,#8399,#8400,#8401));
#8398 = ORIENTED_EDGE('',*,*,#8377,.F.);
#8399 = ORIENTED_EDGE('',*,*,#5535,.T.);
#8400 = ORIENTED_EDGE('',*,*,#8351,.T.);
#8401 = ORIENTED_EDGE('',*,*,#8402,.F.);
#8402 = EDGE_CURVE('',#8378,#8352,#8403,.T.);
#8403 = CIRCLE('',#8404,2.);
#8404 = AXIS2_PLACEMENT_3D('',#8405,#8406,#8407);
#8405 = CARTESIAN_POINT('',(-34.301,10.6,6.61));
#8406 = DIRECTION('',(0.,0.,1.));
#8407 = DIRECTION('',(-1.,-1.776E-14,0.));
#8408 = CONICAL_SURFACE('',#8409,2.,0.785398163397);
#8409 = AXIS2_PLACEMENT_3D('',#8410,#8411,#8412);
#8410 = CARTESIAN_POINT('',(-34.301,10.6,6.61));
#8411 = DIRECTION('',(0.,0.,1.));
#8412 = DIRECTION('',(-1.,-1.776E-14,-0.));
#8413 = ADVANCED_FACE('',(#8414),#8439,.F.);
#8414 = FACE_BOUND('',#8415,.F.);
#8415 = EDGE_LOOP('',(#8416,#8424,#8432,#8438));
#8416 = ORIENTED_EDGE('',*,*,#8417,.F.);
#8417 = EDGE_CURVE('',#8418,#5570,#8420,.T.);
#8418 = VERTEX_POINT('',#8419);
#8419 = CARTESIAN_POINT('',(-59.701,7.,6.61));
#8420 = LINE('',#8421,#8422);
#8421 = CARTESIAN_POINT('',(-59.606,7.,6.705));
#8422 = VECTOR('',#8423,1.);
#8423 = DIRECTION('',(0.707106781187,-4.7E-16,0.707106781187));
#8424 = ORIENTED_EDGE('',*,*,#8425,.T.);
#8425 = EDGE_CURVE('',#8418,#8426,#8428,.T.);
#8426 = VERTEX_POINT('',#8427);
#8427 = CARTESIAN_POINT('',(-59.701,16.2,6.61));
#8428 = LINE('',#8429,#8430);
#8429 = CARTESIAN_POINT('',(-59.701,7.,6.61));
#8430 = VECTOR('',#8431,1.);
#8431 = DIRECTION('',(4.4E-16,1.,2.2E-16));
#8432 = ORIENTED_EDGE('',*,*,#8433,.T.);
#8433 = EDGE_CURVE('',#8426,#5572,#8434,.T.);
#8434 = LINE('',#8435,#8436);
#8435 = CARTESIAN_POINT('',(-59.606,16.2,6.705));
#8436 = VECTOR('',#8437,1.);
#8437 = DIRECTION('',(0.707106781187,-4.7E-16,0.707106781187));
#8438 = ORIENTED_EDGE('',*,*,#5569,.F.);
#8439 = PLANE('',#8440);
#8440 = AXIS2_PLACEMENT_3D('',#8441,#8442,#8443);
#8441 = CARTESIAN_POINT('',(-59.606,7.,6.705));
#8442 = DIRECTION('',(0.707106781187,-5.E-16,-0.707106781187));
#8443 = DIRECTION('',(6.835533905933E-16,1.,-2.355339059327E-17));
#8444 = ADVANCED_FACE('',(#8445),#8464,.F.);
#8445 = FACE_BOUND('',#8446,.F.);
#8446 = EDGE_LOOP('',(#8447,#8455,#8462,#8463));
#8447 = ORIENTED_EDGE('',*,*,#8448,.F.);
#8448 = EDGE_CURVE('',#8449,#5623,#8451,.T.);
#8449 = VERTEX_POINT('',#8450);
#8450 = CARTESIAN_POINT('',(-60.601,6.1,6.61));
#8451 = LINE('',#8452,#8453);
#8452 = CARTESIAN_POINT('',(-60.601,6.005,6.705));
#8453 = VECTOR('',#8454,1.);
#8454 = DIRECTION('',(-1.29E-15,-0.707106781187,0.707106781187));
#8455 = ORIENTED_EDGE('',*,*,#8456,.T.);
#8456 = EDGE_CURVE('',#8449,#8418,#8457,.T.);
#8457 = CIRCLE('',#8458,0.9);
#8458 = AXIS2_PLACEMENT_3D('',#8459,#8460,#8461);
#8459 = CARTESIAN_POINT('',(-60.601,7.,6.61));
#8460 = DIRECTION('',(-0.,0.,1.));
#8461 = DIRECTION('',(0.,-1.,0.));
#8462 = ORIENTED_EDGE('',*,*,#8417,.T.);
#8463 = ORIENTED_EDGE('',*,*,#5630,.F.);
#8464 = CONICAL_SURFACE('',#8465,0.9,0.785398163397);
#8465 = AXIS2_PLACEMENT_3D('',#8466,#8467,#8468);
#8466 = CARTESIAN_POINT('',(-60.601,7.,6.61));
#8467 = DIRECTION('',(0.,0.,1.));
#8468 = DIRECTION('',(0.,-1.,0.));
#8469 = ADVANCED_FACE('',(#8470),#8489,.F.);
#8470 = FACE_BOUND('',#8471,.F.);
#8471 = EDGE_LOOP('',(#8472,#8473,#8482,#8488));
#8472 = ORIENTED_EDGE('',*,*,#8433,.F.);
#8473 = ORIENTED_EDGE('',*,*,#8474,.T.);
#8474 = EDGE_CURVE('',#8426,#8475,#8477,.T.);
#8475 = VERTEX_POINT('',#8476);
#8476 = CARTESIAN_POINT('',(-60.601,17.1,6.61));
#8477 = CIRCLE('',#8478,0.9);
#8478 = AXIS2_PLACEMENT_3D('',#8479,#8480,#8481);
#8479 = CARTESIAN_POINT('',(-60.601,16.2,6.61));
#8480 = DIRECTION('',(0.,-0.,1.));
#8481 = DIRECTION('',(1.,4.737E-14,0.));
#8482 = ORIENTED_EDGE('',*,*,#8483,.T.);
#8483 = EDGE_CURVE('',#8475,#5580,#8484,.T.);
#8484 = LINE('',#8485,#8486);
#8485 = CARTESIAN_POINT('',(-60.601,17.1,6.61));
#8486 = VECTOR('',#8487,1.);
#8487 = DIRECTION('',(5.96E-15,0.707106781187,0.707106781187));
#8488 = ORIENTED_EDGE('',*,*,#5579,.F.);
#8489 = CONICAL_SURFACE('',#8490,0.9,0.785398163397);
#8490 = AXIS2_PLACEMENT_3D('',#8491,#8492,#8493);
#8491 = CARTESIAN_POINT('',(-60.601,16.2,6.61));
#8492 = DIRECTION('',(0.,0.,1.));
#8493 = DIRECTION('',(1.,4.737E-14,0.));
#8494 = ADVANCED_FACE('',(#8495),#8513,.F.);
#8495 = FACE_BOUND('',#8496,.F.);
#8496 = EDGE_LOOP('',(#8497,#8505,#8511,#8512));
#8497 = ORIENTED_EDGE('',*,*,#8498,.F.);
#8498 = EDGE_CURVE('',#8499,#5614,#8501,.T.);
#8499 = VERTEX_POINT('',#8500);
#8500 = CARTESIAN_POINT('',(-65.001,6.1,6.61));
#8501 = LINE('',#8502,#8503);
#8502 = CARTESIAN_POINT('',(-65.001,6.1,6.61));
#8503 = VECTOR('',#8504,1.);
#8504 = DIRECTION('',(6.24E-15,-0.707106781187,0.707106781187));
#8505 = ORIENTED_EDGE('',*,*,#8506,.T.);
#8506 = EDGE_CURVE('',#8499,#8449,#8507,.T.);
#8507 = LINE('',#8508,#8509);
#8508 = CARTESIAN_POINT('',(-65.001,6.1,6.61));
#8509 = VECTOR('',#8510,1.);
#8510 = DIRECTION('',(1.,-1.82E-15,0.));
#8511 = ORIENTED_EDGE('',*,*,#8448,.T.);
#8512 = ORIENTED_EDGE('',*,*,#5622,.F.);
#8513 = PLANE('',#8514);
#8514 = AXIS2_PLACEMENT_3D('',#8515,#8516,#8517);
#8515 = CARTESIAN_POINT('',(-65.001,6.005,6.705));
#8516 = DIRECTION('',(-1.25E-15,-0.707106781187,-0.707106781187));
#8517 = DIRECTION('',(1.,-1.793883476483E-15,2.611652351682E-17));
#8518 = ADVANCED_FACE('',(#8519),#8537,.F.);
#8519 = FACE_BOUND('',#8520,.F.);
#8520 = EDGE_LOOP('',(#8521,#8522,#8530,#8536));
#8521 = ORIENTED_EDGE('',*,*,#8483,.F.);
#8522 = ORIENTED_EDGE('',*,*,#8523,.T.);
#8523 = EDGE_CURVE('',#8475,#8524,#8526,.T.);
#8524 = VERTEX_POINT('',#8525);
#8525 = CARTESIAN_POINT('',(-65.001,17.1,6.61));
#8526 = LINE('',#8527,#8528);
#8527 = CARTESIAN_POINT('',(-60.601,17.1,6.61));
#8528 = VECTOR('',#8529,1.);
#8529 = DIRECTION('',(-1.,-0.,-0.));
#8530 = ORIENTED_EDGE('',*,*,#8531,.T.);
#8531 = EDGE_CURVE('',#8524,#5589,#8532,.T.);
#8532 = LINE('',#8533,#8534);
#8533 = CARTESIAN_POINT('',(-65.001,17.195,6.705));
#8534 = VECTOR('',#8535,1.);
#8535 = DIRECTION('',(0.,0.707106781187,0.707106781187));
#8536 = ORIENTED_EDGE('',*,*,#5588,.F.);
#8537 = PLANE('',#8538);
#8538 = AXIS2_PLACEMENT_3D('',#8539,#8540,#8541);
#8539 = CARTESIAN_POINT('',(-60.601,17.195,6.705));
#8540 = DIRECTION('',(0.,0.707106781187,-0.707106781187));
#8541 = DIRECTION('',(-1.,0.,0.));
#8542 = ADVANCED_FACE('',(#8543),#8562,.F.);
#8543 = FACE_BOUND('',#8544,.F.);
#8544 = EDGE_LOOP('',(#8545,#8553,#8560,#8561));
#8545 = ORIENTED_EDGE('',*,*,#8546,.F.);
#8546 = EDGE_CURVE('',#8547,#5606,#8549,.T.);
#8547 = VERTEX_POINT('',#8548);
#8548 = CARTESIAN_POINT('',(-65.901,7.,6.61));
#8549 = LINE('',#8550,#8551);
#8550 = CARTESIAN_POINT('',(-65.996,7.,6.705));
#8551 = VECTOR('',#8552,1.);
#8552 = DIRECTION('',(-0.707106781187,1.6E-16,0.707106781187));
#8553 = ORIENTED_EDGE('',*,*,#8554,.T.);
#8554 = EDGE_CURVE('',#8547,#8499,#8555,.T.);
#8555 = CIRCLE('',#8556,0.9);
#8556 = AXIS2_PLACEMENT_3D('',#8557,#8558,#8559);
#8557 = CARTESIAN_POINT('',(-65.001,7.,6.61));
#8558 = DIRECTION('',(0.,0.,1.));
#8559 = DIRECTION('',(-1.,-3.553E-14,0.));
#8560 = ORIENTED_EDGE('',*,*,#8498,.T.);
#8561 = ORIENTED_EDGE('',*,*,#5613,.F.);
#8562 = CONICAL_SURFACE('',#8563,0.9,0.785398163397);
#8563 = AXIS2_PLACEMENT_3D('',#8564,#8565,#8566);
#8564 = CARTESIAN_POINT('',(-65.001,7.,6.61));
#8565 = DIRECTION('',(0.,0.,1.));
#8566 = DIRECTION('',(-1.,-3.553E-14,0.));
#8567 = ADVANCED_FACE('',(#8568),#8587,.F.);
#8568 = FACE_BOUND('',#8569,.F.);
#8569 = EDGE_LOOP('',(#8570,#8571,#8580,#8586));
#8570 = ORIENTED_EDGE('',*,*,#8531,.F.);
#8571 = ORIENTED_EDGE('',*,*,#8572,.T.);
#8572 = EDGE_CURVE('',#8524,#8573,#8575,.T.);
#8573 = VERTEX_POINT('',#8574);
#8574 = CARTESIAN_POINT('',(-65.901,16.2,6.61));
#8575 = CIRCLE('',#8576,0.9);
#8576 = AXIS2_PLACEMENT_3D('',#8577,#8578,#8579);
#8577 = CARTESIAN_POINT('',(-65.001,16.2,6.61));
#8578 = DIRECTION('',(0.,0.,1.));
#8579 = DIRECTION('',(-1.579E-14,1.,0.));
#8580 = ORIENTED_EDGE('',*,*,#8581,.T.);
#8581 = EDGE_CURVE('',#8573,#5597,#8582,.T.);
#8582 = LINE('',#8583,#8584);
#8583 = CARTESIAN_POINT('',(-65.901,16.2,6.61));
#8584 = VECTOR('',#8585,1.);
#8585 = DIRECTION('',(-0.707106781187,2.107E-14,0.707106781187));
#8586 = ORIENTED_EDGE('',*,*,#5596,.F.);
#8587 = CONICAL_SURFACE('',#8588,0.9,0.785398163397);
#8588 = AXIS2_PLACEMENT_3D('',#8589,#8590,#8591);
#8589 = CARTESIAN_POINT('',(-65.001,16.2,6.61));
#8590 = DIRECTION('',(0.,0.,1.));
#8591 = DIRECTION('',(-1.579E-14,1.,0.));
#8592 = ADVANCED_FACE('',(#8593),#8604,.F.);
#8593 = FACE_BOUND('',#8594,.F.);
#8594 = EDGE_LOOP('',(#8595,#8596,#8602,#8603));
#8595 = ORIENTED_EDGE('',*,*,#8581,.F.);
#8596 = ORIENTED_EDGE('',*,*,#8597,.T.);
#8597 = EDGE_CURVE('',#8573,#8547,#8598,.T.);
#8598 = LINE('',#8599,#8600);
#8599 = CARTESIAN_POINT('',(-65.901,16.2,6.61));
#8600 = VECTOR('',#8601,1.);
#8601 = DIRECTION('',(-4.4E-16,-1.,-2.2E-16));
#8602 = ORIENTED_EDGE('',*,*,#8546,.T.);
#8603 = ORIENTED_EDGE('',*,*,#5605,.F.);
#8604 = PLANE('',#8605);
#8605 = AXIS2_PLACEMENT_3D('',#8606,#8607,#8608);
#8606 = CARTESIAN_POINT('',(-65.996,16.2,6.705));
#8607 = DIRECTION('',(-0.707106781187,0.,-0.707106781187));
#8608 = DIRECTION('',(-1.1E-16,-1.,1.1E-16));
#8609 = ADVANCED_FACE('',(#8610),#8636,.F.);
#8610 = FACE_BOUND('',#8611,.F.);
#8611 = EDGE_LOOP('',(#8612,#8620,#8629,#8635));
#8612 = ORIENTED_EDGE('',*,*,#8613,.F.);
#8613 = EDGE_CURVE('',#8614,#5640,#8616,.T.);
#8614 = VERTEX_POINT('',#8615);
#8615 = CARTESIAN_POINT('',(-89.301,12.6,6.61));
#8616 = LINE('',#8617,#8618);
#8617 = CARTESIAN_POINT('',(-89.301,12.6,6.61));
#8618 = VECTOR('',#8619,1.);
#8619 = DIRECTION('',(0.707106781187,-6.3E-16,0.707106781187));
#8620 = ORIENTED_EDGE('',*,*,#8621,.T.);
#8621 = EDGE_CURVE('',#8614,#8622,#8624,.T.);
#8622 = VERTEX_POINT('',#8623);
#8623 = CARTESIAN_POINT('',(-91.301,14.6,6.61));
#8624 = CIRCLE('',#8625,2.);
#8625 = AXIS2_PLACEMENT_3D('',#8626,#8627,#8628);
#8626 = CARTESIAN_POINT('',(-91.301,12.6,6.61));
#8627 = DIRECTION('',(-0.,0.,1.));
#8628 = DIRECTION('',(1.,-8.9E-16,0.));
#8629 = ORIENTED_EDGE('',*,*,#8630,.T.);
#8630 = EDGE_CURVE('',#8622,#5642,#8631,.T.);
#8631 = LINE('',#8632,#8633);
#8632 = CARTESIAN_POINT('',(-91.301,14.6,6.61));
#8633 = VECTOR('',#8634,1.);
#8634 = DIRECTION('',(2.642E-14,0.707106781187,0.707106781187));
#8635 = ORIENTED_EDGE('',*,*,#5639,.F.);
#8636 = CONICAL_SURFACE('',#8637,2.,0.785398163397);
#8637 = AXIS2_PLACEMENT_3D('',#8638,#8639,#8640);
#8638 = CARTESIAN_POINT('',(-91.301,12.6,6.61));
#8639 = DIRECTION('',(0.,0.,1.));
#8640 = DIRECTION('',(1.,-8.9E-16,0.));
#8641 = ADVANCED_FACE('',(#8642),#8660,.F.);
#8642 = FACE_BOUND('',#8643,.F.);
#8643 = EDGE_LOOP('',(#8644,#8652,#8658,#8659));
#8644 = ORIENTED_EDGE('',*,*,#8645,.F.);
#8645 = EDGE_CURVE('',#8646,#5693,#8648,.T.);
#8646 = VERTEX_POINT('',#8647);
#8647 = CARTESIAN_POINT('',(-89.301,10.6,6.61));
#8648 = LINE('',#8649,#8650);
#8649 = CARTESIAN_POINT('',(-89.301,10.6,6.61));
#8650 = VECTOR('',#8651,1.);
#8651 = DIRECTION('',(0.707106781187,-4.28E-15,0.707106781187));
#8652 = ORIENTED_EDGE('',*,*,#8653,.T.);
#8653 = EDGE_CURVE('',#8646,#8614,#8654,.T.);
#8654 = LINE('',#8655,#8656);
#8655 = CARTESIAN_POINT('',(-89.301,10.6,6.61));
#8656 = VECTOR('',#8657,1.);
#8657 = DIRECTION('',(-1.421E-14,1.,0.));
#8658 = ORIENTED_EDGE('',*,*,#8613,.T.);
#8659 = ORIENTED_EDGE('',*,*,#5701,.F.);
#8660 = PLANE('',#8661);
#8661 = AXIS2_PLACEMENT_3D('',#8662,#8663,#8664);
#8662 = CARTESIAN_POINT('',(-89.206,10.6,6.705));
#8663 = DIRECTION('',(0.707106781187,4.02E-15,-0.707106781187));
#8664 = DIRECTION('',(-9.94756926037E-15,1.,-4.26243073963E-15));
#8665 = ADVANCED_FACE('',(#8666),#8684,.F.);
#8666 = FACE_BOUND('',#8667,.F.);
#8667 = EDGE_LOOP('',(#8668,#8669,#8677,#8683));
#8668 = ORIENTED_EDGE('',*,*,#8630,.F.);
#8669 = ORIENTED_EDGE('',*,*,#8670,.T.);
#8670 = EDGE_CURVE('',#8622,#8671,#8673,.T.);
#8671 = VERTEX_POINT('',#8672);
#8672 = CARTESIAN_POINT('',(-98.101,14.6,6.61));
#8673 = LINE('',#8674,#8675);
#8674 = CARTESIAN_POINT('',(-91.301,14.6,6.61));
#8675 = VECTOR('',#8676,1.);
#8676 = DIRECTION('',(-1.,-2.6E-16,-0.));
#8677 = ORIENTED_EDGE('',*,*,#8678,.T.);
#8678 = EDGE_CURVE('',#8671,#5651,#8679,.T.);
#8679 = LINE('',#8680,#8681);
#8680 = CARTESIAN_POINT('',(-98.101,14.695,6.705));
#8681 = VECTOR('',#8682,1.);
#8682 = DIRECTION('',(-1.8E-16,0.707106781187,0.707106781187));
#8683 = ORIENTED_EDGE('',*,*,#5650,.F.);
#8684 = PLANE('',#8685);
#8685 = AXIS2_PLACEMENT_3D('',#8686,#8687,#8688);
#8686 = CARTESIAN_POINT('',(-91.301,14.695,6.705));
#8687 = DIRECTION('',(-1.3E-16,0.707106781187,-0.707106781187));
#8688 = DIRECTION('',(-1.,-2.219238815543E-16,-3.807611844575E-17));
#8689 = ADVANCED_FACE('',(#8690),#8709,.F.);
#8690 = FACE_BOUND('',#8691,.F.);
#8691 = EDGE_LOOP('',(#8692,#8700,#8707,#8708));
#8692 = ORIENTED_EDGE('',*,*,#8693,.F.);
#8693 = EDGE_CURVE('',#8694,#5685,#8696,.T.);
#8694 = VERTEX_POINT('',#8695);
#8695 = CARTESIAN_POINT('',(-91.301,8.6,6.61));
#8696 = LINE('',#8697,#8698);
#8697 = CARTESIAN_POINT('',(-91.301,8.505,6.705));
#8698 = VECTOR('',#8699,1.);
#8699 = DIRECTION('',(1.8E-16,-0.707106781187,0.707106781187));
#8700 = ORIENTED_EDGE('',*,*,#8701,.T.);
#8701 = EDGE_CURVE('',#8694,#8646,#8702,.T.);
#8702 = CIRCLE('',#8703,2.);
#8703 = AXIS2_PLACEMENT_3D('',#8704,#8705,#8706);
#8704 = CARTESIAN_POINT('',(-91.301,10.6,6.61));
#8705 = DIRECTION('',(-0.,0.,1.));
#8706 = DIRECTION('',(2.842E-14,-1.,0.));
#8707 = ORIENTED_EDGE('',*,*,#8645,.T.);
#8708 = ORIENTED_EDGE('',*,*,#5692,.F.);
#8709 = CONICAL_SURFACE('',#8710,2.,0.785398163397);
#8710 = AXIS2_PLACEMENT_3D('',#8711,#8712,#8713);
#8711 = CARTESIAN_POINT('',(-91.301,10.6,6.61));
#8712 = DIRECTION('',(0.,0.,1.));
#8713 = DIRECTION('',(2.842E-14,-1.,0.));
#8714 = ADVANCED_FACE('',(#8715),#8734,.F.);
#8715 = FACE_BOUND('',#8716,.F.);
#8716 = EDGE_LOOP('',(#8717,#8718,#8727,#8733));
#8717 = ORIENTED_EDGE('',*,*,#8678,.F.);
#8718 = ORIENTED_EDGE('',*,*,#8719,.T.);
#8719 = EDGE_CURVE('',#8671,#8720,#8722,.T.);
#8720 = VERTEX_POINT('',#8721);
#8721 = CARTESIAN_POINT('',(-100.101,12.6,6.61));
#8722 = CIRCLE('',#8723,2.);
#8723 = AXIS2_PLACEMENT_3D('',#8724,#8725,#8726);
#8724 = CARTESIAN_POINT('',(-98.101,12.6,6.61));
#8725 = DIRECTION('',(0.,-0.,1.));
#8726 = DIRECTION('',(0.,1.,0.));
#8727 = ORIENTED_EDGE('',*,*,#8728,.T.);
#8728 = EDGE_CURVE('',#8720,#5659,#8729,.T.);
#8729 = LINE('',#8730,#8731);
#8730 = CARTESIAN_POINT('',(-100.101,12.6,6.61));
#8731 = VECTOR('',#8732,1.);
#8732 = DIRECTION('',(-0.707106781187,6.7E-16,0.707106781187));
#8733 = ORIENTED_EDGE('',*,*,#5658,.F.);
#8734 = CONICAL_SURFACE('',#8735,2.,0.785398163397);
#8735 = AXIS2_PLACEMENT_3D('',#8736,#8737,#8738);
#8736 = CARTESIAN_POINT('',(-98.101,12.6,6.61));
#8737 = DIRECTION('',(0.,0.,1.));
#8738 = DIRECTION('',(0.,1.,0.));
#8739 = ADVANCED_FACE('',(#8740),#8758,.F.);
#8740 = FACE_BOUND('',#8741,.F.);
#8741 = EDGE_LOOP('',(#8742,#8750,#8756,#8757));
#8742 = ORIENTED_EDGE('',*,*,#8743,.F.);
#8743 = EDGE_CURVE('',#8744,#5676,#8746,.T.);
#8744 = VERTEX_POINT('',#8745);
#8745 = CARTESIAN_POINT('',(-98.101,8.6,6.61));
#8746 = LINE('',#8747,#8748);
#8747 = CARTESIAN_POINT('',(-98.101,8.6,6.61));
#8748 = VECTOR('',#8749,1.);
#8749 = DIRECTION('',(9.E-16,-0.707106781187,0.707106781187));
#8750 = ORIENTED_EDGE('',*,*,#8751,.T.);
#8751 = EDGE_CURVE('',#8744,#8694,#8752,.T.);
#8752 = LINE('',#8753,#8754);
#8753 = CARTESIAN_POINT('',(-98.101,8.6,6.61));
#8754 = VECTOR('',#8755,1.);
#8755 = DIRECTION('',(1.,2.6E-16,0.));
#8756 = ORIENTED_EDGE('',*,*,#8693,.T.);
#8757 = ORIENTED_EDGE('',*,*,#5684,.F.);
#8758 = PLANE('',#8759);
#8759 = AXIS2_PLACEMENT_3D('',#8760,#8761,#8762);
#8760 = CARTESIAN_POINT('',(-98.101,8.505,6.705));
#8761 = DIRECTION('',(1.3E-16,-0.707106781187,-0.707106781187));
#8762 = DIRECTION('',(1.,2.219238815543E-16,-3.807611844575E-17));
#8763 = ADVANCED_FACE('',(#8764),#8782,.F.);
#8764 = FACE_BOUND('',#8765,.F.);
#8765 = EDGE_LOOP('',(#8766,#8767,#8775,#8781));
#8766 = ORIENTED_EDGE('',*,*,#8728,.F.);
#8767 = ORIENTED_EDGE('',*,*,#8768,.T.);
#8768 = EDGE_CURVE('',#8720,#8769,#8771,.T.);
#8769 = VERTEX_POINT('',#8770);
#8770 = CARTESIAN_POINT('',(-100.101,10.6,6.61));
#8771 = LINE('',#8772,#8773);
#8772 = CARTESIAN_POINT('',(-100.101,12.6,6.61));
#8773 = VECTOR('',#8774,1.);
#8774 = DIRECTION('',(0.,-1.,0.));
#8775 = ORIENTED_EDGE('',*,*,#8776,.T.);
#8776 = EDGE_CURVE('',#8769,#5668,#8777,.T.);
#8777 = LINE('',#8778,#8779);
#8778 = CARTESIAN_POINT('',(-100.196,10.6,6.705));
#8779 = VECTOR('',#8780,1.);
#8780 = DIRECTION('',(-0.707106781187,0.,0.707106781187));
#8781 = ORIENTED_EDGE('',*,*,#5667,.F.);
#8782 = PLANE('',#8783);
#8783 = AXIS2_PLACEMENT_3D('',#8784,#8785,#8786);
#8784 = CARTESIAN_POINT('',(-100.196,12.6,6.705));
#8785 = DIRECTION('',(-0.707106781187,0.,-0.707106781187));
#8786 = DIRECTION('',(0.,-1.,0.));
#8787 = ADVANCED_FACE('',(#8788),#8800,.F.);
#8788 = FACE_BOUND('',#8789,.F.);
#8789 = EDGE_LOOP('',(#8790,#8791,#8798,#8799));
#8790 = ORIENTED_EDGE('',*,*,#8776,.F.);
#8791 = ORIENTED_EDGE('',*,*,#8792,.T.);
#8792 = EDGE_CURVE('',#8769,#8744,#8793,.T.);
#8793 = CIRCLE('',#8794,2.);
#8794 = AXIS2_PLACEMENT_3D('',#8795,#8796,#8797);
#8795 = CARTESIAN_POINT('',(-98.101,10.6,6.61));
#8796 = DIRECTION('',(0.,0.,1.));
#8797 = DIRECTION('',(-1.,0.,0.));
#8798 = ORIENTED_EDGE('',*,*,#8743,.T.);
#8799 = ORIENTED_EDGE('',*,*,#5675,.F.);
#8800 = CONICAL_SURFACE('',#8801,2.,0.785398163397);
#8801 = AXIS2_PLACEMENT_3D('',#8802,#8803,#8804);
#8802 = CARTESIAN_POINT('',(-98.101,10.6,6.61));
#8803 = DIRECTION('',(0.,0.,1.));
#8804 = DIRECTION('',(-1.,0.,0.));
#8805 = ADVANCED_FACE('',(#8806),#8824,.T.);
#8806 = FACE_BOUND('',#8807,.T.);
#8807 = EDGE_LOOP('',(#8808,#8816,#8817,#8818));
#8808 = ORIENTED_EDGE('',*,*,#8809,.F.);
#8809 = EDGE_CURVE('',#5876,#8810,#8812,.T.);
#8810 = VERTEX_POINT('',#8811);
#8811 = CARTESIAN_POINT('',(-114.301,59.51,6.6));
#8812 = LINE('',#8813,#8814);
#8813 = CARTESIAN_POINT('',(-92.90566952571,74.638783264093,6.6));
#8814 = VECTOR('',#8815,1.);
#8815 = DIRECTION('',(-0.816496580928,-0.57735026919,-0.));
#8816 = ORIENTED_EDGE('',*,*,#5909,.T.);
#8817 = ORIENTED_EDGE('',*,*,#5851,.T.);
#8818 = ORIENTED_EDGE('',*,*,#8819,.F.);
#8819 = EDGE_CURVE('',#8810,#5852,#8820,.T.);
#8820 = LINE('',#8821,#8822);
#8821 = CARTESIAN_POINT('',(-114.301,59.51,6.6));
#8822 = VECTOR('',#8823,1.);
#8823 = DIRECTION('',(-0.707106781187,-1.6E-16,-0.707106781187));
#8824 = PLANE('',#8825);
#8825 = AXIS2_PLACEMENT_3D('',#8826,#8827,#8828);
#8826 = CARTESIAN_POINT('',(-114.1277588386,59.755,6.426758838609));
#8827 = DIRECTION('',(-0.5,0.707106781187,0.5));
#8828 = DIRECTION('',(-0.707106781187,-2.22044604925E-16,-0.707106781187
    ));
#8829 = ADVANCED_FACE('',(#8830),#8841,.T.);
#8830 = FACE_BOUND('',#8831,.F.);
#8831 = EDGE_LOOP('',(#8832,#8833,#8834,#8840));
#8832 = ORIENTED_EDGE('',*,*,#5859,.F.);
#8833 = ORIENTED_EDGE('',*,*,#8819,.F.);
#8834 = ORIENTED_EDGE('',*,*,#8835,.T.);
#8835 = EDGE_CURVE('',#8810,#7995,#8836,.T.);
#8836 = LINE('',#8837,#8838);
#8837 = CARTESIAN_POINT('',(-114.301,139.,6.6));
#8838 = VECTOR('',#8839,1.);
#8839 = DIRECTION('',(-0.,-1.,-0.));
#8840 = ORIENTED_EDGE('',*,*,#7994,.T.);
#8841 = PLANE('',#8842);
#8842 = AXIS2_PLACEMENT_3D('',#8843,#8844,#8845);
#8843 = CARTESIAN_POINT('',(-114.801,139.,6.1));
#8844 = DIRECTION('',(-0.707106781187,0.,0.707106781187));
#8845 = DIRECTION('',(0.,1.,0.));
#8846 = ADVANCED_FACE('',(#8847),#8858,.F.);
#8847 = FACE_BOUND('',#8848,.F.);
#8848 = EDGE_LOOP('',(#8849,#8850,#8851,#8857));
#8849 = ORIENTED_EDGE('',*,*,#5875,.T.);
#8850 = ORIENTED_EDGE('',*,*,#8134,.T.);
#8851 = ORIENTED_EDGE('',*,*,#8852,.F.);
#8852 = EDGE_CURVE('',#8810,#8079,#8853,.T.);
#8853 = LINE('',#8854,#8855);
#8854 = CARTESIAN_POINT('',(-114.301,59.51,6.6));
#8855 = VECTOR('',#8856,1.);
#8856 = DIRECTION('',(0.,0.,1.));
#8857 = ORIENTED_EDGE('',*,*,#8809,.F.);
#8858 = PLANE('',#8859);
#8859 = AXIS2_PLACEMENT_3D('',#8860,#8861,#8862);
#8860 = CARTESIAN_POINT('',(-113.6080353544,60.,6.6));
#8861 = DIRECTION('',(0.57735026919,-0.816496580928,0.));
#8862 = DIRECTION('',(-0.816496580928,-0.57735026919,0.));
#8863 = ADVANCED_FACE('',(#8864),#8870,.T.);
#8864 = FACE_BOUND('',#8865,.T.);
#8865 = EDGE_LOOP('',(#8866,#8867,#8868,#8869));
#8866 = ORIENTED_EDGE('',*,*,#5893,.T.);
#8867 = ORIENTED_EDGE('',*,*,#8207,.T.);
#8868 = ORIENTED_EDGE('',*,*,#5947,.F.);
#8869 = ORIENTED_EDGE('',*,*,#5933,.F.);
#8870 = PLANE('',#8871);
#8871 = AXIS2_PLACEMENT_3D('',#8872,#8873,#8874);
#8872 = CARTESIAN_POINT('',(-113.5938932188,60.,6.6));
#8873 = DIRECTION('',(-1.,0.,0.));
#8874 = DIRECTION('',(0.,1.,-2.2E-16));
#8875 = ADVANCED_FACE('',(#8876),#8894,.T.);
#8876 = FACE_BOUND('',#8877,.T.);
#8877 = EDGE_LOOP('',(#8878,#8879,#8880,#8888));
#8878 = ORIENTED_EDGE('',*,*,#5963,.T.);
#8879 = ORIENTED_EDGE('',*,*,#8156,.T.);
#8880 = ORIENTED_EDGE('',*,*,#8881,.F.);
#8881 = EDGE_CURVE('',#8882,#8105,#8884,.T.);
#8882 = VERTEX_POINT('',#8883);
#8883 = CARTESIAN_POINT('',(-114.301,90.49,6.6));
#8884 = LINE('',#8885,#8886);
#8885 = CARTESIAN_POINT('',(-114.301,90.49,6.6));
#8886 = VECTOR('',#8887,1.);
#8887 = DIRECTION('',(0.,0.,1.));
#8888 = ORIENTED_EDGE('',*,*,#8889,.F.);
#8889 = EDGE_CURVE('',#5964,#8882,#8890,.T.);
#8890 = LINE('',#8891,#8892);
#8891 = CARTESIAN_POINT('',(-92.90566952571,75.361216735907,6.6));
#8892 = VECTOR('',#8893,1.);
#8893 = DIRECTION('',(-0.816496580928,0.57735026919,0.));
#8894 = PLANE('',#8895);
#8895 = AXIS2_PLACEMENT_3D('',#8896,#8897,#8898);
#8896 = CARTESIAN_POINT('',(-113.6080353544,90.,6.6));
#8897 = DIRECTION('',(-0.57735026919,-0.816496580928,0.));
#8898 = DIRECTION('',(-0.816496580928,0.57735026919,0.));
#8899 = ADVANCED_FACE('',(#8900),#8911,.F.);
#8900 = FACE_BOUND('',#8901,.F.);
#8901 = EDGE_LOOP('',(#8902,#8903,#8904,#8905));
#8902 = ORIENTED_EDGE('',*,*,#8889,.F.);
#8903 = ORIENTED_EDGE('',*,*,#5971,.T.);
#8904 = ORIENTED_EDGE('',*,*,#6013,.T.);
#8905 = ORIENTED_EDGE('',*,*,#8906,.F.);
#8906 = EDGE_CURVE('',#8882,#6006,#8907,.T.);
#8907 = LINE('',#8908,#8909);
#8908 = CARTESIAN_POINT('',(-114.301,90.49,6.6));
#8909 = VECTOR('',#8910,1.);
#8910 = DIRECTION('',(-0.707106781187,-1.6E-16,-0.707106781187));
#8911 = PLANE('',#8912);
#8912 = AXIS2_PLACEMENT_3D('',#8913,#8914,#8915);
#8913 = CARTESIAN_POINT('',(-114.1277588386,90.245,6.426758838609));
#8914 = DIRECTION('',(0.5,0.707106781187,-0.5));
#8915 = DIRECTION('',(-0.707106781187,-8.326672684689E-17,
    -0.707106781187));
#8916 = ADVANCED_FACE('',(#8917),#8928,.T.);
#8917 = FACE_BOUND('',#8918,.F.);
#8918 = EDGE_LOOP('',(#8919,#8920,#8921,#8927));
#8919 = ORIENTED_EDGE('',*,*,#6005,.F.);
#8920 = ORIENTED_EDGE('',*,*,#7943,.F.);
#8921 = ORIENTED_EDGE('',*,*,#8922,.T.);
#8922 = EDGE_CURVE('',#7919,#8882,#8923,.T.);
#8923 = LINE('',#8924,#8925);
#8924 = CARTESIAN_POINT('',(-114.301,139.,6.6));
#8925 = VECTOR('',#8926,1.);
#8926 = DIRECTION('',(-0.,-1.,-0.));
#8927 = ORIENTED_EDGE('',*,*,#8906,.T.);
#8928 = PLANE('',#8929);
#8929 = AXIS2_PLACEMENT_3D('',#8930,#8931,#8932);
#8930 = CARTESIAN_POINT('',(-114.801,139.,6.1));
#8931 = DIRECTION('',(-0.707106781187,0.,0.707106781187));
#8932 = DIRECTION('',(0.,1.,0.));
#8933 = ADVANCED_FACE('',(#8934),#8941,.F.);
#8934 = FACE_BOUND('',#8935,.T.);
#8935 = EDGE_LOOP('',(#8936,#8937,#8938,#8939,#8940));
#8936 = ORIENTED_EDGE('',*,*,#7455,.F.);
#8937 = ORIENTED_EDGE('',*,*,#6118,.T.);
#8938 = ORIENTED_EDGE('',*,*,#6090,.T.);
#8939 = ORIENTED_EDGE('',*,*,#6045,.F.);
#8940 = ORIENTED_EDGE('',*,*,#7425,.T.);
#8941 = PLANE('',#8942);
#8942 = AXIS2_PLACEMENT_3D('',#8943,#8944,#8945);
#8943 = CARTESIAN_POINT('',(-100.301,148.25,2.05));
#8944 = DIRECTION('',(0.,-0.707106781187,0.707106781187));
#8945 = DIRECTION('',(1.,0.,0.));
#8946 = ADVANCED_FACE('',(#8947),#8965,.F.);
#8947 = FACE_BOUND('',#8948,.F.);
#8948 = EDGE_LOOP('',(#8949,#8958,#8963,#8964));
#8949 = ORIENTED_EDGE('',*,*,#8950,.T.);
#8950 = EDGE_CURVE('',#8951,#8951,#8953,.T.);
#8951 = VERTEX_POINT('',#8952);
#8952 = CARTESIAN_POINT('',(-105.701,139.,4.1));
#8953 = CIRCLE('',#8954,1.4);
#8954 = AXIS2_PLACEMENT_3D('',#8955,#8956,#8957);
#8955 = CARTESIAN_POINT('',(-104.301,139.,4.1));
#8956 = DIRECTION('',(0.,0.,-1.));
#8957 = DIRECTION('',(-1.,-0.,-0.));
#8958 = ORIENTED_EDGE('',*,*,#8959,.F.);
#8959 = EDGE_CURVE('',#6144,#8951,#8960,.T.);
#8960 = B_SPLINE_CURVE_WITH_KNOTS('',1,(#8961,#8962),.UNSPECIFIED.,.F.,
  .F.,(2,2),(-2.,0.3),.PIECEWISE_BEZIER_KNOTS.);
#8961 = CARTESIAN_POINT('',(-105.701,139.,1.8));
#8962 = CARTESIAN_POINT('',(-105.701,139.,4.1));
#8963 = ORIENTED_EDGE('',*,*,#6143,.T.);
#8964 = ORIENTED_EDGE('',*,*,#8959,.T.);
#8965 = CYLINDRICAL_SURFACE('',#8966,1.4);
#8966 = AXIS2_PLACEMENT_3D('',#8967,#8968,#8969);
#8967 = CARTESIAN_POINT('',(-104.301,139.,3.8));
#8968 = DIRECTION('',(0.,0.,1.));
#8969 = DIRECTION('',(-1.,0.,0.));
#8970 = ADVANCED_FACE('',(#8971,#8974),#8985,.F.);
#8971 = FACE_BOUND('',#8972,.T.);
#8972 = EDGE_LOOP('',(#8973));
#8973 = ORIENTED_EDGE('',*,*,#6422,.F.);
#8974 = FACE_BOUND('',#8975,.T.);
#8975 = EDGE_LOOP('',(#8976));
#8976 = ORIENTED_EDGE('',*,*,#8977,.T.);
#8977 = EDGE_CURVE('',#8978,#8978,#8980,.T.);
#8978 = VERTEX_POINT('',#8979);
#8979 = CARTESIAN_POINT('',(-18.401,11.,1.8));
#8980 = CIRCLE('',#8981,1.4);
#8981 = AXIS2_PLACEMENT_3D('',#8982,#8983,#8984);
#8982 = CARTESIAN_POINT('',(-17.001,11.,1.8));
#8983 = DIRECTION('',(0.,0.,1.));
#8984 = DIRECTION('',(-1.,0.,0.));
#8985 = PLANE('',#8986);
#8986 = AXIS2_PLACEMENT_3D('',#8987,#8988,#8989);
#8987 = CARTESIAN_POINT('',(-59.67962026661,98.528687041931,1.8));
#8988 = DIRECTION('',(0.,0.,1.));
#8989 = DIRECTION('',(1.,0.,0.));
#8990 = ADVANCED_FACE('',(#8991),#9009,.T.);
#8991 = FACE_BOUND('',#8992,.T.);
#8992 = EDGE_LOOP('',(#8993,#9001,#9002,#9003));
#8993 = ORIENTED_EDGE('',*,*,#8994,.F.);
#8994 = EDGE_CURVE('',#6577,#8995,#8997,.T.);
#8995 = VERTEX_POINT('',#8996);
#8996 = CARTESIAN_POINT('',(-34.301,13.7,5.7));
#8997 = LINE('',#8998,#8999);
#8998 = CARTESIAN_POINT('',(-34.301,13.7,5.6));
#8999 = VECTOR('',#9000,1.);
#9000 = DIRECTION('',(0.,0.,1.));
#9001 = ORIENTED_EDGE('',*,*,#6585,.F.);
#9002 = ORIENTED_EDGE('',*,*,#6666,.T.);
#9003 = ORIENTED_EDGE('',*,*,#9004,.T.);
#9004 = EDGE_CURVE('',#6667,#8995,#9005,.T.);
#9005 = LINE('',#9006,#9007);
#9006 = CARTESIAN_POINT('',(-27.501,13.7,5.7));
#9007 = VECTOR('',#9008,1.);
#9008 = DIRECTION('',(-1.,0.,0.));
#9009 = PLANE('',#9010);
#9010 = AXIS2_PLACEMENT_3D('',#9011,#9012,#9013);
#9011 = CARTESIAN_POINT('',(-27.501,13.7,5.6));
#9012 = DIRECTION('',(0.,-1.,0.));
#9013 = DIRECTION('',(-1.,0.,0.));
#9014 = ADVANCED_FACE('',(#9015),#9034,.F.);
#9015 = FACE_BOUND('',#9016,.F.);
#9016 = EDGE_LOOP('',(#9017,#9018,#9019,#9027));
#9017 = ORIENTED_EDGE('',*,*,#8994,.F.);
#9018 = ORIENTED_EDGE('',*,*,#6576,.F.);
#9019 = ORIENTED_EDGE('',*,*,#9020,.T.);
#9020 = EDGE_CURVE('',#6569,#9021,#9023,.T.);
#9021 = VERTEX_POINT('',#9022);
#9022 = CARTESIAN_POINT('',(-35.401,12.6,5.7));
#9023 = LINE('',#9024,#9025);
#9024 = CARTESIAN_POINT('',(-35.401,12.6,5.6));
#9025 = VECTOR('',#9026,1.);
#9026 = DIRECTION('',(0.,0.,1.));
#9027 = ORIENTED_EDGE('',*,*,#9028,.F.);
#9028 = EDGE_CURVE('',#8995,#9021,#9029,.T.);
#9029 = CIRCLE('',#9030,1.1);
#9030 = AXIS2_PLACEMENT_3D('',#9031,#9032,#9033);
#9031 = CARTESIAN_POINT('',(-34.301,12.6,5.7));
#9032 = DIRECTION('',(0.,0.,1.));
#9033 = DIRECTION('',(-2.584E-14,1.,0.));
#9034 = CYLINDRICAL_SURFACE('',#9035,1.1);
#9035 = AXIS2_PLACEMENT_3D('',#9036,#9037,#9038);
#9036 = CARTESIAN_POINT('',(-34.301,12.6,5.6));
#9037 = DIRECTION('',(0.,0.,-1.));
#9038 = DIRECTION('',(1.,0.,0.));
#9039 = ADVANCED_FACE('',(#9040),#9058,.T.);
#9040 = FACE_BOUND('',#9041,.T.);
#9041 = EDGE_LOOP('',(#9042,#9043,#9051,#9057));
#9042 = ORIENTED_EDGE('',*,*,#9020,.T.);
#9043 = ORIENTED_EDGE('',*,*,#9044,.T.);
#9044 = EDGE_CURVE('',#9021,#9045,#9047,.T.);
#9045 = VERTEX_POINT('',#9046);
#9046 = CARTESIAN_POINT('',(-35.401,10.6,5.7));
#9047 = LINE('',#9048,#9049);
#9048 = CARTESIAN_POINT('',(-35.401,12.6,5.7));
#9049 = VECTOR('',#9050,1.);
#9050 = DIRECTION('',(-3.553E-14,-1.,-0.));
#9051 = ORIENTED_EDGE('',*,*,#9052,.F.);
#9052 = EDGE_CURVE('',#6560,#9045,#9053,.T.);
#9053 = LINE('',#9054,#9055);
#9054 = CARTESIAN_POINT('',(-35.401,10.6,5.6));
#9055 = VECTOR('',#9056,1.);
#9056 = DIRECTION('',(0.,0.,1.));
#9057 = ORIENTED_EDGE('',*,*,#6568,.T.);
#9058 = PLANE('',#9059);
#9059 = AXIS2_PLACEMENT_3D('',#9060,#9061,#9062);
#9060 = CARTESIAN_POINT('',(-35.401,11.6,5.65));
#9061 = DIRECTION('',(1.,-1.26E-14,-3.384E-14));
#9062 = DIRECTION('',(3.384E-14,0.,1.));
#9063 = ADVANCED_FACE('',(#9064),#9083,.F.);
#9064 = FACE_BOUND('',#9065,.F.);
#9065 = EDGE_LOOP('',(#9066,#9067,#9068,#9076));
#9066 = ORIENTED_EDGE('',*,*,#9052,.F.);
#9067 = ORIENTED_EDGE('',*,*,#6559,.F.);
#9068 = ORIENTED_EDGE('',*,*,#9069,.T.);
#9069 = EDGE_CURVE('',#6552,#9070,#9072,.T.);
#9070 = VERTEX_POINT('',#9071);
#9071 = CARTESIAN_POINT('',(-34.301,9.5,5.7));
#9072 = LINE('',#9073,#9074);
#9073 = CARTESIAN_POINT('',(-34.301,9.5,5.6));
#9074 = VECTOR('',#9075,1.);
#9075 = DIRECTION('',(0.,0.,1.));
#9076 = ORIENTED_EDGE('',*,*,#9077,.F.);
#9077 = EDGE_CURVE('',#9045,#9070,#9078,.T.);
#9078 = CIRCLE('',#9079,1.1);
#9079 = AXIS2_PLACEMENT_3D('',#9080,#9081,#9082);
#9080 = CARTESIAN_POINT('',(-34.301,10.6,5.7));
#9081 = DIRECTION('',(0.,0.,1.));
#9082 = DIRECTION('',(-1.,-1.776E-14,0.));
#9083 = CYLINDRICAL_SURFACE('',#9084,1.1);
#9084 = AXIS2_PLACEMENT_3D('',#9085,#9086,#9087);
#9085 = CARTESIAN_POINT('',(-34.301,10.6,5.6));
#9086 = DIRECTION('',(0.,0.,-1.));
#9087 = DIRECTION('',(1.,0.,0.));
#9088 = ADVANCED_FACE('',(#9089),#9100,.F.);
#9089 = FACE_BOUND('',#9090,.F.);
#9090 = EDGE_LOOP('',(#9091,#9092,#9093,#9094));
#9091 = ORIENTED_EDGE('',*,*,#9069,.F.);
#9092 = ORIENTED_EDGE('',*,*,#6551,.F.);
#9093 = ORIENTED_EDGE('',*,*,#6608,.T.);
#9094 = ORIENTED_EDGE('',*,*,#9095,.F.);
#9095 = EDGE_CURVE('',#9070,#6609,#9096,.T.);
#9096 = LINE('',#9097,#9098);
#9097 = CARTESIAN_POINT('',(-34.301,9.5,5.7));
#9098 = VECTOR('',#9099,1.);
#9099 = DIRECTION('',(1.,0.,0.));
#9100 = PLANE('',#9101);
#9101 = AXIS2_PLACEMENT_3D('',#9102,#9103,#9104);
#9102 = CARTESIAN_POINT('',(-27.501,9.5,5.6));
#9103 = DIRECTION('',(0.,-1.,0.));
#9104 = DIRECTION('',(-1.,0.,0.));
#9105 = ADVANCED_FACE('',(#9106),#9125,.F.);
#9106 = FACE_BOUND('',#9107,.T.);
#9107 = EDGE_LOOP('',(#9108,#9116,#9123,#9124));
#9108 = ORIENTED_EDGE('',*,*,#9109,.F.);
#9109 = EDGE_CURVE('',#9110,#6609,#9112,.T.);
#9110 = VERTEX_POINT('',#9111);
#9111 = CARTESIAN_POINT('',(-27.501,8.6,6.6));
#9112 = LINE('',#9113,#9114);
#9113 = CARTESIAN_POINT('',(-27.501,9.05,6.15));
#9114 = VECTOR('',#9115,1.);
#9115 = DIRECTION('',(0.,0.707106781187,-0.707106781187));
#9116 = ORIENTED_EDGE('',*,*,#9117,.T.);
#9117 = EDGE_CURVE('',#9110,#6634,#9118,.T.);
#9118 = CIRCLE('',#9119,2.);
#9119 = AXIS2_PLACEMENT_3D('',#9120,#9121,#9122);
#9120 = CARTESIAN_POINT('',(-27.501,10.6,6.6));
#9121 = DIRECTION('',(-0.,0.,1.));
#9122 = DIRECTION('',(3.23E-15,-1.,0.));
#9123 = ORIENTED_EDGE('',*,*,#6650,.T.);
#9124 = ORIENTED_EDGE('',*,*,#6618,.F.);
#9125 = CONICAL_SURFACE('',#9126,1.1,0.785398163397);
#9126 = AXIS2_PLACEMENT_3D('',#9127,#9128,#9129);
#9127 = CARTESIAN_POINT('',(-27.501,10.6,5.7));
#9128 = DIRECTION('',(0.,0.,1.));
#9129 = DIRECTION('',(3.23E-15,-1.,0.));
#9130 = ADVANCED_FACE('',(#9131),#9147,.T.);
#9131 = FACE_BOUND('',#9132,.T.);
#9132 = EDGE_LOOP('',(#9133,#9139,#9140,#9146));
#9133 = ORIENTED_EDGE('',*,*,#9134,.F.);
#9134 = EDGE_CURVE('',#6636,#8222,#9135,.T.);
#9135 = LINE('',#9136,#9137);
#9136 = CARTESIAN_POINT('',(-25.501,12.6,6.6));
#9137 = VECTOR('',#9138,1.);
#9138 = DIRECTION('',(0.,0.,1.));
#9139 = ORIENTED_EDGE('',*,*,#6633,.F.);
#9140 = ORIENTED_EDGE('',*,*,#9141,.T.);
#9141 = EDGE_CURVE('',#6634,#8254,#9142,.T.);
#9142 = LINE('',#9143,#9144);
#9143 = CARTESIAN_POINT('',(-25.501,10.6,6.6));
#9144 = VECTOR('',#9145,1.);
#9145 = DIRECTION('',(0.,0.,1.));
#9146 = ORIENTED_EDGE('',*,*,#8263,.T.);
#9147 = PLANE('',#9148);
#9148 = AXIS2_PLACEMENT_3D('',#9149,#9150,#9151);
#9149 = CARTESIAN_POINT('',(-25.501,11.6,6.7));
#9150 = DIRECTION('',(-1.,3.85E-15,0.));
#9151 = DIRECTION('',(-3.85E-15,-1.,0.));
#9152 = ADVANCED_FACE('',(#9153),#9172,.F.);
#9153 = FACE_BOUND('',#9154,.T.);
#9154 = EDGE_LOOP('',(#9155,#9156,#9165,#9171));
#9155 = ORIENTED_EDGE('',*,*,#6643,.F.);
#9156 = ORIENTED_EDGE('',*,*,#9157,.T.);
#9157 = EDGE_CURVE('',#6636,#9158,#9160,.T.);
#9158 = VERTEX_POINT('',#9159);
#9159 = CARTESIAN_POINT('',(-27.501,14.6,6.6));
#9160 = CIRCLE('',#9161,2.);
#9161 = AXIS2_PLACEMENT_3D('',#9162,#9163,#9164);
#9162 = CARTESIAN_POINT('',(-27.501,12.6,6.6));
#9163 = DIRECTION('',(-0.,0.,1.));
#9164 = DIRECTION('',(1.,-1.61E-15,0.));
#9165 = ORIENTED_EDGE('',*,*,#9166,.T.);
#9166 = EDGE_CURVE('',#9158,#6667,#9167,.T.);
#9167 = LINE('',#9168,#9169);
#9168 = CARTESIAN_POINT('',(-27.501,14.15,6.15));
#9169 = VECTOR('',#9170,1.);
#9170 = DIRECTION('',(-0.,-0.707106781187,-0.707106781187));
#9171 = ORIENTED_EDGE('',*,*,#6674,.F.);
#9172 = CONICAL_SURFACE('',#9173,1.1,0.785398163397);
#9173 = AXIS2_PLACEMENT_3D('',#9174,#9175,#9176);
#9174 = CARTESIAN_POINT('',(-27.501,12.6,5.7));
#9175 = DIRECTION('',(0.,0.,1.));
#9176 = DIRECTION('',(1.,-1.61E-15,0.));
#9177 = ADVANCED_FACE('',(#9178),#9196,.F.);
#9178 = FACE_BOUND('',#9179,.F.);
#9179 = EDGE_LOOP('',(#9180,#9188,#9189));
#9180 = ORIENTED_EDGE('',*,*,#9181,.T.);
#9181 = EDGE_CURVE('',#9182,#6811,#9184,.T.);
#9182 = VERTEX_POINT('',#9183);
#9183 = CARTESIAN_POINT('',(-65.001,16.7,6.2));
#9184 = LINE('',#9185,#9186);
#9185 = CARTESIAN_POINT('',(-65.001,16.7,6.6));
#9186 = VECTOR('',#9187,1.);
#9187 = DIRECTION('',(-0.,-0.,-1.));
#9188 = ORIENTED_EDGE('',*,*,#6818,.F.);
#9189 = ORIENTED_EDGE('',*,*,#9190,.F.);
#9190 = EDGE_CURVE('',#9182,#3699,#9191,.T.);
#9191 = CIRCLE('',#9192,0.5);
#9192 = AXIS2_PLACEMENT_3D('',#9193,#9194,#9195);
#9193 = CARTESIAN_POINT('',(-65.001,16.2,6.2));
#9194 = DIRECTION('',(0.,-0.,1.));
#9195 = DIRECTION('',(0.,1.,0.));
#9196 = CYLINDRICAL_SURFACE('',#9197,0.5);
#9197 = AXIS2_PLACEMENT_3D('',#9198,#9199,#9200);
#9198 = CARTESIAN_POINT('',(-65.001,16.2,6.6));
#9199 = DIRECTION('',(0.,0.,1.));
#9200 = DIRECTION('',(1.,0.,0.));
#9201 = ADVANCED_FACE('',(#9202),#9220,.T.);
#9202 = FACE_BOUND('',#9203,.T.);
#9203 = EDGE_LOOP('',(#9204,#9212,#9218,#9219));
#9204 = ORIENTED_EDGE('',*,*,#9205,.F.);
#9205 = EDGE_CURVE('',#9206,#6802,#9208,.T.);
#9206 = VERTEX_POINT('',#9207);
#9207 = CARTESIAN_POINT('',(-60.601,16.7,6.2));
#9208 = LINE('',#9209,#9210);
#9209 = CARTESIAN_POINT('',(-60.601,16.7,6.6));
#9210 = VECTOR('',#9211,1.);
#9211 = DIRECTION('',(-0.,-0.,-1.));
#9212 = ORIENTED_EDGE('',*,*,#9213,.T.);
#9213 = EDGE_CURVE('',#9206,#9182,#9214,.T.);
#9214 = LINE('',#9215,#9216);
#9215 = CARTESIAN_POINT('',(-60.601,16.7,6.2));
#9216 = VECTOR('',#9217,1.);
#9217 = DIRECTION('',(-1.,-0.,-0.));
#9218 = ORIENTED_EDGE('',*,*,#9181,.T.);
#9219 = ORIENTED_EDGE('',*,*,#6810,.F.);
#9220 = PLANE('',#9221);
#9221 = AXIS2_PLACEMENT_3D('',#9222,#9223,#9224);
#9222 = CARTESIAN_POINT('',(-65.001,16.7,6.6));
#9223 = DIRECTION('',(0.,-1.,0.));
#9224 = DIRECTION('',(1.,0.,0.));
#9225 = ADVANCED_FACE('',(#9226),#9237,.F.);
#9226 = FACE_BOUND('',#9227,.F.);
#9227 = EDGE_LOOP('',(#9228,#9229,#9236));
#9228 = ORIENTED_EDGE('',*,*,#9205,.F.);
#9229 = ORIENTED_EDGE('',*,*,#9230,.F.);
#9230 = EDGE_CURVE('',#3737,#9206,#9231,.T.);
#9231 = CIRCLE('',#9232,0.5);
#9232 = AXIS2_PLACEMENT_3D('',#9233,#9234,#9235);
#9233 = CARTESIAN_POINT('',(-60.601,16.2,6.2));
#9234 = DIRECTION('',(0.,-0.,1.));
#9235 = DIRECTION('',(1.,2.842E-14,0.));
#9236 = ORIENTED_EDGE('',*,*,#6801,.F.);
#9237 = CYLINDRICAL_SURFACE('',#9238,0.5);
#9238 = AXIS2_PLACEMENT_3D('',#9239,#9240,#9241);
#9239 = CARTESIAN_POINT('',(-60.601,16.2,6.6));
#9240 = DIRECTION('',(0.,0.,1.));
#9241 = DIRECTION('',(1.,0.,0.));
#9242 = ADVANCED_FACE('',(#9243),#9262,.F.);
#9243 = FACE_BOUND('',#9244,.T.);
#9244 = EDGE_LOOP('',(#9245,#9253,#9260,#9261));
#9245 = ORIENTED_EDGE('',*,*,#9246,.F.);
#9246 = EDGE_CURVE('',#9247,#9182,#9249,.T.);
#9247 = VERTEX_POINT('',#9248);
#9248 = CARTESIAN_POINT('',(-65.001,17.1,6.6));
#9249 = LINE('',#9250,#9251);
#9250 = CARTESIAN_POINT('',(-65.001,16.9,6.4));
#9251 = VECTOR('',#9252,1.);
#9252 = DIRECTION('',(-0.,-0.707106781187,-0.707106781187));
#9253 = ORIENTED_EDGE('',*,*,#9254,.T.);
#9254 = EDGE_CURVE('',#9247,#6834,#9255,.T.);
#9255 = CIRCLE('',#9256,0.9);
#9256 = AXIS2_PLACEMENT_3D('',#9257,#9258,#9259);
#9257 = CARTESIAN_POINT('',(-65.001,16.2,6.6));
#9258 = DIRECTION('',(0.,-0.,1.));
#9259 = DIRECTION('',(0.,1.,0.));
#9260 = ORIENTED_EDGE('',*,*,#6833,.T.);
#9261 = ORIENTED_EDGE('',*,*,#9190,.F.);
#9262 = CONICAL_SURFACE('',#9263,0.5,0.785398163397);
#9263 = AXIS2_PLACEMENT_3D('',#9264,#9265,#9266);
#9264 = CARTESIAN_POINT('',(-65.001,16.2,6.2));
#9265 = DIRECTION('',(0.,0.,1.));
#9266 = DIRECTION('',(0.,1.,0.));
#9267 = ADVANCED_FACE('',(#9268),#9284,.T.);
#9268 = FACE_BOUND('',#9269,.T.);
#9269 = EDGE_LOOP('',(#9270,#9276,#9277,#9283));
#9270 = ORIENTED_EDGE('',*,*,#9271,.T.);
#9271 = EDGE_CURVE('',#6834,#8573,#9272,.T.);
#9272 = LINE('',#9273,#9274);
#9273 = CARTESIAN_POINT('',(-65.901,16.2,6.6));
#9274 = VECTOR('',#9275,1.);
#9275 = DIRECTION('',(0.,0.,1.));
#9276 = ORIENTED_EDGE('',*,*,#8597,.T.);
#9277 = ORIENTED_EDGE('',*,*,#9278,.F.);
#9278 = EDGE_CURVE('',#6842,#8547,#9279,.T.);
#9279 = LINE('',#9280,#9281);
#9280 = CARTESIAN_POINT('',(-65.901,7.,6.6));
#9281 = VECTOR('',#9282,1.);
#9282 = DIRECTION('',(0.,0.,1.));
#9283 = ORIENTED_EDGE('',*,*,#6841,.F.);
#9284 = PLANE('',#9285);
#9285 = AXIS2_PLACEMENT_3D('',#9286,#9287,#9288);
#9286 = CARTESIAN_POINT('',(-65.901,16.2,6.6));
#9287 = DIRECTION('',(1.,-4.4E-16,0.));
#9288 = DIRECTION('',(-4.4E-16,-1.,-2.2E-16));
#9289 = ADVANCED_FACE('',(#9290),#9317,.F.);
#9290 = FACE_BOUND('',#9291,.T.);
#9291 = EDGE_LOOP('',(#9292,#9293,#9302,#9310));
#9292 = ORIENTED_EDGE('',*,*,#6849,.F.);
#9293 = ORIENTED_EDGE('',*,*,#9294,.T.);
#9294 = EDGE_CURVE('',#6842,#9295,#9297,.T.);
#9295 = VERTEX_POINT('',#9296);
#9296 = CARTESIAN_POINT('',(-65.001,6.1,6.6));
#9297 = CIRCLE('',#9298,0.9);
#9298 = AXIS2_PLACEMENT_3D('',#9299,#9300,#9301);
#9299 = CARTESIAN_POINT('',(-65.001,7.,6.6));
#9300 = DIRECTION('',(0.,0.,1.));
#9301 = DIRECTION('',(-1.,-3.553E-14,0.));
#9302 = ORIENTED_EDGE('',*,*,#9303,.T.);
#9303 = EDGE_CURVE('',#9295,#9304,#9306,.T.);
#9304 = VERTEX_POINT('',#9305);
#9305 = CARTESIAN_POINT('',(-65.001,6.5,6.2));
#9306 = LINE('',#9307,#9308);
#9307 = CARTESIAN_POINT('',(-65.001,6.5,6.2));
#9308 = VECTOR('',#9309,1.);
#9309 = DIRECTION('',(-6.24E-15,0.707106781187,-0.707106781187));
#9310 = ORIENTED_EDGE('',*,*,#9311,.F.);
#9311 = EDGE_CURVE('',#3707,#9304,#9312,.T.);
#9312 = CIRCLE('',#9313,0.5);
#9313 = AXIS2_PLACEMENT_3D('',#9314,#9315,#9316);
#9314 = CARTESIAN_POINT('',(-65.001,7.,6.2));
#9315 = DIRECTION('',(0.,0.,1.));
#9316 = DIRECTION('',(-1.,-3.553E-14,0.));
#9317 = CONICAL_SURFACE('',#9318,0.5,0.785398163397);
#9318 = AXIS2_PLACEMENT_3D('',#9319,#9320,#9321);
#9319 = CARTESIAN_POINT('',(-65.001,7.,6.2));
#9320 = DIRECTION('',(0.,0.,1.));
#9321 = DIRECTION('',(-1.,-3.553E-14,-0.));
#9322 = ADVANCED_FACE('',(#9323),#9341,.F.);
#9323 = FACE_BOUND('',#9324,.F.);
#9324 = EDGE_LOOP('',(#9325,#9333,#9334));
#9325 = ORIENTED_EDGE('',*,*,#9326,.T.);
#9326 = EDGE_CURVE('',#9327,#6875,#9329,.T.);
#9327 = VERTEX_POINT('',#9328);
#9328 = CARTESIAN_POINT('',(-60.601,6.5,6.2));
#9329 = LINE('',#9330,#9331);
#9330 = CARTESIAN_POINT('',(-60.601,6.5,6.6));
#9331 = VECTOR('',#9332,1.);
#9332 = DIRECTION('',(-0.,-0.,-1.));
#9333 = ORIENTED_EDGE('',*,*,#6882,.F.);
#9334 = ORIENTED_EDGE('',*,*,#9335,.F.);
#9335 = EDGE_CURVE('',#9327,#3763,#9336,.T.);
#9336 = CIRCLE('',#9337,0.5);
#9337 = AXIS2_PLACEMENT_3D('',#9338,#9339,#9340);
#9338 = CARTESIAN_POINT('',(-60.601,7.,6.2));
#9339 = DIRECTION('',(-0.,0.,1.));
#9340 = DIRECTION('',(0.,-1.,0.));
#9341 = CYLINDRICAL_SURFACE('',#9342,0.5);
#9342 = AXIS2_PLACEMENT_3D('',#9343,#9344,#9345);
#9343 = CARTESIAN_POINT('',(-60.601,7.,6.6));
#9344 = DIRECTION('',(0.,0.,1.));
#9345 = DIRECTION('',(1.,0.,0.));
#9346 = ADVANCED_FACE('',(#9347),#9363,.F.);
#9347 = FACE_BOUND('',#9348,.F.);
#9348 = EDGE_LOOP('',(#9349,#9350,#9356,#9362));
#9349 = ORIENTED_EDGE('',*,*,#9326,.F.);
#9350 = ORIENTED_EDGE('',*,*,#9351,.F.);
#9351 = EDGE_CURVE('',#9304,#9327,#9352,.T.);
#9352 = LINE('',#9353,#9354);
#9353 = CARTESIAN_POINT('',(-65.001,6.5,6.2));
#9354 = VECTOR('',#9355,1.);
#9355 = DIRECTION('',(1.,-1.82E-15,0.));
#9356 = ORIENTED_EDGE('',*,*,#9357,.T.);
#9357 = EDGE_CURVE('',#9304,#6866,#9358,.T.);
#9358 = LINE('',#9359,#9360);
#9359 = CARTESIAN_POINT('',(-65.001,6.5,6.6));
#9360 = VECTOR('',#9361,1.);
#9361 = DIRECTION('',(-0.,-0.,-1.));
#9362 = ORIENTED_EDGE('',*,*,#6874,.F.);
#9363 = PLANE('',#9364);
#9364 = AXIS2_PLACEMENT_3D('',#9365,#9366,#9367);
#9365 = CARTESIAN_POINT('',(-65.001,6.5,6.6));
#9366 = DIRECTION('',(-1.82E-15,-1.,0.));
#9367 = DIRECTION('',(1.,-1.82E-15,0.));
#9368 = ADVANCED_FACE('',(#9369),#9374,.F.);
#9369 = FACE_BOUND('',#9370,.F.);
#9370 = EDGE_LOOP('',(#9371,#9372,#9373));
#9371 = ORIENTED_EDGE('',*,*,#9357,.F.);
#9372 = ORIENTED_EDGE('',*,*,#9311,.F.);
#9373 = ORIENTED_EDGE('',*,*,#6865,.F.);
#9374 = CYLINDRICAL_SURFACE('',#9375,0.5);
#9375 = AXIS2_PLACEMENT_3D('',#9376,#9377,#9378);
#9376 = CARTESIAN_POINT('',(-65.001,7.,6.6));
#9377 = DIRECTION('',(0.,0.,1.));
#9378 = DIRECTION('',(1.,0.,0.));
#9379 = ADVANCED_FACE('',(#9380),#9399,.F.);
#9380 = FACE_BOUND('',#9381,.T.);
#9381 = EDGE_LOOP('',(#9382,#9390,#9397,#9398));
#9382 = ORIENTED_EDGE('',*,*,#9383,.F.);
#9383 = EDGE_CURVE('',#9384,#9327,#9386,.T.);
#9384 = VERTEX_POINT('',#9385);
#9385 = CARTESIAN_POINT('',(-60.601,6.1,6.6));
#9386 = LINE('',#9387,#9388);
#9387 = CARTESIAN_POINT('',(-60.601,6.3,6.4));
#9388 = VECTOR('',#9389,1.);
#9389 = DIRECTION('',(1.28E-15,0.707106781187,-0.707106781187));
#9390 = ORIENTED_EDGE('',*,*,#9391,.T.);
#9391 = EDGE_CURVE('',#9384,#6900,#9392,.T.);
#9392 = CIRCLE('',#9393,0.9);
#9393 = AXIS2_PLACEMENT_3D('',#9394,#9395,#9396);
#9394 = CARTESIAN_POINT('',(-60.601,7.,6.6));
#9395 = DIRECTION('',(-0.,0.,1.));
#9396 = DIRECTION('',(0.,-1.,0.));
#9397 = ORIENTED_EDGE('',*,*,#6899,.T.);
#9398 = ORIENTED_EDGE('',*,*,#9335,.F.);
#9399 = CONICAL_SURFACE('',#9400,0.5,0.785398163397);
#9400 = AXIS2_PLACEMENT_3D('',#9401,#9402,#9403);
#9401 = CARTESIAN_POINT('',(-60.601,7.,6.2));
#9402 = DIRECTION('',(0.,0.,1.));
#9403 = DIRECTION('',(0.,-1.,0.));
#9404 = ADVANCED_FACE('',(#9405),#9421,.T.);
#9405 = FACE_BOUND('',#9406,.T.);
#9406 = EDGE_LOOP('',(#9407,#9413,#9414,#9420));
#9407 = ORIENTED_EDGE('',*,*,#9408,.T.);
#9408 = EDGE_CURVE('',#6900,#8418,#9409,.T.);
#9409 = LINE('',#9410,#9411);
#9410 = CARTESIAN_POINT('',(-59.701,7.,6.6));
#9411 = VECTOR('',#9412,1.);
#9412 = DIRECTION('',(0.,0.,1.));
#9413 = ORIENTED_EDGE('',*,*,#8425,.T.);
#9414 = ORIENTED_EDGE('',*,*,#9415,.F.);
#9415 = EDGE_CURVE('',#6908,#8426,#9416,.T.);
#9416 = LINE('',#9417,#9418);
#9417 = CARTESIAN_POINT('',(-59.701,16.2,6.6));
#9418 = VECTOR('',#9419,1.);
#9419 = DIRECTION('',(0.,0.,1.));
#9420 = ORIENTED_EDGE('',*,*,#6907,.F.);
#9421 = PLANE('',#9422);
#9422 = AXIS2_PLACEMENT_3D('',#9423,#9424,#9425);
#9423 = CARTESIAN_POINT('',(-59.701,7.,6.6));
#9424 = DIRECTION('',(-1.,4.4E-16,0.));
#9425 = DIRECTION('',(4.4E-16,1.,2.2E-16));
#9426 = ADVANCED_FACE('',(#9427),#9446,.F.);
#9427 = FACE_BOUND('',#9428,.T.);
#9428 = EDGE_LOOP('',(#9429,#9430,#9439,#9445));
#9429 = ORIENTED_EDGE('',*,*,#6915,.F.);
#9430 = ORIENTED_EDGE('',*,*,#9431,.T.);
#9431 = EDGE_CURVE('',#6908,#9432,#9434,.T.);
#9432 = VERTEX_POINT('',#9433);
#9433 = CARTESIAN_POINT('',(-60.601,17.1,6.6));
#9434 = CIRCLE('',#9435,0.9);
#9435 = AXIS2_PLACEMENT_3D('',#9436,#9437,#9438);
#9436 = CARTESIAN_POINT('',(-60.601,16.2,6.6));
#9437 = DIRECTION('',(0.,-0.,1.));
#9438 = DIRECTION('',(1.,2.842E-14,0.));
#9439 = ORIENTED_EDGE('',*,*,#9440,.T.);
#9440 = EDGE_CURVE('',#9432,#9206,#9441,.T.);
#9441 = LINE('',#9442,#9443);
#9442 = CARTESIAN_POINT('',(-60.601,16.7,6.2));
#9443 = VECTOR('',#9444,1.);
#9444 = DIRECTION('',(-5.22E-15,-0.707106781187,-0.707106781187));
#9445 = ORIENTED_EDGE('',*,*,#9230,.F.);
#9446 = CONICAL_SURFACE('',#9447,0.5,0.785398163397);
#9447 = AXIS2_PLACEMENT_3D('',#9448,#9449,#9450);
#9448 = CARTESIAN_POINT('',(-60.601,16.2,6.2));
#9449 = DIRECTION('',(0.,0.,1.));
#9450 = DIRECTION('',(1.,2.842E-14,0.));
#9451 = ADVANCED_FACE('',(#9452),#9470,.F.);
#9452 = FACE_BOUND('',#9453,.F.);
#9453 = EDGE_LOOP('',(#9454,#9462,#9463,#9464));
#9454 = ORIENTED_EDGE('',*,*,#9455,.F.);
#9455 = EDGE_CURVE('',#7011,#9456,#9458,.T.);
#9456 = VERTEX_POINT('',#9457);
#9457 = CARTESIAN_POINT('',(-91.301,13.7,5.7));
#9458 = LINE('',#9459,#9460);
#9459 = CARTESIAN_POINT('',(-91.301,13.7,5.6));
#9460 = VECTOR('',#9461,1.);
#9461 = DIRECTION('',(0.,0.,1.));
#9462 = ORIENTED_EDGE('',*,*,#7010,.F.);
#9463 = ORIENTED_EDGE('',*,*,#7101,.T.);
#9464 = ORIENTED_EDGE('',*,*,#9465,.F.);
#9465 = EDGE_CURVE('',#9456,#7102,#9466,.T.);
#9466 = LINE('',#9467,#9468);
#9467 = CARTESIAN_POINT('',(-91.301,13.7,5.7));
#9468 = VECTOR('',#9469,1.);
#9469 = DIRECTION('',(-1.,-2.6E-16,-0.));
#9470 = PLANE('',#9471);
#9471 = AXIS2_PLACEMENT_3D('',#9472,#9473,#9474);
#9472 = CARTESIAN_POINT('',(-98.101,13.7,5.6));
#9473 = DIRECTION('',(-2.6E-16,1.,0.));
#9474 = DIRECTION('',(1.,2.6E-16,0.));
#9475 = ADVANCED_FACE('',(#9476),#9495,.F.);
#9476 = FACE_BOUND('',#9477,.F.);
#9477 = EDGE_LOOP('',(#9478,#9486,#9487,#9488));
#9478 = ORIENTED_EDGE('',*,*,#9479,.F.);
#9479 = EDGE_CURVE('',#7019,#9480,#9482,.T.);
#9480 = VERTEX_POINT('',#9481);
#9481 = CARTESIAN_POINT('',(-90.201,12.6,5.7));
#9482 = LINE('',#9483,#9484);
#9483 = CARTESIAN_POINT('',(-90.201,12.6,5.6));
#9484 = VECTOR('',#9485,1.);
#9485 = DIRECTION('',(0.,0.,1.));
#9486 = ORIENTED_EDGE('',*,*,#7018,.F.);
#9487 = ORIENTED_EDGE('',*,*,#9455,.T.);
#9488 = ORIENTED_EDGE('',*,*,#9489,.F.);
#9489 = EDGE_CURVE('',#9480,#9456,#9490,.T.);
#9490 = CIRCLE('',#9491,1.1);
#9491 = AXIS2_PLACEMENT_3D('',#9492,#9493,#9494);
#9492 = CARTESIAN_POINT('',(-91.301,12.6,5.7));
#9493 = DIRECTION('',(-0.,0.,1.));
#9494 = DIRECTION('',(1.,-1.61E-15,0.));
#9495 = CYLINDRICAL_SURFACE('',#9496,1.1);
#9496 = AXIS2_PLACEMENT_3D('',#9497,#9498,#9499);
#9497 = CARTESIAN_POINT('',(-91.301,12.6,5.6));
#9498 = DIRECTION('',(0.,0.,-1.));
#9499 = DIRECTION('',(1.,0.,0.));
#9500 = ADVANCED_FACE('',(#9501),#9519,.T.);
#9501 = FACE_BOUND('',#9502,.T.);
#9502 = EDGE_LOOP('',(#9503,#9504,#9505,#9513));
#9503 = ORIENTED_EDGE('',*,*,#9479,.F.);
#9504 = ORIENTED_EDGE('',*,*,#7027,.T.);
#9505 = ORIENTED_EDGE('',*,*,#9506,.T.);
#9506 = EDGE_CURVE('',#7028,#9507,#9509,.T.);
#9507 = VERTEX_POINT('',#9508);
#9508 = CARTESIAN_POINT('',(-90.201,10.6,5.7));
#9509 = LINE('',#9510,#9511);
#9510 = CARTESIAN_POINT('',(-90.201,10.6,5.6));
#9511 = VECTOR('',#9512,1.);
#9512 = DIRECTION('',(0.,0.,1.));
#9513 = ORIENTED_EDGE('',*,*,#9514,.T.);
#9514 = EDGE_CURVE('',#9507,#9480,#9515,.T.);
#9515 = LINE('',#9516,#9517);
#9516 = CARTESIAN_POINT('',(-90.201,10.6,5.7));
#9517 = VECTOR('',#9518,1.);
#9518 = DIRECTION('',(0.,1.,0.));
#9519 = PLANE('',#9520);
#9520 = AXIS2_PLACEMENT_3D('',#9521,#9522,#9523);
#9521 = CARTESIAN_POINT('',(-90.201,11.6,5.65));
#9522 = DIRECTION('',(-1.,-7.11E-15,-0.));
#9523 = DIRECTION('',(7.11E-15,-1.,0.));
#9524 = ADVANCED_FACE('',(#9525),#9544,.F.);
#9525 = FACE_BOUND('',#9526,.F.);
#9526 = EDGE_LOOP('',(#9527,#9535,#9536,#9537));
#9527 = ORIENTED_EDGE('',*,*,#9528,.F.);
#9528 = EDGE_CURVE('',#7036,#9529,#9531,.T.);
#9529 = VERTEX_POINT('',#9530);
#9530 = CARTESIAN_POINT('',(-91.301,9.5,5.7));
#9531 = LINE('',#9532,#9533);
#9532 = CARTESIAN_POINT('',(-91.301,9.5,5.6));
#9533 = VECTOR('',#9534,1.);
#9534 = DIRECTION('',(0.,0.,1.));
#9535 = ORIENTED_EDGE('',*,*,#7035,.F.);
#9536 = ORIENTED_EDGE('',*,*,#9506,.T.);
#9537 = ORIENTED_EDGE('',*,*,#9538,.F.);
#9538 = EDGE_CURVE('',#9529,#9507,#9539,.T.);
#9539 = CIRCLE('',#9540,1.1);
#9540 = AXIS2_PLACEMENT_3D('',#9541,#9542,#9543);
#9541 = CARTESIAN_POINT('',(-91.301,10.6,5.7));
#9542 = DIRECTION('',(-0.,0.,1.));
#9543 = DIRECTION('',(2.584E-14,-1.,0.));
#9544 = CYLINDRICAL_SURFACE('',#9545,1.1);
#9545 = AXIS2_PLACEMENT_3D('',#9546,#9547,#9548);
#9546 = CARTESIAN_POINT('',(-91.301,10.6,5.6));
#9547 = DIRECTION('',(0.,0.,-1.));
#9548 = DIRECTION('',(1.,0.,0.));
#9549 = ADVANCED_FACE('',(#9550),#9561,.T.);
#9550 = FACE_BOUND('',#9551,.T.);
#9551 = EDGE_LOOP('',(#9552,#9553,#9554,#9555));
#9552 = ORIENTED_EDGE('',*,*,#9528,.F.);
#9553 = ORIENTED_EDGE('',*,*,#7044,.F.);
#9554 = ORIENTED_EDGE('',*,*,#7159,.T.);
#9555 = ORIENTED_EDGE('',*,*,#9556,.T.);
#9556 = EDGE_CURVE('',#7160,#9529,#9557,.T.);
#9557 = LINE('',#9558,#9559);
#9558 = CARTESIAN_POINT('',(-98.101,9.5,5.7));
#9559 = VECTOR('',#9560,1.);
#9560 = DIRECTION('',(1.,2.6E-16,0.));
#9561 = PLANE('',#9562);
#9562 = AXIS2_PLACEMENT_3D('',#9563,#9564,#9565);
#9563 = CARTESIAN_POINT('',(-98.101,9.5,5.6));
#9564 = DIRECTION('',(-2.6E-16,1.,0.));
#9565 = DIRECTION('',(1.,2.6E-16,0.));
#9566 = ADVANCED_FACE('',(#9567),#9586,.F.);
#9567 = FACE_BOUND('',#9568,.T.);
#9568 = EDGE_LOOP('',(#9569,#9577,#9584,#9585));
#9569 = ORIENTED_EDGE('',*,*,#9570,.F.);
#9570 = EDGE_CURVE('',#9571,#7102,#9573,.T.);
#9571 = VERTEX_POINT('',#9572);
#9572 = CARTESIAN_POINT('',(-98.101,14.6,6.6));
#9573 = LINE('',#9574,#9575);
#9574 = CARTESIAN_POINT('',(-98.101,14.15,6.15));
#9575 = VECTOR('',#9576,1.);
#9576 = DIRECTION('',(1.8E-16,-0.707106781187,-0.707106781187));
#9577 = ORIENTED_EDGE('',*,*,#9578,.T.);
#9578 = EDGE_CURVE('',#9571,#7127,#9579,.T.);
#9579 = CIRCLE('',#9580,2.);
#9580 = AXIS2_PLACEMENT_3D('',#9581,#9582,#9583);
#9581 = CARTESIAN_POINT('',(-98.101,12.6,6.6));
#9582 = DIRECTION('',(0.,-0.,1.));
#9583 = DIRECTION('',(0.,1.,0.));
#9584 = ORIENTED_EDGE('',*,*,#7126,.T.);
#9585 = ORIENTED_EDGE('',*,*,#7111,.F.);
#9586 = CONICAL_SURFACE('',#9587,1.1,0.785398163397);
#9587 = AXIS2_PLACEMENT_3D('',#9588,#9589,#9590);
#9588 = CARTESIAN_POINT('',(-98.101,12.6,5.7));
#9589 = DIRECTION('',(0.,0.,1.));
#9590 = DIRECTION('',(0.,1.,0.));
#9591 = ADVANCED_FACE('',(#9592),#9608,.T.);
#9592 = FACE_BOUND('',#9593,.T.);
#9593 = EDGE_LOOP('',(#9594,#9600,#9601,#9607));
#9594 = ORIENTED_EDGE('',*,*,#9595,.F.);
#9595 = EDGE_CURVE('',#7135,#8769,#9596,.T.);
#9596 = LINE('',#9597,#9598);
#9597 = CARTESIAN_POINT('',(-100.101,10.6,6.6));
#9598 = VECTOR('',#9599,1.);
#9599 = DIRECTION('',(0.,0.,1.));
#9600 = ORIENTED_EDGE('',*,*,#7134,.F.);
#9601 = ORIENTED_EDGE('',*,*,#9602,.T.);
#9602 = EDGE_CURVE('',#7127,#8720,#9603,.T.);
#9603 = LINE('',#9604,#9605);
#9604 = CARTESIAN_POINT('',(-100.101,12.6,6.6));
#9605 = VECTOR('',#9606,1.);
#9606 = DIRECTION('',(0.,0.,1.));
#9607 = ORIENTED_EDGE('',*,*,#8768,.T.);
#9608 = PLANE('',#9609);
#9609 = AXIS2_PLACEMENT_3D('',#9610,#9611,#9612);
#9610 = CARTESIAN_POINT('',(-100.101,11.6,6.7));
#9611 = DIRECTION('',(1.,0.,0.));
#9612 = DIRECTION('',(0.,0.,1.));
#9613 = ADVANCED_FACE('',(#9614),#9633,.F.);
#9614 = FACE_BOUND('',#9615,.T.);
#9615 = EDGE_LOOP('',(#9616,#9617,#9626,#9632));
#9616 = ORIENTED_EDGE('',*,*,#7142,.F.);
#9617 = ORIENTED_EDGE('',*,*,#9618,.T.);
#9618 = EDGE_CURVE('',#7135,#9619,#9621,.T.);
#9619 = VERTEX_POINT('',#9620);
#9620 = CARTESIAN_POINT('',(-98.101,8.6,6.6));
#9621 = CIRCLE('',#9622,2.);
#9622 = AXIS2_PLACEMENT_3D('',#9623,#9624,#9625);
#9623 = CARTESIAN_POINT('',(-98.101,10.6,6.6));
#9624 = DIRECTION('',(0.,0.,1.));
#9625 = DIRECTION('',(-1.,0.,0.));
#9626 = ORIENTED_EDGE('',*,*,#9627,.T.);
#9627 = EDGE_CURVE('',#9619,#7160,#9628,.T.);
#9628 = LINE('',#9629,#9630);
#9629 = CARTESIAN_POINT('',(-98.101,9.05,6.15));
#9630 = VECTOR('',#9631,1.);
#9631 = DIRECTION('',(-1.8E-16,0.707106781187,-0.707106781187));
#9632 = ORIENTED_EDGE('',*,*,#7167,.F.);
#9633 = CONICAL_SURFACE('',#9634,1.1,0.785398163397);
#9634 = AXIS2_PLACEMENT_3D('',#9635,#9636,#9637);
#9635 = CARTESIAN_POINT('',(-98.101,10.6,5.7));
#9636 = DIRECTION('',(0.,0.,1.));
#9637 = DIRECTION('',(-1.,0.,0.));
#9638 = ADVANCED_FACE('',(#9639,#9642),#9653,.F.);
#9639 = FACE_BOUND('',#9640,.T.);
#9640 = EDGE_LOOP('',(#9641));
#9641 = ORIENTED_EDGE('',*,*,#7255,.F.);
#9642 = FACE_BOUND('',#9643,.T.);
#9643 = EDGE_LOOP('',(#9644));
#9644 = ORIENTED_EDGE('',*,*,#9645,.T.);
#9645 = EDGE_CURVE('',#9646,#9646,#9648,.T.);
#9646 = VERTEX_POINT('',#9647);
#9647 = CARTESIAN_POINT('',(-105.701,11.,1.8));
#9648 = CIRCLE('',#9649,1.4);
#9649 = AXIS2_PLACEMENT_3D('',#9650,#9651,#9652);
#9650 = CARTESIAN_POINT('',(-104.301,11.,1.8));
#9651 = DIRECTION('',(0.,0.,1.));
#9652 = DIRECTION('',(-1.,0.,0.));
#9653 = PLANE('',#9654);
#9654 = AXIS2_PLACEMENT_3D('',#9655,#9656,#9657);
#9655 = CARTESIAN_POINT('',(-59.67962026661,98.528687041931,1.8));
#9656 = DIRECTION('',(0.,0.,1.));
#9657 = DIRECTION('',(1.,0.,0.));
#9658 = ADVANCED_FACE('',(#9659),#9670,.T.);
#9659 = FACE_BOUND('',#9660,.T.);
#9660 = EDGE_LOOP('',(#9661,#9662,#9663,#9669));
#9661 = ORIENTED_EDGE('',*,*,#7569,.T.);
#9662 = ORIENTED_EDGE('',*,*,#7586,.T.);
#9663 = ORIENTED_EDGE('',*,*,#9664,.F.);
#9664 = EDGE_CURVE('',#7499,#7587,#9665,.T.);
#9665 = LINE('',#9666,#9667);
#9666 = CARTESIAN_POINT('',(-28.301,145.8,2.499999869282));
#9667 = VECTOR('',#9668,1.);
#9668 = DIRECTION('',(-1.,-0.,-0.));
#9669 = ORIENTED_EDGE('',*,*,#7498,.F.);
#9670 = PLANE('',#9671);
#9671 = AXIS2_PLACEMENT_3D('',#9672,#9673,#9674);
#9672 = CARTESIAN_POINT('',(-28.301,146.2,2.9));
#9673 = DIRECTION('',(0.,-0.707106896726,0.707106665647));
#9674 = DIRECTION('',(0.,-0.707106665647,-0.707106896726));
#9675 = ADVANCED_FACE('',(#9676),#9687,.T.);
#9676 = FACE_BOUND('',#9677,.T.);
#9677 = EDGE_LOOP('',(#9678,#9679,#9680,#9686));
#9678 = ORIENTED_EDGE('',*,*,#9664,.T.);
#9679 = ORIENTED_EDGE('',*,*,#7594,.T.);
#9680 = ORIENTED_EDGE('',*,*,#9681,.F.);
#9681 = EDGE_CURVE('',#7507,#7595,#9682,.T.);
#9682 = LINE('',#9683,#9684);
#9683 = CARTESIAN_POINT('',(-28.301,146.2,2.1));
#9684 = VECTOR('',#9685,1.);
#9685 = DIRECTION('',(-1.,-0.,-0.));
#9686 = ORIENTED_EDGE('',*,*,#7506,.F.);
#9687 = PLANE('',#9688);
#9688 = AXIS2_PLACEMENT_3D('',#9689,#9690,#9691);
#9689 = CARTESIAN_POINT('',(-28.301,145.8,2.499999869282));
#9690 = DIRECTION('',(0.,-0.707106665647,-0.707106896726));
#9691 = DIRECTION('',(0.,0.707106896726,-0.707106665647));
#9692 = ADVANCED_FACE('',(#9693),#9699,.T.);
#9693 = FACE_BOUND('',#9694,.T.);
#9694 = EDGE_LOOP('',(#9695,#9696,#9697,#9698));
#9695 = ORIENTED_EDGE('',*,*,#9681,.T.);
#9696 = ORIENTED_EDGE('',*,*,#7602,.T.);
#9697 = ORIENTED_EDGE('',*,*,#7536,.F.);
#9698 = ORIENTED_EDGE('',*,*,#7514,.F.);
#9699 = PLANE('',#9700);
#9700 = AXIS2_PLACEMENT_3D('',#9701,#9702,#9703);
#9701 = CARTESIAN_POINT('',(-28.301,146.2,2.1));
#9702 = DIRECTION('',(-0.,-0.,-1.));
#9703 = DIRECTION('',(0.,1.,0.));
#9704 = ADVANCED_FACE('',(#9705),#9716,.F.);
#9705 = FACE_BOUND('',#9706,.F.);
#9706 = EDGE_LOOP('',(#9707,#9713,#9714,#9715));
#9707 = ORIENTED_EDGE('',*,*,#9708,.T.);
#9708 = EDGE_CURVE('',#7666,#7706,#9709,.T.);
#9709 = LINE('',#9710,#9711);
#9710 = CARTESIAN_POINT('',(-70.301,146.2,2.1));
#9711 = VECTOR('',#9712,1.);
#9712 = DIRECTION('',(1.,0.,0.));
#9713 = ORIENTED_EDGE('',*,*,#7713,.T.);
#9714 = ORIENTED_EDGE('',*,*,#7617,.F.);
#9715 = ORIENTED_EDGE('',*,*,#7673,.F.);
#9716 = PLANE('',#9717);
#9717 = AXIS2_PLACEMENT_3D('',#9718,#9719,#9720);
#9718 = CARTESIAN_POINT('',(-70.301,146.2,2.1));
#9719 = DIRECTION('',(0.,0.,1.));
#9720 = DIRECTION('',(0.,1.,0.));
#9721 = ADVANCED_FACE('',(#9722),#9733,.F.);
#9722 = FACE_BOUND('',#9723,.F.);
#9723 = EDGE_LOOP('',(#9724,#9725,#9726,#9732));
#9724 = ORIENTED_EDGE('',*,*,#7730,.T.);
#9725 = ORIENTED_EDGE('',*,*,#7697,.T.);
#9726 = ORIENTED_EDGE('',*,*,#9727,.F.);
#9727 = EDGE_CURVE('',#7658,#7698,#9728,.T.);
#9728 = LINE('',#9729,#9730);
#9729 = CARTESIAN_POINT('',(-70.301,145.8,2.499999869282));
#9730 = VECTOR('',#9731,1.);
#9731 = DIRECTION('',(1.,0.,0.));
#9732 = ORIENTED_EDGE('',*,*,#7657,.F.);
#9733 = PLANE('',#9734);
#9734 = AXIS2_PLACEMENT_3D('',#9735,#9736,#9737);
#9735 = CARTESIAN_POINT('',(-70.301,146.2,2.9));
#9736 = DIRECTION('',(0.,0.707106896726,-0.707106665647));
#9737 = DIRECTION('',(0.,-0.707106665647,-0.707106896726));
#9738 = ADVANCED_FACE('',(#9739),#9745,.F.);
#9739 = FACE_BOUND('',#9740,.F.);
#9740 = EDGE_LOOP('',(#9741,#9742,#9743,#9744));
#9741 = ORIENTED_EDGE('',*,*,#9727,.T.);
#9742 = ORIENTED_EDGE('',*,*,#7705,.T.);
#9743 = ORIENTED_EDGE('',*,*,#9708,.F.);
#9744 = ORIENTED_EDGE('',*,*,#7665,.F.);
#9745 = PLANE('',#9746);
#9746 = AXIS2_PLACEMENT_3D('',#9747,#9748,#9749);
#9747 = CARTESIAN_POINT('',(-70.301,145.8,2.499999869282));
#9748 = DIRECTION('',(0.,0.707106665647,0.707106896726));
#9749 = DIRECTION('',(0.,0.707106896726,-0.707106665647));
#9750 = ADVANCED_FACE('',(#9751),#9762,.F.);
#9751 = FACE_BOUND('',#9752,.F.);
#9752 = EDGE_LOOP('',(#9753,#9759,#9760,#9761));
#9753 = ORIENTED_EDGE('',*,*,#9754,.T.);
#9754 = EDGE_CURVE('',#7851,#7794,#9755,.T.);
#9755 = LINE('',#9756,#9757);
#9756 = CARTESIAN_POINT('',(-97.301,146.2,2.1));
#9757 = VECTOR('',#9758,1.);
#9758 = DIRECTION('',(1.,0.,0.));
#9759 = ORIENTED_EDGE('',*,*,#7801,.T.);
#9760 = ORIENTED_EDGE('',*,*,#7745,.F.);
#9761 = ORIENTED_EDGE('',*,*,#7858,.F.);
#9762 = PLANE('',#9763);
#9763 = AXIS2_PLACEMENT_3D('',#9764,#9765,#9766);
#9764 = CARTESIAN_POINT('',(-97.301,146.2,2.1));
#9765 = DIRECTION('',(0.,0.,1.));
#9766 = DIRECTION('',(0.,1.,0.));
#9767 = ADVANCED_FACE('',(#9768),#9779,.F.);
#9768 = FACE_BOUND('',#9769,.F.);
#9769 = EDGE_LOOP('',(#9770,#9771,#9772,#9778));
#9770 = ORIENTED_EDGE('',*,*,#7818,.T.);
#9771 = ORIENTED_EDGE('',*,*,#7785,.T.);
#9772 = ORIENTED_EDGE('',*,*,#9773,.F.);
#9773 = EDGE_CURVE('',#7843,#7786,#9774,.T.);
#9774 = LINE('',#9775,#9776);
#9775 = CARTESIAN_POINT('',(-97.301,145.8,2.499999869282));
#9776 = VECTOR('',#9777,1.);
#9777 = DIRECTION('',(1.,0.,0.));
#9778 = ORIENTED_EDGE('',*,*,#7842,.F.);
#9779 = PLANE('',#9780);
#9780 = AXIS2_PLACEMENT_3D('',#9781,#9782,#9783);
#9781 = CARTESIAN_POINT('',(-97.301,146.2,2.9));
#9782 = DIRECTION('',(0.,0.707106896726,-0.707106665647));
#9783 = DIRECTION('',(0.,-0.707106665647,-0.707106896726));
#9784 = ADVANCED_FACE('',(#9785),#9791,.F.);
#9785 = FACE_BOUND('',#9786,.F.);
#9786 = EDGE_LOOP('',(#9787,#9788,#9789,#9790));
#9787 = ORIENTED_EDGE('',*,*,#9773,.T.);
#9788 = ORIENTED_EDGE('',*,*,#7793,.T.);
#9789 = ORIENTED_EDGE('',*,*,#9754,.F.);
#9790 = ORIENTED_EDGE('',*,*,#7850,.F.);
#9791 = PLANE('',#9792);
#9792 = AXIS2_PLACEMENT_3D('',#9793,#9794,#9795);
#9793 = CARTESIAN_POINT('',(-97.301,145.8,2.499999869282));
#9794 = DIRECTION('',(0.,0.707106665647,0.707106896726));
#9795 = DIRECTION('',(0.,0.707106896726,-0.707106665647));
#9796 = ADVANCED_FACE('',(#9797),#9803,.F.);
#9797 = FACE_BOUND('',#9798,.F.);
#9798 = EDGE_LOOP('',(#9799,#9800,#9801,#9802));
#9799 = ORIENTED_EDGE('',*,*,#8881,.F.);
#9800 = ORIENTED_EDGE('',*,*,#8922,.F.);
#9801 = ORIENTED_EDGE('',*,*,#7918,.T.);
#9802 = ORIENTED_EDGE('',*,*,#8112,.T.);
#9803 = PLANE('',#9804);
#9804 = AXIS2_PLACEMENT_3D('',#9805,#9806,#9807);
#9805 = CARTESIAN_POINT('',(-114.301,139.,6.6));
#9806 = DIRECTION('',(1.,0.,0.));
#9807 = DIRECTION('',(0.,-1.,0.));
#9808 = ADVANCED_FACE('',(#9809),#9812,.F.);
#9809 = FACE_BOUND('',#9810,.T.);
#9810 = EDGE_LOOP('',(#9811));
#9811 = ORIENTED_EDGE('',*,*,#7978,.T.);
#9812 = PLANE('',#9813);
#9813 = AXIS2_PLACEMENT_3D('',#9814,#9815,#9816);
#9814 = CARTESIAN_POINT('',(-60.651,139.,4.1));
#9815 = DIRECTION('',(0.,0.,1.));
#9816 = DIRECTION('',(1.,0.,0.));
#9817 = ADVANCED_FACE('',(#9818),#9824,.F.);
#9818 = FACE_BOUND('',#9819,.F.);
#9819 = EDGE_LOOP('',(#9820,#9821,#9822,#9823));
#9820 = ORIENTED_EDGE('',*,*,#8852,.T.);
#9821 = ORIENTED_EDGE('',*,*,#8088,.T.);
#9822 = ORIENTED_EDGE('',*,*,#8019,.F.);
#9823 = ORIENTED_EDGE('',*,*,#8835,.F.);
#9824 = PLANE('',#9825);
#9825 = AXIS2_PLACEMENT_3D('',#9826,#9827,#9828);
#9826 = CARTESIAN_POINT('',(-114.301,59.51,6.6));
#9827 = DIRECTION('',(1.,0.,0.));
#9828 = DIRECTION('',(0.,-1.,0.));
#9829 = ADVANCED_FACE('',(#9830),#9841,.F.);
#9830 = FACE_BOUND('',#9831,.T.);
#9831 = EDGE_LOOP('',(#9832,#9833,#9834,#9840));
#9832 = ORIENTED_EDGE('',*,*,#9134,.T.);
#9833 = ORIENTED_EDGE('',*,*,#8238,.T.);
#9834 = ORIENTED_EDGE('',*,*,#9835,.F.);
#9835 = EDGE_CURVE('',#9158,#8231,#9836,.T.);
#9836 = LINE('',#9837,#9838);
#9837 = CARTESIAN_POINT('',(-27.501,14.6,6.6));
#9838 = VECTOR('',#9839,1.);
#9839 = DIRECTION('',(0.,0.,1.));
#9840 = ORIENTED_EDGE('',*,*,#9157,.F.);
#9841 = CYLINDRICAL_SURFACE('',#9842,2.);
#9842 = AXIS2_PLACEMENT_3D('',#9843,#9844,#9845);
#9843 = CARTESIAN_POINT('',(-27.501,12.6,6.6));
#9844 = DIRECTION('',(0.,0.,-1.));
#9845 = DIRECTION('',(1.,-1.61E-15,0.));
#9846 = ADVANCED_FACE('',(#9847),#9865,.T.);
#9847 = FACE_BOUND('',#9848,.T.);
#9848 = EDGE_LOOP('',(#9849,#9850,#9851,#9859));
#9849 = ORIENTED_EDGE('',*,*,#9835,.T.);
#9850 = ORIENTED_EDGE('',*,*,#8287,.T.);
#9851 = ORIENTED_EDGE('',*,*,#9852,.F.);
#9852 = EDGE_CURVE('',#9853,#8280,#9855,.T.);
#9853 = VERTEX_POINT('',#9854);
#9854 = CARTESIAN_POINT('',(-34.301,14.6,6.6));
#9855 = LINE('',#9856,#9857);
#9856 = CARTESIAN_POINT('',(-34.301,14.6,6.6));
#9857 = VECTOR('',#9858,1.);
#9858 = DIRECTION('',(0.,0.,1.));
#9859 = ORIENTED_EDGE('',*,*,#9860,.F.);
#9860 = EDGE_CURVE('',#9158,#9853,#9861,.T.);
#9861 = LINE('',#9862,#9863);
#9862 = CARTESIAN_POINT('',(-27.501,14.6,6.6));
#9863 = VECTOR('',#9864,1.);
#9864 = DIRECTION('',(-1.,0.,0.));
#9865 = PLANE('',#9866);
#9866 = AXIS2_PLACEMENT_3D('',#9867,#9868,#9869);
#9867 = CARTESIAN_POINT('',(-27.501,14.6,6.6));
#9868 = DIRECTION('',(0.,-1.,0.));
#9869 = DIRECTION('',(-1.,0.,0.));
#9870 = ADVANCED_FACE('',(#9871),#9882,.F.);
#9871 = FACE_BOUND('',#9872,.T.);
#9872 = EDGE_LOOP('',(#9873,#9879,#9880,#9881));
#9873 = ORIENTED_EDGE('',*,*,#9874,.T.);
#9874 = EDGE_CURVE('',#9110,#8302,#9875,.T.);
#9875 = LINE('',#9876,#9877);
#9876 = CARTESIAN_POINT('',(-27.501,8.6,6.6));
#9877 = VECTOR('',#9878,1.);
#9878 = DIRECTION('',(0.,0.,1.));
#9879 = ORIENTED_EDGE('',*,*,#8311,.T.);
#9880 = ORIENTED_EDGE('',*,*,#9141,.F.);
#9881 = ORIENTED_EDGE('',*,*,#9117,.F.);
#9882 = CYLINDRICAL_SURFACE('',#9883,2.);
#9883 = AXIS2_PLACEMENT_3D('',#9884,#9885,#9886);
#9884 = CARTESIAN_POINT('',(-27.501,10.6,6.6));
#9885 = DIRECTION('',(0.,0.,-1.));
#9886 = DIRECTION('',(3.23E-15,-1.,0.));
#9887 = ADVANCED_FACE('',(#9888),#9907,.F.);
#9888 = FACE_BOUND('',#9889,.T.);
#9889 = EDGE_LOOP('',(#9890,#9891,#9892,#9900));
#9890 = ORIENTED_EDGE('',*,*,#9852,.T.);
#9891 = ORIENTED_EDGE('',*,*,#8336,.T.);
#9892 = ORIENTED_EDGE('',*,*,#9893,.F.);
#9893 = EDGE_CURVE('',#9894,#8329,#9896,.T.);
#9894 = VERTEX_POINT('',#9895);
#9895 = CARTESIAN_POINT('',(-36.301,12.6,6.6));
#9896 = LINE('',#9897,#9898);
#9897 = CARTESIAN_POINT('',(-36.301,12.6,6.6));
#9898 = VECTOR('',#9899,1.);
#9899 = DIRECTION('',(0.,0.,1.));
#9900 = ORIENTED_EDGE('',*,*,#9901,.F.);
#9901 = EDGE_CURVE('',#9853,#9894,#9902,.T.);
#9902 = CIRCLE('',#9903,2.);
#9903 = AXIS2_PLACEMENT_3D('',#9904,#9905,#9906);
#9904 = CARTESIAN_POINT('',(-34.301,12.6,6.6));
#9905 = DIRECTION('',(0.,0.,1.));
#9906 = DIRECTION('',(-2.584E-14,1.,0.));
#9907 = CYLINDRICAL_SURFACE('',#9908,2.);
#9908 = AXIS2_PLACEMENT_3D('',#9909,#9910,#9911);
#9909 = CARTESIAN_POINT('',(-34.301,12.6,6.6));
#9910 = DIRECTION('',(0.,0.,-1.));
#9911 = DIRECTION('',(-2.584E-14,1.,0.));
#9912 = ADVANCED_FACE('',(#9913),#9931,.T.);
#9913 = FACE_BOUND('',#9914,.T.);
#9914 = EDGE_LOOP('',(#9915,#9923,#9924,#9925));
#9915 = ORIENTED_EDGE('',*,*,#9916,.T.);
#9916 = EDGE_CURVE('',#9917,#8352,#9919,.T.);
#9917 = VERTEX_POINT('',#9918);
#9918 = CARTESIAN_POINT('',(-34.301,8.6,6.6));
#9919 = LINE('',#9920,#9921);
#9920 = CARTESIAN_POINT('',(-34.301,8.6,6.6));
#9921 = VECTOR('',#9922,1.);
#9922 = DIRECTION('',(0.,0.,1.));
#9923 = ORIENTED_EDGE('',*,*,#8361,.T.);
#9924 = ORIENTED_EDGE('',*,*,#9874,.F.);
#9925 = ORIENTED_EDGE('',*,*,#9926,.F.);
#9926 = EDGE_CURVE('',#9917,#9110,#9927,.T.);
#9927 = LINE('',#9928,#9929);
#9928 = CARTESIAN_POINT('',(-34.301,8.6,6.6));
#9929 = VECTOR('',#9930,1.);
#9930 = DIRECTION('',(1.,0.,0.));
#9931 = PLANE('',#9932);
#9932 = AXIS2_PLACEMENT_3D('',#9933,#9934,#9935);
#9933 = CARTESIAN_POINT('',(-34.301,8.6,6.6));
#9934 = DIRECTION('',(0.,1.,0.));
#9935 = DIRECTION('',(1.,0.,0.));
#9936 = ADVANCED_FACE('',(#9937),#9955,.T.);
#9937 = FACE_BOUND('',#9938,.T.);
#9938 = EDGE_LOOP('',(#9939,#9940,#9941,#9949));
#9939 = ORIENTED_EDGE('',*,*,#9893,.T.);
#9940 = ORIENTED_EDGE('',*,*,#8385,.T.);
#9941 = ORIENTED_EDGE('',*,*,#9942,.F.);
#9942 = EDGE_CURVE('',#9943,#8378,#9945,.T.);
#9943 = VERTEX_POINT('',#9944);
#9944 = CARTESIAN_POINT('',(-36.301,10.6,6.6));
#9945 = LINE('',#9946,#9947);
#9946 = CARTESIAN_POINT('',(-36.301,10.6,6.6));
#9947 = VECTOR('',#9948,1.);
#9948 = DIRECTION('',(0.,0.,1.));
#9949 = ORIENTED_EDGE('',*,*,#9950,.F.);
#9950 = EDGE_CURVE('',#9894,#9943,#9951,.T.);
#9951 = LINE('',#9952,#9953);
#9952 = CARTESIAN_POINT('',(-36.301,11.6,6.6));
#9953 = VECTOR('',#9954,1.);
#9954 = DIRECTION('',(1.421E-14,-1.,0.));
#9955 = PLANE('',#9956);
#9956 = AXIS2_PLACEMENT_3D('',#9957,#9958,#9959);
#9957 = CARTESIAN_POINT('',(-36.301,11.6,6.7));
#9958 = DIRECTION('',(1.,-1.362E-14,0.));
#9959 = DIRECTION('',(1.362E-14,1.,0.));
#9960 = ADVANCED_FACE('',(#9961),#9973,.F.);
#9961 = FACE_BOUND('',#9962,.T.);
#9962 = EDGE_LOOP('',(#9963,#9964,#9965,#9966));
#9963 = ORIENTED_EDGE('',*,*,#9942,.T.);
#9964 = ORIENTED_EDGE('',*,*,#8402,.T.);
#9965 = ORIENTED_EDGE('',*,*,#9916,.F.);
#9966 = ORIENTED_EDGE('',*,*,#9967,.F.);
#9967 = EDGE_CURVE('',#9943,#9917,#9968,.T.);
#9968 = CIRCLE('',#9969,2.);
#9969 = AXIS2_PLACEMENT_3D('',#9970,#9971,#9972);
#9970 = CARTESIAN_POINT('',(-34.301,10.6,6.6));
#9971 = DIRECTION('',(0.,0.,1.));
#9972 = DIRECTION('',(-1.,-1.776E-14,0.));
#9973 = CYLINDRICAL_SURFACE('',#9974,2.);
#9974 = AXIS2_PLACEMENT_3D('',#9975,#9976,#9977);
#9975 = CARTESIAN_POINT('',(-34.301,10.6,6.6));
#9976 = DIRECTION('',(0.,0.,-1.));
#9977 = DIRECTION('',(-1.,-1.776E-14,-0.));
#9978 = ADVANCED_FACE('',(#9979),#9990,.F.);
#9979 = FACE_BOUND('',#9980,.T.);
#9980 = EDGE_LOOP('',(#9981,#9987,#9988,#9989));
#9981 = ORIENTED_EDGE('',*,*,#9982,.T.);
#9982 = EDGE_CURVE('',#9384,#8449,#9983,.T.);
#9983 = LINE('',#9984,#9985);
#9984 = CARTESIAN_POINT('',(-60.601,6.1,6.6));
#9985 = VECTOR('',#9986,1.);
#9986 = DIRECTION('',(0.,0.,1.));
#9987 = ORIENTED_EDGE('',*,*,#8456,.T.);
#9988 = ORIENTED_EDGE('',*,*,#9408,.F.);
#9989 = ORIENTED_EDGE('',*,*,#9391,.F.);
#9990 = CYLINDRICAL_SURFACE('',#9991,0.9);
#9991 = AXIS2_PLACEMENT_3D('',#9992,#9993,#9994);
#9992 = CARTESIAN_POINT('',(-60.601,7.,6.6));
#9993 = DIRECTION('',(0.,0.,-1.));
#9994 = DIRECTION('',(0.,-1.,0.));
#9995 = ADVANCED_FACE('',(#9996),#10007,.F.);
#9996 = FACE_BOUND('',#9997,.T.);
#9997 = EDGE_LOOP('',(#9998,#9999,#10000,#10006));
#9998 = ORIENTED_EDGE('',*,*,#9415,.T.);
#9999 = ORIENTED_EDGE('',*,*,#8474,.T.);
#10000 = ORIENTED_EDGE('',*,*,#10001,.F.);
#10001 = EDGE_CURVE('',#9432,#8475,#10002,.T.);
#10002 = LINE('',#10003,#10004);
#10003 = CARTESIAN_POINT('',(-60.601,17.1,6.6));
#10004 = VECTOR('',#10005,1.);
#10005 = DIRECTION('',(0.,0.,1.));
#10006 = ORIENTED_EDGE('',*,*,#9431,.F.);
#10007 = CYLINDRICAL_SURFACE('',#10008,0.9);
#10008 = AXIS2_PLACEMENT_3D('',#10009,#10010,#10011);
#10009 = CARTESIAN_POINT('',(-60.601,16.2,6.6));
#10010 = DIRECTION('',(0.,0.,-1.));
#10011 = DIRECTION('',(1.,2.842E-14,0.));
#10012 = ADVANCED_FACE('',(#10013),#10029,.T.);
#10013 = FACE_BOUND('',#10014,.T.);
#10014 = EDGE_LOOP('',(#10015,#10021,#10022,#10023));
#10015 = ORIENTED_EDGE('',*,*,#10016,.T.);
#10016 = EDGE_CURVE('',#9295,#8499,#10017,.T.);
#10017 = LINE('',#10018,#10019);
#10018 = CARTESIAN_POINT('',(-65.001,6.1,6.6));
#10019 = VECTOR('',#10020,1.);
#10020 = DIRECTION('',(0.,0.,1.));
#10021 = ORIENTED_EDGE('',*,*,#8506,.T.);
#10022 = ORIENTED_EDGE('',*,*,#9982,.F.);
#10023 = ORIENTED_EDGE('',*,*,#10024,.F.);
#10024 = EDGE_CURVE('',#9295,#9384,#10025,.T.);
#10025 = LINE('',#10026,#10027);
#10026 = CARTESIAN_POINT('',(-65.001,6.1,6.6));
#10027 = VECTOR('',#10028,1.);
#10028 = DIRECTION('',(1.,-1.82E-15,0.));
#10029 = PLANE('',#10030);
#10030 = AXIS2_PLACEMENT_3D('',#10031,#10032,#10033);
#10031 = CARTESIAN_POINT('',(-65.001,6.1,6.6));
#10032 = DIRECTION('',(1.82E-15,1.,0.));
#10033 = DIRECTION('',(1.,-1.82E-15,0.));
#10034 = ADVANCED_FACE('',(#10035),#10051,.T.);
#10035 = FACE_BOUND('',#10036,.T.);
#10036 = EDGE_LOOP('',(#10037,#10038,#10039,#10045));
#10037 = ORIENTED_EDGE('',*,*,#10001,.T.);
#10038 = ORIENTED_EDGE('',*,*,#8523,.T.);
#10039 = ORIENTED_EDGE('',*,*,#10040,.F.);
#10040 = EDGE_CURVE('',#9247,#8524,#10041,.T.);
#10041 = LINE('',#10042,#10043);
#10042 = CARTESIAN_POINT('',(-65.001,17.1,6.6));
#10043 = VECTOR('',#10044,1.);
#10044 = DIRECTION('',(0.,0.,1.));
#10045 = ORIENTED_EDGE('',*,*,#10046,.F.);
#10046 = EDGE_CURVE('',#9432,#9247,#10047,.T.);
#10047 = LINE('',#10048,#10049);
#10048 = CARTESIAN_POINT('',(-60.601,17.1,6.6));
#10049 = VECTOR('',#10050,1.);
#10050 = DIRECTION('',(-1.,-0.,-0.));
#10051 = PLANE('',#10052);
#10052 = AXIS2_PLACEMENT_3D('',#10053,#10054,#10055);
#10053 = CARTESIAN_POINT('',(-60.601,17.1,6.6));
#10054 = DIRECTION('',(0.,-1.,0.));
#10055 = DIRECTION('',(-1.,0.,0.));
#10056 = ADVANCED_FACE('',(#10057),#10063,.F.);
#10057 = FACE_BOUND('',#10058,.T.);
#10058 = EDGE_LOOP('',(#10059,#10060,#10061,#10062));
#10059 = ORIENTED_EDGE('',*,*,#9278,.T.);
#10060 = ORIENTED_EDGE('',*,*,#8554,.T.);
#10061 = ORIENTED_EDGE('',*,*,#10016,.F.);
#10062 = ORIENTED_EDGE('',*,*,#9294,.F.);
#10063 = CYLINDRICAL_SURFACE('',#10064,0.9);
#10064 = AXIS2_PLACEMENT_3D('',#10065,#10066,#10067);
#10065 = CARTESIAN_POINT('',(-65.001,7.,6.6));
#10066 = DIRECTION('',(0.,0.,-1.));
#10067 = DIRECTION('',(-1.,-3.553E-14,-0.));
#10068 = ADVANCED_FACE('',(#10069),#10075,.F.);
#10069 = FACE_BOUND('',#10070,.T.);
#10070 = EDGE_LOOP('',(#10071,#10072,#10073,#10074));
#10071 = ORIENTED_EDGE('',*,*,#10040,.T.);
#10072 = ORIENTED_EDGE('',*,*,#8572,.T.);
#10073 = ORIENTED_EDGE('',*,*,#9271,.F.);
#10074 = ORIENTED_EDGE('',*,*,#9254,.F.);
#10075 = CYLINDRICAL_SURFACE('',#10076,0.9);
#10076 = AXIS2_PLACEMENT_3D('',#10077,#10078,#10079);
#10077 = CARTESIAN_POINT('',(-65.001,16.2,6.6));
#10078 = DIRECTION('',(0.,0.,-1.));
#10079 = DIRECTION('',(0.,1.,0.));
#10080 = ADVANCED_FACE('',(#10081),#10107,.F.);
#10081 = FACE_BOUND('',#10082,.T.);
#10082 = EDGE_LOOP('',(#10083,#10091,#10092,#10100));
#10083 = ORIENTED_EDGE('',*,*,#10084,.T.);
#10084 = EDGE_CURVE('',#10085,#8614,#10087,.T.);
#10085 = VERTEX_POINT('',#10086);
#10086 = CARTESIAN_POINT('',(-89.301,12.6,6.6));
#10087 = LINE('',#10088,#10089);
#10088 = CARTESIAN_POINT('',(-89.301,12.6,6.6));
#10089 = VECTOR('',#10090,1.);
#10090 = DIRECTION('',(0.,0.,1.));
#10091 = ORIENTED_EDGE('',*,*,#8621,.T.);
#10092 = ORIENTED_EDGE('',*,*,#10093,.F.);
#10093 = EDGE_CURVE('',#10094,#8622,#10096,.T.);
#10094 = VERTEX_POINT('',#10095);
#10095 = CARTESIAN_POINT('',(-91.301,14.6,6.6));
#10096 = LINE('',#10097,#10098);
#10097 = CARTESIAN_POINT('',(-91.301,14.6,6.6));
#10098 = VECTOR('',#10099,1.);
#10099 = DIRECTION('',(0.,0.,1.));
#10100 = ORIENTED_EDGE('',*,*,#10101,.F.);
#10101 = EDGE_CURVE('',#10085,#10094,#10102,.T.);
#10102 = CIRCLE('',#10103,2.);
#10103 = AXIS2_PLACEMENT_3D('',#10104,#10105,#10106);
#10104 = CARTESIAN_POINT('',(-91.301,12.6,6.6));
#10105 = DIRECTION('',(-0.,0.,1.));
#10106 = DIRECTION('',(1.,-1.61E-15,0.));
#10107 = CYLINDRICAL_SURFACE('',#10108,2.);
#10108 = AXIS2_PLACEMENT_3D('',#10109,#10110,#10111);
#10109 = CARTESIAN_POINT('',(-91.301,12.6,6.6));
#10110 = DIRECTION('',(0.,0.,-1.));
#10111 = DIRECTION('',(1.,-1.61E-15,0.));
#10112 = ADVANCED_FACE('',(#10113),#10131,.T.);
#10113 = FACE_BOUND('',#10114,.T.);
#10114 = EDGE_LOOP('',(#10115,#10123,#10124,#10125));
#10115 = ORIENTED_EDGE('',*,*,#10116,.T.);
#10116 = EDGE_CURVE('',#10117,#8646,#10119,.T.);
#10117 = VERTEX_POINT('',#10118);
#10118 = CARTESIAN_POINT('',(-89.301,10.6,6.6));
#10119 = LINE('',#10120,#10121);
#10120 = CARTESIAN_POINT('',(-89.301,10.6,6.6));
#10121 = VECTOR('',#10122,1.);
#10122 = DIRECTION('',(0.,0.,1.));
#10123 = ORIENTED_EDGE('',*,*,#8653,.T.);
#10124 = ORIENTED_EDGE('',*,*,#10084,.F.);
#10125 = ORIENTED_EDGE('',*,*,#10126,.F.);
#10126 = EDGE_CURVE('',#10117,#10085,#10127,.T.);
#10127 = LINE('',#10128,#10129);
#10128 = CARTESIAN_POINT('',(-89.301,11.6,6.6));
#10129 = VECTOR('',#10130,1.);
#10130 = DIRECTION('',(-1.421E-14,1.,0.));
#10131 = PLANE('',#10132);
#10132 = AXIS2_PLACEMENT_3D('',#10133,#10134,#10135);
#10133 = CARTESIAN_POINT('',(-89.301,11.6,6.7));
#10134 = DIRECTION('',(-1.,-5.92E-15,-0.));
#10135 = DIRECTION('',(5.92E-15,-1.,0.));
#10136 = ADVANCED_FACE('',(#10137),#10153,.T.);
#10137 = FACE_BOUND('',#10138,.T.);
#10138 = EDGE_LOOP('',(#10139,#10140,#10141,#10147));
#10139 = ORIENTED_EDGE('',*,*,#10093,.T.);
#10140 = ORIENTED_EDGE('',*,*,#8670,.T.);
#10141 = ORIENTED_EDGE('',*,*,#10142,.F.);
#10142 = EDGE_CURVE('',#9571,#8671,#10143,.T.);
#10143 = LINE('',#10144,#10145);
#10144 = CARTESIAN_POINT('',(-98.101,14.6,6.6));
#10145 = VECTOR('',#10146,1.);
#10146 = DIRECTION('',(0.,0.,1.));
#10147 = ORIENTED_EDGE('',*,*,#10148,.F.);
#10148 = EDGE_CURVE('',#10094,#9571,#10149,.T.);
#10149 = LINE('',#10150,#10151);
#10150 = CARTESIAN_POINT('',(-91.301,14.6,6.6));
#10151 = VECTOR('',#10152,1.);
#10152 = DIRECTION('',(-1.,-2.6E-16,-0.));
#10153 = PLANE('',#10154);
#10154 = AXIS2_PLACEMENT_3D('',#10155,#10156,#10157);
#10155 = CARTESIAN_POINT('',(-91.301,14.6,6.6));
#10156 = DIRECTION('',(2.6E-16,-1.,0.));
#10157 = DIRECTION('',(-1.,-2.6E-16,0.));
#10158 = ADVANCED_FACE('',(#10159),#10178,.F.);
#10159 = FACE_BOUND('',#10160,.T.);
#10160 = EDGE_LOOP('',(#10161,#10169,#10170,#10171));
#10161 = ORIENTED_EDGE('',*,*,#10162,.T.);
#10162 = EDGE_CURVE('',#10163,#8694,#10165,.T.);
#10163 = VERTEX_POINT('',#10164);
#10164 = CARTESIAN_POINT('',(-91.301,8.6,6.6));
#10165 = LINE('',#10166,#10167);
#10166 = CARTESIAN_POINT('',(-91.301,8.6,6.6));
#10167 = VECTOR('',#10168,1.);
#10168 = DIRECTION('',(0.,0.,1.));
#10169 = ORIENTED_EDGE('',*,*,#8701,.T.);
#10170 = ORIENTED_EDGE('',*,*,#10116,.F.);
#10171 = ORIENTED_EDGE('',*,*,#10172,.F.);
#10172 = EDGE_CURVE('',#10163,#10117,#10173,.T.);
#10173 = CIRCLE('',#10174,2.);
#10174 = AXIS2_PLACEMENT_3D('',#10175,#10176,#10177);
#10175 = CARTESIAN_POINT('',(-91.301,10.6,6.6));
#10176 = DIRECTION('',(-0.,0.,1.));
#10177 = DIRECTION('',(2.584E-14,-1.,0.));
#10178 = CYLINDRICAL_SURFACE('',#10179,2.);
#10179 = AXIS2_PLACEMENT_3D('',#10180,#10181,#10182);
#10180 = CARTESIAN_POINT('',(-91.301,10.6,6.6));
#10181 = DIRECTION('',(0.,0.,-1.));
#10182 = DIRECTION('',(2.584E-14,-1.,0.));
#10183 = ADVANCED_FACE('',(#10184),#10190,.F.);
#10184 = FACE_BOUND('',#10185,.T.);
#10185 = EDGE_LOOP('',(#10186,#10187,#10188,#10189));
#10186 = ORIENTED_EDGE('',*,*,#10142,.T.);
#10187 = ORIENTED_EDGE('',*,*,#8719,.T.);
#10188 = ORIENTED_EDGE('',*,*,#9602,.F.);
#10189 = ORIENTED_EDGE('',*,*,#9578,.F.);
#10190 = CYLINDRICAL_SURFACE('',#10191,2.);
#10191 = AXIS2_PLACEMENT_3D('',#10192,#10193,#10194);
#10192 = CARTESIAN_POINT('',(-98.101,12.6,6.6));
#10193 = DIRECTION('',(0.,0.,-1.));
#10194 = DIRECTION('',(0.,1.,0.));
#10195 = ADVANCED_FACE('',(#10196),#10212,.T.);
#10196 = FACE_BOUND('',#10197,.T.);
#10197 = EDGE_LOOP('',(#10198,#10204,#10205,#10206));
#10198 = ORIENTED_EDGE('',*,*,#10199,.T.);
#10199 = EDGE_CURVE('',#9619,#8744,#10200,.T.);
#10200 = LINE('',#10201,#10202);
#10201 = CARTESIAN_POINT('',(-98.101,8.6,6.6));
#10202 = VECTOR('',#10203,1.);
#10203 = DIRECTION('',(0.,0.,1.));
#10204 = ORIENTED_EDGE('',*,*,#8751,.T.);
#10205 = ORIENTED_EDGE('',*,*,#10162,.F.);
#10206 = ORIENTED_EDGE('',*,*,#10207,.F.);
#10207 = EDGE_CURVE('',#9619,#10163,#10208,.T.);
#10208 = LINE('',#10209,#10210);
#10209 = CARTESIAN_POINT('',(-98.101,8.6,6.6));
#10210 = VECTOR('',#10211,1.);
#10211 = DIRECTION('',(1.,2.6E-16,0.));
#10212 = PLANE('',#10213);
#10213 = AXIS2_PLACEMENT_3D('',#10214,#10215,#10216);
#10214 = CARTESIAN_POINT('',(-98.101,8.6,6.6));
#10215 = DIRECTION('',(-2.6E-16,1.,0.));
#10216 = DIRECTION('',(1.,2.6E-16,0.));
#10217 = ADVANCED_FACE('',(#10218),#10224,.F.);
#10218 = FACE_BOUND('',#10219,.T.);
#10219 = EDGE_LOOP('',(#10220,#10221,#10222,#10223));
#10220 = ORIENTED_EDGE('',*,*,#9595,.T.);
#10221 = ORIENTED_EDGE('',*,*,#8792,.T.);
#10222 = ORIENTED_EDGE('',*,*,#10199,.F.);
#10223 = ORIENTED_EDGE('',*,*,#9618,.F.);
#10224 = CYLINDRICAL_SURFACE('',#10225,2.);
#10225 = AXIS2_PLACEMENT_3D('',#10226,#10227,#10228);
#10226 = CARTESIAN_POINT('',(-98.101,10.6,6.6));
#10227 = DIRECTION('',(0.,0.,-1.));
#10228 = DIRECTION('',(-1.,0.,0.));
#10229 = ADVANCED_FACE('',(#10230),#10233,.F.);
#10230 = FACE_BOUND('',#10231,.T.);
#10231 = EDGE_LOOP('',(#10232));
#10232 = ORIENTED_EDGE('',*,*,#8950,.T.);
#10233 = PLANE('',#10234);
#10234 = AXIS2_PLACEMENT_3D('',#10235,#10236,#10237);
#10235 = CARTESIAN_POINT('',(-60.651,139.,4.1));
#10236 = DIRECTION('',(0.,0.,1.));
#10237 = DIRECTION('',(1.,0.,0.));
#10238 = ADVANCED_FACE('',(#10239),#10257,.F.);
#10239 = FACE_BOUND('',#10240,.F.);
#10240 = EDGE_LOOP('',(#10241,#10242,#10249,#10256));
#10241 = ORIENTED_EDGE('',*,*,#8977,.T.);
#10242 = ORIENTED_EDGE('',*,*,#10243,.T.);
#10243 = EDGE_CURVE('',#8978,#10244,#10246,.T.);
#10244 = VERTEX_POINT('',#10245);
#10245 = CARTESIAN_POINT('',(-18.401,11.,4.8));
#10246 = B_SPLINE_CURVE_WITH_KNOTS('',1,(#10247,#10248),.UNSPECIFIED.,
  .F.,.F.,(2,2),(-2.,1.),.PIECEWISE_BEZIER_KNOTS.);
#10247 = CARTESIAN_POINT('',(-18.401,11.,1.8));
#10248 = CARTESIAN_POINT('',(-18.401,11.,4.8));
#10249 = ORIENTED_EDGE('',*,*,#10250,.F.);
#10250 = EDGE_CURVE('',#10244,#10244,#10251,.T.);
#10251 = CIRCLE('',#10252,1.4);
#10252 = AXIS2_PLACEMENT_3D('',#10253,#10254,#10255);
#10253 = CARTESIAN_POINT('',(-17.001,11.,4.8));
#10254 = DIRECTION('',(0.,0.,1.));
#10255 = DIRECTION('',(-1.,0.,0.));
#10256 = ORIENTED_EDGE('',*,*,#10243,.F.);
#10257 = CYLINDRICAL_SURFACE('',#10258,1.4);
#10258 = AXIS2_PLACEMENT_3D('',#10259,#10260,#10261);
#10259 = CARTESIAN_POINT('',(-17.001,11.,3.8));
#10260 = DIRECTION('',(0.,0.,1.));
#10261 = DIRECTION('',(-1.,0.,0.));
#10262 = ADVANCED_FACE('',(#10263),#10274,.F.);
#10263 = FACE_BOUND('',#10264,.T.);
#10264 = EDGE_LOOP('',(#10265,#10266,#10267,#10273));
#10265 = ORIENTED_EDGE('',*,*,#9166,.F.);
#10266 = ORIENTED_EDGE('',*,*,#9860,.T.);
#10267 = ORIENTED_EDGE('',*,*,#10268,.T.);
#10268 = EDGE_CURVE('',#9853,#8995,#10269,.T.);
#10269 = LINE('',#10270,#10271);
#10270 = CARTESIAN_POINT('',(-34.301,14.15,6.15));
#10271 = VECTOR('',#10272,1.);
#10272 = DIRECTION('',(-0.,-0.707106781187,-0.707106781187));
#10273 = ORIENTED_EDGE('',*,*,#9004,.F.);
#10274 = PLANE('',#10275);
#10275 = AXIS2_PLACEMENT_3D('',#10276,#10277,#10278);
#10276 = CARTESIAN_POINT('',(-27.501,14.15,6.15));
#10277 = DIRECTION('',(0.,0.707106781187,-0.707106781187));
#10278 = DIRECTION('',(1.,0.,0.));
#10279 = ADVANCED_FACE('',(#10280),#10291,.F.);
#10280 = FACE_BOUND('',#10281,.T.);
#10281 = EDGE_LOOP('',(#10282,#10283,#10284,#10290));
#10282 = ORIENTED_EDGE('',*,*,#10268,.F.);
#10283 = ORIENTED_EDGE('',*,*,#9901,.T.);
#10284 = ORIENTED_EDGE('',*,*,#10285,.T.);
#10285 = EDGE_CURVE('',#9894,#9021,#10286,.T.);
#10286 = LINE('',#10287,#10288);
#10287 = CARTESIAN_POINT('',(-35.401,12.6,5.7));
#10288 = VECTOR('',#10289,1.);
#10289 = DIRECTION('',(0.707106781187,-3.013E-14,-0.707106781187));
#10290 = ORIENTED_EDGE('',*,*,#9028,.F.);
#10291 = CONICAL_SURFACE('',#10292,1.1,0.785398163397);
#10292 = AXIS2_PLACEMENT_3D('',#10293,#10294,#10295);
#10293 = CARTESIAN_POINT('',(-34.301,12.6,5.7));
#10294 = DIRECTION('',(0.,0.,1.));
#10295 = DIRECTION('',(-2.584E-14,1.,0.));
#10296 = ADVANCED_FACE('',(#10297),#10308,.T.);
#10297 = FACE_BOUND('',#10298,.T.);
#10298 = EDGE_LOOP('',(#10299,#10300,#10301,#10307));
#10299 = ORIENTED_EDGE('',*,*,#10285,.F.);
#10300 = ORIENTED_EDGE('',*,*,#9950,.T.);
#10301 = ORIENTED_EDGE('',*,*,#10302,.T.);
#10302 = EDGE_CURVE('',#9943,#9045,#10303,.T.);
#10303 = LINE('',#10304,#10305);
#10304 = CARTESIAN_POINT('',(-35.851,10.6,6.15));
#10305 = VECTOR('',#10306,1.);
#10306 = DIRECTION('',(0.707106781187,1.005E-14,-0.707106781187));
#10307 = ORIENTED_EDGE('',*,*,#9044,.F.);
#10308 = PLANE('',#10309);
#10309 = AXIS2_PLACEMENT_3D('',#10310,#10311,#10312);
#10310 = CARTESIAN_POINT('',(-35.851,11.6,6.15));
#10311 = DIRECTION('',(0.707106781187,-8.29E-15,0.707106781187));
#10312 = DIRECTION('',(-0.707106781187,-7.88860905221E-31,0.707106781187
    ));
#10313 = ADVANCED_FACE('',(#10314),#10325,.F.);
#10314 = FACE_BOUND('',#10315,.T.);
#10315 = EDGE_LOOP('',(#10316,#10317,#10318,#10324));
#10316 = ORIENTED_EDGE('',*,*,#10302,.F.);
#10317 = ORIENTED_EDGE('',*,*,#9967,.T.);
#10318 = ORIENTED_EDGE('',*,*,#10319,.T.);
#10319 = EDGE_CURVE('',#9917,#9070,#10320,.T.);
#10320 = LINE('',#10321,#10322);
#10321 = CARTESIAN_POINT('',(-34.301,9.5,5.7));
#10322 = VECTOR('',#10323,1.);
#10323 = DIRECTION('',(6.48E-15,0.707106781187,-0.707106781187));
#10324 = ORIENTED_EDGE('',*,*,#9077,.F.);
#10325 = CONICAL_SURFACE('',#10326,1.1,0.785398163397);
#10326 = AXIS2_PLACEMENT_3D('',#10327,#10328,#10329);
#10327 = CARTESIAN_POINT('',(-34.301,10.6,5.7));
#10328 = DIRECTION('',(0.,0.,1.));
#10329 = DIRECTION('',(-1.,-1.776E-14,-0.));
#10330 = ADVANCED_FACE('',(#10331),#10337,.T.);
#10331 = FACE_BOUND('',#10332,.T.);
#10332 = EDGE_LOOP('',(#10333,#10334,#10335,#10336));
#10333 = ORIENTED_EDGE('',*,*,#10319,.F.);
#10334 = ORIENTED_EDGE('',*,*,#9926,.T.);
#10335 = ORIENTED_EDGE('',*,*,#9109,.T.);
#10336 = ORIENTED_EDGE('',*,*,#9095,.F.);
#10337 = PLANE('',#10338);
#10338 = AXIS2_PLACEMENT_3D('',#10339,#10340,#10341);
#10339 = CARTESIAN_POINT('',(-34.301,9.05,6.15));
#10340 = DIRECTION('',(0.,0.707106781187,0.707106781187));
#10341 = DIRECTION('',(1.,0.,0.));
#10342 = ADVANCED_FACE('',(#10343),#10349,.F.);
#10343 = FACE_BOUND('',#10344,.T.);
#10344 = EDGE_LOOP('',(#10345,#10346,#10347,#10348));
#10345 = ORIENTED_EDGE('',*,*,#9440,.F.);
#10346 = ORIENTED_EDGE('',*,*,#10046,.T.);
#10347 = ORIENTED_EDGE('',*,*,#9246,.T.);
#10348 = ORIENTED_EDGE('',*,*,#9213,.F.);
#10349 = PLANE('',#10350);
#10350 = AXIS2_PLACEMENT_3D('',#10351,#10352,#10353);
#10351 = CARTESIAN_POINT('',(-60.601,16.9,6.4));
#10352 = DIRECTION('',(0.,0.707106781187,-0.707106781187));
#10353 = DIRECTION('',(1.,0.,0.));
#10354 = ADVANCED_FACE('',(#10355),#10361,.T.);
#10355 = FACE_BOUND('',#10356,.T.);
#10356 = EDGE_LOOP('',(#10357,#10358,#10359,#10360));
#10357 = ORIENTED_EDGE('',*,*,#9303,.F.);
#10358 = ORIENTED_EDGE('',*,*,#10024,.T.);
#10359 = ORIENTED_EDGE('',*,*,#9383,.T.);
#10360 = ORIENTED_EDGE('',*,*,#9351,.F.);
#10361 = PLANE('',#10362);
#10362 = AXIS2_PLACEMENT_3D('',#10363,#10364,#10365);
#10363 = CARTESIAN_POINT('',(-65.001,6.3,6.4));
#10364 = DIRECTION('',(1.26E-15,0.707106781187,0.707106781187));
#10365 = DIRECTION('',(1.,-1.800954544295E-15,1.904545570495E-17));
#10366 = ADVANCED_FACE('',(#10367),#10378,.T.);
#10367 = FACE_BOUND('',#10368,.T.);
#10368 = EDGE_LOOP('',(#10369,#10375,#10376,#10377));
#10369 = ORIENTED_EDGE('',*,*,#10370,.F.);
#10370 = EDGE_CURVE('',#10094,#9456,#10371,.T.);
#10371 = LINE('',#10372,#10373);
#10372 = CARTESIAN_POINT('',(-91.301,13.7,5.7));
#10373 = VECTOR('',#10374,1.);
#10374 = DIRECTION('',(-2.631E-14,-0.707106781187,-0.707106781187));
#10375 = ORIENTED_EDGE('',*,*,#10148,.T.);
#10376 = ORIENTED_EDGE('',*,*,#9570,.T.);
#10377 = ORIENTED_EDGE('',*,*,#9465,.F.);
#10378 = PLANE('',#10379);
#10379 = AXIS2_PLACEMENT_3D('',#10380,#10381,#10382);
#10380 = CARTESIAN_POINT('',(-91.301,14.15,6.15));
#10381 = DIRECTION('',(2.5E-16,-0.707106781187,0.707106781187));
#10382 = DIRECTION('',(-1.,-3.067766952966E-16,4.677669529664E-17));
#10383 = ADVANCED_FACE('',(#10384),#10395,.F.);
#10384 = FACE_BOUND('',#10385,.T.);
#10385 = EDGE_LOOP('',(#10386,#10392,#10393,#10394));
#10386 = ORIENTED_EDGE('',*,*,#10387,.F.);
#10387 = EDGE_CURVE('',#10085,#9480,#10388,.T.);
#10388 = LINE('',#10389,#10390);
#10389 = CARTESIAN_POINT('',(-89.751,12.6,6.15));
#10390 = VECTOR('',#10391,1.);
#10391 = DIRECTION('',(-0.707106781187,-1.005E-14,-0.707106781187));
#10392 = ORIENTED_EDGE('',*,*,#10101,.T.);
#10393 = ORIENTED_EDGE('',*,*,#10370,.T.);
#10394 = ORIENTED_EDGE('',*,*,#9489,.F.);
#10395 = CONICAL_SURFACE('',#10396,1.1,0.785398163397);
#10396 = AXIS2_PLACEMENT_3D('',#10397,#10398,#10399);
#10397 = CARTESIAN_POINT('',(-91.301,12.6,5.7));
#10398 = DIRECTION('',(0.,0.,1.));
#10399 = DIRECTION('',(1.,-1.61E-15,0.));
#10400 = ADVANCED_FACE('',(#10401),#10412,.T.);
#10401 = FACE_BOUND('',#10402,.T.);
#10402 = EDGE_LOOP('',(#10403,#10404,#10405,#10406));
#10403 = ORIENTED_EDGE('',*,*,#10126,.T.);
#10404 = ORIENTED_EDGE('',*,*,#10387,.T.);
#10405 = ORIENTED_EDGE('',*,*,#9514,.F.);
#10406 = ORIENTED_EDGE('',*,*,#10407,.F.);
#10407 = EDGE_CURVE('',#10117,#9507,#10408,.T.);
#10408 = LINE('',#10409,#10410);
#10409 = CARTESIAN_POINT('',(-90.201,10.6,5.7));
#10410 = VECTOR('',#10411,1.);
#10411 = DIRECTION('',(-0.707106781187,1.09E-15,-0.707106781187));
#10412 = PLANE('',#10413);
#10413 = AXIS2_PLACEMENT_3D('',#10414,#10415,#10416);
#10414 = CARTESIAN_POINT('',(-89.751,11.6,6.15));
#10415 = DIRECTION('',(-0.707106781187,-4.23E-15,0.707106781187));
#10416 = DIRECTION('',(0.707106781187,0.,0.707106781187));
#10417 = ADVANCED_FACE('',(#10418),#10429,.F.);
#10418 = FACE_BOUND('',#10419,.T.);
#10419 = EDGE_LOOP('',(#10420,#10426,#10427,#10428));
#10420 = ORIENTED_EDGE('',*,*,#10421,.F.);
#10421 = EDGE_CURVE('',#10163,#9529,#10422,.T.);
#10422 = LINE('',#10423,#10424);
#10423 = CARTESIAN_POINT('',(-91.301,9.05,6.15));
#10424 = VECTOR('',#10425,1.);
#10425 = DIRECTION('',(-1.8E-16,0.707106781187,-0.707106781187));
#10426 = ORIENTED_EDGE('',*,*,#10172,.T.);
#10427 = ORIENTED_EDGE('',*,*,#10407,.T.);
#10428 = ORIENTED_EDGE('',*,*,#9538,.F.);
#10429 = CONICAL_SURFACE('',#10430,1.1,0.785398163397);
#10430 = AXIS2_PLACEMENT_3D('',#10431,#10432,#10433);
#10431 = CARTESIAN_POINT('',(-91.301,10.6,5.7));
#10432 = DIRECTION('',(0.,0.,1.));
#10433 = DIRECTION('',(2.584E-14,-1.,0.));
#10434 = ADVANCED_FACE('',(#10435),#10441,.F.);
#10435 = FACE_BOUND('',#10436,.T.);
#10436 = EDGE_LOOP('',(#10437,#10438,#10439,#10440));
#10437 = ORIENTED_EDGE('',*,*,#9627,.F.);
#10438 = ORIENTED_EDGE('',*,*,#10207,.T.);
#10439 = ORIENTED_EDGE('',*,*,#10421,.T.);
#10440 = ORIENTED_EDGE('',*,*,#9556,.F.);
#10441 = PLANE('',#10442);
#10442 = AXIS2_PLACEMENT_3D('',#10443,#10444,#10445);
#10443 = CARTESIAN_POINT('',(-98.101,9.05,6.15));
#10444 = DIRECTION('',(2.5E-16,-0.707106781187,-0.707106781187));
#10445 = DIRECTION('',(-1.,-3.067766952966E-16,-4.677669529664E-17));
#10446 = ADVANCED_FACE('',(#10447),#10465,.F.);
#10447 = FACE_BOUND('',#10448,.F.);
#10448 = EDGE_LOOP('',(#10449,#10450,#10457,#10464));
#10449 = ORIENTED_EDGE('',*,*,#9645,.T.);
#10450 = ORIENTED_EDGE('',*,*,#10451,.T.);
#10451 = EDGE_CURVE('',#9646,#10452,#10454,.T.);
#10452 = VERTEX_POINT('',#10453);
#10453 = CARTESIAN_POINT('',(-105.701,11.,4.8));
#10454 = B_SPLINE_CURVE_WITH_KNOTS('',1,(#10455,#10456),.UNSPECIFIED.,
  .F.,.F.,(2,2),(-2.,1.),.PIECEWISE_BEZIER_KNOTS.);
#10455 = CARTESIAN_POINT('',(-105.701,11.,1.8));
#10456 = CARTESIAN_POINT('',(-105.701,11.,4.8));
#10457 = ORIENTED_EDGE('',*,*,#10458,.F.);
#10458 = EDGE_CURVE('',#10452,#10452,#10459,.T.);
#10459 = CIRCLE('',#10460,1.4);
#10460 = AXIS2_PLACEMENT_3D('',#10461,#10462,#10463);
#10461 = CARTESIAN_POINT('',(-104.301,11.,4.8));
#10462 = DIRECTION('',(0.,0.,1.));
#10463 = DIRECTION('',(-1.,0.,0.));
#10464 = ORIENTED_EDGE('',*,*,#10451,.F.);
#10465 = CYLINDRICAL_SURFACE('',#10466,1.4);
#10466 = AXIS2_PLACEMENT_3D('',#10467,#10468,#10469);
#10467 = CARTESIAN_POINT('',(-104.301,11.,3.8));
#10468 = DIRECTION('',(0.,0.,1.));
#10469 = DIRECTION('',(-1.,0.,0.));
#10470 = ADVANCED_FACE('',(#10471),#10474,.F.);
#10471 = FACE_BOUND('',#10472,.T.);
#10472 = EDGE_LOOP('',(#10473));
#10473 = ORIENTED_EDGE('',*,*,#10250,.F.);
#10474 = PLANE('',#10475);
#10475 = AXIS2_PLACEMENT_3D('',#10476,#10477,#10478);
#10476 = CARTESIAN_POINT('',(-78.81892902904,77.026894926472,4.8));
#10477 = DIRECTION('',(0.,0.,1.));
#10478 = DIRECTION('',(1.,0.,0.));
#10479 = ADVANCED_FACE('',(#10480),#10483,.F.);
#10480 = FACE_BOUND('',#10481,.T.);
#10481 = EDGE_LOOP('',(#10482));
#10482 = ORIENTED_EDGE('',*,*,#10458,.F.);
#10483 = PLANE('',#10484);
#10484 = AXIS2_PLACEMENT_3D('',#10485,#10486,#10487);
#10485 = CARTESIAN_POINT('',(-78.81892902904,77.026894926472,4.8));
#10486 = DIRECTION('',(0.,0.,1.));
#10487 = DIRECTION('',(1.,0.,0.));
#10488 = ( GEOMETRIC_REPRESENTATION_CONTEXT(3) 
GLOBAL_UNCERTAINTY_ASSIGNED_CONTEXT((#10492)) 
GLOBAL_UNIT_ASSIGNED_CONTEXT((#10489,#10490,#10491)) 
REPRESENTATION_CONTEXT('Context #1',
  '3D Context with UNIT and UNCERTAINTY') );
#10489 = ( LENGTH_UNIT() NAMED_UNIT(*) SI_UNIT(.MILLI.,.METRE.) );
#10490 = ( NAMED_UNIT(*) PLANE_ANGLE_UNIT() SI_UNIT($,.RADIAN.) );
#10491 = ( NAMED_UNIT(*) SI_UNIT($,.STERADIAN.) SOLID_ANGLE_UNIT() );
#10492 = UNCERTAINTY_MEASURE_WITH_UNIT(LENGTH_MEASURE(5.E-05),#10489,
  'distance_accuracy_value','confusion accuracy');
#10493 = PRODUCT_RELATED_PRODUCT_CATEGORY('part',$,(#7));
#10494 = MECHANICAL_DESIGN_GEOMETRIC_PRESENTATION_REPRESENTATION('',(
    #10495),#10488);
#10495 = STYLED_ITEM('color',(#10496),#15);
#10496 = PRESENTATION_STYLE_ASSIGNMENT((#10497,#10503));
#10497 = SURFACE_STYLE_USAGE(.BOTH.,#10498);
#10498 = SURFACE_SIDE_STYLE('',(#10499));
#10499 = SURFACE_STYLE_FILL_AREA(#10500);
#10500 = FILL_AREA_STYLE('',(#10501));
#10501 = FILL_AREA_STYLE_COLOUR('',#10502);
#10502 = COLOUR_RGB('',0.678431390124,0.709803936702,0.741176476869);
#10503 = CURVE_STYLE('',#10504,POSITIVE_LENGTH_MEASURE(0.1),#10505);
#10504 = DRAUGHTING_PRE_DEFINED_CURVE_FONT('continuous');
#10505 = COLOUR_RGB('',9.803921802644E-02,9.803921802644E-02,
  9.803921802644E-02);
ENDSEC;
END-ISO-10303-21;
