ISO-10303-21;
HEADER;
FILE_DESCRIPTION(('FreeCAD Model'),'2;1');
FILE_NAME('Open CASCADE Shape Model','2026-08-29T12:42:50',(''),(''),
  'Open CASCADE STEP processor 7.8','FreeCAD','Unknown');
FILE_SCHEMA(('AUTOMOTIVE_DESIGN { 1 0 10303 214 1 1 1 1 }'));
ENDSEC;
DATA;
#1 = APPLICATION_PROTOCOL_DEFINITION('international standard',
  'automotive_design',2000,#2);
#2 = APPLICATION_CONTEXT(
  'core data for automotive mechanical design processes');
#3 = SHAPE_DEFINITION_REPRESENTATION(#4,#10);
#4 = PRODUCT_DEFINITION_SHAPE('','',#5);
#5 = PRODUCT_DEFINITION('design','',#6,#9);
#6 = PRODUCT_DEFINITION_FORMATION('','',#7);
#7 = PRODUCT('left_frame_inner001','left_frame_inner001','',(#8));
#8 = PRODUCT_CONTEXT('',#2,'mechanical');
#9 = PRODUCT_DEFINITION_CONTEXT('part definition',#2,'design');
#10 = ADVANCED_BREP_SHAPE_REPRESENTATION('',(#11,#15),#10963);
#11 = AXIS2_PLACEMENT_3D('',#12,#13,#14);
#12 = CARTESIAN_POINT('',(0.,0.,0.));
#13 = DIRECTION('',(0.,0.,1.));
#14 = DIRECTION('',(1.,0.,-0.));
#15 = MANIFOLD_SOLID_BREP('',#16);
#16 = CLOSED_SHELL('',(#17,#121,#152,#176,#242,#282,#306,#346,#370,#2368
    ,#3476,#3524,#3548,#3617,#3649,#3674,#3698,#3745,#3769,#3794,#3811,
    #3828,#3846,#3871,#4145,#4162,#4203,#4221,#4300,#4324,#4348,#4377,
    #4402,#4426,#4450,#4474,#4506,#4540,#4564,#4588,#4617,#4706,#4813,
    #4837,#4868,#4896,#4941,#4973,#4997,#5040,#5083,#5100,#5117,#5145,
    #5167,#5207,#5231,#5276,#5310,#5334,#5358,#5393,#5421,#5461,#5485,
    #5557,#5591,#5623,#5647,#5690,#5781,#5805,#5829,#5858,#5892,#5916,
    #5941,#5965,#5989,#6014,#6038,#6061,#6078,#6103,#6127,#6150,#6167,
    #6192,#6216,#6239,#6256,#6281,#6305,#6328,#6345,#6370,#6394,#6417,
    #6434,#6459,#6483,#6506,#6523,#6548,#6572,#6595,#6612,#6637,#6661,
    #6684,#6703,#6720,#6739,#6755,#6771,#6788,#6805,#6821,#6837,#6854,
    #6871,#6887,#6903,#6920,#6937,#6953,#6969,#6986,#7003,#7019,#7035,
    #7052,#7069,#7085,#7101,#7118,#7135,#7151,#7167,#7184,#7201,#7217,
    #7233,#7250,#7267,#7283,#7299,#7316,#7333,#7349,#7365,#7382,#7415,
    #7438,#7479,#7560,#7625,#7649,#7685,#7709,#7733,#7762,#7796,#7820,
    #7844,#7879,#7913,#7937,#7961,#7990,#8025,#8041,#8066,#8090,#8114,
    #8138,#8162,#8186,#8210,#8234,#8258,#8282,#8299,#8333,#8356,#8382,
    #8399,#8412,#8434,#8451,#8468,#8501,#8518,#8560,#8577,#8608,#8625,
    #8642,#8654,#8678,#8695,#8726,#8743,#8755,#8786,#8811,#8836,#8867,
    #8898,#8910,#8932,#8949,#8966,#8983,#9000,#9017,#9034,#9051,#9068,
    #9085,#9102,#9119,#9136,#9153,#9170,#9182,#9204,#9221,#9238,#9250,
    #9272,#9289,#9306,#9357,#9381,#9405,#9454,#9492,#9516,#9533,#9564,
    #9597,#9624,#9655,#9679,#9703,#9720,#9750,#9782,#9799,#9817,#9862,
    #9879,#9896,#9908,#9930,#9947,#9964,#9981,#9998,#10015,#10032,#10044
    ,#10065,#10092,#10117,#10142,#10159,#10182,#10199,#10230,#10245,
    #10256,#10273,#10290,#10311,#10353,#10386,#10417,#10435,#10460,
    #10484,#10502,#10514,#10526,#10538,#10550,#10562,#10574,#10586,
    #10598,#10644,#10673,#10685,#10748,#10765,#10781,#10807,#10819,
    #10830,#10841,#10852,#10869,#10886,#10898,#10922,#10939,#10951));
#17 = ADVANCED_FACE('',(#18),#116,.T.);
#18 = FACE_BOUND('',#19,.T.);
#19 = EDGE_LOOP('',(#20,#30,#38,#46,#54,#62,#70,#78,#86,#94,#102,#110));
#20 = ORIENTED_EDGE('',*,*,#21,.F.);
#21 = EDGE_CURVE('',#22,#24,#26,.T.);
#22 = VERTEX_POINT('',#23);
#23 = CARTESIAN_POINT('',(-98.28399999999,91.299999999999,2.9));
#24 = VERTEX_POINT('',#25);
#25 = CARTESIAN_POINT('',(-98.28399999999,91.299999999999,2.88));
#26 = LINE('',#27,#28);
#27 = CARTESIAN_POINT('',(-98.284,91.299999999999,4.9));
#28 = VECTOR('',#29,1.);
#29 = DIRECTION('',(-0.,-0.,-1.));
#30 = ORIENTED_EDGE('',*,*,#31,.T.);
#31 = EDGE_CURVE('',#22,#32,#34,.T.);
#32 = VERTEX_POINT('',#33);
#33 = CARTESIAN_POINT('',(-95.284,91.299999999999,2.9));
#34 = LINE('',#35,#36);
#35 = CARTESIAN_POINT('',(-98.28399999999,91.299999999999,2.9));
#36 = VECTOR('',#37,1.);
#37 = DIRECTION('',(1.,0.,0.));
#38 = ORIENTED_EDGE('',*,*,#39,.F.);
#39 = EDGE_CURVE('',#40,#32,#42,.T.);
#40 = VERTEX_POINT('',#41);
#41 = CARTESIAN_POINT('',(-95.284,91.299999999999,4.));
#42 = LINE('',#43,#44);
#43 = CARTESIAN_POINT('',(-95.284,91.299999999999,3.9));
#44 = VECTOR('',#45,1.);
#45 = DIRECTION('',(-0.,-0.,-1.));
#46 = ORIENTED_EDGE('',*,*,#47,.F.);
#47 = EDGE_CURVE('',#48,#40,#50,.T.);
#48 = VERTEX_POINT('',#49);
#49 = CARTESIAN_POINT('',(-94.384,91.299999999999,4.9));
#50 = LINE('',#51,#52);
#51 = CARTESIAN_POINT('',(-86.85355924402,91.299999999999,
    12.430440755979));
#52 = VECTOR('',#53,1.);
#53 = DIRECTION('',(-0.707106781187,0.,-0.707106781187));
#54 = ORIENTED_EDGE('',*,*,#55,.T.);
#55 = EDGE_CURVE('',#48,#56,#58,.T.);
#56 = VERTEX_POINT('',#57);
#57 = CARTESIAN_POINT('',(-27.0746949,91.299999999999,4.9));
#58 = LINE('',#59,#60);
#59 = CARTESIAN_POINT('',(-98.284,91.299999999999,4.9));
#60 = VECTOR('',#61,1.);
#61 = DIRECTION('',(1.,0.,0.));
#62 = ORIENTED_EDGE('',*,*,#63,.T.);
#63 = EDGE_CURVE('',#56,#64,#66,.T.);
#64 = VERTEX_POINT('',#65);
#65 = CARTESIAN_POINT('',(-27.0746949,91.299999999999,3.7));
#66 = LINE('',#67,#68);
#67 = CARTESIAN_POINT('',(-27.0746949,91.299999999999,4.125));
#68 = VECTOR('',#69,1.);
#69 = DIRECTION('',(4.9E-16,0.,-1.));
#70 = ORIENTED_EDGE('',*,*,#71,.T.);
#71 = EDGE_CURVE('',#64,#72,#74,.T.);
#72 = VERTEX_POINT('',#73);
#73 = CARTESIAN_POINT('',(-25.284,91.299999999999,3.7));
#74 = LINE('',#75,#76);
#75 = CARTESIAN_POINT('',(-27.0746949,91.299999999999,3.7));
#76 = VECTOR('',#77,1.);
#77 = DIRECTION('',(1.,0.,0.));
#78 = ORIENTED_EDGE('',*,*,#79,.T.);
#79 = EDGE_CURVE('',#72,#80,#82,.T.);
#80 = VERTEX_POINT('',#81);
#81 = CARTESIAN_POINT('',(-25.284,91.299999999999,1.8));
#82 = LINE('',#83,#84);
#83 = CARTESIAN_POINT('',(-25.284,91.299999999999,4.9));
#84 = VECTOR('',#85,1.);
#85 = DIRECTION('',(-0.,-0.,-1.));
#86 = ORIENTED_EDGE('',*,*,#87,.T.);
#87 = EDGE_CURVE('',#80,#88,#90,.T.);
#88 = VERTEX_POINT('',#89);
#89 = CARTESIAN_POINT('',(-98.284,91.299999999999,1.8));
#90 = LINE('',#91,#92);
#91 = CARTESIAN_POINT('',(-79.45679150367,91.299999999999,1.8));
#92 = VECTOR('',#93,1.);
#93 = DIRECTION('',(-1.,0.,0.));
#94 = ORIENTED_EDGE('',*,*,#95,.F.);
#95 = EDGE_CURVE('',#96,#88,#98,.T.);
#96 = VERTEX_POINT('',#97);
#97 = CARTESIAN_POINT('',(-98.284,91.299999999999,2.4));
#98 = LINE('',#99,#100);
#99 = CARTESIAN_POINT('',(-98.284,91.299999999999,4.9));
#100 = VECTOR('',#101,1.);
#101 = DIRECTION('',(-0.,-0.,-1.));
#102 = ORIENTED_EDGE('',*,*,#103,.T.);
#103 = EDGE_CURVE('',#96,#104,#106,.T.);
#104 = VERTEX_POINT('',#105);
#105 = CARTESIAN_POINT('',(-98.76399999999,91.299999999999,2.4));
#106 = LINE('',#107,#108);
#107 = CARTESIAN_POINT('',(-80.38620117368,91.299999999999,2.4));
#108 = VECTOR('',#109,1.);
#109 = DIRECTION('',(-1.,0.,0.));
#110 = ORIENTED_EDGE('',*,*,#111,.T.);
#111 = EDGE_CURVE('',#104,#24,#112,.T.);
#112 = LINE('',#113,#114);
#113 = CARTESIAN_POINT('',(-89.16855924402,91.299999999999,
    11.995440755979));
#114 = VECTOR('',#115,1.);
#115 = DIRECTION('',(0.707106781187,0.,0.707106781187));
#116 = PLANE('',#117);
#117 = AXIS2_PLACEMENT_3D('',#118,#119,#120);
#118 = CARTESIAN_POINT('',(-61.77840758134,91.299999999999,
    3.316170605256));
#119 = DIRECTION('',(0.,1.,0.));
#120 = DIRECTION('',(0.,0.,1.));
#121 = ADVANCED_FACE('',(#122),#147,.F.);
#122 = FACE_BOUND('',#123,.F.);
#123 = EDGE_LOOP('',(#124,#134,#140,#141));
#124 = ORIENTED_EDGE('',*,*,#125,.T.);
#125 = EDGE_CURVE('',#126,#128,#130,.T.);
#126 = VERTEX_POINT('',#127);
#127 = CARTESIAN_POINT('',(-98.28399999999,84.799999999999,2.9));
#128 = VERTEX_POINT('',#129);
#129 = CARTESIAN_POINT('',(-98.28399999999,84.799999999999,2.88));
#130 = LINE('',#131,#132);
#131 = CARTESIAN_POINT('',(-98.28399999999,84.799999999999,4.9));
#132 = VECTOR('',#133,1.);
#133 = DIRECTION('',(-0.,-0.,-1.));
#134 = ORIENTED_EDGE('',*,*,#135,.T.);
#135 = EDGE_CURVE('',#128,#24,#136,.T.);
#136 = LINE('',#137,#138);
#137 = CARTESIAN_POINT('',(-98.28399999999,84.799999999999,2.88));
#138 = VECTOR('',#139,1.);
#139 = DIRECTION('',(0.,1.,0.));
#140 = ORIENTED_EDGE('',*,*,#21,.F.);
#141 = ORIENTED_EDGE('',*,*,#142,.T.);
#142 = EDGE_CURVE('',#22,#126,#143,.T.);
#143 = LINE('',#144,#145);
#144 = CARTESIAN_POINT('',(-98.28399999999,91.299999999999,2.9));
#145 = VECTOR('',#146,1.);
#146 = DIRECTION('',(0.,-1.,0.));
#147 = PLANE('',#148);
#148 = AXIS2_PLACEMENT_3D('',#149,#150,#151);
#149 = CARTESIAN_POINT('',(-98.28399999999,98.549999999999,3.65));
#150 = DIRECTION('',(1.,2.3E-16,0.));
#151 = DIRECTION('',(-2.3E-16,1.,0.));
#152 = ADVANCED_FACE('',(#153),#171,.T.);
#153 = FACE_BOUND('',#154,.F.);
#154 = EDGE_LOOP('',(#155,#163,#169,#170));
#155 = ORIENTED_EDGE('',*,*,#156,.F.);
#156 = EDGE_CURVE('',#157,#128,#159,.T.);
#157 = VERTEX_POINT('',#158);
#158 = CARTESIAN_POINT('',(-98.76399999999,85.279999999999,2.4));
#159 = LINE('',#160,#161);
#160 = CARTESIAN_POINT('',(-98.52733333333,85.043333333333,
    2.636666666667));
#161 = VECTOR('',#162,1.);
#162 = DIRECTION('',(0.57735026919,-0.57735026919,0.57735026919));
#163 = ORIENTED_EDGE('',*,*,#164,.T.);
#164 = EDGE_CURVE('',#157,#104,#165,.T.);
#165 = LINE('',#166,#167);
#166 = CARTESIAN_POINT('',(-98.76399999999,84.799999999999,2.4));
#167 = VECTOR('',#168,1.);
#168 = DIRECTION('',(0.,1.,0.));
#169 = ORIENTED_EDGE('',*,*,#111,.T.);
#170 = ORIENTED_EDGE('',*,*,#135,.F.);
#171 = PLANE('',#172);
#172 = AXIS2_PLACEMENT_3D('',#173,#174,#175);
#173 = CARTESIAN_POINT('',(-98.52399999999,84.799999999999,2.64));
#174 = DIRECTION('',(-0.707106781187,1.E-17,0.707106781187));
#175 = DIRECTION('',(-7.071067811865E-18,-1.,7.071067811866E-18));
#176 = ADVANCED_FACE('',(#177),#237,.T.);
#177 = FACE_BOUND('',#178,.T.);
#178 = EDGE_LOOP('',(#179,#180,#181,#189,#198,#206,#214,#222,#231));
#179 = ORIENTED_EDGE('',*,*,#31,.F.);
#180 = ORIENTED_EDGE('',*,*,#142,.T.);
#181 = ORIENTED_EDGE('',*,*,#182,.T.);
#182 = EDGE_CURVE('',#126,#183,#185,.T.);
#183 = VERTEX_POINT('',#184);
#184 = CARTESIAN_POINT('',(-98.28399999999,61.1052475,2.9));
#185 = LINE('',#186,#187);
#186 = CARTESIAN_POINT('',(-98.28399999999,91.299999999999,2.9));
#187 = VECTOR('',#188,1.);
#188 = DIRECTION('',(0.,-1.,0.));
#189 = ORIENTED_EDGE('',*,*,#190,.T.);
#190 = EDGE_CURVE('',#183,#191,#193,.T.);
#191 = VERTEX_POINT('',#192);
#192 = CARTESIAN_POINT('',(-96.284,59.105247500001,2.9));
#193 = CIRCLE('',#194,2.);
#194 = AXIS2_PLACEMENT_3D('',#195,#196,#197);
#195 = CARTESIAN_POINT('',(-96.28399999999,61.105247500001,2.9));
#196 = DIRECTION('',(0.,0.,1.));
#197 = DIRECTION('',(1.,0.,0.));
#198 = ORIENTED_EDGE('',*,*,#199,.F.);
#199 = EDGE_CURVE('',#200,#191,#202,.T.);
#200 = VERTEX_POINT('',#201);
#201 = CARTESIAN_POINT('',(-83.31101948,59.105247500001,2.9));
#202 = LINE('',#203,#204);
#203 = CARTESIAN_POINT('',(-67.11682892,59.105247500001,2.9));
#204 = VECTOR('',#205,1.);
#205 = DIRECTION('',(-1.,0.,0.));
#206 = ORIENTED_EDGE('',*,*,#207,.F.);
#207 = EDGE_CURVE('',#208,#200,#210,.T.);
#208 = VERTEX_POINT('',#209);
#209 = CARTESIAN_POINT('',(-83.31101948,62.1052475,2.9));
#210 = LINE('',#211,#212);
#211 = CARTESIAN_POINT('',(-83.31101948,68.297380153388,2.9));
#212 = VECTOR('',#213,1.);
#213 = DIRECTION('',(0.,-1.,0.));
#214 = ORIENTED_EDGE('',*,*,#215,.T.);
#215 = EDGE_CURVE('',#208,#216,#218,.T.);
#216 = VERTEX_POINT('',#217);
#217 = CARTESIAN_POINT('',(-86.284,62.1052475,2.9));
#218 = LINE('',#219,#220);
#219 = CARTESIAN_POINT('',(-67.11682892,62.1052475,2.9));
#220 = VECTOR('',#221,1.);
#221 = DIRECTION('',(-1.,0.,0.));
#222 = ORIENTED_EDGE('',*,*,#223,.F.);
#223 = EDGE_CURVE('',#224,#216,#226,.T.);
#224 = VERTEX_POINT('',#225);
#225 = CARTESIAN_POINT('',(-95.284,71.1052475,2.9));
#226 = CIRCLE('',#227,9.);
#227 = AXIS2_PLACEMENT_3D('',#228,#229,#230);
#228 = CARTESIAN_POINT('',(-86.284,71.1052475,2.9));
#229 = DIRECTION('',(0.,0.,1.));
#230 = DIRECTION('',(1.,0.,0.));
#231 = ORIENTED_EDGE('',*,*,#232,.F.);
#232 = EDGE_CURVE('',#32,#224,#233,.T.);
#233 = LINE('',#234,#235);
#234 = CARTESIAN_POINT('',(-95.284,91.299999999999,2.9));
#235 = VECTOR('',#236,1.);
#236 = DIRECTION('',(0.,-1.,0.));
#237 = PLANE('',#238);
#238 = AXIS2_PLACEMENT_3D('',#239,#240,#241);
#239 = CARTESIAN_POINT('',(-72.23459486648,73.717650776775,2.9));
#240 = DIRECTION('',(0.,0.,1.));
#241 = DIRECTION('',(1.,0.,0.));
#242 = ADVANCED_FACE('',(#243),#277,.T.);
#243 = FACE_BOUND('',#244,.T.);
#244 = EDGE_LOOP('',(#245,#253,#254,#255,#263,#271));
#245 = ORIENTED_EDGE('',*,*,#246,.T.);
#246 = EDGE_CURVE('',#247,#157,#249,.T.);
#247 = VERTEX_POINT('',#248);
#248 = CARTESIAN_POINT('',(-99.78399999999,86.299999999999,2.4));
#249 = LINE('',#250,#251);
#250 = CARTESIAN_POINT('',(-99.78399999999,86.299999999999,2.4));
#251 = VECTOR('',#252,1.);
#252 = DIRECTION('',(0.707106781187,-0.707106781187,0.));
#253 = ORIENTED_EDGE('',*,*,#164,.T.);
#254 = ORIENTED_EDGE('',*,*,#103,.F.);
#255 = ORIENTED_EDGE('',*,*,#256,.T.);
#256 = EDGE_CURVE('',#96,#257,#259,.T.);
#257 = VERTEX_POINT('',#258);
#258 = CARTESIAN_POINT('',(-98.28399999999,112.29999999999,2.4));
#259 = LINE('',#260,#261);
#260 = CARTESIAN_POINT('',(-98.28399999999,91.299999999999,2.4));
#261 = VECTOR('',#262,1.);
#262 = DIRECTION('',(0.,1.,0.));
#263 = ORIENTED_EDGE('',*,*,#264,.T.);
#264 = EDGE_CURVE('',#257,#265,#267,.T.);
#265 = VERTEX_POINT('',#266);
#266 = CARTESIAN_POINT('',(-99.78399999999,110.79999999999,2.4));
#267 = LINE('',#268,#269);
#268 = CARTESIAN_POINT('',(-98.28399999999,112.29999999999,2.4));
#269 = VECTOR('',#270,1.);
#270 = DIRECTION('',(-0.707106781187,-0.707106781187,0.));
#271 = ORIENTED_EDGE('',*,*,#272,.T.);
#272 = EDGE_CURVE('',#265,#247,#273,.T.);
#273 = LINE('',#274,#275);
#274 = CARTESIAN_POINT('',(-99.78399999999,91.299999999999,2.4));
#275 = VECTOR('',#276,1.);
#276 = DIRECTION('',(0.,-1.,0.));
#277 = PLANE('',#278);
#278 = AXIS2_PLACEMENT_3D('',#279,#280,#281);
#279 = CARTESIAN_POINT('',(-98.99399476602,98.549999999999,2.4));
#280 = DIRECTION('',(0.,0.,1.));
#281 = DIRECTION('',(1.,0.,0.));
#282 = ADVANCED_FACE('',(#283),#301,.T.);
#283 = FACE_BOUND('',#284,.T.);
#284 = EDGE_LOOP('',(#285,#286,#287,#295));
#285 = ORIENTED_EDGE('',*,*,#39,.T.);
#286 = ORIENTED_EDGE('',*,*,#232,.T.);
#287 = ORIENTED_EDGE('',*,*,#288,.F.);
#288 = EDGE_CURVE('',#289,#224,#291,.T.);
#289 = VERTEX_POINT('',#290);
#290 = CARTESIAN_POINT('',(-95.284,71.1052475,4.));
#291 = LINE('',#292,#293);
#292 = CARTESIAN_POINT('',(-95.284,71.1052475,3.9));
#293 = VECTOR('',#294,1.);
#294 = DIRECTION('',(-0.,-0.,-1.));
#295 = ORIENTED_EDGE('',*,*,#296,.F.);
#296 = EDGE_CURVE('',#40,#289,#297,.T.);
#297 = LINE('',#298,#299);
#298 = CARTESIAN_POINT('',(-95.284,91.299999999999,4.));
#299 = VECTOR('',#300,1.);
#300 = DIRECTION('',(0.,-1.,0.));
#301 = PLANE('',#302);
#302 = AXIS2_PLACEMENT_3D('',#303,#304,#305);
#303 = CARTESIAN_POINT('',(-95.284,81.20262375,3.9));
#304 = DIRECTION('',(-1.,-0.,-0.));
#305 = DIRECTION('',(0.,0.,-1.));
#306 = ADVANCED_FACE('',(#307),#341,.T.);
#307 = FACE_BOUND('',#308,.T.);
#308 = EDGE_LOOP('',(#309,#319,#325,#326,#327,#335));
#309 = ORIENTED_EDGE('',*,*,#310,.T.);
#310 = EDGE_CURVE('',#311,#313,#315,.T.);
#311 = VERTEX_POINT('',#312);
#312 = CARTESIAN_POINT('',(-98.284,142.29999999999,4.));
#313 = VERTEX_POINT('',#314);
#314 = CARTESIAN_POINT('',(-98.28399999999,112.29999999999,4.));
#315 = LINE('',#316,#317);
#316 = CARTESIAN_POINT('',(-98.284,142.29999999999,4.));
#317 = VECTOR('',#318,1.);
#318 = DIRECTION('',(0.,-1.,0.));
#319 = ORIENTED_EDGE('',*,*,#320,.T.);
#320 = EDGE_CURVE('',#313,#257,#321,.T.);
#321 = LINE('',#322,#323);
#322 = CARTESIAN_POINT('',(-98.28399999999,112.29999999999,4.9));
#323 = VECTOR('',#324,1.);
#324 = DIRECTION('',(-0.,-0.,-1.));
#325 = ORIENTED_EDGE('',*,*,#256,.F.);
#326 = ORIENTED_EDGE('',*,*,#95,.T.);
#327 = ORIENTED_EDGE('',*,*,#328,.T.);
#328 = EDGE_CURVE('',#88,#329,#331,.T.);
#329 = VERTEX_POINT('',#330);
#330 = CARTESIAN_POINT('',(-98.284,142.29999999999,1.8));
#331 = LINE('',#332,#333);
#332 = CARTESIAN_POINT('',(-98.284,103.23071361305,1.8));
#333 = VECTOR('',#334,1.);
#334 = DIRECTION('',(0.,1.,0.));
#335 = ORIENTED_EDGE('',*,*,#336,.F.);
#336 = EDGE_CURVE('',#311,#329,#337,.T.);
#337 = LINE('',#338,#339);
#338 = CARTESIAN_POINT('',(-98.284,142.29999999999,4.9));
#339 = VECTOR('',#340,1.);
#340 = DIRECTION('',(-0.,-0.,-1.));
#341 = PLANE('',#342);
#342 = AXIS2_PLACEMENT_3D('',#343,#344,#345);
#343 = CARTESIAN_POINT('',(-98.284,101.8996361782,3.547012428205));
#344 = DIRECTION('',(1.,1.94E-15,-1.7635E-13));
#345 = DIRECTION('',(1.7635E-13,0.,1.));
#346 = ADVANCED_FACE('',(#347),#365,.T.);
#347 = FACE_BOUND('',#348,.F.);
#348 = EDGE_LOOP('',(#349,#350,#358,#364));
#349 = ORIENTED_EDGE('',*,*,#47,.F.);
#350 = ORIENTED_EDGE('',*,*,#351,.T.);
#351 = EDGE_CURVE('',#48,#352,#354,.T.);
#352 = VERTEX_POINT('',#353);
#353 = CARTESIAN_POINT('',(-94.384,71.1052475,4.9));
#354 = LINE('',#355,#356);
#355 = CARTESIAN_POINT('',(-94.384,91.299999999999,4.9));
#356 = VECTOR('',#357,1.);
#357 = DIRECTION('',(0.,-1.,0.));
#358 = ORIENTED_EDGE('',*,*,#359,.T.);
#359 = EDGE_CURVE('',#352,#289,#360,.T.);
#360 = LINE('',#361,#362);
#361 = CARTESIAN_POINT('',(-94.834,71.1052475,4.45));
#362 = VECTOR('',#363,1.);
#363 = DIRECTION('',(-0.707106781187,-0.,-0.707106781187));
#364 = ORIENTED_EDGE('',*,*,#296,.F.);
#365 = PLANE('',#366);
#366 = AXIS2_PLACEMENT_3D('',#367,#368,#369);
#367 = CARTESIAN_POINT('',(-94.834,91.299999999999,4.45));
#368 = DIRECTION('',(-0.707106781187,-1.E-17,0.707106781187));
#369 = DIRECTION('',(-7.071067811865E-18,1.,7.071067811865E-18));
#370 = ADVANCED_FACE('',(#371,#1642,#1653,#1687,#1781,#1833,#1885,#2023,
    #2057,#2091,#2125,#2177,#2211,#2245,#2279,#2345),#2363,.T.);
#371 = FACE_BOUND('',#372,.T.);
#372 = EDGE_LOOP('',(#373,#383,#391,#399,#407,#415,#423,#431,#439,#447,
    #455,#463,#471,#479,#486,#494,#502,#510,#517,#525,#533,#541,#548,
    #556,#564,#572,#581,#590,#598,#605,#632,#639,#647,#655,#663,#670,
    #678,#686,#694,#701,#709,#717,#725,#732,#740,#748,#756,#763,#771,
    #779,#787,#794,#802,#810,#818,#825,#833,#841,#849,#856,#864,#872,
    #880,#887,#895,#903,#911,#918,#926,#934,#942,#949,#957,#966,#975,
    #983,#991,#999,#1007,#1015,#1023,#1031,#1039,#1047,#1055,#1063,#1071
    ,#1079,#1087,#1095,#1103,#1111,#1119,#1127,#1135,#1143,#1151,#1159,
    #1167,#1175,#1183,#1191,#1199,#1207,#1215,#1223,#1231,#1239,#1247,
    #1255,#1264,#1272,#1279,#1287,#1295,#1303,#1310,#1318,#1326,#1334,
    #1341,#1350,#1358,#1366,#1373,#1381,#1389,#1397,#1404,#1412,#1420,
    #1428,#1435,#1443,#1451,#1459,#1466,#1474,#1482,#1490,#1497,#1505,
    #1513,#1521,#1528,#1535,#1543,#1551,#1559,#1566,#1574,#1582,#1590,
    #1598,#1605,#1613,#1621,#1629,#1636));
#373 = ORIENTED_EDGE('',*,*,#374,.T.);
#374 = EDGE_CURVE('',#375,#377,#379,.T.);
#375 = VERTEX_POINT('',#376);
#376 = CARTESIAN_POINT('',(-59.751,7.79106422249,1.8));
#377 = VERTEX_POINT('',#378);
#378 = CARTESIAN_POINT('',(-57.00272439427,10.53933982822,1.8));
#379 = LINE('',#380,#381);
#380 = CARTESIAN_POINT('',(-59.751,7.79106422249,1.8));
#381 = VECTOR('',#382,1.);
#382 = DIRECTION('',(0.707106781187,0.707106781187,0.));
#383 = ORIENTED_EDGE('',*,*,#384,.T.);
#384 = EDGE_CURVE('',#377,#385,#387,.T.);
#385 = VERTEX_POINT('',#386);
#386 = CARTESIAN_POINT('',(-57.00272439427,12.66066017178,1.8));
#387 = LINE('',#388,#389);
#388 = CARTESIAN_POINT('',(-57.00272439427,37.880713613059,1.8));
#389 = VECTOR('',#390,1.);
#390 = DIRECTION('',(0.,1.,0.));
#391 = ORIENTED_EDGE('',*,*,#392,.T.);
#392 = EDGE_CURVE('',#385,#393,#395,.T.);
#393 = VERTEX_POINT('',#394);
#394 = CARTESIAN_POINT('',(-59.751,15.408935777509,1.8));
#395 = LINE('',#396,#397);
#396 = CARTESIAN_POINT('',(-55.94206422249,11.6,1.8));
#397 = VECTOR('',#398,1.);
#398 = DIRECTION('',(-0.707106781187,0.707106781187,0.));
#399 = ORIENTED_EDGE('',*,*,#400,.T.);
#400 = EDGE_CURVE('',#393,#401,#403,.T.);
#401 = VERTEX_POINT('',#402);
#402 = CARTESIAN_POINT('',(-59.751,17.1,1.8));
#403 = LINE('',#404,#405);
#404 = CARTESIAN_POINT('',(-59.751,15.408935777509,1.8));
#405 = VECTOR('',#406,1.);
#406 = DIRECTION('',(0.,1.,0.));
#407 = ORIENTED_EDGE('',*,*,#408,.T.);
#408 = EDGE_CURVE('',#401,#409,#411,.T.);
#409 = VERTEX_POINT('',#410);
#410 = CARTESIAN_POINT('',(-61.44206422249,17.1,1.8));
#411 = LINE('',#412,#413);
#412 = CARTESIAN_POINT('',(-59.751,17.1,1.8));
#413 = VECTOR('',#414,1.);
#414 = DIRECTION('',(-1.,0.,0.));
#415 = ORIENTED_EDGE('',*,*,#416,.T.);
#416 = EDGE_CURVE('',#409,#417,#419,.T.);
#417 = VERTEX_POINT('',#418);
#418 = CARTESIAN_POINT('',(-62.801,18.45893577751,1.8));
#419 = LINE('',#420,#421);
#420 = CARTESIAN_POINT('',(-61.44206422249,17.1,1.8));
#421 = VECTOR('',#422,1.);
#422 = DIRECTION('',(-0.707106781187,0.707106781187,0.));
#423 = ORIENTED_EDGE('',*,*,#424,.T.);
#424 = EDGE_CURVE('',#417,#425,#427,.T.);
#425 = VERTEX_POINT('',#426);
#426 = CARTESIAN_POINT('',(-64.1599357775,17.1,1.8));
#427 = LINE('',#428,#429);
#428 = CARTESIAN_POINT('',(-62.801,18.45893577751,1.8));
#429 = VECTOR('',#430,1.);
#430 = DIRECTION('',(-0.707106781187,-0.707106781187,0.));
#431 = ORIENTED_EDGE('',*,*,#432,.T.);
#432 = EDGE_CURVE('',#425,#433,#435,.T.);
#433 = VERTEX_POINT('',#434);
#434 = CARTESIAN_POINT('',(-65.851,17.1,1.8));
#435 = LINE('',#436,#437);
#436 = CARTESIAN_POINT('',(-64.1599357775,17.1,1.8));
#437 = VECTOR('',#438,1.);
#438 = DIRECTION('',(-1.,0.,0.));
#439 = ORIENTED_EDGE('',*,*,#440,.T.);
#440 = EDGE_CURVE('',#433,#441,#443,.T.);
#441 = VERTEX_POINT('',#442);
#442 = CARTESIAN_POINT('',(-65.851,15.40893577751,1.8));
#443 = LINE('',#444,#445);
#444 = CARTESIAN_POINT('',(-65.851,17.1,1.8));
#445 = VECTOR('',#446,1.);
#446 = DIRECTION('',(0.,-1.,0.));
#447 = ORIENTED_EDGE('',*,*,#448,.T.);
#448 = EDGE_CURVE('',#441,#449,#451,.T.);
#449 = VERTEX_POINT('',#450);
#450 = CARTESIAN_POINT('',(-68.59927560573,12.66066017178,1.8));
#451 = LINE('',#452,#453);
#452 = CARTESIAN_POINT('',(-65.851,15.40893577751,1.8));
#453 = VECTOR('',#454,1.);
#454 = DIRECTION('',(-0.707106781187,-0.707106781187,0.));
#455 = ORIENTED_EDGE('',*,*,#456,.F.);
#456 = EDGE_CURVE('',#457,#449,#459,.T.);
#457 = VERTEX_POINT('',#458);
#458 = CARTESIAN_POINT('',(-68.59927560573,10.53933982822,1.8));
#459 = LINE('',#460,#461);
#460 = CARTESIAN_POINT('',(-68.59927560573,37.880713613059,1.8));
#461 = VECTOR('',#462,1.);
#462 = DIRECTION('',(-6.7E-15,1.,0.));
#463 = ORIENTED_EDGE('',*,*,#464,.T.);
#464 = EDGE_CURVE('',#457,#465,#467,.T.);
#465 = VERTEX_POINT('',#466);
#466 = CARTESIAN_POINT('',(-65.851,7.79106422249,1.8));
#467 = LINE('',#468,#469);
#468 = CARTESIAN_POINT('',(-69.65993577751,11.6,1.8));
#469 = VECTOR('',#470,1.);
#470 = DIRECTION('',(0.707106781187,-0.707106781187,0.));
#471 = ORIENTED_EDGE('',*,*,#472,.T.);
#472 = EDGE_CURVE('',#465,#473,#475,.T.);
#473 = VERTEX_POINT('',#474);
#474 = CARTESIAN_POINT('',(-65.851,6.29,1.8));
#475 = LINE('',#476,#477);
#476 = CARTESIAN_POINT('',(-65.851,7.79106422249,1.8));
#477 = VECTOR('',#478,1.);
#478 = DIRECTION('',(0.,-1.,0.));
#479 = ORIENTED_EDGE('',*,*,#480,.F.);
#480 = EDGE_CURVE('',#481,#473,#483,.T.);
#481 = VERTEX_POINT('',#482);
#482 = CARTESIAN_POINT('',(-69.59100032116,6.29,1.8));
#483 = B_SPLINE_CURVE_WITH_KNOTS('',1,(#484,#485),.UNSPECIFIED.,.F.,.F.,
  (2,2),(0.,1.),.PIECEWISE_BEZIER_KNOTS.);
#484 = CARTESIAN_POINT('',(-71.59699794831,6.29,1.8));
#485 = CARTESIAN_POINT('',(-39.71658848071,6.29,1.8));
#486 = ORIENTED_EDGE('',*,*,#487,.T.);
#487 = EDGE_CURVE('',#481,#488,#490,.T.);
#488 = VERTEX_POINT('',#489);
#489 = CARTESIAN_POINT('',(-69.30100032116,6.,1.8));
#490 = LINE('',#491,#492);
#491 = CARTESIAN_POINT('',(-81.67350279924,18.372502478075,1.8));
#492 = VECTOR('',#493,1.);
#493 = DIRECTION('',(0.707106781187,-0.707106781187,0.));
#494 = ORIENTED_EDGE('',*,*,#495,.T.);
#495 = EDGE_CURVE('',#488,#496,#498,.T.);
#496 = VERTEX_POINT('',#497);
#497 = CARTESIAN_POINT('',(-78.50100032116,6.,1.8));
#498 = LINE('',#499,#500);
#499 = CARTESIAN_POINT('',(-69.56529166425,6.,1.8));
#500 = VECTOR('',#501,1.);
#501 = DIRECTION('',(-1.,0.,0.));
#502 = ORIENTED_EDGE('',*,*,#503,.T.);
#503 = EDGE_CURVE('',#496,#504,#506,.T.);
#504 = VERTEX_POINT('',#505);
#505 = CARTESIAN_POINT('',(-78.21100032116,6.29,1.8));
#506 = LINE('',#507,#508);
#507 = CARTESIAN_POINT('',(-57.79278918618,26.708211134983,1.8));
#508 = VECTOR('',#509,1.);
#509 = DIRECTION('',(0.707106781187,0.707106781187,-0.));
#510 = ORIENTED_EDGE('',*,*,#511,.F.);
#511 = EDGE_CURVE('',#512,#504,#514,.T.);
#512 = VERTEX_POINT('',#513);
#513 = CARTESIAN_POINT('',(-83.79100032116,6.29,1.8));
#514 = B_SPLINE_CURVE_WITH_KNOTS('',1,(#515,#516),.UNSPECIFIED.,.F.,.F.,
  (2,2),(0.,1.),.PIECEWISE_BEZIER_KNOTS.);
#515 = CARTESIAN_POINT('',(-86.29375830454,6.29,1.8));
#516 = CARTESIAN_POINT('',(-74.07802818683,6.29,1.8));
#517 = ORIENTED_EDGE('',*,*,#518,.T.);
#518 = EDGE_CURVE('',#512,#519,#521,.T.);
#519 = VERTEX_POINT('',#520);
#520 = CARTESIAN_POINT('',(-83.50100032116,6.,1.8));
#521 = LINE('',#522,#523);
#522 = CARTESIAN_POINT('',(-92.32350279924,14.822502478075,1.8));
#523 = VECTOR('',#524,1.);
#524 = DIRECTION('',(0.707106781187,-0.707106781187,0.));
#525 = ORIENTED_EDGE('',*,*,#526,.T.);
#526 = EDGE_CURVE('',#519,#527,#529,.T.);
#527 = VERTEX_POINT('',#528);
#528 = CARTESIAN_POINT('',(-92.70100032116,6.,1.8));
#529 = LINE('',#530,#531);
#530 = CARTESIAN_POINT('',(-76.66529166425,6.,1.8));
#531 = VECTOR('',#532,1.);
#532 = DIRECTION('',(-1.,0.,0.));
#533 = ORIENTED_EDGE('',*,*,#534,.T.);
#534 = EDGE_CURVE('',#527,#535,#537,.T.);
#535 = VERTEX_POINT('',#536);
#536 = CARTESIAN_POINT('',(-92.41100032116,6.29,1.8));
#537 = LINE('',#538,#539);
#538 = CARTESIAN_POINT('',(-68.44278918618,30.258211134983,1.8));
#539 = VECTOR('',#540,1.);
#540 = DIRECTION('',(0.707106781187,0.707106781187,-0.));
#541 = ORIENTED_EDGE('',*,*,#542,.F.);
#542 = EDGE_CURVE('',#543,#535,#545,.T.);
#543 = VERTEX_POINT('',#544);
#544 = CARTESIAN_POINT('',(-96.01983117545,6.29,1.8));
#545 = B_SPLINE_CURVE_WITH_KNOTS('',1,(#546,#547),.UNSPECIFIED.,.F.,.F.,
  (2,2),(0.,1.),.PIECEWISE_BEZIER_KNOTS.);
#546 = CARTESIAN_POINT('',(-104.3010000273,6.29,1.8));
#547 = CARTESIAN_POINT('',(-88.77478854306,6.29,1.8));
#548 = ORIENTED_EDGE('',*,*,#549,.T.);
#549 = EDGE_CURVE('',#543,#550,#552,.T.);
#550 = VERTEX_POINT('',#551);
#551 = CARTESIAN_POINT('',(-89.71988168179,12.589949493661,1.8));
#552 = LINE('',#553,#554);
#553 = CARTESIAN_POINT('',(-96.79094949366,5.518881681796,1.8));
#554 = VECTOR('',#555,1.);
#555 = DIRECTION('',(0.707106781187,0.707106781187,0.));
#556 = ORIENTED_EDGE('',*,*,#557,.T.);
#557 = EDGE_CURVE('',#550,#558,#560,.T.);
#558 = VERTEX_POINT('',#559);
#559 = CARTESIAN_POINT('',(-94.81105050633,17.681118318204,1.8));
#560 = LINE('',#561,#562);
#561 = CARTESIAN_POINT('',(-89.71988168179,12.589949493661,1.8));
#562 = VECTOR('',#563,1.);
#563 = DIRECTION('',(-0.707106781187,0.707106781187,0.));
#564 = ORIENTED_EDGE('',*,*,#565,.T.);
#565 = EDGE_CURVE('',#558,#566,#568,.T.);
#566 = VERTEX_POINT('',#567);
#567 = CARTESIAN_POINT('',(-100.3603240043,12.131844820224,1.8));
#568 = LINE('',#569,#570);
#569 = CARTESIAN_POINT('',(-94.81105050633,17.681118318204,1.8));
#570 = VECTOR('',#571,1.);
#571 = DIRECTION('',(-0.707106781187,-0.707106781187,0.));
#572 = ORIENTED_EDGE('',*,*,#573,.F.);
#573 = EDGE_CURVE('',#574,#566,#576,.T.);
#574 = VERTEX_POINT('',#575);
#575 = CARTESIAN_POINT('',(-108.401,11.,1.8));
#576 = CIRCLE('',#577,4.1);
#577 = AXIS2_PLACEMENT_3D('',#578,#579,#580);
#578 = CARTESIAN_POINT('',(-104.301,11.,1.8));
#579 = DIRECTION('',(0.,0.,-1.));
#580 = DIRECTION('',(-1.,-0.,-0.));
#581 = ORIENTED_EDGE('',*,*,#582,.F.);
#582 = EDGE_CURVE('',#583,#574,#585,.T.);
#583 = VERTEX_POINT('',#584);
#584 = CARTESIAN_POINT('',(-100.5706807169,9.298612905107,1.8));
#585 = CIRCLE('',#586,4.1);
#586 = AXIS2_PLACEMENT_3D('',#587,#588,#589);
#587 = CARTESIAN_POINT('',(-104.301,11.,1.8));
#588 = DIRECTION('',(0.,0.,-1.));
#589 = DIRECTION('',(-1.,-0.,-0.));
#590 = ORIENTED_EDGE('',*,*,#591,.T.);
#591 = EDGE_CURVE('',#583,#592,#594,.T.);
#592 = VERTEX_POINT('',#593);
#593 = CARTESIAN_POINT('',(-97.56206781186,6.29,1.8));
#594 = LINE('',#595,#596);
#595 = CARTESIAN_POINT('',(-101.8821183182,10.610050506339,1.8));
#596 = VECTOR('',#597,1.);
#597 = DIRECTION('',(0.707106781187,-0.707106781187,0.));
#598 = ORIENTED_EDGE('',*,*,#599,.F.);
#599 = EDGE_CURVE('',#600,#592,#602,.T.);
#600 = VERTEX_POINT('',#601);
#601 = CARTESIAN_POINT('',(-104.3010000273,6.29,1.8));
#602 = B_SPLINE_CURVE_WITH_KNOTS('',1,(#603,#604),.UNSPECIFIED.,.F.,.F.,
  (2,2),(0.,1.),.PIECEWISE_BEZIER_KNOTS.);
#603 = CARTESIAN_POINT('',(-104.3010000273,6.29,1.8));
#604 = CARTESIAN_POINT('',(-88.77478854306,6.29,1.8));
#605 = ORIENTED_EDGE('',*,*,#606,.F.);
#606 = EDGE_CURVE('',#607,#600,#609,.T.);
#607 = VERTEX_POINT('',#608);
#608 = CARTESIAN_POINT('',(-109.011,10.999999972612,1.8));
#609 = B_SPLINE_CURVE_WITH_KNOTS('',6,(#610,#611,#612,#613,#614,#615,
    #616,#617,#618,#619,#620,#621,#622,#623,#624,#625,#626,#627,#628,
    #629,#630,#631),.UNSPECIFIED.,.F.,.F.,(7,5,5,5,7),(0.,0.2509999386,
    0.499999999409,0.7499999999,1.),.UNSPECIFIED.);
#610 = CARTESIAN_POINT('',(-109.011,10.999999972612,1.8));
#611 = CARTESIAN_POINT('',(-109.0110000193,10.690502963877,1.8));
#612 = CARTESIAN_POINT('',(-108.9865953034,10.380988330864,1.8));
#613 = CARTESIAN_POINT('',(-108.9377808878,10.073900506764,1.8));
#614 = CARTESIAN_POINT('',(-108.8648872547,9.77162199722,1.8));
#615 = CARTESIAN_POINT('',(-108.76852443,9.476479491358,1.8));
#616 = CARTESIAN_POINT('',(-108.531694939,8.907253130255,1.8));
#617 = CARTESIAN_POINT('',(-108.3915726351,8.632988591702,1.8));
#618 = CARTESIAN_POINT('',(-108.2301811875,8.370138965214,1.8));
#619 = CARTESIAN_POINT('',(-108.048709644,8.120729254787,1.8));
#620 = CARTESIAN_POINT('',(-107.8485767726,7.886630706306,1.8));
#621 = CARTESIAN_POINT('',(-107.4134974439,7.451551377607,1.8));
#622 = CARTESIAN_POINT('',(-107.1783901304,7.250683089628,1.8));
#623 = CARTESIAN_POINT('',(-106.9278552814,7.0686332679,1.8));
#624 = CARTESIAN_POINT('',(-106.6637876349,6.906836707485,1.8));
#625 = CARTESIAN_POINT('',(-106.3882378571,6.766494844491,1.8));
#626 = CARTESIAN_POINT('',(-105.8186401861,6.530559783556,1.8));
#627 = CARTESIAN_POINT('',(-105.5245603872,6.434953371036,1.8));
#628 = CARTESIAN_POINT('',(-105.2234289197,6.362636811978,1.8));
#629 = CARTESIAN_POINT('',(-104.9175453622,6.314210635555,1.8));
#630 = CARTESIAN_POINT('',(-104.6092640559,6.289999980839,1.8));
#631 = CARTESIAN_POINT('',(-104.3010000273,6.290000000066,1.8));
#632 = ORIENTED_EDGE('',*,*,#633,.F.);
#633 = EDGE_CURVE('',#634,#607,#636,.T.);
#634 = VERTEX_POINT('',#635);
#635 = CARTESIAN_POINT('',(-109.011,16.49000032117,1.8));
#636 = B_SPLINE_CURVE_WITH_KNOTS('',1,(#637,#638),.UNSPECIFIED.,.F.,.F.,
  (2,2),(0.,1.),.PIECEWISE_BEZIER_KNOTS.);
#637 = CARTESIAN_POINT('',(-109.011,19.601469820823,1.8));
#638 = CARTESIAN_POINT('',(-109.011,10.999999972612,1.8));
#639 = ORIENTED_EDGE('',*,*,#640,.T.);
#640 = EDGE_CURVE('',#634,#641,#643,.T.);
#641 = VERTEX_POINT('',#642);
#642 = CARTESIAN_POINT('',(-109.3009999999,16.200000321171,1.8));
#643 = LINE('',#644,#645);
#644 = CARTESIAN_POINT('',(-85.1427890256,40.35821129557,1.8));
#645 = VECTOR('',#646,1.);
#646 = DIRECTION('',(-0.707106781187,-0.707106781187,0.));
#647 = ORIENTED_EDGE('',*,*,#648,.T.);
#648 = EDGE_CURVE('',#641,#649,#651,.T.);
#649 = VERTEX_POINT('',#650);
#650 = CARTESIAN_POINT('',(-109.3009999999,25.400000321169,1.8));
#651 = LINE('',#652,#653);
#652 = CARTESIAN_POINT('',(-109.3009999999,44.780713773644,1.8));
#653 = VECTOR('',#654,1.);
#654 = DIRECTION('',(0.,1.,-0.));
#655 = ORIENTED_EDGE('',*,*,#656,.T.);
#656 = EDGE_CURVE('',#649,#657,#659,.T.);
#657 = VERTEX_POINT('',#658);
#658 = CARTESIAN_POINT('',(-109.011,25.11000032117,1.8));
#659 = LINE('',#660,#661);
#660 = CARTESIAN_POINT('',(-105.123502478,21.222502799244,1.8));
#661 = VECTOR('',#662,1.);
#662 = DIRECTION('',(0.707106781187,-0.707106781187,0.));
#663 = ORIENTED_EDGE('',*,*,#664,.F.);
#664 = EDGE_CURVE('',#665,#657,#667,.T.);
#665 = VERTEX_POINT('',#666);
#666 = CARTESIAN_POINT('',(-109.011,28.267778098948,1.8));
#667 = B_SPLINE_CURVE_WITH_KNOTS('',1,(#668,#669),.UNSPECIFIED.,.F.,.F.,
  (2,2),(0.,1.),.PIECEWISE_BEZIER_KNOTS.);
#668 = CARTESIAN_POINT('',(-109.011,31.379247544544,1.8));
#669 = CARTESIAN_POINT('',(-109.011,21.998531318982,1.8));
#670 = ORIENTED_EDGE('',*,*,#671,.T.);
#671 = EDGE_CURVE('',#665,#672,#674,.T.);
#672 = VERTEX_POINT('',#673);
#673 = CARTESIAN_POINT('',(-109.3009999999,27.977778098948,1.8));
#674 = LINE('',#675,#676);
#675 = CARTESIAN_POINT('',(-88.08723347004,49.191544628903,1.8));
#676 = VECTOR('',#677,1.);
#677 = DIRECTION('',(-0.707106781187,-0.707106781187,0.));
#678 = ORIENTED_EDGE('',*,*,#679,.T.);
#679 = EDGE_CURVE('',#672,#680,#682,.T.);
#680 = VERTEX_POINT('',#681);
#681 = CARTESIAN_POINT('',(-109.3009999999,37.177778098947,1.8));
#682 = LINE('',#683,#684);
#683 = CARTESIAN_POINT('',(-109.3009999999,50.669602662532,1.8));
#684 = VECTOR('',#685,1.);
#685 = DIRECTION('',(0.,1.,-0.));
#686 = ORIENTED_EDGE('',*,*,#687,.T.);
#687 = EDGE_CURVE('',#680,#688,#690,.T.);
#688 = VERTEX_POINT('',#689);
#689 = CARTESIAN_POINT('',(-109.011,36.887778098948,1.8));
#690 = LINE('',#691,#692);
#691 = CARTESIAN_POINT('',(-102.1790580336,30.055836132578,1.8));
#692 = VECTOR('',#693,1.);
#693 = DIRECTION('',(0.707106781187,-0.707106781187,0.));
#694 = ORIENTED_EDGE('',*,*,#695,.F.);
#695 = EDGE_CURVE('',#696,#688,#698,.T.);
#696 = VERTEX_POINT('',#697);
#697 = CARTESIAN_POINT('',(-109.011,40.045555876726,1.8));
#698 = B_SPLINE_CURVE_WITH_KNOTS('',1,(#699,#700),.UNSPECIFIED.,.F.,.F.,
  (2,2),(0.,1.),.PIECEWISE_BEZIER_KNOTS.);
#699 = CARTESIAN_POINT('',(-109.011,43.157025268265,1.8));
#700 = CARTESIAN_POINT('',(-109.011,33.776309042703,1.8));
#701 = ORIENTED_EDGE('',*,*,#702,.T.);
#702 = EDGE_CURVE('',#696,#703,#705,.T.);
#703 = VERTEX_POINT('',#704);
#704 = CARTESIAN_POINT('',(-109.3009999999,39.755555876726,1.8));
#705 = LINE('',#706,#707);
#706 = CARTESIAN_POINT('',(-91.03167791448,58.024877962236,1.8));
#707 = VECTOR('',#708,1.);
#708 = DIRECTION('',(-0.707106781187,-0.707106781187,0.));
#709 = ORIENTED_EDGE('',*,*,#710,.T.);
#710 = EDGE_CURVE('',#703,#711,#713,.T.);
#711 = VERTEX_POINT('',#712);
#712 = CARTESIAN_POINT('',(-109.3009999999,48.955555876725,1.8));
#713 = LINE('',#714,#715);
#714 = CARTESIAN_POINT('',(-109.3009999999,56.558491551421,1.8));
#715 = VECTOR('',#716,1.);
#716 = DIRECTION('',(0.,1.,-0.));
#717 = ORIENTED_EDGE('',*,*,#718,.T.);
#718 = EDGE_CURVE('',#711,#719,#721,.T.);
#719 = VERTEX_POINT('',#720);
#720 = CARTESIAN_POINT('',(-109.011,48.665555876726,1.8));
#721 = LINE('',#722,#723);
#722 = CARTESIAN_POINT('',(-99.23461358918,38.889169465911,1.8));
#723 = VECTOR('',#724,1.);
#724 = DIRECTION('',(0.707106781187,-0.707106781187,0.));
#725 = ORIENTED_EDGE('',*,*,#726,.F.);
#726 = EDGE_CURVE('',#727,#719,#729,.T.);
#727 = VERTEX_POINT('',#728);
#728 = CARTESIAN_POINT('',(-109.011,51.823333654503,1.8));
#729 = B_SPLINE_CURVE_WITH_KNOTS('',1,(#730,#731),.UNSPECIFIED.,.F.,.F.,
  (2,2),(0.,1.),.PIECEWISE_BEZIER_KNOTS.);
#730 = CARTESIAN_POINT('',(-109.011,54.934802991985,1.8));
#731 = CARTESIAN_POINT('',(-109.011,45.554086766423,1.8));
#732 = ORIENTED_EDGE('',*,*,#733,.T.);
#733 = EDGE_CURVE('',#727,#734,#736,.T.);
#734 = VERTEX_POINT('',#735);
#735 = CARTESIAN_POINT('',(-109.3009999999,51.533333654504,1.8));
#736 = LINE('',#737,#738);
#737 = CARTESIAN_POINT('',(-93.97612235893,66.85821129557,1.8));
#738 = VECTOR('',#739,1.);
#739 = DIRECTION('',(-0.707106781187,-0.707106781187,0.));
#740 = ORIENTED_EDGE('',*,*,#741,.T.);
#741 = EDGE_CURVE('',#734,#742,#744,.T.);
#742 = VERTEX_POINT('',#743);
#743 = CARTESIAN_POINT('',(-109.3009999999,60.733333654503,1.8));
#744 = LINE('',#745,#746);
#745 = CARTESIAN_POINT('',(-109.3009999999,62.44738044031,1.8));
#746 = VECTOR('',#747,1.);
#747 = DIRECTION('',(0.,1.,-0.));
#748 = ORIENTED_EDGE('',*,*,#749,.T.);
#749 = EDGE_CURVE('',#742,#750,#752,.T.);
#750 = VERTEX_POINT('',#751);
#751 = CARTESIAN_POINT('',(-109.011,60.443333654503,1.8));
#752 = LINE('',#753,#754);
#753 = CARTESIAN_POINT('',(-96.29016914474,47.722502799244,1.8));
#754 = VECTOR('',#755,1.);
#755 = DIRECTION('',(0.707106781187,-0.707106781187,0.));
#756 = ORIENTED_EDGE('',*,*,#757,.F.);
#757 = EDGE_CURVE('',#758,#750,#760,.T.);
#758 = VERTEX_POINT('',#759);
#759 = CARTESIAN_POINT('',(-109.011,63.601111432281,1.8));
#760 = B_SPLINE_CURVE_WITH_KNOTS('',1,(#761,#762),.UNSPECIFIED.,.F.,.F.,
  (2,2),(0.,1.),.PIECEWISE_BEZIER_KNOTS.);
#761 = CARTESIAN_POINT('',(-109.011,66.712580715706,1.8));
#762 = CARTESIAN_POINT('',(-109.011,57.331864490144,1.8));
#763 = ORIENTED_EDGE('',*,*,#764,.T.);
#764 = EDGE_CURVE('',#758,#765,#767,.T.);
#765 = VERTEX_POINT('',#766);
#766 = CARTESIAN_POINT('',(-109.3009999999,63.311111432282,1.8));
#767 = LINE('',#768,#769);
#768 = CARTESIAN_POINT('',(-96.92056680337,75.691544628903,1.8));
#769 = VECTOR('',#770,1.);
#770 = DIRECTION('',(-0.707106781187,-0.707106781187,0.));
#771 = ORIENTED_EDGE('',*,*,#772,.T.);
#772 = EDGE_CURVE('',#765,#773,#775,.T.);
#773 = VERTEX_POINT('',#774);
#774 = CARTESIAN_POINT('',(-109.3009999999,72.511111432281,1.8));
#775 = LINE('',#776,#777);
#776 = CARTESIAN_POINT('',(-109.3009999999,68.336269329199,1.8));
#777 = VECTOR('',#778,1.);
#778 = DIRECTION('',(0.,1.,-0.));
#779 = ORIENTED_EDGE('',*,*,#780,.T.);
#780 = EDGE_CURVE('',#773,#781,#783,.T.);
#781 = VERTEX_POINT('',#782);
#782 = CARTESIAN_POINT('',(-109.011,72.221111432281,1.8));
#783 = LINE('',#784,#785);
#784 = CARTESIAN_POINT('',(-93.34572470029,56.555836132578,1.8));
#785 = VECTOR('',#786,1.);
#786 = DIRECTION('',(0.707106781187,-0.707106781187,0.));
#787 = ORIENTED_EDGE('',*,*,#788,.F.);
#788 = EDGE_CURVE('',#789,#781,#791,.T.);
#789 = VERTEX_POINT('',#790);
#790 = CARTESIAN_POINT('',(-109.011,75.378889210059,1.8));
#791 = B_SPLINE_CURVE_WITH_KNOTS('',1,(#792,#793),.UNSPECIFIED.,.F.,.F.,
  (2,2),(0.,1.),.PIECEWISE_BEZIER_KNOTS.);
#792 = CARTESIAN_POINT('',(-109.011,78.490358439427,1.8));
#793 = CARTESIAN_POINT('',(-109.011,69.109642213865,1.8));
#794 = ORIENTED_EDGE('',*,*,#795,.T.);
#795 = EDGE_CURVE('',#789,#796,#798,.T.);
#796 = VERTEX_POINT('',#797);
#797 = CARTESIAN_POINT('',(-109.3009999999,75.088889210059,1.8));
#798 = LINE('',#799,#800);
#799 = CARTESIAN_POINT('',(-99.86501124782,84.524877962236,1.8));
#800 = VECTOR('',#801,1.);
#801 = DIRECTION('',(-0.707106781187,-0.707106781187,0.));
#802 = ORIENTED_EDGE('',*,*,#803,.T.);
#803 = EDGE_CURVE('',#796,#804,#806,.T.);
#804 = VERTEX_POINT('',#805);
#805 = CARTESIAN_POINT('',(-109.3009999999,84.288889210058,1.8));
#806 = LINE('',#807,#808);
#807 = CARTESIAN_POINT('',(-109.3009999999,74.225158218088,1.8));
#808 = VECTOR('',#809,1.);
#809 = DIRECTION('',(0.,1.,-0.));
#810 = ORIENTED_EDGE('',*,*,#811,.T.);
#811 = EDGE_CURVE('',#804,#812,#814,.T.);
#812 = VERTEX_POINT('',#813);
#813 = CARTESIAN_POINT('',(-109.011,83.998889210059,1.8));
#814 = LINE('',#815,#816);
#815 = CARTESIAN_POINT('',(-90.40128025585,65.389169465911,1.8));
#816 = VECTOR('',#817,1.);
#817 = DIRECTION('',(0.707106781187,-0.707106781187,0.));
#818 = ORIENTED_EDGE('',*,*,#819,.F.);
#819 = EDGE_CURVE('',#820,#812,#822,.T.);
#820 = VERTEX_POINT('',#821);
#821 = CARTESIAN_POINT('',(-109.011,87.156666987837,1.8));
#822 = B_SPLINE_CURVE_WITH_KNOTS('',1,(#823,#824),.UNSPECIFIED.,.F.,.F.,
  (2,2),(0.,1.),.PIECEWISE_BEZIER_KNOTS.);
#823 = CARTESIAN_POINT('',(-109.011,90.268136163147,1.8));
#824 = CARTESIAN_POINT('',(-109.011,80.887419937585,1.8));
#825 = ORIENTED_EDGE('',*,*,#826,.T.);
#826 = EDGE_CURVE('',#820,#827,#829,.T.);
#827 = VERTEX_POINT('',#828);
#828 = CARTESIAN_POINT('',(-109.3009999999,86.866666987837,1.8));
#829 = LINE('',#830,#831);
#830 = CARTESIAN_POINT('',(-102.8094556922,93.35821129557,1.8));
#831 = VECTOR('',#832,1.);
#832 = DIRECTION('',(-0.707106781187,-0.707106781187,0.));
#833 = ORIENTED_EDGE('',*,*,#834,.T.);
#834 = EDGE_CURVE('',#827,#835,#837,.T.);
#835 = VERTEX_POINT('',#836);
#836 = CARTESIAN_POINT('',(-109.3009999999,96.066666987836,1.8));
#837 = LINE('',#838,#839);
#838 = CARTESIAN_POINT('',(-109.3009999999,80.114047106977,1.8));
#839 = VECTOR('',#840,1.);
#840 = DIRECTION('',(0.,1.,-0.));
#841 = ORIENTED_EDGE('',*,*,#842,.T.);
#842 = EDGE_CURVE('',#835,#843,#845,.T.);
#843 = VERTEX_POINT('',#844);
#844 = CARTESIAN_POINT('',(-109.011,95.776666987837,1.8));
#845 = LINE('',#846,#847);
#846 = CARTESIAN_POINT('',(-87.4568358114,74.222502799244,1.8));
#847 = VECTOR('',#848,1.);
#848 = DIRECTION('',(0.707106781187,-0.707106781187,0.));
#849 = ORIENTED_EDGE('',*,*,#850,.F.);
#850 = EDGE_CURVE('',#851,#843,#853,.T.);
#851 = VERTEX_POINT('',#852);
#852 = CARTESIAN_POINT('',(-109.011,98.934444765614,1.8));
#853 = B_SPLINE_CURVE_WITH_KNOTS('',1,(#854,#855),.UNSPECIFIED.,.F.,.F.,
  (2,2),(0.,1.),.PIECEWISE_BEZIER_KNOTS.);
#854 = CARTESIAN_POINT('',(-109.011,102.04591388686,1.8));
#855 = CARTESIAN_POINT('',(-109.011,92.665197661306,1.8));
#856 = ORIENTED_EDGE('',*,*,#857,.T.);
#857 = EDGE_CURVE('',#851,#858,#860,.T.);
#858 = VERTEX_POINT('',#859);
#859 = CARTESIAN_POINT('',(-109.3009999999,98.644444765615,1.8));
#860 = LINE('',#861,#862);
#861 = CARTESIAN_POINT('',(-105.7539001367,102.1915446289,1.8));
#862 = VECTOR('',#863,1.);
#863 = DIRECTION('',(-0.707106781187,-0.707106781187,0.));
#864 = ORIENTED_EDGE('',*,*,#865,.T.);
#865 = EDGE_CURVE('',#858,#866,#868,.T.);
#866 = VERTEX_POINT('',#867);
#867 = CARTESIAN_POINT('',(-109.3009999999,107.84444476561,1.8));
#868 = LINE('',#869,#870);
#869 = CARTESIAN_POINT('',(-109.3009999999,86.002935995866,1.8));
#870 = VECTOR('',#871,1.);
#871 = DIRECTION('',(0.,1.,-0.));
#872 = ORIENTED_EDGE('',*,*,#873,.T.);
#873 = EDGE_CURVE('',#866,#874,#876,.T.);
#874 = VERTEX_POINT('',#875);
#875 = CARTESIAN_POINT('',(-109.011,107.55444476561,1.8));
#876 = LINE('',#877,#878);
#877 = CARTESIAN_POINT('',(-84.51239136696,83.055836132578,1.8));
#878 = VECTOR('',#879,1.);
#879 = DIRECTION('',(0.707106781187,-0.707106781187,0.));
#880 = ORIENTED_EDGE('',*,*,#881,.F.);
#881 = EDGE_CURVE('',#882,#874,#884,.T.);
#882 = VERTEX_POINT('',#883);
#883 = CARTESIAN_POINT('',(-109.011,110.71222254339,1.8));
#884 = B_SPLINE_CURVE_WITH_KNOTS('',1,(#885,#886),.UNSPECIFIED.,.F.,.F.,
  (2,2),(0.,1.),.PIECEWISE_BEZIER_KNOTS.);
#885 = CARTESIAN_POINT('',(-109.011,113.82369161058,1.8));
#886 = CARTESIAN_POINT('',(-109.011,104.44297538502,1.8));
#887 = ORIENTED_EDGE('',*,*,#888,.T.);
#888 = EDGE_CURVE('',#882,#889,#891,.T.);
#889 = VERTEX_POINT('',#890);
#890 = CARTESIAN_POINT('',(-109.3009999999,110.42222254339,1.8));
#891 = LINE('',#892,#893);
#892 = CARTESIAN_POINT('',(-108.6983445811,111.02487796223,1.8));
#893 = VECTOR('',#894,1.);
#894 = DIRECTION('',(-0.707106781187,-0.707106781187,0.));
#895 = ORIENTED_EDGE('',*,*,#896,.T.);
#896 = EDGE_CURVE('',#889,#897,#899,.T.);
#897 = VERTEX_POINT('',#898);
#898 = CARTESIAN_POINT('',(-109.3009999999,119.62222254339,1.8));
#899 = LINE('',#900,#901);
#900 = CARTESIAN_POINT('',(-109.3009999999,91.891824884755,1.8));
#901 = VECTOR('',#902,1.);
#902 = DIRECTION('',(0.,1.,-0.));
#903 = ORIENTED_EDGE('',*,*,#904,.T.);
#904 = EDGE_CURVE('',#897,#905,#907,.T.);
#905 = VERTEX_POINT('',#906);
#906 = CARTESIAN_POINT('',(-109.011,119.33222254339,1.8));
#907 = LINE('',#908,#909);
#908 = CARTESIAN_POINT('',(-81.56794692251,91.889169465911,1.8));
#909 = VECTOR('',#910,1.);
#910 = DIRECTION('',(0.707106781187,-0.707106781187,0.));
#911 = ORIENTED_EDGE('',*,*,#912,.F.);
#912 = EDGE_CURVE('',#913,#905,#915,.T.);
#913 = VERTEX_POINT('',#914);
#914 = CARTESIAN_POINT('',(-109.011,122.49000032117,1.8));
#915 = B_SPLINE_CURVE_WITH_KNOTS('',1,(#916,#917),.UNSPECIFIED.,.F.,.F.,
  (2,2),(0.,1.),.PIECEWISE_BEZIER_KNOTS.);
#916 = CARTESIAN_POINT('',(-109.011,125.60146933431,1.8));
#917 = CARTESIAN_POINT('',(-109.011,116.22075310874,1.8));
#918 = ORIENTED_EDGE('',*,*,#919,.T.);
#919 = EDGE_CURVE('',#913,#920,#922,.T.);
#920 = VERTEX_POINT('',#921);
#921 = CARTESIAN_POINT('',(-109.3009999999,122.20000032117,1.8));
#922 = LINE('',#923,#924);
#923 = CARTESIAN_POINT('',(-111.6427890256,119.85821129557,1.8));
#924 = VECTOR('',#925,1.);
#925 = DIRECTION('',(-0.707106781187,-0.707106781187,0.));
#926 = ORIENTED_EDGE('',*,*,#927,.T.);
#927 = EDGE_CURVE('',#920,#928,#930,.T.);
#928 = VERTEX_POINT('',#929);
#929 = CARTESIAN_POINT('',(-109.3009999999,131.40000032116,1.8));
#930 = LINE('',#931,#932);
#931 = CARTESIAN_POINT('',(-109.3009999999,97.780713773644,1.8));
#932 = VECTOR('',#933,1.);
#933 = DIRECTION('',(0.,1.,-0.));
#934 = ORIENTED_EDGE('',*,*,#935,.T.);
#935 = EDGE_CURVE('',#928,#936,#938,.T.);
#936 = VERTEX_POINT('',#937);
#937 = CARTESIAN_POINT('',(-109.011,131.11000032117,1.8));
#938 = LINE('',#939,#940);
#939 = CARTESIAN_POINT('',(-78.62350247807,100.72250279924,1.8));
#940 = VECTOR('',#941,1.);
#941 = DIRECTION('',(0.707106781187,-0.707106781187,0.));
#942 = ORIENTED_EDGE('',*,*,#943,.F.);
#943 = EDGE_CURVE('',#944,#936,#946,.T.);
#944 = VERTEX_POINT('',#945);
#945 = CARTESIAN_POINT('',(-109.011,134.69999999999,1.8));
#946 = B_SPLINE_CURVE_WITH_KNOTS('',1,(#947,#948),.UNSPECIFIED.,.F.,.F.,
  (2,2),(0.,1.),.PIECEWISE_BEZIER_KNOTS.);
#947 = CARTESIAN_POINT('',(-109.011,139.00000002739,1.8));
#948 = CARTESIAN_POINT('',(-109.011,127.99853083246,1.8));
#949 = ORIENTED_EDGE('',*,*,#950,.T.);
#950 = EDGE_CURVE('',#944,#951,#953,.T.);
#951 = VERTEX_POINT('',#952);
#952 = CARTESIAN_POINT('',(-104.301,134.69999999999,1.8));
#953 = LINE('',#954,#955);
#954 = CARTESIAN_POINT('',(-82.23304882704,134.69999999999,1.8));
#955 = VECTOR('',#956,1.);
#956 = DIRECTION('',(1.,0.,0.));
#957 = ORIENTED_EDGE('',*,*,#958,.F.);
#958 = EDGE_CURVE('',#959,#951,#961,.T.);
#959 = VERTEX_POINT('',#960);
#960 = CARTESIAN_POINT('',(-103.4151896689,134.79222861155,1.8));
#961 = CIRCLE('',#962,4.3);
#962 = AXIS2_PLACEMENT_3D('',#963,#964,#965);
#963 = CARTESIAN_POINT('',(-104.301,138.99999999999,1.8));
#964 = DIRECTION('',(0.,0.,-1.));
#965 = DIRECTION('',(-1.,-0.,-0.));
#966 = ORIENTED_EDGE('',*,*,#967,.F.);
#967 = EDGE_CURVE('',#968,#959,#970,.T.);
#968 = VERTEX_POINT('',#969);
#969 = CARTESIAN_POINT('',(-100.001,138.99999999999,1.8));
#970 = CIRCLE('',#971,4.3);
#971 = AXIS2_PLACEMENT_3D('',#972,#973,#974);
#972 = CARTESIAN_POINT('',(-104.301,138.99999999999,1.8));
#973 = DIRECTION('',(0.,0.,-1.));
#974 = DIRECTION('',(-1.,-0.,-0.));
#975 = ORIENTED_EDGE('',*,*,#976,.T.);
#976 = EDGE_CURVE('',#968,#977,#979,.T.);
#977 = VERTEX_POINT('',#978);
#978 = CARTESIAN_POINT('',(-100.001,143.83256842193,1.8));
#979 = LINE('',#980,#981);
#980 = CARTESIAN_POINT('',(-100.001,111.75,1.8));
#981 = VECTOR('',#982,1.);
#982 = DIRECTION('',(0.,1.,0.));
#983 = ORIENTED_EDGE('',*,*,#984,.F.);
#984 = EDGE_CURVE('',#985,#977,#987,.T.);
#985 = VERTEX_POINT('',#986);
#986 = CARTESIAN_POINT('',(-98.09655965834,143.83256842193,1.8));
#987 = LINE('',#988,#989);
#988 = CARTESIAN_POINT('',(-82.46529166425,143.83256842193,1.8));
#989 = VECTOR('',#990,1.);
#990 = DIRECTION('',(-1.,0.,0.));
#991 = ORIENTED_EDGE('',*,*,#992,.F.);
#992 = EDGE_CURVE('',#993,#985,#995,.T.);
#993 = VERTEX_POINT('',#994);
#994 = CARTESIAN_POINT('',(-98.25100032116,143.98700908475,1.8));
#995 = LINE('',#996,#997);
#996 = CARTESIAN_POINT('',(-67.91425052805,113.65025929164,1.8));
#997 = VECTOR('',#998,1.);
#998 = DIRECTION('',(0.707106781187,-0.707106781187,0.));
#999 = ORIENTED_EDGE('',*,*,#1000,.F.);
#1000 = EDGE_CURVE('',#1001,#993,#1003,.T.);
#1001 = VERTEX_POINT('',#1002);
#1002 = CARTESIAN_POINT('',(-91.95100032116,143.98700908475,1.8));
#1003 = LINE('',#1004,#1005);
#1004 = CARTESIAN_POINT('',(-79.44029166425,143.98700908475,1.8));
#1005 = VECTOR('',#1006,1.);
#1006 = DIRECTION('',(-1.,0.,0.));
#1007 = ORIENTED_EDGE('',*,*,#1008,.F.);
#1008 = EDGE_CURVE('',#1009,#1001,#1011,.T.);
#1009 = VERTEX_POINT('',#1010);
#1010 = CARTESIAN_POINT('',(-92.10544098398,143.83256842193,1.8));
#1011 = LINE('',#1012,#1013);
#1012 = CARTESIAN_POINT('',(-104.0770414573,131.86096794855,1.8));
#1013 = VECTOR('',#1014,1.);
#1014 = DIRECTION('',(0.707106781187,0.707106781187,-0.));
#1015 = ORIENTED_EDGE('',*,*,#1016,.F.);
#1016 = EDGE_CURVE('',#1017,#1009,#1019,.T.);
#1017 = VERTEX_POINT('',#1018);
#1018 = CARTESIAN_POINT('',(-88.52513108691,143.83256842193,1.8));
#1019 = LINE('',#1020,#1021);
#1020 = CARTESIAN_POINT('',(-82.46529166425,143.83256842193,1.8));
#1021 = VECTOR('',#1022,1.);
#1022 = DIRECTION('',(-1.,0.,0.));
#1023 = ORIENTED_EDGE('',*,*,#1024,.F.);
#1024 = EDGE_CURVE('',#1025,#1017,#1027,.T.);
#1025 = VERTEX_POINT('',#1026);
#1026 = CARTESIAN_POINT('',(-88.67957174973,143.98700908475,1.8));
#1027 = LINE('',#1028,#1029);
#1028 = CARTESIAN_POINT('',(-60.73567909948,116.04311643449,1.8));
#1029 = VECTOR('',#1030,1.);
#1030 = DIRECTION('',(0.707106781187,-0.707106781187,0.));
#1031 = ORIENTED_EDGE('',*,*,#1032,.F.);
#1032 = EDGE_CURVE('',#1033,#1025,#1035,.T.);
#1033 = VERTEX_POINT('',#1034);
#1034 = CARTESIAN_POINT('',(-82.37957174973,143.98700908475,1.8));
#1035 = LINE('',#1036,#1037);
#1036 = CARTESIAN_POINT('',(-74.65457737854,143.98700908475,1.8));
#1037 = VECTOR('',#1038,1.);
#1038 = DIRECTION('',(-1.,0.,0.));
#1039 = ORIENTED_EDGE('',*,*,#1040,.F.);
#1040 = EDGE_CURVE('',#1041,#1033,#1043,.T.);
#1041 = VERTEX_POINT('',#1042);
#1042 = CARTESIAN_POINT('',(-82.53401241255,143.83256842193,1.8));
#1043 = LINE('',#1044,#1045);
#1044 = CARTESIAN_POINT('',(-96.8984700288,129.46811080569,1.8));
#1045 = VECTOR('',#1046,1.);
#1046 = DIRECTION('',(0.707106781187,0.707106781187,-0.));
#1047 = ORIENTED_EDGE('',*,*,#1048,.F.);
#1048 = EDGE_CURVE('',#1049,#1041,#1051,.T.);
#1049 = VERTEX_POINT('',#1050);
#1050 = CARTESIAN_POINT('',(-78.95370251548,143.83256842193,1.8));
#1051 = LINE('',#1052,#1053);
#1052 = CARTESIAN_POINT('',(-82.46529166425,143.83256842193,1.8));
#1053 = VECTOR('',#1054,1.);
#1054 = DIRECTION('',(-1.,0.,0.));
#1055 = ORIENTED_EDGE('',*,*,#1056,.F.);
#1056 = EDGE_CURVE('',#1057,#1049,#1059,.T.);
#1057 = VERTEX_POINT('',#1058);
#1058 = CARTESIAN_POINT('',(-79.1081431783,143.98700908475,1.8));
#1059 = LINE('',#1060,#1061);
#1060 = CARTESIAN_POINT('',(-53.55710767091,118.43597357735,1.8));
#1061 = VECTOR('',#1062,1.);
#1062 = DIRECTION('',(0.707106781187,-0.707106781187,0.));
#1063 = ORIENTED_EDGE('',*,*,#1064,.F.);
#1064 = EDGE_CURVE('',#1065,#1057,#1067,.T.);
#1065 = VERTEX_POINT('',#1066);
#1066 = CARTESIAN_POINT('',(-72.8081431783,143.98700908475,1.8));
#1067 = LINE('',#1068,#1069);
#1068 = CARTESIAN_POINT('',(-69.86886309283,143.98700908475,1.8));
#1069 = VECTOR('',#1070,1.);
#1070 = DIRECTION('',(-1.,0.,0.));
#1071 = ORIENTED_EDGE('',*,*,#1072,.F.);
#1072 = EDGE_CURVE('',#1073,#1065,#1075,.T.);
#1073 = VERTEX_POINT('',#1074);
#1074 = CARTESIAN_POINT('',(-72.96258384112,143.83256842193,1.8));
#1075 = LINE('',#1076,#1077);
#1076 = CARTESIAN_POINT('',(-89.71989860022,127.07525366283,1.8));
#1077 = VECTOR('',#1078,1.);
#1078 = DIRECTION('',(0.707106781187,0.707106781187,-0.));
#1079 = ORIENTED_EDGE('',*,*,#1080,.F.);
#1080 = EDGE_CURVE('',#1081,#1073,#1083,.T.);
#1081 = VERTEX_POINT('',#1082);
#1082 = CARTESIAN_POINT('',(-69.38227394406,143.83256842193,1.8));
#1083 = LINE('',#1084,#1085);
#1084 = CARTESIAN_POINT('',(-82.46529166425,143.83256842193,1.8));
#1085 = VECTOR('',#1086,1.);
#1086 = DIRECTION('',(-1.,0.,0.));
#1087 = ORIENTED_EDGE('',*,*,#1088,.F.);
#1088 = EDGE_CURVE('',#1089,#1081,#1091,.T.);
#1089 = VERTEX_POINT('',#1090);
#1090 = CARTESIAN_POINT('',(-69.53671460688,143.98700908475,1.8));
#1091 = LINE('',#1092,#1093);
#1092 = CARTESIAN_POINT('',(-46.37853624233,120.82883072021,1.8));
#1093 = VECTOR('',#1094,1.);
#1094 = DIRECTION('',(0.707106781187,-0.707106781187,0.));
#1095 = ORIENTED_EDGE('',*,*,#1096,.F.);
#1096 = EDGE_CURVE('',#1097,#1089,#1099,.T.);
#1097 = VERTEX_POINT('',#1098);
#1098 = CARTESIAN_POINT('',(-63.23671460688,143.98700908475,1.8));
#1099 = LINE('',#1100,#1101);
#1100 = CARTESIAN_POINT('',(-65.08314880711,143.98700908475,1.8));
#1101 = VECTOR('',#1102,1.);
#1102 = DIRECTION('',(-1.,0.,0.));
#1103 = ORIENTED_EDGE('',*,*,#1104,.F.);
#1104 = EDGE_CURVE('',#1105,#1097,#1107,.T.);
#1105 = VERTEX_POINT('',#1106);
#1106 = CARTESIAN_POINT('',(-63.3911552697,143.83256842193,1.8));
#1107 = LINE('',#1108,#1109);
#1108 = CARTESIAN_POINT('',(-82.54132717165,124.68239651997,1.8));
#1109 = VECTOR('',#1110,1.);
#1110 = DIRECTION('',(0.707106781187,0.707106781187,-0.));
#1111 = ORIENTED_EDGE('',*,*,#1112,.F.);
#1112 = EDGE_CURVE('',#1113,#1105,#1115,.T.);
#1113 = VERTEX_POINT('',#1114);
#1114 = CARTESIAN_POINT('',(-59.81084537263,143.83256842193,1.8));
#1115 = LINE('',#1116,#1117);
#1116 = CARTESIAN_POINT('',(-82.46529166425,143.83256842193,1.8));
#1117 = VECTOR('',#1118,1.);
#1118 = DIRECTION('',(-1.,0.,0.));
#1119 = ORIENTED_EDGE('',*,*,#1120,.F.);
#1120 = EDGE_CURVE('',#1121,#1113,#1123,.T.);
#1121 = VERTEX_POINT('',#1122);
#1122 = CARTESIAN_POINT('',(-59.96528603545,143.98700908475,1.8));
#1123 = LINE('',#1124,#1125);
#1124 = CARTESIAN_POINT('',(-39.19996481376,123.22168786307,1.8));
#1125 = VECTOR('',#1126,1.);
#1126 = DIRECTION('',(0.707106781187,-0.707106781187,0.));
#1127 = ORIENTED_EDGE('',*,*,#1128,.F.);
#1128 = EDGE_CURVE('',#1129,#1121,#1131,.T.);
#1129 = VERTEX_POINT('',#1130);
#1130 = CARTESIAN_POINT('',(-53.66528603545,143.98700908475,1.8));
#1131 = LINE('',#1132,#1133);
#1132 = CARTESIAN_POINT('',(-60.2974345214,143.98700908475,1.8));
#1133 = VECTOR('',#1134,1.);
#1134 = DIRECTION('',(-1.,0.,0.));
#1135 = ORIENTED_EDGE('',*,*,#1136,.F.);
#1136 = EDGE_CURVE('',#1137,#1129,#1139,.T.);
#1137 = VERTEX_POINT('',#1138);
#1138 = CARTESIAN_POINT('',(-53.81972669827,143.83256842193,1.8));
#1139 = LINE('',#1140,#1141);
#1140 = CARTESIAN_POINT('',(-75.36275574308,122.28953937712,1.8));
#1141 = VECTOR('',#1142,1.);
#1142 = DIRECTION('',(0.707106781187,0.707106781187,-0.));
#1143 = ORIENTED_EDGE('',*,*,#1144,.F.);
#1144 = EDGE_CURVE('',#1145,#1137,#1147,.T.);
#1145 = VERTEX_POINT('',#1146);
#1146 = CARTESIAN_POINT('',(-50.2394168012,143.83256842193,1.8));
#1147 = LINE('',#1148,#1149);
#1148 = CARTESIAN_POINT('',(-82.46529166425,143.83256842193,1.8));
#1149 = VECTOR('',#1150,1.);
#1150 = DIRECTION('',(-1.,0.,0.));
#1151 = ORIENTED_EDGE('',*,*,#1152,.F.);
#1152 = EDGE_CURVE('',#1153,#1145,#1155,.T.);
#1153 = VERTEX_POINT('',#1154);
#1154 = CARTESIAN_POINT('',(-50.39385746402,143.98700908475,1.8));
#1155 = LINE('',#1156,#1157);
#1156 = CARTESIAN_POINT('',(-32.02139338519,125.61454500592,1.8));
#1157 = VECTOR('',#1158,1.);
#1158 = DIRECTION('',(0.707106781187,-0.707106781187,0.));
#1159 = ORIENTED_EDGE('',*,*,#1160,.F.);
#1160 = EDGE_CURVE('',#1161,#1153,#1163,.T.);
#1161 = VERTEX_POINT('',#1162);
#1162 = CARTESIAN_POINT('',(-44.09385746402,143.98700908475,1.8));
#1163 = LINE('',#1164,#1165);
#1164 = CARTESIAN_POINT('',(-55.51172023568,143.98700908475,1.8));
#1165 = VECTOR('',#1166,1.);
#1166 = DIRECTION('',(-1.,0.,0.));
#1167 = ORIENTED_EDGE('',*,*,#1168,.F.);
#1168 = EDGE_CURVE('',#1169,#1161,#1171,.T.);
#1169 = VERTEX_POINT('',#1170);
#1170 = CARTESIAN_POINT('',(-44.24829812684,143.83256842193,1.8));
#1171 = LINE('',#1172,#1173);
#1172 = CARTESIAN_POINT('',(-68.18418431451,119.89668223426,1.8));
#1173 = VECTOR('',#1174,1.);
#1174 = DIRECTION('',(0.707106781187,0.707106781187,-0.));
#1175 = ORIENTED_EDGE('',*,*,#1176,.F.);
#1176 = EDGE_CURVE('',#1177,#1169,#1179,.T.);
#1177 = VERTEX_POINT('',#1178);
#1178 = CARTESIAN_POINT('',(-40.66798822977,143.83256842193,1.8));
#1179 = LINE('',#1180,#1181);
#1180 = CARTESIAN_POINT('',(-82.46529166425,143.83256842193,1.8));
#1181 = VECTOR('',#1182,1.);
#1182 = DIRECTION('',(-1.,0.,0.));
#1183 = ORIENTED_EDGE('',*,*,#1184,.F.);
#1184 = EDGE_CURVE('',#1185,#1177,#1187,.T.);
#1185 = VERTEX_POINT('',#1186);
#1186 = CARTESIAN_POINT('',(-40.82242889259,143.98700908475,1.8));
#1187 = LINE('',#1188,#1189);
#1188 = CARTESIAN_POINT('',(-24.84282195662,128.00740214878,1.8));
#1189 = VECTOR('',#1190,1.);
#1190 = DIRECTION('',(0.707106781187,-0.707106781187,0.));
#1191 = ORIENTED_EDGE('',*,*,#1192,.F.);
#1192 = EDGE_CURVE('',#1193,#1185,#1195,.T.);
#1193 = VERTEX_POINT('',#1194);
#1194 = CARTESIAN_POINT('',(-34.52242889259,143.98700908475,1.8));
#1195 = LINE('',#1196,#1197);
#1196 = CARTESIAN_POINT('',(-50.72600594997,143.98700908475,1.8));
#1197 = VECTOR('',#1198,1.);
#1198 = DIRECTION('',(-1.,0.,0.));
#1199 = ORIENTED_EDGE('',*,*,#1200,.F.);
#1200 = EDGE_CURVE('',#1201,#1193,#1203,.T.);
#1201 = VERTEX_POINT('',#1202);
#1202 = CARTESIAN_POINT('',(-34.67686955541,143.83256842193,1.8));
#1203 = LINE('',#1204,#1205);
#1204 = CARTESIAN_POINT('',(-61.00561288594,117.5038250914,1.8));
#1205 = VECTOR('',#1206,1.);
#1206 = DIRECTION('',(0.707106781187,0.707106781187,-0.));
#1207 = ORIENTED_EDGE('',*,*,#1208,.F.);
#1208 = EDGE_CURVE('',#1209,#1201,#1211,.T.);
#1209 = VERTEX_POINT('',#1210);
#1210 = CARTESIAN_POINT('',(-31.09655965834,143.83256842193,1.8));
#1211 = LINE('',#1212,#1213);
#1212 = CARTESIAN_POINT('',(-82.46529166425,143.83256842193,1.8));
#1213 = VECTOR('',#1214,1.);
#1214 = DIRECTION('',(-1.,0.,0.));
#1215 = ORIENTED_EDGE('',*,*,#1216,.F.);
#1216 = EDGE_CURVE('',#1217,#1209,#1219,.T.);
#1217 = VERTEX_POINT('',#1218);
#1218 = CARTESIAN_POINT('',(-31.25100032116,143.98700908475,1.8));
#1219 = LINE('',#1220,#1221);
#1220 = CARTESIAN_POINT('',(-17.66425052805,130.40025929164,1.8));
#1221 = VECTOR('',#1222,1.);
#1222 = DIRECTION('',(0.707106781187,-0.707106781187,0.));
#1223 = ORIENTED_EDGE('',*,*,#1224,.F.);
#1224 = EDGE_CURVE('',#1225,#1217,#1227,.T.);
#1225 = VERTEX_POINT('',#1226);
#1226 = CARTESIAN_POINT('',(-24.95100032116,143.98700908475,1.8));
#1227 = LINE('',#1228,#1229);
#1228 = CARTESIAN_POINT('',(-45.94029166425,143.98700908475,1.8));
#1229 = VECTOR('',#1230,1.);
#1230 = DIRECTION('',(-1.,0.,0.));
#1231 = ORIENTED_EDGE('',*,*,#1232,.F.);
#1232 = EDGE_CURVE('',#1233,#1225,#1235,.T.);
#1233 = VERTEX_POINT('',#1234);
#1234 = CARTESIAN_POINT('',(-25.10544098398,143.83256842193,1.8));
#1235 = LINE('',#1236,#1237);
#1236 = CARTESIAN_POINT('',(-53.82704145737,115.11096794855,1.8));
#1237 = VECTOR('',#1238,1.);
#1238 = DIRECTION('',(0.707106781187,0.707106781187,-0.));
#1239 = ORIENTED_EDGE('',*,*,#1240,.F.);
#1240 = EDGE_CURVE('',#1241,#1233,#1243,.T.);
#1241 = VERTEX_POINT('',#1242);
#1242 = CARTESIAN_POINT('',(-21.284,143.83256842193,1.8));
#1243 = LINE('',#1244,#1245);
#1244 = CARTESIAN_POINT('',(-82.46529166425,143.83256842193,1.8));
#1245 = VECTOR('',#1246,1.);
#1246 = DIRECTION('',(-1.,0.,0.));
#1247 = ORIENTED_EDGE('',*,*,#1248,.F.);
#1248 = EDGE_CURVE('',#1249,#1241,#1251,.T.);
#1249 = VERTEX_POINT('',#1250);
#1250 = CARTESIAN_POINT('',(-21.284,129.86999999999,1.8));
#1251 = LINE('',#1252,#1253);
#1252 = CARTESIAN_POINT('',(-21.284,111.75,1.8));
#1253 = VECTOR('',#1254,1.);
#1254 = DIRECTION('',(0.,1.,0.));
#1255 = ORIENTED_EDGE('',*,*,#1256,.F.);
#1256 = EDGE_CURVE('',#1257,#1249,#1259,.T.);
#1257 = VERTEX_POINT('',#1258);
#1258 = CARTESIAN_POINT('',(-18.86013265855,129.21660716345,1.8));
#1259 = CIRCLE('',#1260,1.3);
#1260 = AXIS2_PLACEMENT_3D('',#1261,#1262,#1263);
#1261 = CARTESIAN_POINT('',(-19.984,129.86999999999,1.8));
#1262 = DIRECTION('',(0.,0.,-1.));
#1263 = DIRECTION('',(-1.,-0.,-0.));
#1264 = ORIENTED_EDGE('',*,*,#1265,.T.);
#1265 = EDGE_CURVE('',#1257,#1266,#1268,.T.);
#1266 = VERTEX_POINT('',#1267);
#1267 = CARTESIAN_POINT('',(-12.291,140.51583366806,1.8));
#1268 = LINE('',#1269,#1270);
#1269 = CARTESIAN_POINT('',(-31.26813672151,107.87423889893,1.8));
#1270 = VECTOR('',#1271,1.);
#1271 = DIRECTION('',(0.502609874261,0.86451333957,0.));
#1272 = ORIENTED_EDGE('',*,*,#1273,.F.);
#1273 = EDGE_CURVE('',#1274,#1266,#1276,.T.);
#1274 = VERTEX_POINT('',#1275);
#1275 = CARTESIAN_POINT('',(-12.291,133.71,1.8));
#1276 = B_SPLINE_CURVE_WITH_KNOTS('',1,(#1277,#1278),.UNSPECIFIED.,.F.,
  .F.,(2,2),(0.,1.),.PIECEWISE_BEZIER_KNOTS.);
#1277 = CARTESIAN_POINT('',(-12.291,133.23445156381,1.8));
#1278 = CARTESIAN_POINT('',(-12.291,143.71,1.8));
#1279 = ORIENTED_EDGE('',*,*,#1280,.F.);
#1280 = EDGE_CURVE('',#1281,#1274,#1283,.T.);
#1281 = VERTEX_POINT('',#1282);
#1282 = CARTESIAN_POINT('',(-12.001,134.,1.8));
#1283 = LINE('',#1284,#1285);
#1284 = CARTESIAN_POINT('',(-43.3177889453,102.68321105469,1.8));
#1285 = VECTOR('',#1286,1.);
#1286 = DIRECTION('',(-0.707106781187,-0.707106781187,0.));
#1287 = ORIENTED_EDGE('',*,*,#1288,.F.);
#1288 = EDGE_CURVE('',#1289,#1281,#1291,.T.);
#1289 = VERTEX_POINT('',#1290);
#1290 = CARTESIAN_POINT('',(-12.001,124.8,1.8));
#1291 = LINE('',#1292,#1293);
#1292 = CARTESIAN_POINT('',(-12.001,99.080713613059,1.8));
#1293 = VECTOR('',#1294,1.);
#1294 = DIRECTION('',(0.,1.,-0.));
#1295 = ORIENTED_EDGE('',*,*,#1296,.F.);
#1296 = EDGE_CURVE('',#1297,#1289,#1299,.T.);
#1297 = VERTEX_POINT('',#1298);
#1298 = CARTESIAN_POINT('',(-12.291,125.09,1.8));
#1299 = LINE('',#1300,#1301);
#1300 = CARTESIAN_POINT('',(-8.998502558388,121.7975025584,1.8));
#1301 = VECTOR('',#1302,1.);
#1302 = DIRECTION('',(0.707106781187,-0.707106781186,0.));
#1303 = ORIENTED_EDGE('',*,*,#1304,.F.);
#1304 = EDGE_CURVE('',#1305,#1297,#1307,.T.);
#1305 = VERTEX_POINT('',#1306);
#1306 = CARTESIAN_POINT('',(-12.291,108.51,1.8));
#1307 = B_SPLINE_CURVE_WITH_KNOTS('',1,(#1308,#1309),.UNSPECIFIED.,.F.,
  .F.,(2,2),(0.,1.),.PIECEWISE_BEZIER_KNOTS.);
#1308 = CARTESIAN_POINT('',(-12.291,106.83975644187,1.8));
#1309 = CARTESIAN_POINT('',(-12.291,130.72359721667,1.8));
#1310 = ORIENTED_EDGE('',*,*,#1311,.F.);
#1311 = EDGE_CURVE('',#1312,#1305,#1314,.T.);
#1312 = VERTEX_POINT('',#1313);
#1313 = CARTESIAN_POINT('',(-12.001,108.8,1.8));
#1314 = LINE('',#1315,#1316);
#1315 = CARTESIAN_POINT('',(-37.01778894533,83.78321105472,1.8));
#1316 = VECTOR('',#1317,1.);
#1317 = DIRECTION('',(-0.707106781187,-0.707106781186,0.));
#1318 = ORIENTED_EDGE('',*,*,#1319,.F.);
#1319 = EDGE_CURVE('',#1320,#1312,#1322,.T.);
#1320 = VERTEX_POINT('',#1321);
#1321 = CARTESIAN_POINT('',(-12.001,99.700000000012,1.8));
#1322 = LINE('',#1323,#1324);
#1323 = CARTESIAN_POINT('',(-12.001,86.480713613062,1.8));
#1324 = VECTOR('',#1325,1.);
#1325 = DIRECTION('',(0.,1.,-0.));
#1326 = ORIENTED_EDGE('',*,*,#1327,.F.);
#1327 = EDGE_CURVE('',#1328,#1320,#1330,.T.);
#1328 = VERTEX_POINT('',#1329);
#1329 = CARTESIAN_POINT('',(-12.291,99.990000000012,1.8));
#1330 = LINE('',#1331,#1332);
#1331 = CARTESIAN_POINT('',(-15.27350255836,102.97250255837,1.8));
#1332 = VECTOR('',#1333,1.);
#1333 = DIRECTION('',(0.707106781187,-0.707106781187,0.));
#1334 = ORIENTED_EDGE('',*,*,#1335,.F.);
#1335 = EDGE_CURVE('',#1336,#1328,#1338,.T.);
#1336 = VERTEX_POINT('',#1337);
#1337 = CARTESIAN_POINT('',(-12.291,92.771055626942,1.8));
#1338 = B_SPLINE_CURVE_WITH_KNOTS('',1,(#1339,#1340),.UNSPECIFIED.,.F.,
  .F.,(2,2),(0.,1.),.PIECEWISE_BEZIER_KNOTS.);
#1339 = CARTESIAN_POINT('',(-12.291,76.255427172815,1.8));
#1340 = CARTESIAN_POINT('',(-12.291,104.43364294839,1.8));
#1341 = ORIENTED_EDGE('',*,*,#1342,.T.);
#1342 = EDGE_CURVE('',#1336,#1343,#1345,.T.);
#1343 = VERTEX_POINT('',#1344);
#1344 = CARTESIAN_POINT('',(-13.986,94.300358024868,1.8));
#1345 = CIRCLE('',#1346,5.);
#1346 = AXIS2_PLACEMENT_3D('',#1347,#1348,#1349);
#1347 = CARTESIAN_POINT('',(-9.87752819,97.15,1.8));
#1348 = DIRECTION('',(0.,0.,-1.));
#1349 = DIRECTION('',(0.,1.,0.));
#1350 = ORIENTED_EDGE('',*,*,#1351,.F.);
#1351 = EDGE_CURVE('',#1352,#1343,#1354,.T.);
#1352 = VERTEX_POINT('',#1353);
#1353 = CARTESIAN_POINT('',(-13.986,82.65,1.8));
#1354 = LINE('',#1355,#1356);
#1355 = CARTESIAN_POINT('',(-13.986,82.65,1.8));
#1356 = VECTOR('',#1357,1.);
#1357 = DIRECTION('',(0.,1.,0.));
#1358 = ORIENTED_EDGE('',*,*,#1359,.T.);
#1359 = EDGE_CURVE('',#1352,#1360,#1362,.T.);
#1360 = VERTEX_POINT('',#1361);
#1361 = CARTESIAN_POINT('',(-12.291,82.65,1.8));
#1362 = LINE('',#1363,#1364);
#1363 = CARTESIAN_POINT('',(-36.30697687321,82.65,1.8));
#1364 = VECTOR('',#1365,1.);
#1365 = DIRECTION('',(1.,0.,0.));
#1366 = ORIENTED_EDGE('',*,*,#1367,.F.);
#1367 = EDGE_CURVE('',#1368,#1360,#1370,.T.);
#1368 = VERTEX_POINT('',#1369);
#1369 = CARTESIAN_POINT('',(-12.291,79.309999999277,1.8));
#1370 = B_SPLINE_CURVE_WITH_KNOTS('',1,(#1371,#1372),.UNSPECIFIED.,.F.,
  .F.,(2,2),(0.,1.),.PIECEWISE_BEZIER_KNOTS.);
#1371 = CARTESIAN_POINT('',(-12.291,76.255427172815,1.8));
#1372 = CARTESIAN_POINT('',(-12.291,104.43364294839,1.8));
#1373 = ORIENTED_EDGE('',*,*,#1374,.F.);
#1374 = EDGE_CURVE('',#1375,#1368,#1377,.T.);
#1375 = VERTEX_POINT('',#1376);
#1376 = CARTESIAN_POINT('',(-12.001,79.599999999277,1.8));
#1377 = LINE('',#1378,#1379);
#1378 = CARTESIAN_POINT('',(-29.71778894512,61.88321105415,1.8));
#1379 = VECTOR('',#1380,1.);
#1380 = DIRECTION('',(-0.707106781187,-0.707106781187,0.));
#1381 = ORIENTED_EDGE('',*,*,#1382,.F.);
#1382 = EDGE_CURVE('',#1383,#1375,#1385,.T.);
#1383 = VERTEX_POINT('',#1384);
#1384 = CARTESIAN_POINT('',(-12.001,70.399999999643,1.8));
#1385 = LINE('',#1386,#1387);
#1386 = CARTESIAN_POINT('',(-12.001,71.880713612697,1.8));
#1387 = VECTOR('',#1388,1.);
#1388 = DIRECTION('',(0.,1.,-0.));
#1389 = ORIENTED_EDGE('',*,*,#1390,.F.);
#1390 = EDGE_CURVE('',#1391,#1383,#1393,.T.);
#1391 = VERTEX_POINT('',#1392);
#1392 = CARTESIAN_POINT('',(-12.291,70.689999999612,1.8));
#1393 = LINE('',#1394,#1395);
#1394 = CARTESIAN_POINT('',(-22.59850255976,80.997502558267,1.8));
#1395 = VECTOR('',#1396,1.);
#1396 = DIRECTION('',(0.707106781225,-0.707106781148,0.));
#1397 = ORIENTED_EDGE('',*,*,#1398,.F.);
#1398 = EDGE_CURVE('',#1399,#1391,#1401,.T.);
#1399 = VERTEX_POINT('',#1400);
#1400 = CARTESIAN_POINT('',(-12.291,67.35,1.8));
#1401 = B_SPLINE_CURVE_WITH_KNOTS('',1,(#1402,#1403),.UNSPECIFIED.,.F.,
  .F.,(2,2),(0.,1.),.PIECEWISE_BEZIER_KNOTS.);
#1402 = CARTESIAN_POINT('',(-12.291,48.813323515036,1.8));
#1403 = CARTESIAN_POINT('',(-12.291,73.744572825671,1.8));
#1404 = ORIENTED_EDGE('',*,*,#1405,.F.);
#1405 = EDGE_CURVE('',#1406,#1399,#1408,.T.);
#1406 = VERTEX_POINT('',#1407);
#1407 = CARTESIAN_POINT('',(-13.986,67.35,1.8));
#1408 = LINE('',#1409,#1410);
#1409 = CARTESIAN_POINT('',(-36.30697687321,67.35,1.8));
#1410 = VECTOR('',#1411,1.);
#1411 = DIRECTION('',(1.,0.,0.));
#1412 = ORIENTED_EDGE('',*,*,#1413,.F.);
#1413 = EDGE_CURVE('',#1414,#1406,#1416,.T.);
#1414 = VERTEX_POINT('',#1415);
#1415 = CARTESIAN_POINT('',(-13.986,57.85,1.8));
#1416 = LINE('',#1417,#1418);
#1417 = CARTESIAN_POINT('',(-13.986,82.65,1.8));
#1418 = VECTOR('',#1419,1.);
#1419 = DIRECTION('',(0.,1.,0.));
#1420 = ORIENTED_EDGE('',*,*,#1421,.F.);
#1421 = EDGE_CURVE('',#1422,#1414,#1424,.T.);
#1422 = VERTEX_POINT('',#1423);
#1423 = CARTESIAN_POINT('',(-12.291,57.85,1.8));
#1424 = LINE('',#1425,#1426);
#1425 = CARTESIAN_POINT('',(-51.04379567321,57.85,1.8));
#1426 = VECTOR('',#1427,1.);
#1427 = DIRECTION('',(-1.,0.,0.));
#1428 = ORIENTED_EDGE('',*,*,#1429,.F.);
#1429 = EDGE_CURVE('',#1430,#1422,#1432,.T.);
#1430 = VERTEX_POINT('',#1431);
#1431 = CARTESIAN_POINT('',(-12.291,53.109999999673,1.8));
#1432 = B_SPLINE_CURVE_WITH_KNOTS('',1,(#1433,#1434),.UNSPECIFIED.,.F.,
  .F.,(2,2),(0.,1.),.PIECEWISE_BEZIER_KNOTS.);
#1433 = CARTESIAN_POINT('',(-12.291,48.813323515036,1.8));
#1434 = CARTESIAN_POINT('',(-12.291,73.744572825671,1.8));
#1435 = ORIENTED_EDGE('',*,*,#1436,.F.);
#1436 = EDGE_CURVE('',#1437,#1430,#1439,.T.);
#1437 = VERTEX_POINT('',#1438);
#1438 = CARTESIAN_POINT('',(-12.001,53.399999999643,1.8));
#1439 = LINE('',#1440,#1441);
#1440 = CARTESIAN_POINT('',(-23.16778894649,42.23321105432,1.8));
#1441 = VECTOR('',#1442,1.);
#1442 = DIRECTION('',(-0.707106781224,-0.707106781149,0.));
#1443 = ORIENTED_EDGE('',*,*,#1444,.F.);
#1444 = EDGE_CURVE('',#1445,#1437,#1447,.T.);
#1445 = VERTEX_POINT('',#1446);
#1446 = CARTESIAN_POINT('',(-12.001,44.3,1.8));
#1447 = LINE('',#1448,#1449);
#1448 = CARTESIAN_POINT('',(-12.001,58.78071361288,1.8));
#1449 = VECTOR('',#1450,1.);
#1450 = DIRECTION('',(0.,1.,-0.));
#1451 = ORIENTED_EDGE('',*,*,#1452,.F.);
#1452 = EDGE_CURVE('',#1453,#1445,#1455,.T.);
#1453 = VERTEX_POINT('',#1454);
#1454 = CARTESIAN_POINT('',(-12.291,44.59,1.8));
#1455 = LINE('',#1456,#1457);
#1456 = CARTESIAN_POINT('',(-29.12350255836,61.422502558367,1.8));
#1457 = VECTOR('',#1458,1.);
#1458 = DIRECTION('',(0.707106781187,-0.707106781187,0.));
#1459 = ORIENTED_EDGE('',*,*,#1460,.F.);
#1460 = EDGE_CURVE('',#1461,#1453,#1463,.T.);
#1461 = VERTEX_POINT('',#1462);
#1462 = CARTESIAN_POINT('',(-12.291,38.01,1.8));
#1463 = B_SPLINE_CURVE_WITH_KNOTS('',1,(#1464,#1465),.UNSPECIFIED.,.F.,
  .F.,(2,2),(0.,1.),.PIECEWISE_BEZIER_KNOTS.);
#1464 = CARTESIAN_POINT('',(-12.291,32.997454612597,1.8));
#1465 = CARTESIAN_POINT('',(-12.291,46.40721002155,1.8));
#1466 = ORIENTED_EDGE('',*,*,#1467,.T.);
#1467 = EDGE_CURVE('',#1461,#1468,#1470,.T.);
#1468 = VERTEX_POINT('',#1469);
#1469 = CARTESIAN_POINT('',(-12.001,38.3,1.8));
#1470 = LINE('',#1471,#1472);
#1471 = CARTESIAN_POINT('',(-17.6927889453,32.608211054692,1.8));
#1472 = VECTOR('',#1473,1.);
#1473 = DIRECTION('',(0.707106781187,0.707106781187,-0.));
#1474 = ORIENTED_EDGE('',*,*,#1475,.T.);
#1475 = EDGE_CURVE('',#1468,#1476,#1478,.T.);
#1476 = VERTEX_POINT('',#1477);
#1477 = CARTESIAN_POINT('',(-12.001,29.2,1.8));
#1478 = LINE('',#1479,#1480);
#1479 = CARTESIAN_POINT('',(-12.001,46.680713613059,1.8));
#1480 = VECTOR('',#1481,1.);
#1481 = DIRECTION('',(0.,-1.,0.));
#1482 = ORIENTED_EDGE('',*,*,#1483,.T.);
#1483 = EDGE_CURVE('',#1476,#1484,#1486,.T.);
#1484 = VERTEX_POINT('',#1485);
#1485 = CARTESIAN_POINT('',(-12.291,29.49,1.8));
#1486 = LINE('',#1487,#1488);
#1487 = CARTESIAN_POINT('',(-34.59850255836,51.797502558367,1.8));
#1488 = VECTOR('',#1489,1.);
#1489 = DIRECTION('',(-0.707106781187,0.707106781187,0.));
#1490 = ORIENTED_EDGE('',*,*,#1491,.F.);
#1491 = EDGE_CURVE('',#1492,#1484,#1494,.T.);
#1492 = VERTEX_POINT('',#1493);
#1493 = CARTESIAN_POINT('',(-12.291,23.91,1.8));
#1494 = B_SPLINE_CURVE_WITH_KNOTS('',1,(#1495,#1496),.UNSPECIFIED.,.F.,
  .F.,(2,2),(0.,1.),.PIECEWISE_BEZIER_KNOTS.);
#1495 = CARTESIAN_POINT('',(-12.291,18.228994246743,1.8));
#1496 = CARTESIAN_POINT('',(-12.291,30.591341119111,1.8));
#1497 = ORIENTED_EDGE('',*,*,#1498,.T.);
#1498 = EDGE_CURVE('',#1492,#1499,#1501,.T.);
#1499 = VERTEX_POINT('',#1500);
#1500 = CARTESIAN_POINT('',(-12.001,24.2,1.8));
#1501 = LINE('',#1502,#1503);
#1502 = CARTESIAN_POINT('',(-14.1677889453,22.033211054692,1.8));
#1503 = VECTOR('',#1504,1.);
#1504 = DIRECTION('',(0.707106781187,0.707106781187,-0.));
#1505 = ORIENTED_EDGE('',*,*,#1506,.T.);
#1506 = EDGE_CURVE('',#1499,#1507,#1509,.T.);
#1507 = VERTEX_POINT('',#1508);
#1508 = CARTESIAN_POINT('',(-12.001,15.,1.8));
#1509 = LINE('',#1510,#1511);
#1510 = CARTESIAN_POINT('',(-12.001,39.580713613059,1.8));
#1511 = VECTOR('',#1512,1.);
#1512 = DIRECTION('',(0.,-1.,0.));
#1513 = ORIENTED_EDGE('',*,*,#1514,.T.);
#1514 = EDGE_CURVE('',#1507,#1515,#1517,.T.);
#1515 = VERTEX_POINT('',#1516);
#1516 = CARTESIAN_POINT('',(-12.291,15.29,1.8));
#1517 = LINE('',#1518,#1519);
#1518 = CARTESIAN_POINT('',(-38.14850255836,41.147502558367,1.8));
#1519 = VECTOR('',#1520,1.);
#1520 = DIRECTION('',(-0.707106781187,0.707106781187,0.));
#1521 = ORIENTED_EDGE('',*,*,#1522,.F.);
#1522 = EDGE_CURVE('',#1523,#1515,#1525,.T.);
#1523 = VERTEX_POINT('',#1524);
#1524 = CARTESIAN_POINT('',(-12.291,6.29,1.8));
#1525 = B_SPLINE_CURVE_WITH_KNOTS('',1,(#1526,#1527),.UNSPECIFIED.,.F.,
  .F.,(2,2),(0.,1.),.PIECEWISE_BEZIER_KNOTS.);
#1526 = CARTESIAN_POINT('',(-12.291,6.29,1.8));
#1527 = CARTESIAN_POINT('',(-12.291,15.718139899599,1.8));
#1528 = ORIENTED_EDGE('',*,*,#1529,.F.);
#1529 = EDGE_CURVE('',#1530,#1523,#1532,.T.);
#1530 = VERTEX_POINT('',#1531);
#1531 = CARTESIAN_POINT('',(-21.19100032116,6.29,1.8));
#1532 = B_SPLINE_CURVE_WITH_KNOTS('',1,(#1533,#1534),.UNSPECIFIED.,.F.,
  .F.,(2,2),(0.,1.),.PIECEWISE_BEZIER_KNOTS.);
#1533 = CARTESIAN_POINT('',(-21.50381476229,6.29,1.8));
#1534 = CARTESIAN_POINT('',(-12.291,6.29,1.8));
#1535 = ORIENTED_EDGE('',*,*,#1536,.T.);
#1536 = EDGE_CURVE('',#1530,#1537,#1539,.T.);
#1537 = VERTEX_POINT('',#1538);
#1538 = CARTESIAN_POINT('',(-20.90100032116,6.,1.8));
#1539 = LINE('',#1540,#1541);
#1540 = CARTESIAN_POINT('',(-45.37350279924,30.472502478075,1.8));
#1541 = VECTOR('',#1542,1.);
#1542 = DIRECTION('',(0.707106781187,-0.707106781187,0.));
#1543 = ORIENTED_EDGE('',*,*,#1544,.T.);
#1544 = EDGE_CURVE('',#1537,#1545,#1547,.T.);
#1545 = VERTEX_POINT('',#1546);
#1546 = CARTESIAN_POINT('',(-28.30100032116,6.,1.8));
#1547 = LINE('',#1548,#1549);
#1548 = CARTESIAN_POINT('',(-44.46529166425,6.,1.8));
#1549 = VECTOR('',#1550,1.);
#1550 = DIRECTION('',(-1.,0.,0.));
#1551 = ORIENTED_EDGE('',*,*,#1552,.T.);
#1552 = EDGE_CURVE('',#1545,#1553,#1555,.T.);
#1553 = VERTEX_POINT('',#1554);
#1554 = CARTESIAN_POINT('',(-28.01100032116,6.29,1.8));
#1555 = LINE('',#1556,#1557);
#1556 = CARTESIAN_POINT('',(-20.14278918618,14.158211134983,1.8));
#1557 = VECTOR('',#1558,1.);
#1558 = DIRECTION('',(0.707106781187,0.707106781187,-0.));
#1559 = ORIENTED_EDGE('',*,*,#1560,.F.);
#1560 = EDGE_CURVE('',#1561,#1553,#1563,.T.);
#1561 = VERTEX_POINT('',#1562);
#1562 = CARTESIAN_POINT('',(-30.01983117545,6.29,1.8));
#1563 = B_SPLINE_CURVE_WITH_KNOTS('',1,(#1564,#1565),.UNSPECIFIED.,.F.,
  .F.,(2,2),(0.,1.),.PIECEWISE_BEZIER_KNOTS.);
#1564 = CARTESIAN_POINT('',(-37.2355582422,6.29,1.8));
#1565 = CARTESIAN_POINT('',(-22.12187537818,6.29,1.8));
#1566 = ORIENTED_EDGE('',*,*,#1567,.T.);
#1567 = EDGE_CURVE('',#1561,#1568,#1570,.T.);
#1568 = VERTEX_POINT('',#1569);
#1569 = CARTESIAN_POINT('',(-23.71988168179,12.589949493661,1.8));
#1570 = LINE('',#1571,#1572);
#1571 = CARTESIAN_POINT('',(-30.79094949366,5.518881681796,1.8));
#1572 = VECTOR('',#1573,1.);
#1573 = DIRECTION('',(0.707106781187,0.707106781187,0.));
#1574 = ORIENTED_EDGE('',*,*,#1575,.T.);
#1575 = EDGE_CURVE('',#1568,#1576,#1578,.T.);
#1576 = VERTEX_POINT('',#1577);
#1577 = CARTESIAN_POINT('',(-28.81105050633,17.681118318204,1.8));
#1578 = LINE('',#1579,#1580);
#1579 = CARTESIAN_POINT('',(-23.71988168179,12.589949493661,1.8));
#1580 = VECTOR('',#1581,1.);
#1581 = DIRECTION('',(-0.707106781187,0.707106781187,0.));
#1582 = ORIENTED_EDGE('',*,*,#1583,.T.);
#1583 = EDGE_CURVE('',#1576,#1584,#1586,.T.);
#1584 = VERTEX_POINT('',#1585);
#1585 = CARTESIAN_POINT('',(-35.8821183182,10.610050506339,1.8));
#1586 = LINE('',#1587,#1588);
#1587 = CARTESIAN_POINT('',(-28.81105050633,17.681118318204,1.8));
#1588 = VECTOR('',#1589,1.);
#1589 = DIRECTION('',(-0.707106781187,-0.707106781187,0.));
#1590 = ORIENTED_EDGE('',*,*,#1591,.T.);
#1591 = EDGE_CURVE('',#1584,#1592,#1594,.T.);
#1592 = VERTEX_POINT('',#1593);
#1593 = CARTESIAN_POINT('',(-31.56206781186,6.29,1.8));
#1594 = LINE('',#1595,#1596);
#1595 = CARTESIAN_POINT('',(-35.8821183182,10.610050506339,1.8));
#1596 = VECTOR('',#1597,1.);
#1597 = DIRECTION('',(0.707106781187,-0.707106781187,0.));
#1598 = ORIENTED_EDGE('',*,*,#1599,.F.);
#1599 = EDGE_CURVE('',#1600,#1592,#1602,.T.);
#1600 = VERTEX_POINT('',#1601);
#1601 = CARTESIAN_POINT('',(-36.39100032116,6.29,1.8));
#1602 = B_SPLINE_CURVE_WITH_KNOTS('',1,(#1603,#1604),.UNSPECIFIED.,.F.,
  .F.,(2,2),(0.,1.),.PIECEWISE_BEZIER_KNOTS.);
#1603 = CARTESIAN_POINT('',(-37.2355582422,6.29,1.8));
#1604 = CARTESIAN_POINT('',(-22.12187537818,6.29,1.8));
#1605 = ORIENTED_EDGE('',*,*,#1606,.T.);
#1606 = EDGE_CURVE('',#1600,#1607,#1609,.T.);
#1607 = VERTEX_POINT('',#1608);
#1608 = CARTESIAN_POINT('',(-36.10100032116,6.,1.8));
#1609 = LINE('',#1610,#1611);
#1610 = CARTESIAN_POINT('',(-56.77350279924,26.672502478075,1.8));
#1611 = VECTOR('',#1612,1.);
#1612 = DIRECTION('',(0.707106781187,-0.707106781187,0.));
#1613 = ORIENTED_EDGE('',*,*,#1614,.T.);
#1614 = EDGE_CURVE('',#1607,#1615,#1617,.T.);
#1615 = VERTEX_POINT('',#1616);
#1616 = CARTESIAN_POINT('',(-45.30100032116,6.,1.8));
#1617 = LINE('',#1618,#1619);
#1618 = CARTESIAN_POINT('',(-52.96529166425,6.,1.8));
#1619 = VECTOR('',#1620,1.);
#1620 = DIRECTION('',(-1.,0.,0.));
#1621 = ORIENTED_EDGE('',*,*,#1622,.T.);
#1622 = EDGE_CURVE('',#1615,#1623,#1625,.T.);
#1623 = VERTEX_POINT('',#1624);
#1624 = CARTESIAN_POINT('',(-45.01100032116,6.29,1.8));
#1625 = LINE('',#1626,#1627);
#1626 = CARTESIAN_POINT('',(-32.89278918618,18.408211134983,1.8));
#1627 = VECTOR('',#1628,1.);
#1628 = DIRECTION('',(0.707106781187,0.707106781187,-0.));
#1629 = ORIENTED_EDGE('',*,*,#1630,.F.);
#1630 = EDGE_CURVE('',#1631,#1623,#1633,.T.);
#1631 = VERTEX_POINT('',#1632);
#1632 = CARTESIAN_POINT('',(-59.751,6.29,1.8));
#1633 = B_SPLINE_CURVE_WITH_KNOTS('',1,(#1634,#1635),.UNSPECIFIED.,.F.,
  .F.,(2,2),(0.,1.),.PIECEWISE_BEZIER_KNOTS.);
#1634 = CARTESIAN_POINT('',(-71.59699794831,6.29,1.8));
#1635 = CARTESIAN_POINT('',(-39.71658848071,6.29,1.8));
#1636 = ORIENTED_EDGE('',*,*,#1637,.T.);
#1637 = EDGE_CURVE('',#1631,#375,#1638,.T.);
#1638 = LINE('',#1639,#1640);
#1639 = CARTESIAN_POINT('',(-59.751,6.1,1.8));
#1640 = VECTOR('',#1641,1.);
#1641 = DIRECTION('',(0.,1.,0.));
#1642 = FACE_BOUND('',#1643,.T.);
#1643 = EDGE_LOOP('',(#1644));
#1644 = ORIENTED_EDGE('',*,*,#1645,.F.);
#1645 = EDGE_CURVE('',#1646,#1646,#1648,.T.);
#1646 = VERTEX_POINT('',#1647);
#1647 = CARTESIAN_POINT('',(-21.101,11.,1.8));
#1648 = CIRCLE('',#1649,4.1);
#1649 = AXIS2_PLACEMENT_3D('',#1650,#1651,#1652);
#1650 = CARTESIAN_POINT('',(-17.001,11.,1.8));
#1651 = DIRECTION('',(0.,0.,-1.));
#1652 = DIRECTION('',(-1.,-0.,-0.));
#1653 = FACE_BOUND('',#1654,.T.);
#1654 = EDGE_LOOP('',(#1655,#1665,#1673,#1681));
#1655 = ORIENTED_EDGE('',*,*,#1656,.F.);
#1656 = EDGE_CURVE('',#1657,#1659,#1661,.T.);
#1657 = VERTEX_POINT('',#1658);
#1658 = CARTESIAN_POINT('',(-15.29072666,25.11515808,1.8));
#1659 = VERTEX_POINT('',#1660);
#1660 = CARTESIAN_POINT('',(-44.82990646,25.11515808,1.8));
#1661 = LINE('',#1662,#1663);
#1662 = CARTESIAN_POINT('',(-52.72974473367,25.11515808,1.8));
#1663 = VECTOR('',#1664,1.);
#1664 = DIRECTION('',(-1.,0.,0.));
#1665 = ORIENTED_EDGE('',*,*,#1666,.F.);
#1666 = EDGE_CURVE('',#1667,#1657,#1669,.T.);
#1667 = VERTEX_POINT('',#1668);
#1668 = CARTESIAN_POINT('',(-15.29072666,47.42851257,1.8));
#1669 = LINE('',#1670,#1671);
#1670 = CARTESIAN_POINT('',(-15.29072666,44.638292653059,1.8));
#1671 = VECTOR('',#1672,1.);
#1672 = DIRECTION('',(0.,-1.,0.));
#1673 = ORIENTED_EDGE('',*,*,#1674,.F.);
#1674 = EDGE_CURVE('',#1675,#1667,#1677,.T.);
#1675 = VERTEX_POINT('',#1676);
#1676 = CARTESIAN_POINT('',(-44.82990646,47.42851257,1.8));
#1677 = LINE('',#1678,#1679);
#1678 = CARTESIAN_POINT('',(-37.96015483367,47.42851257,1.8));
#1679 = VECTOR('',#1680,1.);
#1680 = DIRECTION('',(1.,0.,0.));
#1681 = ORIENTED_EDGE('',*,*,#1682,.F.);
#1682 = EDGE_CURVE('',#1659,#1675,#1683,.T.);
#1683 = LINE('',#1684,#1685);
#1684 = CARTESIAN_POINT('',(-44.82990646,55.794969898059,1.8));
#1685 = VECTOR('',#1686,1.);
#1686 = DIRECTION('',(0.,1.,0.));
#1687 = FACE_BOUND('',#1688,.T.);
#1688 = EDGE_LOOP('',(#1689,#1700,#1708,#1716,#1725,#1733,#1741,#1750,
    #1758,#1767,#1775));
#1689 = ORIENTED_EDGE('',*,*,#1690,.F.);
#1690 = EDGE_CURVE('',#1691,#1693,#1695,.T.);
#1691 = VERTEX_POINT('',#1692);
#1692 = CARTESIAN_POINT('',(-62.69176583878,21.213926,1.8));
#1693 = VERTEX_POINT('',#1694);
#1694 = CARTESIAN_POINT('',(-63.69176583878,22.213926,1.8));
#1695 = CIRCLE('',#1696,1.);
#1696 = AXIS2_PLACEMENT_3D('',#1697,#1698,#1699);
#1697 = CARTESIAN_POINT('',(-62.69176583878,22.213926,1.8));
#1698 = DIRECTION('',(0.,0.,-1.));
#1699 = DIRECTION('',(0.,1.,0.));
#1700 = ORIENTED_EDGE('',*,*,#1701,.F.);
#1701 = EDGE_CURVE('',#1702,#1691,#1704,.T.);
#1702 = VERTEX_POINT('',#1703);
#1703 = CARTESIAN_POINT('',(-55.78119124033,21.213926,1.8));
#1704 = LINE('',#1705,#1706);
#1705 = CARTESIAN_POINT('',(-61.92843174644,21.213926,1.8));
#1706 = VECTOR('',#1707,1.);
#1707 = DIRECTION('',(-1.,0.,0.));
#1708 = ORIENTED_EDGE('',*,*,#1709,.F.);
#1709 = EDGE_CURVE('',#1710,#1702,#1712,.T.);
#1710 = VERTEX_POINT('',#1711);
#1711 = CARTESIAN_POINT('',(-53.45490570284,17.287774128558,1.8));
#1712 = LINE('',#1713,#1714);
#1713 = CARTESIAN_POINT('',(-65.82840789216,38.170958068797,1.8));
#1714 = VECTOR('',#1715,1.);
#1715 = DIRECTION('',(-0.509750010056,0.860322571625,0.));
#1716 = ORIENTED_EDGE('',*,*,#1717,.T.);
#1717 = EDGE_CURVE('',#1710,#1718,#1720,.T.);
#1718 = VERTEX_POINT('',#1719);
#1719 = CARTESIAN_POINT('',(-50.87393798797,18.817024158717,1.8));
#1720 = CIRCLE('',#1721,5.5);
#1721 = AXIS2_PLACEMENT_3D('',#1722,#1723,#1724);
#1722 = CARTESIAN_POINT('',(-49.46707833057,13.5,1.8));
#1723 = DIRECTION('',(0.,0.,1.));
#1724 = DIRECTION('',(1.,0.,0.));
#1725 = ORIENTED_EDGE('',*,*,#1726,.F.);
#1726 = EDGE_CURVE('',#1727,#1718,#1729,.T.);
#1727 = VERTEX_POINT('',#1728);
#1728 = CARTESIAN_POINT('',(-52.29412708679,21.213926,1.8));
#1729 = LINE('',#1730,#1731);
#1730 = CARTESIAN_POINT('',(-62.08429740854,37.73713216324,1.8));
#1731 = VECTOR('',#1732,1.);
#1732 = DIRECTION('',(0.509750010056,-0.860322571626,0.));
#1733 = ORIENTED_EDGE('',*,*,#1734,.F.);
#1734 = EDGE_CURVE('',#1735,#1727,#1737,.T.);
#1735 = VERTEX_POINT('',#1736);
#1736 = CARTESIAN_POINT('',(-50.390926,21.213926,1.8));
#1737 = LINE('',#1738,#1739);
#1738 = CARTESIAN_POINT('',(-61.92843174644,21.213926,1.8));
#1739 = VECTOR('',#1740,1.);
#1740 = DIRECTION('',(-1.,0.,0.));
#1741 = ORIENTED_EDGE('',*,*,#1742,.F.);
#1742 = EDGE_CURVE('',#1743,#1735,#1745,.T.);
#1743 = VERTEX_POINT('',#1744);
#1744 = CARTESIAN_POINT('',(-49.390926,22.213926,1.8));
#1745 = CIRCLE('',#1746,1.);
#1746 = AXIS2_PLACEMENT_3D('',#1747,#1748,#1749);
#1747 = CARTESIAN_POINT('',(-50.390926,22.213926,1.8));
#1748 = DIRECTION('',(0.,0.,-1.));
#1749 = DIRECTION('',(0.,1.,0.));
#1750 = ORIENTED_EDGE('',*,*,#1751,.F.);
#1751 = EDGE_CURVE('',#1752,#1743,#1754,.T.);
#1752 = VERTEX_POINT('',#1753);
#1753 = CARTESIAN_POINT('',(-49.390926,30.272995,1.8));
#1754 = LINE('',#1755,#1756);
#1755 = CARTESIAN_POINT('',(-49.390926,48.106963,1.8));
#1756 = VECTOR('',#1757,1.);
#1757 = DIRECTION('',(0.,-1.,0.));
#1758 = ORIENTED_EDGE('',*,*,#1759,.F.);
#1759 = EDGE_CURVE('',#1760,#1752,#1762,.T.);
#1760 = VERTEX_POINT('',#1761);
#1761 = CARTESIAN_POINT('',(-50.390926,31.272995,1.8));
#1762 = CIRCLE('',#1763,1.);
#1763 = AXIS2_PLACEMENT_3D('',#1764,#1765,#1766);
#1764 = CARTESIAN_POINT('',(-50.390926,30.272995,1.8));
#1765 = DIRECTION('',(0.,0.,-1.));
#1766 = DIRECTION('',(0.,1.,0.));
#1767 = ORIENTED_EDGE('',*,*,#1768,.F.);
#1768 = EDGE_CURVE('',#1769,#1760,#1771,.T.);
#1769 = VERTEX_POINT('',#1770);
#1770 = CARTESIAN_POINT('',(-63.69176583878,31.272995,1.8));
#1771 = LINE('',#1772,#1773);
#1772 = CARTESIAN_POINT('',(-54.77801182704,31.272995,1.8));
#1773 = VECTOR('',#1774,1.);
#1774 = DIRECTION('',(1.,0.,0.));
#1775 = ORIENTED_EDGE('',*,*,#1776,.F.);
#1776 = EDGE_CURVE('',#1693,#1769,#1777,.T.);
#1777 = LINE('',#1778,#1779);
#1778 = CARTESIAN_POINT('',(-63.69176583878,29.131857245734,1.8));
#1779 = VECTOR('',#1780,1.);
#1780 = DIRECTION('',(0.,1.,0.));
#1781 = FACE_BOUND('',#1782,.T.);
#1782 = EDGE_LOOP('',(#1783,#1793,#1801,#1809,#1818,#1826));
#1783 = ORIENTED_EDGE('',*,*,#1784,.F.);
#1784 = EDGE_CURVE('',#1785,#1787,#1789,.T.);
#1785 = VERTEX_POINT('',#1786);
#1786 = CARTESIAN_POINT('',(-27.4596376,57.85,1.8));
#1787 = VERTEX_POINT('',#1788);
#1788 = CARTESIAN_POINT('',(-40.4596376,57.85,1.8));
#1789 = LINE('',#1790,#1791);
#1790 = CARTESIAN_POINT('',(-51.04379567321,57.85,1.8));
#1791 = VECTOR('',#1792,1.);
#1792 = DIRECTION('',(-1.,0.,0.));
#1793 = ORIENTED_EDGE('',*,*,#1794,.T.);
#1794 = EDGE_CURVE('',#1785,#1795,#1797,.T.);
#1795 = VERTEX_POINT('',#1796);
#1796 = CARTESIAN_POINT('',(-27.4596376,68.998039,1.8));
#1797 = LINE('',#1798,#1799);
#1798 = CARTESIAN_POINT('',(-27.4596376,57.85,1.8));
#1799 = VECTOR('',#1800,1.);
#1800 = DIRECTION('',(0.,1.,0.));
#1801 = ORIENTED_EDGE('',*,*,#1802,.F.);
#1802 = EDGE_CURVE('',#1803,#1795,#1805,.T.);
#1803 = VERTEX_POINT('',#1804);
#1804 = CARTESIAN_POINT('',(-40.4596376,68.998039,1.8));
#1805 = LINE('',#1806,#1807);
#1806 = CARTESIAN_POINT('',(-27.0746949,68.998039,1.8));
#1807 = VECTOR('',#1808,1.);
#1808 = DIRECTION('',(1.,0.,0.));
#1809 = ORIENTED_EDGE('',*,*,#1810,.T.);
#1810 = EDGE_CURVE('',#1803,#1811,#1813,.T.);
#1811 = VERTEX_POINT('',#1812);
#1812 = CARTESIAN_POINT('',(-41.4596376,67.998039,1.8));
#1813 = CIRCLE('',#1814,1.);
#1814 = AXIS2_PLACEMENT_3D('',#1815,#1816,#1817);
#1815 = CARTESIAN_POINT('',(-40.4596376,67.998039,1.8));
#1816 = DIRECTION('',(0.,-0.,1.));
#1817 = DIRECTION('',(0.,1.,0.));
#1818 = ORIENTED_EDGE('',*,*,#1819,.F.);
#1819 = EDGE_CURVE('',#1820,#1811,#1822,.T.);
#1820 = VERTEX_POINT('',#1821);
#1821 = CARTESIAN_POINT('',(-41.4596376,58.85,1.8));
#1822 = LINE('',#1823,#1824);
#1823 = CARTESIAN_POINT('',(-41.4596376,66.578310808569,1.8));
#1824 = VECTOR('',#1825,1.);
#1825 = DIRECTION('',(0.,1.,0.));
#1826 = ORIENTED_EDGE('',*,*,#1827,.T.);
#1827 = EDGE_CURVE('',#1820,#1787,#1828,.T.);
#1828 = CIRCLE('',#1829,1.);
#1829 = AXIS2_PLACEMENT_3D('',#1830,#1831,#1832);
#1830 = CARTESIAN_POINT('',(-40.4596376,58.85,1.8));
#1831 = DIRECTION('',(0.,-0.,1.));
#1832 = DIRECTION('',(0.,1.,0.));
#1833 = FACE_BOUND('',#1834,.T.);
#1834 = EDGE_LOOP('',(#1835,#1845,#1854,#1862,#1870,#1878));
#1835 = ORIENTED_EDGE('',*,*,#1836,.F.);
#1836 = EDGE_CURVE('',#1837,#1839,#1841,.T.);
#1837 = VERTEX_POINT('',#1838);
#1838 = CARTESIAN_POINT('',(-74.946014,16.269472,1.8));
#1839 = VERTEX_POINT('',#1840);
#1840 = CARTESIAN_POINT('',(-80.481392,16.269472,1.8));
#1841 = LINE('',#1842,#1843);
#1842 = CARTESIAN_POINT('',(-70.82324482704,16.269472,1.8));
#1843 = VECTOR('',#1844,1.);
#1844 = DIRECTION('',(-1.,0.,0.));
#1845 = ORIENTED_EDGE('',*,*,#1846,.F.);
#1846 = EDGE_CURVE('',#1847,#1837,#1849,.T.);
#1847 = VERTEX_POINT('',#1848);
#1848 = CARTESIAN_POINT('',(-73.946014,17.269472,1.8));
#1849 = CIRCLE('',#1850,1.);
#1850 = AXIS2_PLACEMENT_3D('',#1851,#1852,#1853);
#1851 = CARTESIAN_POINT('',(-74.946014,17.269472,1.8));
#1852 = DIRECTION('',(0.,0.,-1.));
#1853 = DIRECTION('',(0.,1.,0.));
#1854 = ORIENTED_EDGE('',*,*,#1855,.F.);
#1855 = EDGE_CURVE('',#1856,#1847,#1858,.T.);
#1856 = VERTEX_POINT('',#1857);
#1857 = CARTESIAN_POINT('',(-73.946014,28.146653,1.8));
#1858 = LINE('',#1859,#1860);
#1859 = CARTESIAN_POINT('',(-73.946014,45.634736,1.8));
#1860 = VECTOR('',#1861,1.);
#1861 = DIRECTION('',(0.,-1.,0.));
#1862 = ORIENTED_EDGE('',*,*,#1863,.T.);
#1863 = EDGE_CURVE('',#1856,#1864,#1866,.T.);
#1864 = VERTEX_POINT('',#1865);
#1865 = CARTESIAN_POINT('',(-81.481392,28.146653,1.8));
#1866 = LINE('',#1867,#1868);
#1867 = CARTESIAN_POINT('',(-71.05548750367,28.146653,1.8));
#1868 = VECTOR('',#1869,1.);
#1869 = DIRECTION('',(-1.,9.4E-16,0.));
#1870 = ORIENTED_EDGE('',*,*,#1871,.T.);
#1871 = EDGE_CURVE('',#1864,#1872,#1874,.T.);
#1872 = VERTEX_POINT('',#1873);
#1873 = CARTESIAN_POINT('',(-81.481392,17.269472,1.8));
#1874 = LINE('',#1875,#1876);
#1875 = CARTESIAN_POINT('',(-81.481392,45.004040113059,1.8));
#1876 = VECTOR('',#1877,1.);
#1877 = DIRECTION('',(0.,-1.,0.));
#1878 = ORIENTED_EDGE('',*,*,#1879,.T.);
#1879 = EDGE_CURVE('',#1872,#1839,#1880,.T.);
#1880 = CIRCLE('',#1881,1.);
#1881 = AXIS2_PLACEMENT_3D('',#1882,#1883,#1884);
#1882 = CARTESIAN_POINT('',(-80.481392,17.269472,1.8));
#1883 = DIRECTION('',(0.,-0.,1.));
#1884 = DIRECTION('',(0.,1.,0.));
#1885 = FACE_BOUND('',#1886,.T.);
#1886 = EDGE_LOOP('',(#1887,#1897,#1906,#1914,#1923,#1931,#1940,#1948,
    #1957,#1965,#1974,#1982,#1991,#1999,#2008,#2016));
#1887 = ORIENTED_EDGE('',*,*,#1888,.F.);
#1888 = EDGE_CURVE('',#1889,#1891,#1893,.T.);
#1889 = VERTEX_POINT('',#1890);
#1890 = CARTESIAN_POINT('',(-73.144928,50.138256,1.8));
#1891 = VERTEX_POINT('',#1892);
#1892 = CARTESIAN_POINT('',(-73.144928,30.660711,1.8));
#1893 = LINE('',#1894,#1895);
#1894 = CARTESIAN_POINT('',(-73.144928,52.3303555,1.8));
#1895 = VECTOR('',#1896,1.);
#1896 = DIRECTION('',(0.,-1.,0.));
#1897 = ORIENTED_EDGE('',*,*,#1898,.F.);
#1898 = EDGE_CURVE('',#1899,#1889,#1901,.T.);
#1899 = VERTEX_POINT('',#1900);
#1900 = CARTESIAN_POINT('',(-74.144928,51.138256,1.8));
#1901 = CIRCLE('',#1902,1.);
#1902 = AXIS2_PLACEMENT_3D('',#1903,#1904,#1905);
#1903 = CARTESIAN_POINT('',(-74.144928,50.138256,1.8));
#1904 = DIRECTION('',(0.,0.,-1.));
#1905 = DIRECTION('',(0.,1.,0.));
#1906 = ORIENTED_EDGE('',*,*,#1907,.F.);
#1907 = EDGE_CURVE('',#1908,#1899,#1910,.T.);
#1908 = VERTEX_POINT('',#1909);
#1909 = CARTESIAN_POINT('',(-100.291313,51.138256,1.8));
#1910 = LINE('',#1911,#1912);
#1911 = CARTESIAN_POINT('',(-66.65501282704,51.138256,1.8));
#1912 = VECTOR('',#1913,1.);
#1913 = DIRECTION('',(1.,0.,0.));
#1914 = ORIENTED_EDGE('',*,*,#1915,.F.);
#1915 = EDGE_CURVE('',#1916,#1908,#1918,.T.);
#1916 = VERTEX_POINT('',#1917);
#1917 = CARTESIAN_POINT('',(-101.291313,50.138256,1.8));
#1918 = CIRCLE('',#1919,1.);
#1919 = AXIS2_PLACEMENT_3D('',#1920,#1921,#1922);
#1920 = CARTESIAN_POINT('',(-100.291313,50.138256,1.8));
#1921 = DIRECTION('',(0.,0.,-1.));
#1922 = DIRECTION('',(0.,1.,0.));
#1923 = ORIENTED_EDGE('',*,*,#1924,.F.);
#1924 = EDGE_CURVE('',#1925,#1916,#1927,.T.);
#1925 = VERTEX_POINT('',#1926);
#1926 = CARTESIAN_POINT('',(-101.291313,30.660711,1.8));
#1927 = LINE('',#1928,#1929);
#1928 = CARTESIAN_POINT('',(-101.291313,63.069128,1.8));
#1929 = VECTOR('',#1930,1.);
#1930 = DIRECTION('',(0.,1.,0.));
#1931 = ORIENTED_EDGE('',*,*,#1932,.F.);
#1932 = EDGE_CURVE('',#1933,#1925,#1935,.T.);
#1933 = VERTEX_POINT('',#1934);
#1934 = CARTESIAN_POINT('',(-100.291313,29.660711,1.8));
#1935 = CIRCLE('',#1936,1.);
#1936 = AXIS2_PLACEMENT_3D('',#1937,#1938,#1939);
#1937 = CARTESIAN_POINT('',(-100.291313,30.660711,1.8));
#1938 = DIRECTION('',(0.,0.,-1.));
#1939 = DIRECTION('',(0.,1.,0.));
#1940 = ORIENTED_EDGE('',*,*,#1941,.F.);
#1941 = EDGE_CURVE('',#1942,#1933,#1944,.T.);
#1942 = VERTEX_POINT('',#1943);
#1943 = CARTESIAN_POINT('',(-95.724609,29.660711,1.8));
#1944 = LINE('',#1945,#1946);
#1945 = CARTESIAN_POINT('',(-80.72820532704,29.660711,1.8));
#1946 = VECTOR('',#1947,1.);
#1947 = DIRECTION('',(-1.,0.,0.));
#1948 = ORIENTED_EDGE('',*,*,#1949,.F.);
#1949 = EDGE_CURVE('',#1950,#1942,#1952,.T.);
#1950 = VERTEX_POINT('',#1951);
#1951 = CARTESIAN_POINT('',(-94.724609,28.660711,1.8));
#1952 = CIRCLE('',#1953,1.);
#1953 = AXIS2_PLACEMENT_3D('',#1954,#1955,#1956);
#1954 = CARTESIAN_POINT('',(-95.724609,28.660711,1.8));
#1955 = DIRECTION('',(0.,-0.,1.));
#1956 = DIRECTION('',(0.,1.,0.));
#1957 = ORIENTED_EDGE('',*,*,#1958,.F.);
#1958 = EDGE_CURVE('',#1959,#1950,#1961,.T.);
#1959 = VERTEX_POINT('',#1960);
#1960 = CARTESIAN_POINT('',(-94.724609,25.25956,1.8));
#1961 = LINE('',#1962,#1963);
#1962 = CARTESIAN_POINT('',(-94.724609,52.3303555,1.8));
#1963 = VECTOR('',#1964,1.);
#1964 = DIRECTION('',(0.,1.,0.));
#1965 = ORIENTED_EDGE('',*,*,#1966,.F.);
#1966 = EDGE_CURVE('',#1967,#1959,#1969,.T.);
#1967 = VERTEX_POINT('',#1968);
#1968 = CARTESIAN_POINT('',(-93.724609,24.25956,1.8));
#1969 = CIRCLE('',#1970,1.);
#1970 = AXIS2_PLACEMENT_3D('',#1971,#1972,#1973);
#1971 = CARTESIAN_POINT('',(-93.724609,25.25956,1.8));
#1972 = DIRECTION('',(0.,0.,-1.));
#1973 = DIRECTION('',(0.,1.,0.));
#1974 = ORIENTED_EDGE('',*,*,#1975,.F.);
#1975 = EDGE_CURVE('',#1976,#1967,#1978,.T.);
#1976 = VERTEX_POINT('',#1977);
#1977 = CARTESIAN_POINT('',(-91.161903,24.25956,1.8));
#1978 = LINE('',#1979,#1980);
#1979 = CARTESIAN_POINT('',(-77.44485332704,24.25956,1.8));
#1980 = VECTOR('',#1981,1.);
#1981 = DIRECTION('',(-1.,0.,0.));
#1982 = ORIENTED_EDGE('',*,*,#1983,.F.);
#1983 = EDGE_CURVE('',#1984,#1976,#1986,.T.);
#1984 = VERTEX_POINT('',#1985);
#1985 = CARTESIAN_POINT('',(-90.161903,25.25956,1.8));
#1986 = CIRCLE('',#1987,1.);
#1987 = AXIS2_PLACEMENT_3D('',#1988,#1989,#1990);
#1988 = CARTESIAN_POINT('',(-91.161903,25.25956,1.8));
#1989 = DIRECTION('',(0.,0.,-1.));
#1990 = DIRECTION('',(0.,1.,0.));
#1991 = ORIENTED_EDGE('',*,*,#1992,.F.);
#1992 = EDGE_CURVE('',#1993,#1984,#1995,.T.);
#1993 = VERTEX_POINT('',#1994);
#1994 = CARTESIAN_POINT('',(-90.161903,28.660711,1.8));
#1995 = LINE('',#1996,#1997);
#1996 = CARTESIAN_POINT('',(-90.161903,49.62978,1.8));
#1997 = VECTOR('',#1998,1.);
#1998 = DIRECTION('',(0.,-1.,0.));
#1999 = ORIENTED_EDGE('',*,*,#2000,.F.);
#2000 = EDGE_CURVE('',#2001,#1993,#2003,.T.);
#2001 = VERTEX_POINT('',#2002);
#2002 = CARTESIAN_POINT('',(-89.161903,29.660711,1.8));
#2003 = CIRCLE('',#2004,1.);
#2004 = AXIS2_PLACEMENT_3D('',#2005,#2006,#2007);
#2005 = CARTESIAN_POINT('',(-89.161903,28.660711,1.8));
#2006 = DIRECTION('',(0.,-0.,1.));
#2007 = DIRECTION('',(0.,1.,0.));
#2008 = ORIENTED_EDGE('',*,*,#2009,.F.);
#2009 = EDGE_CURVE('',#2010,#2001,#2012,.T.);
#2010 = VERTEX_POINT('',#2011);
#2011 = CARTESIAN_POINT('',(-74.144928,29.660711,1.8));
#2012 = LINE('',#2013,#2014);
#2013 = CARTESIAN_POINT('',(-75.16350032704,29.660711,1.8));
#2014 = VECTOR('',#2015,1.);
#2015 = DIRECTION('',(-1.,0.,0.));
#2016 = ORIENTED_EDGE('',*,*,#2017,.T.);
#2017 = EDGE_CURVE('',#2010,#1891,#2018,.T.);
#2018 = CIRCLE('',#2019,1.);
#2019 = AXIS2_PLACEMENT_3D('',#2020,#2021,#2022);
#2020 = CARTESIAN_POINT('',(-74.144928,30.660711,1.8));
#2021 = DIRECTION('',(0.,-0.,1.));
#2022 = DIRECTION('',(0.,1.,0.));
#2023 = FACE_BOUND('',#2024,.T.);
#2024 = EDGE_LOOP('',(#2025,#2035,#2043,#2051));
#2025 = ORIENTED_EDGE('',*,*,#2026,.F.);
#2026 = EDGE_CURVE('',#2027,#2029,#2031,.T.);
#2027 = VERTEX_POINT('',#2028);
#2028 = CARTESIAN_POINT('',(-62.1050148,39.05830002,1.8));
#2029 = VERTEX_POINT('',#2030);
#2030 = CARTESIAN_POINT('',(-62.1050148,50.6904182,1.8));
#2031 = LINE('',#2032,#2033);
#2032 = CARTESIAN_POINT('',(-62.1050148,57.425922713059,1.8));
#2033 = VECTOR('',#2034,1.);
#2034 = DIRECTION('',(0.,1.,0.));
#2035 = ORIENTED_EDGE('',*,*,#2036,.F.);
#2036 = EDGE_CURVE('',#2037,#2027,#2039,.T.);
#2037 = VERTEX_POINT('',#2038);
#2038 = CARTESIAN_POINT('',(-57.44507599,39.05830002,1.8));
#2039 = LINE('',#2040,#2041);
#2040 = CARTESIAN_POINT('',(-61.36729890367,39.05830002,1.8));
#2041 = VECTOR('',#2042,1.);
#2042 = DIRECTION('',(-1.,0.,0.));
#2043 = ORIENTED_EDGE('',*,*,#2044,.F.);
#2044 = EDGE_CURVE('',#2045,#2037,#2047,.T.);
#2045 = VERTEX_POINT('',#2046);
#2046 = CARTESIAN_POINT('',(-57.44507599,50.6904182,1.8));
#2047 = LINE('',#2048,#2049);
#2048 = CARTESIAN_POINT('',(-57.44507599,51.609863623059,1.8));
#2049 = VECTOR('',#2050,1.);
#2050 = DIRECTION('',(0.,-1.,0.));
#2051 = ORIENTED_EDGE('',*,*,#2052,.F.);
#2052 = EDGE_CURVE('',#2029,#2045,#2053,.T.);
#2053 = LINE('',#2054,#2055);
#2054 = CARTESIAN_POINT('',(-59.03732949867,50.6904182,1.8));
#2055 = VECTOR('',#2056,1.);
#2056 = DIRECTION('',(1.,0.,0.));
#2057 = FACE_BOUND('',#2058,.T.);
#2058 = EDGE_LOOP('',(#2059,#2069,#2077,#2085));
#2059 = ORIENTED_EDGE('',*,*,#2060,.F.);
#2060 = EDGE_CURVE('',#2061,#2063,#2065,.T.);
#2061 = VERTEX_POINT('',#2062);
#2062 = CARTESIAN_POINT('',(-51.24915695,63.38315201,1.8));
#2063 = VERTEX_POINT('',#2064);
#2064 = CARTESIAN_POINT('',(-51.24915695,57.6052475,1.8));
#2065 = LINE('',#2066,#2067);
#2066 = CARTESIAN_POINT('',(-51.24915695,60.883337363059,1.8));
#2067 = VECTOR('',#2068,1.);
#2068 = DIRECTION('',(0.,-1.,0.));
#2069 = ORIENTED_EDGE('',*,*,#2070,.F.);
#2070 = EDGE_CURVE('',#2071,#2061,#2073,.T.);
#2071 = VERTEX_POINT('',#2072);
#2072 = CARTESIAN_POINT('',(-67.11682892,63.38315201,1.8));
#2073 = LINE('',#2074,#2075);
#2074 = CARTESIAN_POINT('',(-55.93936997867,63.38315201,1.8));
#2075 = VECTOR('',#2076,1.);
#2076 = DIRECTION('',(1.,0.,0.));
#2077 = ORIENTED_EDGE('',*,*,#2078,.F.);
#2078 = EDGE_CURVE('',#2079,#2071,#2081,.T.);
#2079 = VERTEX_POINT('',#2080);
#2080 = CARTESIAN_POINT('',(-67.11682892,57.6052475,1.8));
#2081 = LINE('',#2082,#2083);
#2082 = CARTESIAN_POINT('',(-67.11682892,63.772289618059,1.8));
#2083 = VECTOR('',#2084,1.);
#2084 = DIRECTION('',(0.,1.,0.));
#2085 = ORIENTED_EDGE('',*,*,#2086,.F.);
#2086 = EDGE_CURVE('',#2063,#2079,#2087,.T.);
#2087 = LINE('',#2088,#2089);
#2088 = CARTESIAN_POINT('',(-63.87320596367,57.6052475,1.8));
#2089 = VECTOR('',#2090,1.);
#2090 = DIRECTION('',(-1.,0.,0.));
#2091 = FACE_BOUND('',#2092,.T.);
#2092 = EDGE_LOOP('',(#2093,#2103,#2111,#2119));
#2093 = ORIENTED_EDGE('',*,*,#2094,.F.);
#2094 = EDGE_CURVE('',#2095,#2097,#2099,.T.);
#2095 = VERTEX_POINT('',#2096);
#2096 = CARTESIAN_POINT('',(-83.31101948,58.34679413,1.8));
#2097 = VERTEX_POINT('',#2098);
#2098 = CARTESIAN_POINT('',(-83.31101948,62.87710953,1.8));
#2099 = LINE('',#2100,#2101);
#2100 = CARTESIAN_POINT('',(-83.31101948,63.519268378059,1.8));
#2101 = VECTOR('',#2102,1.);
#2102 = DIRECTION('',(0.,1.,0.));
#2103 = ORIENTED_EDGE('',*,*,#2104,.F.);
#2104 = EDGE_CURVE('',#2105,#2095,#2107,.T.);
#2105 = VERTEX_POINT('',#2106);
#2106 = CARTESIAN_POINT('',(-70.19417572,58.34679413,1.8));
#2107 = LINE('',#2108,#2109);
#2108 = CARTESIAN_POINT('',(-71.97030124367,58.34679413,1.8));
#2109 = VECTOR('',#2110,1.);
#2110 = DIRECTION('',(-1.,0.,0.));
#2111 = ORIENTED_EDGE('',*,*,#2112,.F.);
#2112 = EDGE_CURVE('',#2113,#2105,#2115,.T.);
#2113 = VERTEX_POINT('',#2114);
#2114 = CARTESIAN_POINT('',(-70.19417572,62.87710953,1.8));
#2115 = LINE('',#2116,#2117);
#2116 = CARTESIAN_POINT('',(-70.19417572,61.254110678059,1.8));
#2117 = VECTOR('',#2118,1.);
#2118 = DIRECTION('',(0.,-1.,0.));
#2119 = ORIENTED_EDGE('',*,*,#2120,.F.);
#2120 = EDGE_CURVE('',#2097,#2113,#2121,.T.);
#2121 = LINE('',#2122,#2123);
#2122 = CARTESIAN_POINT('',(-65.41187936367,62.87710953,1.8));
#2123 = VECTOR('',#2124,1.);
#2124 = DIRECTION('',(1.,0.,0.));
#2125 = FACE_BOUND('',#2126,.T.);
#2126 = EDGE_LOOP('',(#2127,#2137,#2145,#2153,#2162,#2170));
#2127 = ORIENTED_EDGE('',*,*,#2128,.F.);
#2128 = EDGE_CURVE('',#2129,#2131,#2133,.T.);
#2129 = VERTEX_POINT('',#2130);
#2130 = CARTESIAN_POINT('',(-24.0746949,71.709816,1.8));
#2131 = VERTEX_POINT('',#2132);
#2132 = CARTESIAN_POINT('',(-32.3706879,71.709816,1.8));
#2133 = LINE('',#2134,#2135);
#2134 = CARTESIAN_POINT('',(-46.99932082321,71.709816,1.8));
#2135 = VECTOR('',#2136,1.);
#2136 = DIRECTION('',(-1.,0.,0.));
#2137 = ORIENTED_EDGE('',*,*,#2138,.F.);
#2138 = EDGE_CURVE('',#2139,#2129,#2141,.T.);
#2139 = VERTEX_POINT('',#2140);
#2140 = CARTESIAN_POINT('',(-24.0746949,88.9957736,1.8));
#2141 = LINE('',#2142,#2143);
#2142 = CARTESIAN_POINT('',(-24.0746949,88.9957736,1.8));
#2143 = VECTOR('',#2144,1.);
#2144 = DIRECTION('',(0.,-1.,0.));
#2145 = ORIENTED_EDGE('',*,*,#2146,.F.);
#2146 = EDGE_CURVE('',#2147,#2139,#2149,.T.);
#2147 = VERTEX_POINT('',#2148);
#2148 = CARTESIAN_POINT('',(-32.3706879,88.9957736,1.8));
#2149 = LINE('',#2150,#2151);
#2150 = CARTESIAN_POINT('',(-28.0746949,88.9957736,1.8));
#2151 = VECTOR('',#2152,1.);
#2152 = DIRECTION('',(1.,0.,0.));
#2153 = ORIENTED_EDGE('',*,*,#2154,.T.);
#2154 = EDGE_CURVE('',#2147,#2155,#2157,.T.);
#2155 = VERTEX_POINT('',#2156);
#2156 = CARTESIAN_POINT('',(-33.3706879,87.9957736,1.8));
#2157 = CIRCLE('',#2158,1.);
#2158 = AXIS2_PLACEMENT_3D('',#2159,#2160,#2161);
#2159 = CARTESIAN_POINT('',(-32.3706879,87.9957736,1.8));
#2160 = DIRECTION('',(0.,-0.,1.));
#2161 = DIRECTION('',(0.,1.,0.));
#2162 = ORIENTED_EDGE('',*,*,#2163,.F.);
#2163 = EDGE_CURVE('',#2164,#2155,#2166,.T.);
#2164 = VERTEX_POINT('',#2165);
#2165 = CARTESIAN_POINT('',(-33.3706879,72.709816,1.8));
#2166 = LINE('',#2167,#2168);
#2167 = CARTESIAN_POINT('',(-33.3706879,76.577178108569,1.8));
#2168 = VECTOR('',#2169,1.);
#2169 = DIRECTION('',(0.,1.,0.));
#2170 = ORIENTED_EDGE('',*,*,#2171,.T.);
#2171 = EDGE_CURVE('',#2164,#2131,#2172,.T.);
#2172 = CIRCLE('',#2173,1.);
#2173 = AXIS2_PLACEMENT_3D('',#2174,#2175,#2176);
#2174 = CARTESIAN_POINT('',(-32.3706879,72.709816,1.8));
#2175 = DIRECTION('',(0.,-0.,1.));
#2176 = DIRECTION('',(0.,1.,0.));
#2177 = FACE_BOUND('',#2178,.T.);
#2178 = EDGE_LOOP('',(#2179,#2189,#2197,#2205));
#2179 = ORIENTED_EDGE('',*,*,#2180,.F.);
#2180 = EDGE_CURVE('',#2181,#2183,#2185,.T.);
#2181 = VERTEX_POINT('',#2182);
#2182 = CARTESIAN_POINT('',(-40.96775055,84.239151,1.8));
#2183 = VERTEX_POINT('',#2184);
#2184 = CARTESIAN_POINT('',(-40.96775055,74.96285248,1.8));
#2185 = LINE('',#2186,#2187);
#2186 = CARTESIAN_POINT('',(-40.96775055,69.562139853059,1.8));
#2187 = VECTOR('',#2188,1.);
#2188 = DIRECTION('',(0.,-1.,0.));
#2189 = ORIENTED_EDGE('',*,*,#2190,.F.);
#2190 = EDGE_CURVE('',#2191,#2181,#2193,.T.);
#2191 = VERTEX_POINT('',#2192);
#2192 = CARTESIAN_POINT('',(-53.32037354,84.239151,1.8));
#2193 = LINE('',#2194,#2195);
#2194 = CARTESIAN_POINT('',(-50.79866677867,84.239151,1.8));
#2195 = VECTOR('',#2196,1.);
#2196 = DIRECTION('',(1.,0.,0.));
#2197 = ORIENTED_EDGE('',*,*,#2198,.F.);
#2198 = EDGE_CURVE('',#2199,#2191,#2201,.T.);
#2199 = VERTEX_POINT('',#2200);
#2200 = CARTESIAN_POINT('',(-53.32037354,74.96285248,1.8));
#2201 = LINE('',#2202,#2203);
#2202 = CARTESIAN_POINT('',(-53.32037354,74.200289113059,1.8));
#2203 = VECTOR('',#2204,1.);
#2204 = DIRECTION('',(0.,1.,0.));
#2205 = ORIENTED_EDGE('',*,*,#2206,.F.);
#2206 = EDGE_CURVE('',#2183,#2199,#2207,.T.);
#2207 = LINE('',#2208,#2209);
#2208 = CARTESIAN_POINT('',(-56.97497827367,74.96285248,1.8));
#2209 = VECTOR('',#2210,1.);
#2210 = DIRECTION('',(-1.,0.,0.));
#2211 = FACE_BOUND('',#2212,.T.);
#2212 = EDGE_LOOP('',(#2213,#2223,#2231,#2239));
#2213 = ORIENTED_EDGE('',*,*,#2214,.F.);
#2214 = EDGE_CURVE('',#2215,#2217,#2219,.T.);
#2215 = VERTEX_POINT('',#2216);
#2216 = CARTESIAN_POINT('',(-23.37988281,122.9065738,1.8));
#2217 = VERTEX_POINT('',#2218);
#2218 = CARTESIAN_POINT('',(-12.37517357,122.9065738,1.8));
#2219 = LINE('',#2220,#2221);
#2220 = CARTESIAN_POINT('',(-36.50237828867,122.9065738,1.8));
#2221 = VECTOR('',#2222,1.);
#2222 = DIRECTION('',(1.,0.,0.));
#2223 = ORIENTED_EDGE('',*,*,#2224,.F.);
#2224 = EDGE_CURVE('',#2225,#2215,#2227,.T.);
#2225 = VERTEX_POINT('',#2226);
#2226 = CARTESIAN_POINT('',(-23.37988281,113.83931731,1.8));
#2227 = LINE('',#2228,#2229);
#2228 = CARTESIAN_POINT('',(-23.37988281,93.534000513059,1.8));
#2229 = VECTOR('',#2230,1.);
#2230 = DIRECTION('',(0.,1.,0.));
#2231 = ORIENTED_EDGE('',*,*,#2232,.F.);
#2232 = EDGE_CURVE('',#2233,#2225,#2235,.T.);
#2233 = VERTEX_POINT('',#2234);
#2234 = CARTESIAN_POINT('',(-12.37517357,113.83931731,1.8));
#2235 = LINE('',#2236,#2237);
#2236 = CARTESIAN_POINT('',(-42.00473290867,113.83931731,1.8));
#2237 = VECTOR('',#2238,1.);
#2238 = DIRECTION('',(-1.,0.,0.));
#2239 = ORIENTED_EDGE('',*,*,#2240,.F.);
#2240 = EDGE_CURVE('',#2217,#2233,#2241,.T.);
#2241 = LINE('',#2242,#2243);
#2242 = CARTESIAN_POINT('',(-12.37517357,89.000372268059,1.8));
#2243 = VECTOR('',#2244,1.);
#2244 = DIRECTION('',(0.,-1.,0.));
#2245 = FACE_BOUND('',#2246,.T.);
#2246 = EDGE_LOOP('',(#2247,#2257,#2265,#2273));
#2247 = ORIENTED_EDGE('',*,*,#2248,.F.);
#2248 = EDGE_CURVE('',#2249,#2251,#2253,.T.);
#2249 = VERTEX_POINT('',#2250);
#2250 = CARTESIAN_POINT('',(-56.15831495,90.14083095,1.8));
#2251 = VERTEX_POINT('',#2252);
#2252 = CARTESIAN_POINT('',(-56.15831495,72.67115016,1.8));
#2253 = LINE('',#2254,#2255);
#2254 = CARTESIAN_POINT('',(-56.15831495,68.416288693059,1.8));
#2255 = VECTOR('',#2256,1.);
#2256 = DIRECTION('',(0.,-1.,0.));
#2257 = ORIENTED_EDGE('',*,*,#2258,.F.);
#2258 = EDGE_CURVE('',#2259,#2249,#2261,.T.);
#2259 = VERTEX_POINT('',#2260);
#2260 = CARTESIAN_POINT('',(-68.72603607,90.14083095,1.8));
#2261 = LINE('',#2262,#2263);
#2262 = CARTESIAN_POINT('',(-58.39394897867,90.14083095,1.8));
#2263 = VECTOR('',#2264,1.);
#2264 = DIRECTION('',(1.,0.,0.));
#2265 = ORIENTED_EDGE('',*,*,#2266,.F.);
#2266 = EDGE_CURVE('',#2267,#2259,#2269,.T.);
#2267 = VERTEX_POINT('',#2268);
#2268 = CARTESIAN_POINT('',(-68.72603607,72.67115016,1.8));
#2269 = LINE('',#2270,#2271);
#2270 = CARTESIAN_POINT('',(-68.72603607,77.151129088059,1.8));
#2271 = VECTOR('',#2272,1.);
#2272 = DIRECTION('',(0.,1.,0.));
#2273 = ORIENTED_EDGE('',*,*,#2274,.F.);
#2274 = EDGE_CURVE('',#2251,#2267,#2275,.T.);
#2275 = LINE('',#2276,#2277);
#2276 = CARTESIAN_POINT('',(-64.67780953867,72.67115016,1.8));
#2277 = VECTOR('',#2278,1.);
#2278 = DIRECTION('',(-1.,0.,0.));
#2279 = FACE_BOUND('',#2280,.T.);
#2280 = EDGE_LOOP('',(#2281,#2291,#2299,#2307,#2315,#2323,#2331,#2339));
#2281 = ORIENTED_EDGE('',*,*,#2282,.F.);
#2282 = EDGE_CURVE('',#2283,#2285,#2287,.T.);
#2283 = VERTEX_POINT('',#2284);
#2284 = CARTESIAN_POINT('',(-88.56921387,86.89498138,1.8));
#2285 = VERTEX_POINT('',#2286);
#2286 = CARTESIAN_POINT('',(-75.93088531,86.89498138,1.8));
#2287 = LINE('',#2288,#2289);
#2288 = CARTESIAN_POINT('',(-68.28023415867,86.89498138,1.8));
#2289 = VECTOR('',#2290,1.);
#2290 = DIRECTION('',(1.,0.,0.));
#2291 = ORIENTED_EDGE('',*,*,#2292,.F.);
#2292 = EDGE_CURVE('',#2293,#2283,#2295,.T.);
#2293 = VERTEX_POINT('',#2294);
#2294 = CARTESIAN_POINT('',(-88.56921387,71.8560791,1.8));
#2295 = LINE('',#2296,#2297);
#2296 = CARTESIAN_POINT('',(-88.56921387,75.528204303059,1.8));
#2297 = VECTOR('',#2298,1.);
#2298 = DIRECTION('',(0.,1.,0.));
#2299 = ORIENTED_EDGE('',*,*,#2300,.F.);
#2300 = EDGE_CURVE('',#2301,#2293,#2303,.T.);
#2301 = VERTEX_POINT('',#2302);
#2302 = CARTESIAN_POINT('',(-75.93088531,71.8560791,1.8));
#2303 = LINE('',#2304,#2305);
#2304 = CARTESIAN_POINT('',(-74.59939843867,71.8560791,1.8));
#2305 = VECTOR('',#2306,1.);
#2306 = DIRECTION('',(-1.,0.,0.));
#2307 = ORIENTED_EDGE('',*,*,#2308,.F.);
#2308 = EDGE_CURVE('',#2309,#2301,#2311,.T.);
#2309 = VERTEX_POINT('',#2310);
#2310 = CARTESIAN_POINT('',(-75.93088531,69.10247803,1.8));
#2311 = LINE('',#2312,#2313);
#2312 = CARTESIAN_POINT('',(-75.93088531,68.008753163059,1.8));
#2313 = VECTOR('',#2314,1.);
#2314 = DIRECTION('',(0.,1.,0.));
#2315 = ORIENTED_EDGE('',*,*,#2316,.F.);
#2316 = EDGE_CURVE('',#2317,#2309,#2319,.T.);
#2317 = VERTEX_POINT('',#2318);
#2318 = CARTESIAN_POINT('',(-71.69458008,69.10247803,1.8));
#2319 = LINE('',#2320,#2321);
#2320 = CARTESIAN_POINT('',(-68.28023415867,69.10247803,1.8));
#2321 = VECTOR('',#2322,1.);
#2322 = DIRECTION('',(-1.,0.,0.));
#2323 = ORIENTED_EDGE('',*,*,#2324,.F.);
#2324 = EDGE_CURVE('',#2325,#2317,#2327,.T.);
#2325 = VERTEX_POINT('',#2326);
#2326 = CARTESIAN_POINT('',(-71.69458008,89.78978729,1.8));
#2327 = LINE('',#2328,#2329);
#2328 = CARTESIAN_POINT('',(-71.69458008,66.631952628059,1.8));
#2329 = VECTOR('',#2330,1.);
#2330 = DIRECTION('',(0.,-1.,0.));
#2331 = ORIENTED_EDGE('',*,*,#2332,.F.);
#2332 = EDGE_CURVE('',#2333,#2325,#2335,.T.);
#2333 = VERTEX_POINT('',#2334);
#2334 = CARTESIAN_POINT('',(-75.93088531,89.78978729,1.8));
#2335 = LINE('',#2336,#2337);
#2336 = CARTESIAN_POINT('',(-66.16208154367,89.78978729,1.8));
#2337 = VECTOR('',#2338,1.);
#2338 = DIRECTION('',(1.,0.,0.));
#2339 = ORIENTED_EDGE('',*,*,#2340,.T.);
#2340 = EDGE_CURVE('',#2333,#2285,#2341,.T.);
#2341 = LINE('',#2342,#2343);
#2342 = CARTESIAN_POINT('',(-75.93088531,75.528204303059,1.8));
#2343 = VECTOR('',#2344,1.);
#2344 = DIRECTION('',(0.,-1.,0.));
#2345 = FACE_BOUND('',#2346,.T.);
#2346 = EDGE_LOOP('',(#2347,#2348,#2349,#2357));
#2347 = ORIENTED_EDGE('',*,*,#328,.F.);
#2348 = ORIENTED_EDGE('',*,*,#87,.F.);
#2349 = ORIENTED_EDGE('',*,*,#2350,.F.);
#2350 = EDGE_CURVE('',#2351,#80,#2353,.T.);
#2351 = VERTEX_POINT('',#2352);
#2352 = CARTESIAN_POINT('',(-25.284,142.29999999999,1.8));
#2353 = LINE('',#2354,#2355);
#2354 = CARTESIAN_POINT('',(-25.284,77.730713613059,1.8));
#2355 = VECTOR('',#2356,1.);
#2356 = DIRECTION('',(0.,-1.,0.));
#2357 = ORIENTED_EDGE('',*,*,#2358,.F.);
#2358 = EDGE_CURVE('',#329,#2351,#2359,.T.);
#2359 = LINE('',#2360,#2361);
#2360 = CARTESIAN_POINT('',(-42.95679150367,142.29999999999,1.8));
#2361 = VECTOR('',#2362,1.);
#2362 = DIRECTION('',(1.,0.,0.));
#2363 = PLANE('',#2364);
#2364 = AXIS2_PLACEMENT_3D('',#2365,#2366,#2367);
#2365 = CARTESIAN_POINT('',(-60.62958300735,64.161427226118,1.8));
#2366 = DIRECTION('',(-0.,-0.,-1.));
#2367 = DIRECTION('',(-1.,0.,0.));
#2368 = ADVANCED_FACE('',(#2369,#3233,#3371,#3405),#3471,.T.);
#2369 = FACE_BOUND('',#2370,.T.);
#2370 = EDGE_LOOP('',(#2371,#2381,#2389,#2398,#2406,#2414,#2422,#2430,
    #2438,#2446,#2454,#2463,#2472,#2480,#2487,#2495,#2503,#2511,#2518,
    #2526,#2534,#2542,#2549,#2557,#2565,#2573,#2580,#2588,#2596,#2604,
    #2611,#2619,#2627,#2635,#2642,#2650,#2658,#2666,#2673,#2681,#2689,
    #2697,#2704,#2712,#2720,#2728,#2735,#2743,#2751,#2759,#2766,#2774,
    #2782,#2790,#2798,#2805,#2813,#2821,#2829,#2837,#2845,#2853,#2861,
    #2870,#2878,#2886,#2895,#2903,#2912,#2920,#2928,#2936,#2944,#2952,
    #2959,#2967,#2975,#2983,#2990,#2998,#3006,#3014,#3021,#3029,#3038,
    #3046,#3055,#3063,#3071,#3079,#3088,#3096,#3104,#3112,#3120,#3128,
    #3136,#3144,#3152,#3161,#3169,#3178,#3184,#3185,#3186,#3195,#3203,
    #3211,#3219,#3227));
#2371 = ORIENTED_EDGE('',*,*,#2372,.F.);
#2372 = EDGE_CURVE('',#2373,#2375,#2377,.T.);
#2373 = VERTEX_POINT('',#2374);
#2374 = CARTESIAN_POINT('',(-67.11682892,58.205247500001,4.9));
#2375 = VERTEX_POINT('',#2376);
#2376 = CARTESIAN_POINT('',(-67.11682892,57.6052475,4.9));
#2377 = LINE('',#2378,#2379);
#2378 = CARTESIAN_POINT('',(-67.11682892,63.38315201,4.9));
#2379 = VECTOR('',#2380,1.);
#2380 = DIRECTION('',(0.,-1.,0.));
#2381 = ORIENTED_EDGE('',*,*,#2382,.F.);
#2382 = EDGE_CURVE('',#2383,#2373,#2385,.T.);
#2383 = VERTEX_POINT('',#2384);
#2384 = CARTESIAN_POINT('',(-96.284,58.205247500001,4.9));
#2385 = LINE('',#2386,#2387);
#2386 = CARTESIAN_POINT('',(-96.284,58.205247500001,4.9));
#2387 = VECTOR('',#2388,1.);
#2388 = DIRECTION('',(1.,0.,0.));
#2389 = ORIENTED_EDGE('',*,*,#2390,.F.);
#2390 = EDGE_CURVE('',#2391,#2383,#2393,.T.);
#2391 = VERTEX_POINT('',#2392);
#2392 = CARTESIAN_POINT('',(-99.18399999999,61.1052475,4.9));
#2393 = CIRCLE('',#2394,2.9);
#2394 = AXIS2_PLACEMENT_3D('',#2395,#2396,#2397);
#2395 = CARTESIAN_POINT('',(-96.28399999999,61.105247500001,4.9));
#2396 = DIRECTION('',(0.,0.,1.));
#2397 = DIRECTION('',(-1.,-2.3448E-13,0.));
#2398 = ORIENTED_EDGE('',*,*,#2399,.F.);
#2399 = EDGE_CURVE('',#2400,#2391,#2402,.T.);
#2400 = VERTEX_POINT('',#2401);
#2401 = CARTESIAN_POINT('',(-99.18399999999,85.7,4.9));
#2402 = LINE('',#2403,#2404);
#2403 = CARTESIAN_POINT('',(-99.18399999999,142.29999999999,4.9));
#2404 = VECTOR('',#2405,1.);
#2405 = DIRECTION('',(0.,-1.,0.));
#2406 = ORIENTED_EDGE('',*,*,#2407,.F.);
#2407 = EDGE_CURVE('',#2408,#2400,#2410,.T.);
#2408 = VERTEX_POINT('',#2409);
#2409 = CARTESIAN_POINT('',(-99.78399999999,86.299999999999,4.9));
#2410 = LINE('',#2411,#2412);
#2411 = CARTESIAN_POINT('',(-99.78399999999,86.299999999999,4.9));
#2412 = VECTOR('',#2413,1.);
#2413 = DIRECTION('',(0.707106781187,-0.707106781187,0.));
#2414 = ORIENTED_EDGE('',*,*,#2415,.F.);
#2415 = EDGE_CURVE('',#2416,#2408,#2418,.T.);
#2416 = VERTEX_POINT('',#2417);
#2417 = CARTESIAN_POINT('',(-99.78399999999,110.79999999999,4.9));
#2418 = LINE('',#2419,#2420);
#2419 = CARTESIAN_POINT('',(-99.78399999999,110.79999999999,4.9));
#2420 = VECTOR('',#2421,1.);
#2421 = DIRECTION('',(0.,-1.,0.));
#2422 = ORIENTED_EDGE('',*,*,#2423,.F.);
#2423 = EDGE_CURVE('',#2424,#2416,#2426,.T.);
#2424 = VERTEX_POINT('',#2425);
#2425 = CARTESIAN_POINT('',(-99.18399999999,111.39999999999,4.9));
#2426 = LINE('',#2427,#2428);
#2427 = CARTESIAN_POINT('',(-98.28399999999,112.29999999999,4.9));
#2428 = VECTOR('',#2429,1.);
#2429 = DIRECTION('',(-0.707106781187,-0.707106781187,0.));
#2430 = ORIENTED_EDGE('',*,*,#2431,.F.);
#2431 = EDGE_CURVE('',#2432,#2424,#2434,.T.);
#2432 = VERTEX_POINT('',#2433);
#2433 = CARTESIAN_POINT('',(-99.18399999999,142.04278258744,4.9));
#2434 = LINE('',#2435,#2436);
#2435 = CARTESIAN_POINT('',(-99.18399999999,142.29999999999,4.9));
#2436 = VECTOR('',#2437,1.);
#2437 = DIRECTION('',(0.,-1.,0.));
#2438 = ORIENTED_EDGE('',*,*,#2439,.F.);
#2439 = EDGE_CURVE('',#2440,#2432,#2442,.T.);
#2440 = VERTEX_POINT('',#2441);
#2441 = CARTESIAN_POINT('',(-100.001,142.04278258744,4.9));
#2442 = LINE('',#2443,#2444);
#2443 = CARTESIAN_POINT('',(-79.7630422536,142.04278258744,4.9));
#2444 = VECTOR('',#2445,1.);
#2445 = DIRECTION('',(1.,0.,0.));
#2446 = ORIENTED_EDGE('',*,*,#2447,.F.);
#2447 = EDGE_CURVE('',#2448,#2440,#2450,.T.);
#2448 = VERTEX_POINT('',#2449);
#2449 = CARTESIAN_POINT('',(-100.001,138.99999999999,4.9));
#2450 = LINE('',#2451,#2452);
#2451 = CARTESIAN_POINT('',(-100.001,138.99999999999,4.9));
#2452 = VECTOR('',#2453,1.);
#2453 = DIRECTION('',(0.,1.,0.));
#2454 = ORIENTED_EDGE('',*,*,#2455,.F.);
#2455 = EDGE_CURVE('',#2456,#2448,#2458,.T.);
#2456 = VERTEX_POINT('',#2457);
#2457 = CARTESIAN_POINT('',(-103.4151896689,134.79222861155,4.9));
#2458 = CIRCLE('',#2459,4.3);
#2459 = AXIS2_PLACEMENT_3D('',#2460,#2461,#2462);
#2460 = CARTESIAN_POINT('',(-104.301,138.99999999999,4.9));
#2461 = DIRECTION('',(0.,0.,1.));
#2462 = DIRECTION('',(-1.,0.,0.));
#2463 = ORIENTED_EDGE('',*,*,#2464,.T.);
#2464 = EDGE_CURVE('',#2456,#2465,#2467,.T.);
#2465 = VERTEX_POINT('',#2466);
#2466 = CARTESIAN_POINT('',(-104.301,134.69999999999,4.9));
#2467 = CIRCLE('',#2468,4.3);
#2468 = AXIS2_PLACEMENT_3D('',#2469,#2470,#2471);
#2469 = CARTESIAN_POINT('',(-104.301,138.99999999999,4.9));
#2470 = DIRECTION('',(0.,0.,-1.));
#2471 = DIRECTION('',(-1.,-0.,-0.));
#2472 = ORIENTED_EDGE('',*,*,#2473,.T.);
#2473 = EDGE_CURVE('',#2465,#2474,#2476,.T.);
#2474 = VERTEX_POINT('',#2475);
#2475 = CARTESIAN_POINT('',(-105.911,134.69999999999,4.9));
#2476 = LINE('',#2477,#2478);
#2477 = CARTESIAN_POINT('',(-104.301,134.69999999999,4.9));
#2478 = VECTOR('',#2479,1.);
#2479 = DIRECTION('',(-1.,-0.,-0.));
#2480 = ORIENTED_EDGE('',*,*,#2481,.T.);
#2481 = EDGE_CURVE('',#2474,#2482,#2484,.T.);
#2482 = VERTEX_POINT('',#2483);
#2483 = CARTESIAN_POINT('',(-105.911,128.01000032117,4.9));
#2484 = B_SPLINE_CURVE_WITH_KNOTS('',1,(#2485,#2486),.UNSPECIFIED.,.F.,
  .F.,(2,2),(0.,1.),.PIECEWISE_BEZIER_KNOTS.);
#2485 = CARTESIAN_POINT('',(-105.911,139.00000032022,4.9));
#2486 = CARTESIAN_POINT('',(-105.911,127.99853107496,4.9));
#2487 = ORIENTED_EDGE('',*,*,#2488,.T.);
#2488 = EDGE_CURVE('',#2482,#2489,#2491,.T.);
#2489 = VERTEX_POINT('',#2490);
#2490 = CARTESIAN_POINT('',(-109.3009999999,131.40000032116,4.9));
#2491 = LINE('',#2492,#2493);
#2492 = CARTESIAN_POINT('',(-81.51250359483,103.611503916,4.9));
#2493 = VECTOR('',#2494,1.);
#2494 = DIRECTION('',(-0.707106781187,0.707106781187,0.));
#2495 = ORIENTED_EDGE('',*,*,#2496,.T.);
#2496 = EDGE_CURVE('',#2489,#2497,#2499,.T.);
#2497 = VERTEX_POINT('',#2498);
#2498 = CARTESIAN_POINT('',(-109.3009999999,122.20000032117,4.9));
#2499 = LINE('',#2500,#2501);
#2500 = CARTESIAN_POINT('',(-109.3009999999,106.26096541782,4.9));
#2501 = VECTOR('',#2502,1.);
#2502 = DIRECTION('',(0.,-1.,0.));
#2503 = ORIENTED_EDGE('',*,*,#2504,.T.);
#2504 = EDGE_CURVE('',#2497,#2505,#2507,.T.);
#2505 = VERTEX_POINT('',#2506);
#2506 = CARTESIAN_POINT('',(-105.911,125.59000032117,4.9));
#2507 = LINE('',#2508,#2509);
#2508 = CARTESIAN_POINT('',(-106.0515384981,125.44946182298,4.9));
#2509 = VECTOR('',#2510,1.);
#2510 = DIRECTION('',(0.707106781187,0.707106781187,-0.));
#2511 = ORIENTED_EDGE('',*,*,#2512,.T.);
#2512 = EDGE_CURVE('',#2505,#2513,#2515,.T.);
#2513 = VERTEX_POINT('',#2514);
#2514 = CARTESIAN_POINT('',(-105.911,116.23222254339,4.9));
#2515 = B_SPLINE_CURVE_WITH_KNOTS('',1,(#2516,#2517),.UNSPECIFIED.,.F.,
  .F.,(2,2),(0.,1.),.PIECEWISE_BEZIER_KNOTS.);
#2516 = CARTESIAN_POINT('',(-105.911,125.60146956584,4.9));
#2517 = CARTESIAN_POINT('',(-105.911,116.22075329736,4.9));
#2518 = ORIENTED_EDGE('',*,*,#2519,.T.);
#2519 = EDGE_CURVE('',#2513,#2520,#2522,.T.);
#2520 = VERTEX_POINT('',#2521);
#2521 = CARTESIAN_POINT('',(-109.3009999999,119.62222254339,4.9));
#2522 = LINE('',#2523,#2524);
#2523 = CARTESIAN_POINT('',(-84.45694803928,94.778170582673,4.9));
#2524 = VECTOR('',#2525,1.);
#2525 = DIRECTION('',(-0.707106781187,0.707106781187,0.));
#2526 = ORIENTED_EDGE('',*,*,#2527,.T.);
#2527 = EDGE_CURVE('',#2520,#2528,#2530,.T.);
#2528 = VERTEX_POINT('',#2529);
#2529 = CARTESIAN_POINT('',(-109.3009999999,110.42222254339,4.9));
#2530 = LINE('',#2531,#2532);
#2531 = CARTESIAN_POINT('',(-109.3009999999,100.37207652893,4.9));
#2532 = VECTOR('',#2533,1.);
#2533 = DIRECTION('',(0.,-1.,0.));
#2534 = ORIENTED_EDGE('',*,*,#2535,.T.);
#2535 = EDGE_CURVE('',#2528,#2536,#2538,.T.);
#2536 = VERTEX_POINT('',#2537);
#2537 = CARTESIAN_POINT('',(-105.911,113.81222254339,4.9));
#2538 = LINE('',#2539,#2540);
#2539 = CARTESIAN_POINT('',(-103.1070940537,116.61612848965,4.9));
#2540 = VECTOR('',#2541,1.);
#2541 = DIRECTION('',(0.707106781187,0.707106781187,-0.));
#2542 = ORIENTED_EDGE('',*,*,#2543,.T.);
#2543 = EDGE_CURVE('',#2536,#2544,#2546,.T.);
#2544 = VERTEX_POINT('',#2545);
#2545 = CARTESIAN_POINT('',(-105.911,104.45444476561,4.9));
#2546 = B_SPLINE_CURVE_WITH_KNOTS('',1,(#2547,#2548),.UNSPECIFIED.,.F.,
  .F.,(2,2),(0.,1.),.PIECEWISE_BEZIER_KNOTS.);
#2547 = CARTESIAN_POINT('',(-105.911,113.82369178823,4.9));
#2548 = CARTESIAN_POINT('',(-105.911,104.44297551976,4.9));
#2549 = ORIENTED_EDGE('',*,*,#2550,.T.);
#2550 = EDGE_CURVE('',#2544,#2551,#2553,.T.);
#2551 = VERTEX_POINT('',#2552);
#2552 = CARTESIAN_POINT('',(-109.3009999999,107.84444476561,4.9));
#2553 = LINE('',#2554,#2555);
#2554 = CARTESIAN_POINT('',(-87.40139248372,85.94483724934,4.9));
#2555 = VECTOR('',#2556,1.);
#2556 = DIRECTION('',(-0.707106781187,0.707106781187,0.));
#2557 = ORIENTED_EDGE('',*,*,#2558,.T.);
#2558 = EDGE_CURVE('',#2551,#2559,#2561,.T.);
#2559 = VERTEX_POINT('',#2560);
#2560 = CARTESIAN_POINT('',(-109.3009999999,98.644444765615,4.9));
#2561 = LINE('',#2562,#2563);
#2562 = CARTESIAN_POINT('',(-109.3009999999,94.483187640043,4.9));
#2563 = VECTOR('',#2564,1.);
#2564 = DIRECTION('',(0.,-1.,0.));
#2565 = ORIENTED_EDGE('',*,*,#2566,.T.);
#2566 = EDGE_CURVE('',#2559,#2567,#2569,.T.);
#2567 = VERTEX_POINT('',#2568);
#2568 = CARTESIAN_POINT('',(-105.911,102.03444476561,4.9));
#2569 = LINE('',#2570,#2571);
#2570 = CARTESIAN_POINT('',(-100.1626496092,107.78279515631,4.9));
#2571 = VECTOR('',#2572,1.);
#2572 = DIRECTION('',(0.707106781187,0.707106781187,-0.));
#2573 = ORIENTED_EDGE('',*,*,#2574,.T.);
#2574 = EDGE_CURVE('',#2567,#2575,#2577,.T.);
#2575 = VERTEX_POINT('',#2576);
#2576 = CARTESIAN_POINT('',(-105.911,92.676666987837,4.9));
#2577 = B_SPLINE_CURVE_WITH_KNOTS('',1,(#2578,#2579),.UNSPECIFIED.,.F.,
  .F.,(2,2),(0.,1.),.PIECEWISE_BEZIER_KNOTS.);
#2578 = CARTESIAN_POINT('',(-105.911,102.04591401063,4.9));
#2579 = CARTESIAN_POINT('',(-105.911,92.665197742156,4.9));
#2580 = ORIENTED_EDGE('',*,*,#2581,.T.);
#2581 = EDGE_CURVE('',#2575,#2582,#2584,.T.);
#2582 = VERTEX_POINT('',#2583);
#2583 = CARTESIAN_POINT('',(-109.3009999999,96.066666987836,4.9));
#2584 = LINE('',#2585,#2586);
#2585 = CARTESIAN_POINT('',(-90.34583692817,77.111503916006,4.9));
#2586 = VECTOR('',#2587,1.);
#2587 = DIRECTION('',(-0.707106781187,0.707106781187,0.));
#2588 = ORIENTED_EDGE('',*,*,#2589,.T.);
#2589 = EDGE_CURVE('',#2582,#2590,#2592,.T.);
#2590 = VERTEX_POINT('',#2591);
#2591 = CARTESIAN_POINT('',(-109.3009999999,86.866666987837,4.9));
#2592 = LINE('',#2593,#2594);
#2593 = CARTESIAN_POINT('',(-109.3009999999,88.594298751154,4.9));
#2594 = VECTOR('',#2595,1.);
#2595 = DIRECTION('',(0.,-1.,0.));
#2596 = ORIENTED_EDGE('',*,*,#2597,.T.);
#2597 = EDGE_CURVE('',#2590,#2598,#2600,.T.);
#2598 = VERTEX_POINT('',#2599);
#2599 = CARTESIAN_POINT('',(-105.911,90.256666987837,4.9));
#2600 = LINE('',#2601,#2602);
#2601 = CARTESIAN_POINT('',(-97.21820516485,98.949461822985,4.9));
#2602 = VECTOR('',#2603,1.);
#2603 = DIRECTION('',(0.707106781187,0.707106781187,-0.));
#2604 = ORIENTED_EDGE('',*,*,#2605,.T.);
#2605 = EDGE_CURVE('',#2598,#2606,#2608,.T.);
#2606 = VERTEX_POINT('',#2607);
#2607 = CARTESIAN_POINT('',(-105.911,80.898889210059,4.9));
#2608 = B_SPLINE_CURVE_WITH_KNOTS('',1,(#2609,#2610),.UNSPECIFIED.,.F.,
  .F.,(2,2),(0.,1.),.PIECEWISE_BEZIER_KNOTS.);
#2609 = CARTESIAN_POINT('',(-105.911,90.268136233031,4.9));
#2610 = CARTESIAN_POINT('',(-105.911,80.887419964552,4.9));
#2611 = ORIENTED_EDGE('',*,*,#2612,.T.);
#2612 = EDGE_CURVE('',#2606,#2613,#2615,.T.);
#2613 = VERTEX_POINT('',#2614);
#2614 = CARTESIAN_POINT('',(-109.3009999999,84.288889210058,4.9));
#2615 = LINE('',#2616,#2617);
#2616 = CARTESIAN_POINT('',(-93.29028137261,68.278170582673,4.9));
#2617 = VECTOR('',#2618,1.);
#2618 = DIRECTION('',(-0.707106781187,0.707106781187,0.));
#2619 = ORIENTED_EDGE('',*,*,#2620,.T.);
#2620 = EDGE_CURVE('',#2613,#2621,#2623,.T.);
#2621 = VERTEX_POINT('',#2622);
#2622 = CARTESIAN_POINT('',(-109.3009999999,75.088889210059,4.9));
#2623 = LINE('',#2624,#2625);
#2624 = CARTESIAN_POINT('',(-109.3009999999,82.705409862265,4.9));
#2625 = VECTOR('',#2626,1.);
#2626 = DIRECTION('',(0.,-1.,0.));
#2627 = ORIENTED_EDGE('',*,*,#2628,.T.);
#2628 = EDGE_CURVE('',#2621,#2629,#2631,.T.);
#2629 = VERTEX_POINT('',#2630);
#2630 = CARTESIAN_POINT('',(-105.911,78.478889210059,4.9));
#2631 = LINE('',#2632,#2633);
#2632 = CARTESIAN_POINT('',(-94.2737607204,90.116128489651,4.9));
#2633 = VECTOR('',#2634,1.);
#2634 = DIRECTION('',(0.707106781187,0.707106781187,-0.));
#2635 = ORIENTED_EDGE('',*,*,#2636,.T.);
#2636 = EDGE_CURVE('',#2629,#2637,#2639,.T.);
#2637 = VERTEX_POINT('',#2638);
#2638 = CARTESIAN_POINT('',(-105.911,69.121111432281,4.9));
#2639 = B_SPLINE_CURVE_WITH_KNOTS('',1,(#2640,#2641),.UNSPECIFIED.,.F.,
  .F.,(2,2),(0.,1.),.PIECEWISE_BEZIER_KNOTS.);
#2640 = CARTESIAN_POINT('',(-105.911,78.490358455427,4.9));
#2641 = CARTESIAN_POINT('',(-105.911,69.109642186948,4.9));
#2642 = ORIENTED_EDGE('',*,*,#2643,.T.);
#2643 = EDGE_CURVE('',#2637,#2644,#2646,.T.);
#2644 = VERTEX_POINT('',#2645);
#2645 = CARTESIAN_POINT('',(-109.3009999999,72.511111432281,4.9));
#2646 = LINE('',#2647,#2648);
#2647 = CARTESIAN_POINT('',(-96.23472581705,59.44483724934,4.9));
#2648 = VECTOR('',#2649,1.);
#2649 = DIRECTION('',(-0.707106781187,0.707106781187,0.));
#2650 = ORIENTED_EDGE('',*,*,#2651,.T.);
#2651 = EDGE_CURVE('',#2644,#2652,#2654,.T.);
#2652 = VERTEX_POINT('',#2653);
#2653 = CARTESIAN_POINT('',(-109.3009999999,63.311111432282,4.9));
#2654 = LINE('',#2655,#2656);
#2655 = CARTESIAN_POINT('',(-109.3009999999,76.816520973376,4.9));
#2656 = VECTOR('',#2657,1.);
#2657 = DIRECTION('',(0.,-1.,0.));
#2658 = ORIENTED_EDGE('',*,*,#2659,.T.);
#2659 = EDGE_CURVE('',#2652,#2660,#2662,.T.);
#2660 = VERTEX_POINT('',#2661);
#2661 = CARTESIAN_POINT('',(-105.911,66.701111432281,4.9));
#2662 = LINE('',#2663,#2664);
#2663 = CARTESIAN_POINT('',(-91.32931627596,81.282795156318,4.9));
#2664 = VECTOR('',#2665,1.);
#2665 = DIRECTION('',(0.707106781187,0.707106781187,-0.));
#2666 = ORIENTED_EDGE('',*,*,#2667,.T.);
#2667 = EDGE_CURVE('',#2660,#2668,#2670,.T.);
#2668 = VERTEX_POINT('',#2669);
#2669 = CARTESIAN_POINT('',(-105.911,57.343333654503,4.9));
#2670 = B_SPLINE_CURVE_WITH_KNOTS('',1,(#2671,#2672),.UNSPECIFIED.,.F.,
  .F.,(2,2),(0.,1.),.PIECEWISE_BEZIER_KNOTS.);
#2671 = CARTESIAN_POINT('',(-105.911,66.712580677823,4.9));
#2672 = CARTESIAN_POINT('',(-105.911,57.331864409344,4.9));
#2673 = ORIENTED_EDGE('',*,*,#2674,.T.);
#2674 = EDGE_CURVE('',#2668,#2675,#2677,.T.);
#2675 = VERTEX_POINT('',#2676);
#2676 = CARTESIAN_POINT('',(-109.3009999999,60.733333654503,4.9));
#2677 = LINE('',#2678,#2679);
#2678 = CARTESIAN_POINT('',(-99.1791702615,50.611503916006,4.9));
#2679 = VECTOR('',#2680,1.);
#2680 = DIRECTION('',(-0.707106781187,0.707106781187,0.));
#2681 = ORIENTED_EDGE('',*,*,#2682,.T.);
#2682 = EDGE_CURVE('',#2675,#2683,#2685,.T.);
#2683 = VERTEX_POINT('',#2684);
#2684 = CARTESIAN_POINT('',(-109.3009999999,51.533333654504,4.9));
#2685 = LINE('',#2686,#2687);
#2686 = CARTESIAN_POINT('',(-109.3009999999,70.927632084487,4.9));
#2687 = VECTOR('',#2688,1.);
#2688 = DIRECTION('',(0.,-1.,0.));
#2689 = ORIENTED_EDGE('',*,*,#2690,.T.);
#2690 = EDGE_CURVE('',#2683,#2691,#2693,.T.);
#2691 = VERTEX_POINT('',#2692);
#2692 = CARTESIAN_POINT('',(-105.911,54.923333654503,4.9));
#2693 = LINE('',#2694,#2695);
#2694 = CARTESIAN_POINT('',(-88.38487183151,72.449461822985,4.9));
#2695 = VECTOR('',#2696,1.);
#2696 = DIRECTION('',(0.707106781187,0.707106781187,-0.));
#2697 = ORIENTED_EDGE('',*,*,#2698,.T.);
#2698 = EDGE_CURVE('',#2691,#2699,#2701,.T.);
#2699 = VERTEX_POINT('',#2700);
#2700 = CARTESIAN_POINT('',(-105.911,45.565555876726,4.9));
#2701 = B_SPLINE_CURVE_WITH_KNOTS('',1,(#2702,#2703),.UNSPECIFIED.,.F.,
  .F.,(2,2),(0.,1.),.PIECEWISE_BEZIER_KNOTS.);
#2702 = CARTESIAN_POINT('',(-105.911,54.934802900219,4.9));
#2703 = CARTESIAN_POINT('',(-105.911,45.55408663174,4.9));
#2704 = ORIENTED_EDGE('',*,*,#2705,.T.);
#2705 = EDGE_CURVE('',#2699,#2706,#2708,.T.);
#2706 = VERTEX_POINT('',#2707);
#2707 = CARTESIAN_POINT('',(-109.3009999999,48.955555876725,4.9));
#2708 = LINE('',#2709,#2710);
#2709 = CARTESIAN_POINT('',(-102.1236147059,41.778170582673,4.9));
#2710 = VECTOR('',#2711,1.);
#2711 = DIRECTION('',(-0.707106781187,0.707106781187,0.));
#2712 = ORIENTED_EDGE('',*,*,#2713,.T.);
#2713 = EDGE_CURVE('',#2706,#2714,#2716,.T.);
#2714 = VERTEX_POINT('',#2715);
#2715 = CARTESIAN_POINT('',(-109.3009999999,39.755555876726,4.9));
#2716 = LINE('',#2717,#2718);
#2717 = CARTESIAN_POINT('',(-109.3009999999,65.038743195598,4.9));
#2718 = VECTOR('',#2719,1.);
#2719 = DIRECTION('',(0.,-1.,0.));
#2720 = ORIENTED_EDGE('',*,*,#2721,.T.);
#2721 = EDGE_CURVE('',#2714,#2722,#2724,.T.);
#2722 = VERTEX_POINT('',#2723);
#2723 = CARTESIAN_POINT('',(-105.911,43.145555876726,4.9));
#2724 = LINE('',#2725,#2726);
#2725 = CARTESIAN_POINT('',(-85.44042738707,63.616128489651,4.9));
#2726 = VECTOR('',#2727,1.);
#2727 = DIRECTION('',(0.707106781187,0.707106781187,-0.));
#2728 = ORIENTED_EDGE('',*,*,#2729,.T.);
#2729 = EDGE_CURVE('',#2722,#2730,#2732,.T.);
#2730 = VERTEX_POINT('',#2731);
#2731 = CARTESIAN_POINT('',(-105.911,33.787778098948,4.9));
#2732 = B_SPLINE_CURVE_WITH_KNOTS('',1,(#2733,#2734),.UNSPECIFIED.,.F.,
  .F.,(2,2),(0.,1.),.PIECEWISE_BEZIER_KNOTS.);
#2733 = CARTESIAN_POINT('',(-105.911,43.157025122615,4.9));
#2734 = CARTESIAN_POINT('',(-105.911,33.776308854136,4.9));
#2735 = ORIENTED_EDGE('',*,*,#2736,.T.);
#2736 = EDGE_CURVE('',#2730,#2737,#2739,.T.);
#2737 = VERTEX_POINT('',#2738);
#2738 = CARTESIAN_POINT('',(-109.3009999999,37.177778098947,4.9));
#2739 = LINE('',#2740,#2741);
#2740 = CARTESIAN_POINT('',(-105.0680591503,32.94483724934,4.9));
#2741 = VECTOR('',#2742,1.);
#2742 = DIRECTION('',(-0.707106781187,0.707106781187,0.));
#2743 = ORIENTED_EDGE('',*,*,#2744,.T.);
#2744 = EDGE_CURVE('',#2737,#2745,#2747,.T.);
#2745 = VERTEX_POINT('',#2746);
#2746 = CARTESIAN_POINT('',(-109.3009999999,27.977778098948,4.9));
#2747 = LINE('',#2748,#2749);
#2748 = CARTESIAN_POINT('',(-109.3009999999,59.149854306709,4.9));
#2749 = VECTOR('',#2750,1.);
#2750 = DIRECTION('',(0.,-1.,0.));
#2751 = ORIENTED_EDGE('',*,*,#2752,.T.);
#2752 = EDGE_CURVE('',#2745,#2753,#2755,.T.);
#2753 = VERTEX_POINT('',#2754);
#2754 = CARTESIAN_POINT('',(-105.911,31.367778098948,4.9));
#2755 = LINE('',#2756,#2757);
#2756 = CARTESIAN_POINT('',(-82.49598294263,54.782795156318,4.9));
#2757 = VECTOR('',#2758,1.);
#2758 = DIRECTION('',(0.707106781187,0.707106781187,-0.));
#2759 = ORIENTED_EDGE('',*,*,#2760,.T.);
#2760 = EDGE_CURVE('',#2753,#2761,#2763,.T.);
#2761 = VERTEX_POINT('',#2762);
#2762 = CARTESIAN_POINT('',(-105.911,22.01000032117,4.9));
#2763 = B_SPLINE_CURVE_WITH_KNOTS('',1,(#2764,#2765),.UNSPECIFIED.,.F.,
  .F.,(2,2),(0.,1.),.PIECEWISE_BEZIER_KNOTS.);
#2764 = CARTESIAN_POINT('',(-105.911,31.379247345011,4.9));
#2765 = CARTESIAN_POINT('',(-105.911,21.998531076532,4.9));
#2766 = ORIENTED_EDGE('',*,*,#2767,.T.);
#2767 = EDGE_CURVE('',#2761,#2768,#2770,.T.);
#2768 = VERTEX_POINT('',#2769);
#2769 = CARTESIAN_POINT('',(-109.3009999999,25.400000321169,4.9));
#2770 = LINE('',#2771,#2772);
#2771 = CARTESIAN_POINT('',(-108.0125035948,24.111503916006,4.9));
#2772 = VECTOR('',#2773,1.);
#2773 = DIRECTION('',(-0.707106781187,0.707106781187,0.));
#2774 = ORIENTED_EDGE('',*,*,#2775,.T.);
#2775 = EDGE_CURVE('',#2768,#2776,#2778,.T.);
#2776 = VERTEX_POINT('',#2777);
#2777 = CARTESIAN_POINT('',(-109.3009999999,19.,4.9));
#2778 = LINE('',#2779,#2780);
#2779 = CARTESIAN_POINT('',(-109.3009999999,53.26096541782,4.9));
#2780 = VECTOR('',#2781,1.);
#2781 = DIRECTION('',(0.,-1.,0.));
#2782 = ORIENTED_EDGE('',*,*,#2783,.F.);
#2783 = EDGE_CURVE('',#2784,#2776,#2786,.T.);
#2784 = VERTEX_POINT('',#2785);
#2785 = CARTESIAN_POINT('',(-106.5010003211,19.,4.9));
#2786 = LINE('',#2787,#2788);
#2787 = CARTESIAN_POINT('',(-9.684,19.,4.9));
#2788 = VECTOR('',#2789,1.);
#2789 = DIRECTION('',(-1.,-0.,-0.));
#2790 = ORIENTED_EDGE('',*,*,#2791,.T.);
#2791 = EDGE_CURVE('',#2784,#2792,#2794,.T.);
#2792 = VERTEX_POINT('',#2793);
#2793 = CARTESIAN_POINT('',(-105.911,19.59000032117,4.9));
#2794 = LINE('',#2795,#2796);
#2795 = CARTESIAN_POINT('',(-79.55153849818,45.949461822985,4.9));
#2796 = VECTOR('',#2797,1.);
#2797 = DIRECTION('',(0.707106781187,0.707106781187,-0.));
#2798 = ORIENTED_EDGE('',*,*,#2799,.T.);
#2799 = EDGE_CURVE('',#2792,#2800,#2802,.T.);
#2800 = VERTEX_POINT('',#2801);
#2801 = CARTESIAN_POINT('',(-105.911,19.,4.9));
#2802 = B_SPLINE_CURVE_WITH_KNOTS('',1,(#2803,#2804),.UNSPECIFIED.,.F.,
  .F.,(2,2),(0.,1.),.PIECEWISE_BEZIER_KNOTS.);
#2803 = CARTESIAN_POINT('',(-105.911,19.601469567407,4.9));
#2804 = CARTESIAN_POINT('',(-105.911,19.,4.9));
#2805 = ORIENTED_EDGE('',*,*,#2806,.F.);
#2806 = EDGE_CURVE('',#2807,#2800,#2809,.T.);
#2807 = VERTEX_POINT('',#2808);
#2808 = CARTESIAN_POINT('',(-81.481392,19.,4.9));
#2809 = LINE('',#2810,#2811);
#2810 = CARTESIAN_POINT('',(-9.684,19.,4.9));
#2811 = VECTOR('',#2812,1.);
#2812 = DIRECTION('',(-1.,-0.,-0.));
#2813 = ORIENTED_EDGE('',*,*,#2814,.F.);
#2814 = EDGE_CURVE('',#2815,#2807,#2817,.T.);
#2815 = VERTEX_POINT('',#2816);
#2816 = CARTESIAN_POINT('',(-81.481392,28.146653,4.9));
#2817 = LINE('',#2818,#2819);
#2818 = CARTESIAN_POINT('',(-81.481392,26.846653,4.9));
#2819 = VECTOR('',#2820,1.);
#2820 = DIRECTION('',(0.,-1.,0.));
#2821 = ORIENTED_EDGE('',*,*,#2822,.T.);
#2822 = EDGE_CURVE('',#2815,#2823,#2825,.T.);
#2823 = VERTEX_POINT('',#2824);
#2824 = CARTESIAN_POINT('',(-73.946014,28.146653,4.9));
#2825 = LINE('',#2826,#2827);
#2826 = CARTESIAN_POINT('',(-81.481392,28.146653,4.9));
#2827 = VECTOR('',#2828,1.);
#2828 = DIRECTION('',(1.,-9.4E-16,0.));
#2829 = ORIENTED_EDGE('',*,*,#2830,.F.);
#2830 = EDGE_CURVE('',#2831,#2823,#2833,.T.);
#2831 = VERTEX_POINT('',#2832);
#2832 = CARTESIAN_POINT('',(-73.946014,19.,4.9));
#2833 = LINE('',#2834,#2835);
#2834 = CARTESIAN_POINT('',(-73.946014,25.846653,4.9));
#2835 = VECTOR('',#2836,1.);
#2836 = DIRECTION('',(0.,1.,0.));
#2837 = ORIENTED_EDGE('',*,*,#2838,.F.);
#2838 = EDGE_CURVE('',#2839,#2831,#2841,.T.);
#2839 = VERTEX_POINT('',#2840);
#2840 = CARTESIAN_POINT('',(-54.46941721744,19.,4.9));
#2841 = LINE('',#2842,#2843);
#2842 = CARTESIAN_POINT('',(-9.684,19.,4.9));
#2843 = VECTOR('',#2844,1.);
#2844 = DIRECTION('',(-1.,-0.,-0.));
#2845 = ORIENTED_EDGE('',*,*,#2846,.F.);
#2846 = EDGE_CURVE('',#2847,#2839,#2849,.T.);
#2847 = VERTEX_POINT('',#2848);
#2848 = CARTESIAN_POINT('',(-55.78119124033,21.213926,4.9));
#2849 = LINE('',#2850,#2851);
#2850 = CARTESIAN_POINT('',(-55.78119124033,21.213926,4.9));
#2851 = VECTOR('',#2852,1.);
#2852 = DIRECTION('',(0.509750010056,-0.860322571625,0.));
#2853 = ORIENTED_EDGE('',*,*,#2854,.F.);
#2854 = EDGE_CURVE('',#2855,#2847,#2857,.T.);
#2855 = VERTEX_POINT('',#2856);
#2856 = CARTESIAN_POINT('',(-62.69176583878,21.213926,4.9));
#2857 = LINE('',#2858,#2859);
#2858 = CARTESIAN_POINT('',(-63.69176583878,21.213926,4.9));
#2859 = VECTOR('',#2860,1.);
#2860 = DIRECTION('',(1.,0.,0.));
#2861 = ORIENTED_EDGE('',*,*,#2862,.T.);
#2862 = EDGE_CURVE('',#2855,#2863,#2865,.T.);
#2863 = VERTEX_POINT('',#2864);
#2864 = CARTESIAN_POINT('',(-63.69176583878,22.213926,4.9));
#2865 = CIRCLE('',#2866,1.);
#2866 = AXIS2_PLACEMENT_3D('',#2867,#2868,#2869);
#2867 = CARTESIAN_POINT('',(-62.69176583878,22.213926,4.9));
#2868 = DIRECTION('',(0.,0.,-1.));
#2869 = DIRECTION('',(0.,1.,0.));
#2870 = ORIENTED_EDGE('',*,*,#2871,.F.);
#2871 = EDGE_CURVE('',#2872,#2863,#2874,.T.);
#2872 = VERTEX_POINT('',#2873);
#2873 = CARTESIAN_POINT('',(-63.69176583878,31.272995,4.9));
#2874 = LINE('',#2875,#2876);
#2875 = CARTESIAN_POINT('',(-63.69176583878,29.131857245734,4.9));
#2876 = VECTOR('',#2877,1.);
#2877 = DIRECTION('',(-2.69E-15,-1.,0.));
#2878 = ORIENTED_EDGE('',*,*,#2879,.T.);
#2879 = EDGE_CURVE('',#2872,#2880,#2882,.T.);
#2880 = VERTEX_POINT('',#2881);
#2881 = CARTESIAN_POINT('',(-50.390926,31.272995,4.9));
#2882 = LINE('',#2883,#2884);
#2883 = CARTESIAN_POINT('',(-63.69176583878,31.272995,4.9));
#2884 = VECTOR('',#2885,1.);
#2885 = DIRECTION('',(1.,0.,0.));
#2886 = ORIENTED_EDGE('',*,*,#2887,.T.);
#2887 = EDGE_CURVE('',#2880,#2888,#2890,.T.);
#2888 = VERTEX_POINT('',#2889);
#2889 = CARTESIAN_POINT('',(-49.390926,30.272995,4.9));
#2890 = CIRCLE('',#2891,1.);
#2891 = AXIS2_PLACEMENT_3D('',#2892,#2893,#2894);
#2892 = CARTESIAN_POINT('',(-50.390926,30.272995,4.9));
#2893 = DIRECTION('',(0.,0.,-1.));
#2894 = DIRECTION('',(0.,1.,0.));
#2895 = ORIENTED_EDGE('',*,*,#2896,.F.);
#2896 = EDGE_CURVE('',#2897,#2888,#2899,.T.);
#2897 = VERTEX_POINT('',#2898);
#2898 = CARTESIAN_POINT('',(-49.390926,22.213926,4.9));
#2899 = LINE('',#2900,#2901);
#2900 = CARTESIAN_POINT('',(-49.390926,21.213926,4.9));
#2901 = VECTOR('',#2902,1.);
#2902 = DIRECTION('',(0.,1.,0.));
#2903 = ORIENTED_EDGE('',*,*,#2904,.T.);
#2904 = EDGE_CURVE('',#2897,#2905,#2907,.T.);
#2905 = VERTEX_POINT('',#2906);
#2906 = CARTESIAN_POINT('',(-50.390926,21.213926,4.9));
#2907 = CIRCLE('',#2908,1.);
#2908 = AXIS2_PLACEMENT_3D('',#2909,#2910,#2911);
#2909 = CARTESIAN_POINT('',(-50.390926,22.213926,4.9));
#2910 = DIRECTION('',(0.,0.,-1.));
#2911 = DIRECTION('',(0.,1.,0.));
#2912 = ORIENTED_EDGE('',*,*,#2913,.F.);
#2913 = EDGE_CURVE('',#2914,#2905,#2916,.T.);
#2914 = VERTEX_POINT('',#2915);
#2915 = CARTESIAN_POINT('',(-52.29412708679,21.213926,4.9));
#2916 = LINE('',#2917,#2918);
#2917 = CARTESIAN_POINT('',(-63.69176583878,21.213926,4.9));
#2918 = VECTOR('',#2919,1.);
#2919 = DIRECTION('',(1.,0.,0.));
#2920 = ORIENTED_EDGE('',*,*,#2921,.F.);
#2921 = EDGE_CURVE('',#2922,#2914,#2924,.T.);
#2922 = VERTEX_POINT('',#2923);
#2923 = CARTESIAN_POINT('',(-50.98235306391,19.,4.9));
#2924 = LINE('',#2925,#2926);
#2925 = CARTESIAN_POINT('',(-50.87393798797,18.817024158717,4.9));
#2926 = VECTOR('',#2927,1.);
#2927 = DIRECTION('',(-0.509750010056,0.860322571626,0.));
#2928 = ORIENTED_EDGE('',*,*,#2929,.F.);
#2929 = EDGE_CURVE('',#2930,#2922,#2932,.T.);
#2930 = VERTEX_POINT('',#2931);
#2931 = CARTESIAN_POINT('',(-12.001,19.,4.9));
#2932 = LINE('',#2933,#2934);
#2933 = CARTESIAN_POINT('',(-9.684,19.,4.9));
#2934 = VECTOR('',#2935,1.);
#2935 = DIRECTION('',(-1.,-0.,-0.));
#2936 = ORIENTED_EDGE('',*,*,#2937,.T.);
#2937 = EDGE_CURVE('',#2930,#2938,#2940,.T.);
#2938 = VERTEX_POINT('',#2939);
#2939 = CARTESIAN_POINT('',(-12.001,24.2,4.9));
#2940 = LINE('',#2941,#2942);
#2941 = CARTESIAN_POINT('',(-12.001,48.060965257236,4.9));
#2942 = VECTOR('',#2943,1.);
#2943 = DIRECTION('',(0.,1.,0.));
#2944 = ORIENTED_EDGE('',*,*,#2945,.T.);
#2945 = EDGE_CURVE('',#2938,#2946,#2948,.T.);
#2946 = VERTEX_POINT('',#2947);
#2947 = CARTESIAN_POINT('',(-15.391,20.81,4.9));
#2948 = LINE('',#2949,#2950);
#2949 = CARTESIAN_POINT('',(-8.576538417893,27.624461582107,4.9));
#2950 = VECTOR('',#2951,1.);
#2951 = DIRECTION('',(-0.707106781187,-0.707106781187,0.));
#2952 = ORIENTED_EDGE('',*,*,#2953,.T.);
#2953 = EDGE_CURVE('',#2946,#2954,#2956,.T.);
#2954 = VERTEX_POINT('',#2955);
#2955 = CARTESIAN_POINT('',(-15.391,25.11515808,4.9));
#2956 = B_SPLINE_CURVE_WITH_KNOTS('',1,(#2957,#2958),.UNSPECIFIED.,.F.,
  .F.,(2,2),(0.,1.),.PIECEWISE_BEZIER_KNOTS.);
#2957 = CARTESIAN_POINT('',(-15.391,20.790340744125,4.9));
#2958 = CARTESIAN_POINT('',(-15.391,32.594933646119,4.9));
#2959 = ORIENTED_EDGE('',*,*,#2960,.F.);
#2960 = EDGE_CURVE('',#2961,#2954,#2963,.T.);
#2961 = VERTEX_POINT('',#2962);
#2962 = CARTESIAN_POINT('',(-44.82990646,25.11515808,4.9));
#2963 = LINE('',#2964,#2965);
#2964 = CARTESIAN_POINT('',(-44.82990646,25.11515808,4.9));
#2965 = VECTOR('',#2966,1.);
#2966 = DIRECTION('',(1.,0.,0.));
#2967 = ORIENTED_EDGE('',*,*,#2968,.F.);
#2968 = EDGE_CURVE('',#2969,#2961,#2971,.T.);
#2969 = VERTEX_POINT('',#2970);
#2970 = CARTESIAN_POINT('',(-44.82990646,47.42851257,4.9));
#2971 = LINE('',#2972,#2973);
#2972 = CARTESIAN_POINT('',(-44.82990646,47.42851257,4.9));
#2973 = VECTOR('',#2974,1.);
#2974 = DIRECTION('',(0.,-1.,0.));
#2975 = ORIENTED_EDGE('',*,*,#2976,.F.);
#2976 = EDGE_CURVE('',#2977,#2969,#2979,.T.);
#2977 = VERTEX_POINT('',#2978);
#2978 = CARTESIAN_POINT('',(-15.391,47.42851257,4.9));
#2979 = LINE('',#2980,#2981);
#2980 = CARTESIAN_POINT('',(-15.29072666,47.42851257,4.9));
#2981 = VECTOR('',#2982,1.);
#2982 = DIRECTION('',(-1.,0.,0.));
#2983 = ORIENTED_EDGE('',*,*,#2984,.T.);
#2984 = EDGE_CURVE('',#2977,#2985,#2987,.T.);
#2985 = VERTEX_POINT('',#2986);
#2986 = CARTESIAN_POINT('',(-15.391,47.69,4.9));
#2987 = B_SPLINE_CURVE_WITH_KNOTS('',1,(#2988,#2989),.UNSPECIFIED.,.F.,
  .F.,(2,2),(0.,1.),.PIECEWISE_BEZIER_KNOTS.);
#2988 = CARTESIAN_POINT('',(-15.391,34.892490134369,4.9));
#2989 = CARTESIAN_POINT('',(-15.391,47.697235475388,4.9));
#2990 = ORIENTED_EDGE('',*,*,#2991,.F.);
#2991 = EDGE_CURVE('',#2992,#2985,#2994,.T.);
#2992 = VERTEX_POINT('',#2993);
#2993 = CARTESIAN_POINT('',(-12.001,44.3,4.9));
#2994 = LINE('',#2995,#2996);
#2995 = CARTESIAN_POINT('',(-32.01250367512,64.311503675129,4.9));
#2996 = VECTOR('',#2997,1.);
#2997 = DIRECTION('',(-0.707106781187,0.707106781187,0.));
#2998 = ORIENTED_EDGE('',*,*,#2999,.F.);
#2999 = EDGE_CURVE('',#3000,#2992,#3002,.T.);
#3000 = VERTEX_POINT('',#3001);
#3001 = CARTESIAN_POINT('',(-12.001,53.399999999643,4.9));
#3002 = LINE('',#3003,#3004);
#3003 = CARTESIAN_POINT('',(-12.001,67.260965257057,4.9));
#3004 = VECTOR('',#3005,1.);
#3005 = DIRECTION('',(0.,-1.,0.));
#3006 = ORIENTED_EDGE('',*,*,#3007,.F.);
#3007 = EDGE_CURVE('',#3008,#3000,#3010,.T.);
#3008 = VERTEX_POINT('',#3009);
#3009 = CARTESIAN_POINT('',(-15.391,50.009999999999,4.9));
#3010 = LINE('',#3011,#3012);
#3011 = CARTESIAN_POINT('',(-17.57653841893,47.82446158129,4.9));
#3012 = VECTOR('',#3013,1.);
#3013 = DIRECTION('',(0.707106781224,0.707106781149,-0.));
#3014 = ORIENTED_EDGE('',*,*,#3015,.T.);
#3015 = EDGE_CURVE('',#3008,#3016,#3018,.T.);
#3016 = VERTEX_POINT('',#3017);
#3017 = CARTESIAN_POINT('',(-15.391,57.85,4.9));
#3018 = B_SPLINE_CURVE_WITH_KNOTS('',1,(#3019,#3020),.UNSPECIFIED.,.F.,
  .F.,(2,2),(0.,1.),.PIECEWISE_BEZIER_KNOTS.);
#3019 = CARTESIAN_POINT('',(-15.391,49.994791963637,4.9));
#3020 = CARTESIAN_POINT('',(-15.391,73.801214133201,4.9));
#3021 = ORIENTED_EDGE('',*,*,#3022,.F.);
#3022 = EDGE_CURVE('',#3023,#3016,#3025,.T.);
#3023 = VERTEX_POINT('',#3024);
#3024 = CARTESIAN_POINT('',(-40.4596376,57.85,4.9));
#3025 = LINE('',#3026,#3027);
#3026 = CARTESIAN_POINT('',(-32.179066,57.85,4.9));
#3027 = VECTOR('',#3028,1.);
#3028 = DIRECTION('',(1.,0.,0.));
#3029 = ORIENTED_EDGE('',*,*,#3030,.F.);
#3030 = EDGE_CURVE('',#3031,#3023,#3033,.T.);
#3031 = VERTEX_POINT('',#3032);
#3032 = CARTESIAN_POINT('',(-41.4596376,58.85,4.9));
#3033 = CIRCLE('',#3034,1.);
#3034 = AXIS2_PLACEMENT_3D('',#3035,#3036,#3037);
#3035 = CARTESIAN_POINT('',(-40.4596376,58.85,4.9));
#3036 = DIRECTION('',(0.,-0.,1.));
#3037 = DIRECTION('',(0.,1.,0.));
#3038 = ORIENTED_EDGE('',*,*,#3039,.F.);
#3039 = EDGE_CURVE('',#3040,#3031,#3042,.T.);
#3040 = VERTEX_POINT('',#3041);
#3041 = CARTESIAN_POINT('',(-41.4596376,67.998039,4.9));
#3042 = LINE('',#3043,#3044);
#3043 = CARTESIAN_POINT('',(-41.4596376,68.998039,4.9));
#3044 = VECTOR('',#3045,1.);
#3045 = DIRECTION('',(0.,-1.,0.));
#3046 = ORIENTED_EDGE('',*,*,#3047,.F.);
#3047 = EDGE_CURVE('',#3048,#3040,#3050,.T.);
#3048 = VERTEX_POINT('',#3049);
#3049 = CARTESIAN_POINT('',(-40.4596376,68.998039,4.9));
#3050 = CIRCLE('',#3051,1.);
#3051 = AXIS2_PLACEMENT_3D('',#3052,#3053,#3054);
#3052 = CARTESIAN_POINT('',(-40.4596376,67.998039,4.9));
#3053 = DIRECTION('',(0.,-0.,1.));
#3054 = DIRECTION('',(0.,1.,0.));
#3055 = ORIENTED_EDGE('',*,*,#3056,.T.);
#3056 = EDGE_CURVE('',#3048,#3057,#3059,.T.);
#3057 = VERTEX_POINT('',#3058);
#3058 = CARTESIAN_POINT('',(-26.77651106336,68.998039,4.9));
#3059 = LINE('',#3060,#3061);
#3060 = CARTESIAN_POINT('',(-41.4596376,68.998039,4.9));
#3061 = VECTOR('',#3062,1.);
#3062 = DIRECTION('',(1.,0.,0.));
#3063 = ORIENTED_EDGE('',*,*,#3064,.F.);
#3064 = EDGE_CURVE('',#3065,#3057,#3067,.T.);
#3065 = VERTEX_POINT('',#3066);
#3066 = CARTESIAN_POINT('',(-26.77651106336,71.709816,4.9));
#3067 = LINE('',#3068,#3069);
#3068 = CARTESIAN_POINT('',(-26.77651106336,71.709816,4.9));
#3069 = VECTOR('',#3070,1.);
#3070 = DIRECTION('',(0.,-1.,0.));
#3071 = ORIENTED_EDGE('',*,*,#3072,.F.);
#3072 = EDGE_CURVE('',#3073,#3065,#3075,.T.);
#3073 = VERTEX_POINT('',#3074);
#3074 = CARTESIAN_POINT('',(-32.3706879,71.709816,4.9));
#3075 = LINE('',#3076,#3077);
#3076 = CARTESIAN_POINT('',(-27.0746949,71.709816,4.9));
#3077 = VECTOR('',#3078,1.);
#3078 = DIRECTION('',(1.,0.,0.));
#3079 = ORIENTED_EDGE('',*,*,#3080,.F.);
#3080 = EDGE_CURVE('',#3081,#3073,#3083,.T.);
#3081 = VERTEX_POINT('',#3082);
#3082 = CARTESIAN_POINT('',(-33.3706879,72.709816,4.9));
#3083 = CIRCLE('',#3084,1.);
#3084 = AXIS2_PLACEMENT_3D('',#3085,#3086,#3087);
#3085 = CARTESIAN_POINT('',(-32.3706879,72.709816,4.9));
#3086 = DIRECTION('',(0.,-0.,1.));
#3087 = DIRECTION('',(0.,1.,0.));
#3088 = ORIENTED_EDGE('',*,*,#3089,.F.);
#3089 = EDGE_CURVE('',#3090,#3081,#3092,.T.);
#3090 = VERTEX_POINT('',#3091);
#3091 = CARTESIAN_POINT('',(-33.3706879,74.405990555,4.9));
#3092 = LINE('',#3093,#3094);
#3093 = CARTESIAN_POINT('',(-33.3706879,88.9957736,4.9));
#3094 = VECTOR('',#3095,1.);
#3095 = DIRECTION('',(0.,-1.,0.));
#3096 = ORIENTED_EDGE('',*,*,#3097,.F.);
#3097 = EDGE_CURVE('',#3098,#3090,#3100,.T.);
#3098 = VERTEX_POINT('',#3099);
#3099 = CARTESIAN_POINT('',(-56.15831495,74.405990555,4.9));
#3100 = LINE('',#3101,#3102);
#3101 = CARTESIAN_POINT('',(-56.15831495,74.405990555,4.9));
#3102 = VECTOR('',#3103,1.);
#3103 = DIRECTION('',(1.,0.,0.));
#3104 = ORIENTED_EDGE('',*,*,#3105,.F.);
#3105 = EDGE_CURVE('',#3106,#3098,#3108,.T.);
#3106 = VERTEX_POINT('',#3107);
#3107 = CARTESIAN_POINT('',(-56.15831495,72.67115016,4.9));
#3108 = LINE('',#3109,#3110);
#3109 = CARTESIAN_POINT('',(-56.15831495,72.67115016,4.9));
#3110 = VECTOR('',#3111,1.);
#3111 = DIRECTION('',(0.,1.,0.));
#3112 = ORIENTED_EDGE('',*,*,#3113,.F.);
#3113 = EDGE_CURVE('',#3114,#3106,#3116,.T.);
#3114 = VERTEX_POINT('',#3115);
#3115 = CARTESIAN_POINT('',(-68.72603607,72.67115016,4.9));
#3116 = LINE('',#3117,#3118);
#3117 = CARTESIAN_POINT('',(-68.72603607,72.67115016,4.9));
#3118 = VECTOR('',#3119,1.);
#3119 = DIRECTION('',(1.,0.,0.));
#3120 = ORIENTED_EDGE('',*,*,#3121,.F.);
#3121 = EDGE_CURVE('',#3122,#3114,#3124,.T.);
#3122 = VERTEX_POINT('',#3123);
#3123 = CARTESIAN_POINT('',(-68.72603607,90.14083095,4.9));
#3124 = LINE('',#3125,#3126);
#3125 = CARTESIAN_POINT('',(-68.72603607,90.14083095,4.9));
#3126 = VECTOR('',#3127,1.);
#3127 = DIRECTION('',(0.,-1.,0.));
#3128 = ORIENTED_EDGE('',*,*,#3129,.F.);
#3129 = EDGE_CURVE('',#3130,#3122,#3132,.T.);
#3130 = VERTEX_POINT('',#3131);
#3131 = CARTESIAN_POINT('',(-56.15831495,90.14083095,4.9));
#3132 = LINE('',#3133,#3134);
#3133 = CARTESIAN_POINT('',(-56.15831495,90.14083095,4.9));
#3134 = VECTOR('',#3135,1.);
#3135 = DIRECTION('',(-1.,0.,0.));
#3136 = ORIENTED_EDGE('',*,*,#3137,.F.);
#3137 = EDGE_CURVE('',#3138,#3130,#3140,.T.);
#3138 = VERTEX_POINT('',#3139);
#3139 = CARTESIAN_POINT('',(-56.15831495,88.405990555,4.9));
#3140 = LINE('',#3141,#3142);
#3141 = CARTESIAN_POINT('',(-56.15831495,72.67115016,4.9));
#3142 = VECTOR('',#3143,1.);
#3143 = DIRECTION('',(0.,1.,0.));
#3144 = ORIENTED_EDGE('',*,*,#3145,.T.);
#3145 = EDGE_CURVE('',#3138,#3146,#3148,.T.);
#3146 = VERTEX_POINT('',#3147);
#3147 = CARTESIAN_POINT('',(-33.28267586583,88.405990555,4.9));
#3148 = LINE('',#3149,#3150);
#3149 = CARTESIAN_POINT('',(-56.15831495,88.405990555,4.9));
#3150 = VECTOR('',#3151,1.);
#3151 = DIRECTION('',(1.,0.,0.));
#3152 = ORIENTED_EDGE('',*,*,#3153,.F.);
#3153 = EDGE_CURVE('',#3154,#3146,#3156,.T.);
#3154 = VERTEX_POINT('',#3155);
#3155 = CARTESIAN_POINT('',(-32.3706879,88.9957736,4.9));
#3156 = CIRCLE('',#3157,1.);
#3157 = AXIS2_PLACEMENT_3D('',#3158,#3159,#3160);
#3158 = CARTESIAN_POINT('',(-32.3706879,87.9957736,4.9));
#3159 = DIRECTION('',(0.,-0.,1.));
#3160 = DIRECTION('',(0.,1.,0.));
#3161 = ORIENTED_EDGE('',*,*,#3162,.F.);
#3162 = EDGE_CURVE('',#3163,#3154,#3165,.T.);
#3163 = VERTEX_POINT('',#3164);
#3164 = CARTESIAN_POINT('',(-28.0746949,88.9957736,4.9));
#3165 = LINE('',#3166,#3167);
#3166 = CARTESIAN_POINT('',(-27.0746949,88.9957736,4.9));
#3167 = VECTOR('',#3168,1.);
#3168 = DIRECTION('',(-1.,0.,0.));
#3169 = ORIENTED_EDGE('',*,*,#3170,.F.);
#3170 = EDGE_CURVE('',#3171,#3163,#3173,.T.);
#3171 = VERTEX_POINT('',#3172);
#3172 = CARTESIAN_POINT('',(-27.0746949,89.9957736,4.9));
#3173 = CIRCLE('',#3174,1.);
#3174 = AXIS2_PLACEMENT_3D('',#3175,#3176,#3177);
#3175 = CARTESIAN_POINT('',(-28.0746949,89.9957736,4.9));
#3176 = DIRECTION('',(0.,0.,-1.));
#3177 = DIRECTION('',(0.,1.,0.));
#3178 = ORIENTED_EDGE('',*,*,#3179,.F.);
#3179 = EDGE_CURVE('',#56,#3171,#3180,.T.);
#3180 = LINE('',#3181,#3182);
#3181 = CARTESIAN_POINT('',(-27.0746949,95.3442926,4.9));
#3182 = VECTOR('',#3183,1.);
#3183 = DIRECTION('',(0.,-1.,0.));
#3184 = ORIENTED_EDGE('',*,*,#55,.F.);
#3185 = ORIENTED_EDGE('',*,*,#351,.T.);
#3186 = ORIENTED_EDGE('',*,*,#3187,.T.);
#3187 = EDGE_CURVE('',#352,#3188,#3190,.T.);
#3188 = VERTEX_POINT('',#3189);
#3189 = CARTESIAN_POINT('',(-86.284,63.0052475,4.9));
#3190 = CIRCLE('',#3191,8.1);
#3191 = AXIS2_PLACEMENT_3D('',#3192,#3193,#3194);
#3192 = CARTESIAN_POINT('',(-86.284,71.1052475,4.9));
#3193 = DIRECTION('',(0.,0.,1.));
#3194 = DIRECTION('',(-1.,0.,0.));
#3195 = ORIENTED_EDGE('',*,*,#3196,.T.);
#3196 = EDGE_CURVE('',#3188,#3197,#3199,.T.);
#3197 = VERTEX_POINT('',#3198);
#3198 = CARTESIAN_POINT('',(-67.11682892,63.0052475,4.9));
#3199 = LINE('',#3200,#3201);
#3200 = CARTESIAN_POINT('',(-86.284,63.0052475,4.9));
#3201 = VECTOR('',#3202,1.);
#3202 = DIRECTION('',(1.,0.,0.));
#3203 = ORIENTED_EDGE('',*,*,#3204,.F.);
#3204 = EDGE_CURVE('',#3205,#3197,#3207,.T.);
#3205 = VERTEX_POINT('',#3206);
#3206 = CARTESIAN_POINT('',(-67.11682892,63.38315201,4.9));
#3207 = LINE('',#3208,#3209);
#3208 = CARTESIAN_POINT('',(-67.11682892,63.38315201,4.9));
#3209 = VECTOR('',#3210,1.);
#3210 = DIRECTION('',(0.,-1.,0.));
#3211 = ORIENTED_EDGE('',*,*,#3212,.F.);
#3212 = EDGE_CURVE('',#3213,#3205,#3215,.T.);
#3213 = VERTEX_POINT('',#3214);
#3214 = CARTESIAN_POINT('',(-51.24915695,63.38315201,4.9));
#3215 = LINE('',#3216,#3217);
#3216 = CARTESIAN_POINT('',(-51.24915695,63.38315201,4.9));
#3217 = VECTOR('',#3218,1.);
#3218 = DIRECTION('',(-1.,0.,0.));
#3219 = ORIENTED_EDGE('',*,*,#3220,.F.);
#3220 = EDGE_CURVE('',#3221,#3213,#3223,.T.);
#3221 = VERTEX_POINT('',#3222);
#3222 = CARTESIAN_POINT('',(-51.24915695,57.6052475,4.9));
#3223 = LINE('',#3224,#3225);
#3224 = CARTESIAN_POINT('',(-51.24915695,57.6052475,4.9));
#3225 = VECTOR('',#3226,1.);
#3226 = DIRECTION('',(0.,1.,0.));
#3227 = ORIENTED_EDGE('',*,*,#3228,.F.);
#3228 = EDGE_CURVE('',#2375,#3221,#3229,.T.);
#3229 = LINE('',#3230,#3231);
#3230 = CARTESIAN_POINT('',(-67.11682892,57.6052475,4.9));
#3231 = VECTOR('',#3232,1.);
#3232 = DIRECTION('',(1.,0.,0.));
#3233 = FACE_BOUND('',#3234,.T.);
#3234 = EDGE_LOOP('',(#3235,#3245,#3254,#3262,#3271,#3279,#3288,#3296,
    #3305,#3313,#3322,#3330,#3339,#3347,#3356,#3364));
#3235 = ORIENTED_EDGE('',*,*,#3236,.F.);
#3236 = EDGE_CURVE('',#3237,#3239,#3241,.T.);
#3237 = VERTEX_POINT('',#3238);
#3238 = CARTESIAN_POINT('',(-89.161903,29.660711,4.9));
#3239 = VERTEX_POINT('',#3240);
#3240 = CARTESIAN_POINT('',(-74.144928,29.660711,4.9));
#3241 = LINE('',#3242,#3243);
#3242 = CARTESIAN_POINT('',(-90.161903,29.660711,4.9));
#3243 = VECTOR('',#3244,1.);
#3244 = DIRECTION('',(1.,0.,0.));
#3245 = ORIENTED_EDGE('',*,*,#3246,.T.);
#3246 = EDGE_CURVE('',#3237,#3247,#3249,.T.);
#3247 = VERTEX_POINT('',#3248);
#3248 = CARTESIAN_POINT('',(-90.161903,28.660711,4.9));
#3249 = CIRCLE('',#3250,1.);
#3250 = AXIS2_PLACEMENT_3D('',#3251,#3252,#3253);
#3251 = CARTESIAN_POINT('',(-89.161903,28.660711,4.9));
#3252 = DIRECTION('',(0.,-0.,1.));
#3253 = DIRECTION('',(0.,1.,0.));
#3254 = ORIENTED_EDGE('',*,*,#3255,.F.);
#3255 = EDGE_CURVE('',#3256,#3247,#3258,.T.);
#3256 = VERTEX_POINT('',#3257);
#3257 = CARTESIAN_POINT('',(-90.161903,25.25956,4.9));
#3258 = LINE('',#3259,#3260);
#3259 = CARTESIAN_POINT('',(-90.161903,24.25956,4.9));
#3260 = VECTOR('',#3261,1.);
#3261 = DIRECTION('',(0.,1.,0.));
#3262 = ORIENTED_EDGE('',*,*,#3263,.T.);
#3263 = EDGE_CURVE('',#3256,#3264,#3266,.T.);
#3264 = VERTEX_POINT('',#3265);
#3265 = CARTESIAN_POINT('',(-91.161903,24.25956,4.9));
#3266 = CIRCLE('',#3267,1.);
#3267 = AXIS2_PLACEMENT_3D('',#3268,#3269,#3270);
#3268 = CARTESIAN_POINT('',(-91.161903,25.25956,4.9));
#3269 = DIRECTION('',(0.,0.,-1.));
#3270 = DIRECTION('',(0.,1.,0.));
#3271 = ORIENTED_EDGE('',*,*,#3272,.F.);
#3272 = EDGE_CURVE('',#3273,#3264,#3275,.T.);
#3273 = VERTEX_POINT('',#3274);
#3274 = CARTESIAN_POINT('',(-93.724609,24.25956,4.9));
#3275 = LINE('',#3276,#3277);
#3276 = CARTESIAN_POINT('',(-94.724609,24.25956,4.9));
#3277 = VECTOR('',#3278,1.);
#3278 = DIRECTION('',(1.,0.,0.));
#3279 = ORIENTED_EDGE('',*,*,#3280,.T.);
#3280 = EDGE_CURVE('',#3273,#3281,#3283,.T.);
#3281 = VERTEX_POINT('',#3282);
#3282 = CARTESIAN_POINT('',(-94.724609,25.25956,4.9));
#3283 = CIRCLE('',#3284,1.);
#3284 = AXIS2_PLACEMENT_3D('',#3285,#3286,#3287);
#3285 = CARTESIAN_POINT('',(-93.724609,25.25956,4.9));
#3286 = DIRECTION('',(0.,0.,-1.));
#3287 = DIRECTION('',(0.,1.,0.));
#3288 = ORIENTED_EDGE('',*,*,#3289,.F.);
#3289 = EDGE_CURVE('',#3290,#3281,#3292,.T.);
#3290 = VERTEX_POINT('',#3291);
#3291 = CARTESIAN_POINT('',(-94.724609,28.660711,4.9));
#3292 = LINE('',#3293,#3294);
#3293 = CARTESIAN_POINT('',(-94.724609,29.660711,4.9));
#3294 = VECTOR('',#3295,1.);
#3295 = DIRECTION('',(0.,-1.,0.));
#3296 = ORIENTED_EDGE('',*,*,#3297,.T.);
#3297 = EDGE_CURVE('',#3290,#3298,#3300,.T.);
#3298 = VERTEX_POINT('',#3299);
#3299 = CARTESIAN_POINT('',(-95.724609,29.660711,4.9));
#3300 = CIRCLE('',#3301,1.);
#3301 = AXIS2_PLACEMENT_3D('',#3302,#3303,#3304);
#3302 = CARTESIAN_POINT('',(-95.724609,28.660711,4.9));
#3303 = DIRECTION('',(0.,-0.,1.));
#3304 = DIRECTION('',(0.,1.,0.));
#3305 = ORIENTED_EDGE('',*,*,#3306,.F.);
#3306 = EDGE_CURVE('',#3307,#3298,#3309,.T.);
#3307 = VERTEX_POINT('',#3308);
#3308 = CARTESIAN_POINT('',(-100.291313,29.660711,4.9));
#3309 = LINE('',#3310,#3311);
#3310 = CARTESIAN_POINT('',(-101.291313,29.660711,4.9));
#3311 = VECTOR('',#3312,1.);
#3312 = DIRECTION('',(1.,0.,0.));
#3313 = ORIENTED_EDGE('',*,*,#3314,.T.);
#3314 = EDGE_CURVE('',#3307,#3315,#3317,.T.);
#3315 = VERTEX_POINT('',#3316);
#3316 = CARTESIAN_POINT('',(-101.291313,30.660711,4.9));
#3317 = CIRCLE('',#3318,1.);
#3318 = AXIS2_PLACEMENT_3D('',#3319,#3320,#3321);
#3319 = CARTESIAN_POINT('',(-100.291313,30.660711,4.9));
#3320 = DIRECTION('',(0.,0.,-1.));
#3321 = DIRECTION('',(0.,1.,0.));
#3322 = ORIENTED_EDGE('',*,*,#3323,.F.);
#3323 = EDGE_CURVE('',#3324,#3315,#3326,.T.);
#3324 = VERTEX_POINT('',#3325);
#3325 = CARTESIAN_POINT('',(-101.291313,50.138256,4.9));
#3326 = LINE('',#3327,#3328);
#3327 = CARTESIAN_POINT('',(-101.291313,51.138256,4.9));
#3328 = VECTOR('',#3329,1.);
#3329 = DIRECTION('',(0.,-1.,0.));
#3330 = ORIENTED_EDGE('',*,*,#3331,.T.);
#3331 = EDGE_CURVE('',#3324,#3332,#3334,.T.);
#3332 = VERTEX_POINT('',#3333);
#3333 = CARTESIAN_POINT('',(-100.291313,51.138256,4.9));
#3334 = CIRCLE('',#3335,1.);
#3335 = AXIS2_PLACEMENT_3D('',#3336,#3337,#3338);
#3336 = CARTESIAN_POINT('',(-100.291313,50.138256,4.9));
#3337 = DIRECTION('',(0.,0.,-1.));
#3338 = DIRECTION('',(0.,1.,0.));
#3339 = ORIENTED_EDGE('',*,*,#3340,.F.);
#3340 = EDGE_CURVE('',#3341,#3332,#3343,.T.);
#3341 = VERTEX_POINT('',#3342);
#3342 = CARTESIAN_POINT('',(-74.144928,51.138256,4.9));
#3343 = LINE('',#3344,#3345);
#3344 = CARTESIAN_POINT('',(-73.144928,51.138256,4.9));
#3345 = VECTOR('',#3346,1.);
#3346 = DIRECTION('',(-1.,0.,0.));
#3347 = ORIENTED_EDGE('',*,*,#3348,.T.);
#3348 = EDGE_CURVE('',#3341,#3349,#3351,.T.);
#3349 = VERTEX_POINT('',#3350);
#3350 = CARTESIAN_POINT('',(-73.144928,50.138256,4.9));
#3351 = CIRCLE('',#3352,1.);
#3352 = AXIS2_PLACEMENT_3D('',#3353,#3354,#3355);
#3353 = CARTESIAN_POINT('',(-74.144928,50.138256,4.9));
#3354 = DIRECTION('',(0.,0.,-1.));
#3355 = DIRECTION('',(0.,1.,0.));
#3356 = ORIENTED_EDGE('',*,*,#3357,.F.);
#3357 = EDGE_CURVE('',#3358,#3349,#3360,.T.);
#3358 = VERTEX_POINT('',#3359);
#3359 = CARTESIAN_POINT('',(-73.144928,30.660711,4.9));
#3360 = LINE('',#3361,#3362);
#3361 = CARTESIAN_POINT('',(-73.144928,29.660711,4.9));
#3362 = VECTOR('',#3363,1.);
#3363 = DIRECTION('',(0.,1.,0.));
#3364 = ORIENTED_EDGE('',*,*,#3365,.F.);
#3365 = EDGE_CURVE('',#3239,#3358,#3366,.T.);
#3366 = CIRCLE('',#3367,1.);
#3367 = AXIS2_PLACEMENT_3D('',#3368,#3369,#3370);
#3368 = CARTESIAN_POINT('',(-74.144928,30.660711,4.9));
#3369 = DIRECTION('',(0.,-0.,1.));
#3370 = DIRECTION('',(0.,1.,0.));
#3371 = FACE_BOUND('',#3372,.T.);
#3372 = EDGE_LOOP('',(#3373,#3383,#3391,#3399));
#3373 = ORIENTED_EDGE('',*,*,#3374,.F.);
#3374 = EDGE_CURVE('',#3375,#3377,#3379,.T.);
#3375 = VERTEX_POINT('',#3376);
#3376 = CARTESIAN_POINT('',(-62.1050148,50.6904182,4.9));
#3377 = VERTEX_POINT('',#3378);
#3378 = CARTESIAN_POINT('',(-62.1050148,39.05830002,4.9));
#3379 = LINE('',#3380,#3381);
#3380 = CARTESIAN_POINT('',(-62.1050148,50.6904182,4.9));
#3381 = VECTOR('',#3382,1.);
#3382 = DIRECTION('',(0.,-1.,0.));
#3383 = ORIENTED_EDGE('',*,*,#3384,.F.);
#3384 = EDGE_CURVE('',#3385,#3375,#3387,.T.);
#3385 = VERTEX_POINT('',#3386);
#3386 = CARTESIAN_POINT('',(-57.44507599,50.6904182,4.9));
#3387 = LINE('',#3388,#3389);
#3388 = CARTESIAN_POINT('',(-57.44507599,50.6904182,4.9));
#3389 = VECTOR('',#3390,1.);
#3390 = DIRECTION('',(-1.,0.,0.));
#3391 = ORIENTED_EDGE('',*,*,#3392,.F.);
#3392 = EDGE_CURVE('',#3393,#3385,#3395,.T.);
#3393 = VERTEX_POINT('',#3394);
#3394 = CARTESIAN_POINT('',(-57.44507599,39.05830002,4.9));
#3395 = LINE('',#3396,#3397);
#3396 = CARTESIAN_POINT('',(-57.44507599,39.05830002,4.9));
#3397 = VECTOR('',#3398,1.);
#3398 = DIRECTION('',(0.,1.,0.));
#3399 = ORIENTED_EDGE('',*,*,#3400,.F.);
#3400 = EDGE_CURVE('',#3377,#3393,#3401,.T.);
#3401 = LINE('',#3402,#3403);
#3402 = CARTESIAN_POINT('',(-62.1050148,39.05830002,4.9));
#3403 = VECTOR('',#3404,1.);
#3404 = DIRECTION('',(1.,0.,0.));
#3405 = FACE_BOUND('',#3406,.T.);
#3406 = EDGE_LOOP('',(#3407,#3417,#3425,#3433,#3441,#3449,#3457,#3465));
#3407 = ORIENTED_EDGE('',*,*,#3408,.F.);
#3408 = EDGE_CURVE('',#3409,#3411,#3413,.T.);
#3409 = VERTEX_POINT('',#3410);
#3410 = CARTESIAN_POINT('',(-75.93088531,86.89498138,4.9));
#3411 = VERTEX_POINT('',#3412);
#3412 = CARTESIAN_POINT('',(-88.56921387,86.89498138,4.9));
#3413 = LINE('',#3414,#3415);
#3414 = CARTESIAN_POINT('',(-75.93088531,86.89498138,4.9));
#3415 = VECTOR('',#3416,1.);
#3416 = DIRECTION('',(-1.,0.,0.));
#3417 = ORIENTED_EDGE('',*,*,#3418,.T.);
#3418 = EDGE_CURVE('',#3409,#3419,#3421,.T.);
#3419 = VERTEX_POINT('',#3420);
#3420 = CARTESIAN_POINT('',(-75.93088531,89.78978729,4.9));
#3421 = LINE('',#3422,#3423);
#3422 = CARTESIAN_POINT('',(-75.93088531,86.89498138,4.9));
#3423 = VECTOR('',#3424,1.);
#3424 = DIRECTION('',(0.,1.,0.));
#3425 = ORIENTED_EDGE('',*,*,#3426,.F.);
#3426 = EDGE_CURVE('',#3427,#3419,#3429,.T.);
#3427 = VERTEX_POINT('',#3428);
#3428 = CARTESIAN_POINT('',(-71.69458008,89.78978729,4.9));
#3429 = LINE('',#3430,#3431);
#3430 = CARTESIAN_POINT('',(-71.69458008,89.78978729,4.9));
#3431 = VECTOR('',#3432,1.);
#3432 = DIRECTION('',(-1.,0.,0.));
#3433 = ORIENTED_EDGE('',*,*,#3434,.F.);
#3434 = EDGE_CURVE('',#3435,#3427,#3437,.T.);
#3435 = VERTEX_POINT('',#3436);
#3436 = CARTESIAN_POINT('',(-71.69458008,69.10247803,4.9));
#3437 = LINE('',#3438,#3439);
#3438 = CARTESIAN_POINT('',(-71.69458008,69.10247803,4.9));
#3439 = VECTOR('',#3440,1.);
#3440 = DIRECTION('',(0.,1.,0.));
#3441 = ORIENTED_EDGE('',*,*,#3442,.F.);
#3442 = EDGE_CURVE('',#3443,#3435,#3445,.T.);
#3443 = VERTEX_POINT('',#3444);
#3444 = CARTESIAN_POINT('',(-75.93088531,69.10247803,4.9));
#3445 = LINE('',#3446,#3447);
#3446 = CARTESIAN_POINT('',(-75.93088531,69.10247803,4.9));
#3447 = VECTOR('',#3448,1.);
#3448 = DIRECTION('',(1.,0.,0.));
#3449 = ORIENTED_EDGE('',*,*,#3450,.F.);
#3450 = EDGE_CURVE('',#3451,#3443,#3453,.T.);
#3451 = VERTEX_POINT('',#3452);
#3452 = CARTESIAN_POINT('',(-75.93088531,71.8560791,4.9));
#3453 = LINE('',#3454,#3455);
#3454 = CARTESIAN_POINT('',(-75.93088531,71.8560791,4.9));
#3455 = VECTOR('',#3456,1.);
#3456 = DIRECTION('',(0.,-1.,0.));
#3457 = ORIENTED_EDGE('',*,*,#3458,.F.);
#3458 = EDGE_CURVE('',#3459,#3451,#3461,.T.);
#3459 = VERTEX_POINT('',#3460);
#3460 = CARTESIAN_POINT('',(-88.56921387,71.8560791,4.9));
#3461 = LINE('',#3462,#3463);
#3462 = CARTESIAN_POINT('',(-88.56921387,71.8560791,4.9));
#3463 = VECTOR('',#3464,1.);
#3464 = DIRECTION('',(1.,0.,0.));
#3465 = ORIENTED_EDGE('',*,*,#3466,.F.);
#3466 = EDGE_CURVE('',#3411,#3459,#3467,.T.);
#3467 = LINE('',#3468,#3469);
#3468 = CARTESIAN_POINT('',(-88.56921387,86.89498138,4.9));
#3469 = VECTOR('',#3470,1.);
#3470 = DIRECTION('',(0.,-1.,0.));
#3471 = PLANE('',#3472);
#3472 = AXIS2_PLACEMENT_3D('',#3473,#3474,#3475);
#3473 = CARTESIAN_POINT('',(-55.22508418604,81.121930514471,4.9));
#3474 = DIRECTION('',(0.,0.,1.));
#3475 = DIRECTION('',(1.,0.,0.));
#3476 = ADVANCED_FACE('',(#3477),#3519,.T.);
#3477 = FACE_BOUND('',#3478,.T.);
#3478 = EDGE_LOOP('',(#3479,#3487,#3495,#3503,#3511,#3517,#3518));
#3479 = ORIENTED_EDGE('',*,*,#3480,.T.);
#3480 = EDGE_CURVE('',#72,#3481,#3483,.T.);
#3481 = VERTEX_POINT('',#3482);
#3482 = CARTESIAN_POINT('',(-25.284,92.15,3.7));
#3483 = LINE('',#3484,#3485);
#3484 = CARTESIAN_POINT('',(-25.284,91.299999999999,3.7));
#3485 = VECTOR('',#3486,1.);
#3486 = DIRECTION('',(0.,1.,0.));
#3487 = ORIENTED_EDGE('',*,*,#3488,.T.);
#3488 = EDGE_CURVE('',#3481,#3489,#3491,.T.);
#3489 = VERTEX_POINT('',#3490);
#3490 = CARTESIAN_POINT('',(-25.284,92.15,4.9));
#3491 = LINE('',#3492,#3493);
#3492 = CARTESIAN_POINT('',(-25.284,92.15,4.059833440676));
#3493 = VECTOR('',#3494,1.);
#3494 = DIRECTION('',(0.,0.,1.));
#3495 = ORIENTED_EDGE('',*,*,#3496,.T.);
#3496 = EDGE_CURVE('',#3489,#3497,#3499,.T.);
#3497 = VERTEX_POINT('',#3498);
#3498 = CARTESIAN_POINT('',(-25.284,142.04278258744,4.9));
#3499 = LINE('',#3500,#3501);
#3500 = CARTESIAN_POINT('',(-25.284,91.299999999999,4.9));
#3501 = VECTOR('',#3502,1.);
#3502 = DIRECTION('',(0.,1.,0.));
#3503 = ORIENTED_EDGE('',*,*,#3504,.F.);
#3504 = EDGE_CURVE('',#3505,#3497,#3507,.T.);
#3505 = VERTEX_POINT('',#3506);
#3506 = CARTESIAN_POINT('',(-25.284,142.29999999999,4.454486372868));
#3507 = LINE('',#3508,#3509);
#3508 = CARTESIAN_POINT('',(-25.284,140.20484769021,8.083396623017));
#3509 = VECTOR('',#3510,1.);
#3510 = DIRECTION('',(0.,-0.5,0.866025403784));
#3511 = ORIENTED_EDGE('',*,*,#3512,.T.);
#3512 = EDGE_CURVE('',#3505,#2351,#3513,.T.);
#3513 = LINE('',#3514,#3515);
#3514 = CARTESIAN_POINT('',(-25.284,142.29999999999,4.9));
#3515 = VECTOR('',#3516,1.);
#3516 = DIRECTION('',(-0.,-0.,-1.));
#3517 = ORIENTED_EDGE('',*,*,#2350,.T.);
#3518 = ORIENTED_EDGE('',*,*,#79,.F.);
#3519 = PLANE('',#3520);
#3520 = AXIS2_PLACEMENT_3D('',#3521,#3522,#3523);
#3521 = CARTESIAN_POINT('',(-25.284,116.80942698706,3.340573012939));
#3522 = DIRECTION('',(-1.,-0.,-0.));
#3523 = DIRECTION('',(0.,0.,-1.));
#3524 = ADVANCED_FACE('',(#3525),#3543,.T.);
#3525 = FACE_BOUND('',#3526,.T.);
#3526 = EDGE_LOOP('',(#3527,#3528,#3529,#3537));
#3527 = ORIENTED_EDGE('',*,*,#63,.F.);
#3528 = ORIENTED_EDGE('',*,*,#3179,.T.);
#3529 = ORIENTED_EDGE('',*,*,#3530,.T.);
#3530 = EDGE_CURVE('',#3171,#3531,#3533,.T.);
#3531 = VERTEX_POINT('',#3532);
#3532 = CARTESIAN_POINT('',(-27.0746949,89.9957736,3.7));
#3533 = LINE('',#3534,#3535);
#3534 = CARTESIAN_POINT('',(-27.0746949,89.9957736,4.9));
#3535 = VECTOR('',#3536,1.);
#3536 = DIRECTION('',(-0.,-0.,-1.));
#3537 = ORIENTED_EDGE('',*,*,#3538,.F.);
#3538 = EDGE_CURVE('',#64,#3531,#3539,.T.);
#3539 = LINE('',#3540,#3541);
#3540 = CARTESIAN_POINT('',(-27.0746949,91.299999999999,3.7));
#3541 = VECTOR('',#3542,1.);
#3542 = DIRECTION('',(0.,-1.,0.));
#3543 = PLANE('',#3544);
#3544 = AXIS2_PLACEMENT_3D('',#3545,#3546,#3547);
#3545 = CARTESIAN_POINT('',(-27.0746949,91.0728868,3.35));
#3546 = DIRECTION('',(1.,-9.7E-16,4.9E-16));
#3547 = DIRECTION('',(9.7E-16,1.,0.));
#3548 = ADVANCED_FACE('',(#3549),#3612,.T.);
#3549 = FACE_BOUND('',#3550,.T.);
#3550 = EDGE_LOOP('',(#3551,#3561,#3570,#3578,#3587,#3593,#3594,#3595,
    #3596,#3605));
#3551 = ORIENTED_EDGE('',*,*,#3552,.T.);
#3552 = EDGE_CURVE('',#3553,#3555,#3557,.T.);
#3553 = VERTEX_POINT('',#3554);
#3554 = CARTESIAN_POINT('',(-26.34264409243,89.9957736,3.7));
#3555 = VERTEX_POINT('',#3556);
#3556 = CARTESIAN_POINT('',(-24.784,89.9957736,3.7));
#3557 = LINE('',#3558,#3559);
#3558 = CARTESIAN_POINT('',(-27.0746949,89.9957736,3.7));
#3559 = VECTOR('',#3560,1.);
#3560 = DIRECTION('',(1.,0.,0.));
#3561 = ORIENTED_EDGE('',*,*,#3562,.F.);
#3562 = EDGE_CURVE('',#3563,#3555,#3565,.T.);
#3563 = VERTEX_POINT('',#3564);
#3564 = CARTESIAN_POINT('',(-23.784,90.9957736,3.7));
#3565 = CIRCLE('',#3566,1.);
#3566 = AXIS2_PLACEMENT_3D('',#3567,#3568,#3569);
#3567 = CARTESIAN_POINT('',(-24.784,90.9957736,3.7));
#3568 = DIRECTION('',(-0.,-0.,-1.));
#3569 = DIRECTION('',(0.,-1.,0.));
#3570 = ORIENTED_EDGE('',*,*,#3571,.T.);
#3571 = EDGE_CURVE('',#3563,#3572,#3574,.T.);
#3572 = VERTEX_POINT('',#3573);
#3573 = CARTESIAN_POINT('',(-23.784,91.15,3.7));
#3574 = LINE('',#3575,#3576);
#3575 = CARTESIAN_POINT('',(-23.784,89.9957736,3.7));
#3576 = VECTOR('',#3577,1.);
#3577 = DIRECTION('',(0.,1.,0.));
#3578 = ORIENTED_EDGE('',*,*,#3579,.F.);
#3579 = EDGE_CURVE('',#3580,#3572,#3582,.T.);
#3580 = VERTEX_POINT('',#3581);
#3581 = CARTESIAN_POINT('',(-22.784,92.15,3.7));
#3582 = CIRCLE('',#3583,1.);
#3583 = AXIS2_PLACEMENT_3D('',#3584,#3585,#3586);
#3584 = CARTESIAN_POINT('',(-22.784,91.15,3.7));
#3585 = DIRECTION('',(-0.,0.,1.));
#3586 = DIRECTION('',(0.,-1.,0.));
#3587 = ORIENTED_EDGE('',*,*,#3588,.F.);
#3588 = EDGE_CURVE('',#3481,#3580,#3589,.T.);
#3589 = LINE('',#3590,#3591);
#3590 = CARTESIAN_POINT('',(-25.284,92.15,3.7));
#3591 = VECTOR('',#3592,1.);
#3592 = DIRECTION('',(1.,3.79E-14,0.));
#3593 = ORIENTED_EDGE('',*,*,#3480,.F.);
#3594 = ORIENTED_EDGE('',*,*,#71,.F.);
#3595 = ORIENTED_EDGE('',*,*,#3538,.T.);
#3596 = ORIENTED_EDGE('',*,*,#3597,.T.);
#3597 = EDGE_CURVE('',#3531,#3598,#3600,.T.);
#3598 = VERTEX_POINT('',#3599);
#3599 = CARTESIAN_POINT('',(-27.20866949621,89.4957736,3.7));
#3600 = CIRCLE('',#3601,1.);
#3601 = AXIS2_PLACEMENT_3D('',#3602,#3603,#3604);
#3602 = CARTESIAN_POINT('',(-28.0746949,89.9957736,3.7));
#3603 = DIRECTION('',(0.,0.,-1.));
#3604 = DIRECTION('',(0.,1.,0.));
#3605 = ORIENTED_EDGE('',*,*,#3606,.T.);
#3606 = EDGE_CURVE('',#3598,#3553,#3607,.T.);
#3607 = CIRCLE('',#3608,1.);
#3608 = AXIS2_PLACEMENT_3D('',#3609,#3610,#3611);
#3609 = CARTESIAN_POINT('',(-26.34264409243,88.9957736,3.7));
#3610 = DIRECTION('',(0.,0.,-1.));
#3611 = DIRECTION('',(0.,1.,0.));
#3612 = PLANE('',#3613);
#3613 = AXIS2_PLACEMENT_3D('',#3614,#3615,#3616);
#3614 = CARTESIAN_POINT('',(-33.70099314793,53.053242759837,3.7));
#3615 = DIRECTION('',(0.,0.,1.));
#3616 = DIRECTION('',(1.,0.,0.));
#3617 = ADVANCED_FACE('',(#3618),#3644,.F.);
#3618 = FACE_BOUND('',#3619,.F.);
#3619 = EDGE_LOOP('',(#3620,#3621,#3629,#3635,#3636,#3642,#3643));
#3620 = ORIENTED_EDGE('',*,*,#125,.F.);
#3621 = ORIENTED_EDGE('',*,*,#3622,.F.);
#3622 = EDGE_CURVE('',#3623,#126,#3625,.T.);
#3623 = VERTEX_POINT('',#3624);
#3624 = CARTESIAN_POINT('',(-98.28399999999,84.799999999999,4.));
#3625 = LINE('',#3626,#3627);
#3626 = CARTESIAN_POINT('',(-98.28399999999,84.799999999999,4.9));
#3627 = VECTOR('',#3628,1.);
#3628 = DIRECTION('',(-0.,-0.,-1.));
#3629 = ORIENTED_EDGE('',*,*,#3630,.F.);
#3630 = EDGE_CURVE('',#2400,#3623,#3631,.T.);
#3631 = LINE('',#3632,#3633);
#3632 = CARTESIAN_POINT('',(-108.6673333333,95.183333333332,
    14.383333333334));
#3633 = VECTOR('',#3634,1.);
#3634 = DIRECTION('',(0.57735026919,-0.57735026919,-0.57735026919));
#3635 = ORIENTED_EDGE('',*,*,#2407,.F.);
#3636 = ORIENTED_EDGE('',*,*,#3637,.T.);
#3637 = EDGE_CURVE('',#2408,#247,#3638,.T.);
#3638 = LINE('',#3639,#3640);
#3639 = CARTESIAN_POINT('',(-99.78399999999,86.299999999999,4.9));
#3640 = VECTOR('',#3641,1.);
#3641 = DIRECTION('',(-0.,-0.,-1.));
#3642 = ORIENTED_EDGE('',*,*,#246,.T.);
#3643 = ORIENTED_EDGE('',*,*,#156,.T.);
#3644 = PLANE('',#3645);
#3645 = AXIS2_PLACEMENT_3D('',#3646,#3647,#3648);
#3646 = CARTESIAN_POINT('',(-99.78399999999,86.299999999999,4.9));
#3647 = DIRECTION('',(-0.707106781187,-0.707106781187,0.));
#3648 = DIRECTION('',(0.707106781187,-0.707106781187,0.));
#3649 = ADVANCED_FACE('',(#3650),#3669,.T.);
#3650 = FACE_BOUND('',#3651,.T.);
#3651 = EDGE_LOOP('',(#3652,#3660,#3667,#3668));
#3652 = ORIENTED_EDGE('',*,*,#3653,.F.);
#3653 = EDGE_CURVE('',#3654,#216,#3656,.T.);
#3654 = VERTEX_POINT('',#3655);
#3655 = CARTESIAN_POINT('',(-86.284,62.1052475,4.));
#3656 = LINE('',#3657,#3658);
#3657 = CARTESIAN_POINT('',(-86.284,62.1052475,4.9));
#3658 = VECTOR('',#3659,1.);
#3659 = DIRECTION('',(-0.,-0.,-1.));
#3660 = ORIENTED_EDGE('',*,*,#3661,.F.);
#3661 = EDGE_CURVE('',#289,#3654,#3662,.T.);
#3662 = CIRCLE('',#3663,9.);
#3663 = AXIS2_PLACEMENT_3D('',#3664,#3665,#3666);
#3664 = CARTESIAN_POINT('',(-86.284,71.1052475,4.));
#3665 = DIRECTION('',(0.,0.,1.));
#3666 = DIRECTION('',(-1.,0.,0.));
#3667 = ORIENTED_EDGE('',*,*,#288,.T.);
#3668 = ORIENTED_EDGE('',*,*,#223,.T.);
#3669 = CYLINDRICAL_SURFACE('',#3670,9.);
#3670 = AXIS2_PLACEMENT_3D('',#3671,#3672,#3673);
#3671 = CARTESIAN_POINT('',(-86.284,71.1052475,4.9));
#3672 = DIRECTION('',(0.,0.,1.));
#3673 = DIRECTION('',(1.,0.,0.));
#3674 = ADVANCED_FACE('',(#3675),#3693,.T.);
#3675 = FACE_BOUND('',#3676,.T.);
#3676 = EDGE_LOOP('',(#3677,#3685,#3691,#3692));
#3677 = ORIENTED_EDGE('',*,*,#3678,.F.);
#3678 = EDGE_CURVE('',#3679,#208,#3681,.T.);
#3679 = VERTEX_POINT('',#3680);
#3680 = CARTESIAN_POINT('',(-83.31101948,62.1052475,4.));
#3681 = LINE('',#3682,#3683);
#3682 = CARTESIAN_POINT('',(-83.31101948,62.1052475,4.4));
#3683 = VECTOR('',#3684,1.);
#3684 = DIRECTION('',(0.,0.,-1.));
#3685 = ORIENTED_EDGE('',*,*,#3686,.F.);
#3686 = EDGE_CURVE('',#3654,#3679,#3687,.T.);
#3687 = LINE('',#3688,#3689);
#3688 = CARTESIAN_POINT('',(-86.284,62.1052475,4.));
#3689 = VECTOR('',#3690,1.);
#3690 = DIRECTION('',(1.,0.,0.));
#3691 = ORIENTED_EDGE('',*,*,#3653,.T.);
#3692 = ORIENTED_EDGE('',*,*,#215,.F.);
#3693 = PLANE('',#3694);
#3694 = AXIS2_PLACEMENT_3D('',#3695,#3696,#3697);
#3695 = CARTESIAN_POINT('',(-76.70041446,62.1052475,3.9));
#3696 = DIRECTION('',(-0.,-1.,-0.));
#3697 = DIRECTION('',(0.,0.,-1.));
#3698 = ADVANCED_FACE('',(#3699),#3740,.F.);
#3699 = FACE_BOUND('',#3700,.F.);
#3700 = EDGE_LOOP('',(#3701,#3709,#3715,#3716,#3724,#3732,#3738,#3739));
#3701 = ORIENTED_EDGE('',*,*,#3702,.T.);
#3702 = EDGE_CURVE('',#3679,#3703,#3705,.T.);
#3703 = VERTEX_POINT('',#3704);
#3704 = CARTESIAN_POINT('',(-83.31101948,62.87710953,4.77186203));
#3705 = LINE('',#3706,#3707);
#3706 = CARTESIAN_POINT('',(-83.31101948,62.7482130075,4.6429655075));
#3707 = VECTOR('',#3708,1.);
#3708 = DIRECTION('',(0.,0.707106781187,0.707106781187));
#3709 = ORIENTED_EDGE('',*,*,#3710,.T.);
#3710 = EDGE_CURVE('',#3703,#2097,#3711,.T.);
#3711 = LINE('',#3712,#3713);
#3712 = CARTESIAN_POINT('',(-83.31101948,62.87710953,4.9));
#3713 = VECTOR('',#3714,1.);
#3714 = DIRECTION('',(-0.,-0.,-1.));
#3715 = ORIENTED_EDGE('',*,*,#2094,.F.);
#3716 = ORIENTED_EDGE('',*,*,#3717,.F.);
#3717 = EDGE_CURVE('',#3718,#2095,#3720,.T.);
#3718 = VERTEX_POINT('',#3719);
#3719 = CARTESIAN_POINT('',(-83.31101948,58.34679413,4.758453370001));
#3720 = LINE('',#3721,#3722);
#3721 = CARTESIAN_POINT('',(-83.31101948,58.34679413,4.9));
#3722 = VECTOR('',#3723,1.);
#3723 = DIRECTION('',(-0.,-0.,-1.));
#3724 = ORIENTED_EDGE('',*,*,#3725,.F.);
#3725 = EDGE_CURVE('',#3726,#3718,#3728,.T.);
#3726 = VERTEX_POINT('',#3727);
#3727 = CARTESIAN_POINT('',(-83.31101948,59.105247500001,4.));
#3728 = LINE('',#3729,#3730);
#3729 = CARTESIAN_POINT('',(-83.31101948,59.598213007501,3.5070344925));
#3730 = VECTOR('',#3731,1.);
#3731 = DIRECTION('',(0.,-0.707106781187,0.707106781187));
#3732 = ORIENTED_EDGE('',*,*,#3733,.F.);
#3733 = EDGE_CURVE('',#200,#3726,#3734,.T.);
#3734 = LINE('',#3735,#3736);
#3735 = CARTESIAN_POINT('',(-83.31101948,59.105247500001,4.4));
#3736 = VECTOR('',#3737,1.);
#3737 = DIRECTION('',(0.,0.,1.));
#3738 = ORIENTED_EDGE('',*,*,#207,.F.);
#3739 = ORIENTED_EDGE('',*,*,#3678,.F.);
#3740 = PLANE('',#3741);
#3741 = AXIS2_PLACEMENT_3D('',#3742,#3743,#3744);
#3742 = CARTESIAN_POINT('',(-83.31101948,62.87710953,4.9));
#3743 = DIRECTION('',(-1.,0.,0.));
#3744 = DIRECTION('',(0.,-1.,0.));
#3745 = ADVANCED_FACE('',(#3746),#3764,.T.);
#3746 = FACE_BOUND('',#3747,.T.);
#3747 = EDGE_LOOP('',(#3748,#3756,#3757,#3758));
#3748 = ORIENTED_EDGE('',*,*,#3749,.T.);
#3749 = EDGE_CURVE('',#3750,#3726,#3752,.T.);
#3750 = VERTEX_POINT('',#3751);
#3751 = CARTESIAN_POINT('',(-96.284,59.105247500001,4.));
#3752 = LINE('',#3753,#3754);
#3753 = CARTESIAN_POINT('',(-96.284,59.105247500001,4.));
#3754 = VECTOR('',#3755,1.);
#3755 = DIRECTION('',(1.,0.,0.));
#3756 = ORIENTED_EDGE('',*,*,#3733,.F.);
#3757 = ORIENTED_EDGE('',*,*,#199,.T.);
#3758 = ORIENTED_EDGE('',*,*,#3759,.F.);
#3759 = EDGE_CURVE('',#3750,#191,#3760,.T.);
#3760 = LINE('',#3761,#3762);
#3761 = CARTESIAN_POINT('',(-96.284,59.105247500001,3.9));
#3762 = VECTOR('',#3763,1.);
#3763 = DIRECTION('',(-0.,-0.,-1.));
#3764 = PLANE('',#3765);
#3765 = AXIS2_PLACEMENT_3D('',#3766,#3767,#3768);
#3766 = CARTESIAN_POINT('',(-81.70041446,59.105247500001,3.9));
#3767 = DIRECTION('',(0.,1.,0.));
#3768 = DIRECTION('',(0.,0.,1.));
#3769 = ADVANCED_FACE('',(#3770),#3789,.F.);
#3770 = FACE_BOUND('',#3771,.F.);
#3771 = EDGE_LOOP('',(#3772,#3773,#3782,#3788));
#3772 = ORIENTED_EDGE('',*,*,#3759,.F.);
#3773 = ORIENTED_EDGE('',*,*,#3774,.F.);
#3774 = EDGE_CURVE('',#3775,#3750,#3777,.T.);
#3775 = VERTEX_POINT('',#3776);
#3776 = CARTESIAN_POINT('',(-98.284,61.1052475,4.));
#3777 = CIRCLE('',#3778,2.);
#3778 = AXIS2_PLACEMENT_3D('',#3779,#3780,#3781);
#3779 = CARTESIAN_POINT('',(-96.28399999999,61.105247500001,4.));
#3780 = DIRECTION('',(0.,0.,1.));
#3781 = DIRECTION('',(-1.,-2.3448E-13,0.));
#3782 = ORIENTED_EDGE('',*,*,#3783,.T.);
#3783 = EDGE_CURVE('',#3775,#183,#3784,.T.);
#3784 = LINE('',#3785,#3786);
#3785 = CARTESIAN_POINT('',(-98.28399999999,61.1052475,4.9));
#3786 = VECTOR('',#3787,1.);
#3787 = DIRECTION('',(-0.,-0.,-1.));
#3788 = ORIENTED_EDGE('',*,*,#190,.T.);
#3789 = CYLINDRICAL_SURFACE('',#3790,2.);
#3790 = AXIS2_PLACEMENT_3D('',#3791,#3792,#3793);
#3791 = CARTESIAN_POINT('',(-96.28399999999,61.105247500001,4.9));
#3792 = DIRECTION('',(0.,0.,1.));
#3793 = DIRECTION('',(1.,0.,0.));
#3794 = ADVANCED_FACE('',(#3795),#3806,.T.);
#3795 = FACE_BOUND('',#3796,.T.);
#3796 = EDGE_LOOP('',(#3797,#3803,#3804,#3805));
#3797 = ORIENTED_EDGE('',*,*,#3798,.T.);
#3798 = EDGE_CURVE('',#3623,#3775,#3799,.T.);
#3799 = LINE('',#3800,#3801);
#3800 = CARTESIAN_POINT('',(-98.284,142.29999999999,4.));
#3801 = VECTOR('',#3802,1.);
#3802 = DIRECTION('',(0.,-1.,0.));
#3803 = ORIENTED_EDGE('',*,*,#3783,.T.);
#3804 = ORIENTED_EDGE('',*,*,#182,.F.);
#3805 = ORIENTED_EDGE('',*,*,#3622,.F.);
#3806 = PLANE('',#3807);
#3807 = AXIS2_PLACEMENT_3D('',#3808,#3809,#3810);
#3808 = CARTESIAN_POINT('',(-98.284,101.8996361782,3.547012428205));
#3809 = DIRECTION('',(1.,1.94E-15,-1.7635E-13));
#3810 = DIRECTION('',(1.7635E-13,0.,1.));
#3811 = ADVANCED_FACE('',(#3812),#3823,.F.);
#3812 = FACE_BOUND('',#3813,.F.);
#3813 = EDGE_LOOP('',(#3814,#3820,#3821,#3822));
#3814 = ORIENTED_EDGE('',*,*,#3815,.T.);
#3815 = EDGE_CURVE('',#2416,#265,#3816,.T.);
#3816 = LINE('',#3817,#3818);
#3817 = CARTESIAN_POINT('',(-99.78399999999,110.79999999999,4.9));
#3818 = VECTOR('',#3819,1.);
#3819 = DIRECTION('',(-0.,-0.,-1.));
#3820 = ORIENTED_EDGE('',*,*,#272,.T.);
#3821 = ORIENTED_EDGE('',*,*,#3637,.F.);
#3822 = ORIENTED_EDGE('',*,*,#2415,.F.);
#3823 = PLANE('',#3824);
#3824 = AXIS2_PLACEMENT_3D('',#3825,#3826,#3827);
#3825 = CARTESIAN_POINT('',(-99.78399999999,98.549999999999,3.65));
#3826 = DIRECTION('',(-1.,-0.,-0.));
#3827 = DIRECTION('',(0.,0.,-1.));
#3828 = ADVANCED_FACE('',(#3829),#3841,.F.);
#3829 = FACE_BOUND('',#3830,.F.);
#3830 = EDGE_LOOP('',(#3831,#3837,#3838,#3839,#3840));
#3831 = ORIENTED_EDGE('',*,*,#3832,.F.);
#3832 = EDGE_CURVE('',#313,#2424,#3833,.T.);
#3833 = LINE('',#3834,#3835);
#3834 = CARTESIAN_POINT('',(-93.584,116.99999999999,-0.7));
#3835 = VECTOR('',#3836,1.);
#3836 = DIRECTION('',(-0.57735026919,-0.57735026919,0.57735026919));
#3837 = ORIENTED_EDGE('',*,*,#320,.T.);
#3838 = ORIENTED_EDGE('',*,*,#264,.T.);
#3839 = ORIENTED_EDGE('',*,*,#3815,.F.);
#3840 = ORIENTED_EDGE('',*,*,#2423,.F.);
#3841 = PLANE('',#3842);
#3842 = AXIS2_PLACEMENT_3D('',#3843,#3844,#3845);
#3843 = CARTESIAN_POINT('',(-98.28399999999,112.29999999999,4.9));
#3844 = DIRECTION('',(-0.707106781187,0.707106781187,0.));
#3845 = DIRECTION('',(-0.707106781187,-0.707106781187,0.));
#3846 = ADVANCED_FACE('',(#3847),#3866,.T.);
#3847 = FACE_BOUND('',#3848,.T.);
#3848 = EDGE_LOOP('',(#3849,#3857,#3863,#3864,#3865));
#3849 = ORIENTED_EDGE('',*,*,#3850,.F.);
#3850 = EDGE_CURVE('',#3851,#311,#3853,.T.);
#3851 = VERTEX_POINT('',#3852);
#3852 = CARTESIAN_POINT('',(-98.73848637286,142.29999999999,
    4.454486372868));
#3853 = LINE('',#3854,#3855);
#3854 = CARTESIAN_POINT('',(-80.484,142.29999999999,-13.8));
#3855 = VECTOR('',#3856,1.);
#3856 = DIRECTION('',(0.707106781186,0.,-0.707106781187));
#3857 = ORIENTED_EDGE('',*,*,#3858,.F.);
#3858 = EDGE_CURVE('',#2432,#3851,#3859,.T.);
#3859 = LINE('',#3860,#3861);
#3860 = CARTESIAN_POINT('',(-99.08724909545,142.09864174823,
    4.803249095455));
#3861 = VECTOR('',#3862,1.);
#3862 = DIRECTION('',(0.654653670708,0.377964473009,-0.654653670708));
#3863 = ORIENTED_EDGE('',*,*,#2431,.T.);
#3864 = ORIENTED_EDGE('',*,*,#3832,.F.);
#3865 = ORIENTED_EDGE('',*,*,#310,.F.);
#3866 = PLANE('',#3867);
#3867 = AXIS2_PLACEMENT_3D('',#3868,#3869,#3870);
#3868 = CARTESIAN_POINT('',(-98.73399999999,142.29999999999,4.45));
#3869 = DIRECTION('',(0.707106781187,9.9E-16,0.707106781186));
#3870 = DIRECTION('',(7.000357133747E-16,-1.,7.000357133747E-16));
#3871 = ADVANCED_FACE('',(#3872),#4140,.F.);
#3872 = FACE_BOUND('',#3873,.F.);
#3873 = EDGE_LOOP('',(#3874,#3875,#3876,#3884,#3892,#3900,#3908,#3916,
    #3924,#3932,#3940,#3948,#3956,#3964,#3972,#3980,#3988,#3996,#4004,
    #4012,#4020,#4028,#4036,#4044,#4052,#4060,#4068,#4076,#4084,#4092,
    #4100,#4108,#4116,#4124,#4132,#4138,#4139));
#3874 = ORIENTED_EDGE('',*,*,#336,.F.);
#3875 = ORIENTED_EDGE('',*,*,#3850,.F.);
#3876 = ORIENTED_EDGE('',*,*,#3877,.F.);
#3877 = EDGE_CURVE('',#3878,#3851,#3880,.T.);
#3878 = VERTEX_POINT('',#3879);
#3879 = CARTESIAN_POINT('',(-96.56399123641,142.29999999999,
    4.454486372868));
#3880 = LINE('',#3881,#3882);
#3881 = CARTESIAN_POINT('',(-64.79250016058,142.29999999999,
    4.454486372868));
#3882 = VECTOR('',#3883,1.);
#3883 = DIRECTION('',(-1.,0.,0.));
#3884 = ORIENTED_EDGE('',*,*,#3885,.F.);
#3885 = EDGE_CURVE('',#3886,#3878,#3888,.T.);
#3886 = VERTEX_POINT('',#3887);
#3887 = CARTESIAN_POINT('',(-96.56399123641,142.29999999999,4.9));
#3888 = LINE('',#3889,#3890);
#3889 = CARTESIAN_POINT('',(-96.56399123641,142.29999999999,4.905));
#3890 = VECTOR('',#3891,1.);
#3891 = DIRECTION('',(0.,0.,-1.));
#3892 = ORIENTED_EDGE('',*,*,#3893,.F.);
#3893 = EDGE_CURVE('',#3894,#3886,#3896,.T.);
#3894 = VERTEX_POINT('',#3895);
#3895 = CARTESIAN_POINT('',(-93.63800940592,142.29999999999,4.9));
#3896 = LINE('',#3897,#3898);
#3897 = CARTESIAN_POINT('',(-25.284,142.29999999999,4.9));
#3898 = VECTOR('',#3899,1.);
#3899 = DIRECTION('',(-1.,0.,0.));
#3900 = ORIENTED_EDGE('',*,*,#3901,.F.);
#3901 = EDGE_CURVE('',#3902,#3894,#3904,.T.);
#3902 = VERTEX_POINT('',#3903);
#3903 = CARTESIAN_POINT('',(-93.63800940592,142.29999999999,
    4.454486372868));
#3904 = LINE('',#3905,#3906);
#3905 = CARTESIAN_POINT('',(-93.63800940592,142.29999999999,4.905));
#3906 = VECTOR('',#3907,1.);
#3907 = DIRECTION('',(0.,-0.,1.));
#3908 = ORIENTED_EDGE('',*,*,#3909,.F.);
#3909 = EDGE_CURVE('',#3910,#3902,#3912,.T.);
#3910 = VERTEX_POINT('',#3911);
#3911 = CARTESIAN_POINT('',(-86.99256266498,142.29999999999,
    4.454486372868));
#3912 = LINE('',#3913,#3914);
#3913 = CARTESIAN_POINT('',(-64.79250016058,142.29999999999,
    4.454486372868));
#3914 = VECTOR('',#3915,1.);
#3915 = DIRECTION('',(-1.,0.,0.));
#3916 = ORIENTED_EDGE('',*,*,#3917,.F.);
#3917 = EDGE_CURVE('',#3918,#3910,#3920,.T.);
#3918 = VERTEX_POINT('',#3919);
#3919 = CARTESIAN_POINT('',(-86.99256266498,142.29999999999,4.9));
#3920 = LINE('',#3921,#3922);
#3921 = CARTESIAN_POINT('',(-86.99256266498,142.29999999999,4.905));
#3922 = VECTOR('',#3923,1.);
#3923 = DIRECTION('',(0.,0.,-1.));
#3924 = ORIENTED_EDGE('',*,*,#3925,.F.);
#3925 = EDGE_CURVE('',#3926,#3918,#3928,.T.);
#3926 = VERTEX_POINT('',#3927);
#3927 = CARTESIAN_POINT('',(-84.06658083449,142.29999999999,4.9));
#3928 = LINE('',#3929,#3930);
#3929 = CARTESIAN_POINT('',(-25.284,142.29999999999,4.9));
#3930 = VECTOR('',#3931,1.);
#3931 = DIRECTION('',(-1.,0.,0.));
#3932 = ORIENTED_EDGE('',*,*,#3933,.F.);
#3933 = EDGE_CURVE('',#3934,#3926,#3936,.T.);
#3934 = VERTEX_POINT('',#3935);
#3935 = CARTESIAN_POINT('',(-84.06658083449,142.29999999999,
    4.454486372868));
#3936 = LINE('',#3937,#3938);
#3937 = CARTESIAN_POINT('',(-84.06658083449,142.29999999999,4.905));
#3938 = VECTOR('',#3939,1.);
#3939 = DIRECTION('',(0.,-0.,1.));
#3940 = ORIENTED_EDGE('',*,*,#3941,.F.);
#3941 = EDGE_CURVE('',#3942,#3934,#3944,.T.);
#3942 = VERTEX_POINT('',#3943);
#3943 = CARTESIAN_POINT('',(-77.42113409355,142.29999999999,
    4.454486372868));
#3944 = LINE('',#3945,#3946);
#3945 = CARTESIAN_POINT('',(-64.79250016058,142.29999999999,
    4.454486372868));
#3946 = VECTOR('',#3947,1.);
#3947 = DIRECTION('',(-1.,0.,0.));
#3948 = ORIENTED_EDGE('',*,*,#3949,.F.);
#3949 = EDGE_CURVE('',#3950,#3942,#3952,.T.);
#3950 = VERTEX_POINT('',#3951);
#3951 = CARTESIAN_POINT('',(-77.42113409355,142.29999999999,4.9));
#3952 = LINE('',#3953,#3954);
#3953 = CARTESIAN_POINT('',(-77.42113409355,142.29999999999,4.905));
#3954 = VECTOR('',#3955,1.);
#3955 = DIRECTION('',(0.,0.,-1.));
#3956 = ORIENTED_EDGE('',*,*,#3957,.F.);
#3957 = EDGE_CURVE('',#3958,#3950,#3960,.T.);
#3958 = VERTEX_POINT('',#3959);
#3959 = CARTESIAN_POINT('',(-74.49515226306,142.29999999999,4.9));
#3960 = LINE('',#3961,#3962);
#3961 = CARTESIAN_POINT('',(-25.284,142.29999999999,4.9));
#3962 = VECTOR('',#3963,1.);
#3963 = DIRECTION('',(-1.,0.,0.));
#3964 = ORIENTED_EDGE('',*,*,#3965,.F.);
#3965 = EDGE_CURVE('',#3966,#3958,#3968,.T.);
#3966 = VERTEX_POINT('',#3967);
#3967 = CARTESIAN_POINT('',(-74.49515226306,142.29999999999,
    4.454486372868));
#3968 = LINE('',#3969,#3970);
#3969 = CARTESIAN_POINT('',(-74.49515226306,142.29999999999,4.905));
#3970 = VECTOR('',#3971,1.);
#3971 = DIRECTION('',(0.,-0.,1.));
#3972 = ORIENTED_EDGE('',*,*,#3973,.F.);
#3973 = EDGE_CURVE('',#3974,#3966,#3976,.T.);
#3974 = VERTEX_POINT('',#3975);
#3975 = CARTESIAN_POINT('',(-67.84970552212,142.29999999999,
    4.454486372868));
#3976 = LINE('',#3977,#3978);
#3977 = CARTESIAN_POINT('',(-64.79250016058,142.29999999999,
    4.454486372868));
#3978 = VECTOR('',#3979,1.);
#3979 = DIRECTION('',(-1.,0.,0.));
#3980 = ORIENTED_EDGE('',*,*,#3981,.F.);
#3981 = EDGE_CURVE('',#3982,#3974,#3984,.T.);
#3982 = VERTEX_POINT('',#3983);
#3983 = CARTESIAN_POINT('',(-67.84970552212,142.29999999999,4.9));
#3984 = LINE('',#3985,#3986);
#3985 = CARTESIAN_POINT('',(-67.84970552212,142.29999999999,4.905));
#3986 = VECTOR('',#3987,1.);
#3987 = DIRECTION('',(0.,0.,-1.));
#3988 = ORIENTED_EDGE('',*,*,#3989,.F.);
#3989 = EDGE_CURVE('',#3990,#3982,#3992,.T.);
#3990 = VERTEX_POINT('',#3991);
#3991 = CARTESIAN_POINT('',(-64.92372369163,142.29999999999,4.9));
#3992 = LINE('',#3993,#3994);
#3993 = CARTESIAN_POINT('',(-25.284,142.29999999999,4.9));
#3994 = VECTOR('',#3995,1.);
#3995 = DIRECTION('',(-1.,0.,0.));
#3996 = ORIENTED_EDGE('',*,*,#3997,.F.);
#3997 = EDGE_CURVE('',#3998,#3990,#4000,.T.);
#3998 = VERTEX_POINT('',#3999);
#3999 = CARTESIAN_POINT('',(-64.92372369163,142.29999999999,
    4.454486372868));
#4000 = LINE('',#4001,#4002);
#4001 = CARTESIAN_POINT('',(-64.92372369163,142.29999999999,4.905));
#4002 = VECTOR('',#4003,1.);
#4003 = DIRECTION('',(0.,-0.,1.));
#4004 = ORIENTED_EDGE('',*,*,#4005,.F.);
#4005 = EDGE_CURVE('',#4006,#3998,#4008,.T.);
#4006 = VERTEX_POINT('',#4007);
#4007 = CARTESIAN_POINT('',(-58.27827695069,142.29999999999,
    4.454486372868));
#4008 = LINE('',#4009,#4010);
#4009 = CARTESIAN_POINT('',(-64.79250016058,142.29999999999,
    4.454486372868));
#4010 = VECTOR('',#4011,1.);
#4011 = DIRECTION('',(-1.,0.,0.));
#4012 = ORIENTED_EDGE('',*,*,#4013,.F.);
#4013 = EDGE_CURVE('',#4014,#4006,#4016,.T.);
#4014 = VERTEX_POINT('',#4015);
#4015 = CARTESIAN_POINT('',(-58.27827695069,142.29999999999,4.9));
#4016 = LINE('',#4017,#4018);
#4017 = CARTESIAN_POINT('',(-58.27827695069,142.29999999999,4.905));
#4018 = VECTOR('',#4019,1.);
#4019 = DIRECTION('',(0.,0.,-1.));
#4020 = ORIENTED_EDGE('',*,*,#4021,.F.);
#4021 = EDGE_CURVE('',#4022,#4014,#4024,.T.);
#4022 = VERTEX_POINT('',#4023);
#4023 = CARTESIAN_POINT('',(-55.3522951202,142.29999999999,4.9));
#4024 = LINE('',#4025,#4026);
#4025 = CARTESIAN_POINT('',(-25.284,142.29999999999,4.9));
#4026 = VECTOR('',#4027,1.);
#4027 = DIRECTION('',(-1.,0.,0.));
#4028 = ORIENTED_EDGE('',*,*,#4029,.F.);
#4029 = EDGE_CURVE('',#4030,#4022,#4032,.T.);
#4030 = VERTEX_POINT('',#4031);
#4031 = CARTESIAN_POINT('',(-55.3522951202,142.29999999999,
    4.454486372868));
#4032 = LINE('',#4033,#4034);
#4033 = CARTESIAN_POINT('',(-55.3522951202,142.29999999999,4.905));
#4034 = VECTOR('',#4035,1.);
#4035 = DIRECTION('',(0.,-0.,1.));
#4036 = ORIENTED_EDGE('',*,*,#4037,.F.);
#4037 = EDGE_CURVE('',#4038,#4030,#4040,.T.);
#4038 = VERTEX_POINT('',#4039);
#4039 = CARTESIAN_POINT('',(-48.70684837926,142.29999999999,
    4.454486372868));
#4040 = LINE('',#4041,#4042);
#4041 = CARTESIAN_POINT('',(-64.79250016058,142.29999999999,
    4.454486372868));
#4042 = VECTOR('',#4043,1.);
#4043 = DIRECTION('',(-1.,0.,0.));
#4044 = ORIENTED_EDGE('',*,*,#4045,.F.);
#4045 = EDGE_CURVE('',#4046,#4038,#4048,.T.);
#4046 = VERTEX_POINT('',#4047);
#4047 = CARTESIAN_POINT('',(-48.70684837926,142.29999999999,4.9));
#4048 = LINE('',#4049,#4050);
#4049 = CARTESIAN_POINT('',(-48.70684837926,142.29999999999,4.905));
#4050 = VECTOR('',#4051,1.);
#4051 = DIRECTION('',(0.,0.,-1.));
#4052 = ORIENTED_EDGE('',*,*,#4053,.F.);
#4053 = EDGE_CURVE('',#4054,#4046,#4056,.T.);
#4054 = VERTEX_POINT('',#4055);
#4055 = CARTESIAN_POINT('',(-45.78086654877,142.29999999999,4.9));
#4056 = LINE('',#4057,#4058);
#4057 = CARTESIAN_POINT('',(-25.284,142.29999999999,4.9));
#4058 = VECTOR('',#4059,1.);
#4059 = DIRECTION('',(-1.,0.,0.));
#4060 = ORIENTED_EDGE('',*,*,#4061,.F.);
#4061 = EDGE_CURVE('',#4062,#4054,#4064,.T.);
#4062 = VERTEX_POINT('',#4063);
#4063 = CARTESIAN_POINT('',(-45.78086654877,142.29999999999,
    4.454486372868));
#4064 = LINE('',#4065,#4066);
#4065 = CARTESIAN_POINT('',(-45.78086654877,142.29999999999,4.905));
#4066 = VECTOR('',#4067,1.);
#4067 = DIRECTION('',(0.,-0.,1.));
#4068 = ORIENTED_EDGE('',*,*,#4069,.F.);
#4069 = EDGE_CURVE('',#4070,#4062,#4072,.T.);
#4070 = VERTEX_POINT('',#4071);
#4071 = CARTESIAN_POINT('',(-39.13541980783,142.29999999999,
    4.454486372868));
#4072 = LINE('',#4073,#4074);
#4073 = CARTESIAN_POINT('',(-64.79250016058,142.29999999999,
    4.454486372868));
#4074 = VECTOR('',#4075,1.);
#4075 = DIRECTION('',(-1.,0.,0.));
#4076 = ORIENTED_EDGE('',*,*,#4077,.F.);
#4077 = EDGE_CURVE('',#4078,#4070,#4080,.T.);
#4078 = VERTEX_POINT('',#4079);
#4079 = CARTESIAN_POINT('',(-39.13541980783,142.29999999999,4.9));
#4080 = LINE('',#4081,#4082);
#4081 = CARTESIAN_POINT('',(-39.13541980783,142.29999999999,4.905));
#4082 = VECTOR('',#4083,1.);
#4083 = DIRECTION('',(0.,0.,-1.));
#4084 = ORIENTED_EDGE('',*,*,#4085,.F.);
#4085 = EDGE_CURVE('',#4086,#4078,#4088,.T.);
#4086 = VERTEX_POINT('',#4087);
#4087 = CARTESIAN_POINT('',(-36.20943797735,142.29999999999,4.9));
#4088 = LINE('',#4089,#4090);
#4089 = CARTESIAN_POINT('',(-25.284,142.29999999999,4.9));
#4090 = VECTOR('',#4091,1.);
#4091 = DIRECTION('',(-1.,0.,0.));
#4092 = ORIENTED_EDGE('',*,*,#4093,.F.);
#4093 = EDGE_CURVE('',#4094,#4086,#4096,.T.);
#4094 = VERTEX_POINT('',#4095);
#4095 = CARTESIAN_POINT('',(-36.20943797735,142.29999999999,
    4.454486372868));
#4096 = LINE('',#4097,#4098);
#4097 = CARTESIAN_POINT('',(-36.20943797735,142.29999999999,4.905));
#4098 = VECTOR('',#4099,1.);
#4099 = DIRECTION('',(0.,-0.,1.));
#4100 = ORIENTED_EDGE('',*,*,#4101,.F.);
#4101 = EDGE_CURVE('',#4102,#4094,#4104,.T.);
#4102 = VERTEX_POINT('',#4103);
#4103 = CARTESIAN_POINT('',(-29.56399123641,142.29999999999,
    4.454486372868));
#4104 = LINE('',#4105,#4106);
#4105 = CARTESIAN_POINT('',(-64.79250016058,142.29999999999,
    4.454486372868));
#4106 = VECTOR('',#4107,1.);
#4107 = DIRECTION('',(-1.,0.,0.));
#4108 = ORIENTED_EDGE('',*,*,#4109,.F.);
#4109 = EDGE_CURVE('',#4110,#4102,#4112,.T.);
#4110 = VERTEX_POINT('',#4111);
#4111 = CARTESIAN_POINT('',(-29.56399123641,142.29999999999,4.9));
#4112 = LINE('',#4113,#4114);
#4113 = CARTESIAN_POINT('',(-29.56399123641,142.29999999999,4.905));
#4114 = VECTOR('',#4115,1.);
#4115 = DIRECTION('',(0.,0.,-1.));
#4116 = ORIENTED_EDGE('',*,*,#4117,.F.);
#4117 = EDGE_CURVE('',#4118,#4110,#4120,.T.);
#4118 = VERTEX_POINT('',#4119);
#4119 = CARTESIAN_POINT('',(-26.63800940592,142.29999999999,4.9));
#4120 = LINE('',#4121,#4122);
#4121 = CARTESIAN_POINT('',(-25.284,142.29999999999,4.9));
#4122 = VECTOR('',#4123,1.);
#4123 = DIRECTION('',(-1.,0.,0.));
#4124 = ORIENTED_EDGE('',*,*,#4125,.F.);
#4125 = EDGE_CURVE('',#4126,#4118,#4128,.T.);
#4126 = VERTEX_POINT('',#4127);
#4127 = CARTESIAN_POINT('',(-26.63800940592,142.29999999999,
    4.454486372868));
#4128 = LINE('',#4129,#4130);
#4129 = CARTESIAN_POINT('',(-26.63800940592,142.29999999999,4.905));
#4130 = VECTOR('',#4131,1.);
#4131 = DIRECTION('',(0.,-0.,1.));
#4132 = ORIENTED_EDGE('',*,*,#4133,.F.);
#4133 = EDGE_CURVE('',#3505,#4126,#4134,.T.);
#4134 = LINE('',#4135,#4136);
#4135 = CARTESIAN_POINT('',(-64.79250016058,142.29999999999,
    4.454486372868));
#4136 = VECTOR('',#4137,1.);
#4137 = DIRECTION('',(-1.,0.,0.));
#4138 = ORIENTED_EDGE('',*,*,#3512,.T.);
#4139 = ORIENTED_EDGE('',*,*,#2358,.F.);
#4140 = PLANE('',#4141);
#4141 = AXIS2_PLACEMENT_3D('',#4142,#4143,#4144);
#4142 = CARTESIAN_POINT('',(-25.284,142.29999999999,4.9));
#4143 = DIRECTION('',(0.,1.,0.));
#4144 = DIRECTION('',(-1.,0.,0.));
#4145 = ADVANCED_FACE('',(#4146),#4157,.T.);
#4146 = FACE_BOUND('',#4147,.F.);
#4147 = EDGE_LOOP('',(#4148,#4149,#4150,#4156));
#4148 = ORIENTED_EDGE('',*,*,#359,.F.);
#4149 = ORIENTED_EDGE('',*,*,#3187,.T.);
#4150 = ORIENTED_EDGE('',*,*,#4151,.T.);
#4151 = EDGE_CURVE('',#3188,#3654,#4152,.T.);
#4152 = LINE('',#4153,#4154);
#4153 = CARTESIAN_POINT('',(-86.284,62.1052475,4.));
#4154 = VECTOR('',#4155,1.);
#4155 = DIRECTION('',(-4.E-17,-0.707106781187,-0.707106781187));
#4156 = ORIENTED_EDGE('',*,*,#3661,.F.);
#4157 = CONICAL_SURFACE('',#4158,9.,0.785398163397);
#4158 = AXIS2_PLACEMENT_3D('',#4159,#4160,#4161);
#4159 = CARTESIAN_POINT('',(-86.284,71.1052475,4.));
#4160 = DIRECTION('',(-0.,-0.,-1.));
#4161 = DIRECTION('',(-1.,0.,0.));
#4162 = ADVANCED_FACE('',(#4163),#4198,.F.);
#4163 = FACE_BOUND('',#4164,.F.);
#4164 = EDGE_LOOP('',(#4165,#4175,#4185,#4191,#4192));
#4165 = ORIENTED_EDGE('',*,*,#4166,.F.);
#4166 = EDGE_CURVE('',#4167,#4169,#4171,.T.);
#4167 = VERTEX_POINT('',#4168);
#4168 = CARTESIAN_POINT('',(-59.35206422249,8.19,3.7));
#4169 = VERTEX_POINT('',#4170);
#4170 = CARTESIAN_POINT('',(-57.00272439427,10.53933982822,3.7));
#4171 = LINE('',#4172,#4173);
#4172 = CARTESIAN_POINT('',(-59.751,7.79106422249,3.7));
#4173 = VECTOR('',#4174,1.);
#4174 = DIRECTION('',(0.707106781187,0.707106781187,0.));
#4175 = ORIENTED_EDGE('',*,*,#4176,.F.);
#4176 = EDGE_CURVE('',#4177,#4167,#4179,.T.);
#4177 = VERTEX_POINT('',#4178);
#4178 = CARTESIAN_POINT('',(-59.751,7.79106422249,3.30106422249));
#4179 = B_SPLINE_CURVE_WITH_KNOTS('',4,(#4180,#4181,#4182,#4183,#4184),
  .UNSPECIFIED.,.F.,.F.,(5,5),(0.,1.),.PIECEWISE_BEZIER_KNOTS.);
#4180 = CARTESIAN_POINT('',(-59.751,7.79106422249,3.30106422249));
#4181 = CARTESIAN_POINT('',(-59.65107646597,7.890987756513,
    3.400987756513));
#4182 = CARTESIAN_POINT('',(-59.55127900699,7.990785215498,
    3.500785215498));
#4183 = CARTESIAN_POINT('',(-59.45160814203,8.090456080458,
    3.600456080458));
#4184 = CARTESIAN_POINT('',(-59.35206422249,8.19,3.7));
#4185 = ORIENTED_EDGE('',*,*,#4186,.T.);
#4186 = EDGE_CURVE('',#4177,#375,#4187,.T.);
#4187 = LINE('',#4188,#4189);
#4188 = CARTESIAN_POINT('',(-59.751,7.79106422249,3.7));
#4189 = VECTOR('',#4190,1.);
#4190 = DIRECTION('',(-0.,-0.,-1.));
#4191 = ORIENTED_EDGE('',*,*,#374,.T.);
#4192 = ORIENTED_EDGE('',*,*,#4193,.F.);
#4193 = EDGE_CURVE('',#4169,#377,#4194,.T.);
#4194 = LINE('',#4195,#4196);
#4195 = CARTESIAN_POINT('',(-57.00272439427,10.53933982822,3.7));
#4196 = VECTOR('',#4197,1.);
#4197 = DIRECTION('',(-0.,-0.,-1.));
#4198 = PLANE('',#4199);
#4199 = AXIS2_PLACEMENT_3D('',#4200,#4201,#4202);
#4200 = CARTESIAN_POINT('',(-59.751,7.79106422249,3.7));
#4201 = DIRECTION('',(0.707106781187,-0.707106781187,0.));
#4202 = DIRECTION('',(0.707106781187,0.707106781187,0.));
#4203 = ADVANCED_FACE('',(#4204),#4216,.F.);
#4204 = FACE_BOUND('',#4205,.F.);
#4205 = EDGE_LOOP('',(#4206,#4214,#4215));
#4206 = ORIENTED_EDGE('',*,*,#4207,.F.);
#4207 = EDGE_CURVE('',#1631,#4177,#4208,.T.);
#4208 = B_SPLINE_CURVE_WITH_KNOTS('',4,(#4209,#4210,#4211,#4212,#4213),
  .UNSPECIFIED.,.F.,.F.,(5,5),(0.,1.),.PIECEWISE_BEZIER_KNOTS.);
#4209 = CARTESIAN_POINT('',(-59.751,6.29,1.8));
#4210 = CARTESIAN_POINT('',(-59.751,6.665904560597,2.175904560597));
#4211 = CARTESIAN_POINT('',(-59.751,7.041393115785,2.551393115785));
#4212 = CARTESIAN_POINT('',(-59.751,7.416451412698,2.926451412698));
#4213 = CARTESIAN_POINT('',(-59.751,7.79106422249,3.30106422249));
#4214 = ORIENTED_EDGE('',*,*,#1637,.T.);
#4215 = ORIENTED_EDGE('',*,*,#4186,.F.);
#4216 = PLANE('',#4217);
#4217 = AXIS2_PLACEMENT_3D('',#4218,#4219,#4220);
#4218 = CARTESIAN_POINT('',(-59.751,6.1,3.7));
#4219 = DIRECTION('',(1.,0.,0.));
#4220 = DIRECTION('',(0.,1.,0.));
#4221 = ADVANCED_FACE('',(#4222),#4295,.F.);
#4222 = FACE_BOUND('',#4223,.F.);
#4223 = EDGE_LOOP('',(#4224,#4243,#4244,#4245,#4246,#4253,#4290));
#4224 = ORIENTED_EDGE('',*,*,#4225,.F.);
#4225 = EDGE_CURVE('',#1623,#4226,#4228,.T.);
#4226 = VERTEX_POINT('',#4227);
#4227 = CARTESIAN_POINT('',(-43.11100032116,8.19,3.7));
#4228 = B_SPLINE_CURVE_WITH_KNOTS('',4,(#4229,#4230,#4231,#4232,#4233,
    #4234,#4235,#4236,#4237,#4238,#4239,#4240,#4241,#4242),
  .UNSPECIFIED.,.F.,.F.,(5,3,3,3,5),(0.,0.246627312223,0.495440247286,
    0.746522865039,1.),.UNSPECIFIED.);
#4229 = CARTESIAN_POINT('',(-45.30100032116,6.,1.51));
#4230 = CARTESIAN_POINT('',(-45.08758574457,6.213414576596,
    1.723414576596));
#4231 = CARTESIAN_POINT('',(-44.87478358429,6.42621673687,1.93621673687)
  );
#4232 = CARTESIAN_POINT('',(-44.66259745703,6.638402864131,
    2.148402864131));
#4233 = CARTESIAN_POINT('',(-44.23758925307,7.063411068093,
    2.573411068093));
#4234 = CARTESIAN_POINT('',(-44.0247782044,7.276222116764,2.786222116764
    ));
#4235 = CARTESIAN_POINT('',(-43.81260120736,7.488399113802,
    2.998399113802));
#4236 = CARTESIAN_POINT('',(-43.3875923624,7.913407958766,3.423407958766
    ));
#4237 = CARTESIAN_POINT('',(-43.17477219612,8.12622812504,3.63622812504)
  );
#4238 = CARTESIAN_POINT('',(-42.96260457527,8.338395745889,
    3.848395745889));
#4239 = CARTESIAN_POINT('',(-42.5375637966,8.763436524558,4.273436524558
    ));
#4240 = CARTESIAN_POINT('',(-42.32470320651,8.976297114654,
    4.486297114654));
#4241 = CARTESIAN_POINT('',(-42.11251433535,9.18848598581,4.69848598581)
  );
#4242 = CARTESIAN_POINT('',(-41.90100032116,9.4,4.91));
#4243 = ORIENTED_EDGE('',*,*,#1630,.F.);
#4244 = ORIENTED_EDGE('',*,*,#4207,.T.);
#4245 = ORIENTED_EDGE('',*,*,#4176,.T.);
#4246 = ORIENTED_EDGE('',*,*,#4247,.T.);
#4247 = EDGE_CURVE('',#4167,#4248,#4250,.T.);
#4248 = VERTEX_POINT('',#4249);
#4249 = CARTESIAN_POINT('',(-50.90022172883,8.19,3.7));
#4250 = B_SPLINE_CURVE_WITH_KNOTS('',1,(#4251,#4252),.UNSPECIFIED.,.F.,
  .F.,(2,2),(0.,1.),.PIECEWISE_BEZIER_KNOTS.);
#4251 = CARTESIAN_POINT('',(-72.27252161623,8.19,3.7));
#4252 = CARTESIAN_POINT('',(-41.05006384986,8.19,3.7));
#4253 = ORIENTED_EDGE('',*,*,#4254,.T.);
#4254 = EDGE_CURVE('',#4248,#4255,#4257,.T.);
#4255 = VERTEX_POINT('',#4256);
#4256 = CARTESIAN_POINT('',(-48.0339349323,8.19,3.7));
#4257 = B_SPLINE_CURVE_WITH_KNOTS('',6,(#4258,#4259,#4260,#4261,#4262,
    #4263,#4264,#4265,#4266,#4267,#4268,#4269,#4270,#4271,#4272,#4273,
    #4274,#4275,#4276,#4277,#4278,#4279,#4280,#4281,#4282,#4283,#4284,
    #4285,#4286,#4287,#4288,#4289),.UNSPECIFIED.,.F.,.F.,(7,5,5,5,5,5,7)
  ,(0.,4.504389461108E-02,0.561792072462,0.829977548298,0.921768696178,
    0.96061315241,1.),.UNSPECIFIED.);
#4258 = CARTESIAN_POINT('',(-50.90165105755,8.190385975329,
    3.700385975329));
#4259 = CARTESIAN_POINT('',(-50.89575068631,8.188791797344,
    3.698791797344));
#4260 = CARTESIAN_POINT('',(-50.87297033459,8.18262112247,3.69262112247)
  );
#4261 = CARTESIAN_POINT('',(-50.84902005382,8.176362261907,
    3.686362261907));
#4262 = CARTESIAN_POINT('',(-50.83026707488,8.171580802241,
    3.681580802241));
#4263 = CARTESIAN_POINT('',(-50.8145118711,8.167554765834,3.677554765834
    ));
#4264 = CARTESIAN_POINT('',(-50.5308008504,8.097149813865,3.607149813865
    ));
#4265 = CARTESIAN_POINT('',(-50.26764242529,8.048097443027,
    3.558097443027));
#4266 = CARTESIAN_POINT('',(-50.00469910021,8.01497424119,3.52497424119)
  );
#4267 = CARTESIAN_POINT('',(-49.74400119446,7.997305719198,
    3.507305719198));
#4268 = CARTESIAN_POINT('',(-49.48720685049,7.994275104174,
    3.504275104174));
#4269 = CARTESIAN_POINT('',(-49.1050390839,8.010372747067,3.520372747067
    ));
#4270 = CARTESIAN_POINT('',(-48.97584543825,8.01954448227,3.52954448227)
  );
#4271 = CARTESIAN_POINT('',(-48.84819561322,8.032249769444,
    3.542249769444));
#4272 = CARTESIAN_POINT('',(-48.72222214018,8.04834122053,3.55834122053)
  );
#4273 = CARTESIAN_POINT('',(-48.59802945705,8.067668835752,
    3.577668835752));
#4274 = CARTESIAN_POINT('',(-48.43382639232,8.09775949806,3.60775949806)
  );
#4275 = CARTESIAN_POINT('',(-48.39217386691,8.105794372758,
    3.615794372758));
#4276 = CARTESIAN_POINT('',(-48.35074247908,8.11418536549,3.62418536549)
  );
#4277 = CARTESIAN_POINT('',(-48.30953513863,8.12292665439,3.63292665439)
  );
#4278 = CARTESIAN_POINT('',(-48.26855446495,8.132012475168,
    3.642012475168));
#4279 = CARTESIAN_POINT('',(-48.2105573683,8.145425471356,3.655425471356
    ));
#4280 = CARTESIAN_POINT('',(-48.19361848249,8.149413064796,
    3.659413064796));
#4281 = CARTESIAN_POINT('',(-48.17696703919,8.153399959804,
    3.663399959804));
#4282 = CARTESIAN_POINT('',(-48.16058604876,8.157386206907,
    3.667386206907));
#4283 = CARTESIAN_POINT('',(-48.14446062218,8.161371848793,
    3.671371848793));
#4284 = CARTESIAN_POINT('',(-48.112473548,8.169397636019,3.679397636019)
  );
#4285 = CARTESIAN_POINT('',(-48.09640927635,8.173490232486,
    3.683490232486));
#4286 = CARTESIAN_POINT('',(-48.08037962978,8.17763588044,3.68763588044)
  );
#4287 = CARTESIAN_POINT('',(-48.06438324371,8.181834626264,
    3.691834626264));
#4288 = CARTESIAN_POINT('',(-48.04842291532,8.186085391996,
    3.696085391996));
#4289 = CARTESIAN_POINT('',(-48.03250560358,8.190385975329,
    3.700385975329));
#4290 = ORIENTED_EDGE('',*,*,#4291,.T.);
#4291 = EDGE_CURVE('',#4255,#4226,#4292,.T.);
#4292 = B_SPLINE_CURVE_WITH_KNOTS('',1,(#4293,#4294),.UNSPECIFIED.,.F.,
  .F.,(2,2),(0.,1.),.PIECEWISE_BEZIER_KNOTS.);
#4293 = CARTESIAN_POINT('',(-72.27252161623,8.19,3.7));
#4294 = CARTESIAN_POINT('',(-41.05006384986,8.19,3.7));
#4295 = B_SPLINE_SURFACE_WITH_KNOTS('',1,1,(
    (#4296,#4297)
    ,(#4298,#4299
    )),.UNSPECIFIED.,.F.,.F.,.F.,(2,2),(2,2),(0.,92.3),(0.,1.),
  .PIECEWISE_BEZIER_KNOTS.);
#4296 = CARTESIAN_POINT('',(-12.001,6.,1.51));
#4297 = CARTESIAN_POINT('',(-15.401,9.4,4.91));
#4298 = CARTESIAN_POINT('',(-104.301,6.,1.51));
#4299 = CARTESIAN_POINT('',(-104.3010003211,9.4,4.91));
#4300 = ADVANCED_FACE('',(#4301),#4319,.T.);
#4301 = FACE_BOUND('',#4302,.T.);
#4302 = EDGE_LOOP('',(#4303,#4311,#4312,#4313));
#4303 = ORIENTED_EDGE('',*,*,#4304,.F.);
#4304 = EDGE_CURVE('',#4226,#4305,#4307,.T.);
#4305 = VERTEX_POINT('',#4306);
#4306 = CARTESIAN_POINT('',(-45.30100032116,6.,3.7));
#4307 = LINE('',#4308,#4309);
#4308 = CARTESIAN_POINT('',(-44.2435467379,7.057453583258,3.7));
#4309 = VECTOR('',#4310,1.);
#4310 = DIRECTION('',(-0.707106781187,-0.707106781187,0.));
#4311 = ORIENTED_EDGE('',*,*,#4225,.F.);
#4312 = ORIENTED_EDGE('',*,*,#1622,.F.);
#4313 = ORIENTED_EDGE('',*,*,#4314,.F.);
#4314 = EDGE_CURVE('',#4305,#1615,#4315,.T.);
#4315 = LINE('',#4316,#4317);
#4316 = CARTESIAN_POINT('',(-45.30100032116,6.,4.91));
#4317 = VECTOR('',#4318,1.);
#4318 = DIRECTION('',(-0.,-0.,-1.));
#4319 = PLANE('',#4320);
#4320 = AXIS2_PLACEMENT_3D('',#4321,#4322,#4323);
#4321 = CARTESIAN_POINT('',(-41.90100032116,9.4,4.91));
#4322 = DIRECTION('',(-0.707106781187,0.707106781187,0.));
#4323 = DIRECTION('',(-0.707106781187,-0.707106781187,0.));
#4324 = ADVANCED_FACE('',(#4325),#4343,.T.);
#4325 = FACE_BOUND('',#4326,.T.);
#4326 = EDGE_LOOP('',(#4327,#4335,#4336,#4337));
#4327 = ORIENTED_EDGE('',*,*,#4328,.F.);
#4328 = EDGE_CURVE('',#4305,#4329,#4331,.T.);
#4329 = VERTEX_POINT('',#4330);
#4330 = CARTESIAN_POINT('',(-36.10100032116,6.,3.7));
#4331 = LINE('',#4332,#4333);
#4332 = CARTESIAN_POINT('',(-64.71033910881,6.,3.7));
#4333 = VECTOR('',#4334,1.);
#4334 = DIRECTION('',(1.,0.,-0.));
#4335 = ORIENTED_EDGE('',*,*,#4314,.T.);
#4336 = ORIENTED_EDGE('',*,*,#1614,.F.);
#4337 = ORIENTED_EDGE('',*,*,#4338,.F.);
#4338 = EDGE_CURVE('',#4329,#1607,#4339,.T.);
#4339 = LINE('',#4340,#4341);
#4340 = CARTESIAN_POINT('',(-36.10100032116,6.,4.91));
#4341 = VECTOR('',#4342,1.);
#4342 = DIRECTION('',(-0.,-0.,-1.));
#4343 = PLANE('',#4344);
#4344 = AXIS2_PLACEMENT_3D('',#4345,#4346,#4347);
#4345 = CARTESIAN_POINT('',(-45.30100032116,6.,4.91));
#4346 = DIRECTION('',(0.,-1.,0.));
#4347 = DIRECTION('',(1.,0.,0.));
#4348 = ADVANCED_FACE('',(#4349),#4372,.T.);
#4349 = FACE_BOUND('',#4350,.T.);
#4350 = EDGE_LOOP('',(#4351,#4359,#4360,#4361));
#4351 = ORIENTED_EDGE('',*,*,#4352,.F.);
#4352 = EDGE_CURVE('',#4329,#4353,#4355,.T.);
#4353 = VERTEX_POINT('',#4354);
#4354 = CARTESIAN_POINT('',(-38.29100032116,8.19,3.7));
#4355 = LINE('',#4356,#4357);
#4356 = CARTESIAN_POINT('',(-57.16779269207,27.066792370909,3.7));
#4357 = VECTOR('',#4358,1.);
#4358 = DIRECTION('',(-0.707106781187,0.707106781187,0.));
#4359 = ORIENTED_EDGE('',*,*,#4338,.T.);
#4360 = ORIENTED_EDGE('',*,*,#1606,.F.);
#4361 = ORIENTED_EDGE('',*,*,#4362,.T.);
#4362 = EDGE_CURVE('',#1600,#4353,#4363,.T.);
#4363 = B_SPLINE_CURVE_WITH_KNOTS('',4,(#4364,#4365,#4366,#4367,#4368,
    #4369,#4370,#4371),.UNSPECIFIED.,.F.,.F.,(5,3,5),(0.,0.499773411301,
    1.),.UNSPECIFIED.);
#4364 = CARTESIAN_POINT('',(-36.10100032116,6.,1.51));
#4365 = CARTESIAN_POINT('',(-36.52616766315,6.425167341988,
    1.935167341988));
#4366 = CARTESIAN_POINT('',(-36.95122213794,6.850221816776,
    2.360221816776));
#4367 = CARTESIAN_POINT('',(-37.37615873318,7.275158412016,
    2.785158412016));
#4368 = CARTESIAN_POINT('',(-38.22617023836,8.125169917202,
    3.635169917202));
#4369 = CARTESIAN_POINT('',(-38.65124492113,8.550244599966,
    4.060244599966));
#4370 = CARTESIAN_POINT('',(-39.07619035069,8.975190029532,
    4.485190029532));
#4371 = CARTESIAN_POINT('',(-39.50100032116,9.4,4.91));
#4372 = PLANE('',#4373);
#4373 = AXIS2_PLACEMENT_3D('',#4374,#4375,#4376);
#4374 = CARTESIAN_POINT('',(-36.10100032116,6.,4.91));
#4375 = DIRECTION('',(0.707106781187,0.707106781187,0.));
#4376 = DIRECTION('',(-0.707106781187,0.707106781187,0.));
#4377 = ADVANCED_FACE('',(#4378),#4397,.F.);
#4378 = FACE_BOUND('',#4379,.F.);
#4379 = EDGE_LOOP('',(#4380,#4381,#4382,#4389));
#4380 = ORIENTED_EDGE('',*,*,#1599,.F.);
#4381 = ORIENTED_EDGE('',*,*,#4362,.T.);
#4382 = ORIENTED_EDGE('',*,*,#4383,.T.);
#4383 = EDGE_CURVE('',#4353,#4384,#4386,.T.);
#4384 = VERTEX_POINT('',#4385);
#4385 = CARTESIAN_POINT('',(-33.46206781186,8.19,3.7));
#4386 = B_SPLINE_CURVE_WITH_KNOTS('',1,(#4387,#4388),.UNSPECIFIED.,.F.,
  .F.,(2,2),(0.,1.),.PIECEWISE_BEZIER_KNOTS.);
#4387 = CARTESIAN_POINT('',(-38.62064314536,8.19,3.7));
#4388 = CARTESIAN_POINT('',(-23.8186802955,8.19,3.7));
#4389 = ORIENTED_EDGE('',*,*,#4390,.F.);
#4390 = EDGE_CURVE('',#1592,#4384,#4391,.T.);
#4391 = B_SPLINE_CURVE_WITH_KNOTS('',4,(#4392,#4393,#4394,#4395,#4396),
  .UNSPECIFIED.,.F.,.F.,(5,5),(0.,1.),.PIECEWISE_BEZIER_KNOTS.);
#4392 = CARTESIAN_POINT('',(-31.56206781186,6.29,1.8));
#4393 = CARTESIAN_POINT('',(-32.03721100467,6.765143192808,
    2.275143192808));
#4394 = CARTESIAN_POINT('',(-32.51226193462,7.240194122755,
    2.750194122755));
#4395 = CARTESIAN_POINT('',(-32.98721595035,7.715148138485,
    3.225148138485));
#4396 = CARTESIAN_POINT('',(-33.46206781186,8.19,3.7));
#4397 = B_SPLINE_SURFACE_WITH_KNOTS('',1,1,(
    (#4398,#4399)
    ,(#4400,#4401
    )),.UNSPECIFIED.,.F.,.F.,.F.,(2,2),(2,2),(0.,92.3),(0.,1.),
  .PIECEWISE_BEZIER_KNOTS.);
#4398 = CARTESIAN_POINT('',(-12.001,6.,1.51));
#4399 = CARTESIAN_POINT('',(-15.401,9.4,4.91));
#4400 = CARTESIAN_POINT('',(-104.301,6.,1.51));
#4401 = CARTESIAN_POINT('',(-104.3010003211,9.4,4.91));
#4402 = ADVANCED_FACE('',(#4403),#4421,.F.);
#4403 = FACE_BOUND('',#4404,.F.);
#4404 = EDGE_LOOP('',(#4405,#4413,#4419,#4420));
#4405 = ORIENTED_EDGE('',*,*,#4406,.F.);
#4406 = EDGE_CURVE('',#4407,#4384,#4409,.T.);
#4407 = VERTEX_POINT('',#4408);
#4408 = CARTESIAN_POINT('',(-35.8821183182,10.610050506339,3.7));
#4409 = LINE('',#4410,#4411);
#4410 = CARTESIAN_POINT('',(-35.8821183182,10.610050506339,3.7));
#4411 = VECTOR('',#4412,1.);
#4412 = DIRECTION('',(0.707106781187,-0.707106781187,0.));
#4413 = ORIENTED_EDGE('',*,*,#4414,.T.);
#4414 = EDGE_CURVE('',#4407,#1584,#4415,.T.);
#4415 = LINE('',#4416,#4417);
#4416 = CARTESIAN_POINT('',(-35.8821183182,10.610050506339,3.7));
#4417 = VECTOR('',#4418,1.);
#4418 = DIRECTION('',(-0.,-0.,-1.));
#4419 = ORIENTED_EDGE('',*,*,#1591,.T.);
#4420 = ORIENTED_EDGE('',*,*,#4390,.T.);
#4421 = PLANE('',#4422);
#4422 = AXIS2_PLACEMENT_3D('',#4423,#4424,#4425);
#4423 = CARTESIAN_POINT('',(-35.8821183182,10.610050506339,3.7));
#4424 = DIRECTION('',(-0.707106781187,-0.707106781187,0.));
#4425 = DIRECTION('',(0.707106781187,-0.707106781187,0.));
#4426 = ADVANCED_FACE('',(#4427),#4445,.F.);
#4427 = FACE_BOUND('',#4428,.F.);
#4428 = EDGE_LOOP('',(#4429,#4437,#4438,#4439));
#4429 = ORIENTED_EDGE('',*,*,#4430,.T.);
#4430 = EDGE_CURVE('',#4431,#1576,#4433,.T.);
#4431 = VERTEX_POINT('',#4432);
#4432 = CARTESIAN_POINT('',(-28.81105050633,17.681118318204,3.7));
#4433 = LINE('',#4434,#4435);
#4434 = CARTESIAN_POINT('',(-28.81105050633,17.681118318204,3.7));
#4435 = VECTOR('',#4436,1.);
#4436 = DIRECTION('',(-0.,-0.,-1.));
#4437 = ORIENTED_EDGE('',*,*,#1583,.T.);
#4438 = ORIENTED_EDGE('',*,*,#4414,.F.);
#4439 = ORIENTED_EDGE('',*,*,#4440,.F.);
#4440 = EDGE_CURVE('',#4431,#4407,#4441,.T.);
#4441 = LINE('',#4442,#4443);
#4442 = CARTESIAN_POINT('',(-28.81105050633,17.681118318204,3.7));
#4443 = VECTOR('',#4444,1.);
#4444 = DIRECTION('',(-0.707106781187,-0.707106781187,0.));
#4445 = PLANE('',#4446);
#4446 = AXIS2_PLACEMENT_3D('',#4447,#4448,#4449);
#4447 = CARTESIAN_POINT('',(-28.81105050633,17.681118318204,3.7));
#4448 = DIRECTION('',(-0.707106781187,0.707106781187,0.));
#4449 = DIRECTION('',(-0.707106781187,-0.707106781187,0.));
#4450 = ADVANCED_FACE('',(#4451),#4469,.F.);
#4451 = FACE_BOUND('',#4452,.F.);
#4452 = EDGE_LOOP('',(#4453,#4461,#4462,#4463));
#4453 = ORIENTED_EDGE('',*,*,#4454,.T.);
#4454 = EDGE_CURVE('',#4455,#1568,#4457,.T.);
#4455 = VERTEX_POINT('',#4456);
#4456 = CARTESIAN_POINT('',(-23.71988168179,12.589949493661,3.7));
#4457 = LINE('',#4458,#4459);
#4458 = CARTESIAN_POINT('',(-23.71988168179,12.589949493661,3.7));
#4459 = VECTOR('',#4460,1.);
#4460 = DIRECTION('',(-0.,-0.,-1.));
#4461 = ORIENTED_EDGE('',*,*,#1575,.T.);
#4462 = ORIENTED_EDGE('',*,*,#4430,.F.);
#4463 = ORIENTED_EDGE('',*,*,#4464,.F.);
#4464 = EDGE_CURVE('',#4455,#4431,#4465,.T.);
#4465 = LINE('',#4466,#4467);
#4466 = CARTESIAN_POINT('',(-23.71988168179,12.589949493661,3.7));
#4467 = VECTOR('',#4468,1.);
#4468 = DIRECTION('',(-0.707106781187,0.707106781187,0.));
#4469 = PLANE('',#4470);
#4470 = AXIS2_PLACEMENT_3D('',#4471,#4472,#4473);
#4471 = CARTESIAN_POINT('',(-23.71988168179,12.589949493661,3.7));
#4472 = DIRECTION('',(0.707106781187,0.707106781187,0.));
#4473 = DIRECTION('',(-0.707106781187,0.707106781187,0.));
#4474 = ADVANCED_FACE('',(#4475),#4501,.F.);
#4475 = FACE_BOUND('',#4476,.F.);
#4476 = EDGE_LOOP('',(#4477,#4485,#4499,#4500));
#4477 = ORIENTED_EDGE('',*,*,#4478,.F.);
#4478 = EDGE_CURVE('',#4479,#4455,#4481,.T.);
#4479 = VERTEX_POINT('',#4480);
#4480 = CARTESIAN_POINT('',(-28.11983117545,8.19,3.7));
#4481 = LINE('',#4482,#4483);
#4482 = CARTESIAN_POINT('',(-30.79094949366,5.518881681796,3.7));
#4483 = VECTOR('',#4484,1.);
#4484 = DIRECTION('',(0.707106781187,0.707106781187,0.));
#4485 = ORIENTED_EDGE('',*,*,#4486,.F.);
#4486 = EDGE_CURVE('',#1561,#4479,#4487,.T.);
#4487 = B_SPLINE_CURVE_WITH_KNOTS('',4,(#4488,#4489,#4490,#4491,#4492,
    #4493,#4494,#4495,#4496,#4497,#4498),.UNSPECIFIED.,.F.,.F.,(5,3,3,5)
  ,(0.,0.495968912474,0.945498248069,1.),.UNSPECIFIED.);
#4488 = CARTESIAN_POINT('',(-30.01983117545,6.29,1.8));
#4489 = CARTESIAN_POINT('',(-29.78166686148,6.528164313976,
    2.038164313976));
#4490 = CARTESIAN_POINT('',(-29.54435034924,6.765480826208,
    2.275480826208));
#4491 = CARTESIAN_POINT('',(-29.30788555099,7.001945624464,
    2.511945624464));
#4492 = CARTESIAN_POINT('',(-28.85872735251,7.45110382294,2.96110382294)
  );
#4493 = CARTESIAN_POINT('',(-28.64588131847,7.663949856979,
    3.173949856979));
#4494 = CARTESIAN_POINT('',(-28.43374041587,7.876090759587,
    3.386090759587));
#4495 = CARTESIAN_POINT('',(-28.19667245416,8.113158721297,
    3.623158721297));
#4496 = CARTESIAN_POINT('',(-28.17104827561,8.138782899842,
    3.648782899842));
#4497 = CARTESIAN_POINT('',(-28.1454345307,8.164396644747,3.674396644747
    ));
#4498 = CARTESIAN_POINT('',(-28.11983117545,8.19,3.7));
#4499 = ORIENTED_EDGE('',*,*,#1567,.T.);
#4500 = ORIENTED_EDGE('',*,*,#4454,.F.);
#4501 = PLANE('',#4502);
#4502 = AXIS2_PLACEMENT_3D('',#4503,#4504,#4505);
#4503 = CARTESIAN_POINT('',(-30.79094949366,5.518881681796,3.7));
#4504 = DIRECTION('',(0.707106781187,-0.707106781187,0.));
#4505 = DIRECTION('',(0.707106781187,0.707106781187,0.));
#4506 = ADVANCED_FACE('',(#4507),#4535,.F.);
#4507 = FACE_BOUND('',#4508,.F.);
#4508 = EDGE_LOOP('',(#4509,#4528,#4529,#4530));
#4509 = ORIENTED_EDGE('',*,*,#4510,.F.);
#4510 = EDGE_CURVE('',#1553,#4511,#4513,.T.);
#4511 = VERTEX_POINT('',#4512);
#4512 = CARTESIAN_POINT('',(-26.11100032116,8.19,3.7));
#4513 = B_SPLINE_CURVE_WITH_KNOTS('',4,(#4514,#4515,#4516,#4517,#4518,
    #4519,#4520,#4521,#4522,#4523,#4524,#4525,#4526,#4527),
  .UNSPECIFIED.,.F.,.F.,(5,3,3,3,5),(0.,0.246256652392,0.494941406952,
    0.746145145755,1.),.UNSPECIFIED.);
#4514 = CARTESIAN_POINT('',(-28.30100032116,6.,1.51));
#4515 = CARTESIAN_POINT('',(-28.08748075679,6.213519564368,
    1.723519564368));
#4516 = CARTESIAN_POINT('',(-27.8746442558,6.426356065365,1.936356065365
    ));
#4517 = CARTESIAN_POINT('',(-27.66249350918,6.638506811985,
    2.148506811985));
#4518 = CARTESIAN_POINT('',(-27.23748344458,7.063516876581,
    2.573516876581));
#4519 = CARTESIAN_POINT('',(-27.0246377652,7.276362555963,2.786362555963
    ));
#4520 = CARTESIAN_POINT('',(-26.81249650292,7.488503818237,
    2.998503818237));
#4521 = CARTESIAN_POINT('',(-26.38748578385,7.913514537312,
    3.423514537312));
#4522 = CARTESIAN_POINT('',(-26.17463071671,8.126369604454,
    3.636369604454));
#4523 = CARTESIAN_POINT('',(-25.96249916697,8.338501154192,
    3.848501154191));
#4524 = CARTESIAN_POINT('',(-25.53745629545,8.763544025715,
    4.273544025715));
#4525 = CARTESIAN_POINT('',(-25.32456037109,8.976439950072,
    4.486439950072));
#4526 = CARTESIAN_POINT('',(-25.11240772633,9.188592594832,
    4.698592594832));
#4527 = CARTESIAN_POINT('',(-24.90100032116,9.4,4.91));
#4528 = ORIENTED_EDGE('',*,*,#1560,.F.);
#4529 = ORIENTED_EDGE('',*,*,#4486,.T.);
#4530 = ORIENTED_EDGE('',*,*,#4531,.T.);
#4531 = EDGE_CURVE('',#4479,#4511,#4532,.T.);
#4532 = B_SPLINE_CURVE_WITH_KNOTS('',1,(#4533,#4534),.UNSPECIFIED.,.F.,
  .F.,(2,2),(0.,1.),.PIECEWISE_BEZIER_KNOTS.);
#4533 = CARTESIAN_POINT('',(-38.62064314536,8.19,3.7));
#4534 = CARTESIAN_POINT('',(-23.8186802955,8.19,3.7));
#4535 = B_SPLINE_SURFACE_WITH_KNOTS('',1,1,(
    (#4536,#4537)
    ,(#4538,#4539
    )),.UNSPECIFIED.,.F.,.F.,.F.,(2,2),(2,2),(0.,92.3),(0.,1.),
  .PIECEWISE_BEZIER_KNOTS.);
#4536 = CARTESIAN_POINT('',(-12.001,6.,1.51));
#4537 = CARTESIAN_POINT('',(-15.401,9.4,4.91));
#4538 = CARTESIAN_POINT('',(-104.301,6.,1.51));
#4539 = CARTESIAN_POINT('',(-104.3010003211,9.4,4.91));
#4540 = ADVANCED_FACE('',(#4541),#4559,.T.);
#4541 = FACE_BOUND('',#4542,.T.);
#4542 = EDGE_LOOP('',(#4543,#4551,#4552,#4553));
#4543 = ORIENTED_EDGE('',*,*,#4544,.F.);
#4544 = EDGE_CURVE('',#4511,#4545,#4547,.T.);
#4545 = VERTEX_POINT('',#4546);
#4546 = CARTESIAN_POINT('',(-28.30100032116,6.,3.7));
#4547 = LINE('',#4548,#4549);
#4548 = CARTESIAN_POINT('',(-31.4935467379,2.807453583258,3.7));
#4549 = VECTOR('',#4550,1.);
#4550 = DIRECTION('',(-0.707106781187,-0.707106781187,0.));
#4551 = ORIENTED_EDGE('',*,*,#4510,.F.);
#4552 = ORIENTED_EDGE('',*,*,#1552,.F.);
#4553 = ORIENTED_EDGE('',*,*,#4554,.F.);
#4554 = EDGE_CURVE('',#4545,#1545,#4555,.T.);
#4555 = LINE('',#4556,#4557);
#4556 = CARTESIAN_POINT('',(-28.30100032116,6.,4.91));
#4557 = VECTOR('',#4558,1.);
#4558 = DIRECTION('',(-0.,-0.,-1.));
#4559 = PLANE('',#4560);
#4560 = AXIS2_PLACEMENT_3D('',#4561,#4562,#4563);
#4561 = CARTESIAN_POINT('',(-24.90100032116,9.4,4.91));
#4562 = DIRECTION('',(-0.707106781187,0.707106781187,0.));
#4563 = DIRECTION('',(-0.707106781187,-0.707106781187,0.));
#4564 = ADVANCED_FACE('',(#4565),#4583,.T.);
#4565 = FACE_BOUND('',#4566,.T.);
#4566 = EDGE_LOOP('',(#4567,#4575,#4576,#4577));
#4567 = ORIENTED_EDGE('',*,*,#4568,.F.);
#4568 = EDGE_CURVE('',#4545,#4569,#4571,.T.);
#4569 = VERTEX_POINT('',#4570);
#4570 = CARTESIAN_POINT('',(-20.90100032116,6.,3.7));
#4571 = LINE('',#4572,#4573);
#4572 = CARTESIAN_POINT('',(-56.21033910881,6.,3.7));
#4573 = VECTOR('',#4574,1.);
#4574 = DIRECTION('',(1.,0.,-0.));
#4575 = ORIENTED_EDGE('',*,*,#4554,.T.);
#4576 = ORIENTED_EDGE('',*,*,#1544,.F.);
#4577 = ORIENTED_EDGE('',*,*,#4578,.F.);
#4578 = EDGE_CURVE('',#4569,#1537,#4579,.T.);
#4579 = LINE('',#4580,#4581);
#4580 = CARTESIAN_POINT('',(-20.90100032116,6.,4.91));
#4581 = VECTOR('',#4582,1.);
#4582 = DIRECTION('',(-0.,-0.,-1.));
#4583 = PLANE('',#4584);
#4584 = AXIS2_PLACEMENT_3D('',#4585,#4586,#4587);
#4585 = CARTESIAN_POINT('',(-28.30100032116,6.,4.91));
#4586 = DIRECTION('',(0.,-1.,0.));
#4587 = DIRECTION('',(1.,0.,0.));
#4588 = ADVANCED_FACE('',(#4589),#4612,.T.);
#4589 = FACE_BOUND('',#4590,.T.);
#4590 = EDGE_LOOP('',(#4591,#4599,#4600,#4601));
#4591 = ORIENTED_EDGE('',*,*,#4592,.F.);
#4592 = EDGE_CURVE('',#4569,#4593,#4595,.T.);
#4593 = VERTEX_POINT('',#4594);
#4594 = CARTESIAN_POINT('',(-23.09100032116,8.19,3.7));
#4595 = LINE('',#4596,#4597);
#4596 = CARTESIAN_POINT('',(-45.76779269207,30.866792370909,3.7));
#4597 = VECTOR('',#4598,1.);
#4598 = DIRECTION('',(-0.707106781187,0.707106781187,0.));
#4599 = ORIENTED_EDGE('',*,*,#4578,.T.);
#4600 = ORIENTED_EDGE('',*,*,#1536,.F.);
#4601 = ORIENTED_EDGE('',*,*,#4602,.T.);
#4602 = EDGE_CURVE('',#1530,#4593,#4603,.T.);
#4603 = B_SPLINE_CURVE_WITH_KNOTS('',4,(#4604,#4605,#4606,#4607,#4608,
    #4609,#4610,#4611),.UNSPECIFIED.,.F.,.F.,(5,3,5),(0.,0.511967710381,
    1.),.UNSPECIFIED.);
#4604 = CARTESIAN_POINT('',(-20.90100032116,6.,1.51));
#4605 = CARTESIAN_POINT('',(-21.33622414284,6.435223821676,
    1.945223821676));
#4606 = CARTESIAN_POINT('',(-21.77143152824,6.870431207082,
    2.380431207082));
#4607 = CARTESIAN_POINT('',(-22.2066217074,7.305621386241,2.815621386241
    ));
#4608 = CARTESIAN_POINT('',(-23.05662084129,8.155620520132,
    3.665620520132));
#4609 = CARTESIAN_POINT('',(-23.47143144553,8.570431124368,
    4.080431124368));
#4610 = CARTESIAN_POINT('',(-23.88622488348,8.985224562314,
    4.495224562314));
#4611 = CARTESIAN_POINT('',(-24.30100032116,9.4,4.91));
#4612 = PLANE('',#4613);
#4613 = AXIS2_PLACEMENT_3D('',#4614,#4615,#4616);
#4614 = CARTESIAN_POINT('',(-20.90100032116,6.,4.91));
#4615 = DIRECTION('',(0.707106781187,0.707106781187,0.));
#4616 = DIRECTION('',(-0.707106781187,0.707106781187,0.));
#4617 = ADVANCED_FACE('',(#4618),#4701,.F.);
#4618 = FACE_BOUND('',#4619,.F.);
#4619 = EDGE_LOOP('',(#4620,#4627,#4628,#4629,#4636));
#4620 = ORIENTED_EDGE('',*,*,#4621,.F.);
#4621 = EDGE_CURVE('',#1523,#4622,#4624,.T.);
#4622 = VERTEX_POINT('',#4623);
#4623 = CARTESIAN_POINT('',(-14.10186219713,8.100862197135,
    3.610862197135));
#4624 = B_SPLINE_CURVE_WITH_KNOTS('',1,(#4625,#4626),.UNSPECIFIED.,.F.,
  .F.,(2,2),(0.,1.),.PIECEWISE_BEZIER_KNOTS.);
#4625 = CARTESIAN_POINT('',(-12.001,6.,1.51));
#4626 = CARTESIAN_POINT('',(-15.401,9.4,4.91));
#4627 = ORIENTED_EDGE('',*,*,#1529,.F.);
#4628 = ORIENTED_EDGE('',*,*,#4602,.T.);
#4629 = ORIENTED_EDGE('',*,*,#4630,.T.);
#4630 = EDGE_CURVE('',#4593,#4631,#4633,.T.);
#4631 = VERTEX_POINT('',#4632);
#4632 = CARTESIAN_POINT('',(-19.98661551442,8.19,3.7));
#4633 = B_SPLINE_CURVE_WITH_KNOTS('',1,(#4634,#4635),.UNSPECIFIED.,.F.,
  .F.,(2,2),(0.,1.),.PIECEWISE_BEZIER_KNOTS.);
#4634 = CARTESIAN_POINT('',(-23.21375902617,8.19,3.7));
#4635 = CARTESIAN_POINT('',(-14.191,8.19,3.7));
#4636 = ORIENTED_EDGE('',*,*,#4637,.T.);
#4637 = EDGE_CURVE('',#4631,#4622,#4638,.T.);
#4638 = B_SPLINE_CURVE_WITH_KNOTS('',7,(#4639,#4640,#4641,#4642,#4643,
    #4644,#4645,#4646,#4647,#4648,#4649,#4650,#4651,#4652,#4653,#4654,
    #4655,#4656,#4657,#4658,#4659,#4660,#4661,#4662,#4663,#4664,#4665,
    #4666,#4667,#4668,#4669,#4670,#4671,#4672,#4673,#4674,#4675,#4676,
    #4677,#4678,#4679,#4680,#4681,#4682,#4683,#4684,#4685,#4686,#4687,
    #4688,#4689,#4690,#4691,#4692,#4693,#4694,#4695,#4696,#4697,#4698,
    #4699,#4700),.UNSPECIFIED.,.F.,.F.,(8,6,6,6,6,6,6,6,6,6,8),(0.,
    4.941382423206E-03,8.978014479029E-02,0.138273022976,0.237444072901,
    0.313243790869,0.346835485254,0.401781100184,0.509902217157,
    0.768543278984,1.),.UNSPECIFIED.);
#4639 = CARTESIAN_POINT('',(-19.98697873943,8.190385975329,
    3.700385975329));
#4640 = CARTESIAN_POINT('',(-19.9836324716,8.186829656438,3.696829656438
    ));
#4641 = CARTESIAN_POINT('',(-19.98027904203,8.183275627016,
    3.693275627016));
#4642 = CARTESIAN_POINT('',(-19.9769184428,8.179723902831,3.689723902831
    ));
#4643 = CARTESIAN_POINT('',(-19.97355066791,8.176174501449,
    3.686174501449));
#4644 = CARTESIAN_POINT('',(-19.97017571322,8.172627442235,
    3.682627442235));
#4645 = CARTESIAN_POINT('',(-19.9667935765,8.169082746352,3.679082746352
    ));
#4646 = CARTESIAN_POINT('',(-19.90521292306,8.104722403271,
    3.614722403271));
#4647 = CARTESIAN_POINT('',(-19.84490316176,8.044606647371,
    3.554606647371));
#4648 = CARTESIAN_POINT('',(-19.78245377549,7.985289982039,
    3.495289982039));
#4649 = CARTESIAN_POINT('',(-19.71785428129,7.926880872438,
    3.436880872438));
#4650 = CARTESIAN_POINT('',(-19.65110844897,7.869497770944,
    3.379497770944));
#4651 = CARTESIAN_POINT('',(-19.58223783878,7.81326745217,3.32326745217)
  );
#4652 = CARTESIAN_POINT('',(-19.47072969183,7.726917918724,
    3.236917918724));
#4653 = CARTESIAN_POINT('',(-19.42949409808,7.695932866753,
    3.205932866752));
#4654 = CARTESIAN_POINT('',(-19.38758698846,7.665393325472,
    3.175393325472));
#4655 = CARTESIAN_POINT('',(-19.34501907194,7.635325030734,
    3.145325030734));
#4656 = CARTESIAN_POINT('',(-19.30180360259,7.605754120509,
    3.115754120509));
#4657 = CARTESIAN_POINT('',(-19.25795664627,7.576706934544,
    3.086706934544));
#4658 = CARTESIAN_POINT('',(-19.122575226,7.489931372567,2.999931372567)
  );
#4659 = CARTESIAN_POINT('',(-19.02908016092,7.433945963682,
    2.943945963682));
#4660 = CARTESIAN_POINT('',(-18.93319172547,7.380490047951,
    2.890490047951));
#4661 = CARTESIAN_POINT('',(-18.83512418642,7.329784428387,
    2.839784428387));
#4662 = CARTESIAN_POINT('',(-18.73513058033,7.282027957075,
    2.792027957075));
#4663 = CARTESIAN_POINT('',(-18.63350679006,7.237391241829,
    2.747391241829));
#4664 = CARTESIAN_POINT('',(-18.45193720634,7.164381568844,
    2.674381568844));
#4665 = CARTESIAN_POINT('',(-18.37251713187,7.13465092981,2.64465092981)
  );
#4666 = CARTESIAN_POINT('',(-18.29248464547,7.106878199471,
    2.616878199471));
#4667 = CARTESIAN_POINT('',(-18.2119878561,7.08110478195,2.59110478195)
  );
#4668 = CARTESIAN_POINT('',(-18.13117329796,7.057355200289,
    2.567355200289));
#4669 = CARTESIAN_POINT('',(-18.0501854944,7.035638574982,2.545638574982
    ));
#4670 = CARTESIAN_POINT('',(-17.93326184277,7.007224883373,
    2.517224883373));
#4671 = CARTESIAN_POINT('',(-17.89735023924,6.998897807332,
    2.508897807332));
#4672 = CARTESIAN_POINT('',(-17.86144357943,6.990968295193,
    2.500968295193));
#4673 = CARTESIAN_POINT('',(-17.82555331157,6.983435256297,
    2.493435256297));
#4674 = CARTESIAN_POINT('',(-17.7896904641,6.976297088517,2.486297088517
    ));
#4675 = CARTESIAN_POINT('',(-17.75386564569,6.969551678258,
    2.479551678258));
#4676 = CARTESIAN_POINT('',(-17.65956960016,6.952801133033,
    2.462801133033));
#4677 = CARTESIAN_POINT('',(-17.60117897807,6.943449701752,
    2.453449701752));
#4678 = CARTESIAN_POINT('',(-17.54296169899,6.935130850914,
    2.445130850914));
#4679 = CARTESIAN_POINT('',(-17.48495844624,6.927830124853,
    2.437830124853));
#4680 = CARTESIAN_POINT('',(-17.42720617951,6.921530469244,
    2.431530469244));
#4681 = CARTESIAN_POINT('',(-17.369738248,6.916212832397,2.426212832397)
  );
#4682 = CARTESIAN_POINT('',(-17.20011826395,6.903284968695,
    2.413284968695));
#4683 = CARTESIAN_POINT('',(-17.08887373594,6.898437162062,
    2.408437162062));
#4684 = CARTESIAN_POINT('',(-16.97906858958,6.897154968866,
    2.407154968866));
#4685 = CARTESIAN_POINT('',(-16.87087269924,6.89926276738,2.40926276738)
  );
#4686 = CARTESIAN_POINT('',(-16.76441241876,6.904577183152,
    2.414577183152));
#4687 = CARTESIAN_POINT('',(-16.6597748565,6.912916580225,2.422916580225
    ));
#4688 = CARTESIAN_POINT('',(-16.31118916843,6.950888122878,
    2.460888122878));
#4689 = CARTESIAN_POINT('',(-16.07634720142,6.993971519936,
    2.503971519936));
#4690 = CARTESIAN_POINT('',(-15.85278667254,7.050997849787,
    2.560997849787));
#4691 = CARTESIAN_POINT('',(-15.64057547658,7.119984115332,
    2.629984115332));
#4692 = CARTESIAN_POINT('',(-15.43949361478,7.19925337545,2.70925337545)
  );
#4693 = CARTESIAN_POINT('',(-15.24910450636,7.287501228898,
    2.797501228898));
#4694 = CARTESIAN_POINT('',(-14.90747162878,7.470042219894,
    2.980042219894));
#4695 = CARTESIAN_POINT('',(-14.75434182974,7.562658094132,
    3.072658094132));
#4696 = CARTESIAN_POINT('',(-14.60908918835,7.660965274588,
    3.170965274588));
#4697 = CARTESIAN_POINT('',(-14.47144625549,7.764378947087,
    3.274378947087));
#4698 = CARTESIAN_POINT('',(-14.34117400206,7.872415108248,
    3.382415108248));
#4699 = CARTESIAN_POINT('',(-14.21804692939,7.984677464881,
    3.494677464881));
#4700 = CARTESIAN_POINT('',(-14.10186219713,8.100862197135,
    3.610862197135));
#4701 = B_SPLINE_SURFACE_WITH_KNOTS('',1,1,(
    (#4702,#4703)
    ,(#4704,#4705
    )),.UNSPECIFIED.,.F.,.F.,.F.,(2,2),(2,2),(0.,92.3),(0.,1.),
  .PIECEWISE_BEZIER_KNOTS.);
#4702 = CARTESIAN_POINT('',(-12.001,6.,1.51));
#4703 = CARTESIAN_POINT('',(-15.401,9.4,4.91));
#4704 = CARTESIAN_POINT('',(-104.301,6.,1.51));
#4705 = CARTESIAN_POINT('',(-104.3010003211,9.4,4.91));
#4706 = ADVANCED_FACE('',(#4707),#4808,.F.);
#4707 = FACE_BOUND('',#4708,.F.);
#4708 = EDGE_LOOP('',(#4709,#4722,#4723,#4724,#4803));
#4709 = ORIENTED_EDGE('',*,*,#4710,.F.);
#4710 = EDGE_CURVE('',#1515,#4711,#4713,.T.);
#4711 = VERTEX_POINT('',#4712);
#4712 = CARTESIAN_POINT('',(-14.191,17.19,3.7));
#4713 = B_SPLINE_CURVE_WITH_KNOTS('',4,(#4714,#4715,#4716,#4717,#4718,
    #4719,#4720,#4721),.UNSPECIFIED.,.F.,.F.,(5,3,5),(0.,0.499919146425,
    1.),.UNSPECIFIED.);
#4714 = CARTESIAN_POINT('',(-12.001,15.,1.51));
#4715 = CARTESIAN_POINT('',(-12.42605620847,15.425056208475,
    1.935056208475));
#4716 = CARTESIAN_POINT('',(-12.85107413787,15.850074137876,
    2.360074137876));
#4717 = CARTESIAN_POINT('',(-13.27605145754,16.275051457544,
    2.785051457544));
#4718 = CARTESIAN_POINT('',(-14.1260569263,17.125056926302,
    3.635056926302));
#4719 = CARTESIAN_POINT('',(-14.55108504418,17.550085044182,
    4.060085044182));
#4720 = CARTESIAN_POINT('',(-14.97606711676,17.975067116761,
    4.485067116761));
#4721 = CARTESIAN_POINT('',(-15.401,18.4,4.91));
#4722 = ORIENTED_EDGE('',*,*,#1522,.F.);
#4723 = ORIENTED_EDGE('',*,*,#4621,.T.);
#4724 = ORIENTED_EDGE('',*,*,#4725,.T.);
#4725 = EDGE_CURVE('',#4622,#4726,#4728,.T.);
#4726 = VERTEX_POINT('',#4727);
#4727 = CARTESIAN_POINT('',(-14.191,13.985615514429,3.7));
#4728 = B_SPLINE_CURVE_WITH_KNOTS('',7,(#4729,#4730,#4731,#4732,#4733,
    #4734,#4735,#4736,#4737,#4738,#4739,#4740,#4741,#4742,#4743,#4744,
    #4745,#4746,#4747,#4748,#4749,#4750,#4751,#4752,#4753,#4754,#4755,
    #4756,#4757,#4758,#4759,#4760,#4761,#4762,#4763,#4764,#4765,#4766,
    #4767,#4768,#4769,#4770,#4771,#4772,#4773,#4774,#4775,#4776,#4777,
    #4778,#4779,#4780,#4781,#4782,#4783,#4784,#4785,#4786,#4787,#4788,
    #4789,#4790,#4791,#4792,#4793,#4794,#4795,#4796,#4797,#4798,#4799,
    #4800,#4801,#4802),.UNSPECIFIED.,.F.,.F.,(8,6,6,6,6,6,6,6,6,6,6,6,8)
  ,(0.,0.226105523875,0.485236192099,0.594943236585,0.650696200873,
    0.686305343593,0.763074891779,0.862042345544,0.910820646362,
    0.980170711943,0.990411574018,0.99516766682,1.),.UNSPECIFIED.);
#4729 = CARTESIAN_POINT('',(-14.10186219713,8.100862197135,
    3.610862197135));
#4730 = CARTESIAN_POINT('',(-13.9885726579,8.214151736365,3.497572657905
    ));
#4731 = CARTESIAN_POINT('',(-13.8789620289,8.334092316012,3.387962028905
    ));
#4732 = CARTESIAN_POINT('',(-13.77332016629,8.460880511038,
    3.282320166292));
#4733 = CARTESIAN_POINT('',(-13.67202137547,8.594732846482,
    3.181021375471));
#4734 = CARTESIAN_POINT('',(-13.57552095918,8.73587802995,3.08452095918)
  );
#4735 = CARTESIAN_POINT('',(-13.48436676323,8.884569336519,
    2.993366763234));
#4736 = CARTESIAN_POINT('',(-13.30164891127,9.220530447407,2.81064891127
    ));
#4737 = CARTESIAN_POINT('',(-13.21205144803,9.410113652993,
    2.721051448038));
#4738 = CARTESIAN_POINT('',(-13.13133274187,9.610458129829,
    2.640332741873));
#4739 = CARTESIAN_POINT('',(-13.06079860351,9.822000318608,2.56979860351
    ));
#4740 = CARTESIAN_POINT('',(-13.00212473115,10.044961422252,
    2.511124731159));
#4741 = CARTESIAN_POINT('',(-12.95729187651,10.279274351752,
    2.46629187651));
#4742 = CARTESIAN_POINT('',(-12.91652556866,10.628508536325,
    2.425525568668));
#4743 = CARTESIAN_POINT('',(-12.90730766809,10.734320646928,
    2.416307668093));
#4744 = CARTESIAN_POINT('',(-12.90117377701,10.842015203064,
    2.410173777013));
#4745 = CARTESIAN_POINT('',(-12.89831203672,10.951502782818,
    2.407312036724));
#4746 = CARTESIAN_POINT('',(-12.89891256989,11.06265365243,
    2.407912569892));
#4747 = CARTESIAN_POINT('',(-12.90315770504,11.175293384744,
    2.41215770504));
#4748 = CARTESIAN_POINT('',(-12.91530548447,11.347084884208,
    2.424305484476));
#4749 = CARTESIAN_POINT('',(-12.92038243938,11.405296742089,
    2.42938243938));
#4750 = CARTESIAN_POINT('',(-12.92646435177,11.463803410561,
    2.435464351772));
#4751 = CARTESIAN_POINT('',(-12.93357108487,11.522570666659,
    2.442571084873));
#4752 = CARTESIAN_POINT('',(-12.9417204624,11.581560593182,
    2.450720462404));
#4753 = CARTESIAN_POINT('',(-12.95092765187,11.640731466685,
    2.459927651877));
#4754 = CARTESIAN_POINT('',(-12.96776835056,11.737916208707,
    2.476768350567));
#4755 = CARTESIAN_POINT('',(-12.9747684993,11.775850052,2.483768499301)
  );
#4756 = CARTESIAN_POINT('',(-12.98220816026,11.813827256899,
    2.491208160264));
#4757 = CARTESIAN_POINT('',(-12.99008987252,11.851835399536,
    2.499089872528));
#4758 = CARTESIAN_POINT('',(-12.99841554805,11.889861550617,
    2.507415548054));
#4759 = CARTESIAN_POINT('',(-13.00718647169,11.92789227542,
    2.516186471697));
#4760 = CARTESIAN_POINT('',(-13.03627381149,12.047883663985,
    2.545273811499));
#4761 = CARTESIAN_POINT('',(-13.05821771851,12.129814312623,
    2.567217718511));
#4762 = CARTESIAN_POINT('',(-13.08223969143,12.211560167252,
    2.591239691436));
#4763 = CARTESIAN_POINT('',(-13.10833011512,12.292973617805,
    2.617330115128));
#4764 = CARTESIAN_POINT('',(-13.13646364881,12.373905313553,
    2.645463648813));
#4765 = CARTESIAN_POINT('',(-13.16659778479,12.454204620069,
    2.675597784793));
#4766 = CARTESIAN_POINT('',(-13.24001911355,12.636227416812,
    2.749019113558));
#4767 = CARTESIAN_POINT('',(-13.28459646189,12.737447608029,
    2.793596461893));
#4768 = CARTESIAN_POINT('',(-13.33227063066,12.837048667079,
    2.84127063066));
#4769 = CARTESIAN_POINT('',(-13.38287565417,12.934743433097,
    2.891875654176));
#4770 = CARTESIAN_POINT('',(-13.43621836686,13.030285713789,
    2.945218366865));
#4771 = CARTESIAN_POINT('',(-13.49208434753,13.123466432139,
    3.00108434753));
#4772 = CARTESIAN_POINT('',(-13.57890906884,13.25878535061,
    3.087909068846));
#4773 = CARTESIAN_POINT('',(-13.60813312516,13.302847246675,
    3.117133125166));
#4774 = CARTESIAN_POINT('',(-13.63788976562,13.346276169816,
    3.146889765623));
#4775 = CARTESIAN_POINT('',(-13.66815268856,13.389055858608,
    3.177152688569));
#4776 = CARTESIAN_POINT('',(-13.69889575449,13.431172822025,
    3.207895754498));
#4777 = CARTESIAN_POINT('',(-13.73009318287,13.472616079788,
    3.239093182871));
#4778 = CARTESIAN_POINT('',(-13.80668450569,13.571328198592,
    3.315684505693));
#4779 = CARTESIAN_POINT('',(-13.85251667848,13.627900005082,
    3.361516678487));
#4780 = CARTESIAN_POINT('',(-13.89914420372,13.683068015299,
    3.408144203726));
#4781 = CARTESIAN_POINT('',(-13.946497776,13.736817414518,3.455497776003
    ));
#4782 = CARTESIAN_POINT('',(-13.99451150252,13.78914156893,
    3.503511502524));
#4783 = CARTESIAN_POINT('',(-14.04312355752,13.840040714405,
    3.552123557528));
#4784 = CARTESIAN_POINT('',(-14.09953525742,13.896827302327,
    3.608535257426));
#4785 = CARTESIAN_POINT('',(-14.10680548017,13.904103012451,
    3.615805480175));
#4786 = CARTESIAN_POINT('',(-14.11408732052,13.911347794232,
    3.62308732052));
#4787 = CARTESIAN_POINT('',(-14.12138059606,13.918561668712,
    3.630380596066));
#4788 = CARTESIAN_POINT('',(-14.12868512646,13.925744659363,
    3.637685126462));
#4789 = CARTESIAN_POINT('',(-14.13600073339,13.932896792089,
    3.645000733399));
#4790 = CARTESIAN_POINT('',(-14.14672983972,13.943325392831,
    3.655729839729));
#4791 = CARTESIAN_POINT('',(-14.15013232028,13.946623640378,
    3.659132320287));
#4792 = CARTESIAN_POINT('',(-14.15353468242,13.949912881329,
    3.662534682429));
#4793 = CARTESIAN_POINT('',(-14.15693692638,13.953193158726,
    3.665936926385));
#4794 = CARTESIAN_POINT('',(-14.16033905246,13.956464515186,
    3.669339052467));
#4795 = CARTESIAN_POINT('',(-14.16374106107,13.959726992906,
    3.672741061075));
#4796 = CARTESIAN_POINT('',(-14.17059937678,13.966286430416,
    3.679599376786));
#4797 = CARTESIAN_POINT('',(-14.17405811978,13.969585438079,
    3.683058119789));
#4798 = CARTESIAN_POINT('',(-14.17751916296,13.972877659026,
    3.686519162961));
#4799 = CARTESIAN_POINT('',(-14.18098248792,13.976163096101,
    3.689982487926));
#4800 = CARTESIAN_POINT('',(-14.18444807667,13.979441752608,
    3.693448076677));
#4801 = CARTESIAN_POINT('',(-14.18791591157,13.982713632311,
    3.696915911571));
#4802 = CARTESIAN_POINT('',(-14.19138597532,13.985978739437,
    3.700385975329));
#4803 = ORIENTED_EDGE('',*,*,#4804,.T.);
#4804 = EDGE_CURVE('',#4726,#4711,#4805,.T.);
#4805 = B_SPLINE_CURVE_WITH_KNOTS('',1,(#4806,#4807),.UNSPECIFIED.,.F.,
  .F.,(2,2),(0.,1.),.PIECEWISE_BEZIER_KNOTS.);
#4806 = CARTESIAN_POINT('',(-14.191,8.19,3.7));
#4807 = CARTESIAN_POINT('',(-14.191,17.357615385567,3.7));
#4808 = B_SPLINE_SURFACE_WITH_KNOTS('',1,1,(
    (#4809,#4810)
    ,(#4811,#4812
    )),.UNSPECIFIED.,.F.,.F.,.F.,(2,2),(2,2),(0.,138.),(0.,1.),
  .PIECEWISE_BEZIER_KNOTS.);
#4809 = CARTESIAN_POINT('',(-12.001,144.,1.51));
#4810 = CARTESIAN_POINT('',(-15.401,140.6,4.91));
#4811 = CARTESIAN_POINT('',(-12.001,6.,1.51));
#4812 = CARTESIAN_POINT('',(-15.401,9.4,4.91));
#4813 = ADVANCED_FACE('',(#4814),#4832,.T.);
#4814 = FACE_BOUND('',#4815,.T.);
#4815 = EDGE_LOOP('',(#4816,#4824,#4825,#4826));
#4816 = ORIENTED_EDGE('',*,*,#4817,.F.);
#4817 = EDGE_CURVE('',#4711,#4818,#4820,.T.);
#4818 = VERTEX_POINT('',#4819);
#4819 = CARTESIAN_POINT('',(-12.001,15.,3.7));
#4820 = LINE('',#4821,#4822);
#4821 = CARTESIAN_POINT('',(-38.5427924512,41.541792451201,3.7));
#4822 = VECTOR('',#4823,1.);
#4823 = DIRECTION('',(0.707106781187,-0.707106781187,0.));
#4824 = ORIENTED_EDGE('',*,*,#4710,.F.);
#4825 = ORIENTED_EDGE('',*,*,#1514,.F.);
#4826 = ORIENTED_EDGE('',*,*,#4827,.F.);
#4827 = EDGE_CURVE('',#4818,#1507,#4828,.T.);
#4828 = LINE('',#4829,#4830);
#4829 = CARTESIAN_POINT('',(-12.001,15.,4.91));
#4830 = VECTOR('',#4831,1.);
#4831 = DIRECTION('',(-0.,-0.,-1.));
#4832 = PLANE('',#4833);
#4833 = AXIS2_PLACEMENT_3D('',#4834,#4835,#4836);
#4834 = CARTESIAN_POINT('',(-15.401,18.4,4.91));
#4835 = DIRECTION('',(-0.707106781187,-0.707106781187,0.));
#4836 = DIRECTION('',(0.707106781187,-0.707106781187,0.));
#4837 = ADVANCED_FACE('',(#4838),#4863,.T.);
#4838 = FACE_BOUND('',#4839,.T.);
#4839 = EDGE_LOOP('',(#4840,#4848,#4849,#4850,#4856,#4857));
#4840 = ORIENTED_EDGE('',*,*,#4841,.F.);
#4841 = EDGE_CURVE('',#4818,#4842,#4844,.T.);
#4842 = VERTEX_POINT('',#4843);
#4843 = CARTESIAN_POINT('',(-12.001,19.,3.7));
#4844 = LINE('',#4845,#4846);
#4845 = CARTESIAN_POINT('',(-12.001,28.624245954168,3.7));
#4846 = VECTOR('',#4847,1.);
#4847 = DIRECTION('',(0.,1.,0.));
#4848 = ORIENTED_EDGE('',*,*,#4827,.T.);
#4849 = ORIENTED_EDGE('',*,*,#1506,.F.);
#4850 = ORIENTED_EDGE('',*,*,#4851,.F.);
#4851 = EDGE_CURVE('',#2938,#1499,#4852,.T.);
#4852 = LINE('',#4853,#4854);
#4853 = CARTESIAN_POINT('',(-12.001,24.2,4.91));
#4854 = VECTOR('',#4855,1.);
#4855 = DIRECTION('',(-0.,-0.,-1.));
#4856 = ORIENTED_EDGE('',*,*,#2937,.F.);
#4857 = ORIENTED_EDGE('',*,*,#4858,.F.);
#4858 = EDGE_CURVE('',#4842,#2930,#4859,.T.);
#4859 = LINE('',#4860,#4861);
#4860 = CARTESIAN_POINT('',(-12.001,19.,4.520342434671));
#4861 = VECTOR('',#4862,1.);
#4862 = DIRECTION('',(0.,0.,1.));
#4863 = PLANE('',#4864);
#4864 = AXIS2_PLACEMENT_3D('',#4865,#4866,#4867);
#4865 = CARTESIAN_POINT('',(-12.001,15.,4.91));
#4866 = DIRECTION('',(1.,0.,0.));
#4867 = DIRECTION('',(0.,1.,0.));
#4868 = ADVANCED_FACE('',(#4869),#4891,.T.);
#4869 = FACE_BOUND('',#4870,.T.);
#4870 = EDGE_LOOP('',(#4871,#4872,#4873,#4874));
#4871 = ORIENTED_EDGE('',*,*,#2945,.F.);
#4872 = ORIENTED_EDGE('',*,*,#4851,.T.);
#4873 = ORIENTED_EDGE('',*,*,#1498,.F.);
#4874 = ORIENTED_EDGE('',*,*,#4875,.T.);
#4875 = EDGE_CURVE('',#1492,#2946,#4876,.T.);
#4876 = B_SPLINE_CURVE_WITH_KNOTS('',4,(#4877,#4878,#4879,#4880,#4881,
    #4882,#4883,#4884,#4885,#4886,#4887,#4888,#4889,#4890),
  .UNSPECIFIED.,.F.,.F.,(5,3,3,3,5),(0.,0.245149952214,0.493417010184,
    0.744960608487,1.),.UNSPECIFIED.);
#4877 = CARTESIAN_POINT('',(-12.001,24.2,1.51));
#4878 = CARTESIAN_POINT('',(-12.21480466038,23.986195339611,
    1.723804660389));
#4879 = CARTESIAN_POINT('',(-12.42773641434,23.773263585652,
    1.936736414348));
#4880 = CARTESIAN_POINT('',(-12.63978959459,23.561210405405,
    2.148789594595));
#4881 = CARTESIAN_POINT('',(-13.0648134583,23.136186541698,
    2.573813458302));
#4882 = CARTESIAN_POINT('',(-13.27776152551,22.923238474487,
    2.786761525513));
#4883 = CARTESIAN_POINT('',(-13.48979781304,22.711202186951,
    2.998797813049));
#4884 = CARTESIAN_POINT('',(-13.91482335579,22.286176644203,
    3.423823355797));
#4885 = CARTESIAN_POINT('',(-14.1277882569,22.073211743094,
    3.636788256906));
#4886 = CARTESIAN_POINT('',(-14.33980707401,21.861192925987,
    3.848807074013));
#4887 = CARTESIAN_POINT('',(-14.76487681503,21.436123184968,
    4.273876815032));
#4888 = CARTESIAN_POINT('',(-14.97790113479,21.223098865203,
    4.486901134797));
#4889 = CARTESIAN_POINT('',(-15.18994355872,21.011056441275,
    4.698943558725));
#4890 = CARTESIAN_POINT('',(-15.401,20.8,4.91));
#4891 = PLANE('',#4892);
#4892 = AXIS2_PLACEMENT_3D('',#4893,#4894,#4895);
#4893 = CARTESIAN_POINT('',(-12.001,24.2,4.91));
#4894 = DIRECTION('',(-0.707106781187,0.707106781187,0.));
#4895 = DIRECTION('',(-0.707106781187,-0.707106781187,0.));
#4896 = ADVANCED_FACE('',(#4897),#4936,.F.);
#4897 = FACE_BOUND('',#4898,.F.);
#4898 = EDGE_LOOP('',(#4899,#4918,#4919,#4920,#4921,#4931));
#4899 = ORIENTED_EDGE('',*,*,#4900,.F.);
#4900 = EDGE_CURVE('',#1484,#4901,#4903,.T.);
#4901 = VERTEX_POINT('',#4902);
#4902 = CARTESIAN_POINT('',(-15.29072666,32.48972666,4.79972666));
#4903 = B_SPLINE_CURVE_WITH_KNOTS('',4,(#4904,#4905,#4906,#4907,#4908,
    #4909,#4910,#4911,#4912,#4913,#4914,#4915,#4916,#4917),
  .UNSPECIFIED.,.F.,.F.,(5,3,3,3,5),(0.,0.249631411742,0.499493559594,
    0.74960116286,1.),.UNSPECIFIED.);
#4904 = CARTESIAN_POINT('',(-12.001,29.2,1.51));
#4905 = CARTESIAN_POINT('',(-12.21358836331,29.412588363315,
    1.722588363315));
#4906 = CARTESIAN_POINT('',(-12.42611501201,29.625115012014,
    1.935115012014));
#4907 = CARTESIAN_POINT('',(-12.63857815313,29.837578153138,
    2.147578153138));
#4908 = CARTESIAN_POINT('',(-13.06356990666,30.262569906661,
    2.572569906661));
#4909 = CARTESIAN_POINT('',(-13.27609839761,30.475098397619,
    2.785098397619));
#4910 = CARTESIAN_POINT('',(-13.48855941999,30.687559419993,
    2.997559419993));
#4911 = CARTESIAN_POINT('',(-13.91355106012,31.112551060121,
    3.422551060121));
#4912 = CARTESIAN_POINT('',(-14.12608154073,31.325081540732,
    3.635081540732));
#4913 = CARTESIAN_POINT('',(-14.33854029655,31.537540296551,
    3.847540296551));
#4914 = CARTESIAN_POINT('',(-14.76355725189,31.962557251898,
    4.272557251898));
#4915 = CARTESIAN_POINT('',(-14.97611527863,32.17511527863,4.48511527863
    ));
#4916 = CARTESIAN_POINT('',(-15.18859698525,32.387596985256,
    4.697596985256));
#4917 = CARTESIAN_POINT('',(-15.401,32.6,4.91));
#4918 = ORIENTED_EDGE('',*,*,#1491,.F.);
#4919 = ORIENTED_EDGE('',*,*,#4875,.T.);
#4920 = ORIENTED_EDGE('',*,*,#2953,.T.);
#4921 = ORIENTED_EDGE('',*,*,#4922,.F.);
#4922 = EDGE_CURVE('',#4923,#2954,#4925,.T.);
#4923 = VERTEX_POINT('',#4924);
#4924 = CARTESIAN_POINT('',(-15.29072666,25.11515808,4.79972666));
#4925 = B_SPLINE_CURVE_WITH_KNOTS('',4,(#4926,#4927,#4928,#4929,#4930),
  .UNSPECIFIED.,.F.,.F.,(5,5),(0.,1.),.PIECEWISE_BEZIER_KNOTS.);
#4926 = CARTESIAN_POINT('',(-15.29072666,25.11515808,4.79972666));
#4927 = CARTESIAN_POINT('',(-15.31580394504,25.11515808,4.824803945045)
  );
#4928 = CARTESIAN_POINT('',(-15.34087529855,25.11515808,4.849875298554)
  );
#4929 = CARTESIAN_POINT('',(-15.36594063231,25.11515808,4.874940632319)
  );
#4930 = CARTESIAN_POINT('',(-15.391,25.11515808,4.9));
#4931 = ORIENTED_EDGE('',*,*,#4932,.T.);
#4932 = EDGE_CURVE('',#4923,#4901,#4933,.T.);
#4933 = B_SPLINE_CURVE_WITH_KNOTS('',1,(#4934,#4935),.UNSPECIFIED.,.F.,
  .F.,(2,2),(0.,1.),.PIECEWISE_BEZIER_KNOTS.);
#4934 = CARTESIAN_POINT('',(-15.29072666,25.11515808,4.79972666));
#4935 = CARTESIAN_POINT('',(-15.29072666,32.529093341155,4.79972666));
#4936 = B_SPLINE_SURFACE_WITH_KNOTS('',1,1,(
    (#4937,#4938)
    ,(#4939,#4940
    )),.UNSPECIFIED.,.F.,.F.,.F.,(2,2),(2,2),(0.,138.),(0.,1.),
  .PIECEWISE_BEZIER_KNOTS.);
#4937 = CARTESIAN_POINT('',(-12.001,144.,1.51));
#4938 = CARTESIAN_POINT('',(-15.401,140.6,4.91));
#4939 = CARTESIAN_POINT('',(-12.001,6.,1.51));
#4940 = CARTESIAN_POINT('',(-15.401,9.4,4.91));
#4941 = ADVANCED_FACE('',(#4942),#4968,.T.);
#4942 = FACE_BOUND('',#4943,.T.);
#4943 = EDGE_LOOP('',(#4944,#4952,#4953,#4954,#4962));
#4944 = ORIENTED_EDGE('',*,*,#4945,.T.);
#4945 = EDGE_CURVE('',#4946,#4901,#4948,.T.);
#4946 = VERTEX_POINT('',#4947);
#4947 = CARTESIAN_POINT('',(-15.29072666,32.48972666,4.9));
#4948 = LINE('',#4949,#4950);
#4949 = CARTESIAN_POINT('',(-15.29072666,32.48972666,4.905));
#4950 = VECTOR('',#4951,1.);
#4951 = DIRECTION('',(0.,-0.,-1.));
#4952 = ORIENTED_EDGE('',*,*,#4900,.F.);
#4953 = ORIENTED_EDGE('',*,*,#1483,.F.);
#4954 = ORIENTED_EDGE('',*,*,#4955,.F.);
#4955 = EDGE_CURVE('',#4956,#1476,#4958,.T.);
#4956 = VERTEX_POINT('',#4957);
#4957 = CARTESIAN_POINT('',(-12.001,29.2,4.9));
#4958 = LINE('',#4959,#4960);
#4959 = CARTESIAN_POINT('',(-12.001,29.2,4.91));
#4960 = VECTOR('',#4961,1.);
#4961 = DIRECTION('',(-0.,-0.,-1.));
#4962 = ORIENTED_EDGE('',*,*,#4963,.F.);
#4963 = EDGE_CURVE('',#4946,#4956,#4964,.T.);
#4964 = LINE('',#4965,#4966);
#4965 = CARTESIAN_POINT('',(-37.48750367512,54.686503675129,4.9));
#4966 = VECTOR('',#4967,1.);
#4967 = DIRECTION('',(0.707106781187,-0.707106781187,0.));
#4968 = PLANE('',#4969);
#4969 = AXIS2_PLACEMENT_3D('',#4970,#4971,#4972);
#4970 = CARTESIAN_POINT('',(-15.401,32.6,4.91));
#4971 = DIRECTION('',(-0.707106781187,-0.707106781187,0.));
#4972 = DIRECTION('',(0.707106781187,-0.707106781187,0.));
#4973 = ADVANCED_FACE('',(#4974),#4992,.T.);
#4974 = FACE_BOUND('',#4975,.T.);
#4975 = EDGE_LOOP('',(#4976,#4984,#4985,#4986));
#4976 = ORIENTED_EDGE('',*,*,#4977,.F.);
#4977 = EDGE_CURVE('',#4956,#4978,#4980,.T.);
#4978 = VERTEX_POINT('',#4979);
#4979 = CARTESIAN_POINT('',(-12.001,38.3,4.9));
#4980 = LINE('',#4981,#4982);
#4981 = CARTESIAN_POINT('',(-12.001,55.160965257236,4.9));
#4982 = VECTOR('',#4983,1.);
#4983 = DIRECTION('',(0.,1.,0.));
#4984 = ORIENTED_EDGE('',*,*,#4955,.T.);
#4985 = ORIENTED_EDGE('',*,*,#1475,.F.);
#4986 = ORIENTED_EDGE('',*,*,#4987,.F.);
#4987 = EDGE_CURVE('',#4978,#1468,#4988,.T.);
#4988 = LINE('',#4989,#4990);
#4989 = CARTESIAN_POINT('',(-12.001,38.3,4.91));
#4990 = VECTOR('',#4991,1.);
#4991 = DIRECTION('',(-0.,-0.,-1.));
#4992 = PLANE('',#4993);
#4993 = AXIS2_PLACEMENT_3D('',#4994,#4995,#4996);
#4994 = CARTESIAN_POINT('',(-12.001,29.2,4.91));
#4995 = DIRECTION('',(1.,0.,0.));
#4996 = DIRECTION('',(0.,1.,0.));
#4997 = ADVANCED_FACE('',(#4998),#5035,.T.);
#4998 = FACE_BOUND('',#4999,.T.);
#4999 = EDGE_LOOP('',(#5000,#5008,#5009,#5010,#5029));
#5000 = ORIENTED_EDGE('',*,*,#5001,.F.);
#5001 = EDGE_CURVE('',#4978,#5002,#5004,.T.);
#5002 = VERTEX_POINT('',#5003);
#5003 = CARTESIAN_POINT('',(-15.29072666,35.01027334,4.9));
#5004 = LINE('',#5005,#5006);
#5005 = CARTESIAN_POINT('',(-12.10153841789,38.199461582107,4.9));
#5006 = VECTOR('',#5007,1.);
#5007 = DIRECTION('',(-0.707106781187,-0.707106781187,0.));
#5008 = ORIENTED_EDGE('',*,*,#4987,.T.);
#5009 = ORIENTED_EDGE('',*,*,#1467,.F.);
#5010 = ORIENTED_EDGE('',*,*,#5011,.T.);
#5011 = EDGE_CURVE('',#1461,#5012,#5014,.T.);
#5012 = VERTEX_POINT('',#5013);
#5013 = CARTESIAN_POINT('',(-15.29072666,35.01027334,4.79972666));
#5014 = B_SPLINE_CURVE_WITH_KNOTS('',4,(#5015,#5016,#5017,#5018,#5019,
    #5020,#5021,#5022,#5023,#5024,#5025,#5026,#5027,#5028),
  .UNSPECIFIED.,.F.,.F.,(5,3,3,3,5),(0.,0.245734301953,0.494206256327,
    0.7455604044,1.),.UNSPECIFIED.);
#5015 = CARTESIAN_POINT('',(-12.001,38.3,1.51));
#5016 = CARTESIAN_POINT('',(-12.21463984855,38.086360151449,
    1.723639848551));
#5017 = CARTESIAN_POINT('',(-12.42751782518,37.873482174814,
    1.936517825186));
#5018 = CARTESIAN_POINT('',(-12.63962663911,37.661373360884,
    2.148626639116));
#5019 = CARTESIAN_POINT('',(-13.06464639868,37.236353601318,
    2.573646398682));
#5020 = CARTESIAN_POINT('',(-13.27753995604,37.023460043955,
    2.786539956045));
#5021 = CARTESIAN_POINT('',(-13.48963278976,36.811367210231,
    2.998632789769));
#5022 = CARTESIAN_POINT('',(-13.91465417724,36.386345822752,
    3.423654177248));
#5023 = CARTESIAN_POINT('',(-14.12756388885,36.173436111146,
    3.636563888854));
#5024 = CARTESIAN_POINT('',(-14.33964012101,35.961359878982,
    3.848640121018));
#5025 = CARTESIAN_POINT('',(-14.76470529008,35.536294709914,
    4.273705290086));
#5026 = CARTESIAN_POINT('',(-14.97767347582,35.323326524171,
    4.486673475829));
#5027 = CARTESIAN_POINT('',(-15.18977385997,35.111226140023,
    4.698773859977));
#5028 = CARTESIAN_POINT('',(-15.401,34.9,4.91));
#5029 = ORIENTED_EDGE('',*,*,#5030,.T.);
#5030 = EDGE_CURVE('',#5012,#5002,#5031,.T.);
#5031 = LINE('',#5032,#5033);
#5032 = CARTESIAN_POINT('',(-15.29072666,35.01027334,4.905));
#5033 = VECTOR('',#5034,1.);
#5034 = DIRECTION('',(0.,-0.,1.));
#5035 = PLANE('',#5036);
#5036 = AXIS2_PLACEMENT_3D('',#5037,#5038,#5039);
#5037 = CARTESIAN_POINT('',(-12.001,38.3,4.91));
#5038 = DIRECTION('',(-0.707106781187,0.707106781187,0.));
#5039 = DIRECTION('',(-0.707106781187,-0.707106781187,0.));
#5040 = ADVANCED_FACE('',(#5041),#5078,.F.);
#5041 = FACE_BOUND('',#5042,.F.);
#5042 = EDGE_LOOP('',(#5043,#5060,#5061,#5062,#5069,#5077));
#5043 = ORIENTED_EDGE('',*,*,#5044,.F.);
#5044 = EDGE_CURVE('',#1453,#2985,#5045,.T.);
#5045 = B_SPLINE_CURVE_WITH_KNOTS('',4,(#5046,#5047,#5048,#5049,#5050,
    #5051,#5052,#5053,#5054,#5055,#5056,#5057,#5058,#5059),
  .UNSPECIFIED.,.F.,.F.,(5,3,3,3,5),(0.,0.249066729132,0.498723952559,
    0.749008394385,1.),.UNSPECIFIED.);
#5046 = CARTESIAN_POINT('',(-12.001,44.3,1.51));
#5047 = CARTESIAN_POINT('',(-12.2137340909,44.512734090906,
    1.722734090906));
#5048 = CARTESIAN_POINT('',(-12.42630943536,44.725309435365,
    1.935309435365));
#5049 = CARTESIAN_POINT('',(-12.63872185107,44.937721851075,
    2.147721851075));
#5050 = CARTESIAN_POINT('',(-13.06371518366,45.362715183664,
    2.572715183664));
#5051 = CARTESIAN_POINT('',(-13.2762953055,45.575295305508,
    2.785295305508));
#5052 = CARTESIAN_POINT('',(-13.48870283427,45.787702834272,
    2.997702834272));
#5053 = CARTESIAN_POINT('',(-13.9136964935,46.212696493501,
    3.422696493501));
#5054 = CARTESIAN_POINT('',(-14.12628173139,46.425281731397,
    3.635281731397));
#5055 = CARTESIAN_POINT('',(-14.3386840461,46.637684046107,
    3.847684046107));
#5056 = CARTESIAN_POINT('',(-14.76371242479,47.062712424798,
    4.272712424798));
#5057 = CARTESIAN_POINT('',(-14.9763374247,47.275337424707,
    4.485337424707));
#5058 = CARTESIAN_POINT('',(-15.18876839136,47.487768391365,
    4.697768391365));
#5059 = CARTESIAN_POINT('',(-15.401,47.7,4.91));
#5060 = ORIENTED_EDGE('',*,*,#1460,.F.);
#5061 = ORIENTED_EDGE('',*,*,#5011,.T.);
#5062 = ORIENTED_EDGE('',*,*,#5063,.T.);
#5063 = EDGE_CURVE('',#5012,#5064,#5066,.T.);
#5064 = VERTEX_POINT('',#5065);
#5065 = CARTESIAN_POINT('',(-15.29072666,47.42851257,4.79972666));
#5066 = B_SPLINE_CURVE_WITH_KNOTS('',1,(#5067,#5068),.UNSPECIFIED.,.F.,
  .F.,(2,2),(0.,1.),.PIECEWISE_BEZIER_KNOTS.);
#5067 = CARTESIAN_POINT('',(-15.29072666,34.832224485826,4.79972666));
#5068 = CARTESIAN_POINT('',(-15.29072666,47.42851257,4.79972666));
#5069 = ORIENTED_EDGE('',*,*,#5070,.F.);
#5070 = EDGE_CURVE('',#2977,#5064,#5071,.T.);
#5071 = B_SPLINE_CURVE_WITH_KNOTS('',4,(#5072,#5073,#5074,#5075,#5076),
  .UNSPECIFIED.,.F.,.F.,(5,5),(0.,1.),.PIECEWISE_BEZIER_KNOTS.);
#5072 = CARTESIAN_POINT('',(-15.391,47.42851257,4.9));
#5073 = CARTESIAN_POINT('',(-15.36593493711,47.42851257,4.874934937112)
  );
#5074 = CARTESIAN_POINT('',(-15.34086769489,47.42851257,4.84986769489));
#5075 = CARTESIAN_POINT('',(-15.3157982585,47.42851257,4.824798258502));
#5076 = CARTESIAN_POINT('',(-15.29072666,47.42851257,4.79972666));
#5077 = ORIENTED_EDGE('',*,*,#2984,.T.);
#5078 = B_SPLINE_SURFACE_WITH_KNOTS('',1,1,(
    (#5079,#5080)
    ,(#5081,#5082
    )),.UNSPECIFIED.,.F.,.F.,.F.,(2,2),(2,2),(0.,138.),(0.,1.),
  .PIECEWISE_BEZIER_KNOTS.);
#5079 = CARTESIAN_POINT('',(-12.001,144.,1.51));
#5080 = CARTESIAN_POINT('',(-15.401,140.6,4.91));
#5081 = CARTESIAN_POINT('',(-12.001,6.,1.51));
#5082 = CARTESIAN_POINT('',(-15.401,9.4,4.91));
#5083 = ADVANCED_FACE('',(#5084),#5095,.F.);
#5084 = FACE_BOUND('',#5085,.F.);
#5085 = EDGE_LOOP('',(#5086,#5087,#5093,#5094));
#5086 = ORIENTED_EDGE('',*,*,#2991,.F.);
#5087 = ORIENTED_EDGE('',*,*,#5088,.T.);
#5088 = EDGE_CURVE('',#2992,#1445,#5089,.T.);
#5089 = LINE('',#5090,#5091);
#5090 = CARTESIAN_POINT('',(-12.001,44.3,4.91));
#5091 = VECTOR('',#5092,1.);
#5092 = DIRECTION('',(-0.,-0.,-1.));
#5093 = ORIENTED_EDGE('',*,*,#1452,.F.);
#5094 = ORIENTED_EDGE('',*,*,#5044,.T.);
#5095 = PLANE('',#5096);
#5096 = AXIS2_PLACEMENT_3D('',#5097,#5098,#5099);
#5097 = CARTESIAN_POINT('',(-12.001,44.3,4.91));
#5098 = DIRECTION('',(0.707106781187,0.707106781187,0.));
#5099 = DIRECTION('',(-0.707106781187,0.707106781187,0.));
#5100 = ADVANCED_FACE('',(#5101),#5112,.F.);
#5101 = FACE_BOUND('',#5102,.F.);
#5102 = EDGE_LOOP('',(#5103,#5104,#5110,#5111));
#5103 = ORIENTED_EDGE('',*,*,#2999,.F.);
#5104 = ORIENTED_EDGE('',*,*,#5105,.T.);
#5105 = EDGE_CURVE('',#3000,#1437,#5106,.T.);
#5106 = LINE('',#5107,#5108);
#5107 = CARTESIAN_POINT('',(-12.001,53.399999999643,4.91));
#5108 = VECTOR('',#5109,1.);
#5109 = DIRECTION('',(-0.,-0.,-1.));
#5110 = ORIENTED_EDGE('',*,*,#1444,.F.);
#5111 = ORIENTED_EDGE('',*,*,#5088,.F.);
#5112 = PLANE('',#5113);
#5113 = AXIS2_PLACEMENT_3D('',#5114,#5115,#5116);
#5114 = CARTESIAN_POINT('',(-12.001,53.399999999643,4.91));
#5115 = DIRECTION('',(-1.,0.,0.));
#5116 = DIRECTION('',(0.,-1.,0.));
#5117 = ADVANCED_FACE('',(#5118),#5140,.F.);
#5118 = FACE_BOUND('',#5119,.F.);
#5119 = EDGE_LOOP('',(#5120,#5121,#5138,#5139));
#5120 = ORIENTED_EDGE('',*,*,#3007,.F.);
#5121 = ORIENTED_EDGE('',*,*,#5122,.F.);
#5122 = EDGE_CURVE('',#1430,#3008,#5123,.T.);
#5123 = B_SPLINE_CURVE_WITH_KNOTS('',4,(#5124,#5125,#5126,#5127,#5128,
    #5129,#5130,#5131,#5132,#5133,#5134,#5135,#5136,#5137),
  .UNSPECIFIED.,.F.,.F.,(5,3,3,3,5),(0.,0.246434023148,0.495152434418,
    0.746280352575,1.),.UNSPECIFIED.);
#5124 = CARTESIAN_POINT('',(-12.001,53.399999999643,1.51));
#5125 = CARTESIAN_POINT('',(-12.21444480167,53.186555197992,
    1.723444801674));
#5126 = CARTESIAN_POINT('',(-12.4272585728,52.973741426878,
    1.936258572809));
#5127 = CARTESIAN_POINT('',(-12.63943298333,52.761567016373,
    2.148432983337));
#5128 = CARTESIAN_POINT('',(-13.06444747374,52.336552526014,
    2.573447473741));
#5129 = CARTESIAN_POINT('',(-13.27727549367,52.123724506102,
    2.786275493675));
#5130 = CARTESIAN_POINT('',(-13.48943544667,51.911564553129,
    2.99843544667));
#5131 = CARTESIAN_POINT('',(-13.91445144885,51.486548550986,
    3.423451448857));
#5132 = CARTESIAN_POINT('',(-14.12729433155,51.273705668313,
    3.636294331553));
#5133 = CARTESIAN_POINT('',(-14.33943918011,51.061560819771,
    3.848439180118));
#5134 = CARTESIAN_POINT('',(-14.76449828753,50.636501712397,
    4.273498287536));
#5135 = CARTESIAN_POINT('',(-14.97739789302,50.423602106935,
    4.48639789302));
#5136 = CARTESIAN_POINT('',(-15.18956790878,50.211432091192,
    4.698567908786));
#5137 = CARTESIAN_POINT('',(-15.401,50.,4.91));
#5138 = ORIENTED_EDGE('',*,*,#1436,.F.);
#5139 = ORIENTED_EDGE('',*,*,#5105,.F.);
#5140 = PLANE('',#5141);
#5141 = AXIS2_PLACEMENT_3D('',#5142,#5143,#5144);
#5142 = CARTESIAN_POINT('',(-15.401,50.,4.91));
#5143 = DIRECTION('',(0.707106781149,-0.707106781224,0.));
#5144 = DIRECTION('',(0.707106781224,0.707106781149,0.));
#5145 = ADVANCED_FACE('',(#5146),#5162,.F.);
#5146 = FACE_BOUND('',#5147,.F.);
#5147 = EDGE_LOOP('',(#5148,#5149,#5150,#5151));
#5148 = ORIENTED_EDGE('',*,*,#1429,.F.);
#5149 = ORIENTED_EDGE('',*,*,#5122,.T.);
#5150 = ORIENTED_EDGE('',*,*,#3015,.T.);
#5151 = ORIENTED_EDGE('',*,*,#5152,.F.);
#5152 = EDGE_CURVE('',#1422,#3016,#5153,.T.);
#5153 = B_SPLINE_CURVE_WITH_KNOTS('',4,(#5154,#5155,#5156,#5157,#5158,
    #5159,#5160,#5161),.UNSPECIFIED.,.F.,.F.,(5,3,5),(0.,0.609339936718,
    1.),.UNSPECIFIED.);
#5154 = CARTESIAN_POINT('',(-12.291,57.85,1.8));
#5155 = CARTESIAN_POINT('',(-12.76543867846,57.85,2.274438678464));
#5156 = CARTESIAN_POINT('',(-13.23962198807,57.85,2.748621988079));
#5157 = CARTESIAN_POINT('',(-13.71353316663,57.85,3.22253316663));
#5158 = CARTESIAN_POINT('',(-14.4907996385,57.85,3.999799638506));
#5159 = CARTESIAN_POINT('',(-14.79432671248,57.85,4.303326712489));
#5160 = CARTESIAN_POINT('',(-15.09772873314,57.85,4.606728733142));
#5161 = CARTESIAN_POINT('',(-15.401,57.85,4.91));
#5162 = B_SPLINE_SURFACE_WITH_KNOTS('',1,1,(
    (#5163,#5164)
    ,(#5165,#5166
    )),.UNSPECIFIED.,.F.,.F.,.F.,(2,2),(2,2),(0.,138.),(0.,1.),
  .PIECEWISE_BEZIER_KNOTS.);
#5163 = CARTESIAN_POINT('',(-12.001,144.,1.51));
#5164 = CARTESIAN_POINT('',(-15.401,140.6,4.91));
#5165 = CARTESIAN_POINT('',(-12.001,6.,1.51));
#5166 = CARTESIAN_POINT('',(-15.401,9.4,4.91));
#5167 = ADVANCED_FACE('',(#5168),#5202,.T.);
#5168 = FACE_BOUND('',#5169,.T.);
#5169 = EDGE_LOOP('',(#5170,#5171,#5172,#5180,#5188,#5194,#5195,#5201));
#5170 = ORIENTED_EDGE('',*,*,#5152,.F.);
#5171 = ORIENTED_EDGE('',*,*,#1421,.T.);
#5172 = ORIENTED_EDGE('',*,*,#5173,.T.);
#5173 = EDGE_CURVE('',#1414,#5174,#5176,.T.);
#5174 = VERTEX_POINT('',#5175);
#5175 = CARTESIAN_POINT('',(-13.986,57.85,2.4));
#5176 = LINE('',#5177,#5178);
#5177 = CARTESIAN_POINT('',(-13.986,57.85,1.8));
#5178 = VECTOR('',#5179,1.);
#5179 = DIRECTION('',(0.,0.,1.));
#5180 = ORIENTED_EDGE('',*,*,#5181,.F.);
#5181 = EDGE_CURVE('',#5182,#5174,#5184,.T.);
#5182 = VERTEX_POINT('',#5183);
#5183 = CARTESIAN_POINT('',(-27.4596376,57.85,2.4));
#5184 = LINE('',#5185,#5186);
#5185 = CARTESIAN_POINT('',(-27.4596376,57.85,2.4));
#5186 = VECTOR('',#5187,1.);
#5187 = DIRECTION('',(1.,5.3E-16,0.));
#5188 = ORIENTED_EDGE('',*,*,#5189,.F.);
#5189 = EDGE_CURVE('',#1785,#5182,#5190,.T.);
#5190 = LINE('',#5191,#5192);
#5191 = CARTESIAN_POINT('',(-27.4596376,57.85,1.8));
#5192 = VECTOR('',#5193,1.);
#5193 = DIRECTION('',(0.,0.,1.));
#5194 = ORIENTED_EDGE('',*,*,#1784,.T.);
#5195 = ORIENTED_EDGE('',*,*,#5196,.F.);
#5196 = EDGE_CURVE('',#3023,#1787,#5197,.T.);
#5197 = LINE('',#5198,#5199);
#5198 = CARTESIAN_POINT('',(-40.4596376,57.85,1.9));
#5199 = VECTOR('',#5200,1.);
#5200 = DIRECTION('',(-0.,-0.,-1.));
#5201 = ORIENTED_EDGE('',*,*,#3022,.T.);
#5202 = PLANE('',#5203);
#5203 = AXIS2_PLACEMENT_3D('',#5204,#5205,#5206);
#5204 = CARTESIAN_POINT('',(-21.36548948285,57.85,3.328874108241));
#5205 = DIRECTION('',(0.,1.,-7.5E-16));
#5206 = DIRECTION('',(0.,7.5E-16,1.));
#5207 = ADVANCED_FACE('',(#5208),#5226,.T.);
#5208 = FACE_BOUND('',#5209,.T.);
#5209 = EDGE_LOOP('',(#5210,#5211,#5212,#5220));
#5210 = ORIENTED_EDGE('',*,*,#5173,.F.);
#5211 = ORIENTED_EDGE('',*,*,#1413,.T.);
#5212 = ORIENTED_EDGE('',*,*,#5213,.T.);
#5213 = EDGE_CURVE('',#1406,#5214,#5216,.T.);
#5214 = VERTEX_POINT('',#5215);
#5215 = CARTESIAN_POINT('',(-13.986,67.35,2.4));
#5216 = LINE('',#5217,#5218);
#5217 = CARTESIAN_POINT('',(-13.986,67.35,2.493940007198));
#5218 = VECTOR('',#5219,1.);
#5219 = DIRECTION('',(0.,-9.1E-16,1.));
#5220 = ORIENTED_EDGE('',*,*,#5221,.T.);
#5221 = EDGE_CURVE('',#5214,#5174,#5222,.T.);
#5222 = LINE('',#5223,#5224);
#5223 = CARTESIAN_POINT('',(-13.986,67.35,2.4));
#5224 = VECTOR('',#5225,1.);
#5225 = DIRECTION('',(0.,-1.,0.));
#5226 = PLANE('',#5227);
#5227 = AXIS2_PLACEMENT_3D('',#5228,#5229,#5230);
#5228 = CARTESIAN_POINT('',(-13.986,75.,2.1));
#5229 = DIRECTION('',(1.,0.,0.));
#5230 = DIRECTION('',(0.,0.,1.));
#5231 = ADVANCED_FACE('',(#5232),#5271,.T.);
#5232 = FACE_BOUND('',#5233,.T.);
#5233 = EDGE_LOOP('',(#5234,#5247,#5255,#5263,#5269,#5270));
#5234 = ORIENTED_EDGE('',*,*,#5235,.T.);
#5235 = EDGE_CURVE('',#1399,#5236,#5238,.T.);
#5236 = VERTEX_POINT('',#5237);
#5237 = CARTESIAN_POINT('',(-14.291,67.35,3.8));
#5238 = B_SPLINE_CURVE_WITH_KNOTS('',4,(#5239,#5240,#5241,#5242,#5243,
    #5244,#5245,#5246),.UNSPECIFIED.,.F.,.F.,(5,3,5),(0.,0.502492828787,
    1.),.UNSPECIFIED.);
#5239 = CARTESIAN_POINT('',(-12.291,67.35,1.8));
#5240 = CARTESIAN_POINT('',(-12.68180198962,67.35,2.19080198962));
#5241 = CARTESIAN_POINT('',(-13.07256867733,67.35,2.581568677336));
#5242 = CARTESIAN_POINT('',(-13.46329807827,67.35,2.972298078272));
#5243 = CARTESIAN_POINT('',(-14.24080139692,67.35,3.749801396925));
#5244 = CARTESIAN_POINT('',(-14.62757609341,67.35,4.136576093416));
#5245 = CARTESIAN_POINT('',(-15.01430980453,67.35,4.523309804537));
#5246 = CARTESIAN_POINT('',(-15.401,67.35,4.91));
#5247 = ORIENTED_EDGE('',*,*,#5248,.T.);
#5248 = EDGE_CURVE('',#5236,#5249,#5251,.T.);
#5249 = VERTEX_POINT('',#5250);
#5250 = CARTESIAN_POINT('',(-15.5435,67.35,3.8));
#5251 = LINE('',#5252,#5253);
#5252 = CARTESIAN_POINT('',(-13.9435,67.35,3.8));
#5253 = VECTOR('',#5254,1.);
#5254 = DIRECTION('',(-1.,0.,0.));
#5255 = ORIENTED_EDGE('',*,*,#5256,.F.);
#5256 = EDGE_CURVE('',#5257,#5249,#5259,.T.);
#5257 = VERTEX_POINT('',#5258);
#5258 = CARTESIAN_POINT('',(-16.9435,67.35,2.4));
#5259 = LINE('',#5260,#5261);
#5260 = CARTESIAN_POINT('',(-15.10168086316,67.35,4.241819136839));
#5261 = VECTOR('',#5262,1.);
#5262 = DIRECTION('',(0.707106781187,-1.35E-15,0.707106781187));
#5263 = ORIENTED_EDGE('',*,*,#5264,.T.);
#5264 = EDGE_CURVE('',#5257,#5214,#5265,.T.);
#5265 = LINE('',#5266,#5267);
#5266 = CARTESIAN_POINT('',(-16.34631101918,67.35,2.4));
#5267 = VECTOR('',#5268,1.);
#5268 = DIRECTION('',(1.,0.,0.));
#5269 = ORIENTED_EDGE('',*,*,#5213,.F.);
#5270 = ORIENTED_EDGE('',*,*,#1405,.T.);
#5271 = PLANE('',#5272);
#5272 = AXIS2_PLACEMENT_3D('',#5273,#5274,#5275);
#5273 = CARTESIAN_POINT('',(-9.616388189143,67.35,3.147271517686));
#5274 = DIRECTION('',(-3.8E-16,-1.,-1.53E-15));
#5275 = DIRECTION('',(0.,1.53E-15,-1.));
#5276 = ADVANCED_FACE('',(#5277),#5305,.F.);
#5277 = FACE_BOUND('',#5278,.F.);
#5278 = EDGE_LOOP('',(#5279,#5298,#5299,#5300));
#5279 = ORIENTED_EDGE('',*,*,#5280,.F.);
#5280 = EDGE_CURVE('',#1391,#5281,#5283,.T.);
#5281 = VERTEX_POINT('',#5282);
#5282 = CARTESIAN_POINT('',(-14.291,72.689999999397,3.8));
#5283 = B_SPLINE_CURVE_WITH_KNOTS('',4,(#5284,#5285,#5286,#5287,#5288,
    #5289,#5290,#5291,#5292,#5293,#5294,#5295,#5296,#5297),
  .UNSPECIFIED.,.F.,.F.,(5,3,3,3,5),(0.,0.247776920933,0.496971778645,
    0.747667601936,1.),.UNSPECIFIED.);
#5284 = CARTESIAN_POINT('',(-12.001,70.399999999643,1.51));
#5285 = CARTESIAN_POINT('',(-12.21407750125,70.613077500871,
    1.723077501251));
#5286 = CARTESIAN_POINT('',(-12.42676878271,70.82576878231,
    1.935768782713));
#5287 = CARTESIAN_POINT('',(-12.63906611691,71.038066116489,
    2.148066116914));
#5288 = CARTESIAN_POINT('',(-13.0640696448,71.463069644334,
    2.573069644806));
#5289 = CARTESIAN_POINT('',(-13.27677122616,71.675771225671,
    2.785771226165));
#5290 = CARTESIAN_POINT('',(-13.48905826457,71.888058264056,
    2.998058264573));
#5291 = CARTESIAN_POINT('',(-13.9140628717,72.31306287114,3.423062871703
    ));
#5292 = CARTESIAN_POINT('',(-14.12677533236,72.525775331783,
    3.635775332369));
#5293 = CARTESIAN_POINT('',(-14.33905149443,72.738051493821,
    3.84805149443));
#5294 = CARTESIAN_POINT('',(-14.76409692821,73.16309692756,
    4.273096928215));
#5295 = CARTESIAN_POINT('',(-14.97686037313,73.375860372454,
    4.485860373131));
#5296 = CARTESIAN_POINT('',(-15.18916436806,73.588164367363,
    4.698164368063));
#5297 = CARTESIAN_POINT('',(-15.401,73.799999999277,4.91));
#5298 = ORIENTED_EDGE('',*,*,#1398,.F.);
#5299 = ORIENTED_EDGE('',*,*,#5235,.T.);
#5300 = ORIENTED_EDGE('',*,*,#5301,.T.);
#5301 = EDGE_CURVE('',#5236,#5281,#5302,.T.);
#5302 = B_SPLINE_CURVE_WITH_KNOTS('',1,(#5303,#5304),.UNSPECIFIED.,.F.,
  .F.,(2,2),(0.,1.),.PIECEWISE_BEZIER_KNOTS.);
#5303 = CARTESIAN_POINT('',(-14.291,67.35,3.8));
#5304 = CARTESIAN_POINT('',(-14.291,73.780068286639,3.8));
#5305 = B_SPLINE_SURFACE_WITH_KNOTS('',1,1,(
    (#5306,#5307)
    ,(#5308,#5309
    )),.UNSPECIFIED.,.F.,.F.,.F.,(2,2),(2,2),(0.,138.),(0.,1.),
  .PIECEWISE_BEZIER_KNOTS.);
#5306 = CARTESIAN_POINT('',(-12.001,144.,1.51));
#5307 = CARTESIAN_POINT('',(-15.401,140.6,4.91));
#5308 = CARTESIAN_POINT('',(-12.001,6.,1.51));
#5309 = CARTESIAN_POINT('',(-15.401,9.4,4.91));
#5310 = ADVANCED_FACE('',(#5311),#5329,.F.);
#5311 = FACE_BOUND('',#5312,.F.);
#5312 = EDGE_LOOP('',(#5313,#5321,#5327,#5328));
#5313 = ORIENTED_EDGE('',*,*,#5314,.F.);
#5314 = EDGE_CURVE('',#5315,#5281,#5317,.T.);
#5315 = VERTEX_POINT('',#5316);
#5316 = CARTESIAN_POINT('',(-12.001,70.399999999643,3.8));
#5317 = LINE('',#5318,#5319);
#5318 = CARTESIAN_POINT('',(-13.42918750011,71.828187499608,3.8));
#5319 = VECTOR('',#5320,1.);
#5320 = DIRECTION('',(-0.707106781225,0.707106781148,0.));
#5321 = ORIENTED_EDGE('',*,*,#5322,.T.);
#5322 = EDGE_CURVE('',#5315,#1383,#5323,.T.);
#5323 = LINE('',#5324,#5325);
#5324 = CARTESIAN_POINT('',(-12.001,70.399999999643,4.91));
#5325 = VECTOR('',#5326,1.);
#5326 = DIRECTION('',(-0.,-0.,-1.));
#5327 = ORIENTED_EDGE('',*,*,#1390,.F.);
#5328 = ORIENTED_EDGE('',*,*,#5280,.T.);
#5329 = PLANE('',#5330);
#5330 = AXIS2_PLACEMENT_3D('',#5331,#5332,#5333);
#5331 = CARTESIAN_POINT('',(-12.001,70.399999999643,4.91));
#5332 = DIRECTION('',(0.707106781148,0.707106781225,0.));
#5333 = DIRECTION('',(-0.707106781225,0.707106781148,0.));
#5334 = ADVANCED_FACE('',(#5335),#5353,.F.);
#5335 = FACE_BOUND('',#5336,.F.);
#5336 = EDGE_LOOP('',(#5337,#5345,#5351,#5352));
#5337 = ORIENTED_EDGE('',*,*,#5338,.F.);
#5338 = EDGE_CURVE('',#5339,#5315,#5341,.T.);
#5339 = VERTEX_POINT('',#5340);
#5340 = CARTESIAN_POINT('',(-12.001,79.599999999277,3.8));
#5341 = LINE('',#5342,#5343);
#5342 = CARTESIAN_POINT('',(-12.001,77.299999999638,3.8));
#5343 = VECTOR('',#5344,1.);
#5344 = DIRECTION('',(0.,-1.,0.));
#5345 = ORIENTED_EDGE('',*,*,#5346,.T.);
#5346 = EDGE_CURVE('',#5339,#1375,#5347,.T.);
#5347 = LINE('',#5348,#5349);
#5348 = CARTESIAN_POINT('',(-12.001,79.599999999277,4.91));
#5349 = VECTOR('',#5350,1.);
#5350 = DIRECTION('',(-0.,-0.,-1.));
#5351 = ORIENTED_EDGE('',*,*,#1382,.F.);
#5352 = ORIENTED_EDGE('',*,*,#5322,.F.);
#5353 = PLANE('',#5354);
#5354 = AXIS2_PLACEMENT_3D('',#5355,#5356,#5357);
#5355 = CARTESIAN_POINT('',(-12.001,79.599999999277,4.91));
#5356 = DIRECTION('',(-1.,0.,0.));
#5357 = DIRECTION('',(0.,-1.,0.));
#5358 = ADVANCED_FACE('',(#5359),#5388,.F.);
#5359 = FACE_BOUND('',#5360,.F.);
#5360 = EDGE_LOOP('',(#5361,#5369,#5386,#5387));
#5361 = ORIENTED_EDGE('',*,*,#5362,.F.);
#5362 = EDGE_CURVE('',#5363,#5339,#5365,.T.);
#5363 = VERTEX_POINT('',#5364);
#5364 = CARTESIAN_POINT('',(-14.291,77.309999999277,3.8));
#5365 = LINE('',#5366,#5367);
#5366 = CARTESIAN_POINT('',(-15.12918749981,76.471812499458,3.8));
#5367 = VECTOR('',#5368,1.);
#5368 = DIRECTION('',(0.707106781187,0.707106781187,-0.));
#5369 = ORIENTED_EDGE('',*,*,#5370,.F.);
#5370 = EDGE_CURVE('',#1368,#5363,#5371,.T.);
#5371 = B_SPLINE_CURVE_WITH_KNOTS('',4,(#5372,#5373,#5374,#5375,#5376,
    #5377,#5378,#5379,#5380,#5381,#5382,#5383,#5384,#5385),
  .UNSPECIFIED.,.F.,.F.,(5,3,3,3,5),(0.,0.247776920933,0.496971778644,
    0.747667601935,1.),.UNSPECIFIED.);
#5372 = CARTESIAN_POINT('',(-12.001,79.599999999277,1.51));
#5373 = CARTESIAN_POINT('',(-12.21407750125,79.386922498026,
    1.723077501251));
#5374 = CARTESIAN_POINT('',(-12.42676878271,79.174231216564,
    1.935768782713));
#5375 = CARTESIAN_POINT('',(-12.63906611691,78.961933882363,
    2.148066116914));
#5376 = CARTESIAN_POINT('',(-13.0640696448,78.536930354471,
    2.573069644806));
#5377 = CARTESIAN_POINT('',(-13.27677122616,78.324228773111,
    2.785771226165));
#5378 = CARTESIAN_POINT('',(-13.48905826457,78.111941734704,
    2.998058264573));
#5379 = CARTESIAN_POINT('',(-13.9140628717,77.686937127574,
    3.423062871703));
#5380 = CARTESIAN_POINT('',(-14.12677533236,77.474224666908,
    3.635775332369));
#5381 = CARTESIAN_POINT('',(-14.33905149443,77.261948504847,
    3.84805149443));
#5382 = CARTESIAN_POINT('',(-14.76409692821,76.836903071062,
    4.273096928215));
#5383 = CARTESIAN_POINT('',(-14.97686037313,76.624139626146,
    4.485860373131));
#5384 = CARTESIAN_POINT('',(-15.18916436806,76.411835631213,
    4.698164368064));
#5385 = CARTESIAN_POINT('',(-15.401,76.199999999277,4.91));
#5386 = ORIENTED_EDGE('',*,*,#1374,.F.);
#5387 = ORIENTED_EDGE('',*,*,#5346,.F.);
#5388 = PLANE('',#5389);
#5389 = AXIS2_PLACEMENT_3D('',#5390,#5391,#5392);
#5390 = CARTESIAN_POINT('',(-15.401,76.199999999277,4.91));
#5391 = DIRECTION('',(0.707106781187,-0.707106781187,0.));
#5392 = DIRECTION('',(0.707106781187,0.707106781187,0.));
#5393 = ADVANCED_FACE('',(#5394),#5416,.F.);
#5394 = FACE_BOUND('',#5395,.F.);
#5395 = EDGE_LOOP('',(#5396,#5397,#5398,#5405));
#5396 = ORIENTED_EDGE('',*,*,#1367,.F.);
#5397 = ORIENTED_EDGE('',*,*,#5370,.T.);
#5398 = ORIENTED_EDGE('',*,*,#5399,.T.);
#5399 = EDGE_CURVE('',#5363,#5400,#5402,.T.);
#5400 = VERTEX_POINT('',#5401);
#5401 = CARTESIAN_POINT('',(-14.291,82.65,3.8));
#5402 = B_SPLINE_CURVE_WITH_KNOTS('',1,(#5403,#5404),.UNSPECIFIED.,.F.,
  .F.,(2,2),(0.,1.),.PIECEWISE_BEZIER_KNOTS.);
#5403 = CARTESIAN_POINT('',(-14.291,76.219931711891,3.8));
#5404 = CARTESIAN_POINT('',(-14.291,82.65,3.8));
#5405 = ORIENTED_EDGE('',*,*,#5406,.F.);
#5406 = EDGE_CURVE('',#1360,#5400,#5407,.T.);
#5407 = B_SPLINE_CURVE_WITH_KNOTS('',4,(#5408,#5409,#5410,#5411,#5412,
    #5413,#5414,#5415),.UNSPECIFIED.,.F.,.F.,(5,3,5),(0.,0.501920758511,
    1.),.UNSPECIFIED.);
#5408 = CARTESIAN_POINT('',(-12.291,82.65,1.8));
#5409 = CARTESIAN_POINT('',(-12.68010151452,82.65,2.189101514529));
#5410 = CARTESIAN_POINT('',(-13.06916803371,82.65,2.578168033719));
#5411 = CARTESIAN_POINT('',(-13.45819759843,82.65,2.967197598433));
#5412 = CARTESIAN_POINT('',(-14.23320114691,82.65,3.742201146918));
#5413 = CARTESIAN_POINT('',(-14.61917572621,82.65,4.128175726212));
#5414 = CARTESIAN_POINT('',(-15.00510951452,82.65,4.51410951452));
#5415 = CARTESIAN_POINT('',(-15.391,82.65,4.9));
#5416 = B_SPLINE_SURFACE_WITH_KNOTS('',1,1,(
    (#5417,#5418)
    ,(#5419,#5420
    )),.UNSPECIFIED.,.F.,.F.,.F.,(2,2),(2,2),(0.,138.),(0.,1.),
  .PIECEWISE_BEZIER_KNOTS.);
#5417 = CARTESIAN_POINT('',(-12.001,144.,1.51));
#5418 = CARTESIAN_POINT('',(-15.401,140.6,4.91));
#5419 = CARTESIAN_POINT('',(-12.001,6.,1.51));
#5420 = CARTESIAN_POINT('',(-15.401,9.4,4.91));
#5421 = ADVANCED_FACE('',(#5422),#5456,.T.);
#5422 = FACE_BOUND('',#5423,.T.);
#5423 = EDGE_LOOP('',(#5424,#5425,#5426,#5434,#5442,#5450));
#5424 = ORIENTED_EDGE('',*,*,#5406,.F.);
#5425 = ORIENTED_EDGE('',*,*,#1359,.F.);
#5426 = ORIENTED_EDGE('',*,*,#5427,.T.);
#5427 = EDGE_CURVE('',#1352,#5428,#5430,.T.);
#5428 = VERTEX_POINT('',#5429);
#5429 = CARTESIAN_POINT('',(-13.986,82.65,2.4));
#5430 = LINE('',#5431,#5432);
#5431 = CARTESIAN_POINT('',(-13.986,82.65,2.475));
#5432 = VECTOR('',#5433,1.);
#5433 = DIRECTION('',(0.,0.,1.));
#5434 = ORIENTED_EDGE('',*,*,#5435,.T.);
#5435 = EDGE_CURVE('',#5428,#5436,#5438,.T.);
#5436 = VERTEX_POINT('',#5437);
#5437 = CARTESIAN_POINT('',(-16.9435,82.65,2.4));
#5438 = LINE('',#5439,#5440);
#5439 = CARTESIAN_POINT('',(-16.34631101918,82.65,2.4));
#5440 = VECTOR('',#5441,1.);
#5441 = DIRECTION('',(-1.,-7.26E-15,0.));
#5442 = ORIENTED_EDGE('',*,*,#5443,.T.);
#5443 = EDGE_CURVE('',#5436,#5444,#5446,.T.);
#5444 = VERTEX_POINT('',#5445);
#5445 = CARTESIAN_POINT('',(-15.5435,82.65,3.8));
#5446 = LINE('',#5447,#5448);
#5447 = CARTESIAN_POINT('',(-15.17222405391,82.65,4.171275946089));
#5448 = VECTOR('',#5449,1.);
#5449 = DIRECTION('',(0.707106781187,1.62E-15,0.707106781187));
#5450 = ORIENTED_EDGE('',*,*,#5451,.F.);
#5451 = EDGE_CURVE('',#5400,#5444,#5452,.T.);
#5452 = LINE('',#5453,#5454);
#5453 = CARTESIAN_POINT('',(-9.284,82.65,3.8));
#5454 = VECTOR('',#5455,1.);
#5455 = DIRECTION('',(-1.,0.,0.));
#5456 = PLANE('',#5457);
#5457 = AXIS2_PLACEMENT_3D('',#5458,#5459,#5460);
#5458 = CARTESIAN_POINT('',(-9.668415492478,82.65,2.917126058022));
#5459 = DIRECTION('',(-1.16E-15,1.,-1.12E-15));
#5460 = DIRECTION('',(1.,1.16E-15,0.));
#5461 = ADVANCED_FACE('',(#5462),#5480,.T.);
#5462 = FACE_BOUND('',#5463,.T.);
#5463 = EDGE_LOOP('',(#5464,#5472,#5478,#5479));
#5464 = ORIENTED_EDGE('',*,*,#5465,.T.);
#5465 = EDGE_CURVE('',#1343,#5466,#5468,.T.);
#5466 = VERTEX_POINT('',#5467);
#5467 = CARTESIAN_POINT('',(-13.986,94.300358024868,2.4));
#5468 = LINE('',#5469,#5470);
#5469 = CARTESIAN_POINT('',(-13.986,94.300358024868,4.9));
#5470 = VECTOR('',#5471,1.);
#5471 = DIRECTION('',(0.,0.,1.));
#5472 = ORIENTED_EDGE('',*,*,#5473,.T.);
#5473 = EDGE_CURVE('',#5466,#5428,#5474,.T.);
#5474 = LINE('',#5475,#5476);
#5475 = CARTESIAN_POINT('',(-13.986,67.35,2.4));
#5476 = VECTOR('',#5477,1.);
#5477 = DIRECTION('',(0.,-1.,0.));
#5478 = ORIENTED_EDGE('',*,*,#5427,.F.);
#5479 = ORIENTED_EDGE('',*,*,#1351,.T.);
#5480 = PLANE('',#5481);
#5481 = AXIS2_PLACEMENT_3D('',#5482,#5483,#5484);
#5482 = CARTESIAN_POINT('',(-13.986,75.,2.1));
#5483 = DIRECTION('',(1.,0.,0.));
#5484 = DIRECTION('',(0.,0.,1.));
#5485 = ADVANCED_FACE('',(#5486),#5552,.T.);
#5486 = FACE_BOUND('',#5487,.T.);
#5487 = EDGE_LOOP('',(#5488,#5489,#5536,#5544,#5551));
#5488 = ORIENTED_EDGE('',*,*,#1342,.F.);
#5489 = ORIENTED_EDGE('',*,*,#5490,.F.);
#5490 = EDGE_CURVE('',#5491,#1336,#5493,.T.);
#5491 = VERTEX_POINT('',#5492);
#5492 = CARTESIAN_POINT('',(-14.87752819,97.15,4.38652819));
#5493 = B_SPLINE_CURVE_WITH_KNOTS('',6,(#5494,#5495,#5496,#5497,#5498,
    #5499,#5500,#5501,#5502,#5503,#5504,#5505,#5506,#5507,#5508,#5509,
    #5510,#5511,#5512,#5513,#5514,#5515,#5516,#5517,#5518,#5519,#5520,
    #5521,#5522,#5523,#5524,#5525,#5526,#5527,#5528,#5529,#5530,#5531,
    #5532,#5533,#5534,#5535),.UNSPECIFIED.,.F.,.F.,(7,5,5,5,5,5,5,5,7),(
    0.,2.354598875167E-02,0.317851691392,0.565140841059,0.799630508642,
    0.976398836357,0.988401675796,0.993987280796,1.),.UNSPECIFIED.);
#5494 = CARTESIAN_POINT('',(-14.87752819,97.15,4.38652819));
#5495 = CARTESIAN_POINT('',(-14.87752818996,97.126645361528,
    4.386528189965));
#5496 = CARTESIAN_POINT('',(-14.87739726516,97.103310945087,
    4.386397265161));
#5497 = CARTESIAN_POINT('',(-14.87713590597,97.080000748625,
    4.38613590597));
#5498 = CARTESIAN_POINT('',(-14.8767446097,97.056717041599,
    4.385744609701));
#5499 = CARTESIAN_POINT('',(-14.87622388059,97.03346036497,
    4.385223880593));
#5500 = CARTESIAN_POINT('',(-14.86745412356,96.719863009551,
    4.376454123566));
#5501 = CARTESIAN_POINT('',(-14.83919382846,96.433757066982,
    4.348193828464));
#5502 = CARTESIAN_POINT('',(-14.79182342618,96.154049304909,
    4.300823426184));
#5503 = CARTESIAN_POINT('',(-14.7267114282,95.882308558419,
    4.235711428205));
#5504 = CARTESIAN_POINT('',(-14.64526498009,95.619692831683,
    4.154264980095));
#5505 = CARTESIAN_POINT('',(-14.46777426862,95.154683305322,
    3.976774268626));
#5506 = CARTESIAN_POINT('',(-14.37614292535,94.949377630056,
    3.885142925357));
#5507 = CARTESIAN_POINT('',(-14.27470430004,94.751545226315,
    3.783704300042));
#5508 = CARTESIAN_POINT('',(-14.16421505244,94.561532635517,
    3.673215052443));
#5509 = CARTESIAN_POINT('',(-14.04538396278,94.379592512712,
    3.554383962784));
#5510 = CARTESIAN_POINT('',(-13.79886571559,94.041200440699,
    3.30786571559));
#5511 = CARTESIAN_POINT('',(-13.67196177185,93.883925386796,
    3.180961771856));
#5512 = CARTESIAN_POINT('',(-13.53868569621,93.73422842438,
    3.047685696212));
#5513 = CARTESIAN_POINT('',(-13.39955244638,93.592229375368,
    2.908552446386));
#5514 = CARTESIAN_POINT('',(-13.25504004007,93.458020171037,
    2.764040040076));
#5515 = CARTESIAN_POINT('',(-12.99291938394,93.236420620689,
    2.501919383947));
#5516 = CARTESIAN_POINT('',(-12.87744707394,93.145639513358,
    2.386447073947));
#5517 = CARTESIAN_POINT('',(-12.75935640283,93.059356551433,
    2.268356402837));
#5518 = CARTESIAN_POINT('',(-12.63882736723,92.977598867391,
    2.147827367235));
#5519 = CARTESIAN_POINT('',(-12.51603110524,92.900390738361,
    2.025031105243));
#5520 = CARTESIAN_POINT('',(-12.38264836973,92.822822035241,
    1.891648369732));
#5521 = CARTESIAN_POINT('',(-12.3741576473,92.817910980532,
    1.883157647303));
#5522 = CARTESIAN_POINT('',(-12.36565727088,92.813021012219,
    1.874657270886));
#5523 = CARTESIAN_POINT('',(-12.35714729134,92.8081521374,1.86614729134)
  );
#5524 = CARTESIAN_POINT('',(-12.34862775936,92.803304363149,
    1.857627759363));
#5525 = CARTESIAN_POINT('',(-12.33612968013,92.796231573557,
    1.845129680136));
#5526 = CARTESIAN_POINT('',(-12.33216063587,92.793991186699,
    1.841160635876));
#5527 = CARTESIAN_POINT('',(-12.3281915927,92.79175652261,1.837191592707
    ));
#5528 = CARTESIAN_POINT('',(-12.32422255061,92.789527568066,
    1.833222550615));
#5529 = CARTESIAN_POINT('',(-12.32025350958,92.787304309952,
    1.829253509588));
#5530 = CARTESIAN_POINT('',(-12.31201192924,92.782699589399,
    1.821011929241));
#5531 = CARTESIAN_POINT('',(-12.30773708443,92.780317740817,
    1.816737084437));
#5532 = CARTESIAN_POINT('',(-12.30345985603,92.777941143336,
    1.812459856039));
#5533 = CARTESIAN_POINT('',(-12.29918022802,92.775569785551,
    1.80818022802));
#5534 = CARTESIAN_POINT('',(-12.29489824748,92.773203690837,
    1.803898247484));
#5535 = CARTESIAN_POINT('',(-12.29061402467,92.770842917352,
    1.799614024671));
#5536 = ORIENTED_EDGE('',*,*,#5537,.T.);
#5537 = EDGE_CURVE('',#5491,#5538,#5540,.T.);
#5538 = VERTEX_POINT('',#5539);
#5539 = CARTESIAN_POINT('',(-14.87752819,97.15,2.4));
#5540 = LINE('',#5541,#5542);
#5541 = CARTESIAN_POINT('',(-14.87752819,97.15,4.9));
#5542 = VECTOR('',#5543,1.);
#5543 = DIRECTION('',(-0.,-0.,-1.));
#5544 = ORIENTED_EDGE('',*,*,#5545,.F.);
#5545 = EDGE_CURVE('',#5466,#5538,#5546,.T.);
#5546 = CIRCLE('',#5547,5.);
#5547 = AXIS2_PLACEMENT_3D('',#5548,#5549,#5550);
#5548 = CARTESIAN_POINT('',(-9.87752819,97.15,2.4));
#5549 = DIRECTION('',(0.,0.,-1.));
#5550 = DIRECTION('',(0.,1.,0.));
#5551 = ORIENTED_EDGE('',*,*,#5465,.F.);
#5552 = CYLINDRICAL_SURFACE('',#5553,5.);
#5553 = AXIS2_PLACEMENT_3D('',#5554,#5555,#5556);
#5554 = CARTESIAN_POINT('',(-9.87752819,97.15,4.9));
#5555 = DIRECTION('',(-0.,-0.,-1.));
#5556 = DIRECTION('',(0.,-1.,0.));
#5557 = ADVANCED_FACE('',(#5558),#5586,.F.);
#5558 = FACE_BOUND('',#5559,.F.);
#5559 = EDGE_LOOP('',(#5560,#5579,#5580,#5581));
#5560 = ORIENTED_EDGE('',*,*,#5561,.F.);
#5561 = EDGE_CURVE('',#1328,#5562,#5564,.T.);
#5562 = VERTEX_POINT('',#5563);
#5563 = CARTESIAN_POINT('',(-14.87752819,102.57652819001,4.38652819));
#5564 = B_SPLINE_CURVE_WITH_KNOTS('',4,(#5565,#5566,#5567,#5568,#5569,
    #5570,#5571,#5572,#5573,#5574,#5575,#5576,#5577,#5578),
  .UNSPECIFIED.,.F.,.F.,(5,3,3,3,5),(0.,0.246284594027,0.4949502713,
    0.746126443328,1.),.UNSPECIFIED.);
#5565 = CARTESIAN_POINT('',(-12.001,99.700000000012,1.51));
#5566 = CARTESIAN_POINT('',(-12.21448624474,99.913486244757,
    1.723486244745));
#5567 = CARTESIAN_POINT('',(-12.42731370849,100.1263137085,
    1.936313708491));
#5568 = CARTESIAN_POINT('',(-12.63947420248,100.33847420249,
    2.148474202487));
#5569 = CARTESIAN_POINT('',(-13.06448984856,100.76348984857,
    2.573489848565));
#5570 = CARTESIAN_POINT('',(-13.27733188723,100.97633188724,
    2.786331887232));
#5571 = CARTESIAN_POINT('',(-13.48947756011,101.18847756012,
    2.998477560109));
#5572 = CARTESIAN_POINT('',(-13.91449474832,101.61349474833,
    3.423494748325));
#5573 = CARTESIAN_POINT('',(-14.12735196987,101.82635196988,
    3.636351969873));
#5574 = CARTESIAN_POINT('',(-14.33948217729,102.0384821773,3.84848217729
    ));
#5575 = CARTESIAN_POINT('',(-14.76454263517,102.46354263518,
    4.273542635177));
#5576 = CARTESIAN_POINT('',(-14.97745701464,102.67645701465,
    4.486457014646));
#5577 = CARTESIAN_POINT('',(-15.1896121424,102.88861214242,
    4.698612142407));
#5578 = CARTESIAN_POINT('',(-15.401,103.10000000001,4.91));
#5579 = ORIENTED_EDGE('',*,*,#1335,.F.);
#5580 = ORIENTED_EDGE('',*,*,#5490,.F.);
#5581 = ORIENTED_EDGE('',*,*,#5582,.T.);
#5582 = EDGE_CURVE('',#5491,#5562,#5583,.T.);
#5583 = B_SPLINE_CURVE_WITH_KNOTS('',1,(#5584,#5585),.UNSPECIFIED.,.F.,
  .F.,(2,2),(0.,1.),.PIECEWISE_BEZIER_KNOTS.);
#5584 = CARTESIAN_POINT('',(-14.87752819,97.15,4.38652819));
#5585 = CARTESIAN_POINT('',(-14.87752819,103.32460094944,4.38652819));
#5586 = B_SPLINE_SURFACE_WITH_KNOTS('',1,1,(
    (#5587,#5588)
    ,(#5589,#5590
    )),.UNSPECIFIED.,.F.,.F.,.F.,(2,2),(2,2),(0.,138.),(0.,1.),
  .PIECEWISE_BEZIER_KNOTS.);
#5587 = CARTESIAN_POINT('',(-12.001,144.,1.51));
#5588 = CARTESIAN_POINT('',(-15.401,140.6,4.91));
#5589 = CARTESIAN_POINT('',(-12.001,6.,1.51));
#5590 = CARTESIAN_POINT('',(-15.401,9.4,4.91));
#5591 = ADVANCED_FACE('',(#5592),#5618,.F.);
#5592 = FACE_BOUND('',#5593,.F.);
#5593 = EDGE_LOOP('',(#5594,#5604,#5610,#5611,#5612));
#5594 = ORIENTED_EDGE('',*,*,#5595,.F.);
#5595 = EDGE_CURVE('',#5596,#5598,#5600,.T.);
#5596 = VERTEX_POINT('',#5597);
#5597 = CARTESIAN_POINT('',(-12.001,99.700000000012,4.9));
#5598 = VERTEX_POINT('',#5599);
#5599 = CARTESIAN_POINT('',(-14.87752819,102.57652819001,4.9));
#5600 = LINE('',#5601,#5602);
#5601 = CARTESIAN_POINT('',(-18.16250367512,105.86150367513,4.9));
#5602 = VECTOR('',#5603,1.);
#5603 = DIRECTION('',(-0.707106781187,0.707106781187,0.));
#5604 = ORIENTED_EDGE('',*,*,#5605,.T.);
#5605 = EDGE_CURVE('',#5596,#1320,#5606,.T.);
#5606 = LINE('',#5607,#5608);
#5607 = CARTESIAN_POINT('',(-12.001,99.700000000012,4.91));
#5608 = VECTOR('',#5609,1.);
#5609 = DIRECTION('',(-0.,-0.,-1.));
#5610 = ORIENTED_EDGE('',*,*,#1327,.F.);
#5611 = ORIENTED_EDGE('',*,*,#5561,.T.);
#5612 = ORIENTED_EDGE('',*,*,#5613,.F.);
#5613 = EDGE_CURVE('',#5598,#5562,#5614,.T.);
#5614 = LINE('',#5615,#5616);
#5615 = CARTESIAN_POINT('',(-14.87752819,102.57652819001,4.905));
#5616 = VECTOR('',#5617,1.);
#5617 = DIRECTION('',(0.,0.,-1.));
#5618 = PLANE('',#5619);
#5619 = AXIS2_PLACEMENT_3D('',#5620,#5621,#5622);
#5620 = CARTESIAN_POINT('',(-12.001,99.700000000012,4.91));
#5621 = DIRECTION('',(0.707106781187,0.707106781187,0.));
#5622 = DIRECTION('',(-0.707106781187,0.707106781187,0.));
#5623 = ADVANCED_FACE('',(#5624),#5642,.F.);
#5624 = FACE_BOUND('',#5625,.F.);
#5625 = EDGE_LOOP('',(#5626,#5634,#5640,#5641));
#5626 = ORIENTED_EDGE('',*,*,#5627,.F.);
#5627 = EDGE_CURVE('',#5628,#5596,#5630,.T.);
#5628 = VERTEX_POINT('',#5629);
#5629 = CARTESIAN_POINT('',(-12.001,108.8,4.9));
#5630 = LINE('',#5631,#5632);
#5631 = CARTESIAN_POINT('',(-12.001,94.960965257239,4.9));
#5632 = VECTOR('',#5633,1.);
#5633 = DIRECTION('',(0.,-1.,0.));
#5634 = ORIENTED_EDGE('',*,*,#5635,.T.);
#5635 = EDGE_CURVE('',#5628,#1312,#5636,.T.);
#5636 = LINE('',#5637,#5638);
#5637 = CARTESIAN_POINT('',(-12.001,108.8,4.91));
#5638 = VECTOR('',#5639,1.);
#5639 = DIRECTION('',(-0.,-0.,-1.));
#5640 = ORIENTED_EDGE('',*,*,#1319,.F.);
#5641 = ORIENTED_EDGE('',*,*,#5605,.F.);
#5642 = PLANE('',#5643);
#5643 = AXIS2_PLACEMENT_3D('',#5644,#5645,#5646);
#5644 = CARTESIAN_POINT('',(-12.001,108.8,4.91));
#5645 = DIRECTION('',(-1.,0.,0.));
#5646 = DIRECTION('',(0.,-1.,0.));
#5647 = ADVANCED_FACE('',(#5648),#5685,.F.);
#5648 = FACE_BOUND('',#5649,.F.);
#5649 = EDGE_LOOP('',(#5650,#5660,#5677,#5678,#5679));
#5650 = ORIENTED_EDGE('',*,*,#5651,.F.);
#5651 = EDGE_CURVE('',#5652,#5654,#5656,.T.);
#5652 = VERTEX_POINT('',#5653);
#5653 = CARTESIAN_POINT('',(-14.87752819,105.92347181001,4.38652819));
#5654 = VERTEX_POINT('',#5655);
#5655 = CARTESIAN_POINT('',(-14.87752819,105.92347181001,4.9));
#5656 = LINE('',#5657,#5658);
#5657 = CARTESIAN_POINT('',(-14.87752819,105.92347181001,4.905));
#5658 = VECTOR('',#5659,1.);
#5659 = DIRECTION('',(0.,0.,1.));
#5660 = ORIENTED_EDGE('',*,*,#5661,.F.);
#5661 = EDGE_CURVE('',#1305,#5652,#5662,.T.);
#5662 = B_SPLINE_CURVE_WITH_KNOTS('',4,(#5663,#5664,#5665,#5666,#5667,
    #5668,#5669,#5670,#5671,#5672,#5673,#5674,#5675,#5676),
  .UNSPECIFIED.,.F.,.F.,(5,3,3,3,5),(0.,0.249198389352,0.498903166832,
    0.749146014293,1.),.UNSPECIFIED.);
#5663 = CARTESIAN_POINT('',(-12.001,108.8,1.51));
#5664 = CARTESIAN_POINT('',(-12.2136997105,108.58730028949,
    1.722699710508));
#5665 = CARTESIAN_POINT('',(-12.42626345891,108.37473654108,
    1.935263458919));
#5666 = CARTESIAN_POINT('',(-12.63868757681,108.16231242319,
    2.147687576814));
#5667 = CARTESIAN_POINT('',(-13.0636801463,107.7373198537,2.572680146307
    ));
#5668 = CARTESIAN_POINT('',(-13.27624801343,107.52475198657,
    2.785248013433));
#5669 = CARTESIAN_POINT('',(-13.48866786794,107.31233213206,
    2.997667867943));
#5670 = CARTESIAN_POINT('',(-13.91366066473,106.88733933527,
    3.422660664736));
#5671 = CARTESIAN_POINT('',(-14.12623294994,106.67476705006,
    3.635232949941));
#5672 = CARTESIAN_POINT('',(-14.33864825201,106.462351748,3.847648252011
    ));
#5673 = CARTESIAN_POINT('',(-14.76367441697,106.03732558303,
    4.272674416972));
#5674 = CARTESIAN_POINT('',(-14.97628448989,105.82471551011,
    4.485284489898));
#5675 = CARTESIAN_POINT('',(-15.18872792203,105.61227207798,
    4.69772792203));
#5676 = CARTESIAN_POINT('',(-15.401,105.40000000001,4.91));
#5677 = ORIENTED_EDGE('',*,*,#1311,.F.);
#5678 = ORIENTED_EDGE('',*,*,#5635,.F.);
#5679 = ORIENTED_EDGE('',*,*,#5680,.F.);
#5680 = EDGE_CURVE('',#5654,#5628,#5681,.T.);
#5681 = LINE('',#5682,#5683);
#5682 = CARTESIAN_POINT('',(-31.42653841791,89.374461582127,4.9));
#5683 = VECTOR('',#5684,1.);
#5684 = DIRECTION('',(0.707106781187,0.707106781186,-0.));
#5685 = PLANE('',#5686);
#5686 = AXIS2_PLACEMENT_3D('',#5687,#5688,#5689);
#5687 = CARTESIAN_POINT('',(-15.401,105.40000000001,4.91));
#5688 = DIRECTION('',(0.707106781186,-0.707106781187,0.));
#5689 = DIRECTION('',(0.707106781187,0.707106781186,0.));
#5690 = ADVANCED_FACE('',(#5691),#5776,.F.);
#5691 = FACE_BOUND('',#5692,.F.);
#5692 = EDGE_LOOP('',(#5693,#5712,#5713,#5714,#5721,#5734,#5741,#5751,
    #5758,#5771));
#5693 = ORIENTED_EDGE('',*,*,#5694,.F.);
#5694 = EDGE_CURVE('',#1297,#5695,#5697,.T.);
#5695 = VERTEX_POINT('',#5696);
#5696 = CARTESIAN_POINT('',(-15.391,128.19,4.9));
#5697 = B_SPLINE_CURVE_WITH_KNOTS('',4,(#5698,#5699,#5700,#5701,#5702,
    #5703,#5704,#5705,#5706,#5707,#5708,#5709,#5710,#5711),
  .UNSPECIFIED.,.F.,.F.,(5,3,3,3,5),(0.,0.2451891145,0.49346987816,
    0.745000765305,1.),.UNSPECIFIED.);
#5698 = CARTESIAN_POINT('',(-12.001,124.8,1.51));
#5699 = CARTESIAN_POINT('',(-12.21479355989,125.0137935599,
    1.723793559896));
#5700 = CARTESIAN_POINT('',(-12.42772170564,125.22672170564,
    1.936721705643));
#5701 = CARTESIAN_POINT('',(-12.63977863902,125.43877863903,
    2.148778639026));
#5702 = CARTESIAN_POINT('',(-13.06480223659,125.86380223659,
    2.573802236592));
#5703 = CARTESIAN_POINT('',(-13.27774665728,126.07674665729,
    2.786746657286));
#5704 = CARTESIAN_POINT('',(-13.48978674862,126.28878674863,
    2.998786748627));
#5705 = CARTESIAN_POINT('',(-13.91481202296,126.71381202296,
    3.423812022963));
#5706 = CARTESIAN_POINT('',(-14.12777324318,126.92677324318,
    3.636773243183));
#5707 = CARTESIAN_POINT('',(-14.33979591133,127.13879591133,
    3.848795911337));
#5708 = CARTESIAN_POINT('',(-14.76486535935,127.56386535936,
    4.273865359359));
#5709 = CARTESIAN_POINT('',(-14.97788594863,127.77688594863,
    4.486885948636));
#5710 = CARTESIAN_POINT('',(-15.18993225084,127.98893225084,
    4.698932250844));
#5711 = CARTESIAN_POINT('',(-15.401,128.2,4.91));
#5712 = ORIENTED_EDGE('',*,*,#1304,.F.);
#5713 = ORIENTED_EDGE('',*,*,#5661,.T.);
#5714 = ORIENTED_EDGE('',*,*,#5715,.T.);
#5715 = EDGE_CURVE('',#5652,#5716,#5718,.T.);
#5716 = VERTEX_POINT('',#5717);
#5717 = CARTESIAN_POINT('',(-14.87752819,109.5051119696,4.38652819));
#5718 = B_SPLINE_CURVE_WITH_KNOTS('',1,(#5719,#5720),.UNSPECIFIED.,.F.,
  .F.,(2,2),(0.,1.),.PIECEWISE_BEZIER_KNOTS.);
#5719 = CARTESIAN_POINT('',(-14.87752819,105.64221461285,4.38652819));
#5720 = CARTESIAN_POINT('',(-14.87752819,109.5051119696,4.38652819));
#5721 = ORIENTED_EDGE('',*,*,#5722,.F.);
#5722 = EDGE_CURVE('',#5723,#5716,#5725,.T.);
#5723 = VERTEX_POINT('',#5724);
#5724 = CARTESIAN_POINT('',(-12.891,112.94587972535,2.4));
#5725 = B_SPLINE_CURVE_WITH_KNOTS('',4,(#5726,#5727,#5728,#5729,#5730,
    #5731,#5732,#5733),.UNSPECIFIED.,.F.,.F.,(5,3,5),(0.,0.498436494147,
    1.),.UNSPECIFIED.);
#5726 = CARTESIAN_POINT('',(-12.891,112.94587972535,2.4));
#5727 = CARTESIAN_POINT('',(-13.14018497832,112.51427868241,
    2.649184978325));
#5728 = CARTESIAN_POINT('',(-13.38884034754,112.08359494934,
    2.897840347544));
#5729 = CARTESIAN_POINT('',(-13.63695344967,111.65385045043,
    3.145953449673));
#5730 = CARTESIAN_POINT('',(-14.13362224118,110.79359486899,
    3.642622241189));
#5731 = CARTESIAN_POINT('',(-14.38217094071,110.36309589327,
    3.891170940712));
#5732 = CARTESIAN_POINT('',(-14.63014412595,109.93359373752,
    4.139144125951));
#5733 = CARTESIAN_POINT('',(-14.87752819,109.5051119696,4.38652819));
#5734 = ORIENTED_EDGE('',*,*,#5735,.T.);
#5735 = EDGE_CURVE('',#5723,#5736,#5738,.T.);
#5736 = VERTEX_POINT('',#5737);
#5737 = CARTESIAN_POINT('',(-12.891,113.83931731,2.4));
#5738 = B_SPLINE_CURVE_WITH_KNOTS('',1,(#5739,#5740),.UNSPECIFIED.,.F.,
  .F.,(2,2),(0.,1.),.PIECEWISE_BEZIER_KNOTS.);
#5739 = CARTESIAN_POINT('',(-12.891,106.56133983658,2.4));
#5740 = CARTESIAN_POINT('',(-12.891,113.83931731,2.4));
#5741 = ORIENTED_EDGE('',*,*,#5742,.F.);
#5742 = EDGE_CURVE('',#5743,#5736,#5745,.T.);
#5743 = VERTEX_POINT('',#5744);
#5744 = CARTESIAN_POINT('',(-12.37517357,113.83931731,1.88417357));
#5745 = B_SPLINE_CURVE_WITH_KNOTS('',4,(#5746,#5747,#5748,#5749,#5750),
  .UNSPECIFIED.,.F.,.F.,(5,5),(0.,1.),.PIECEWISE_BEZIER_KNOTS.);
#5746 = CARTESIAN_POINT('',(-12.37517357,113.83931731,1.88417357));
#5747 = CARTESIAN_POINT('',(-12.50426195766,113.83931731,2.013261957663)
  );
#5748 = CARTESIAN_POINT('',(-12.63326336287,113.83931731,2.142263362871)
  );
#5749 = CARTESIAN_POINT('',(-12.76217647387,113.83931731,2.271176473874)
  );
#5750 = CARTESIAN_POINT('',(-12.891,113.83931731,2.4));
#5751 = ORIENTED_EDGE('',*,*,#5752,.T.);
#5752 = EDGE_CURVE('',#5743,#5753,#5755,.T.);
#5753 = VERTEX_POINT('',#5754);
#5754 = CARTESIAN_POINT('',(-12.37517357,122.9065738,1.88417357));
#5755 = B_SPLINE_CURVE_WITH_KNOTS('',1,(#5756,#5757),.UNSPECIFIED.,.F.,
  .F.,(2,2),(0.,1.),.PIECEWISE_BEZIER_KNOTS.);
#5756 = CARTESIAN_POINT('',(-12.37517357,113.83931731,1.88417357));
#5757 = CARTESIAN_POINT('',(-12.37517357,122.9065738,1.88417357));
#5758 = ORIENTED_EDGE('',*,*,#5759,.T.);
#5759 = EDGE_CURVE('',#5753,#5760,#5762,.T.);
#5760 = VERTEX_POINT('',#5761);
#5761 = CARTESIAN_POINT('',(-15.391,122.9065738,4.9));
#5762 = B_SPLINE_CURVE_WITH_KNOTS('',4,(#5763,#5764,#5765,#5766,#5767,
    #5768,#5769,#5770),.UNSPECIFIED.,.F.,.F.,(5,3,5),(0.,0.498168802264,
    1.),.UNSPECIFIED.);
#5763 = CARTESIAN_POINT('',(-12.37517357,122.9065738,1.88417357));
#5764 = CARTESIAN_POINT('',(-12.75415058271,122.9065738,2.263150582718)
  );
#5765 = CARTESIAN_POINT('',(-13.13206157409,122.9065738,2.64106157409));
#5766 = CARTESIAN_POINT('',(-13.50886564981,122.9065738,3.017865649811)
  );
#5767 = CARTESIAN_POINT('',(-14.26293517626,122.9065738,3.771935176265)
  );
#5768 = CARTESIAN_POINT('',(-14.64018366038,122.9065738,4.149183660382)
  );
#5769 = CARTESIAN_POINT('',(-15.01622077268,122.9065738,4.525220772689)
  );
#5770 = CARTESIAN_POINT('',(-15.391,122.9065738,4.9));
#5771 = ORIENTED_EDGE('',*,*,#5772,.T.);
#5772 = EDGE_CURVE('',#5760,#5695,#5773,.T.);
#5773 = B_SPLINE_CURVE_WITH_KNOTS('',1,(#5774,#5775),.UNSPECIFIED.,.F.,
  .F.,(2,2),(0.,1.),.PIECEWISE_BEZIER_KNOTS.);
#5774 = CARTESIAN_POINT('',(-15.391,105.4032370856,4.9));
#5775 = CARTESIAN_POINT('',(-15.391,128.20950681685,4.9));
#5776 = B_SPLINE_SURFACE_WITH_KNOTS('',1,1,(
    (#5777,#5778)
    ,(#5779,#5780
    )),.UNSPECIFIED.,.F.,.F.,.F.,(2,2),(2,2),(0.,138.),(0.,1.),
  .PIECEWISE_BEZIER_KNOTS.);
#5777 = CARTESIAN_POINT('',(-12.001,144.,1.51));
#5778 = CARTESIAN_POINT('',(-15.401,140.6,4.91));
#5779 = CARTESIAN_POINT('',(-12.001,6.,1.51));
#5780 = CARTESIAN_POINT('',(-15.401,9.4,4.91));
#5781 = ADVANCED_FACE('',(#5782),#5800,.F.);
#5782 = FACE_BOUND('',#5783,.F.);
#5783 = EDGE_LOOP('',(#5784,#5792,#5798,#5799));
#5784 = ORIENTED_EDGE('',*,*,#5785,.F.);
#5785 = EDGE_CURVE('',#5786,#5695,#5788,.T.);
#5786 = VERTEX_POINT('',#5787);
#5787 = CARTESIAN_POINT('',(-12.001,124.8,4.9));
#5788 = LINE('',#5789,#5790);
#5789 = CARTESIAN_POINT('',(-11.88750367514,124.68650367515,4.9));
#5790 = VECTOR('',#5791,1.);
#5791 = DIRECTION('',(-0.707106781187,0.707106781186,0.));
#5792 = ORIENTED_EDGE('',*,*,#5793,.T.);
#5793 = EDGE_CURVE('',#5786,#1289,#5794,.T.);
#5794 = LINE('',#5795,#5796);
#5795 = CARTESIAN_POINT('',(-12.001,124.8,4.91));
#5796 = VECTOR('',#5797,1.);
#5797 = DIRECTION('',(-0.,-0.,-1.));
#5798 = ORIENTED_EDGE('',*,*,#1296,.F.);
#5799 = ORIENTED_EDGE('',*,*,#5694,.T.);
#5800 = PLANE('',#5801);
#5801 = AXIS2_PLACEMENT_3D('',#5802,#5803,#5804);
#5802 = CARTESIAN_POINT('',(-12.001,124.8,4.91));
#5803 = DIRECTION('',(0.707106781186,0.707106781187,0.));
#5804 = DIRECTION('',(-0.707106781187,0.707106781186,0.));
#5805 = ADVANCED_FACE('',(#5806),#5824,.F.);
#5806 = FACE_BOUND('',#5807,.F.);
#5807 = EDGE_LOOP('',(#5808,#5816,#5822,#5823));
#5808 = ORIENTED_EDGE('',*,*,#5809,.F.);
#5809 = EDGE_CURVE('',#5810,#5786,#5812,.T.);
#5810 = VERTEX_POINT('',#5811);
#5811 = CARTESIAN_POINT('',(-12.001,134.,4.9));
#5812 = LINE('',#5813,#5814);
#5813 = CARTESIAN_POINT('',(-12.001,107.56096525723,4.9));
#5814 = VECTOR('',#5815,1.);
#5815 = DIRECTION('',(0.,-1.,0.));
#5816 = ORIENTED_EDGE('',*,*,#5817,.T.);
#5817 = EDGE_CURVE('',#5810,#1281,#5818,.T.);
#5818 = LINE('',#5819,#5820);
#5819 = CARTESIAN_POINT('',(-12.001,134.,4.91));
#5820 = VECTOR('',#5821,1.);
#5821 = DIRECTION('',(-0.,-0.,-1.));
#5822 = ORIENTED_EDGE('',*,*,#1288,.F.);
#5823 = ORIENTED_EDGE('',*,*,#5793,.F.);
#5824 = PLANE('',#5825);
#5825 = AXIS2_PLACEMENT_3D('',#5826,#5827,#5828);
#5826 = CARTESIAN_POINT('',(-12.001,134.,4.91));
#5827 = DIRECTION('',(-1.,0.,0.));
#5828 = DIRECTION('',(0.,-1.,0.));
#5829 = ADVANCED_FACE('',(#5830),#5853,.F.);
#5830 = FACE_BOUND('',#5831,.F.);
#5831 = EDGE_LOOP('',(#5832,#5840,#5851,#5852));
#5832 = ORIENTED_EDGE('',*,*,#5833,.F.);
#5833 = EDGE_CURVE('',#5834,#5810,#5836,.T.);
#5834 = VERTEX_POINT('',#5835);
#5835 = CARTESIAN_POINT('',(-15.391,130.61,4.9));
#5836 = LINE('',#5837,#5838);
#5837 = CARTESIAN_POINT('',(-37.72653841789,108.2744615821,4.9));
#5838 = VECTOR('',#5839,1.);
#5839 = DIRECTION('',(0.707106781187,0.707106781187,-0.));
#5840 = ORIENTED_EDGE('',*,*,#5841,.F.);
#5841 = EDGE_CURVE('',#1274,#5834,#5842,.T.);
#5842 = B_SPLINE_CURVE_WITH_KNOTS('',4,(#5843,#5844,#5845,#5846,#5847,
    #5848,#5849,#5850),.UNSPECIFIED.,.F.,.F.,(5,3,5),(0.,0.499900519242,
    1.),.UNSPECIFIED.);
#5843 = CARTESIAN_POINT('',(-12.001,134.,1.51));
#5844 = CARTESIAN_POINT('',(-12.42606946987,133.57493053012,
    1.935069469871));
#5845 = CARTESIAN_POINT('',(-12.85109173939,133.1499082606,
    2.360091739393));
#5846 = CARTESIAN_POINT('',(-13.27606394047,132.72493605952,
    2.785063940479));
#5847 = CARTESIAN_POINT('',(-14.12607067913,131.87492932086,
    3.635070679139));
#5848 = CARTESIAN_POINT('',(-14.55110517032,131.44989482967,
    4.060105170323));
#5849 = CARTESIAN_POINT('',(-14.97608289905,131.02491710094,
    4.485082899055));
#5850 = CARTESIAN_POINT('',(-15.401,130.6,4.91));
#5851 = ORIENTED_EDGE('',*,*,#1280,.F.);
#5852 = ORIENTED_EDGE('',*,*,#5817,.F.);
#5853 = PLANE('',#5854);
#5854 = AXIS2_PLACEMENT_3D('',#5855,#5856,#5857);
#5855 = CARTESIAN_POINT('',(-15.401,130.6,4.91));
#5856 = DIRECTION('',(0.707106781187,-0.707106781187,0.));
#5857 = DIRECTION('',(0.707106781187,0.707106781187,0.));
#5858 = ADVANCED_FACE('',(#5859),#5887,.F.);
#5859 = FACE_BOUND('',#5860,.F.);
#5860 = EDGE_LOOP('',(#5861,#5862,#5863,#5870));
#5861 = ORIENTED_EDGE('',*,*,#1273,.F.);
#5862 = ORIENTED_EDGE('',*,*,#5841,.T.);
#5863 = ORIENTED_EDGE('',*,*,#5864,.T.);
#5864 = EDGE_CURVE('',#5834,#5865,#5867,.T.);
#5865 = VERTEX_POINT('',#5866);
#5866 = CARTESIAN_POINT('',(-15.391,135.18368344597,4.9));
#5867 = B_SPLINE_CURVE_WITH_KNOTS('',1,(#5868,#5869),.UNSPECIFIED.,.F.,
  .F.,(2,2),(0.,1.),.PIECEWISE_BEZIER_KNOTS.);
#5868 = CARTESIAN_POINT('',(-15.391,130.607078549,4.9));
#5869 = CARTESIAN_POINT('',(-15.391,140.61,4.9));
#5870 = ORIENTED_EDGE('',*,*,#5871,.F.);
#5871 = EDGE_CURVE('',#1266,#5865,#5872,.T.);
#5872 = B_SPLINE_CURVE_WITH_KNOTS('',4,(#5873,#5874,#5875,#5876,#5877,
    #5878,#5879,#5880,#5881,#5882,#5883,#5884,#5885,#5886),
  .UNSPECIFIED.,.F.,.F.,(5,3,3,3,5),(0.,0.249870005347,0.49882660193,
    0.74847492905,1.),.UNSPECIFIED.);
#5873 = CARTESIAN_POINT('',(-12.091,140.85984335981,1.6));
#5874 = CARTESIAN_POINT('',(-12.29825379536,140.50335678853,
    1.807253795363));
#5875 = CARTESIAN_POINT('',(-12.50533469817,140.14716760081,
    2.014334698175));
#5876 = CARTESIAN_POINT('',(-12.7122383521,139.79128328976,
    2.221238352105));
#5877 = CARTESIAN_POINT('',(-13.12492639987,139.08143984925,
    2.633926399877));
#5878 = CARTESIAN_POINT('',(-13.33071211556,138.72747844616,
    2.839712115563));
#5879 = CARTESIAN_POINT('',(-13.53631285275,138.37383521504,
    3.04531285275));
#5880 = CARTESIAN_POINT('',(-13.947705625,137.66621971118,3.456705625007
    ));
#5881 = CARTESIAN_POINT('',(-14.15349660384,137.31224925521,
    3.662496603847));
#5882 = CARTESIAN_POINT('',(-14.35909202485,136.95861516818,
    3.868092024855));
#5883 = CARTESIAN_POINT('',(-14.77142576738,136.24938114985,
    4.280425767386));
#5884 = CARTESIAN_POINT('',(-14.97816106431,135.893786421,4.487161064317
    ));
#5885 = CARTESIAN_POINT('',(-15.18468760403,135.53855076466,
    4.693687604039));
#5886 = CARTESIAN_POINT('',(-15.391,135.18368344597,4.9));
#5887 = B_SPLINE_SURFACE_WITH_KNOTS('',1,1,(
    (#5888,#5889)
    ,(#5890,#5891
    )),.UNSPECIFIED.,.F.,.F.,.F.,(2,2),(2,2),(0.,138.),(0.,1.),
  .PIECEWISE_BEZIER_KNOTS.);
#5888 = CARTESIAN_POINT('',(-12.001,144.,1.51));
#5889 = CARTESIAN_POINT('',(-15.401,140.6,4.91));
#5890 = CARTESIAN_POINT('',(-12.001,6.,1.51));
#5891 = CARTESIAN_POINT('',(-15.401,9.4,4.91));
#5892 = ADVANCED_FACE('',(#5893),#5911,.F.);
#5893 = FACE_BOUND('',#5894,.T.);
#5894 = EDGE_LOOP('',(#5895,#5903,#5904,#5905));
#5895 = ORIENTED_EDGE('',*,*,#5896,.F.);
#5896 = EDGE_CURVE('',#5865,#5897,#5899,.T.);
#5897 = VERTEX_POINT('',#5898);
#5898 = CARTESIAN_POINT('',(-18.86013265855,129.21660716345,4.9));
#5899 = LINE('',#5900,#5901);
#5900 = CARTESIAN_POINT('',(-9.684,144.99999999999,4.9));
#5901 = VECTOR('',#5902,1.);
#5902 = DIRECTION('',(-0.502609874261,-0.86451333957,-0.));
#5903 = ORIENTED_EDGE('',*,*,#5871,.F.);
#5904 = ORIENTED_EDGE('',*,*,#1265,.F.);
#5905 = ORIENTED_EDGE('',*,*,#5906,.F.);
#5906 = EDGE_CURVE('',#5897,#1257,#5907,.T.);
#5907 = LINE('',#5908,#5909);
#5908 = CARTESIAN_POINT('',(-18.86013265855,129.21660716345,4.9));
#5909 = VECTOR('',#5910,1.);
#5910 = DIRECTION('',(0.,0.,-1.));
#5911 = PLANE('',#5912);
#5912 = AXIS2_PLACEMENT_3D('',#5913,#5914,#5915);
#5913 = CARTESIAN_POINT('',(-9.684,144.99999999999,4.9));
#5914 = DIRECTION('',(0.86451333957,-0.502609874261,0.));
#5915 = DIRECTION('',(0.502609874261,0.86451333957,0.));
#5916 = ADVANCED_FACE('',(#5917),#5936,.F.);
#5917 = FACE_BOUND('',#5918,.T.);
#5918 = EDGE_LOOP('',(#5919,#5928,#5929,#5930));
#5919 = ORIENTED_EDGE('',*,*,#5920,.F.);
#5920 = EDGE_CURVE('',#5897,#5921,#5923,.T.);
#5921 = VERTEX_POINT('',#5922);
#5922 = CARTESIAN_POINT('',(-21.284,129.86999999999,4.9));
#5923 = CIRCLE('',#5924,1.3);
#5924 = AXIS2_PLACEMENT_3D('',#5925,#5926,#5927);
#5925 = CARTESIAN_POINT('',(-19.984,129.86999999999,4.9));
#5926 = DIRECTION('',(0.,0.,-1.));
#5927 = DIRECTION('',(-1.,-0.,-0.));
#5928 = ORIENTED_EDGE('',*,*,#5906,.T.);
#5929 = ORIENTED_EDGE('',*,*,#1256,.T.);
#5930 = ORIENTED_EDGE('',*,*,#5931,.F.);
#5931 = EDGE_CURVE('',#5921,#1249,#5932,.T.);
#5932 = LINE('',#5933,#5934);
#5933 = CARTESIAN_POINT('',(-21.284,129.86999999999,4.9));
#5934 = VECTOR('',#5935,1.);
#5935 = DIRECTION('',(0.,0.,-1.));
#5936 = CYLINDRICAL_SURFACE('',#5937,1.3);
#5937 = AXIS2_PLACEMENT_3D('',#5938,#5939,#5940);
#5938 = CARTESIAN_POINT('',(-19.984,129.86999999999,4.9));
#5939 = DIRECTION('',(0.,0.,1.));
#5940 = DIRECTION('',(-1.,0.,0.));
#5941 = ADVANCED_FACE('',(#5942),#5960,.T.);
#5942 = FACE_BOUND('',#5943,.F.);
#5943 = EDGE_LOOP('',(#5944,#5952,#5958,#5959));
#5944 = ORIENTED_EDGE('',*,*,#5945,.F.);
#5945 = EDGE_CURVE('',#5946,#5921,#5948,.T.);
#5946 = VERTEX_POINT('',#5947);
#5947 = CARTESIAN_POINT('',(-21.284,142.04278258744,4.9));
#5948 = LINE('',#5949,#5950);
#5949 = CARTESIAN_POINT('',(-21.284,148.49999999999,4.9));
#5950 = VECTOR('',#5951,1.);
#5951 = DIRECTION('',(-0.,-1.,-0.));
#5952 = ORIENTED_EDGE('',*,*,#5953,.F.);
#5953 = EDGE_CURVE('',#1241,#5946,#5954,.T.);
#5954 = LINE('',#5955,#5956);
#5955 = CARTESIAN_POINT('',(-21.284,143.82854347029,1.806971420743));
#5956 = VECTOR('',#5957,1.);
#5957 = DIRECTION('',(0.,-0.5,0.866025403784));
#5958 = ORIENTED_EDGE('',*,*,#1248,.F.);
#5959 = ORIENTED_EDGE('',*,*,#5931,.F.);
#5960 = PLANE('',#5961);
#5961 = AXIS2_PLACEMENT_3D('',#5962,#5963,#5964);
#5962 = CARTESIAN_POINT('',(-21.284,148.49999999999,4.9));
#5963 = DIRECTION('',(1.,0.,0.));
#5964 = DIRECTION('',(0.,1.,0.));
#5965 = ADVANCED_FACE('',(#5966),#5984,.F.);
#5966 = FACE_BOUND('',#5967,.F.);
#5967 = EDGE_LOOP('',(#5968,#5969,#5975,#5976,#5977,#5983));
#5968 = ORIENTED_EDGE('',*,*,#4133,.T.);
#5969 = ORIENTED_EDGE('',*,*,#5970,.T.);
#5970 = EDGE_CURVE('',#4126,#1233,#5971,.T.);
#5971 = LINE('',#5972,#5973);
#5972 = CARTESIAN_POINT('',(-33.46580395506,135.47220545085,
    16.280573435631));
#5973 = VECTOR('',#5974,1.);
#5974 = DIRECTION('',(0.4472135955,0.4472135955,-0.774596669241));
#5975 = ORIENTED_EDGE('',*,*,#1240,.F.);
#5976 = ORIENTED_EDGE('',*,*,#5953,.T.);
#5977 = ORIENTED_EDGE('',*,*,#5978,.F.);
#5978 = EDGE_CURVE('',#3497,#5946,#5979,.T.);
#5979 = LINE('',#5980,#5981);
#5980 = CARTESIAN_POINT('',(-79.7630422536,142.04278258744,4.9));
#5981 = VECTOR('',#5982,1.);
#5982 = DIRECTION('',(1.,0.,0.));
#5983 = ORIENTED_EDGE('',*,*,#3504,.F.);
#5984 = PLANE('',#5985);
#5985 = AXIS2_PLACEMENT_3D('',#5986,#5987,#5988);
#5986 = CARTESIAN_POINT('',(-104.3010003211,144.,1.51));
#5987 = DIRECTION('',(-0.,-0.866025403784,-0.5));
#5988 = DIRECTION('',(0.,-0.5,0.866025403784));
#5989 = ADVANCED_FACE('',(#5990),#6009,.F.);
#5990 = FACE_BOUND('',#5991,.F.);
#5991 = EDGE_LOOP('',(#5992,#6000,#6006,#6007,#6008));
#5992 = ORIENTED_EDGE('',*,*,#5993,.F.);
#5993 = EDGE_CURVE('',#5994,#4118,#5996,.T.);
#5994 = VERTEX_POINT('',#5995);
#5995 = CARTESIAN_POINT('',(-24.95100032116,143.98700908475,4.9));
#5996 = LINE('',#5997,#5998);
#5997 = CARTESIAN_POINT('',(-48.23579092995,120.70221847596,4.9));
#5998 = VECTOR('',#5999,1.);
#5999 = DIRECTION('',(-0.707106781187,-0.707106781187,0.));
#6000 = ORIENTED_EDGE('',*,*,#6001,.T.);
#6001 = EDGE_CURVE('',#5994,#1225,#6002,.T.);
#6002 = LINE('',#6003,#6004);
#6003 = CARTESIAN_POINT('',(-24.95100032116,143.98700908475,4.91));
#6004 = VECTOR('',#6005,1.);
#6005 = DIRECTION('',(-0.,-0.,-1.));
#6006 = ORIENTED_EDGE('',*,*,#1232,.F.);
#6007 = ORIENTED_EDGE('',*,*,#5970,.F.);
#6008 = ORIENTED_EDGE('',*,*,#4125,.T.);
#6009 = PLANE('',#6010);
#6010 = AXIS2_PLACEMENT_3D('',#6011,#6012,#6013);
#6011 = CARTESIAN_POINT('',(-24.95100032116,143.98700908475,4.91));
#6012 = DIRECTION('',(-0.707106781187,0.707106781187,0.));
#6013 = DIRECTION('',(-0.707106781187,-0.707106781187,0.));
#6014 = ADVANCED_FACE('',(#6015),#6033,.F.);
#6015 = FACE_BOUND('',#6016,.F.);
#6016 = EDGE_LOOP('',(#6017,#6025,#6031,#6032));
#6017 = ORIENTED_EDGE('',*,*,#6018,.F.);
#6018 = EDGE_CURVE('',#6019,#5994,#6021,.T.);
#6019 = VERTEX_POINT('',#6020);
#6020 = CARTESIAN_POINT('',(-31.25100032116,143.98700908475,4.9));
#6021 = LINE('',#6022,#6023);
#6022 = CARTESIAN_POINT('',(-43.2380422536,143.98700908475,4.9));
#6023 = VECTOR('',#6024,1.);
#6024 = DIRECTION('',(1.,0.,-0.));
#6025 = ORIENTED_EDGE('',*,*,#6026,.T.);
#6026 = EDGE_CURVE('',#6019,#1217,#6027,.T.);
#6027 = LINE('',#6028,#6029);
#6028 = CARTESIAN_POINT('',(-31.25100032116,143.98700908475,4.91));
#6029 = VECTOR('',#6030,1.);
#6030 = DIRECTION('',(-0.,-0.,-1.));
#6031 = ORIENTED_EDGE('',*,*,#1224,.F.);
#6032 = ORIENTED_EDGE('',*,*,#6001,.F.);
#6033 = PLANE('',#6034);
#6034 = AXIS2_PLACEMENT_3D('',#6035,#6036,#6037);
#6035 = CARTESIAN_POINT('',(-31.25100032116,143.98700908475,4.91));
#6036 = DIRECTION('',(0.,-1.,0.));
#6037 = DIRECTION('',(1.,0.,0.));
#6038 = ADVANCED_FACE('',(#6039),#6056,.F.);
#6039 = FACE_BOUND('',#6040,.F.);
#6040 = EDGE_LOOP('',(#6041,#6042,#6048,#6049,#6050));
#6041 = ORIENTED_EDGE('',*,*,#4109,.T.);
#6042 = ORIENTED_EDGE('',*,*,#6043,.F.);
#6043 = EDGE_CURVE('',#1209,#4102,#6044,.T.);
#6044 = LINE('',#6045,#6046);
#6045 = CARTESIAN_POINT('',(-37.58619668726,150.32220545085,
    -9.440381056767));
#6046 = VECTOR('',#6047,1.);
#6047 = DIRECTION('',(0.4472135955,-0.4472135955,0.774596669241));
#6048 = ORIENTED_EDGE('',*,*,#1216,.F.);
#6049 = ORIENTED_EDGE('',*,*,#6026,.F.);
#6050 = ORIENTED_EDGE('',*,*,#6051,.F.);
#6051 = EDGE_CURVE('',#4110,#6019,#6052,.T.);
#6052 = LINE('',#6053,#6054);
#6053 = CARTESIAN_POINT('',(-20.55325164481,133.2892604084,4.9));
#6054 = VECTOR('',#6055,1.);
#6055 = DIRECTION('',(-0.707106781187,0.707106781187,0.));
#6056 = PLANE('',#6057);
#6057 = AXIS2_PLACEMENT_3D('',#6058,#6059,#6060);
#6058 = CARTESIAN_POINT('',(-29.30100032116,142.03700908475,4.91));
#6059 = DIRECTION('',(0.707106781187,0.707106781187,0.));
#6060 = DIRECTION('',(-0.707106781187,0.707106781187,0.));
#6061 = ADVANCED_FACE('',(#6062),#6073,.F.);
#6062 = FACE_BOUND('',#6063,.F.);
#6063 = EDGE_LOOP('',(#6064,#6065,#6066,#6067));
#6064 = ORIENTED_EDGE('',*,*,#1208,.F.);
#6065 = ORIENTED_EDGE('',*,*,#6043,.T.);
#6066 = ORIENTED_EDGE('',*,*,#4101,.T.);
#6067 = ORIENTED_EDGE('',*,*,#6068,.T.);
#6068 = EDGE_CURVE('',#4094,#1201,#6069,.T.);
#6069 = LINE('',#6070,#6071);
#6070 = CARTESIAN_POINT('',(-42.08008966935,136.42934830799,
    14.622753376958));
#6071 = VECTOR('',#6072,1.);
#6072 = DIRECTION('',(0.4472135955,0.4472135955,-0.774596669241));
#6073 = PLANE('',#6074);
#6074 = AXIS2_PLACEMENT_3D('',#6075,#6076,#6077);
#6075 = CARTESIAN_POINT('',(-104.3010003211,144.,1.51));
#6076 = DIRECTION('',(-0.,-0.866025403784,-0.5));
#6077 = DIRECTION('',(0.,-0.5,0.866025403784));
#6078 = ADVANCED_FACE('',(#6079),#6098,.F.);
#6079 = FACE_BOUND('',#6080,.F.);
#6080 = EDGE_LOOP('',(#6081,#6089,#6095,#6096,#6097));
#6081 = ORIENTED_EDGE('',*,*,#6082,.F.);
#6082 = EDGE_CURVE('',#6083,#4086,#6085,.T.);
#6083 = VERTEX_POINT('',#6084);
#6084 = CARTESIAN_POINT('',(-34.52242889259,143.98700908475,4.9));
#6085 = LINE('',#6086,#6087);
#6086 = CARTESIAN_POINT('',(-55.41436235852,123.09507561882,4.9));
#6087 = VECTOR('',#6088,1.);
#6088 = DIRECTION('',(-0.707106781187,-0.707106781187,0.));
#6089 = ORIENTED_EDGE('',*,*,#6090,.T.);
#6090 = EDGE_CURVE('',#6083,#1193,#6091,.T.);
#6091 = LINE('',#6092,#6093);
#6092 = CARTESIAN_POINT('',(-34.52242889259,143.98700908475,4.91));
#6093 = VECTOR('',#6094,1.);
#6094 = DIRECTION('',(-0.,-0.,-1.));
#6095 = ORIENTED_EDGE('',*,*,#1200,.F.);
#6096 = ORIENTED_EDGE('',*,*,#6068,.F.);
#6097 = ORIENTED_EDGE('',*,*,#4093,.T.);
#6098 = PLANE('',#6099);
#6099 = AXIS2_PLACEMENT_3D('',#6100,#6101,#6102);
#6100 = CARTESIAN_POINT('',(-34.52242889259,143.98700908475,4.91));
#6101 = DIRECTION('',(-0.707106781187,0.707106781187,0.));
#6102 = DIRECTION('',(-0.707106781187,-0.707106781187,0.));
#6103 = ADVANCED_FACE('',(#6104),#6122,.F.);
#6104 = FACE_BOUND('',#6105,.F.);
#6105 = EDGE_LOOP('',(#6106,#6114,#6120,#6121));
#6106 = ORIENTED_EDGE('',*,*,#6107,.F.);
#6107 = EDGE_CURVE('',#6108,#6083,#6110,.T.);
#6108 = VERTEX_POINT('',#6109);
#6109 = CARTESIAN_POINT('',(-40.82242889259,143.98700908475,4.9));
#6110 = LINE('',#6111,#6112);
#6111 = CARTESIAN_POINT('',(-48.02375653931,143.98700908475,4.9));
#6112 = VECTOR('',#6113,1.);
#6113 = DIRECTION('',(1.,0.,-0.));
#6114 = ORIENTED_EDGE('',*,*,#6115,.T.);
#6115 = EDGE_CURVE('',#6108,#1185,#6116,.T.);
#6116 = LINE('',#6117,#6118);
#6117 = CARTESIAN_POINT('',(-40.82242889259,143.98700908475,4.91));
#6118 = VECTOR('',#6119,1.);
#6119 = DIRECTION('',(-0.,-0.,-1.));
#6120 = ORIENTED_EDGE('',*,*,#1192,.F.);
#6121 = ORIENTED_EDGE('',*,*,#6090,.F.);
#6122 = PLANE('',#6123);
#6123 = AXIS2_PLACEMENT_3D('',#6124,#6125,#6126);
#6124 = CARTESIAN_POINT('',(-40.82242889259,143.98700908475,4.91));
#6125 = DIRECTION('',(0.,-1.,0.));
#6126 = DIRECTION('',(1.,0.,0.));
#6127 = ADVANCED_FACE('',(#6128),#6145,.F.);
#6128 = FACE_BOUND('',#6129,.F.);
#6129 = EDGE_LOOP('',(#6130,#6131,#6137,#6138,#6139));
#6130 = ORIENTED_EDGE('',*,*,#4077,.T.);
#6131 = ORIENTED_EDGE('',*,*,#6132,.F.);
#6132 = EDGE_CURVE('',#1177,#4070,#6133,.T.);
#6133 = LINE('',#6134,#6135);
#6134 = CARTESIAN_POINT('',(-46.20048240155,149.36506259371,
    -7.782560998094));
#6135 = VECTOR('',#6136,1.);
#6136 = DIRECTION('',(0.4472135955,-0.4472135955,0.774596669241));
#6137 = ORIENTED_EDGE('',*,*,#1184,.F.);
#6138 = ORIENTED_EDGE('',*,*,#6115,.F.);
#6139 = ORIENTED_EDGE('',*,*,#6140,.F.);
#6140 = EDGE_CURVE('',#4078,#6108,#6141,.T.);
#6141 = LINE('',#6142,#6143);
#6142 = CARTESIAN_POINT('',(-27.73182307338,130.89640326554,4.9));
#6143 = VECTOR('',#6144,1.);
#6144 = DIRECTION('',(-0.707106781187,0.707106781187,0.));
#6145 = PLANE('',#6146);
#6146 = AXIS2_PLACEMENT_3D('',#6147,#6148,#6149);
#6147 = CARTESIAN_POINT('',(-38.87242889259,142.03700908475,4.91));
#6148 = DIRECTION('',(0.707106781187,0.707106781187,0.));
#6149 = DIRECTION('',(-0.707106781187,0.707106781187,0.));
#6150 = ADVANCED_FACE('',(#6151),#6162,.F.);
#6151 = FACE_BOUND('',#6152,.F.);
#6152 = EDGE_LOOP('',(#6153,#6154,#6155,#6156));
#6153 = ORIENTED_EDGE('',*,*,#1176,.F.);
#6154 = ORIENTED_EDGE('',*,*,#6132,.T.);
#6155 = ORIENTED_EDGE('',*,*,#4069,.T.);
#6156 = ORIENTED_EDGE('',*,*,#6157,.T.);
#6157 = EDGE_CURVE('',#4062,#1169,#6158,.T.);
#6158 = LINE('',#6159,#6160);
#6159 = CARTESIAN_POINT('',(-50.69437538364,137.38649116513,
    12.964933318285));
#6160 = VECTOR('',#6161,1.);
#6161 = DIRECTION('',(0.4472135955,0.4472135955,-0.774596669241));
#6162 = PLANE('',#6163);
#6163 = AXIS2_PLACEMENT_3D('',#6164,#6165,#6166);
#6164 = CARTESIAN_POINT('',(-104.3010003211,144.,1.51));
#6165 = DIRECTION('',(-0.,-0.866025403784,-0.5));
#6166 = DIRECTION('',(0.,-0.5,0.866025403784));
#6167 = ADVANCED_FACE('',(#6168),#6187,.F.);
#6168 = FACE_BOUND('',#6169,.F.);
#6169 = EDGE_LOOP('',(#6170,#6178,#6184,#6185,#6186));
#6170 = ORIENTED_EDGE('',*,*,#6171,.F.);
#6171 = EDGE_CURVE('',#6172,#4054,#6174,.T.);
#6172 = VERTEX_POINT('',#6173);
#6173 = CARTESIAN_POINT('',(-44.09385746402,143.98700908475,4.9));
#6174 = LINE('',#6175,#6176);
#6175 = CARTESIAN_POINT('',(-62.59293378709,125.48793276168,4.9));
#6176 = VECTOR('',#6177,1.);
#6177 = DIRECTION('',(-0.707106781187,-0.707106781187,0.));
#6178 = ORIENTED_EDGE('',*,*,#6179,.T.);
#6179 = EDGE_CURVE('',#6172,#1161,#6180,.T.);
#6180 = LINE('',#6181,#6182);
#6181 = CARTESIAN_POINT('',(-44.09385746402,143.98700908475,4.91));
#6182 = VECTOR('',#6183,1.);
#6183 = DIRECTION('',(-0.,-0.,-1.));
#6184 = ORIENTED_EDGE('',*,*,#1168,.F.);
#6185 = ORIENTED_EDGE('',*,*,#6157,.F.);
#6186 = ORIENTED_EDGE('',*,*,#4061,.T.);
#6187 = PLANE('',#6188);
#6188 = AXIS2_PLACEMENT_3D('',#6189,#6190,#6191);
#6189 = CARTESIAN_POINT('',(-44.09385746402,143.98700908475,4.91));
#6190 = DIRECTION('',(-0.707106781187,0.707106781187,0.));
#6191 = DIRECTION('',(-0.707106781187,-0.707106781187,0.));
#6192 = ADVANCED_FACE('',(#6193),#6211,.F.);
#6193 = FACE_BOUND('',#6194,.F.);
#6194 = EDGE_LOOP('',(#6195,#6203,#6209,#6210));
#6195 = ORIENTED_EDGE('',*,*,#6196,.F.);
#6196 = EDGE_CURVE('',#6197,#6172,#6199,.T.);
#6197 = VERTEX_POINT('',#6198);
#6198 = CARTESIAN_POINT('',(-50.39385746402,143.98700908475,4.9));
#6199 = LINE('',#6200,#6201);
#6200 = CARTESIAN_POINT('',(-52.80947082503,143.98700908475,4.9));
#6201 = VECTOR('',#6202,1.);
#6202 = DIRECTION('',(1.,0.,-0.));
#6203 = ORIENTED_EDGE('',*,*,#6204,.T.);
#6204 = EDGE_CURVE('',#6197,#1153,#6205,.T.);
#6205 = LINE('',#6206,#6207);
#6206 = CARTESIAN_POINT('',(-50.39385746402,143.98700908475,4.91));
#6207 = VECTOR('',#6208,1.);
#6208 = DIRECTION('',(-0.,-0.,-1.));
#6209 = ORIENTED_EDGE('',*,*,#1160,.F.);
#6210 = ORIENTED_EDGE('',*,*,#6179,.F.);
#6211 = PLANE('',#6212);
#6212 = AXIS2_PLACEMENT_3D('',#6213,#6214,#6215);
#6213 = CARTESIAN_POINT('',(-50.39385746402,143.98700908475,4.91));
#6214 = DIRECTION('',(0.,-1.,0.));
#6215 = DIRECTION('',(1.,0.,0.));
#6216 = ADVANCED_FACE('',(#6217),#6234,.F.);
#6217 = FACE_BOUND('',#6218,.F.);
#6218 = EDGE_LOOP('',(#6219,#6220,#6226,#6227,#6228));
#6219 = ORIENTED_EDGE('',*,*,#4045,.T.);
#6220 = ORIENTED_EDGE('',*,*,#6221,.F.);
#6221 = EDGE_CURVE('',#1145,#4038,#6222,.T.);
#6222 = LINE('',#6223,#6224);
#6223 = CARTESIAN_POINT('',(-54.81476811583,148.40791973656,
    -6.124740939421));
#6224 = VECTOR('',#6225,1.);
#6225 = DIRECTION('',(0.4472135955,-0.4472135955,0.774596669241));
#6226 = ORIENTED_EDGE('',*,*,#1152,.F.);
#6227 = ORIENTED_EDGE('',*,*,#6204,.F.);
#6228 = ORIENTED_EDGE('',*,*,#6229,.F.);
#6229 = EDGE_CURVE('',#4046,#6197,#6230,.T.);
#6230 = LINE('',#6231,#6232);
#6231 = CARTESIAN_POINT('',(-34.91039450195,128.50354612268,4.9));
#6232 = VECTOR('',#6233,1.);
#6233 = DIRECTION('',(-0.707106781187,0.707106781187,0.));
#6234 = PLANE('',#6235);
#6235 = AXIS2_PLACEMENT_3D('',#6236,#6237,#6238);
#6236 = CARTESIAN_POINT('',(-48.44385746402,142.03700908475,4.91));
#6237 = DIRECTION('',(0.707106781187,0.707106781187,0.));
#6238 = DIRECTION('',(-0.707106781187,0.707106781187,0.));
#6239 = ADVANCED_FACE('',(#6240),#6251,.F.);
#6240 = FACE_BOUND('',#6241,.F.);
#6241 = EDGE_LOOP('',(#6242,#6243,#6244,#6245));
#6242 = ORIENTED_EDGE('',*,*,#1144,.F.);
#6243 = ORIENTED_EDGE('',*,*,#6221,.T.);
#6244 = ORIENTED_EDGE('',*,*,#4037,.T.);
#6245 = ORIENTED_EDGE('',*,*,#6246,.T.);
#6246 = EDGE_CURVE('',#4030,#1137,#6247,.T.);
#6247 = LINE('',#6248,#6249);
#6248 = CARTESIAN_POINT('',(-59.30866109792,138.34363402228,
    11.307113259612));
#6249 = VECTOR('',#6250,1.);
#6250 = DIRECTION('',(0.4472135955,0.4472135955,-0.774596669241));
#6251 = PLANE('',#6252);
#6252 = AXIS2_PLACEMENT_3D('',#6253,#6254,#6255);
#6253 = CARTESIAN_POINT('',(-104.3010003211,144.,1.51));
#6254 = DIRECTION('',(-0.,-0.866025403784,-0.5));
#6255 = DIRECTION('',(0.,-0.5,0.866025403784));
#6256 = ADVANCED_FACE('',(#6257),#6276,.F.);
#6257 = FACE_BOUND('',#6258,.F.);
#6258 = EDGE_LOOP('',(#6259,#6267,#6273,#6274,#6275));
#6259 = ORIENTED_EDGE('',*,*,#6260,.F.);
#6260 = EDGE_CURVE('',#6261,#4022,#6263,.T.);
#6261 = VERTEX_POINT('',#6262);
#6262 = CARTESIAN_POINT('',(-53.66528603545,143.98700908475,4.9));
#6263 = LINE('',#6264,#6265);
#6264 = CARTESIAN_POINT('',(-69.77150521567,127.88078990453,4.9));
#6265 = VECTOR('',#6266,1.);
#6266 = DIRECTION('',(-0.707106781187,-0.707106781187,0.));
#6267 = ORIENTED_EDGE('',*,*,#6268,.T.);
#6268 = EDGE_CURVE('',#6261,#1129,#6269,.T.);
#6269 = LINE('',#6270,#6271);
#6270 = CARTESIAN_POINT('',(-53.66528603545,143.98700908475,4.91));
#6271 = VECTOR('',#6272,1.);
#6272 = DIRECTION('',(-0.,-0.,-1.));
#6273 = ORIENTED_EDGE('',*,*,#1136,.F.);
#6274 = ORIENTED_EDGE('',*,*,#6246,.F.);
#6275 = ORIENTED_EDGE('',*,*,#4029,.T.);
#6276 = PLANE('',#6277);
#6277 = AXIS2_PLACEMENT_3D('',#6278,#6279,#6280);
#6278 = CARTESIAN_POINT('',(-53.66528603545,143.98700908475,4.91));
#6279 = DIRECTION('',(-0.707106781187,0.707106781187,0.));
#6280 = DIRECTION('',(-0.707106781187,-0.707106781187,0.));
#6281 = ADVANCED_FACE('',(#6282),#6300,.F.);
#6282 = FACE_BOUND('',#6283,.F.);
#6283 = EDGE_LOOP('',(#6284,#6292,#6298,#6299));
#6284 = ORIENTED_EDGE('',*,*,#6285,.F.);
#6285 = EDGE_CURVE('',#6286,#6261,#6288,.T.);
#6286 = VERTEX_POINT('',#6287);
#6287 = CARTESIAN_POINT('',(-59.96528603545,143.98700908475,4.9));
#6288 = LINE('',#6289,#6290);
#6289 = CARTESIAN_POINT('',(-57.59518511074,143.98700908475,4.9));
#6290 = VECTOR('',#6291,1.);
#6291 = DIRECTION('',(1.,0.,-0.));
#6292 = ORIENTED_EDGE('',*,*,#6293,.T.);
#6293 = EDGE_CURVE('',#6286,#1121,#6294,.T.);
#6294 = LINE('',#6295,#6296);
#6295 = CARTESIAN_POINT('',(-59.96528603545,143.98700908475,4.91));
#6296 = VECTOR('',#6297,1.);
#6297 = DIRECTION('',(-0.,-0.,-1.));
#6298 = ORIENTED_EDGE('',*,*,#1128,.F.);
#6299 = ORIENTED_EDGE('',*,*,#6268,.F.);
#6300 = PLANE('',#6301);
#6301 = AXIS2_PLACEMENT_3D('',#6302,#6303,#6304);
#6302 = CARTESIAN_POINT('',(-59.96528603545,143.98700908475,4.91));
#6303 = DIRECTION('',(0.,-1.,0.));
#6304 = DIRECTION('',(1.,0.,0.));
#6305 = ADVANCED_FACE('',(#6306),#6323,.F.);
#6306 = FACE_BOUND('',#6307,.F.);
#6307 = EDGE_LOOP('',(#6308,#6309,#6315,#6316,#6317));
#6308 = ORIENTED_EDGE('',*,*,#4013,.T.);
#6309 = ORIENTED_EDGE('',*,*,#6310,.F.);
#6310 = EDGE_CURVE('',#1113,#4006,#6311,.T.);
#6311 = LINE('',#6312,#6313);
#6312 = CARTESIAN_POINT('',(-63.42905383012,147.45077687942,
    -4.466920880747));
#6313 = VECTOR('',#6314,1.);
#6314 = DIRECTION('',(0.4472135955,-0.4472135955,0.774596669241));
#6315 = ORIENTED_EDGE('',*,*,#1120,.F.);
#6316 = ORIENTED_EDGE('',*,*,#6293,.F.);
#6317 = ORIENTED_EDGE('',*,*,#6318,.F.);
#6318 = EDGE_CURVE('',#4014,#6286,#6319,.T.);
#6319 = LINE('',#6320,#6321);
#6320 = CARTESIAN_POINT('',(-42.08896593052,126.11068897983,4.9));
#6321 = VECTOR('',#6322,1.);
#6322 = DIRECTION('',(-0.707106781187,0.707106781187,0.));
#6323 = PLANE('',#6324);
#6324 = AXIS2_PLACEMENT_3D('',#6325,#6326,#6327);
#6325 = CARTESIAN_POINT('',(-58.01528603545,142.03700908475,4.91));
#6326 = DIRECTION('',(0.707106781187,0.707106781187,0.));
#6327 = DIRECTION('',(-0.707106781187,0.707106781187,0.));
#6328 = ADVANCED_FACE('',(#6329),#6340,.F.);
#6329 = FACE_BOUND('',#6330,.F.);
#6330 = EDGE_LOOP('',(#6331,#6337,#6338,#6339));
#6331 = ORIENTED_EDGE('',*,*,#6332,.T.);
#6332 = EDGE_CURVE('',#3998,#1105,#6333,.T.);
#6333 = LINE('',#6334,#6335);
#6334 = CARTESIAN_POINT('',(-67.92294681221,139.30077687942,
    9.649293200939));
#6335 = VECTOR('',#6336,1.);
#6336 = DIRECTION('',(0.4472135955,0.4472135955,-0.774596669241));
#6337 = ORIENTED_EDGE('',*,*,#1112,.F.);
#6338 = ORIENTED_EDGE('',*,*,#6310,.T.);
#6339 = ORIENTED_EDGE('',*,*,#4005,.T.);
#6340 = PLANE('',#6341);
#6341 = AXIS2_PLACEMENT_3D('',#6342,#6343,#6344);
#6342 = CARTESIAN_POINT('',(-104.3010003211,144.,1.51));
#6343 = DIRECTION('',(-0.,-0.866025403784,-0.5));
#6344 = DIRECTION('',(0.,-0.5,0.866025403784));
#6345 = ADVANCED_FACE('',(#6346),#6365,.F.);
#6346 = FACE_BOUND('',#6347,.F.);
#6347 = EDGE_LOOP('',(#6348,#6356,#6362,#6363,#6364));
#6348 = ORIENTED_EDGE('',*,*,#6349,.F.);
#6349 = EDGE_CURVE('',#6350,#3990,#6352,.T.);
#6350 = VERTEX_POINT('',#6351);
#6351 = CARTESIAN_POINT('',(-63.23671460688,143.98700908475,4.9));
#6352 = LINE('',#6353,#6354);
#6353 = CARTESIAN_POINT('',(-76.95007664424,130.27364704739,4.9));
#6354 = VECTOR('',#6355,1.);
#6355 = DIRECTION('',(-0.707106781187,-0.707106781187,0.));
#6356 = ORIENTED_EDGE('',*,*,#6357,.T.);
#6357 = EDGE_CURVE('',#6350,#1097,#6358,.T.);
#6358 = LINE('',#6359,#6360);
#6359 = CARTESIAN_POINT('',(-63.23671460688,143.98700908475,4.91));
#6360 = VECTOR('',#6361,1.);
#6361 = DIRECTION('',(-0.,-0.,-1.));
#6362 = ORIENTED_EDGE('',*,*,#1104,.F.);
#6363 = ORIENTED_EDGE('',*,*,#6332,.F.);
#6364 = ORIENTED_EDGE('',*,*,#3997,.T.);
#6365 = PLANE('',#6366);
#6366 = AXIS2_PLACEMENT_3D('',#6367,#6368,#6369);
#6367 = CARTESIAN_POINT('',(-63.23671460688,143.98700908475,4.91));
#6368 = DIRECTION('',(-0.707106781187,0.707106781187,0.));
#6369 = DIRECTION('',(-0.707106781187,-0.707106781187,0.));
#6370 = ADVANCED_FACE('',(#6371),#6389,.F.);
#6371 = FACE_BOUND('',#6372,.F.);
#6372 = EDGE_LOOP('',(#6373,#6381,#6387,#6388));
#6373 = ORIENTED_EDGE('',*,*,#6374,.F.);
#6374 = EDGE_CURVE('',#6375,#6350,#6377,.T.);
#6375 = VERTEX_POINT('',#6376);
#6376 = CARTESIAN_POINT('',(-69.53671460688,143.98700908475,4.9));
#6377 = LINE('',#6378,#6379);
#6378 = CARTESIAN_POINT('',(-62.38089939646,143.98700908475,4.9));
#6379 = VECTOR('',#6380,1.);
#6380 = DIRECTION('',(1.,0.,-0.));
#6381 = ORIENTED_EDGE('',*,*,#6382,.T.);
#6382 = EDGE_CURVE('',#6375,#1089,#6383,.T.);
#6383 = LINE('',#6384,#6385);
#6384 = CARTESIAN_POINT('',(-69.53671460688,143.98700908475,4.91));
#6385 = VECTOR('',#6386,1.);
#6386 = DIRECTION('',(-0.,-0.,-1.));
#6387 = ORIENTED_EDGE('',*,*,#1096,.F.);
#6388 = ORIENTED_EDGE('',*,*,#6357,.F.);
#6389 = PLANE('',#6390);
#6390 = AXIS2_PLACEMENT_3D('',#6391,#6392,#6393);
#6391 = CARTESIAN_POINT('',(-69.53671460688,143.98700908475,4.91));
#6392 = DIRECTION('',(0.,-1.,0.));
#6393 = DIRECTION('',(1.,0.,0.));
#6394 = ADVANCED_FACE('',(#6395),#6412,.F.);
#6395 = FACE_BOUND('',#6396,.F.);
#6396 = EDGE_LOOP('',(#6397,#6398,#6404,#6405,#6406));
#6397 = ORIENTED_EDGE('',*,*,#3981,.T.);
#6398 = ORIENTED_EDGE('',*,*,#6399,.F.);
#6399 = EDGE_CURVE('',#1081,#3974,#6400,.T.);
#6400 = LINE('',#6401,#6402);
#6401 = CARTESIAN_POINT('',(-72.0433395444,146.49363402228,
    -2.809100822074));
#6402 = VECTOR('',#6403,1.);
#6403 = DIRECTION('',(0.4472135955,-0.4472135955,0.774596669241));
#6404 = ORIENTED_EDGE('',*,*,#1088,.F.);
#6405 = ORIENTED_EDGE('',*,*,#6382,.F.);
#6406 = ORIENTED_EDGE('',*,*,#6407,.F.);
#6407 = EDGE_CURVE('',#3982,#6375,#6408,.T.);
#6408 = LINE('',#6409,#6410);
#6409 = CARTESIAN_POINT('',(-49.2675373591,123.71783183697,4.9));
#6410 = VECTOR('',#6411,1.);
#6411 = DIRECTION('',(-0.707106781187,0.707106781187,0.));
#6412 = PLANE('',#6413);
#6413 = AXIS2_PLACEMENT_3D('',#6414,#6415,#6416);
#6414 = CARTESIAN_POINT('',(-67.58671460688,142.03700908475,4.91));
#6415 = DIRECTION('',(0.707106781187,0.707106781187,0.));
#6416 = DIRECTION('',(-0.707106781187,0.707106781187,0.));
#6417 = ADVANCED_FACE('',(#6418),#6429,.F.);
#6418 = FACE_BOUND('',#6419,.F.);
#6419 = EDGE_LOOP('',(#6420,#6426,#6427,#6428));
#6420 = ORIENTED_EDGE('',*,*,#6421,.T.);
#6421 = EDGE_CURVE('',#3966,#1073,#6422,.T.);
#6422 = LINE('',#6423,#6424);
#6423 = CARTESIAN_POINT('',(-76.53723252649,140.25791973656,
    7.991473142266));
#6424 = VECTOR('',#6425,1.);
#6425 = DIRECTION('',(0.4472135955,0.4472135955,-0.774596669241));
#6426 = ORIENTED_EDGE('',*,*,#1080,.F.);
#6427 = ORIENTED_EDGE('',*,*,#6399,.T.);
#6428 = ORIENTED_EDGE('',*,*,#3973,.T.);
#6429 = PLANE('',#6430);
#6430 = AXIS2_PLACEMENT_3D('',#6431,#6432,#6433);
#6431 = CARTESIAN_POINT('',(-104.3010003211,144.,1.51));
#6432 = DIRECTION('',(-0.,-0.866025403784,-0.5));
#6433 = DIRECTION('',(0.,-0.5,0.866025403784));
#6434 = ADVANCED_FACE('',(#6435),#6454,.F.);
#6435 = FACE_BOUND('',#6436,.F.);
#6436 = EDGE_LOOP('',(#6437,#6445,#6451,#6452,#6453));
#6437 = ORIENTED_EDGE('',*,*,#6438,.F.);
#6438 = EDGE_CURVE('',#6439,#3958,#6441,.T.);
#6439 = VERTEX_POINT('',#6440);
#6440 = CARTESIAN_POINT('',(-72.8081431783,143.98700908475,4.9));
#6441 = LINE('',#6442,#6443);
#6442 = CARTESIAN_POINT('',(-84.12864807281,132.66650419025,4.9));
#6443 = VECTOR('',#6444,1.);
#6444 = DIRECTION('',(-0.707106781187,-0.707106781187,0.));
#6445 = ORIENTED_EDGE('',*,*,#6446,.T.);
#6446 = EDGE_CURVE('',#6439,#1065,#6447,.T.);
#6447 = LINE('',#6448,#6449);
#6448 = CARTESIAN_POINT('',(-72.8081431783,143.98700908475,4.91));
#6449 = VECTOR('',#6450,1.);
#6450 = DIRECTION('',(-0.,-0.,-1.));
#6451 = ORIENTED_EDGE('',*,*,#1072,.F.);
#6452 = ORIENTED_EDGE('',*,*,#6421,.F.);
#6453 = ORIENTED_EDGE('',*,*,#3965,.T.);
#6454 = PLANE('',#6455);
#6455 = AXIS2_PLACEMENT_3D('',#6456,#6457,#6458);
#6456 = CARTESIAN_POINT('',(-72.8081431783,143.98700908475,4.91));
#6457 = DIRECTION('',(-0.707106781187,0.707106781187,0.));
#6458 = DIRECTION('',(-0.707106781187,-0.707106781187,0.));
#6459 = ADVANCED_FACE('',(#6460),#6478,.F.);
#6460 = FACE_BOUND('',#6461,.F.);
#6461 = EDGE_LOOP('',(#6462,#6470,#6476,#6477));
#6462 = ORIENTED_EDGE('',*,*,#6463,.F.);
#6463 = EDGE_CURVE('',#6464,#6439,#6466,.T.);
#6464 = VERTEX_POINT('',#6465);
#6465 = CARTESIAN_POINT('',(-79.1081431783,143.98700908475,4.9));
#6466 = LINE('',#6467,#6468);
#6467 = CARTESIAN_POINT('',(-67.16661368217,143.98700908475,4.9));
#6468 = VECTOR('',#6469,1.);
#6469 = DIRECTION('',(1.,0.,-0.));
#6470 = ORIENTED_EDGE('',*,*,#6471,.T.);
#6471 = EDGE_CURVE('',#6464,#1057,#6472,.T.);
#6472 = LINE('',#6473,#6474);
#6473 = CARTESIAN_POINT('',(-79.1081431783,143.98700908475,4.91));
#6474 = VECTOR('',#6475,1.);
#6475 = DIRECTION('',(-0.,-0.,-1.));
#6476 = ORIENTED_EDGE('',*,*,#1064,.F.);
#6477 = ORIENTED_EDGE('',*,*,#6446,.F.);
#6478 = PLANE('',#6479);
#6479 = AXIS2_PLACEMENT_3D('',#6480,#6481,#6482);
#6480 = CARTESIAN_POINT('',(-79.1081431783,143.98700908475,4.91));
#6481 = DIRECTION('',(0.,-1.,0.));
#6482 = DIRECTION('',(1.,0.,0.));
#6483 = ADVANCED_FACE('',(#6484),#6501,.F.);
#6484 = FACE_BOUND('',#6485,.F.);
#6485 = EDGE_LOOP('',(#6486,#6487,#6493,#6494,#6495));
#6486 = ORIENTED_EDGE('',*,*,#3949,.T.);
#6487 = ORIENTED_EDGE('',*,*,#6488,.F.);
#6488 = EDGE_CURVE('',#1049,#3942,#6489,.T.);
#6489 = LINE('',#6490,#6491);
#6490 = CARTESIAN_POINT('',(-80.65762525869,145.53649116513,
    -1.151280763401));
#6491 = VECTOR('',#6492,1.);
#6492 = DIRECTION('',(0.4472135955,-0.4472135955,0.774596669241));
#6493 = ORIENTED_EDGE('',*,*,#1056,.F.);
#6494 = ORIENTED_EDGE('',*,*,#6471,.F.);
#6495 = ORIENTED_EDGE('',*,*,#6496,.F.);
#6496 = EDGE_CURVE('',#3950,#6464,#6497,.T.);
#6497 = LINE('',#6498,#6499);
#6498 = CARTESIAN_POINT('',(-56.44610878767,121.32497469411,4.9));
#6499 = VECTOR('',#6500,1.);
#6500 = DIRECTION('',(-0.707106781187,0.707106781187,0.));
#6501 = PLANE('',#6502);
#6502 = AXIS2_PLACEMENT_3D('',#6503,#6504,#6505);
#6503 = CARTESIAN_POINT('',(-77.1581431783,142.03700908475,4.91));
#6504 = DIRECTION('',(0.707106781187,0.707106781187,0.));
#6505 = DIRECTION('',(-0.707106781187,0.707106781187,0.));
#6506 = ADVANCED_FACE('',(#6507),#6518,.F.);
#6507 = FACE_BOUND('',#6508,.F.);
#6508 = EDGE_LOOP('',(#6509,#6515,#6516,#6517));
#6509 = ORIENTED_EDGE('',*,*,#6510,.T.);
#6510 = EDGE_CURVE('',#3934,#1041,#6511,.T.);
#6511 = LINE('',#6512,#6513);
#6512 = CARTESIAN_POINT('',(-85.15151824078,141.21506259371,
    6.333653083593));
#6513 = VECTOR('',#6514,1.);
#6514 = DIRECTION('',(0.4472135955,0.4472135955,-0.774596669241));
#6515 = ORIENTED_EDGE('',*,*,#1048,.F.);
#6516 = ORIENTED_EDGE('',*,*,#6488,.T.);
#6517 = ORIENTED_EDGE('',*,*,#3941,.T.);
#6518 = PLANE('',#6519);
#6519 = AXIS2_PLACEMENT_3D('',#6520,#6521,#6522);
#6520 = CARTESIAN_POINT('',(-104.3010003211,144.,1.51));
#6521 = DIRECTION('',(-0.,-0.866025403784,-0.5));
#6522 = DIRECTION('',(0.,-0.5,0.866025403784));
#6523 = ADVANCED_FACE('',(#6524),#6543,.F.);
#6524 = FACE_BOUND('',#6525,.F.);
#6525 = EDGE_LOOP('',(#6526,#6534,#6540,#6541,#6542));
#6526 = ORIENTED_EDGE('',*,*,#6527,.F.);
#6527 = EDGE_CURVE('',#6528,#3926,#6530,.T.);
#6528 = VERTEX_POINT('',#6529);
#6529 = CARTESIAN_POINT('',(-82.37957174973,143.98700908475,4.9));
#6530 = LINE('',#6531,#6532);
#6531 = CARTESIAN_POINT('',(-91.30721950138,135.0593613331,4.9));
#6532 = VECTOR('',#6533,1.);
#6533 = DIRECTION('',(-0.707106781187,-0.707106781187,0.));
#6534 = ORIENTED_EDGE('',*,*,#6535,.T.);
#6535 = EDGE_CURVE('',#6528,#1033,#6536,.T.);
#6536 = LINE('',#6537,#6538);
#6537 = CARTESIAN_POINT('',(-82.37957174973,143.98700908475,4.91));
#6538 = VECTOR('',#6539,1.);
#6539 = DIRECTION('',(-0.,-0.,-1.));
#6540 = ORIENTED_EDGE('',*,*,#1040,.F.);
#6541 = ORIENTED_EDGE('',*,*,#6510,.F.);
#6542 = ORIENTED_EDGE('',*,*,#3933,.T.);
#6543 = PLANE('',#6544);
#6544 = AXIS2_PLACEMENT_3D('',#6545,#6546,#6547);
#6545 = CARTESIAN_POINT('',(-82.37957174973,143.98700908475,4.91));
#6546 = DIRECTION('',(-0.707106781187,0.707106781187,0.));
#6547 = DIRECTION('',(-0.707106781187,-0.707106781187,0.));
#6548 = ADVANCED_FACE('',(#6549),#6567,.F.);
#6549 = FACE_BOUND('',#6550,.F.);
#6550 = EDGE_LOOP('',(#6551,#6559,#6565,#6566));
#6551 = ORIENTED_EDGE('',*,*,#6552,.F.);
#6552 = EDGE_CURVE('',#6553,#6528,#6555,.T.);
#6553 = VERTEX_POINT('',#6554);
#6554 = CARTESIAN_POINT('',(-88.67957174973,143.98700908475,4.9));
#6555 = LINE('',#6556,#6557);
#6556 = CARTESIAN_POINT('',(-71.95232796789,143.98700908475,4.9));
#6557 = VECTOR('',#6558,1.);
#6558 = DIRECTION('',(1.,0.,-0.));
#6559 = ORIENTED_EDGE('',*,*,#6560,.T.);
#6560 = EDGE_CURVE('',#6553,#1025,#6561,.T.);
#6561 = LINE('',#6562,#6563);
#6562 = CARTESIAN_POINT('',(-88.67957174973,143.98700908475,4.91));
#6563 = VECTOR('',#6564,1.);
#6564 = DIRECTION('',(-0.,-0.,-1.));
#6565 = ORIENTED_EDGE('',*,*,#1032,.F.);
#6566 = ORIENTED_EDGE('',*,*,#6535,.F.);
#6567 = PLANE('',#6568);
#6568 = AXIS2_PLACEMENT_3D('',#6569,#6570,#6571);
#6569 = CARTESIAN_POINT('',(-88.67957174973,143.98700908475,4.91));
#6570 = DIRECTION('',(0.,-1.,0.));
#6571 = DIRECTION('',(1.,0.,0.));
#6572 = ADVANCED_FACE('',(#6573),#6590,.F.);
#6573 = FACE_BOUND('',#6574,.F.);
#6574 = EDGE_LOOP('',(#6575,#6576,#6582,#6583,#6584));
#6575 = ORIENTED_EDGE('',*,*,#3917,.T.);
#6576 = ORIENTED_EDGE('',*,*,#6577,.F.);
#6577 = EDGE_CURVE('',#1017,#3910,#6578,.T.);
#6578 = LINE('',#6579,#6580);
#6579 = CARTESIAN_POINT('',(-89.27191097297,144.57934830799,
    0.506539295272));
#6580 = VECTOR('',#6581,1.);
#6581 = DIRECTION('',(0.4472135955,-0.4472135955,0.774596669241));
#6582 = ORIENTED_EDGE('',*,*,#1024,.F.);
#6583 = ORIENTED_EDGE('',*,*,#6560,.F.);
#6584 = ORIENTED_EDGE('',*,*,#6585,.F.);
#6585 = EDGE_CURVE('',#3918,#6553,#6586,.T.);
#6586 = LINE('',#6587,#6588);
#6587 = CARTESIAN_POINT('',(-63.62468021624,118.93211755126,4.9));
#6588 = VECTOR('',#6589,1.);
#6589 = DIRECTION('',(-0.707106781187,0.707106781187,0.));
#6590 = PLANE('',#6591);
#6591 = AXIS2_PLACEMENT_3D('',#6592,#6593,#6594);
#6592 = CARTESIAN_POINT('',(-86.72957174973,142.03700908475,4.91));
#6593 = DIRECTION('',(0.707106781187,0.707106781187,0.));
#6594 = DIRECTION('',(-0.707106781187,0.707106781187,0.));
#6595 = ADVANCED_FACE('',(#6596),#6607,.F.);
#6596 = FACE_BOUND('',#6597,.F.);
#6597 = EDGE_LOOP('',(#6598,#6604,#6605,#6606));
#6598 = ORIENTED_EDGE('',*,*,#6599,.T.);
#6599 = EDGE_CURVE('',#3902,#1009,#6600,.T.);
#6600 = LINE('',#6601,#6602);
#6601 = CARTESIAN_POINT('',(-93.76580395506,142.17220545085,
    4.67583302492));
#6602 = VECTOR('',#6603,1.);
#6603 = DIRECTION('',(0.4472135955,0.4472135955,-0.774596669241));
#6604 = ORIENTED_EDGE('',*,*,#1016,.F.);
#6605 = ORIENTED_EDGE('',*,*,#6577,.T.);
#6606 = ORIENTED_EDGE('',*,*,#3909,.T.);
#6607 = PLANE('',#6608);
#6608 = AXIS2_PLACEMENT_3D('',#6609,#6610,#6611);
#6609 = CARTESIAN_POINT('',(-104.3010003211,144.,1.51));
#6610 = DIRECTION('',(-0.,-0.866025403784,-0.5));
#6611 = DIRECTION('',(0.,-0.5,0.866025403784));
#6612 = ADVANCED_FACE('',(#6613),#6632,.F.);
#6613 = FACE_BOUND('',#6614,.F.);
#6614 = EDGE_LOOP('',(#6615,#6623,#6629,#6630,#6631));
#6615 = ORIENTED_EDGE('',*,*,#6616,.F.);
#6616 = EDGE_CURVE('',#6617,#3894,#6619,.T.);
#6617 = VERTEX_POINT('',#6618);
#6618 = CARTESIAN_POINT('',(-91.95100032116,143.98700908475,4.9));
#6619 = LINE('',#6620,#6621);
#6620 = CARTESIAN_POINT('',(-98.48579092995,137.45221847596,4.9));
#6621 = VECTOR('',#6622,1.);
#6622 = DIRECTION('',(-0.707106781187,-0.707106781187,0.));
#6623 = ORIENTED_EDGE('',*,*,#6624,.T.);
#6624 = EDGE_CURVE('',#6617,#1001,#6625,.T.);
#6625 = LINE('',#6626,#6627);
#6626 = CARTESIAN_POINT('',(-91.95100032116,143.98700908475,4.91));
#6627 = VECTOR('',#6628,1.);
#6628 = DIRECTION('',(-0.,-0.,-1.));
#6629 = ORIENTED_EDGE('',*,*,#1008,.F.);
#6630 = ORIENTED_EDGE('',*,*,#6599,.F.);
#6631 = ORIENTED_EDGE('',*,*,#3901,.T.);
#6632 = PLANE('',#6633);
#6633 = AXIS2_PLACEMENT_3D('',#6634,#6635,#6636);
#6634 = CARTESIAN_POINT('',(-91.95100032116,143.98700908475,4.91));
#6635 = DIRECTION('',(-0.707106781187,0.707106781187,0.));
#6636 = DIRECTION('',(-0.707106781187,-0.707106781187,0.));
#6637 = ADVANCED_FACE('',(#6638),#6656,.F.);
#6638 = FACE_BOUND('',#6639,.F.);
#6639 = EDGE_LOOP('',(#6640,#6648,#6654,#6655));
#6640 = ORIENTED_EDGE('',*,*,#6641,.F.);
#6641 = EDGE_CURVE('',#6642,#6617,#6644,.T.);
#6642 = VERTEX_POINT('',#6643);
#6643 = CARTESIAN_POINT('',(-98.25100032116,143.98700908475,4.9));
#6644 = LINE('',#6645,#6646);
#6645 = CARTESIAN_POINT('',(-76.7380422536,143.98700908475,4.9));
#6646 = VECTOR('',#6647,1.);
#6647 = DIRECTION('',(1.,0.,-0.));
#6648 = ORIENTED_EDGE('',*,*,#6649,.T.);
#6649 = EDGE_CURVE('',#6642,#993,#6650,.T.);
#6650 = LINE('',#6651,#6652);
#6651 = CARTESIAN_POINT('',(-98.25100032116,143.98700908475,4.91));
#6652 = VECTOR('',#6653,1.);
#6653 = DIRECTION('',(-0.,-0.,-1.));
#6654 = ORIENTED_EDGE('',*,*,#1000,.F.);
#6655 = ORIENTED_EDGE('',*,*,#6624,.F.);
#6656 = PLANE('',#6657);
#6657 = AXIS2_PLACEMENT_3D('',#6658,#6659,#6660);
#6658 = CARTESIAN_POINT('',(-98.25100032116,143.98700908475,4.91));
#6659 = DIRECTION('',(0.,-1.,0.));
#6660 = DIRECTION('',(1.,0.,0.));
#6661 = ADVANCED_FACE('',(#6662),#6679,.F.);
#6662 = FACE_BOUND('',#6663,.F.);
#6663 = EDGE_LOOP('',(#6664,#6665,#6671,#6672,#6673));
#6664 = ORIENTED_EDGE('',*,*,#3885,.T.);
#6665 = ORIENTED_EDGE('',*,*,#6666,.F.);
#6666 = EDGE_CURVE('',#985,#3878,#6667,.T.);
#6667 = LINE('',#6668,#6669);
#6668 = CARTESIAN_POINT('',(-97.88619668726,143.62220545085,
    2.164359353945));
#6669 = VECTOR('',#6670,1.);
#6670 = DIRECTION('',(0.4472135955,-0.4472135955,0.774596669241));
#6671 = ORIENTED_EDGE('',*,*,#992,.F.);
#6672 = ORIENTED_EDGE('',*,*,#6649,.F.);
#6673 = ORIENTED_EDGE('',*,*,#6674,.F.);
#6674 = EDGE_CURVE('',#3886,#6642,#6675,.T.);
#6675 = LINE('',#6676,#6677);
#6676 = CARTESIAN_POINT('',(-70.80325164481,116.5392604084,4.9));
#6677 = VECTOR('',#6678,1.);
#6678 = DIRECTION('',(-0.707106781187,0.707106781187,0.));
#6679 = PLANE('',#6680);
#6680 = AXIS2_PLACEMENT_3D('',#6681,#6682,#6683);
#6681 = CARTESIAN_POINT('',(-96.30100032116,142.03700908475,4.91));
#6682 = DIRECTION('',(0.707106781187,0.707106781187,0.));
#6683 = DIRECTION('',(-0.707106781187,0.707106781187,0.));
#6684 = ADVANCED_FACE('',(#6685),#6698,.F.);
#6685 = FACE_BOUND('',#6686,.F.);
#6686 = EDGE_LOOP('',(#6687,#6688,#6689,#6690,#6691,#6697));
#6687 = ORIENTED_EDGE('',*,*,#6666,.T.);
#6688 = ORIENTED_EDGE('',*,*,#3877,.T.);
#6689 = ORIENTED_EDGE('',*,*,#3858,.F.);
#6690 = ORIENTED_EDGE('',*,*,#2439,.F.);
#6691 = ORIENTED_EDGE('',*,*,#6692,.F.);
#6692 = EDGE_CURVE('',#977,#2440,#6693,.T.);
#6693 = LINE('',#6694,#6695);
#6694 = CARTESIAN_POINT('',(-100.001,143.60339575388,2.196938704768));
#6695 = VECTOR('',#6696,1.);
#6696 = DIRECTION('',(0.,-0.5,0.866025403784));
#6697 = ORIENTED_EDGE('',*,*,#984,.F.);
#6698 = PLANE('',#6699);
#6699 = AXIS2_PLACEMENT_3D('',#6700,#6701,#6702);
#6700 = CARTESIAN_POINT('',(-104.3010003211,144.,1.51));
#6701 = DIRECTION('',(-0.,-0.866025403784,-0.5));
#6702 = DIRECTION('',(0.,-0.5,0.866025403784));
#6703 = ADVANCED_FACE('',(#6704),#6715,.T.);
#6704 = FACE_BOUND('',#6705,.T.);
#6705 = EDGE_LOOP('',(#6706,#6707,#6708,#6709));
#6706 = ORIENTED_EDGE('',*,*,#2447,.T.);
#6707 = ORIENTED_EDGE('',*,*,#6692,.F.);
#6708 = ORIENTED_EDGE('',*,*,#976,.F.);
#6709 = ORIENTED_EDGE('',*,*,#6710,.F.);
#6710 = EDGE_CURVE('',#2448,#968,#6711,.T.);
#6711 = LINE('',#6712,#6713);
#6712 = CARTESIAN_POINT('',(-100.001,138.99999999999,4.9));
#6713 = VECTOR('',#6714,1.);
#6714 = DIRECTION('',(0.,0.,-1.));
#6715 = PLANE('',#6716);
#6716 = AXIS2_PLACEMENT_3D('',#6717,#6718,#6719);
#6717 = CARTESIAN_POINT('',(-100.001,143.62578124999,3.12578125));
#6718 = DIRECTION('',(-1.,-0.,-0.));
#6719 = DIRECTION('',(0.,0.,-1.));
#6720 = ADVANCED_FACE('',(#6721),#6734,.F.);
#6721 = FACE_BOUND('',#6722,.T.);
#6722 = EDGE_LOOP('',(#6723,#6724,#6725,#6726,#6732,#6733));
#6723 = ORIENTED_EDGE('',*,*,#6710,.T.);
#6724 = ORIENTED_EDGE('',*,*,#967,.T.);
#6725 = ORIENTED_EDGE('',*,*,#958,.T.);
#6726 = ORIENTED_EDGE('',*,*,#6727,.F.);
#6727 = EDGE_CURVE('',#2465,#951,#6728,.T.);
#6728 = LINE('',#6729,#6730);
#6729 = CARTESIAN_POINT('',(-104.301,134.69999999999,4.9));
#6730 = VECTOR('',#6731,1.);
#6731 = DIRECTION('',(0.,0.,-1.));
#6732 = ORIENTED_EDGE('',*,*,#2464,.F.);
#6733 = ORIENTED_EDGE('',*,*,#2455,.T.);
#6734 = CYLINDRICAL_SURFACE('',#6735,4.3);
#6735 = AXIS2_PLACEMENT_3D('',#6736,#6737,#6738);
#6736 = CARTESIAN_POINT('',(-104.301,138.99999999999,4.9));
#6737 = DIRECTION('',(0.,0.,1.));
#6738 = DIRECTION('',(-1.,0.,0.));
#6739 = ADVANCED_FACE('',(#6740),#6750,.F.);
#6740 = FACE_BOUND('',#6741,.T.);
#6741 = EDGE_LOOP('',(#6742,#6743,#6744,#6745));
#6742 = ORIENTED_EDGE('',*,*,#2473,.F.);
#6743 = ORIENTED_EDGE('',*,*,#6727,.T.);
#6744 = ORIENTED_EDGE('',*,*,#950,.F.);
#6745 = ORIENTED_EDGE('',*,*,#6746,.T.);
#6746 = EDGE_CURVE('',#944,#2474,#6747,.T.);
#6747 = B_SPLINE_CURVE_WITH_KNOTS('',1,(#6748,#6749),.UNSPECIFIED.,.F.,
  .F.,(2,2),(0.,1.),.PIECEWISE_BEZIER_KNOTS.);
#6748 = CARTESIAN_POINT('',(-109.211,134.69999999999,1.6));
#6749 = CARTESIAN_POINT('',(-105.911,134.69999999999,4.9));
#6750 = PLANE('',#6751);
#6751 = AXIS2_PLACEMENT_3D('',#6752,#6753,#6754);
#6752 = CARTESIAN_POINT('',(-104.301,134.69999999999,4.9));
#6753 = DIRECTION('',(-0.,-1.,-0.));
#6754 = DIRECTION('',(1.,0.,0.));
#6755 = ADVANCED_FACE('',(#6756),#6766,.F.);
#6756 = FACE_BOUND('',#6757,.F.);
#6757 = EDGE_LOOP('',(#6758,#6763,#6764,#6765));
#6758 = ORIENTED_EDGE('',*,*,#6759,.F.);
#6759 = EDGE_CURVE('',#936,#2482,#6760,.T.);
#6760 = B_SPLINE_CURVE_WITH_KNOTS('',1,(#6761,#6762),.UNSPECIFIED.,.F.,
  .F.,(2,2),(0.,1.),.PIECEWISE_BEZIER_KNOTS.);
#6761 = CARTESIAN_POINT('',(-109.301,131.40000032117,1.51));
#6762 = CARTESIAN_POINT('',(-105.901,128.00000032117,4.91));
#6763 = ORIENTED_EDGE('',*,*,#943,.F.);
#6764 = ORIENTED_EDGE('',*,*,#6746,.T.);
#6765 = ORIENTED_EDGE('',*,*,#2481,.T.);
#6766 = B_SPLINE_SURFACE_WITH_KNOTS('',1,1,(
    (#6767,#6768)
    ,(#6769,#6770
    )),.UNSPECIFIED.,.F.,.F.,.F.,(2,2),(2,2),(-3.2109997505E-07,
    128.00000032117),(0.,1.),.PIECEWISE_BEZIER_KNOTS.);
#6767 = CARTESIAN_POINT('',(-109.301,11.,1.51));
#6768 = CARTESIAN_POINT('',(-105.901,10.9999996789,4.91));
#6769 = CARTESIAN_POINT('',(-109.301,139.,1.51));
#6770 = CARTESIAN_POINT('',(-105.901,139.00000032117,4.91));
#6771 = ADVANCED_FACE('',(#6772),#6783,.T.);
#6772 = FACE_BOUND('',#6773,.T.);
#6773 = EDGE_LOOP('',(#6774,#6775,#6776,#6777));
#6774 = ORIENTED_EDGE('',*,*,#2488,.F.);
#6775 = ORIENTED_EDGE('',*,*,#6759,.F.);
#6776 = ORIENTED_EDGE('',*,*,#935,.F.);
#6777 = ORIENTED_EDGE('',*,*,#6778,.F.);
#6778 = EDGE_CURVE('',#2489,#928,#6779,.T.);
#6779 = LINE('',#6780,#6781);
#6780 = CARTESIAN_POINT('',(-109.3009999999,131.40000032116,4.91));
#6781 = VECTOR('',#6782,1.);
#6782 = DIRECTION('',(-0.,-0.,-1.));
#6783 = PLANE('',#6784);
#6784 = AXIS2_PLACEMENT_3D('',#6785,#6786,#6787);
#6785 = CARTESIAN_POINT('',(-105.901,128.00000032117,4.91));
#6786 = DIRECTION('',(0.707106781187,0.707106781187,0.));
#6787 = DIRECTION('',(-0.707106781187,0.707106781187,0.));
#6788 = ADVANCED_FACE('',(#6789),#6800,.T.);
#6789 = FACE_BOUND('',#6790,.T.);
#6790 = EDGE_LOOP('',(#6791,#6792,#6793,#6794));
#6791 = ORIENTED_EDGE('',*,*,#2496,.F.);
#6792 = ORIENTED_EDGE('',*,*,#6778,.T.);
#6793 = ORIENTED_EDGE('',*,*,#927,.F.);
#6794 = ORIENTED_EDGE('',*,*,#6795,.F.);
#6795 = EDGE_CURVE('',#2497,#920,#6796,.T.);
#6796 = LINE('',#6797,#6798);
#6797 = CARTESIAN_POINT('',(-109.3009999999,122.20000032117,4.91));
#6798 = VECTOR('',#6799,1.);
#6799 = DIRECTION('',(-0.,-0.,-1.));
#6800 = PLANE('',#6801);
#6801 = AXIS2_PLACEMENT_3D('',#6802,#6803,#6804);
#6802 = CARTESIAN_POINT('',(-109.3009999999,131.40000032116,4.91));
#6803 = DIRECTION('',(-1.,0.,0.));
#6804 = DIRECTION('',(0.,-1.,0.));
#6805 = ADVANCED_FACE('',(#6806),#6816,.T.);
#6806 = FACE_BOUND('',#6807,.T.);
#6807 = EDGE_LOOP('',(#6808,#6809,#6810,#6811));
#6808 = ORIENTED_EDGE('',*,*,#2504,.F.);
#6809 = ORIENTED_EDGE('',*,*,#6795,.T.);
#6810 = ORIENTED_EDGE('',*,*,#919,.F.);
#6811 = ORIENTED_EDGE('',*,*,#6812,.T.);
#6812 = EDGE_CURVE('',#913,#2505,#6813,.T.);
#6813 = B_SPLINE_CURVE_WITH_KNOTS('',1,(#6814,#6815),.UNSPECIFIED.,.F.,
  .F.,(2,2),(0.,1.),.PIECEWISE_BEZIER_KNOTS.);
#6814 = CARTESIAN_POINT('',(-109.301,122.20000032117,1.51));
#6815 = CARTESIAN_POINT('',(-105.901,125.60000032117,4.91));
#6816 = PLANE('',#6817);
#6817 = AXIS2_PLACEMENT_3D('',#6818,#6819,#6820);
#6818 = CARTESIAN_POINT('',(-109.3009999999,122.20000032117,4.91));
#6819 = DIRECTION('',(0.707106781187,-0.707106781187,0.));
#6820 = DIRECTION('',(0.707106781187,0.707106781187,0.));
#6821 = ADVANCED_FACE('',(#6822),#6832,.F.);
#6822 = FACE_BOUND('',#6823,.F.);
#6823 = EDGE_LOOP('',(#6824,#6829,#6830,#6831));
#6824 = ORIENTED_EDGE('',*,*,#6825,.F.);
#6825 = EDGE_CURVE('',#905,#2513,#6826,.T.);
#6826 = B_SPLINE_CURVE_WITH_KNOTS('',1,(#6827,#6828),.UNSPECIFIED.,.F.,
  .F.,(2,2),(0.,1.),.PIECEWISE_BEZIER_KNOTS.);
#6827 = CARTESIAN_POINT('',(-109.301,119.62222254339,1.51));
#6828 = CARTESIAN_POINT('',(-105.901,116.22222254339,4.91));
#6829 = ORIENTED_EDGE('',*,*,#912,.F.);
#6830 = ORIENTED_EDGE('',*,*,#6812,.T.);
#6831 = ORIENTED_EDGE('',*,*,#2512,.T.);
#6832 = B_SPLINE_SURFACE_WITH_KNOTS('',1,1,(
    (#6833,#6834)
    ,(#6835,#6836
    )),.UNSPECIFIED.,.F.,.F.,.F.,(2,2),(2,2),(-3.2109997505E-07,
    128.00000032117),(0.,1.),.PIECEWISE_BEZIER_KNOTS.);
#6833 = CARTESIAN_POINT('',(-109.301,11.,1.51));
#6834 = CARTESIAN_POINT('',(-105.901,10.9999996789,4.91));
#6835 = CARTESIAN_POINT('',(-109.301,139.,1.51));
#6836 = CARTESIAN_POINT('',(-105.901,139.00000032117,4.91));
#6837 = ADVANCED_FACE('',(#6838),#6849,.T.);
#6838 = FACE_BOUND('',#6839,.T.);
#6839 = EDGE_LOOP('',(#6840,#6841,#6842,#6843));
#6840 = ORIENTED_EDGE('',*,*,#2519,.F.);
#6841 = ORIENTED_EDGE('',*,*,#6825,.F.);
#6842 = ORIENTED_EDGE('',*,*,#904,.F.);
#6843 = ORIENTED_EDGE('',*,*,#6844,.F.);
#6844 = EDGE_CURVE('',#2520,#897,#6845,.T.);
#6845 = LINE('',#6846,#6847);
#6846 = CARTESIAN_POINT('',(-109.3009999999,119.62222254339,4.91));
#6847 = VECTOR('',#6848,1.);
#6848 = DIRECTION('',(-0.,-0.,-1.));
#6849 = PLANE('',#6850);
#6850 = AXIS2_PLACEMENT_3D('',#6851,#6852,#6853);
#6851 = CARTESIAN_POINT('',(-105.901,116.22222254339,4.91));
#6852 = DIRECTION('',(0.707106781187,0.707106781187,0.));
#6853 = DIRECTION('',(-0.707106781187,0.707106781187,0.));
#6854 = ADVANCED_FACE('',(#6855),#6866,.T.);
#6855 = FACE_BOUND('',#6856,.T.);
#6856 = EDGE_LOOP('',(#6857,#6858,#6859,#6860));
#6857 = ORIENTED_EDGE('',*,*,#2527,.F.);
#6858 = ORIENTED_EDGE('',*,*,#6844,.T.);
#6859 = ORIENTED_EDGE('',*,*,#896,.F.);
#6860 = ORIENTED_EDGE('',*,*,#6861,.F.);
#6861 = EDGE_CURVE('',#2528,#889,#6862,.T.);
#6862 = LINE('',#6863,#6864);
#6863 = CARTESIAN_POINT('',(-109.3009999999,110.42222254339,4.91));
#6864 = VECTOR('',#6865,1.);
#6865 = DIRECTION('',(-0.,-0.,-1.));
#6866 = PLANE('',#6867);
#6867 = AXIS2_PLACEMENT_3D('',#6868,#6869,#6870);
#6868 = CARTESIAN_POINT('',(-109.3009999999,119.62222254339,4.91));
#6869 = DIRECTION('',(-1.,0.,0.));
#6870 = DIRECTION('',(0.,-1.,0.));
#6871 = ADVANCED_FACE('',(#6872),#6882,.T.);
#6872 = FACE_BOUND('',#6873,.T.);
#6873 = EDGE_LOOP('',(#6874,#6875,#6876,#6877));
#6874 = ORIENTED_EDGE('',*,*,#2535,.F.);
#6875 = ORIENTED_EDGE('',*,*,#6861,.T.);
#6876 = ORIENTED_EDGE('',*,*,#888,.F.);
#6877 = ORIENTED_EDGE('',*,*,#6878,.T.);
#6878 = EDGE_CURVE('',#882,#2536,#6879,.T.);
#6879 = B_SPLINE_CURVE_WITH_KNOTS('',1,(#6880,#6881),.UNSPECIFIED.,.F.,
  .F.,(2,2),(0.,1.),.PIECEWISE_BEZIER_KNOTS.);
#6880 = CARTESIAN_POINT('',(-109.301,110.42222254339,1.51));
#6881 = CARTESIAN_POINT('',(-105.901,113.82222254339,4.91));
#6882 = PLANE('',#6883);
#6883 = AXIS2_PLACEMENT_3D('',#6884,#6885,#6886);
#6884 = CARTESIAN_POINT('',(-109.3009999999,110.42222254339,4.91));
#6885 = DIRECTION('',(0.707106781187,-0.707106781187,0.));
#6886 = DIRECTION('',(0.707106781187,0.707106781187,0.));
#6887 = ADVANCED_FACE('',(#6888),#6898,.F.);
#6888 = FACE_BOUND('',#6889,.F.);
#6889 = EDGE_LOOP('',(#6890,#6895,#6896,#6897));
#6890 = ORIENTED_EDGE('',*,*,#6891,.F.);
#6891 = EDGE_CURVE('',#874,#2544,#6892,.T.);
#6892 = B_SPLINE_CURVE_WITH_KNOTS('',1,(#6893,#6894),.UNSPECIFIED.,.F.,
  .F.,(2,2),(0.,1.),.PIECEWISE_BEZIER_KNOTS.);
#6893 = CARTESIAN_POINT('',(-109.301,107.84444476561,1.51));
#6894 = CARTESIAN_POINT('',(-105.901,104.44444476561,4.91));
#6895 = ORIENTED_EDGE('',*,*,#881,.F.);
#6896 = ORIENTED_EDGE('',*,*,#6878,.T.);
#6897 = ORIENTED_EDGE('',*,*,#2543,.T.);
#6898 = B_SPLINE_SURFACE_WITH_KNOTS('',1,1,(
    (#6899,#6900)
    ,(#6901,#6902
    )),.UNSPECIFIED.,.F.,.F.,.F.,(2,2),(2,2),(-3.2109997505E-07,
    128.00000032117),(0.,1.),.PIECEWISE_BEZIER_KNOTS.);
#6899 = CARTESIAN_POINT('',(-109.301,11.,1.51));
#6900 = CARTESIAN_POINT('',(-105.901,10.9999996789,4.91));
#6901 = CARTESIAN_POINT('',(-109.301,139.,1.51));
#6902 = CARTESIAN_POINT('',(-105.901,139.00000032117,4.91));
#6903 = ADVANCED_FACE('',(#6904),#6915,.T.);
#6904 = FACE_BOUND('',#6905,.T.);
#6905 = EDGE_LOOP('',(#6906,#6907,#6908,#6909));
#6906 = ORIENTED_EDGE('',*,*,#2550,.F.);
#6907 = ORIENTED_EDGE('',*,*,#6891,.F.);
#6908 = ORIENTED_EDGE('',*,*,#873,.F.);
#6909 = ORIENTED_EDGE('',*,*,#6910,.F.);
#6910 = EDGE_CURVE('',#2551,#866,#6911,.T.);
#6911 = LINE('',#6912,#6913);
#6912 = CARTESIAN_POINT('',(-109.3009999999,107.84444476561,4.91));
#6913 = VECTOR('',#6914,1.);
#6914 = DIRECTION('',(-0.,-0.,-1.));
#6915 = PLANE('',#6916);
#6916 = AXIS2_PLACEMENT_3D('',#6917,#6918,#6919);
#6917 = CARTESIAN_POINT('',(-105.901,104.44444476561,4.91));
#6918 = DIRECTION('',(0.707106781187,0.707106781187,0.));
#6919 = DIRECTION('',(-0.707106781187,0.707106781187,0.));
#6920 = ADVANCED_FACE('',(#6921),#6932,.T.);
#6921 = FACE_BOUND('',#6922,.T.);
#6922 = EDGE_LOOP('',(#6923,#6924,#6925,#6926));
#6923 = ORIENTED_EDGE('',*,*,#2558,.F.);
#6924 = ORIENTED_EDGE('',*,*,#6910,.T.);
#6925 = ORIENTED_EDGE('',*,*,#865,.F.);
#6926 = ORIENTED_EDGE('',*,*,#6927,.F.);
#6927 = EDGE_CURVE('',#2559,#858,#6928,.T.);
#6928 = LINE('',#6929,#6930);
#6929 = CARTESIAN_POINT('',(-109.3009999999,98.644444765615,4.91));
#6930 = VECTOR('',#6931,1.);
#6931 = DIRECTION('',(-0.,-0.,-1.));
#6932 = PLANE('',#6933);
#6933 = AXIS2_PLACEMENT_3D('',#6934,#6935,#6936);
#6934 = CARTESIAN_POINT('',(-109.3009999999,107.84444476561,4.91));
#6935 = DIRECTION('',(-1.,0.,0.));
#6936 = DIRECTION('',(0.,-1.,0.));
#6937 = ADVANCED_FACE('',(#6938),#6948,.T.);
#6938 = FACE_BOUND('',#6939,.T.);
#6939 = EDGE_LOOP('',(#6940,#6941,#6942,#6943));
#6940 = ORIENTED_EDGE('',*,*,#2566,.F.);
#6941 = ORIENTED_EDGE('',*,*,#6927,.T.);
#6942 = ORIENTED_EDGE('',*,*,#857,.F.);
#6943 = ORIENTED_EDGE('',*,*,#6944,.T.);
#6944 = EDGE_CURVE('',#851,#2567,#6945,.T.);
#6945 = B_SPLINE_CURVE_WITH_KNOTS('',1,(#6946,#6947),.UNSPECIFIED.,.F.,
  .F.,(2,2),(0.,1.),.PIECEWISE_BEZIER_KNOTS.);
#6946 = CARTESIAN_POINT('',(-109.301,98.644444765614,1.51));
#6947 = CARTESIAN_POINT('',(-105.901,102.04444476561,4.91));
#6948 = PLANE('',#6949);
#6949 = AXIS2_PLACEMENT_3D('',#6950,#6951,#6952);
#6950 = CARTESIAN_POINT('',(-109.3009999999,98.644444765615,4.91));
#6951 = DIRECTION('',(0.707106781187,-0.707106781187,0.));
#6952 = DIRECTION('',(0.707106781187,0.707106781187,0.));
#6953 = ADVANCED_FACE('',(#6954),#6964,.F.);
#6954 = FACE_BOUND('',#6955,.F.);
#6955 = EDGE_LOOP('',(#6956,#6961,#6962,#6963));
#6956 = ORIENTED_EDGE('',*,*,#6957,.F.);
#6957 = EDGE_CURVE('',#843,#2575,#6958,.T.);
#6958 = B_SPLINE_CURVE_WITH_KNOTS('',1,(#6959,#6960),.UNSPECIFIED.,.F.,
  .F.,(2,2),(0.,1.),.PIECEWISE_BEZIER_KNOTS.);
#6959 = CARTESIAN_POINT('',(-109.301,96.066666987837,1.51));
#6960 = CARTESIAN_POINT('',(-105.901,92.666666987837,4.91));
#6961 = ORIENTED_EDGE('',*,*,#850,.F.);
#6962 = ORIENTED_EDGE('',*,*,#6944,.T.);
#6963 = ORIENTED_EDGE('',*,*,#2574,.T.);
#6964 = B_SPLINE_SURFACE_WITH_KNOTS('',1,1,(
    (#6965,#6966)
    ,(#6967,#6968
    )),.UNSPECIFIED.,.F.,.F.,.F.,(2,2),(2,2),(-3.2109997505E-07,
    128.00000032117),(0.,1.),.PIECEWISE_BEZIER_KNOTS.);
#6965 = CARTESIAN_POINT('',(-109.301,11.,1.51));
#6966 = CARTESIAN_POINT('',(-105.901,10.9999996789,4.91));
#6967 = CARTESIAN_POINT('',(-109.301,139.,1.51));
#6968 = CARTESIAN_POINT('',(-105.901,139.00000032117,4.91));
#6969 = ADVANCED_FACE('',(#6970),#6981,.T.);
#6970 = FACE_BOUND('',#6971,.T.);
#6971 = EDGE_LOOP('',(#6972,#6973,#6974,#6975));
#6972 = ORIENTED_EDGE('',*,*,#2581,.F.);
#6973 = ORIENTED_EDGE('',*,*,#6957,.F.);
#6974 = ORIENTED_EDGE('',*,*,#842,.F.);
#6975 = ORIENTED_EDGE('',*,*,#6976,.F.);
#6976 = EDGE_CURVE('',#2582,#835,#6977,.T.);
#6977 = LINE('',#6978,#6979);
#6978 = CARTESIAN_POINT('',(-109.3009999999,96.066666987836,4.91));
#6979 = VECTOR('',#6980,1.);
#6980 = DIRECTION('',(-0.,-0.,-1.));
#6981 = PLANE('',#6982);
#6982 = AXIS2_PLACEMENT_3D('',#6983,#6984,#6985);
#6983 = CARTESIAN_POINT('',(-105.901,92.666666987837,4.91));
#6984 = DIRECTION('',(0.707106781187,0.707106781187,0.));
#6985 = DIRECTION('',(-0.707106781187,0.707106781187,0.));
#6986 = ADVANCED_FACE('',(#6987),#6998,.T.);
#6987 = FACE_BOUND('',#6988,.T.);
#6988 = EDGE_LOOP('',(#6989,#6990,#6991,#6992));
#6989 = ORIENTED_EDGE('',*,*,#2589,.F.);
#6990 = ORIENTED_EDGE('',*,*,#6976,.T.);
#6991 = ORIENTED_EDGE('',*,*,#834,.F.);
#6992 = ORIENTED_EDGE('',*,*,#6993,.F.);
#6993 = EDGE_CURVE('',#2590,#827,#6994,.T.);
#6994 = LINE('',#6995,#6996);
#6995 = CARTESIAN_POINT('',(-109.3009999999,86.866666987837,4.91));
#6996 = VECTOR('',#6997,1.);
#6997 = DIRECTION('',(-0.,-0.,-1.));
#6998 = PLANE('',#6999);
#6999 = AXIS2_PLACEMENT_3D('',#7000,#7001,#7002);
#7000 = CARTESIAN_POINT('',(-109.3009999999,96.066666987836,4.91));
#7001 = DIRECTION('',(-1.,0.,0.));
#7002 = DIRECTION('',(0.,-1.,0.));
#7003 = ADVANCED_FACE('',(#7004),#7014,.T.);
#7004 = FACE_BOUND('',#7005,.T.);
#7005 = EDGE_LOOP('',(#7006,#7007,#7008,#7009));
#7006 = ORIENTED_EDGE('',*,*,#2597,.F.);
#7007 = ORIENTED_EDGE('',*,*,#6993,.T.);
#7008 = ORIENTED_EDGE('',*,*,#826,.F.);
#7009 = ORIENTED_EDGE('',*,*,#7010,.T.);
#7010 = EDGE_CURVE('',#820,#2598,#7011,.T.);
#7011 = B_SPLINE_CURVE_WITH_KNOTS('',1,(#7012,#7013),.UNSPECIFIED.,.F.,
  .F.,(2,2),(0.,1.),.PIECEWISE_BEZIER_KNOTS.);
#7012 = CARTESIAN_POINT('',(-109.301,86.866666987837,1.51));
#7013 = CARTESIAN_POINT('',(-105.901,90.266666987837,4.91));
#7014 = PLANE('',#7015);
#7015 = AXIS2_PLACEMENT_3D('',#7016,#7017,#7018);
#7016 = CARTESIAN_POINT('',(-109.3009999999,86.866666987837,4.91));
#7017 = DIRECTION('',(0.707106781187,-0.707106781187,0.));
#7018 = DIRECTION('',(0.707106781187,0.707106781187,0.));
#7019 = ADVANCED_FACE('',(#7020),#7030,.F.);
#7020 = FACE_BOUND('',#7021,.F.);
#7021 = EDGE_LOOP('',(#7022,#7027,#7028,#7029));
#7022 = ORIENTED_EDGE('',*,*,#7023,.F.);
#7023 = EDGE_CURVE('',#812,#2606,#7024,.T.);
#7024 = B_SPLINE_CURVE_WITH_KNOTS('',1,(#7025,#7026),.UNSPECIFIED.,.F.,
  .F.,(2,2),(0.,1.),.PIECEWISE_BEZIER_KNOTS.);
#7025 = CARTESIAN_POINT('',(-109.301,84.288889210059,1.51));
#7026 = CARTESIAN_POINT('',(-105.901,80.888889210059,4.91));
#7027 = ORIENTED_EDGE('',*,*,#819,.F.);
#7028 = ORIENTED_EDGE('',*,*,#7010,.T.);
#7029 = ORIENTED_EDGE('',*,*,#2605,.T.);
#7030 = B_SPLINE_SURFACE_WITH_KNOTS('',1,1,(
    (#7031,#7032)
    ,(#7033,#7034
    )),.UNSPECIFIED.,.F.,.F.,.F.,(2,2),(2,2),(-3.2109997505E-07,
    128.00000032117),(0.,1.),.PIECEWISE_BEZIER_KNOTS.);
#7031 = CARTESIAN_POINT('',(-109.301,11.,1.51));
#7032 = CARTESIAN_POINT('',(-105.901,10.9999996789,4.91));
#7033 = CARTESIAN_POINT('',(-109.301,139.,1.51));
#7034 = CARTESIAN_POINT('',(-105.901,139.00000032117,4.91));
#7035 = ADVANCED_FACE('',(#7036),#7047,.T.);
#7036 = FACE_BOUND('',#7037,.T.);
#7037 = EDGE_LOOP('',(#7038,#7039,#7040,#7041));
#7038 = ORIENTED_EDGE('',*,*,#2612,.F.);
#7039 = ORIENTED_EDGE('',*,*,#7023,.F.);
#7040 = ORIENTED_EDGE('',*,*,#811,.F.);
#7041 = ORIENTED_EDGE('',*,*,#7042,.F.);
#7042 = EDGE_CURVE('',#2613,#804,#7043,.T.);
#7043 = LINE('',#7044,#7045);
#7044 = CARTESIAN_POINT('',(-109.3009999999,84.288889210058,4.91));
#7045 = VECTOR('',#7046,1.);
#7046 = DIRECTION('',(-0.,-0.,-1.));
#7047 = PLANE('',#7048);
#7048 = AXIS2_PLACEMENT_3D('',#7049,#7050,#7051);
#7049 = CARTESIAN_POINT('',(-105.901,80.888889210059,4.91));
#7050 = DIRECTION('',(0.707106781187,0.707106781187,0.));
#7051 = DIRECTION('',(-0.707106781187,0.707106781187,0.));
#7052 = ADVANCED_FACE('',(#7053),#7064,.T.);
#7053 = FACE_BOUND('',#7054,.T.);
#7054 = EDGE_LOOP('',(#7055,#7056,#7057,#7058));
#7055 = ORIENTED_EDGE('',*,*,#2620,.F.);
#7056 = ORIENTED_EDGE('',*,*,#7042,.T.);
#7057 = ORIENTED_EDGE('',*,*,#803,.F.);
#7058 = ORIENTED_EDGE('',*,*,#7059,.F.);
#7059 = EDGE_CURVE('',#2621,#796,#7060,.T.);
#7060 = LINE('',#7061,#7062);
#7061 = CARTESIAN_POINT('',(-109.3009999999,75.088889210059,4.91));
#7062 = VECTOR('',#7063,1.);
#7063 = DIRECTION('',(-0.,-0.,-1.));
#7064 = PLANE('',#7065);
#7065 = AXIS2_PLACEMENT_3D('',#7066,#7067,#7068);
#7066 = CARTESIAN_POINT('',(-109.3009999999,84.288889210058,4.91));
#7067 = DIRECTION('',(-1.,0.,0.));
#7068 = DIRECTION('',(0.,-1.,0.));
#7069 = ADVANCED_FACE('',(#7070),#7080,.T.);
#7070 = FACE_BOUND('',#7071,.T.);
#7071 = EDGE_LOOP('',(#7072,#7073,#7074,#7075));
#7072 = ORIENTED_EDGE('',*,*,#2628,.F.);
#7073 = ORIENTED_EDGE('',*,*,#7059,.T.);
#7074 = ORIENTED_EDGE('',*,*,#795,.F.);
#7075 = ORIENTED_EDGE('',*,*,#7076,.T.);
#7076 = EDGE_CURVE('',#789,#2629,#7077,.T.);
#7077 = B_SPLINE_CURVE_WITH_KNOTS('',1,(#7078,#7079),.UNSPECIFIED.,.F.,
  .F.,(2,2),(0.,1.),.PIECEWISE_BEZIER_KNOTS.);
#7078 = CARTESIAN_POINT('',(-109.301,75.088889210059,1.51));
#7079 = CARTESIAN_POINT('',(-105.901,78.488889210059,4.91));
#7080 = PLANE('',#7081);
#7081 = AXIS2_PLACEMENT_3D('',#7082,#7083,#7084);
#7082 = CARTESIAN_POINT('',(-109.3009999999,75.088889210059,4.91));
#7083 = DIRECTION('',(0.707106781187,-0.707106781187,0.));
#7084 = DIRECTION('',(0.707106781187,0.707106781187,0.));
#7085 = ADVANCED_FACE('',(#7086),#7096,.F.);
#7086 = FACE_BOUND('',#7087,.F.);
#7087 = EDGE_LOOP('',(#7088,#7093,#7094,#7095));
#7088 = ORIENTED_EDGE('',*,*,#7089,.F.);
#7089 = EDGE_CURVE('',#781,#2637,#7090,.T.);
#7090 = B_SPLINE_CURVE_WITH_KNOTS('',1,(#7091,#7092),.UNSPECIFIED.,.F.,
  .F.,(2,2),(0.,1.),.PIECEWISE_BEZIER_KNOTS.);
#7091 = CARTESIAN_POINT('',(-109.301,72.511111432281,1.51));
#7092 = CARTESIAN_POINT('',(-105.901,69.111111432281,4.91));
#7093 = ORIENTED_EDGE('',*,*,#788,.F.);
#7094 = ORIENTED_EDGE('',*,*,#7076,.T.);
#7095 = ORIENTED_EDGE('',*,*,#2636,.T.);
#7096 = B_SPLINE_SURFACE_WITH_KNOTS('',1,1,(
    (#7097,#7098)
    ,(#7099,#7100
    )),.UNSPECIFIED.,.F.,.F.,.F.,(2,2),(2,2),(-3.2109997505E-07,
    128.00000032117),(0.,1.),.PIECEWISE_BEZIER_KNOTS.);
#7097 = CARTESIAN_POINT('',(-109.301,11.,1.51));
#7098 = CARTESIAN_POINT('',(-105.901,10.9999996789,4.91));
#7099 = CARTESIAN_POINT('',(-109.301,139.,1.51));
#7100 = CARTESIAN_POINT('',(-105.901,139.00000032117,4.91));
#7101 = ADVANCED_FACE('',(#7102),#7113,.T.);
#7102 = FACE_BOUND('',#7103,.T.);
#7103 = EDGE_LOOP('',(#7104,#7105,#7106,#7107));
#7104 = ORIENTED_EDGE('',*,*,#2643,.F.);
#7105 = ORIENTED_EDGE('',*,*,#7089,.F.);
#7106 = ORIENTED_EDGE('',*,*,#780,.F.);
#7107 = ORIENTED_EDGE('',*,*,#7108,.F.);
#7108 = EDGE_CURVE('',#2644,#773,#7109,.T.);
#7109 = LINE('',#7110,#7111);
#7110 = CARTESIAN_POINT('',(-109.3009999999,72.511111432281,4.91));
#7111 = VECTOR('',#7112,1.);
#7112 = DIRECTION('',(-0.,-0.,-1.));
#7113 = PLANE('',#7114);
#7114 = AXIS2_PLACEMENT_3D('',#7115,#7116,#7117);
#7115 = CARTESIAN_POINT('',(-105.901,69.111111432281,4.91));
#7116 = DIRECTION('',(0.707106781187,0.707106781187,0.));
#7117 = DIRECTION('',(-0.707106781187,0.707106781187,0.));
#7118 = ADVANCED_FACE('',(#7119),#7130,.T.);
#7119 = FACE_BOUND('',#7120,.T.);
#7120 = EDGE_LOOP('',(#7121,#7122,#7123,#7124));
#7121 = ORIENTED_EDGE('',*,*,#2651,.F.);
#7122 = ORIENTED_EDGE('',*,*,#7108,.T.);
#7123 = ORIENTED_EDGE('',*,*,#772,.F.);
#7124 = ORIENTED_EDGE('',*,*,#7125,.F.);
#7125 = EDGE_CURVE('',#2652,#765,#7126,.T.);
#7126 = LINE('',#7127,#7128);
#7127 = CARTESIAN_POINT('',(-109.3009999999,63.311111432282,4.91));
#7128 = VECTOR('',#7129,1.);
#7129 = DIRECTION('',(-0.,-0.,-1.));
#7130 = PLANE('',#7131);
#7131 = AXIS2_PLACEMENT_3D('',#7132,#7133,#7134);
#7132 = CARTESIAN_POINT('',(-109.3009999999,72.511111432281,4.91));
#7133 = DIRECTION('',(-1.,0.,0.));
#7134 = DIRECTION('',(0.,-1.,0.));
#7135 = ADVANCED_FACE('',(#7136),#7146,.T.);
#7136 = FACE_BOUND('',#7137,.T.);
#7137 = EDGE_LOOP('',(#7138,#7139,#7140,#7141));
#7138 = ORIENTED_EDGE('',*,*,#2659,.F.);
#7139 = ORIENTED_EDGE('',*,*,#7125,.T.);
#7140 = ORIENTED_EDGE('',*,*,#764,.F.);
#7141 = ORIENTED_EDGE('',*,*,#7142,.T.);
#7142 = EDGE_CURVE('',#758,#2660,#7143,.T.);
#7143 = B_SPLINE_CURVE_WITH_KNOTS('',1,(#7144,#7145),.UNSPECIFIED.,.F.,
  .F.,(2,2),(0.,1.),.PIECEWISE_BEZIER_KNOTS.);
#7144 = CARTESIAN_POINT('',(-109.301,63.311111432281,1.51));
#7145 = CARTESIAN_POINT('',(-105.901,66.711111432281,4.91));
#7146 = PLANE('',#7147);
#7147 = AXIS2_PLACEMENT_3D('',#7148,#7149,#7150);
#7148 = CARTESIAN_POINT('',(-109.3009999999,63.311111432282,4.91));
#7149 = DIRECTION('',(0.707106781187,-0.707106781187,0.));
#7150 = DIRECTION('',(0.707106781187,0.707106781187,0.));
#7151 = ADVANCED_FACE('',(#7152),#7162,.F.);
#7152 = FACE_BOUND('',#7153,.F.);
#7153 = EDGE_LOOP('',(#7154,#7159,#7160,#7161));
#7154 = ORIENTED_EDGE('',*,*,#7155,.F.);
#7155 = EDGE_CURVE('',#750,#2668,#7156,.T.);
#7156 = B_SPLINE_CURVE_WITH_KNOTS('',1,(#7157,#7158),.UNSPECIFIED.,.F.,
  .F.,(2,2),(0.,1.),.PIECEWISE_BEZIER_KNOTS.);
#7157 = CARTESIAN_POINT('',(-109.301,60.733333654503,1.51));
#7158 = CARTESIAN_POINT('',(-105.901,57.333333654503,4.91));
#7159 = ORIENTED_EDGE('',*,*,#757,.F.);
#7160 = ORIENTED_EDGE('',*,*,#7142,.T.);
#7161 = ORIENTED_EDGE('',*,*,#2667,.T.);
#7162 = B_SPLINE_SURFACE_WITH_KNOTS('',1,1,(
    (#7163,#7164)
    ,(#7165,#7166
    )),.UNSPECIFIED.,.F.,.F.,.F.,(2,2),(2,2),(-3.2109997505E-07,
    128.00000032117),(0.,1.),.PIECEWISE_BEZIER_KNOTS.);
#7163 = CARTESIAN_POINT('',(-109.301,11.,1.51));
#7164 = CARTESIAN_POINT('',(-105.901,10.9999996789,4.91));
#7165 = CARTESIAN_POINT('',(-109.301,139.,1.51));
#7166 = CARTESIAN_POINT('',(-105.901,139.00000032117,4.91));
#7167 = ADVANCED_FACE('',(#7168),#7179,.T.);
#7168 = FACE_BOUND('',#7169,.T.);
#7169 = EDGE_LOOP('',(#7170,#7171,#7172,#7173));
#7170 = ORIENTED_EDGE('',*,*,#2674,.F.);
#7171 = ORIENTED_EDGE('',*,*,#7155,.F.);
#7172 = ORIENTED_EDGE('',*,*,#749,.F.);
#7173 = ORIENTED_EDGE('',*,*,#7174,.F.);
#7174 = EDGE_CURVE('',#2675,#742,#7175,.T.);
#7175 = LINE('',#7176,#7177);
#7176 = CARTESIAN_POINT('',(-109.3009999999,60.733333654503,4.91));
#7177 = VECTOR('',#7178,1.);
#7178 = DIRECTION('',(-0.,-0.,-1.));
#7179 = PLANE('',#7180);
#7180 = AXIS2_PLACEMENT_3D('',#7181,#7182,#7183);
#7181 = CARTESIAN_POINT('',(-105.901,57.333333654503,4.91));
#7182 = DIRECTION('',(0.707106781187,0.707106781187,0.));
#7183 = DIRECTION('',(-0.707106781187,0.707106781187,0.));
#7184 = ADVANCED_FACE('',(#7185),#7196,.T.);
#7185 = FACE_BOUND('',#7186,.T.);
#7186 = EDGE_LOOP('',(#7187,#7188,#7189,#7190));
#7187 = ORIENTED_EDGE('',*,*,#2682,.F.);
#7188 = ORIENTED_EDGE('',*,*,#7174,.T.);
#7189 = ORIENTED_EDGE('',*,*,#741,.F.);
#7190 = ORIENTED_EDGE('',*,*,#7191,.F.);
#7191 = EDGE_CURVE('',#2683,#734,#7192,.T.);
#7192 = LINE('',#7193,#7194);
#7193 = CARTESIAN_POINT('',(-109.3009999999,51.533333654504,4.91));
#7194 = VECTOR('',#7195,1.);
#7195 = DIRECTION('',(-0.,-0.,-1.));
#7196 = PLANE('',#7197);
#7197 = AXIS2_PLACEMENT_3D('',#7198,#7199,#7200);
#7198 = CARTESIAN_POINT('',(-109.3009999999,60.733333654503,4.91));
#7199 = DIRECTION('',(-1.,0.,0.));
#7200 = DIRECTION('',(0.,-1.,0.));
#7201 = ADVANCED_FACE('',(#7202),#7212,.T.);
#7202 = FACE_BOUND('',#7203,.T.);
#7203 = EDGE_LOOP('',(#7204,#7205,#7206,#7207));
#7204 = ORIENTED_EDGE('',*,*,#2690,.F.);
#7205 = ORIENTED_EDGE('',*,*,#7191,.T.);
#7206 = ORIENTED_EDGE('',*,*,#733,.F.);
#7207 = ORIENTED_EDGE('',*,*,#7208,.T.);
#7208 = EDGE_CURVE('',#727,#2691,#7209,.T.);
#7209 = B_SPLINE_CURVE_WITH_KNOTS('',1,(#7210,#7211),.UNSPECIFIED.,.F.,
  .F.,(2,2),(0.,1.),.PIECEWISE_BEZIER_KNOTS.);
#7210 = CARTESIAN_POINT('',(-109.301,51.533333654503,1.51));
#7211 = CARTESIAN_POINT('',(-105.901,54.933333654503,4.91));
#7212 = PLANE('',#7213);
#7213 = AXIS2_PLACEMENT_3D('',#7214,#7215,#7216);
#7214 = CARTESIAN_POINT('',(-109.3009999999,51.533333654504,4.91));
#7215 = DIRECTION('',(0.707106781187,-0.707106781187,0.));
#7216 = DIRECTION('',(0.707106781187,0.707106781187,0.));
#7217 = ADVANCED_FACE('',(#7218),#7228,.F.);
#7218 = FACE_BOUND('',#7219,.F.);
#7219 = EDGE_LOOP('',(#7220,#7225,#7226,#7227));
#7220 = ORIENTED_EDGE('',*,*,#7221,.F.);
#7221 = EDGE_CURVE('',#719,#2699,#7222,.T.);
#7222 = B_SPLINE_CURVE_WITH_KNOTS('',1,(#7223,#7224),.UNSPECIFIED.,.F.,
  .F.,(2,2),(0.,1.),.PIECEWISE_BEZIER_KNOTS.);
#7223 = CARTESIAN_POINT('',(-109.301,48.955555876726,1.51));
#7224 = CARTESIAN_POINT('',(-105.901,45.555555876726,4.91));
#7225 = ORIENTED_EDGE('',*,*,#726,.F.);
#7226 = ORIENTED_EDGE('',*,*,#7208,.T.);
#7227 = ORIENTED_EDGE('',*,*,#2698,.T.);
#7228 = B_SPLINE_SURFACE_WITH_KNOTS('',1,1,(
    (#7229,#7230)
    ,(#7231,#7232
    )),.UNSPECIFIED.,.F.,.F.,.F.,(2,2),(2,2),(-3.2109997505E-07,
    128.00000032117),(0.,1.),.PIECEWISE_BEZIER_KNOTS.);
#7229 = CARTESIAN_POINT('',(-109.301,11.,1.51));
#7230 = CARTESIAN_POINT('',(-105.901,10.9999996789,4.91));
#7231 = CARTESIAN_POINT('',(-109.301,139.,1.51));
#7232 = CARTESIAN_POINT('',(-105.901,139.00000032117,4.91));
#7233 = ADVANCED_FACE('',(#7234),#7245,.T.);
#7234 = FACE_BOUND('',#7235,.T.);
#7235 = EDGE_LOOP('',(#7236,#7237,#7238,#7239));
#7236 = ORIENTED_EDGE('',*,*,#2705,.F.);
#7237 = ORIENTED_EDGE('',*,*,#7221,.F.);
#7238 = ORIENTED_EDGE('',*,*,#718,.F.);
#7239 = ORIENTED_EDGE('',*,*,#7240,.F.);
#7240 = EDGE_CURVE('',#2706,#711,#7241,.T.);
#7241 = LINE('',#7242,#7243);
#7242 = CARTESIAN_POINT('',(-109.3009999999,48.955555876725,4.91));
#7243 = VECTOR('',#7244,1.);
#7244 = DIRECTION('',(-0.,-0.,-1.));
#7245 = PLANE('',#7246);
#7246 = AXIS2_PLACEMENT_3D('',#7247,#7248,#7249);
#7247 = CARTESIAN_POINT('',(-105.901,45.555555876726,4.91));
#7248 = DIRECTION('',(0.707106781187,0.707106781187,0.));
#7249 = DIRECTION('',(-0.707106781187,0.707106781187,0.));
#7250 = ADVANCED_FACE('',(#7251),#7262,.T.);
#7251 = FACE_BOUND('',#7252,.T.);
#7252 = EDGE_LOOP('',(#7253,#7254,#7255,#7256));
#7253 = ORIENTED_EDGE('',*,*,#2713,.F.);
#7254 = ORIENTED_EDGE('',*,*,#7240,.T.);
#7255 = ORIENTED_EDGE('',*,*,#710,.F.);
#7256 = ORIENTED_EDGE('',*,*,#7257,.F.);
#7257 = EDGE_CURVE('',#2714,#703,#7258,.T.);
#7258 = LINE('',#7259,#7260);
#7259 = CARTESIAN_POINT('',(-109.3009999999,39.755555876726,4.91));
#7260 = VECTOR('',#7261,1.);
#7261 = DIRECTION('',(-0.,-0.,-1.));
#7262 = PLANE('',#7263);
#7263 = AXIS2_PLACEMENT_3D('',#7264,#7265,#7266);
#7264 = CARTESIAN_POINT('',(-109.3009999999,48.955555876725,4.91));
#7265 = DIRECTION('',(-1.,0.,0.));
#7266 = DIRECTION('',(0.,-1.,0.));
#7267 = ADVANCED_FACE('',(#7268),#7278,.T.);
#7268 = FACE_BOUND('',#7269,.T.);
#7269 = EDGE_LOOP('',(#7270,#7271,#7272,#7273));
#7270 = ORIENTED_EDGE('',*,*,#2721,.F.);
#7271 = ORIENTED_EDGE('',*,*,#7257,.T.);
#7272 = ORIENTED_EDGE('',*,*,#702,.F.);
#7273 = ORIENTED_EDGE('',*,*,#7274,.T.);
#7274 = EDGE_CURVE('',#696,#2722,#7275,.T.);
#7275 = B_SPLINE_CURVE_WITH_KNOTS('',1,(#7276,#7277),.UNSPECIFIED.,.F.,
  .F.,(2,2),(0.,1.),.PIECEWISE_BEZIER_KNOTS.);
#7276 = CARTESIAN_POINT('',(-109.301,39.755555876726,1.51));
#7277 = CARTESIAN_POINT('',(-105.901,43.155555876726,4.91));
#7278 = PLANE('',#7279);
#7279 = AXIS2_PLACEMENT_3D('',#7280,#7281,#7282);
#7280 = CARTESIAN_POINT('',(-109.3009999999,39.755555876726,4.91));
#7281 = DIRECTION('',(0.707106781187,-0.707106781187,0.));
#7282 = DIRECTION('',(0.707106781187,0.707106781187,0.));
#7283 = ADVANCED_FACE('',(#7284),#7294,.F.);
#7284 = FACE_BOUND('',#7285,.F.);
#7285 = EDGE_LOOP('',(#7286,#7291,#7292,#7293));
#7286 = ORIENTED_EDGE('',*,*,#7287,.F.);
#7287 = EDGE_CURVE('',#688,#2730,#7288,.T.);
#7288 = B_SPLINE_CURVE_WITH_KNOTS('',1,(#7289,#7290),.UNSPECIFIED.,.F.,
  .F.,(2,2),(0.,1.),.PIECEWISE_BEZIER_KNOTS.);
#7289 = CARTESIAN_POINT('',(-109.301,37.177778098948,1.51));
#7290 = CARTESIAN_POINT('',(-105.901,33.777778098948,4.91));
#7291 = ORIENTED_EDGE('',*,*,#695,.F.);
#7292 = ORIENTED_EDGE('',*,*,#7274,.T.);
#7293 = ORIENTED_EDGE('',*,*,#2729,.T.);
#7294 = B_SPLINE_SURFACE_WITH_KNOTS('',1,1,(
    (#7295,#7296)
    ,(#7297,#7298
    )),.UNSPECIFIED.,.F.,.F.,.F.,(2,2),(2,2),(-3.2109997505E-07,
    128.00000032117),(0.,1.),.PIECEWISE_BEZIER_KNOTS.);
#7295 = CARTESIAN_POINT('',(-109.301,11.,1.51));
#7296 = CARTESIAN_POINT('',(-105.901,10.9999996789,4.91));
#7297 = CARTESIAN_POINT('',(-109.301,139.,1.51));
#7298 = CARTESIAN_POINT('',(-105.901,139.00000032117,4.91));
#7299 = ADVANCED_FACE('',(#7300),#7311,.T.);
#7300 = FACE_BOUND('',#7301,.T.);
#7301 = EDGE_LOOP('',(#7302,#7303,#7304,#7305));
#7302 = ORIENTED_EDGE('',*,*,#2736,.F.);
#7303 = ORIENTED_EDGE('',*,*,#7287,.F.);
#7304 = ORIENTED_EDGE('',*,*,#687,.F.);
#7305 = ORIENTED_EDGE('',*,*,#7306,.F.);
#7306 = EDGE_CURVE('',#2737,#680,#7307,.T.);
#7307 = LINE('',#7308,#7309);
#7308 = CARTESIAN_POINT('',(-109.3009999999,37.177778098947,4.91));
#7309 = VECTOR('',#7310,1.);
#7310 = DIRECTION('',(-0.,-0.,-1.));
#7311 = PLANE('',#7312);
#7312 = AXIS2_PLACEMENT_3D('',#7313,#7314,#7315);
#7313 = CARTESIAN_POINT('',(-105.901,33.777778098948,4.91));
#7314 = DIRECTION('',(0.707106781187,0.707106781187,0.));
#7315 = DIRECTION('',(-0.707106781187,0.707106781187,0.));
#7316 = ADVANCED_FACE('',(#7317),#7328,.T.);
#7317 = FACE_BOUND('',#7318,.T.);
#7318 = EDGE_LOOP('',(#7319,#7320,#7321,#7322));
#7319 = ORIENTED_EDGE('',*,*,#2744,.F.);
#7320 = ORIENTED_EDGE('',*,*,#7306,.T.);
#7321 = ORIENTED_EDGE('',*,*,#679,.F.);
#7322 = ORIENTED_EDGE('',*,*,#7323,.F.);
#7323 = EDGE_CURVE('',#2745,#672,#7324,.T.);
#7324 = LINE('',#7325,#7326);
#7325 = CARTESIAN_POINT('',(-109.3009999999,27.977778098948,4.91));
#7326 = VECTOR('',#7327,1.);
#7327 = DIRECTION('',(-0.,-0.,-1.));
#7328 = PLANE('',#7329);
#7329 = AXIS2_PLACEMENT_3D('',#7330,#7331,#7332);
#7330 = CARTESIAN_POINT('',(-109.3009999999,37.177778098947,4.91));
#7331 = DIRECTION('',(-1.,0.,0.));
#7332 = DIRECTION('',(0.,-1.,0.));
#7333 = ADVANCED_FACE('',(#7334),#7344,.T.);
#7334 = FACE_BOUND('',#7335,.T.);
#7335 = EDGE_LOOP('',(#7336,#7337,#7338,#7339));
#7336 = ORIENTED_EDGE('',*,*,#2752,.F.);
#7337 = ORIENTED_EDGE('',*,*,#7323,.T.);
#7338 = ORIENTED_EDGE('',*,*,#671,.F.);
#7339 = ORIENTED_EDGE('',*,*,#7340,.T.);
#7340 = EDGE_CURVE('',#665,#2753,#7341,.T.);
#7341 = B_SPLINE_CURVE_WITH_KNOTS('',1,(#7342,#7343),.UNSPECIFIED.,.F.,
  .F.,(2,2),(0.,1.),.PIECEWISE_BEZIER_KNOTS.);
#7342 = CARTESIAN_POINT('',(-109.301,27.977778098948,1.51));
#7343 = CARTESIAN_POINT('',(-105.901,31.377778098948,4.91));
#7344 = PLANE('',#7345);
#7345 = AXIS2_PLACEMENT_3D('',#7346,#7347,#7348);
#7346 = CARTESIAN_POINT('',(-109.3009999999,27.977778098948,4.91));
#7347 = DIRECTION('',(0.707106781187,-0.707106781187,0.));
#7348 = DIRECTION('',(0.707106781187,0.707106781187,0.));
#7349 = ADVANCED_FACE('',(#7350),#7360,.F.);
#7350 = FACE_BOUND('',#7351,.F.);
#7351 = EDGE_LOOP('',(#7352,#7357,#7358,#7359));
#7352 = ORIENTED_EDGE('',*,*,#7353,.F.);
#7353 = EDGE_CURVE('',#657,#2761,#7354,.T.);
#7354 = B_SPLINE_CURVE_WITH_KNOTS('',1,(#7355,#7356),.UNSPECIFIED.,.F.,
  .F.,(2,2),(0.,1.),.PIECEWISE_BEZIER_KNOTS.);
#7355 = CARTESIAN_POINT('',(-109.301,25.40000032117,1.51));
#7356 = CARTESIAN_POINT('',(-105.901,22.00000032117,4.91));
#7357 = ORIENTED_EDGE('',*,*,#664,.F.);
#7358 = ORIENTED_EDGE('',*,*,#7340,.T.);
#7359 = ORIENTED_EDGE('',*,*,#2760,.T.);
#7360 = B_SPLINE_SURFACE_WITH_KNOTS('',1,1,(
    (#7361,#7362)
    ,(#7363,#7364
    )),.UNSPECIFIED.,.F.,.F.,.F.,(2,2),(2,2),(-3.2109997505E-07,
    128.00000032117),(0.,1.),.PIECEWISE_BEZIER_KNOTS.);
#7361 = CARTESIAN_POINT('',(-109.301,11.,1.51));
#7362 = CARTESIAN_POINT('',(-105.901,10.9999996789,4.91));
#7363 = CARTESIAN_POINT('',(-109.301,139.,1.51));
#7364 = CARTESIAN_POINT('',(-105.901,139.00000032117,4.91));
#7365 = ADVANCED_FACE('',(#7366),#7377,.T.);
#7366 = FACE_BOUND('',#7367,.T.);
#7367 = EDGE_LOOP('',(#7368,#7369,#7370,#7371));
#7368 = ORIENTED_EDGE('',*,*,#2767,.F.);
#7369 = ORIENTED_EDGE('',*,*,#7353,.F.);
#7370 = ORIENTED_EDGE('',*,*,#656,.F.);
#7371 = ORIENTED_EDGE('',*,*,#7372,.F.);
#7372 = EDGE_CURVE('',#2768,#649,#7373,.T.);
#7373 = LINE('',#7374,#7375);
#7374 = CARTESIAN_POINT('',(-109.3009999999,25.400000321169,4.91));
#7375 = VECTOR('',#7376,1.);
#7376 = DIRECTION('',(-0.,-0.,-1.));
#7377 = PLANE('',#7378);
#7378 = AXIS2_PLACEMENT_3D('',#7379,#7380,#7381);
#7379 = CARTESIAN_POINT('',(-105.901,22.00000032117,4.91));
#7380 = DIRECTION('',(0.707106781187,0.707106781187,0.));
#7381 = DIRECTION('',(-0.707106781187,0.707106781187,0.));
#7382 = ADVANCED_FACE('',(#7383),#7410,.T.);
#7383 = FACE_BOUND('',#7384,.T.);
#7384 = EDGE_LOOP('',(#7385,#7386,#7387,#7388,#7396,#7404));
#7385 = ORIENTED_EDGE('',*,*,#2775,.F.);
#7386 = ORIENTED_EDGE('',*,*,#7372,.T.);
#7387 = ORIENTED_EDGE('',*,*,#648,.F.);
#7388 = ORIENTED_EDGE('',*,*,#7389,.F.);
#7389 = EDGE_CURVE('',#7390,#641,#7392,.T.);
#7390 = VERTEX_POINT('',#7391);
#7391 = CARTESIAN_POINT('',(-109.3009999999,16.200000321171,3.7));
#7392 = LINE('',#7393,#7394);
#7393 = CARTESIAN_POINT('',(-109.3009999999,16.200000321171,4.91));
#7394 = VECTOR('',#7395,1.);
#7395 = DIRECTION('',(-0.,-0.,-1.));
#7396 = ORIENTED_EDGE('',*,*,#7397,.F.);
#7397 = EDGE_CURVE('',#7398,#7390,#7400,.T.);
#7398 = VERTEX_POINT('',#7399);
#7399 = CARTESIAN_POINT('',(-109.3009999999,19.,3.7));
#7400 = LINE('',#7401,#7402);
#7401 = CARTESIAN_POINT('',(-109.3009999999,33.824246114752,3.7));
#7402 = VECTOR('',#7403,1.);
#7403 = DIRECTION('',(0.,-1.,0.));
#7404 = ORIENTED_EDGE('',*,*,#7405,.T.);
#7405 = EDGE_CURVE('',#7398,#2776,#7406,.T.);
#7406 = LINE('',#7407,#7408);
#7407 = CARTESIAN_POINT('',(-109.3009999999,19.,4.905));
#7408 = VECTOR('',#7409,1.);
#7409 = DIRECTION('',(0.,-0.,1.));
#7410 = PLANE('',#7411);
#7411 = AXIS2_PLACEMENT_3D('',#7412,#7413,#7414);
#7412 = CARTESIAN_POINT('',(-109.3009999999,25.400000321169,4.91));
#7413 = DIRECTION('',(-1.,0.,0.));
#7414 = DIRECTION('',(0.,-1.,0.));
#7415 = ADVANCED_FACE('',(#7416),#7433,.T.);
#7416 = FACE_BOUND('',#7417,.T.);
#7417 = EDGE_LOOP('',(#7418,#7426,#7427,#7428));
#7418 = ORIENTED_EDGE('',*,*,#7419,.F.);
#7419 = EDGE_CURVE('',#7390,#7420,#7422,.T.);
#7420 = VERTEX_POINT('',#7421);
#7421 = CARTESIAN_POINT('',(-107.111,18.39000032117,3.7));
#7422 = LINE('',#7423,#7424);
#7423 = CARTESIAN_POINT('',(-96.49354657732,29.007453743845,3.7));
#7424 = VECTOR('',#7425,1.);
#7425 = DIRECTION('',(0.707106781187,0.707106781187,-0.));
#7426 = ORIENTED_EDGE('',*,*,#7389,.T.);
#7427 = ORIENTED_EDGE('',*,*,#640,.F.);
#7428 = ORIENTED_EDGE('',*,*,#7429,.T.);
#7429 = EDGE_CURVE('',#634,#7420,#7430,.T.);
#7430 = B_SPLINE_CURVE_WITH_KNOTS('',1,(#7431,#7432),.UNSPECIFIED.,.F.,
  .F.,(2,2),(0.,1.),.PIECEWISE_BEZIER_KNOTS.);
#7431 = CARTESIAN_POINT('',(-109.301,16.20000032117,1.51));
#7432 = CARTESIAN_POINT('',(-105.901,19.60000032117,4.91));
#7433 = PLANE('',#7434);
#7434 = AXIS2_PLACEMENT_3D('',#7435,#7436,#7437);
#7435 = CARTESIAN_POINT('',(-109.3009999999,16.200000321171,4.91));
#7436 = DIRECTION('',(0.707106781187,-0.707106781187,0.));
#7437 = DIRECTION('',(0.707106781187,0.707106781187,0.));
#7438 = ADVANCED_FACE('',(#7439),#7474,.F.);
#7439 = FACE_BOUND('',#7440,.F.);
#7440 = EDGE_LOOP('',(#7441,#7448,#7449,#7450,#7457));
#7441 = ORIENTED_EDGE('',*,*,#7442,.F.);
#7442 = EDGE_CURVE('',#607,#7443,#7445,.T.);
#7443 = VERTEX_POINT('',#7444);
#7444 = CARTESIAN_POINT('',(-108.401,10.999999915003,2.41));
#7445 = B_SPLINE_CURVE_WITH_KNOTS('',1,(#7446,#7447),.UNSPECIFIED.,.F.,
  .F.,(2,2),(0.,1.),.PIECEWISE_BEZIER_KNOTS.);
#7446 = CARTESIAN_POINT('',(-109.301,11.,1.51));
#7447 = CARTESIAN_POINT('',(-105.901,10.9999996789,4.91));
#7448 = ORIENTED_EDGE('',*,*,#633,.F.);
#7449 = ORIENTED_EDGE('',*,*,#7429,.T.);
#7450 = ORIENTED_EDGE('',*,*,#7451,.T.);
#7451 = EDGE_CURVE('',#7420,#7452,#7454,.T.);
#7452 = VERTEX_POINT('',#7453);
#7453 = CARTESIAN_POINT('',(-107.111,13.985615514429,3.7));
#7454 = B_SPLINE_CURVE_WITH_KNOTS('',1,(#7455,#7456),.UNSPECIFIED.,.F.,
  .F.,(2,2),(0.,1.),.PIECEWISE_BEZIER_KNOTS.);
#7455 = CARTESIAN_POINT('',(-107.111,19.601662459784,3.7));
#7456 = CARTESIAN_POINT('',(-107.111,10.999999793174,3.7));
#7457 = ORIENTED_EDGE('',*,*,#7458,.T.);
#7458 = EDGE_CURVE('',#7452,#7443,#7459,.T.);
#7459 = B_SPLINE_CURVE_WITH_KNOTS('',7,(#7460,#7461,#7462,#7463,#7464,
    #7465,#7466,#7467,#7468,#7469,#7470,#7471,#7472,#7473),
  .UNSPECIFIED.,.F.,.F.,(8,6,8),(0.,0.411990572554,1.),.UNSPECIFIED.);
#7460 = CARTESIAN_POINT('',(-107.110228051,13.986341868794,
    3.700771948971));
#7461 = CARTESIAN_POINT('',(-107.2431861494,13.86126924122,
    3.567813850558));
#7462 = CARTESIAN_POINT('',(-107.3710671968,13.727955269544,
    3.439932803145));
#7463 = CARTESIAN_POINT('',(-107.4932817555,13.586453320786,
    3.31771824445));
#7464 = CARTESIAN_POINT('',(-107.6091700638,13.436887230341,
    3.201829936134));
#7465 = CARTESIAN_POINT('',(-107.7180175529,13.279471241284,
    3.092982447046));
#7466 = CARTESIAN_POINT('',(-107.819077556,13.114536631919,
    2.991922443984));
#7467 = CARTESIAN_POINT('',(-108.0436546706,12.697120283624,
    2.767345329359));
#7468 = CARTESIAN_POINT('',(-108.1584602633,12.437079420274,
    2.652539736634));
#7469 = CARTESIAN_POINT('',(-108.2535405733,12.1642294122,2.557459426608
    ));
#7470 = CARTESIAN_POINT('',(-108.3267179039,11.880887953309,
    2.484282096064));
#7471 = CARTESIAN_POINT('',(-108.3762572937,11.589938104952,
    2.434742706234));
#7472 = CARTESIAN_POINT('',(-108.401,11.294876149983,2.41));
#7473 = CARTESIAN_POINT('',(-108.401,11.,2.41));
#7474 = B_SPLINE_SURFACE_WITH_KNOTS('',1,1,(
    (#7475,#7476)
    ,(#7477,#7478
    )),.UNSPECIFIED.,.F.,.F.,.F.,(2,2),(2,2),(-3.2109997505E-07,
    128.00000032117),(0.,1.),.PIECEWISE_BEZIER_KNOTS.);
#7475 = CARTESIAN_POINT('',(-109.301,11.,1.51));
#7476 = CARTESIAN_POINT('',(-105.901,10.9999996789,4.91));
#7477 = CARTESIAN_POINT('',(-109.301,139.,1.51));
#7478 = CARTESIAN_POINT('',(-105.901,139.00000032117,4.91));
#7479 = ADVANCED_FACE('',(#7480),#7541,.F.);
#7480 = FACE_BOUND('',#7481,.F.);
#7481 = EDGE_LOOP('',(#7482,#7489,#7490,#7491));
#7482 = ORIENTED_EDGE('',*,*,#7483,.F.);
#7483 = EDGE_CURVE('',#600,#7484,#7486,.T.);
#7484 = VERTEX_POINT('',#7485);
#7485 = CARTESIAN_POINT('',(-104.301000085,6.9,2.41));
#7486 = B_SPLINE_CURVE_WITH_KNOTS('',1,(#7487,#7488),.UNSPECIFIED.,.F.,
  .F.,(2,2),(0.,1.),.PIECEWISE_BEZIER_KNOTS.);
#7487 = CARTESIAN_POINT('',(-104.301,6.,1.51));
#7488 = CARTESIAN_POINT('',(-104.3010003211,9.4,4.91));
#7489 = ORIENTED_EDGE('',*,*,#606,.F.);
#7490 = ORIENTED_EDGE('',*,*,#7442,.T.);
#7491 = ORIENTED_EDGE('',*,*,#7492,.T.);
#7492 = EDGE_CURVE('',#7443,#7484,#7493,.T.);
#7493 = B_SPLINE_CURVE_WITH_KNOTS('',6,(#7494,#7495,#7496,#7497,#7498,
    #7499,#7500,#7501,#7502,#7503,#7504,#7505,#7506,#7507,#7508,#7509,
    #7510,#7511,#7512,#7513,#7514,#7515,#7516,#7517,#7518,#7519,#7520,
    #7521,#7522,#7523,#7524,#7525,#7526,#7527,#7528,#7529,#7530,#7531,
    #7532,#7533,#7534,#7535,#7536,#7537,#7538,#7539,#7540),
  .UNSPECIFIED.,.F.,.F.,(7,5,5,5,5,5,5,5,5,7),(0.,5.000062754486E-02,
    8.500106692307E-02,0.142001778556,0.249003065068,0.268003303346,
    0.329004065687,0.442005412301,0.721002704385,1.),.UNSPECIFIED.);
#7494 = CARTESIAN_POINT('',(-108.401,10.999999915003,2.41));
#7495 = CARTESIAN_POINT('',(-108.4009999988,10.946331040975,
    2.410000004203));
#7496 = CARTESIAN_POINT('',(-108.4001569689,10.892662161981,
    2.41000000731));
#7497 = CARTESIAN_POINT('',(-108.3984709104,10.839009841855,
    2.41000000994));
#7498 = CARTESIAN_POINT('',(-108.3959422566,10.785390627406,
    2.410000012515));
#7499 = CARTESIAN_POINT('',(-108.3925718737,10.731821048419,
    2.410000015258));
#7500 = CARTESIAN_POINT('',(-108.3854134924,10.640865216018,
    2.410000020249));
#7501 = CARTESIAN_POINT('',(-108.3820541129,10.603445223776,
    2.41000002241));
#7502 = CARTESIAN_POINT('',(-108.3782833683,10.566063302889,
    2.410000024701));
#7503 = CARTESIAN_POINT('',(-108.3741018077,10.528725104298,
    2.410000027128));
#7504 = CARTESIAN_POINT('',(-108.3695100836,10.491436267936,
    2.410000029684));
#7505 = CARTESIAN_POINT('',(-108.3563642529,10.393564450405,
    2.410000036683));
#7506 = CARTESIAN_POINT('',(-108.3471337033,10.33307231651,
    2.410000041314));
#7507 = CARTESIAN_POINT('',(-108.3368205713,10.272750347383,
    2.410000046134));
#7508 = CARTESIAN_POINT('',(-108.3254288452,10.212622739552,
    2.410000051038));
#7509 = CARTESIAN_POINT('',(-108.3129632336,10.152713559726,
    2.410000055922));
#7510 = CARTESIAN_POINT('',(-108.27402312,9.9810406702,2.410000069611));
#7511 = CARTESIAN_POINT('',(-108.244851929,9.869888407079,2.410000078094
    ));
#7512 = CARTESIAN_POINT('',(-108.2119516053,9.759748635708,
    2.410000085612));
#7513 = CARTESIAN_POINT('',(-108.1753668287,9.650777287753,2.41000009194
    ));
#7514 = CARTESIAN_POINT('',(-108.1351509466,9.54312754627,2.410000097145
    ));
#7515 = CARTESIAN_POINT('',(-108.083591068,9.418095851745,2.410000102372
    ));
#7516 = CARTESIAN_POINT('',(-108.0757036222,9.399288266354,
    2.410000103135));
#7517 = CARTESIAN_POINT('',(-108.0677039828,9.380527929313,
    2.410000103873));
#7518 = CARTESIAN_POINT('',(-108.0595925043,9.361815676824,
    2.410000104589));
#7519 = CARTESIAN_POINT('',(-108.0513695496,9.343152341523,
    2.410000105284));
#7520 = CARTESIAN_POINT('',(-108.0162787731,9.264779337605,
    2.410000108123));
#7521 = CARTESIAN_POINT('',(-107.9883768383,9.205532668781,
    2.410000110081));
#7522 = CARTESIAN_POINT('',(-107.9593419809,9.146826205955,2.41000011188
    ));
#7523 = CARTESIAN_POINT('',(-107.9291873534,9.088686975191,
    2.410000113561));
#7524 = CARTESIAN_POINT('',(-107.8979269643,9.031141568664,
    2.410000115155));
#7525 = CARTESIAN_POINT('',(-107.8056462835,8.868764190908,2.41000011951
    ));
#7526 = CARTESIAN_POINT('',(-107.7419731911,8.765439483492,
    2.410000122125));
#7527 = CARTESIAN_POINT('',(-107.6746511517,8.664408691276,
    2.410000124585));
#7528 = CARTESIAN_POINT('',(-107.6037842149,8.565832044831,
    2.410000126861));
#7529 = CARTESIAN_POINT('',(-107.5294857302,8.469863336427,
    2.410000128837));
#7530 = CARTESIAN_POINT('',(-107.2602678007,8.146508496618,
    2.410000133948));
#7531 = CARTESIAN_POINT('',(-107.0484701445,7.933142806161,
    2.410000134888));
#7532 = CARTESIAN_POINT('',(-106.8183540039,7.738809236774,
    2.410000129803));
#7533 = CARTESIAN_POINT('',(-106.5720783683,7.565410026142,
    2.410000122516));
#7534 = CARTESIAN_POINT('',(-106.3120302318,7.414552038683,
    2.410000117299));
#7535 = CARTESIAN_POINT('',(-105.7697010809,7.160391059813,
    2.410000099048));
#7536 = CARTESIAN_POINT('',(-105.4873760887,7.057067458914,
    2.410000084046));
#7537 = CARTESIAN_POINT('',(-105.1965402273,6.978750930595,
    2.410000073708));
#7538 = CARTESIAN_POINT('',(-104.8999556815,6.92624775664,2.410000014856
    ));
#7539 = CARTESIAN_POINT('',(-104.6004657408,6.90000000621,2.410000023392
    ));
#7540 = CARTESIAN_POINT('',(-104.301000085,6.9,2.409999999934));
#7541 = B_SPLINE_SURFACE_WITH_KNOTS('',8,1,(
    (#7542,#7543)
    ,(#7544,#7545)
    ,(#7546,#7547)
    ,(#7548,#7549)
    ,(#7550,#7551)
    ,(#7552,#7553)
    ,(#7554,#7555)
    ,(#7556,#7557)
    ,(#7558,#7559
    )),.UNSPECIFIED.,.F.,.F.,.F.,(9,9),(2,2),(0.,1.570796455248),(0.,1.)
  ,.PIECEWISE_BEZIER_KNOTS.);
#7542 = CARTESIAN_POINT('',(-104.301,6.000000000066,1.51));
#7543 = CARTESIAN_POINT('',(-104.3010003211,9.400000000066,4.91));
#7544 = CARTESIAN_POINT('',(-105.2827477214,5.999999937005,1.51));
#7545 = CARTESIAN_POINT('',(-104.6151595234,9.400000000066,4.91));
#7546 = CARTESIAN_POINT('',(-106.2644957661,6.220303840631,1.51));
#7547 = CARTESIAN_POINT('',(-104.9293188246,9.470497248253,4.91));
#7548 = CARTESIAN_POINT('',(-107.1885662553,6.660909550871,1.51));
#7549 = CARTESIAN_POINT('',(-105.2250213106,9.61149105222,4.91));
#7550 = CARTESIAN_POINT('',(-107.9972938897,7.303706110263,1.51));
#7551 = CARTESIAN_POINT('',(-105.4838140929,9.817185907077,4.91));
#7552 = CARTESIAN_POINT('',(-108.6400904491,8.112433744659,1.51));
#7553 = CARTESIAN_POINT('',(-105.6895089478,10.075978689442,4.91));
#7554 = CARTESIAN_POINT('',(-109.0806961594,9.036504233886,1.51));
#7555 = CARTESIAN_POINT('',(-105.8305027518,10.371681175415,4.91));
#7556 = CARTESIAN_POINT('',(-109.301000063,10.018252278531,1.51));
#7557 = CARTESIAN_POINT('',(-105.901,10.685840476602,4.91));
#7558 = CARTESIAN_POINT('',(-109.301,11.,1.51));
#7559 = CARTESIAN_POINT('',(-105.901,10.9999996789,4.91));
#7560 = ADVANCED_FACE('',(#7561),#7620,.F.);
#7561 = FACE_BOUND('',#7562,.F.);
#7562 = EDGE_LOOP('',(#7563,#7564,#7565,#7602,#7609));
#7563 = ORIENTED_EDGE('',*,*,#599,.F.);
#7564 = ORIENTED_EDGE('',*,*,#7483,.T.);
#7565 = ORIENTED_EDGE('',*,*,#7566,.T.);
#7566 = EDGE_CURVE('',#7484,#7567,#7569,.T.);
#7567 = VERTEX_POINT('',#7568);
#7568 = CARTESIAN_POINT('',(-101.3153844855,8.19,3.7));
#7569 = B_SPLINE_CURVE_WITH_KNOTS('',7,(#7570,#7571,#7572,#7573,#7574,
    #7575,#7576,#7577,#7578,#7579,#7580,#7581,#7582,#7583,#7584,#7585,
    #7586,#7587,#7588,#7589,#7590,#7591,#7592,#7593,#7594,#7595,#7596,
    #7597,#7598,#7599,#7600,#7601),.UNSPECIFIED.,.F.,.F.,(8,6,6,6,6,8),(
    0.,0.571920287744,0.955097561612,0.978194514753,0.988900119489,1.),
  .UNSPECIFIED.);
#7570 = CARTESIAN_POINT('',(-104.301000085,6.9,2.41));
#7571 = CARTESIAN_POINT('',(-104.0132118554,6.899999994033,
    2.409999994033));
#7572 = CARTESIAN_POINT('',(-103.7252488997,6.923567474163,
    2.433567474163));
#7573 = CARTESIAN_POINT('',(-103.4412413331,6.97075222624,2.48075222624)
  );
#7574 = CARTESIAN_POINT('',(-103.1645445597,7.040436339375,
    2.550436339375));
#7575 = CARTESIAN_POINT('',(-102.8978835099,7.13094103665,2.64094103665)
  );
#7576 = CARTESIAN_POINT('',(-102.6434048316,7.240198191761,
    2.750198191761));
#7577 = CARTESIAN_POINT('',(-102.2414758076,7.450146973833,
    2.960146973833));
#7578 = CARTESIAN_POINT('',(-102.0863164464,7.541820100167,
    3.051820100167));
#7579 = CARTESIAN_POINT('',(-101.9376296446,7.640326353553,
    3.150326353553));
#7580 = CARTESIAN_POINT('',(-101.795679871,7.745061172855,3.255061172855
    ));
#7581 = CARTESIAN_POINT('',(-101.6606397972,7.855448503886,
    3.365448503886));
#7582 = CARTESIAN_POINT('',(-101.5326107733,7.970958268978,
    3.480958268978));
#7583 = CARTESIAN_POINT('',(-101.4043468496,8.098361470003,
    3.608361470003));
#7584 = CARTESIAN_POINT('',(-101.3970806118,8.105621313166,
    3.615621313166));
#7585 = CARTESIAN_POINT('',(-101.3898400351,8.112897939897,
    3.622897939897));
#7586 = CARTESIAN_POINT('',(-101.3826251306,8.120191245742,
    3.630191245742));
#7587 = CARTESIAN_POINT('',(-101.3754359088,8.127501126838,
    3.637501126838));
#7588 = CARTESIAN_POINT('',(-101.3682723798,8.134827479909,
    3.644827479909));
#7589 = CARTESIAN_POINT('',(-101.3578261184,8.14557360716,3.65557360716)
  );
#7590 = CARTESIAN_POINT('',(-101.3545266305,8.148977005911,
    3.658977005911));
#7591 = CARTESIAN_POINT('',(-101.3512360466,8.15238039858,3.66238039858)
  );
#7592 = CARTESIAN_POINT('',(-101.3479543248,8.155783785226,
    3.665783785226));
#7593 = CARTESIAN_POINT('',(-101.3446814239,8.159187165907,
    3.669187165907));
#7594 = CARTESIAN_POINT('',(-101.3414173029,8.16259054068,3.67259054068)
  );
#7595 = CARTESIAN_POINT('',(-101.3347866478,8.169522620898,
    3.679522620898));
#7596 = CARTESIAN_POINT('',(-101.3314172884,8.173054964047,
    3.683054964047));
#7597 = CARTESIAN_POINT('',(-101.3280537733,8.176591003593,
    3.686591003593));
#7598 = CARTESIAN_POINT('',(-101.3246960716,8.180130762146,
    3.690130762146));
#7599 = CARTESIAN_POINT('',(-101.3213441921,8.183674220386,
    3.693674220386));
#7600 = CARTESIAN_POINT('',(-101.3179981828,8.187221317057,
    3.697221317057));
#7601 = CARTESIAN_POINT('',(-101.3146581312,8.190771948971,
    3.700771948971));
#7602 = ORIENTED_EDGE('',*,*,#7603,.T.);
#7603 = EDGE_CURVE('',#7567,#7604,#7606,.T.);
#7604 = VERTEX_POINT('',#7605);
#7605 = CARTESIAN_POINT('',(-99.46206781186,8.19,3.7));
#7606 = B_SPLINE_CURVE_WITH_KNOTS('',1,(#7607,#7608),.UNSPECIFIED.,.F.,
  .F.,(2,2),(0.,1.),.PIECEWISE_BEZIER_KNOTS.);
#7607 = CARTESIAN_POINT('',(-104.3010002068,8.19,3.7));
#7608 = CARTESIAN_POINT('',(-89.09521564261,8.19,3.7));
#7609 = ORIENTED_EDGE('',*,*,#7610,.F.);
#7610 = EDGE_CURVE('',#592,#7604,#7611,.T.);
#7611 = B_SPLINE_CURVE_WITH_KNOTS('',4,(#7612,#7613,#7614,#7615,#7616,
    #7617,#7618,#7619),.UNSPECIFIED.,.F.,.F.,(5,3,5),(0.,0.49922353489,
    1.),.UNSPECIFIED.);
#7612 = CARTESIAN_POINT('',(-97.56206781186,6.29,1.8));
#7613 = CARTESIAN_POINT('',(-97.80035344066,6.528285628803,
    2.038285628803));
#7614 = CARTESIAN_POINT('',(-98.03827907543,6.766211263565,
    2.276211263565));
#7615 = CARTESIAN_POINT('',(-98.27583862502,7.003770813155,
    2.513770813155));
#7616 = CARTESIAN_POINT('',(-98.75095103684,7.478883224976,
    2.988883224976));
#7617 = CARTESIAN_POINT('',(-98.98850158166,7.716433769797,
    3.226433769797));
#7618 = CARTESIAN_POINT('',(-99.22567127833,7.953603466465,
    3.463603466465));
#7619 = CARTESIAN_POINT('',(-99.4624537855,8.190385973642,3.700385973642
    ));
#7620 = B_SPLINE_SURFACE_WITH_KNOTS('',1,1,(
    (#7621,#7622)
    ,(#7623,#7624
    )),.UNSPECIFIED.,.F.,.F.,.F.,(2,2),(2,2),(0.,92.3),(0.,1.),
  .PIECEWISE_BEZIER_KNOTS.);
#7621 = CARTESIAN_POINT('',(-12.001,6.,1.51));
#7622 = CARTESIAN_POINT('',(-15.401,9.4,4.91));
#7623 = CARTESIAN_POINT('',(-104.301,6.,1.51));
#7624 = CARTESIAN_POINT('',(-104.3010003211,9.4,4.91));
#7625 = ADVANCED_FACE('',(#7626),#7644,.F.);
#7626 = FACE_BOUND('',#7627,.F.);
#7627 = EDGE_LOOP('',(#7628,#7636,#7642,#7643));
#7628 = ORIENTED_EDGE('',*,*,#7629,.F.);
#7629 = EDGE_CURVE('',#7630,#7604,#7632,.T.);
#7630 = VERTEX_POINT('',#7631);
#7631 = CARTESIAN_POINT('',(-100.5706807169,9.298612905107,3.7));
#7632 = LINE('',#7633,#7634);
#7633 = CARTESIAN_POINT('',(-101.8821183182,10.610050506339,3.7));
#7634 = VECTOR('',#7635,1.);
#7635 = DIRECTION('',(0.707106781187,-0.707106781187,0.));
#7636 = ORIENTED_EDGE('',*,*,#7637,.F.);
#7637 = EDGE_CURVE('',#583,#7630,#7638,.T.);
#7638 = LINE('',#7639,#7640);
#7639 = CARTESIAN_POINT('',(-100.5706807169,9.298612905107,3.7));
#7640 = VECTOR('',#7641,1.);
#7641 = DIRECTION('',(0.,0.,1.));
#7642 = ORIENTED_EDGE('',*,*,#591,.T.);
#7643 = ORIENTED_EDGE('',*,*,#7610,.T.);
#7644 = PLANE('',#7645);
#7645 = AXIS2_PLACEMENT_3D('',#7646,#7647,#7648);
#7646 = CARTESIAN_POINT('',(-101.8821183182,10.610050506339,3.7));
#7647 = DIRECTION('',(-0.707106781187,-0.707106781187,0.));
#7648 = DIRECTION('',(0.707106781187,-0.707106781187,0.));
#7649 = ADVANCED_FACE('',(#7650),#7680,.F.);
#7650 = FACE_BOUND('',#7651,.T.);
#7651 = EDGE_LOOP('',(#7652,#7653,#7654,#7662,#7669,#7670,#7671,#7672,
    #7679));
#7652 = ORIENTED_EDGE('',*,*,#582,.T.);
#7653 = ORIENTED_EDGE('',*,*,#573,.T.);
#7654 = ORIENTED_EDGE('',*,*,#7655,.T.);
#7655 = EDGE_CURVE('',#566,#7656,#7658,.T.);
#7656 = VERTEX_POINT('',#7657);
#7657 = CARTESIAN_POINT('',(-100.3603240043,12.131844820224,3.7));
#7658 = LINE('',#7659,#7660);
#7659 = CARTESIAN_POINT('',(-100.3603240043,12.131844820224,3.7));
#7660 = VECTOR('',#7661,1.);
#7661 = DIRECTION('',(0.,0.,1.));
#7662 = ORIENTED_EDGE('',*,*,#7663,.F.);
#7663 = EDGE_CURVE('',#7452,#7656,#7664,.T.);
#7664 = CIRCLE('',#7665,4.1);
#7665 = AXIS2_PLACEMENT_3D('',#7666,#7667,#7668);
#7666 = CARTESIAN_POINT('',(-104.301,11.,3.7));
#7667 = DIRECTION('',(0.,0.,-1.));
#7668 = DIRECTION('',(-1.,-0.,-0.));
#7669 = ORIENTED_EDGE('',*,*,#7458,.T.);
#7670 = ORIENTED_EDGE('',*,*,#7492,.T.);
#7671 = ORIENTED_EDGE('',*,*,#7566,.T.);
#7672 = ORIENTED_EDGE('',*,*,#7673,.F.);
#7673 = EDGE_CURVE('',#7630,#7567,#7674,.T.);
#7674 = CIRCLE('',#7675,4.1);
#7675 = AXIS2_PLACEMENT_3D('',#7676,#7677,#7678);
#7676 = CARTESIAN_POINT('',(-104.301,11.,3.7));
#7677 = DIRECTION('',(0.,0.,-1.));
#7678 = DIRECTION('',(-1.,-0.,-0.));
#7679 = ORIENTED_EDGE('',*,*,#7637,.F.);
#7680 = CYLINDRICAL_SURFACE('',#7681,4.1);
#7681 = AXIS2_PLACEMENT_3D('',#7682,#7683,#7684);
#7682 = CARTESIAN_POINT('',(-104.301,11.,3.7));
#7683 = DIRECTION('',(0.,0.,1.));
#7684 = DIRECTION('',(-1.,0.,0.));
#7685 = ADVANCED_FACE('',(#7686),#7704,.F.);
#7686 = FACE_BOUND('',#7687,.F.);
#7687 = EDGE_LOOP('',(#7688,#7696,#7702,#7703));
#7688 = ORIENTED_EDGE('',*,*,#7689,.F.);
#7689 = EDGE_CURVE('',#7690,#7656,#7692,.T.);
#7690 = VERTEX_POINT('',#7691);
#7691 = CARTESIAN_POINT('',(-94.81105050633,17.681118318204,3.7));
#7692 = LINE('',#7693,#7694);
#7693 = CARTESIAN_POINT('',(-94.81105050633,17.681118318204,3.7));
#7694 = VECTOR('',#7695,1.);
#7695 = DIRECTION('',(-0.707106781187,-0.707106781187,0.));
#7696 = ORIENTED_EDGE('',*,*,#7697,.T.);
#7697 = EDGE_CURVE('',#7690,#558,#7698,.T.);
#7698 = LINE('',#7699,#7700);
#7699 = CARTESIAN_POINT('',(-94.81105050633,17.681118318204,3.7));
#7700 = VECTOR('',#7701,1.);
#7701 = DIRECTION('',(-0.,-0.,-1.));
#7702 = ORIENTED_EDGE('',*,*,#565,.T.);
#7703 = ORIENTED_EDGE('',*,*,#7655,.T.);
#7704 = PLANE('',#7705);
#7705 = AXIS2_PLACEMENT_3D('',#7706,#7707,#7708);
#7706 = CARTESIAN_POINT('',(-94.81105050633,17.681118318204,3.7));
#7707 = DIRECTION('',(-0.707106781187,0.707106781187,0.));
#7708 = DIRECTION('',(-0.707106781187,-0.707106781187,0.));
#7709 = ADVANCED_FACE('',(#7710),#7728,.F.);
#7710 = FACE_BOUND('',#7711,.F.);
#7711 = EDGE_LOOP('',(#7712,#7720,#7721,#7722));
#7712 = ORIENTED_EDGE('',*,*,#7713,.T.);
#7713 = EDGE_CURVE('',#7714,#550,#7716,.T.);
#7714 = VERTEX_POINT('',#7715);
#7715 = CARTESIAN_POINT('',(-89.71988168179,12.589949493661,3.7));
#7716 = LINE('',#7717,#7718);
#7717 = CARTESIAN_POINT('',(-89.71988168179,12.589949493661,3.7));
#7718 = VECTOR('',#7719,1.);
#7719 = DIRECTION('',(-0.,-0.,-1.));
#7720 = ORIENTED_EDGE('',*,*,#557,.T.);
#7721 = ORIENTED_EDGE('',*,*,#7697,.F.);
#7722 = ORIENTED_EDGE('',*,*,#7723,.F.);
#7723 = EDGE_CURVE('',#7714,#7690,#7724,.T.);
#7724 = LINE('',#7725,#7726);
#7725 = CARTESIAN_POINT('',(-89.71988168179,12.589949493661,3.7));
#7726 = VECTOR('',#7727,1.);
#7727 = DIRECTION('',(-0.707106781187,0.707106781187,0.));
#7728 = PLANE('',#7729);
#7729 = AXIS2_PLACEMENT_3D('',#7730,#7731,#7732);
#7730 = CARTESIAN_POINT('',(-89.71988168179,12.589949493661,3.7));
#7731 = DIRECTION('',(0.707106781187,0.707106781187,0.));
#7732 = DIRECTION('',(-0.707106781187,0.707106781187,0.));
#7733 = ADVANCED_FACE('',(#7734),#7757,.F.);
#7734 = FACE_BOUND('',#7735,.F.);
#7735 = EDGE_LOOP('',(#7736,#7744,#7755,#7756));
#7736 = ORIENTED_EDGE('',*,*,#7737,.F.);
#7737 = EDGE_CURVE('',#7738,#7714,#7740,.T.);
#7738 = VERTEX_POINT('',#7739);
#7739 = CARTESIAN_POINT('',(-94.11983117545,8.19,3.7));
#7740 = LINE('',#7741,#7742);
#7741 = CARTESIAN_POINT('',(-96.79094949366,5.518881681796,3.7));
#7742 = VECTOR('',#7743,1.);
#7743 = DIRECTION('',(0.707106781187,0.707106781187,0.));
#7744 = ORIENTED_EDGE('',*,*,#7745,.F.);
#7745 = EDGE_CURVE('',#543,#7738,#7746,.T.);
#7746 = B_SPLINE_CURVE_WITH_KNOTS('',4,(#7747,#7748,#7749,#7750,#7751,
    #7752,#7753,#7754),.UNSPECIFIED.,.F.,.F.,(5,3,5),(0.,0.499003014393,
    1.),.UNSPECIFIED.);
#7747 = CARTESIAN_POINT('',(-96.01983117545,6.29,1.8));
#7748 = CARTESIAN_POINT('',(-95.78139522683,6.528435948625,
    2.038435948625));
#7749 = CARTESIAN_POINT('',(-95.54341931543,6.766411860022,
    2.276411860022));
#7750 = CARTESIAN_POINT('',(-95.30591007781,7.003921097646,
    2.513921097646));
#7751 = CARTESIAN_POINT('',(-94.83089101473,7.478940160724,
    2.988940160724));
#7752 = CARTESIAN_POINT('',(-94.59338498033,7.71644619512,3.22644619512)
  );
#7753 = CARTESIAN_POINT('',(-94.35636278533,7.953468390124,
    3.463468390124));
#7754 = CARTESIAN_POINT('',(-94.11983117545,8.19,3.7));
#7755 = ORIENTED_EDGE('',*,*,#549,.T.);
#7756 = ORIENTED_EDGE('',*,*,#7713,.F.);
#7757 = PLANE('',#7758);
#7758 = AXIS2_PLACEMENT_3D('',#7759,#7760,#7761);
#7759 = CARTESIAN_POINT('',(-96.79094949366,5.518881681796,3.7));
#7760 = DIRECTION('',(0.707106781187,-0.707106781187,0.));
#7761 = DIRECTION('',(0.707106781187,0.707106781187,0.));
#7762 = ADVANCED_FACE('',(#7763),#7791,.F.);
#7763 = FACE_BOUND('',#7764,.F.);
#7764 = EDGE_LOOP('',(#7765,#7784,#7785,#7786));
#7765 = ORIENTED_EDGE('',*,*,#7766,.F.);
#7766 = EDGE_CURVE('',#535,#7767,#7769,.T.);
#7767 = VERTEX_POINT('',#7768);
#7768 = CARTESIAN_POINT('',(-90.51100032116,8.19,3.7));
#7769 = B_SPLINE_CURVE_WITH_KNOTS('',4,(#7770,#7771,#7772,#7773,#7774,
    #7775,#7776,#7777,#7778,#7779,#7780,#7781,#7782,#7783),
  .UNSPECIFIED.,.F.,.F.,(5,3,3,3,5),(0.,0.247862001384,0.497104369252,
    0.747784930632,1.),.UNSPECIFIED.);
#7770 = CARTESIAN_POINT('',(-92.70100032116,6.,1.51));
#7771 = CARTESIAN_POINT('',(-92.48793034252,6.213069978638,
    1.723069978638));
#7772 = CARTESIAN_POINT('',(-92.27524211926,6.425758201904,
    1.935758201904));
#7773 = CARTESIAN_POINT('',(-92.06294036083,6.638059960329,
    2.148059960329));
#7774 = CARTESIAN_POINT('',(-91.63793908942,7.063061231744,
    2.573061231744));
#7775 = CARTESIAN_POINT('',(-91.4252439455,7.275756375662,2.785756375662
    ));
#7776 = CARTESIAN_POINT('',(-91.2129491804,7.48805114076,2.99805114076)
  );
#7777 = CARTESIAN_POINT('',(-90.7879474061,7.913052915065,3.423052915065
    ));
#7778 = CARTESIAN_POINT('',(-90.57524508636,8.125755234801,
    3.635755234801));
#7779 = CARTESIAN_POINT('',(-90.36295757535,8.338042745813,
    3.848042745813));
#7780 = CARTESIAN_POINT('',(-89.93792509022,8.763075230945,
    4.273075230945));
#7781 = CARTESIAN_POINT('',(-89.7251852701,8.975815051059,4.485815051059
    ));
#7782 = CARTESIAN_POINT('',(-89.51287534382,9.188124977343,
    4.698124977343));
#7783 = CARTESIAN_POINT('',(-89.30100032116,9.4,4.91));
#7784 = ORIENTED_EDGE('',*,*,#542,.F.);
#7785 = ORIENTED_EDGE('',*,*,#7745,.T.);
#7786 = ORIENTED_EDGE('',*,*,#7787,.T.);
#7787 = EDGE_CURVE('',#7738,#7767,#7788,.T.);
#7788 = B_SPLINE_CURVE_WITH_KNOTS('',1,(#7789,#7790),.UNSPECIFIED.,.F.,
  .F.,(2,2),(0.,1.),.PIECEWISE_BEZIER_KNOTS.);
#7789 = CARTESIAN_POINT('',(-104.3010002068,8.19,3.7));
#7790 = CARTESIAN_POINT('',(-89.09521564261,8.19,3.7));
#7791 = B_SPLINE_SURFACE_WITH_KNOTS('',1,1,(
    (#7792,#7793)
    ,(#7794,#7795
    )),.UNSPECIFIED.,.F.,.F.,.F.,(2,2),(2,2),(0.,92.3),(0.,1.),
  .PIECEWISE_BEZIER_KNOTS.);
#7792 = CARTESIAN_POINT('',(-12.001,6.,1.51));
#7793 = CARTESIAN_POINT('',(-15.401,9.4,4.91));
#7794 = CARTESIAN_POINT('',(-104.301,6.,1.51));
#7795 = CARTESIAN_POINT('',(-104.3010003211,9.4,4.91));
#7796 = ADVANCED_FACE('',(#7797),#7815,.T.);
#7797 = FACE_BOUND('',#7798,.T.);
#7798 = EDGE_LOOP('',(#7799,#7807,#7808,#7809));
#7799 = ORIENTED_EDGE('',*,*,#7800,.F.);
#7800 = EDGE_CURVE('',#7767,#7801,#7803,.T.);
#7801 = VERTEX_POINT('',#7802);
#7802 = CARTESIAN_POINT('',(-92.70100032116,6.,3.7));
#7803 = LINE('',#7804,#7805);
#7804 = CARTESIAN_POINT('',(-79.7935467379,18.907453583258,3.7));
#7805 = VECTOR('',#7806,1.);
#7806 = DIRECTION('',(-0.707106781187,-0.707106781187,0.));
#7807 = ORIENTED_EDGE('',*,*,#7766,.F.);
#7808 = ORIENTED_EDGE('',*,*,#534,.F.);
#7809 = ORIENTED_EDGE('',*,*,#7810,.F.);
#7810 = EDGE_CURVE('',#7801,#527,#7811,.T.);
#7811 = LINE('',#7812,#7813);
#7812 = CARTESIAN_POINT('',(-92.70100032116,6.,4.91));
#7813 = VECTOR('',#7814,1.);
#7814 = DIRECTION('',(-0.,-0.,-1.));
#7815 = PLANE('',#7816);
#7816 = AXIS2_PLACEMENT_3D('',#7817,#7818,#7819);
#7817 = CARTESIAN_POINT('',(-89.30100032116,9.4,4.91));
#7818 = DIRECTION('',(-0.707106781187,0.707106781187,0.));
#7819 = DIRECTION('',(-0.707106781187,-0.707106781187,0.));
#7820 = ADVANCED_FACE('',(#7821),#7839,.T.);
#7821 = FACE_BOUND('',#7822,.T.);
#7822 = EDGE_LOOP('',(#7823,#7831,#7832,#7833));
#7823 = ORIENTED_EDGE('',*,*,#7824,.F.);
#7824 = EDGE_CURVE('',#7801,#7825,#7827,.T.);
#7825 = VERTEX_POINT('',#7826);
#7826 = CARTESIAN_POINT('',(-83.50100032116,6.,3.7));
#7827 = LINE('',#7828,#7829);
#7828 = CARTESIAN_POINT('',(-88.41033910881,6.,3.7));
#7829 = VECTOR('',#7830,1.);
#7830 = DIRECTION('',(1.,0.,-0.));
#7831 = ORIENTED_EDGE('',*,*,#7810,.T.);
#7832 = ORIENTED_EDGE('',*,*,#526,.F.);
#7833 = ORIENTED_EDGE('',*,*,#7834,.F.);
#7834 = EDGE_CURVE('',#7825,#519,#7835,.T.);
#7835 = LINE('',#7836,#7837);
#7836 = CARTESIAN_POINT('',(-83.50100032116,6.,4.91));
#7837 = VECTOR('',#7838,1.);
#7838 = DIRECTION('',(-0.,-0.,-1.));
#7839 = PLANE('',#7840);
#7840 = AXIS2_PLACEMENT_3D('',#7841,#7842,#7843);
#7841 = CARTESIAN_POINT('',(-92.70100032116,6.,4.91));
#7842 = DIRECTION('',(0.,-1.,0.));
#7843 = DIRECTION('',(1.,0.,0.));
#7844 = ADVANCED_FACE('',(#7845),#7874,.T.);
#7845 = FACE_BOUND('',#7846,.T.);
#7846 = EDGE_LOOP('',(#7847,#7855,#7856,#7857));
#7847 = ORIENTED_EDGE('',*,*,#7848,.F.);
#7848 = EDGE_CURVE('',#7825,#7849,#7851,.T.);
#7849 = VERTEX_POINT('',#7850);
#7850 = CARTESIAN_POINT('',(-85.69100032116,8.19,3.7));
#7851 = LINE('',#7852,#7853);
#7852 = CARTESIAN_POINT('',(-92.71779269207,15.216792370909,3.7));
#7853 = VECTOR('',#7854,1.);
#7854 = DIRECTION('',(-0.707106781187,0.707106781187,0.));
#7855 = ORIENTED_EDGE('',*,*,#7834,.T.);
#7856 = ORIENTED_EDGE('',*,*,#518,.F.);
#7857 = ORIENTED_EDGE('',*,*,#7858,.T.);
#7858 = EDGE_CURVE('',#512,#7849,#7859,.T.);
#7859 = B_SPLINE_CURVE_WITH_KNOTS('',4,(#7860,#7861,#7862,#7863,#7864,
    #7865,#7866,#7867,#7868,#7869,#7870,#7871,#7872,#7873),
  .UNSPECIFIED.,.F.,.F.,(5,3,3,3,5),(0.,0.302629855042,0.534361866615,
    0.766797729615,1.),.UNSPECIFIED.);
#7860 = CARTESIAN_POINT('',(-83.50100032116,6.,1.51));
#7861 = CARTESIAN_POINT('',(-83.75987125323,6.258870932066,
    1.768870932066));
#7862 = CARTESIAN_POINT('',(-84.01842703475,6.517426713585,
    2.027426713585));
#7863 = CARTESIAN_POINT('',(-84.27666112889,6.775660807731,
    2.285660807731));
#7864 = CARTESIAN_POINT('',(-84.73205220924,7.23105188808,2.74105188808)
  );
#7865 = CARTESIAN_POINT('',(-84.92934506613,7.428344744967,
    2.938344744967));
#7866 = CARTESIAN_POINT('',(-85.12644229436,7.6254419732,3.1354419732));
#7867 = CARTESIAN_POINT('',(-85.52083730034,8.019836979176,
    3.529836979176));
#7868 = CARTESIAN_POINT('',(-85.71813386886,8.217133547703,
    3.727133547703));
#7869 = CARTESIAN_POINT('',(-85.91522732802,8.414227006859,
    3.924227006859));
#7870 = CARTESIAN_POINT('',(-86.30965075632,8.808650435157,
    4.318650435157));
#7871 = CARTESIAN_POINT('',(-86.50697936246,9.005979041298,
    4.515979041298));
#7872 = CARTESIAN_POINT('',(-86.70409699983,9.203096678666,
    4.713096678666));
#7873 = CARTESIAN_POINT('',(-86.90100032116,9.4,4.91));
#7874 = PLANE('',#7875);
#7875 = AXIS2_PLACEMENT_3D('',#7876,#7877,#7878);
#7876 = CARTESIAN_POINT('',(-83.50100032116,6.,4.91));
#7877 = DIRECTION('',(0.707106781187,0.707106781187,0.));
#7878 = DIRECTION('',(-0.707106781187,0.707106781187,0.));
#7879 = ADVANCED_FACE('',(#7880),#7908,.F.);
#7880 = FACE_BOUND('',#7881,.F.);
#7881 = EDGE_LOOP('',(#7882,#7901,#7902,#7903));
#7882 = ORIENTED_EDGE('',*,*,#7883,.F.);
#7883 = EDGE_CURVE('',#504,#7884,#7886,.T.);
#7884 = VERTEX_POINT('',#7885);
#7885 = CARTESIAN_POINT('',(-76.31100032116,8.19,3.7));
#7886 = B_SPLINE_CURVE_WITH_KNOTS('',4,(#7887,#7888,#7889,#7890,#7891,
    #7892,#7893,#7894,#7895,#7896,#7897,#7898,#7899,#7900),
  .UNSPECIFIED.,.F.,.F.,(5,3,3,3,5),(0.,0.247465437478,0.496569460536,
    0.747378908003,1.),.UNSPECIFIED.);
#7887 = CARTESIAN_POINT('',(-78.50100032116,6.,1.51));
#7888 = CARTESIAN_POINT('',(-78.28782052403,6.213179797132,
    1.723179797132));
#7889 = CARTESIAN_POINT('',(-78.07509579289,6.425904528268,
    1.935904528268));
#7890 = CARTESIAN_POINT('',(-77.86283081066,6.638169510503,
    2.148169510503));
#7891 = CARTESIAN_POINT('',(-77.43782720637,7.063173114788,
    2.573173114788));
#7892 = CARTESIAN_POINT('',(-77.22509475426,7.275905566901,
    2.785905566901));
#7893 = CARTESIAN_POINT('',(-77.01283760809,7.488162713071,
    2.998162713071));
#7894 = CARTESIAN_POINT('',(-76.58783343853,7.913166882632,
    3.423166882632));
#7895 = CARTESIAN_POINT('',(-76.37509300959,8.12590731157,3.63590731157)
  );
#7896 = CARTESIAN_POINT('',(-76.16284396493,8.338156356227,
    3.848156356227));
#7897 = CARTESIAN_POINT('',(-75.73780857665,8.763191744515,
    4.273191744515));
#7898 = CARTESIAN_POINT('',(-75.52502942554,8.975970895618,
    4.485970895618));
#7899 = CARTESIAN_POINT('',(-75.31275841888,9.188241902277,
    4.698241902277));
#7900 = CARTESIAN_POINT('',(-75.10100032116,9.4,4.91));
#7901 = ORIENTED_EDGE('',*,*,#511,.F.);
#7902 = ORIENTED_EDGE('',*,*,#7858,.T.);
#7903 = ORIENTED_EDGE('',*,*,#7904,.T.);
#7904 = EDGE_CURVE('',#7849,#7884,#7905,.T.);
#7905 = B_SPLINE_CURVE_WITH_KNOTS('',1,(#7906,#7907),.UNSPECIFIED.,.F.,
  .F.,(2,2),(0.,1.),.PIECEWISE_BEZIER_KNOTS.);
#7906 = CARTESIAN_POINT('',(-86.6657949381,8.19,3.7));
#7907 = CARTESIAN_POINT('',(-74.70194232073,8.19,3.7));
#7908 = B_SPLINE_SURFACE_WITH_KNOTS('',1,1,(
    (#7909,#7910)
    ,(#7911,#7912
    )),.UNSPECIFIED.,.F.,.F.,.F.,(2,2),(2,2),(0.,92.3),(0.,1.),
  .PIECEWISE_BEZIER_KNOTS.);
#7909 = CARTESIAN_POINT('',(-12.001,6.,1.51));
#7910 = CARTESIAN_POINT('',(-15.401,9.4,4.91));
#7911 = CARTESIAN_POINT('',(-104.301,6.,1.51));
#7912 = CARTESIAN_POINT('',(-104.3010003211,9.4,4.91));
#7913 = ADVANCED_FACE('',(#7914),#7932,.T.);
#7914 = FACE_BOUND('',#7915,.T.);
#7915 = EDGE_LOOP('',(#7916,#7924,#7925,#7926));
#7916 = ORIENTED_EDGE('',*,*,#7917,.F.);
#7917 = EDGE_CURVE('',#7884,#7918,#7920,.T.);
#7918 = VERTEX_POINT('',#7919);
#7919 = CARTESIAN_POINT('',(-78.50100032116,6.,3.7));
#7920 = LINE('',#7921,#7922);
#7921 = CARTESIAN_POINT('',(-69.1435467379,15.357453583258,3.7));
#7922 = VECTOR('',#7923,1.);
#7923 = DIRECTION('',(-0.707106781187,-0.707106781187,0.));
#7924 = ORIENTED_EDGE('',*,*,#7883,.F.);
#7925 = ORIENTED_EDGE('',*,*,#503,.F.);
#7926 = ORIENTED_EDGE('',*,*,#7927,.F.);
#7927 = EDGE_CURVE('',#7918,#496,#7928,.T.);
#7928 = LINE('',#7929,#7930);
#7929 = CARTESIAN_POINT('',(-78.50100032116,6.,4.91));
#7930 = VECTOR('',#7931,1.);
#7931 = DIRECTION('',(-0.,-0.,-1.));
#7932 = PLANE('',#7933);
#7933 = AXIS2_PLACEMENT_3D('',#7934,#7935,#7936);
#7934 = CARTESIAN_POINT('',(-75.10100032116,9.4,4.91));
#7935 = DIRECTION('',(-0.707106781187,0.707106781187,0.));
#7936 = DIRECTION('',(-0.707106781187,-0.707106781187,0.));
#7937 = ADVANCED_FACE('',(#7938),#7956,.T.);
#7938 = FACE_BOUND('',#7939,.T.);
#7939 = EDGE_LOOP('',(#7940,#7948,#7949,#7950));
#7940 = ORIENTED_EDGE('',*,*,#7941,.F.);
#7941 = EDGE_CURVE('',#7918,#7942,#7944,.T.);
#7942 = VERTEX_POINT('',#7943);
#7943 = CARTESIAN_POINT('',(-69.30100032116,6.,3.7));
#7944 = LINE('',#7945,#7946);
#7945 = CARTESIAN_POINT('',(-81.31033910881,6.,3.7));
#7946 = VECTOR('',#7947,1.);
#7947 = DIRECTION('',(1.,0.,-0.));
#7948 = ORIENTED_EDGE('',*,*,#7927,.T.);
#7949 = ORIENTED_EDGE('',*,*,#495,.F.);
#7950 = ORIENTED_EDGE('',*,*,#7951,.F.);
#7951 = EDGE_CURVE('',#7942,#488,#7952,.T.);
#7952 = LINE('',#7953,#7954);
#7953 = CARTESIAN_POINT('',(-69.30100032116,6.,4.91));
#7954 = VECTOR('',#7955,1.);
#7955 = DIRECTION('',(-0.,-0.,-1.));
#7956 = PLANE('',#7957);
#7957 = AXIS2_PLACEMENT_3D('',#7958,#7959,#7960);
#7958 = CARTESIAN_POINT('',(-78.50100032116,6.,4.91));
#7959 = DIRECTION('',(0.,-1.,0.));
#7960 = DIRECTION('',(1.,0.,0.));
#7961 = ADVANCED_FACE('',(#7962),#7985,.T.);
#7962 = FACE_BOUND('',#7963,.T.);
#7963 = EDGE_LOOP('',(#7964,#7972,#7973,#7974));
#7964 = ORIENTED_EDGE('',*,*,#7965,.F.);
#7965 = EDGE_CURVE('',#7942,#7966,#7968,.T.);
#7966 = VERTEX_POINT('',#7967);
#7967 = CARTESIAN_POINT('',(-71.49100032116,8.19,3.7));
#7968 = LINE('',#7969,#7970);
#7969 = CARTESIAN_POINT('',(-82.06779269207,18.766792370909,3.7));
#7970 = VECTOR('',#7971,1.);
#7971 = DIRECTION('',(-0.707106781187,0.707106781187,0.));
#7972 = ORIENTED_EDGE('',*,*,#7951,.T.);
#7973 = ORIENTED_EDGE('',*,*,#487,.F.);
#7974 = ORIENTED_EDGE('',*,*,#7975,.T.);
#7975 = EDGE_CURVE('',#481,#7966,#7976,.T.);
#7976 = B_SPLINE_CURVE_WITH_KNOTS('',4,(#7977,#7978,#7979,#7980,#7981,
    #7982,#7983,#7984),.UNSPECIFIED.,.F.,.F.,(5,3,5),(0.,0.598906626554,
    1.),.UNSPECIFIED.);
#7977 = CARTESIAN_POINT('',(-69.30100032116,6.,1.51));
#7978 = CARTESIAN_POINT('',(-69.81228128233,6.511280961169,
    2.021280961169));
#7979 = CARTESIAN_POINT('',(-70.32272388817,7.021723567004,
    2.531723567004));
#7980 = CARTESIAN_POINT('',(-70.83228997431,7.531289653144,
    3.041289653144));
#7981 = CARTESIAN_POINT('',(-71.68158395218,8.380583631021,
    3.890583631021));
#7982 = CARTESIAN_POINT('',(-72.02181826992,8.720817948763,
    4.230817948763));
#7983 = CARTESIAN_POINT('',(-72.36162816606,9.060627844898,
    4.570627844898));
#7984 = CARTESIAN_POINT('',(-72.70100032116,9.4,4.91));
#7985 = PLANE('',#7986);
#7986 = AXIS2_PLACEMENT_3D('',#7987,#7988,#7989);
#7987 = CARTESIAN_POINT('',(-69.30100032116,6.,4.91));
#7988 = DIRECTION('',(0.707106781187,0.707106781187,0.));
#7989 = DIRECTION('',(-0.707106781187,0.707106781187,0.));
#7990 = ADVANCED_FACE('',(#7991),#8020,.F.);
#7991 = FACE_BOUND('',#7992,.F.);
#7992 = EDGE_LOOP('',(#7993,#7994,#7995,#8002,#8012));
#7993 = ORIENTED_EDGE('',*,*,#480,.F.);
#7994 = ORIENTED_EDGE('',*,*,#7975,.T.);
#7995 = ORIENTED_EDGE('',*,*,#7996,.T.);
#7996 = EDGE_CURVE('',#7966,#7997,#7999,.T.);
#7997 = VERTEX_POINT('',#7998);
#7998 = CARTESIAN_POINT('',(-66.24993577751,8.19,3.7));
#7999 = B_SPLINE_CURVE_WITH_KNOTS('',1,(#8000,#8001),.UNSPECIFIED.,.F.,
  .F.,(2,2),(0.,1.),.PIECEWISE_BEZIER_KNOTS.);
#8000 = CARTESIAN_POINT('',(-72.27252161623,8.19,3.7));
#8001 = CARTESIAN_POINT('',(-41.05006384986,8.19,3.7));
#8002 = ORIENTED_EDGE('',*,*,#8003,.F.);
#8003 = EDGE_CURVE('',#8004,#7997,#8006,.T.);
#8004 = VERTEX_POINT('',#8005);
#8005 = CARTESIAN_POINT('',(-65.851,7.79106422249,3.30106422249));
#8006 = B_SPLINE_CURVE_WITH_KNOTS('',4,(#8007,#8008,#8009,#8010,#8011),
  .UNSPECIFIED.,.F.,.F.,(5,5),(0.,1.),.PIECEWISE_BEZIER_KNOTS.);
#8007 = CARTESIAN_POINT('',(-65.851,7.79106422249,3.30106422249));
#8008 = CARTESIAN_POINT('',(-65.95077834478,7.890842567272,
    3.400842567272));
#8009 = CARTESIAN_POINT('',(-66.05052727811,7.990591500607,
    3.500591500607));
#8010 = CARTESIAN_POINT('',(-66.15024650868,8.090310731172,
    3.600310731172));
#8011 = CARTESIAN_POINT('',(-66.24993577751,8.19,3.7));
#8012 = ORIENTED_EDGE('',*,*,#8013,.F.);
#8013 = EDGE_CURVE('',#473,#8004,#8014,.T.);
#8014 = B_SPLINE_CURVE_WITH_KNOTS('',4,(#8015,#8016,#8017,#8018,#8019),
  .UNSPECIFIED.,.F.,.F.,(5,5),(0.,1.),.PIECEWISE_BEZIER_KNOTS.);
#8015 = CARTESIAN_POINT('',(-65.851,6.29,1.8));
#8016 = CARTESIAN_POINT('',(-65.851,6.66575446124,2.17575446124));
#8017 = CARTESIAN_POINT('',(-65.851,7.041191050271,2.551191050271));
#8018 = CARTESIAN_POINT('',(-65.851,7.416298386436,2.926298386436));
#8019 = CARTESIAN_POINT('',(-65.851,7.79106422249,3.30106422249));
#8020 = B_SPLINE_SURFACE_WITH_KNOTS('',1,1,(
    (#8021,#8022)
    ,(#8023,#8024
    )),.UNSPECIFIED.,.F.,.F.,.F.,(2,2),(2,2),(0.,92.3),(0.,1.),
  .PIECEWISE_BEZIER_KNOTS.);
#8021 = CARTESIAN_POINT('',(-12.001,6.,1.51));
#8022 = CARTESIAN_POINT('',(-15.401,9.4,4.91));
#8023 = CARTESIAN_POINT('',(-104.301,6.,1.51));
#8024 = CARTESIAN_POINT('',(-104.3010003211,9.4,4.91));
#8025 = ADVANCED_FACE('',(#8026),#8036,.F.);
#8026 = FACE_BOUND('',#8027,.F.);
#8027 = EDGE_LOOP('',(#8028,#8029,#8035));
#8028 = ORIENTED_EDGE('',*,*,#8013,.T.);
#8029 = ORIENTED_EDGE('',*,*,#8030,.T.);
#8030 = EDGE_CURVE('',#8004,#465,#8031,.T.);
#8031 = LINE('',#8032,#8033);
#8032 = CARTESIAN_POINT('',(-65.851,7.79106422249,3.7));
#8033 = VECTOR('',#8034,1.);
#8034 = DIRECTION('',(-0.,-0.,-1.));
#8035 = ORIENTED_EDGE('',*,*,#472,.T.);
#8036 = PLANE('',#8037);
#8037 = AXIS2_PLACEMENT_3D('',#8038,#8039,#8040);
#8038 = CARTESIAN_POINT('',(-65.851,7.79106422249,3.7));
#8039 = DIRECTION('',(-1.,0.,0.));
#8040 = DIRECTION('',(0.,-1.,0.));
#8041 = ADVANCED_FACE('',(#8042),#8061,.F.);
#8042 = FACE_BOUND('',#8043,.F.);
#8043 = EDGE_LOOP('',(#8044,#8052,#8058,#8059,#8060));
#8044 = ORIENTED_EDGE('',*,*,#8045,.F.);
#8045 = EDGE_CURVE('',#8046,#7997,#8048,.T.);
#8046 = VERTEX_POINT('',#8047);
#8047 = CARTESIAN_POINT('',(-68.59927560573,10.53933982822,3.7));
#8048 = LINE('',#8049,#8050);
#8049 = CARTESIAN_POINT('',(-69.65993577751,11.6,3.7));
#8050 = VECTOR('',#8051,1.);
#8051 = DIRECTION('',(0.707106781187,-0.707106781187,0.));
#8052 = ORIENTED_EDGE('',*,*,#8053,.T.);
#8053 = EDGE_CURVE('',#8046,#457,#8054,.T.);
#8054 = LINE('',#8055,#8056);
#8055 = CARTESIAN_POINT('',(-68.59927560573,10.53933982822,3.7));
#8056 = VECTOR('',#8057,1.);
#8057 = DIRECTION('',(-0.,-0.,-1.));
#8058 = ORIENTED_EDGE('',*,*,#464,.T.);
#8059 = ORIENTED_EDGE('',*,*,#8030,.F.);
#8060 = ORIENTED_EDGE('',*,*,#8003,.T.);
#8061 = PLANE('',#8062);
#8062 = AXIS2_PLACEMENT_3D('',#8063,#8064,#8065);
#8063 = CARTESIAN_POINT('',(-69.65993577751,11.6,3.7));
#8064 = DIRECTION('',(-0.707106781187,-0.707106781187,0.));
#8065 = DIRECTION('',(0.707106781187,-0.707106781187,0.));
#8066 = ADVANCED_FACE('',(#8067),#8085,.F.);
#8067 = FACE_BOUND('',#8068,.T.);
#8068 = EDGE_LOOP('',(#8069,#8077,#8078,#8079));
#8069 = ORIENTED_EDGE('',*,*,#8070,.F.);
#8070 = EDGE_CURVE('',#8046,#8071,#8073,.T.);
#8071 = VERTEX_POINT('',#8072);
#8072 = CARTESIAN_POINT('',(-68.59927560573,12.66066017178,3.7));
#8073 = LINE('',#8074,#8075);
#8074 = CARTESIAN_POINT('',(-68.59927560573,26.924245954168,3.7));
#8075 = VECTOR('',#8076,1.);
#8076 = DIRECTION('',(-6.7E-15,1.,0.));
#8077 = ORIENTED_EDGE('',*,*,#8053,.T.);
#8078 = ORIENTED_EDGE('',*,*,#456,.T.);
#8079 = ORIENTED_EDGE('',*,*,#8080,.F.);
#8080 = EDGE_CURVE('',#8071,#449,#8081,.T.);
#8081 = LINE('',#8082,#8083);
#8082 = CARTESIAN_POINT('',(-68.59927560573,12.66066017178,3.7));
#8083 = VECTOR('',#8084,1.);
#8084 = DIRECTION('',(-0.,-0.,-1.));
#8085 = PLANE('',#8086);
#8086 = AXIS2_PLACEMENT_3D('',#8087,#8088,#8089);
#8087 = CARTESIAN_POINT('',(-68.59927560573,11.6,3.7));
#8088 = DIRECTION('',(-1.,-6.7E-15,0.));
#8089 = DIRECTION('',(0.,0.,1.));
#8090 = ADVANCED_FACE('',(#8091),#8109,.F.);
#8091 = FACE_BOUND('',#8092,.F.);
#8092 = EDGE_LOOP('',(#8093,#8101,#8107,#8108));
#8093 = ORIENTED_EDGE('',*,*,#8094,.F.);
#8094 = EDGE_CURVE('',#8095,#8071,#8097,.T.);
#8095 = VERTEX_POINT('',#8096);
#8096 = CARTESIAN_POINT('',(-65.851,15.40893577751,3.7));
#8097 = LINE('',#8098,#8099);
#8098 = CARTESIAN_POINT('',(-65.851,15.40893577751,3.7));
#8099 = VECTOR('',#8100,1.);
#8100 = DIRECTION('',(-0.707106781187,-0.707106781187,0.));
#8101 = ORIENTED_EDGE('',*,*,#8102,.T.);
#8102 = EDGE_CURVE('',#8095,#441,#8103,.T.);
#8103 = LINE('',#8104,#8105);
#8104 = CARTESIAN_POINT('',(-65.851,15.40893577751,3.7));
#8105 = VECTOR('',#8106,1.);
#8106 = DIRECTION('',(-0.,-0.,-1.));
#8107 = ORIENTED_EDGE('',*,*,#448,.T.);
#8108 = ORIENTED_EDGE('',*,*,#8080,.F.);
#8109 = PLANE('',#8110);
#8110 = AXIS2_PLACEMENT_3D('',#8111,#8112,#8113);
#8111 = CARTESIAN_POINT('',(-65.851,15.40893577751,3.7));
#8112 = DIRECTION('',(-0.707106781187,0.707106781187,0.));
#8113 = DIRECTION('',(-0.707106781187,-0.707106781187,0.));
#8114 = ADVANCED_FACE('',(#8115),#8133,.F.);
#8115 = FACE_BOUND('',#8116,.F.);
#8116 = EDGE_LOOP('',(#8117,#8125,#8126,#8127));
#8117 = ORIENTED_EDGE('',*,*,#8118,.T.);
#8118 = EDGE_CURVE('',#8119,#433,#8121,.T.);
#8119 = VERTEX_POINT('',#8120);
#8120 = CARTESIAN_POINT('',(-65.851,17.1,3.7));
#8121 = LINE('',#8122,#8123);
#8122 = CARTESIAN_POINT('',(-65.851,17.1,3.7));
#8123 = VECTOR('',#8124,1.);
#8124 = DIRECTION('',(-0.,-0.,-1.));
#8125 = ORIENTED_EDGE('',*,*,#440,.T.);
#8126 = ORIENTED_EDGE('',*,*,#8102,.F.);
#8127 = ORIENTED_EDGE('',*,*,#8128,.F.);
#8128 = EDGE_CURVE('',#8119,#8095,#8129,.T.);
#8129 = LINE('',#8130,#8131);
#8130 = CARTESIAN_POINT('',(-65.851,17.1,3.7));
#8131 = VECTOR('',#8132,1.);
#8132 = DIRECTION('',(0.,-1.,0.));
#8133 = PLANE('',#8134);
#8134 = AXIS2_PLACEMENT_3D('',#8135,#8136,#8137);
#8135 = CARTESIAN_POINT('',(-65.851,17.1,3.7));
#8136 = DIRECTION('',(-1.,0.,0.));
#8137 = DIRECTION('',(0.,-1.,0.));
#8138 = ADVANCED_FACE('',(#8139),#8157,.F.);
#8139 = FACE_BOUND('',#8140,.F.);
#8140 = EDGE_LOOP('',(#8141,#8149,#8150,#8151));
#8141 = ORIENTED_EDGE('',*,*,#8142,.T.);
#8142 = EDGE_CURVE('',#8143,#425,#8145,.T.);
#8143 = VERTEX_POINT('',#8144);
#8144 = CARTESIAN_POINT('',(-64.1599357775,17.1,3.7));
#8145 = LINE('',#8146,#8147);
#8146 = CARTESIAN_POINT('',(-64.1599357775,17.1,3.7));
#8147 = VECTOR('',#8148,1.);
#8148 = DIRECTION('',(-0.,-0.,-1.));
#8149 = ORIENTED_EDGE('',*,*,#432,.T.);
#8150 = ORIENTED_EDGE('',*,*,#8118,.F.);
#8151 = ORIENTED_EDGE('',*,*,#8152,.F.);
#8152 = EDGE_CURVE('',#8143,#8119,#8153,.T.);
#8153 = LINE('',#8154,#8155);
#8154 = CARTESIAN_POINT('',(-64.1599357775,17.1,3.7));
#8155 = VECTOR('',#8156,1.);
#8156 = DIRECTION('',(-1.,0.,0.));
#8157 = PLANE('',#8158);
#8158 = AXIS2_PLACEMENT_3D('',#8159,#8160,#8161);
#8159 = CARTESIAN_POINT('',(-64.1599357775,17.1,3.7));
#8160 = DIRECTION('',(0.,1.,0.));
#8161 = DIRECTION('',(-1.,0.,0.));
#8162 = ADVANCED_FACE('',(#8163),#8181,.F.);
#8163 = FACE_BOUND('',#8164,.F.);
#8164 = EDGE_LOOP('',(#8165,#8173,#8174,#8175));
#8165 = ORIENTED_EDGE('',*,*,#8166,.T.);
#8166 = EDGE_CURVE('',#8167,#417,#8169,.T.);
#8167 = VERTEX_POINT('',#8168);
#8168 = CARTESIAN_POINT('',(-62.801,18.45893577751,3.7));
#8169 = LINE('',#8170,#8171);
#8170 = CARTESIAN_POINT('',(-62.801,18.45893577751,3.7));
#8171 = VECTOR('',#8172,1.);
#8172 = DIRECTION('',(-0.,-0.,-1.));
#8173 = ORIENTED_EDGE('',*,*,#424,.T.);
#8174 = ORIENTED_EDGE('',*,*,#8142,.F.);
#8175 = ORIENTED_EDGE('',*,*,#8176,.F.);
#8176 = EDGE_CURVE('',#8167,#8143,#8177,.T.);
#8177 = LINE('',#8178,#8179);
#8178 = CARTESIAN_POINT('',(-62.801,18.45893577751,3.7));
#8179 = VECTOR('',#8180,1.);
#8180 = DIRECTION('',(-0.707106781187,-0.707106781187,0.));
#8181 = PLANE('',#8182);
#8182 = AXIS2_PLACEMENT_3D('',#8183,#8184,#8185);
#8183 = CARTESIAN_POINT('',(-62.801,18.45893577751,3.7));
#8184 = DIRECTION('',(-0.707106781187,0.707106781187,0.));
#8185 = DIRECTION('',(-0.707106781187,-0.707106781187,0.));
#8186 = ADVANCED_FACE('',(#8187),#8205,.F.);
#8187 = FACE_BOUND('',#8188,.F.);
#8188 = EDGE_LOOP('',(#8189,#8197,#8198,#8199));
#8189 = ORIENTED_EDGE('',*,*,#8190,.T.);
#8190 = EDGE_CURVE('',#8191,#409,#8193,.T.);
#8191 = VERTEX_POINT('',#8192);
#8192 = CARTESIAN_POINT('',(-61.44206422249,17.1,3.7));
#8193 = LINE('',#8194,#8195);
#8194 = CARTESIAN_POINT('',(-61.44206422249,17.1,3.7));
#8195 = VECTOR('',#8196,1.);
#8196 = DIRECTION('',(-0.,-0.,-1.));
#8197 = ORIENTED_EDGE('',*,*,#416,.T.);
#8198 = ORIENTED_EDGE('',*,*,#8166,.F.);
#8199 = ORIENTED_EDGE('',*,*,#8200,.F.);
#8200 = EDGE_CURVE('',#8191,#8167,#8201,.T.);
#8201 = LINE('',#8202,#8203);
#8202 = CARTESIAN_POINT('',(-61.44206422249,17.1,3.7));
#8203 = VECTOR('',#8204,1.);
#8204 = DIRECTION('',(-0.707106781187,0.707106781187,0.));
#8205 = PLANE('',#8206);
#8206 = AXIS2_PLACEMENT_3D('',#8207,#8208,#8209);
#8207 = CARTESIAN_POINT('',(-61.44206422249,17.1,3.7));
#8208 = DIRECTION('',(0.707106781187,0.707106781187,0.));
#8209 = DIRECTION('',(-0.707106781187,0.707106781187,0.));
#8210 = ADVANCED_FACE('',(#8211),#8229,.F.);
#8211 = FACE_BOUND('',#8212,.F.);
#8212 = EDGE_LOOP('',(#8213,#8221,#8222,#8223));
#8213 = ORIENTED_EDGE('',*,*,#8214,.T.);
#8214 = EDGE_CURVE('',#8215,#401,#8217,.T.);
#8215 = VERTEX_POINT('',#8216);
#8216 = CARTESIAN_POINT('',(-59.751,17.1,3.7));
#8217 = LINE('',#8218,#8219);
#8218 = CARTESIAN_POINT('',(-59.751,17.1,3.7));
#8219 = VECTOR('',#8220,1.);
#8220 = DIRECTION('',(-0.,-0.,-1.));
#8221 = ORIENTED_EDGE('',*,*,#408,.T.);
#8222 = ORIENTED_EDGE('',*,*,#8190,.F.);
#8223 = ORIENTED_EDGE('',*,*,#8224,.F.);
#8224 = EDGE_CURVE('',#8215,#8191,#8225,.T.);
#8225 = LINE('',#8226,#8227);
#8226 = CARTESIAN_POINT('',(-59.751,17.1,3.7));
#8227 = VECTOR('',#8228,1.);
#8228 = DIRECTION('',(-1.,0.,0.));
#8229 = PLANE('',#8230);
#8230 = AXIS2_PLACEMENT_3D('',#8231,#8232,#8233);
#8231 = CARTESIAN_POINT('',(-59.751,17.1,3.7));
#8232 = DIRECTION('',(0.,1.,0.));
#8233 = DIRECTION('',(-1.,0.,0.));
#8234 = ADVANCED_FACE('',(#8235),#8253,.F.);
#8235 = FACE_BOUND('',#8236,.F.);
#8236 = EDGE_LOOP('',(#8237,#8245,#8246,#8247));
#8237 = ORIENTED_EDGE('',*,*,#8238,.T.);
#8238 = EDGE_CURVE('',#8239,#393,#8241,.T.);
#8239 = VERTEX_POINT('',#8240);
#8240 = CARTESIAN_POINT('',(-59.751,15.408935777509,3.7));
#8241 = LINE('',#8242,#8243);
#8242 = CARTESIAN_POINT('',(-59.751,15.408935777509,3.7));
#8243 = VECTOR('',#8244,1.);
#8244 = DIRECTION('',(-0.,-0.,-1.));
#8245 = ORIENTED_EDGE('',*,*,#400,.T.);
#8246 = ORIENTED_EDGE('',*,*,#8214,.F.);
#8247 = ORIENTED_EDGE('',*,*,#8248,.F.);
#8248 = EDGE_CURVE('',#8239,#8215,#8249,.T.);
#8249 = LINE('',#8250,#8251);
#8250 = CARTESIAN_POINT('',(-59.751,15.408935777509,3.7));
#8251 = VECTOR('',#8252,1.);
#8252 = DIRECTION('',(0.,1.,0.));
#8253 = PLANE('',#8254);
#8254 = AXIS2_PLACEMENT_3D('',#8255,#8256,#8257);
#8255 = CARTESIAN_POINT('',(-59.751,15.408935777509,3.7));
#8256 = DIRECTION('',(1.,0.,0.));
#8257 = DIRECTION('',(0.,1.,0.));
#8258 = ADVANCED_FACE('',(#8259),#8277,.F.);
#8259 = FACE_BOUND('',#8260,.F.);
#8260 = EDGE_LOOP('',(#8261,#8269,#8275,#8276));
#8261 = ORIENTED_EDGE('',*,*,#8262,.F.);
#8262 = EDGE_CURVE('',#8263,#8239,#8265,.T.);
#8263 = VERTEX_POINT('',#8264);
#8264 = CARTESIAN_POINT('',(-57.00272439427,12.66066017178,3.7));
#8265 = LINE('',#8266,#8267);
#8266 = CARTESIAN_POINT('',(-55.94206422249,11.6,3.7));
#8267 = VECTOR('',#8268,1.);
#8268 = DIRECTION('',(-0.707106781187,0.707106781187,0.));
#8269 = ORIENTED_EDGE('',*,*,#8270,.T.);
#8270 = EDGE_CURVE('',#8263,#385,#8271,.T.);
#8271 = LINE('',#8272,#8273);
#8272 = CARTESIAN_POINT('',(-57.00272439427,12.66066017178,3.7));
#8273 = VECTOR('',#8274,1.);
#8274 = DIRECTION('',(-0.,-0.,-1.));
#8275 = ORIENTED_EDGE('',*,*,#392,.T.);
#8276 = ORIENTED_EDGE('',*,*,#8238,.F.);
#8277 = PLANE('',#8278);
#8278 = AXIS2_PLACEMENT_3D('',#8279,#8280,#8281);
#8279 = CARTESIAN_POINT('',(-55.94206422249,11.6,3.7));
#8280 = DIRECTION('',(0.707106781187,0.707106781187,0.));
#8281 = DIRECTION('',(-0.707106781187,0.707106781187,0.));
#8282 = ADVANCED_FACE('',(#8283),#8294,.F.);
#8283 = FACE_BOUND('',#8284,.F.);
#8284 = EDGE_LOOP('',(#8285,#8291,#8292,#8293));
#8285 = ORIENTED_EDGE('',*,*,#8286,.F.);
#8286 = EDGE_CURVE('',#4169,#8263,#8287,.T.);
#8287 = LINE('',#8288,#8289);
#8288 = CARTESIAN_POINT('',(-57.00272439427,26.924245954168,3.7));
#8289 = VECTOR('',#8290,1.);
#8290 = DIRECTION('',(0.,1.,0.));
#8291 = ORIENTED_EDGE('',*,*,#4193,.T.);
#8292 = ORIENTED_EDGE('',*,*,#384,.T.);
#8293 = ORIENTED_EDGE('',*,*,#8270,.F.);
#8294 = PLANE('',#8295);
#8295 = AXIS2_PLACEMENT_3D('',#8296,#8297,#8298);
#8296 = CARTESIAN_POINT('',(-57.00272439427,11.6,3.7));
#8297 = DIRECTION('',(1.,0.,0.));
#8298 = DIRECTION('',(0.,0.,-1.));
#8299 = ADVANCED_FACE('',(#8300),#8328,.F.);
#8300 = FACE_BOUND('',#8301,.T.);
#8301 = EDGE_LOOP('',(#8302,#8311,#8317,#8318,#8319,#8326,#8327));
#8302 = ORIENTED_EDGE('',*,*,#8303,.F.);
#8303 = EDGE_CURVE('',#8304,#4726,#8306,.T.);
#8304 = VERTEX_POINT('',#8305);
#8305 = CARTESIAN_POINT('',(-21.101,11.,3.7));
#8306 = CIRCLE('',#8307,4.1);
#8307 = AXIS2_PLACEMENT_3D('',#8308,#8309,#8310);
#8308 = CARTESIAN_POINT('',(-17.001,11.,3.7));
#8309 = DIRECTION('',(0.,0.,-1.));
#8310 = DIRECTION('',(-1.,-0.,-0.));
#8311 = ORIENTED_EDGE('',*,*,#8312,.T.);
#8312 = EDGE_CURVE('',#8304,#1646,#8313,.T.);
#8313 = LINE('',#8314,#8315);
#8314 = CARTESIAN_POINT('',(-21.101,11.,3.7));
#8315 = VECTOR('',#8316,1.);
#8316 = DIRECTION('',(0.,0.,-1.));
#8317 = ORIENTED_EDGE('',*,*,#1645,.T.);
#8318 = ORIENTED_EDGE('',*,*,#8312,.F.);
#8319 = ORIENTED_EDGE('',*,*,#8320,.F.);
#8320 = EDGE_CURVE('',#4631,#8304,#8321,.T.);
#8321 = CIRCLE('',#8322,4.1);
#8322 = AXIS2_PLACEMENT_3D('',#8323,#8324,#8325);
#8323 = CARTESIAN_POINT('',(-17.001,11.,3.7));
#8324 = DIRECTION('',(0.,0.,-1.));
#8325 = DIRECTION('',(-1.,-0.,-0.));
#8326 = ORIENTED_EDGE('',*,*,#4637,.T.);
#8327 = ORIENTED_EDGE('',*,*,#4725,.T.);
#8328 = CYLINDRICAL_SURFACE('',#8329,4.1);
#8329 = AXIS2_PLACEMENT_3D('',#8330,#8331,#8332);
#8330 = CARTESIAN_POINT('',(-17.001,11.,3.7));
#8331 = DIRECTION('',(0.,0.,1.));
#8332 = DIRECTION('',(-1.,0.,0.));
#8333 = ADVANCED_FACE('',(#8334),#8351,.F.);
#8334 = FACE_BOUND('',#8335,.F.);
#8335 = EDGE_LOOP('',(#8336,#8337,#8343,#8344,#8350));
#8336 = ORIENTED_EDGE('',*,*,#2960,.F.);
#8337 = ORIENTED_EDGE('',*,*,#8338,.T.);
#8338 = EDGE_CURVE('',#2961,#1659,#8339,.T.);
#8339 = LINE('',#8340,#8341);
#8340 = CARTESIAN_POINT('',(-44.82990646,25.11515808,4.9));
#8341 = VECTOR('',#8342,1.);
#8342 = DIRECTION('',(-0.,-0.,-1.));
#8343 = ORIENTED_EDGE('',*,*,#1656,.F.);
#8344 = ORIENTED_EDGE('',*,*,#8345,.F.);
#8345 = EDGE_CURVE('',#4923,#1657,#8346,.T.);
#8346 = LINE('',#8347,#8348);
#8347 = CARTESIAN_POINT('',(-15.29072666,25.11515808,4.9));
#8348 = VECTOR('',#8349,1.);
#8349 = DIRECTION('',(-0.,-0.,-1.));
#8350 = ORIENTED_EDGE('',*,*,#4922,.T.);
#8351 = PLANE('',#8352);
#8352 = AXIS2_PLACEMENT_3D('',#8353,#8354,#8355);
#8353 = CARTESIAN_POINT('',(-44.82990646,25.11515808,4.9));
#8354 = DIRECTION('',(0.,-1.,0.));
#8355 = DIRECTION('',(1.,0.,0.));
#8356 = ADVANCED_FACE('',(#8357),#8377,.F.);
#8357 = FACE_BOUND('',#8358,.F.);
#8358 = EDGE_LOOP('',(#8359,#8365,#8366,#8367,#8368,#8369,#8375,#8376));
#8359 = ORIENTED_EDGE('',*,*,#8360,.F.);
#8360 = EDGE_CURVE('',#4946,#5002,#8361,.T.);
#8361 = LINE('',#8362,#8363);
#8362 = CARTESIAN_POINT('',(-15.29072666,25.11515808,4.9));
#8363 = VECTOR('',#8364,1.);
#8364 = DIRECTION('',(0.,1.,0.));
#8365 = ORIENTED_EDGE('',*,*,#4945,.T.);
#8366 = ORIENTED_EDGE('',*,*,#4932,.F.);
#8367 = ORIENTED_EDGE('',*,*,#8345,.T.);
#8368 = ORIENTED_EDGE('',*,*,#1666,.F.);
#8369 = ORIENTED_EDGE('',*,*,#8370,.F.);
#8370 = EDGE_CURVE('',#5064,#1667,#8371,.T.);
#8371 = LINE('',#8372,#8373);
#8372 = CARTESIAN_POINT('',(-15.29072666,47.42851257,4.9));
#8373 = VECTOR('',#8374,1.);
#8374 = DIRECTION('',(-0.,-0.,-1.));
#8375 = ORIENTED_EDGE('',*,*,#5063,.F.);
#8376 = ORIENTED_EDGE('',*,*,#5030,.T.);
#8377 = PLANE('',#8378);
#8378 = AXIS2_PLACEMENT_3D('',#8379,#8380,#8381);
#8379 = CARTESIAN_POINT('',(-15.29072666,25.11515808,4.9));
#8380 = DIRECTION('',(1.,0.,0.));
#8381 = DIRECTION('',(0.,1.,0.));
#8382 = ADVANCED_FACE('',(#8383),#8394,.F.);
#8383 = FACE_BOUND('',#8384,.F.);
#8384 = EDGE_LOOP('',(#8385,#8386,#8392,#8393));
#8385 = ORIENTED_EDGE('',*,*,#2968,.F.);
#8386 = ORIENTED_EDGE('',*,*,#8387,.T.);
#8387 = EDGE_CURVE('',#2969,#1675,#8388,.T.);
#8388 = LINE('',#8389,#8390);
#8389 = CARTESIAN_POINT('',(-44.82990646,47.42851257,4.9));
#8390 = VECTOR('',#8391,1.);
#8391 = DIRECTION('',(-0.,-0.,-1.));
#8392 = ORIENTED_EDGE('',*,*,#1682,.F.);
#8393 = ORIENTED_EDGE('',*,*,#8338,.F.);
#8394 = PLANE('',#8395);
#8395 = AXIS2_PLACEMENT_3D('',#8396,#8397,#8398);
#8396 = CARTESIAN_POINT('',(-44.82990646,47.42851257,4.9));
#8397 = DIRECTION('',(-1.,0.,0.));
#8398 = DIRECTION('',(0.,-1.,0.));
#8399 = ADVANCED_FACE('',(#8400),#8407,.F.);
#8400 = FACE_BOUND('',#8401,.F.);
#8401 = EDGE_LOOP('',(#8402,#8403,#8404,#8405,#8406));
#8402 = ORIENTED_EDGE('',*,*,#2976,.F.);
#8403 = ORIENTED_EDGE('',*,*,#5070,.T.);
#8404 = ORIENTED_EDGE('',*,*,#8370,.T.);
#8405 = ORIENTED_EDGE('',*,*,#1674,.F.);
#8406 = ORIENTED_EDGE('',*,*,#8387,.F.);
#8407 = PLANE('',#8408);
#8408 = AXIS2_PLACEMENT_3D('',#8409,#8410,#8411);
#8409 = CARTESIAN_POINT('',(-15.29072666,47.42851257,4.9));
#8410 = DIRECTION('',(0.,1.,0.));
#8411 = DIRECTION('',(-1.,0.,0.));
#8412 = ADVANCED_FACE('',(#8413),#8429,.F.);
#8413 = FACE_BOUND('',#8414,.F.);
#8414 = EDGE_LOOP('',(#8415,#8416,#8422,#8423));
#8415 = ORIENTED_EDGE('',*,*,#2862,.T.);
#8416 = ORIENTED_EDGE('',*,*,#8417,.T.);
#8417 = EDGE_CURVE('',#2863,#1693,#8418,.T.);
#8418 = LINE('',#8419,#8420);
#8419 = CARTESIAN_POINT('',(-63.69176583878,22.213926,4.9));
#8420 = VECTOR('',#8421,1.);
#8421 = DIRECTION('',(-0.,-0.,-1.));
#8422 = ORIENTED_EDGE('',*,*,#1690,.F.);
#8423 = ORIENTED_EDGE('',*,*,#8424,.F.);
#8424 = EDGE_CURVE('',#2855,#1691,#8425,.T.);
#8425 = LINE('',#8426,#8427);
#8426 = CARTESIAN_POINT('',(-62.69176583878,21.213926,4.9));
#8427 = VECTOR('',#8428,1.);
#8428 = DIRECTION('',(-0.,-0.,-1.));
#8429 = CYLINDRICAL_SURFACE('',#8430,1.);
#8430 = AXIS2_PLACEMENT_3D('',#8431,#8432,#8433);
#8431 = CARTESIAN_POINT('',(-62.69176583878,22.213926,4.9));
#8432 = DIRECTION('',(-0.,-0.,-1.));
#8433 = DIRECTION('',(0.,-1.,0.));
#8434 = ADVANCED_FACE('',(#8435),#8446,.F.);
#8435 = FACE_BOUND('',#8436,.F.);
#8436 = EDGE_LOOP('',(#8437,#8438,#8439,#8440));
#8437 = ORIENTED_EDGE('',*,*,#2854,.F.);
#8438 = ORIENTED_EDGE('',*,*,#8424,.T.);
#8439 = ORIENTED_EDGE('',*,*,#1701,.F.);
#8440 = ORIENTED_EDGE('',*,*,#8441,.F.);
#8441 = EDGE_CURVE('',#2847,#1702,#8442,.T.);
#8442 = LINE('',#8443,#8444);
#8443 = CARTESIAN_POINT('',(-55.78119124033,21.213926,4.9));
#8444 = VECTOR('',#8445,1.);
#8445 = DIRECTION('',(-0.,-0.,-1.));
#8446 = PLANE('',#8447);
#8447 = AXIS2_PLACEMENT_3D('',#8448,#8449,#8450);
#8448 = CARTESIAN_POINT('',(-63.69176583878,21.213926,4.9));
#8449 = DIRECTION('',(0.,-1.,0.));
#8450 = DIRECTION('',(1.,0.,0.));
#8451 = ADVANCED_FACE('',(#8452),#8463,.T.);
#8452 = FACE_BOUND('',#8453,.T.);
#8453 = EDGE_LOOP('',(#8454,#8455,#8456,#8457));
#8454 = ORIENTED_EDGE('',*,*,#2871,.T.);
#8455 = ORIENTED_EDGE('',*,*,#8417,.T.);
#8456 = ORIENTED_EDGE('',*,*,#1776,.T.);
#8457 = ORIENTED_EDGE('',*,*,#8458,.F.);
#8458 = EDGE_CURVE('',#2872,#1769,#8459,.T.);
#8459 = LINE('',#8460,#8461);
#8460 = CARTESIAN_POINT('',(-63.69176583878,31.272995,4.9));
#8461 = VECTOR('',#8462,1.);
#8462 = DIRECTION('',(-0.,-0.,-1.));
#8463 = PLANE('',#8464);
#8464 = AXIS2_PLACEMENT_3D('',#8465,#8466,#8467);
#8465 = CARTESIAN_POINT('',(-63.69176583878,26.7434605,3.35));
#8466 = DIRECTION('',(1.,-2.49E-15,-6.5E-16));
#8467 = DIRECTION('',(2.49E-15,1.,0.));
#8468 = ADVANCED_FACE('',(#8469),#8496,.F.);
#8469 = FACE_BOUND('',#8470,.F.);
#8470 = EDGE_LOOP('',(#8471,#8472,#8473,#8474,#8482,#8490));
#8471 = ORIENTED_EDGE('',*,*,#2846,.F.);
#8472 = ORIENTED_EDGE('',*,*,#8441,.T.);
#8473 = ORIENTED_EDGE('',*,*,#1709,.F.);
#8474 = ORIENTED_EDGE('',*,*,#8475,.F.);
#8475 = EDGE_CURVE('',#8476,#1710,#8478,.T.);
#8476 = VERTEX_POINT('',#8477);
#8477 = CARTESIAN_POINT('',(-53.45490570284,17.287774128558,3.7));
#8478 = LINE('',#8479,#8480);
#8479 = CARTESIAN_POINT('',(-53.45490570284,17.287774128558,4.9));
#8480 = VECTOR('',#8481,1.);
#8481 = DIRECTION('',(-0.,-0.,-1.));
#8482 = ORIENTED_EDGE('',*,*,#8483,.T.);
#8483 = EDGE_CURVE('',#8476,#8484,#8486,.T.);
#8484 = VERTEX_POINT('',#8485);
#8485 = CARTESIAN_POINT('',(-54.46941721744,19.,3.7));
#8486 = LINE('',#8487,#8488);
#8487 = CARTESIAN_POINT('',(-70.93750350445,46.793753927815,3.7));
#8488 = VECTOR('',#8489,1.);
#8489 = DIRECTION('',(-0.509750010056,0.860322571625,0.));
#8490 = ORIENTED_EDGE('',*,*,#8491,.F.);
#8491 = EDGE_CURVE('',#2839,#8484,#8492,.T.);
#8492 = LINE('',#8493,#8494);
#8493 = CARTESIAN_POINT('',(-54.46941721744,19.,4.544202136311));
#8494 = VECTOR('',#8495,1.);
#8495 = DIRECTION('',(0.,0.,-1.));
#8496 = PLANE('',#8497);
#8497 = AXIS2_PLACEMENT_3D('',#8498,#8499,#8500);
#8498 = CARTESIAN_POINT('',(-55.78119124033,21.213926,4.9));
#8499 = DIRECTION('',(-0.860322571625,-0.509750010056,0.));
#8500 = DIRECTION('',(0.509750010056,-0.860322571625,0.));
#8501 = ADVANCED_FACE('',(#8502),#8513,.T.);
#8502 = FACE_BOUND('',#8503,.T.);
#8503 = EDGE_LOOP('',(#8504,#8505,#8506,#8507));
#8504 = ORIENTED_EDGE('',*,*,#2879,.F.);
#8505 = ORIENTED_EDGE('',*,*,#8458,.T.);
#8506 = ORIENTED_EDGE('',*,*,#1768,.T.);
#8507 = ORIENTED_EDGE('',*,*,#8508,.F.);
#8508 = EDGE_CURVE('',#2880,#1760,#8509,.T.);
#8509 = LINE('',#8510,#8511);
#8510 = CARTESIAN_POINT('',(-50.390926,31.272995,4.9));
#8511 = VECTOR('',#8512,1.);
#8512 = DIRECTION('',(-0.,-0.,-1.));
#8513 = PLANE('',#8514);
#8514 = AXIS2_PLACEMENT_3D('',#8515,#8516,#8517);
#8515 = CARTESIAN_POINT('',(-57.04134591939,31.272995,3.35));
#8516 = DIRECTION('',(-0.,-1.,-0.));
#8517 = DIRECTION('',(0.,0.,-1.));
#8518 = ADVANCED_FACE('',(#8519),#8555,.F.);
#8519 = FACE_BOUND('',#8520,.F.);
#8520 = EDGE_LOOP('',(#8521,#8528,#8529,#8530,#8538,#8547,#8554));
#8521 = ORIENTED_EDGE('',*,*,#8522,.F.);
#8522 = EDGE_CURVE('',#8476,#4248,#8523,.T.);
#8523 = CIRCLE('',#8524,5.5);
#8524 = AXIS2_PLACEMENT_3D('',#8525,#8526,#8527);
#8525 = CARTESIAN_POINT('',(-49.46707833057,13.5,3.7));
#8526 = DIRECTION('',(0.,0.,1.));
#8527 = DIRECTION('',(1.,0.,0.));
#8528 = ORIENTED_EDGE('',*,*,#8475,.T.);
#8529 = ORIENTED_EDGE('',*,*,#1717,.T.);
#8530 = ORIENTED_EDGE('',*,*,#8531,.F.);
#8531 = EDGE_CURVE('',#8532,#1718,#8534,.T.);
#8532 = VERTEX_POINT('',#8533);
#8533 = CARTESIAN_POINT('',(-50.87393798797,18.817024158717,3.7));
#8534 = LINE('',#8535,#8536);
#8535 = CARTESIAN_POINT('',(-50.87393798797,18.817024158717,4.9));
#8536 = VECTOR('',#8537,1.);
#8537 = DIRECTION('',(-0.,-0.,-1.));
#8538 = ORIENTED_EDGE('',*,*,#8539,.F.);
#8539 = EDGE_CURVE('',#8540,#8532,#8542,.T.);
#8540 = VERTEX_POINT('',#8541);
#8541 = CARTESIAN_POINT('',(-49.46707833057,19.,3.7));
#8542 = CIRCLE('',#8543,5.5);
#8543 = AXIS2_PLACEMENT_3D('',#8544,#8545,#8546);
#8544 = CARTESIAN_POINT('',(-49.46707833057,13.5,3.7));
#8545 = DIRECTION('',(0.,0.,1.));
#8546 = DIRECTION('',(1.,0.,0.));
#8547 = ORIENTED_EDGE('',*,*,#8548,.F.);
#8548 = EDGE_CURVE('',#4255,#8540,#8549,.T.);
#8549 = CIRCLE('',#8550,5.5);
#8550 = AXIS2_PLACEMENT_3D('',#8551,#8552,#8553);
#8551 = CARTESIAN_POINT('',(-49.46707833057,13.5,3.7));
#8552 = DIRECTION('',(0.,0.,1.));
#8553 = DIRECTION('',(1.,0.,0.));
#8554 = ORIENTED_EDGE('',*,*,#4254,.F.);
#8555 = CYLINDRICAL_SURFACE('',#8556,5.5);
#8556 = AXIS2_PLACEMENT_3D('',#8557,#8558,#8559);
#8557 = CARTESIAN_POINT('',(-49.46707833057,13.5,4.9));
#8558 = DIRECTION('',(0.,0.,1.));
#8559 = DIRECTION('',(1.,0.,0.));
#8560 = ADVANCED_FACE('',(#8561),#8572,.F.);
#8561 = FACE_BOUND('',#8562,.F.);
#8562 = EDGE_LOOP('',(#8563,#8564,#8570,#8571));
#8563 = ORIENTED_EDGE('',*,*,#2887,.T.);
#8564 = ORIENTED_EDGE('',*,*,#8565,.T.);
#8565 = EDGE_CURVE('',#2888,#1752,#8566,.T.);
#8566 = LINE('',#8567,#8568);
#8567 = CARTESIAN_POINT('',(-49.390926,30.272995,4.9));
#8568 = VECTOR('',#8569,1.);
#8569 = DIRECTION('',(-0.,-0.,-1.));
#8570 = ORIENTED_EDGE('',*,*,#1759,.F.);
#8571 = ORIENTED_EDGE('',*,*,#8508,.F.);
#8572 = CYLINDRICAL_SURFACE('',#8573,1.);
#8573 = AXIS2_PLACEMENT_3D('',#8574,#8575,#8576);
#8574 = CARTESIAN_POINT('',(-50.390926,30.272995,4.9));
#8575 = DIRECTION('',(-0.,-0.,-1.));
#8576 = DIRECTION('',(0.,1.,0.));
#8577 = ADVANCED_FACE('',(#8578),#8603,.F.);
#8578 = FACE_BOUND('',#8579,.F.);
#8579 = EDGE_LOOP('',(#8580,#8588,#8589,#8590,#8596,#8597));
#8580 = ORIENTED_EDGE('',*,*,#8581,.T.);
#8581 = EDGE_CURVE('',#8582,#8532,#8584,.T.);
#8582 = VERTEX_POINT('',#8583);
#8583 = CARTESIAN_POINT('',(-50.98235306391,19.,3.7));
#8584 = LINE('',#8585,#8586);
#8585 = CARTESIAN_POINT('',(-67.19339302083,46.359928022258,3.7));
#8586 = VECTOR('',#8587,1.);
#8587 = DIRECTION('',(0.509750010056,-0.860322571626,0.));
#8588 = ORIENTED_EDGE('',*,*,#8531,.T.);
#8589 = ORIENTED_EDGE('',*,*,#1726,.F.);
#8590 = ORIENTED_EDGE('',*,*,#8591,.F.);
#8591 = EDGE_CURVE('',#2914,#1727,#8592,.T.);
#8592 = LINE('',#8593,#8594);
#8593 = CARTESIAN_POINT('',(-52.29412708679,21.213926,4.9));
#8594 = VECTOR('',#8595,1.);
#8595 = DIRECTION('',(-0.,-0.,-1.));
#8596 = ORIENTED_EDGE('',*,*,#2921,.F.);
#8597 = ORIENTED_EDGE('',*,*,#8598,.F.);
#8598 = EDGE_CURVE('',#8582,#2922,#8599,.T.);
#8599 = LINE('',#8600,#8601);
#8600 = CARTESIAN_POINT('',(-50.98235306391,19.,4.544202136311));
#8601 = VECTOR('',#8602,1.);
#8602 = DIRECTION('',(0.,0.,1.));
#8603 = PLANE('',#8604);
#8604 = AXIS2_PLACEMENT_3D('',#8605,#8606,#8607);
#8605 = CARTESIAN_POINT('',(-50.87393798797,18.817024158717,4.9));
#8606 = DIRECTION('',(0.860322571626,0.509750010056,0.));
#8607 = DIRECTION('',(-0.509750010056,0.860322571626,0.));
#8608 = ADVANCED_FACE('',(#8609),#8620,.F.);
#8609 = FACE_BOUND('',#8610,.F.);
#8610 = EDGE_LOOP('',(#8611,#8612,#8618,#8619));
#8611 = ORIENTED_EDGE('',*,*,#2896,.F.);
#8612 = ORIENTED_EDGE('',*,*,#8613,.T.);
#8613 = EDGE_CURVE('',#2897,#1743,#8614,.T.);
#8614 = LINE('',#8615,#8616);
#8615 = CARTESIAN_POINT('',(-49.390926,22.213926,4.9));
#8616 = VECTOR('',#8617,1.);
#8617 = DIRECTION('',(-0.,-0.,-1.));
#8618 = ORIENTED_EDGE('',*,*,#1751,.F.);
#8619 = ORIENTED_EDGE('',*,*,#8565,.F.);
#8620 = PLANE('',#8621);
#8621 = AXIS2_PLACEMENT_3D('',#8622,#8623,#8624);
#8622 = CARTESIAN_POINT('',(-49.390926,21.213926,4.9));
#8623 = DIRECTION('',(1.,0.,0.));
#8624 = DIRECTION('',(0.,1.,0.));
#8625 = ADVANCED_FACE('',(#8626),#8637,.F.);
#8626 = FACE_BOUND('',#8627,.F.);
#8627 = EDGE_LOOP('',(#8628,#8629,#8630,#8631));
#8628 = ORIENTED_EDGE('',*,*,#2913,.F.);
#8629 = ORIENTED_EDGE('',*,*,#8591,.T.);
#8630 = ORIENTED_EDGE('',*,*,#1734,.F.);
#8631 = ORIENTED_EDGE('',*,*,#8632,.F.);
#8632 = EDGE_CURVE('',#2905,#1735,#8633,.T.);
#8633 = LINE('',#8634,#8635);
#8634 = CARTESIAN_POINT('',(-50.390926,21.213926,4.9));
#8635 = VECTOR('',#8636,1.);
#8636 = DIRECTION('',(-0.,-0.,-1.));
#8637 = PLANE('',#8638);
#8638 = AXIS2_PLACEMENT_3D('',#8639,#8640,#8641);
#8639 = CARTESIAN_POINT('',(-63.69176583878,21.213926,4.9));
#8640 = DIRECTION('',(0.,-1.,0.));
#8641 = DIRECTION('',(1.,0.,0.));
#8642 = ADVANCED_FACE('',(#8643),#8649,.F.);
#8643 = FACE_BOUND('',#8644,.F.);
#8644 = EDGE_LOOP('',(#8645,#8646,#8647,#8648));
#8645 = ORIENTED_EDGE('',*,*,#2904,.T.);
#8646 = ORIENTED_EDGE('',*,*,#8632,.T.);
#8647 = ORIENTED_EDGE('',*,*,#1742,.F.);
#8648 = ORIENTED_EDGE('',*,*,#8613,.F.);
#8649 = CYLINDRICAL_SURFACE('',#8650,1.);
#8650 = AXIS2_PLACEMENT_3D('',#8651,#8652,#8653);
#8651 = CARTESIAN_POINT('',(-50.390926,22.213926,4.9));
#8652 = DIRECTION('',(-0.,-0.,-1.));
#8653 = DIRECTION('',(1.,0.,0.));
#8654 = ADVANCED_FACE('',(#8655),#8673,.T.);
#8655 = FACE_BOUND('',#8656,.T.);
#8656 = EDGE_LOOP('',(#8657,#8658,#8666,#8672));
#8657 = ORIENTED_EDGE('',*,*,#5189,.T.);
#8658 = ORIENTED_EDGE('',*,*,#8659,.T.);
#8659 = EDGE_CURVE('',#5182,#8660,#8662,.T.);
#8660 = VERTEX_POINT('',#8661);
#8661 = CARTESIAN_POINT('',(-27.4596376,68.998039,2.4));
#8662 = LINE('',#8663,#8664);
#8663 = CARTESIAN_POINT('',(-27.4596376,57.85,2.4));
#8664 = VECTOR('',#8665,1.);
#8665 = DIRECTION('',(0.,1.,0.));
#8666 = ORIENTED_EDGE('',*,*,#8667,.F.);
#8667 = EDGE_CURVE('',#1795,#8660,#8668,.T.);
#8668 = LINE('',#8669,#8670);
#8669 = CARTESIAN_POINT('',(-27.4596376,68.998039,1.8));
#8670 = VECTOR('',#8671,1.);
#8671 = DIRECTION('',(0.,0.,1.));
#8672 = ORIENTED_EDGE('',*,*,#1794,.F.);
#8673 = PLANE('',#8674);
#8674 = AXIS2_PLACEMENT_3D('',#8675,#8676,#8677);
#8675 = CARTESIAN_POINT('',(-27.4596376,57.85,1.8));
#8676 = DIRECTION('',(-1.,0.,0.));
#8677 = DIRECTION('',(0.,1.,0.));
#8678 = ADVANCED_FACE('',(#8679),#8690,.F.);
#8679 = FACE_BOUND('',#8680,.T.);
#8680 = EDGE_LOOP('',(#8681,#8682,#8683,#8689));
#8681 = ORIENTED_EDGE('',*,*,#5196,.T.);
#8682 = ORIENTED_EDGE('',*,*,#1827,.F.);
#8683 = ORIENTED_EDGE('',*,*,#8684,.F.);
#8684 = EDGE_CURVE('',#3031,#1820,#8685,.T.);
#8685 = LINE('',#8686,#8687);
#8686 = CARTESIAN_POINT('',(-41.4596376,58.85,4.9));
#8687 = VECTOR('',#8688,1.);
#8688 = DIRECTION('',(-0.,-0.,-1.));
#8689 = ORIENTED_EDGE('',*,*,#3030,.T.);
#8690 = CYLINDRICAL_SURFACE('',#8691,1.);
#8691 = AXIS2_PLACEMENT_3D('',#8692,#8693,#8694);
#8692 = CARTESIAN_POINT('',(-40.4596376,58.85,1.9));
#8693 = DIRECTION('',(-0.,-0.,-1.));
#8694 = DIRECTION('',(-1.,0.,0.));
#8695 = ADVANCED_FACE('',(#8696),#8721,.T.);
#8696 = FACE_BOUND('',#8697,.T.);
#8697 = EDGE_LOOP('',(#8698,#8704,#8705,#8706,#8714,#8720));
#8698 = ORIENTED_EDGE('',*,*,#8699,.T.);
#8699 = EDGE_CURVE('',#3048,#1803,#8700,.T.);
#8700 = LINE('',#8701,#8702);
#8701 = CARTESIAN_POINT('',(-40.4596376,68.998039,4.9));
#8702 = VECTOR('',#8703,1.);
#8703 = DIRECTION('',(-0.,-0.,-1.));
#8704 = ORIENTED_EDGE('',*,*,#1802,.T.);
#8705 = ORIENTED_EDGE('',*,*,#8667,.T.);
#8706 = ORIENTED_EDGE('',*,*,#8707,.F.);
#8707 = EDGE_CURVE('',#8708,#8660,#8710,.T.);
#8708 = VERTEX_POINT('',#8709);
#8709 = CARTESIAN_POINT('',(-22.0746949,68.998039,2.4));
#8710 = LINE('',#8711,#8712);
#8711 = CARTESIAN_POINT('',(-24.0746949,68.998039,2.4));
#8712 = VECTOR('',#8713,1.);
#8713 = DIRECTION('',(-1.,0.,0.));
#8714 = ORIENTED_EDGE('',*,*,#8715,.F.);
#8715 = EDGE_CURVE('',#3057,#8708,#8716,.T.);
#8716 = LINE('',#8717,#8718);
#8717 = CARTESIAN_POINT('',(-25.64551900325,68.998039,4.298640854507));
#8718 = VECTOR('',#8719,1.);
#8719 = DIRECTION('',(0.882947592859,0.,-0.469471562786));
#8720 = ORIENTED_EDGE('',*,*,#3056,.F.);
#8721 = PLANE('',#8722);
#8722 = AXIS2_PLACEMENT_3D('',#8723,#8724,#8725);
#8723 = CARTESIAN_POINT('',(-29.58555269252,68.998039,3.000856153215));
#8724 = DIRECTION('',(4.2E-16,-1.,-1.34E-15));
#8725 = DIRECTION('',(0.,1.34E-15,-1.));
#8726 = ADVANCED_FACE('',(#8727),#8738,.T.);
#8727 = FACE_BOUND('',#8728,.T.);
#8728 = EDGE_LOOP('',(#8729,#8735,#8736,#8737));
#8729 = ORIENTED_EDGE('',*,*,#8730,.F.);
#8730 = EDGE_CURVE('',#3040,#1811,#8731,.T.);
#8731 = LINE('',#8732,#8733);
#8732 = CARTESIAN_POINT('',(-41.4596376,67.998039,1.9));
#8733 = VECTOR('',#8734,1.);
#8734 = DIRECTION('',(-0.,-0.,-1.));
#8735 = ORIENTED_EDGE('',*,*,#3039,.T.);
#8736 = ORIENTED_EDGE('',*,*,#8684,.T.);
#8737 = ORIENTED_EDGE('',*,*,#1819,.T.);
#8738 = PLANE('',#8739);
#8739 = AXIS2_PLACEMENT_3D('',#8740,#8741,#8742);
#8740 = CARTESIAN_POINT('',(-41.4596376,63.4240195,3.35));
#8741 = DIRECTION('',(1.,0.,0.));
#8742 = DIRECTION('',(0.,0.,1.));
#8743 = ADVANCED_FACE('',(#8744),#8750,.F.);
#8744 = FACE_BOUND('',#8745,.T.);
#8745 = EDGE_LOOP('',(#8746,#8747,#8748,#8749));
#8746 = ORIENTED_EDGE('',*,*,#8730,.T.);
#8747 = ORIENTED_EDGE('',*,*,#1810,.F.);
#8748 = ORIENTED_EDGE('',*,*,#8699,.F.);
#8749 = ORIENTED_EDGE('',*,*,#3047,.T.);
#8750 = CYLINDRICAL_SURFACE('',#8751,1.);
#8751 = AXIS2_PLACEMENT_3D('',#8752,#8753,#8754);
#8752 = CARTESIAN_POINT('',(-40.4596376,67.998039,1.9));
#8753 = DIRECTION('',(-0.,-0.,-1.));
#8754 = DIRECTION('',(0.,1.,0.));
#8755 = ADVANCED_FACE('',(#8756),#8781,.F.);
#8756 = FACE_BOUND('',#8757,.F.);
#8757 = EDGE_LOOP('',(#8758,#8768,#8774,#8775));
#8758 = ORIENTED_EDGE('',*,*,#8759,.T.);
#8759 = EDGE_CURVE('',#8760,#8762,#8764,.T.);
#8760 = VERTEX_POINT('',#8761);
#8761 = CARTESIAN_POINT('',(-74.946014,16.269472,3.7));
#8762 = VERTEX_POINT('',#8763);
#8763 = CARTESIAN_POINT('',(-80.481392,16.269472,3.7));
#8764 = LINE('',#8765,#8766);
#8765 = CARTESIAN_POINT('',(-80.08690481632,16.269472,3.7));
#8766 = VECTOR('',#8767,1.);
#8767 = DIRECTION('',(-1.,0.,0.));
#8768 = ORIENTED_EDGE('',*,*,#8769,.T.);
#8769 = EDGE_CURVE('',#8762,#1839,#8770,.T.);
#8770 = LINE('',#8771,#8772);
#8771 = CARTESIAN_POINT('',(-80.481392,16.269472,3.7));
#8772 = VECTOR('',#8773,1.);
#8773 = DIRECTION('',(-0.,-0.,-1.));
#8774 = ORIENTED_EDGE('',*,*,#1836,.F.);
#8775 = ORIENTED_EDGE('',*,*,#8776,.F.);
#8776 = EDGE_CURVE('',#8760,#1837,#8777,.T.);
#8777 = LINE('',#8778,#8779);
#8778 = CARTESIAN_POINT('',(-74.946014,16.269472,3.7));
#8779 = VECTOR('',#8780,1.);
#8780 = DIRECTION('',(-0.,-0.,-1.));
#8781 = PLANE('',#8782);
#8782 = AXIS2_PLACEMENT_3D('',#8783,#8784,#8785);
#8783 = CARTESIAN_POINT('',(-81.481392,16.269472,4.9));
#8784 = DIRECTION('',(0.,-1.,0.));
#8785 = DIRECTION('',(1.,0.,0.));
#8786 = ADVANCED_FACE('',(#8787),#8806,.F.);
#8787 = FACE_BOUND('',#8788,.F.);
#8788 = EDGE_LOOP('',(#8789,#8798,#8799,#8800));
#8789 = ORIENTED_EDGE('',*,*,#8790,.T.);
#8790 = EDGE_CURVE('',#8791,#8760,#8793,.T.);
#8791 = VERTEX_POINT('',#8792);
#8792 = CARTESIAN_POINT('',(-73.946014,17.269472,3.7));
#8793 = CIRCLE('',#8794,1.);
#8794 = AXIS2_PLACEMENT_3D('',#8795,#8796,#8797);
#8795 = CARTESIAN_POINT('',(-74.946014,17.269472,3.7));
#8796 = DIRECTION('',(0.,0.,-1.));
#8797 = DIRECTION('',(0.,1.,0.));
#8798 = ORIENTED_EDGE('',*,*,#8776,.T.);
#8799 = ORIENTED_EDGE('',*,*,#1846,.F.);
#8800 = ORIENTED_EDGE('',*,*,#8801,.F.);
#8801 = EDGE_CURVE('',#8791,#1847,#8802,.T.);
#8802 = LINE('',#8803,#8804);
#8803 = CARTESIAN_POINT('',(-73.946014,17.269472,3.7));
#8804 = VECTOR('',#8805,1.);
#8805 = DIRECTION('',(-0.,-0.,-1.));
#8806 = CYLINDRICAL_SURFACE('',#8807,1.);
#8807 = AXIS2_PLACEMENT_3D('',#8808,#8809,#8810);
#8808 = CARTESIAN_POINT('',(-74.946014,17.269472,3.7));
#8809 = DIRECTION('',(-0.,-0.,-1.));
#8810 = DIRECTION('',(1.,0.,0.));
#8811 = ADVANCED_FACE('',(#8812),#8831,.F.);
#8812 = FACE_BOUND('',#8813,.T.);
#8813 = EDGE_LOOP('',(#8814,#8823,#8824,#8825));
#8814 = ORIENTED_EDGE('',*,*,#8815,.T.);
#8815 = EDGE_CURVE('',#8816,#8762,#8818,.T.);
#8816 = VERTEX_POINT('',#8817);
#8817 = CARTESIAN_POINT('',(-81.481392,17.269472,3.7));
#8818 = CIRCLE('',#8819,1.);
#8819 = AXIS2_PLACEMENT_3D('',#8820,#8821,#8822);
#8820 = CARTESIAN_POINT('',(-80.481392,17.269472,3.7));
#8821 = DIRECTION('',(0.,-0.,1.));
#8822 = DIRECTION('',(0.,1.,0.));
#8823 = ORIENTED_EDGE('',*,*,#8769,.T.);
#8824 = ORIENTED_EDGE('',*,*,#1879,.F.);
#8825 = ORIENTED_EDGE('',*,*,#8826,.F.);
#8826 = EDGE_CURVE('',#8816,#1872,#8827,.T.);
#8827 = LINE('',#8828,#8829);
#8828 = CARTESIAN_POINT('',(-81.481392,17.269472,3.7));
#8829 = VECTOR('',#8830,1.);
#8830 = DIRECTION('',(-0.,-0.,-1.));
#8831 = CYLINDRICAL_SURFACE('',#8832,1.);
#8832 = AXIS2_PLACEMENT_3D('',#8833,#8834,#8835);
#8833 = CARTESIAN_POINT('',(-80.481392,17.269472,3.7));
#8834 = DIRECTION('',(-0.,-0.,-1.));
#8835 = DIRECTION('',(-1.,0.,0.));
#8836 = ADVANCED_FACE('',(#8837),#8862,.T.);
#8837 = FACE_BOUND('',#8838,.T.);
#8838 = EDGE_LOOP('',(#8839,#8840,#8846,#8847,#8848,#8856));
#8839 = ORIENTED_EDGE('',*,*,#2830,.T.);
#8840 = ORIENTED_EDGE('',*,*,#8841,.T.);
#8841 = EDGE_CURVE('',#2823,#1856,#8842,.T.);
#8842 = LINE('',#8843,#8844);
#8843 = CARTESIAN_POINT('',(-73.946014,28.146653,4.9));
#8844 = VECTOR('',#8845,1.);
#8845 = DIRECTION('',(-0.,-0.,-1.));
#8846 = ORIENTED_EDGE('',*,*,#1855,.T.);
#8847 = ORIENTED_EDGE('',*,*,#8801,.F.);
#8848 = ORIENTED_EDGE('',*,*,#8849,.F.);
#8849 = EDGE_CURVE('',#8850,#8791,#8852,.T.);
#8850 = VERTEX_POINT('',#8851);
#8851 = CARTESIAN_POINT('',(-73.946014,19.,3.7));
#8852 = LINE('',#8853,#8854);
#8853 = CARTESIAN_POINT('',(-73.946014,46.514229350515,3.7));
#8854 = VECTOR('',#8855,1.);
#8855 = DIRECTION('',(0.,-1.,0.));
#8856 = ORIENTED_EDGE('',*,*,#8857,.F.);
#8857 = EDGE_CURVE('',#2831,#8850,#8858,.T.);
#8858 = LINE('',#8859,#8860);
#8859 = CARTESIAN_POINT('',(-73.946014,19.,4.9));
#8860 = VECTOR('',#8861,1.);
#8861 = DIRECTION('',(0.,0.,-1.));
#8862 = PLANE('',#8863);
#8863 = AXIS2_PLACEMENT_3D('',#8864,#8865,#8866);
#8864 = CARTESIAN_POINT('',(-73.946014,22.782349067513,3.275713432487));
#8865 = DIRECTION('',(-1.,-0.,-0.));
#8866 = DIRECTION('',(0.,0.,-1.));
#8867 = ADVANCED_FACE('',(#8868),#8893,.T.);
#8868 = FACE_BOUND('',#8869,.T.);
#8869 = EDGE_LOOP('',(#8870,#8871,#8879,#8885,#8886,#8887));
#8870 = ORIENTED_EDGE('',*,*,#2814,.T.);
#8871 = ORIENTED_EDGE('',*,*,#8872,.F.);
#8872 = EDGE_CURVE('',#8873,#2807,#8875,.T.);
#8873 = VERTEX_POINT('',#8874);
#8874 = CARTESIAN_POINT('',(-81.481392,19.,3.7));
#8875 = LINE('',#8876,#8877);
#8876 = CARTESIAN_POINT('',(-81.481392,19.,4.9));
#8877 = VECTOR('',#8878,1.);
#8878 = DIRECTION('',(0.,0.,1.));
#8879 = ORIENTED_EDGE('',*,*,#8880,.F.);
#8880 = EDGE_CURVE('',#8816,#8873,#8881,.T.);
#8881 = LINE('',#8882,#8883);
#8882 = CARTESIAN_POINT('',(-81.481392,51.802819850515,3.7));
#8883 = VECTOR('',#8884,1.);
#8884 = DIRECTION('',(0.,1.,0.));
#8885 = ORIENTED_EDGE('',*,*,#8826,.T.);
#8886 = ORIENTED_EDGE('',*,*,#1871,.F.);
#8887 = ORIENTED_EDGE('',*,*,#8888,.F.);
#8888 = EDGE_CURVE('',#2815,#1864,#8889,.T.);
#8889 = LINE('',#8890,#8891);
#8890 = CARTESIAN_POINT('',(-81.481392,28.146653,4.9));
#8891 = VECTOR('',#8892,1.);
#8892 = DIRECTION('',(-0.,-0.,-1.));
#8893 = PLANE('',#8894);
#8894 = AXIS2_PLACEMENT_3D('',#8895,#8896,#8897);
#8895 = CARTESIAN_POINT('',(-81.481392,22.782349067513,3.275713432487));
#8896 = DIRECTION('',(1.,0.,0.));
#8897 = DIRECTION('',(0.,0.,1.));
#8898 = ADVANCED_FACE('',(#8899),#8905,.T.);
#8899 = FACE_BOUND('',#8900,.T.);
#8900 = EDGE_LOOP('',(#8901,#8902,#8903,#8904));
#8901 = ORIENTED_EDGE('',*,*,#2822,.F.);
#8902 = ORIENTED_EDGE('',*,*,#8888,.T.);
#8903 = ORIENTED_EDGE('',*,*,#1863,.F.);
#8904 = ORIENTED_EDGE('',*,*,#8841,.F.);
#8905 = PLANE('',#8906);
#8906 = AXIS2_PLACEMENT_3D('',#8907,#8908,#8909);
#8907 = CARTESIAN_POINT('',(-81.481392,28.146653,4.9));
#8908 = DIRECTION('',(-9.4E-16,-1.,0.));
#8909 = DIRECTION('',(1.,-9.4E-16,0.));
#8910 = ADVANCED_FACE('',(#8911),#8927,.F.);
#8911 = FACE_BOUND('',#8912,.F.);
#8912 = EDGE_LOOP('',(#8913,#8914,#8920,#8921));
#8913 = ORIENTED_EDGE('',*,*,#3357,.F.);
#8914 = ORIENTED_EDGE('',*,*,#8915,.T.);
#8915 = EDGE_CURVE('',#3358,#1891,#8916,.T.);
#8916 = LINE('',#8917,#8918);
#8917 = CARTESIAN_POINT('',(-73.144928,30.660711,4.9));
#8918 = VECTOR('',#8919,1.);
#8919 = DIRECTION('',(-0.,-0.,-1.));
#8920 = ORIENTED_EDGE('',*,*,#1888,.F.);
#8921 = ORIENTED_EDGE('',*,*,#8922,.F.);
#8922 = EDGE_CURVE('',#3349,#1889,#8923,.T.);
#8923 = LINE('',#8924,#8925);
#8924 = CARTESIAN_POINT('',(-73.144928,50.138256,4.9));
#8925 = VECTOR('',#8926,1.);
#8926 = DIRECTION('',(-0.,-0.,-1.));
#8927 = PLANE('',#8928);
#8928 = AXIS2_PLACEMENT_3D('',#8929,#8930,#8931);
#8929 = CARTESIAN_POINT('',(-73.144928,29.660711,4.9));
#8930 = DIRECTION('',(1.,0.,0.));
#8931 = DIRECTION('',(0.,1.,0.));
#8932 = ADVANCED_FACE('',(#8933),#8944,.F.);
#8933 = FACE_BOUND('',#8934,.F.);
#8934 = EDGE_LOOP('',(#8935,#8936,#8937,#8938));
#8935 = ORIENTED_EDGE('',*,*,#3348,.T.);
#8936 = ORIENTED_EDGE('',*,*,#8922,.T.);
#8937 = ORIENTED_EDGE('',*,*,#1898,.F.);
#8938 = ORIENTED_EDGE('',*,*,#8939,.F.);
#8939 = EDGE_CURVE('',#3341,#1899,#8940,.T.);
#8940 = LINE('',#8941,#8942);
#8941 = CARTESIAN_POINT('',(-74.144928,51.138256,4.9));
#8942 = VECTOR('',#8943,1.);
#8943 = DIRECTION('',(-0.,-0.,-1.));
#8944 = CYLINDRICAL_SURFACE('',#8945,1.);
#8945 = AXIS2_PLACEMENT_3D('',#8946,#8947,#8948);
#8946 = CARTESIAN_POINT('',(-74.144928,50.138256,4.9));
#8947 = DIRECTION('',(-0.,-0.,-1.));
#8948 = DIRECTION('',(0.,1.,0.));
#8949 = ADVANCED_FACE('',(#8950),#8961,.F.);
#8950 = FACE_BOUND('',#8951,.T.);
#8951 = EDGE_LOOP('',(#8952,#8953,#8954,#8955));
#8952 = ORIENTED_EDGE('',*,*,#3365,.T.);
#8953 = ORIENTED_EDGE('',*,*,#8915,.T.);
#8954 = ORIENTED_EDGE('',*,*,#2017,.F.);
#8955 = ORIENTED_EDGE('',*,*,#8956,.F.);
#8956 = EDGE_CURVE('',#3239,#2010,#8957,.T.);
#8957 = LINE('',#8958,#8959);
#8958 = CARTESIAN_POINT('',(-74.144928,29.660711,4.9));
#8959 = VECTOR('',#8960,1.);
#8960 = DIRECTION('',(-0.,-0.,-1.));
#8961 = CYLINDRICAL_SURFACE('',#8962,1.);
#8962 = AXIS2_PLACEMENT_3D('',#8963,#8964,#8965);
#8963 = CARTESIAN_POINT('',(-74.144928,30.660711,4.9));
#8964 = DIRECTION('',(-0.,-0.,-1.));
#8965 = DIRECTION('',(0.,-1.,0.));
#8966 = ADVANCED_FACE('',(#8967),#8978,.F.);
#8967 = FACE_BOUND('',#8968,.F.);
#8968 = EDGE_LOOP('',(#8969,#8970,#8971,#8972));
#8969 = ORIENTED_EDGE('',*,*,#3340,.F.);
#8970 = ORIENTED_EDGE('',*,*,#8939,.T.);
#8971 = ORIENTED_EDGE('',*,*,#1907,.F.);
#8972 = ORIENTED_EDGE('',*,*,#8973,.F.);
#8973 = EDGE_CURVE('',#3332,#1908,#8974,.T.);
#8974 = LINE('',#8975,#8976);
#8975 = CARTESIAN_POINT('',(-100.291313,51.138256,4.9));
#8976 = VECTOR('',#8977,1.);
#8977 = DIRECTION('',(-0.,-0.,-1.));
#8978 = PLANE('',#8979);
#8979 = AXIS2_PLACEMENT_3D('',#8980,#8981,#8982);
#8980 = CARTESIAN_POINT('',(-73.144928,51.138256,4.9));
#8981 = DIRECTION('',(0.,1.,0.));
#8982 = DIRECTION('',(-1.,0.,0.));
#8983 = ADVANCED_FACE('',(#8984),#8995,.F.);
#8984 = FACE_BOUND('',#8985,.F.);
#8985 = EDGE_LOOP('',(#8986,#8987,#8993,#8994));
#8986 = ORIENTED_EDGE('',*,*,#3236,.F.);
#8987 = ORIENTED_EDGE('',*,*,#8988,.T.);
#8988 = EDGE_CURVE('',#3237,#2001,#8989,.T.);
#8989 = LINE('',#8990,#8991);
#8990 = CARTESIAN_POINT('',(-89.161903,29.660711,4.9));
#8991 = VECTOR('',#8992,1.);
#8992 = DIRECTION('',(-0.,-0.,-1.));
#8993 = ORIENTED_EDGE('',*,*,#2009,.F.);
#8994 = ORIENTED_EDGE('',*,*,#8956,.F.);
#8995 = PLANE('',#8996);
#8996 = AXIS2_PLACEMENT_3D('',#8997,#8998,#8999);
#8997 = CARTESIAN_POINT('',(-90.161903,29.660711,4.9));
#8998 = DIRECTION('',(0.,-1.,0.));
#8999 = DIRECTION('',(1.,0.,0.));
#9000 = ADVANCED_FACE('',(#9001),#9012,.F.);
#9001 = FACE_BOUND('',#9002,.F.);
#9002 = EDGE_LOOP('',(#9003,#9004,#9005,#9006));
#9003 = ORIENTED_EDGE('',*,*,#3331,.T.);
#9004 = ORIENTED_EDGE('',*,*,#8973,.T.);
#9005 = ORIENTED_EDGE('',*,*,#1915,.F.);
#9006 = ORIENTED_EDGE('',*,*,#9007,.F.);
#9007 = EDGE_CURVE('',#3324,#1916,#9008,.T.);
#9008 = LINE('',#9009,#9010);
#9009 = CARTESIAN_POINT('',(-101.291313,50.138256,4.9));
#9010 = VECTOR('',#9011,1.);
#9011 = DIRECTION('',(-0.,-0.,-1.));
#9012 = CYLINDRICAL_SURFACE('',#9013,1.);
#9013 = AXIS2_PLACEMENT_3D('',#9014,#9015,#9016);
#9014 = CARTESIAN_POINT('',(-100.291313,50.138256,4.9));
#9015 = DIRECTION('',(-0.,-0.,-1.));
#9016 = DIRECTION('',(-1.,0.,0.));
#9017 = ADVANCED_FACE('',(#9018),#9029,.T.);
#9018 = FACE_BOUND('',#9019,.F.);
#9019 = EDGE_LOOP('',(#9020,#9021,#9027,#9028));
#9020 = ORIENTED_EDGE('',*,*,#3246,.T.);
#9021 = ORIENTED_EDGE('',*,*,#9022,.T.);
#9022 = EDGE_CURVE('',#3247,#1993,#9023,.T.);
#9023 = LINE('',#9024,#9025);
#9024 = CARTESIAN_POINT('',(-90.161903,28.660711,4.9));
#9025 = VECTOR('',#9026,1.);
#9026 = DIRECTION('',(-0.,-0.,-1.));
#9027 = ORIENTED_EDGE('',*,*,#2000,.F.);
#9028 = ORIENTED_EDGE('',*,*,#8988,.F.);
#9029 = CYLINDRICAL_SURFACE('',#9030,1.);
#9030 = AXIS2_PLACEMENT_3D('',#9031,#9032,#9033);
#9031 = CARTESIAN_POINT('',(-89.161903,28.660711,4.9));
#9032 = DIRECTION('',(-0.,-0.,-1.));
#9033 = DIRECTION('',(0.,1.,0.));
#9034 = ADVANCED_FACE('',(#9035),#9046,.F.);
#9035 = FACE_BOUND('',#9036,.F.);
#9036 = EDGE_LOOP('',(#9037,#9038,#9039,#9040));
#9037 = ORIENTED_EDGE('',*,*,#3323,.F.);
#9038 = ORIENTED_EDGE('',*,*,#9007,.T.);
#9039 = ORIENTED_EDGE('',*,*,#1924,.F.);
#9040 = ORIENTED_EDGE('',*,*,#9041,.F.);
#9041 = EDGE_CURVE('',#3315,#1925,#9042,.T.);
#9042 = LINE('',#9043,#9044);
#9043 = CARTESIAN_POINT('',(-101.291313,30.660711,4.9));
#9044 = VECTOR('',#9045,1.);
#9045 = DIRECTION('',(-0.,-0.,-1.));
#9046 = PLANE('',#9047);
#9047 = AXIS2_PLACEMENT_3D('',#9048,#9049,#9050);
#9048 = CARTESIAN_POINT('',(-101.291313,51.138256,4.9));
#9049 = DIRECTION('',(-1.,0.,0.));
#9050 = DIRECTION('',(0.,-1.,0.));
#9051 = ADVANCED_FACE('',(#9052),#9063,.F.);
#9052 = FACE_BOUND('',#9053,.F.);
#9053 = EDGE_LOOP('',(#9054,#9055,#9061,#9062));
#9054 = ORIENTED_EDGE('',*,*,#3255,.F.);
#9055 = ORIENTED_EDGE('',*,*,#9056,.T.);
#9056 = EDGE_CURVE('',#3256,#1984,#9057,.T.);
#9057 = LINE('',#9058,#9059);
#9058 = CARTESIAN_POINT('',(-90.161903,25.25956,4.9));
#9059 = VECTOR('',#9060,1.);
#9060 = DIRECTION('',(-0.,-0.,-1.));
#9061 = ORIENTED_EDGE('',*,*,#1992,.F.);
#9062 = ORIENTED_EDGE('',*,*,#9022,.F.);
#9063 = PLANE('',#9064);
#9064 = AXIS2_PLACEMENT_3D('',#9065,#9066,#9067);
#9065 = CARTESIAN_POINT('',(-90.161903,24.25956,4.9));
#9066 = DIRECTION('',(1.,0.,0.));
#9067 = DIRECTION('',(0.,1.,0.));
#9068 = ADVANCED_FACE('',(#9069),#9080,.F.);
#9069 = FACE_BOUND('',#9070,.F.);
#9070 = EDGE_LOOP('',(#9071,#9072,#9073,#9074));
#9071 = ORIENTED_EDGE('',*,*,#3314,.T.);
#9072 = ORIENTED_EDGE('',*,*,#9041,.T.);
#9073 = ORIENTED_EDGE('',*,*,#1932,.F.);
#9074 = ORIENTED_EDGE('',*,*,#9075,.F.);
#9075 = EDGE_CURVE('',#3307,#1933,#9076,.T.);
#9076 = LINE('',#9077,#9078);
#9077 = CARTESIAN_POINT('',(-100.291313,29.660711,4.9));
#9078 = VECTOR('',#9079,1.);
#9079 = DIRECTION('',(-0.,-0.,-1.));
#9080 = CYLINDRICAL_SURFACE('',#9081,1.);
#9081 = AXIS2_PLACEMENT_3D('',#9082,#9083,#9084);
#9082 = CARTESIAN_POINT('',(-100.291313,30.660711,4.9));
#9083 = DIRECTION('',(-0.,-0.,-1.));
#9084 = DIRECTION('',(0.,-1.,0.));
#9085 = ADVANCED_FACE('',(#9086),#9097,.F.);
#9086 = FACE_BOUND('',#9087,.F.);
#9087 = EDGE_LOOP('',(#9088,#9089,#9095,#9096));
#9088 = ORIENTED_EDGE('',*,*,#3263,.T.);
#9089 = ORIENTED_EDGE('',*,*,#9090,.T.);
#9090 = EDGE_CURVE('',#3264,#1976,#9091,.T.);
#9091 = LINE('',#9092,#9093);
#9092 = CARTESIAN_POINT('',(-91.161903,24.25956,4.9));
#9093 = VECTOR('',#9094,1.);
#9094 = DIRECTION('',(-0.,-0.,-1.));
#9095 = ORIENTED_EDGE('',*,*,#1983,.F.);
#9096 = ORIENTED_EDGE('',*,*,#9056,.F.);
#9097 = CYLINDRICAL_SURFACE('',#9098,1.);
#9098 = AXIS2_PLACEMENT_3D('',#9099,#9100,#9101);
#9099 = CARTESIAN_POINT('',(-91.161903,25.25956,4.9));
#9100 = DIRECTION('',(-0.,-0.,-1.));
#9101 = DIRECTION('',(1.,0.,0.));
#9102 = ADVANCED_FACE('',(#9103),#9114,.F.);
#9103 = FACE_BOUND('',#9104,.F.);
#9104 = EDGE_LOOP('',(#9105,#9106,#9107,#9108));
#9105 = ORIENTED_EDGE('',*,*,#3306,.F.);
#9106 = ORIENTED_EDGE('',*,*,#9075,.T.);
#9107 = ORIENTED_EDGE('',*,*,#1941,.F.);
#9108 = ORIENTED_EDGE('',*,*,#9109,.F.);
#9109 = EDGE_CURVE('',#3298,#1942,#9110,.T.);
#9110 = LINE('',#9111,#9112);
#9111 = CARTESIAN_POINT('',(-95.724609,29.660711,4.9));
#9112 = VECTOR('',#9113,1.);
#9113 = DIRECTION('',(-0.,-0.,-1.));
#9114 = PLANE('',#9115);
#9115 = AXIS2_PLACEMENT_3D('',#9116,#9117,#9118);
#9116 = CARTESIAN_POINT('',(-101.291313,29.660711,4.9));
#9117 = DIRECTION('',(0.,-1.,0.));
#9118 = DIRECTION('',(1.,0.,0.));
#9119 = ADVANCED_FACE('',(#9120),#9131,.F.);
#9120 = FACE_BOUND('',#9121,.F.);
#9121 = EDGE_LOOP('',(#9122,#9123,#9129,#9130));
#9122 = ORIENTED_EDGE('',*,*,#3272,.F.);
#9123 = ORIENTED_EDGE('',*,*,#9124,.T.);
#9124 = EDGE_CURVE('',#3273,#1967,#9125,.T.);
#9125 = LINE('',#9126,#9127);
#9126 = CARTESIAN_POINT('',(-93.724609,24.25956,4.9));
#9127 = VECTOR('',#9128,1.);
#9128 = DIRECTION('',(-0.,-0.,-1.));
#9129 = ORIENTED_EDGE('',*,*,#1975,.F.);
#9130 = ORIENTED_EDGE('',*,*,#9090,.F.);
#9131 = PLANE('',#9132);
#9132 = AXIS2_PLACEMENT_3D('',#9133,#9134,#9135);
#9133 = CARTESIAN_POINT('',(-94.724609,24.25956,4.9));
#9134 = DIRECTION('',(0.,-1.,0.));
#9135 = DIRECTION('',(1.,0.,0.));
#9136 = ADVANCED_FACE('',(#9137),#9148,.T.);
#9137 = FACE_BOUND('',#9138,.F.);
#9138 = EDGE_LOOP('',(#9139,#9140,#9141,#9142));
#9139 = ORIENTED_EDGE('',*,*,#3297,.T.);
#9140 = ORIENTED_EDGE('',*,*,#9109,.T.);
#9141 = ORIENTED_EDGE('',*,*,#1949,.F.);
#9142 = ORIENTED_EDGE('',*,*,#9143,.F.);
#9143 = EDGE_CURVE('',#3290,#1950,#9144,.T.);
#9144 = LINE('',#9145,#9146);
#9145 = CARTESIAN_POINT('',(-94.724609,28.660711,4.9));
#9146 = VECTOR('',#9147,1.);
#9147 = DIRECTION('',(-0.,-0.,-1.));
#9148 = CYLINDRICAL_SURFACE('',#9149,1.);
#9149 = AXIS2_PLACEMENT_3D('',#9150,#9151,#9152);
#9150 = CARTESIAN_POINT('',(-95.724609,28.660711,4.9));
#9151 = DIRECTION('',(-0.,-0.,-1.));
#9152 = DIRECTION('',(1.,0.,0.));
#9153 = ADVANCED_FACE('',(#9154),#9165,.F.);
#9154 = FACE_BOUND('',#9155,.F.);
#9155 = EDGE_LOOP('',(#9156,#9157,#9163,#9164));
#9156 = ORIENTED_EDGE('',*,*,#3280,.T.);
#9157 = ORIENTED_EDGE('',*,*,#9158,.T.);
#9158 = EDGE_CURVE('',#3281,#1959,#9159,.T.);
#9159 = LINE('',#9160,#9161);
#9160 = CARTESIAN_POINT('',(-94.724609,25.25956,4.9));
#9161 = VECTOR('',#9162,1.);
#9162 = DIRECTION('',(-0.,-0.,-1.));
#9163 = ORIENTED_EDGE('',*,*,#1966,.F.);
#9164 = ORIENTED_EDGE('',*,*,#9124,.F.);
#9165 = CYLINDRICAL_SURFACE('',#9166,1.);
#9166 = AXIS2_PLACEMENT_3D('',#9167,#9168,#9169);
#9167 = CARTESIAN_POINT('',(-93.724609,25.25956,4.9));
#9168 = DIRECTION('',(-0.,-0.,-1.));
#9169 = DIRECTION('',(0.,-1.,0.));
#9170 = ADVANCED_FACE('',(#9171),#9177,.F.);
#9171 = FACE_BOUND('',#9172,.F.);
#9172 = EDGE_LOOP('',(#9173,#9174,#9175,#9176));
#9173 = ORIENTED_EDGE('',*,*,#3289,.F.);
#9174 = ORIENTED_EDGE('',*,*,#9143,.T.);
#9175 = ORIENTED_EDGE('',*,*,#1958,.F.);
#9176 = ORIENTED_EDGE('',*,*,#9158,.F.);
#9177 = PLANE('',#9178);
#9178 = AXIS2_PLACEMENT_3D('',#9179,#9180,#9181);
#9179 = CARTESIAN_POINT('',(-94.724609,29.660711,4.9));
#9180 = DIRECTION('',(-1.,0.,0.));
#9181 = DIRECTION('',(0.,-1.,0.));
#9182 = ADVANCED_FACE('',(#9183),#9199,.F.);
#9183 = FACE_BOUND('',#9184,.F.);
#9184 = EDGE_LOOP('',(#9185,#9186,#9192,#9193));
#9185 = ORIENTED_EDGE('',*,*,#3374,.F.);
#9186 = ORIENTED_EDGE('',*,*,#9187,.T.);
#9187 = EDGE_CURVE('',#3375,#2029,#9188,.T.);
#9188 = LINE('',#9189,#9190);
#9189 = CARTESIAN_POINT('',(-62.1050148,50.6904182,4.9));
#9190 = VECTOR('',#9191,1.);
#9191 = DIRECTION('',(-0.,-0.,-1.));
#9192 = ORIENTED_EDGE('',*,*,#2026,.F.);
#9193 = ORIENTED_EDGE('',*,*,#9194,.F.);
#9194 = EDGE_CURVE('',#3377,#2027,#9195,.T.);
#9195 = LINE('',#9196,#9197);
#9196 = CARTESIAN_POINT('',(-62.1050148,39.05830002,4.9));
#9197 = VECTOR('',#9198,1.);
#9198 = DIRECTION('',(-0.,-0.,-1.));
#9199 = PLANE('',#9200);
#9200 = AXIS2_PLACEMENT_3D('',#9201,#9202,#9203);
#9201 = CARTESIAN_POINT('',(-62.1050148,50.6904182,4.9));
#9202 = DIRECTION('',(-1.,0.,0.));
#9203 = DIRECTION('',(0.,-1.,0.));
#9204 = ADVANCED_FACE('',(#9205),#9216,.F.);
#9205 = FACE_BOUND('',#9206,.F.);
#9206 = EDGE_LOOP('',(#9207,#9208,#9209,#9210));
#9207 = ORIENTED_EDGE('',*,*,#3400,.F.);
#9208 = ORIENTED_EDGE('',*,*,#9194,.T.);
#9209 = ORIENTED_EDGE('',*,*,#2036,.F.);
#9210 = ORIENTED_EDGE('',*,*,#9211,.F.);
#9211 = EDGE_CURVE('',#3393,#2037,#9212,.T.);
#9212 = LINE('',#9213,#9214);
#9213 = CARTESIAN_POINT('',(-57.44507599,39.05830002,4.9));
#9214 = VECTOR('',#9215,1.);
#9215 = DIRECTION('',(-0.,-0.,-1.));
#9216 = PLANE('',#9217);
#9217 = AXIS2_PLACEMENT_3D('',#9218,#9219,#9220);
#9218 = CARTESIAN_POINT('',(-62.1050148,39.05830002,4.9));
#9219 = DIRECTION('',(0.,-1.,0.));
#9220 = DIRECTION('',(1.,0.,0.));
#9221 = ADVANCED_FACE('',(#9222),#9233,.F.);
#9222 = FACE_BOUND('',#9223,.F.);
#9223 = EDGE_LOOP('',(#9224,#9225,#9231,#9232));
#9224 = ORIENTED_EDGE('',*,*,#3384,.F.);
#9225 = ORIENTED_EDGE('',*,*,#9226,.T.);
#9226 = EDGE_CURVE('',#3385,#2045,#9227,.T.);
#9227 = LINE('',#9228,#9229);
#9228 = CARTESIAN_POINT('',(-57.44507599,50.6904182,4.9));
#9229 = VECTOR('',#9230,1.);
#9230 = DIRECTION('',(-0.,-0.,-1.));
#9231 = ORIENTED_EDGE('',*,*,#2052,.F.);
#9232 = ORIENTED_EDGE('',*,*,#9187,.F.);
#9233 = PLANE('',#9234);
#9234 = AXIS2_PLACEMENT_3D('',#9235,#9236,#9237);
#9235 = CARTESIAN_POINT('',(-57.44507599,50.6904182,4.9));
#9236 = DIRECTION('',(0.,1.,0.));
#9237 = DIRECTION('',(-1.,0.,0.));
#9238 = ADVANCED_FACE('',(#9239),#9245,.F.);
#9239 = FACE_BOUND('',#9240,.F.);
#9240 = EDGE_LOOP('',(#9241,#9242,#9243,#9244));
#9241 = ORIENTED_EDGE('',*,*,#3392,.F.);
#9242 = ORIENTED_EDGE('',*,*,#9211,.T.);
#9243 = ORIENTED_EDGE('',*,*,#2044,.F.);
#9244 = ORIENTED_EDGE('',*,*,#9226,.F.);
#9245 = PLANE('',#9246);
#9246 = AXIS2_PLACEMENT_3D('',#9247,#9248,#9249);
#9247 = CARTESIAN_POINT('',(-57.44507599,39.05830002,4.9));
#9248 = DIRECTION('',(1.,0.,0.));
#9249 = DIRECTION('',(0.,1.,0.));
#9250 = ADVANCED_FACE('',(#9251),#9267,.F.);
#9251 = FACE_BOUND('',#9252,.F.);
#9252 = EDGE_LOOP('',(#9253,#9254,#9260,#9261));
#9253 = ORIENTED_EDGE('',*,*,#3220,.F.);
#9254 = ORIENTED_EDGE('',*,*,#9255,.T.);
#9255 = EDGE_CURVE('',#3221,#2063,#9256,.T.);
#9256 = LINE('',#9257,#9258);
#9257 = CARTESIAN_POINT('',(-51.24915695,57.6052475,4.9));
#9258 = VECTOR('',#9259,1.);
#9259 = DIRECTION('',(-0.,-0.,-1.));
#9260 = ORIENTED_EDGE('',*,*,#2060,.F.);
#9261 = ORIENTED_EDGE('',*,*,#9262,.F.);
#9262 = EDGE_CURVE('',#3213,#2061,#9263,.T.);
#9263 = LINE('',#9264,#9265);
#9264 = CARTESIAN_POINT('',(-51.24915695,63.38315201,4.9));
#9265 = VECTOR('',#9266,1.);
#9266 = DIRECTION('',(-0.,-0.,-1.));
#9267 = PLANE('',#9268);
#9268 = AXIS2_PLACEMENT_3D('',#9269,#9270,#9271);
#9269 = CARTESIAN_POINT('',(-51.24915695,57.6052475,4.9));
#9270 = DIRECTION('',(1.,0.,0.));
#9271 = DIRECTION('',(0.,1.,0.));
#9272 = ADVANCED_FACE('',(#9273),#9284,.F.);
#9273 = FACE_BOUND('',#9274,.F.);
#9274 = EDGE_LOOP('',(#9275,#9276,#9277,#9278));
#9275 = ORIENTED_EDGE('',*,*,#3212,.F.);
#9276 = ORIENTED_EDGE('',*,*,#9262,.T.);
#9277 = ORIENTED_EDGE('',*,*,#2070,.F.);
#9278 = ORIENTED_EDGE('',*,*,#9279,.F.);
#9279 = EDGE_CURVE('',#3205,#2071,#9280,.T.);
#9280 = LINE('',#9281,#9282);
#9281 = CARTESIAN_POINT('',(-67.11682892,63.38315201,4.9));
#9282 = VECTOR('',#9283,1.);
#9283 = DIRECTION('',(-0.,-0.,-1.));
#9284 = PLANE('',#9285);
#9285 = AXIS2_PLACEMENT_3D('',#9286,#9287,#9288);
#9286 = CARTESIAN_POINT('',(-51.24915695,63.38315201,4.9));
#9287 = DIRECTION('',(0.,1.,0.));
#9288 = DIRECTION('',(-1.,0.,0.));
#9289 = ADVANCED_FACE('',(#9290),#9301,.F.);
#9290 = FACE_BOUND('',#9291,.F.);
#9291 = EDGE_LOOP('',(#9292,#9293,#9299,#9300));
#9292 = ORIENTED_EDGE('',*,*,#3228,.F.);
#9293 = ORIENTED_EDGE('',*,*,#9294,.T.);
#9294 = EDGE_CURVE('',#2375,#2079,#9295,.T.);
#9295 = LINE('',#9296,#9297);
#9296 = CARTESIAN_POINT('',(-67.11682892,57.6052475,4.9));
#9297 = VECTOR('',#9298,1.);
#9298 = DIRECTION('',(-0.,-0.,-1.));
#9299 = ORIENTED_EDGE('',*,*,#2086,.F.);
#9300 = ORIENTED_EDGE('',*,*,#9255,.F.);
#9301 = PLANE('',#9302);
#9302 = AXIS2_PLACEMENT_3D('',#9303,#9304,#9305);
#9303 = CARTESIAN_POINT('',(-67.11682892,57.6052475,4.9));
#9304 = DIRECTION('',(0.,-1.,0.));
#9305 = DIRECTION('',(1.,0.,0.));
#9306 = ADVANCED_FACE('',(#9307),#9352,.F.);
#9307 = FACE_BOUND('',#9308,.F.);
#9308 = EDGE_LOOP('',(#9309,#9310,#9311,#9312,#9313,#9314,#9322,#9330,
    #9338,#9346));
#9309 = ORIENTED_EDGE('',*,*,#3204,.F.);
#9310 = ORIENTED_EDGE('',*,*,#9279,.T.);
#9311 = ORIENTED_EDGE('',*,*,#2078,.F.);
#9312 = ORIENTED_EDGE('',*,*,#9294,.F.);
#9313 = ORIENTED_EDGE('',*,*,#2372,.F.);
#9314 = ORIENTED_EDGE('',*,*,#9315,.T.);
#9315 = EDGE_CURVE('',#2373,#9316,#9318,.T.);
#9316 = VERTEX_POINT('',#9317);
#9317 = CARTESIAN_POINT('',(-67.11682892,59.105247500001,4.));
#9318 = LINE('',#9319,#9320);
#9319 = CARTESIAN_POINT('',(-67.11682892,59.724723627501,3.3805238725));
#9320 = VECTOR('',#9321,1.);
#9321 = DIRECTION('',(0.,0.707106781187,-0.707106781187));
#9322 = ORIENTED_EDGE('',*,*,#9323,.T.);
#9323 = EDGE_CURVE('',#9316,#9324,#9326,.T.);
#9324 = VERTEX_POINT('',#9325);
#9325 = CARTESIAN_POINT('',(-67.11682892,59.105247500001,2.9));
#9326 = LINE('',#9327,#9328);
#9327 = CARTESIAN_POINT('',(-67.11682892,59.105247500001,3.9));
#9328 = VECTOR('',#9329,1.);
#9329 = DIRECTION('',(-0.,-0.,-1.));
#9330 = ORIENTED_EDGE('',*,*,#9331,.F.);
#9331 = EDGE_CURVE('',#9332,#9324,#9334,.T.);
#9332 = VERTEX_POINT('',#9333);
#9333 = CARTESIAN_POINT('',(-67.11682892,62.1052475,2.9));
#9334 = LINE('',#9335,#9336);
#9335 = CARTESIAN_POINT('',(-67.11682892,62.1052475,2.9));
#9336 = VECTOR('',#9337,1.);
#9337 = DIRECTION('',(4.263E-14,-1.,0.));
#9338 = ORIENTED_EDGE('',*,*,#9339,.F.);
#9339 = EDGE_CURVE('',#9340,#9332,#9342,.T.);
#9340 = VERTEX_POINT('',#9341);
#9341 = CARTESIAN_POINT('',(-67.11682892,62.1052475,4.));
#9342 = LINE('',#9343,#9344);
#9343 = CARTESIAN_POINT('',(-67.11682892,62.1052475,4.9));
#9344 = VECTOR('',#9345,1.);
#9345 = DIRECTION('',(-0.,-0.,-1.));
#9346 = ORIENTED_EDGE('',*,*,#9347,.F.);
#9347 = EDGE_CURVE('',#3197,#9340,#9348,.T.);
#9348 = LINE('',#9349,#9350);
#9349 = CARTESIAN_POINT('',(-67.11682892,62.8747236275,4.7694761275));
#9350 = VECTOR('',#9351,1.);
#9351 = DIRECTION('',(-0.,-0.707106781187,-0.707106781187));
#9352 = PLANE('',#9353);
#9353 = AXIS2_PLACEMENT_3D('',#9354,#9355,#9356);
#9354 = CARTESIAN_POINT('',(-67.11682892,63.38315201,4.9));
#9355 = DIRECTION('',(-1.,0.,0.));
#9356 = DIRECTION('',(0.,-1.,0.));
#9357 = ADVANCED_FACE('',(#9358),#9376,.F.);
#9358 = FACE_BOUND('',#9359,.F.);
#9359 = EDGE_LOOP('',(#9360,#9368,#9369,#9370));
#9360 = ORIENTED_EDGE('',*,*,#9361,.F.);
#9361 = EDGE_CURVE('',#3718,#9362,#9364,.T.);
#9362 = VERTEX_POINT('',#9363);
#9363 = CARTESIAN_POINT('',(-70.19417572,58.34679413,4.758453370001));
#9364 = LINE('',#9365,#9366);
#9365 = CARTESIAN_POINT('',(-89.79750974,58.34679413,4.758453370001));
#9366 = VECTOR('',#9367,1.);
#9367 = DIRECTION('',(1.,0.,0.));
#9368 = ORIENTED_EDGE('',*,*,#3717,.T.);
#9369 = ORIENTED_EDGE('',*,*,#2104,.F.);
#9370 = ORIENTED_EDGE('',*,*,#9371,.F.);
#9371 = EDGE_CURVE('',#9362,#2105,#9372,.T.);
#9372 = LINE('',#9373,#9374);
#9373 = CARTESIAN_POINT('',(-70.19417572,58.34679413,4.9));
#9374 = VECTOR('',#9375,1.);
#9375 = DIRECTION('',(-0.,-0.,-1.));
#9376 = PLANE('',#9377);
#9377 = AXIS2_PLACEMENT_3D('',#9378,#9379,#9380);
#9378 = CARTESIAN_POINT('',(-83.31101948,58.34679413,4.9));
#9379 = DIRECTION('',(0.,-1.,0.));
#9380 = DIRECTION('',(1.,0.,0.));
#9381 = ADVANCED_FACE('',(#9382),#9400,.F.);
#9382 = FACE_BOUND('',#9383,.F.);
#9383 = EDGE_LOOP('',(#9384,#9392,#9398,#9399));
#9384 = ORIENTED_EDGE('',*,*,#9385,.T.);
#9385 = EDGE_CURVE('',#3703,#9386,#9388,.T.);
#9386 = VERTEX_POINT('',#9387);
#9387 = CARTESIAN_POINT('',(-70.19417572,62.87710953,4.77186203));
#9388 = LINE('',#9389,#9390);
#9389 = CARTESIAN_POINT('',(-78.23908786,62.87710953,4.77186203));
#9390 = VECTOR('',#9391,1.);
#9391 = DIRECTION('',(1.,0.,0.));
#9392 = ORIENTED_EDGE('',*,*,#9393,.T.);
#9393 = EDGE_CURVE('',#9386,#2113,#9394,.T.);
#9394 = LINE('',#9395,#9396);
#9395 = CARTESIAN_POINT('',(-70.19417572,62.87710953,4.9));
#9396 = VECTOR('',#9397,1.);
#9397 = DIRECTION('',(-0.,-0.,-1.));
#9398 = ORIENTED_EDGE('',*,*,#2120,.F.);
#9399 = ORIENTED_EDGE('',*,*,#3710,.F.);
#9400 = PLANE('',#9401);
#9401 = AXIS2_PLACEMENT_3D('',#9402,#9403,#9404);
#9402 = CARTESIAN_POINT('',(-70.19417572,62.87710953,4.9));
#9403 = DIRECTION('',(0.,1.,0.));
#9404 = DIRECTION('',(-1.,0.,0.));
#9405 = ADVANCED_FACE('',(#9406),#9449,.F.);
#9406 = FACE_BOUND('',#9407,.F.);
#9407 = EDGE_LOOP('',(#9408,#9416,#9417,#9418,#9419,#9427,#9435,#9443));
#9408 = ORIENTED_EDGE('',*,*,#9409,.F.);
#9409 = EDGE_CURVE('',#9362,#9410,#9412,.T.);
#9410 = VERTEX_POINT('',#9411);
#9411 = CARTESIAN_POINT('',(-70.19417572,59.105247500001,4.));
#9412 = LINE('',#9413,#9414);
#9413 = CARTESIAN_POINT('',(-70.19417572,58.465634157501,4.6396133425));
#9414 = VECTOR('',#9415,1.);
#9415 = DIRECTION('',(0.,0.707106781187,-0.707106781187));
#9416 = ORIENTED_EDGE('',*,*,#9371,.T.);
#9417 = ORIENTED_EDGE('',*,*,#2112,.F.);
#9418 = ORIENTED_EDGE('',*,*,#9393,.F.);
#9419 = ORIENTED_EDGE('',*,*,#9420,.T.);
#9420 = EDGE_CURVE('',#9386,#9421,#9423,.T.);
#9421 = VERTEX_POINT('',#9422);
#9422 = CARTESIAN_POINT('',(-70.19417572,62.1052475,4.));
#9423 = LINE('',#9424,#9425);
#9424 = CARTESIAN_POINT('',(-70.19417572,61.6156341575,3.5103866575));
#9425 = VECTOR('',#9426,1.);
#9426 = DIRECTION('',(0.,-0.707106781187,-0.707106781187));
#9427 = ORIENTED_EDGE('',*,*,#9428,.F.);
#9428 = EDGE_CURVE('',#9429,#9421,#9431,.T.);
#9429 = VERTEX_POINT('',#9430);
#9430 = CARTESIAN_POINT('',(-70.19417572,62.1052475,2.9));
#9431 = LINE('',#9432,#9433);
#9432 = CARTESIAN_POINT('',(-70.19417572,62.1052475,4.4));
#9433 = VECTOR('',#9434,1.);
#9434 = DIRECTION('',(0.,0.,1.));
#9435 = ORIENTED_EDGE('',*,*,#9436,.F.);
#9436 = EDGE_CURVE('',#9437,#9429,#9439,.T.);
#9437 = VERTEX_POINT('',#9438);
#9438 = CARTESIAN_POINT('',(-70.19417572,59.105247500001,2.9));
#9439 = LINE('',#9440,#9441);
#9440 = CARTESIAN_POINT('',(-70.19417572,66.032222453388,2.9));
#9441 = VECTOR('',#9442,1.);
#9442 = DIRECTION('',(0.,1.,0.));
#9443 = ORIENTED_EDGE('',*,*,#9444,.F.);
#9444 = EDGE_CURVE('',#9410,#9437,#9445,.T.);
#9445 = LINE('',#9446,#9447);
#9446 = CARTESIAN_POINT('',(-70.19417572,59.105247500001,4.4));
#9447 = VECTOR('',#9448,1.);
#9448 = DIRECTION('',(0.,0.,-1.));
#9449 = PLANE('',#9450);
#9450 = AXIS2_PLACEMENT_3D('',#9451,#9452,#9453);
#9451 = CARTESIAN_POINT('',(-70.19417572,58.34679413,4.9));
#9452 = DIRECTION('',(1.,0.,0.));
#9453 = DIRECTION('',(0.,1.,0.));
#9454 = ADVANCED_FACE('',(#9455),#9487,.T.);
#9455 = FACE_BOUND('',#9456,.T.);
#9456 = EDGE_LOOP('',(#9457,#9463,#9464,#9472,#9480,#9486));
#9457 = ORIENTED_EDGE('',*,*,#9458,.F.);
#9458 = EDGE_CURVE('',#3073,#2131,#9459,.T.);
#9459 = LINE('',#9460,#9461);
#9460 = CARTESIAN_POINT('',(-32.3706879,71.709816,1.9));
#9461 = VECTOR('',#9462,1.);
#9462 = DIRECTION('',(-0.,-0.,-1.));
#9463 = ORIENTED_EDGE('',*,*,#3072,.T.);
#9464 = ORIENTED_EDGE('',*,*,#9465,.T.);
#9465 = EDGE_CURVE('',#3065,#9466,#9468,.T.);
#9466 = VERTEX_POINT('',#9467);
#9467 = CARTESIAN_POINT('',(-22.0746949,71.709816,2.4));
#9468 = LINE('',#9469,#9470);
#9469 = CARTESIAN_POINT('',(-25.64551900325,71.709816,4.298640854507));
#9470 = VECTOR('',#9471,1.);
#9471 = DIRECTION('',(0.882947592859,0.,-0.469471562786));
#9472 = ORIENTED_EDGE('',*,*,#9473,.F.);
#9473 = EDGE_CURVE('',#9474,#9466,#9476,.T.);
#9474 = VERTEX_POINT('',#9475);
#9475 = CARTESIAN_POINT('',(-24.0746949,71.709816,2.4));
#9476 = LINE('',#9477,#9478);
#9477 = CARTESIAN_POINT('',(-22.14908012583,71.709816,2.4));
#9478 = VECTOR('',#9479,1.);
#9479 = DIRECTION('',(1.,0.,0.));
#9480 = ORIENTED_EDGE('',*,*,#9481,.T.);
#9481 = EDGE_CURVE('',#9474,#2129,#9482,.T.);
#9482 = LINE('',#9483,#9484);
#9483 = CARTESIAN_POINT('',(-24.0746949,71.709816,2.266143394248));
#9484 = VECTOR('',#9485,1.);
#9485 = DIRECTION('',(0.,0.,-1.));
#9486 = ORIENTED_EDGE('',*,*,#2128,.T.);
#9487 = PLANE('',#9488);
#9488 = AXIS2_PLACEMENT_3D('',#9489,#9490,#9491);
#9489 = CARTESIAN_POINT('',(-23.85510056987,71.709816,2.732286788497));
#9490 = DIRECTION('',(0.,1.,0.));
#9491 = DIRECTION('',(0.,0.,1.));
#9492 = ADVANCED_FACE('',(#9493),#9511,.F.);
#9493 = FACE_BOUND('',#9494,.F.);
#9494 = EDGE_LOOP('',(#9495,#9496,#9504,#9510));
#9495 = ORIENTED_EDGE('',*,*,#2138,.F.);
#9496 = ORIENTED_EDGE('',*,*,#9497,.T.);
#9497 = EDGE_CURVE('',#2139,#9498,#9500,.T.);
#9498 = VERTEX_POINT('',#9499);
#9499 = CARTESIAN_POINT('',(-24.0746949,88.9957736,2.4));
#9500 = LINE('',#9501,#9502);
#9501 = CARTESIAN_POINT('',(-24.0746949,88.9957736,1.8));
#9502 = VECTOR('',#9503,1.);
#9503 = DIRECTION('',(0.,0.,1.));
#9504 = ORIENTED_EDGE('',*,*,#9505,.T.);
#9505 = EDGE_CURVE('',#9498,#9474,#9506,.T.);
#9506 = LINE('',#9507,#9508);
#9507 = CARTESIAN_POINT('',(-24.0746949,88.9957736,2.4));
#9508 = VECTOR('',#9509,1.);
#9509 = DIRECTION('',(0.,-1.,0.));
#9510 = ORIENTED_EDGE('',*,*,#9481,.T.);
#9511 = PLANE('',#9512);
#9512 = AXIS2_PLACEMENT_3D('',#9513,#9514,#9515);
#9513 = CARTESIAN_POINT('',(-24.0746949,88.9957736,1.8));
#9514 = DIRECTION('',(1.,0.,0.));
#9515 = DIRECTION('',(0.,-1.,0.));
#9516 = ADVANCED_FACE('',(#9517),#9528,.F.);
#9517 = FACE_BOUND('',#9518,.T.);
#9518 = EDGE_LOOP('',(#9519,#9520,#9521,#9527));
#9519 = ORIENTED_EDGE('',*,*,#9458,.T.);
#9520 = ORIENTED_EDGE('',*,*,#2171,.F.);
#9521 = ORIENTED_EDGE('',*,*,#9522,.F.);
#9522 = EDGE_CURVE('',#3081,#2164,#9523,.T.);
#9523 = LINE('',#9524,#9525);
#9524 = CARTESIAN_POINT('',(-33.3706879,72.709816,4.9));
#9525 = VECTOR('',#9526,1.);
#9526 = DIRECTION('',(-0.,-0.,-1.));
#9527 = ORIENTED_EDGE('',*,*,#3080,.T.);
#9528 = CYLINDRICAL_SURFACE('',#9529,1.);
#9529 = AXIS2_PLACEMENT_3D('',#9530,#9531,#9532);
#9530 = CARTESIAN_POINT('',(-32.3706879,72.709816,1.9));
#9531 = DIRECTION('',(-0.,-0.,-1.));
#9532 = DIRECTION('',(-1.,0.,0.));
#9533 = ADVANCED_FACE('',(#9534),#9559,.T.);
#9534 = FACE_BOUND('',#9535,.T.);
#9535 = EDGE_LOOP('',(#9536,#9544,#9545,#9551,#9552,#9553));
#9536 = ORIENTED_EDGE('',*,*,#9537,.F.);
#9537 = EDGE_CURVE('',#3163,#9538,#9540,.T.);
#9538 = VERTEX_POINT('',#9539);
#9539 = CARTESIAN_POINT('',(-28.0746949,88.9957736,2.4));
#9540 = LINE('',#9541,#9542);
#9541 = CARTESIAN_POINT('',(-28.0746949,88.9957736,1.9));
#9542 = VECTOR('',#9543,1.);
#9543 = DIRECTION('',(-0.,-0.,-1.));
#9544 = ORIENTED_EDGE('',*,*,#3162,.T.);
#9545 = ORIENTED_EDGE('',*,*,#9546,.T.);
#9546 = EDGE_CURVE('',#3154,#2147,#9547,.T.);
#9547 = LINE('',#9548,#9549);
#9548 = CARTESIAN_POINT('',(-32.3706879,88.9957736,4.9));
#9549 = VECTOR('',#9550,1.);
#9550 = DIRECTION('',(-0.,-0.,-1.));
#9551 = ORIENTED_EDGE('',*,*,#2146,.T.);
#9552 = ORIENTED_EDGE('',*,*,#9497,.T.);
#9553 = ORIENTED_EDGE('',*,*,#9554,.F.);
#9554 = EDGE_CURVE('',#9538,#9498,#9555,.T.);
#9555 = LINE('',#9556,#9557);
#9556 = CARTESIAN_POINT('',(-28.0746949,88.9957736,2.4));
#9557 = VECTOR('',#9558,1.);
#9558 = DIRECTION('',(1.,0.,0.));
#9559 = PLANE('',#9560);
#9560 = AXIS2_PLACEMENT_3D('',#9561,#9562,#9563);
#9561 = CARTESIAN_POINT('',(-28.66144210825,88.9957736,2.911249291747));
#9562 = DIRECTION('',(-0.,-1.,-0.));
#9563 = DIRECTION('',(0.,0.,-1.));
#9564 = ADVANCED_FACE('',(#9565),#9592,.T.);
#9565 = FACE_BOUND('',#9566,.T.);
#9566 = EDGE_LOOP('',(#9567,#9575,#9583,#9589,#9590,#9591));
#9567 = ORIENTED_EDGE('',*,*,#9568,.F.);
#9568 = EDGE_CURVE('',#9569,#2155,#9571,.T.);
#9569 = VERTEX_POINT('',#9570);
#9570 = CARTESIAN_POINT('',(-33.3706879,87.9957736,3.9));
#9571 = LINE('',#9572,#9573);
#9572 = CARTESIAN_POINT('',(-33.3706879,87.9957736,1.9));
#9573 = VECTOR('',#9574,1.);
#9574 = DIRECTION('',(-0.,-0.,-1.));
#9575 = ORIENTED_EDGE('',*,*,#9576,.T.);
#9576 = EDGE_CURVE('',#9569,#9577,#9579,.T.);
#9577 = VERTEX_POINT('',#9578);
#9578 = CARTESIAN_POINT('',(-33.3706879,74.405990555,3.9));
#9579 = LINE('',#9580,#9581);
#9580 = CARTESIAN_POINT('',(-33.3706879,77.035222788388,3.9));
#9581 = VECTOR('',#9582,1.);
#9582 = DIRECTION('',(0.,-1.,0.));
#9583 = ORIENTED_EDGE('',*,*,#9584,.F.);
#9584 = EDGE_CURVE('',#3090,#9577,#9585,.T.);
#9585 = LINE('',#9586,#9587);
#9586 = CARTESIAN_POINT('',(-33.3706879,74.405990555,4.9));
#9587 = VECTOR('',#9588,1.);
#9588 = DIRECTION('',(-0.,-0.,-1.));
#9589 = ORIENTED_EDGE('',*,*,#3089,.T.);
#9590 = ORIENTED_EDGE('',*,*,#9522,.T.);
#9591 = ORIENTED_EDGE('',*,*,#2163,.T.);
#9592 = PLANE('',#9593);
#9593 = AXIS2_PLACEMENT_3D('',#9594,#9595,#9596);
#9594 = CARTESIAN_POINT('',(-33.3706879,80.3527948,3.35));
#9595 = DIRECTION('',(1.,0.,0.));
#9596 = DIRECTION('',(0.,0.,1.));
#9597 = ADVANCED_FACE('',(#9598),#9619,.F.);
#9598 = FACE_BOUND('',#9599,.T.);
#9599 = EDGE_LOOP('',(#9600,#9609,#9610,#9611,#9612,#9613));
#9600 = ORIENTED_EDGE('',*,*,#9601,.F.);
#9601 = EDGE_CURVE('',#9569,#9602,#9604,.T.);
#9602 = VERTEX_POINT('',#9603);
#9603 = CARTESIAN_POINT('',(-33.28267586583,88.405990555,3.9));
#9604 = CIRCLE('',#9605,1.);
#9605 = AXIS2_PLACEMENT_3D('',#9606,#9607,#9608);
#9606 = CARTESIAN_POINT('',(-32.3706879,87.9957736,3.9));
#9607 = DIRECTION('',(0.,0.,-1.));
#9608 = DIRECTION('',(0.,1.,0.));
#9609 = ORIENTED_EDGE('',*,*,#9568,.T.);
#9610 = ORIENTED_EDGE('',*,*,#2154,.F.);
#9611 = ORIENTED_EDGE('',*,*,#9546,.F.);
#9612 = ORIENTED_EDGE('',*,*,#3153,.T.);
#9613 = ORIENTED_EDGE('',*,*,#9614,.T.);
#9614 = EDGE_CURVE('',#3146,#9602,#9615,.T.);
#9615 = LINE('',#9616,#9617);
#9616 = CARTESIAN_POINT('',(-33.28267586583,88.405990555,4.9));
#9617 = VECTOR('',#9618,1.);
#9618 = DIRECTION('',(-0.,-0.,-1.));
#9619 = CYLINDRICAL_SURFACE('',#9620,1.);
#9620 = AXIS2_PLACEMENT_3D('',#9621,#9622,#9623);
#9621 = CARTESIAN_POINT('',(-32.3706879,87.9957736,1.9));
#9622 = DIRECTION('',(-0.,-0.,-1.));
#9623 = DIRECTION('',(0.,1.,0.));
#9624 = ADVANCED_FACE('',(#9625),#9650,.F.);
#9625 = FACE_BOUND('',#9626,.F.);
#9626 = EDGE_LOOP('',(#9627,#9637,#9643,#9644));
#9627 = ORIENTED_EDGE('',*,*,#9628,.T.);
#9628 = EDGE_CURVE('',#9629,#9631,#9633,.T.);
#9629 = VERTEX_POINT('',#9630);
#9630 = CARTESIAN_POINT('',(-40.96775055,84.239151,3.9));
#9631 = VERTEX_POINT('',#9632);
#9632 = CARTESIAN_POINT('',(-40.96775055,74.96285248,3.9));
#9633 = LINE('',#9634,#9635);
#9634 = CARTESIAN_POINT('',(-40.96775055,74.340251628388,3.9));
#9635 = VECTOR('',#9636,1.);
#9636 = DIRECTION('',(0.,-1.,0.));
#9637 = ORIENTED_EDGE('',*,*,#9638,.T.);
#9638 = EDGE_CURVE('',#9631,#2183,#9639,.T.);
#9639 = LINE('',#9640,#9641);
#9640 = CARTESIAN_POINT('',(-40.96775055,74.96285248,4.9));
#9641 = VECTOR('',#9642,1.);
#9642 = DIRECTION('',(-0.,-0.,-1.));
#9643 = ORIENTED_EDGE('',*,*,#2180,.F.);
#9644 = ORIENTED_EDGE('',*,*,#9645,.F.);
#9645 = EDGE_CURVE('',#9629,#2181,#9646,.T.);
#9646 = LINE('',#9647,#9648);
#9647 = CARTESIAN_POINT('',(-40.96775055,84.239151,4.9));
#9648 = VECTOR('',#9649,1.);
#9649 = DIRECTION('',(-0.,-0.,-1.));
#9650 = PLANE('',#9651);
#9651 = AXIS2_PLACEMENT_3D('',#9652,#9653,#9654);
#9652 = CARTESIAN_POINT('',(-40.96775055,74.96285248,4.9));
#9653 = DIRECTION('',(1.,0.,0.));
#9654 = DIRECTION('',(0.,1.,0.));
#9655 = ADVANCED_FACE('',(#9656),#9674,.F.);
#9656 = FACE_BOUND('',#9657,.F.);
#9657 = EDGE_LOOP('',(#9658,#9666,#9667,#9668));
#9658 = ORIENTED_EDGE('',*,*,#9659,.T.);
#9659 = EDGE_CURVE('',#9660,#9629,#9662,.T.);
#9660 = VERTEX_POINT('',#9661);
#9661 = CARTESIAN_POINT('',(-53.32037354,84.239151,3.9));
#9662 = LINE('',#9663,#9664);
#9663 = CARTESIAN_POINT('',(-56.60117270824,84.239151,3.9));
#9664 = VECTOR('',#9665,1.);
#9665 = DIRECTION('',(1.,0.,0.));
#9666 = ORIENTED_EDGE('',*,*,#9645,.T.);
#9667 = ORIENTED_EDGE('',*,*,#2190,.F.);
#9668 = ORIENTED_EDGE('',*,*,#9669,.F.);
#9669 = EDGE_CURVE('',#9660,#2191,#9670,.T.);
#9670 = LINE('',#9671,#9672);
#9671 = CARTESIAN_POINT('',(-53.32037354,84.239151,4.9));
#9672 = VECTOR('',#9673,1.);
#9673 = DIRECTION('',(-0.,-0.,-1.));
#9674 = PLANE('',#9675);
#9675 = AXIS2_PLACEMENT_3D('',#9676,#9677,#9678);
#9676 = CARTESIAN_POINT('',(-40.96775055,84.239151,4.9));
#9677 = DIRECTION('',(0.,1.,0.));
#9678 = DIRECTION('',(-1.,0.,0.));
#9679 = ADVANCED_FACE('',(#9680),#9698,.F.);
#9680 = FACE_BOUND('',#9681,.F.);
#9681 = EDGE_LOOP('',(#9682,#9690,#9696,#9697));
#9682 = ORIENTED_EDGE('',*,*,#9683,.T.);
#9683 = EDGE_CURVE('',#9631,#9684,#9686,.T.);
#9684 = VERTEX_POINT('',#9685);
#9685 = CARTESIAN_POINT('',(-53.32037354,74.96285248,3.9));
#9686 = LINE('',#9687,#9688);
#9687 = CARTESIAN_POINT('',(-62.77748420324,74.96285248,3.9));
#9688 = VECTOR('',#9689,1.);
#9689 = DIRECTION('',(-1.,0.,0.));
#9690 = ORIENTED_EDGE('',*,*,#9691,.T.);
#9691 = EDGE_CURVE('',#9684,#2199,#9692,.T.);
#9692 = LINE('',#9693,#9694);
#9693 = CARTESIAN_POINT('',(-53.32037354,74.96285248,4.9));
#9694 = VECTOR('',#9695,1.);
#9695 = DIRECTION('',(-0.,-0.,-1.));
#9696 = ORIENTED_EDGE('',*,*,#2206,.F.);
#9697 = ORIENTED_EDGE('',*,*,#9638,.F.);
#9698 = PLANE('',#9699);
#9699 = AXIS2_PLACEMENT_3D('',#9700,#9701,#9702);
#9700 = CARTESIAN_POINT('',(-53.32037354,74.96285248,4.9));
#9701 = DIRECTION('',(0.,-1.,0.));
#9702 = DIRECTION('',(1.,0.,0.));
#9703 = ADVANCED_FACE('',(#9704),#9715,.F.);
#9704 = FACE_BOUND('',#9705,.F.);
#9705 = EDGE_LOOP('',(#9706,#9712,#9713,#9714));
#9706 = ORIENTED_EDGE('',*,*,#9707,.T.);
#9707 = EDGE_CURVE('',#9684,#9660,#9708,.T.);
#9708 = LINE('',#9709,#9710);
#9709 = CARTESIAN_POINT('',(-53.32037354,78.978400888388,3.9));
#9710 = VECTOR('',#9711,1.);
#9711 = DIRECTION('',(0.,1.,0.));
#9712 = ORIENTED_EDGE('',*,*,#9669,.T.);
#9713 = ORIENTED_EDGE('',*,*,#2198,.F.);
#9714 = ORIENTED_EDGE('',*,*,#9691,.F.);
#9715 = PLANE('',#9716);
#9716 = AXIS2_PLACEMENT_3D('',#9717,#9718,#9719);
#9717 = CARTESIAN_POINT('',(-53.32037354,84.239151,4.9));
#9718 = DIRECTION('',(-1.,0.,0.));
#9719 = DIRECTION('',(0.,-1.,0.));
#9720 = ADVANCED_FACE('',(#9721),#9745,.F.);
#9721 = FACE_BOUND('',#9722,.F.);
#9722 = EDGE_LOOP('',(#9723,#9731,#9732,#9738,#9739));
#9723 = ORIENTED_EDGE('',*,*,#9724,.F.);
#9724 = EDGE_CURVE('',#5760,#9725,#9727,.T.);
#9725 = VERTEX_POINT('',#9726);
#9726 = CARTESIAN_POINT('',(-23.37988281,122.9065738,4.9));
#9727 = LINE('',#9728,#9729);
#9728 = CARTESIAN_POINT('',(-12.37517357,122.9065738,4.9));
#9729 = VECTOR('',#9730,1.);
#9730 = DIRECTION('',(-1.,0.,0.));
#9731 = ORIENTED_EDGE('',*,*,#5759,.F.);
#9732 = ORIENTED_EDGE('',*,*,#9733,.T.);
#9733 = EDGE_CURVE('',#5753,#2217,#9734,.T.);
#9734 = LINE('',#9735,#9736);
#9735 = CARTESIAN_POINT('',(-12.37517357,122.9065738,4.9));
#9736 = VECTOR('',#9737,1.);
#9737 = DIRECTION('',(-0.,-0.,-1.));
#9738 = ORIENTED_EDGE('',*,*,#2214,.F.);
#9739 = ORIENTED_EDGE('',*,*,#9740,.F.);
#9740 = EDGE_CURVE('',#9725,#2215,#9741,.T.);
#9741 = LINE('',#9742,#9743);
#9742 = CARTESIAN_POINT('',(-23.37988281,122.9065738,4.9));
#9743 = VECTOR('',#9744,1.);
#9744 = DIRECTION('',(-0.,-0.,-1.));
#9745 = PLANE('',#9746);
#9746 = AXIS2_PLACEMENT_3D('',#9747,#9748,#9749);
#9747 = CARTESIAN_POINT('',(-12.37517357,122.9065738,4.9));
#9748 = DIRECTION('',(0.,1.,0.));
#9749 = DIRECTION('',(-1.,0.,0.));
#9750 = ADVANCED_FACE('',(#9751),#9777,.F.);
#9751 = FACE_BOUND('',#9752,.F.);
#9752 = EDGE_LOOP('',(#9753,#9761,#9762,#9763,#9771));
#9753 = ORIENTED_EDGE('',*,*,#9754,.F.);
#9754 = EDGE_CURVE('',#9725,#9755,#9757,.T.);
#9755 = VERTEX_POINT('',#9756);
#9756 = CARTESIAN_POINT('',(-23.37988281,113.83931731,4.9));
#9757 = LINE('',#9758,#9759);
#9758 = CARTESIAN_POINT('',(-23.37988281,122.9065738,4.9));
#9759 = VECTOR('',#9760,1.);
#9760 = DIRECTION('',(0.,-1.,0.));
#9761 = ORIENTED_EDGE('',*,*,#9740,.T.);
#9762 = ORIENTED_EDGE('',*,*,#2224,.F.);
#9763 = ORIENTED_EDGE('',*,*,#9764,.F.);
#9764 = EDGE_CURVE('',#9765,#2225,#9767,.T.);
#9765 = VERTEX_POINT('',#9766);
#9766 = CARTESIAN_POINT('',(-23.37988281,113.83931731,2.4));
#9767 = LINE('',#9768,#9769);
#9768 = CARTESIAN_POINT('',(-23.37988281,113.83931731,4.9));
#9769 = VECTOR('',#9770,1.);
#9770 = DIRECTION('',(-0.,-0.,-1.));
#9771 = ORIENTED_EDGE('',*,*,#9772,.F.);
#9772 = EDGE_CURVE('',#9755,#9765,#9773,.T.);
#9773 = LINE('',#9774,#9775);
#9774 = CARTESIAN_POINT('',(-23.37988281,113.83931731,4.9));
#9775 = VECTOR('',#9776,1.);
#9776 = DIRECTION('',(-0.,-0.,-1.));
#9777 = PLANE('',#9778);
#9778 = AXIS2_PLACEMENT_3D('',#9779,#9780,#9781);
#9779 = CARTESIAN_POINT('',(-23.37988281,122.9065738,4.9));
#9780 = DIRECTION('',(-1.,0.,0.));
#9781 = DIRECTION('',(0.,-1.,0.));
#9782 = ADVANCED_FACE('',(#9783),#9794,.F.);
#9783 = FACE_BOUND('',#9784,.F.);
#9784 = EDGE_LOOP('',(#9785,#9786,#9787,#9793));
#9785 = ORIENTED_EDGE('',*,*,#9733,.F.);
#9786 = ORIENTED_EDGE('',*,*,#5752,.F.);
#9787 = ORIENTED_EDGE('',*,*,#9788,.T.);
#9788 = EDGE_CURVE('',#5743,#2233,#9789,.T.);
#9789 = LINE('',#9790,#9791);
#9790 = CARTESIAN_POINT('',(-12.37517357,113.83931731,4.9));
#9791 = VECTOR('',#9792,1.);
#9792 = DIRECTION('',(-0.,-0.,-1.));
#9793 = ORIENTED_EDGE('',*,*,#2240,.F.);
#9794 = PLANE('',#9795);
#9795 = AXIS2_PLACEMENT_3D('',#9796,#9797,#9798);
#9796 = CARTESIAN_POINT('',(-12.37517357,113.83931731,4.9));
#9797 = DIRECTION('',(1.,0.,0.));
#9798 = DIRECTION('',(0.,1.,0.));
#9799 = ADVANCED_FACE('',(#9800),#9812,.F.);
#9800 = FACE_BOUND('',#9801,.F.);
#9801 = EDGE_LOOP('',(#9802,#9808,#9809,#9810,#9811));
#9802 = ORIENTED_EDGE('',*,*,#9803,.F.);
#9803 = EDGE_CURVE('',#9765,#5736,#9804,.T.);
#9804 = LINE('',#9805,#9806);
#9805 = CARTESIAN_POINT('',(-23.37988281,113.83931731,2.4));
#9806 = VECTOR('',#9807,1.);
#9807 = DIRECTION('',(1.,0.,0.));
#9808 = ORIENTED_EDGE('',*,*,#9764,.T.);
#9809 = ORIENTED_EDGE('',*,*,#2232,.F.);
#9810 = ORIENTED_EDGE('',*,*,#9788,.F.);
#9811 = ORIENTED_EDGE('',*,*,#5742,.T.);
#9812 = PLANE('',#9813);
#9813 = AXIS2_PLACEMENT_3D('',#9814,#9815,#9816);
#9814 = CARTESIAN_POINT('',(-23.37988281,113.83931731,4.9));
#9815 = DIRECTION('',(0.,-1.,0.));
#9816 = DIRECTION('',(1.,0.,0.));
#9817 = ADVANCED_FACE('',(#9818),#9857,.F.);
#9818 = FACE_BOUND('',#9819,.F.);
#9819 = EDGE_LOOP('',(#9820,#9828,#9836,#9842,#9843,#9849,#9850,#9856));
#9820 = ORIENTED_EDGE('',*,*,#9821,.T.);
#9821 = EDGE_CURVE('',#3138,#9822,#9824,.T.);
#9822 = VERTEX_POINT('',#9823);
#9823 = CARTESIAN_POINT('',(-56.15831495,88.405990555,2.4));
#9824 = LINE('',#9825,#9826);
#9825 = CARTESIAN_POINT('',(-56.15831495,88.405990555,4.9));
#9826 = VECTOR('',#9827,1.);
#9827 = DIRECTION('',(0.,0.,-1.));
#9828 = ORIENTED_EDGE('',*,*,#9829,.T.);
#9829 = EDGE_CURVE('',#9822,#9830,#9832,.T.);
#9830 = VERTEX_POINT('',#9831);
#9831 = CARTESIAN_POINT('',(-56.15831495,74.405990555,2.4));
#9832 = LINE('',#9833,#9834);
#9833 = CARTESIAN_POINT('',(-56.15831495,88.405990555,2.4));
#9834 = VECTOR('',#9835,1.);
#9835 = DIRECTION('',(0.,-1.,0.));
#9836 = ORIENTED_EDGE('',*,*,#9837,.F.);
#9837 = EDGE_CURVE('',#3098,#9830,#9838,.T.);
#9838 = LINE('',#9839,#9840);
#9839 = CARTESIAN_POINT('',(-56.15831495,74.405990555,4.9));
#9840 = VECTOR('',#9841,1.);
#9841 = DIRECTION('',(-0.,-0.,-1.));
#9842 = ORIENTED_EDGE('',*,*,#3105,.F.);
#9843 = ORIENTED_EDGE('',*,*,#9844,.T.);
#9844 = EDGE_CURVE('',#3106,#2251,#9845,.T.);
#9845 = LINE('',#9846,#9847);
#9846 = CARTESIAN_POINT('',(-56.15831495,72.67115016,4.9));
#9847 = VECTOR('',#9848,1.);
#9848 = DIRECTION('',(-0.,-0.,-1.));
#9849 = ORIENTED_EDGE('',*,*,#2248,.F.);
#9850 = ORIENTED_EDGE('',*,*,#9851,.F.);
#9851 = EDGE_CURVE('',#3130,#2249,#9852,.T.);
#9852 = LINE('',#9853,#9854);
#9853 = CARTESIAN_POINT('',(-56.15831495,90.14083095,4.9));
#9854 = VECTOR('',#9855,1.);
#9855 = DIRECTION('',(-0.,-0.,-1.));
#9856 = ORIENTED_EDGE('',*,*,#3137,.F.);
#9857 = PLANE('',#9858);
#9858 = AXIS2_PLACEMENT_3D('',#9859,#9860,#9861);
#9859 = CARTESIAN_POINT('',(-56.15831495,72.67115016,4.9));
#9860 = DIRECTION('',(1.,0.,0.));
#9861 = DIRECTION('',(0.,1.,0.));
#9862 = ADVANCED_FACE('',(#9863),#9874,.F.);
#9863 = FACE_BOUND('',#9864,.F.);
#9864 = EDGE_LOOP('',(#9865,#9866,#9867,#9868));
#9865 = ORIENTED_EDGE('',*,*,#3129,.F.);
#9866 = ORIENTED_EDGE('',*,*,#9851,.T.);
#9867 = ORIENTED_EDGE('',*,*,#2258,.F.);
#9868 = ORIENTED_EDGE('',*,*,#9869,.F.);
#9869 = EDGE_CURVE('',#3122,#2259,#9870,.T.);
#9870 = LINE('',#9871,#9872);
#9871 = CARTESIAN_POINT('',(-68.72603607,90.14083095,4.9));
#9872 = VECTOR('',#9873,1.);
#9873 = DIRECTION('',(-0.,-0.,-1.));
#9874 = PLANE('',#9875);
#9875 = AXIS2_PLACEMENT_3D('',#9876,#9877,#9878);
#9876 = CARTESIAN_POINT('',(-56.15831495,90.14083095,4.9));
#9877 = DIRECTION('',(0.,1.,0.));
#9878 = DIRECTION('',(-1.,0.,0.));
#9879 = ADVANCED_FACE('',(#9880),#9891,.F.);
#9880 = FACE_BOUND('',#9881,.F.);
#9881 = EDGE_LOOP('',(#9882,#9883,#9889,#9890));
#9882 = ORIENTED_EDGE('',*,*,#3113,.F.);
#9883 = ORIENTED_EDGE('',*,*,#9884,.T.);
#9884 = EDGE_CURVE('',#3114,#2267,#9885,.T.);
#9885 = LINE('',#9886,#9887);
#9886 = CARTESIAN_POINT('',(-68.72603607,72.67115016,4.9));
#9887 = VECTOR('',#9888,1.);
#9888 = DIRECTION('',(-0.,-0.,-1.));
#9889 = ORIENTED_EDGE('',*,*,#2274,.F.);
#9890 = ORIENTED_EDGE('',*,*,#9844,.F.);
#9891 = PLANE('',#9892);
#9892 = AXIS2_PLACEMENT_3D('',#9893,#9894,#9895);
#9893 = CARTESIAN_POINT('',(-68.72603607,72.67115016,4.9));
#9894 = DIRECTION('',(0.,-1.,0.));
#9895 = DIRECTION('',(1.,0.,0.));
#9896 = ADVANCED_FACE('',(#9897),#9903,.F.);
#9897 = FACE_BOUND('',#9898,.F.);
#9898 = EDGE_LOOP('',(#9899,#9900,#9901,#9902));
#9899 = ORIENTED_EDGE('',*,*,#3121,.F.);
#9900 = ORIENTED_EDGE('',*,*,#9869,.T.);
#9901 = ORIENTED_EDGE('',*,*,#2266,.F.);
#9902 = ORIENTED_EDGE('',*,*,#9884,.F.);
#9903 = PLANE('',#9904);
#9904 = AXIS2_PLACEMENT_3D('',#9905,#9906,#9907);
#9905 = CARTESIAN_POINT('',(-68.72603607,90.14083095,4.9));
#9906 = DIRECTION('',(-1.,0.,0.));
#9907 = DIRECTION('',(0.,-1.,0.));
#9908 = ADVANCED_FACE('',(#9909),#9925,.F.);
#9909 = FACE_BOUND('',#9910,.F.);
#9910 = EDGE_LOOP('',(#9911,#9912,#9918,#9919));
#9911 = ORIENTED_EDGE('',*,*,#3408,.F.);
#9912 = ORIENTED_EDGE('',*,*,#9913,.T.);
#9913 = EDGE_CURVE('',#3409,#2285,#9914,.T.);
#9914 = LINE('',#9915,#9916);
#9915 = CARTESIAN_POINT('',(-75.93088531,86.89498138,4.9));
#9916 = VECTOR('',#9917,1.);
#9917 = DIRECTION('',(-0.,-0.,-1.));
#9918 = ORIENTED_EDGE('',*,*,#2282,.F.);
#9919 = ORIENTED_EDGE('',*,*,#9920,.F.);
#9920 = EDGE_CURVE('',#3411,#2283,#9921,.T.);
#9921 = LINE('',#9922,#9923);
#9922 = CARTESIAN_POINT('',(-88.56921387,86.89498138,4.9));
#9923 = VECTOR('',#9924,1.);
#9924 = DIRECTION('',(-0.,-0.,-1.));
#9925 = PLANE('',#9926);
#9926 = AXIS2_PLACEMENT_3D('',#9927,#9928,#9929);
#9927 = CARTESIAN_POINT('',(-75.93088531,86.89498138,4.9));
#9928 = DIRECTION('',(0.,1.,0.));
#9929 = DIRECTION('',(-1.,0.,0.));
#9930 = ADVANCED_FACE('',(#9931),#9942,.F.);
#9931 = FACE_BOUND('',#9932,.F.);
#9932 = EDGE_LOOP('',(#9933,#9934,#9935,#9936));
#9933 = ORIENTED_EDGE('',*,*,#3466,.F.);
#9934 = ORIENTED_EDGE('',*,*,#9920,.T.);
#9935 = ORIENTED_EDGE('',*,*,#2292,.F.);
#9936 = ORIENTED_EDGE('',*,*,#9937,.F.);
#9937 = EDGE_CURVE('',#3459,#2293,#9938,.T.);
#9938 = LINE('',#9939,#9940);
#9939 = CARTESIAN_POINT('',(-88.56921387,71.8560791,4.9));
#9940 = VECTOR('',#9941,1.);
#9941 = DIRECTION('',(-0.,-0.,-1.));
#9942 = PLANE('',#9943);
#9943 = AXIS2_PLACEMENT_3D('',#9944,#9945,#9946);
#9944 = CARTESIAN_POINT('',(-88.56921387,86.89498138,4.9));
#9945 = DIRECTION('',(-1.,0.,0.));
#9946 = DIRECTION('',(0.,-1.,0.));
#9947 = ADVANCED_FACE('',(#9948),#9959,.T.);
#9948 = FACE_BOUND('',#9949,.T.);
#9949 = EDGE_LOOP('',(#9950,#9951,#9952,#9953));
#9950 = ORIENTED_EDGE('',*,*,#3418,.F.);
#9951 = ORIENTED_EDGE('',*,*,#9913,.T.);
#9952 = ORIENTED_EDGE('',*,*,#2340,.F.);
#9953 = ORIENTED_EDGE('',*,*,#9954,.F.);
#9954 = EDGE_CURVE('',#3419,#2333,#9955,.T.);
#9955 = LINE('',#9956,#9957);
#9956 = CARTESIAN_POINT('',(-75.93088531,89.78978729,4.9));
#9957 = VECTOR('',#9958,1.);
#9958 = DIRECTION('',(-0.,-0.,-1.));
#9959 = PLANE('',#9960);
#9960 = AXIS2_PLACEMENT_3D('',#9961,#9962,#9963);
#9961 = CARTESIAN_POINT('',(-75.93088531,86.89498138,4.9));
#9962 = DIRECTION('',(1.,0.,0.));
#9963 = DIRECTION('',(0.,1.,0.));
#9964 = ADVANCED_FACE('',(#9965),#9976,.F.);
#9965 = FACE_BOUND('',#9966,.F.);
#9966 = EDGE_LOOP('',(#9967,#9968,#9969,#9970));
#9967 = ORIENTED_EDGE('',*,*,#3458,.F.);
#9968 = ORIENTED_EDGE('',*,*,#9937,.T.);
#9969 = ORIENTED_EDGE('',*,*,#2300,.F.);
#9970 = ORIENTED_EDGE('',*,*,#9971,.F.);
#9971 = EDGE_CURVE('',#3451,#2301,#9972,.T.);
#9972 = LINE('',#9973,#9974);
#9973 = CARTESIAN_POINT('',(-75.93088531,71.8560791,4.9));
#9974 = VECTOR('',#9975,1.);
#9975 = DIRECTION('',(-0.,-0.,-1.));
#9976 = PLANE('',#9977);
#9977 = AXIS2_PLACEMENT_3D('',#9978,#9979,#9980);
#9978 = CARTESIAN_POINT('',(-88.56921387,71.8560791,4.9));
#9979 = DIRECTION('',(0.,-1.,0.));
#9980 = DIRECTION('',(1.,0.,0.));
#9981 = ADVANCED_FACE('',(#9982),#9993,.F.);
#9982 = FACE_BOUND('',#9983,.F.);
#9983 = EDGE_LOOP('',(#9984,#9985,#9991,#9992));
#9984 = ORIENTED_EDGE('',*,*,#3426,.F.);
#9985 = ORIENTED_EDGE('',*,*,#9986,.T.);
#9986 = EDGE_CURVE('',#3427,#2325,#9987,.T.);
#9987 = LINE('',#9988,#9989);
#9988 = CARTESIAN_POINT('',(-71.69458008,89.78978729,4.9));
#9989 = VECTOR('',#9990,1.);
#9990 = DIRECTION('',(-0.,-0.,-1.));
#9991 = ORIENTED_EDGE('',*,*,#2332,.F.);
#9992 = ORIENTED_EDGE('',*,*,#9954,.F.);
#9993 = PLANE('',#9994);
#9994 = AXIS2_PLACEMENT_3D('',#9995,#9996,#9997);
#9995 = CARTESIAN_POINT('',(-71.69458008,89.78978729,4.9));
#9996 = DIRECTION('',(0.,1.,0.));
#9997 = DIRECTION('',(-1.,0.,0.));
#9998 = ADVANCED_FACE('',(#9999),#10010,.F.);
#9999 = FACE_BOUND('',#10000,.F.);
#10000 = EDGE_LOOP('',(#10001,#10002,#10003,#10004));
#10001 = ORIENTED_EDGE('',*,*,#3450,.F.);
#10002 = ORIENTED_EDGE('',*,*,#9971,.T.);
#10003 = ORIENTED_EDGE('',*,*,#2308,.F.);
#10004 = ORIENTED_EDGE('',*,*,#10005,.F.);
#10005 = EDGE_CURVE('',#3443,#2309,#10006,.T.);
#10006 = LINE('',#10007,#10008);
#10007 = CARTESIAN_POINT('',(-75.93088531,69.10247803,4.9));
#10008 = VECTOR('',#10009,1.);
#10009 = DIRECTION('',(-0.,-0.,-1.));
#10010 = PLANE('',#10011);
#10011 = AXIS2_PLACEMENT_3D('',#10012,#10013,#10014);
#10012 = CARTESIAN_POINT('',(-75.93088531,71.8560791,4.9));
#10013 = DIRECTION('',(-1.,0.,0.));
#10014 = DIRECTION('',(0.,-1.,0.));
#10015 = ADVANCED_FACE('',(#10016),#10027,.F.);
#10016 = FACE_BOUND('',#10017,.F.);
#10017 = EDGE_LOOP('',(#10018,#10019,#10025,#10026));
#10018 = ORIENTED_EDGE('',*,*,#3434,.F.);
#10019 = ORIENTED_EDGE('',*,*,#10020,.T.);
#10020 = EDGE_CURVE('',#3435,#2317,#10021,.T.);
#10021 = LINE('',#10022,#10023);
#10022 = CARTESIAN_POINT('',(-71.69458008,69.10247803,4.9));
#10023 = VECTOR('',#10024,1.);
#10024 = DIRECTION('',(-0.,-0.,-1.));
#10025 = ORIENTED_EDGE('',*,*,#2324,.F.);
#10026 = ORIENTED_EDGE('',*,*,#9986,.F.);
#10027 = PLANE('',#10028);
#10028 = AXIS2_PLACEMENT_3D('',#10029,#10030,#10031);
#10029 = CARTESIAN_POINT('',(-71.69458008,69.10247803,4.9));
#10030 = DIRECTION('',(1.,0.,0.));
#10031 = DIRECTION('',(0.,1.,0.));
#10032 = ADVANCED_FACE('',(#10033),#10039,.F.);
#10033 = FACE_BOUND('',#10034,.F.);
#10034 = EDGE_LOOP('',(#10035,#10036,#10037,#10038));
#10035 = ORIENTED_EDGE('',*,*,#3442,.F.);
#10036 = ORIENTED_EDGE('',*,*,#10005,.T.);
#10037 = ORIENTED_EDGE('',*,*,#2316,.F.);
#10038 = ORIENTED_EDGE('',*,*,#10020,.F.);
#10039 = PLANE('',#10040);
#10040 = AXIS2_PLACEMENT_3D('',#10041,#10042,#10043);
#10041 = CARTESIAN_POINT('',(-75.93088531,69.10247803,4.9));
#10042 = DIRECTION('',(0.,-1.,0.));
#10043 = DIRECTION('',(1.,0.,0.));
#10044 = ADVANCED_FACE('',(#10045),#10060,.T.);
#10045 = FACE_BOUND('',#10046,.F.);
#10046 = EDGE_LOOP('',(#10047,#10048,#10049,#10050,#10056,#10057,#10058,
    #10059));
#10047 = ORIENTED_EDGE('',*,*,#4151,.F.);
#10048 = ORIENTED_EDGE('',*,*,#3196,.T.);
#10049 = ORIENTED_EDGE('',*,*,#9347,.T.);
#10050 = ORIENTED_EDGE('',*,*,#10051,.F.);
#10051 = EDGE_CURVE('',#9421,#9340,#10052,.T.);
#10052 = LINE('',#10053,#10054);
#10053 = CARTESIAN_POINT('',(-86.284,62.1052475,4.));
#10054 = VECTOR('',#10055,1.);
#10055 = DIRECTION('',(1.,0.,0.));
#10056 = ORIENTED_EDGE('',*,*,#9420,.F.);
#10057 = ORIENTED_EDGE('',*,*,#9385,.F.);
#10058 = ORIENTED_EDGE('',*,*,#3702,.F.);
#10059 = ORIENTED_EDGE('',*,*,#3686,.F.);
#10060 = PLANE('',#10061);
#10061 = AXIS2_PLACEMENT_3D('',#10062,#10063,#10064);
#10062 = CARTESIAN_POINT('',(-86.284,62.5552475,4.45));
#10063 = DIRECTION('',(0.,-0.707106781187,0.707106781187));
#10064 = DIRECTION('',(-1.,-0.,-0.));
#10065 = ADVANCED_FACE('',(#10066),#10087,.T.);
#10066 = FACE_BOUND('',#10067,.T.);
#10067 = EDGE_LOOP('',(#10068,#10077,#10083,#10084,#10085,#10086));
#10068 = ORIENTED_EDGE('',*,*,#10069,.F.);
#10069 = EDGE_CURVE('',#10070,#9538,#10072,.T.);
#10070 = VERTEX_POINT('',#10071);
#10071 = CARTESIAN_POINT('',(-27.20866949621,89.4957736,2.4));
#10072 = CIRCLE('',#10073,1.);
#10073 = AXIS2_PLACEMENT_3D('',#10074,#10075,#10076);
#10074 = CARTESIAN_POINT('',(-28.0746949,89.9957736,2.4));
#10075 = DIRECTION('',(0.,0.,-1.));
#10076 = DIRECTION('',(0.,1.,0.));
#10077 = ORIENTED_EDGE('',*,*,#10078,.F.);
#10078 = EDGE_CURVE('',#3598,#10070,#10079,.T.);
#10079 = LINE('',#10080,#10081);
#10080 = CARTESIAN_POINT('',(-27.20866949621,89.4957736,3.7));
#10081 = VECTOR('',#10082,1.);
#10082 = DIRECTION('',(-0.,-0.,-1.));
#10083 = ORIENTED_EDGE('',*,*,#3597,.F.);
#10084 = ORIENTED_EDGE('',*,*,#3530,.F.);
#10085 = ORIENTED_EDGE('',*,*,#3170,.T.);
#10086 = ORIENTED_EDGE('',*,*,#9537,.T.);
#10087 = CYLINDRICAL_SURFACE('',#10088,1.);
#10088 = AXIS2_PLACEMENT_3D('',#10089,#10090,#10091);
#10089 = CARTESIAN_POINT('',(-28.0746949,89.9957736,1.9));
#10090 = DIRECTION('',(-0.,-0.,-1.));
#10091 = DIRECTION('',(1.,0.,0.));
#10092 = ADVANCED_FACE('',(#10093),#10112,.T.);
#10093 = FACE_BOUND('',#10094,.T.);
#10094 = EDGE_LOOP('',(#10095,#10103,#10104,#10105,#10106));
#10095 = ORIENTED_EDGE('',*,*,#10096,.T.);
#10096 = EDGE_CURVE('',#10097,#9602,#10099,.T.);
#10097 = VERTEX_POINT('',#10098);
#10098 = CARTESIAN_POINT('',(-54.65831495,88.405990555,3.9));
#10099 = LINE('',#10100,#10101);
#10100 = CARTESIAN_POINT('',(-56.15831495,88.405990555,3.9));
#10101 = VECTOR('',#10102,1.);
#10102 = DIRECTION('',(1.,0.,0.));
#10103 = ORIENTED_EDGE('',*,*,#9614,.F.);
#10104 = ORIENTED_EDGE('',*,*,#3145,.F.);
#10105 = ORIENTED_EDGE('',*,*,#9821,.T.);
#10106 = ORIENTED_EDGE('',*,*,#10107,.T.);
#10107 = EDGE_CURVE('',#9822,#10097,#10108,.T.);
#10108 = LINE('',#10109,#10110);
#10109 = CARTESIAN_POINT('',(-55.15831495,88.405990555,3.4));
#10110 = VECTOR('',#10111,1.);
#10111 = DIRECTION('',(0.707106781187,0.,0.707106781187));
#10112 = PLANE('',#10113);
#10113 = AXIS2_PLACEMENT_3D('',#10114,#10115,#10116);
#10114 = CARTESIAN_POINT('',(-56.15831495,88.405990555,4.9));
#10115 = DIRECTION('',(0.,-1.,0.));
#10116 = DIRECTION('',(1.,0.,0.));
#10117 = ADVANCED_FACE('',(#10118),#10137,.F.);
#10118 = FACE_BOUND('',#10119,.F.);
#10119 = EDGE_LOOP('',(#10120,#10128,#10129,#10130,#10131));
#10120 = ORIENTED_EDGE('',*,*,#10121,.T.);
#10121 = EDGE_CURVE('',#10122,#9577,#10124,.T.);
#10122 = VERTEX_POINT('',#10123);
#10123 = CARTESIAN_POINT('',(-54.65831495,74.405990555,3.9));
#10124 = LINE('',#10125,#10126);
#10125 = CARTESIAN_POINT('',(-56.15831495,74.405990555,3.9));
#10126 = VECTOR('',#10127,1.);
#10127 = DIRECTION('',(1.,0.,0.));
#10128 = ORIENTED_EDGE('',*,*,#9584,.F.);
#10129 = ORIENTED_EDGE('',*,*,#3097,.F.);
#10130 = ORIENTED_EDGE('',*,*,#9837,.T.);
#10131 = ORIENTED_EDGE('',*,*,#10132,.T.);
#10132 = EDGE_CURVE('',#9830,#10122,#10133,.T.);
#10133 = LINE('',#10134,#10135);
#10134 = CARTESIAN_POINT('',(-55.15831495,74.405990555,3.4));
#10135 = VECTOR('',#10136,1.);
#10136 = DIRECTION('',(0.707106781187,0.,0.707106781187));
#10137 = PLANE('',#10138);
#10138 = AXIS2_PLACEMENT_3D('',#10139,#10140,#10141);
#10139 = CARTESIAN_POINT('',(-56.15831495,74.405990555,4.9));
#10140 = DIRECTION('',(0.,-1.,0.));
#10141 = DIRECTION('',(1.,0.,0.));
#10142 = ADVANCED_FACE('',(#10143),#10154,.F.);
#10143 = FACE_BOUND('',#10144,.F.);
#10144 = EDGE_LOOP('',(#10145,#10146,#10147,#10153));
#10145 = ORIENTED_EDGE('',*,*,#3064,.F.);
#10146 = ORIENTED_EDGE('',*,*,#9465,.T.);
#10147 = ORIENTED_EDGE('',*,*,#10148,.T.);
#10148 = EDGE_CURVE('',#9466,#8708,#10149,.T.);
#10149 = LINE('',#10150,#10151);
#10150 = CARTESIAN_POINT('',(-22.0746949,71.03187175,2.4));
#10151 = VECTOR('',#10152,1.);
#10152 = DIRECTION('',(0.,-1.,0.));
#10153 = ORIENTED_EDGE('',*,*,#8715,.F.);
#10154 = PLANE('',#10155);
#10155 = AXIS2_PLACEMENT_3D('',#10156,#10157,#10158);
#10156 = CARTESIAN_POINT('',(-24.28206388214,71.709816,3.573678906965));
#10157 = DIRECTION('',(-0.469471562786,0.,-0.882947592859));
#10158 = DIRECTION('',(0.,-1.,0.));
#10159 = ADVANCED_FACE('',(#10160),#10177,.T.);
#10160 = FACE_BOUND('',#10161,.T.);
#10161 = EDGE_LOOP('',(#10162,#10163,#10164,#10165,#10171));
#10162 = ORIENTED_EDGE('',*,*,#4858,.T.);
#10163 = ORIENTED_EDGE('',*,*,#2929,.T.);
#10164 = ORIENTED_EDGE('',*,*,#8598,.F.);
#10165 = ORIENTED_EDGE('',*,*,#10166,.F.);
#10166 = EDGE_CURVE('',#8540,#8582,#10167,.T.);
#10167 = LINE('',#10168,#10169);
#10168 = CARTESIAN_POINT('',(-9.684,19.,3.7));
#10169 = VECTOR('',#10170,1.);
#10170 = DIRECTION('',(-1.,-0.,-0.));
#10171 = ORIENTED_EDGE('',*,*,#10172,.F.);
#10172 = EDGE_CURVE('',#4842,#8540,#10173,.T.);
#10173 = LINE('',#10174,#10175);
#10174 = CARTESIAN_POINT('',(-9.684,19.,3.7));
#10175 = VECTOR('',#10176,1.);
#10176 = DIRECTION('',(-1.,-0.,-0.));
#10177 = PLANE('',#10178);
#10178 = AXIS2_PLACEMENT_3D('',#10179,#10180,#10181);
#10179 = CARTESIAN_POINT('',(-30.80764415711,19.,4.130684869342));
#10180 = DIRECTION('',(-0.,-1.,-0.));
#10181 = DIRECTION('',(0.,0.,-1.));
#10182 = ADVANCED_FACE('',(#10183),#10194,.T.);
#10183 = FACE_BOUND('',#10184,.T.);
#10184 = EDGE_LOOP('',(#10185,#10186,#10187,#10188));
#10185 = ORIENTED_EDGE('',*,*,#8491,.F.);
#10186 = ORIENTED_EDGE('',*,*,#2838,.T.);
#10187 = ORIENTED_EDGE('',*,*,#8857,.T.);
#10188 = ORIENTED_EDGE('',*,*,#10189,.F.);
#10189 = EDGE_CURVE('',#8484,#8850,#10190,.T.);
#10190 = LINE('',#10191,#10192);
#10191 = CARTESIAN_POINT('',(-9.684,19.,3.7));
#10192 = VECTOR('',#10193,1.);
#10193 = DIRECTION('',(-1.,-0.,-0.));
#10194 = PLANE('',#10195);
#10195 = AXIS2_PLACEMENT_3D('',#10196,#10197,#10198);
#10196 = CARTESIAN_POINT('',(-41.80387466138,19.,4.188404272622));
#10197 = DIRECTION('',(-0.,-1.,-0.));
#10198 = DIRECTION('',(0.,0.,-1.));
#10199 = ADVANCED_FACE('',(#10200),#10225,.T.);
#10200 = FACE_BOUND('',#10201,.F.);
#10201 = EDGE_LOOP('',(#10202,#10203,#10204,#10210,#10211,#10212,#10220)
  );
#10202 = ORIENTED_EDGE('',*,*,#2806,.F.);
#10203 = ORIENTED_EDGE('',*,*,#8872,.F.);
#10204 = ORIENTED_EDGE('',*,*,#10205,.T.);
#10205 = EDGE_CURVE('',#8873,#7398,#10206,.T.);
#10206 = LINE('',#10207,#10208);
#10207 = CARTESIAN_POINT('',(-9.684,19.,3.7));
#10208 = VECTOR('',#10209,1.);
#10209 = DIRECTION('',(-1.,-0.,-0.));
#10210 = ORIENTED_EDGE('',*,*,#7405,.T.);
#10211 = ORIENTED_EDGE('',*,*,#2783,.F.);
#10212 = ORIENTED_EDGE('',*,*,#10213,.T.);
#10213 = EDGE_CURVE('',#2784,#10214,#10216,.T.);
#10214 = VERTEX_POINT('',#10215);
#10215 = CARTESIAN_POINT('',(-106.5010003211,19.,4.30999967883));
#10216 = LINE('',#10217,#10218);
#10217 = CARTESIAN_POINT('',(-106.5010003211,19.,4.905));
#10218 = VECTOR('',#10219,1.);
#10219 = DIRECTION('',(0.,0.,-1.));
#10220 = ORIENTED_EDGE('',*,*,#10221,.T.);
#10221 = EDGE_CURVE('',#10214,#2800,#10222,.T.);
#10222 = B_SPLINE_CURVE_WITH_KNOTS('',1,(#10223,#10224),.UNSPECIFIED.,
  .F.,.F.,(2,2),(0.,1.),.PIECEWISE_BEZIER_KNOTS.);
#10223 = CARTESIAN_POINT('',(-107.111,19.,3.7));
#10224 = CARTESIAN_POINT('',(-105.911,19.,4.9));
#10225 = PLANE('',#10226);
#10226 = AXIS2_PLACEMENT_3D('',#10227,#10228,#10229);
#10227 = CARTESIAN_POINT('',(-9.684,19.,4.9));
#10228 = DIRECTION('',(-0.,-1.,-0.));
#10229 = DIRECTION('',(1.,0.,0.));
#10230 = ADVANCED_FACE('',(#10231),#10240,.F.);
#10231 = FACE_BOUND('',#10232,.F.);
#10232 = EDGE_LOOP('',(#10233,#10234,#10239));
#10233 = ORIENTED_EDGE('',*,*,#10221,.F.);
#10234 = ORIENTED_EDGE('',*,*,#10235,.T.);
#10235 = EDGE_CURVE('',#10214,#2792,#10236,.T.);
#10236 = B_SPLINE_CURVE_WITH_KNOTS('',1,(#10237,#10238),.UNSPECIFIED.,
  .F.,.F.,(2,2),(0.,1.),.PIECEWISE_BEZIER_KNOTS.);
#10237 = CARTESIAN_POINT('',(-109.301,16.20000032117,1.51));
#10238 = CARTESIAN_POINT('',(-105.901,19.60000032117,4.91));
#10239 = ORIENTED_EDGE('',*,*,#2799,.T.);
#10240 = B_SPLINE_SURFACE_WITH_KNOTS('',1,1,(
    (#10241,#10242)
    ,(#10243,#10244
    )),.UNSPECIFIED.,.F.,.F.,.F.,(2,2),(2,2),(-3.2109997505E-07,
    128.00000032117),(0.,1.),.PIECEWISE_BEZIER_KNOTS.);
#10241 = CARTESIAN_POINT('',(-109.301,11.,1.51));
#10242 = CARTESIAN_POINT('',(-105.901,10.9999996789,4.91));
#10243 = CARTESIAN_POINT('',(-109.301,139.,1.51));
#10244 = CARTESIAN_POINT('',(-105.901,139.00000032117,4.91));
#10245 = ADVANCED_FACE('',(#10246),#10251,.T.);
#10246 = FACE_BOUND('',#10247,.T.);
#10247 = EDGE_LOOP('',(#10248,#10249,#10250));
#10248 = ORIENTED_EDGE('',*,*,#10235,.T.);
#10249 = ORIENTED_EDGE('',*,*,#2791,.F.);
#10250 = ORIENTED_EDGE('',*,*,#10213,.T.);
#10251 = PLANE('',#10252);
#10252 = AXIS2_PLACEMENT_3D('',#10253,#10254,#10255);
#10253 = CARTESIAN_POINT('',(-109.3009999999,16.200000321171,4.91));
#10254 = DIRECTION('',(0.707106781187,-0.707106781187,0.));
#10255 = DIRECTION('',(0.707106781187,0.707106781187,0.));
#10256 = ADVANCED_FACE('',(#10257),#10268,.T.);
#10257 = FACE_BOUND('',#10258,.T.);
#10258 = EDGE_LOOP('',(#10259,#10260,#10261,#10267));
#10259 = ORIENTED_EDGE('',*,*,#3630,.F.);
#10260 = ORIENTED_EDGE('',*,*,#2399,.T.);
#10261 = ORIENTED_EDGE('',*,*,#10262,.T.);
#10262 = EDGE_CURVE('',#2391,#3775,#10263,.T.);
#10263 = LINE('',#10264,#10265);
#10264 = CARTESIAN_POINT('',(-98.73399999999,61.1052475,4.45));
#10265 = VECTOR('',#10266,1.);
#10266 = DIRECTION('',(0.707106781186,0.,-0.707106781187));
#10267 = ORIENTED_EDGE('',*,*,#3798,.F.);
#10268 = PLANE('',#10269);
#10269 = AXIS2_PLACEMENT_3D('',#10270,#10271,#10272);
#10270 = CARTESIAN_POINT('',(-98.73399999999,142.29999999999,4.45));
#10271 = DIRECTION('',(0.707106781187,9.9E-16,0.707106781186));
#10272 = DIRECTION('',(7.000357133747E-16,-1.,7.000357133747E-16));
#10273 = ADVANCED_FACE('',(#10274),#10285,.F.);
#10274 = FACE_BOUND('',#10275,.T.);
#10275 = EDGE_LOOP('',(#10276,#10277,#10278,#10284));
#10276 = ORIENTED_EDGE('',*,*,#10262,.F.);
#10277 = ORIENTED_EDGE('',*,*,#2390,.T.);
#10278 = ORIENTED_EDGE('',*,*,#10279,.T.);
#10279 = EDGE_CURVE('',#2383,#3750,#10280,.T.);
#10280 = LINE('',#10281,#10282);
#10281 = CARTESIAN_POINT('',(-96.284,59.105247500001,4.));
#10282 = VECTOR('',#10283,1.);
#10283 = DIRECTION('',(1.7087E-13,0.707106781187,-0.707106781187));
#10284 = ORIENTED_EDGE('',*,*,#3774,.F.);
#10285 = CONICAL_SURFACE('',#10286,2.,0.785398163397);
#10286 = AXIS2_PLACEMENT_3D('',#10287,#10288,#10289);
#10287 = CARTESIAN_POINT('',(-96.28399999999,61.105247500001,4.));
#10288 = DIRECTION('',(0.,0.,1.));
#10289 = DIRECTION('',(-1.,-2.3448E-13,0.));
#10290 = ADVANCED_FACE('',(#10291),#10306,.T.);
#10291 = FACE_BOUND('',#10292,.T.);
#10292 = EDGE_LOOP('',(#10293,#10294,#10295,#10296,#10302,#10303,#10304,
    #10305));
#10293 = ORIENTED_EDGE('',*,*,#10279,.F.);
#10294 = ORIENTED_EDGE('',*,*,#2382,.T.);
#10295 = ORIENTED_EDGE('',*,*,#9315,.T.);
#10296 = ORIENTED_EDGE('',*,*,#10297,.F.);
#10297 = EDGE_CURVE('',#9410,#9316,#10298,.T.);
#10298 = LINE('',#10299,#10300);
#10299 = CARTESIAN_POINT('',(-96.284,59.105247500001,4.));
#10300 = VECTOR('',#10301,1.);
#10301 = DIRECTION('',(1.,0.,0.));
#10302 = ORIENTED_EDGE('',*,*,#9409,.F.);
#10303 = ORIENTED_EDGE('',*,*,#9361,.F.);
#10304 = ORIENTED_EDGE('',*,*,#3725,.F.);
#10305 = ORIENTED_EDGE('',*,*,#3749,.F.);
#10306 = PLANE('',#10307);
#10307 = AXIS2_PLACEMENT_3D('',#10308,#10309,#10310);
#10308 = CARTESIAN_POINT('',(-96.284,58.655247500001,4.45));
#10309 = DIRECTION('',(0.,0.707106781187,0.707106781187));
#10310 = DIRECTION('',(1.,0.,0.));
#10311 = ADVANCED_FACE('',(#10312),#10348,.T.);
#10312 = FACE_BOUND('',#10313,.T.);
#10313 = EDGE_LOOP('',(#10314,#10315,#10316,#10317,#10325,#10333,#10339,
    #10340,#10341,#10342,#10343,#10344,#10345,#10346,#10347));
#10314 = ORIENTED_EDGE('',*,*,#5945,.F.);
#10315 = ORIENTED_EDGE('',*,*,#5978,.F.);
#10316 = ORIENTED_EDGE('',*,*,#3496,.F.);
#10317 = ORIENTED_EDGE('',*,*,#10318,.F.);
#10318 = EDGE_CURVE('',#10319,#3489,#10321,.T.);
#10319 = VERTEX_POINT('',#10320);
#10320 = CARTESIAN_POINT('',(-20.87752819,92.15,4.9));
#10321 = LINE('',#10322,#10323);
#10322 = CARTESIAN_POINT('',(-10.74970113683,92.15,4.9));
#10323 = VECTOR('',#10324,1.);
#10324 = DIRECTION('',(-1.,0.,0.));
#10325 = ORIENTED_EDGE('',*,*,#10326,.F.);
#10326 = EDGE_CURVE('',#10327,#10319,#10329,.T.);
#10327 = VERTEX_POINT('',#10328);
#10328 = CARTESIAN_POINT('',(-20.87752819,109.5051119696,4.9));
#10329 = LINE('',#10330,#10331);
#10330 = CARTESIAN_POINT('',(-20.87752819,109.5051119696,4.9));
#10331 = VECTOR('',#10332,1.);
#10332 = DIRECTION('',(0.,-1.,0.));
#10333 = ORIENTED_EDGE('',*,*,#10334,.F.);
#10334 = EDGE_CURVE('',#9755,#10327,#10335,.T.);
#10335 = LINE('',#10336,#10337);
#10336 = CARTESIAN_POINT('',(-23.37988281,113.83931731,4.9));
#10337 = VECTOR('',#10338,1.);
#10338 = DIRECTION('',(0.5,-0.866025403784,0.));
#10339 = ORIENTED_EDGE('',*,*,#9754,.F.);
#10340 = ORIENTED_EDGE('',*,*,#9724,.F.);
#10341 = ORIENTED_EDGE('',*,*,#5772,.T.);
#10342 = ORIENTED_EDGE('',*,*,#5785,.F.);
#10343 = ORIENTED_EDGE('',*,*,#5809,.F.);
#10344 = ORIENTED_EDGE('',*,*,#5833,.F.);
#10345 = ORIENTED_EDGE('',*,*,#5864,.T.);
#10346 = ORIENTED_EDGE('',*,*,#5896,.T.);
#10347 = ORIENTED_EDGE('',*,*,#5920,.T.);
#10348 = PLANE('',#10349);
#10349 = AXIS2_PLACEMENT_3D('',#10350,#10351,#10352);
#10350 = CARTESIAN_POINT('',(-55.22508418604,81.121930514471,4.9));
#10351 = DIRECTION('',(0.,0.,1.));
#10352 = DIRECTION('',(1.,0.,0.));
#10353 = ADVANCED_FACE('',(#10354),#10381,.T.);
#10354 = FACE_BOUND('',#10355,.T.);
#10355 = EDGE_LOOP('',(#10356,#10364,#10372,#10378,#10379,#10380));
#10356 = ORIENTED_EDGE('',*,*,#10357,.F.);
#10357 = EDGE_CURVE('',#10358,#3580,#10360,.T.);
#10358 = VERTEX_POINT('',#10359);
#10359 = CARTESIAN_POINT('',(-22.784,92.15,2.4));
#10360 = LINE('',#10361,#10362);
#10361 = CARTESIAN_POINT('',(-22.784,92.15,2.4));
#10362 = VECTOR('',#10363,1.);
#10363 = DIRECTION('',(0.,0.,1.));
#10364 = ORIENTED_EDGE('',*,*,#10365,.T.);
#10365 = EDGE_CURVE('',#10358,#10366,#10368,.T.);
#10366 = VERTEX_POINT('',#10367);
#10367 = CARTESIAN_POINT('',(-20.87752819,92.15,2.4));
#10368 = LINE('',#10369,#10370);
#10369 = CARTESIAN_POINT('',(-27.0746949,92.15,2.4));
#10370 = VECTOR('',#10371,1.);
#10371 = DIRECTION('',(1.,-2.17E-15,0.));
#10372 = ORIENTED_EDGE('',*,*,#10373,.F.);
#10373 = EDGE_CURVE('',#10319,#10366,#10374,.T.);
#10374 = LINE('',#10375,#10376);
#10375 = CARTESIAN_POINT('',(-20.87752819,92.15,4.9));
#10376 = VECTOR('',#10377,1.);
#10377 = DIRECTION('',(-0.,-0.,-1.));
#10378 = ORIENTED_EDGE('',*,*,#10318,.T.);
#10379 = ORIENTED_EDGE('',*,*,#3488,.F.);
#10380 = ORIENTED_EDGE('',*,*,#3588,.T.);
#10381 = PLANE('',#10382);
#10382 = AXIS2_PLACEMENT_3D('',#10383,#10384,#10385);
#10383 = CARTESIAN_POINT('',(-14.9400947896,92.15,3.219666881352));
#10384 = DIRECTION('',(-0.,-1.,-0.));
#10385 = DIRECTION('',(0.,0.,-1.));
#10386 = ADVANCED_FACE('',(#10387),#10412,.F.);
#10387 = FACE_BOUND('',#10388,.F.);
#10388 = EDGE_LOOP('',(#10389,#10399,#10405,#10406));
#10389 = ORIENTED_EDGE('',*,*,#10390,.T.);
#10390 = EDGE_CURVE('',#10391,#10393,#10395,.T.);
#10391 = VERTEX_POINT('',#10392);
#10392 = CARTESIAN_POINT('',(-24.784,89.9957736,2.4));
#10393 = VERTEX_POINT('',#10394);
#10394 = CARTESIAN_POINT('',(-26.34264409243,89.9957736,2.4));
#10395 = LINE('',#10396,#10397);
#10396 = CARTESIAN_POINT('',(-23.77924875449,89.9957736,2.4));
#10397 = VECTOR('',#10398,1.);
#10398 = DIRECTION('',(-1.,0.,0.));
#10399 = ORIENTED_EDGE('',*,*,#10400,.F.);
#10400 = EDGE_CURVE('',#3553,#10393,#10401,.T.);
#10401 = LINE('',#10402,#10403);
#10402 = CARTESIAN_POINT('',(-26.34264409243,89.9957736,3.7));
#10403 = VECTOR('',#10404,1.);
#10404 = DIRECTION('',(-0.,-0.,-1.));
#10405 = ORIENTED_EDGE('',*,*,#3552,.T.);
#10406 = ORIENTED_EDGE('',*,*,#10407,.F.);
#10407 = EDGE_CURVE('',#10391,#3555,#10408,.T.);
#10408 = LINE('',#10409,#10410);
#10409 = CARTESIAN_POINT('',(-24.784,89.9957736,2.4));
#10410 = VECTOR('',#10411,1.);
#10411 = DIRECTION('',(0.,0.,1.));
#10412 = PLANE('',#10413);
#10413 = AXIS2_PLACEMENT_3D('',#10414,#10415,#10416);
#10414 = CARTESIAN_POINT('',(-27.0746949,89.9957736,1.8));
#10415 = DIRECTION('',(0.,1.,0.));
#10416 = DIRECTION('',(1.,0.,0.));
#10417 = ADVANCED_FACE('',(#10418),#10430,.F.);
#10418 = FACE_BOUND('',#10419,.F.);
#10419 = EDGE_LOOP('',(#10420,#10421,#10422,#10429));
#10420 = ORIENTED_EDGE('',*,*,#3606,.T.);
#10421 = ORIENTED_EDGE('',*,*,#10400,.T.);
#10422 = ORIENTED_EDGE('',*,*,#10423,.F.);
#10423 = EDGE_CURVE('',#10070,#10393,#10424,.T.);
#10424 = CIRCLE('',#10425,1.);
#10425 = AXIS2_PLACEMENT_3D('',#10426,#10427,#10428);
#10426 = CARTESIAN_POINT('',(-26.34264409243,88.9957736,2.4));
#10427 = DIRECTION('',(0.,0.,-1.));
#10428 = DIRECTION('',(0.,1.,0.));
#10429 = ORIENTED_EDGE('',*,*,#10078,.F.);
#10430 = CYLINDRICAL_SURFACE('',#10431,1.);
#10431 = AXIS2_PLACEMENT_3D('',#10432,#10433,#10434);
#10432 = CARTESIAN_POINT('',(-26.34264409243,88.9957736,3.7));
#10433 = DIRECTION('',(-0.,-0.,-1.));
#10434 = DIRECTION('',(-0.866025403784,0.5,0.));
#10435 = ADVANCED_FACE('',(#10436),#10455,.T.);
#10436 = FACE_BOUND('',#10437,.F.);
#10437 = EDGE_LOOP('',(#10438,#10447,#10448,#10449));
#10438 = ORIENTED_EDGE('',*,*,#10439,.T.);
#10439 = EDGE_CURVE('',#10440,#10391,#10442,.T.);
#10440 = VERTEX_POINT('',#10441);
#10441 = CARTESIAN_POINT('',(-23.784,90.9957736,2.4));
#10442 = CIRCLE('',#10443,1.);
#10443 = AXIS2_PLACEMENT_3D('',#10444,#10445,#10446);
#10444 = CARTESIAN_POINT('',(-24.784,90.9957736,2.4));
#10445 = DIRECTION('',(-0.,-0.,-1.));
#10446 = DIRECTION('',(0.,-1.,0.));
#10447 = ORIENTED_EDGE('',*,*,#10407,.T.);
#10448 = ORIENTED_EDGE('',*,*,#3562,.F.);
#10449 = ORIENTED_EDGE('',*,*,#10450,.F.);
#10450 = EDGE_CURVE('',#10440,#3563,#10451,.T.);
#10451 = LINE('',#10452,#10453);
#10452 = CARTESIAN_POINT('',(-23.784,90.9957736,2.4));
#10453 = VECTOR('',#10454,1.);
#10454 = DIRECTION('',(0.,0.,1.));
#10455 = CYLINDRICAL_SURFACE('',#10456,1.);
#10456 = AXIS2_PLACEMENT_3D('',#10457,#10458,#10459);
#10457 = CARTESIAN_POINT('',(-24.784,90.9957736,2.4));
#10458 = DIRECTION('',(0.,0.,1.));
#10459 = DIRECTION('',(1.,0.,0.));
#10460 = ADVANCED_FACE('',(#10461),#10479,.F.);
#10461 = FACE_BOUND('',#10462,.F.);
#10462 = EDGE_LOOP('',(#10463,#10471,#10472,#10473));
#10463 = ORIENTED_EDGE('',*,*,#10464,.T.);
#10464 = EDGE_CURVE('',#10465,#10440,#10467,.T.);
#10465 = VERTEX_POINT('',#10466);
#10466 = CARTESIAN_POINT('',(-23.784,91.15,2.4));
#10467 = LINE('',#10468,#10469);
#10468 = CARTESIAN_POINT('',(-23.784,82.581113021302,2.4));
#10469 = VECTOR('',#10470,1.);
#10470 = DIRECTION('',(0.,-1.,0.));
#10471 = ORIENTED_EDGE('',*,*,#10450,.T.);
#10472 = ORIENTED_EDGE('',*,*,#3571,.T.);
#10473 = ORIENTED_EDGE('',*,*,#10474,.F.);
#10474 = EDGE_CURVE('',#10465,#3572,#10475,.T.);
#10475 = LINE('',#10476,#10477);
#10476 = CARTESIAN_POINT('',(-23.784,91.15,2.4));
#10477 = VECTOR('',#10478,1.);
#10478 = DIRECTION('',(0.,0.,1.));
#10479 = PLANE('',#10480);
#10480 = AXIS2_PLACEMENT_3D('',#10481,#10482,#10483);
#10481 = CARTESIAN_POINT('',(-23.784,89.9957736,1.8));
#10482 = DIRECTION('',(-1.,0.,0.));
#10483 = DIRECTION('',(0.,1.,0.));
#10484 = ADVANCED_FACE('',(#10485),#10497,.F.);
#10485 = FACE_BOUND('',#10486,.F.);
#10486 = EDGE_LOOP('',(#10487,#10494,#10495,#10496));
#10487 = ORIENTED_EDGE('',*,*,#10488,.T.);
#10488 = EDGE_CURVE('',#10358,#10465,#10489,.T.);
#10489 = CIRCLE('',#10490,1.);
#10490 = AXIS2_PLACEMENT_3D('',#10491,#10492,#10493);
#10491 = CARTESIAN_POINT('',(-22.784,91.15,2.4));
#10492 = DIRECTION('',(-0.,0.,1.));
#10493 = DIRECTION('',(0.,-1.,0.));
#10494 = ORIENTED_EDGE('',*,*,#10474,.T.);
#10495 = ORIENTED_EDGE('',*,*,#3579,.F.);
#10496 = ORIENTED_EDGE('',*,*,#10357,.F.);
#10497 = CYLINDRICAL_SURFACE('',#10498,1.);
#10498 = AXIS2_PLACEMENT_3D('',#10499,#10500,#10501);
#10499 = CARTESIAN_POINT('',(-22.784,91.15,2.4));
#10500 = DIRECTION('',(0.,0.,1.));
#10501 = DIRECTION('',(0.,1.,0.));
#10502 = ADVANCED_FACE('',(#10503),#10509,.T.);
#10503 = FACE_BOUND('',#10504,.T.);
#10504 = EDGE_LOOP('',(#10505,#10506,#10507,#10508));
#10505 = ORIENTED_EDGE('',*,*,#4117,.F.);
#10506 = ORIENTED_EDGE('',*,*,#5993,.F.);
#10507 = ORIENTED_EDGE('',*,*,#6018,.F.);
#10508 = ORIENTED_EDGE('',*,*,#6051,.F.);
#10509 = PLANE('',#10510);
#10510 = AXIS2_PLACEMENT_3D('',#10511,#10512,#10513);
#10511 = CARTESIAN_POINT('',(-55.22508418604,81.121930514471,4.9));
#10512 = DIRECTION('',(0.,0.,1.));
#10513 = DIRECTION('',(1.,0.,0.));
#10514 = ADVANCED_FACE('',(#10515),#10521,.T.);
#10515 = FACE_BOUND('',#10516,.T.);
#10516 = EDGE_LOOP('',(#10517,#10518,#10519,#10520));
#10517 = ORIENTED_EDGE('',*,*,#4085,.F.);
#10518 = ORIENTED_EDGE('',*,*,#6082,.F.);
#10519 = ORIENTED_EDGE('',*,*,#6107,.F.);
#10520 = ORIENTED_EDGE('',*,*,#6140,.F.);
#10521 = PLANE('',#10522);
#10522 = AXIS2_PLACEMENT_3D('',#10523,#10524,#10525);
#10523 = CARTESIAN_POINT('',(-55.22508418604,81.121930514471,4.9));
#10524 = DIRECTION('',(0.,0.,1.));
#10525 = DIRECTION('',(1.,0.,0.));
#10526 = ADVANCED_FACE('',(#10527),#10533,.T.);
#10527 = FACE_BOUND('',#10528,.T.);
#10528 = EDGE_LOOP('',(#10529,#10530,#10531,#10532));
#10529 = ORIENTED_EDGE('',*,*,#4053,.F.);
#10530 = ORIENTED_EDGE('',*,*,#6171,.F.);
#10531 = ORIENTED_EDGE('',*,*,#6196,.F.);
#10532 = ORIENTED_EDGE('',*,*,#6229,.F.);
#10533 = PLANE('',#10534);
#10534 = AXIS2_PLACEMENT_3D('',#10535,#10536,#10537);
#10535 = CARTESIAN_POINT('',(-55.22508418604,81.121930514471,4.9));
#10536 = DIRECTION('',(0.,0.,1.));
#10537 = DIRECTION('',(1.,0.,0.));
#10538 = ADVANCED_FACE('',(#10539),#10545,.T.);
#10539 = FACE_BOUND('',#10540,.T.);
#10540 = EDGE_LOOP('',(#10541,#10542,#10543,#10544));
#10541 = ORIENTED_EDGE('',*,*,#6318,.F.);
#10542 = ORIENTED_EDGE('',*,*,#4021,.F.);
#10543 = ORIENTED_EDGE('',*,*,#6260,.F.);
#10544 = ORIENTED_EDGE('',*,*,#6285,.F.);
#10545 = PLANE('',#10546);
#10546 = AXIS2_PLACEMENT_3D('',#10547,#10548,#10549);
#10547 = CARTESIAN_POINT('',(-55.22508418604,81.121930514471,4.9));
#10548 = DIRECTION('',(0.,0.,1.));
#10549 = DIRECTION('',(1.,0.,0.));
#10550 = ADVANCED_FACE('',(#10551),#10557,.T.);
#10551 = FACE_BOUND('',#10552,.T.);
#10552 = EDGE_LOOP('',(#10553,#10554,#10555,#10556));
#10553 = ORIENTED_EDGE('',*,*,#6407,.F.);
#10554 = ORIENTED_EDGE('',*,*,#3989,.F.);
#10555 = ORIENTED_EDGE('',*,*,#6349,.F.);
#10556 = ORIENTED_EDGE('',*,*,#6374,.F.);
#10557 = PLANE('',#10558);
#10558 = AXIS2_PLACEMENT_3D('',#10559,#10560,#10561);
#10559 = CARTESIAN_POINT('',(-55.22508418604,81.121930514471,4.9));
#10560 = DIRECTION('',(0.,0.,1.));
#10561 = DIRECTION('',(1.,0.,0.));
#10562 = ADVANCED_FACE('',(#10563),#10569,.T.);
#10563 = FACE_BOUND('',#10564,.T.);
#10564 = EDGE_LOOP('',(#10565,#10566,#10567,#10568));
#10565 = ORIENTED_EDGE('',*,*,#6496,.F.);
#10566 = ORIENTED_EDGE('',*,*,#3957,.F.);
#10567 = ORIENTED_EDGE('',*,*,#6438,.F.);
#10568 = ORIENTED_EDGE('',*,*,#6463,.F.);
#10569 = PLANE('',#10570);
#10570 = AXIS2_PLACEMENT_3D('',#10571,#10572,#10573);
#10571 = CARTESIAN_POINT('',(-55.22508418604,81.121930514471,4.9));
#10572 = DIRECTION('',(0.,0.,1.));
#10573 = DIRECTION('',(1.,0.,0.));
#10574 = ADVANCED_FACE('',(#10575),#10581,.T.);
#10575 = FACE_BOUND('',#10576,.T.);
#10576 = EDGE_LOOP('',(#10577,#10578,#10579,#10580));
#10577 = ORIENTED_EDGE('',*,*,#6585,.F.);
#10578 = ORIENTED_EDGE('',*,*,#3925,.F.);
#10579 = ORIENTED_EDGE('',*,*,#6527,.F.);
#10580 = ORIENTED_EDGE('',*,*,#6552,.F.);
#10581 = PLANE('',#10582);
#10582 = AXIS2_PLACEMENT_3D('',#10583,#10584,#10585);
#10583 = CARTESIAN_POINT('',(-55.22508418604,81.121930514471,4.9));
#10584 = DIRECTION('',(0.,0.,1.));
#10585 = DIRECTION('',(1.,0.,0.));
#10586 = ADVANCED_FACE('',(#10587),#10593,.T.);
#10587 = FACE_BOUND('',#10588,.T.);
#10588 = EDGE_LOOP('',(#10589,#10590,#10591,#10592));
#10589 = ORIENTED_EDGE('',*,*,#6674,.F.);
#10590 = ORIENTED_EDGE('',*,*,#3893,.F.);
#10591 = ORIENTED_EDGE('',*,*,#6616,.F.);
#10592 = ORIENTED_EDGE('',*,*,#6641,.F.);
#10593 = PLANE('',#10594);
#10594 = AXIS2_PLACEMENT_3D('',#10595,#10596,#10597);
#10595 = CARTESIAN_POINT('',(-55.22508418604,81.121930514471,4.9));
#10596 = DIRECTION('',(0.,0.,1.));
#10597 = DIRECTION('',(1.,0.,0.));
#10598 = ADVANCED_FACE('',(#10599),#10639,.T.);
#10599 = FACE_BOUND('',#10600,.T.);
#10600 = EDGE_LOOP('',(#10601,#10602,#10603,#10604,#10605,#10606,#10607,
    #10608,#10609,#10610,#10611,#10612,#10613,#10614,#10615,#10616,
    #10617,#10618,#10619,#10620,#10621,#10622,#10623,#10624,#10625,
    #10626,#10627,#10628,#10629,#10630,#10631,#10632,#10633,#10634,
    #10635,#10636,#10637,#10638));
#10601 = ORIENTED_EDGE('',*,*,#8045,.F.);
#10602 = ORIENTED_EDGE('',*,*,#8070,.T.);
#10603 = ORIENTED_EDGE('',*,*,#8094,.F.);
#10604 = ORIENTED_EDGE('',*,*,#8128,.F.);
#10605 = ORIENTED_EDGE('',*,*,#8152,.F.);
#10606 = ORIENTED_EDGE('',*,*,#8176,.F.);
#10607 = ORIENTED_EDGE('',*,*,#8200,.F.);
#10608 = ORIENTED_EDGE('',*,*,#8224,.F.);
#10609 = ORIENTED_EDGE('',*,*,#8248,.F.);
#10610 = ORIENTED_EDGE('',*,*,#8262,.F.);
#10611 = ORIENTED_EDGE('',*,*,#8286,.F.);
#10612 = ORIENTED_EDGE('',*,*,#4166,.F.);
#10613 = ORIENTED_EDGE('',*,*,#4247,.T.);
#10614 = ORIENTED_EDGE('',*,*,#8522,.F.);
#10615 = ORIENTED_EDGE('',*,*,#8483,.T.);
#10616 = ORIENTED_EDGE('',*,*,#10189,.T.);
#10617 = ORIENTED_EDGE('',*,*,#8849,.T.);
#10618 = ORIENTED_EDGE('',*,*,#8790,.T.);
#10619 = ORIENTED_EDGE('',*,*,#8759,.T.);
#10620 = ORIENTED_EDGE('',*,*,#8815,.F.);
#10621 = ORIENTED_EDGE('',*,*,#8880,.T.);
#10622 = ORIENTED_EDGE('',*,*,#10205,.T.);
#10623 = ORIENTED_EDGE('',*,*,#7397,.T.);
#10624 = ORIENTED_EDGE('',*,*,#7419,.T.);
#10625 = ORIENTED_EDGE('',*,*,#7451,.T.);
#10626 = ORIENTED_EDGE('',*,*,#7663,.T.);
#10627 = ORIENTED_EDGE('',*,*,#7689,.F.);
#10628 = ORIENTED_EDGE('',*,*,#7723,.F.);
#10629 = ORIENTED_EDGE('',*,*,#7737,.F.);
#10630 = ORIENTED_EDGE('',*,*,#7787,.T.);
#10631 = ORIENTED_EDGE('',*,*,#7800,.T.);
#10632 = ORIENTED_EDGE('',*,*,#7824,.T.);
#10633 = ORIENTED_EDGE('',*,*,#7848,.T.);
#10634 = ORIENTED_EDGE('',*,*,#7904,.T.);
#10635 = ORIENTED_EDGE('',*,*,#7917,.T.);
#10636 = ORIENTED_EDGE('',*,*,#7941,.T.);
#10637 = ORIENTED_EDGE('',*,*,#7965,.T.);
#10638 = ORIENTED_EDGE('',*,*,#7996,.T.);
#10639 = PLANE('',#10640);
#10640 = AXIS2_PLACEMENT_3D('',#10641,#10642,#10643);
#10641 = CARTESIAN_POINT('',(-84.11967789646,42.248491908335,3.7));
#10642 = DIRECTION('',(0.,0.,1.));
#10643 = DIRECTION('',(1.,0.,0.));
#10644 = ADVANCED_FACE('',(#10645),#10668,.T.);
#10645 = FACE_BOUND('',#10646,.T.);
#10646 = EDGE_LOOP('',(#10647,#10648,#10649,#10650,#10651,#10652,#10653,
    #10654,#10655,#10656,#10657,#10658,#10659,#10660,#10661,#10662,
    #10663,#10664,#10665,#10666,#10667));
#10647 = ORIENTED_EDGE('',*,*,#8548,.F.);
#10648 = ORIENTED_EDGE('',*,*,#4291,.T.);
#10649 = ORIENTED_EDGE('',*,*,#4304,.T.);
#10650 = ORIENTED_EDGE('',*,*,#4328,.T.);
#10651 = ORIENTED_EDGE('',*,*,#4352,.T.);
#10652 = ORIENTED_EDGE('',*,*,#4383,.T.);
#10653 = ORIENTED_EDGE('',*,*,#4406,.F.);
#10654 = ORIENTED_EDGE('',*,*,#4440,.F.);
#10655 = ORIENTED_EDGE('',*,*,#4464,.F.);
#10656 = ORIENTED_EDGE('',*,*,#4478,.F.);
#10657 = ORIENTED_EDGE('',*,*,#4531,.T.);
#10658 = ORIENTED_EDGE('',*,*,#4544,.T.);
#10659 = ORIENTED_EDGE('',*,*,#4568,.T.);
#10660 = ORIENTED_EDGE('',*,*,#4592,.T.);
#10661 = ORIENTED_EDGE('',*,*,#4630,.T.);
#10662 = ORIENTED_EDGE('',*,*,#8320,.T.);
#10663 = ORIENTED_EDGE('',*,*,#8303,.T.);
#10664 = ORIENTED_EDGE('',*,*,#4804,.T.);
#10665 = ORIENTED_EDGE('',*,*,#4817,.T.);
#10666 = ORIENTED_EDGE('',*,*,#4841,.T.);
#10667 = ORIENTED_EDGE('',*,*,#10172,.T.);
#10668 = PLANE('',#10669);
#10669 = AXIS2_PLACEMENT_3D('',#10670,#10671,#10672);
#10670 = CARTESIAN_POINT('',(-84.11967789646,42.248491908335,3.7));
#10671 = DIRECTION('',(0.,0.,1.));
#10672 = DIRECTION('',(1.,0.,0.));
#10673 = ADVANCED_FACE('',(#10674),#10680,.T.);
#10674 = FACE_BOUND('',#10675,.T.);
#10675 = EDGE_LOOP('',(#10676,#10677,#10678,#10679));
#10676 = ORIENTED_EDGE('',*,*,#5001,.T.);
#10677 = ORIENTED_EDGE('',*,*,#8360,.F.);
#10678 = ORIENTED_EDGE('',*,*,#4963,.T.);
#10679 = ORIENTED_EDGE('',*,*,#4977,.T.);
#10680 = PLANE('',#10681);
#10681 = AXIS2_PLACEMENT_3D('',#10682,#10683,#10684);
#10682 = CARTESIAN_POINT('',(-55.22508418604,81.121930514471,4.9));
#10683 = DIRECTION('',(0.,0.,1.));
#10684 = DIRECTION('',(1.,0.,0.));
#10685 = ADVANCED_FACE('',(#10686),#10743,.T.);
#10686 = FACE_BOUND('',#10687,.T.);
#10687 = EDGE_LOOP('',(#10688,#10689,#10690,#10698,#10704,#10705,#10706,
    #10714,#10720,#10721,#10722,#10723,#10724,#10725,#10726,#10727,
    #10728,#10729,#10730,#10731,#10732,#10733,#10734,#10735,#10736,
    #10742));
#10688 = ORIENTED_EDGE('',*,*,#5473,.F.);
#10689 = ORIENTED_EDGE('',*,*,#5545,.T.);
#10690 = ORIENTED_EDGE('',*,*,#10691,.F.);
#10691 = EDGE_CURVE('',#10692,#5538,#10694,.T.);
#10692 = VERTEX_POINT('',#10693);
#10693 = CARTESIAN_POINT('',(-14.87752819,109.5051119696,2.4));
#10694 = LINE('',#10695,#10696);
#10695 = CARTESIAN_POINT('',(-14.87752819,109.5051119696,2.4));
#10696 = VECTOR('',#10697,1.);
#10697 = DIRECTION('',(0.,-1.,0.));
#10698 = ORIENTED_EDGE('',*,*,#10699,.F.);
#10699 = EDGE_CURVE('',#5723,#10692,#10700,.T.);
#10700 = LINE('',#10701,#10702);
#10701 = CARTESIAN_POINT('',(-12.37517357,113.83931731,2.4));
#10702 = VECTOR('',#10703,1.);
#10703 = DIRECTION('',(-0.5,-0.866025403784,0.));
#10704 = ORIENTED_EDGE('',*,*,#5735,.T.);
#10705 = ORIENTED_EDGE('',*,*,#9803,.F.);
#10706 = ORIENTED_EDGE('',*,*,#10707,.T.);
#10707 = EDGE_CURVE('',#9765,#10708,#10710,.T.);
#10708 = VERTEX_POINT('',#10709);
#10709 = CARTESIAN_POINT('',(-20.87752819,109.5051119696,2.4));
#10710 = LINE('',#10711,#10712);
#10711 = CARTESIAN_POINT('',(-23.37988281,113.83931731,2.4));
#10712 = VECTOR('',#10713,1.);
#10713 = DIRECTION('',(0.5,-0.866025403784,0.));
#10714 = ORIENTED_EDGE('',*,*,#10715,.T.);
#10715 = EDGE_CURVE('',#10708,#10366,#10716,.T.);
#10716 = LINE('',#10717,#10718);
#10717 = CARTESIAN_POINT('',(-20.87752819,109.5051119696,2.4));
#10718 = VECTOR('',#10719,1.);
#10719 = DIRECTION('',(0.,-1.,0.));
#10720 = ORIENTED_EDGE('',*,*,#10365,.F.);
#10721 = ORIENTED_EDGE('',*,*,#10488,.T.);
#10722 = ORIENTED_EDGE('',*,*,#10464,.T.);
#10723 = ORIENTED_EDGE('',*,*,#10439,.T.);
#10724 = ORIENTED_EDGE('',*,*,#10390,.T.);
#10725 = ORIENTED_EDGE('',*,*,#10423,.F.);
#10726 = ORIENTED_EDGE('',*,*,#10069,.T.);
#10727 = ORIENTED_EDGE('',*,*,#9554,.T.);
#10728 = ORIENTED_EDGE('',*,*,#9505,.T.);
#10729 = ORIENTED_EDGE('',*,*,#9473,.T.);
#10730 = ORIENTED_EDGE('',*,*,#10148,.T.);
#10731 = ORIENTED_EDGE('',*,*,#8707,.T.);
#10732 = ORIENTED_EDGE('',*,*,#8659,.F.);
#10733 = ORIENTED_EDGE('',*,*,#5181,.T.);
#10734 = ORIENTED_EDGE('',*,*,#5221,.F.);
#10735 = ORIENTED_EDGE('',*,*,#5264,.F.);
#10736 = ORIENTED_EDGE('',*,*,#10737,.F.);
#10737 = EDGE_CURVE('',#5436,#5257,#10738,.T.);
#10738 = LINE('',#10739,#10740);
#10739 = CARTESIAN_POINT('',(-16.9435,76.249476091884,2.4));
#10740 = VECTOR('',#10741,1.);
#10741 = DIRECTION('',(0.,-1.,0.));
#10742 = ORIENTED_EDGE('',*,*,#5435,.F.);
#10743 = PLANE('',#10744);
#10744 = AXIS2_PLACEMENT_3D('',#10745,#10746,#10747);
#10745 = CARTESIAN_POINT('',(-19.57887203836,85.148952183769,2.4));
#10746 = DIRECTION('',(0.,0.,1.));
#10747 = DIRECTION('',(1.,0.,0.));
#10748 = ADVANCED_FACE('',(#10749),#10760,.T.);
#10749 = FACE_BOUND('',#10750,.T.);
#10750 = EDGE_LOOP('',(#10751,#10752,#10753,#10759));
#10751 = ORIENTED_EDGE('',*,*,#10737,.T.);
#10752 = ORIENTED_EDGE('',*,*,#5256,.T.);
#10753 = ORIENTED_EDGE('',*,*,#10754,.T.);
#10754 = EDGE_CURVE('',#5249,#5444,#10755,.T.);
#10755 = LINE('',#10756,#10757);
#10756 = CARTESIAN_POINT('',(-15.5435,71.175,3.8));
#10757 = VECTOR('',#10758,1.);
#10758 = DIRECTION('',(0.,1.,0.));
#10759 = ORIENTED_EDGE('',*,*,#5443,.F.);
#10760 = PLANE('',#10761);
#10761 = AXIS2_PLACEMENT_3D('',#10762,#10763,#10764);
#10762 = CARTESIAN_POINT('',(-17.29705339059,67.35,2.046446609407));
#10763 = DIRECTION('',(-0.707106781187,0.,0.707106781187));
#10764 = DIRECTION('',(0.,1.,0.));
#10765 = ADVANCED_FACE('',(#10766),#10776,.T.);
#10766 = FACE_BOUND('',#10767,.T.);
#10767 = EDGE_LOOP('',(#10768,#10769,#10770,#10771,#10772,#10773,#10774,
    #10775));
#10768 = ORIENTED_EDGE('',*,*,#5248,.F.);
#10769 = ORIENTED_EDGE('',*,*,#5301,.T.);
#10770 = ORIENTED_EDGE('',*,*,#5314,.F.);
#10771 = ORIENTED_EDGE('',*,*,#5338,.F.);
#10772 = ORIENTED_EDGE('',*,*,#5362,.F.);
#10773 = ORIENTED_EDGE('',*,*,#5399,.T.);
#10774 = ORIENTED_EDGE('',*,*,#5451,.T.);
#10775 = ORIENTED_EDGE('',*,*,#10754,.F.);
#10776 = PLANE('',#10777);
#10777 = AXIS2_PLACEMENT_3D('',#10778,#10779,#10780);
#10778 = CARTESIAN_POINT('',(-13.11375,75.,3.8));
#10779 = DIRECTION('',(0.,0.,1.));
#10780 = DIRECTION('',(1.,0.,0.));
#10781 = ADVANCED_FACE('',(#10782),#10802,.T.);
#10782 = FACE_BOUND('',#10783,.T.);
#10783 = EDGE_LOOP('',(#10784,#10790,#10791,#10792,#10798,#10799,#10800,
    #10801));
#10784 = ORIENTED_EDGE('',*,*,#10785,.F.);
#10785 = EDGE_CURVE('',#5654,#5598,#10786,.T.);
#10786 = LINE('',#10787,#10788);
#10787 = CARTESIAN_POINT('',(-14.87752819,109.5051119696,4.9));
#10788 = VECTOR('',#10789,1.);
#10789 = DIRECTION('',(0.,-1.,0.));
#10790 = ORIENTED_EDGE('',*,*,#5651,.F.);
#10791 = ORIENTED_EDGE('',*,*,#5715,.T.);
#10792 = ORIENTED_EDGE('',*,*,#10793,.T.);
#10793 = EDGE_CURVE('',#5716,#10692,#10794,.T.);
#10794 = LINE('',#10795,#10796);
#10795 = CARTESIAN_POINT('',(-14.87752819,109.5051119696,4.9));
#10796 = VECTOR('',#10797,1.);
#10797 = DIRECTION('',(-0.,-0.,-1.));
#10798 = ORIENTED_EDGE('',*,*,#10691,.T.);
#10799 = ORIENTED_EDGE('',*,*,#5537,.F.);
#10800 = ORIENTED_EDGE('',*,*,#5582,.T.);
#10801 = ORIENTED_EDGE('',*,*,#5613,.F.);
#10802 = PLANE('',#10803);
#10803 = AXIS2_PLACEMENT_3D('',#10804,#10805,#10806);
#10804 = CARTESIAN_POINT('',(-14.87752819,109.5051119696,4.9));
#10805 = DIRECTION('',(-1.,0.,0.));
#10806 = DIRECTION('',(0.,-1.,0.));
#10807 = ADVANCED_FACE('',(#10808),#10814,.T.);
#10808 = FACE_BOUND('',#10809,.T.);
#10809 = EDGE_LOOP('',(#10810,#10811,#10812,#10813));
#10810 = ORIENTED_EDGE('',*,*,#5680,.F.);
#10811 = ORIENTED_EDGE('',*,*,#10785,.T.);
#10812 = ORIENTED_EDGE('',*,*,#5595,.F.);
#10813 = ORIENTED_EDGE('',*,*,#5627,.F.);
#10814 = PLANE('',#10815);
#10815 = AXIS2_PLACEMENT_3D('',#10816,#10817,#10818);
#10816 = CARTESIAN_POINT('',(-55.22508418604,81.121930514471,4.9));
#10817 = DIRECTION('',(0.,0.,1.));
#10818 = DIRECTION('',(1.,0.,0.));
#10819 = ADVANCED_FACE('',(#10820),#10825,.T.);
#10820 = FACE_BOUND('',#10821,.T.);
#10821 = EDGE_LOOP('',(#10822,#10823,#10824));
#10822 = ORIENTED_EDGE('',*,*,#5722,.F.);
#10823 = ORIENTED_EDGE('',*,*,#10699,.T.);
#10824 = ORIENTED_EDGE('',*,*,#10793,.F.);
#10825 = PLANE('',#10826);
#10826 = AXIS2_PLACEMENT_3D('',#10827,#10828,#10829);
#10827 = CARTESIAN_POINT('',(-12.37517357,113.83931731,4.9));
#10828 = DIRECTION('',(-0.866025403784,0.5,0.));
#10829 = DIRECTION('',(-0.5,-0.866025403784,0.));
#10830 = ADVANCED_FACE('',(#10831),#10836,.T.);
#10831 = FACE_BOUND('',#10832,.T.);
#10832 = EDGE_LOOP('',(#10833,#10834,#10835));
#10833 = ORIENTED_EDGE('',*,*,#7603,.T.);
#10834 = ORIENTED_EDGE('',*,*,#7629,.F.);
#10835 = ORIENTED_EDGE('',*,*,#7673,.T.);
#10836 = PLANE('',#10837);
#10837 = AXIS2_PLACEMENT_3D('',#10838,#10839,#10840);
#10838 = CARTESIAN_POINT('',(-84.11967789646,42.248491908335,3.7));
#10839 = DIRECTION('',(0.,0.,1.));
#10840 = DIRECTION('',(1.,0.,0.));
#10841 = ADVANCED_FACE('',(#10842),#10847,.T.);
#10842 = FACE_BOUND('',#10843,.F.);
#10843 = EDGE_LOOP('',(#10844,#10845,#10846));
#10844 = ORIENTED_EDGE('',*,*,#10166,.F.);
#10845 = ORIENTED_EDGE('',*,*,#8539,.T.);
#10846 = ORIENTED_EDGE('',*,*,#8581,.F.);
#10847 = PLANE('',#10848);
#10848 = AXIS2_PLACEMENT_3D('',#10849,#10850,#10851);
#10849 = CARTESIAN_POINT('',(-78.69241763264,76.75898670103,3.7));
#10850 = DIRECTION('',(0.,0.,1.));
#10851 = DIRECTION('',(1.,0.,0.));
#10852 = ADVANCED_FACE('',(#10853),#10864,.T.);
#10853 = FACE_BOUND('',#10854,.T.);
#10854 = EDGE_LOOP('',(#10855,#10856,#10857,#10858));
#10855 = ORIENTED_EDGE('',*,*,#9339,.F.);
#10856 = ORIENTED_EDGE('',*,*,#10051,.F.);
#10857 = ORIENTED_EDGE('',*,*,#9428,.F.);
#10858 = ORIENTED_EDGE('',*,*,#10859,.F.);
#10859 = EDGE_CURVE('',#9332,#9429,#10860,.T.);
#10860 = LINE('',#10861,#10862);
#10861 = CARTESIAN_POINT('',(-67.11682892,62.1052475,2.9));
#10862 = VECTOR('',#10863,1.);
#10863 = DIRECTION('',(-1.,0.,0.));
#10864 = PLANE('',#10865);
#10865 = AXIS2_PLACEMENT_3D('',#10866,#10867,#10868);
#10866 = CARTESIAN_POINT('',(-76.70041446,62.1052475,3.9));
#10867 = DIRECTION('',(-0.,-1.,-0.));
#10868 = DIRECTION('',(0.,0.,-1.));
#10869 = ADVANCED_FACE('',(#10870),#10881,.T.);
#10870 = FACE_BOUND('',#10871,.T.);
#10871 = EDGE_LOOP('',(#10872,#10873,#10879,#10880));
#10872 = ORIENTED_EDGE('',*,*,#9436,.F.);
#10873 = ORIENTED_EDGE('',*,*,#10874,.F.);
#10874 = EDGE_CURVE('',#9324,#9437,#10875,.T.);
#10875 = LINE('',#10876,#10877);
#10876 = CARTESIAN_POINT('',(-67.11682892,59.105247500001,2.9));
#10877 = VECTOR('',#10878,1.);
#10878 = DIRECTION('',(-1.,0.,0.));
#10879 = ORIENTED_EDGE('',*,*,#9331,.F.);
#10880 = ORIENTED_EDGE('',*,*,#10859,.T.);
#10881 = PLANE('',#10882);
#10882 = AXIS2_PLACEMENT_3D('',#10883,#10884,#10885);
#10883 = CARTESIAN_POINT('',(-72.23459486648,73.717650776775,2.9));
#10884 = DIRECTION('',(0.,0.,1.));
#10885 = DIRECTION('',(1.,0.,0.));
#10886 = ADVANCED_FACE('',(#10887),#10893,.T.);
#10887 = FACE_BOUND('',#10888,.T.);
#10888 = EDGE_LOOP('',(#10889,#10890,#10891,#10892));
#10889 = ORIENTED_EDGE('',*,*,#10297,.T.);
#10890 = ORIENTED_EDGE('',*,*,#9323,.T.);
#10891 = ORIENTED_EDGE('',*,*,#10874,.T.);
#10892 = ORIENTED_EDGE('',*,*,#9444,.F.);
#10893 = PLANE('',#10894);
#10894 = AXIS2_PLACEMENT_3D('',#10895,#10896,#10897);
#10895 = CARTESIAN_POINT('',(-81.70041446,59.105247500001,3.9));
#10896 = DIRECTION('',(0.,1.,0.));
#10897 = DIRECTION('',(0.,0.,1.));
#10898 = ADVANCED_FACE('',(#10899,#10911),#10917,.T.);
#10899 = FACE_BOUND('',#10900,.T.);
#10900 = EDGE_LOOP('',(#10901,#10902,#10908,#10909,#10910));
#10901 = ORIENTED_EDGE('',*,*,#10096,.F.);
#10902 = ORIENTED_EDGE('',*,*,#10903,.T.);
#10903 = EDGE_CURVE('',#10097,#10122,#10904,.T.);
#10904 = LINE('',#10905,#10906);
#10905 = CARTESIAN_POINT('',(-54.65831495,88.405990555,3.9));
#10906 = VECTOR('',#10907,1.);
#10907 = DIRECTION('',(0.,-1.,0.));
#10908 = ORIENTED_EDGE('',*,*,#10121,.T.);
#10909 = ORIENTED_EDGE('',*,*,#9576,.F.);
#10910 = ORIENTED_EDGE('',*,*,#9601,.T.);
#10911 = FACE_BOUND('',#10912,.T.);
#10912 = EDGE_LOOP('',(#10913,#10914,#10915,#10916));
#10913 = ORIENTED_EDGE('',*,*,#9659,.T.);
#10914 = ORIENTED_EDGE('',*,*,#9628,.T.);
#10915 = ORIENTED_EDGE('',*,*,#9683,.T.);
#10916 = ORIENTED_EDGE('',*,*,#9707,.T.);
#10917 = PLANE('',#10918);
#10918 = AXIS2_PLACEMENT_3D('',#10919,#10920,#10921);
#10919 = CARTESIAN_POINT('',(-72.23459486648,73.717650776775,3.9));
#10920 = DIRECTION('',(0.,0.,1.));
#10921 = DIRECTION('',(1.,0.,0.));
#10922 = ADVANCED_FACE('',(#10923),#10934,.F.);
#10923 = FACE_BOUND('',#10924,.F.);
#10924 = EDGE_LOOP('',(#10925,#10926,#10927,#10933));
#10925 = ORIENTED_EDGE('',*,*,#9772,.T.);
#10926 = ORIENTED_EDGE('',*,*,#10707,.T.);
#10927 = ORIENTED_EDGE('',*,*,#10928,.F.);
#10928 = EDGE_CURVE('',#10327,#10708,#10929,.T.);
#10929 = LINE('',#10930,#10931);
#10930 = CARTESIAN_POINT('',(-20.87752819,109.5051119696,4.9));
#10931 = VECTOR('',#10932,1.);
#10932 = DIRECTION('',(-0.,-0.,-1.));
#10933 = ORIENTED_EDGE('',*,*,#10334,.F.);
#10934 = PLANE('',#10935);
#10935 = AXIS2_PLACEMENT_3D('',#10936,#10937,#10938);
#10936 = CARTESIAN_POINT('',(-23.37988281,113.83931731,4.9));
#10937 = DIRECTION('',(-0.866025403784,-0.5,0.));
#10938 = DIRECTION('',(0.5,-0.866025403784,0.));
#10939 = ADVANCED_FACE('',(#10940),#10946,.F.);
#10940 = FACE_BOUND('',#10941,.T.);
#10941 = EDGE_LOOP('',(#10942,#10943,#10944,#10945));
#10942 = ORIENTED_EDGE('',*,*,#10107,.F.);
#10943 = ORIENTED_EDGE('',*,*,#9829,.T.);
#10944 = ORIENTED_EDGE('',*,*,#10132,.T.);
#10945 = ORIENTED_EDGE('',*,*,#10903,.F.);
#10946 = PLANE('',#10947);
#10947 = AXIS2_PLACEMENT_3D('',#10948,#10949,#10950);
#10948 = CARTESIAN_POINT('',(-55.40831495,88.405990555,3.15));
#10949 = DIRECTION('',(0.707106781187,0.,-0.707106781187));
#10950 = DIRECTION('',(0.,1.,0.));
#10951 = ADVANCED_FACE('',(#10952),#10958,.F.);
#10952 = FACE_BOUND('',#10953,.F.);
#10953 = EDGE_LOOP('',(#10954,#10955,#10956,#10957));
#10954 = ORIENTED_EDGE('',*,*,#10928,.T.);
#10955 = ORIENTED_EDGE('',*,*,#10715,.T.);
#10956 = ORIENTED_EDGE('',*,*,#10373,.F.);
#10957 = ORIENTED_EDGE('',*,*,#10326,.F.);
#10958 = PLANE('',#10959);
#10959 = AXIS2_PLACEMENT_3D('',#10960,#10961,#10962);
#10960 = CARTESIAN_POINT('',(-20.87752819,109.5051119696,4.9));
#10961 = DIRECTION('',(-1.,0.,0.));
#10962 = DIRECTION('',(0.,-1.,0.));
#10963 = ( GEOMETRIC_REPRESENTATION_CONTEXT(3) 
GLOBAL_UNCERTAINTY_ASSIGNED_CONTEXT((#10967)) 
GLOBAL_UNIT_ASSIGNED_CONTEXT((#10964,#10965,#10966)) 
REPRESENTATION_CONTEXT('Context #1',
  '3D Context with UNIT and UNCERTAINTY') );
#10964 = ( LENGTH_UNIT() NAMED_UNIT(*) SI_UNIT(.MILLI.,.METRE.) );
#10965 = ( NAMED_UNIT(*) PLANE_ANGLE_UNIT() SI_UNIT($,.RADIAN.) );
#10966 = ( NAMED_UNIT(*) SI_UNIT($,.STERADIAN.) SOLID_ANGLE_UNIT() );
#10967 = UNCERTAINTY_MEASURE_WITH_UNIT(LENGTH_MEASURE(5.E-04),#10964,
  'distance_accuracy_value','confusion accuracy');
#10968 = PRODUCT_RELATED_PRODUCT_CATEGORY('part',$,(#7));
#10969 = MECHANICAL_DESIGN_GEOMETRIC_PRESENTATION_REPRESENTATION('',(
    #10970),#10963);
#10970 = STYLED_ITEM('color',(#10971),#15);
#10971 = PRESENTATION_STYLE_ASSIGNMENT((#10972,#10978));
#10972 = SURFACE_STYLE_USAGE(.BOTH.,#10973);
#10973 = SURFACE_SIDE_STYLE('',(#10974));
#10974 = SURFACE_STYLE_FILL_AREA(#10975);
#10975 = FILL_AREA_STYLE('',(#10976));
#10976 = FILL_AREA_STYLE_COLOUR('',#10977);
#10977 = COLOUR_RGB('',0.447058818107,0.474509808674,0.501960817233);
#10978 = CURVE_STYLE('',#10979,POSITIVE_LENGTH_MEASURE(0.1),#10980);
#10979 = DRAUGHTING_PRE_DEFINED_CURVE_FONT('continuous');
#10980 = COLOUR_RGB('',9.803921802644E-02,9.803921802644E-02,
  9.803921802644E-02);
ENDSEC;
END-ISO-10303-21;
