ISO-10303-21;
HEADER;
FILE_DESCRIPTION(('FreeCAD Model'),'2;1');
FILE_NAME('Open CASCADE Shape Model','2026-08-29T12:42:39',(''),(''),
  'Open CASCADE STEP processor 7.8','FreeCAD','Unknown');
FILE_SCHEMA(('AUTOMOTIVE_DESIGN { 1 0 10303 214 1 1 1 1 }'));
ENDSEC;
DATA;
#1 = APPLICATION_PROTOCOL_DEFINITION('international standard',
  'automotive_design',2000,#2);
#2 = APPLICATION_CONTEXT(
  'core data for automotive mechanical design processes');
#3 = SHAPE_DEFINITION_REPRESENTATION(#4,#10);
#4 = PRODUCT_DEFINITION_SHAPE('','',#5);
#5 = PRODUCT_DEFINITION('design','',#6,#9);
#6 = PRODUCT_DEFINITION_FORMATION('','',#7);
#7 = PRODUCT('left_frame_outer001','left_frame_outer001','',(#8));
#8 = PRODUCT_CONTEXT('',#2,'mechanical');
#9 = PRODUCT_DEFINITION_CONTEXT('part definition',#2,'design');
#10 = SHAPE_REPRESENTATION('',(#11,#15,#14476),#14557);
#11 = AXIS2_PLACEMENT_3D('',#12,#13,#14);
#12 = CARTESIAN_POINT('',(0.,0.,0.));
#13 = DIRECTION('',(0.,0.,1.));
#14 = DIRECTION('',(1.,0.,-0.));
#15 = MANIFOLD_SOLID_BREP('',#16);
#16 = CLOSED_SHELL('',(#17,#139,#170,#194,#378,#511,#545,#864,#888,#912,
    #974,#992,#1058,#1497,#1522,#1547,#1596,#1645,#1721,#1793,#1897,
    #2456,#2496,#2513,#2555,#2705,#2729,#2753,#2770,#2802,#2862,#2886,
    #2914,#2959,#2975,#2992,#3010,#3027,#3063,#3086,#3104,#3134,#3151,
    #3168,#3180,#3259,#3283,#3377,#3411,#3435,#3459,#3494,#3510,#3532,
    #3627,#3714,#3731,#3748,#3776,#3801,#3826,#3905,#3931,#3953,#3970,
    #3987,#4015,#4100,#4123,#4140,#4176,#4192,#4216,#4284,#4296,#4317,
    #4329,#4364,#4389,#4475,#4500,#4535,#4560,#4585,#4610,#4696,#4782,
    #4807,#4832,#4857,#4900,#4925,#4950,#5036,#5122,#5147,#5172,#5215,
    #5240,#5265,#5290,#5376,#5462,#5487,#5512,#5537,#5580,#5605,#5630,
    #5716,#5793,#5818,#5843,#5886,#5911,#5928,#5953,#6030,#6055,#6080,
    #6105,#6148,#6173,#6198,#6267,#6299,#6323,#6348,#6373,#6405,#6429,
    #6446,#6463,#6517,#6535,#6566,#6597,#6628,#6684,#6777,#6808,#6839,
    #6870,#6926,#6969,#7009,#7033,#7066,#7106,#7130,#7163,#7203,#7227,
    #7260,#7315,#7339,#7387,#7442,#7466,#7514,#7569,#7593,#7641,#7689,
    #7713,#7737,#7777,#7800,#7841,#7939,#7974,#8004,#8039,#8073,#8097,
    #8121,#8156,#8190,#8214,#8238,#8267,#8302,#8318,#8343,#8367,#8397,
    #8427,#8451,#8485,#8503,#8574,#8584,#8608,#8632,#8661,#8686,#8709,
    #8720,#8753,#8765,#8782,#8807,#8830,#8841,#8853,#8870,#8887,#8919,
    #8932,#8949,#8961,#8972,#9005,#9340,#9679,#9690,#9712,#9723,#9741,
    #9757,#9768,#9796,#9813,#9825,#9842,#9859,#9877,#9894,#9911,#9935,
    #9952,#9964,#9981,#9998,#10015,#10033,#10050,#10067,#10091,#10108,
    #10120,#10148,#10160,#10172,#10189,#10206,#10223,#10240,#10268,
    #10280,#10292,#10310,#10327,#10344,#10368,#10385,#10397,#10414,
    #10431,#10448,#10465,#10483,#10500,#10517,#10541,#10558,#10570,
    #10598,#10610,#10622,#10639,#10656,#10673,#10690,#10718,#10730,
    #10742,#10760,#10777,#10794,#10806,#10823,#10840,#10868,#10880,
    #10892,#10924,#10948,#10965,#10982,#10999,#11016,#11033,#11051,
    #11063,#11095,#11119,#11136,#11153,#11170,#11182,#11199,#11216,
    #11233,#11250,#11267,#11284,#11301,#11606,#11646,#11912,#11952,
    #11976,#12009,#12049,#12073,#12106,#12146,#12170,#12203,#12220,
    #12237,#12254,#12287,#12306,#12318,#12335,#12347,#12364,#12376,
    #12393,#12405,#12422,#12439,#12456,#12468,#12485,#12502,#12519,
    #12531,#12548,#12565,#12582,#12594,#12898,#12914,#12930,#12956,
    #12972,#12989,#13006,#13022,#13038,#13055,#13072,#13088,#13104,
    #13121,#13138,#13154,#13170,#13187,#13204,#13220,#13236,#13253,
    #13270,#13286,#13302,#13319,#13336,#13352,#13368,#13385,#13402,
    #13418,#13434,#13451,#13468,#13484,#13500,#13517,#13534,#13546,
    #13557,#13568,#13584,#13601,#13619,#13636,#13661,#13685,#13708,
    #13725,#13750,#13774,#13797,#13814,#13839,#13863,#13886,#13903,
    #13928,#13952,#13975,#13992,#14017,#14041,#14064,#14081,#14106,
    #14130,#14153,#14170,#14195,#14219,#14242,#14259,#14277,#14294,
    #14305,#14317,#14329,#14341,#14353,#14365,#14377,#14389,#14406,
    #14418,#14435,#14447,#14464));
#17 = ADVANCED_FACE('',(#18),#134,.T.);
#18 = FACE_BOUND('',#19,.T.);
#19 = EDGE_LOOP('',(#20,#30,#39,#48,#57,#66,#75,#83,#91,#99,#112,#120,
    #128));
#20 = ORIENTED_EDGE('',*,*,#21,.T.);
#21 = EDGE_CURVE('',#22,#24,#26,.T.);
#22 = VERTEX_POINT('',#23);
#23 = CARTESIAN_POINT('',(-9.284,57.85,5.7));
#24 = VERTEX_POINT('',#25);
#25 = CARTESIAN_POINT('',(-7.882665740226,57.85,5.7));
#26 = LINE('',#27,#28);
#27 = CARTESIAN_POINT('',(-9.684,57.85,5.7));
#28 = VECTOR('',#29,1.);
#29 = DIRECTION('',(1.,0.,0.));
#30 = ORIENTED_EDGE('',*,*,#31,.F.);
#31 = EDGE_CURVE('',#32,#24,#34,.T.);
#32 = VERTEX_POINT('',#33);
#33 = CARTESIAN_POINT('',(-6.883221450188,57.85,6.733333333333));
#34 = CIRCLE('',#35,1.);
#35 = AXIS2_PLACEMENT_3D('',#36,#37,#38);
#36 = CARTESIAN_POINT('',(-7.882665740226,57.85,6.7));
#37 = DIRECTION('',(0.,1.,-2.2E-16));
#38 = DIRECTION('',(0.,2.2E-16,1.));
#39 = ORIENTED_EDGE('',*,*,#40,.F.);
#40 = EDGE_CURVE('',#41,#32,#43,.T.);
#41 = VERTEX_POINT('',#42);
#42 = CARTESIAN_POINT('',(-6.739864439805,57.85,5.7));
#43 = CIRCLE('',#44,5.);
#44 = AXIS2_PLACEMENT_3D('',#45,#46,#47);
#45 = CARTESIAN_POINT('',(-1.886,57.85,6.9));
#46 = DIRECTION('',(0.,1.,-2.2E-16));
#47 = DIRECTION('',(0.,2.2E-16,1.));
#48 = ORIENTED_EDGE('',*,*,#49,.F.);
#49 = EDGE_CURVE('',#50,#41,#52,.T.);
#50 = VERTEX_POINT('',#51);
#51 = CARTESIAN_POINT('',(-6.468575694956,57.85,4.9));
#52 = CIRCLE('',#53,5.);
#53 = AXIS2_PLACEMENT_3D('',#54,#55,#56);
#54 = CARTESIAN_POINT('',(-1.886,57.85,6.9));
#55 = DIRECTION('',(0.,1.,-2.2E-16));
#56 = DIRECTION('',(-1.,0.,0.));
#57 = ORIENTED_EDGE('',*,*,#58,.F.);
#58 = EDGE_CURVE('',#59,#50,#61,.T.);
#59 = VERTEX_POINT('',#60);
#60 = CARTESIAN_POINT('',(-5.72787454246,57.85,3.7));
#61 = CIRCLE('',#62,5.);
#62 = AXIS2_PLACEMENT_3D('',#63,#64,#65);
#63 = CARTESIAN_POINT('',(-1.886,57.85,6.9));
#64 = DIRECTION('',(0.,1.,-2.2E-16));
#65 = DIRECTION('',(-1.,0.,0.));
#66 = ORIENTED_EDGE('',*,*,#67,.F.);
#67 = EDGE_CURVE('',#68,#59,#70,.T.);
#68 = VERTEX_POINT('',#69);
#69 = CARTESIAN_POINT('',(-1.886,57.85,1.9));
#70 = CIRCLE('',#71,5.);
#71 = AXIS2_PLACEMENT_3D('',#72,#73,#74);
#72 = CARTESIAN_POINT('',(-1.886,57.85,6.9));
#73 = DIRECTION('',(0.,1.,-2.2E-16));
#74 = DIRECTION('',(-1.,0.,0.));
#75 = ORIENTED_EDGE('',*,*,#76,.F.);
#76 = EDGE_CURVE('',#77,#68,#79,.T.);
#77 = VERTEX_POINT('',#78);
#78 = CARTESIAN_POINT('',(-11.986,57.85,1.9));
#79 = LINE('',#80,#81);
#80 = CARTESIAN_POINT('',(-32.179066,57.85,1.9));
#81 = VECTOR('',#82,1.);
#82 = DIRECTION('',(1.,0.,0.));
#83 = ORIENTED_EDGE('',*,*,#84,.T.);
#84 = EDGE_CURVE('',#77,#85,#87,.T.);
#85 = VERTEX_POINT('',#86);
#86 = CARTESIAN_POINT('',(-11.986,57.85,1.8));
#87 = LINE('',#88,#89);
#88 = CARTESIAN_POINT('',(-11.986,57.85,1.9));
#89 = VECTOR('',#90,1.);
#90 = DIRECTION('',(-0.,-0.,-1.));
#91 = ORIENTED_EDGE('',*,*,#92,.T.);
#92 = EDGE_CURVE('',#85,#93,#95,.T.);
#93 = VERTEX_POINT('',#94);
#94 = CARTESIAN_POINT('',(-12.291,57.85,1.8));
#95 = LINE('',#96,#97);
#96 = CARTESIAN_POINT('',(-51.04379567321,57.85,1.8));
#97 = VECTOR('',#98,1.);
#98 = DIRECTION('',(-1.,0.,0.));
#99 = ORIENTED_EDGE('',*,*,#100,.T.);
#100 = EDGE_CURVE('',#93,#101,#103,.T.);
#101 = VERTEX_POINT('',#102);
#102 = CARTESIAN_POINT('',(-15.391,57.85,4.9));
#103 = B_SPLINE_CURVE_WITH_KNOTS('',4,(#104,#105,#106,#107,#108,#109,
    #110,#111),.UNSPECIFIED.,.F.,.F.,(5,3,5),(0.,0.609339936718,1.),
  .UNSPECIFIED.);
#104 = CARTESIAN_POINT('',(-12.291,57.85,1.8));
#105 = CARTESIAN_POINT('',(-12.76543867846,57.85,2.274438678464));
#106 = CARTESIAN_POINT('',(-13.23962198807,57.85,2.748621988079));
#107 = CARTESIAN_POINT('',(-13.71353316663,57.85,3.22253316663));
#108 = CARTESIAN_POINT('',(-14.4907996385,57.85,3.999799638506));
#109 = CARTESIAN_POINT('',(-14.79432671248,57.85,4.303326712489));
#110 = CARTESIAN_POINT('',(-15.09772873314,57.85,4.606728733142));
#111 = CARTESIAN_POINT('',(-15.401,57.85,4.91));
#112 = ORIENTED_EDGE('',*,*,#113,.T.);
#113 = EDGE_CURVE('',#101,#114,#116,.T.);
#114 = VERTEX_POINT('',#115);
#115 = CARTESIAN_POINT('',(-9.684,57.85,4.9));
#116 = LINE('',#117,#118);
#117 = CARTESIAN_POINT('',(-32.179066,57.85,4.9));
#118 = VECTOR('',#119,1.);
#119 = DIRECTION('',(1.,0.,0.));
#120 = ORIENTED_EDGE('',*,*,#121,.T.);
#121 = EDGE_CURVE('',#114,#122,#124,.T.);
#122 = VERTEX_POINT('',#123);
#123 = CARTESIAN_POINT('',(-9.684,57.85,6.1));
#124 = LINE('',#125,#126);
#125 = CARTESIAN_POINT('',(-9.684,57.85,4.9));
#126 = VECTOR('',#127,1.);
#127 = DIRECTION('',(0.,2.2E-16,1.));
#128 = ORIENTED_EDGE('',*,*,#129,.T.);
#129 = EDGE_CURVE('',#122,#22,#130,.T.);
#130 = LINE('',#131,#132);
#131 = CARTESIAN_POINT('',(-9.684,57.85,6.1));
#132 = VECTOR('',#133,1.);
#133 = DIRECTION('',(0.707106781187,0.,-0.707106781187));
#134 = PLANE('',#135);
#135 = AXIS2_PLACEMENT_3D('',#136,#137,#138);
#136 = CARTESIAN_POINT('',(-21.36548948285,57.85,3.328874108241));
#137 = DIRECTION('',(0.,1.,-7.5E-16));
#138 = DIRECTION('',(0.,7.5E-16,1.));
#139 = ADVANCED_FACE('',(#140),#165,.T.);
#140 = FACE_BOUND('',#141,.T.);
#141 = EDGE_LOOP('',(#142,#143,#151,#159));
#142 = ORIENTED_EDGE('',*,*,#21,.F.);
#143 = ORIENTED_EDGE('',*,*,#144,.F.);
#144 = EDGE_CURVE('',#145,#22,#147,.T.);
#145 = VERTEX_POINT('',#146);
#146 = CARTESIAN_POINT('',(-9.284,67.35,5.7));
#147 = LINE('',#148,#149);
#148 = CARTESIAN_POINT('',(-9.284,57.85,5.7));
#149 = VECTOR('',#150,1.);
#150 = DIRECTION('',(0.,-1.,2.2E-16));
#151 = ORIENTED_EDGE('',*,*,#152,.F.);
#152 = EDGE_CURVE('',#153,#145,#155,.T.);
#153 = VERTEX_POINT('',#154);
#154 = CARTESIAN_POINT('',(-7.882665740226,67.35,5.7));
#155 = LINE('',#156,#157);
#156 = CARTESIAN_POINT('',(-9.234637662132,67.35,5.7));
#157 = VECTOR('',#158,1.);
#158 = DIRECTION('',(-1.,0.,0.));
#159 = ORIENTED_EDGE('',*,*,#160,.F.);
#160 = EDGE_CURVE('',#24,#153,#161,.T.);
#161 = LINE('',#162,#163);
#162 = CARTESIAN_POINT('',(-7.882665740226,57.85,5.7));
#163 = VECTOR('',#164,1.);
#164 = DIRECTION('',(0.,1.,-2.2E-16));
#165 = PLANE('',#166);
#166 = AXIS2_PLACEMENT_3D('',#167,#168,#169);
#167 = CARTESIAN_POINT('',(-9.684,57.85,5.7));
#168 = DIRECTION('',(0.,-2.2E-16,-1.));
#169 = DIRECTION('',(1.,0.,0.));
#170 = ADVANCED_FACE('',(#171),#189,.T.);
#171 = FACE_BOUND('',#172,.T.);
#172 = EDGE_LOOP('',(#173,#174,#182,#188));
#173 = ORIENTED_EDGE('',*,*,#129,.F.);
#174 = ORIENTED_EDGE('',*,*,#175,.T.);
#175 = EDGE_CURVE('',#122,#176,#178,.T.);
#176 = VERTEX_POINT('',#177);
#177 = CARTESIAN_POINT('',(-9.684,67.35,6.1));
#178 = LINE('',#179,#180);
#179 = CARTESIAN_POINT('',(-9.684,57.85,6.1));
#180 = VECTOR('',#181,1.);
#181 = DIRECTION('',(0.,1.,-2.2E-16));
#182 = ORIENTED_EDGE('',*,*,#183,.T.);
#183 = EDGE_CURVE('',#176,#145,#184,.T.);
#184 = LINE('',#185,#186);
#185 = CARTESIAN_POINT('',(-9.14838298042,67.35,5.56438298042));
#186 = VECTOR('',#187,1.);
#187 = DIRECTION('',(0.707106781187,0.,-0.707106781187));
#188 = ORIENTED_EDGE('',*,*,#144,.T.);
#189 = PLANE('',#190);
#190 = AXIS2_PLACEMENT_3D('',#191,#192,#193);
#191 = CARTESIAN_POINT('',(-9.684,57.85,6.1));
#192 = DIRECTION('',(-0.707106781187,-1.6E-16,-0.707106781187));
#193 = DIRECTION('',(0.707106781187,-1.6E-16,-0.707106781187));
#194 = ADVANCED_FACE('',(#195),#373,.T.);
#195 = FACE_BOUND('',#196,.F.);
#196 = EDGE_LOOP('',(#197,#207,#215,#223,#231,#239,#247,#255,#261,#262,
    #263,#271,#279,#287,#295,#303,#311,#319,#327,#335,#343,#351,#359,
    #367));
#197 = ORIENTED_EDGE('',*,*,#198,.F.);
#198 = EDGE_CURVE('',#199,#201,#203,.T.);
#199 = VERTEX_POINT('',#200);
#200 = CARTESIAN_POINT('',(-9.684,1.,6.8));
#201 = VERTEX_POINT('',#202);
#202 = CARTESIAN_POINT('',(-9.684,149.,6.8));
#203 = LINE('',#204,#205);
#204 = CARTESIAN_POINT('',(-9.684,1.51E-15,6.8));
#205 = VECTOR('',#206,1.);
#206 = DIRECTION('',(0.,1.,-2.2E-16));
#207 = ORIENTED_EDGE('',*,*,#208,.T.);
#208 = EDGE_CURVE('',#199,#209,#211,.T.);
#209 = VERTEX_POINT('',#210);
#210 = CARTESIAN_POINT('',(-9.684,-1.E-15,5.8));
#211 = LINE('',#212,#213);
#212 = CARTESIAN_POINT('',(-9.684,19.224072890026,25.024072890026));
#213 = VECTOR('',#214,1.);
#214 = DIRECTION('',(0.,-0.707106781187,-0.707106781187));
#215 = ORIENTED_EDGE('',*,*,#216,.T.);
#216 = EDGE_CURVE('',#209,#217,#219,.T.);
#217 = VERTEX_POINT('',#218);
#218 = CARTESIAN_POINT('',(-9.684,1.E-15,4.9));
#219 = LINE('',#220,#221);
#220 = CARTESIAN_POINT('',(-9.684,1.09E-15,4.9));
#221 = VECTOR('',#222,1.);
#222 = DIRECTION('',(-0.,-2.2E-16,-1.));
#223 = ORIENTED_EDGE('',*,*,#224,.F.);
#224 = EDGE_CURVE('',#225,#217,#227,.T.);
#225 = VERTEX_POINT('',#226);
#226 = CARTESIAN_POINT('',(-9.684,1.5,4.9));
#227 = LINE('',#228,#229);
#228 = CARTESIAN_POINT('',(-9.684,109.7625,4.9));
#229 = VECTOR('',#230,1.);
#230 = DIRECTION('',(-0.,-1.,-0.));
#231 = ORIENTED_EDGE('',*,*,#232,.T.);
#232 = EDGE_CURVE('',#225,#233,#235,.T.);
#233 = VERTEX_POINT('',#234);
#234 = CARTESIAN_POINT('',(-9.684,1.5,3.7));
#235 = LINE('',#236,#237);
#236 = CARTESIAN_POINT('',(-9.684,1.5,4.9));
#237 = VECTOR('',#238,1.);
#238 = DIRECTION('',(0.,0.,-1.));
#239 = ORIENTED_EDGE('',*,*,#240,.F.);
#240 = EDGE_CURVE('',#241,#233,#243,.T.);
#241 = VERTEX_POINT('',#242);
#242 = CARTESIAN_POINT('',(-9.684,19.,3.7));
#243 = LINE('',#244,#245);
#244 = CARTESIAN_POINT('',(-9.684,5.000000000001,3.7));
#245 = VECTOR('',#246,1.);
#246 = DIRECTION('',(-0.,-1.,-0.));
#247 = ORIENTED_EDGE('',*,*,#248,.F.);
#248 = EDGE_CURVE('',#249,#241,#251,.T.);
#249 = VERTEX_POINT('',#250);
#250 = CARTESIAN_POINT('',(-9.684,19.,4.9));
#251 = LINE('',#252,#253);
#252 = CARTESIAN_POINT('',(-9.684,19.,4.9));
#253 = VECTOR('',#254,1.);
#254 = DIRECTION('',(0.,0.,-1.));
#255 = ORIENTED_EDGE('',*,*,#256,.F.);
#256 = EDGE_CURVE('',#114,#249,#257,.T.);
#257 = LINE('',#258,#259);
#258 = CARTESIAN_POINT('',(-9.684,109.7625,4.9));
#259 = VECTOR('',#260,1.);
#260 = DIRECTION('',(-0.,-1.,-0.));
#261 = ORIENTED_EDGE('',*,*,#121,.T.);
#262 = ORIENTED_EDGE('',*,*,#175,.T.);
#263 = ORIENTED_EDGE('',*,*,#264,.F.);
#264 = EDGE_CURVE('',#265,#176,#267,.T.);
#265 = VERTEX_POINT('',#266);
#266 = CARTESIAN_POINT('',(-9.684,67.35,5.3));
#267 = LINE('',#268,#269);
#268 = CARTESIAN_POINT('',(-9.684,67.35,4.520710678119));
#269 = VECTOR('',#270,1.);
#270 = DIRECTION('',(0.,0.,1.));
#271 = ORIENTED_EDGE('',*,*,#272,.T.);
#272 = EDGE_CURVE('',#265,#273,#275,.T.);
#273 = VERTEX_POINT('',#274);
#274 = CARTESIAN_POINT('',(-9.684,92.15,5.3));
#275 = LINE('',#276,#277);
#276 = CARTESIAN_POINT('',(-9.684,67.35,5.3));
#277 = VECTOR('',#278,1.);
#278 = DIRECTION('',(0.,1.,-2.2E-16));
#279 = ORIENTED_EDGE('',*,*,#280,.F.);
#280 = EDGE_CURVE('',#281,#273,#283,.T.);
#281 = VERTEX_POINT('',#282);
#282 = CARTESIAN_POINT('',(-9.684,92.15,4.9));
#283 = LINE('',#284,#285);
#284 = CARTESIAN_POINT('',(-9.684,92.15,5.1));
#285 = VECTOR('',#286,1.);
#286 = DIRECTION('',(0.,0.,1.));
#287 = ORIENTED_EDGE('',*,*,#288,.F.);
#288 = EDGE_CURVE('',#289,#281,#291,.T.);
#289 = VERTEX_POINT('',#290);
#290 = CARTESIAN_POINT('',(-9.684,106.35,4.9));
#291 = LINE('',#292,#293);
#292 = CARTESIAN_POINT('',(-9.684,109.7625,4.9));
#293 = VECTOR('',#294,1.);
#294 = DIRECTION('',(-0.,-1.,-0.));
#295 = ORIENTED_EDGE('',*,*,#296,.T.);
#296 = EDGE_CURVE('',#289,#297,#299,.T.);
#297 = VERTEX_POINT('',#298);
#298 = CARTESIAN_POINT('',(-9.684,106.35,6.1));
#299 = LINE('',#300,#301);
#300 = CARTESIAN_POINT('',(-9.684,106.35,4.9));
#301 = VECTOR('',#302,1.);
#302 = DIRECTION('',(0.,0.,1.));
#303 = ORIENTED_EDGE('',*,*,#304,.F.);
#304 = EDGE_CURVE('',#305,#297,#307,.T.);
#305 = VERTEX_POINT('',#306);
#306 = CARTESIAN_POINT('',(-9.684,116.35,6.1));
#307 = LINE('',#308,#309);
#308 = CARTESIAN_POINT('',(-9.684,116.35,6.1));
#309 = VECTOR('',#310,1.);
#310 = DIRECTION('',(0.,-1.,2.2E-16));
#311 = ORIENTED_EDGE('',*,*,#312,.F.);
#312 = EDGE_CURVE('',#313,#305,#315,.T.);
#313 = VERTEX_POINT('',#314);
#314 = CARTESIAN_POINT('',(-9.684,116.35,4.9));
#315 = LINE('',#316,#317);
#316 = CARTESIAN_POINT('',(-9.684,116.35,4.9));
#317 = VECTOR('',#318,1.);
#318 = DIRECTION('',(0.,0.,1.));
#319 = ORIENTED_EDGE('',*,*,#320,.F.);
#320 = EDGE_CURVE('',#321,#313,#323,.T.);
#321 = VERTEX_POINT('',#322);
#322 = CARTESIAN_POINT('',(-9.684,144.99999999999,4.9));
#323 = LINE('',#324,#325);
#324 = CARTESIAN_POINT('',(-9.684,109.7625,4.9));
#325 = VECTOR('',#326,1.);
#326 = DIRECTION('',(-0.,-1.,-0.));
#327 = ORIENTED_EDGE('',*,*,#328,.T.);
#328 = EDGE_CURVE('',#321,#329,#331,.T.);
#329 = VERTEX_POINT('',#330);
#330 = CARTESIAN_POINT('',(-9.684,144.99999999999,1.6));
#331 = LINE('',#332,#333);
#332 = CARTESIAN_POINT('',(-9.684,144.99999999999,4.9));
#333 = VECTOR('',#334,1.);
#334 = DIRECTION('',(0.,0.,-1.));
#335 = ORIENTED_EDGE('',*,*,#336,.F.);
#336 = EDGE_CURVE('',#337,#329,#339,.T.);
#337 = VERTEX_POINT('',#338);
#338 = CARTESIAN_POINT('',(-9.684,148.49999999999,1.6));
#339 = LINE('',#340,#341);
#340 = CARTESIAN_POINT('',(-9.684,148.49999999999,1.6));
#341 = VECTOR('',#342,1.);
#342 = DIRECTION('',(-0.,-1.,-0.));
#343 = ORIENTED_EDGE('',*,*,#344,.F.);
#344 = EDGE_CURVE('',#345,#337,#347,.T.);
#345 = VERTEX_POINT('',#346);
#346 = CARTESIAN_POINT('',(-9.684,148.49999999999,4.9));
#347 = LINE('',#348,#349);
#348 = CARTESIAN_POINT('',(-9.684,148.49999999999,4.9));
#349 = VECTOR('',#350,1.);
#350 = DIRECTION('',(0.,0.,-1.));
#351 = ORIENTED_EDGE('',*,*,#352,.F.);
#352 = EDGE_CURVE('',#353,#345,#355,.T.);
#353 = VERTEX_POINT('',#354);
#354 = CARTESIAN_POINT('',(-9.684,150.,4.9));
#355 = LINE('',#356,#357);
#356 = CARTESIAN_POINT('',(-9.684,109.7625,4.9));
#357 = VECTOR('',#358,1.);
#358 = DIRECTION('',(-0.,-1.,-0.));
#359 = ORIENTED_EDGE('',*,*,#360,.F.);
#360 = EDGE_CURVE('',#361,#353,#363,.T.);
#361 = VERTEX_POINT('',#362);
#362 = CARTESIAN_POINT('',(-9.684,150.,5.8));
#363 = LINE('',#364,#365);
#364 = CARTESIAN_POINT('',(-9.684,150.,4.9));
#365 = VECTOR('',#366,1.);
#366 = DIRECTION('',(-0.,-2.2E-16,-1.));
#367 = ORIENTED_EDGE('',*,*,#368,.F.);
#368 = EDGE_CURVE('',#201,#361,#369,.T.);
#369 = LINE('',#370,#371);
#370 = CARTESIAN_POINT('',(-9.684,131.28447890025,24.515521099744));
#371 = VECTOR('',#372,1.);
#372 = DIRECTION('',(0.,0.707106781187,-0.707106781187));
#373 = PLANE('',#374);
#374 = AXIS2_PLACEMENT_3D('',#375,#376,#377);
#375 = CARTESIAN_POINT('',(-9.684,76.017103580563,5.67918797954));
#376 = DIRECTION('',(-1.,-0.,-0.));
#377 = DIRECTION('',(0.,0.,-1.));
#378 = ADVANCED_FACE('',(#379),#506,.T.);
#379 = FACE_BOUND('',#380,.T.);
#380 = EDGE_LOOP('',(#381,#391,#397,#398,#399,#406,#414,#422,#430,#437,
    #445,#453,#461,#469,#477,#485,#493,#500));
#381 = ORIENTED_EDGE('',*,*,#382,.F.);
#382 = EDGE_CURVE('',#383,#385,#387,.T.);
#383 = VERTEX_POINT('',#384);
#384 = CARTESIAN_POINT('',(-12.001,19.,4.9));
#385 = VERTEX_POINT('',#386);
#386 = CARTESIAN_POINT('',(-12.001,24.2,4.9));
#387 = LINE('',#388,#389);
#388 = CARTESIAN_POINT('',(-12.001,48.060965257236,4.9));
#389 = VECTOR('',#390,1.);
#390 = DIRECTION('',(0.,1.,0.));
#391 = ORIENTED_EDGE('',*,*,#392,.F.);
#392 = EDGE_CURVE('',#249,#383,#393,.T.);
#393 = LINE('',#394,#395);
#394 = CARTESIAN_POINT('',(-9.684,19.,4.9));
#395 = VECTOR('',#396,1.);
#396 = DIRECTION('',(-1.,-0.,-0.));
#397 = ORIENTED_EDGE('',*,*,#256,.F.);
#398 = ORIENTED_EDGE('',*,*,#113,.F.);
#399 = ORIENTED_EDGE('',*,*,#400,.F.);
#400 = EDGE_CURVE('',#401,#101,#403,.T.);
#401 = VERTEX_POINT('',#402);
#402 = CARTESIAN_POINT('',(-15.391,50.009999999999,4.9));
#403 = B_SPLINE_CURVE_WITH_KNOTS('',1,(#404,#405),.UNSPECIFIED.,.F.,.F.,
  (2,2),(0.,1.),.PIECEWISE_BEZIER_KNOTS.);
#404 = CARTESIAN_POINT('',(-15.391,49.994790362924,4.9));
#405 = CARTESIAN_POINT('',(-15.391,73.801215733914,4.9));
#406 = ORIENTED_EDGE('',*,*,#407,.T.);
#407 = EDGE_CURVE('',#401,#408,#410,.T.);
#408 = VERTEX_POINT('',#409);
#409 = CARTESIAN_POINT('',(-12.001,53.399999999643,4.9));
#410 = LINE('',#411,#412);
#411 = CARTESIAN_POINT('',(-17.57653841893,47.82446158129,4.9));
#412 = VECTOR('',#413,1.);
#413 = DIRECTION('',(0.707106781224,0.707106781149,-0.));
#414 = ORIENTED_EDGE('',*,*,#415,.T.);
#415 = EDGE_CURVE('',#408,#416,#418,.T.);
#416 = VERTEX_POINT('',#417);
#417 = CARTESIAN_POINT('',(-12.001,44.3,4.9));
#418 = LINE('',#419,#420);
#419 = CARTESIAN_POINT('',(-12.001,67.260965257057,4.9));
#420 = VECTOR('',#421,1.);
#421 = DIRECTION('',(0.,-1.,0.));
#422 = ORIENTED_EDGE('',*,*,#423,.T.);
#423 = EDGE_CURVE('',#416,#424,#426,.T.);
#424 = VERTEX_POINT('',#425);
#425 = CARTESIAN_POINT('',(-15.391,47.69,4.9));
#426 = LINE('',#427,#428);
#427 = CARTESIAN_POINT('',(-32.01250367512,64.311503675129,4.9));
#428 = VECTOR('',#429,1.);
#429 = DIRECTION('',(-0.707106781187,0.707106781187,0.));
#430 = ORIENTED_EDGE('',*,*,#431,.F.);
#431 = EDGE_CURVE('',#432,#424,#434,.T.);
#432 = VERTEX_POINT('',#433);
#433 = CARTESIAN_POINT('',(-15.391,47.42851257,4.9));
#434 = B_SPLINE_CURVE_WITH_KNOTS('',1,(#435,#436),.UNSPECIFIED.,.F.,.F.,
  (2,2),(0.,1.),.PIECEWISE_BEZIER_KNOTS.);
#435 = CARTESIAN_POINT('',(-15.391,34.892488533656,4.9));
#436 = CARTESIAN_POINT('',(-15.391,47.6972370761,4.9));
#437 = ORIENTED_EDGE('',*,*,#438,.F.);
#438 = EDGE_CURVE('',#439,#432,#441,.T.);
#439 = VERTEX_POINT('',#440);
#440 = CARTESIAN_POINT('',(-15.29072666,47.42851257,4.9));
#441 = LINE('',#442,#443);
#442 = CARTESIAN_POINT('',(-15.29072666,47.42851257,4.9));
#443 = VECTOR('',#444,1.);
#444 = DIRECTION('',(-1.,0.,0.));
#445 = ORIENTED_EDGE('',*,*,#446,.F.);
#446 = EDGE_CURVE('',#447,#439,#449,.T.);
#447 = VERTEX_POINT('',#448);
#448 = CARTESIAN_POINT('',(-15.29072666,35.01027334,4.9));
#449 = LINE('',#450,#451);
#450 = CARTESIAN_POINT('',(-15.29072666,25.11515808,4.9));
#451 = VECTOR('',#452,1.);
#452 = DIRECTION('',(0.,1.,0.));
#453 = ORIENTED_EDGE('',*,*,#454,.F.);
#454 = EDGE_CURVE('',#455,#447,#457,.T.);
#455 = VERTEX_POINT('',#456);
#456 = CARTESIAN_POINT('',(-12.001,38.3,4.9));
#457 = LINE('',#458,#459);
#458 = CARTESIAN_POINT('',(-12.10153841789,38.199461582107,4.9));
#459 = VECTOR('',#460,1.);
#460 = DIRECTION('',(-0.707106781187,-0.707106781187,0.));
#461 = ORIENTED_EDGE('',*,*,#462,.F.);
#462 = EDGE_CURVE('',#463,#455,#465,.T.);
#463 = VERTEX_POINT('',#464);
#464 = CARTESIAN_POINT('',(-12.001,29.2,4.9));
#465 = LINE('',#466,#467);
#466 = CARTESIAN_POINT('',(-12.001,55.160965257236,4.9));
#467 = VECTOR('',#468,1.);
#468 = DIRECTION('',(0.,1.,0.));
#469 = ORIENTED_EDGE('',*,*,#470,.F.);
#470 = EDGE_CURVE('',#471,#463,#473,.T.);
#471 = VERTEX_POINT('',#472);
#472 = CARTESIAN_POINT('',(-15.29072666,32.48972666,4.9));
#473 = LINE('',#474,#475);
#474 = CARTESIAN_POINT('',(-37.48750367512,54.686503675129,4.9));
#475 = VECTOR('',#476,1.);
#476 = DIRECTION('',(0.707106781187,-0.707106781187,0.));
#477 = ORIENTED_EDGE('',*,*,#478,.F.);
#478 = EDGE_CURVE('',#479,#471,#481,.T.);
#479 = VERTEX_POINT('',#480);
#480 = CARTESIAN_POINT('',(-15.29072666,25.11515808,4.9));
#481 = LINE('',#482,#483);
#482 = CARTESIAN_POINT('',(-15.29072666,25.11515808,4.9));
#483 = VECTOR('',#484,1.);
#484 = DIRECTION('',(0.,1.,0.));
#485 = ORIENTED_EDGE('',*,*,#486,.F.);
#486 = EDGE_CURVE('',#487,#479,#489,.T.);
#487 = VERTEX_POINT('',#488);
#488 = CARTESIAN_POINT('',(-15.391,25.11515808,4.9));
#489 = LINE('',#490,#491);
#490 = CARTESIAN_POINT('',(-44.82990646,25.11515808,4.9));
#491 = VECTOR('',#492,1.);
#492 = DIRECTION('',(1.,0.,0.));
#493 = ORIENTED_EDGE('',*,*,#494,.F.);
#494 = EDGE_CURVE('',#495,#487,#497,.T.);
#495 = VERTEX_POINT('',#496);
#496 = CARTESIAN_POINT('',(-15.391,20.81,4.9));
#497 = B_SPLINE_CURVE_WITH_KNOTS('',1,(#498,#499),.UNSPECIFIED.,.F.,.F.,
  (2,2),(0.,1.),.PIECEWISE_BEZIER_KNOTS.);
#498 = CARTESIAN_POINT('',(-15.391,20.790339143412,4.9));
#499 = CARTESIAN_POINT('',(-15.391,32.594935246832,4.9));
#500 = ORIENTED_EDGE('',*,*,#501,.F.);
#501 = EDGE_CURVE('',#385,#495,#502,.T.);
#502 = LINE('',#503,#504);
#503 = CARTESIAN_POINT('',(-8.576538417893,27.624461582107,4.9));
#504 = VECTOR('',#505,1.);
#505 = DIRECTION('',(-0.707106781187,-0.707106781187,0.));
#506 = PLANE('',#507);
#507 = AXIS2_PLACEMENT_3D('',#508,#509,#510);
#508 = CARTESIAN_POINT('',(-55.22508418604,81.121930514471,4.9));
#509 = DIRECTION('',(0.,0.,1.));
#510 = DIRECTION('',(1.,0.,0.));
#511 = ADVANCED_FACE('',(#512),#540,.T.);
#512 = FACE_BOUND('',#513,.T.);
#513 = EDGE_LOOP('',(#514,#521,#538,#539));
#514 = ORIENTED_EDGE('',*,*,#515,.F.);
#515 = EDGE_CURVE('',#516,#93,#518,.T.);
#516 = VERTEX_POINT('',#517);
#517 = CARTESIAN_POINT('',(-12.291,53.109999999673,1.8));
#518 = B_SPLINE_CURVE_WITH_KNOTS('',1,(#519,#520),.UNSPECIFIED.,.F.,.F.,
  (2,2),(0.,1.),.PIECEWISE_BEZIER_KNOTS.);
#519 = CARTESIAN_POINT('',(-12.291,48.813321838691,1.8));
#520 = CARTESIAN_POINT('',(-12.291,73.744574502015,1.8));
#521 = ORIENTED_EDGE('',*,*,#522,.T.);
#522 = EDGE_CURVE('',#516,#401,#523,.T.);
#523 = B_SPLINE_CURVE_WITH_KNOTS('',4,(#524,#525,#526,#527,#528,#529,
    #530,#531,#532,#533,#534,#535,#536,#537),.UNSPECIFIED.,.F.,.F.,(5,3,
    3,3,5),(0.,0.246434023148,0.495152434418,0.746280352575,1.),
  .UNSPECIFIED.);
#524 = CARTESIAN_POINT('',(-12.001,53.399999999643,1.51));
#525 = CARTESIAN_POINT('',(-12.21444480167,53.186555197992,
    1.723444801674));
#526 = CARTESIAN_POINT('',(-12.4272585728,52.973741426878,1.936258572809
    ));
#527 = CARTESIAN_POINT('',(-12.63943298333,52.761567016373,
    2.148432983337));
#528 = CARTESIAN_POINT('',(-13.06444747374,52.336552526014,
    2.573447473741));
#529 = CARTESIAN_POINT('',(-13.27727549367,52.123724506102,
    2.786275493675));
#530 = CARTESIAN_POINT('',(-13.48943544667,51.911564553129,2.99843544667
    ));
#531 = CARTESIAN_POINT('',(-13.91445144885,51.486548550986,
    3.423451448857));
#532 = CARTESIAN_POINT('',(-14.12729433155,51.273705668313,
    3.636294331553));
#533 = CARTESIAN_POINT('',(-14.33943918011,51.061560819771,
    3.848439180118));
#534 = CARTESIAN_POINT('',(-14.76449828753,50.636501712397,
    4.273498287536));
#535 = CARTESIAN_POINT('',(-14.97739789302,50.423602106935,4.48639789302
    ));
#536 = CARTESIAN_POINT('',(-15.18956790878,50.211432091192,
    4.698567908786));
#537 = CARTESIAN_POINT('',(-15.401,50.,4.91));
#538 = ORIENTED_EDGE('',*,*,#400,.T.);
#539 = ORIENTED_EDGE('',*,*,#100,.F.);
#540 = B_SPLINE_SURFACE_WITH_KNOTS('',1,1,(
    (#541,#542)
    ,(#543,#544
    )),.UNSPECIFIED.,.F.,.F.,.F.,(2,2),(2,2),(0.,138.),(0.,1.),
  .PIECEWISE_BEZIER_KNOTS.);
#541 = CARTESIAN_POINT('',(-12.001,144.,1.51));
#542 = CARTESIAN_POINT('',(-15.401,140.6,4.91));
#543 = CARTESIAN_POINT('',(-12.001,6.,1.51));
#544 = CARTESIAN_POINT('',(-15.401,9.4,4.91));
#545 = ADVANCED_FACE('',(#546),#859,.T.);
#546 = FACE_BOUND('',#547,.T.);
#547 = EDGE_LOOP('',(#548,#559,#566,#574,#582,#590,#597,#605,#613,#621,
    #628,#636,#644,#652,#660,#667,#675,#683,#691,#698,#705,#713,#721,
    #729,#736,#744,#752,#760,#767,#775,#783,#789,#790,#791,#799,#807,
    #814,#822,#830,#838,#845,#853));
#548 = ORIENTED_EDGE('',*,*,#549,.T.);
#549 = EDGE_CURVE('',#550,#552,#554,.T.);
#550 = VERTEX_POINT('',#551);
#551 = CARTESIAN_POINT('',(-11.986,92.616309822404,1.8));
#552 = VERTEX_POINT('',#553);
#553 = CARTESIAN_POINT('',(-12.291,92.771055626942,1.8));
#554 = CIRCLE('',#555,5.);
#555 = AXIS2_PLACEMENT_3D('',#556,#557,#558);
#556 = CARTESIAN_POINT('',(-9.87752819,97.15,1.8));
#557 = DIRECTION('',(0.,0.,-1.));
#558 = DIRECTION('',(0.,1.,0.));
#559 = ORIENTED_EDGE('',*,*,#560,.T.);
#560 = EDGE_CURVE('',#552,#561,#563,.T.);
#561 = VERTEX_POINT('',#562);
#562 = CARTESIAN_POINT('',(-12.291,99.990000000012,1.8));
#563 = B_SPLINE_CURVE_WITH_KNOTS('',1,(#564,#565),.UNSPECIFIED.,.F.,.F.,
  (2,2),(0.,1.),.PIECEWISE_BEZIER_KNOTS.);
#564 = CARTESIAN_POINT('',(-12.291,76.25542549647,1.8));
#565 = CARTESIAN_POINT('',(-12.291,104.43364462473,1.8));
#566 = ORIENTED_EDGE('',*,*,#567,.T.);
#567 = EDGE_CURVE('',#561,#568,#570,.T.);
#568 = VERTEX_POINT('',#569);
#569 = CARTESIAN_POINT('',(-12.001,99.700000000012,1.8));
#570 = LINE('',#571,#572);
#571 = CARTESIAN_POINT('',(-15.27350255836,102.97250255837,1.8));
#572 = VECTOR('',#573,1.);
#573 = DIRECTION('',(0.707106781187,-0.707106781187,0.));
#574 = ORIENTED_EDGE('',*,*,#575,.T.);
#575 = EDGE_CURVE('',#568,#576,#578,.T.);
#576 = VERTEX_POINT('',#577);
#577 = CARTESIAN_POINT('',(-12.001,108.8,1.8));
#578 = LINE('',#579,#580);
#579 = CARTESIAN_POINT('',(-12.001,86.480713613062,1.8));
#580 = VECTOR('',#581,1.);
#581 = DIRECTION('',(0.,1.,-0.));
#582 = ORIENTED_EDGE('',*,*,#583,.T.);
#583 = EDGE_CURVE('',#576,#584,#586,.T.);
#584 = VERTEX_POINT('',#585);
#585 = CARTESIAN_POINT('',(-12.291,108.51,1.8));
#586 = LINE('',#587,#588);
#587 = CARTESIAN_POINT('',(-37.01778894533,83.78321105472,1.8));
#588 = VECTOR('',#589,1.);
#589 = DIRECTION('',(-0.707106781187,-0.707106781186,0.));
#590 = ORIENTED_EDGE('',*,*,#591,.T.);
#591 = EDGE_CURVE('',#584,#592,#594,.T.);
#592 = VERTEX_POINT('',#593);
#593 = CARTESIAN_POINT('',(-12.291,125.09,1.8));
#594 = B_SPLINE_CURVE_WITH_KNOTS('',1,(#595,#596),.UNSPECIFIED.,.F.,.F.,
  (2,2),(0.,1.),.PIECEWISE_BEZIER_KNOTS.);
#595 = CARTESIAN_POINT('',(-12.291,106.83975476553,1.8));
#596 = CARTESIAN_POINT('',(-12.291,130.72359889301,1.8));
#597 = ORIENTED_EDGE('',*,*,#598,.T.);
#598 = EDGE_CURVE('',#592,#599,#601,.T.);
#599 = VERTEX_POINT('',#600);
#600 = CARTESIAN_POINT('',(-12.001,124.8,1.8));
#601 = LINE('',#602,#603);
#602 = CARTESIAN_POINT('',(-8.998502558388,121.7975025584,1.8));
#603 = VECTOR('',#604,1.);
#604 = DIRECTION('',(0.707106781187,-0.707106781186,0.));
#605 = ORIENTED_EDGE('',*,*,#606,.T.);
#606 = EDGE_CURVE('',#599,#607,#609,.T.);
#607 = VERTEX_POINT('',#608);
#608 = CARTESIAN_POINT('',(-12.001,134.,1.8));
#609 = LINE('',#610,#611);
#610 = CARTESIAN_POINT('',(-12.001,99.080713613059,1.8));
#611 = VECTOR('',#612,1.);
#612 = DIRECTION('',(0.,1.,-0.));
#613 = ORIENTED_EDGE('',*,*,#614,.T.);
#614 = EDGE_CURVE('',#607,#615,#617,.T.);
#615 = VERTEX_POINT('',#616);
#616 = CARTESIAN_POINT('',(-12.291,133.71,1.8));
#617 = LINE('',#618,#619);
#618 = CARTESIAN_POINT('',(-43.3177889453,102.68321105469,1.8));
#619 = VECTOR('',#620,1.);
#620 = DIRECTION('',(-0.707106781187,-0.707106781187,0.));
#621 = ORIENTED_EDGE('',*,*,#622,.T.);
#622 = EDGE_CURVE('',#615,#623,#625,.T.);
#623 = VERTEX_POINT('',#624);
#624 = CARTESIAN_POINT('',(-12.291,140.51583366806,1.8));
#625 = B_SPLINE_CURVE_WITH_KNOTS('',1,(#626,#627),.UNSPECIFIED.,.F.,.F.,
  (2,2),(0.,1.),.PIECEWISE_BEZIER_KNOTS.);
#626 = CARTESIAN_POINT('',(-12.291,133.23444988747,1.8));
#627 = CARTESIAN_POINT('',(-12.291,143.71,1.8));
#628 = ORIENTED_EDGE('',*,*,#629,.T.);
#629 = EDGE_CURVE('',#623,#630,#632,.T.);
#630 = VERTEX_POINT('',#631);
#631 = CARTESIAN_POINT('',(-11.901,141.18665256697,1.8));
#632 = LINE('',#633,#634);
#633 = CARTESIAN_POINT('',(-31.26813672151,107.87423889893,1.8));
#634 = VECTOR('',#635,1.);
#635 = DIRECTION('',(0.502609874261,0.86451333957,0.));
#636 = ORIENTED_EDGE('',*,*,#637,.F.);
#637 = EDGE_CURVE('',#638,#630,#640,.T.);
#638 = VERTEX_POINT('',#639);
#639 = CARTESIAN_POINT('',(-11.901,5.9,1.8));
#640 = LINE('',#641,#642);
#641 = CARTESIAN_POINT('',(-11.901,5.9,1.8));
#642 = VECTOR('',#643,1.);
#643 = DIRECTION('',(0.,1.,0.));
#644 = ORIENTED_EDGE('',*,*,#645,.F.);
#645 = EDGE_CURVE('',#646,#638,#648,.T.);
#646 = VERTEX_POINT('',#647);
#647 = CARTESIAN_POINT('',(-30.40983117545,5.9,1.8));
#648 = LINE('',#649,#650);
#649 = CARTESIAN_POINT('',(-104.301,5.9,1.8));
#650 = VECTOR('',#651,1.);
#651 = DIRECTION('',(1.,0.,0.));
#652 = ORIENTED_EDGE('',*,*,#653,.T.);
#653 = EDGE_CURVE('',#646,#654,#656,.T.);
#654 = VERTEX_POINT('',#655);
#655 = CARTESIAN_POINT('',(-30.01983117545,6.29,1.8));
#656 = LINE('',#657,#658);
#657 = CARTESIAN_POINT('',(-30.79094949366,5.518881681796,1.8));
#658 = VECTOR('',#659,1.);
#659 = DIRECTION('',(0.707106781187,0.707106781187,0.));
#660 = ORIENTED_EDGE('',*,*,#661,.T.);
#661 = EDGE_CURVE('',#654,#662,#664,.T.);
#662 = VERTEX_POINT('',#663);
#663 = CARTESIAN_POINT('',(-28.01100032116,6.29,1.8));
#664 = B_SPLINE_CURVE_WITH_KNOTS('',1,(#665,#666),.UNSPECIFIED.,.F.,.F.,
  (2,2),(0.,1.),.PIECEWISE_BEZIER_KNOTS.);
#665 = CARTESIAN_POINT('',(-37.23555992033,6.29,1.8));
#666 = CARTESIAN_POINT('',(-22.12187370005,6.29,1.8));
#667 = ORIENTED_EDGE('',*,*,#668,.F.);
#668 = EDGE_CURVE('',#669,#662,#671,.T.);
#669 = VERTEX_POINT('',#670);
#670 = CARTESIAN_POINT('',(-28.30100032116,6.,1.8));
#671 = LINE('',#672,#673);
#672 = CARTESIAN_POINT('',(-20.14278918618,14.158211134983,1.8));
#673 = VECTOR('',#674,1.);
#674 = DIRECTION('',(0.707106781187,0.707106781187,-0.));
#675 = ORIENTED_EDGE('',*,*,#676,.F.);
#676 = EDGE_CURVE('',#677,#669,#679,.T.);
#677 = VERTEX_POINT('',#678);
#678 = CARTESIAN_POINT('',(-20.90100032116,6.,1.8));
#679 = LINE('',#680,#681);
#680 = CARTESIAN_POINT('',(-44.46529166425,6.,1.8));
#681 = VECTOR('',#682,1.);
#682 = DIRECTION('',(-1.,0.,0.));
#683 = ORIENTED_EDGE('',*,*,#684,.F.);
#684 = EDGE_CURVE('',#685,#677,#687,.T.);
#685 = VERTEX_POINT('',#686);
#686 = CARTESIAN_POINT('',(-21.19100032116,6.29,1.8));
#687 = LINE('',#688,#689);
#688 = CARTESIAN_POINT('',(-45.37350279924,30.472502478075,1.8));
#689 = VECTOR('',#690,1.);
#690 = DIRECTION('',(0.707106781187,-0.707106781187,0.));
#691 = ORIENTED_EDGE('',*,*,#692,.T.);
#692 = EDGE_CURVE('',#685,#693,#695,.T.);
#693 = VERTEX_POINT('',#694);
#694 = CARTESIAN_POINT('',(-12.291,6.29,1.8));
#695 = B_SPLINE_CURVE_WITH_KNOTS('',1,(#696,#697),.UNSPECIFIED.,.F.,.F.,
  (2,2),(0.,1.),.PIECEWISE_BEZIER_KNOTS.);
#696 = CARTESIAN_POINT('',(-21.50381644042,6.29,1.8));
#697 = CARTESIAN_POINT('',(-12.291,6.29,1.8));
#698 = ORIENTED_EDGE('',*,*,#699,.T.);
#699 = EDGE_CURVE('',#693,#700,#702,.T.);
#700 = VERTEX_POINT('',#701);
#701 = CARTESIAN_POINT('',(-12.291,15.29,1.8));
#702 = B_SPLINE_CURVE_WITH_KNOTS('',1,(#703,#704),.UNSPECIFIED.,.F.,.F.,
  (2,2),(0.,1.),.PIECEWISE_BEZIER_KNOTS.);
#703 = CARTESIAN_POINT('',(-12.291,6.29,1.8));
#704 = CARTESIAN_POINT('',(-12.291,15.718141575943,1.8));
#705 = ORIENTED_EDGE('',*,*,#706,.F.);
#706 = EDGE_CURVE('',#707,#700,#709,.T.);
#707 = VERTEX_POINT('',#708);
#708 = CARTESIAN_POINT('',(-12.001,15.,1.8));
#709 = LINE('',#710,#711);
#710 = CARTESIAN_POINT('',(-38.14850255836,41.147502558367,1.8));
#711 = VECTOR('',#712,1.);
#712 = DIRECTION('',(-0.707106781187,0.707106781187,0.));
#713 = ORIENTED_EDGE('',*,*,#714,.F.);
#714 = EDGE_CURVE('',#715,#707,#717,.T.);
#715 = VERTEX_POINT('',#716);
#716 = CARTESIAN_POINT('',(-12.001,24.2,1.8));
#717 = LINE('',#718,#719);
#718 = CARTESIAN_POINT('',(-12.001,39.580713613059,1.8));
#719 = VECTOR('',#720,1.);
#720 = DIRECTION('',(0.,-1.,0.));
#721 = ORIENTED_EDGE('',*,*,#722,.F.);
#722 = EDGE_CURVE('',#723,#715,#725,.T.);
#723 = VERTEX_POINT('',#724);
#724 = CARTESIAN_POINT('',(-12.291,23.91,1.8));
#725 = LINE('',#726,#727);
#726 = CARTESIAN_POINT('',(-14.1677889453,22.033211054692,1.8));
#727 = VECTOR('',#728,1.);
#728 = DIRECTION('',(0.707106781187,0.707106781187,-0.));
#729 = ORIENTED_EDGE('',*,*,#730,.T.);
#730 = EDGE_CURVE('',#723,#731,#733,.T.);
#731 = VERTEX_POINT('',#732);
#732 = CARTESIAN_POINT('',(-12.291,29.49,1.8));
#733 = B_SPLINE_CURVE_WITH_KNOTS('',1,(#734,#735),.UNSPECIFIED.,.F.,.F.,
  (2,2),(0.,1.),.PIECEWISE_BEZIER_KNOTS.);
#734 = CARTESIAN_POINT('',(-12.291,18.228992570398,1.8));
#735 = CARTESIAN_POINT('',(-12.291,30.591342795455,1.8));
#736 = ORIENTED_EDGE('',*,*,#737,.F.);
#737 = EDGE_CURVE('',#738,#731,#740,.T.);
#738 = VERTEX_POINT('',#739);
#739 = CARTESIAN_POINT('',(-12.001,29.2,1.8));
#740 = LINE('',#741,#742);
#741 = CARTESIAN_POINT('',(-34.59850255836,51.797502558367,1.8));
#742 = VECTOR('',#743,1.);
#743 = DIRECTION('',(-0.707106781187,0.707106781187,0.));
#744 = ORIENTED_EDGE('',*,*,#745,.F.);
#745 = EDGE_CURVE('',#746,#738,#748,.T.);
#746 = VERTEX_POINT('',#747);
#747 = CARTESIAN_POINT('',(-12.001,38.3,1.8));
#748 = LINE('',#749,#750);
#749 = CARTESIAN_POINT('',(-12.001,46.680713613059,1.8));
#750 = VECTOR('',#751,1.);
#751 = DIRECTION('',(0.,-1.,0.));
#752 = ORIENTED_EDGE('',*,*,#753,.F.);
#753 = EDGE_CURVE('',#754,#746,#756,.T.);
#754 = VERTEX_POINT('',#755);
#755 = CARTESIAN_POINT('',(-12.291,38.01,1.8));
#756 = LINE('',#757,#758);
#757 = CARTESIAN_POINT('',(-17.6927889453,32.608211054692,1.8));
#758 = VECTOR('',#759,1.);
#759 = DIRECTION('',(0.707106781187,0.707106781187,-0.));
#760 = ORIENTED_EDGE('',*,*,#761,.T.);
#761 = EDGE_CURVE('',#754,#762,#764,.T.);
#762 = VERTEX_POINT('',#763);
#763 = CARTESIAN_POINT('',(-12.291,44.59,1.8));
#764 = B_SPLINE_CURVE_WITH_KNOTS('',1,(#765,#766),.UNSPECIFIED.,.F.,.F.,
  (2,2),(0.,1.),.PIECEWISE_BEZIER_KNOTS.);
#765 = CARTESIAN_POINT('',(-12.291,32.997452936252,1.8));
#766 = CARTESIAN_POINT('',(-12.291,46.407211697894,1.8));
#767 = ORIENTED_EDGE('',*,*,#768,.T.);
#768 = EDGE_CURVE('',#762,#769,#771,.T.);
#769 = VERTEX_POINT('',#770);
#770 = CARTESIAN_POINT('',(-12.001,44.3,1.8));
#771 = LINE('',#772,#773);
#772 = CARTESIAN_POINT('',(-29.12350255836,61.422502558367,1.8));
#773 = VECTOR('',#774,1.);
#774 = DIRECTION('',(0.707106781187,-0.707106781187,0.));
#775 = ORIENTED_EDGE('',*,*,#776,.T.);
#776 = EDGE_CURVE('',#769,#777,#779,.T.);
#777 = VERTEX_POINT('',#778);
#778 = CARTESIAN_POINT('',(-12.001,53.399999999643,1.8));
#779 = LINE('',#780,#781);
#780 = CARTESIAN_POINT('',(-12.001,58.78071361288,1.8));
#781 = VECTOR('',#782,1.);
#782 = DIRECTION('',(0.,1.,-0.));
#783 = ORIENTED_EDGE('',*,*,#784,.T.);
#784 = EDGE_CURVE('',#777,#516,#785,.T.);
#785 = LINE('',#786,#787);
#786 = CARTESIAN_POINT('',(-23.16778894649,42.23321105432,1.8));
#787 = VECTOR('',#788,1.);
#788 = DIRECTION('',(-0.707106781224,-0.707106781149,0.));
#789 = ORIENTED_EDGE('',*,*,#515,.T.);
#790 = ORIENTED_EDGE('',*,*,#92,.F.);
#791 = ORIENTED_EDGE('',*,*,#792,.T.);
#792 = EDGE_CURVE('',#85,#793,#795,.T.);
#793 = VERTEX_POINT('',#794);
#794 = CARTESIAN_POINT('',(-11.986,67.35,1.8));
#795 = LINE('',#796,#797);
#796 = CARTESIAN_POINT('',(-11.986,65.754291308569,1.8));
#797 = VECTOR('',#798,1.);
#798 = DIRECTION('',(0.,1.,0.));
#799 = ORIENTED_EDGE('',*,*,#800,.F.);
#800 = EDGE_CURVE('',#801,#793,#803,.T.);
#801 = VERTEX_POINT('',#802);
#802 = CARTESIAN_POINT('',(-12.291,67.35,1.8));
#803 = LINE('',#804,#805);
#804 = CARTESIAN_POINT('',(-36.30697687321,67.35,1.8));
#805 = VECTOR('',#806,1.);
#806 = DIRECTION('',(1.,0.,0.));
#807 = ORIENTED_EDGE('',*,*,#808,.T.);
#808 = EDGE_CURVE('',#801,#809,#811,.T.);
#809 = VERTEX_POINT('',#810);
#810 = CARTESIAN_POINT('',(-12.291,70.689999999612,1.8));
#811 = B_SPLINE_CURVE_WITH_KNOTS('',1,(#812,#813),.UNSPECIFIED.,.F.,.F.,
  (2,2),(0.,1.),.PIECEWISE_BEZIER_KNOTS.);
#812 = CARTESIAN_POINT('',(-12.291,48.813321838691,1.8));
#813 = CARTESIAN_POINT('',(-12.291,73.744574502015,1.8));
#814 = ORIENTED_EDGE('',*,*,#815,.T.);
#815 = EDGE_CURVE('',#809,#816,#818,.T.);
#816 = VERTEX_POINT('',#817);
#817 = CARTESIAN_POINT('',(-12.001,70.399999999643,1.8));
#818 = LINE('',#819,#820);
#819 = CARTESIAN_POINT('',(-22.59850255976,80.997502558267,1.8));
#820 = VECTOR('',#821,1.);
#821 = DIRECTION('',(0.707106781225,-0.707106781148,0.));
#822 = ORIENTED_EDGE('',*,*,#823,.T.);
#823 = EDGE_CURVE('',#816,#824,#826,.T.);
#824 = VERTEX_POINT('',#825);
#825 = CARTESIAN_POINT('',(-12.001,79.599999999277,1.8));
#826 = LINE('',#827,#828);
#827 = CARTESIAN_POINT('',(-12.001,71.880713612697,1.8));
#828 = VECTOR('',#829,1.);
#829 = DIRECTION('',(0.,1.,-0.));
#830 = ORIENTED_EDGE('',*,*,#831,.T.);
#831 = EDGE_CURVE('',#824,#832,#834,.T.);
#832 = VERTEX_POINT('',#833);
#833 = CARTESIAN_POINT('',(-12.291,79.309999999277,1.8));
#834 = LINE('',#835,#836);
#835 = CARTESIAN_POINT('',(-29.71778894512,61.88321105415,1.8));
#836 = VECTOR('',#837,1.);
#837 = DIRECTION('',(-0.707106781187,-0.707106781187,0.));
#838 = ORIENTED_EDGE('',*,*,#839,.T.);
#839 = EDGE_CURVE('',#832,#840,#842,.T.);
#840 = VERTEX_POINT('',#841);
#841 = CARTESIAN_POINT('',(-12.291,82.65,1.8));
#842 = B_SPLINE_CURVE_WITH_KNOTS('',1,(#843,#844),.UNSPECIFIED.,.F.,.F.,
  (2,2),(0.,1.),.PIECEWISE_BEZIER_KNOTS.);
#843 = CARTESIAN_POINT('',(-12.291,76.25542549647,1.8));
#844 = CARTESIAN_POINT('',(-12.291,104.43364462473,1.8));
#845 = ORIENTED_EDGE('',*,*,#846,.T.);
#846 = EDGE_CURVE('',#840,#847,#849,.T.);
#847 = VERTEX_POINT('',#848);
#848 = CARTESIAN_POINT('',(-11.986,82.65,1.8));
#849 = LINE('',#850,#851);
#850 = CARTESIAN_POINT('',(-36.30697687321,82.65,1.8));
#851 = VECTOR('',#852,1.);
#852 = DIRECTION('',(1.,0.,0.));
#853 = ORIENTED_EDGE('',*,*,#854,.T.);
#854 = EDGE_CURVE('',#847,#550,#855,.T.);
#855 = LINE('',#856,#857);
#856 = CARTESIAN_POINT('',(-11.986,78.738713701499,1.8));
#857 = VECTOR('',#858,1.);
#858 = DIRECTION('',(0.,1.,0.));
#859 = PLANE('',#860);
#860 = AXIS2_PLACEMENT_3D('',#861,#862,#863);
#861 = CARTESIAN_POINT('',(-60.62958300735,64.161427226118,1.8));
#862 = DIRECTION('',(-0.,-0.,-1.));
#863 = DIRECTION('',(-1.,0.,0.));
#864 = ADVANCED_FACE('',(#865),#883,.T.);
#865 = FACE_BOUND('',#866,.T.);
#866 = EDGE_LOOP('',(#867,#875,#881,#882));
#867 = ORIENTED_EDGE('',*,*,#868,.F.);
#868 = EDGE_CURVE('',#869,#77,#871,.T.);
#869 = VERTEX_POINT('',#870);
#870 = CARTESIAN_POINT('',(-11.986,67.35,1.9));
#871 = LINE('',#872,#873);
#872 = CARTESIAN_POINT('',(-11.986,67.35,1.9));
#873 = VECTOR('',#874,1.);
#874 = DIRECTION('',(0.,-1.,0.));
#875 = ORIENTED_EDGE('',*,*,#876,.T.);
#876 = EDGE_CURVE('',#869,#793,#877,.T.);
#877 = LINE('',#878,#879);
#878 = CARTESIAN_POINT('',(-11.986,67.35,1.9));
#879 = VECTOR('',#880,1.);
#880 = DIRECTION('',(-0.,-0.,-1.));
#881 = ORIENTED_EDGE('',*,*,#792,.F.);
#882 = ORIENTED_EDGE('',*,*,#84,.F.);
#883 = PLANE('',#884);
#884 = AXIS2_PLACEMENT_3D('',#885,#886,#887);
#885 = CARTESIAN_POINT('',(-11.986,67.35,1.9));
#886 = DIRECTION('',(-1.,0.,0.));
#887 = DIRECTION('',(0.,-1.,0.));
#888 = ADVANCED_FACE('',(#889),#907,.T.);
#889 = FACE_BOUND('',#890,.T.);
#890 = EDGE_LOOP('',(#891,#899,#900,#901));
#891 = ORIENTED_EDGE('',*,*,#892,.F.);
#892 = EDGE_CURVE('',#869,#893,#895,.T.);
#893 = VERTEX_POINT('',#894);
#894 = CARTESIAN_POINT('',(-1.886,67.35,1.9));
#895 = LINE('',#896,#897);
#896 = CARTESIAN_POINT('',(-8.785275324264,67.35,1.9));
#897 = VECTOR('',#898,1.);
#898 = DIRECTION('',(1.,0.,0.));
#899 = ORIENTED_EDGE('',*,*,#868,.T.);
#900 = ORIENTED_EDGE('',*,*,#76,.T.);
#901 = ORIENTED_EDGE('',*,*,#902,.F.);
#902 = EDGE_CURVE('',#893,#68,#903,.T.);
#903 = LINE('',#904,#905);
#904 = CARTESIAN_POINT('',(-1.886,67.35,1.9));
#905 = VECTOR('',#906,1.);
#906 = DIRECTION('',(2.E-17,-1.,0.));
#907 = PLANE('',#908);
#908 = AXIS2_PLACEMENT_3D('',#909,#910,#911);
#909 = CARTESIAN_POINT('',(-22.8976512888,80.272593464186,1.9));
#910 = DIRECTION('',(0.,0.,1.));
#911 = DIRECTION('',(1.,0.,0.));
#912 = ADVANCED_FACE('',(#913),#969,.F.);
#913 = FACE_BOUND('',#914,.F.);
#914 = EDGE_LOOP('',(#915,#926,#932,#933,#934,#935,#936,#937,#946,#954,
    #963));
#915 = ORIENTED_EDGE('',*,*,#916,.F.);
#916 = EDGE_CURVE('',#917,#919,#921,.T.);
#917 = VERTEX_POINT('',#918);
#918 = CARTESIAN_POINT('',(-6.883221450188,67.35,6.733333333333));
#919 = VERTEX_POINT('',#920);
#920 = CARTESIAN_POINT('',(-4.386,67.35,11.230127018922));
#921 = CIRCLE('',#922,5.);
#922 = AXIS2_PLACEMENT_3D('',#923,#924,#925);
#923 = CARTESIAN_POINT('',(-1.886,67.35,6.9));
#924 = DIRECTION('',(0.,1.,-2.2E-16));
#925 = DIRECTION('',(-1.,0.,0.));
#926 = ORIENTED_EDGE('',*,*,#927,.F.);
#927 = EDGE_CURVE('',#32,#917,#928,.T.);
#928 = LINE('',#929,#930);
#929 = CARTESIAN_POINT('',(-6.883221450188,57.85,6.733333333333));
#930 = VECTOR('',#931,1.);
#931 = DIRECTION('',(0.,1.,-2.2E-16));
#932 = ORIENTED_EDGE('',*,*,#40,.F.);
#933 = ORIENTED_EDGE('',*,*,#49,.F.);
#934 = ORIENTED_EDGE('',*,*,#58,.F.);
#935 = ORIENTED_EDGE('',*,*,#67,.F.);
#936 = ORIENTED_EDGE('',*,*,#902,.F.);
#937 = ORIENTED_EDGE('',*,*,#938,.F.);
#938 = EDGE_CURVE('',#939,#893,#941,.T.);
#939 = VERTEX_POINT('',#940);
#940 = CARTESIAN_POINT('',(0.614,67.35,11.230127018922));
#941 = CIRCLE('',#942,5.);
#942 = AXIS2_PLACEMENT_3D('',#943,#944,#945);
#943 = CARTESIAN_POINT('',(-1.886,67.35,6.9));
#944 = DIRECTION('',(0.,1.,-2.2E-16));
#945 = DIRECTION('',(-1.,0.,0.));
#946 = ORIENTED_EDGE('',*,*,#947,.T.);
#947 = EDGE_CURVE('',#939,#948,#950,.T.);
#948 = VERTEX_POINT('',#949);
#949 = CARTESIAN_POINT('',(0.614,56.35,11.230127018922));
#950 = LINE('',#951,#952);
#951 = CARTESIAN_POINT('',(0.614,81.15,11.230127018922));
#952 = VECTOR('',#953,1.);
#953 = DIRECTION('',(0.,-1.,2.2E-16));
#954 = ORIENTED_EDGE('',*,*,#955,.T.);
#955 = EDGE_CURVE('',#948,#956,#958,.T.);
#956 = VERTEX_POINT('',#957);
#957 = CARTESIAN_POINT('',(-4.386,56.35,11.230127018922));
#958 = CIRCLE('',#959,5.);
#959 = AXIS2_PLACEMENT_3D('',#960,#961,#962);
#960 = CARTESIAN_POINT('',(-1.886,56.35,6.9));
#961 = DIRECTION('',(0.,1.,-0.));
#962 = DIRECTION('',(-1.,0.,-0.));
#963 = ORIENTED_EDGE('',*,*,#964,.F.);
#964 = EDGE_CURVE('',#919,#956,#965,.T.);
#965 = LINE('',#966,#967);
#966 = CARTESIAN_POINT('',(-4.386,68.85,11.230127018922));
#967 = VECTOR('',#968,1.);
#968 = DIRECTION('',(0.,-1.,0.));
#969 = CYLINDRICAL_SURFACE('',#970,5.);
#970 = AXIS2_PLACEMENT_3D('',#971,#972,#973);
#971 = CARTESIAN_POINT('',(-1.886,81.15,6.9));
#972 = DIRECTION('',(0.,1.,-2.2E-16));
#973 = DIRECTION('',(-1.,0.,0.));
#974 = ADVANCED_FACE('',(#975),#987,.T.);
#975 = FACE_BOUND('',#976,.T.);
#976 = EDGE_LOOP('',(#977,#978,#979,#986));
#977 = ORIENTED_EDGE('',*,*,#31,.T.);
#978 = ORIENTED_EDGE('',*,*,#160,.T.);
#979 = ORIENTED_EDGE('',*,*,#980,.F.);
#980 = EDGE_CURVE('',#917,#153,#981,.T.);
#981 = CIRCLE('',#982,1.);
#982 = AXIS2_PLACEMENT_3D('',#983,#984,#985);
#983 = CARTESIAN_POINT('',(-7.882665740226,67.35,6.7));
#984 = DIRECTION('',(0.,1.,-2.2E-16));
#985 = DIRECTION('',(0.,2.2E-16,1.));
#986 = ORIENTED_EDGE('',*,*,#927,.F.);
#987 = CYLINDRICAL_SURFACE('',#988,1.);
#988 = AXIS2_PLACEMENT_3D('',#989,#990,#991);
#989 = CARTESIAN_POINT('',(-7.882665740226,57.85,6.7));
#990 = DIRECTION('',(0.,1.,-2.2E-16));
#991 = DIRECTION('',(0.999444290038,7.333333333334E-18,
    3.333333333334E-02));
#992 = ADVANCED_FACE('',(#993),#1053,.T.);
#993 = FACE_BOUND('',#994,.T.);
#994 = EDGE_LOOP('',(#995,#996,#997,#998,#999,#1000,#1008,#1016,#1024,
    #1035,#1036,#1037,#1038,#1039,#1047));
#995 = ORIENTED_EDGE('',*,*,#916,.F.);
#996 = ORIENTED_EDGE('',*,*,#980,.T.);
#997 = ORIENTED_EDGE('',*,*,#152,.T.);
#998 = ORIENTED_EDGE('',*,*,#183,.F.);
#999 = ORIENTED_EDGE('',*,*,#264,.F.);
#1000 = ORIENTED_EDGE('',*,*,#1001,.F.);
#1001 = EDGE_CURVE('',#1002,#265,#1004,.T.);
#1002 = VERTEX_POINT('',#1003);
#1003 = CARTESIAN_POINT('',(-9.284,67.35,4.9));
#1004 = LINE('',#1005,#1006);
#1005 = CARTESIAN_POINT('',(-9.284,67.35,4.9));
#1006 = VECTOR('',#1007,1.);
#1007 = DIRECTION('',(-0.707106781187,0.,0.707106781187));
#1008 = ORIENTED_EDGE('',*,*,#1009,.F.);
#1009 = EDGE_CURVE('',#1010,#1002,#1012,.T.);
#1010 = VERTEX_POINT('',#1011);
#1011 = CARTESIAN_POINT('',(-9.284,67.35,3.8));
#1012 = LINE('',#1013,#1014);
#1013 = CARTESIAN_POINT('',(-9.284,67.35,3.1));
#1014 = VECTOR('',#1015,1.);
#1015 = DIRECTION('',(0.,2.2E-16,1.));
#1016 = ORIENTED_EDGE('',*,*,#1017,.T.);
#1017 = EDGE_CURVE('',#1010,#1018,#1020,.T.);
#1018 = VERTEX_POINT('',#1019);
#1019 = CARTESIAN_POINT('',(-14.291,67.35,3.8));
#1020 = LINE('',#1021,#1022);
#1021 = CARTESIAN_POINT('',(-13.9435,67.35,3.8));
#1022 = VECTOR('',#1023,1.);
#1023 = DIRECTION('',(-1.,0.,0.));
#1024 = ORIENTED_EDGE('',*,*,#1025,.F.);
#1025 = EDGE_CURVE('',#801,#1018,#1026,.T.);
#1026 = B_SPLINE_CURVE_WITH_KNOTS('',4,(#1027,#1028,#1029,#1030,#1031,
    #1032,#1033,#1034),.UNSPECIFIED.,.F.,.F.,(5,3,5),(0.,0.502492828787,
    1.),.UNSPECIFIED.);
#1027 = CARTESIAN_POINT('',(-12.291,67.35,1.8));
#1028 = CARTESIAN_POINT('',(-12.68180198962,67.35,2.19080198962));
#1029 = CARTESIAN_POINT('',(-13.07256867733,67.35,2.581568677336));
#1030 = CARTESIAN_POINT('',(-13.46329807827,67.35,2.972298078272));
#1031 = CARTESIAN_POINT('',(-14.24080139692,67.35,3.749801396925));
#1032 = CARTESIAN_POINT('',(-14.62757609341,67.35,4.136576093416));
#1033 = CARTESIAN_POINT('',(-15.01430980453,67.35,4.523309804537));
#1034 = CARTESIAN_POINT('',(-15.401,67.35,4.91));
#1035 = ORIENTED_EDGE('',*,*,#800,.T.);
#1036 = ORIENTED_EDGE('',*,*,#876,.F.);
#1037 = ORIENTED_EDGE('',*,*,#892,.T.);
#1038 = ORIENTED_EDGE('',*,*,#938,.F.);
#1039 = ORIENTED_EDGE('',*,*,#1040,.F.);
#1040 = EDGE_CURVE('',#1041,#939,#1043,.T.);
#1041 = VERTEX_POINT('',#1042);
#1042 = CARTESIAN_POINT('',(-1.886,67.35,12.673502691896));
#1043 = LINE('',#1044,#1045);
#1044 = CARTESIAN_POINT('',(-1.886,67.35,12.673502691896));
#1045 = VECTOR('',#1046,1.);
#1046 = DIRECTION('',(0.866025403784,0.,-0.5));
#1047 = ORIENTED_EDGE('',*,*,#1048,.T.);
#1048 = EDGE_CURVE('',#1041,#919,#1049,.T.);
#1049 = LINE('',#1050,#1051);
#1050 = CARTESIAN_POINT('',(-1.886,67.35,12.673502691896));
#1051 = VECTOR('',#1052,1.);
#1052 = DIRECTION('',(-0.866025403784,0.,-0.5));
#1053 = PLANE('',#1054);
#1054 = AXIS2_PLACEMENT_3D('',#1055,#1056,#1057);
#1055 = CARTESIAN_POINT('',(-6.28216138786,67.35,5.367785032944));
#1056 = DIRECTION('',(-5.6E-16,-1.,-0.));
#1057 = DIRECTION('',(-1.,5.6E-16,0.));
#1058 = ADVANCED_FACE('',(#1059),#1492,.T.);
#1059 = FACE_BOUND('',#1060,.T.);
#1060 = EDGE_LOOP('',(#1061,#1071,#1077,#1078,#1086,#1094,#1103,#1111,
    #1120,#1128,#1137,#1145,#1154,#1162,#1171,#1179,#1188,#1196,#1205,
    #1213,#1222,#1230,#1239,#1247,#1256,#1264,#1273,#1281,#1290,#1298,
    #1307,#1315,#1324,#1332,#1341,#1349,#1358,#1366,#1375,#1383,#1392,
    #1400,#1409,#1417,#1426,#1434,#1443,#1451,#1460,#1468,#1477,#1485));
#1061 = ORIENTED_EDGE('',*,*,#1062,.F.);
#1062 = EDGE_CURVE('',#1063,#1065,#1067,.T.);
#1063 = VERTEX_POINT('',#1064);
#1064 = CARTESIAN_POINT('',(-8.984380061095,149.,6.8));
#1065 = VERTEX_POINT('',#1066);
#1066 = CARTESIAN_POINT('',(-8.984380061095,139.75,6.8));
#1067 = LINE('',#1068,#1069);
#1068 = CARTESIAN_POINT('',(-8.984380061095,157.95,6.8));
#1069 = VECTOR('',#1070,1.);
#1070 = DIRECTION('',(0.,-1.,4.4E-16));
#1071 = ORIENTED_EDGE('',*,*,#1072,.T.);
#1072 = EDGE_CURVE('',#1063,#201,#1073,.T.);
#1073 = LINE('',#1074,#1075);
#1074 = CARTESIAN_POINT('',(-8.984380061095,149.,6.8));
#1075 = VECTOR('',#1076,1.);
#1076 = DIRECTION('',(-1.,0.,0.));
#1077 = ORIENTED_EDGE('',*,*,#198,.F.);
#1078 = ORIENTED_EDGE('',*,*,#1079,.F.);
#1079 = EDGE_CURVE('',#1080,#199,#1082,.T.);
#1080 = VERTEX_POINT('',#1081);
#1081 = CARTESIAN_POINT('',(-8.984380061095,1.,6.8));
#1082 = LINE('',#1083,#1084);
#1083 = CARTESIAN_POINT('',(-8.984380061095,1.,6.8));
#1084 = VECTOR('',#1085,1.);
#1085 = DIRECTION('',(-1.,0.,0.));
#1086 = ORIENTED_EDGE('',*,*,#1087,.T.);
#1087 = EDGE_CURVE('',#1080,#1088,#1090,.T.);
#1088 = VERTEX_POINT('',#1089);
#1089 = CARTESIAN_POINT('',(-8.984380061095,10.25,6.8));
#1090 = LINE('',#1091,#1092);
#1091 = CARTESIAN_POINT('',(-8.984380061095,-7.95,6.8));
#1092 = VECTOR('',#1093,1.);
#1093 = DIRECTION('',(0.,1.,0.));
#1094 = ORIENTED_EDGE('',*,*,#1095,.T.);
#1095 = EDGE_CURVE('',#1088,#1096,#1098,.T.);
#1096 = VERTEX_POINT('',#1097);
#1097 = CARTESIAN_POINT('',(-8.284303023686,10.95,6.8));
#1098 = HYPERBOLA('',#1099,0.1,0.1);
#1099 = AXIS2_PLACEMENT_3D('',#1100,#1101,#1102);
#1100 = CARTESIAN_POINT('',(-1.885084321376,17.35,6.8));
#1101 = DIRECTION('',(3.07E-15,0.,1.));
#1102 = DIRECTION('',(0.,-1.,0.));
#1103 = ORIENTED_EDGE('',*,*,#1104,.T.);
#1104 = EDGE_CURVE('',#1096,#1105,#1107,.T.);
#1105 = VERTEX_POINT('',#1106);
#1106 = CARTESIAN_POINT('',(-7.785152481501,10.95,6.8));
#1107 = LINE('',#1108,#1109);
#1108 = CARTESIAN_POINT('',(-6.03920477767,10.95,6.8));
#1109 = VECTOR('',#1110,1.);
#1110 = DIRECTION('',(1.,0.,-3.07E-15));
#1111 = ORIENTED_EDGE('',*,*,#1112,.T.);
#1112 = EDGE_CURVE('',#1105,#1113,#1115,.T.);
#1113 = VERTEX_POINT('',#1114);
#1114 = CARTESIAN_POINT('',(-8.785275324264,11.95,6.8));
#1115 = HYPERBOLA('',#1116,0.1,0.1);
#1116 = AXIS2_PLACEMENT_3D('',#1117,#1118,#1119);
#1117 = CARTESIAN_POINT('',(-1.886,5.05,6.8));
#1118 = DIRECTION('',(3.07E-15,-0.,1.));
#1119 = DIRECTION('',(0.,1.,0.));
#1120 = ORIENTED_EDGE('',*,*,#1121,.T.);
#1121 = EDGE_CURVE('',#1113,#1122,#1124,.T.);
#1122 = VERTEX_POINT('',#1123);
#1123 = CARTESIAN_POINT('',(-8.785275324264,21.05,6.8));
#1124 = LINE('',#1125,#1126);
#1125 = CARTESIAN_POINT('',(-8.785275324264,1.51E-15,6.8));
#1126 = VECTOR('',#1127,1.);
#1127 = DIRECTION('',(0.,1.,-2.2E-16));
#1128 = ORIENTED_EDGE('',*,*,#1129,.T.);
#1129 = EDGE_CURVE('',#1122,#1130,#1132,.T.);
#1130 = VERTEX_POINT('',#1131);
#1131 = CARTESIAN_POINT('',(-7.785152481501,22.05,6.8));
#1132 = HYPERBOLA('',#1133,0.1,0.1);
#1133 = AXIS2_PLACEMENT_3D('',#1134,#1135,#1136);
#1134 = CARTESIAN_POINT('',(-1.886,27.95,6.8));
#1135 = DIRECTION('',(3.07E-15,0.,1.));
#1136 = DIRECTION('',(0.,-1.,0.));
#1137 = ORIENTED_EDGE('',*,*,#1138,.F.);
#1138 = EDGE_CURVE('',#1139,#1130,#1141,.T.);
#1139 = VERTEX_POINT('',#1140);
#1140 = CARTESIAN_POINT('',(-8.284303023686,22.05,6.8));
#1141 = LINE('',#1142,#1143);
#1142 = CARTESIAN_POINT('',(-6.03920477767,22.05,6.8));
#1143 = VECTOR('',#1144,1.);
#1144 = DIRECTION('',(1.,0.,-3.07E-15));
#1145 = ORIENTED_EDGE('',*,*,#1146,.T.);
#1146 = EDGE_CURVE('',#1139,#1147,#1149,.T.);
#1147 = VERTEX_POINT('',#1148);
#1148 = CARTESIAN_POINT('',(-8.984380061095,22.75,6.8));
#1149 = HYPERBOLA('',#1150,0.1,0.1);
#1150 = AXIS2_PLACEMENT_3D('',#1151,#1152,#1153);
#1151 = CARTESIAN_POINT('',(-1.885084321376,15.65,6.8));
#1152 = DIRECTION('',(3.07E-15,-0.,1.));
#1153 = DIRECTION('',(0.,1.,0.));
#1154 = ORIENTED_EDGE('',*,*,#1155,.F.);
#1155 = EDGE_CURVE('',#1156,#1147,#1158,.T.);
#1156 = VERTEX_POINT('',#1157);
#1157 = CARTESIAN_POINT('',(-8.984380061095,32.25,6.8));
#1158 = LINE('',#1159,#1160);
#1159 = CARTESIAN_POINT('',(-8.984380061095,32.95,6.8));
#1160 = VECTOR('',#1161,1.);
#1161 = DIRECTION('',(0.,-1.,0.));
#1162 = ORIENTED_EDGE('',*,*,#1163,.T.);
#1163 = EDGE_CURVE('',#1156,#1164,#1166,.T.);
#1164 = VERTEX_POINT('',#1165);
#1165 = CARTESIAN_POINT('',(-8.284303023686,32.95,6.8));
#1166 = HYPERBOLA('',#1167,0.1,0.1);
#1167 = AXIS2_PLACEMENT_3D('',#1168,#1169,#1170);
#1168 = CARTESIAN_POINT('',(-1.885084321376,39.35,6.8));
#1169 = DIRECTION('',(3.07E-15,0.,1.));
#1170 = DIRECTION('',(0.,-1.,0.));
#1171 = ORIENTED_EDGE('',*,*,#1172,.T.);
#1172 = EDGE_CURVE('',#1164,#1173,#1175,.T.);
#1173 = VERTEX_POINT('',#1174);
#1174 = CARTESIAN_POINT('',(-7.785152481501,32.95,6.8));
#1175 = LINE('',#1176,#1177);
#1176 = CARTESIAN_POINT('',(-6.03920477767,32.95,6.8));
#1177 = VECTOR('',#1178,1.);
#1178 = DIRECTION('',(1.,0.,-3.07E-15));
#1179 = ORIENTED_EDGE('',*,*,#1180,.T.);
#1180 = EDGE_CURVE('',#1173,#1181,#1183,.T.);
#1181 = VERTEX_POINT('',#1182);
#1182 = CARTESIAN_POINT('',(-8.785275324264,33.95,6.8));
#1183 = HYPERBOLA('',#1184,0.1,0.1);
#1184 = AXIS2_PLACEMENT_3D('',#1185,#1186,#1187);
#1185 = CARTESIAN_POINT('',(-1.886,27.05,6.8));
#1186 = DIRECTION('',(3.07E-15,-0.,1.));
#1187 = DIRECTION('',(0.,1.,0.));
#1188 = ORIENTED_EDGE('',*,*,#1189,.F.);
#1189 = EDGE_CURVE('',#1190,#1181,#1192,.T.);
#1190 = VERTEX_POINT('',#1191);
#1191 = CARTESIAN_POINT('',(-8.785275324264,43.05,6.8));
#1192 = LINE('',#1193,#1194);
#1193 = CARTESIAN_POINT('',(-8.785275324264,44.05,6.8));
#1194 = VECTOR('',#1195,1.);
#1195 = DIRECTION('',(-0.,-1.,-0.));
#1196 = ORIENTED_EDGE('',*,*,#1197,.T.);
#1197 = EDGE_CURVE('',#1190,#1198,#1200,.T.);
#1198 = VERTEX_POINT('',#1199);
#1199 = CARTESIAN_POINT('',(-7.785152481501,44.05,6.8));
#1200 = HYPERBOLA('',#1201,0.1,0.1);
#1201 = AXIS2_PLACEMENT_3D('',#1202,#1203,#1204);
#1202 = CARTESIAN_POINT('',(-1.886,49.95,6.8));
#1203 = DIRECTION('',(3.07E-15,0.,1.));
#1204 = DIRECTION('',(2.39E-15,-1.,-7.3373E-30));
#1205 = ORIENTED_EDGE('',*,*,#1206,.F.);
#1206 = EDGE_CURVE('',#1207,#1198,#1209,.T.);
#1207 = VERTEX_POINT('',#1208);
#1208 = CARTESIAN_POINT('',(-8.284303023686,44.05,6.8));
#1209 = LINE('',#1210,#1211);
#1210 = CARTESIAN_POINT('',(-5.712228159454,44.05,6.8));
#1211 = VECTOR('',#1212,1.);
#1212 = DIRECTION('',(1.,2.39E-15,-3.07E-15));
#1213 = ORIENTED_EDGE('',*,*,#1214,.F.);
#1214 = EDGE_CURVE('',#1215,#1207,#1217,.T.);
#1215 = VERTEX_POINT('',#1216);
#1216 = CARTESIAN_POINT('',(-8.984380061095,44.75,6.8));
#1217 = HYPERBOLA('',#1218,9.999999999999E-02,9.999999999999E-02);
#1218 = AXIS2_PLACEMENT_3D('',#1219,#1220,#1221);
#1219 = CARTESIAN_POINT('',(-1.885084321376,37.65,6.8));
#1220 = DIRECTION('',(-3.07E-15,0.,-1.));
#1221 = DIRECTION('',(-2.39E-15,1.,7.3373E-30));
#1222 = ORIENTED_EDGE('',*,*,#1223,.F.);
#1223 = EDGE_CURVE('',#1224,#1215,#1226,.T.);
#1224 = VERTEX_POINT('',#1225);
#1225 = CARTESIAN_POINT('',(-8.984380061095,55.65,6.8));
#1226 = LINE('',#1227,#1228);
#1227 = CARTESIAN_POINT('',(-8.984380061095,56.35,6.8));
#1228 = VECTOR('',#1229,1.);
#1229 = DIRECTION('',(0.,-1.,0.));
#1230 = ORIENTED_EDGE('',*,*,#1231,.F.);
#1231 = EDGE_CURVE('',#1232,#1224,#1234,.T.);
#1232 = VERTEX_POINT('',#1233);
#1233 = CARTESIAN_POINT('',(-8.284303023686,56.35,6.8));
#1234 = HYPERBOLA('',#1235,0.1,0.1);
#1235 = AXIS2_PLACEMENT_3D('',#1236,#1237,#1238);
#1236 = CARTESIAN_POINT('',(-1.885084321376,62.75,6.8));
#1237 = DIRECTION('',(-3.07E-15,-0.,-1.));
#1238 = DIRECTION('',(0.,-1.,0.));
#1239 = ORIENTED_EDGE('',*,*,#1240,.T.);
#1240 = EDGE_CURVE('',#1232,#1241,#1243,.T.);
#1241 = VERTEX_POINT('',#1242);
#1242 = CARTESIAN_POINT('',(-7.785152481501,56.35,6.8));
#1243 = LINE('',#1244,#1245);
#1244 = CARTESIAN_POINT('',(-5.909717923434,56.35,6.8));
#1245 = VECTOR('',#1246,1.);
#1246 = DIRECTION('',(1.,0.,-3.07E-15));
#1247 = ORIENTED_EDGE('',*,*,#1248,.T.);
#1248 = EDGE_CURVE('',#1241,#1249,#1251,.T.);
#1249 = VERTEX_POINT('',#1250);
#1250 = CARTESIAN_POINT('',(-8.785275324264,57.35,6.8));
#1251 = HYPERBOLA('',#1252,0.1,0.1);
#1252 = AXIS2_PLACEMENT_3D('',#1253,#1254,#1255);
#1253 = CARTESIAN_POINT('',(-1.886,50.45,6.8));
#1254 = DIRECTION('',(3.07E-15,-0.,1.));
#1255 = DIRECTION('',(0.,1.,0.));
#1256 = ORIENTED_EDGE('',*,*,#1257,.F.);
#1257 = EDGE_CURVE('',#1258,#1249,#1260,.T.);
#1258 = VERTEX_POINT('',#1259);
#1259 = CARTESIAN_POINT('',(-8.785275324264,67.85,6.8));
#1260 = LINE('',#1261,#1262);
#1261 = CARTESIAN_POINT('',(-8.785275324264,68.85,6.8));
#1262 = VECTOR('',#1263,1.);
#1263 = DIRECTION('',(0.,-1.,0.));
#1264 = ORIENTED_EDGE('',*,*,#1265,.T.);
#1265 = EDGE_CURVE('',#1258,#1266,#1268,.T.);
#1266 = VERTEX_POINT('',#1267);
#1267 = CARTESIAN_POINT('',(-7.785152481501,68.85,6.8));
#1268 = HYPERBOLA('',#1269,0.1,0.1);
#1269 = AXIS2_PLACEMENT_3D('',#1270,#1271,#1272);
#1270 = CARTESIAN_POINT('',(-1.886,74.75,6.8));
#1271 = DIRECTION('',(3.07E-15,0.,1.));
#1272 = DIRECTION('',(0.,-1.,0.));
#1273 = ORIENTED_EDGE('',*,*,#1274,.F.);
#1274 = EDGE_CURVE('',#1275,#1266,#1277,.T.);
#1275 = VERTEX_POINT('',#1276);
#1276 = CARTESIAN_POINT('',(-8.284303023686,68.85,6.8));
#1277 = LINE('',#1278,#1279);
#1278 = CARTESIAN_POINT('',(-5.909717923434,68.85,6.8));
#1279 = VECTOR('',#1280,1.);
#1280 = DIRECTION('',(1.,0.,-3.07E-15));
#1281 = ORIENTED_EDGE('',*,*,#1282,.F.);
#1282 = EDGE_CURVE('',#1283,#1275,#1285,.T.);
#1283 = VERTEX_POINT('',#1284);
#1284 = CARTESIAN_POINT('',(-8.984380061095,69.55,6.8));
#1285 = HYPERBOLA('',#1286,0.1,0.1);
#1286 = AXIS2_PLACEMENT_3D('',#1287,#1288,#1289);
#1287 = CARTESIAN_POINT('',(-1.885084321376,62.45,6.8));
#1288 = DIRECTION('',(-3.07E-15,0.,-1.));
#1289 = DIRECTION('',(0.,1.,0.));
#1290 = ORIENTED_EDGE('',*,*,#1291,.F.);
#1291 = EDGE_CURVE('',#1292,#1283,#1294,.T.);
#1292 = VERTEX_POINT('',#1293);
#1293 = CARTESIAN_POINT('',(-8.984380061095,80.45,6.8));
#1294 = LINE('',#1295,#1296);
#1295 = CARTESIAN_POINT('',(-8.984380061095,81.15,6.8));
#1296 = VECTOR('',#1297,1.);
#1297 = DIRECTION('',(0.,-1.,0.));
#1298 = ORIENTED_EDGE('',*,*,#1299,.F.);
#1299 = EDGE_CURVE('',#1300,#1292,#1302,.T.);
#1300 = VERTEX_POINT('',#1301);
#1301 = CARTESIAN_POINT('',(-8.284303023686,81.15,6.8));
#1302 = HYPERBOLA('',#1303,9.999999999999E-02,9.999999999999E-02);
#1303 = AXIS2_PLACEMENT_3D('',#1304,#1305,#1306);
#1304 = CARTESIAN_POINT('',(-1.885084321376,87.55,6.8));
#1305 = DIRECTION('',(-3.07E-15,-0.,-1.));
#1306 = DIRECTION('',(0.,-1.,0.));
#1307 = ORIENTED_EDGE('',*,*,#1308,.T.);
#1308 = EDGE_CURVE('',#1300,#1309,#1311,.T.);
#1309 = VERTEX_POINT('',#1310);
#1310 = CARTESIAN_POINT('',(-7.785152481501,81.15,6.8));
#1311 = LINE('',#1312,#1313);
#1312 = CARTESIAN_POINT('',(-5.909717923434,81.15,6.8));
#1313 = VECTOR('',#1314,1.);
#1314 = DIRECTION('',(1.,0.,-3.07E-15));
#1315 = ORIENTED_EDGE('',*,*,#1316,.T.);
#1316 = EDGE_CURVE('',#1309,#1317,#1319,.T.);
#1317 = VERTEX_POINT('',#1318);
#1318 = CARTESIAN_POINT('',(-8.785275324264,82.15,6.8));
#1319 = HYPERBOLA('',#1320,0.1,0.1);
#1320 = AXIS2_PLACEMENT_3D('',#1321,#1322,#1323);
#1321 = CARTESIAN_POINT('',(-1.886,75.25,6.8));
#1322 = DIRECTION('',(3.07E-15,-0.,1.));
#1323 = DIRECTION('',(0.,1.,0.));
#1324 = ORIENTED_EDGE('',*,*,#1325,.T.);
#1325 = EDGE_CURVE('',#1317,#1326,#1328,.T.);
#1326 = VERTEX_POINT('',#1327);
#1327 = CARTESIAN_POINT('',(-8.785275324264,92.65,6.8));
#1328 = LINE('',#1329,#1330);
#1329 = CARTESIAN_POINT('',(-8.785275324264,81.15,6.8));
#1330 = VECTOR('',#1331,1.);
#1331 = DIRECTION('',(0.,1.,-4.4E-16));
#1332 = ORIENTED_EDGE('',*,*,#1333,.T.);
#1333 = EDGE_CURVE('',#1326,#1334,#1336,.T.);
#1334 = VERTEX_POINT('',#1335);
#1335 = CARTESIAN_POINT('',(-7.785152481501,93.65,6.8));
#1336 = HYPERBOLA('',#1337,0.1,0.1);
#1337 = AXIS2_PLACEMENT_3D('',#1338,#1339,#1340);
#1338 = CARTESIAN_POINT('',(-1.886,99.55,6.8));
#1339 = DIRECTION('',(3.07E-15,0.,1.));
#1340 = DIRECTION('',(0.,-1.,0.));
#1341 = ORIENTED_EDGE('',*,*,#1342,.F.);
#1342 = EDGE_CURVE('',#1343,#1334,#1345,.T.);
#1343 = VERTEX_POINT('',#1344);
#1344 = CARTESIAN_POINT('',(-8.284303023686,93.65,6.8));
#1345 = LINE('',#1346,#1347);
#1346 = CARTESIAN_POINT('',(-5.909717923434,93.65,6.8));
#1347 = VECTOR('',#1348,1.);
#1348 = DIRECTION('',(1.,0.,-3.07E-15));
#1349 = ORIENTED_EDGE('',*,*,#1350,.F.);
#1350 = EDGE_CURVE('',#1351,#1343,#1353,.T.);
#1351 = VERTEX_POINT('',#1352);
#1352 = CARTESIAN_POINT('',(-8.984380061095,94.35,6.8));
#1353 = HYPERBOLA('',#1354,0.1,0.1);
#1354 = AXIS2_PLACEMENT_3D('',#1355,#1356,#1357);
#1355 = CARTESIAN_POINT('',(-1.885084321376,87.25,6.8));
#1356 = DIRECTION('',(-3.07E-15,0.,-1.));
#1357 = DIRECTION('',(0.,1.,0.));
#1358 = ORIENTED_EDGE('',*,*,#1359,.T.);
#1359 = EDGE_CURVE('',#1351,#1360,#1362,.T.);
#1360 = VERTEX_POINT('',#1361);
#1361 = CARTESIAN_POINT('',(-8.984380061095,105.25,6.8));
#1362 = LINE('',#1363,#1364);
#1363 = CARTESIAN_POINT('',(-8.984380061095,93.65,6.8));
#1364 = VECTOR('',#1365,1.);
#1365 = DIRECTION('',(0.,1.,-4.4E-16));
#1366 = ORIENTED_EDGE('',*,*,#1367,.F.);
#1367 = EDGE_CURVE('',#1368,#1360,#1370,.T.);
#1368 = VERTEX_POINT('',#1369);
#1369 = CARTESIAN_POINT('',(-8.284303023686,105.95,6.8));
#1370 = HYPERBOLA('',#1371,0.1,0.1);
#1371 = AXIS2_PLACEMENT_3D('',#1372,#1373,#1374);
#1372 = CARTESIAN_POINT('',(-1.885084321376,112.35,6.8));
#1373 = DIRECTION('',(-3.07E-15,0.,-1.));
#1374 = DIRECTION('',(-3.5E-15,-1.,1.0745E-29));
#1375 = ORIENTED_EDGE('',*,*,#1376,.T.);
#1376 = EDGE_CURVE('',#1368,#1377,#1379,.T.);
#1377 = VERTEX_POINT('',#1378);
#1378 = CARTESIAN_POINT('',(-7.785152481501,105.95,6.8));
#1379 = LINE('',#1380,#1381);
#1380 = CARTESIAN_POINT('',(-5.712228159454,105.95,6.8));
#1381 = VECTOR('',#1382,1.);
#1382 = DIRECTION('',(1.,-3.5E-15,-3.07E-15));
#1383 = ORIENTED_EDGE('',*,*,#1384,.T.);
#1384 = EDGE_CURVE('',#1377,#1385,#1387,.T.);
#1385 = VERTEX_POINT('',#1386);
#1386 = CARTESIAN_POINT('',(-8.785275324264,106.95,6.8));
#1387 = HYPERBOLA('',#1388,1.E-01,1.E-01);
#1388 = AXIS2_PLACEMENT_3D('',#1389,#1390,#1391);
#1389 = CARTESIAN_POINT('',(-1.886,100.05,6.8));
#1390 = DIRECTION('',(3.07E-15,0.,1.));
#1391 = DIRECTION('',(3.5E-15,1.,-1.0745E-29));
#1392 = ORIENTED_EDGE('',*,*,#1393,.T.);
#1393 = EDGE_CURVE('',#1385,#1394,#1396,.T.);
#1394 = VERTEX_POINT('',#1395);
#1395 = CARTESIAN_POINT('',(-8.785275324264,116.05,6.8));
#1396 = LINE('',#1397,#1398);
#1397 = CARTESIAN_POINT('',(-8.785275324264,105.95,6.8));
#1398 = VECTOR('',#1399,1.);
#1399 = DIRECTION('',(0.,1.,-4.4E-16));
#1400 = ORIENTED_EDGE('',*,*,#1401,.T.);
#1401 = EDGE_CURVE('',#1394,#1402,#1404,.T.);
#1402 = VERTEX_POINT('',#1403);
#1403 = CARTESIAN_POINT('',(-7.785152481501,117.05,6.8));
#1404 = HYPERBOLA('',#1405,0.1,0.1);
#1405 = AXIS2_PLACEMENT_3D('',#1406,#1407,#1408);
#1406 = CARTESIAN_POINT('',(-1.886,122.95,6.8));
#1407 = DIRECTION('',(3.07E-15,0.,1.));
#1408 = DIRECTION('',(0.,-1.,0.));
#1409 = ORIENTED_EDGE('',*,*,#1410,.F.);
#1410 = EDGE_CURVE('',#1411,#1402,#1413,.T.);
#1411 = VERTEX_POINT('',#1412);
#1412 = CARTESIAN_POINT('',(-8.284303023686,117.05,6.8));
#1413 = LINE('',#1414,#1415);
#1414 = CARTESIAN_POINT('',(-6.03920477767,117.05,6.8));
#1415 = VECTOR('',#1416,1.);
#1416 = DIRECTION('',(1.,0.,-3.07E-15));
#1417 = ORIENTED_EDGE('',*,*,#1418,.T.);
#1418 = EDGE_CURVE('',#1411,#1419,#1421,.T.);
#1419 = VERTEX_POINT('',#1420);
#1420 = CARTESIAN_POINT('',(-8.984380061095,117.75,6.8));
#1421 = HYPERBOLA('',#1422,0.1,0.1);
#1422 = AXIS2_PLACEMENT_3D('',#1423,#1424,#1425);
#1423 = CARTESIAN_POINT('',(-1.885084321376,110.65,6.8));
#1424 = DIRECTION('',(3.07E-15,-0.,1.));
#1425 = DIRECTION('',(0.,1.,0.));
#1426 = ORIENTED_EDGE('',*,*,#1427,.T.);
#1427 = EDGE_CURVE('',#1419,#1428,#1430,.T.);
#1428 = VERTEX_POINT('',#1429);
#1429 = CARTESIAN_POINT('',(-8.984380061095,127.25,6.8));
#1430 = LINE('',#1431,#1432);
#1431 = CARTESIAN_POINT('',(-8.984380061095,117.05,6.8));
#1432 = VECTOR('',#1433,1.);
#1433 = DIRECTION('',(0.,1.,-4.4E-16));
#1434 = ORIENTED_EDGE('',*,*,#1435,.T.);
#1435 = EDGE_CURVE('',#1428,#1436,#1438,.T.);
#1436 = VERTEX_POINT('',#1437);
#1437 = CARTESIAN_POINT('',(-8.284303023686,127.95,6.8));
#1438 = HYPERBOLA('',#1439,0.1,0.1);
#1439 = AXIS2_PLACEMENT_3D('',#1440,#1441,#1442);
#1440 = CARTESIAN_POINT('',(-1.885084321376,134.35,6.8));
#1441 = DIRECTION('',(3.07E-15,0.,1.));
#1442 = DIRECTION('',(0.,-1.,0.));
#1443 = ORIENTED_EDGE('',*,*,#1444,.T.);
#1444 = EDGE_CURVE('',#1436,#1445,#1447,.T.);
#1445 = VERTEX_POINT('',#1446);
#1446 = CARTESIAN_POINT('',(-7.785152481501,127.95,6.8));
#1447 = LINE('',#1448,#1449);
#1448 = CARTESIAN_POINT('',(-6.03920477767,127.95,6.8));
#1449 = VECTOR('',#1450,1.);
#1450 = DIRECTION('',(1.,0.,-3.07E-15));
#1451 = ORIENTED_EDGE('',*,*,#1452,.T.);
#1452 = EDGE_CURVE('',#1445,#1453,#1455,.T.);
#1453 = VERTEX_POINT('',#1454);
#1454 = CARTESIAN_POINT('',(-8.785275324264,128.95,6.8));
#1455 = HYPERBOLA('',#1456,0.1,0.1);
#1456 = AXIS2_PLACEMENT_3D('',#1457,#1458,#1459);
#1457 = CARTESIAN_POINT('',(-1.886,122.05,6.8));
#1458 = DIRECTION('',(3.07E-15,-0.,1.));
#1459 = DIRECTION('',(0.,1.,0.));
#1460 = ORIENTED_EDGE('',*,*,#1461,.T.);
#1461 = EDGE_CURVE('',#1453,#1462,#1464,.T.);
#1462 = VERTEX_POINT('',#1463);
#1463 = CARTESIAN_POINT('',(-8.785275324264,138.05,6.8));
#1464 = LINE('',#1465,#1466);
#1465 = CARTESIAN_POINT('',(-8.785275324264,127.95,6.8));
#1466 = VECTOR('',#1467,1.);
#1467 = DIRECTION('',(0.,1.,-4.4E-16));
#1468 = ORIENTED_EDGE('',*,*,#1469,.F.);
#1469 = EDGE_CURVE('',#1470,#1462,#1472,.T.);
#1470 = VERTEX_POINT('',#1471);
#1471 = CARTESIAN_POINT('',(-7.785152481501,139.05,6.8));
#1472 = HYPERBOLA('',#1473,1.E-01,1.E-01);
#1473 = AXIS2_PLACEMENT_3D('',#1474,#1475,#1476);
#1474 = CARTESIAN_POINT('',(-1.886,144.95,6.8));
#1475 = DIRECTION('',(-3.07E-15,-0.,-1.));
#1476 = DIRECTION('',(0.,-1.,0.));
#1477 = ORIENTED_EDGE('',*,*,#1478,.F.);
#1478 = EDGE_CURVE('',#1479,#1470,#1481,.T.);
#1479 = VERTEX_POINT('',#1480);
#1480 = CARTESIAN_POINT('',(-8.284303023686,139.05,6.8));
#1481 = LINE('',#1482,#1483);
#1482 = CARTESIAN_POINT('',(-6.03920477767,139.05,6.8));
#1483 = VECTOR('',#1484,1.);
#1484 = DIRECTION('',(1.,0.,-3.07E-15));
#1485 = ORIENTED_EDGE('',*,*,#1486,.T.);
#1486 = EDGE_CURVE('',#1479,#1065,#1487,.T.);
#1487 = HYPERBOLA('',#1488,0.1,0.1);
#1488 = AXIS2_PLACEMENT_3D('',#1489,#1490,#1491);
#1489 = CARTESIAN_POINT('',(-1.885084321376,132.65,6.8));
#1490 = DIRECTION('',(3.07E-15,-0.,1.));
#1491 = DIRECTION('',(0.,1.,0.));
#1492 = PLANE('',#1493);
#1493 = AXIS2_PLACEMENT_3D('',#1494,#1495,#1496);
#1494 = CARTESIAN_POINT('',(-9.285170693288,75.,6.8));
#1495 = DIRECTION('',(3.07E-15,0.,1.));
#1496 = DIRECTION('',(1.,0.,-3.07E-15));
#1497 = ADVANCED_FACE('',(#1498),#1517,.F.);
#1498 = FACE_BOUND('',#1499,.T.);
#1499 = EDGE_LOOP('',(#1500,#1509,#1510,#1511));
#1500 = ORIENTED_EDGE('',*,*,#1501,.F.);
#1501 = EDGE_CURVE('',#1080,#1502,#1504,.T.);
#1502 = VERTEX_POINT('',#1503);
#1503 = CARTESIAN_POINT('',(-8.899355488076,0.,5.8));
#1504 = ELLIPSE('',#1505,10.040916292849,7.1);
#1505 = AXIS2_PLACEMENT_3D('',#1506,#1507,#1508);
#1506 = CARTESIAN_POINT('',(-1.885084321376,1.1,6.9));
#1507 = DIRECTION('',(2.13E-15,-0.707106781187,0.707106781187));
#1508 = DIRECTION('',(-2.13E-15,-0.707106781187,-0.707106781187));
#1509 = ORIENTED_EDGE('',*,*,#1079,.T.);
#1510 = ORIENTED_EDGE('',*,*,#208,.T.);
#1511 = ORIENTED_EDGE('',*,*,#1512,.F.);
#1512 = EDGE_CURVE('',#1502,#209,#1513,.T.);
#1513 = LINE('',#1514,#1515);
#1514 = CARTESIAN_POINT('',(-8.984380061095,1.1E-16,5.8));
#1515 = VECTOR('',#1516,1.);
#1516 = DIRECTION('',(-1.,0.,0.));
#1517 = PLANE('',#1518);
#1518 = AXIS2_PLACEMENT_3D('',#1519,#1520,#1521);
#1519 = CARTESIAN_POINT('',(-8.984380061095,0.5,6.3));
#1520 = DIRECTION('',(-2.13E-15,0.707106781187,-0.707106781187));
#1521 = DIRECTION('',(1.,1.506137443927E-15,-1.506137443927E-15));
#1522 = ADVANCED_FACE('',(#1523),#1542,.F.);
#1523 = FACE_BOUND('',#1524,.F.);
#1524 = EDGE_LOOP('',(#1525,#1534,#1535,#1536));
#1525 = ORIENTED_EDGE('',*,*,#1526,.F.);
#1526 = EDGE_CURVE('',#1063,#1527,#1529,.T.);
#1527 = VERTEX_POINT('',#1528);
#1528 = CARTESIAN_POINT('',(-8.899355488076,150.,5.8));
#1529 = ELLIPSE('',#1530,10.040916292849,7.1);
#1530 = AXIS2_PLACEMENT_3D('',#1531,#1532,#1533);
#1531 = CARTESIAN_POINT('',(-1.885084321376,148.9,6.9));
#1532 = DIRECTION('',(-2.2E-15,-0.707106781187,-0.707106781187));
#1533 = DIRECTION('',(-2.2E-15,0.707106781187,-0.707106781187));
#1534 = ORIENTED_EDGE('',*,*,#1072,.T.);
#1535 = ORIENTED_EDGE('',*,*,#368,.T.);
#1536 = ORIENTED_EDGE('',*,*,#1537,.F.);
#1537 = EDGE_CURVE('',#1527,#361,#1538,.T.);
#1538 = LINE('',#1539,#1540);
#1539 = CARTESIAN_POINT('',(-8.984380061095,150.,5.8));
#1540 = VECTOR('',#1541,1.);
#1541 = DIRECTION('',(-1.,0.,0.));
#1542 = PLANE('',#1543);
#1543 = AXIS2_PLACEMENT_3D('',#1544,#1545,#1546);
#1544 = CARTESIAN_POINT('',(-8.984380061095,149.5,6.3));
#1545 = DIRECTION('',(-2.2E-15,-0.707106781187,-0.707106781187));
#1546 = DIRECTION('',(-1.,1.55563491861E-15,1.55563491861E-15));
#1547 = ADVANCED_FACE('',(#1548),#1591,.T.);
#1548 = FACE_BOUND('',#1549,.F.);
#1549 = EDGE_LOOP('',(#1550,#1559,#1567,#1575,#1583,#1589,#1590));
#1550 = ORIENTED_EDGE('',*,*,#1551,.T.);
#1551 = EDGE_CURVE('',#1502,#1552,#1554,.T.);
#1552 = VERTEX_POINT('',#1553);
#1553 = CARTESIAN_POINT('',(-6.90554164747,0.,1.879541033246));
#1554 = CIRCLE('',#1555,7.1);
#1555 = AXIS2_PLACEMENT_3D('',#1556,#1557,#1558);
#1556 = CARTESIAN_POINT('',(-1.885084321376,0.,6.9));
#1557 = DIRECTION('',(0.,-1.,2.2E-16));
#1558 = DIRECTION('',(-1.,0.,0.));
#1559 = ORIENTED_EDGE('',*,*,#1560,.T.);
#1560 = EDGE_CURVE('',#1552,#1561,#1563,.T.);
#1561 = VERTEX_POINT('',#1562);
#1562 = CARTESIAN_POINT('',(-6.626000522872,2.6E-14,1.6));
#1563 = LINE('',#1564,#1565);
#1564 = CARTESIAN_POINT('',(-16.62278539008,1.1E-16,11.596781600318));
#1565 = VECTOR('',#1566,1.);
#1566 = DIRECTION('',(0.707106896726,0.,-0.707106665647));
#1567 = ORIENTED_EDGE('',*,*,#1568,.F.);
#1568 = EDGE_CURVE('',#1569,#1561,#1571,.T.);
#1569 = VERTEX_POINT('',#1570);
#1570 = CARTESIAN_POINT('',(-104.301,0.,1.6));
#1571 = LINE('',#1572,#1573);
#1572 = CARTESIAN_POINT('',(-104.301,1.1E-16,1.6));
#1573 = VECTOR('',#1574,1.);
#1574 = DIRECTION('',(1.,0.,-9.3E-16));
#1575 = ORIENTED_EDGE('',*,*,#1576,.T.);
#1576 = EDGE_CURVE('',#1569,#1577,#1579,.T.);
#1577 = VERTEX_POINT('',#1578);
#1578 = CARTESIAN_POINT('',(-104.301,-2.E-15,4.9));
#1579 = LINE('',#1580,#1581);
#1580 = CARTESIAN_POINT('',(-104.301,-1.78E-15,0.));
#1581 = VECTOR('',#1582,1.);
#1582 = DIRECTION('',(0.,0.,1.));
#1583 = ORIENTED_EDGE('',*,*,#1584,.F.);
#1584 = EDGE_CURVE('',#217,#1577,#1585,.T.);
#1585 = LINE('',#1586,#1587);
#1586 = CARTESIAN_POINT('',(-3.774,0.,4.9));
#1587 = VECTOR('',#1588,1.);
#1588 = DIRECTION('',(-1.,-0.,-0.));
#1589 = ORIENTED_EDGE('',*,*,#216,.F.);
#1590 = ORIENTED_EDGE('',*,*,#1512,.F.);
#1591 = PLANE('',#1592);
#1592 = AXIS2_PLACEMENT_3D('',#1593,#1594,#1595);
#1593 = CARTESIAN_POINT('',(-48.29706947781,2.1E-16,3.116057941773));
#1594 = DIRECTION('',(0.,-1.,0.));
#1595 = DIRECTION('',(0.,0.,1.));
#1596 = ADVANCED_FACE('',(#1597),#1640,.T.);
#1597 = FACE_BOUND('',#1598,.F.);
#1598 = EDGE_LOOP('',(#1599,#1600,#1608,#1616,#1624,#1632,#1639));
#1599 = ORIENTED_EDGE('',*,*,#360,.T.);
#1600 = ORIENTED_EDGE('',*,*,#1601,.F.);
#1601 = EDGE_CURVE('',#1602,#353,#1604,.T.);
#1602 = VERTEX_POINT('',#1603);
#1603 = CARTESIAN_POINT('',(-104.301,150.,4.9));
#1604 = LINE('',#1605,#1606);
#1605 = CARTESIAN_POINT('',(-115.301,150.,4.9));
#1606 = VECTOR('',#1607,1.);
#1607 = DIRECTION('',(1.,0.,0.));
#1608 = ORIENTED_EDGE('',*,*,#1609,.F.);
#1609 = EDGE_CURVE('',#1610,#1602,#1612,.T.);
#1610 = VERTEX_POINT('',#1611);
#1611 = CARTESIAN_POINT('',(-104.301,150.,1.6));
#1612 = LINE('',#1613,#1614);
#1613 = CARTESIAN_POINT('',(-104.301,150.,0.));
#1614 = VECTOR('',#1615,1.);
#1615 = DIRECTION('',(0.,0.,1.));
#1616 = ORIENTED_EDGE('',*,*,#1617,.F.);
#1617 = EDGE_CURVE('',#1618,#1610,#1620,.T.);
#1618 = VERTEX_POINT('',#1619);
#1619 = CARTESIAN_POINT('',(-6.626000522872,150.,1.6));
#1620 = LINE('',#1621,#1622);
#1621 = CARTESIAN_POINT('',(-5.026,150.,1.6));
#1622 = VECTOR('',#1623,1.);
#1623 = DIRECTION('',(-1.,0.,9.3E-16));
#1624 = ORIENTED_EDGE('',*,*,#1625,.F.);
#1625 = EDGE_CURVE('',#1626,#1618,#1628,.T.);
#1626 = VERTEX_POINT('',#1627);
#1627 = CARTESIAN_POINT('',(-6.90554164747,150.,1.879541033245));
#1628 = LINE('',#1629,#1630);
#1629 = CARTESIAN_POINT('',(-16.62278539008,150.,11.596781600318));
#1630 = VECTOR('',#1631,1.);
#1631 = DIRECTION('',(0.707106896726,0.,-0.707106665647));
#1632 = ORIENTED_EDGE('',*,*,#1633,.T.);
#1633 = EDGE_CURVE('',#1626,#1527,#1634,.T.);
#1634 = CIRCLE('',#1635,7.1);
#1635 = AXIS2_PLACEMENT_3D('',#1636,#1637,#1638);
#1636 = CARTESIAN_POINT('',(-1.885084321376,150.,6.9));
#1637 = DIRECTION('',(0.,1.,-2.2E-16));
#1638 = DIRECTION('',(-1.,0.,0.));
#1639 = ORIENTED_EDGE('',*,*,#1537,.T.);
#1640 = PLANE('',#1641);
#1641 = AXIS2_PLACEMENT_3D('',#1642,#1643,#1644);
#1642 = CARTESIAN_POINT('',(-48.29706947781,150.,3.116057941773));
#1643 = DIRECTION('',(0.,1.,0.));
#1644 = DIRECTION('',(0.,0.,-1.));
#1645 = ADVANCED_FACE('',(#1646),#1716,.T.);
#1646 = FACE_BOUND('',#1647,.F.);
#1647 = EDGE_LOOP('',(#1648,#1649,#1650,#1658,#1667,#1675,#1684,#1690,
    #1691,#1692,#1701,#1709));
#1648 = ORIENTED_EDGE('',*,*,#1601,.T.);
#1649 = ORIENTED_EDGE('',*,*,#352,.T.);
#1650 = ORIENTED_EDGE('',*,*,#1651,.F.);
#1651 = EDGE_CURVE('',#1652,#345,#1654,.T.);
#1652 = VERTEX_POINT('',#1653);
#1653 = CARTESIAN_POINT('',(-104.3009882123,148.49999999998,4.9));
#1654 = LINE('',#1655,#1656);
#1655 = CARTESIAN_POINT('',(-104.3010031045,148.49999999999,4.9));
#1656 = VECTOR('',#1657,1.);
#1657 = DIRECTION('',(1.,0.,0.));
#1658 = ORIENTED_EDGE('',*,*,#1659,.F.);
#1659 = EDGE_CURVE('',#1660,#1652,#1662,.T.);
#1660 = VERTEX_POINT('',#1661);
#1661 = CARTESIAN_POINT('',(-113.8009999999,139.,4.9));
#1662 = CIRCLE('',#1663,9.499999999999);
#1663 = AXIS2_PLACEMENT_3D('',#1664,#1665,#1666);
#1664 = CARTESIAN_POINT('',(-104.301,139.,4.9));
#1665 = DIRECTION('',(0.,0.,-1.));
#1666 = DIRECTION('',(-1.,-0.,-0.));
#1667 = ORIENTED_EDGE('',*,*,#1668,.F.);
#1668 = EDGE_CURVE('',#1669,#1660,#1671,.T.);
#1669 = VERTEX_POINT('',#1670);
#1670 = CARTESIAN_POINT('',(-113.8009999999,10.999996895448,4.9));
#1671 = LINE('',#1672,#1673);
#1672 = CARTESIAN_POINT('',(-113.8009999999,10.999996895448,4.9));
#1673 = VECTOR('',#1674,1.);
#1674 = DIRECTION('',(0.,1.,0.));
#1675 = ORIENTED_EDGE('',*,*,#1676,.F.);
#1676 = EDGE_CURVE('',#1677,#1669,#1679,.T.);
#1677 = VERTEX_POINT('',#1678);
#1678 = CARTESIAN_POINT('',(-104.301,1.5,4.9));
#1679 = CIRCLE('',#1680,9.5);
#1680 = AXIS2_PLACEMENT_3D('',#1681,#1682,#1683);
#1681 = CARTESIAN_POINT('',(-104.301,11.,4.9));
#1682 = DIRECTION('',(0.,0.,-1.));
#1683 = DIRECTION('',(-1.,-0.,-0.));
#1684 = ORIENTED_EDGE('',*,*,#1685,.F.);
#1685 = EDGE_CURVE('',#225,#1677,#1686,.T.);
#1686 = LINE('',#1687,#1688);
#1687 = CARTESIAN_POINT('',(-9.684,1.5,4.9));
#1688 = VECTOR('',#1689,1.);
#1689 = DIRECTION('',(-1.,-0.,-0.));
#1690 = ORIENTED_EDGE('',*,*,#224,.T.);
#1691 = ORIENTED_EDGE('',*,*,#1584,.T.);
#1692 = ORIENTED_EDGE('',*,*,#1693,.T.);
#1693 = EDGE_CURVE('',#1577,#1694,#1696,.T.);
#1694 = VERTEX_POINT('',#1695);
#1695 = CARTESIAN_POINT('',(-115.301,11.,4.9));
#1696 = CIRCLE('',#1697,11.);
#1697 = AXIS2_PLACEMENT_3D('',#1698,#1699,#1700);
#1698 = CARTESIAN_POINT('',(-104.301,11.,4.9));
#1699 = DIRECTION('',(-0.,-0.,-1.));
#1700 = DIRECTION('',(0.,-1.,0.));
#1701 = ORIENTED_EDGE('',*,*,#1702,.T.);
#1702 = EDGE_CURVE('',#1694,#1703,#1705,.T.);
#1703 = VERTEX_POINT('',#1704);
#1704 = CARTESIAN_POINT('',(-115.301,139.,4.9));
#1705 = LINE('',#1706,#1707);
#1706 = CARTESIAN_POINT('',(-115.301,0.,4.9));
#1707 = VECTOR('',#1708,1.);
#1708 = DIRECTION('',(0.,1.,0.));
#1709 = ORIENTED_EDGE('',*,*,#1710,.T.);
#1710 = EDGE_CURVE('',#1703,#1602,#1711,.T.);
#1711 = CIRCLE('',#1712,11.);
#1712 = AXIS2_PLACEMENT_3D('',#1713,#1714,#1715);
#1713 = CARTESIAN_POINT('',(-104.301,139.,4.9));
#1714 = DIRECTION('',(-0.,-0.,-1.));
#1715 = DIRECTION('',(0.,-1.,0.));
#1716 = PLANE('',#1717);
#1717 = AXIS2_PLACEMENT_3D('',#1718,#1719,#1720);
#1718 = CARTESIAN_POINT('',(-59.5375,75.,4.9));
#1719 = DIRECTION('',(0.,0.,1.));
#1720 = DIRECTION('',(1.,0.,0.));
#1721 = ADVANCED_FACE('',(#1722),#1788,.F.);
#1722 = FACE_BOUND('',#1723,.T.);
#1723 = EDGE_LOOP('',(#1724,#1725,#1733,#1741,#1749,#1757,#1765,#1773,
    #1781,#1787));
#1724 = ORIENTED_EDGE('',*,*,#232,.T.);
#1725 = ORIENTED_EDGE('',*,*,#1726,.T.);
#1726 = EDGE_CURVE('',#233,#1727,#1729,.T.);
#1727 = VERTEX_POINT('',#1728);
#1728 = CARTESIAN_POINT('',(-27.801,1.5,3.7));
#1729 = LINE('',#1730,#1731);
#1730 = CARTESIAN_POINT('',(-9.684,1.5,3.7));
#1731 = VECTOR('',#1732,1.);
#1732 = DIRECTION('',(-1.,-0.,-0.));
#1733 = ORIENTED_EDGE('',*,*,#1734,.T.);
#1734 = EDGE_CURVE('',#1727,#1735,#1737,.T.);
#1735 = VERTEX_POINT('',#1736);
#1736 = CARTESIAN_POINT('',(-43.801,1.5,3.7));
#1737 = LINE('',#1738,#1739);
#1738 = CARTESIAN_POINT('',(-9.684,1.5,3.7));
#1739 = VECTOR('',#1740,1.);
#1740 = DIRECTION('',(-1.,-0.,-0.));
#1741 = ORIENTED_EDGE('',*,*,#1742,.T.);
#1742 = EDGE_CURVE('',#1735,#1743,#1745,.T.);
#1743 = VERTEX_POINT('',#1744);
#1744 = CARTESIAN_POINT('',(-54.801,1.5,3.7));
#1745 = LINE('',#1746,#1747);
#1746 = CARTESIAN_POINT('',(-9.684,1.5,3.7));
#1747 = VECTOR('',#1748,1.);
#1748 = DIRECTION('',(-1.,-0.,-0.));
#1749 = ORIENTED_EDGE('',*,*,#1750,.T.);
#1750 = EDGE_CURVE('',#1743,#1751,#1753,.T.);
#1751 = VERTEX_POINT('',#1752);
#1752 = CARTESIAN_POINT('',(-70.801,1.5,3.7));
#1753 = LINE('',#1754,#1755);
#1754 = CARTESIAN_POINT('',(-9.684,1.5,3.7));
#1755 = VECTOR('',#1756,1.);
#1756 = DIRECTION('',(-1.,-0.,-0.));
#1757 = ORIENTED_EDGE('',*,*,#1758,.T.);
#1758 = EDGE_CURVE('',#1751,#1759,#1761,.T.);
#1759 = VERTEX_POINT('',#1760);
#1760 = CARTESIAN_POINT('',(-81.801,1.5,3.7));
#1761 = LINE('',#1762,#1763);
#1762 = CARTESIAN_POINT('',(-9.684,1.5,3.7));
#1763 = VECTOR('',#1764,1.);
#1764 = DIRECTION('',(-1.,-0.,-0.));
#1765 = ORIENTED_EDGE('',*,*,#1766,.T.);
#1766 = EDGE_CURVE('',#1759,#1767,#1769,.T.);
#1767 = VERTEX_POINT('',#1768);
#1768 = CARTESIAN_POINT('',(-97.801,1.5,3.7));
#1769 = LINE('',#1770,#1771);
#1770 = CARTESIAN_POINT('',(-9.684,1.5,3.7));
#1771 = VECTOR('',#1772,1.);
#1772 = DIRECTION('',(-1.,-0.,-0.));
#1773 = ORIENTED_EDGE('',*,*,#1774,.T.);
#1774 = EDGE_CURVE('',#1767,#1775,#1777,.T.);
#1775 = VERTEX_POINT('',#1776);
#1776 = CARTESIAN_POINT('',(-104.301,1.5,3.7));
#1777 = LINE('',#1778,#1779);
#1778 = CARTESIAN_POINT('',(-9.684,1.5,3.7));
#1779 = VECTOR('',#1780,1.);
#1780 = DIRECTION('',(-1.,-0.,-0.));
#1781 = ORIENTED_EDGE('',*,*,#1782,.F.);
#1782 = EDGE_CURVE('',#1677,#1775,#1783,.T.);
#1783 = LINE('',#1784,#1785);
#1784 = CARTESIAN_POINT('',(-104.301,1.5,4.9));
#1785 = VECTOR('',#1786,1.);
#1786 = DIRECTION('',(0.,0.,-1.));
#1787 = ORIENTED_EDGE('',*,*,#1685,.F.);
#1788 = PLANE('',#1789);
#1789 = AXIS2_PLACEMENT_3D('',#1790,#1791,#1792);
#1790 = CARTESIAN_POINT('',(-9.684,1.5,4.9));
#1791 = DIRECTION('',(-0.,-1.,-0.));
#1792 = DIRECTION('',(1.,0.,0.));
#1793 = ADVANCED_FACE('',(#1794),#1892,.T.);
#1794 = FACE_BOUND('',#1795,.F.);
#1795 = EDGE_LOOP('',(#1796,#1797,#1798,#1806,#1814,#1822,#1830,#1838,
    #1846,#1854,#1862,#1870,#1878,#1886));
#1796 = ORIENTED_EDGE('',*,*,#1651,.T.);
#1797 = ORIENTED_EDGE('',*,*,#344,.T.);
#1798 = ORIENTED_EDGE('',*,*,#1799,.T.);
#1799 = EDGE_CURVE('',#337,#1800,#1802,.T.);
#1800 = VERTEX_POINT('',#1801);
#1801 = CARTESIAN_POINT('',(-21.284,148.49999999999,1.6));
#1802 = LINE('',#1803,#1804);
#1803 = CARTESIAN_POINT('',(-9.684,148.49999999999,1.6));
#1804 = VECTOR('',#1805,1.);
#1805 = DIRECTION('',(-1.,-0.,-0.));
#1806 = ORIENTED_EDGE('',*,*,#1807,.F.);
#1807 = EDGE_CURVE('',#1808,#1800,#1810,.T.);
#1808 = VERTEX_POINT('',#1809);
#1809 = CARTESIAN_POINT('',(-21.284,148.49999999999,3.7));
#1810 = LINE('',#1811,#1812);
#1811 = CARTESIAN_POINT('',(-21.284,148.49999999999,4.9));
#1812 = VECTOR('',#1813,1.);
#1813 = DIRECTION('',(0.,0.,-1.));
#1814 = ORIENTED_EDGE('',*,*,#1815,.F.);
#1815 = EDGE_CURVE('',#1816,#1808,#1818,.T.);
#1816 = VERTEX_POINT('',#1817);
#1817 = CARTESIAN_POINT('',(-27.801,148.5,3.7));
#1818 = LINE('',#1819,#1820);
#1819 = CARTESIAN_POINT('',(-104.3010031045,148.49999999999,3.7));
#1820 = VECTOR('',#1821,1.);
#1821 = DIRECTION('',(1.,0.,0.));
#1822 = ORIENTED_EDGE('',*,*,#1823,.F.);
#1823 = EDGE_CURVE('',#1824,#1816,#1826,.T.);
#1824 = VERTEX_POINT('',#1825);
#1825 = CARTESIAN_POINT('',(-43.801,148.5,3.7));
#1826 = LINE('',#1827,#1828);
#1827 = CARTESIAN_POINT('',(-104.3010031045,148.49999999999,3.7));
#1828 = VECTOR('',#1829,1.);
#1829 = DIRECTION('',(1.,0.,0.));
#1830 = ORIENTED_EDGE('',*,*,#1831,.F.);
#1831 = EDGE_CURVE('',#1832,#1824,#1834,.T.);
#1832 = VERTEX_POINT('',#1833);
#1833 = CARTESIAN_POINT('',(-54.801,148.5,3.7));
#1834 = LINE('',#1835,#1836);
#1835 = CARTESIAN_POINT('',(-104.3010031045,148.49999999999,3.7));
#1836 = VECTOR('',#1837,1.);
#1837 = DIRECTION('',(1.,0.,0.));
#1838 = ORIENTED_EDGE('',*,*,#1839,.F.);
#1839 = EDGE_CURVE('',#1840,#1832,#1842,.T.);
#1840 = VERTEX_POINT('',#1841);
#1841 = CARTESIAN_POINT('',(-70.801,148.5,3.7));
#1842 = LINE('',#1843,#1844);
#1843 = CARTESIAN_POINT('',(-104.3010031045,148.49999999999,3.7));
#1844 = VECTOR('',#1845,1.);
#1845 = DIRECTION('',(1.,0.,0.));
#1846 = ORIENTED_EDGE('',*,*,#1847,.F.);
#1847 = EDGE_CURVE('',#1848,#1840,#1850,.T.);
#1848 = VERTEX_POINT('',#1849);
#1849 = CARTESIAN_POINT('',(-81.801,148.5,3.7));
#1850 = LINE('',#1851,#1852);
#1851 = CARTESIAN_POINT('',(-104.3010031045,148.49999999999,3.7));
#1852 = VECTOR('',#1853,1.);
#1853 = DIRECTION('',(1.,0.,0.));
#1854 = ORIENTED_EDGE('',*,*,#1855,.F.);
#1855 = EDGE_CURVE('',#1856,#1848,#1858,.T.);
#1856 = VERTEX_POINT('',#1857);
#1857 = CARTESIAN_POINT('',(-97.801,148.5,3.7));
#1858 = LINE('',#1859,#1860);
#1859 = CARTESIAN_POINT('',(-104.3010031045,148.49999999999,3.7));
#1860 = VECTOR('',#1861,1.);
#1861 = DIRECTION('',(1.,0.,0.));
#1862 = ORIENTED_EDGE('',*,*,#1863,.F.);
#1863 = EDGE_CURVE('',#1864,#1856,#1866,.T.);
#1864 = VERTEX_POINT('',#1865);
#1865 = CARTESIAN_POINT('',(-100.001,148.49999999999,3.7));
#1866 = LINE('',#1867,#1868);
#1867 = CARTESIAN_POINT('',(-104.3010031045,148.49999999999,3.7));
#1868 = VECTOR('',#1869,1.);
#1869 = DIRECTION('',(1.,0.,0.));
#1870 = ORIENTED_EDGE('',*,*,#1871,.T.);
#1871 = EDGE_CURVE('',#1864,#1872,#1874,.T.);
#1872 = VERTEX_POINT('',#1873);
#1873 = CARTESIAN_POINT('',(-100.001,148.49999999999,1.6));
#1874 = LINE('',#1875,#1876);
#1875 = CARTESIAN_POINT('',(-100.001,148.49999999999,4.9));
#1876 = VECTOR('',#1877,1.);
#1877 = DIRECTION('',(0.,0.,-1.));
#1878 = ORIENTED_EDGE('',*,*,#1879,.T.);
#1879 = EDGE_CURVE('',#1872,#1880,#1882,.T.);
#1880 = VERTEX_POINT('',#1881);
#1881 = CARTESIAN_POINT('',(-104.3009733201,148.49999999996,1.6));
#1882 = LINE('',#1883,#1884);
#1883 = CARTESIAN_POINT('',(-100.001,148.49999999999,1.6));
#1884 = VECTOR('',#1885,1.);
#1885 = DIRECTION('',(-1.,-8.59266E-12,-0.));
#1886 = ORIENTED_EDGE('',*,*,#1887,.F.);
#1887 = EDGE_CURVE('',#1652,#1880,#1888,.T.);
#1888 = LINE('',#1889,#1890);
#1889 = CARTESIAN_POINT('',(-104.3009733201,148.49999999996,4.9));
#1890 = VECTOR('',#1891,1.);
#1891 = DIRECTION('',(0.,0.,-1.));
#1892 = PLANE('',#1893);
#1893 = AXIS2_PLACEMENT_3D('',#1894,#1895,#1896);
#1894 = CARTESIAN_POINT('',(-57.06913114368,148.49999999999,
    4.063790497263));
#1895 = DIRECTION('',(2.564E-14,-1.,1.60049E-12));
#1896 = DIRECTION('',(0.,1.60049E-12,1.));
#1897 = ADVANCED_FACE('',(#1898),#2451,.T.);
#1898 = FACE_BOUND('',#1899,.T.);
#1899 = EDGE_LOOP('',(#1900,#1901,#1909,#1917,#1925,#1932,#1941,#1948,
    #1956,#1964,#1972,#1979,#1987,#1995,#2002,#2010,#2018,#2026,#2033,
    #2042,#2049,#2057,#2065,#2073,#2081,#2089,#2097,#2105,#2113,#2120,
    #2128,#2136,#2144,#2151,#2159,#2167,#2175,#2182,#2190,#2198,#2205,
    #2214,#2223,#2230,#2238,#2246,#2254,#2262,#2270,#2278,#2286,#2294,
    #2302,#2310,#2318,#2326,#2334,#2342,#2350,#2358,#2366,#2374,#2381,
    #2382,#2390,#2398,#2404,#2405,#2413,#2421,#2427,#2428,#2436,#2444,
    #2450));
#1900 = ORIENTED_EDGE('',*,*,#240,.F.);
#1901 = ORIENTED_EDGE('',*,*,#1902,.T.);
#1902 = EDGE_CURVE('',#241,#1903,#1905,.T.);
#1903 = VERTEX_POINT('',#1904);
#1904 = CARTESIAN_POINT('',(-12.001,19.,3.7));
#1905 = LINE('',#1906,#1907);
#1906 = CARTESIAN_POINT('',(-9.684,19.,3.7));
#1907 = VECTOR('',#1908,1.);
#1908 = DIRECTION('',(-1.,-0.,-0.));
#1909 = ORIENTED_EDGE('',*,*,#1910,.F.);
#1910 = EDGE_CURVE('',#1911,#1903,#1913,.T.);
#1911 = VERTEX_POINT('',#1912);
#1912 = CARTESIAN_POINT('',(-12.001,15.,3.7));
#1913 = LINE('',#1914,#1915);
#1914 = CARTESIAN_POINT('',(-12.001,28.624245954168,3.7));
#1915 = VECTOR('',#1916,1.);
#1916 = DIRECTION('',(0.,1.,0.));
#1917 = ORIENTED_EDGE('',*,*,#1918,.F.);
#1918 = EDGE_CURVE('',#1919,#1911,#1921,.T.);
#1919 = VERTEX_POINT('',#1920);
#1920 = CARTESIAN_POINT('',(-14.191,17.19,3.7));
#1921 = LINE('',#1922,#1923);
#1922 = CARTESIAN_POINT('',(-38.5427924512,41.541792451201,3.7));
#1923 = VECTOR('',#1924,1.);
#1924 = DIRECTION('',(0.707106781187,-0.707106781187,0.));
#1925 = ORIENTED_EDGE('',*,*,#1926,.F.);
#1926 = EDGE_CURVE('',#1927,#1919,#1929,.T.);
#1927 = VERTEX_POINT('',#1928);
#1928 = CARTESIAN_POINT('',(-14.191,13.985615514429,3.7));
#1929 = B_SPLINE_CURVE_WITH_KNOTS('',1,(#1930,#1931),.UNSPECIFIED.,.F.,
  .F.,(2,2),(0.,1.),.PIECEWISE_BEZIER_KNOTS.);
#1930 = CARTESIAN_POINT('',(-14.191,8.19,3.7));
#1931 = CARTESIAN_POINT('',(-14.191,17.357617015556,3.7));
#1932 = ORIENTED_EDGE('',*,*,#1933,.T.);
#1933 = EDGE_CURVE('',#1927,#1934,#1936,.T.);
#1934 = VERTEX_POINT('',#1935);
#1935 = CARTESIAN_POINT('',(-19.98661551442,8.19,3.7));
#1936 = CIRCLE('',#1937,4.1);
#1937 = AXIS2_PLACEMENT_3D('',#1938,#1939,#1940);
#1938 = CARTESIAN_POINT('',(-17.001,11.,3.7));
#1939 = DIRECTION('',(0.,0.,-1.));
#1940 = DIRECTION('',(-1.,-0.,-0.));
#1941 = ORIENTED_EDGE('',*,*,#1942,.F.);
#1942 = EDGE_CURVE('',#1943,#1934,#1945,.T.);
#1943 = VERTEX_POINT('',#1944);
#1944 = CARTESIAN_POINT('',(-23.09100032116,8.19,3.7));
#1945 = B_SPLINE_CURVE_WITH_KNOTS('',1,(#1946,#1947),.UNSPECIFIED.,.F.,
  .F.,(2,2),(0.,1.),.PIECEWISE_BEZIER_KNOTS.);
#1946 = CARTESIAN_POINT('',(-23.21376066964,8.19,3.7));
#1947 = CARTESIAN_POINT('',(-14.191,8.19,3.7));
#1948 = ORIENTED_EDGE('',*,*,#1949,.F.);
#1949 = EDGE_CURVE('',#1950,#1943,#1952,.T.);
#1950 = VERTEX_POINT('',#1951);
#1951 = CARTESIAN_POINT('',(-20.90100032116,6.,3.7));
#1952 = LINE('',#1953,#1954);
#1953 = CARTESIAN_POINT('',(-45.76779269207,30.866792370909,3.7));
#1954 = VECTOR('',#1955,1.);
#1955 = DIRECTION('',(-0.707106781187,0.707106781187,0.));
#1956 = ORIENTED_EDGE('',*,*,#1957,.F.);
#1957 = EDGE_CURVE('',#1958,#1950,#1960,.T.);
#1958 = VERTEX_POINT('',#1959);
#1959 = CARTESIAN_POINT('',(-28.30100032116,6.,3.7));
#1960 = LINE('',#1961,#1962);
#1961 = CARTESIAN_POINT('',(-56.21033910881,6.,3.7));
#1962 = VECTOR('',#1963,1.);
#1963 = DIRECTION('',(1.,0.,-0.));
#1964 = ORIENTED_EDGE('',*,*,#1965,.F.);
#1965 = EDGE_CURVE('',#1966,#1958,#1968,.T.);
#1966 = VERTEX_POINT('',#1967);
#1967 = CARTESIAN_POINT('',(-26.11100032116,8.19,3.7));
#1968 = LINE('',#1969,#1970);
#1969 = CARTESIAN_POINT('',(-31.4935467379,2.807453583258,3.7));
#1970 = VECTOR('',#1971,1.);
#1971 = DIRECTION('',(-0.707106781187,-0.707106781187,0.));
#1972 = ORIENTED_EDGE('',*,*,#1973,.F.);
#1973 = EDGE_CURVE('',#1974,#1966,#1976,.T.);
#1974 = VERTEX_POINT('',#1975);
#1975 = CARTESIAN_POINT('',(-28.11983117545,8.19,3.7));
#1976 = B_SPLINE_CURVE_WITH_KNOTS('',1,(#1977,#1978),.UNSPECIFIED.,.F.,
  .F.,(2,2),(0.,1.),.PIECEWISE_BEZIER_KNOTS.);
#1977 = CARTESIAN_POINT('',(-38.62064478884,8.19,3.7));
#1978 = CARTESIAN_POINT('',(-23.81867865202,8.19,3.7));
#1979 = ORIENTED_EDGE('',*,*,#1980,.F.);
#1980 = EDGE_CURVE('',#1981,#1974,#1983,.T.);
#1981 = VERTEX_POINT('',#1982);
#1982 = CARTESIAN_POINT('',(-30.79094949366,5.518881681796,3.7));
#1983 = LINE('',#1984,#1985);
#1984 = CARTESIAN_POINT('',(-30.79094949366,5.518881681796,3.7));
#1985 = VECTOR('',#1986,1.);
#1986 = DIRECTION('',(0.707106781187,0.707106781187,0.));
#1987 = ORIENTED_EDGE('',*,*,#1988,.F.);
#1988 = EDGE_CURVE('',#1989,#1981,#1991,.T.);
#1989 = VERTEX_POINT('',#1990);
#1990 = CARTESIAN_POINT('',(-33.46206781186,8.19,3.7));
#1991 = LINE('',#1992,#1993);
#1992 = CARTESIAN_POINT('',(-35.8821183182,10.610050506339,3.7));
#1993 = VECTOR('',#1994,1.);
#1994 = DIRECTION('',(0.707106781187,-0.707106781187,0.));
#1995 = ORIENTED_EDGE('',*,*,#1996,.F.);
#1996 = EDGE_CURVE('',#1997,#1989,#1999,.T.);
#1997 = VERTEX_POINT('',#1998);
#1998 = CARTESIAN_POINT('',(-38.29100032116,8.19,3.7));
#1999 = B_SPLINE_CURVE_WITH_KNOTS('',1,(#2000,#2001),.UNSPECIFIED.,.F.,
  .F.,(2,2),(0.,1.),.PIECEWISE_BEZIER_KNOTS.);
#2000 = CARTESIAN_POINT('',(-38.62064478884,8.19,3.7));
#2001 = CARTESIAN_POINT('',(-23.81867865202,8.19,3.7));
#2002 = ORIENTED_EDGE('',*,*,#2003,.F.);
#2003 = EDGE_CURVE('',#2004,#1997,#2006,.T.);
#2004 = VERTEX_POINT('',#2005);
#2005 = CARTESIAN_POINT('',(-36.10100032116,6.,3.7));
#2006 = LINE('',#2007,#2008);
#2007 = CARTESIAN_POINT('',(-57.16779269207,27.066792370909,3.7));
#2008 = VECTOR('',#2009,1.);
#2009 = DIRECTION('',(-0.707106781187,0.707106781187,0.));
#2010 = ORIENTED_EDGE('',*,*,#2011,.F.);
#2011 = EDGE_CURVE('',#2012,#2004,#2014,.T.);
#2012 = VERTEX_POINT('',#2013);
#2013 = CARTESIAN_POINT('',(-45.30100032116,6.,3.7));
#2014 = LINE('',#2015,#2016);
#2015 = CARTESIAN_POINT('',(-64.71033910881,6.,3.7));
#2016 = VECTOR('',#2017,1.);
#2017 = DIRECTION('',(1.,0.,-0.));
#2018 = ORIENTED_EDGE('',*,*,#2019,.F.);
#2019 = EDGE_CURVE('',#2020,#2012,#2022,.T.);
#2020 = VERTEX_POINT('',#2021);
#2021 = CARTESIAN_POINT('',(-43.11100032116,8.19,3.7));
#2022 = LINE('',#2023,#2024);
#2023 = CARTESIAN_POINT('',(-44.2435467379,7.057453583258,3.7));
#2024 = VECTOR('',#2025,1.);
#2025 = DIRECTION('',(-0.707106781187,-0.707106781187,0.));
#2026 = ORIENTED_EDGE('',*,*,#2027,.F.);
#2027 = EDGE_CURVE('',#2028,#2020,#2030,.T.);
#2028 = VERTEX_POINT('',#2029);
#2029 = CARTESIAN_POINT('',(-48.0339349323,8.19,3.7));
#2030 = B_SPLINE_CURVE_WITH_KNOTS('',1,(#2031,#2032),.UNSPECIFIED.,.F.,
  .F.,(2,2),(0.,1.),.PIECEWISE_BEZIER_KNOTS.);
#2031 = CARTESIAN_POINT('',(-72.2725232597,8.19,3.7));
#2032 = CARTESIAN_POINT('',(-41.05006220639,8.19,3.7));
#2033 = ORIENTED_EDGE('',*,*,#2034,.F.);
#2034 = EDGE_CURVE('',#2035,#2028,#2037,.T.);
#2035 = VERTEX_POINT('',#2036);
#2036 = CARTESIAN_POINT('',(-50.90022172883,8.19,3.7));
#2037 = CIRCLE('',#2038,5.5);
#2038 = AXIS2_PLACEMENT_3D('',#2039,#2040,#2041);
#2039 = CARTESIAN_POINT('',(-49.46707833057,13.5,3.7));
#2040 = DIRECTION('',(0.,0.,1.));
#2041 = DIRECTION('',(1.,0.,0.));
#2042 = ORIENTED_EDGE('',*,*,#2043,.F.);
#2043 = EDGE_CURVE('',#2044,#2035,#2046,.T.);
#2044 = VERTEX_POINT('',#2045);
#2045 = CARTESIAN_POINT('',(-59.35206422249,8.19,3.7));
#2046 = B_SPLINE_CURVE_WITH_KNOTS('',1,(#2047,#2048),.UNSPECIFIED.,.F.,
  .F.,(2,2),(0.,1.),.PIECEWISE_BEZIER_KNOTS.);
#2047 = CARTESIAN_POINT('',(-72.2725232597,8.19,3.7));
#2048 = CARTESIAN_POINT('',(-41.05006220639,8.19,3.7));
#2049 = ORIENTED_EDGE('',*,*,#2050,.F.);
#2050 = EDGE_CURVE('',#2051,#2044,#2053,.T.);
#2051 = VERTEX_POINT('',#2052);
#2052 = CARTESIAN_POINT('',(-59.751,7.79106422249,3.7));
#2053 = LINE('',#2054,#2055);
#2054 = CARTESIAN_POINT('',(-59.751,7.79106422249,3.7));
#2055 = VECTOR('',#2056,1.);
#2056 = DIRECTION('',(0.707106781187,0.707106781187,0.));
#2057 = ORIENTED_EDGE('',*,*,#2058,.F.);
#2058 = EDGE_CURVE('',#2059,#2051,#2061,.T.);
#2059 = VERTEX_POINT('',#2060);
#2060 = CARTESIAN_POINT('',(-59.751,6.1,3.7));
#2061 = LINE('',#2062,#2063);
#2062 = CARTESIAN_POINT('',(-59.751,6.1,3.7));
#2063 = VECTOR('',#2064,1.);
#2064 = DIRECTION('',(0.,1.,0.));
#2065 = ORIENTED_EDGE('',*,*,#2066,.F.);
#2066 = EDGE_CURVE('',#2067,#2059,#2069,.T.);
#2067 = VERTEX_POINT('',#2068);
#2068 = CARTESIAN_POINT('',(-61.44206422249,6.1,3.7));
#2069 = LINE('',#2070,#2071);
#2070 = CARTESIAN_POINT('',(-61.44206422249,6.1,3.7));
#2071 = VECTOR('',#2072,1.);
#2072 = DIRECTION('',(1.,0.,0.));
#2073 = ORIENTED_EDGE('',*,*,#2074,.F.);
#2074 = EDGE_CURVE('',#2075,#2067,#2077,.T.);
#2075 = VERTEX_POINT('',#2076);
#2076 = CARTESIAN_POINT('',(-62.801,4.74106422249,3.7));
#2077 = LINE('',#2078,#2079);
#2078 = CARTESIAN_POINT('',(-62.801,4.74106422249,3.7));
#2079 = VECTOR('',#2080,1.);
#2080 = DIRECTION('',(0.707106781187,0.707106781187,0.));
#2081 = ORIENTED_EDGE('',*,*,#2082,.F.);
#2082 = EDGE_CURVE('',#2083,#2075,#2085,.T.);
#2083 = VERTEX_POINT('',#2084);
#2084 = CARTESIAN_POINT('',(-64.15993577751,6.1,3.7));
#2085 = LINE('',#2086,#2087);
#2086 = CARTESIAN_POINT('',(-64.15993577751,6.1,3.7));
#2087 = VECTOR('',#2088,1.);
#2088 = DIRECTION('',(0.707106781187,-0.707106781187,0.));
#2089 = ORIENTED_EDGE('',*,*,#2090,.F.);
#2090 = EDGE_CURVE('',#2091,#2083,#2093,.T.);
#2091 = VERTEX_POINT('',#2092);
#2092 = CARTESIAN_POINT('',(-65.851,6.1,3.7));
#2093 = LINE('',#2094,#2095);
#2094 = CARTESIAN_POINT('',(-65.851,6.1,3.7));
#2095 = VECTOR('',#2096,1.);
#2096 = DIRECTION('',(1.,0.,0.));
#2097 = ORIENTED_EDGE('',*,*,#2098,.F.);
#2098 = EDGE_CURVE('',#2099,#2091,#2101,.T.);
#2099 = VERTEX_POINT('',#2100);
#2100 = CARTESIAN_POINT('',(-65.851,7.79106422249,3.7));
#2101 = LINE('',#2102,#2103);
#2102 = CARTESIAN_POINT('',(-65.851,7.79106422249,3.7));
#2103 = VECTOR('',#2104,1.);
#2104 = DIRECTION('',(0.,-1.,0.));
#2105 = ORIENTED_EDGE('',*,*,#2106,.F.);
#2106 = EDGE_CURVE('',#2107,#2099,#2109,.T.);
#2107 = VERTEX_POINT('',#2108);
#2108 = CARTESIAN_POINT('',(-66.24993577751,8.19,3.7));
#2109 = LINE('',#2110,#2111);
#2110 = CARTESIAN_POINT('',(-69.65993577751,11.6,3.7));
#2111 = VECTOR('',#2112,1.);
#2112 = DIRECTION('',(0.707106781187,-0.707106781187,0.));
#2113 = ORIENTED_EDGE('',*,*,#2114,.F.);
#2114 = EDGE_CURVE('',#2115,#2107,#2117,.T.);
#2115 = VERTEX_POINT('',#2116);
#2116 = CARTESIAN_POINT('',(-71.49100032116,8.19,3.7));
#2117 = B_SPLINE_CURVE_WITH_KNOTS('',1,(#2118,#2119),.UNSPECIFIED.,.F.,
  .F.,(2,2),(0.,1.),.PIECEWISE_BEZIER_KNOTS.);
#2118 = CARTESIAN_POINT('',(-72.2725232597,8.19,3.7));
#2119 = CARTESIAN_POINT('',(-41.05006220639,8.19,3.7));
#2120 = ORIENTED_EDGE('',*,*,#2121,.F.);
#2121 = EDGE_CURVE('',#2122,#2115,#2124,.T.);
#2122 = VERTEX_POINT('',#2123);
#2123 = CARTESIAN_POINT('',(-69.30100032116,6.,3.7));
#2124 = LINE('',#2125,#2126);
#2125 = CARTESIAN_POINT('',(-82.06779269207,18.766792370909,3.7));
#2126 = VECTOR('',#2127,1.);
#2127 = DIRECTION('',(-0.707106781187,0.707106781187,0.));
#2128 = ORIENTED_EDGE('',*,*,#2129,.F.);
#2129 = EDGE_CURVE('',#2130,#2122,#2132,.T.);
#2130 = VERTEX_POINT('',#2131);
#2131 = CARTESIAN_POINT('',(-78.50100032116,6.,3.7));
#2132 = LINE('',#2133,#2134);
#2133 = CARTESIAN_POINT('',(-81.31033910881,6.,3.7));
#2134 = VECTOR('',#2135,1.);
#2135 = DIRECTION('',(1.,0.,-0.));
#2136 = ORIENTED_EDGE('',*,*,#2137,.F.);
#2137 = EDGE_CURVE('',#2138,#2130,#2140,.T.);
#2138 = VERTEX_POINT('',#2139);
#2139 = CARTESIAN_POINT('',(-76.31100032116,8.19,3.7));
#2140 = LINE('',#2141,#2142);
#2141 = CARTESIAN_POINT('',(-69.1435467379,15.357453583258,3.7));
#2142 = VECTOR('',#2143,1.);
#2143 = DIRECTION('',(-0.707106781187,-0.707106781187,0.));
#2144 = ORIENTED_EDGE('',*,*,#2145,.F.);
#2145 = EDGE_CURVE('',#2146,#2138,#2148,.T.);
#2146 = VERTEX_POINT('',#2147);
#2147 = CARTESIAN_POINT('',(-85.69100032116,8.19,3.7));
#2148 = B_SPLINE_CURVE_WITH_KNOTS('',1,(#2149,#2150),.UNSPECIFIED.,.F.,
  .F.,(2,2),(0.,1.),.PIECEWISE_BEZIER_KNOTS.);
#2149 = CARTESIAN_POINT('',(-86.66579658158,8.19,3.7));
#2150 = CARTESIAN_POINT('',(-74.70194067725,8.19,3.7));
#2151 = ORIENTED_EDGE('',*,*,#2152,.F.);
#2152 = EDGE_CURVE('',#2153,#2146,#2155,.T.);
#2153 = VERTEX_POINT('',#2154);
#2154 = CARTESIAN_POINT('',(-83.50100032116,6.,3.7));
#2155 = LINE('',#2156,#2157);
#2156 = CARTESIAN_POINT('',(-92.71779269207,15.216792370909,3.7));
#2157 = VECTOR('',#2158,1.);
#2158 = DIRECTION('',(-0.707106781187,0.707106781187,0.));
#2159 = ORIENTED_EDGE('',*,*,#2160,.F.);
#2160 = EDGE_CURVE('',#2161,#2153,#2163,.T.);
#2161 = VERTEX_POINT('',#2162);
#2162 = CARTESIAN_POINT('',(-92.70100032116,6.,3.7));
#2163 = LINE('',#2164,#2165);
#2164 = CARTESIAN_POINT('',(-88.41033910881,6.,3.7));
#2165 = VECTOR('',#2166,1.);
#2166 = DIRECTION('',(1.,0.,-0.));
#2167 = ORIENTED_EDGE('',*,*,#2168,.F.);
#2168 = EDGE_CURVE('',#2169,#2161,#2171,.T.);
#2169 = VERTEX_POINT('',#2170);
#2170 = CARTESIAN_POINT('',(-90.51100032116,8.19,3.7));
#2171 = LINE('',#2172,#2173);
#2172 = CARTESIAN_POINT('',(-79.7935467379,18.907453583258,3.7));
#2173 = VECTOR('',#2174,1.);
#2174 = DIRECTION('',(-0.707106781187,-0.707106781187,0.));
#2175 = ORIENTED_EDGE('',*,*,#2176,.F.);
#2176 = EDGE_CURVE('',#2177,#2169,#2179,.T.);
#2177 = VERTEX_POINT('',#2178);
#2178 = CARTESIAN_POINT('',(-94.11983117545,8.19,3.7));
#2179 = B_SPLINE_CURVE_WITH_KNOTS('',1,(#2180,#2181),.UNSPECIFIED.,.F.,
  .F.,(2,2),(0.,1.),.PIECEWISE_BEZIER_KNOTS.);
#2180 = CARTESIAN_POINT('',(-104.3010002068,8.19,3.7));
#2181 = CARTESIAN_POINT('',(-89.09521399913,8.19,3.7));
#2182 = ORIENTED_EDGE('',*,*,#2183,.F.);
#2183 = EDGE_CURVE('',#2184,#2177,#2186,.T.);
#2184 = VERTEX_POINT('',#2185);
#2185 = CARTESIAN_POINT('',(-96.79094949366,5.518881681796,3.7));
#2186 = LINE('',#2187,#2188);
#2187 = CARTESIAN_POINT('',(-96.79094949366,5.518881681796,3.7));
#2188 = VECTOR('',#2189,1.);
#2189 = DIRECTION('',(0.707106781187,0.707106781187,0.));
#2190 = ORIENTED_EDGE('',*,*,#2191,.F.);
#2191 = EDGE_CURVE('',#2192,#2184,#2194,.T.);
#2192 = VERTEX_POINT('',#2193);
#2193 = CARTESIAN_POINT('',(-99.46206781186,8.19,3.7));
#2194 = LINE('',#2195,#2196);
#2195 = CARTESIAN_POINT('',(-101.8821183182,10.610050506339,3.7));
#2196 = VECTOR('',#2197,1.);
#2197 = DIRECTION('',(0.707106781187,-0.707106781187,0.));
#2198 = ORIENTED_EDGE('',*,*,#2199,.F.);
#2199 = EDGE_CURVE('',#2200,#2192,#2202,.T.);
#2200 = VERTEX_POINT('',#2201);
#2201 = CARTESIAN_POINT('',(-101.3153844855,8.19,3.7));
#2202 = B_SPLINE_CURVE_WITH_KNOTS('',1,(#2203,#2204),.UNSPECIFIED.,.F.,
  .F.,(2,2),(0.,1.),.PIECEWISE_BEZIER_KNOTS.);
#2203 = CARTESIAN_POINT('',(-104.3010002068,8.19,3.7));
#2204 = CARTESIAN_POINT('',(-89.09521399913,8.19,3.7));
#2205 = ORIENTED_EDGE('',*,*,#2206,.T.);
#2206 = EDGE_CURVE('',#2200,#2207,#2209,.T.);
#2207 = VERTEX_POINT('',#2208);
#2208 = CARTESIAN_POINT('',(-108.401,11.,3.7));
#2209 = CIRCLE('',#2210,4.1);
#2210 = AXIS2_PLACEMENT_3D('',#2211,#2212,#2213);
#2211 = CARTESIAN_POINT('',(-104.301,11.,3.7));
#2212 = DIRECTION('',(0.,0.,-1.));
#2213 = DIRECTION('',(-1.,-0.,-0.));
#2214 = ORIENTED_EDGE('',*,*,#2215,.T.);
#2215 = EDGE_CURVE('',#2207,#2216,#2218,.T.);
#2216 = VERTEX_POINT('',#2217);
#2217 = CARTESIAN_POINT('',(-107.111,13.985615514429,3.7));
#2218 = CIRCLE('',#2219,4.1);
#2219 = AXIS2_PLACEMENT_3D('',#2220,#2221,#2222);
#2220 = CARTESIAN_POINT('',(-104.301,11.,3.7));
#2221 = DIRECTION('',(0.,0.,-1.));
#2222 = DIRECTION('',(-1.,-0.,-0.));
#2223 = ORIENTED_EDGE('',*,*,#2224,.F.);
#2224 = EDGE_CURVE('',#2225,#2216,#2227,.T.);
#2225 = VERTEX_POINT('',#2226);
#2226 = CARTESIAN_POINT('',(-107.111,18.39000032117,3.7));
#2227 = B_SPLINE_CURVE_WITH_KNOTS('',1,(#2228,#2229),.UNSPECIFIED.,.F.,
  .F.,(2,2),(0.,1.),.PIECEWISE_BEZIER_KNOTS.);
#2228 = CARTESIAN_POINT('',(-107.111,19.601664143204,3.7));
#2229 = CARTESIAN_POINT('',(-107.111,10.999999793174,3.7));
#2230 = ORIENTED_EDGE('',*,*,#2231,.F.);
#2231 = EDGE_CURVE('',#2232,#2225,#2234,.T.);
#2232 = VERTEX_POINT('',#2233);
#2233 = CARTESIAN_POINT('',(-109.3009999999,16.200000321171,3.7));
#2234 = LINE('',#2235,#2236);
#2235 = CARTESIAN_POINT('',(-96.49354657732,29.007453743845,3.7));
#2236 = VECTOR('',#2237,1.);
#2237 = DIRECTION('',(0.707106781187,0.707106781187,-0.));
#2238 = ORIENTED_EDGE('',*,*,#2239,.F.);
#2239 = EDGE_CURVE('',#2240,#2232,#2242,.T.);
#2240 = VERTEX_POINT('',#2241);
#2241 = CARTESIAN_POINT('',(-109.3009999999,19.,3.7));
#2242 = LINE('',#2243,#2244);
#2243 = CARTESIAN_POINT('',(-109.3009999999,33.824246114752,3.7));
#2244 = VECTOR('',#2245,1.);
#2245 = DIRECTION('',(0.,-1.,0.));
#2246 = ORIENTED_EDGE('',*,*,#2247,.T.);
#2247 = EDGE_CURVE('',#2240,#2248,#2250,.T.);
#2248 = VERTEX_POINT('',#2249);
#2249 = CARTESIAN_POINT('',(-110.301,19.,3.7));
#2250 = LINE('',#2251,#2252);
#2251 = CARTESIAN_POINT('',(-9.684,19.,3.7));
#2252 = VECTOR('',#2253,1.);
#2253 = DIRECTION('',(-1.,-0.,-0.));
#2254 = ORIENTED_EDGE('',*,*,#2255,.T.);
#2255 = EDGE_CURVE('',#2248,#2256,#2258,.T.);
#2256 = VERTEX_POINT('',#2257);
#2257 = CARTESIAN_POINT('',(-110.3009999999,134.69999999999,3.7));
#2258 = LINE('',#2259,#2260);
#2259 = CARTESIAN_POINT('',(-110.3009999999,11.,3.7));
#2260 = VECTOR('',#2261,1.);
#2261 = DIRECTION('',(0.,1.,0.));
#2262 = ORIENTED_EDGE('',*,*,#2263,.T.);
#2263 = EDGE_CURVE('',#2256,#2264,#2266,.T.);
#2264 = VERTEX_POINT('',#2265);
#2265 = CARTESIAN_POINT('',(-113.8009999999,134.69999999999,3.7));
#2266 = LINE('',#2267,#2268);
#2267 = CARTESIAN_POINT('',(-91.49670881632,134.69999999999,3.7));
#2268 = VECTOR('',#2269,1.);
#2269 = DIRECTION('',(-1.,-0.,-0.));
#2270 = ORIENTED_EDGE('',*,*,#2271,.F.);
#2271 = EDGE_CURVE('',#2272,#2264,#2274,.T.);
#2272 = VERTEX_POINT('',#2273);
#2273 = CARTESIAN_POINT('',(-113.801,129.5,3.7));
#2274 = LINE('',#2275,#2276);
#2275 = CARTESIAN_POINT('',(-113.8009999999,10.999996895448,3.7));
#2276 = VECTOR('',#2277,1.);
#2277 = DIRECTION('',(0.,1.,0.));
#2278 = ORIENTED_EDGE('',*,*,#2279,.T.);
#2279 = EDGE_CURVE('',#2272,#2280,#2282,.T.);
#2280 = VERTEX_POINT('',#2281);
#2281 = CARTESIAN_POINT('',(-111.4009999999,129.5,3.7));
#2282 = LINE('',#2283,#2284);
#2283 = CARTESIAN_POINT('',(-113.8009999999,129.5,3.7));
#2284 = VECTOR('',#2285,1.);
#2285 = DIRECTION('',(1.,0.,0.));
#2286 = ORIENTED_EDGE('',*,*,#2287,.F.);
#2287 = EDGE_CURVE('',#2288,#2280,#2290,.T.);
#2288 = VERTEX_POINT('',#2289);
#2289 = CARTESIAN_POINT('',(-111.4009999999,108.5,3.7));
#2290 = LINE('',#2291,#2292);
#2291 = CARTESIAN_POINT('',(-111.4009999999,108.5,3.7));
#2292 = VECTOR('',#2293,1.);
#2293 = DIRECTION('',(0.,1.,0.));
#2294 = ORIENTED_EDGE('',*,*,#2295,.F.);
#2295 = EDGE_CURVE('',#2296,#2288,#2298,.T.);
#2296 = VERTEX_POINT('',#2297);
#2297 = CARTESIAN_POINT('',(-113.801,108.5,3.7));
#2298 = LINE('',#2299,#2300);
#2299 = CARTESIAN_POINT('',(-113.8009999999,108.5,3.7));
#2300 = VECTOR('',#2301,1.);
#2301 = DIRECTION('',(1.,0.,0.));
#2302 = ORIENTED_EDGE('',*,*,#2303,.F.);
#2303 = EDGE_CURVE('',#2304,#2296,#2306,.T.);
#2304 = VERTEX_POINT('',#2305);
#2305 = CARTESIAN_POINT('',(-113.801,85.5,3.7));
#2306 = LINE('',#2307,#2308);
#2307 = CARTESIAN_POINT('',(-113.8009999999,10.999996895448,3.7));
#2308 = VECTOR('',#2309,1.);
#2309 = DIRECTION('',(0.,1.,0.));
#2310 = ORIENTED_EDGE('',*,*,#2311,.T.);
#2311 = EDGE_CURVE('',#2304,#2312,#2314,.T.);
#2312 = VERTEX_POINT('',#2313);
#2313 = CARTESIAN_POINT('',(-111.4009999999,85.5,3.7));
#2314 = LINE('',#2315,#2316);
#2315 = CARTESIAN_POINT('',(-113.8009999999,85.5,3.7));
#2316 = VECTOR('',#2317,1.);
#2317 = DIRECTION('',(1.,0.,0.));
#2318 = ORIENTED_EDGE('',*,*,#2319,.F.);
#2319 = EDGE_CURVE('',#2320,#2312,#2322,.T.);
#2320 = VERTEX_POINT('',#2321);
#2321 = CARTESIAN_POINT('',(-111.4009999999,64.5,3.7));
#2322 = LINE('',#2323,#2324);
#2323 = CARTESIAN_POINT('',(-111.4009999999,64.5,3.7));
#2324 = VECTOR('',#2325,1.);
#2325 = DIRECTION('',(0.,1.,-2.2E-16));
#2326 = ORIENTED_EDGE('',*,*,#2327,.F.);
#2327 = EDGE_CURVE('',#2328,#2320,#2330,.T.);
#2328 = VERTEX_POINT('',#2329);
#2329 = CARTESIAN_POINT('',(-113.801,64.5,3.7));
#2330 = LINE('',#2331,#2332);
#2331 = CARTESIAN_POINT('',(-113.8009999999,64.5,3.7));
#2332 = VECTOR('',#2333,1.);
#2333 = DIRECTION('',(1.,0.,0.));
#2334 = ORIENTED_EDGE('',*,*,#2335,.F.);
#2335 = EDGE_CURVE('',#2336,#2328,#2338,.T.);
#2336 = VERTEX_POINT('',#2337);
#2337 = CARTESIAN_POINT('',(-113.801,41.5,3.7));
#2338 = LINE('',#2339,#2340);
#2339 = CARTESIAN_POINT('',(-113.8009999999,10.999996895448,3.7));
#2340 = VECTOR('',#2341,1.);
#2341 = DIRECTION('',(0.,1.,0.));
#2342 = ORIENTED_EDGE('',*,*,#2343,.T.);
#2343 = EDGE_CURVE('',#2336,#2344,#2346,.T.);
#2344 = VERTEX_POINT('',#2345);
#2345 = CARTESIAN_POINT('',(-111.4009999999,41.5,3.7));
#2346 = LINE('',#2347,#2348);
#2347 = CARTESIAN_POINT('',(-113.8009999999,41.5,3.7));
#2348 = VECTOR('',#2349,1.);
#2349 = DIRECTION('',(1.,0.,0.));
#2350 = ORIENTED_EDGE('',*,*,#2351,.T.);
#2351 = EDGE_CURVE('',#2344,#2352,#2354,.T.);
#2352 = VERTEX_POINT('',#2353);
#2353 = CARTESIAN_POINT('',(-111.4009999999,20.5,3.7));
#2354 = LINE('',#2355,#2356);
#2355 = CARTESIAN_POINT('',(-111.4009999999,41.5,3.7));
#2356 = VECTOR('',#2357,1.);
#2357 = DIRECTION('',(0.,-1.,4.4E-16));
#2358 = ORIENTED_EDGE('',*,*,#2359,.F.);
#2359 = EDGE_CURVE('',#2360,#2352,#2362,.T.);
#2360 = VERTEX_POINT('',#2361);
#2361 = CARTESIAN_POINT('',(-113.801,20.5,3.7));
#2362 = LINE('',#2363,#2364);
#2363 = CARTESIAN_POINT('',(-113.8009999999,20.5,3.7));
#2364 = VECTOR('',#2365,1.);
#2365 = DIRECTION('',(1.,0.,0.));
#2366 = ORIENTED_EDGE('',*,*,#2367,.F.);
#2367 = EDGE_CURVE('',#2368,#2360,#2370,.T.);
#2368 = VERTEX_POINT('',#2369);
#2369 = CARTESIAN_POINT('',(-113.8009999999,10.999996895448,3.7));
#2370 = LINE('',#2371,#2372);
#2371 = CARTESIAN_POINT('',(-113.8009999999,10.999996895448,3.7));
#2372 = VECTOR('',#2373,1.);
#2373 = DIRECTION('',(0.,1.,0.));
#2374 = ORIENTED_EDGE('',*,*,#2375,.F.);
#2375 = EDGE_CURVE('',#1775,#2368,#2376,.T.);
#2376 = CIRCLE('',#2377,9.5);
#2377 = AXIS2_PLACEMENT_3D('',#2378,#2379,#2380);
#2378 = CARTESIAN_POINT('',(-104.301,11.,3.7));
#2379 = DIRECTION('',(0.,0.,-1.));
#2380 = DIRECTION('',(-1.,-0.,-0.));
#2381 = ORIENTED_EDGE('',*,*,#1774,.F.);
#2382 = ORIENTED_EDGE('',*,*,#2383,.T.);
#2383 = EDGE_CURVE('',#1767,#2384,#2386,.T.);
#2384 = VERTEX_POINT('',#2385);
#2385 = CARTESIAN_POINT('',(-97.801,3.9,3.7));
#2386 = LINE('',#2387,#2388);
#2387 = CARTESIAN_POINT('',(-97.801,1.5,3.7));
#2388 = VECTOR('',#2389,1.);
#2389 = DIRECTION('',(0.,1.,0.));
#2390 = ORIENTED_EDGE('',*,*,#2391,.F.);
#2391 = EDGE_CURVE('',#2392,#2384,#2394,.T.);
#2392 = VERTEX_POINT('',#2393);
#2393 = CARTESIAN_POINT('',(-81.801,3.9,3.7));
#2394 = LINE('',#2395,#2396);
#2395 = CARTESIAN_POINT('',(-81.801,3.9,3.7));
#2396 = VECTOR('',#2397,1.);
#2397 = DIRECTION('',(-1.,-0.,-0.));
#2398 = ORIENTED_EDGE('',*,*,#2399,.F.);
#2399 = EDGE_CURVE('',#1759,#2392,#2400,.T.);
#2400 = LINE('',#2401,#2402);
#2401 = CARTESIAN_POINT('',(-81.801,1.5,3.7));
#2402 = VECTOR('',#2403,1.);
#2403 = DIRECTION('',(0.,1.,0.));
#2404 = ORIENTED_EDGE('',*,*,#1758,.F.);
#2405 = ORIENTED_EDGE('',*,*,#2406,.T.);
#2406 = EDGE_CURVE('',#1751,#2407,#2409,.T.);
#2407 = VERTEX_POINT('',#2408);
#2408 = CARTESIAN_POINT('',(-70.801,3.9,3.7));
#2409 = LINE('',#2410,#2411);
#2410 = CARTESIAN_POINT('',(-70.801,1.5,3.7));
#2411 = VECTOR('',#2412,1.);
#2412 = DIRECTION('',(0.,1.,0.));
#2413 = ORIENTED_EDGE('',*,*,#2414,.T.);
#2414 = EDGE_CURVE('',#2407,#2415,#2417,.T.);
#2415 = VERTEX_POINT('',#2416);
#2416 = CARTESIAN_POINT('',(-54.801,3.9,3.7));
#2417 = LINE('',#2418,#2419);
#2418 = CARTESIAN_POINT('',(-70.801,3.9,3.7));
#2419 = VECTOR('',#2420,1.);
#2420 = DIRECTION('',(1.,0.,0.));
#2421 = ORIENTED_EDGE('',*,*,#2422,.F.);
#2422 = EDGE_CURVE('',#1743,#2415,#2423,.T.);
#2423 = LINE('',#2424,#2425);
#2424 = CARTESIAN_POINT('',(-54.801,1.5,3.7));
#2425 = VECTOR('',#2426,1.);
#2426 = DIRECTION('',(0.,1.,0.));
#2427 = ORIENTED_EDGE('',*,*,#1742,.F.);
#2428 = ORIENTED_EDGE('',*,*,#2429,.T.);
#2429 = EDGE_CURVE('',#1735,#2430,#2432,.T.);
#2430 = VERTEX_POINT('',#2431);
#2431 = CARTESIAN_POINT('',(-43.801,3.9,3.7));
#2432 = LINE('',#2433,#2434);
#2433 = CARTESIAN_POINT('',(-43.801,1.5,3.7));
#2434 = VECTOR('',#2435,1.);
#2435 = DIRECTION('',(0.,1.,0.));
#2436 = ORIENTED_EDGE('',*,*,#2437,.T.);
#2437 = EDGE_CURVE('',#2430,#2438,#2440,.T.);
#2438 = VERTEX_POINT('',#2439);
#2439 = CARTESIAN_POINT('',(-27.801,3.9,3.7));
#2440 = LINE('',#2441,#2442);
#2441 = CARTESIAN_POINT('',(-43.801,3.9,3.7));
#2442 = VECTOR('',#2443,1.);
#2443 = DIRECTION('',(1.,0.,0.));
#2444 = ORIENTED_EDGE('',*,*,#2445,.F.);
#2445 = EDGE_CURVE('',#1727,#2438,#2446,.T.);
#2446 = LINE('',#2447,#2448);
#2447 = CARTESIAN_POINT('',(-27.801,1.5,3.7));
#2448 = VECTOR('',#2449,1.);
#2449 = DIRECTION('',(0.,1.,0.));
#2450 = ORIENTED_EDGE('',*,*,#1726,.F.);
#2451 = PLANE('',#2452);
#2452 = AXIS2_PLACEMENT_3D('',#2453,#2454,#2455);
#2453 = CARTESIAN_POINT('',(-84.11967789646,42.248491908335,3.7));
#2454 = DIRECTION('',(0.,0.,1.));
#2455 = DIRECTION('',(1.,0.,0.));
#2456 = ADVANCED_FACE('',(#2457),#2491,.T.);
#2457 = FACE_BOUND('',#2458,.F.);
#2458 = EDGE_LOOP('',(#2459,#2460,#2461,#2469,#2477,#2485));
#2459 = ORIENTED_EDGE('',*,*,#1799,.F.);
#2460 = ORIENTED_EDGE('',*,*,#336,.T.);
#2461 = ORIENTED_EDGE('',*,*,#2462,.T.);
#2462 = EDGE_CURVE('',#329,#2463,#2465,.T.);
#2463 = VERTEX_POINT('',#2464);
#2464 = CARTESIAN_POINT('',(-11.901,141.18665256697,1.6));
#2465 = LINE('',#2466,#2467);
#2466 = CARTESIAN_POINT('',(-9.684,144.99999999999,1.6));
#2467 = VECTOR('',#2468,1.);
#2468 = DIRECTION('',(-0.502609874261,-0.86451333957,-0.));
#2469 = ORIENTED_EDGE('',*,*,#2470,.F.);
#2470 = EDGE_CURVE('',#2471,#2463,#2473,.T.);
#2471 = VERTEX_POINT('',#2472);
#2472 = CARTESIAN_POINT('',(-11.901,144.1,1.6));
#2473 = LINE('',#2474,#2475);
#2474 = CARTESIAN_POINT('',(-11.901,73.305667136889,1.6));
#2475 = VECTOR('',#2476,1.);
#2476 = DIRECTION('',(-0.,-1.,-0.));
#2477 = ORIENTED_EDGE('',*,*,#2478,.F.);
#2478 = EDGE_CURVE('',#2479,#2471,#2481,.T.);
#2479 = VERTEX_POINT('',#2480);
#2480 = CARTESIAN_POINT('',(-21.284,144.1,1.6));
#2481 = LINE('',#2482,#2483);
#2482 = CARTESIAN_POINT('',(-35.4599475279,144.1,1.6));
#2483 = VECTOR('',#2484,1.);
#2484 = DIRECTION('',(1.,0.,0.));
#2485 = ORIENTED_EDGE('',*,*,#2486,.F.);
#2486 = EDGE_CURVE('',#1800,#2479,#2487,.T.);
#2487 = LINE('',#2488,#2489);
#2488 = CARTESIAN_POINT('',(-21.284,148.49999999999,1.6));
#2489 = VECTOR('',#2490,1.);
#2490 = DIRECTION('',(-0.,-1.,-0.));
#2491 = PLANE('',#2492);
#2492 = AXIS2_PLACEMENT_3D('',#2493,#2494,#2495);
#2493 = CARTESIAN_POINT('',(-59.0188950558,140.71133427377,1.6));
#2494 = DIRECTION('',(0.,0.,1.));
#2495 = DIRECTION('',(1.,0.,0.));
#2496 = ADVANCED_FACE('',(#2497),#2508,.T.);
#2497 = FACE_BOUND('',#2498,.T.);
#2498 = EDGE_LOOP('',(#2499,#2500,#2501,#2507));
#2499 = ORIENTED_EDGE('',*,*,#248,.F.);
#2500 = ORIENTED_EDGE('',*,*,#392,.T.);
#2501 = ORIENTED_EDGE('',*,*,#2502,.F.);
#2502 = EDGE_CURVE('',#1903,#383,#2503,.T.);
#2503 = LINE('',#2504,#2505);
#2504 = CARTESIAN_POINT('',(-12.001,19.,4.520342434671));
#2505 = VECTOR('',#2506,1.);
#2506 = DIRECTION('',(0.,0.,1.));
#2507 = ORIENTED_EDGE('',*,*,#1902,.F.);
#2508 = PLANE('',#2509);
#2509 = AXIS2_PLACEMENT_3D('',#2510,#2511,#2512);
#2510 = CARTESIAN_POINT('',(-30.80764415711,19.,4.130684869342));
#2511 = DIRECTION('',(-0.,-1.,-0.));
#2512 = DIRECTION('',(0.,0.,-1.));
#2513 = ADVANCED_FACE('',(#2514),#2550,.F.);
#2514 = FACE_BOUND('',#2515,.T.);
#2515 = EDGE_LOOP('',(#2516,#2524,#2525,#2526,#2532,#2533));
#2516 = ORIENTED_EDGE('',*,*,#2517,.F.);
#2517 = EDGE_CURVE('',#321,#2518,#2520,.T.);
#2518 = VERTEX_POINT('',#2519);
#2519 = CARTESIAN_POINT('',(-15.391,135.18368344597,4.9));
#2520 = LINE('',#2521,#2522);
#2521 = CARTESIAN_POINT('',(-9.684,144.99999999999,4.9));
#2522 = VECTOR('',#2523,1.);
#2523 = DIRECTION('',(-0.502609874261,-0.86451333957,-0.));
#2524 = ORIENTED_EDGE('',*,*,#328,.T.);
#2525 = ORIENTED_EDGE('',*,*,#2462,.T.);
#2526 = ORIENTED_EDGE('',*,*,#2527,.F.);
#2527 = EDGE_CURVE('',#630,#2463,#2528,.T.);
#2528 = LINE('',#2529,#2530);
#2529 = CARTESIAN_POINT('',(-11.901,141.18665256697,2.45));
#2530 = VECTOR('',#2531,1.);
#2531 = DIRECTION('',(-0.,-0.,-1.));
#2532 = ORIENTED_EDGE('',*,*,#629,.F.);
#2533 = ORIENTED_EDGE('',*,*,#2534,.T.);
#2534 = EDGE_CURVE('',#623,#2518,#2535,.T.);
#2535 = B_SPLINE_CURVE_WITH_KNOTS('',4,(#2536,#2537,#2538,#2539,#2540,
    #2541,#2542,#2543,#2544,#2545,#2546,#2547,#2548,#2549),
  .UNSPECIFIED.,.F.,.F.,(5,3,3,3,5),(0.,0.249870005347,0.49882660193,
    0.74847492905,1.),.UNSPECIFIED.);
#2536 = CARTESIAN_POINT('',(-12.091,140.85984335981,1.6));
#2537 = CARTESIAN_POINT('',(-12.29825379536,140.50335678853,
    1.807253795363));
#2538 = CARTESIAN_POINT('',(-12.50533469817,140.14716760081,
    2.014334698175));
#2539 = CARTESIAN_POINT('',(-12.7122383521,139.79128328976,
    2.221238352105));
#2540 = CARTESIAN_POINT('',(-13.12492639987,139.08143984925,
    2.633926399877));
#2541 = CARTESIAN_POINT('',(-13.33071211556,138.72747844616,
    2.839712115563));
#2542 = CARTESIAN_POINT('',(-13.53631285275,138.37383521504,
    3.04531285275));
#2543 = CARTESIAN_POINT('',(-13.947705625,137.66621971118,3.456705625007
    ));
#2544 = CARTESIAN_POINT('',(-14.15349660384,137.31224925521,
    3.662496603847));
#2545 = CARTESIAN_POINT('',(-14.35909202485,136.95861516818,
    3.868092024855));
#2546 = CARTESIAN_POINT('',(-14.77142576738,136.24938114985,
    4.280425767387));
#2547 = CARTESIAN_POINT('',(-14.97816106431,135.893786421,4.487161064317
    ));
#2548 = CARTESIAN_POINT('',(-15.18468760403,135.53855076466,
    4.693687604039));
#2549 = CARTESIAN_POINT('',(-15.391,135.18368344597,4.9));
#2550 = PLANE('',#2551);
#2551 = AXIS2_PLACEMENT_3D('',#2552,#2553,#2554);
#2552 = CARTESIAN_POINT('',(-9.684,144.99999999999,4.9));
#2553 = DIRECTION('',(0.86451333957,-0.502609874261,0.));
#2554 = DIRECTION('',(0.502609874261,0.86451333957,0.));
#2555 = ADVANCED_FACE('',(#2556),#2700,.T.);
#2556 = FACE_BOUND('',#2557,.T.);
#2557 = EDGE_LOOP('',(#2558,#2569,#2575,#2576,#2584,#2592,#2598,#2599,
    #2600,#2607,#2615,#2623,#2631,#2638,#2646,#2654,#2662,#2670,#2678,
    #2686,#2694));
#2558 = ORIENTED_EDGE('',*,*,#2559,.F.);
#2559 = EDGE_CURVE('',#2560,#2562,#2564,.T.);
#2560 = VERTEX_POINT('',#2561);
#2561 = CARTESIAN_POINT('',(-9.87752819,92.15,4.9));
#2562 = VERTEX_POINT('',#2563);
#2563 = CARTESIAN_POINT('',(-14.87752819,97.15,4.9));
#2564 = CIRCLE('',#2565,5.);
#2565 = AXIS2_PLACEMENT_3D('',#2566,#2567,#2568);
#2566 = CARTESIAN_POINT('',(-9.87752819,97.15,4.9));
#2567 = DIRECTION('',(0.,0.,-1.));
#2568 = DIRECTION('',(0.,1.,0.));
#2569 = ORIENTED_EDGE('',*,*,#2570,.F.);
#2570 = EDGE_CURVE('',#281,#2560,#2571,.T.);
#2571 = LINE('',#2572,#2573);
#2572 = CARTESIAN_POINT('',(-10.74970113683,92.15,4.9));
#2573 = VECTOR('',#2574,1.);
#2574 = DIRECTION('',(-1.,0.,0.));
#2575 = ORIENTED_EDGE('',*,*,#288,.F.);
#2576 = ORIENTED_EDGE('',*,*,#2577,.T.);
#2577 = EDGE_CURVE('',#289,#2578,#2580,.T.);
#2578 = VERTEX_POINT('',#2579);
#2579 = CARTESIAN_POINT('',(-8.884,106.35,4.9));
#2580 = LINE('',#2581,#2582);
#2581 = CARTESIAN_POINT('',(-9.684,106.35,4.9));
#2582 = VECTOR('',#2583,1.);
#2583 = DIRECTION('',(1.,0.,0.));
#2584 = ORIENTED_EDGE('',*,*,#2585,.F.);
#2585 = EDGE_CURVE('',#2586,#2578,#2588,.T.);
#2586 = VERTEX_POINT('',#2587);
#2587 = CARTESIAN_POINT('',(-8.884,116.35,4.9));
#2588 = LINE('',#2589,#2590);
#2589 = CARTESIAN_POINT('',(-8.884,116.35,4.9));
#2590 = VECTOR('',#2591,1.);
#2591 = DIRECTION('',(0.,-1.,2.2E-16));
#2592 = ORIENTED_EDGE('',*,*,#2593,.F.);
#2593 = EDGE_CURVE('',#313,#2586,#2594,.T.);
#2594 = LINE('',#2595,#2596);
#2595 = CARTESIAN_POINT('',(-9.684,116.35,4.9));
#2596 = VECTOR('',#2597,1.);
#2597 = DIRECTION('',(1.,0.,0.));
#2598 = ORIENTED_EDGE('',*,*,#320,.F.);
#2599 = ORIENTED_EDGE('',*,*,#2517,.T.);
#2600 = ORIENTED_EDGE('',*,*,#2601,.F.);
#2601 = EDGE_CURVE('',#2602,#2518,#2604,.T.);
#2602 = VERTEX_POINT('',#2603);
#2603 = CARTESIAN_POINT('',(-15.391,130.61,4.9));
#2604 = B_SPLINE_CURVE_WITH_KNOTS('',1,(#2605,#2606),.UNSPECIFIED.,.F.,
  .F.,(2,2),(0.,1.),.PIECEWISE_BEZIER_KNOTS.);
#2605 = CARTESIAN_POINT('',(-15.391,130.60707694829,4.9));
#2606 = CARTESIAN_POINT('',(-15.391,140.61,4.9));
#2607 = ORIENTED_EDGE('',*,*,#2608,.T.);
#2608 = EDGE_CURVE('',#2602,#2609,#2611,.T.);
#2609 = VERTEX_POINT('',#2610);
#2610 = CARTESIAN_POINT('',(-12.001,134.,4.9));
#2611 = LINE('',#2612,#2613);
#2612 = CARTESIAN_POINT('',(-37.72653841789,108.2744615821,4.9));
#2613 = VECTOR('',#2614,1.);
#2614 = DIRECTION('',(0.707106781187,0.707106781187,-0.));
#2615 = ORIENTED_EDGE('',*,*,#2616,.T.);
#2616 = EDGE_CURVE('',#2609,#2617,#2619,.T.);
#2617 = VERTEX_POINT('',#2618);
#2618 = CARTESIAN_POINT('',(-12.001,124.8,4.9));
#2619 = LINE('',#2620,#2621);
#2620 = CARTESIAN_POINT('',(-12.001,107.56096525723,4.9));
#2621 = VECTOR('',#2622,1.);
#2622 = DIRECTION('',(0.,-1.,0.));
#2623 = ORIENTED_EDGE('',*,*,#2624,.T.);
#2624 = EDGE_CURVE('',#2617,#2625,#2627,.T.);
#2625 = VERTEX_POINT('',#2626);
#2626 = CARTESIAN_POINT('',(-15.391,128.19,4.9));
#2627 = LINE('',#2628,#2629);
#2628 = CARTESIAN_POINT('',(-11.88750367514,124.68650367515,4.9));
#2629 = VECTOR('',#2630,1.);
#2630 = DIRECTION('',(-0.707106781187,0.707106781186,0.));
#2631 = ORIENTED_EDGE('',*,*,#2632,.F.);
#2632 = EDGE_CURVE('',#2633,#2625,#2635,.T.);
#2633 = VERTEX_POINT('',#2634);
#2634 = CARTESIAN_POINT('',(-15.391,122.9065738,4.9));
#2635 = B_SPLINE_CURVE_WITH_KNOTS('',1,(#2636,#2637),.UNSPECIFIED.,.F.,
  .F.,(2,2),(0.,1.),.PIECEWISE_BEZIER_KNOTS.);
#2636 = CARTESIAN_POINT('',(-15.391,105.40323548488,4.9));
#2637 = CARTESIAN_POINT('',(-15.391,128.20950841756,4.9));
#2638 = ORIENTED_EDGE('',*,*,#2639,.F.);
#2639 = EDGE_CURVE('',#2640,#2633,#2642,.T.);
#2640 = VERTEX_POINT('',#2641);
#2641 = CARTESIAN_POINT('',(-12.37517357,122.9065738,4.9));
#2642 = LINE('',#2643,#2644);
#2643 = CARTESIAN_POINT('',(-12.37517357,122.9065738,4.9));
#2644 = VECTOR('',#2645,1.);
#2645 = DIRECTION('',(-1.,0.,0.));
#2646 = ORIENTED_EDGE('',*,*,#2647,.F.);
#2647 = EDGE_CURVE('',#2648,#2640,#2650,.T.);
#2648 = VERTEX_POINT('',#2649);
#2649 = CARTESIAN_POINT('',(-12.37517357,113.83931731,4.9));
#2650 = LINE('',#2651,#2652);
#2651 = CARTESIAN_POINT('',(-12.37517357,113.83931731,4.9));
#2652 = VECTOR('',#2653,1.);
#2653 = DIRECTION('',(0.,1.,0.));
#2654 = ORIENTED_EDGE('',*,*,#2655,.T.);
#2655 = EDGE_CURVE('',#2648,#2656,#2658,.T.);
#2656 = VERTEX_POINT('',#2657);
#2657 = CARTESIAN_POINT('',(-14.87752819,109.5051119696,4.9));
#2658 = LINE('',#2659,#2660);
#2659 = CARTESIAN_POINT('',(-12.37517357,113.83931731,4.9));
#2660 = VECTOR('',#2661,1.);
#2661 = DIRECTION('',(-0.5,-0.866025403784,0.));
#2662 = ORIENTED_EDGE('',*,*,#2663,.T.);
#2663 = EDGE_CURVE('',#2656,#2664,#2666,.T.);
#2664 = VERTEX_POINT('',#2665);
#2665 = CARTESIAN_POINT('',(-14.87752819,105.92347181001,4.9));
#2666 = LINE('',#2667,#2668);
#2667 = CARTESIAN_POINT('',(-14.87752819,109.5051119696,4.9));
#2668 = VECTOR('',#2669,1.);
#2669 = DIRECTION('',(0.,-1.,0.));
#2670 = ORIENTED_EDGE('',*,*,#2671,.T.);
#2671 = EDGE_CURVE('',#2664,#2672,#2674,.T.);
#2672 = VERTEX_POINT('',#2673);
#2673 = CARTESIAN_POINT('',(-12.001,108.8,4.9));
#2674 = LINE('',#2675,#2676);
#2675 = CARTESIAN_POINT('',(-31.42653841791,89.374461582127,4.9));
#2676 = VECTOR('',#2677,1.);
#2677 = DIRECTION('',(0.707106781187,0.707106781186,-0.));
#2678 = ORIENTED_EDGE('',*,*,#2679,.T.);
#2679 = EDGE_CURVE('',#2672,#2680,#2682,.T.);
#2680 = VERTEX_POINT('',#2681);
#2681 = CARTESIAN_POINT('',(-12.001,99.700000000012,4.9));
#2682 = LINE('',#2683,#2684);
#2683 = CARTESIAN_POINT('',(-12.001,94.960965257239,4.9));
#2684 = VECTOR('',#2685,1.);
#2685 = DIRECTION('',(0.,-1.,0.));
#2686 = ORIENTED_EDGE('',*,*,#2687,.T.);
#2687 = EDGE_CURVE('',#2680,#2688,#2690,.T.);
#2688 = VERTEX_POINT('',#2689);
#2689 = CARTESIAN_POINT('',(-14.87752819,102.57652819001,4.9));
#2690 = LINE('',#2691,#2692);
#2691 = CARTESIAN_POINT('',(-18.16250367512,105.86150367513,4.9));
#2692 = VECTOR('',#2693,1.);
#2693 = DIRECTION('',(-0.707106781187,0.707106781187,0.));
#2694 = ORIENTED_EDGE('',*,*,#2695,.T.);
#2695 = EDGE_CURVE('',#2688,#2562,#2696,.T.);
#2696 = LINE('',#2697,#2698);
#2697 = CARTESIAN_POINT('',(-14.87752819,109.5051119696,4.9));
#2698 = VECTOR('',#2699,1.);
#2699 = DIRECTION('',(0.,-1.,0.));
#2700 = PLANE('',#2701);
#2701 = AXIS2_PLACEMENT_3D('',#2702,#2703,#2704);
#2702 = CARTESIAN_POINT('',(-55.22508418604,81.121930514471,4.9));
#2703 = DIRECTION('',(0.,0.,1.));
#2704 = DIRECTION('',(1.,0.,0.));
#2705 = ADVANCED_FACE('',(#2706),#2724,.F.);
#2706 = FACE_BOUND('',#2707,.F.);
#2707 = EDGE_LOOP('',(#2708,#2716,#2722,#2723));
#2708 = ORIENTED_EDGE('',*,*,#2709,.T.);
#2709 = EDGE_CURVE('',#305,#2710,#2712,.T.);
#2710 = VERTEX_POINT('',#2711);
#2711 = CARTESIAN_POINT('',(-8.884,116.35,5.3));
#2712 = LINE('',#2713,#2714);
#2713 = CARTESIAN_POINT('',(-9.684,116.35,6.1));
#2714 = VECTOR('',#2715,1.);
#2715 = DIRECTION('',(0.707106781187,0.,-0.707106781187));
#2716 = ORIENTED_EDGE('',*,*,#2717,.T.);
#2717 = EDGE_CURVE('',#2710,#2586,#2718,.T.);
#2718 = LINE('',#2719,#2720);
#2719 = CARTESIAN_POINT('',(-8.884,116.35,5.3));
#2720 = VECTOR('',#2721,1.);
#2721 = DIRECTION('',(0.,0.,-1.));
#2722 = ORIENTED_EDGE('',*,*,#2593,.F.);
#2723 = ORIENTED_EDGE('',*,*,#312,.T.);
#2724 = PLANE('',#2725);
#2725 = AXIS2_PLACEMENT_3D('',#2726,#2727,#2728);
#2726 = CARTESIAN_POINT('',(-9.374616367864,116.35,5.382842712475));
#2727 = DIRECTION('',(0.,1.,0.));
#2728 = DIRECTION('',(0.,0.,1.));
#2729 = ADVANCED_FACE('',(#2730),#2748,.F.);
#2730 = FACE_BOUND('',#2731,.F.);
#2731 = EDGE_LOOP('',(#2732,#2733,#2741,#2747));
#2732 = ORIENTED_EDGE('',*,*,#304,.T.);
#2733 = ORIENTED_EDGE('',*,*,#2734,.T.);
#2734 = EDGE_CURVE('',#297,#2735,#2737,.T.);
#2735 = VERTEX_POINT('',#2736);
#2736 = CARTESIAN_POINT('',(-8.884,106.35,5.3));
#2737 = LINE('',#2738,#2739);
#2738 = CARTESIAN_POINT('',(-9.684,106.35,6.1));
#2739 = VECTOR('',#2740,1.);
#2740 = DIRECTION('',(0.707106781187,0.,-0.707106781187));
#2741 = ORIENTED_EDGE('',*,*,#2742,.F.);
#2742 = EDGE_CURVE('',#2710,#2735,#2743,.T.);
#2743 = LINE('',#2744,#2745);
#2744 = CARTESIAN_POINT('',(-8.884,116.35,5.3));
#2745 = VECTOR('',#2746,1.);
#2746 = DIRECTION('',(0.,-1.,2.2E-16));
#2747 = ORIENTED_EDGE('',*,*,#2709,.F.);
#2748 = PLANE('',#2749);
#2749 = AXIS2_PLACEMENT_3D('',#2750,#2751,#2752);
#2750 = CARTESIAN_POINT('',(-9.684,116.35,6.1));
#2751 = DIRECTION('',(0.707106781187,1.6E-16,0.707106781187));
#2752 = DIRECTION('',(0.707106781187,-1.6E-16,-0.707106781187));
#2753 = ADVANCED_FACE('',(#2754),#2765,.T.);
#2754 = FACE_BOUND('',#2755,.T.);
#2755 = EDGE_LOOP('',(#2756,#2757,#2763,#2764));
#2756 = ORIENTED_EDGE('',*,*,#2734,.T.);
#2757 = ORIENTED_EDGE('',*,*,#2758,.T.);
#2758 = EDGE_CURVE('',#2735,#2578,#2759,.T.);
#2759 = LINE('',#2760,#2761);
#2760 = CARTESIAN_POINT('',(-8.884,106.35,5.3));
#2761 = VECTOR('',#2762,1.);
#2762 = DIRECTION('',(0.,0.,-1.));
#2763 = ORIENTED_EDGE('',*,*,#2577,.F.);
#2764 = ORIENTED_EDGE('',*,*,#296,.T.);
#2765 = PLANE('',#2766);
#2766 = AXIS2_PLACEMENT_3D('',#2767,#2768,#2769);
#2767 = CARTESIAN_POINT('',(-9.374616367864,106.35,5.382842712475));
#2768 = DIRECTION('',(0.,1.,0.));
#2769 = DIRECTION('',(0.,0.,1.));
#2770 = ADVANCED_FACE('',(#2771),#2797,.F.);
#2771 = FACE_BOUND('',#2772,.F.);
#2772 = EDGE_LOOP('',(#2773,#2774,#2782,#2790,#2796));
#2773 = ORIENTED_EDGE('',*,*,#1001,.F.);
#2774 = ORIENTED_EDGE('',*,*,#2775,.T.);
#2775 = EDGE_CURVE('',#1002,#2776,#2778,.T.);
#2776 = VERTEX_POINT('',#2777);
#2777 = CARTESIAN_POINT('',(-9.284,82.65,4.9));
#2778 = LINE('',#2779,#2780);
#2779 = CARTESIAN_POINT('',(-9.284,67.35,4.9));
#2780 = VECTOR('',#2781,1.);
#2781 = DIRECTION('',(0.,1.,-2.2E-16));
#2782 = ORIENTED_EDGE('',*,*,#2783,.T.);
#2783 = EDGE_CURVE('',#2776,#2784,#2786,.T.);
#2784 = VERTEX_POINT('',#2785);
#2785 = CARTESIAN_POINT('',(-9.284,92.15,4.9));
#2786 = LINE('',#2787,#2788);
#2787 = CARTESIAN_POINT('',(-9.284,67.35,4.9));
#2788 = VECTOR('',#2789,1.);
#2789 = DIRECTION('',(0.,1.,-2.2E-16));
#2790 = ORIENTED_EDGE('',*,*,#2791,.F.);
#2791 = EDGE_CURVE('',#273,#2784,#2792,.T.);
#2792 = LINE('',#2793,#2794);
#2793 = CARTESIAN_POINT('',(-9.79781425,92.15,5.41381425));
#2794 = VECTOR('',#2795,1.);
#2795 = DIRECTION('',(0.707106781187,0.,-0.707106781187));
#2796 = ORIENTED_EDGE('',*,*,#272,.F.);
#2797 = PLANE('',#2798);
#2798 = AXIS2_PLACEMENT_3D('',#2799,#2800,#2801);
#2799 = CARTESIAN_POINT('',(-9.284,67.35,4.9));
#2800 = DIRECTION('',(0.707106781187,1.6E-16,0.707106781187));
#2801 = DIRECTION('',(-0.707106781187,1.6E-16,0.707106781187));
#2802 = ADVANCED_FACE('',(#2803),#2857,.T.);
#2803 = FACE_BOUND('',#2804,.T.);
#2804 = EDGE_LOOP('',(#2805,#2813,#2814,#2815,#2816,#2824,#2832,#2841,
    #2850));
#2805 = ORIENTED_EDGE('',*,*,#2806,.F.);
#2806 = EDGE_CURVE('',#2784,#2807,#2809,.T.);
#2807 = VERTEX_POINT('',#2808);
#2808 = CARTESIAN_POINT('',(-7.8020797831,92.15,4.9));
#2809 = LINE('',#2810,#2811);
#2810 = CARTESIAN_POINT('',(-11.339257,92.15,4.9));
#2811 = VECTOR('',#2812,1.);
#2812 = DIRECTION('',(1.,0.,0.));
#2813 = ORIENTED_EDGE('',*,*,#2791,.F.);
#2814 = ORIENTED_EDGE('',*,*,#280,.F.);
#2815 = ORIENTED_EDGE('',*,*,#2570,.T.);
#2816 = ORIENTED_EDGE('',*,*,#2817,.T.);
#2817 = EDGE_CURVE('',#2560,#2818,#2820,.T.);
#2818 = VERTEX_POINT('',#2819);
#2819 = CARTESIAN_POINT('',(-9.87752819,92.15,1.9));
#2820 = LINE('',#2821,#2822);
#2821 = CARTESIAN_POINT('',(-9.87752819,92.15,4.9));
#2822 = VECTOR('',#2823,1.);
#2823 = DIRECTION('',(-0.,-0.,-1.));
#2824 = ORIENTED_EDGE('',*,*,#2825,.T.);
#2825 = EDGE_CURVE('',#2818,#2826,#2828,.T.);
#2826 = VERTEX_POINT('',#2827);
#2827 = CARTESIAN_POINT('',(-1.886,92.15,1.9));
#2828 = LINE('',#2829,#2830);
#2829 = CARTESIAN_POINT('',(-8.785275324264,92.15,1.9));
#2830 = VECTOR('',#2831,1.);
#2831 = DIRECTION('',(1.,0.,0.));
#2832 = ORIENTED_EDGE('',*,*,#2833,.F.);
#2833 = EDGE_CURVE('',#2834,#2826,#2836,.T.);
#2834 = VERTEX_POINT('',#2835);
#2835 = CARTESIAN_POINT('',(-6.468575694956,92.15,4.9));
#2836 = CIRCLE('',#2837,5.);
#2837 = AXIS2_PLACEMENT_3D('',#2838,#2839,#2840);
#2838 = CARTESIAN_POINT('',(-1.886,92.15,6.9));
#2839 = DIRECTION('',(0.,-1.,4.4E-16));
#2840 = DIRECTION('',(-1.,0.,0.));
#2841 = ORIENTED_EDGE('',*,*,#2842,.T.);
#2842 = EDGE_CURVE('',#2834,#2843,#2845,.T.);
#2843 = VERTEX_POINT('',#2844);
#2844 = CARTESIAN_POINT('',(-6.816066485916,92.15,6.066666666667));
#2845 = CIRCLE('',#2846,5.);
#2846 = AXIS2_PLACEMENT_3D('',#2847,#2848,#2849);
#2847 = CARTESIAN_POINT('',(-1.886,92.15,6.9));
#2848 = DIRECTION('',(0.,1.,-4.4E-16));
#2849 = DIRECTION('',(0.,-4.4E-16,-1.));
#2850 = ORIENTED_EDGE('',*,*,#2851,.F.);
#2851 = EDGE_CURVE('',#2807,#2843,#2852,.T.);
#2852 = CIRCLE('',#2853,1.);
#2853 = AXIS2_PLACEMENT_3D('',#2854,#2855,#2856);
#2854 = CARTESIAN_POINT('',(-7.8020797831,92.15,5.9));
#2855 = DIRECTION('',(0.,-1.,4.4E-16));
#2856 = DIRECTION('',(0.,-4.4E-16,-1.));
#2857 = PLANE('',#2858);
#2858 = AXIS2_PLACEMENT_3D('',#2859,#2860,#2861);
#2859 = CARTESIAN_POINT('',(-14.9400947896,92.15,3.219666881352));
#2860 = DIRECTION('',(-0.,-1.,-0.));
#2861 = DIRECTION('',(0.,0.,-1.));
#2862 = ADVANCED_FACE('',(#2863),#2881,.F.);
#2863 = FACE_BOUND('',#2864,.F.);
#2864 = EDGE_LOOP('',(#2865,#2866,#2872,#2873,#2879,#2880));
#2865 = ORIENTED_EDGE('',*,*,#1910,.F.);
#2866 = ORIENTED_EDGE('',*,*,#2867,.T.);
#2867 = EDGE_CURVE('',#1911,#707,#2868,.T.);
#2868 = LINE('',#2869,#2870);
#2869 = CARTESIAN_POINT('',(-12.001,15.,4.91));
#2870 = VECTOR('',#2871,1.);
#2871 = DIRECTION('',(-0.,-0.,-1.));
#2872 = ORIENTED_EDGE('',*,*,#714,.F.);
#2873 = ORIENTED_EDGE('',*,*,#2874,.F.);
#2874 = EDGE_CURVE('',#385,#715,#2875,.T.);
#2875 = LINE('',#2876,#2877);
#2876 = CARTESIAN_POINT('',(-12.001,24.2,4.91));
#2877 = VECTOR('',#2878,1.);
#2878 = DIRECTION('',(-0.,-0.,-1.));
#2879 = ORIENTED_EDGE('',*,*,#382,.F.);
#2880 = ORIENTED_EDGE('',*,*,#2502,.F.);
#2881 = PLANE('',#2882);
#2882 = AXIS2_PLACEMENT_3D('',#2883,#2884,#2885);
#2883 = CARTESIAN_POINT('',(-12.001,15.,4.91));
#2884 = DIRECTION('',(1.,0.,0.));
#2885 = DIRECTION('',(0.,1.,0.));
#2886 = ADVANCED_FACE('',(#2887),#2909,.F.);
#2887 = FACE_BOUND('',#2888,.F.);
#2888 = EDGE_LOOP('',(#2889,#2890,#2891,#2892));
#2889 = ORIENTED_EDGE('',*,*,#501,.F.);
#2890 = ORIENTED_EDGE('',*,*,#2874,.T.);
#2891 = ORIENTED_EDGE('',*,*,#722,.F.);
#2892 = ORIENTED_EDGE('',*,*,#2893,.T.);
#2893 = EDGE_CURVE('',#723,#495,#2894,.T.);
#2894 = B_SPLINE_CURVE_WITH_KNOTS('',4,(#2895,#2896,#2897,#2898,#2899,
    #2900,#2901,#2902,#2903,#2904,#2905,#2906,#2907,#2908),
  .UNSPECIFIED.,.F.,.F.,(5,3,3,3,5),(0.,0.245149952214,0.493417010184,
    0.744960608487,1.),.UNSPECIFIED.);
#2895 = CARTESIAN_POINT('',(-12.001,24.2,1.51));
#2896 = CARTESIAN_POINT('',(-12.21480466038,23.986195339611,
    1.723804660389));
#2897 = CARTESIAN_POINT('',(-12.42773641434,23.773263585652,
    1.936736414348));
#2898 = CARTESIAN_POINT('',(-12.63978959459,23.561210405405,
    2.148789594595));
#2899 = CARTESIAN_POINT('',(-13.0648134583,23.136186541698,
    2.573813458302));
#2900 = CARTESIAN_POINT('',(-13.27776152551,22.923238474487,
    2.786761525513));
#2901 = CARTESIAN_POINT('',(-13.48979781304,22.711202186951,
    2.998797813049));
#2902 = CARTESIAN_POINT('',(-13.91482335579,22.286176644203,
    3.423823355797));
#2903 = CARTESIAN_POINT('',(-14.1277882569,22.073211743094,
    3.636788256906));
#2904 = CARTESIAN_POINT('',(-14.33980707401,21.861192925987,
    3.848807074013));
#2905 = CARTESIAN_POINT('',(-14.76487681503,21.436123184968,
    4.273876815032));
#2906 = CARTESIAN_POINT('',(-14.97790113479,21.223098865203,
    4.486901134797));
#2907 = CARTESIAN_POINT('',(-15.18994355872,21.011056441275,
    4.698943558725));
#2908 = CARTESIAN_POINT('',(-15.401,20.8,4.91));
#2909 = PLANE('',#2910);
#2910 = AXIS2_PLACEMENT_3D('',#2911,#2912,#2913);
#2911 = CARTESIAN_POINT('',(-12.001,24.2,4.91));
#2912 = DIRECTION('',(-0.707106781187,0.707106781187,0.));
#2913 = DIRECTION('',(-0.707106781187,-0.707106781187,0.));
#2914 = ADVANCED_FACE('',(#2915),#2954,.T.);
#2915 = FACE_BOUND('',#2916,.T.);
#2916 = EDGE_LOOP('',(#2917,#2936,#2937,#2938,#2939,#2949));
#2917 = ORIENTED_EDGE('',*,*,#2918,.F.);
#2918 = EDGE_CURVE('',#731,#2919,#2921,.T.);
#2919 = VERTEX_POINT('',#2920);
#2920 = CARTESIAN_POINT('',(-15.29072666,32.48972666,4.79972666));
#2921 = B_SPLINE_CURVE_WITH_KNOTS('',4,(#2922,#2923,#2924,#2925,#2926,
    #2927,#2928,#2929,#2930,#2931,#2932,#2933,#2934,#2935),
  .UNSPECIFIED.,.F.,.F.,(5,3,3,3,5),(0.,0.249631411742,0.499493559594,
    0.74960116286,1.),.UNSPECIFIED.);
#2922 = CARTESIAN_POINT('',(-12.001,29.2,1.51));
#2923 = CARTESIAN_POINT('',(-12.21358836331,29.412588363315,
    1.722588363315));
#2924 = CARTESIAN_POINT('',(-12.42611501201,29.625115012014,
    1.935115012014));
#2925 = CARTESIAN_POINT('',(-12.63857815313,29.837578153138,
    2.147578153138));
#2926 = CARTESIAN_POINT('',(-13.06356990666,30.262569906661,
    2.572569906661));
#2927 = CARTESIAN_POINT('',(-13.27609839761,30.475098397619,
    2.785098397619));
#2928 = CARTESIAN_POINT('',(-13.48855941999,30.687559419993,
    2.997559419993));
#2929 = CARTESIAN_POINT('',(-13.91355106012,31.112551060121,
    3.422551060121));
#2930 = CARTESIAN_POINT('',(-14.12608154073,31.325081540732,
    3.635081540732));
#2931 = CARTESIAN_POINT('',(-14.33854029655,31.537540296551,
    3.847540296551));
#2932 = CARTESIAN_POINT('',(-14.76355725189,31.962557251898,
    4.272557251898));
#2933 = CARTESIAN_POINT('',(-14.97611527863,32.17511527863,4.48511527863
    ));
#2934 = CARTESIAN_POINT('',(-15.18859698525,32.387596985256,
    4.697596985256));
#2935 = CARTESIAN_POINT('',(-15.401,32.6,4.91));
#2936 = ORIENTED_EDGE('',*,*,#730,.F.);
#2937 = ORIENTED_EDGE('',*,*,#2893,.T.);
#2938 = ORIENTED_EDGE('',*,*,#494,.T.);
#2939 = ORIENTED_EDGE('',*,*,#2940,.F.);
#2940 = EDGE_CURVE('',#2941,#487,#2943,.T.);
#2941 = VERTEX_POINT('',#2942);
#2942 = CARTESIAN_POINT('',(-15.29072666,25.11515808,4.79972666));
#2943 = B_SPLINE_CURVE_WITH_KNOTS('',4,(#2944,#2945,#2946,#2947,#2948),
  .UNSPECIFIED.,.F.,.F.,(5,5),(0.,1.),.PIECEWISE_BEZIER_KNOTS.);
#2944 = CARTESIAN_POINT('',(-15.29072666,25.11515808,4.79972666));
#2945 = CARTESIAN_POINT('',(-15.31580394504,25.11515808,4.824803945045)
  );
#2946 = CARTESIAN_POINT('',(-15.34087529855,25.11515808,4.849875298554)
  );
#2947 = CARTESIAN_POINT('',(-15.36594063231,25.11515808,4.874940632319)
  );
#2948 = CARTESIAN_POINT('',(-15.391,25.11515808,4.9));
#2949 = ORIENTED_EDGE('',*,*,#2950,.T.);
#2950 = EDGE_CURVE('',#2941,#2919,#2951,.T.);
#2951 = B_SPLINE_CURVE_WITH_KNOTS('',1,(#2952,#2953),.UNSPECIFIED.,.F.,
  .F.,(2,2),(0.,1.),.PIECEWISE_BEZIER_KNOTS.);
#2952 = CARTESIAN_POINT('',(-15.29072666,25.11515808,4.79972666));
#2953 = CARTESIAN_POINT('',(-15.29072666,32.529094944315,4.79972666));
#2954 = B_SPLINE_SURFACE_WITH_KNOTS('',1,1,(
    (#2955,#2956)
    ,(#2957,#2958
    )),.UNSPECIFIED.,.F.,.F.,.F.,(2,2),(2,2),(0.,138.),(0.,1.),
  .PIECEWISE_BEZIER_KNOTS.);
#2955 = CARTESIAN_POINT('',(-12.001,144.,1.51));
#2956 = CARTESIAN_POINT('',(-15.401,140.6,4.91));
#2957 = CARTESIAN_POINT('',(-12.001,6.,1.51));
#2958 = CARTESIAN_POINT('',(-15.401,9.4,4.91));
#2959 = ADVANCED_FACE('',(#2960),#2970,.F.);
#2960 = FACE_BOUND('',#2961,.F.);
#2961 = EDGE_LOOP('',(#2962,#2963,#2964));
#2962 = ORIENTED_EDGE('',*,*,#486,.F.);
#2963 = ORIENTED_EDGE('',*,*,#2940,.F.);
#2964 = ORIENTED_EDGE('',*,*,#2965,.F.);
#2965 = EDGE_CURVE('',#479,#2941,#2966,.T.);
#2966 = LINE('',#2967,#2968);
#2967 = CARTESIAN_POINT('',(-15.29072666,25.11515808,4.9));
#2968 = VECTOR('',#2969,1.);
#2969 = DIRECTION('',(-0.,-0.,-1.));
#2970 = PLANE('',#2971);
#2971 = AXIS2_PLACEMENT_3D('',#2972,#2973,#2974);
#2972 = CARTESIAN_POINT('',(-44.82990646,25.11515808,4.9));
#2973 = DIRECTION('',(0.,-1.,0.));
#2974 = DIRECTION('',(1.,0.,0.));
#2975 = ADVANCED_FACE('',(#2976),#2987,.F.);
#2976 = FACE_BOUND('',#2977,.F.);
#2977 = EDGE_LOOP('',(#2978,#2979,#2980,#2981));
#2978 = ORIENTED_EDGE('',*,*,#478,.F.);
#2979 = ORIENTED_EDGE('',*,*,#2965,.T.);
#2980 = ORIENTED_EDGE('',*,*,#2950,.T.);
#2981 = ORIENTED_EDGE('',*,*,#2982,.F.);
#2982 = EDGE_CURVE('',#471,#2919,#2983,.T.);
#2983 = LINE('',#2984,#2985);
#2984 = CARTESIAN_POINT('',(-15.29072666,32.48972666,4.905));
#2985 = VECTOR('',#2986,1.);
#2986 = DIRECTION('',(0.,-0.,-1.));
#2987 = PLANE('',#2988);
#2988 = AXIS2_PLACEMENT_3D('',#2989,#2990,#2991);
#2989 = CARTESIAN_POINT('',(-15.29072666,25.11515808,4.9));
#2990 = DIRECTION('',(1.,0.,0.));
#2991 = DIRECTION('',(0.,1.,0.));
#2992 = ADVANCED_FACE('',(#2993),#3005,.F.);
#2993 = FACE_BOUND('',#2994,.F.);
#2994 = EDGE_LOOP('',(#2995,#2996,#2997,#2998,#3004));
#2995 = ORIENTED_EDGE('',*,*,#2982,.T.);
#2996 = ORIENTED_EDGE('',*,*,#2918,.F.);
#2997 = ORIENTED_EDGE('',*,*,#737,.F.);
#2998 = ORIENTED_EDGE('',*,*,#2999,.F.);
#2999 = EDGE_CURVE('',#463,#738,#3000,.T.);
#3000 = LINE('',#3001,#3002);
#3001 = CARTESIAN_POINT('',(-12.001,29.2,4.91));
#3002 = VECTOR('',#3003,1.);
#3003 = DIRECTION('',(-0.,-0.,-1.));
#3004 = ORIENTED_EDGE('',*,*,#470,.F.);
#3005 = PLANE('',#3006);
#3006 = AXIS2_PLACEMENT_3D('',#3007,#3008,#3009);
#3007 = CARTESIAN_POINT('',(-15.401,32.6,4.91));
#3008 = DIRECTION('',(-0.707106781187,-0.707106781187,0.));
#3009 = DIRECTION('',(0.707106781187,-0.707106781187,0.));
#3010 = ADVANCED_FACE('',(#3011),#3022,.F.);
#3011 = FACE_BOUND('',#3012,.F.);
#3012 = EDGE_LOOP('',(#3013,#3014,#3015,#3016));
#3013 = ORIENTED_EDGE('',*,*,#462,.F.);
#3014 = ORIENTED_EDGE('',*,*,#2999,.T.);
#3015 = ORIENTED_EDGE('',*,*,#745,.F.);
#3016 = ORIENTED_EDGE('',*,*,#3017,.F.);
#3017 = EDGE_CURVE('',#455,#746,#3018,.T.);
#3018 = LINE('',#3019,#3020);
#3019 = CARTESIAN_POINT('',(-12.001,38.3,4.91));
#3020 = VECTOR('',#3021,1.);
#3021 = DIRECTION('',(-0.,-0.,-1.));
#3022 = PLANE('',#3023);
#3023 = AXIS2_PLACEMENT_3D('',#3024,#3025,#3026);
#3024 = CARTESIAN_POINT('',(-12.001,29.2,4.91));
#3025 = DIRECTION('',(1.,0.,0.));
#3026 = DIRECTION('',(0.,1.,0.));
#3027 = ADVANCED_FACE('',(#3028),#3058,.F.);
#3028 = FACE_BOUND('',#3029,.F.);
#3029 = EDGE_LOOP('',(#3030,#3031,#3032,#3033,#3052));
#3030 = ORIENTED_EDGE('',*,*,#454,.F.);
#3031 = ORIENTED_EDGE('',*,*,#3017,.T.);
#3032 = ORIENTED_EDGE('',*,*,#753,.F.);
#3033 = ORIENTED_EDGE('',*,*,#3034,.T.);
#3034 = EDGE_CURVE('',#754,#3035,#3037,.T.);
#3035 = VERTEX_POINT('',#3036);
#3036 = CARTESIAN_POINT('',(-15.29072666,35.01027334,4.79972666));
#3037 = B_SPLINE_CURVE_WITH_KNOTS('',4,(#3038,#3039,#3040,#3041,#3042,
    #3043,#3044,#3045,#3046,#3047,#3048,#3049,#3050,#3051),
  .UNSPECIFIED.,.F.,.F.,(5,3,3,3,5),(0.,0.245734301953,0.494206256327,
    0.7455604044,1.),.UNSPECIFIED.);
#3038 = CARTESIAN_POINT('',(-12.001,38.3,1.51));
#3039 = CARTESIAN_POINT('',(-12.21463984855,38.086360151449,
    1.723639848551));
#3040 = CARTESIAN_POINT('',(-12.42751782518,37.873482174814,
    1.936517825186));
#3041 = CARTESIAN_POINT('',(-12.63962663911,37.661373360884,
    2.148626639116));
#3042 = CARTESIAN_POINT('',(-13.06464639868,37.236353601318,
    2.573646398682));
#3043 = CARTESIAN_POINT('',(-13.27753995604,37.023460043955,
    2.786539956045));
#3044 = CARTESIAN_POINT('',(-13.48963278976,36.811367210231,
    2.998632789769));
#3045 = CARTESIAN_POINT('',(-13.91465417724,36.386345822752,
    3.423654177248));
#3046 = CARTESIAN_POINT('',(-14.12756388885,36.173436111146,
    3.636563888854));
#3047 = CARTESIAN_POINT('',(-14.33964012101,35.961359878982,
    3.848640121018));
#3048 = CARTESIAN_POINT('',(-14.76470529008,35.536294709914,
    4.273705290086));
#3049 = CARTESIAN_POINT('',(-14.97767347582,35.323326524171,
    4.486673475829));
#3050 = CARTESIAN_POINT('',(-15.18977385997,35.111226140023,
    4.698773859977));
#3051 = CARTESIAN_POINT('',(-15.401,34.9,4.91));
#3052 = ORIENTED_EDGE('',*,*,#3053,.T.);
#3053 = EDGE_CURVE('',#3035,#447,#3054,.T.);
#3054 = LINE('',#3055,#3056);
#3055 = CARTESIAN_POINT('',(-15.29072666,35.01027334,4.905));
#3056 = VECTOR('',#3057,1.);
#3057 = DIRECTION('',(0.,-0.,1.));
#3058 = PLANE('',#3059);
#3059 = AXIS2_PLACEMENT_3D('',#3060,#3061,#3062);
#3060 = CARTESIAN_POINT('',(-12.001,38.3,4.91));
#3061 = DIRECTION('',(-0.707106781187,0.707106781187,0.));
#3062 = DIRECTION('',(-0.707106781187,-0.707106781187,0.));
#3063 = ADVANCED_FACE('',(#3064),#3081,.F.);
#3064 = FACE_BOUND('',#3065,.F.);
#3065 = EDGE_LOOP('',(#3066,#3067,#3068,#3075));
#3066 = ORIENTED_EDGE('',*,*,#446,.F.);
#3067 = ORIENTED_EDGE('',*,*,#3053,.F.);
#3068 = ORIENTED_EDGE('',*,*,#3069,.T.);
#3069 = EDGE_CURVE('',#3035,#3070,#3072,.T.);
#3070 = VERTEX_POINT('',#3071);
#3071 = CARTESIAN_POINT('',(-15.29072666,47.42851257,4.79972666));
#3072 = B_SPLINE_CURVE_WITH_KNOTS('',1,(#3073,#3074),.UNSPECIFIED.,.F.,
  .F.,(2,2),(0.,1.),.PIECEWISE_BEZIER_KNOTS.);
#3073 = CARTESIAN_POINT('',(-15.29072666,34.832222882667,4.79972666));
#3074 = CARTESIAN_POINT('',(-15.29072666,47.42851257,4.79972666));
#3075 = ORIENTED_EDGE('',*,*,#3076,.F.);
#3076 = EDGE_CURVE('',#439,#3070,#3077,.T.);
#3077 = LINE('',#3078,#3079);
#3078 = CARTESIAN_POINT('',(-15.29072666,47.42851257,4.9));
#3079 = VECTOR('',#3080,1.);
#3080 = DIRECTION('',(-0.,-0.,-1.));
#3081 = PLANE('',#3082);
#3082 = AXIS2_PLACEMENT_3D('',#3083,#3084,#3085);
#3083 = CARTESIAN_POINT('',(-15.29072666,25.11515808,4.9));
#3084 = DIRECTION('',(1.,0.,0.));
#3085 = DIRECTION('',(0.,1.,0.));
#3086 = ADVANCED_FACE('',(#3087),#3099,.F.);
#3087 = FACE_BOUND('',#3088,.F.);
#3088 = EDGE_LOOP('',(#3089,#3090,#3091));
#3089 = ORIENTED_EDGE('',*,*,#438,.F.);
#3090 = ORIENTED_EDGE('',*,*,#3076,.T.);
#3091 = ORIENTED_EDGE('',*,*,#3092,.F.);
#3092 = EDGE_CURVE('',#432,#3070,#3093,.T.);
#3093 = B_SPLINE_CURVE_WITH_KNOTS('',4,(#3094,#3095,#3096,#3097,#3098),
  .UNSPECIFIED.,.F.,.F.,(5,5),(0.,1.),.PIECEWISE_BEZIER_KNOTS.);
#3094 = CARTESIAN_POINT('',(-15.391,47.42851257,4.9));
#3095 = CARTESIAN_POINT('',(-15.36593493711,47.42851257,4.874934937112)
  );
#3096 = CARTESIAN_POINT('',(-15.34086769489,47.42851257,4.84986769489));
#3097 = CARTESIAN_POINT('',(-15.3157982585,47.42851257,4.824798258502));
#3098 = CARTESIAN_POINT('',(-15.29072666,47.42851257,4.79972666));
#3099 = PLANE('',#3100);
#3100 = AXIS2_PLACEMENT_3D('',#3101,#3102,#3103);
#3101 = CARTESIAN_POINT('',(-15.29072666,47.42851257,4.9));
#3102 = DIRECTION('',(0.,1.,0.));
#3103 = DIRECTION('',(-1.,0.,0.));
#3104 = ADVANCED_FACE('',(#3105),#3129,.T.);
#3105 = FACE_BOUND('',#3106,.T.);
#3106 = EDGE_LOOP('',(#3107,#3124,#3125,#3126,#3127,#3128));
#3107 = ORIENTED_EDGE('',*,*,#3108,.F.);
#3108 = EDGE_CURVE('',#762,#424,#3109,.T.);
#3109 = B_SPLINE_CURVE_WITH_KNOTS('',4,(#3110,#3111,#3112,#3113,#3114,
    #3115,#3116,#3117,#3118,#3119,#3120,#3121,#3122,#3123),
  .UNSPECIFIED.,.F.,.F.,(5,3,3,3,5),(0.,0.249066729132,0.498723952559,
    0.749008394385,1.),.UNSPECIFIED.);
#3110 = CARTESIAN_POINT('',(-12.001,44.3,1.51));
#3111 = CARTESIAN_POINT('',(-12.2137340909,44.512734090906,
    1.722734090906));
#3112 = CARTESIAN_POINT('',(-12.42630943536,44.725309435365,
    1.935309435365));
#3113 = CARTESIAN_POINT('',(-12.63872185107,44.937721851075,
    2.147721851075));
#3114 = CARTESIAN_POINT('',(-13.06371518366,45.362715183664,
    2.572715183664));
#3115 = CARTESIAN_POINT('',(-13.2762953055,45.575295305508,
    2.785295305508));
#3116 = CARTESIAN_POINT('',(-13.48870283427,45.787702834272,
    2.997702834272));
#3117 = CARTESIAN_POINT('',(-13.9136964935,46.212696493501,
    3.422696493501));
#3118 = CARTESIAN_POINT('',(-14.12628173139,46.425281731397,
    3.635281731397));
#3119 = CARTESIAN_POINT('',(-14.3386840461,46.637684046107,
    3.847684046107));
#3120 = CARTESIAN_POINT('',(-14.76371242479,47.062712424798,
    4.272712424798));
#3121 = CARTESIAN_POINT('',(-14.9763374247,47.275337424707,
    4.485337424707));
#3122 = CARTESIAN_POINT('',(-15.18876839136,47.487768391365,
    4.697768391365));
#3123 = CARTESIAN_POINT('',(-15.401,47.7,4.91));
#3124 = ORIENTED_EDGE('',*,*,#761,.F.);
#3125 = ORIENTED_EDGE('',*,*,#3034,.T.);
#3126 = ORIENTED_EDGE('',*,*,#3069,.T.);
#3127 = ORIENTED_EDGE('',*,*,#3092,.F.);
#3128 = ORIENTED_EDGE('',*,*,#431,.T.);
#3129 = B_SPLINE_SURFACE_WITH_KNOTS('',1,1,(
    (#3130,#3131)
    ,(#3132,#3133
    )),.UNSPECIFIED.,.F.,.F.,.F.,(2,2),(2,2),(0.,138.),(0.,1.),
  .PIECEWISE_BEZIER_KNOTS.);
#3130 = CARTESIAN_POINT('',(-12.001,144.,1.51));
#3131 = CARTESIAN_POINT('',(-15.401,140.6,4.91));
#3132 = CARTESIAN_POINT('',(-12.001,6.,1.51));
#3133 = CARTESIAN_POINT('',(-15.401,9.4,4.91));
#3134 = ADVANCED_FACE('',(#3135),#3146,.T.);
#3135 = FACE_BOUND('',#3136,.T.);
#3136 = EDGE_LOOP('',(#3137,#3138,#3144,#3145));
#3137 = ORIENTED_EDGE('',*,*,#423,.F.);
#3138 = ORIENTED_EDGE('',*,*,#3139,.T.);
#3139 = EDGE_CURVE('',#416,#769,#3140,.T.);
#3140 = LINE('',#3141,#3142);
#3141 = CARTESIAN_POINT('',(-12.001,44.3,4.91));
#3142 = VECTOR('',#3143,1.);
#3143 = DIRECTION('',(-0.,-0.,-1.));
#3144 = ORIENTED_EDGE('',*,*,#768,.F.);
#3145 = ORIENTED_EDGE('',*,*,#3108,.T.);
#3146 = PLANE('',#3147);
#3147 = AXIS2_PLACEMENT_3D('',#3148,#3149,#3150);
#3148 = CARTESIAN_POINT('',(-12.001,44.3,4.91));
#3149 = DIRECTION('',(0.707106781187,0.707106781187,0.));
#3150 = DIRECTION('',(-0.707106781187,0.707106781187,0.));
#3151 = ADVANCED_FACE('',(#3152),#3163,.T.);
#3152 = FACE_BOUND('',#3153,.T.);
#3153 = EDGE_LOOP('',(#3154,#3155,#3161,#3162));
#3154 = ORIENTED_EDGE('',*,*,#415,.F.);
#3155 = ORIENTED_EDGE('',*,*,#3156,.T.);
#3156 = EDGE_CURVE('',#408,#777,#3157,.T.);
#3157 = LINE('',#3158,#3159);
#3158 = CARTESIAN_POINT('',(-12.001,53.399999999643,4.91));
#3159 = VECTOR('',#3160,1.);
#3160 = DIRECTION('',(-0.,-0.,-1.));
#3161 = ORIENTED_EDGE('',*,*,#776,.F.);
#3162 = ORIENTED_EDGE('',*,*,#3139,.F.);
#3163 = PLANE('',#3164);
#3164 = AXIS2_PLACEMENT_3D('',#3165,#3166,#3167);
#3165 = CARTESIAN_POINT('',(-12.001,53.399999999643,4.91));
#3166 = DIRECTION('',(-1.,0.,0.));
#3167 = DIRECTION('',(0.,-1.,0.));
#3168 = ADVANCED_FACE('',(#3169),#3175,.T.);
#3169 = FACE_BOUND('',#3170,.T.);
#3170 = EDGE_LOOP('',(#3171,#3172,#3173,#3174));
#3171 = ORIENTED_EDGE('',*,*,#407,.F.);
#3172 = ORIENTED_EDGE('',*,*,#522,.F.);
#3173 = ORIENTED_EDGE('',*,*,#784,.F.);
#3174 = ORIENTED_EDGE('',*,*,#3156,.F.);
#3175 = PLANE('',#3176);
#3176 = AXIS2_PLACEMENT_3D('',#3177,#3178,#3179);
#3177 = CARTESIAN_POINT('',(-15.401,50.,4.91));
#3178 = DIRECTION('',(0.707106781149,-0.707106781224,0.));
#3179 = DIRECTION('',(0.707106781224,0.707106781149,0.));
#3180 = ADVANCED_FACE('',(#3181),#3254,.T.);
#3181 = FACE_BOUND('',#3182,.T.);
#3182 = EDGE_LOOP('',(#3183,#3192,#3193,#3194,#3202,#3247,#3248));
#3183 = ORIENTED_EDGE('',*,*,#3184,.F.);
#3184 = EDGE_CURVE('',#2818,#3185,#3187,.T.);
#3185 = VERTEX_POINT('',#3186);
#3186 = CARTESIAN_POINT('',(-11.986,92.616309822404,1.9));
#3187 = CIRCLE('',#3188,5.);
#3188 = AXIS2_PLACEMENT_3D('',#3189,#3190,#3191);
#3189 = CARTESIAN_POINT('',(-9.87752819,97.15,1.9));
#3190 = DIRECTION('',(0.,0.,-1.));
#3191 = DIRECTION('',(0.,1.,0.));
#3192 = ORIENTED_EDGE('',*,*,#2817,.F.);
#3193 = ORIENTED_EDGE('',*,*,#2559,.T.);
#3194 = ORIENTED_EDGE('',*,*,#3195,.T.);
#3195 = EDGE_CURVE('',#2562,#3196,#3198,.T.);
#3196 = VERTEX_POINT('',#3197);
#3197 = CARTESIAN_POINT('',(-14.87752819,97.15,4.38652819));
#3198 = LINE('',#3199,#3200);
#3199 = CARTESIAN_POINT('',(-14.87752819,97.15,4.9));
#3200 = VECTOR('',#3201,1.);
#3201 = DIRECTION('',(-0.,-0.,-1.));
#3202 = ORIENTED_EDGE('',*,*,#3203,.T.);
#3203 = EDGE_CURVE('',#3196,#552,#3204,.T.);
#3204 = B_SPLINE_CURVE_WITH_KNOTS('',6,(#3205,#3206,#3207,#3208,#3209,
    #3210,#3211,#3212,#3213,#3214,#3215,#3216,#3217,#3218,#3219,#3220,
    #3221,#3222,#3223,#3224,#3225,#3226,#3227,#3228,#3229,#3230,#3231,
    #3232,#3233,#3234,#3235,#3236,#3237,#3238,#3239,#3240,#3241,#3242,
    #3243,#3244,#3245,#3246),.UNSPECIFIED.,.F.,.F.,(7,5,5,5,5,5,5,5,7),(
    0.,2.354599869545E-02,0.317851577834,0.565140625947,0.799630199734,
    0.976398457261,0.988401291944,0.993986894731,1.),.UNSPECIFIED.);
#3205 = CARTESIAN_POINT('',(-14.87752819,97.15,4.38652819));
#3206 = CARTESIAN_POINT('',(-14.87752818996,97.12664534247,
    4.386528189965));
#3207 = CARTESIAN_POINT('',(-14.87739726494,97.103310906993,
    4.386397264948));
#3208 = CARTESIAN_POINT('',(-14.87713590533,97.080000691539,
    4.38613590533));
#3209 = CARTESIAN_POINT('',(-14.87674460842,97.056716965573,
    4.385744608424));
#3210 = CARTESIAN_POINT('',(-14.87622387846,97.033460270056,
    4.385223878467));
#3211 = CARTESIAN_POINT('',(-14.86745411401,96.719862904686,
    4.376454114019));
#3212 = CARTESIAN_POINT('',(-14.83919381386,96.433756971364,
    4.348193813862));
#3213 = CARTESIAN_POINT('',(-14.79182340782,96.154049218602,
    4.300823407828));
#3214 = CARTESIAN_POINT('',(-14.7267114073,95.882308481285,
    4.235711407304));
#3215 = CARTESIAN_POINT('',(-14.64526495774,95.619692763433,
    4.154264957748));
#3216 = CARTESIAN_POINT('',(-14.4677742447,95.154683250802,
    3.976774244704));
#3217 = CARTESIAN_POINT('',(-14.37614290082,94.949377580622,
    3.885142900827));
#3218 = CARTESIAN_POINT('',(-14.27470427536,94.751545181776,
    3.783704275367));
#3219 = CARTESIAN_POINT('',(-14.16421502803,94.561532595652,
    3.673215028039));
#3220 = CARTESIAN_POINT('',(-14.04538393902,94.379592477278,
    3.554383939027));
#3221 = CARTESIAN_POINT('',(-13.79886569247,94.041200411643,
    3.307865692473));
#3222 = CARTESIAN_POINT('',(-13.67196174855,93.88392535987,3.18096174855
    ));
#3223 = CARTESIAN_POINT('',(-13.53868567285,93.734228399505,
    3.047685672859));
#3224 = CARTESIAN_POINT('',(-13.39955242311,93.592229352458,
    2.908552423115));
#3225 = CARTESIAN_POINT('',(-13.255040017,93.458020150005,2.764040017005
    ));
#3226 = CARTESIAN_POINT('',(-12.99291936108,93.23642060251,
    2.501919361082));
#3227 = CARTESIAN_POINT('',(-12.87744705102,93.14563949622,
    2.386447051026));
#3228 = CARTESIAN_POINT('',(-12.7593563799,93.059356535311,2.2683563799)
  );
#3229 = CARTESIAN_POINT('',(-12.63882734432,92.977598852258,
    2.147827344321));
#3230 = CARTESIAN_POINT('',(-12.51603108238,92.900390724189,
    2.025031082388));
#3231 = CARTESIAN_POINT('',(-12.38264834696,92.822822022063,
    1.891648346969));
#3232 = CARTESIAN_POINT('',(-12.37415762454,92.817910967414,
    1.88315762454));
#3233 = CARTESIAN_POINT('',(-12.36565724812,92.81302099916,
    1.874657248124));
#3234 = CARTESIAN_POINT('',(-12.35714726857,92.8081521244,1.866147268577
    ));
#3235 = CARTESIAN_POINT('',(-12.3486277366,92.803304350208,
    1.857627736601));
#3236 = CARTESIAN_POINT('',(-12.33612965737,92.796231560703,
    1.845129657374));
#3237 = CARTESIAN_POINT('',(-12.33216061311,92.793991173872,
    1.841160613114));
#3238 = CARTESIAN_POINT('',(-12.32819156994,92.791756509811,
    1.837191569944));
#3239 = CARTESIAN_POINT('',(-12.32422252785,92.789527555294,
    1.833222527852));
#3240 = CARTESIAN_POINT('',(-12.32025348682,92.787304297208,
    1.829253486826));
#3241 = CARTESIAN_POINT('',(-12.31201163045,92.782699422491,
    1.821011630454));
#3242 = CARTESIAN_POINT('',(-12.30773650931,92.780317420395,
    1.816736509314));
#3243 = CARTESIAN_POINT('',(-12.30345900428,92.777940670086,
    1.812459004286));
#3244 = CARTESIAN_POINT('',(-12.29917909934,92.77556916016,
    1.808179099346));
#3245 = CARTESIAN_POINT('',(-12.29489684159,92.77320291399,
    1.803896841594));
#3246 = CARTESIAN_POINT('',(-12.29061234125,92.770841989722,
    1.799612341251));
#3247 = ORIENTED_EDGE('',*,*,#549,.F.);
#3248 = ORIENTED_EDGE('',*,*,#3249,.F.);
#3249 = EDGE_CURVE('',#3185,#550,#3250,.T.);
#3250 = LINE('',#3251,#3252);
#3251 = CARTESIAN_POINT('',(-11.986,92.616309822404,4.9));
#3252 = VECTOR('',#3253,1.);
#3253 = DIRECTION('',(-0.,-0.,-1.));
#3254 = CYLINDRICAL_SURFACE('',#3255,5.);
#3255 = AXIS2_PLACEMENT_3D('',#3256,#3257,#3258);
#3256 = CARTESIAN_POINT('',(-9.87752819,97.15,4.9));
#3257 = DIRECTION('',(-0.,-0.,-1.));
#3258 = DIRECTION('',(0.,-1.,0.));
#3259 = ADVANCED_FACE('',(#3260),#3278,.T.);
#3260 = FACE_BOUND('',#3261,.T.);
#3261 = EDGE_LOOP('',(#3262,#3270,#3271,#3272));
#3262 = ORIENTED_EDGE('',*,*,#3263,.F.);
#3263 = EDGE_CURVE('',#3185,#3264,#3266,.T.);
#3264 = VERTEX_POINT('',#3265);
#3265 = CARTESIAN_POINT('',(-11.986,82.65,1.9));
#3266 = LINE('',#3267,#3268);
#3267 = CARTESIAN_POINT('',(-11.986,93.31884478586,1.9));
#3268 = VECTOR('',#3269,1.);
#3269 = DIRECTION('',(0.,-1.,0.));
#3270 = ORIENTED_EDGE('',*,*,#3249,.T.);
#3271 = ORIENTED_EDGE('',*,*,#854,.F.);
#3272 = ORIENTED_EDGE('',*,*,#3273,.F.);
#3273 = EDGE_CURVE('',#3264,#847,#3274,.T.);
#3274 = LINE('',#3275,#3276);
#3275 = CARTESIAN_POINT('',(-11.986,82.65,1.9));
#3276 = VECTOR('',#3277,1.);
#3277 = DIRECTION('',(-0.,-0.,-1.));
#3278 = PLANE('',#3279);
#3279 = AXIS2_PLACEMENT_3D('',#3280,#3281,#3282);
#3280 = CARTESIAN_POINT('',(-11.986,93.31884478586,1.9));
#3281 = DIRECTION('',(-1.,0.,0.));
#3282 = DIRECTION('',(0.,-1.,0.));
#3283 = ADVANCED_FACE('',(#3284),#3372,.T.);
#3284 = FACE_BOUND('',#3285,.T.);
#3285 = EDGE_LOOP('',(#3286,#3294,#3303,#3312,#3320,#3328,#3337,#3343,
    #3344,#3345,#3358,#3366));
#3286 = ORIENTED_EDGE('',*,*,#3287,.F.);
#3287 = EDGE_CURVE('',#3288,#2776,#3290,.T.);
#3288 = VERTEX_POINT('',#3289);
#3289 = CARTESIAN_POINT('',(-7.8020797831,82.65,4.9));
#3290 = LINE('',#3291,#3292);
#3291 = CARTESIAN_POINT('',(-1.886,82.65,4.9));
#3292 = VECTOR('',#3293,1.);
#3293 = DIRECTION('',(-1.,0.,0.));
#3294 = ORIENTED_EDGE('',*,*,#3295,.T.);
#3295 = EDGE_CURVE('',#3288,#3296,#3298,.T.);
#3296 = VERTEX_POINT('',#3297);
#3297 = CARTESIAN_POINT('',(-6.816066485916,82.65,6.066666666667));
#3298 = CIRCLE('',#3299,1.);
#3299 = AXIS2_PLACEMENT_3D('',#3300,#3301,#3302);
#3300 = CARTESIAN_POINT('',(-7.8020797831,82.65,5.9));
#3301 = DIRECTION('',(0.,-1.,4.4E-16));
#3302 = DIRECTION('',(0.,-4.4E-16,-1.));
#3303 = ORIENTED_EDGE('',*,*,#3304,.T.);
#3304 = EDGE_CURVE('',#3296,#3305,#3307,.T.);
#3305 = VERTEX_POINT('',#3306);
#3306 = CARTESIAN_POINT('',(-4.386,82.65,11.230127018922));
#3307 = CIRCLE('',#3308,5.);
#3308 = AXIS2_PLACEMENT_3D('',#3309,#3310,#3311);
#3309 = CARTESIAN_POINT('',(-1.886,82.65,6.9));
#3310 = DIRECTION('',(0.,1.,-2.2E-16));
#3311 = DIRECTION('',(-1.,0.,0.));
#3312 = ORIENTED_EDGE('',*,*,#3313,.F.);
#3313 = EDGE_CURVE('',#3314,#3305,#3316,.T.);
#3314 = VERTEX_POINT('',#3315);
#3315 = CARTESIAN_POINT('',(-1.886,82.65,12.673502691896));
#3316 = LINE('',#3317,#3318);
#3317 = CARTESIAN_POINT('',(-1.886,82.65,12.673502691896));
#3318 = VECTOR('',#3319,1.);
#3319 = DIRECTION('',(-0.866025403784,-0.,-0.5));
#3320 = ORIENTED_EDGE('',*,*,#3321,.T.);
#3321 = EDGE_CURVE('',#3314,#3322,#3324,.T.);
#3322 = VERTEX_POINT('',#3323);
#3323 = CARTESIAN_POINT('',(0.614,82.65,11.230127018922));
#3324 = LINE('',#3325,#3326);
#3325 = CARTESIAN_POINT('',(-1.886,82.65,12.673502691896));
#3326 = VECTOR('',#3327,1.);
#3327 = DIRECTION('',(0.866025403784,0.,-0.5));
#3328 = ORIENTED_EDGE('',*,*,#3329,.T.);
#3329 = EDGE_CURVE('',#3322,#3330,#3332,.T.);
#3330 = VERTEX_POINT('',#3331);
#3331 = CARTESIAN_POINT('',(-1.886,82.65,1.9));
#3332 = CIRCLE('',#3333,5.);
#3333 = AXIS2_PLACEMENT_3D('',#3334,#3335,#3336);
#3334 = CARTESIAN_POINT('',(-1.886,82.65,6.9));
#3335 = DIRECTION('',(0.,1.,-2.2E-16));
#3336 = DIRECTION('',(-1.,0.,0.));
#3337 = ORIENTED_EDGE('',*,*,#3338,.F.);
#3338 = EDGE_CURVE('',#3264,#3330,#3339,.T.);
#3339 = LINE('',#3340,#3341);
#3340 = CARTESIAN_POINT('',(-14.486,82.65,1.9));
#3341 = VECTOR('',#3342,1.);
#3342 = DIRECTION('',(1.,0.,-3.E-16));
#3343 = ORIENTED_EDGE('',*,*,#3273,.T.);
#3344 = ORIENTED_EDGE('',*,*,#846,.F.);
#3345 = ORIENTED_EDGE('',*,*,#3346,.T.);
#3346 = EDGE_CURVE('',#840,#3347,#3349,.T.);
#3347 = VERTEX_POINT('',#3348);
#3348 = CARTESIAN_POINT('',(-14.291,82.65,3.8));
#3349 = B_SPLINE_CURVE_WITH_KNOTS('',4,(#3350,#3351,#3352,#3353,#3354,
    #3355,#3356,#3357),.UNSPECIFIED.,.F.,.F.,(5,3,5),(0.,0.502492828788,
    1.),.UNSPECIFIED.);
#3350 = CARTESIAN_POINT('',(-12.291,82.65,1.8));
#3351 = CARTESIAN_POINT('',(-12.68180198962,82.65,2.19080198962));
#3352 = CARTESIAN_POINT('',(-13.07256867733,82.65,2.581568677336));
#3353 = CARTESIAN_POINT('',(-13.46329807827,82.65,2.972298078273));
#3354 = CARTESIAN_POINT('',(-14.24080139692,82.65,3.749801396925));
#3355 = CARTESIAN_POINT('',(-14.62757609341,82.65,4.136576093416));
#3356 = CARTESIAN_POINT('',(-15.01430980453,82.65,4.523309804537));
#3357 = CARTESIAN_POINT('',(-15.401,82.65,4.91));
#3358 = ORIENTED_EDGE('',*,*,#3359,.F.);
#3359 = EDGE_CURVE('',#3360,#3347,#3362,.T.);
#3360 = VERTEX_POINT('',#3361);
#3361 = CARTESIAN_POINT('',(-9.284,82.65,3.8));
#3362 = LINE('',#3363,#3364);
#3363 = CARTESIAN_POINT('',(-9.284,82.65,3.8));
#3364 = VECTOR('',#3365,1.);
#3365 = DIRECTION('',(-1.,0.,0.));
#3366 = ORIENTED_EDGE('',*,*,#3367,.F.);
#3367 = EDGE_CURVE('',#2776,#3360,#3368,.T.);
#3368 = LINE('',#3369,#3370);
#3369 = CARTESIAN_POINT('',(-9.284,82.65,4.));
#3370 = VECTOR('',#3371,1.);
#3371 = DIRECTION('',(0.,0.,-1.));
#3372 = PLANE('',#3373);
#3373 = AXIS2_PLACEMENT_3D('',#3374,#3375,#3376);
#3374 = CARTESIAN_POINT('',(-6.166982020017,82.65,5.317260042758));
#3375 = DIRECTION('',(-5.7E-16,1.,0.));
#3376 = DIRECTION('',(1.,5.7E-16,0.));
#3377 = ADVANCED_FACE('',(#3378),#3406,.T.);
#3378 = FACE_BOUND('',#3379,.T.);
#3379 = EDGE_LOOP('',(#3380,#3381,#3400,#3405));
#3380 = ORIENTED_EDGE('',*,*,#839,.F.);
#3381 = ORIENTED_EDGE('',*,*,#3382,.T.);
#3382 = EDGE_CURVE('',#832,#3383,#3385,.T.);
#3383 = VERTEX_POINT('',#3384);
#3384 = CARTESIAN_POINT('',(-14.291,77.309999999277,3.8));
#3385 = B_SPLINE_CURVE_WITH_KNOTS('',4,(#3386,#3387,#3388,#3389,#3390,
    #3391,#3392,#3393,#3394,#3395,#3396,#3397,#3398,#3399),
  .UNSPECIFIED.,.F.,.F.,(5,3,3,3,5),(0.,0.247776920933,0.496971778644,
    0.747667601935,1.),.UNSPECIFIED.);
#3386 = CARTESIAN_POINT('',(-12.001,79.599999999277,1.51));
#3387 = CARTESIAN_POINT('',(-12.21407750125,79.386922498026,
    1.723077501251));
#3388 = CARTESIAN_POINT('',(-12.42676878271,79.174231216564,
    1.935768782713));
#3389 = CARTESIAN_POINT('',(-12.63906611691,78.961933882363,
    2.148066116914));
#3390 = CARTESIAN_POINT('',(-13.0640696448,78.536930354471,
    2.573069644806));
#3391 = CARTESIAN_POINT('',(-13.27677122616,78.324228773111,
    2.785771226165));
#3392 = CARTESIAN_POINT('',(-13.48905826457,78.111941734704,
    2.998058264573));
#3393 = CARTESIAN_POINT('',(-13.9140628717,77.686937127574,
    3.423062871703));
#3394 = CARTESIAN_POINT('',(-14.12677533236,77.474224666908,
    3.635775332369));
#3395 = CARTESIAN_POINT('',(-14.33905149443,77.261948504847,
    3.84805149443));
#3396 = CARTESIAN_POINT('',(-14.76409692821,76.836903071062,
    4.273096928215));
#3397 = CARTESIAN_POINT('',(-14.97686037313,76.624139626146,
    4.485860373131));
#3398 = CARTESIAN_POINT('',(-15.18916436806,76.411835631213,
    4.698164368064));
#3399 = CARTESIAN_POINT('',(-15.401,76.199999999277,4.91));
#3400 = ORIENTED_EDGE('',*,*,#3401,.T.);
#3401 = EDGE_CURVE('',#3383,#3347,#3402,.T.);
#3402 = B_SPLINE_CURVE_WITH_KNOTS('',1,(#3403,#3404),.UNSPECIFIED.,.F.,
  .F.,(2,2),(0.,1.),.PIECEWISE_BEZIER_KNOTS.);
#3403 = CARTESIAN_POINT('',(-14.291,76.219930084341,3.8));
#3404 = CARTESIAN_POINT('',(-14.291,82.65,3.8));
#3405 = ORIENTED_EDGE('',*,*,#3346,.F.);
#3406 = B_SPLINE_SURFACE_WITH_KNOTS('',1,1,(
    (#3407,#3408)
    ,(#3409,#3410
    )),.UNSPECIFIED.,.F.,.F.,.F.,(2,2),(2,2),(0.,138.),(0.,1.),
  .PIECEWISE_BEZIER_KNOTS.);
#3407 = CARTESIAN_POINT('',(-12.001,144.,1.51));
#3408 = CARTESIAN_POINT('',(-15.401,140.6,4.91));
#3409 = CARTESIAN_POINT('',(-12.001,6.,1.51));
#3410 = CARTESIAN_POINT('',(-15.401,9.4,4.91));
#3411 = ADVANCED_FACE('',(#3412),#3430,.T.);
#3412 = FACE_BOUND('',#3413,.T.);
#3413 = EDGE_LOOP('',(#3414,#3422,#3423,#3424));
#3414 = ORIENTED_EDGE('',*,*,#3415,.F.);
#3415 = EDGE_CURVE('',#3383,#3416,#3418,.T.);
#3416 = VERTEX_POINT('',#3417);
#3417 = CARTESIAN_POINT('',(-12.001,79.599999999277,3.8));
#3418 = LINE('',#3419,#3420);
#3419 = CARTESIAN_POINT('',(-15.12918749981,76.471812499458,3.8));
#3420 = VECTOR('',#3421,1.);
#3421 = DIRECTION('',(0.707106781187,0.707106781187,-0.));
#3422 = ORIENTED_EDGE('',*,*,#3382,.F.);
#3423 = ORIENTED_EDGE('',*,*,#831,.F.);
#3424 = ORIENTED_EDGE('',*,*,#3425,.F.);
#3425 = EDGE_CURVE('',#3416,#824,#3426,.T.);
#3426 = LINE('',#3427,#3428);
#3427 = CARTESIAN_POINT('',(-12.001,79.599999999277,4.91));
#3428 = VECTOR('',#3429,1.);
#3429 = DIRECTION('',(-0.,-0.,-1.));
#3430 = PLANE('',#3431);
#3431 = AXIS2_PLACEMENT_3D('',#3432,#3433,#3434);
#3432 = CARTESIAN_POINT('',(-15.401,76.199999999277,4.91));
#3433 = DIRECTION('',(0.707106781187,-0.707106781187,0.));
#3434 = DIRECTION('',(0.707106781187,0.707106781187,0.));
#3435 = ADVANCED_FACE('',(#3436),#3454,.T.);
#3436 = FACE_BOUND('',#3437,.T.);
#3437 = EDGE_LOOP('',(#3438,#3446,#3447,#3448));
#3438 = ORIENTED_EDGE('',*,*,#3439,.F.);
#3439 = EDGE_CURVE('',#3416,#3440,#3442,.T.);
#3440 = VERTEX_POINT('',#3441);
#3441 = CARTESIAN_POINT('',(-12.001,70.399999999643,3.8));
#3442 = LINE('',#3443,#3444);
#3443 = CARTESIAN_POINT('',(-12.001,77.299999999638,3.8));
#3444 = VECTOR('',#3445,1.);
#3445 = DIRECTION('',(0.,-1.,0.));
#3446 = ORIENTED_EDGE('',*,*,#3425,.T.);
#3447 = ORIENTED_EDGE('',*,*,#823,.F.);
#3448 = ORIENTED_EDGE('',*,*,#3449,.F.);
#3449 = EDGE_CURVE('',#3440,#816,#3450,.T.);
#3450 = LINE('',#3451,#3452);
#3451 = CARTESIAN_POINT('',(-12.001,70.399999999643,4.91));
#3452 = VECTOR('',#3453,1.);
#3453 = DIRECTION('',(-0.,-0.,-1.));
#3454 = PLANE('',#3455);
#3455 = AXIS2_PLACEMENT_3D('',#3456,#3457,#3458);
#3456 = CARTESIAN_POINT('',(-12.001,79.599999999277,4.91));
#3457 = DIRECTION('',(-1.,0.,0.));
#3458 = DIRECTION('',(0.,-1.,0.));
#3459 = ADVANCED_FACE('',(#3460),#3489,.T.);
#3460 = FACE_BOUND('',#3461,.T.);
#3461 = EDGE_LOOP('',(#3462,#3470,#3471,#3472));
#3462 = ORIENTED_EDGE('',*,*,#3463,.F.);
#3463 = EDGE_CURVE('',#3440,#3464,#3466,.T.);
#3464 = VERTEX_POINT('',#3465);
#3465 = CARTESIAN_POINT('',(-14.291,72.689999999397,3.8));
#3466 = LINE('',#3467,#3468);
#3467 = CARTESIAN_POINT('',(-13.42918750011,71.828187499608,3.8));
#3468 = VECTOR('',#3469,1.);
#3469 = DIRECTION('',(-0.707106781225,0.707106781148,0.));
#3470 = ORIENTED_EDGE('',*,*,#3449,.T.);
#3471 = ORIENTED_EDGE('',*,*,#815,.F.);
#3472 = ORIENTED_EDGE('',*,*,#3473,.T.);
#3473 = EDGE_CURVE('',#809,#3464,#3474,.T.);
#3474 = B_SPLINE_CURVE_WITH_KNOTS('',4,(#3475,#3476,#3477,#3478,#3479,
    #3480,#3481,#3482,#3483,#3484,#3485,#3486,#3487,#3488),
  .UNSPECIFIED.,.F.,.F.,(5,3,3,3,5),(0.,0.247776920933,0.496971778645,
    0.747667601936,1.),.UNSPECIFIED.);
#3475 = CARTESIAN_POINT('',(-12.001,70.399999999643,1.51));
#3476 = CARTESIAN_POINT('',(-12.21407750125,70.613077500871,
    1.723077501251));
#3477 = CARTESIAN_POINT('',(-12.42676878271,70.82576878231,
    1.935768782713));
#3478 = CARTESIAN_POINT('',(-12.63906611691,71.038066116489,
    2.148066116914));
#3479 = CARTESIAN_POINT('',(-13.0640696448,71.463069644334,
    2.573069644806));
#3480 = CARTESIAN_POINT('',(-13.27677122616,71.675771225671,
    2.785771226165));
#3481 = CARTESIAN_POINT('',(-13.48905826457,71.888058264056,
    2.998058264573));
#3482 = CARTESIAN_POINT('',(-13.9140628717,72.31306287114,3.423062871703
    ));
#3483 = CARTESIAN_POINT('',(-14.12677533236,72.525775331783,
    3.635775332369));
#3484 = CARTESIAN_POINT('',(-14.33905149443,72.738051493821,
    3.84805149443));
#3485 = CARTESIAN_POINT('',(-14.76409692821,73.16309692756,
    4.273096928215));
#3486 = CARTESIAN_POINT('',(-14.97686037313,73.375860372454,
    4.485860373131));
#3487 = CARTESIAN_POINT('',(-15.18916436806,73.588164367363,
    4.698164368063));
#3488 = CARTESIAN_POINT('',(-15.401,73.799999999277,4.91));
#3489 = PLANE('',#3490);
#3490 = AXIS2_PLACEMENT_3D('',#3491,#3492,#3493);
#3491 = CARTESIAN_POINT('',(-12.001,70.399999999643,4.91));
#3492 = DIRECTION('',(0.707106781148,0.707106781225,0.));
#3493 = DIRECTION('',(-0.707106781225,0.707106781148,0.));
#3494 = ADVANCED_FACE('',(#3495),#3505,.T.);
#3495 = FACE_BOUND('',#3496,.T.);
#3496 = EDGE_LOOP('',(#3497,#3498,#3499,#3500));
#3497 = ORIENTED_EDGE('',*,*,#3473,.F.);
#3498 = ORIENTED_EDGE('',*,*,#808,.F.);
#3499 = ORIENTED_EDGE('',*,*,#1025,.T.);
#3500 = ORIENTED_EDGE('',*,*,#3501,.T.);
#3501 = EDGE_CURVE('',#1018,#3464,#3502,.T.);
#3502 = B_SPLINE_CURVE_WITH_KNOTS('',1,(#3503,#3504),.UNSPECIFIED.,.F.,
  .F.,(2,2),(0.,1.),.PIECEWISE_BEZIER_KNOTS.);
#3503 = CARTESIAN_POINT('',(-14.291,67.35,3.8));
#3504 = CARTESIAN_POINT('',(-14.291,73.780069914189,3.8));
#3505 = B_SPLINE_SURFACE_WITH_KNOTS('',1,1,(
    (#3506,#3507)
    ,(#3508,#3509
    )),.UNSPECIFIED.,.F.,.F.,.F.,(2,2),(2,2),(0.,138.),(0.,1.),
  .PIECEWISE_BEZIER_KNOTS.);
#3506 = CARTESIAN_POINT('',(-12.001,144.,1.51));
#3507 = CARTESIAN_POINT('',(-15.401,140.6,4.91));
#3508 = CARTESIAN_POINT('',(-12.001,6.,1.51));
#3509 = CARTESIAN_POINT('',(-15.401,9.4,4.91));
#3510 = ADVANCED_FACE('',(#3511),#3527,.F.);
#3511 = FACE_BOUND('',#3512,.F.);
#3512 = EDGE_LOOP('',(#3513,#3514,#3525,#3526));
#3513 = ORIENTED_EDGE('',*,*,#1918,.F.);
#3514 = ORIENTED_EDGE('',*,*,#3515,.F.);
#3515 = EDGE_CURVE('',#700,#1919,#3516,.T.);
#3516 = B_SPLINE_CURVE_WITH_KNOTS('',4,(#3517,#3518,#3519,#3520,#3521,
    #3522,#3523,#3524),.UNSPECIFIED.,.F.,.F.,(5,3,5),(0.,0.499919146425,
    1.),.UNSPECIFIED.);
#3517 = CARTESIAN_POINT('',(-12.001,15.,1.51));
#3518 = CARTESIAN_POINT('',(-12.42605620847,15.425056208475,
    1.935056208475));
#3519 = CARTESIAN_POINT('',(-12.85107413787,15.850074137876,
    2.360074137876));
#3520 = CARTESIAN_POINT('',(-13.27605145754,16.275051457544,
    2.785051457544));
#3521 = CARTESIAN_POINT('',(-14.1260569263,17.125056926302,
    3.635056926302));
#3522 = CARTESIAN_POINT('',(-14.55108504418,17.550085044182,
    4.060085044182));
#3523 = CARTESIAN_POINT('',(-14.97606711676,17.975067116761,
    4.485067116761));
#3524 = CARTESIAN_POINT('',(-15.401,18.4,4.91));
#3525 = ORIENTED_EDGE('',*,*,#706,.F.);
#3526 = ORIENTED_EDGE('',*,*,#2867,.F.);
#3527 = PLANE('',#3528);
#3528 = AXIS2_PLACEMENT_3D('',#3529,#3530,#3531);
#3529 = CARTESIAN_POINT('',(-15.401,18.4,4.91));
#3530 = DIRECTION('',(-0.707106781187,-0.707106781187,0.));
#3531 = DIRECTION('',(0.707106781187,-0.707106781187,0.));
#3532 = ADVANCED_FACE('',(#3533),#3622,.T.);
#3533 = FACE_BOUND('',#3534,.T.);
#3534 = EDGE_LOOP('',(#3535,#3536,#3537,#3544,#3621));
#3535 = ORIENTED_EDGE('',*,*,#3515,.F.);
#3536 = ORIENTED_EDGE('',*,*,#699,.F.);
#3537 = ORIENTED_EDGE('',*,*,#3538,.T.);
#3538 = EDGE_CURVE('',#693,#3539,#3541,.T.);
#3539 = VERTEX_POINT('',#3540);
#3540 = CARTESIAN_POINT('',(-14.10186219713,8.100862197135,
    3.610862197135));
#3541 = B_SPLINE_CURVE_WITH_KNOTS('',1,(#3542,#3543),.UNSPECIFIED.,.F.,
  .F.,(2,2),(0.,1.),.PIECEWISE_BEZIER_KNOTS.);
#3542 = CARTESIAN_POINT('',(-12.001,6.,1.51));
#3543 = CARTESIAN_POINT('',(-15.401,9.4,4.91));
#3544 = ORIENTED_EDGE('',*,*,#3545,.T.);
#3545 = EDGE_CURVE('',#3539,#1927,#3546,.T.);
#3546 = B_SPLINE_CURVE_WITH_KNOTS('',7,(#3547,#3548,#3549,#3550,#3551,
    #3552,#3553,#3554,#3555,#3556,#3557,#3558,#3559,#3560,#3561,#3562,
    #3563,#3564,#3565,#3566,#3567,#3568,#3569,#3570,#3571,#3572,#3573,
    #3574,#3575,#3576,#3577,#3578,#3579,#3580,#3581,#3582,#3583,#3584,
    #3585,#3586,#3587,#3588,#3589,#3590,#3591,#3592,#3593,#3594,#3595,
    #3596,#3597,#3598,#3599,#3600,#3601,#3602,#3603,#3604,#3605,#3606,
    #3607,#3608,#3609,#3610,#3611,#3612,#3613,#3614,#3615,#3616,#3617,
    #3618,#3619,#3620),.UNSPECIFIED.,.F.,.F.,(8,6,6,6,6,6,6,6,6,6,6,6,8)
  ,(0.,0.226105450179,0.485236077915,0.594941825845,0.650694677861,
    0.686303714816,0.763073616938,0.862041332407,0.910819684636,
    0.980169783654,0.990410648091,0.995166741866,1.),.UNSPECIFIED.);
#3547 = CARTESIAN_POINT('',(-14.10186219713,8.100862197135,
    3.610862197135));
#3548 = CARTESIAN_POINT('',(-13.98857265656,8.214151737702,
    3.497572656568));
#3549 = CARTESIAN_POINT('',(-13.87896202631,8.334092318843,
    3.387962026318));
#3550 = CARTESIAN_POINT('',(-13.77332016255,8.460880515526,
    3.282320162553));
#3551 = CARTESIAN_POINT('',(-13.67202137069,8.594732852799,3.18102137069
    ));
#3552 = CARTESIAN_POINT('',(-13.57552095348,8.735878038279,
    3.084520953486));
#3553 = CARTESIAN_POINT('',(-13.48436675678,8.884569347047,2.99336675678
    ));
#3554 = CARTESIAN_POINT('',(-13.30164888701,9.220530493537,
    2.810648887016));
#3555 = CARTESIAN_POINT('',(-13.21205140955,9.410113735957,
    2.721051409554));
#3556 = CARTESIAN_POINT('',(-13.13133269258,9.610458253669,
    2.640332692585));
#3557 = CARTESIAN_POINT('',(-13.06079854763,9.822000487607,
    2.569798547637));
#3558 = CARTESIAN_POINT('',(-13.002124674,10.044961640742,2.511124673999
    ));
#3559 = CARTESIAN_POINT('',(-12.95729182466,10.279274623768,
    2.466291824665));
#3560 = CARTESIAN_POINT('',(-12.91652567736,10.628507678041,
    2.425525677363));
#3561 = CARTESIAN_POINT('',(-12.90730785751,10.734318556822,
    2.416307857511));
#3562 = CARTESIAN_POINT('',(-12.90117397476,10.84201183829,
    2.410173974768));
#3563 = CARTESIAN_POINT('',(-12.8983121638,10.951498103937,2.4073121638)
  );
#3564 = CARTESIAN_POINT('',(-12.89891254063,11.062647625373,
    2.407912540633));
#3565 = CARTESIAN_POINT('',(-12.90315742776,11.175285983025,
    2.412157427768));
#3566 = CARTESIAN_POINT('',(-12.91530472779,11.347075951963,
    2.42430472779));
#3567 = CARTESIAN_POINT('',(-12.92038154214,11.405287672635,
    2.429381542149));
#3568 = CARTESIAN_POINT('',(-12.9264633084,11.463794206588,
    2.435463308404));
#3569 = CARTESIAN_POINT('',(-12.93356988984,11.522561331368,
    2.442569889844));
#3570 = CARTESIAN_POINT('',(-12.94171911031,11.581551130309,
    2.45071911031));
#3571 = CARTESIAN_POINT('',(-12.95092613749,11.64072188052,
    2.459926137492));
#3572 = CARTESIAN_POINT('',(-12.9677665558,11.737906392244,
    2.476766555804));
#3573 = CARTESIAN_POINT('',(-12.97476658856,11.775840125544,
    2.483766588561));
#3574 = CARTESIAN_POINT('',(-12.98220613073,11.813817222504,
    2.491206130737));
#3575 = CARTESIAN_POINT('',(-12.99008772146,11.851825259439,
    2.499087721469));
#3576 = CARTESIAN_POINT('',(-12.9984132728,11.889851307235,2.5074132728)
  );
#3577 = CARTESIAN_POINT('',(-13.00718406967,11.927881931346,
    2.516184069678));
#3578 = CARTESIAN_POINT('',(-13.03627115227,12.047873632264,
    2.545271152272));
#3579 = CARTESIAN_POINT('',(-13.05821495127,12.129804703468,
    2.567214951276));
#3580 = CARTESIAN_POINT('',(-13.08223683735,12.211550991433,
    2.591236837353));
#3581 = CARTESIAN_POINT('',(-13.10832719634,12.292964884268,
    2.617327196343));
#3582 = CARTESIAN_POINT('',(-13.13646068817,12.373897029146,
    2.645460688171));
#3583 = CARTESIAN_POINT('',(-13.16659480547,12.454196789269,
    2.675594805474));
#3584 = CARTESIAN_POINT('',(-13.24001606299,12.636220427113,
    2.749016062995));
#3585 = CARTESIAN_POINT('',(-13.28459336145,12.737441012501,
    2.793593361451));
#3586 = CARTESIAN_POINT('',(-13.33226750655,12.837042470284,
    2.841267506556));
#3587 = CARTESIAN_POINT('',(-13.38287253241,12.934737635784,
    2.891872532416));
#3588 = CARTESIAN_POINT('',(-13.43621527259,13.030280313085,
    2.94521527259));
#3589 = CARTESIAN_POINT('',(-13.49208130439,13.123461421756,
    3.001081304392));
#3590 = CARTESIAN_POINT('',(-13.57890608865,13.258780837757,
    3.087906088655));
#3591 = CARTESIAN_POINT('',(-13.60813013871,13.302842850201,
    3.117130138713));
#3592 = CARTESIAN_POINT('',(-13.6378867763,13.346271889182,3.1468867763)
  );
#3593 = CARTESIAN_POINT('',(-13.66814969965,13.389051693047,
    3.177149699655));
#3594 = CARTESIAN_POINT('',(-13.69889276914,13.431168770565,
    3.207892769146));
#3595 = CARTESIAN_POINT('',(-13.7300902041,13.47261214127,3.239090204101
    ));
#3596 = CARTESIAN_POINT('',(-13.80668152411,13.57132449724,
    3.315681524114));
#3597 = CARTESIAN_POINT('',(-13.85251368947,13.627896428185,
    3.361513689471));
#3598 = CARTESIAN_POINT('',(-13.89914121181,13.683064561327,
    3.408141211818));
#3599 = CARTESIAN_POINT('',(-13.94649478545,13.736814081587,
    3.455494785454));
#3600 = CARTESIAN_POINT('',(-13.99450851727,13.789138354868,
    3.503508517279));
#3601 = CARTESIAN_POINT('',(-14.04312058123,13.840037616813,
    3.552120581231));
#3602 = CARTESIAN_POINT('',(-14.09953229341,13.896824333609,
    3.608532293418));
#3603 = CARTESIAN_POINT('',(-14.10680251622,13.904100058674,
    3.615802516226));
#3604 = CARTESIAN_POINT('',(-14.11408435669,13.911344855355,
    3.623084356695));
#3605 = CARTESIAN_POINT('',(-14.12137763243,13.918558744693,
    3.630377632432));
#3606 = CARTESIAN_POINT('',(-14.12868216308,13.925741750159,
    3.637682163082));
#3607 = CARTESIAN_POINT('',(-14.13599777033,13.932893897658,
    3.644997770339));
#3608 = CARTESIAN_POINT('',(-14.14672687714,13.943322519885,
    3.65572687714));
#3609 = CARTESIAN_POINT('',(-14.15012935778,13.946620774158,
    3.659129357786));
#3610 = CARTESIAN_POINT('',(-14.15353172001,13.94991002181,
    3.662531720017));
#3611 = CARTESIAN_POINT('',(-14.15693396406,13.953190305881,
    3.66593396406));
#3612 = CARTESIAN_POINT('',(-14.16033609023,13.956461668989,
    3.66933609023));
#3613 = CARTESIAN_POINT('',(-14.16373809892,13.95972415333,
    3.672738098926));
#3614 = CARTESIAN_POINT('',(-14.17059707569,13.966284236222,
    3.679597075699));
#3615 = CARTESIAN_POINT('',(-14.17405648059,13.969583880081,
    3.68305648059));
#3616 = CARTESIAN_POINT('',(-14.17751818654,13.972876734626,
    3.686518186547));
#3617 = CARTESIAN_POINT('',(-14.18098217518,13.976162802698,
    3.68998217518));
#3618 = CARTESIAN_POINT('',(-14.18444842846,13.979442087598,
    3.693448428465));
#3619 = CARTESIAN_POINT('',(-14.18791692874,13.982714593097,
    3.696916928749));
#3620 = CARTESIAN_POINT('',(-14.19138765874,13.985980323426,
    3.700387658749));
#3621 = ORIENTED_EDGE('',*,*,#1926,.T.);
#3622 = B_SPLINE_SURFACE_WITH_KNOTS('',1,1,(
    (#3623,#3624)
    ,(#3625,#3626
    )),.UNSPECIFIED.,.F.,.F.,.F.,(2,2),(2,2),(0.,138.),(0.,1.),
  .PIECEWISE_BEZIER_KNOTS.);
#3623 = CARTESIAN_POINT('',(-12.001,144.,1.51));
#3624 = CARTESIAN_POINT('',(-15.401,140.6,4.91));
#3625 = CARTESIAN_POINT('',(-12.001,6.,1.51));
#3626 = CARTESIAN_POINT('',(-15.401,9.4,4.91));
#3627 = ADVANCED_FACE('',(#3628),#3709,.T.);
#3628 = FACE_BOUND('',#3629,.T.);
#3629 = EDGE_LOOP('',(#3630,#3631,#3632,#3643,#3644));
#3630 = ORIENTED_EDGE('',*,*,#3538,.F.);
#3631 = ORIENTED_EDGE('',*,*,#692,.F.);
#3632 = ORIENTED_EDGE('',*,*,#3633,.T.);
#3633 = EDGE_CURVE('',#685,#1943,#3634,.T.);
#3634 = B_SPLINE_CURVE_WITH_KNOTS('',4,(#3635,#3636,#3637,#3638,#3639,
    #3640,#3641,#3642),.UNSPECIFIED.,.F.,.F.,(5,3,5),(0.,0.511967710381,
    1.),.UNSPECIFIED.);
#3635 = CARTESIAN_POINT('',(-20.90100032116,6.,1.51));
#3636 = CARTESIAN_POINT('',(-21.33622414284,6.435223821676,
    1.945223821676));
#3637 = CARTESIAN_POINT('',(-21.77143152824,6.870431207082,
    2.380431207082));
#3638 = CARTESIAN_POINT('',(-22.2066217074,7.305621386241,2.815621386241
    ));
#3639 = CARTESIAN_POINT('',(-23.05662084129,8.155620520132,
    3.665620520132));
#3640 = CARTESIAN_POINT('',(-23.47143144553,8.570431124368,
    4.080431124368));
#3641 = CARTESIAN_POINT('',(-23.88622488348,8.985224562314,
    4.495224562314));
#3642 = CARTESIAN_POINT('',(-24.30100032116,9.4,4.91));
#3643 = ORIENTED_EDGE('',*,*,#1942,.T.);
#3644 = ORIENTED_EDGE('',*,*,#3645,.T.);
#3645 = EDGE_CURVE('',#1934,#3539,#3646,.T.);
#3646 = B_SPLINE_CURVE_WITH_KNOTS('',7,(#3647,#3648,#3649,#3650,#3651,
    #3652,#3653,#3654,#3655,#3656,#3657,#3658,#3659,#3660,#3661,#3662,
    #3663,#3664,#3665,#3666,#3667,#3668,#3669,#3670,#3671,#3672,#3673,
    #3674,#3675,#3676,#3677,#3678,#3679,#3680,#3681,#3682,#3683,#3684,
    #3685,#3686,#3687,#3688,#3689,#3690,#3691,#3692,#3693,#3694,#3695,
    #3696,#3697,#3698,#3699,#3700,#3701,#3702,#3703,#3704,#3705,#3706,
    #3707,#3708),.UNSPECIFIED.,.F.,.F.,(8,6,6,6,6,6,6,6,6,6,8),(0.,
    4.94171492109E-03,8.978044893903E-02,0.138273310921,0.237444327708,
    0.313244022949,0.346835711839,0.401781317355,0.509902428341,
    0.768543450226,1.),.UNSPECIFIED.);
#3647 = CARTESIAN_POINT('',(-19.98698032342,8.190387658749,
    3.700387658749));
#3648 = CARTESIAN_POINT('',(-19.98363383221,8.186831098439,
    3.696831098439));
#3649 = CARTESIAN_POINT('',(-19.98028017829,8.183276827903,
    3.693276827903));
#3650 = CARTESIAN_POINT('',(-19.97691935376,8.179724862911,
    3.689724862911));
#3651 = CARTESIAN_POINT('',(-19.97355135258,8.176175221032,
    3.686175221032));
#3652 = CARTESIAN_POINT('',(-19.97017617063,8.172627921633,
    3.682627921633));
#3653 = CARTESIAN_POINT('',(-19.96679380569,8.169082985884,
    3.679082985884));
#3654 = CARTESIAN_POINT('',(-19.90521292305,8.104722403262,
    3.614722403262));
#3655 = CARTESIAN_POINT('',(-19.84490316175,8.044606647363,
    3.554606647363));
#3656 = CARTESIAN_POINT('',(-19.78245377548,7.98528998203,3.49528998203)
  );
#3657 = CARTESIAN_POINT('',(-19.71785428129,7.926880872429,
    3.436880872429));
#3658 = CARTESIAN_POINT('',(-19.65110844896,7.869497770935,
    3.379497770935));
#3659 = CARTESIAN_POINT('',(-19.58223783877,7.813267452162,
    3.323267452162));
#3660 = CARTESIAN_POINT('',(-19.47072969182,7.726917918715,
    3.236917918715));
#3661 = CARTESIAN_POINT('',(-19.42949409807,7.695932866744,
    3.205932866744));
#3662 = CARTESIAN_POINT('',(-19.38758698845,7.665393325463,
    3.175393325463));
#3663 = CARTESIAN_POINT('',(-19.34501907193,7.635325030725,
    3.145325030725));
#3664 = CARTESIAN_POINT('',(-19.30180360257,7.605754120501,
    3.115754120501));
#3665 = CARTESIAN_POINT('',(-19.25795664625,7.576706934536,
    3.086706934536));
#3666 = CARTESIAN_POINT('',(-19.12257522599,7.489931372558,
    2.999931372558));
#3667 = CARTESIAN_POINT('',(-19.02908016091,7.433945963673,
    2.943945963673));
#3668 = CARTESIAN_POINT('',(-18.93319172546,7.380490047943,
    2.890490047943));
#3669 = CARTESIAN_POINT('',(-18.8351241864,7.329784428378,2.839784428378
    ));
#3670 = CARTESIAN_POINT('',(-18.73513058031,7.282027957067,
    2.792027957067));
#3671 = CARTESIAN_POINT('',(-18.63350679004,7.23739124182,2.74739124182)
  );
#3672 = CARTESIAN_POINT('',(-18.45193720362,7.16438156775,2.67438156775)
  );
#3673 = CARTESIAN_POINT('',(-18.37251712639,7.134650927761,
    2.644650927761));
#3674 = CARTESIAN_POINT('',(-18.2924846372,7.106878196604,2.616878196604
    ));
#3675 = CARTESIAN_POINT('',(-18.21198784503,7.081104778405,
    2.591104778405));
#3676 = CARTESIAN_POINT('',(-18.13117328407,7.057355196207,
    2.567355196207));
#3677 = CARTESIAN_POINT('',(-18.0501854777,7.035638570504,2.545638570504
    ));
#3678 = CARTESIAN_POINT('',(-17.93326181715,7.007224877335,
    2.517224877335));
#3679 = CARTESIAN_POINT('',(-17.8973502075,6.998897800126,2.508897800125
    ));
#3680 = CARTESIAN_POINT('',(-17.86144354157,6.990968286955,
    2.500968286955));
#3681 = CARTESIAN_POINT('',(-17.82555326761,6.983435247161,
    2.493435247161));
#3682 = CARTESIAN_POINT('',(-17.78969041406,6.976297078616,
    2.486297078616));
#3683 = CARTESIAN_POINT('',(-17.75386558959,6.969551667724,
    2.479551667724));
#3684 = CARTESIAN_POINT('',(-17.65956952861,6.952801121253,
    2.462801121253));
#3685 = CARTESIAN_POINT('',(-17.60117889718,6.943449689561,
    2.453449689561));
#3686 = CARTESIAN_POINT('',(-17.54296160886,6.935130838635,
    2.445130838635));
#3687 = CARTESIAN_POINT('',(-17.48495834698,6.927830112801,
    2.437830112801));
#3688 = CARTESIAN_POINT('',(-17.42720607125,6.921530457724,
    2.431530457724));
#3689 = CARTESIAN_POINT('',(-17.36973813088,6.916212821702,
    2.426212821702));
#3690 = CARTESIAN_POINT('',(-17.20011810793,6.903284960285,
    2.413284960285));
#3691 = CARTESIAN_POINT('',(-17.0888735506,6.898437156785,2.408437156785
    ));
#3692 = CARTESIAN_POINT('',(-16.97906837593,6.897154968527,
    2.407154968527));
#3693 = CARTESIAN_POINT('',(-16.87087245839,6.899262773626,
    2.409262773626));
#3694 = CARTESIAN_POINT('',(-16.76441215185,6.904577197472,
    2.414577197472));
#3695 = CARTESIAN_POINT('',(-16.65977456471,6.91291660396,2.42291660396)
  );
#3696 = CARTESIAN_POINT('',(-16.31118882058,6.950888180023,
    2.460888180023));
#3697 = CARTESIAN_POINT('',(-16.07634682588,6.993971603541,
    2.503971603541));
#3698 = CARTESIAN_POINT('',(-15.8527862735,7.050997962478,2.560997962478
    ));
#3699 = CARTESIAN_POINT('',(-15.64057505787,7.119984259077,
    2.629984259077));
#3700 = CARTESIAN_POINT('',(-15.43949317988,7.199253551718,
    2.709253551718));
#3701 = CARTESIAN_POINT('',(-15.24910405844,7.287501438871,
    2.797501438871));
#3702 = CARTESIAN_POINT('',(-14.90747125611,7.47004244529,2.98004244529)
  );
#3703 = CARTESIAN_POINT('',(-14.75434153516,7.5626582935,3.0726582935));
#3704 = CARTESIAN_POINT('',(-14.60908896506,7.660965442357,
    3.170965442357));
#3705 = CARTESIAN_POINT('',(-14.47144609699,7.764379078532,
    3.274379078532));
#3706 = CARTESIAN_POINT('',(-14.34117390219,7.87241519931,3.38241519931)
  );
#3707 = CARTESIAN_POINT('',(-14.21804688225,7.984677512014,
    3.494677512014));
#3708 = CARTESIAN_POINT('',(-14.10186219713,8.100862197135,
    3.610862197135));
#3709 = B_SPLINE_SURFACE_WITH_KNOTS('',1,1,(
    (#3710,#3711)
    ,(#3712,#3713
    )),.UNSPECIFIED.,.F.,.F.,.F.,(2,2),(2,2),(0.,92.3),(0.,1.),
  .PIECEWISE_BEZIER_KNOTS.);
#3710 = CARTESIAN_POINT('',(-12.001,6.,1.51));
#3711 = CARTESIAN_POINT('',(-15.401,9.4,4.91));
#3712 = CARTESIAN_POINT('',(-104.301,6.,1.51));
#3713 = CARTESIAN_POINT('',(-104.3010003211,9.4,4.91));
#3714 = ADVANCED_FACE('',(#3715),#3726,.F.);
#3715 = FACE_BOUND('',#3716,.F.);
#3716 = EDGE_LOOP('',(#3717,#3718,#3724,#3725));
#3717 = ORIENTED_EDGE('',*,*,#1949,.F.);
#3718 = ORIENTED_EDGE('',*,*,#3719,.T.);
#3719 = EDGE_CURVE('',#1950,#677,#3720,.T.);
#3720 = LINE('',#3721,#3722);
#3721 = CARTESIAN_POINT('',(-20.90100032116,6.,4.91));
#3722 = VECTOR('',#3723,1.);
#3723 = DIRECTION('',(-0.,-0.,-1.));
#3724 = ORIENTED_EDGE('',*,*,#684,.F.);
#3725 = ORIENTED_EDGE('',*,*,#3633,.T.);
#3726 = PLANE('',#3727);
#3727 = AXIS2_PLACEMENT_3D('',#3728,#3729,#3730);
#3728 = CARTESIAN_POINT('',(-20.90100032116,6.,4.91));
#3729 = DIRECTION('',(0.707106781187,0.707106781187,0.));
#3730 = DIRECTION('',(-0.707106781187,0.707106781187,0.));
#3731 = ADVANCED_FACE('',(#3732),#3743,.F.);
#3732 = FACE_BOUND('',#3733,.F.);
#3733 = EDGE_LOOP('',(#3734,#3735,#3741,#3742));
#3734 = ORIENTED_EDGE('',*,*,#1957,.F.);
#3735 = ORIENTED_EDGE('',*,*,#3736,.T.);
#3736 = EDGE_CURVE('',#1958,#669,#3737,.T.);
#3737 = LINE('',#3738,#3739);
#3738 = CARTESIAN_POINT('',(-28.30100032116,6.,4.91));
#3739 = VECTOR('',#3740,1.);
#3740 = DIRECTION('',(-0.,-0.,-1.));
#3741 = ORIENTED_EDGE('',*,*,#676,.F.);
#3742 = ORIENTED_EDGE('',*,*,#3719,.F.);
#3743 = PLANE('',#3744);
#3744 = AXIS2_PLACEMENT_3D('',#3745,#3746,#3747);
#3745 = CARTESIAN_POINT('',(-28.30100032116,6.,4.91));
#3746 = DIRECTION('',(0.,-1.,0.));
#3747 = DIRECTION('',(1.,0.,0.));
#3748 = ADVANCED_FACE('',(#3749),#3771,.F.);
#3749 = FACE_BOUND('',#3750,.F.);
#3750 = EDGE_LOOP('',(#3751,#3752,#3769,#3770));
#3751 = ORIENTED_EDGE('',*,*,#1965,.F.);
#3752 = ORIENTED_EDGE('',*,*,#3753,.F.);
#3753 = EDGE_CURVE('',#662,#1966,#3754,.T.);
#3754 = B_SPLINE_CURVE_WITH_KNOTS('',4,(#3755,#3756,#3757,#3758,#3759,
    #3760,#3761,#3762,#3763,#3764,#3765,#3766,#3767,#3768),
  .UNSPECIFIED.,.F.,.F.,(5,3,3,3,5),(0.,0.246256652392,0.494941406952,
    0.746145145755,1.),.UNSPECIFIED.);
#3755 = CARTESIAN_POINT('',(-28.30100032116,6.,1.51));
#3756 = CARTESIAN_POINT('',(-28.08748075679,6.213519564368,
    1.723519564368));
#3757 = CARTESIAN_POINT('',(-27.8746442558,6.426356065365,1.936356065365
    ));
#3758 = CARTESIAN_POINT('',(-27.66249350918,6.638506811985,
    2.148506811985));
#3759 = CARTESIAN_POINT('',(-27.23748344458,7.063516876581,
    2.573516876581));
#3760 = CARTESIAN_POINT('',(-27.0246377652,7.276362555963,2.786362555963
    ));
#3761 = CARTESIAN_POINT('',(-26.81249650292,7.488503818237,
    2.998503818237));
#3762 = CARTESIAN_POINT('',(-26.38748578385,7.913514537312,
    3.423514537312));
#3763 = CARTESIAN_POINT('',(-26.17463071671,8.126369604454,
    3.636369604454));
#3764 = CARTESIAN_POINT('',(-25.96249916697,8.338501154192,
    3.848501154191));
#3765 = CARTESIAN_POINT('',(-25.53745629545,8.763544025715,
    4.273544025715));
#3766 = CARTESIAN_POINT('',(-25.32456037109,8.976439950072,
    4.486439950072));
#3767 = CARTESIAN_POINT('',(-25.11240772633,9.188592594832,
    4.698592594832));
#3768 = CARTESIAN_POINT('',(-24.90100032116,9.4,4.91));
#3769 = ORIENTED_EDGE('',*,*,#668,.F.);
#3770 = ORIENTED_EDGE('',*,*,#3736,.F.);
#3771 = PLANE('',#3772);
#3772 = AXIS2_PLACEMENT_3D('',#3773,#3774,#3775);
#3773 = CARTESIAN_POINT('',(-24.90100032116,9.4,4.91));
#3774 = DIRECTION('',(-0.707106781187,0.707106781187,0.));
#3775 = DIRECTION('',(-0.707106781187,-0.707106781187,0.));
#3776 = ADVANCED_FACE('',(#3777),#3796,.T.);
#3777 = FACE_BOUND('',#3778,.T.);
#3778 = EDGE_LOOP('',(#3779,#3780,#3781,#3795));
#3779 = ORIENTED_EDGE('',*,*,#3753,.F.);
#3780 = ORIENTED_EDGE('',*,*,#661,.F.);
#3781 = ORIENTED_EDGE('',*,*,#3782,.T.);
#3782 = EDGE_CURVE('',#654,#1974,#3783,.T.);
#3783 = B_SPLINE_CURVE_WITH_KNOTS('',4,(#3784,#3785,#3786,#3787,#3788,
    #3789,#3790,#3791,#3792,#3793,#3794),.UNSPECIFIED.,.F.,.F.,(5,3,3,5)
  ,(0.,0.495968912474,0.945498248069,1.),.UNSPECIFIED.);
#3784 = CARTESIAN_POINT('',(-30.01983117545,6.29,1.8));
#3785 = CARTESIAN_POINT('',(-29.78166686148,6.528164313976,
    2.038164313976));
#3786 = CARTESIAN_POINT('',(-29.54435034924,6.765480826208,
    2.275480826208));
#3787 = CARTESIAN_POINT('',(-29.30788555099,7.001945624464,
    2.511945624464));
#3788 = CARTESIAN_POINT('',(-28.85872735251,7.45110382294,2.96110382294)
  );
#3789 = CARTESIAN_POINT('',(-28.64588131847,7.663949856979,
    3.173949856979));
#3790 = CARTESIAN_POINT('',(-28.43374041587,7.876090759587,
    3.386090759587));
#3791 = CARTESIAN_POINT('',(-28.19667245416,8.113158721297,
    3.623158721297));
#3792 = CARTESIAN_POINT('',(-28.17104827561,8.138782899842,
    3.648782899842));
#3793 = CARTESIAN_POINT('',(-28.1454345307,8.164396644747,3.674396644747
    ));
#3794 = CARTESIAN_POINT('',(-28.11983117545,8.19,3.7));
#3795 = ORIENTED_EDGE('',*,*,#1973,.T.);
#3796 = B_SPLINE_SURFACE_WITH_KNOTS('',1,1,(
    (#3797,#3798)
    ,(#3799,#3800
    )),.UNSPECIFIED.,.F.,.F.,.F.,(2,2),(2,2),(0.,92.3),(0.,1.),
  .PIECEWISE_BEZIER_KNOTS.);
#3797 = CARTESIAN_POINT('',(-12.001,6.,1.51));
#3798 = CARTESIAN_POINT('',(-15.401,9.4,4.91));
#3799 = CARTESIAN_POINT('',(-104.301,6.,1.51));
#3800 = CARTESIAN_POINT('',(-104.3010003211,9.4,4.91));
#3801 = ADVANCED_FACE('',(#3802),#3821,.F.);
#3802 = FACE_BOUND('',#3803,.F.);
#3803 = EDGE_LOOP('',(#3804,#3805,#3813,#3819,#3820));
#3804 = ORIENTED_EDGE('',*,*,#1980,.F.);
#3805 = ORIENTED_EDGE('',*,*,#3806,.T.);
#3806 = EDGE_CURVE('',#1981,#3807,#3809,.T.);
#3807 = VERTEX_POINT('',#3808);
#3808 = CARTESIAN_POINT('',(-30.79094949366,5.518881681796,1.8));
#3809 = LINE('',#3810,#3811);
#3810 = CARTESIAN_POINT('',(-30.79094949366,5.518881681796,3.7));
#3811 = VECTOR('',#3812,1.);
#3812 = DIRECTION('',(-0.,-0.,-1.));
#3813 = ORIENTED_EDGE('',*,*,#3814,.T.);
#3814 = EDGE_CURVE('',#3807,#646,#3815,.T.);
#3815 = LINE('',#3816,#3817);
#3816 = CARTESIAN_POINT('',(-30.79094949366,5.518881681796,1.8));
#3817 = VECTOR('',#3818,1.);
#3818 = DIRECTION('',(0.707106781187,0.707106781187,0.));
#3819 = ORIENTED_EDGE('',*,*,#653,.T.);
#3820 = ORIENTED_EDGE('',*,*,#3782,.T.);
#3821 = PLANE('',#3822);
#3822 = AXIS2_PLACEMENT_3D('',#3823,#3824,#3825);
#3823 = CARTESIAN_POINT('',(-30.79094949366,5.518881681796,3.7));
#3824 = DIRECTION('',(0.707106781187,-0.707106781187,0.));
#3825 = DIRECTION('',(0.707106781187,0.707106781187,0.));
#3826 = ADVANCED_FACE('',(#3827),#3900,.F.);
#3827 = FACE_BOUND('',#3828,.T.);
#3828 = EDGE_LOOP('',(#3829,#3839,#3847,#3855,#3863,#3871,#3879,#3885,
    #3886,#3894));
#3829 = ORIENTED_EDGE('',*,*,#3830,.T.);
#3830 = EDGE_CURVE('',#3831,#3833,#3835,.T.);
#3831 = VERTEX_POINT('',#3832);
#3832 = CARTESIAN_POINT('',(-104.301,5.9,-1.4E-14));
#3833 = VERTEX_POINT('',#3834);
#3834 = CARTESIAN_POINT('',(-104.301,5.9,1.8));
#3835 = LINE('',#3836,#3837);
#3836 = CARTESIAN_POINT('',(-104.301,5.9,-1.439E-14));
#3837 = VECTOR('',#3838,1.);
#3838 = DIRECTION('',(0.,0.,1.));
#3839 = ORIENTED_EDGE('',*,*,#3840,.T.);
#3840 = EDGE_CURVE('',#3833,#3841,#3843,.T.);
#3841 = VERTEX_POINT('',#3842);
#3842 = CARTESIAN_POINT('',(-97.17206781186,5.9,1.8));
#3843 = LINE('',#3844,#3845);
#3844 = CARTESIAN_POINT('',(-104.301,5.9,1.8));
#3845 = VECTOR('',#3846,1.);
#3846 = DIRECTION('',(1.,0.,0.));
#3847 = ORIENTED_EDGE('',*,*,#3848,.T.);
#3848 = EDGE_CURVE('',#3841,#3849,#3851,.T.);
#3849 = VERTEX_POINT('',#3850);
#3850 = CARTESIAN_POINT('',(-96.40983117545,5.9,1.8));
#3851 = LINE('',#3852,#3853);
#3852 = CARTESIAN_POINT('',(-104.301,5.9,1.8));
#3853 = VECTOR('',#3854,1.);
#3854 = DIRECTION('',(1.,0.,0.));
#3855 = ORIENTED_EDGE('',*,*,#3856,.T.);
#3856 = EDGE_CURVE('',#3849,#3857,#3859,.T.);
#3857 = VERTEX_POINT('',#3858);
#3858 = CARTESIAN_POINT('',(-63.95993577751,5.9,1.8));
#3859 = LINE('',#3860,#3861);
#3860 = CARTESIAN_POINT('',(-104.301,5.9,1.8));
#3861 = VECTOR('',#3862,1.);
#3862 = DIRECTION('',(1.,0.,0.));
#3863 = ORIENTED_EDGE('',*,*,#3864,.T.);
#3864 = EDGE_CURVE('',#3857,#3865,#3867,.T.);
#3865 = VERTEX_POINT('',#3866);
#3866 = CARTESIAN_POINT('',(-61.64206422249,5.9,1.8));
#3867 = LINE('',#3868,#3869);
#3868 = CARTESIAN_POINT('',(-104.301,5.9,1.8));
#3869 = VECTOR('',#3870,1.);
#3870 = DIRECTION('',(1.,0.,0.));
#3871 = ORIENTED_EDGE('',*,*,#3872,.T.);
#3872 = EDGE_CURVE('',#3865,#3873,#3875,.T.);
#3873 = VERTEX_POINT('',#3874);
#3874 = CARTESIAN_POINT('',(-31.17206781186,5.9,1.8));
#3875 = LINE('',#3876,#3877);
#3876 = CARTESIAN_POINT('',(-104.301,5.9,1.8));
#3877 = VECTOR('',#3878,1.);
#3878 = DIRECTION('',(1.,0.,0.));
#3879 = ORIENTED_EDGE('',*,*,#3880,.T.);
#3880 = EDGE_CURVE('',#3873,#646,#3881,.T.);
#3881 = LINE('',#3882,#3883);
#3882 = CARTESIAN_POINT('',(-104.301,5.9,1.8));
#3883 = VECTOR('',#3884,1.);
#3884 = DIRECTION('',(1.,0.,0.));
#3885 = ORIENTED_EDGE('',*,*,#645,.T.);
#3886 = ORIENTED_EDGE('',*,*,#3887,.F.);
#3887 = EDGE_CURVE('',#3888,#638,#3890,.T.);
#3888 = VERTEX_POINT('',#3889);
#3889 = CARTESIAN_POINT('',(-11.901,5.9,-1.4E-14));
#3890 = LINE('',#3891,#3892);
#3891 = CARTESIAN_POINT('',(-11.901,5.9,-1.439E-14));
#3892 = VECTOR('',#3893,1.);
#3893 = DIRECTION('',(0.,0.,1.));
#3894 = ORIENTED_EDGE('',*,*,#3895,.F.);
#3895 = EDGE_CURVE('',#3831,#3888,#3896,.T.);
#3896 = LINE('',#3897,#3898);
#3897 = CARTESIAN_POINT('',(-104.301,5.9,-1.4E-14));
#3898 = VECTOR('',#3899,1.);
#3899 = DIRECTION('',(1.,0.,0.));
#3900 = PLANE('',#3901);
#3901 = AXIS2_PLACEMENT_3D('',#3902,#3903,#3904);
#3902 = CARTESIAN_POINT('',(-104.301,5.9,-1.439E-14));
#3903 = DIRECTION('',(-0.,-1.,-0.));
#3904 = DIRECTION('',(-1.,0.,0.));
#3905 = ADVANCED_FACE('',(#3906),#3926,.F.);
#3906 = FACE_BOUND('',#3907,.T.);
#3907 = EDGE_LOOP('',(#3908,#3916,#3917,#3918,#3919,#3920));
#3908 = ORIENTED_EDGE('',*,*,#3909,.F.);
#3909 = EDGE_CURVE('',#3888,#3910,#3912,.T.);
#3910 = VERTEX_POINT('',#3911);
#3911 = CARTESIAN_POINT('',(-11.901,144.1,-1.4E-14));
#3912 = LINE('',#3913,#3914);
#3913 = CARTESIAN_POINT('',(-11.901,5.9,-1.4E-14));
#3914 = VECTOR('',#3915,1.);
#3915 = DIRECTION('',(-0.,1.,0.));
#3916 = ORIENTED_EDGE('',*,*,#3887,.T.);
#3917 = ORIENTED_EDGE('',*,*,#637,.T.);
#3918 = ORIENTED_EDGE('',*,*,#2527,.T.);
#3919 = ORIENTED_EDGE('',*,*,#2470,.F.);
#3920 = ORIENTED_EDGE('',*,*,#3921,.F.);
#3921 = EDGE_CURVE('',#3910,#2471,#3922,.T.);
#3922 = LINE('',#3923,#3924);
#3923 = CARTESIAN_POINT('',(-11.901,144.1,-1.439E-14));
#3924 = VECTOR('',#3925,1.);
#3925 = DIRECTION('',(0.,0.,1.));
#3926 = PLANE('',#3927);
#3927 = AXIS2_PLACEMENT_3D('',#3928,#3929,#3930);
#3928 = CARTESIAN_POINT('',(-11.901,5.9,-1.439E-14));
#3929 = DIRECTION('',(1.,0.,0.));
#3930 = DIRECTION('',(0.,-1.,0.));
#3931 = ADVANCED_FACE('',(#3932),#3948,.T.);
#3932 = FACE_BOUND('',#3933,.T.);
#3933 = EDGE_LOOP('',(#3934,#3935,#3946,#3947));
#3934 = ORIENTED_EDGE('',*,*,#622,.F.);
#3935 = ORIENTED_EDGE('',*,*,#3936,.T.);
#3936 = EDGE_CURVE('',#615,#2602,#3937,.T.);
#3937 = B_SPLINE_CURVE_WITH_KNOTS('',4,(#3938,#3939,#3940,#3941,#3942,
    #3943,#3944,#3945),.UNSPECIFIED.,.F.,.F.,(5,3,5),(0.,0.499900519242,
    1.),.UNSPECIFIED.);
#3938 = CARTESIAN_POINT('',(-12.001,134.,1.51));
#3939 = CARTESIAN_POINT('',(-12.42606946987,133.57493053012,
    1.935069469871));
#3940 = CARTESIAN_POINT('',(-12.85109173939,133.1499082606,
    2.360091739393));
#3941 = CARTESIAN_POINT('',(-13.27606394047,132.72493605952,
    2.785063940479));
#3942 = CARTESIAN_POINT('',(-14.12607067913,131.87492932086,
    3.635070679139));
#3943 = CARTESIAN_POINT('',(-14.55110517032,131.44989482967,
    4.060105170323));
#3944 = CARTESIAN_POINT('',(-14.97608289905,131.02491710094,
    4.485082899055));
#3945 = CARTESIAN_POINT('',(-15.401,130.6,4.91));
#3946 = ORIENTED_EDGE('',*,*,#2601,.T.);
#3947 = ORIENTED_EDGE('',*,*,#2534,.F.);
#3948 = B_SPLINE_SURFACE_WITH_KNOTS('',1,1,(
    (#3949,#3950)
    ,(#3951,#3952
    )),.UNSPECIFIED.,.F.,.F.,.F.,(2,2),(2,2),(0.,138.),(0.,1.),
  .PIECEWISE_BEZIER_KNOTS.);
#3949 = CARTESIAN_POINT('',(-12.001,144.,1.51));
#3950 = CARTESIAN_POINT('',(-15.401,140.6,4.91));
#3951 = CARTESIAN_POINT('',(-12.001,6.,1.51));
#3952 = CARTESIAN_POINT('',(-15.401,9.4,4.91));
#3953 = ADVANCED_FACE('',(#3954),#3965,.T.);
#3954 = FACE_BOUND('',#3955,.T.);
#3955 = EDGE_LOOP('',(#3956,#3957,#3958,#3959));
#3956 = ORIENTED_EDGE('',*,*,#2608,.F.);
#3957 = ORIENTED_EDGE('',*,*,#3936,.F.);
#3958 = ORIENTED_EDGE('',*,*,#614,.F.);
#3959 = ORIENTED_EDGE('',*,*,#3960,.F.);
#3960 = EDGE_CURVE('',#2609,#607,#3961,.T.);
#3961 = LINE('',#3962,#3963);
#3962 = CARTESIAN_POINT('',(-12.001,134.,4.91));
#3963 = VECTOR('',#3964,1.);
#3964 = DIRECTION('',(-0.,-0.,-1.));
#3965 = PLANE('',#3966);
#3966 = AXIS2_PLACEMENT_3D('',#3967,#3968,#3969);
#3967 = CARTESIAN_POINT('',(-15.401,130.6,4.91));
#3968 = DIRECTION('',(0.707106781187,-0.707106781187,0.));
#3969 = DIRECTION('',(0.707106781187,0.707106781187,0.));
#3970 = ADVANCED_FACE('',(#3971),#3982,.T.);
#3971 = FACE_BOUND('',#3972,.T.);
#3972 = EDGE_LOOP('',(#3973,#3974,#3975,#3976));
#3973 = ORIENTED_EDGE('',*,*,#2616,.F.);
#3974 = ORIENTED_EDGE('',*,*,#3960,.T.);
#3975 = ORIENTED_EDGE('',*,*,#606,.F.);
#3976 = ORIENTED_EDGE('',*,*,#3977,.F.);
#3977 = EDGE_CURVE('',#2617,#599,#3978,.T.);
#3978 = LINE('',#3979,#3980);
#3979 = CARTESIAN_POINT('',(-12.001,124.8,4.91));
#3980 = VECTOR('',#3981,1.);
#3981 = DIRECTION('',(-0.,-0.,-1.));
#3982 = PLANE('',#3983);
#3983 = AXIS2_PLACEMENT_3D('',#3984,#3985,#3986);
#3984 = CARTESIAN_POINT('',(-12.001,134.,4.91));
#3985 = DIRECTION('',(-1.,0.,0.));
#3986 = DIRECTION('',(0.,-1.,0.));
#3987 = ADVANCED_FACE('',(#3988),#4010,.T.);
#3988 = FACE_BOUND('',#3989,.T.);
#3989 = EDGE_LOOP('',(#3990,#3991,#3992,#3993));
#3990 = ORIENTED_EDGE('',*,*,#2624,.F.);
#3991 = ORIENTED_EDGE('',*,*,#3977,.T.);
#3992 = ORIENTED_EDGE('',*,*,#598,.F.);
#3993 = ORIENTED_EDGE('',*,*,#3994,.T.);
#3994 = EDGE_CURVE('',#592,#2625,#3995,.T.);
#3995 = B_SPLINE_CURVE_WITH_KNOTS('',4,(#3996,#3997,#3998,#3999,#4000,
    #4001,#4002,#4003,#4004,#4005,#4006,#4007,#4008,#4009),
  .UNSPECIFIED.,.F.,.F.,(5,3,3,3,5),(0.,0.2451891145,0.49346987816,
    0.745000765305,1.),.UNSPECIFIED.);
#3996 = CARTESIAN_POINT('',(-12.001,124.8,1.51));
#3997 = CARTESIAN_POINT('',(-12.21479355989,125.0137935599,
    1.723793559896));
#3998 = CARTESIAN_POINT('',(-12.42772170564,125.22672170564,
    1.936721705643));
#3999 = CARTESIAN_POINT('',(-12.63977863902,125.43877863903,
    2.148778639026));
#4000 = CARTESIAN_POINT('',(-13.06480223659,125.86380223659,
    2.573802236592));
#4001 = CARTESIAN_POINT('',(-13.27774665728,126.07674665729,
    2.786746657286));
#4002 = CARTESIAN_POINT('',(-13.48978674862,126.28878674863,
    2.998786748627));
#4003 = CARTESIAN_POINT('',(-13.91481202296,126.71381202296,
    3.423812022963));
#4004 = CARTESIAN_POINT('',(-14.12777324318,126.92677324318,
    3.636773243183));
#4005 = CARTESIAN_POINT('',(-14.33979591133,127.13879591133,
    3.848795911337));
#4006 = CARTESIAN_POINT('',(-14.76486535935,127.56386535936,
    4.273865359359));
#4007 = CARTESIAN_POINT('',(-14.97788594863,127.77688594863,
    4.486885948636));
#4008 = CARTESIAN_POINT('',(-15.18993225084,127.98893225084,
    4.698932250844));
#4009 = CARTESIAN_POINT('',(-15.401,128.2,4.91));
#4010 = PLANE('',#4011);
#4011 = AXIS2_PLACEMENT_3D('',#4012,#4013,#4014);
#4012 = CARTESIAN_POINT('',(-12.001,124.8,4.91));
#4013 = DIRECTION('',(0.707106781186,0.707106781187,0.));
#4014 = DIRECTION('',(-0.707106781187,0.707106781186,0.));
#4015 = ADVANCED_FACE('',(#4016),#4095,.T.);
#4016 = FACE_BOUND('',#4017,.T.);
#4017 = EDGE_LOOP('',(#4018,#4019,#4020,#4039,#4046,#4059,#4066,#4076,
    #4083,#4094));
#4018 = ORIENTED_EDGE('',*,*,#3994,.F.);
#4019 = ORIENTED_EDGE('',*,*,#591,.F.);
#4020 = ORIENTED_EDGE('',*,*,#4021,.T.);
#4021 = EDGE_CURVE('',#584,#4022,#4024,.T.);
#4022 = VERTEX_POINT('',#4023);
#4023 = CARTESIAN_POINT('',(-14.87752819,105.92347181001,4.38652819));
#4024 = B_SPLINE_CURVE_WITH_KNOTS('',4,(#4025,#4026,#4027,#4028,#4029,
    #4030,#4031,#4032,#4033,#4034,#4035,#4036,#4037,#4038),
  .UNSPECIFIED.,.F.,.F.,(5,3,3,3,5),(0.,0.249198389352,0.498903166832,
    0.749146014293,1.),.UNSPECIFIED.);
#4025 = CARTESIAN_POINT('',(-12.001,108.8,1.51));
#4026 = CARTESIAN_POINT('',(-12.2136997105,108.58730028949,
    1.722699710508));
#4027 = CARTESIAN_POINT('',(-12.42626345891,108.37473654108,
    1.935263458919));
#4028 = CARTESIAN_POINT('',(-12.63868757681,108.16231242319,
    2.147687576814));
#4029 = CARTESIAN_POINT('',(-13.0636801463,107.7373198537,2.572680146307
    ));
#4030 = CARTESIAN_POINT('',(-13.27624801343,107.52475198657,
    2.785248013433));
#4031 = CARTESIAN_POINT('',(-13.48866786794,107.31233213206,
    2.997667867943));
#4032 = CARTESIAN_POINT('',(-13.91366066473,106.88733933527,
    3.422660664736));
#4033 = CARTESIAN_POINT('',(-14.12623294994,106.67476705006,
    3.635232949941));
#4034 = CARTESIAN_POINT('',(-14.33864825201,106.462351748,3.847648252011
    ));
#4035 = CARTESIAN_POINT('',(-14.76367441697,106.03732558303,
    4.272674416972));
#4036 = CARTESIAN_POINT('',(-14.97628448989,105.82471551011,
    4.485284489898));
#4037 = CARTESIAN_POINT('',(-15.18872792203,105.61227207798,
    4.69772792203));
#4038 = CARTESIAN_POINT('',(-15.401,105.40000000001,4.91));
#4039 = ORIENTED_EDGE('',*,*,#4040,.T.);
#4040 = EDGE_CURVE('',#4022,#4041,#4043,.T.);
#4041 = VERTEX_POINT('',#4042);
#4042 = CARTESIAN_POINT('',(-14.87752819,109.5051119696,4.38652819));
#4043 = B_SPLINE_CURVE_WITH_KNOTS('',1,(#4044,#4045),.UNSPECIFIED.,.F.,
  .F.,(2,2),(0.,1.),.PIECEWISE_BEZIER_KNOTS.);
#4044 = CARTESIAN_POINT('',(-14.87752819,105.64221299961,4.38652819));
#4045 = CARTESIAN_POINT('',(-14.87752819,109.5051119696,4.38652819));
#4046 = ORIENTED_EDGE('',*,*,#4047,.F.);
#4047 = EDGE_CURVE('',#4048,#4041,#4050,.T.);
#4048 = VERTEX_POINT('',#4049);
#4049 = CARTESIAN_POINT('',(-12.891,112.94587972535,2.4));
#4050 = B_SPLINE_CURVE_WITH_KNOTS('',4,(#4051,#4052,#4053,#4054,#4055,
    #4056,#4057,#4058),.UNSPECIFIED.,.F.,.F.,(5,3,5),(0.,0.498436494147,
    1.),.UNSPECIFIED.);
#4051 = CARTESIAN_POINT('',(-12.891,112.94587972535,2.4));
#4052 = CARTESIAN_POINT('',(-13.14018497832,112.51427868241,
    2.649184978325));
#4053 = CARTESIAN_POINT('',(-13.38884034754,112.08359494934,
    2.897840347544));
#4054 = CARTESIAN_POINT('',(-13.63695344967,111.65385045043,
    3.145953449673));
#4055 = CARTESIAN_POINT('',(-14.13362224118,110.79359486899,
    3.642622241189));
#4056 = CARTESIAN_POINT('',(-14.38217094071,110.36309589327,
    3.891170940712));
#4057 = CARTESIAN_POINT('',(-14.63014412595,109.93359373752,
    4.139144125951));
#4058 = CARTESIAN_POINT('',(-14.87752819,109.5051119696,4.38652819));
#4059 = ORIENTED_EDGE('',*,*,#4060,.T.);
#4060 = EDGE_CURVE('',#4048,#4061,#4063,.T.);
#4061 = VERTEX_POINT('',#4062);
#4062 = CARTESIAN_POINT('',(-12.891,113.83931731,2.4));
#4063 = B_SPLINE_CURVE_WITH_KNOTS('',1,(#4064,#4065),.UNSPECIFIED.,.F.,
  .F.,(2,2),(0.,1.),.PIECEWISE_BEZIER_KNOTS.);
#4064 = CARTESIAN_POINT('',(-12.891,106.56133817487,2.4));
#4065 = CARTESIAN_POINT('',(-12.891,113.83931731,2.4));
#4066 = ORIENTED_EDGE('',*,*,#4067,.F.);
#4067 = EDGE_CURVE('',#4068,#4061,#4070,.T.);
#4068 = VERTEX_POINT('',#4069);
#4069 = CARTESIAN_POINT('',(-12.37517357,113.83931731,1.88417357));
#4070 = B_SPLINE_CURVE_WITH_KNOTS('',4,(#4071,#4072,#4073,#4074,#4075),
  .UNSPECIFIED.,.F.,.F.,(5,5),(0.,1.),.PIECEWISE_BEZIER_KNOTS.);
#4071 = CARTESIAN_POINT('',(-12.37517357,113.83931731,1.88417357));
#4072 = CARTESIAN_POINT('',(-12.50426195766,113.83931731,2.013261957663)
  );
#4073 = CARTESIAN_POINT('',(-12.63326336287,113.83931731,2.142263362871)
  );
#4074 = CARTESIAN_POINT('',(-12.76217647387,113.83931731,2.271176473874)
  );
#4075 = CARTESIAN_POINT('',(-12.891,113.83931731,2.4));
#4076 = ORIENTED_EDGE('',*,*,#4077,.T.);
#4077 = EDGE_CURVE('',#4068,#4078,#4080,.T.);
#4078 = VERTEX_POINT('',#4079);
#4079 = CARTESIAN_POINT('',(-12.37517357,122.9065738,1.88417357));
#4080 = B_SPLINE_CURVE_WITH_KNOTS('',1,(#4081,#4082),.UNSPECIFIED.,.F.,
  .F.,(2,2),(0.,1.),.PIECEWISE_BEZIER_KNOTS.);
#4081 = CARTESIAN_POINT('',(-12.37517357,113.83931731,1.88417357));
#4082 = CARTESIAN_POINT('',(-12.37517357,122.9065738,1.88417357));
#4083 = ORIENTED_EDGE('',*,*,#4084,.T.);
#4084 = EDGE_CURVE('',#4078,#2633,#4085,.T.);
#4085 = B_SPLINE_CURVE_WITH_KNOTS('',4,(#4086,#4087,#4088,#4089,#4090,
    #4091,#4092,#4093),.UNSPECIFIED.,.F.,.F.,(5,3,5),(0.,0.498168802264,
    1.),.UNSPECIFIED.);
#4086 = CARTESIAN_POINT('',(-12.37517357,122.9065738,1.88417357));
#4087 = CARTESIAN_POINT('',(-12.75415058271,122.9065738,2.263150582718)
  );
#4088 = CARTESIAN_POINT('',(-13.13206157409,122.9065738,2.64106157409));
#4089 = CARTESIAN_POINT('',(-13.50886564981,122.9065738,3.017865649811)
  );
#4090 = CARTESIAN_POINT('',(-14.26293517626,122.9065738,3.771935176265)
  );
#4091 = CARTESIAN_POINT('',(-14.64018366038,122.9065738,4.149183660382)
  );
#4092 = CARTESIAN_POINT('',(-15.01622077268,122.9065738,4.525220772689)
  );
#4093 = CARTESIAN_POINT('',(-15.391,122.9065738,4.9));
#4094 = ORIENTED_EDGE('',*,*,#2632,.T.);
#4095 = B_SPLINE_SURFACE_WITH_KNOTS('',1,1,(
    (#4096,#4097)
    ,(#4098,#4099
    )),.UNSPECIFIED.,.F.,.F.,.F.,(2,2),(2,2),(0.,138.),(0.,1.),
  .PIECEWISE_BEZIER_KNOTS.);
#4096 = CARTESIAN_POINT('',(-12.001,144.,1.51));
#4097 = CARTESIAN_POINT('',(-15.401,140.6,4.91));
#4098 = CARTESIAN_POINT('',(-12.001,6.,1.51));
#4099 = CARTESIAN_POINT('',(-15.401,9.4,4.91));
#4100 = ADVANCED_FACE('',(#4101),#4118,.T.);
#4101 = FACE_BOUND('',#4102,.T.);
#4102 = EDGE_LOOP('',(#4103,#4109,#4110,#4111,#4117));
#4103 = ORIENTED_EDGE('',*,*,#4104,.F.);
#4104 = EDGE_CURVE('',#4022,#2664,#4105,.T.);
#4105 = LINE('',#4106,#4107);
#4106 = CARTESIAN_POINT('',(-14.87752819,105.92347181001,4.905));
#4107 = VECTOR('',#4108,1.);
#4108 = DIRECTION('',(0.,0.,1.));
#4109 = ORIENTED_EDGE('',*,*,#4021,.F.);
#4110 = ORIENTED_EDGE('',*,*,#583,.F.);
#4111 = ORIENTED_EDGE('',*,*,#4112,.F.);
#4112 = EDGE_CURVE('',#2672,#576,#4113,.T.);
#4113 = LINE('',#4114,#4115);
#4114 = CARTESIAN_POINT('',(-12.001,108.8,4.91));
#4115 = VECTOR('',#4116,1.);
#4116 = DIRECTION('',(-0.,-0.,-1.));
#4117 = ORIENTED_EDGE('',*,*,#2671,.F.);
#4118 = PLANE('',#4119);
#4119 = AXIS2_PLACEMENT_3D('',#4120,#4121,#4122);
#4120 = CARTESIAN_POINT('',(-15.401,105.40000000001,4.91));
#4121 = DIRECTION('',(0.707106781186,-0.707106781187,0.));
#4122 = DIRECTION('',(0.707106781187,0.707106781186,0.));
#4123 = ADVANCED_FACE('',(#4124),#4135,.T.);
#4124 = FACE_BOUND('',#4125,.T.);
#4125 = EDGE_LOOP('',(#4126,#4127,#4128,#4129));
#4126 = ORIENTED_EDGE('',*,*,#2679,.F.);
#4127 = ORIENTED_EDGE('',*,*,#4112,.T.);
#4128 = ORIENTED_EDGE('',*,*,#575,.F.);
#4129 = ORIENTED_EDGE('',*,*,#4130,.F.);
#4130 = EDGE_CURVE('',#2680,#568,#4131,.T.);
#4131 = LINE('',#4132,#4133);
#4132 = CARTESIAN_POINT('',(-12.001,99.700000000012,4.91));
#4133 = VECTOR('',#4134,1.);
#4134 = DIRECTION('',(-0.,-0.,-1.));
#4135 = PLANE('',#4136);
#4136 = AXIS2_PLACEMENT_3D('',#4137,#4138,#4139);
#4137 = CARTESIAN_POINT('',(-12.001,108.8,4.91));
#4138 = DIRECTION('',(-1.,0.,0.));
#4139 = DIRECTION('',(0.,-1.,0.));
#4140 = ADVANCED_FACE('',(#4141),#4171,.T.);
#4141 = FACE_BOUND('',#4142,.T.);
#4142 = EDGE_LOOP('',(#4143,#4144,#4145,#4146,#4165));
#4143 = ORIENTED_EDGE('',*,*,#2687,.F.);
#4144 = ORIENTED_EDGE('',*,*,#4130,.T.);
#4145 = ORIENTED_EDGE('',*,*,#567,.F.);
#4146 = ORIENTED_EDGE('',*,*,#4147,.T.);
#4147 = EDGE_CURVE('',#561,#4148,#4150,.T.);
#4148 = VERTEX_POINT('',#4149);
#4149 = CARTESIAN_POINT('',(-14.87752819,102.57652819001,4.38652819));
#4150 = B_SPLINE_CURVE_WITH_KNOTS('',4,(#4151,#4152,#4153,#4154,#4155,
    #4156,#4157,#4158,#4159,#4160,#4161,#4162,#4163,#4164),
  .UNSPECIFIED.,.F.,.F.,(5,3,3,3,5),(0.,0.246284594027,0.4949502713,
    0.746126443328,1.),.UNSPECIFIED.);
#4151 = CARTESIAN_POINT('',(-12.001,99.700000000012,1.51));
#4152 = CARTESIAN_POINT('',(-12.21448624474,99.913486244757,
    1.723486244745));
#4153 = CARTESIAN_POINT('',(-12.42731370849,100.1263137085,
    1.936313708491));
#4154 = CARTESIAN_POINT('',(-12.63947420248,100.33847420249,
    2.148474202487));
#4155 = CARTESIAN_POINT('',(-13.06448984856,100.76348984857,
    2.573489848565));
#4156 = CARTESIAN_POINT('',(-13.27733188723,100.97633188724,
    2.786331887232));
#4157 = CARTESIAN_POINT('',(-13.48947756011,101.18847756012,
    2.998477560109));
#4158 = CARTESIAN_POINT('',(-13.91449474832,101.61349474833,
    3.423494748325));
#4159 = CARTESIAN_POINT('',(-14.12735196987,101.82635196988,
    3.636351969873));
#4160 = CARTESIAN_POINT('',(-14.33948217729,102.0384821773,3.84848217729
    ));
#4161 = CARTESIAN_POINT('',(-14.76454263517,102.46354263518,
    4.273542635177));
#4162 = CARTESIAN_POINT('',(-14.97745701464,102.67645701465,
    4.486457014646));
#4163 = CARTESIAN_POINT('',(-15.1896121424,102.88861214242,
    4.698612142407));
#4164 = CARTESIAN_POINT('',(-15.401,103.10000000001,4.91));
#4165 = ORIENTED_EDGE('',*,*,#4166,.F.);
#4166 = EDGE_CURVE('',#2688,#4148,#4167,.T.);
#4167 = LINE('',#4168,#4169);
#4168 = CARTESIAN_POINT('',(-14.87752819,102.57652819001,4.905));
#4169 = VECTOR('',#4170,1.);
#4170 = DIRECTION('',(0.,0.,-1.));
#4171 = PLANE('',#4172);
#4172 = AXIS2_PLACEMENT_3D('',#4173,#4174,#4175);
#4173 = CARTESIAN_POINT('',(-12.001,99.700000000012,4.91));
#4174 = DIRECTION('',(0.707106781187,0.707106781187,0.));
#4175 = DIRECTION('',(-0.707106781187,0.707106781187,0.));
#4176 = ADVANCED_FACE('',(#4177),#4187,.T.);
#4177 = FACE_BOUND('',#4178,.T.);
#4178 = EDGE_LOOP('',(#4179,#4180,#4181,#4182));
#4179 = ORIENTED_EDGE('',*,*,#4147,.F.);
#4180 = ORIENTED_EDGE('',*,*,#560,.F.);
#4181 = ORIENTED_EDGE('',*,*,#3203,.F.);
#4182 = ORIENTED_EDGE('',*,*,#4183,.T.);
#4183 = EDGE_CURVE('',#3196,#4148,#4184,.T.);
#4184 = B_SPLINE_CURVE_WITH_KNOTS('',1,(#4185,#4186),.UNSPECIFIED.,.F.,
  .F.,(2,2),(0.,1.),.PIECEWISE_BEZIER_KNOTS.);
#4185 = CARTESIAN_POINT('',(-14.87752819,97.15,4.38652819));
#4186 = CARTESIAN_POINT('',(-14.87752819,103.32460256268,4.38652819));
#4187 = B_SPLINE_SURFACE_WITH_KNOTS('',1,1,(
    (#4188,#4189)
    ,(#4190,#4191
    )),.UNSPECIFIED.,.F.,.F.,.F.,(2,2),(2,2),(0.,138.),(0.,1.),
  .PIECEWISE_BEZIER_KNOTS.);
#4188 = CARTESIAN_POINT('',(-12.001,144.,1.51));
#4189 = CARTESIAN_POINT('',(-15.401,140.6,4.91));
#4190 = CARTESIAN_POINT('',(-12.001,6.,1.51));
#4191 = CARTESIAN_POINT('',(-15.401,9.4,4.91));
#4192 = ADVANCED_FACE('',(#4193),#4211,.T.);
#4193 = FACE_BOUND('',#4194,.T.);
#4194 = EDGE_LOOP('',(#4195,#4196,#4204,#4210));
#4195 = ORIENTED_EDGE('',*,*,#1048,.F.);
#4196 = ORIENTED_EDGE('',*,*,#4197,.T.);
#4197 = EDGE_CURVE('',#1041,#4198,#4200,.T.);
#4198 = VERTEX_POINT('',#4199);
#4199 = CARTESIAN_POINT('',(-1.886,56.35,12.673502691896));
#4200 = LINE('',#4201,#4202);
#4201 = CARTESIAN_POINT('',(-1.886,68.85,12.673502691896));
#4202 = VECTOR('',#4203,1.);
#4203 = DIRECTION('',(0.,-1.,0.));
#4204 = ORIENTED_EDGE('',*,*,#4205,.T.);
#4205 = EDGE_CURVE('',#4198,#956,#4206,.T.);
#4206 = LINE('',#4207,#4208);
#4207 = CARTESIAN_POINT('',(-1.886,56.35,12.673502691896));
#4208 = VECTOR('',#4209,1.);
#4209 = DIRECTION('',(-0.866025403784,0.,-0.5));
#4210 = ORIENTED_EDGE('',*,*,#964,.F.);
#4211 = PLANE('',#4212);
#4212 = AXIS2_PLACEMENT_3D('',#4213,#4214,#4215);
#4213 = CARTESIAN_POINT('',(-3.136,68.75,11.951814855409));
#4214 = DIRECTION('',(0.5,-1.2E-16,-0.866025403784));
#4215 = DIRECTION('',(-0.866025403784,0.,-0.5));
#4216 = ADVANCED_FACE('',(#4217,#4269),#4279,.F.);
#4217 = FACE_BOUND('',#4218,.T.);
#4218 = EDGE_LOOP('',(#4219,#4229,#4237,#4245,#4252,#4253,#4262));
#4219 = ORIENTED_EDGE('',*,*,#4220,.F.);
#4220 = EDGE_CURVE('',#4221,#4223,#4225,.T.);
#4221 = VERTEX_POINT('',#4222);
#4222 = CARTESIAN_POINT('',(-5.036050671379,56.35,1.));
#4223 = VERTEX_POINT('',#4224);
#4224 = CARTESIAN_POINT('',(-6.410566981517,56.35,2.374515860954));
#4225 = LINE('',#4226,#4227);
#4226 = CARTESIAN_POINT('',(-4.531025334047,56.35,0.494974827708));
#4227 = VECTOR('',#4228,1.);
#4228 = DIRECTION('',(-0.707106896726,0.,0.707106665647));
#4229 = ORIENTED_EDGE('',*,*,#4230,.T.);
#4230 = EDGE_CURVE('',#4221,#4231,#4233,.T.);
#4231 = VERTEX_POINT('',#4232);
#4232 = CARTESIAN_POINT('',(0.557860018001,56.35,1.));
#4233 = LINE('',#4234,#4235);
#4234 = CARTESIAN_POINT('',(-4.036050344584,56.35,1.));
#4235 = VECTOR('',#4236,1.);
#4236 = DIRECTION('',(1.,0.,0.));
#4237 = ORIENTED_EDGE('',*,*,#4238,.F.);
#4238 = EDGE_CURVE('',#4239,#4231,#4241,.T.);
#4239 = VERTEX_POINT('',#4240);
#4240 = CARTESIAN_POINT('',(2.285930009001,56.35,2.728069990999));
#4241 = LINE('',#4242,#4243);
#4242 = CARTESIAN_POINT('',(2.285930009001,56.35,2.728069990999));
#4243 = VECTOR('',#4244,1.);
#4244 = DIRECTION('',(-0.707106781187,-0.,-0.707106781187));
#4245 = ORIENTED_EDGE('',*,*,#4246,.F.);
#4246 = EDGE_CURVE('',#1241,#4239,#4247,.T.);
#4247 = CIRCLE('',#4248,5.9);
#4248 = AXIS2_PLACEMENT_3D('',#4249,#4250,#4251);
#4249 = CARTESIAN_POINT('',(-1.886,56.35,6.9));
#4250 = DIRECTION('',(0.,1.,0.));
#4251 = DIRECTION('',(-0.999894974531,0.,-1.449275362319E-02));
#4252 = ORIENTED_EDGE('',*,*,#1240,.F.);
#4253 = ORIENTED_EDGE('',*,*,#4254,.F.);
#4254 = EDGE_CURVE('',#4255,#1232,#4257,.T.);
#4255 = VERTEX_POINT('',#4256);
#4256 = CARTESIAN_POINT('',(-8.025919054537,56.35,5.097183098592));
#4257 = CIRCLE('',#4258,6.4);
#4258 = AXIS2_PLACEMENT_3D('',#4259,#4260,#4261);
#4259 = CARTESIAN_POINT('',(-1.885084321376,56.35,6.9));
#4260 = DIRECTION('',(0.,1.,0.));
#4261 = DIRECTION('',(-0.959505427056,0.,-0.281690140845));
#4262 = ORIENTED_EDGE('',*,*,#4263,.F.);
#4263 = EDGE_CURVE('',#4223,#4255,#4264,.T.);
#4264 = CIRCLE('',#4265,6.4);
#4265 = AXIS2_PLACEMENT_3D('',#4266,#4267,#4268);
#4266 = CARTESIAN_POINT('',(-1.885084321376,56.35,6.9));
#4267 = DIRECTION('',(0.,1.,0.));
#4268 = DIRECTION('',(-0.707106665647,0.,-0.707106896726));
#4269 = FACE_BOUND('',#4270,.T.);
#4270 = EDGE_LOOP('',(#4271,#4272,#4273));
#4271 = ORIENTED_EDGE('',*,*,#955,.T.);
#4272 = ORIENTED_EDGE('',*,*,#4205,.F.);
#4273 = ORIENTED_EDGE('',*,*,#4274,.T.);
#4274 = EDGE_CURVE('',#4198,#948,#4275,.T.);
#4275 = LINE('',#4276,#4277);
#4276 = CARTESIAN_POINT('',(-1.886,56.35,12.673502691896));
#4277 = VECTOR('',#4278,1.);
#4278 = DIRECTION('',(0.866025403784,0.,-0.5));
#4279 = PLANE('',#4280);
#4280 = AXIS2_PLACEMENT_3D('',#4281,#4282,#4283);
#4281 = CARTESIAN_POINT('',(-2.53426515358,56.35,6.411013710369));
#4282 = DIRECTION('',(0.,1.,0.));
#4283 = DIRECTION('',(0.,0.,-1.));
#4284 = ADVANCED_FACE('',(#4285),#4291,.T.);
#4285 = FACE_BOUND('',#4286,.T.);
#4286 = EDGE_LOOP('',(#4287,#4288,#4289,#4290));
#4287 = ORIENTED_EDGE('',*,*,#4197,.F.);
#4288 = ORIENTED_EDGE('',*,*,#1040,.T.);
#4289 = ORIENTED_EDGE('',*,*,#947,.T.);
#4290 = ORIENTED_EDGE('',*,*,#4274,.F.);
#4291 = PLANE('',#4292);
#4292 = AXIS2_PLACEMENT_3D('',#4293,#4294,#4295);
#4293 = CARTESIAN_POINT('',(-0.636,68.75,11.951814855409));
#4294 = DIRECTION('',(-0.5,-1.2E-16,-0.866025403784));
#4295 = DIRECTION('',(-0.866025403784,0.,0.5));
#4296 = ADVANCED_FACE('',(#4297),#4312,.T.);
#4297 = FACE_BOUND('',#4298,.T.);
#4298 = EDGE_LOOP('',(#4299,#4300,#4306,#4307,#4308,#4309,#4310,#4311));
#4299 = ORIENTED_EDGE('',*,*,#1017,.F.);
#4300 = ORIENTED_EDGE('',*,*,#4301,.T.);
#4301 = EDGE_CURVE('',#1010,#3360,#4302,.T.);
#4302 = LINE('',#4303,#4304);
#4303 = CARTESIAN_POINT('',(-9.284,67.35,3.8));
#4304 = VECTOR('',#4305,1.);
#4305 = DIRECTION('',(0.,1.,0.));
#4306 = ORIENTED_EDGE('',*,*,#3359,.T.);
#4307 = ORIENTED_EDGE('',*,*,#3401,.F.);
#4308 = ORIENTED_EDGE('',*,*,#3415,.T.);
#4309 = ORIENTED_EDGE('',*,*,#3439,.T.);
#4310 = ORIENTED_EDGE('',*,*,#3463,.T.);
#4311 = ORIENTED_EDGE('',*,*,#3501,.F.);
#4312 = PLANE('',#4313);
#4313 = AXIS2_PLACEMENT_3D('',#4314,#4315,#4316);
#4314 = CARTESIAN_POINT('',(-13.11375,75.,3.8));
#4315 = DIRECTION('',(0.,0.,1.));
#4316 = DIRECTION('',(1.,0.,0.));
#4317 = ADVANCED_FACE('',(#4318),#4324,.F.);
#4318 = FACE_BOUND('',#4319,.F.);
#4319 = EDGE_LOOP('',(#4320,#4321,#4322,#4323));
#4320 = ORIENTED_EDGE('',*,*,#1009,.F.);
#4321 = ORIENTED_EDGE('',*,*,#4301,.T.);
#4322 = ORIENTED_EDGE('',*,*,#3367,.F.);
#4323 = ORIENTED_EDGE('',*,*,#2775,.F.);
#4324 = PLANE('',#4325);
#4325 = AXIS2_PLACEMENT_3D('',#4326,#4327,#4328);
#4326 = CARTESIAN_POINT('',(-9.284,67.35,3.1));
#4327 = DIRECTION('',(1.,0.,0.));
#4328 = DIRECTION('',(0.,2.2E-16,1.));
#4329 = ADVANCED_FACE('',(#4330),#4359,.F.);
#4330 = FACE_BOUND('',#4331,.F.);
#4331 = EDGE_LOOP('',(#4332,#4333,#4334,#4335,#4343,#4352));
#4332 = ORIENTED_EDGE('',*,*,#1062,.F.);
#4333 = ORIENTED_EDGE('',*,*,#1526,.T.);
#4334 = ORIENTED_EDGE('',*,*,#1633,.F.);
#4335 = ORIENTED_EDGE('',*,*,#4336,.T.);
#4336 = EDGE_CURVE('',#1626,#4337,#4339,.T.);
#4337 = VERTEX_POINT('',#4338);
#4338 = CARTESIAN_POINT('',(-6.90554164747,139.75,1.879541033245));
#4339 = LINE('',#4340,#4341);
#4340 = CARTESIAN_POINT('',(-6.90554164747,157.95,1.879541033245));
#4341 = VECTOR('',#4342,1.);
#4342 = DIRECTION('',(0.,-1.,4.4E-16));
#4343 = ORIENTED_EDGE('',*,*,#4344,.T.);
#4344 = EDGE_CURVE('',#4337,#4345,#4347,.T.);
#4345 = VERTEX_POINT('',#4346);
#4346 = CARTESIAN_POINT('',(-8.697572853476,139.75,4.9));
#4347 = CIRCLE('',#4348,7.1);
#4348 = AXIS2_PLACEMENT_3D('',#4349,#4350,#4351);
#4349 = CARTESIAN_POINT('',(-1.885084321376,139.75,6.9));
#4350 = DIRECTION('',(-2.465190328816E-32,1.,-4.4E-16));
#4351 = DIRECTION('',(-0.707106665647,-3.111270345594E-16,
    -0.707106896726));
#4352 = ORIENTED_EDGE('',*,*,#4353,.T.);
#4353 = EDGE_CURVE('',#4345,#1065,#4354,.T.);
#4354 = CIRCLE('',#4355,7.1);
#4355 = AXIS2_PLACEMENT_3D('',#4356,#4357,#4358);
#4356 = CARTESIAN_POINT('',(-1.885084321376,139.75,6.9));
#4357 = DIRECTION('',(0.,1.,-4.4E-16));
#4358 = DIRECTION('',(-0.959505427056,-1.239436619718E-16,
    -0.281690140845));
#4359 = CYLINDRICAL_SURFACE('',#4360,7.1);
#4360 = AXIS2_PLACEMENT_3D('',#4361,#4362,#4363);
#4361 = CARTESIAN_POINT('',(-1.885084321376,157.95,6.9));
#4362 = DIRECTION('',(0.,1.,-2.2E-16));
#4363 = DIRECTION('',(-1.,0.,0.));
#4364 = ADVANCED_FACE('',(#4365),#4384,.F.);
#4365 = FACE_BOUND('',#4366,.F.);
#4366 = EDGE_LOOP('',(#4367,#4375,#4382,#4383));
#4367 = ORIENTED_EDGE('',*,*,#4368,.F.);
#4368 = EDGE_CURVE('',#4369,#4345,#4371,.T.);
#4369 = VERTEX_POINT('',#4370);
#4370 = CARTESIAN_POINT('',(-8.025919054537,139.05,5.097183098592));
#4371 = LINE('',#4372,#4373);
#4372 = CARTESIAN_POINT('',(-8.697572853476,139.75,4.9));
#4373 = VECTOR('',#4374,1.);
#4374 = DIRECTION('',(-0.678472794057,0.707106781187,-0.199185008785));
#4375 = ORIENTED_EDGE('',*,*,#4376,.T.);
#4376 = EDGE_CURVE('',#4369,#1479,#4377,.T.);
#4377 = CIRCLE('',#4378,6.4);
#4378 = AXIS2_PLACEMENT_3D('',#4379,#4380,#4381);
#4379 = CARTESIAN_POINT('',(-1.885084321376,139.05,6.9));
#4380 = DIRECTION('',(0.,1.,-4.4E-16));
#4381 = DIRECTION('',(-0.959505427056,-1.239436619718E-16,
    -0.281690140845));
#4382 = ORIENTED_EDGE('',*,*,#1486,.T.);
#4383 = ORIENTED_EDGE('',*,*,#4353,.F.);
#4384 = CONICAL_SURFACE('',#4385,7.1,0.785398163397);
#4385 = AXIS2_PLACEMENT_3D('',#4386,#4387,#4388);
#4386 = CARTESIAN_POINT('',(-1.885084321376,139.75,6.9));
#4387 = DIRECTION('',(0.,1.,-4.4E-16));
#4388 = DIRECTION('',(-0.959505427056,-1.239436619718E-16,
    -0.281690140845));
#4389 = ADVANCED_FACE('',(#4390,#4434),#4470,.F.);
#4390 = FACE_BOUND('',#4391,.F.);
#4391 = EDGE_LOOP('',(#4392,#4402,#4410,#4418,#4425,#4426,#4427));
#4392 = ORIENTED_EDGE('',*,*,#4393,.F.);
#4393 = EDGE_CURVE('',#4394,#4396,#4398,.T.);
#4394 = VERTEX_POINT('',#4395);
#4395 = CARTESIAN_POINT('',(-5.036050671379,139.05,1.));
#4396 = VERTEX_POINT('',#4397);
#4397 = CARTESIAN_POINT('',(-6.410566981517,139.05,2.374515860954));
#4398 = LINE('',#4399,#4400);
#4399 = CARTESIAN_POINT('',(-4.531025334047,139.05,0.494974827708));
#4400 = VECTOR('',#4401,1.);
#4401 = DIRECTION('',(-0.707106896726,3.1E-16,0.707106665647));
#4402 = ORIENTED_EDGE('',*,*,#4403,.F.);
#4403 = EDGE_CURVE('',#4404,#4394,#4406,.T.);
#4404 = VERTEX_POINT('',#4405);
#4405 = CARTESIAN_POINT('',(0.557860018001,139.05,1.));
#4406 = LINE('',#4407,#4408);
#4407 = CARTESIAN_POINT('',(-0.442139981999,139.05,1.));
#4408 = VECTOR('',#4409,1.);
#4409 = DIRECTION('',(-1.,-0.,-0.));
#4410 = ORIENTED_EDGE('',*,*,#4411,.T.);
#4411 = EDGE_CURVE('',#4404,#4412,#4414,.T.);
#4412 = VERTEX_POINT('',#4413);
#4413 = CARTESIAN_POINT('',(2.285930009001,139.05,2.728069990999));
#4414 = LINE('',#4415,#4416);
#4415 = CARTESIAN_POINT('',(0.264966799188,139.05,0.707106781187));
#4416 = VECTOR('',#4417,1.);
#4417 = DIRECTION('',(0.707106781187,0.,0.707106781187));
#4418 = ORIENTED_EDGE('',*,*,#4419,.T.);
#4419 = EDGE_CURVE('',#4412,#1470,#4420,.T.);
#4420 = CIRCLE('',#4421,5.9);
#4421 = AXIS2_PLACEMENT_3D('',#4422,#4423,#4424);
#4422 = CARTESIAN_POINT('',(-1.886,139.05,6.9));
#4423 = DIRECTION('',(0.,-1.,4.4E-16));
#4424 = DIRECTION('',(0.707106781187,-3.111269837221E-16,-0.707106781187
    ));
#4425 = ORIENTED_EDGE('',*,*,#1478,.F.);
#4426 = ORIENTED_EDGE('',*,*,#4376,.F.);
#4427 = ORIENTED_EDGE('',*,*,#4428,.F.);
#4428 = EDGE_CURVE('',#4396,#4369,#4429,.T.);
#4429 = CIRCLE('',#4430,6.4);
#4430 = AXIS2_PLACEMENT_3D('',#4431,#4432,#4433);
#4431 = CARTESIAN_POINT('',(-1.885084321376,139.05,6.9));
#4432 = DIRECTION('',(-2.465190328816E-32,1.,-4.4E-16));
#4433 = DIRECTION('',(-0.707106665647,-3.111270345594E-16,
    -0.707106896726));
#4434 = FACE_BOUND('',#4435,.F.);
#4435 = EDGE_LOOP('',(#4436,#4447,#4456,#4464));
#4436 = ORIENTED_EDGE('',*,*,#4437,.T.);
#4437 = EDGE_CURVE('',#4438,#4440,#4442,.T.);
#4438 = VERTEX_POINT('',#4439);
#4439 = CARTESIAN_POINT('',(-1.186,139.05,8.112435565298));
#4440 = VERTEX_POINT('',#4441);
#4441 = CARTESIAN_POINT('',(-3.286,139.05,6.9));
#4442 = CIRCLE('',#4443,1.4);
#4443 = AXIS2_PLACEMENT_3D('',#4444,#4445,#4446);
#4444 = CARTESIAN_POINT('',(-1.886,139.05,6.9));
#4445 = DIRECTION('',(0.,1.,-0.));
#4446 = DIRECTION('',(-1.,0.,-0.));
#4447 = ORIENTED_EDGE('',*,*,#4448,.T.);
#4448 = EDGE_CURVE('',#4440,#4449,#4451,.T.);
#4449 = VERTEX_POINT('',#4450);
#4450 = CARTESIAN_POINT('',(-2.586,139.05,8.112435565298));
#4451 = CIRCLE('',#4452,1.4);
#4452 = AXIS2_PLACEMENT_3D('',#4453,#4454,#4455);
#4453 = CARTESIAN_POINT('',(-1.886,139.05,6.9));
#4454 = DIRECTION('',(0.,1.,-0.));
#4455 = DIRECTION('',(-1.,0.,-0.));
#4456 = ORIENTED_EDGE('',*,*,#4457,.F.);
#4457 = EDGE_CURVE('',#4458,#4449,#4460,.T.);
#4458 = VERTEX_POINT('',#4459);
#4459 = CARTESIAN_POINT('',(-1.886,139.05,8.516580753731));
#4460 = LINE('',#4461,#4462);
#4461 = CARTESIAN_POINT('',(-2.777112233331,139.05,8.002096865939));
#4462 = VECTOR('',#4463,1.);
#4463 = DIRECTION('',(-0.866025403784,-2.2E-16,-0.5));
#4464 = ORIENTED_EDGE('',*,*,#4465,.T.);
#4465 = EDGE_CURVE('',#4458,#4438,#4466,.T.);
#4466 = LINE('',#4467,#4468);
#4467 = CARTESIAN_POINT('',(-1.675316913208,139.05,8.394942816858));
#4468 = VECTOR('',#4469,1.);
#4469 = DIRECTION('',(0.866025403784,-2.2E-16,-0.5));
#4470 = PLANE('',#4471);
#4471 = AXIS2_PLACEMENT_3D('',#4472,#4473,#4474);
#4472 = CARTESIAN_POINT('',(-2.793238862052,139.05,5.97209345507));
#4473 = DIRECTION('',(0.,-1.,4.4E-16));
#4474 = DIRECTION('',(0.,4.4E-16,1.));
#4475 = ADVANCED_FACE('',(#4476),#4495,.T.);
#4476 = FACE_BOUND('',#4477,.T.);
#4477 = EDGE_LOOP('',(#4478,#4486,#4487,#4488));
#4478 = ORIENTED_EDGE('',*,*,#4479,.F.);
#4479 = EDGE_CURVE('',#4412,#4480,#4482,.T.);
#4480 = VERTEX_POINT('',#4481);
#4481 = CARTESIAN_POINT('',(2.993036790187,138.05,2.020963209813));
#4482 = LINE('',#4483,#4484);
#4483 = CARTESIAN_POINT('',(2.639483399594,138.55,2.374516600406));
#4484 = VECTOR('',#4485,1.);
#4485 = DIRECTION('',(0.5,-0.707106781187,-0.5));
#4486 = ORIENTED_EDGE('',*,*,#4419,.T.);
#4487 = ORIENTED_EDGE('',*,*,#1469,.T.);
#4488 = ORIENTED_EDGE('',*,*,#4489,.F.);
#4489 = EDGE_CURVE('',#4480,#1462,#4490,.T.);
#4490 = CIRCLE('',#4491,6.9);
#4491 = AXIS2_PLACEMENT_3D('',#4492,#4493,#4494);
#4492 = CARTESIAN_POINT('',(-1.886,138.05,6.9));
#4493 = DIRECTION('',(0.,-1.,4.4E-16));
#4494 = DIRECTION('',(0.707106781187,-3.111269837221E-16,-0.707106781187
    ));
#4495 = CONICAL_SURFACE('',#4496,6.9,0.785398163397);
#4496 = AXIS2_PLACEMENT_3D('',#4497,#4498,#4499);
#4497 = CARTESIAN_POINT('',(-1.886,138.05,6.9));
#4498 = DIRECTION('',(0.,-1.,4.4E-16));
#4499 = DIRECTION('',(0.707106781187,-3.111269837221E-16,-0.707106781187
    ));
#4500 = ADVANCED_FACE('',(#4501),#4530,.F.);
#4501 = FACE_BOUND('',#4502,.T.);
#4502 = EDGE_LOOP('',(#4503,#4504,#4505,#4506,#4514,#4523));
#4503 = ORIENTED_EDGE('',*,*,#1087,.F.);
#4504 = ORIENTED_EDGE('',*,*,#1501,.T.);
#4505 = ORIENTED_EDGE('',*,*,#1551,.T.);
#4506 = ORIENTED_EDGE('',*,*,#4507,.T.);
#4507 = EDGE_CURVE('',#1552,#4508,#4510,.T.);
#4508 = VERTEX_POINT('',#4509);
#4509 = CARTESIAN_POINT('',(-6.90554164747,10.25,1.879541033246));
#4510 = LINE('',#4511,#4512);
#4511 = CARTESIAN_POINT('',(-6.90554164747,-7.95,1.879541033246));
#4512 = VECTOR('',#4513,1.);
#4513 = DIRECTION('',(0.,1.,0.));
#4514 = ORIENTED_EDGE('',*,*,#4515,.T.);
#4515 = EDGE_CURVE('',#4508,#4516,#4518,.T.);
#4516 = VERTEX_POINT('',#4517);
#4517 = CARTESIAN_POINT('',(-8.697572853476,10.25,4.9));
#4518 = CIRCLE('',#4519,7.1);
#4519 = AXIS2_PLACEMENT_3D('',#4520,#4521,#4522);
#4520 = CARTESIAN_POINT('',(-1.885084321376,10.25,6.9));
#4521 = DIRECTION('',(0.,1.,0.));
#4522 = DIRECTION('',(-0.707106665647,0.,-0.707106896726));
#4523 = ORIENTED_EDGE('',*,*,#4524,.T.);
#4524 = EDGE_CURVE('',#4516,#1088,#4525,.T.);
#4525 = CIRCLE('',#4526,7.1);
#4526 = AXIS2_PLACEMENT_3D('',#4527,#4528,#4529);
#4527 = CARTESIAN_POINT('',(-1.885084321376,10.25,6.9));
#4528 = DIRECTION('',(0.,1.,0.));
#4529 = DIRECTION('',(-0.959505427056,0.,-0.281690140845));
#4530 = CYLINDRICAL_SURFACE('',#4531,7.1);
#4531 = AXIS2_PLACEMENT_3D('',#4532,#4533,#4534);
#4532 = CARTESIAN_POINT('',(-1.885084321376,-7.95,6.9));
#4533 = DIRECTION('',(0.,-1.,2.2E-16));
#4534 = DIRECTION('',(-1.,0.,0.));
#4535 = ADVANCED_FACE('',(#4536),#4555,.T.);
#4536 = FACE_BOUND('',#4537,.F.);
#4537 = EDGE_LOOP('',(#4538,#4539,#4540,#4548));
#4538 = ORIENTED_EDGE('',*,*,#1461,.T.);
#4539 = ORIENTED_EDGE('',*,*,#4489,.F.);
#4540 = ORIENTED_EDGE('',*,*,#4541,.F.);
#4541 = EDGE_CURVE('',#4542,#4480,#4544,.T.);
#4542 = VERTEX_POINT('',#4543);
#4543 = CARTESIAN_POINT('',(2.993036790187,128.95,2.020963209813));
#4544 = LINE('',#4545,#4546);
#4545 = CARTESIAN_POINT('',(2.993036790187,127.95,2.020963209813));
#4546 = VECTOR('',#4547,1.);
#4547 = DIRECTION('',(0.,1.,-4.4E-16));
#4548 = ORIENTED_EDGE('',*,*,#4549,.T.);
#4549 = EDGE_CURVE('',#4542,#1453,#4550,.T.);
#4550 = CIRCLE('',#4551,6.9);
#4551 = AXIS2_PLACEMENT_3D('',#4552,#4553,#4554);
#4552 = CARTESIAN_POINT('',(-1.886,128.95,6.9));
#4553 = DIRECTION('',(2.465190328816E-32,-1.,4.4E-16));
#4554 = DIRECTION('',(0.707106781187,-3.111269837221E-16,-0.707106781187
    ));
#4555 = CYLINDRICAL_SURFACE('',#4556,6.9);
#4556 = AXIS2_PLACEMENT_3D('',#4557,#4558,#4559);
#4557 = CARTESIAN_POINT('',(-1.886,127.95,6.9));
#4558 = DIRECTION('',(0.,-1.,4.4E-16));
#4559 = DIRECTION('',(-1.,0.,0.));
#4560 = ADVANCED_FACE('',(#4561),#4580,.F.);
#4561 = FACE_BOUND('',#4562,.F.);
#4562 = EDGE_LOOP('',(#4563,#4571,#4572,#4573));
#4563 = ORIENTED_EDGE('',*,*,#4564,.F.);
#4564 = EDGE_CURVE('',#4516,#4565,#4567,.T.);
#4565 = VERTEX_POINT('',#4566);
#4566 = CARTESIAN_POINT('',(-8.025919054537,10.95,5.097183098592));
#4567 = LINE('',#4568,#4569);
#4568 = CARTESIAN_POINT('',(-8.697572853476,10.25,4.9));
#4569 = VECTOR('',#4570,1.);
#4570 = DIRECTION('',(0.678472794057,0.707106781187,0.199185008785));
#4571 = ORIENTED_EDGE('',*,*,#4524,.T.);
#4572 = ORIENTED_EDGE('',*,*,#1095,.T.);
#4573 = ORIENTED_EDGE('',*,*,#4574,.F.);
#4574 = EDGE_CURVE('',#4565,#1096,#4575,.T.);
#4575 = CIRCLE('',#4576,6.4);
#4576 = AXIS2_PLACEMENT_3D('',#4577,#4578,#4579);
#4577 = CARTESIAN_POINT('',(-1.885084321376,10.95,6.9));
#4578 = DIRECTION('',(0.,1.,0.));
#4579 = DIRECTION('',(-0.959505427056,0.,-0.281690140845));
#4580 = CONICAL_SURFACE('',#4581,7.1,0.785398163397);
#4581 = AXIS2_PLACEMENT_3D('',#4582,#4583,#4584);
#4582 = CARTESIAN_POINT('',(-1.885084321376,10.25,6.9));
#4583 = DIRECTION('',(-0.,-1.,-0.));
#4584 = DIRECTION('',(-0.959505427056,0.,-0.281690140845));
#4585 = ADVANCED_FACE('',(#4586),#4605,.T.);
#4586 = FACE_BOUND('',#4587,.F.);
#4587 = EDGE_LOOP('',(#4588,#4596,#4603,#4604));
#4588 = ORIENTED_EDGE('',*,*,#4589,.F.);
#4589 = EDGE_CURVE('',#4590,#4542,#4592,.T.);
#4590 = VERTEX_POINT('',#4591);
#4591 = CARTESIAN_POINT('',(2.285930009001,127.95,2.728069990999));
#4592 = LINE('',#4593,#4594);
#4593 = CARTESIAN_POINT('',(2.639483399594,128.45,2.374516600406));
#4594 = VECTOR('',#4595,1.);
#4595 = DIRECTION('',(0.5,0.707106781187,-0.5));
#4596 = ORIENTED_EDGE('',*,*,#4597,.T.);
#4597 = EDGE_CURVE('',#4590,#1445,#4598,.T.);
#4598 = CIRCLE('',#4599,5.9);
#4599 = AXIS2_PLACEMENT_3D('',#4600,#4601,#4602);
#4600 = CARTESIAN_POINT('',(-1.886,127.95,6.9));
#4601 = DIRECTION('',(2.465190328816E-32,-1.,4.4E-16));
#4602 = DIRECTION('',(0.707106781187,-3.111269837221E-16,-0.707106781187
    ));
#4603 = ORIENTED_EDGE('',*,*,#1452,.T.);
#4604 = ORIENTED_EDGE('',*,*,#4549,.F.);
#4605 = CONICAL_SURFACE('',#4606,6.9,0.785398163397);
#4606 = AXIS2_PLACEMENT_3D('',#4607,#4608,#4609);
#4607 = CARTESIAN_POINT('',(-1.886,128.95,6.9));
#4608 = DIRECTION('',(0.,1.,-4.4E-16));
#4609 = DIRECTION('',(0.707106781187,-3.111269837221E-16,-0.707106781187
    ));
#4610 = ADVANCED_FACE('',(#4611,#4655),#4691,.F.);
#4611 = FACE_BOUND('',#4612,.T.);
#4612 = EDGE_LOOP('',(#4613,#4623,#4631,#4639,#4646,#4647,#4648));
#4613 = ORIENTED_EDGE('',*,*,#4614,.F.);
#4614 = EDGE_CURVE('',#4615,#4617,#4619,.T.);
#4615 = VERTEX_POINT('',#4616);
#4616 = CARTESIAN_POINT('',(-5.036050671379,10.95,1.));
#4617 = VERTEX_POINT('',#4618);
#4618 = CARTESIAN_POINT('',(-6.410566981517,10.95,2.374515860954));
#4619 = LINE('',#4620,#4621);
#4620 = CARTESIAN_POINT('',(-4.531025334047,10.95,0.494974827708));
#4621 = VECTOR('',#4622,1.);
#4622 = DIRECTION('',(-0.707106896726,0.,0.707106665647));
#4623 = ORIENTED_EDGE('',*,*,#4624,.F.);
#4624 = EDGE_CURVE('',#4625,#4615,#4627,.T.);
#4625 = VERTEX_POINT('',#4626);
#4626 = CARTESIAN_POINT('',(0.557860018001,10.95,1.));
#4627 = LINE('',#4628,#4629);
#4628 = CARTESIAN_POINT('',(-0.442139981999,10.95,1.));
#4629 = VECTOR('',#4630,1.);
#4630 = DIRECTION('',(-1.,-0.,-0.));
#4631 = ORIENTED_EDGE('',*,*,#4632,.F.);
#4632 = EDGE_CURVE('',#4633,#4625,#4635,.T.);
#4633 = VERTEX_POINT('',#4634);
#4634 = CARTESIAN_POINT('',(2.285930009001,10.95,2.728069990999));
#4635 = LINE('',#4636,#4637);
#4636 = CARTESIAN_POINT('',(2.285930009001,10.95,2.728069990999));
#4637 = VECTOR('',#4638,1.);
#4638 = DIRECTION('',(-0.707106781187,-0.,-0.707106781187));
#4639 = ORIENTED_EDGE('',*,*,#4640,.F.);
#4640 = EDGE_CURVE('',#1105,#4633,#4641,.T.);
#4641 = CIRCLE('',#4642,5.9);
#4642 = AXIS2_PLACEMENT_3D('',#4643,#4644,#4645);
#4643 = CARTESIAN_POINT('',(-1.886,10.95,6.9));
#4644 = DIRECTION('',(0.,1.,0.));
#4645 = DIRECTION('',(-0.999894974531,0.,-1.449275362319E-02));
#4646 = ORIENTED_EDGE('',*,*,#1104,.F.);
#4647 = ORIENTED_EDGE('',*,*,#4574,.F.);
#4648 = ORIENTED_EDGE('',*,*,#4649,.F.);
#4649 = EDGE_CURVE('',#4617,#4565,#4650,.T.);
#4650 = CIRCLE('',#4651,6.4);
#4651 = AXIS2_PLACEMENT_3D('',#4652,#4653,#4654);
#4652 = CARTESIAN_POINT('',(-1.885084321376,10.95,6.9));
#4653 = DIRECTION('',(0.,1.,0.));
#4654 = DIRECTION('',(-0.707106665647,0.,-0.707106896726));
#4655 = FACE_BOUND('',#4656,.T.);
#4656 = EDGE_LOOP('',(#4657,#4668,#4677,#4685));
#4657 = ORIENTED_EDGE('',*,*,#4658,.T.);
#4658 = EDGE_CURVE('',#4659,#4661,#4663,.T.);
#4659 = VERTEX_POINT('',#4660);
#4660 = CARTESIAN_POINT('',(-1.186,10.95,8.112435565298));
#4661 = VERTEX_POINT('',#4662);
#4662 = CARTESIAN_POINT('',(-3.286,10.95,6.9));
#4663 = CIRCLE('',#4664,1.4);
#4664 = AXIS2_PLACEMENT_3D('',#4665,#4666,#4667);
#4665 = CARTESIAN_POINT('',(-1.886,10.95,6.9));
#4666 = DIRECTION('',(0.,1.,-0.));
#4667 = DIRECTION('',(-1.,0.,0.));
#4668 = ORIENTED_EDGE('',*,*,#4669,.T.);
#4669 = EDGE_CURVE('',#4661,#4670,#4672,.T.);
#4670 = VERTEX_POINT('',#4671);
#4671 = CARTESIAN_POINT('',(-2.586,10.95,8.112435565298));
#4672 = CIRCLE('',#4673,1.4);
#4673 = AXIS2_PLACEMENT_3D('',#4674,#4675,#4676);
#4674 = CARTESIAN_POINT('',(-1.886,10.95,6.9));
#4675 = DIRECTION('',(0.,1.,-0.));
#4676 = DIRECTION('',(-1.,0.,0.));
#4677 = ORIENTED_EDGE('',*,*,#4678,.F.);
#4678 = EDGE_CURVE('',#4679,#4670,#4681,.T.);
#4679 = VERTEX_POINT('',#4680);
#4680 = CARTESIAN_POINT('',(-1.886,10.95,8.516580753731));
#4681 = LINE('',#4682,#4683);
#4682 = CARTESIAN_POINT('',(-1.886,10.95,8.516580753731));
#4683 = VECTOR('',#4684,1.);
#4684 = DIRECTION('',(-0.866025403784,-0.,-0.5));
#4685 = ORIENTED_EDGE('',*,*,#4686,.T.);
#4686 = EDGE_CURVE('',#4679,#4659,#4687,.T.);
#4687 = LINE('',#4688,#4689);
#4688 = CARTESIAN_POINT('',(-1.886,10.95,8.516580753731));
#4689 = VECTOR('',#4690,1.);
#4690 = DIRECTION('',(0.866025403784,0.,-0.5));
#4691 = PLANE('',#4692);
#4692 = AXIS2_PLACEMENT_3D('',#4693,#4694,#4695);
#4693 = CARTESIAN_POINT('',(-2.793238862052,10.95,5.97209345507));
#4694 = DIRECTION('',(0.,1.,0.));
#4695 = DIRECTION('',(0.,0.,-1.));
#4696 = ADVANCED_FACE('',(#4697,#4741),#4777,.T.);
#4697 = FACE_BOUND('',#4698,.T.);
#4698 = EDGE_LOOP('',(#4699,#4709,#4717,#4723,#4724,#4725,#4734));
#4699 = ORIENTED_EDGE('',*,*,#4700,.F.);
#4700 = EDGE_CURVE('',#4701,#4703,#4705,.T.);
#4701 = VERTEX_POINT('',#4702);
#4702 = CARTESIAN_POINT('',(-5.036050671379,127.95,1.));
#4703 = VERTEX_POINT('',#4704);
#4704 = CARTESIAN_POINT('',(-6.410566981517,127.95,2.374515860954));
#4705 = LINE('',#4706,#4707);
#4706 = CARTESIAN_POINT('',(-4.531025334047,127.95,0.494974827708));
#4707 = VECTOR('',#4708,1.);
#4708 = DIRECTION('',(-0.707106896726,3.1E-16,0.707106665647));
#4709 = ORIENTED_EDGE('',*,*,#4710,.T.);
#4710 = EDGE_CURVE('',#4701,#4711,#4713,.T.);
#4711 = VERTEX_POINT('',#4712);
#4712 = CARTESIAN_POINT('',(0.557860018001,127.95,1.));
#4713 = LINE('',#4714,#4715);
#4714 = CARTESIAN_POINT('',(-4.036050344584,127.95,1.));
#4715 = VECTOR('',#4716,1.);
#4716 = DIRECTION('',(1.,0.,-9.3E-16));
#4717 = ORIENTED_EDGE('',*,*,#4718,.T.);
#4718 = EDGE_CURVE('',#4711,#4590,#4719,.T.);
#4719 = LINE('',#4720,#4721);
#4720 = CARTESIAN_POINT('',(0.264966799188,127.95,0.707106781187));
#4721 = VECTOR('',#4722,1.);
#4722 = DIRECTION('',(0.707106781187,0.,0.707106781187));
#4723 = ORIENTED_EDGE('',*,*,#4597,.T.);
#4724 = ORIENTED_EDGE('',*,*,#1444,.F.);
#4725 = ORIENTED_EDGE('',*,*,#4726,.F.);
#4726 = EDGE_CURVE('',#4727,#1436,#4729,.T.);
#4727 = VERTEX_POINT('',#4728);
#4728 = CARTESIAN_POINT('',(-8.025919054537,127.95,5.097183098592));
#4729 = CIRCLE('',#4730,6.4);
#4730 = AXIS2_PLACEMENT_3D('',#4731,#4732,#4733);
#4731 = CARTESIAN_POINT('',(-1.885084321376,127.95,6.9));
#4732 = DIRECTION('',(0.,1.,-4.4E-16));
#4733 = DIRECTION('',(-0.959505427056,-1.239436619718E-16,
    -0.281690140845));
#4734 = ORIENTED_EDGE('',*,*,#4735,.F.);
#4735 = EDGE_CURVE('',#4703,#4727,#4736,.T.);
#4736 = CIRCLE('',#4737,6.4);
#4737 = AXIS2_PLACEMENT_3D('',#4738,#4739,#4740);
#4738 = CARTESIAN_POINT('',(-1.885084321376,127.95,6.9));
#4739 = DIRECTION('',(-2.465190328816E-32,1.,-4.4E-16));
#4740 = DIRECTION('',(-0.707106665647,-3.111270345594E-16,
    -0.707106896726));
#4741 = FACE_BOUND('',#4742,.T.);
#4742 = EDGE_LOOP('',(#4743,#4754,#4763,#4771));
#4743 = ORIENTED_EDGE('',*,*,#4744,.T.);
#4744 = EDGE_CURVE('',#4745,#4747,#4749,.T.);
#4745 = VERTEX_POINT('',#4746);
#4746 = CARTESIAN_POINT('',(-1.186,127.95,8.112435565298));
#4747 = VERTEX_POINT('',#4748);
#4748 = CARTESIAN_POINT('',(-3.286,127.95,6.9));
#4749 = CIRCLE('',#4750,1.4);
#4750 = AXIS2_PLACEMENT_3D('',#4751,#4752,#4753);
#4751 = CARTESIAN_POINT('',(-1.886,127.95,6.9));
#4752 = DIRECTION('',(0.,1.,-0.));
#4753 = DIRECTION('',(-1.,0.,-0.));
#4754 = ORIENTED_EDGE('',*,*,#4755,.T.);
#4755 = EDGE_CURVE('',#4747,#4756,#4758,.T.);
#4756 = VERTEX_POINT('',#4757);
#4757 = CARTESIAN_POINT('',(-2.586,127.95,8.112435565298));
#4758 = CIRCLE('',#4759,1.4);
#4759 = AXIS2_PLACEMENT_3D('',#4760,#4761,#4762);
#4760 = CARTESIAN_POINT('',(-1.886,127.95,6.9));
#4761 = DIRECTION('',(0.,1.,-0.));
#4762 = DIRECTION('',(-1.,0.,-0.));
#4763 = ORIENTED_EDGE('',*,*,#4764,.F.);
#4764 = EDGE_CURVE('',#4765,#4756,#4767,.T.);
#4765 = VERTEX_POINT('',#4766);
#4766 = CARTESIAN_POINT('',(-1.886,127.95,8.516580753731));
#4767 = LINE('',#4768,#4769);
#4768 = CARTESIAN_POINT('',(-2.777112233331,127.95,8.002096865939));
#4769 = VECTOR('',#4770,1.);
#4770 = DIRECTION('',(-0.866025403784,-2.2E-16,-0.5));
#4771 = ORIENTED_EDGE('',*,*,#4772,.T.);
#4772 = EDGE_CURVE('',#4765,#4745,#4773,.T.);
#4773 = LINE('',#4774,#4775);
#4774 = CARTESIAN_POINT('',(-1.675316913208,127.95,8.394942816858));
#4775 = VECTOR('',#4776,1.);
#4776 = DIRECTION('',(0.866025403784,-2.2E-16,-0.5));
#4777 = PLANE('',#4778);
#4778 = AXIS2_PLACEMENT_3D('',#4779,#4780,#4781);
#4779 = CARTESIAN_POINT('',(-2.793238862052,127.95,5.97209345507));
#4780 = DIRECTION('',(0.,-1.,4.4E-16));
#4781 = DIRECTION('',(0.,4.4E-16,1.));
#4782 = ADVANCED_FACE('',(#4783),#4802,.T.);
#4783 = FACE_BOUND('',#4784,.T.);
#4784 = EDGE_LOOP('',(#4785,#4786,#4787,#4795));
#4785 = ORIENTED_EDGE('',*,*,#1112,.F.);
#4786 = ORIENTED_EDGE('',*,*,#4640,.T.);
#4787 = ORIENTED_EDGE('',*,*,#4788,.T.);
#4788 = EDGE_CURVE('',#4633,#4789,#4791,.T.);
#4789 = VERTEX_POINT('',#4790);
#4790 = CARTESIAN_POINT('',(2.993036790187,11.95,2.020963209813));
#4791 = LINE('',#4792,#4793);
#4792 = CARTESIAN_POINT('',(2.993036790187,11.95,2.020963209813));
#4793 = VECTOR('',#4794,1.);
#4794 = DIRECTION('',(0.5,0.707106781187,-0.5));
#4795 = ORIENTED_EDGE('',*,*,#4796,.F.);
#4796 = EDGE_CURVE('',#1113,#4789,#4797,.T.);
#4797 = CIRCLE('',#4798,6.9);
#4798 = AXIS2_PLACEMENT_3D('',#4799,#4800,#4801);
#4799 = CARTESIAN_POINT('',(-1.886,11.95,6.9));
#4800 = DIRECTION('',(0.,1.,0.));
#4801 = DIRECTION('',(-0.999894974531,0.,-1.449275362319E-02));
#4802 = CONICAL_SURFACE('',#4803,6.9,0.785398163397);
#4803 = AXIS2_PLACEMENT_3D('',#4804,#4805,#4806);
#4804 = CARTESIAN_POINT('',(-1.886,11.95,6.9));
#4805 = DIRECTION('',(0.,1.,0.));
#4806 = DIRECTION('',(-0.999894974531,0.,-1.449275362319E-02));
#4807 = ADVANCED_FACE('',(#4808),#4827,.F.);
#4808 = FACE_BOUND('',#4809,.F.);
#4809 = EDGE_LOOP('',(#4810,#4818,#4825,#4826));
#4810 = ORIENTED_EDGE('',*,*,#4811,.F.);
#4811 = EDGE_CURVE('',#4812,#4727,#4814,.T.);
#4812 = VERTEX_POINT('',#4813);
#4813 = CARTESIAN_POINT('',(-8.697572853476,127.25,4.9));
#4814 = LINE('',#4815,#4816);
#4815 = CARTESIAN_POINT('',(-8.697572853476,127.25,4.9));
#4816 = VECTOR('',#4817,1.);
#4817 = DIRECTION('',(0.678472794057,0.707106781187,0.199185008785));
#4818 = ORIENTED_EDGE('',*,*,#4819,.T.);
#4819 = EDGE_CURVE('',#4812,#1428,#4820,.T.);
#4820 = CIRCLE('',#4821,7.1);
#4821 = AXIS2_PLACEMENT_3D('',#4822,#4823,#4824);
#4822 = CARTESIAN_POINT('',(-1.885084321376,127.25,6.9));
#4823 = DIRECTION('',(0.,1.,-4.4E-16));
#4824 = DIRECTION('',(-0.959505427056,-1.239436619718E-16,
    -0.281690140845));
#4825 = ORIENTED_EDGE('',*,*,#1435,.T.);
#4826 = ORIENTED_EDGE('',*,*,#4726,.F.);
#4827 = CONICAL_SURFACE('',#4828,7.1,0.785398163397);
#4828 = AXIS2_PLACEMENT_3D('',#4829,#4830,#4831);
#4829 = CARTESIAN_POINT('',(-1.885084321376,127.25,6.9));
#4830 = DIRECTION('',(0.,-1.,4.4E-16));
#4831 = DIRECTION('',(-0.959505427056,-1.239436619718E-16,
    -0.281690140845));
#4832 = ADVANCED_FACE('',(#4833),#4852,.T.);
#4833 = FACE_BOUND('',#4834,.T.);
#4834 = EDGE_LOOP('',(#4835,#4836,#4837,#4845));
#4835 = ORIENTED_EDGE('',*,*,#1121,.F.);
#4836 = ORIENTED_EDGE('',*,*,#4796,.T.);
#4837 = ORIENTED_EDGE('',*,*,#4838,.F.);
#4838 = EDGE_CURVE('',#4839,#4789,#4841,.T.);
#4839 = VERTEX_POINT('',#4840);
#4840 = CARTESIAN_POINT('',(2.993036790187,21.05,2.020963209813));
#4841 = LINE('',#4842,#4843);
#4842 = CARTESIAN_POINT('',(2.993036790187,32.95,2.020963209813));
#4843 = VECTOR('',#4844,1.);
#4844 = DIRECTION('',(0.,-1.,2.2E-16));
#4845 = ORIENTED_EDGE('',*,*,#4846,.F.);
#4846 = EDGE_CURVE('',#1122,#4839,#4847,.T.);
#4847 = CIRCLE('',#4848,6.9);
#4848 = AXIS2_PLACEMENT_3D('',#4849,#4850,#4851);
#4849 = CARTESIAN_POINT('',(-1.886,21.05,6.9));
#4850 = DIRECTION('',(0.,1.,0.));
#4851 = DIRECTION('',(-0.999894974531,0.,-1.449275362319E-02));
#4852 = CYLINDRICAL_SURFACE('',#4853,6.9);
#4853 = AXIS2_PLACEMENT_3D('',#4854,#4855,#4856);
#4854 = CARTESIAN_POINT('',(-1.886,32.95,6.9));
#4855 = DIRECTION('',(0.,1.,-2.2E-16));
#4856 = DIRECTION('',(-1.,0.,0.));
#4857 = ADVANCED_FACE('',(#4858),#4895,.F.);
#4858 = FACE_BOUND('',#4859,.T.);
#4859 = EDGE_LOOP('',(#4860,#4861,#4870,#4879,#4887,#4894));
#4860 = ORIENTED_EDGE('',*,*,#1427,.F.);
#4861 = ORIENTED_EDGE('',*,*,#4862,.F.);
#4862 = EDGE_CURVE('',#4863,#1419,#4865,.T.);
#4863 = VERTEX_POINT('',#4864);
#4864 = CARTESIAN_POINT('',(-8.697572853476,117.75,4.9));
#4865 = CIRCLE('',#4866,7.1);
#4866 = AXIS2_PLACEMENT_3D('',#4867,#4868,#4869);
#4867 = CARTESIAN_POINT('',(-1.885084321376,117.75,6.9));
#4868 = DIRECTION('',(0.,1.,-4.4E-16));
#4869 = DIRECTION('',(-0.959505427056,-1.239436619718E-16,
    -0.281690140845));
#4870 = ORIENTED_EDGE('',*,*,#4871,.F.);
#4871 = EDGE_CURVE('',#4872,#4863,#4874,.T.);
#4872 = VERTEX_POINT('',#4873);
#4873 = CARTESIAN_POINT('',(-6.90554164747,117.75,1.879541033246));
#4874 = CIRCLE('',#4875,7.1);
#4875 = AXIS2_PLACEMENT_3D('',#4876,#4877,#4878);
#4876 = CARTESIAN_POINT('',(-1.885084321376,117.75,6.9));
#4877 = DIRECTION('',(-2.465190328816E-32,1.,-4.4E-16));
#4878 = DIRECTION('',(-0.707106665647,-3.111270345594E-16,
    -0.707106896726));
#4879 = ORIENTED_EDGE('',*,*,#4880,.T.);
#4880 = EDGE_CURVE('',#4872,#4881,#4883,.T.);
#4881 = VERTEX_POINT('',#4882);
#4882 = CARTESIAN_POINT('',(-6.90554164747,127.25,1.879541033246));
#4883 = LINE('',#4884,#4885);
#4884 = CARTESIAN_POINT('',(-6.90554164747,117.05,1.879541033246));
#4885 = VECTOR('',#4886,1.);
#4886 = DIRECTION('',(0.,1.,-4.4E-16));
#4887 = ORIENTED_EDGE('',*,*,#4888,.T.);
#4888 = EDGE_CURVE('',#4881,#4812,#4889,.T.);
#4889 = CIRCLE('',#4890,7.1);
#4890 = AXIS2_PLACEMENT_3D('',#4891,#4892,#4893);
#4891 = CARTESIAN_POINT('',(-1.885084321376,127.25,6.9));
#4892 = DIRECTION('',(-2.465190328816E-32,1.,-4.4E-16));
#4893 = DIRECTION('',(-0.707106665647,-3.111270345594E-16,
    -0.707106896726));
#4894 = ORIENTED_EDGE('',*,*,#4819,.T.);
#4895 = CYLINDRICAL_SURFACE('',#4896,7.1);
#4896 = AXIS2_PLACEMENT_3D('',#4897,#4898,#4899);
#4897 = CARTESIAN_POINT('',(-1.885084321376,117.05,6.9));
#4898 = DIRECTION('',(0.,-1.,2.2E-16));
#4899 = DIRECTION('',(-1.,0.,0.));
#4900 = ADVANCED_FACE('',(#4901),#4920,.T.);
#4901 = FACE_BOUND('',#4902,.T.);
#4902 = EDGE_LOOP('',(#4903,#4904,#4905,#4913));
#4903 = ORIENTED_EDGE('',*,*,#1129,.F.);
#4904 = ORIENTED_EDGE('',*,*,#4846,.T.);
#4905 = ORIENTED_EDGE('',*,*,#4906,.T.);
#4906 = EDGE_CURVE('',#4839,#4907,#4909,.T.);
#4907 = VERTEX_POINT('',#4908);
#4908 = CARTESIAN_POINT('',(2.285930009001,22.05,2.728069990999));
#4909 = LINE('',#4910,#4911);
#4910 = CARTESIAN_POINT('',(2.993036790187,21.05,2.020963209813));
#4911 = VECTOR('',#4912,1.);
#4912 = DIRECTION('',(-0.5,0.707106781187,0.5));
#4913 = ORIENTED_EDGE('',*,*,#4914,.F.);
#4914 = EDGE_CURVE('',#1130,#4907,#4915,.T.);
#4915 = CIRCLE('',#4916,5.9);
#4916 = AXIS2_PLACEMENT_3D('',#4917,#4918,#4919);
#4917 = CARTESIAN_POINT('',(-1.886,22.05,6.9));
#4918 = DIRECTION('',(0.,1.,0.));
#4919 = DIRECTION('',(-0.999894974531,0.,-1.449275362319E-02));
#4920 = CONICAL_SURFACE('',#4921,6.9,0.785398163397);
#4921 = AXIS2_PLACEMENT_3D('',#4922,#4923,#4924);
#4922 = CARTESIAN_POINT('',(-1.886,21.05,6.9));
#4923 = DIRECTION('',(-0.,-1.,-0.));
#4924 = DIRECTION('',(-0.999894974531,0.,-1.449275362319E-02));
#4925 = ADVANCED_FACE('',(#4926),#4945,.F.);
#4926 = FACE_BOUND('',#4927,.F.);
#4927 = EDGE_LOOP('',(#4928,#4936,#4943,#4944));
#4928 = ORIENTED_EDGE('',*,*,#4929,.F.);
#4929 = EDGE_CURVE('',#4930,#4863,#4932,.T.);
#4930 = VERTEX_POINT('',#4931);
#4931 = CARTESIAN_POINT('',(-8.025919054537,117.05,5.097183098592));
#4932 = LINE('',#4933,#4934);
#4933 = CARTESIAN_POINT('',(-8.697572853476,117.75,4.9));
#4934 = VECTOR('',#4935,1.);
#4935 = DIRECTION('',(-0.678472794057,0.707106781187,-0.199185008785));
#4936 = ORIENTED_EDGE('',*,*,#4937,.T.);
#4937 = EDGE_CURVE('',#4930,#1411,#4938,.T.);
#4938 = CIRCLE('',#4939,6.4);
#4939 = AXIS2_PLACEMENT_3D('',#4940,#4941,#4942);
#4940 = CARTESIAN_POINT('',(-1.885084321376,117.05,6.9));
#4941 = DIRECTION('',(0.,1.,-4.4E-16));
#4942 = DIRECTION('',(-0.959505427056,-1.239436619718E-16,
    -0.281690140845));
#4943 = ORIENTED_EDGE('',*,*,#1418,.T.);
#4944 = ORIENTED_EDGE('',*,*,#4862,.F.);
#4945 = CONICAL_SURFACE('',#4946,7.1,0.785398163397);
#4946 = AXIS2_PLACEMENT_3D('',#4947,#4948,#4949);
#4947 = CARTESIAN_POINT('',(-1.885084321376,117.75,6.9));
#4948 = DIRECTION('',(0.,1.,-4.4E-16));
#4949 = DIRECTION('',(-0.959505427056,-1.239436619718E-16,
    -0.281690140845));
#4950 = ADVANCED_FACE('',(#4951,#4995),#5031,.T.);
#4951 = FACE_BOUND('',#4952,.F.);
#4952 = EDGE_LOOP('',(#4953,#4963,#4971,#4977,#4978,#4979,#4988));
#4953 = ORIENTED_EDGE('',*,*,#4954,.F.);
#4954 = EDGE_CURVE('',#4955,#4957,#4959,.T.);
#4955 = VERTEX_POINT('',#4956);
#4956 = CARTESIAN_POINT('',(-5.036050671379,22.05,1.));
#4957 = VERTEX_POINT('',#4958);
#4958 = CARTESIAN_POINT('',(-6.410566981517,22.05,2.374515860954));
#4959 = LINE('',#4960,#4961);
#4960 = CARTESIAN_POINT('',(-4.531025334047,22.05,0.494974827708));
#4961 = VECTOR('',#4962,1.);
#4962 = DIRECTION('',(-0.707106896726,0.,0.707106665647));
#4963 = ORIENTED_EDGE('',*,*,#4964,.F.);
#4964 = EDGE_CURVE('',#4965,#4955,#4967,.T.);
#4965 = VERTEX_POINT('',#4966);
#4966 = CARTESIAN_POINT('',(0.557860018001,22.05,1.));
#4967 = LINE('',#4968,#4969);
#4968 = CARTESIAN_POINT('',(-0.442139981999,22.05,1.));
#4969 = VECTOR('',#4970,1.);
#4970 = DIRECTION('',(-1.,-0.,-0.));
#4971 = ORIENTED_EDGE('',*,*,#4972,.F.);
#4972 = EDGE_CURVE('',#4907,#4965,#4973,.T.);
#4973 = LINE('',#4974,#4975);
#4974 = CARTESIAN_POINT('',(2.285930009001,22.05,2.728069990999));
#4975 = VECTOR('',#4976,1.);
#4976 = DIRECTION('',(-0.707106781187,-0.,-0.707106781187));
#4977 = ORIENTED_EDGE('',*,*,#4914,.F.);
#4978 = ORIENTED_EDGE('',*,*,#1138,.F.);
#4979 = ORIENTED_EDGE('',*,*,#4980,.F.);
#4980 = EDGE_CURVE('',#4981,#1139,#4983,.T.);
#4981 = VERTEX_POINT('',#4982);
#4982 = CARTESIAN_POINT('',(-8.025919054537,22.05,5.097183098592));
#4983 = CIRCLE('',#4984,6.4);
#4984 = AXIS2_PLACEMENT_3D('',#4985,#4986,#4987);
#4985 = CARTESIAN_POINT('',(-1.885084321376,22.05,6.9));
#4986 = DIRECTION('',(0.,1.,0.));
#4987 = DIRECTION('',(-0.959505427056,0.,-0.281690140845));
#4988 = ORIENTED_EDGE('',*,*,#4989,.F.);
#4989 = EDGE_CURVE('',#4957,#4981,#4990,.T.);
#4990 = CIRCLE('',#4991,6.4);
#4991 = AXIS2_PLACEMENT_3D('',#4992,#4993,#4994);
#4992 = CARTESIAN_POINT('',(-1.885084321376,22.05,6.9));
#4993 = DIRECTION('',(0.,1.,0.));
#4994 = DIRECTION('',(-0.707106665647,0.,-0.707106896726));
#4995 = FACE_BOUND('',#4996,.F.);
#4996 = EDGE_LOOP('',(#4997,#5008,#5017,#5025));
#4997 = ORIENTED_EDGE('',*,*,#4998,.T.);
#4998 = EDGE_CURVE('',#4999,#5001,#5003,.T.);
#4999 = VERTEX_POINT('',#5000);
#5000 = CARTESIAN_POINT('',(-1.186,22.05,8.112435565298));
#5001 = VERTEX_POINT('',#5002);
#5002 = CARTESIAN_POINT('',(-3.286,22.05,6.9));
#5003 = CIRCLE('',#5004,1.4);
#5004 = AXIS2_PLACEMENT_3D('',#5005,#5006,#5007);
#5005 = CARTESIAN_POINT('',(-1.886,22.05,6.9));
#5006 = DIRECTION('',(0.,1.,-0.));
#5007 = DIRECTION('',(-1.,0.,0.));
#5008 = ORIENTED_EDGE('',*,*,#5009,.T.);
#5009 = EDGE_CURVE('',#5001,#5010,#5012,.T.);
#5010 = VERTEX_POINT('',#5011);
#5011 = CARTESIAN_POINT('',(-2.586,22.05,8.112435565298));
#5012 = CIRCLE('',#5013,1.4);
#5013 = AXIS2_PLACEMENT_3D('',#5014,#5015,#5016);
#5014 = CARTESIAN_POINT('',(-1.886,22.05,6.9));
#5015 = DIRECTION('',(0.,1.,-0.));
#5016 = DIRECTION('',(-1.,0.,0.));
#5017 = ORIENTED_EDGE('',*,*,#5018,.F.);
#5018 = EDGE_CURVE('',#5019,#5010,#5021,.T.);
#5019 = VERTEX_POINT('',#5020);
#5020 = CARTESIAN_POINT('',(-1.886,22.05,8.516580753731));
#5021 = LINE('',#5022,#5023);
#5022 = CARTESIAN_POINT('',(-2.777112233331,22.05,8.002096865939));
#5023 = VECTOR('',#5024,1.);
#5024 = DIRECTION('',(-0.866025403784,0.,-0.5));
#5025 = ORIENTED_EDGE('',*,*,#5026,.T.);
#5026 = EDGE_CURVE('',#5019,#4999,#5027,.T.);
#5027 = LINE('',#5028,#5029);
#5028 = CARTESIAN_POINT('',(-1.675316913208,22.05,8.394942816858));
#5029 = VECTOR('',#5030,1.);
#5030 = DIRECTION('',(0.866025403784,0.,-0.5));
#5031 = PLANE('',#5032);
#5032 = AXIS2_PLACEMENT_3D('',#5033,#5034,#5035);
#5033 = CARTESIAN_POINT('',(-2.793238862052,22.05,5.97209345507));
#5034 = DIRECTION('',(0.,1.,0.));
#5035 = DIRECTION('',(0.,0.,-1.));
#5036 = ADVANCED_FACE('',(#5037,#5081),#5117,.F.);
#5037 = FACE_BOUND('',#5038,.F.);
#5038 = EDGE_LOOP('',(#5039,#5049,#5057,#5065,#5072,#5073,#5074));
#5039 = ORIENTED_EDGE('',*,*,#5040,.F.);
#5040 = EDGE_CURVE('',#5041,#5043,#5045,.T.);
#5041 = VERTEX_POINT('',#5042);
#5042 = CARTESIAN_POINT('',(-5.036050671379,117.05,1.));
#5043 = VERTEX_POINT('',#5044);
#5044 = CARTESIAN_POINT('',(-6.410566981517,117.05,2.374515860954));
#5045 = LINE('',#5046,#5047);
#5046 = CARTESIAN_POINT('',(-4.531025334047,117.05,0.494974827708));
#5047 = VECTOR('',#5048,1.);
#5048 = DIRECTION('',(-0.707106896726,3.1E-16,0.707106665647));
#5049 = ORIENTED_EDGE('',*,*,#5050,.F.);
#5050 = EDGE_CURVE('',#5051,#5041,#5053,.T.);
#5051 = VERTEX_POINT('',#5052);
#5052 = CARTESIAN_POINT('',(0.557860018001,117.05,1.));
#5053 = LINE('',#5054,#5055);
#5054 = CARTESIAN_POINT('',(-0.442139981999,117.05,1.));
#5055 = VECTOR('',#5056,1.);
#5056 = DIRECTION('',(-1.,-0.,-0.));
#5057 = ORIENTED_EDGE('',*,*,#5058,.F.);
#5058 = EDGE_CURVE('',#5059,#5051,#5061,.T.);
#5059 = VERTEX_POINT('',#5060);
#5060 = CARTESIAN_POINT('',(2.285930009001,117.05,2.728069990999));
#5061 = LINE('',#5062,#5063);
#5062 = CARTESIAN_POINT('',(2.285930009001,117.05,2.728069990999));
#5063 = VECTOR('',#5064,1.);
#5064 = DIRECTION('',(-0.707106781187,-3.1E-16,-0.707106781187));
#5065 = ORIENTED_EDGE('',*,*,#5066,.F.);
#5066 = EDGE_CURVE('',#1402,#5059,#5067,.T.);
#5067 = CIRCLE('',#5068,5.9);
#5068 = AXIS2_PLACEMENT_3D('',#5069,#5070,#5071);
#5069 = CARTESIAN_POINT('',(-1.886,117.05,6.9));
#5070 = DIRECTION('',(0.,1.,-4.4E-16));
#5071 = DIRECTION('',(-0.999894974531,-6.376811594203E-18,
    -1.449275362319E-02));
#5072 = ORIENTED_EDGE('',*,*,#1410,.F.);
#5073 = ORIENTED_EDGE('',*,*,#4937,.F.);
#5074 = ORIENTED_EDGE('',*,*,#5075,.F.);
#5075 = EDGE_CURVE('',#5043,#4930,#5076,.T.);
#5076 = CIRCLE('',#5077,6.4);
#5077 = AXIS2_PLACEMENT_3D('',#5078,#5079,#5080);
#5078 = CARTESIAN_POINT('',(-1.885084321376,117.05,6.9));
#5079 = DIRECTION('',(-2.465190328816E-32,1.,-4.4E-16));
#5080 = DIRECTION('',(-0.707106665647,-3.111270345594E-16,
    -0.707106896726));
#5081 = FACE_BOUND('',#5082,.F.);
#5082 = EDGE_LOOP('',(#5083,#5094,#5103,#5111));
#5083 = ORIENTED_EDGE('',*,*,#5084,.T.);
#5084 = EDGE_CURVE('',#5085,#5087,#5089,.T.);
#5085 = VERTEX_POINT('',#5086);
#5086 = CARTESIAN_POINT('',(-1.186,117.05,8.112435565298));
#5087 = VERTEX_POINT('',#5088);
#5088 = CARTESIAN_POINT('',(-3.286,117.05,6.9));
#5089 = CIRCLE('',#5090,1.4);
#5090 = AXIS2_PLACEMENT_3D('',#5091,#5092,#5093);
#5091 = CARTESIAN_POINT('',(-1.886,117.05,6.9));
#5092 = DIRECTION('',(0.,1.,-4.4E-16));
#5093 = DIRECTION('',(-1.,0.,0.));
#5094 = ORIENTED_EDGE('',*,*,#5095,.T.);
#5095 = EDGE_CURVE('',#5087,#5096,#5098,.T.);
#5096 = VERTEX_POINT('',#5097);
#5097 = CARTESIAN_POINT('',(-2.586,117.05,8.112435565298));
#5098 = CIRCLE('',#5099,1.4);
#5099 = AXIS2_PLACEMENT_3D('',#5100,#5101,#5102);
#5100 = CARTESIAN_POINT('',(-1.886,117.05,6.9));
#5101 = DIRECTION('',(0.,1.,-4.4E-16));
#5102 = DIRECTION('',(-1.,0.,0.));
#5103 = ORIENTED_EDGE('',*,*,#5104,.F.);
#5104 = EDGE_CURVE('',#5105,#5096,#5107,.T.);
#5105 = VERTEX_POINT('',#5106);
#5106 = CARTESIAN_POINT('',(-1.886,117.05,8.516580753731));
#5107 = LINE('',#5108,#5109);
#5108 = CARTESIAN_POINT('',(-2.777112233331,117.05,8.002096865939));
#5109 = VECTOR('',#5110,1.);
#5110 = DIRECTION('',(-0.866025403784,-2.2E-16,-0.5));
#5111 = ORIENTED_EDGE('',*,*,#5112,.T.);
#5112 = EDGE_CURVE('',#5105,#5085,#5113,.T.);
#5113 = LINE('',#5114,#5115);
#5114 = CARTESIAN_POINT('',(-1.675316913208,117.05,8.394942816858));
#5115 = VECTOR('',#5116,1.);
#5116 = DIRECTION('',(0.866025403784,-2.2E-16,-0.5));
#5117 = PLANE('',#5118);
#5118 = AXIS2_PLACEMENT_3D('',#5119,#5120,#5121);
#5119 = CARTESIAN_POINT('',(-2.793238862052,117.05,5.97209345507));
#5120 = DIRECTION('',(0.,-1.,4.4E-16));
#5121 = DIRECTION('',(0.,4.4E-16,1.));
#5122 = ADVANCED_FACE('',(#5123),#5142,.F.);
#5123 = FACE_BOUND('',#5124,.F.);
#5124 = EDGE_LOOP('',(#5125,#5133,#5134,#5135));
#5125 = ORIENTED_EDGE('',*,*,#5126,.F.);
#5126 = EDGE_CURVE('',#4981,#5127,#5129,.T.);
#5127 = VERTEX_POINT('',#5128);
#5128 = CARTESIAN_POINT('',(-8.697572853476,22.75,4.9));
#5129 = LINE('',#5130,#5131);
#5130 = CARTESIAN_POINT('',(-8.697572853476,22.75,4.9));
#5131 = VECTOR('',#5132,1.);
#5132 = DIRECTION('',(-0.678472794057,0.707106781187,-0.199185008785));
#5133 = ORIENTED_EDGE('',*,*,#4980,.T.);
#5134 = ORIENTED_EDGE('',*,*,#1146,.T.);
#5135 = ORIENTED_EDGE('',*,*,#5136,.F.);
#5136 = EDGE_CURVE('',#5127,#1147,#5137,.T.);
#5137 = CIRCLE('',#5138,7.1);
#5138 = AXIS2_PLACEMENT_3D('',#5139,#5140,#5141);
#5139 = CARTESIAN_POINT('',(-1.885084321376,22.75,6.9));
#5140 = DIRECTION('',(0.,1.,0.));
#5141 = DIRECTION('',(-0.959505427056,0.,-0.281690140845));
#5142 = CONICAL_SURFACE('',#5143,7.1,0.785398163397);
#5143 = AXIS2_PLACEMENT_3D('',#5144,#5145,#5146);
#5144 = CARTESIAN_POINT('',(-1.885084321376,22.75,6.9));
#5145 = DIRECTION('',(0.,1.,0.));
#5146 = DIRECTION('',(-0.959505427056,0.,-0.281690140845));
#5147 = ADVANCED_FACE('',(#5148),#5167,.T.);
#5148 = FACE_BOUND('',#5149,.T.);
#5149 = EDGE_LOOP('',(#5150,#5151,#5160,#5166));
#5150 = ORIENTED_EDGE('',*,*,#1401,.F.);
#5151 = ORIENTED_EDGE('',*,*,#5152,.T.);
#5152 = EDGE_CURVE('',#1394,#5153,#5155,.T.);
#5153 = VERTEX_POINT('',#5154);
#5154 = CARTESIAN_POINT('',(2.993036790187,116.05,2.020963209813));
#5155 = CIRCLE('',#5156,6.9);
#5156 = AXIS2_PLACEMENT_3D('',#5157,#5158,#5159);
#5157 = CARTESIAN_POINT('',(-1.886,116.05,6.9));
#5158 = DIRECTION('',(0.,1.,-4.4E-16));
#5159 = DIRECTION('',(-0.999894974531,-6.376811594203E-18,
    -1.449275362319E-02));
#5160 = ORIENTED_EDGE('',*,*,#5161,.T.);
#5161 = EDGE_CURVE('',#5153,#5059,#5162,.T.);
#5162 = LINE('',#5163,#5164);
#5163 = CARTESIAN_POINT('',(2.993036790187,116.05,2.020963209813));
#5164 = VECTOR('',#5165,1.);
#5165 = DIRECTION('',(-0.5,0.707106781187,0.5));
#5166 = ORIENTED_EDGE('',*,*,#5066,.F.);
#5167 = CONICAL_SURFACE('',#5168,6.9,0.785398163397);
#5168 = AXIS2_PLACEMENT_3D('',#5169,#5170,#5171);
#5169 = CARTESIAN_POINT('',(-1.886,116.05,6.9));
#5170 = DIRECTION('',(0.,-1.,4.4E-16));
#5171 = DIRECTION('',(-0.999894974531,-6.376811594203E-18,
    -1.449275362319E-02));
#5172 = ADVANCED_FACE('',(#5173),#5210,.F.);
#5173 = FACE_BOUND('',#5174,.F.);
#5174 = EDGE_LOOP('',(#5175,#5176,#5185,#5194,#5202,#5209));
#5175 = ORIENTED_EDGE('',*,*,#1155,.F.);
#5176 = ORIENTED_EDGE('',*,*,#5177,.F.);
#5177 = EDGE_CURVE('',#5178,#1156,#5180,.T.);
#5178 = VERTEX_POINT('',#5179);
#5179 = CARTESIAN_POINT('',(-8.697572853476,32.25,4.9));
#5180 = CIRCLE('',#5181,7.1);
#5181 = AXIS2_PLACEMENT_3D('',#5182,#5183,#5184);
#5182 = CARTESIAN_POINT('',(-1.885084321376,32.25,6.9));
#5183 = DIRECTION('',(0.,1.,0.));
#5184 = DIRECTION('',(-0.959505427056,0.,-0.281690140845));
#5185 = ORIENTED_EDGE('',*,*,#5186,.F.);
#5186 = EDGE_CURVE('',#5187,#5178,#5189,.T.);
#5187 = VERTEX_POINT('',#5188);
#5188 = CARTESIAN_POINT('',(-6.90554164747,32.25,1.879541033246));
#5189 = CIRCLE('',#5190,7.1);
#5190 = AXIS2_PLACEMENT_3D('',#5191,#5192,#5193);
#5191 = CARTESIAN_POINT('',(-1.885084321376,32.25,6.9));
#5192 = DIRECTION('',(0.,1.,0.));
#5193 = DIRECTION('',(-0.707106665647,0.,-0.707106896726));
#5194 = ORIENTED_EDGE('',*,*,#5195,.F.);
#5195 = EDGE_CURVE('',#5196,#5187,#5198,.T.);
#5196 = VERTEX_POINT('',#5197);
#5197 = CARTESIAN_POINT('',(-6.90554164747,22.75,1.879541033246));
#5198 = LINE('',#5199,#5200);
#5199 = CARTESIAN_POINT('',(-6.90554164747,4.2E-16,1.879541033246));
#5200 = VECTOR('',#5201,1.);
#5201 = DIRECTION('',(0.,1.,-2.2E-16));
#5202 = ORIENTED_EDGE('',*,*,#5203,.T.);
#5203 = EDGE_CURVE('',#5196,#5127,#5204,.T.);
#5204 = CIRCLE('',#5205,7.1);
#5205 = AXIS2_PLACEMENT_3D('',#5206,#5207,#5208);
#5206 = CARTESIAN_POINT('',(-1.885084321376,22.75,6.9));
#5207 = DIRECTION('',(0.,1.,0.));
#5208 = DIRECTION('',(-0.707106665647,0.,-0.707106896726));
#5209 = ORIENTED_EDGE('',*,*,#5136,.T.);
#5210 = CYLINDRICAL_SURFACE('',#5211,7.1);
#5211 = AXIS2_PLACEMENT_3D('',#5212,#5213,#5214);
#5212 = CARTESIAN_POINT('',(-1.885084321376,32.95,6.9));
#5213 = DIRECTION('',(0.,1.,-2.2E-16));
#5214 = DIRECTION('',(-1.,0.,0.));
#5215 = ADVANCED_FACE('',(#5216),#5235,.T.);
#5216 = FACE_BOUND('',#5217,.F.);
#5217 = EDGE_LOOP('',(#5218,#5219,#5220,#5228));
#5218 = ORIENTED_EDGE('',*,*,#1393,.T.);
#5219 = ORIENTED_EDGE('',*,*,#5152,.T.);
#5220 = ORIENTED_EDGE('',*,*,#5221,.F.);
#5221 = EDGE_CURVE('',#5222,#5153,#5224,.T.);
#5222 = VERTEX_POINT('',#5223);
#5223 = CARTESIAN_POINT('',(2.993036790187,106.95,2.020963209813));
#5224 = LINE('',#5225,#5226);
#5225 = CARTESIAN_POINT('',(2.993036790187,105.95,2.020963209813));
#5226 = VECTOR('',#5227,1.);
#5227 = DIRECTION('',(0.,1.,-4.4E-16));
#5228 = ORIENTED_EDGE('',*,*,#5229,.F.);
#5229 = EDGE_CURVE('',#1385,#5222,#5230,.T.);
#5230 = CIRCLE('',#5231,6.9);
#5231 = AXIS2_PLACEMENT_3D('',#5232,#5233,#5234);
#5232 = CARTESIAN_POINT('',(-1.886,106.95,6.9));
#5233 = DIRECTION('',(3.5E-15,1.,2.8E-15));
#5234 = DIRECTION('',(-0.999894974531,3.540212121004E-15,
    -1.449275362319E-02));
#5235 = CYLINDRICAL_SURFACE('',#5236,6.9);
#5236 = AXIS2_PLACEMENT_3D('',#5237,#5238,#5239);
#5237 = CARTESIAN_POINT('',(-1.886,105.95,6.9));
#5238 = DIRECTION('',(0.,-1.,4.4E-16));
#5239 = DIRECTION('',(-1.,0.,0.));
#5240 = ADVANCED_FACE('',(#5241),#5260,.F.);
#5241 = FACE_BOUND('',#5242,.F.);
#5242 = EDGE_LOOP('',(#5243,#5251,#5252,#5253));
#5243 = ORIENTED_EDGE('',*,*,#5244,.F.);
#5244 = EDGE_CURVE('',#5178,#5245,#5247,.T.);
#5245 = VERTEX_POINT('',#5246);
#5246 = CARTESIAN_POINT('',(-8.025919054537,32.95,5.097183098592));
#5247 = LINE('',#5248,#5249);
#5248 = CARTESIAN_POINT('',(-8.697572853476,32.25,4.9));
#5249 = VECTOR('',#5250,1.);
#5250 = DIRECTION('',(0.678472794057,0.707106781187,0.199185008785));
#5251 = ORIENTED_EDGE('',*,*,#5177,.T.);
#5252 = ORIENTED_EDGE('',*,*,#1163,.T.);
#5253 = ORIENTED_EDGE('',*,*,#5254,.F.);
#5254 = EDGE_CURVE('',#5245,#1164,#5255,.T.);
#5255 = CIRCLE('',#5256,6.4);
#5256 = AXIS2_PLACEMENT_3D('',#5257,#5258,#5259);
#5257 = CARTESIAN_POINT('',(-1.885084321376,32.95,6.9));
#5258 = DIRECTION('',(0.,1.,0.));
#5259 = DIRECTION('',(-0.959505427056,0.,-0.281690140845));
#5260 = CONICAL_SURFACE('',#5261,7.1,0.785398163397);
#5261 = AXIS2_PLACEMENT_3D('',#5262,#5263,#5264);
#5262 = CARTESIAN_POINT('',(-1.885084321376,32.25,6.9));
#5263 = DIRECTION('',(-0.,-1.,-0.));
#5264 = DIRECTION('',(-0.959505427056,0.,-0.281690140845));
#5265 = ADVANCED_FACE('',(#5266),#5285,.T.);
#5266 = FACE_BOUND('',#5267,.T.);
#5267 = EDGE_LOOP('',(#5268,#5269,#5278,#5284));
#5268 = ORIENTED_EDGE('',*,*,#1384,.F.);
#5269 = ORIENTED_EDGE('',*,*,#5270,.T.);
#5270 = EDGE_CURVE('',#1377,#5271,#5273,.T.);
#5271 = VERTEX_POINT('',#5272);
#5272 = CARTESIAN_POINT('',(2.285930009001,105.95,2.728069990999));
#5273 = CIRCLE('',#5274,5.9);
#5274 = AXIS2_PLACEMENT_3D('',#5275,#5276,#5277);
#5275 = CARTESIAN_POINT('',(-1.886,105.95,6.9));
#5276 = DIRECTION('',(3.5E-15,1.,2.8E-15));
#5277 = DIRECTION('',(-0.999894974531,3.540212121004E-15,
    -1.449275362319E-02));
#5278 = ORIENTED_EDGE('',*,*,#5279,.T.);
#5279 = EDGE_CURVE('',#5271,#5222,#5280,.T.);
#5280 = LINE('',#5281,#5282);
#5281 = CARTESIAN_POINT('',(2.993036790187,106.95,2.020963209813));
#5282 = VECTOR('',#5283,1.);
#5283 = DIRECTION('',(0.5,0.707106781187,-0.5));
#5284 = ORIENTED_EDGE('',*,*,#5229,.F.);
#5285 = CONICAL_SURFACE('',#5286,6.9,0.785398163397);
#5286 = AXIS2_PLACEMENT_3D('',#5287,#5288,#5289);
#5287 = CARTESIAN_POINT('',(-1.886,106.95,6.9));
#5288 = DIRECTION('',(3.5E-15,1.,2.8E-15));
#5289 = DIRECTION('',(-0.999894974531,3.540212121004E-15,
    -1.449275362319E-02));
#5290 = ADVANCED_FACE('',(#5291,#5335),#5371,.F.);
#5291 = FACE_BOUND('',#5292,.T.);
#5292 = EDGE_LOOP('',(#5293,#5303,#5311,#5319,#5326,#5327,#5328));
#5293 = ORIENTED_EDGE('',*,*,#5294,.F.);
#5294 = EDGE_CURVE('',#5295,#5297,#5299,.T.);
#5295 = VERTEX_POINT('',#5296);
#5296 = CARTESIAN_POINT('',(-5.036050671379,32.95,1.));
#5297 = VERTEX_POINT('',#5298);
#5298 = CARTESIAN_POINT('',(-6.410566981517,32.95,2.374515860954));
#5299 = LINE('',#5300,#5301);
#5300 = CARTESIAN_POINT('',(-4.531025334047,32.95,0.494974827708));
#5301 = VECTOR('',#5302,1.);
#5302 = DIRECTION('',(-0.707106896726,0.,0.707106665647));
#5303 = ORIENTED_EDGE('',*,*,#5304,.F.);
#5304 = EDGE_CURVE('',#5305,#5295,#5307,.T.);
#5305 = VERTEX_POINT('',#5306);
#5306 = CARTESIAN_POINT('',(0.557860018001,32.95,1.));
#5307 = LINE('',#5308,#5309);
#5308 = CARTESIAN_POINT('',(-0.442139981999,32.95,1.));
#5309 = VECTOR('',#5310,1.);
#5310 = DIRECTION('',(-1.,-0.,-0.));
#5311 = ORIENTED_EDGE('',*,*,#5312,.F.);
#5312 = EDGE_CURVE('',#5313,#5305,#5315,.T.);
#5313 = VERTEX_POINT('',#5314);
#5314 = CARTESIAN_POINT('',(2.285930009001,32.95,2.728069990999));
#5315 = LINE('',#5316,#5317);
#5316 = CARTESIAN_POINT('',(2.285930009001,32.95,2.728069990999));
#5317 = VECTOR('',#5318,1.);
#5318 = DIRECTION('',(-0.707106781187,-0.,-0.707106781187));
#5319 = ORIENTED_EDGE('',*,*,#5320,.F.);
#5320 = EDGE_CURVE('',#1173,#5313,#5321,.T.);
#5321 = CIRCLE('',#5322,5.9);
#5322 = AXIS2_PLACEMENT_3D('',#5323,#5324,#5325);
#5323 = CARTESIAN_POINT('',(-1.886,32.95,6.9));
#5324 = DIRECTION('',(0.,1.,0.));
#5325 = DIRECTION('',(-0.999894974531,0.,-1.449275362319E-02));
#5326 = ORIENTED_EDGE('',*,*,#1172,.F.);
#5327 = ORIENTED_EDGE('',*,*,#5254,.F.);
#5328 = ORIENTED_EDGE('',*,*,#5329,.F.);
#5329 = EDGE_CURVE('',#5297,#5245,#5330,.T.);
#5330 = CIRCLE('',#5331,6.4);
#5331 = AXIS2_PLACEMENT_3D('',#5332,#5333,#5334);
#5332 = CARTESIAN_POINT('',(-1.885084321376,32.95,6.9));
#5333 = DIRECTION('',(0.,1.,0.));
#5334 = DIRECTION('',(-0.707106665647,0.,-0.707106896726));
#5335 = FACE_BOUND('',#5336,.T.);
#5336 = EDGE_LOOP('',(#5337,#5348,#5357,#5365));
#5337 = ORIENTED_EDGE('',*,*,#5338,.T.);
#5338 = EDGE_CURVE('',#5339,#5341,#5343,.T.);
#5339 = VERTEX_POINT('',#5340);
#5340 = CARTESIAN_POINT('',(-1.186,32.95,8.112435565298));
#5341 = VERTEX_POINT('',#5342);
#5342 = CARTESIAN_POINT('',(-3.286,32.95,6.9));
#5343 = CIRCLE('',#5344,1.4);
#5344 = AXIS2_PLACEMENT_3D('',#5345,#5346,#5347);
#5345 = CARTESIAN_POINT('',(-1.886,32.95,6.9));
#5346 = DIRECTION('',(0.,1.,-0.));
#5347 = DIRECTION('',(-1.,0.,0.));
#5348 = ORIENTED_EDGE('',*,*,#5349,.T.);
#5349 = EDGE_CURVE('',#5341,#5350,#5352,.T.);
#5350 = VERTEX_POINT('',#5351);
#5351 = CARTESIAN_POINT('',(-2.586,32.95,8.112435565298));
#5352 = CIRCLE('',#5353,1.4);
#5353 = AXIS2_PLACEMENT_3D('',#5354,#5355,#5356);
#5354 = CARTESIAN_POINT('',(-1.886,32.95,6.9));
#5355 = DIRECTION('',(0.,1.,-0.));
#5356 = DIRECTION('',(-1.,0.,0.));
#5357 = ORIENTED_EDGE('',*,*,#5358,.F.);
#5358 = EDGE_CURVE('',#5359,#5350,#5361,.T.);
#5359 = VERTEX_POINT('',#5360);
#5360 = CARTESIAN_POINT('',(-1.886,32.95,8.516580753731));
#5361 = LINE('',#5362,#5363);
#5362 = CARTESIAN_POINT('',(-2.777112233331,32.95,8.002096865939));
#5363 = VECTOR('',#5364,1.);
#5364 = DIRECTION('',(-0.866025403784,0.,-0.5));
#5365 = ORIENTED_EDGE('',*,*,#5366,.T.);
#5366 = EDGE_CURVE('',#5359,#5339,#5367,.T.);
#5367 = LINE('',#5368,#5369);
#5368 = CARTESIAN_POINT('',(-1.675316913208,32.95,8.394942816858));
#5369 = VECTOR('',#5370,1.);
#5370 = DIRECTION('',(0.866025403784,0.,-0.5));
#5371 = PLANE('',#5372);
#5372 = AXIS2_PLACEMENT_3D('',#5373,#5374,#5375);
#5373 = CARTESIAN_POINT('',(-2.793238862052,32.95,5.97209345507));
#5374 = DIRECTION('',(0.,1.,0.));
#5375 = DIRECTION('',(0.,0.,-1.));
#5376 = ADVANCED_FACE('',(#5377,#5421),#5457,.T.);
#5377 = FACE_BOUND('',#5378,.T.);
#5378 = EDGE_LOOP('',(#5379,#5389,#5397,#5403,#5404,#5405,#5414));
#5379 = ORIENTED_EDGE('',*,*,#5380,.F.);
#5380 = EDGE_CURVE('',#5381,#5383,#5385,.T.);
#5381 = VERTEX_POINT('',#5382);
#5382 = CARTESIAN_POINT('',(-5.036050671379,105.95,1.));
#5383 = VERTEX_POINT('',#5384);
#5384 = CARTESIAN_POINT('',(-6.410566981517,105.95,2.374515860954));
#5385 = LINE('',#5386,#5387);
#5386 = CARTESIAN_POINT('',(-4.531025334047,105.95,0.494974827708));
#5387 = VECTOR('',#5388,1.);
#5388 = DIRECTION('',(-0.707106896726,3.1E-16,0.707106665647));
#5389 = ORIENTED_EDGE('',*,*,#5390,.T.);
#5390 = EDGE_CURVE('',#5381,#5391,#5393,.T.);
#5391 = VERTEX_POINT('',#5392);
#5392 = CARTESIAN_POINT('',(0.557860018001,105.95,1.));
#5393 = LINE('',#5394,#5395);
#5394 = CARTESIAN_POINT('',(-4.036050344584,105.95,1.));
#5395 = VECTOR('',#5396,1.);
#5396 = DIRECTION('',(1.,0.,0.));
#5397 = ORIENTED_EDGE('',*,*,#5398,.F.);
#5398 = EDGE_CURVE('',#5271,#5391,#5399,.T.);
#5399 = LINE('',#5400,#5401);
#5400 = CARTESIAN_POINT('',(2.285930009001,105.95,2.728069990999));
#5401 = VECTOR('',#5402,1.);
#5402 = DIRECTION('',(-0.707106781187,-0.,-0.707106781187));
#5403 = ORIENTED_EDGE('',*,*,#5270,.F.);
#5404 = ORIENTED_EDGE('',*,*,#1376,.F.);
#5405 = ORIENTED_EDGE('',*,*,#5406,.F.);
#5406 = EDGE_CURVE('',#5407,#1368,#5409,.T.);
#5407 = VERTEX_POINT('',#5408);
#5408 = CARTESIAN_POINT('',(-8.025919054537,105.95,5.097183098592));
#5409 = CIRCLE('',#5410,6.4);
#5410 = AXIS2_PLACEMENT_3D('',#5411,#5412,#5413);
#5411 = CARTESIAN_POINT('',(-1.885084321376,105.95,6.9));
#5412 = DIRECTION('',(3.5E-15,1.,2.8E-15));
#5413 = DIRECTION('',(-0.959505427056,4.147001389064E-15,-0.281690140845
    ));
#5414 = ORIENTED_EDGE('',*,*,#5415,.F.);
#5415 = EDGE_CURVE('',#5383,#5407,#5416,.T.);
#5416 = CIRCLE('',#5417,6.4);
#5417 = AXIS2_PLACEMENT_3D('',#5418,#5419,#5420);
#5418 = CARTESIAN_POINT('',(-1.885084321376,105.95,6.9));
#5419 = DIRECTION('',(3.5E-15,1.,2.8E-15));
#5420 = DIRECTION('',(-0.707106665647,4.454772640598E-15,-0.707106896726
    ));
#5421 = FACE_BOUND('',#5422,.T.);
#5422 = EDGE_LOOP('',(#5423,#5434,#5443,#5451));
#5423 = ORIENTED_EDGE('',*,*,#5424,.T.);
#5424 = EDGE_CURVE('',#5425,#5427,#5429,.T.);
#5425 = VERTEX_POINT('',#5426);
#5426 = CARTESIAN_POINT('',(-1.186,105.95,8.112435565298));
#5427 = VERTEX_POINT('',#5428);
#5428 = CARTESIAN_POINT('',(-3.286,105.95,6.9));
#5429 = CIRCLE('',#5430,1.4);
#5430 = AXIS2_PLACEMENT_3D('',#5431,#5432,#5433);
#5431 = CARTESIAN_POINT('',(-1.886,105.95,6.9));
#5432 = DIRECTION('',(0.,1.,-4.4E-16));
#5433 = DIRECTION('',(-1.,0.,0.));
#5434 = ORIENTED_EDGE('',*,*,#5435,.T.);
#5435 = EDGE_CURVE('',#5427,#5436,#5438,.T.);
#5436 = VERTEX_POINT('',#5437);
#5437 = CARTESIAN_POINT('',(-2.586,105.95,8.112435565298));
#5438 = CIRCLE('',#5439,1.4);
#5439 = AXIS2_PLACEMENT_3D('',#5440,#5441,#5442);
#5440 = CARTESIAN_POINT('',(-1.886,105.95,6.9));
#5441 = DIRECTION('',(0.,1.,-4.4E-16));
#5442 = DIRECTION('',(-1.,0.,0.));
#5443 = ORIENTED_EDGE('',*,*,#5444,.F.);
#5444 = EDGE_CURVE('',#5445,#5436,#5447,.T.);
#5445 = VERTEX_POINT('',#5446);
#5446 = CARTESIAN_POINT('',(-1.886,105.95,8.516580753731));
#5447 = LINE('',#5448,#5449);
#5448 = CARTESIAN_POINT('',(-2.455578783235,105.95,8.187734289906));
#5449 = VECTOR('',#5450,1.);
#5450 = DIRECTION('',(-0.866025403784,4.43E-15,-0.5));
#5451 = ORIENTED_EDGE('',*,*,#5452,.T.);
#5452 = EDGE_CURVE('',#5445,#5425,#5453,.T.);
#5453 = LINE('',#5454,#5455);
#5454 = CARTESIAN_POINT('',(-1.50638543598,105.95,8.297410183006));
#5455 = VECTOR('',#5456,1.);
#5456 = DIRECTION('',(0.866025403784,-1.64E-15,-0.5));
#5457 = PLANE('',#5458);
#5458 = AXIS2_PLACEMENT_3D('',#5459,#5460,#5461);
#5459 = CARTESIAN_POINT('',(-2.13928562562,105.95,6.324512615528));
#5460 = DIRECTION('',(-3.5E-15,-1.,-2.8E-15));
#5461 = DIRECTION('',(-1.,3.5E-15,0.));
#5462 = ADVANCED_FACE('',(#5463),#5482,.T.);
#5463 = FACE_BOUND('',#5464,.T.);
#5464 = EDGE_LOOP('',(#5465,#5466,#5467,#5475));
#5465 = ORIENTED_EDGE('',*,*,#1180,.F.);
#5466 = ORIENTED_EDGE('',*,*,#5320,.T.);
#5467 = ORIENTED_EDGE('',*,*,#5468,.T.);
#5468 = EDGE_CURVE('',#5313,#5469,#5471,.T.);
#5469 = VERTEX_POINT('',#5470);
#5470 = CARTESIAN_POINT('',(2.993036790187,33.95,2.020963209813));
#5471 = LINE('',#5472,#5473);
#5472 = CARTESIAN_POINT('',(2.993036790187,33.95,2.020963209813));
#5473 = VECTOR('',#5474,1.);
#5474 = DIRECTION('',(0.5,0.707106781187,-0.5));
#5475 = ORIENTED_EDGE('',*,*,#5476,.F.);
#5476 = EDGE_CURVE('',#1181,#5469,#5477,.T.);
#5477 = CIRCLE('',#5478,6.9);
#5478 = AXIS2_PLACEMENT_3D('',#5479,#5480,#5481);
#5479 = CARTESIAN_POINT('',(-1.886,33.95,6.9));
#5480 = DIRECTION('',(0.,1.,0.));
#5481 = DIRECTION('',(-0.999894974531,0.,-1.449275362319E-02));
#5482 = CONICAL_SURFACE('',#5483,6.9,0.785398163397);
#5483 = AXIS2_PLACEMENT_3D('',#5484,#5485,#5486);
#5484 = CARTESIAN_POINT('',(-1.886,33.95,6.9));
#5485 = DIRECTION('',(0.,1.,0.));
#5486 = DIRECTION('',(-0.999894974531,0.,-1.449275362319E-02));
#5487 = ADVANCED_FACE('',(#5488),#5507,.F.);
#5488 = FACE_BOUND('',#5489,.T.);
#5489 = EDGE_LOOP('',(#5490,#5498,#5499,#5500));
#5490 = ORIENTED_EDGE('',*,*,#5491,.F.);
#5491 = EDGE_CURVE('',#5407,#5492,#5494,.T.);
#5492 = VERTEX_POINT('',#5493);
#5493 = CARTESIAN_POINT('',(-8.697572853476,105.25,4.9));
#5494 = LINE('',#5495,#5496);
#5495 = CARTESIAN_POINT('',(-8.697572853476,105.25,4.9));
#5496 = VECTOR('',#5497,1.);
#5497 = DIRECTION('',(-0.678472794057,-0.707106781187,-0.199185008785));
#5498 = ORIENTED_EDGE('',*,*,#5406,.T.);
#5499 = ORIENTED_EDGE('',*,*,#1367,.T.);
#5500 = ORIENTED_EDGE('',*,*,#5501,.F.);
#5501 = EDGE_CURVE('',#5492,#1360,#5502,.T.);
#5502 = CIRCLE('',#5503,7.1);
#5503 = AXIS2_PLACEMENT_3D('',#5504,#5505,#5506);
#5504 = CARTESIAN_POINT('',(-1.885084321376,105.25,6.9));
#5505 = DIRECTION('',(3.5E-15,1.,2.8E-15));
#5506 = DIRECTION('',(-0.959505427056,4.147001389064E-15,-0.281690140845
    ));
#5507 = CONICAL_SURFACE('',#5508,7.1,0.785398163397);
#5508 = AXIS2_PLACEMENT_3D('',#5509,#5510,#5511);
#5509 = CARTESIAN_POINT('',(-1.885084321376,105.25,6.9));
#5510 = DIRECTION('',(-3.5E-15,-1.,-2.8E-15));
#5511 = DIRECTION('',(-0.959505427056,4.147001389064E-15,-0.281690140845
    ));
#5512 = ADVANCED_FACE('',(#5513),#5532,.T.);
#5513 = FACE_BOUND('',#5514,.F.);
#5514 = EDGE_LOOP('',(#5515,#5516,#5525,#5531));
#5515 = ORIENTED_EDGE('',*,*,#1189,.F.);
#5516 = ORIENTED_EDGE('',*,*,#5517,.T.);
#5517 = EDGE_CURVE('',#1190,#5518,#5520,.T.);
#5518 = VERTEX_POINT('',#5519);
#5519 = CARTESIAN_POINT('',(2.993036790187,43.05,2.020963209813));
#5520 = CIRCLE('',#5521,6.9);
#5521 = AXIS2_PLACEMENT_3D('',#5522,#5523,#5524);
#5522 = CARTESIAN_POINT('',(-1.886,43.05,6.9));
#5523 = DIRECTION('',(-2.39E-15,1.,-1.21E-15));
#5524 = DIRECTION('',(-0.999894974531,-2.407285221013E-15,
    -1.449275362319E-02));
#5525 = ORIENTED_EDGE('',*,*,#5526,.F.);
#5526 = EDGE_CURVE('',#5469,#5518,#5527,.T.);
#5527 = LINE('',#5528,#5529);
#5528 = CARTESIAN_POINT('',(2.993036790187,44.05,2.020963209813));
#5529 = VECTOR('',#5530,1.);
#5530 = DIRECTION('',(0.,1.,0.));
#5531 = ORIENTED_EDGE('',*,*,#5476,.F.);
#5532 = CYLINDRICAL_SURFACE('',#5533,6.9);
#5533 = AXIS2_PLACEMENT_3D('',#5534,#5535,#5536);
#5534 = CARTESIAN_POINT('',(-1.886,44.05,6.9));
#5535 = DIRECTION('',(0.,-1.,2.2E-16));
#5536 = DIRECTION('',(-1.,0.,0.));
#5537 = ADVANCED_FACE('',(#5538),#5575,.F.);
#5538 = FACE_BOUND('',#5539,.T.);
#5539 = EDGE_LOOP('',(#5540,#5541,#5550,#5559,#5567,#5574));
#5540 = ORIENTED_EDGE('',*,*,#1359,.F.);
#5541 = ORIENTED_EDGE('',*,*,#5542,.F.);
#5542 = EDGE_CURVE('',#5543,#1351,#5545,.T.);
#5543 = VERTEX_POINT('',#5544);
#5544 = CARTESIAN_POINT('',(-8.697572853476,94.35,4.9));
#5545 = CIRCLE('',#5546,7.1);
#5546 = AXIS2_PLACEMENT_3D('',#5547,#5548,#5549);
#5547 = CARTESIAN_POINT('',(-1.885084321376,94.35,6.9));
#5548 = DIRECTION('',(2.465190328816E-32,1.,-4.4E-16));
#5549 = DIRECTION('',(-0.959505427056,-1.239436619718E-16,
    -0.281690140845));
#5550 = ORIENTED_EDGE('',*,*,#5551,.F.);
#5551 = EDGE_CURVE('',#5552,#5543,#5554,.T.);
#5552 = VERTEX_POINT('',#5553);
#5553 = CARTESIAN_POINT('',(-6.90554164747,94.35,1.879541033246));
#5554 = CIRCLE('',#5555,7.1);
#5555 = AXIS2_PLACEMENT_3D('',#5556,#5557,#5558);
#5556 = CARTESIAN_POINT('',(-1.885084321376,94.35,6.9));
#5557 = DIRECTION('',(-2.465190328816E-32,1.,-4.4E-16));
#5558 = DIRECTION('',(-0.707106665647,-3.111270345594E-16,
    -0.707106896726));
#5559 = ORIENTED_EDGE('',*,*,#5560,.T.);
#5560 = EDGE_CURVE('',#5552,#5561,#5563,.T.);
#5561 = VERTEX_POINT('',#5562);
#5562 = CARTESIAN_POINT('',(-6.90554164747,105.25,1.879541033246));
#5563 = LINE('',#5564,#5565);
#5564 = CARTESIAN_POINT('',(-6.90554164747,93.65,1.879541033246));
#5565 = VECTOR('',#5566,1.);
#5566 = DIRECTION('',(0.,1.,-4.4E-16));
#5567 = ORIENTED_EDGE('',*,*,#5568,.T.);
#5568 = EDGE_CURVE('',#5561,#5492,#5569,.T.);
#5569 = CIRCLE('',#5570,7.1);
#5570 = AXIS2_PLACEMENT_3D('',#5571,#5572,#5573);
#5571 = CARTESIAN_POINT('',(-1.885084321376,105.25,6.9));
#5572 = DIRECTION('',(3.5E-15,1.,2.8E-15));
#5573 = DIRECTION('',(-0.707106665647,4.454772640598E-15,-0.707106896726
    ));
#5574 = ORIENTED_EDGE('',*,*,#5501,.T.);
#5575 = CYLINDRICAL_SURFACE('',#5576,7.1);
#5576 = AXIS2_PLACEMENT_3D('',#5577,#5578,#5579);
#5577 = CARTESIAN_POINT('',(-1.885084321376,93.65,6.9));
#5578 = DIRECTION('',(0.,-1.,2.2E-16));
#5579 = DIRECTION('',(-1.,0.,0.));
#5580 = ADVANCED_FACE('',(#5581),#5600,.T.);
#5581 = FACE_BOUND('',#5582,.T.);
#5582 = EDGE_LOOP('',(#5583,#5584,#5585,#5593));
#5583 = ORIENTED_EDGE('',*,*,#1197,.F.);
#5584 = ORIENTED_EDGE('',*,*,#5517,.T.);
#5585 = ORIENTED_EDGE('',*,*,#5586,.T.);
#5586 = EDGE_CURVE('',#5518,#5587,#5589,.T.);
#5587 = VERTEX_POINT('',#5588);
#5588 = CARTESIAN_POINT('',(2.285930009001,44.05,2.728069990999));
#5589 = LINE('',#5590,#5591);
#5590 = CARTESIAN_POINT('',(2.993036790187,43.05,2.020963209813));
#5591 = VECTOR('',#5592,1.);
#5592 = DIRECTION('',(-0.5,0.707106781187,0.5));
#5593 = ORIENTED_EDGE('',*,*,#5594,.F.);
#5594 = EDGE_CURVE('',#1198,#5587,#5595,.T.);
#5595 = CIRCLE('',#5596,5.9);
#5596 = AXIS2_PLACEMENT_3D('',#5597,#5598,#5599);
#5597 = CARTESIAN_POINT('',(-1.886,44.05,6.9));
#5598 = DIRECTION('',(-2.39E-15,1.,-1.21E-15));
#5599 = DIRECTION('',(-0.999894974531,-2.407285221013E-15,
    -1.449275362319E-02));
#5600 = CONICAL_SURFACE('',#5601,6.9,0.785398163397);
#5601 = AXIS2_PLACEMENT_3D('',#5602,#5603,#5604);
#5602 = CARTESIAN_POINT('',(-1.886,43.05,6.9));
#5603 = DIRECTION('',(2.39E-15,-1.,1.21E-15));
#5604 = DIRECTION('',(-0.999894974531,-2.407285221013E-15,
    -1.449275362319E-02));
#5605 = ADVANCED_FACE('',(#5606),#5625,.F.);
#5606 = FACE_BOUND('',#5607,.T.);
#5607 = EDGE_LOOP('',(#5608,#5616,#5617,#5618));
#5608 = ORIENTED_EDGE('',*,*,#5609,.F.);
#5609 = EDGE_CURVE('',#5543,#5610,#5612,.T.);
#5610 = VERTEX_POINT('',#5611);
#5611 = CARTESIAN_POINT('',(-8.025919054537,93.65,5.097183098592));
#5612 = LINE('',#5613,#5614);
#5613 = CARTESIAN_POINT('',(-8.697572853476,94.35,4.9));
#5614 = VECTOR('',#5615,1.);
#5615 = DIRECTION('',(0.678472794057,-0.707106781187,0.199185008785));
#5616 = ORIENTED_EDGE('',*,*,#5542,.T.);
#5617 = ORIENTED_EDGE('',*,*,#1350,.T.);
#5618 = ORIENTED_EDGE('',*,*,#5619,.F.);
#5619 = EDGE_CURVE('',#5610,#1343,#5620,.T.);
#5620 = CIRCLE('',#5621,6.4);
#5621 = AXIS2_PLACEMENT_3D('',#5622,#5623,#5624);
#5622 = CARTESIAN_POINT('',(-1.885084321376,93.65,6.9));
#5623 = DIRECTION('',(2.465190328816E-32,1.,-4.4E-16));
#5624 = DIRECTION('',(-0.959505427056,-1.239436619718E-16,
    -0.281690140845));
#5625 = CONICAL_SURFACE('',#5626,7.1,0.785398163397);
#5626 = AXIS2_PLACEMENT_3D('',#5627,#5628,#5629);
#5627 = CARTESIAN_POINT('',(-1.885084321376,94.35,6.9));
#5628 = DIRECTION('',(0.,1.,-4.4E-16));
#5629 = DIRECTION('',(-0.959505427056,-1.239436619718E-16,
    -0.281690140845));
#5630 = ADVANCED_FACE('',(#5631,#5675),#5711,.T.);
#5631 = FACE_BOUND('',#5632,.T.);
#5632 = EDGE_LOOP('',(#5633,#5643,#5652,#5659,#5660,#5661,#5669));
#5633 = ORIENTED_EDGE('',*,*,#5634,.T.);
#5634 = EDGE_CURVE('',#5635,#5637,#5639,.T.);
#5635 = VERTEX_POINT('',#5636);
#5636 = CARTESIAN_POINT('',(-5.036050671379,44.05,1.));
#5637 = VERTEX_POINT('',#5638);
#5638 = CARTESIAN_POINT('',(-6.410566981517,44.05,2.374515860954));
#5639 = LINE('',#5640,#5641);
#5640 = CARTESIAN_POINT('',(-4.531025334047,44.05,0.494974827708));
#5641 = VECTOR('',#5642,1.);
#5642 = DIRECTION('',(-0.707106896726,0.,0.707106665647));
#5643 = ORIENTED_EDGE('',*,*,#5644,.T.);
#5644 = EDGE_CURVE('',#5637,#5645,#5647,.T.);
#5645 = VERTEX_POINT('',#5646);
#5646 = CARTESIAN_POINT('',(-8.025919054537,44.05,5.097183098592));
#5647 = CIRCLE('',#5648,6.4);
#5648 = AXIS2_PLACEMENT_3D('',#5649,#5650,#5651);
#5649 = CARTESIAN_POINT('',(-1.885084321376,44.05,6.9));
#5650 = DIRECTION('',(-2.39E-15,1.,-1.21E-15));
#5651 = DIRECTION('',(-0.707106665647,-2.545584275935E-15,
    -0.707106896726));
#5652 = ORIENTED_EDGE('',*,*,#5653,.T.);
#5653 = EDGE_CURVE('',#5645,#1207,#5654,.T.);
#5654 = CIRCLE('',#5655,6.4);
#5655 = AXIS2_PLACEMENT_3D('',#5656,#5657,#5658);
#5656 = CARTESIAN_POINT('',(-1.885084321376,44.05,6.9));
#5657 = DIRECTION('',(-2.39E-15,1.,-1.21E-15));
#5658 = DIRECTION('',(-0.959505427056,-2.634063041087E-15,
    -0.281690140845));
#5659 = ORIENTED_EDGE('',*,*,#1206,.T.);
#5660 = ORIENTED_EDGE('',*,*,#5594,.T.);
#5661 = ORIENTED_EDGE('',*,*,#5662,.T.);
#5662 = EDGE_CURVE('',#5587,#5663,#5665,.T.);
#5663 = VERTEX_POINT('',#5664);
#5664 = CARTESIAN_POINT('',(0.557860018001,44.05,1.));
#5665 = LINE('',#5666,#5667);
#5666 = CARTESIAN_POINT('',(2.285930009001,44.05,2.728069990999));
#5667 = VECTOR('',#5668,1.);
#5668 = DIRECTION('',(-0.707106781187,-0.,-0.707106781187));
#5669 = ORIENTED_EDGE('',*,*,#5670,.F.);
#5670 = EDGE_CURVE('',#5635,#5663,#5671,.T.);
#5671 = LINE('',#5672,#5673);
#5672 = CARTESIAN_POINT('',(-4.036050344584,44.05,1.));
#5673 = VECTOR('',#5674,1.);
#5674 = DIRECTION('',(1.,0.,0.));
#5675 = FACE_BOUND('',#5676,.T.);
#5676 = EDGE_LOOP('',(#5677,#5688,#5697,#5705));
#5677 = ORIENTED_EDGE('',*,*,#5678,.F.);
#5678 = EDGE_CURVE('',#5679,#5681,#5683,.T.);
#5679 = VERTEX_POINT('',#5680);
#5680 = CARTESIAN_POINT('',(-3.286,44.05,6.9));
#5681 = VERTEX_POINT('',#5682);
#5682 = CARTESIAN_POINT('',(-2.586,44.05,8.112435565298));
#5683 = CIRCLE('',#5684,1.4);
#5684 = AXIS2_PLACEMENT_3D('',#5685,#5686,#5687);
#5685 = CARTESIAN_POINT('',(-1.886,44.05,6.9));
#5686 = DIRECTION('',(0.,1.,-0.));
#5687 = DIRECTION('',(-1.,0.,0.));
#5688 = ORIENTED_EDGE('',*,*,#5689,.F.);
#5689 = EDGE_CURVE('',#5690,#5679,#5692,.T.);
#5690 = VERTEX_POINT('',#5691);
#5691 = CARTESIAN_POINT('',(-1.186,44.05,8.112435565298));
#5692 = CIRCLE('',#5693,1.4);
#5693 = AXIS2_PLACEMENT_3D('',#5694,#5695,#5696);
#5694 = CARTESIAN_POINT('',(-1.886,44.05,6.9));
#5695 = DIRECTION('',(0.,1.,-0.));
#5696 = DIRECTION('',(-1.,0.,0.));
#5697 = ORIENTED_EDGE('',*,*,#5698,.T.);
#5698 = EDGE_CURVE('',#5690,#5699,#5701,.T.);
#5699 = VERTEX_POINT('',#5700);
#5700 = CARTESIAN_POINT('',(-1.886,44.05,8.516580753731));
#5701 = LINE('',#5702,#5703);
#5702 = CARTESIAN_POINT('',(-1.50638543598,44.05,8.297410183006));
#5703 = VECTOR('',#5704,1.);
#5704 = DIRECTION('',(-0.866025403784,-1.47E-15,0.5));
#5705 = ORIENTED_EDGE('',*,*,#5706,.F.);
#5706 = EDGE_CURVE('',#5681,#5699,#5707,.T.);
#5707 = LINE('',#5708,#5709);
#5708 = CARTESIAN_POINT('',(-2.455578783235,44.05,8.187734289906));
#5709 = VECTOR('',#5710,1.);
#5710 = DIRECTION('',(0.866025403784,2.67E-15,0.5));
#5711 = PLANE('',#5712);
#5712 = AXIS2_PLACEMENT_3D('',#5713,#5714,#5715);
#5713 = CARTESIAN_POINT('',(-2.13928562562,44.05,6.324512615528));
#5714 = DIRECTION('',(-2.39E-15,1.,-1.21E-15));
#5715 = DIRECTION('',(1.,2.39E-15,0.));
#5716 = ADVANCED_FACE('',(#5717,#5761),#5788,.F.);
#5717 = FACE_BOUND('',#5718,.F.);
#5718 = EDGE_LOOP('',(#5719,#5729,#5737,#5745,#5752,#5753,#5754));
#5719 = ORIENTED_EDGE('',*,*,#5720,.F.);
#5720 = EDGE_CURVE('',#5721,#5723,#5725,.T.);
#5721 = VERTEX_POINT('',#5722);
#5722 = CARTESIAN_POINT('',(-5.036050671379,93.65,1.));
#5723 = VERTEX_POINT('',#5724);
#5724 = CARTESIAN_POINT('',(-6.410566981517,93.65,2.374515860954));
#5725 = LINE('',#5726,#5727);
#5726 = CARTESIAN_POINT('',(-4.531025334047,93.65,0.494974827708));
#5727 = VECTOR('',#5728,1.);
#5728 = DIRECTION('',(-0.707106896726,3.1E-16,0.707106665647));
#5729 = ORIENTED_EDGE('',*,*,#5730,.T.);
#5730 = EDGE_CURVE('',#5721,#5731,#5733,.T.);
#5731 = VERTEX_POINT('',#5732);
#5732 = CARTESIAN_POINT('',(0.557860018001,93.65,1.));
#5733 = LINE('',#5734,#5735);
#5734 = CARTESIAN_POINT('',(-4.036050344584,93.65,1.));
#5735 = VECTOR('',#5736,1.);
#5736 = DIRECTION('',(1.,0.,0.));
#5737 = ORIENTED_EDGE('',*,*,#5738,.F.);
#5738 = EDGE_CURVE('',#5739,#5731,#5741,.T.);
#5739 = VERTEX_POINT('',#5740);
#5740 = CARTESIAN_POINT('',(2.285930009001,93.65,2.728069990999));
#5741 = LINE('',#5742,#5743);
#5742 = CARTESIAN_POINT('',(2.285930009001,93.65,2.728069990999));
#5743 = VECTOR('',#5744,1.);
#5744 = DIRECTION('',(-0.707106781187,-3.1E-16,-0.707106781187));
#5745 = ORIENTED_EDGE('',*,*,#5746,.F.);
#5746 = EDGE_CURVE('',#1334,#5739,#5747,.T.);
#5747 = CIRCLE('',#5748,5.9);
#5748 = AXIS2_PLACEMENT_3D('',#5749,#5750,#5751);
#5749 = CARTESIAN_POINT('',(-1.886,93.65,6.9));
#5750 = DIRECTION('',(0.,1.,-4.4E-16));
#5751 = DIRECTION('',(-0.999894974531,-6.376811594203E-18,
    -1.449275362319E-02));
#5752 = ORIENTED_EDGE('',*,*,#1342,.F.);
#5753 = ORIENTED_EDGE('',*,*,#5619,.F.);
#5754 = ORIENTED_EDGE('',*,*,#5755,.F.);
#5755 = EDGE_CURVE('',#5723,#5610,#5756,.T.);
#5756 = CIRCLE('',#5757,6.4);
#5757 = AXIS2_PLACEMENT_3D('',#5758,#5759,#5760);
#5758 = CARTESIAN_POINT('',(-1.885084321376,93.65,6.9));
#5759 = DIRECTION('',(-2.465190328816E-32,1.,-4.4E-16));
#5760 = DIRECTION('',(-0.707106665647,-3.111270345594E-16,
    -0.707106896726));
#5761 = FACE_BOUND('',#5762,.F.);
#5762 = EDGE_LOOP('',(#5763,#5774,#5782));
#5763 = ORIENTED_EDGE('',*,*,#5764,.T.);
#5764 = EDGE_CURVE('',#5765,#5767,#5769,.T.);
#5765 = VERTEX_POINT('',#5766);
#5766 = CARTESIAN_POINT('',(0.614,93.65,11.230127018922));
#5767 = VERTEX_POINT('',#5768);
#5768 = CARTESIAN_POINT('',(-4.386,93.65,11.230127018922));
#5769 = CIRCLE('',#5770,5.);
#5770 = AXIS2_PLACEMENT_3D('',#5771,#5772,#5773);
#5771 = CARTESIAN_POINT('',(-1.886,93.65,6.9));
#5772 = DIRECTION('',(0.,1.,-4.4E-16));
#5773 = DIRECTION('',(-1.,0.,0.));
#5774 = ORIENTED_EDGE('',*,*,#5775,.F.);
#5775 = EDGE_CURVE('',#5776,#5767,#5778,.T.);
#5776 = VERTEX_POINT('',#5777);
#5777 = CARTESIAN_POINT('',(-1.886,93.65,12.673502691896));
#5778 = LINE('',#5779,#5780);
#5779 = CARTESIAN_POINT('',(-1.886,93.65,12.673502691896));
#5780 = VECTOR('',#5781,1.);
#5781 = DIRECTION('',(-0.866025403784,-2.2E-16,-0.5));
#5782 = ORIENTED_EDGE('',*,*,#5783,.T.);
#5783 = EDGE_CURVE('',#5776,#5765,#5784,.T.);
#5784 = LINE('',#5785,#5786);
#5785 = CARTESIAN_POINT('',(-1.886,93.65,12.673502691896));
#5786 = VECTOR('',#5787,1.);
#5787 = DIRECTION('',(0.866025403784,-2.2E-16,-0.5));
#5788 = PLANE('',#5789);
#5789 = AXIS2_PLACEMENT_3D('',#5790,#5791,#5792);
#5790 = CARTESIAN_POINT('',(-2.53426515358,93.65,6.411013710369));
#5791 = DIRECTION('',(0.,-1.,4.4E-16));
#5792 = DIRECTION('',(0.,4.4E-16,1.));
#5793 = ADVANCED_FACE('',(#5794),#5813,.F.);
#5794 = FACE_BOUND('',#5795,.T.);
#5795 = EDGE_LOOP('',(#5796,#5804,#5811,#5812));
#5796 = ORIENTED_EDGE('',*,*,#5797,.F.);
#5797 = EDGE_CURVE('',#5798,#5645,#5800,.T.);
#5798 = VERTEX_POINT('',#5799);
#5799 = CARTESIAN_POINT('',(-8.697572853476,44.75,4.9));
#5800 = LINE('',#5801,#5802);
#5801 = CARTESIAN_POINT('',(-8.697572853476,44.75,4.9));
#5802 = VECTOR('',#5803,1.);
#5803 = DIRECTION('',(0.678472794057,-0.707106781187,0.199185008785));
#5804 = ORIENTED_EDGE('',*,*,#5805,.T.);
#5805 = EDGE_CURVE('',#5798,#1215,#5806,.T.);
#5806 = CIRCLE('',#5807,7.1);
#5807 = AXIS2_PLACEMENT_3D('',#5808,#5809,#5810);
#5808 = CARTESIAN_POINT('',(-1.885084321376,44.75,6.9));
#5809 = DIRECTION('',(-2.39E-15,1.,-1.21E-15));
#5810 = DIRECTION('',(-0.959505427056,-2.634063041087E-15,
    -0.281690140845));
#5811 = ORIENTED_EDGE('',*,*,#1214,.T.);
#5812 = ORIENTED_EDGE('',*,*,#5653,.F.);
#5813 = CONICAL_SURFACE('',#5814,7.1,0.785398163397);
#5814 = AXIS2_PLACEMENT_3D('',#5815,#5816,#5817);
#5815 = CARTESIAN_POINT('',(-1.885084321376,44.75,6.9));
#5816 = DIRECTION('',(-2.39E-15,1.,-1.21E-15));
#5817 = DIRECTION('',(-0.959505427056,-2.634063041087E-15,
    -0.281690140845));
#5818 = ADVANCED_FACE('',(#5819),#5838,.T.);
#5819 = FACE_BOUND('',#5820,.T.);
#5820 = EDGE_LOOP('',(#5821,#5822,#5831,#5837));
#5821 = ORIENTED_EDGE('',*,*,#1333,.F.);
#5822 = ORIENTED_EDGE('',*,*,#5823,.T.);
#5823 = EDGE_CURVE('',#1326,#5824,#5826,.T.);
#5824 = VERTEX_POINT('',#5825);
#5825 = CARTESIAN_POINT('',(2.993036790187,92.65,2.020963209813));
#5826 = CIRCLE('',#5827,6.9);
#5827 = AXIS2_PLACEMENT_3D('',#5828,#5829,#5830);
#5828 = CARTESIAN_POINT('',(-1.886,92.65,6.9));
#5829 = DIRECTION('',(0.,1.,-4.4E-16));
#5830 = DIRECTION('',(-0.999894974531,-6.376811594203E-18,
    -1.449275362319E-02));
#5831 = ORIENTED_EDGE('',*,*,#5832,.T.);
#5832 = EDGE_CURVE('',#5824,#5739,#5833,.T.);
#5833 = LINE('',#5834,#5835);
#5834 = CARTESIAN_POINT('',(2.993036790187,92.65,2.020963209813));
#5835 = VECTOR('',#5836,1.);
#5836 = DIRECTION('',(-0.5,0.707106781187,0.5));
#5837 = ORIENTED_EDGE('',*,*,#5746,.F.);
#5838 = CONICAL_SURFACE('',#5839,6.9,0.785398163397);
#5839 = AXIS2_PLACEMENT_3D('',#5840,#5841,#5842);
#5840 = CARTESIAN_POINT('',(-1.886,92.65,6.9));
#5841 = DIRECTION('',(0.,-1.,4.4E-16));
#5842 = DIRECTION('',(-0.999894974531,-6.376811594203E-18,
    -1.449275362319E-02));
#5843 = ADVANCED_FACE('',(#5844),#5881,.F.);
#5844 = FACE_BOUND('',#5845,.T.);
#5845 = EDGE_LOOP('',(#5846,#5847,#5848,#5857,#5865,#5874));
#5846 = ORIENTED_EDGE('',*,*,#1223,.T.);
#5847 = ORIENTED_EDGE('',*,*,#5805,.F.);
#5848 = ORIENTED_EDGE('',*,*,#5849,.F.);
#5849 = EDGE_CURVE('',#5850,#5798,#5852,.T.);
#5850 = VERTEX_POINT('',#5851);
#5851 = CARTESIAN_POINT('',(-6.90554164747,44.75,1.879541033246));
#5852 = CIRCLE('',#5853,7.1);
#5853 = AXIS2_PLACEMENT_3D('',#5854,#5855,#5856);
#5854 = CARTESIAN_POINT('',(-1.885084321376,44.75,6.9));
#5855 = DIRECTION('',(-2.39E-15,1.,-1.21E-15));
#5856 = DIRECTION('',(-0.707106665647,-2.545584275935E-15,
    -0.707106896726));
#5857 = ORIENTED_EDGE('',*,*,#5858,.T.);
#5858 = EDGE_CURVE('',#5850,#5859,#5861,.T.);
#5859 = VERTEX_POINT('',#5860);
#5860 = CARTESIAN_POINT('',(-6.90554164747,55.65,1.879541033246));
#5861 = LINE('',#5862,#5863);
#5862 = CARTESIAN_POINT('',(-6.90554164747,4.2E-16,1.879541033246));
#5863 = VECTOR('',#5864,1.);
#5864 = DIRECTION('',(0.,1.,-2.2E-16));
#5865 = ORIENTED_EDGE('',*,*,#5866,.T.);
#5866 = EDGE_CURVE('',#5859,#5867,#5869,.T.);
#5867 = VERTEX_POINT('',#5868);
#5868 = CARTESIAN_POINT('',(-8.697572853476,55.65,4.9));
#5869 = CIRCLE('',#5870,7.1);
#5870 = AXIS2_PLACEMENT_3D('',#5871,#5872,#5873);
#5871 = CARTESIAN_POINT('',(-1.885084321376,55.65,6.9));
#5872 = DIRECTION('',(0.,1.,0.));
#5873 = DIRECTION('',(-0.707106665647,0.,-0.707106896726));
#5874 = ORIENTED_EDGE('',*,*,#5875,.T.);
#5875 = EDGE_CURVE('',#5867,#1224,#5876,.T.);
#5876 = CIRCLE('',#5877,7.1);
#5877 = AXIS2_PLACEMENT_3D('',#5878,#5879,#5880);
#5878 = CARTESIAN_POINT('',(-1.885084321376,55.65,6.9));
#5879 = DIRECTION('',(0.,1.,0.));
#5880 = DIRECTION('',(-0.959505427056,0.,-0.281690140845));
#5881 = CYLINDRICAL_SURFACE('',#5882,7.1);
#5882 = AXIS2_PLACEMENT_3D('',#5883,#5884,#5885);
#5883 = CARTESIAN_POINT('',(-1.885084321376,1.53E-15,6.9));
#5884 = DIRECTION('',(0.,-1.,2.2E-16));
#5885 = DIRECTION('',(-1.,0.,0.));
#5886 = ADVANCED_FACE('',(#5887),#5906,.T.);
#5887 = FACE_BOUND('',#5888,.F.);
#5888 = EDGE_LOOP('',(#5889,#5890,#5891,#5899));
#5889 = ORIENTED_EDGE('',*,*,#1325,.T.);
#5890 = ORIENTED_EDGE('',*,*,#5823,.T.);
#5891 = ORIENTED_EDGE('',*,*,#5892,.F.);
#5892 = EDGE_CURVE('',#5893,#5824,#5895,.T.);
#5893 = VERTEX_POINT('',#5894);
#5894 = CARTESIAN_POINT('',(2.993036790187,82.15,2.020963209813));
#5895 = LINE('',#5896,#5897);
#5896 = CARTESIAN_POINT('',(2.993036790187,81.15,2.020963209813));
#5897 = VECTOR('',#5898,1.);
#5898 = DIRECTION('',(0.,1.,-4.4E-16));
#5899 = ORIENTED_EDGE('',*,*,#5900,.F.);
#5900 = EDGE_CURVE('',#1317,#5893,#5901,.T.);
#5901 = CIRCLE('',#5902,6.9);
#5902 = AXIS2_PLACEMENT_3D('',#5903,#5904,#5905);
#5903 = CARTESIAN_POINT('',(-1.886,82.15,6.9));
#5904 = DIRECTION('',(0.,1.,-4.4E-16));
#5905 = DIRECTION('',(-0.999894974531,-6.376811594203E-18,
    -1.449275362319E-02));
#5906 = CYLINDRICAL_SURFACE('',#5907,6.9);
#5907 = AXIS2_PLACEMENT_3D('',#5908,#5909,#5910);
#5908 = CARTESIAN_POINT('',(-1.886,81.15,6.9));
#5909 = DIRECTION('',(0.,-1.,4.4E-16));
#5910 = DIRECTION('',(-1.,0.,0.));
#5911 = ADVANCED_FACE('',(#5912),#5923,.F.);
#5912 = FACE_BOUND('',#5913,.T.);
#5913 = EDGE_LOOP('',(#5914,#5920,#5921,#5922));
#5914 = ORIENTED_EDGE('',*,*,#5915,.F.);
#5915 = EDGE_CURVE('',#4255,#5867,#5916,.T.);
#5916 = LINE('',#5917,#5918);
#5917 = CARTESIAN_POINT('',(-8.697572853476,55.65,4.9));
#5918 = VECTOR('',#5919,1.);
#5919 = DIRECTION('',(-0.678472794057,-0.707106781187,-0.199185008785));
#5920 = ORIENTED_EDGE('',*,*,#4254,.T.);
#5921 = ORIENTED_EDGE('',*,*,#1231,.T.);
#5922 = ORIENTED_EDGE('',*,*,#5875,.F.);
#5923 = CONICAL_SURFACE('',#5924,7.1,0.785398163397);
#5924 = AXIS2_PLACEMENT_3D('',#5925,#5926,#5927);
#5925 = CARTESIAN_POINT('',(-1.885084321376,55.65,6.9));
#5926 = DIRECTION('',(0.,-1.,0.));
#5927 = DIRECTION('',(-0.959505427056,-0.,-0.281690140845));
#5928 = ADVANCED_FACE('',(#5929),#5948,.T.);
#5929 = FACE_BOUND('',#5930,.T.);
#5930 = EDGE_LOOP('',(#5931,#5932,#5941,#5947));
#5931 = ORIENTED_EDGE('',*,*,#1316,.F.);
#5932 = ORIENTED_EDGE('',*,*,#5933,.T.);
#5933 = EDGE_CURVE('',#1309,#5934,#5936,.T.);
#5934 = VERTEX_POINT('',#5935);
#5935 = CARTESIAN_POINT('',(2.285930009001,81.15,2.728069990999));
#5936 = CIRCLE('',#5937,5.9);
#5937 = AXIS2_PLACEMENT_3D('',#5938,#5939,#5940);
#5938 = CARTESIAN_POINT('',(-1.886,81.15,6.9));
#5939 = DIRECTION('',(0.,1.,-4.4E-16));
#5940 = DIRECTION('',(-0.999894974531,-6.376811594203E-18,
    -1.449275362319E-02));
#5941 = ORIENTED_EDGE('',*,*,#5942,.T.);
#5942 = EDGE_CURVE('',#5934,#5893,#5943,.T.);
#5943 = LINE('',#5944,#5945);
#5944 = CARTESIAN_POINT('',(2.993036790187,82.15,2.020963209813));
#5945 = VECTOR('',#5946,1.);
#5946 = DIRECTION('',(0.5,0.707106781187,-0.5));
#5947 = ORIENTED_EDGE('',*,*,#5900,.F.);
#5948 = CONICAL_SURFACE('',#5949,6.9,0.785398163397);
#5949 = AXIS2_PLACEMENT_3D('',#5950,#5951,#5952);
#5950 = CARTESIAN_POINT('',(-1.886,82.15,6.9));
#5951 = DIRECTION('',(0.,1.,-4.4E-16));
#5952 = DIRECTION('',(-0.999894974531,-6.376811594203E-18,
    -1.449275362319E-02));
#5953 = ADVANCED_FACE('',(#5954,#5998),#6025,.T.);
#5954 = FACE_BOUND('',#5955,.T.);
#5955 = EDGE_LOOP('',(#5956,#5966,#5974,#5980,#5981,#5982,#5991));
#5956 = ORIENTED_EDGE('',*,*,#5957,.F.);
#5957 = EDGE_CURVE('',#5958,#5960,#5962,.T.);
#5958 = VERTEX_POINT('',#5959);
#5959 = CARTESIAN_POINT('',(-5.036050671379,81.15,1.));
#5960 = VERTEX_POINT('',#5961);
#5961 = CARTESIAN_POINT('',(-6.410566981517,81.15,2.374515860954));
#5962 = LINE('',#5963,#5964);
#5963 = CARTESIAN_POINT('',(-4.531025334047,81.15,0.494974827708));
#5964 = VECTOR('',#5965,1.);
#5965 = DIRECTION('',(-0.707106896726,3.1E-16,0.707106665647));
#5966 = ORIENTED_EDGE('',*,*,#5967,.T.);
#5967 = EDGE_CURVE('',#5958,#5968,#5970,.T.);
#5968 = VERTEX_POINT('',#5969);
#5969 = CARTESIAN_POINT('',(0.557860018001,81.15,1.));
#5970 = LINE('',#5971,#5972);
#5971 = CARTESIAN_POINT('',(-4.036050344584,81.15,1.));
#5972 = VECTOR('',#5973,1.);
#5973 = DIRECTION('',(1.,0.,0.));
#5974 = ORIENTED_EDGE('',*,*,#5975,.F.);
#5975 = EDGE_CURVE('',#5934,#5968,#5976,.T.);
#5976 = LINE('',#5977,#5978);
#5977 = CARTESIAN_POINT('',(2.285930009001,81.15,2.728069990999));
#5978 = VECTOR('',#5979,1.);
#5979 = DIRECTION('',(-0.707106781187,-3.1E-16,-0.707106781187));
#5980 = ORIENTED_EDGE('',*,*,#5933,.F.);
#5981 = ORIENTED_EDGE('',*,*,#1308,.F.);
#5982 = ORIENTED_EDGE('',*,*,#5983,.F.);
#5983 = EDGE_CURVE('',#5984,#1300,#5986,.T.);
#5984 = VERTEX_POINT('',#5985);
#5985 = CARTESIAN_POINT('',(-8.025919054537,81.15,5.097183098592));
#5986 = CIRCLE('',#5987,6.4);
#5987 = AXIS2_PLACEMENT_3D('',#5988,#5989,#5990);
#5988 = CARTESIAN_POINT('',(-1.885084321376,81.15,6.9));
#5989 = DIRECTION('',(2.465190328816E-32,1.,-4.4E-16));
#5990 = DIRECTION('',(-0.959505427056,-1.239436619718E-16,
    -0.281690140845));
#5991 = ORIENTED_EDGE('',*,*,#5992,.F.);
#5992 = EDGE_CURVE('',#5960,#5984,#5993,.T.);
#5993 = CIRCLE('',#5994,6.4);
#5994 = AXIS2_PLACEMENT_3D('',#5995,#5996,#5997);
#5995 = CARTESIAN_POINT('',(-1.885084321376,81.15,6.9));
#5996 = DIRECTION('',(-2.465190328816E-32,1.,-4.4E-16));
#5997 = DIRECTION('',(-0.707106665647,-3.111270345594E-16,
    -0.707106896726));
#5998 = FACE_BOUND('',#5999,.T.);
#5999 = EDGE_LOOP('',(#6000,#6011,#6019));
#6000 = ORIENTED_EDGE('',*,*,#6001,.T.);
#6001 = EDGE_CURVE('',#6002,#6004,#6006,.T.);
#6002 = VERTEX_POINT('',#6003);
#6003 = CARTESIAN_POINT('',(0.614,81.15,11.230127018922));
#6004 = VERTEX_POINT('',#6005);
#6005 = CARTESIAN_POINT('',(-4.386,81.15,11.230127018922));
#6006 = CIRCLE('',#6007,5.);
#6007 = AXIS2_PLACEMENT_3D('',#6008,#6009,#6010);
#6008 = CARTESIAN_POINT('',(-1.886,81.15,6.9));
#6009 = DIRECTION('',(0.,1.,-4.4E-16));
#6010 = DIRECTION('',(-1.,0.,0.));
#6011 = ORIENTED_EDGE('',*,*,#6012,.F.);
#6012 = EDGE_CURVE('',#6013,#6004,#6015,.T.);
#6013 = VERTEX_POINT('',#6014);
#6014 = CARTESIAN_POINT('',(-1.886,81.15,12.673502691896));
#6015 = LINE('',#6016,#6017);
#6016 = CARTESIAN_POINT('',(-1.886,81.15,12.673502691896));
#6017 = VECTOR('',#6018,1.);
#6018 = DIRECTION('',(-0.866025403784,-2.2E-16,-0.5));
#6019 = ORIENTED_EDGE('',*,*,#6020,.T.);
#6020 = EDGE_CURVE('',#6013,#6002,#6021,.T.);
#6021 = LINE('',#6022,#6023);
#6022 = CARTESIAN_POINT('',(-1.886,81.15,12.673502691896));
#6023 = VECTOR('',#6024,1.);
#6024 = DIRECTION('',(0.866025403784,-2.2E-16,-0.5));
#6025 = PLANE('',#6026);
#6026 = AXIS2_PLACEMENT_3D('',#6027,#6028,#6029);
#6027 = CARTESIAN_POINT('',(-2.53426515358,81.15,6.411013710369));
#6028 = DIRECTION('',(0.,-1.,4.4E-16));
#6029 = DIRECTION('',(0.,4.4E-16,1.));
#6030 = ADVANCED_FACE('',(#6031),#6050,.T.);
#6031 = FACE_BOUND('',#6032,.T.);
#6032 = EDGE_LOOP('',(#6033,#6034,#6035,#6043));
#6033 = ORIENTED_EDGE('',*,*,#1248,.F.);
#6034 = ORIENTED_EDGE('',*,*,#4246,.T.);
#6035 = ORIENTED_EDGE('',*,*,#6036,.T.);
#6036 = EDGE_CURVE('',#4239,#6037,#6039,.T.);
#6037 = VERTEX_POINT('',#6038);
#6038 = CARTESIAN_POINT('',(2.993036790187,57.35,2.020963209813));
#6039 = LINE('',#6040,#6041);
#6040 = CARTESIAN_POINT('',(2.993036790187,57.35,2.020963209813));
#6041 = VECTOR('',#6042,1.);
#6042 = DIRECTION('',(0.5,0.707106781187,-0.5));
#6043 = ORIENTED_EDGE('',*,*,#6044,.F.);
#6044 = EDGE_CURVE('',#1249,#6037,#6045,.T.);
#6045 = CIRCLE('',#6046,6.9);
#6046 = AXIS2_PLACEMENT_3D('',#6047,#6048,#6049);
#6047 = CARTESIAN_POINT('',(-1.886,57.35,6.9));
#6048 = DIRECTION('',(0.,1.,0.));
#6049 = DIRECTION('',(-0.999894974531,0.,-1.449275362319E-02));
#6050 = CONICAL_SURFACE('',#6051,6.9,0.785398163397);
#6051 = AXIS2_PLACEMENT_3D('',#6052,#6053,#6054);
#6052 = CARTESIAN_POINT('',(-1.886,57.35,6.9));
#6053 = DIRECTION('',(0.,1.,0.));
#6054 = DIRECTION('',(-0.999894974531,0.,-1.449275362319E-02));
#6055 = ADVANCED_FACE('',(#6056),#6075,.F.);
#6056 = FACE_BOUND('',#6057,.T.);
#6057 = EDGE_LOOP('',(#6058,#6066,#6067,#6068));
#6058 = ORIENTED_EDGE('',*,*,#6059,.F.);
#6059 = EDGE_CURVE('',#5984,#6060,#6062,.T.);
#6060 = VERTEX_POINT('',#6061);
#6061 = CARTESIAN_POINT('',(-8.697572853476,80.45,4.9));
#6062 = LINE('',#6063,#6064);
#6063 = CARTESIAN_POINT('',(-8.697572853476,80.45,4.9));
#6064 = VECTOR('',#6065,1.);
#6065 = DIRECTION('',(-0.678472794057,-0.707106781187,-0.199185008785));
#6066 = ORIENTED_EDGE('',*,*,#5983,.T.);
#6067 = ORIENTED_EDGE('',*,*,#1299,.T.);
#6068 = ORIENTED_EDGE('',*,*,#6069,.F.);
#6069 = EDGE_CURVE('',#6060,#1292,#6070,.T.);
#6070 = CIRCLE('',#6071,7.1);
#6071 = AXIS2_PLACEMENT_3D('',#6072,#6073,#6074);
#6072 = CARTESIAN_POINT('',(-1.885084321376,80.45,6.9));
#6073 = DIRECTION('',(2.465190328816E-32,1.,-4.4E-16));
#6074 = DIRECTION('',(-0.959505427056,-1.239436619718E-16,
    -0.281690140845));
#6075 = CONICAL_SURFACE('',#6076,7.1,0.785398163397);
#6076 = AXIS2_PLACEMENT_3D('',#6077,#6078,#6079);
#6077 = CARTESIAN_POINT('',(-1.885084321376,80.45,6.9));
#6078 = DIRECTION('',(0.,-1.,4.4E-16));
#6079 = DIRECTION('',(-0.959505427056,-1.239436619718E-16,
    -0.281690140845));
#6080 = ADVANCED_FACE('',(#6081),#6100,.T.);
#6081 = FACE_BOUND('',#6082,.T.);
#6082 = EDGE_LOOP('',(#6083,#6084,#6085,#6093));
#6083 = ORIENTED_EDGE('',*,*,#1257,.T.);
#6084 = ORIENTED_EDGE('',*,*,#6044,.T.);
#6085 = ORIENTED_EDGE('',*,*,#6086,.F.);
#6086 = EDGE_CURVE('',#6087,#6037,#6089,.T.);
#6087 = VERTEX_POINT('',#6088);
#6088 = CARTESIAN_POINT('',(2.993036790187,67.85,2.020963209813));
#6089 = LINE('',#6090,#6091);
#6090 = CARTESIAN_POINT('',(2.993036790187,81.15,2.020963209813));
#6091 = VECTOR('',#6092,1.);
#6092 = DIRECTION('',(0.,-1.,2.2E-16));
#6093 = ORIENTED_EDGE('',*,*,#6094,.F.);
#6094 = EDGE_CURVE('',#1258,#6087,#6095,.T.);
#6095 = CIRCLE('',#6096,6.9);
#6096 = AXIS2_PLACEMENT_3D('',#6097,#6098,#6099);
#6097 = CARTESIAN_POINT('',(-1.886,67.85,6.9));
#6098 = DIRECTION('',(0.,1.,0.));
#6099 = DIRECTION('',(-0.999894974531,0.,-1.449275362319E-02));
#6100 = CYLINDRICAL_SURFACE('',#6101,6.9);
#6101 = AXIS2_PLACEMENT_3D('',#6102,#6103,#6104);
#6102 = CARTESIAN_POINT('',(-1.886,81.15,6.9));
#6103 = DIRECTION('',(0.,1.,-2.2E-16));
#6104 = DIRECTION('',(-1.,0.,0.));
#6105 = ADVANCED_FACE('',(#6106),#6143,.F.);
#6106 = FACE_BOUND('',#6107,.T.);
#6107 = EDGE_LOOP('',(#6108,#6109,#6118,#6127,#6135,#6142));
#6108 = ORIENTED_EDGE('',*,*,#1291,.T.);
#6109 = ORIENTED_EDGE('',*,*,#6110,.F.);
#6110 = EDGE_CURVE('',#6111,#1283,#6113,.T.);
#6111 = VERTEX_POINT('',#6112);
#6112 = CARTESIAN_POINT('',(-8.697572853476,69.55,4.9));
#6113 = CIRCLE('',#6114,7.1);
#6114 = AXIS2_PLACEMENT_3D('',#6115,#6116,#6117);
#6115 = CARTESIAN_POINT('',(-1.885084321376,69.55,6.9));
#6116 = DIRECTION('',(0.,1.,0.));
#6117 = DIRECTION('',(-0.959505427056,0.,-0.281690140845));
#6118 = ORIENTED_EDGE('',*,*,#6119,.F.);
#6119 = EDGE_CURVE('',#6120,#6111,#6122,.T.);
#6120 = VERTEX_POINT('',#6121);
#6121 = CARTESIAN_POINT('',(-6.90554164747,69.55,1.879541033246));
#6122 = CIRCLE('',#6123,7.1);
#6123 = AXIS2_PLACEMENT_3D('',#6124,#6125,#6126);
#6124 = CARTESIAN_POINT('',(-1.885084321376,69.55,6.9));
#6125 = DIRECTION('',(0.,1.,0.));
#6126 = DIRECTION('',(-0.707106665647,0.,-0.707106896726));
#6127 = ORIENTED_EDGE('',*,*,#6128,.T.);
#6128 = EDGE_CURVE('',#6120,#6129,#6131,.T.);
#6129 = VERTEX_POINT('',#6130);
#6130 = CARTESIAN_POINT('',(-6.90554164747,80.45,1.879541033246));
#6131 = LINE('',#6132,#6133);
#6132 = CARTESIAN_POINT('',(-6.90554164747,4.2E-16,1.879541033246));
#6133 = VECTOR('',#6134,1.);
#6134 = DIRECTION('',(0.,1.,-2.2E-16));
#6135 = ORIENTED_EDGE('',*,*,#6136,.T.);
#6136 = EDGE_CURVE('',#6129,#6060,#6137,.T.);
#6137 = CIRCLE('',#6138,7.1);
#6138 = AXIS2_PLACEMENT_3D('',#6139,#6140,#6141);
#6139 = CARTESIAN_POINT('',(-1.885084321376,80.45,6.9));
#6140 = DIRECTION('',(-2.465190328816E-32,1.,-4.4E-16));
#6141 = DIRECTION('',(-0.707106665647,-3.111270345594E-16,
    -0.707106896726));
#6142 = ORIENTED_EDGE('',*,*,#6069,.T.);
#6143 = CYLINDRICAL_SURFACE('',#6144,7.1);
#6144 = AXIS2_PLACEMENT_3D('',#6145,#6146,#6147);
#6145 = CARTESIAN_POINT('',(-1.885084321376,1.53E-15,6.9));
#6146 = DIRECTION('',(0.,-1.,2.2E-16));
#6147 = DIRECTION('',(-1.,0.,0.));
#6148 = ADVANCED_FACE('',(#6149),#6168,.T.);
#6149 = FACE_BOUND('',#6150,.T.);
#6150 = EDGE_LOOP('',(#6151,#6152,#6153,#6161));
#6151 = ORIENTED_EDGE('',*,*,#1265,.F.);
#6152 = ORIENTED_EDGE('',*,*,#6094,.T.);
#6153 = ORIENTED_EDGE('',*,*,#6154,.T.);
#6154 = EDGE_CURVE('',#6087,#6155,#6157,.T.);
#6155 = VERTEX_POINT('',#6156);
#6156 = CARTESIAN_POINT('',(2.285930009001,68.85,2.728069990999));
#6157 = LINE('',#6158,#6159);
#6158 = CARTESIAN_POINT('',(2.993036790187,67.85,2.020963209813));
#6159 = VECTOR('',#6160,1.);
#6160 = DIRECTION('',(-0.5,0.707106781187,0.5));
#6161 = ORIENTED_EDGE('',*,*,#6162,.F.);
#6162 = EDGE_CURVE('',#1266,#6155,#6163,.T.);
#6163 = CIRCLE('',#6164,5.9);
#6164 = AXIS2_PLACEMENT_3D('',#6165,#6166,#6167);
#6165 = CARTESIAN_POINT('',(-1.886,68.85,6.9));
#6166 = DIRECTION('',(0.,1.,0.));
#6167 = DIRECTION('',(-0.999894974531,0.,-1.449275362319E-02));
#6168 = CONICAL_SURFACE('',#6169,6.9,0.785398163397);
#6169 = AXIS2_PLACEMENT_3D('',#6170,#6171,#6172);
#6170 = CARTESIAN_POINT('',(-1.886,67.85,6.9));
#6171 = DIRECTION('',(-0.,-1.,-0.));
#6172 = DIRECTION('',(-0.999894974531,0.,-1.449275362319E-02));
#6173 = ADVANCED_FACE('',(#6174),#6193,.F.);
#6174 = FACE_BOUND('',#6175,.T.);
#6175 = EDGE_LOOP('',(#6176,#6184,#6185,#6186));
#6176 = ORIENTED_EDGE('',*,*,#6177,.F.);
#6177 = EDGE_CURVE('',#6111,#6178,#6180,.T.);
#6178 = VERTEX_POINT('',#6179);
#6179 = CARTESIAN_POINT('',(-8.025919054537,68.85,5.097183098592));
#6180 = LINE('',#6181,#6182);
#6181 = CARTESIAN_POINT('',(-8.697572853476,69.55,4.9));
#6182 = VECTOR('',#6183,1.);
#6183 = DIRECTION('',(0.678472794057,-0.707106781187,0.199185008785));
#6184 = ORIENTED_EDGE('',*,*,#6110,.T.);
#6185 = ORIENTED_EDGE('',*,*,#1282,.T.);
#6186 = ORIENTED_EDGE('',*,*,#6187,.F.);
#6187 = EDGE_CURVE('',#6178,#1275,#6188,.T.);
#6188 = CIRCLE('',#6189,6.4);
#6189 = AXIS2_PLACEMENT_3D('',#6190,#6191,#6192);
#6190 = CARTESIAN_POINT('',(-1.885084321376,68.85,6.9));
#6191 = DIRECTION('',(0.,1.,0.));
#6192 = DIRECTION('',(-0.959505427056,0.,-0.281690140845));
#6193 = CONICAL_SURFACE('',#6194,7.1,0.785398163397);
#6194 = AXIS2_PLACEMENT_3D('',#6195,#6196,#6197);
#6195 = CARTESIAN_POINT('',(-1.885084321376,69.55,6.9));
#6196 = DIRECTION('',(0.,1.,0.));
#6197 = DIRECTION('',(-0.959505427056,-0.,-0.281690140845));
#6198 = ADVANCED_FACE('',(#6199,#6235),#6262,.T.);
#6199 = FACE_BOUND('',#6200,.F.);
#6200 = EDGE_LOOP('',(#6201,#6211,#6219,#6225,#6226,#6227,#6228));
#6201 = ORIENTED_EDGE('',*,*,#6202,.F.);
#6202 = EDGE_CURVE('',#6203,#6205,#6207,.T.);
#6203 = VERTEX_POINT('',#6204);
#6204 = CARTESIAN_POINT('',(-5.036050671379,68.85,1.));
#6205 = VERTEX_POINT('',#6206);
#6206 = CARTESIAN_POINT('',(-6.410566981517,68.85,2.374515860954));
#6207 = LINE('',#6208,#6209);
#6208 = CARTESIAN_POINT('',(-4.531025334047,68.85,0.494974827708));
#6209 = VECTOR('',#6210,1.);
#6210 = DIRECTION('',(-0.707106896726,0.,0.707106665647));
#6211 = ORIENTED_EDGE('',*,*,#6212,.F.);
#6212 = EDGE_CURVE('',#6213,#6203,#6215,.T.);
#6213 = VERTEX_POINT('',#6214);
#6214 = CARTESIAN_POINT('',(0.557860018001,68.85,1.));
#6215 = LINE('',#6216,#6217);
#6216 = CARTESIAN_POINT('',(-0.442139981999,68.85,1.));
#6217 = VECTOR('',#6218,1.);
#6218 = DIRECTION('',(-1.,-0.,-0.));
#6219 = ORIENTED_EDGE('',*,*,#6220,.F.);
#6220 = EDGE_CURVE('',#6155,#6213,#6221,.T.);
#6221 = LINE('',#6222,#6223);
#6222 = CARTESIAN_POINT('',(2.285930009001,68.85,2.728069990999));
#6223 = VECTOR('',#6224,1.);
#6224 = DIRECTION('',(-0.707106781187,-0.,-0.707106781187));
#6225 = ORIENTED_EDGE('',*,*,#6162,.F.);
#6226 = ORIENTED_EDGE('',*,*,#1274,.F.);
#6227 = ORIENTED_EDGE('',*,*,#6187,.F.);
#6228 = ORIENTED_EDGE('',*,*,#6229,.F.);
#6229 = EDGE_CURVE('',#6205,#6178,#6230,.T.);
#6230 = CIRCLE('',#6231,6.4);
#6231 = AXIS2_PLACEMENT_3D('',#6232,#6233,#6234);
#6232 = CARTESIAN_POINT('',(-1.885084321376,68.85,6.9));
#6233 = DIRECTION('',(0.,1.,0.));
#6234 = DIRECTION('',(-0.707106665647,0.,-0.707106896726));
#6235 = FACE_BOUND('',#6236,.F.);
#6236 = EDGE_LOOP('',(#6237,#6248,#6256));
#6237 = ORIENTED_EDGE('',*,*,#6238,.T.);
#6238 = EDGE_CURVE('',#6239,#6241,#6243,.T.);
#6239 = VERTEX_POINT('',#6240);
#6240 = CARTESIAN_POINT('',(0.614,68.85,11.230127018922));
#6241 = VERTEX_POINT('',#6242);
#6242 = CARTESIAN_POINT('',(-4.386,68.85,11.230127018922));
#6243 = CIRCLE('',#6244,5.);
#6244 = AXIS2_PLACEMENT_3D('',#6245,#6246,#6247);
#6245 = CARTESIAN_POINT('',(-1.886,68.85,6.9));
#6246 = DIRECTION('',(0.,1.,-0.));
#6247 = DIRECTION('',(-1.,0.,-0.));
#6248 = ORIENTED_EDGE('',*,*,#6249,.F.);
#6249 = EDGE_CURVE('',#6250,#6241,#6252,.T.);
#6250 = VERTEX_POINT('',#6251);
#6251 = CARTESIAN_POINT('',(-1.886,68.85,12.673502691896));
#6252 = LINE('',#6253,#6254);
#6253 = CARTESIAN_POINT('',(-1.886,68.85,12.673502691896));
#6254 = VECTOR('',#6255,1.);
#6255 = DIRECTION('',(-0.866025403784,0.,-0.5));
#6256 = ORIENTED_EDGE('',*,*,#6257,.T.);
#6257 = EDGE_CURVE('',#6250,#6239,#6258,.T.);
#6258 = LINE('',#6259,#6260);
#6259 = CARTESIAN_POINT('',(-1.886,68.85,12.673502691896));
#6260 = VECTOR('',#6261,1.);
#6261 = DIRECTION('',(0.866025403784,0.,-0.5));
#6262 = PLANE('',#6263);
#6263 = AXIS2_PLACEMENT_3D('',#6264,#6265,#6266);
#6264 = CARTESIAN_POINT('',(-2.53426515358,68.85,6.411013710369));
#6265 = DIRECTION('',(0.,1.,0.));
#6266 = DIRECTION('',(0.,0.,-1.));
#6267 = ADVANCED_FACE('',(#6268),#6294,.T.);
#6268 = FACE_BOUND('',#6269,.T.);
#6269 = EDGE_LOOP('',(#6270,#6271,#6272,#6280,#6288));
#6270 = ORIENTED_EDGE('',*,*,#4507,.F.);
#6271 = ORIENTED_EDGE('',*,*,#1560,.T.);
#6272 = ORIENTED_EDGE('',*,*,#6273,.T.);
#6273 = EDGE_CURVE('',#1561,#6274,#6276,.T.);
#6274 = VERTEX_POINT('',#6275);
#6275 = CARTESIAN_POINT('',(-5.026,1.6,-4.E-14));
#6276 = LINE('',#6277,#6278);
#6277 = CARTESIAN_POINT('',(-23.43017407855,-16.80416806416,
    18.404168064168));
#6278 = VECTOR('',#6279,1.);
#6279 = DIRECTION('',(0.577350394973,0.577350206298,-0.577350206298));
#6280 = ORIENTED_EDGE('',*,*,#6281,.T.);
#6281 = EDGE_CURVE('',#6274,#6282,#6284,.T.);
#6282 = VERTEX_POINT('',#6283);
#6283 = CARTESIAN_POINT('',(-5.026,10.25,-8.E-15));
#6284 = LINE('',#6285,#6286);
#6285 = CARTESIAN_POINT('',(-5.026,-7.95,-7.E-15));
#6286 = VECTOR('',#6287,1.);
#6287 = DIRECTION('',(0.,1.,0.));
#6288 = ORIENTED_EDGE('',*,*,#6289,.T.);
#6289 = EDGE_CURVE('',#6282,#4508,#6290,.T.);
#6290 = LINE('',#6291,#6292);
#6291 = CARTESIAN_POINT('',(-5.026,10.25,-8.33E-15));
#6292 = VECTOR('',#6293,1.);
#6293 = DIRECTION('',(-0.707106896726,0.,0.707106665647));
#6294 = PLANE('',#6295);
#6295 = AXIS2_PLACEMENT_3D('',#6296,#6297,#6298);
#6296 = CARTESIAN_POINT('',(-5.026,-7.95,-7.55E-15));
#6297 = DIRECTION('',(0.707106665647,0.,0.707106896726));
#6298 = DIRECTION('',(-0.707106896726,0.,0.707106665647));
#6299 = ADVANCED_FACE('',(#6300),#6318,.F.);
#6300 = FACE_BOUND('',#6301,.F.);
#6301 = EDGE_LOOP('',(#6302,#6310,#6311,#6312));
#6302 = ORIENTED_EDGE('',*,*,#6303,.F.);
#6303 = EDGE_CURVE('',#1569,#6304,#6306,.T.);
#6304 = VERTEX_POINT('',#6305);
#6305 = CARTESIAN_POINT('',(-104.301,1.6,2.3E-14));
#6306 = LINE('',#6307,#6308);
#6307 = CARTESIAN_POINT('',(-104.301,0.,1.6));
#6308 = VECTOR('',#6309,1.);
#6309 = DIRECTION('',(-4.4E-16,0.707106781187,-0.707106781187));
#6310 = ORIENTED_EDGE('',*,*,#1568,.T.);
#6311 = ORIENTED_EDGE('',*,*,#6273,.T.);
#6312 = ORIENTED_EDGE('',*,*,#6313,.F.);
#6313 = EDGE_CURVE('',#6304,#6274,#6314,.T.);
#6314 = LINE('',#6315,#6316);
#6315 = CARTESIAN_POINT('',(-104.301,1.6,2.634E-14));
#6316 = VECTOR('',#6317,1.);
#6317 = DIRECTION('',(1.,0.,-9.3E-16));
#6318 = PLANE('',#6319);
#6319 = AXIS2_PLACEMENT_3D('',#6320,#6321,#6322);
#6320 = CARTESIAN_POINT('',(-104.301,0.8,0.8));
#6321 = DIRECTION('',(2.8E-16,0.707106781187,0.707106781187));
#6322 = DIRECTION('',(1.,2.670101012678E-16,-6.629898987322E-16));
#6323 = ADVANCED_FACE('',(#6324),#6343,.T.);
#6324 = FACE_BOUND('',#6325,.F.);
#6325 = EDGE_LOOP('',(#6326,#6327,#6336,#6342));
#6326 = ORIENTED_EDGE('',*,*,#1576,.F.);
#6327 = ORIENTED_EDGE('',*,*,#6328,.F.);
#6328 = EDGE_CURVE('',#6329,#1569,#6331,.T.);
#6329 = VERTEX_POINT('',#6330);
#6330 = CARTESIAN_POINT('',(-115.301,11.,1.6));
#6331 = CIRCLE('',#6332,11.);
#6332 = AXIS2_PLACEMENT_3D('',#6333,#6334,#6335);
#6333 = CARTESIAN_POINT('',(-104.301,11.,1.6));
#6334 = DIRECTION('',(4.1E-16,0.,1.));
#6335 = DIRECTION('',(-1.,1.6E-16,4.1E-16));
#6336 = ORIENTED_EDGE('',*,*,#6337,.T.);
#6337 = EDGE_CURVE('',#6329,#1694,#6338,.T.);
#6338 = LINE('',#6339,#6340);
#6339 = CARTESIAN_POINT('',(-115.301,11.,0.));
#6340 = VECTOR('',#6341,1.);
#6341 = DIRECTION('',(0.,0.,1.));
#6342 = ORIENTED_EDGE('',*,*,#1693,.F.);
#6343 = CYLINDRICAL_SURFACE('',#6344,11.);
#6344 = AXIS2_PLACEMENT_3D('',#6345,#6346,#6347);
#6345 = CARTESIAN_POINT('',(-104.301,11.,0.));
#6346 = DIRECTION('',(0.,0.,1.));
#6347 = DIRECTION('',(0.,-1.,0.));
#6348 = ADVANCED_FACE('',(#6349),#6368,.T.);
#6349 = FACE_BOUND('',#6350,.F.);
#6350 = EDGE_LOOP('',(#6351,#6359,#6366,#6367));
#6351 = ORIENTED_EDGE('',*,*,#6352,.F.);
#6352 = EDGE_CURVE('',#6353,#1703,#6355,.T.);
#6353 = VERTEX_POINT('',#6354);
#6354 = CARTESIAN_POINT('',(-115.301,139.,1.6));
#6355 = LINE('',#6356,#6357);
#6356 = CARTESIAN_POINT('',(-115.301,139.,0.));
#6357 = VECTOR('',#6358,1.);
#6358 = DIRECTION('',(0.,0.,1.));
#6359 = ORIENTED_EDGE('',*,*,#6360,.F.);
#6360 = EDGE_CURVE('',#1610,#6353,#6361,.T.);
#6361 = CIRCLE('',#6362,11.);
#6362 = AXIS2_PLACEMENT_3D('',#6363,#6364,#6365);
#6363 = CARTESIAN_POINT('',(-104.301,139.,1.6));
#6364 = DIRECTION('',(4.1E-16,-0.,1.));
#6365 = DIRECTION('',(0.,1.,0.));
#6366 = ORIENTED_EDGE('',*,*,#1609,.T.);
#6367 = ORIENTED_EDGE('',*,*,#1710,.F.);
#6368 = CYLINDRICAL_SURFACE('',#6369,11.);
#6369 = AXIS2_PLACEMENT_3D('',#6370,#6371,#6372);
#6370 = CARTESIAN_POINT('',(-104.301,139.,0.));
#6371 = DIRECTION('',(0.,0.,1.));
#6372 = DIRECTION('',(-1.,0.,0.));
#6373 = ADVANCED_FACE('',(#6374),#6400,.T.);
#6374 = FACE_BOUND('',#6375,.F.);
#6375 = EDGE_LOOP('',(#6376,#6377,#6378,#6386,#6394));
#6376 = ORIENTED_EDGE('',*,*,#4336,.F.);
#6377 = ORIENTED_EDGE('',*,*,#1625,.T.);
#6378 = ORIENTED_EDGE('',*,*,#6379,.T.);
#6379 = EDGE_CURVE('',#1618,#6380,#6382,.T.);
#6380 = VERTEX_POINT('',#6381);
#6381 = CARTESIAN_POINT('',(-5.026,148.4,-2.4E-14));
#6382 = LINE('',#6383,#6384);
#6383 = CARTESIAN_POINT('',(-6.884333535765,150.25833292847,
    1.858332928471));
#6384 = VECTOR('',#6385,1.);
#6385 = DIRECTION('',(0.577350394973,-0.577350206298,-0.577350206298));
#6386 = ORIENTED_EDGE('',*,*,#6387,.T.);
#6387 = EDGE_CURVE('',#6380,#6388,#6390,.T.);
#6388 = VERTEX_POINT('',#6389);
#6389 = CARTESIAN_POINT('',(-5.026,139.75,-3.6E-14));
#6390 = LINE('',#6391,#6392);
#6391 = CARTESIAN_POINT('',(-5.026,157.95,-4.384E-14));
#6392 = VECTOR('',#6393,1.);
#6393 = DIRECTION('',(0.,-1.,4.4E-16));
#6394 = ORIENTED_EDGE('',*,*,#6395,.T.);
#6395 = EDGE_CURVE('',#6388,#4337,#6396,.T.);
#6396 = LINE('',#6397,#6398);
#6397 = CARTESIAN_POINT('',(-5.026,139.75,-3.662E-14));
#6398 = VECTOR('',#6399,1.);
#6399 = DIRECTION('',(-0.707106896726,3.1E-16,0.707106665647));
#6400 = PLANE('',#6401);
#6401 = AXIS2_PLACEMENT_3D('',#6402,#6403,#6404);
#6402 = CARTESIAN_POINT('',(-5.026,157.95,-4.439E-14));
#6403 = DIRECTION('',(0.707106665647,3.1E-16,0.707106896726));
#6404 = DIRECTION('',(0.707106896726,-3.1E-16,-0.707106665647));
#6405 = ADVANCED_FACE('',(#6406),#6424,.F.);
#6406 = FACE_BOUND('',#6407,.F.);
#6407 = EDGE_LOOP('',(#6408,#6409,#6410,#6418));
#6408 = ORIENTED_EDGE('',*,*,#6379,.F.);
#6409 = ORIENTED_EDGE('',*,*,#1617,.T.);
#6410 = ORIENTED_EDGE('',*,*,#6411,.T.);
#6411 = EDGE_CURVE('',#1610,#6412,#6414,.T.);
#6412 = VERTEX_POINT('',#6413);
#6413 = CARTESIAN_POINT('',(-104.301,148.4,4.2E-14));
#6414 = LINE('',#6415,#6416);
#6415 = CARTESIAN_POINT('',(-104.301,149.2,0.8));
#6416 = VECTOR('',#6417,1.);
#6417 = DIRECTION('',(-6.6E-16,-0.707106781187,-0.707106781187));
#6418 = ORIENTED_EDGE('',*,*,#6419,.F.);
#6419 = EDGE_CURVE('',#6380,#6412,#6420,.T.);
#6420 = LINE('',#6421,#6422);
#6421 = CARTESIAN_POINT('',(-5.026,148.4,-1.393E-14));
#6422 = VECTOR('',#6423,1.);
#6423 = DIRECTION('',(-1.,0.,9.3E-16));
#6424 = PLANE('',#6425);
#6425 = AXIS2_PLACEMENT_3D('',#6426,#6427,#6428);
#6426 = CARTESIAN_POINT('',(-5.026,149.2,0.8));
#6427 = DIRECTION('',(2.8E-16,-0.707106781187,0.707106781187));
#6428 = DIRECTION('',(-1.,2.670101012678E-16,6.629898987322E-16));
#6429 = ADVANCED_FACE('',(#6430),#6441,.F.);
#6430 = FACE_BOUND('',#6431,.T.);
#6431 = EDGE_LOOP('',(#6432,#6433,#6434,#6435));
#6432 = ORIENTED_EDGE('',*,*,#6337,.T.);
#6433 = ORIENTED_EDGE('',*,*,#1702,.T.);
#6434 = ORIENTED_EDGE('',*,*,#6352,.F.);
#6435 = ORIENTED_EDGE('',*,*,#6436,.T.);
#6436 = EDGE_CURVE('',#6353,#6329,#6437,.T.);
#6437 = LINE('',#6438,#6439);
#6438 = CARTESIAN_POINT('',(-115.301,139.,1.6));
#6439 = VECTOR('',#6440,1.);
#6440 = DIRECTION('',(-0.,-1.,-0.));
#6441 = PLANE('',#6442);
#6442 = AXIS2_PLACEMENT_3D('',#6443,#6444,#6445);
#6443 = CARTESIAN_POINT('',(-115.301,0.,0.));
#6444 = DIRECTION('',(1.,0.,0.));
#6445 = DIRECTION('',(0.,-1.,0.));
#6446 = ADVANCED_FACE('',(#6447),#6458,.F.);
#6447 = FACE_BOUND('',#6448,.T.);
#6448 = EDGE_LOOP('',(#6449,#6450,#6451,#6457));
#6449 = ORIENTED_EDGE('',*,*,#1782,.T.);
#6450 = ORIENTED_EDGE('',*,*,#2375,.T.);
#6451 = ORIENTED_EDGE('',*,*,#6452,.F.);
#6452 = EDGE_CURVE('',#1669,#2368,#6453,.T.);
#6453 = LINE('',#6454,#6455);
#6454 = CARTESIAN_POINT('',(-113.8009999999,10.999996895448,4.9));
#6455 = VECTOR('',#6456,1.);
#6456 = DIRECTION('',(0.,0.,-1.));
#6457 = ORIENTED_EDGE('',*,*,#1676,.F.);
#6458 = CYLINDRICAL_SURFACE('',#6459,9.5);
#6459 = AXIS2_PLACEMENT_3D('',#6460,#6461,#6462);
#6460 = CARTESIAN_POINT('',(-104.301,11.,4.9));
#6461 = DIRECTION('',(0.,0.,1.));
#6462 = DIRECTION('',(-1.,0.,0.));
#6463 = ADVANCED_FACE('',(#6464),#6512,.T.);
#6464 = FACE_BOUND('',#6465,.F.);
#6465 = EDGE_LOOP('',(#6466,#6467,#6475,#6483,#6489,#6490,#6496,#6497,
    #6503,#6504,#6510,#6511));
#6466 = ORIENTED_EDGE('',*,*,#1668,.T.);
#6467 = ORIENTED_EDGE('',*,*,#6468,.T.);
#6468 = EDGE_CURVE('',#1660,#6469,#6471,.T.);
#6469 = VERTEX_POINT('',#6470);
#6470 = CARTESIAN_POINT('',(-113.8009999999,139.,1.6));
#6471 = LINE('',#6472,#6473);
#6472 = CARTESIAN_POINT('',(-113.8009999999,139.,4.9));
#6473 = VECTOR('',#6474,1.);
#6474 = DIRECTION('',(0.,0.,-1.));
#6475 = ORIENTED_EDGE('',*,*,#6476,.F.);
#6476 = EDGE_CURVE('',#6477,#6469,#6479,.T.);
#6477 = VERTEX_POINT('',#6478);
#6478 = CARTESIAN_POINT('',(-113.8009999999,134.69999999999,1.6));
#6479 = LINE('',#6480,#6481);
#6480 = CARTESIAN_POINT('',(-113.8009999999,134.69999999999,1.6));
#6481 = VECTOR('',#6482,1.);
#6482 = DIRECTION('',(0.,1.,0.));
#6483 = ORIENTED_EDGE('',*,*,#6484,.F.);
#6484 = EDGE_CURVE('',#2264,#6477,#6485,.T.);
#6485 = LINE('',#6486,#6487);
#6486 = CARTESIAN_POINT('',(-113.8009999999,134.69999999999,4.9));
#6487 = VECTOR('',#6488,1.);
#6488 = DIRECTION('',(0.,0.,-1.));
#6489 = ORIENTED_EDGE('',*,*,#2271,.F.);
#6490 = ORIENTED_EDGE('',*,*,#6491,.F.);
#6491 = EDGE_CURVE('',#2296,#2272,#6492,.T.);
#6492 = LINE('',#6493,#6494);
#6493 = CARTESIAN_POINT('',(-113.8009999999,10.999996895448,3.7));
#6494 = VECTOR('',#6495,1.);
#6495 = DIRECTION('',(0.,1.,0.));
#6496 = ORIENTED_EDGE('',*,*,#2303,.F.);
#6497 = ORIENTED_EDGE('',*,*,#6498,.F.);
#6498 = EDGE_CURVE('',#2328,#2304,#6499,.T.);
#6499 = LINE('',#6500,#6501);
#6500 = CARTESIAN_POINT('',(-113.8009999999,10.999996895448,3.7));
#6501 = VECTOR('',#6502,1.);
#6502 = DIRECTION('',(0.,1.,0.));
#6503 = ORIENTED_EDGE('',*,*,#2335,.F.);
#6504 = ORIENTED_EDGE('',*,*,#6505,.F.);
#6505 = EDGE_CURVE('',#2360,#2336,#6506,.T.);
#6506 = LINE('',#6507,#6508);
#6507 = CARTESIAN_POINT('',(-113.8009999999,10.999996895448,3.7));
#6508 = VECTOR('',#6509,1.);
#6509 = DIRECTION('',(0.,1.,0.));
#6510 = ORIENTED_EDGE('',*,*,#2367,.F.);
#6511 = ORIENTED_EDGE('',*,*,#6452,.F.);
#6512 = PLANE('',#6513);
#6513 = AXIS2_PLACEMENT_3D('',#6514,#6515,#6516);
#6514 = CARTESIAN_POINT('',(-113.8009999999,75.989221602246,
    4.239223154522));
#6515 = DIRECTION('',(1.,0.,0.));
#6516 = DIRECTION('',(0.,0.,1.));
#6517 = ADVANCED_FACE('',(#6518),#6530,.F.);
#6518 = FACE_BOUND('',#6519,.T.);
#6519 = EDGE_LOOP('',(#6520,#6527,#6528,#6529));
#6520 = ORIENTED_EDGE('',*,*,#6521,.T.);
#6521 = EDGE_CURVE('',#6469,#1880,#6522,.T.);
#6522 = CIRCLE('',#6523,9.499999999999);
#6523 = AXIS2_PLACEMENT_3D('',#6524,#6525,#6526);
#6524 = CARTESIAN_POINT('',(-104.301,139.,1.6));
#6525 = DIRECTION('',(0.,0.,-1.));
#6526 = DIRECTION('',(-1.,-0.,-0.));
#6527 = ORIENTED_EDGE('',*,*,#1887,.F.);
#6528 = ORIENTED_EDGE('',*,*,#1659,.F.);
#6529 = ORIENTED_EDGE('',*,*,#6468,.T.);
#6530 = CYLINDRICAL_SURFACE('',#6531,9.499999999999);
#6531 = AXIS2_PLACEMENT_3D('',#6532,#6533,#6534);
#6532 = CARTESIAN_POINT('',(-104.301,139.,4.9));
#6533 = DIRECTION('',(0.,0.,1.));
#6534 = DIRECTION('',(-1.,0.,0.));
#6535 = ADVANCED_FACE('',(#6536),#6561,.T.);
#6536 = FACE_BOUND('',#6537,.F.);
#6537 = EDGE_LOOP('',(#6538,#6548,#6554,#6555));
#6538 = ORIENTED_EDGE('',*,*,#6539,.T.);
#6539 = EDGE_CURVE('',#6540,#6542,#6544,.T.);
#6540 = VERTEX_POINT('',#6541);
#6541 = CARTESIAN_POINT('',(-43.801,2.7,1.9));
#6542 = VERTEX_POINT('',#6543);
#6543 = CARTESIAN_POINT('',(-27.801,2.7,1.9));
#6544 = LINE('',#6545,#6546);
#6545 = CARTESIAN_POINT('',(-43.801,2.7,1.9));
#6546 = VECTOR('',#6547,1.);
#6547 = DIRECTION('',(1.,0.,0.));
#6548 = ORIENTED_EDGE('',*,*,#6549,.T.);
#6549 = EDGE_CURVE('',#6542,#1727,#6550,.T.);
#6550 = LINE('',#6551,#6552);
#6551 = CARTESIAN_POINT('',(-27.801,2.7,1.9));
#6552 = VECTOR('',#6553,1.);
#6553 = DIRECTION('',(0.,-0.554700196225,0.832050294338));
#6554 = ORIENTED_EDGE('',*,*,#1734,.T.);
#6555 = ORIENTED_EDGE('',*,*,#6556,.F.);
#6556 = EDGE_CURVE('',#6540,#1735,#6557,.T.);
#6557 = LINE('',#6558,#6559);
#6558 = CARTESIAN_POINT('',(-43.801,2.7,1.9));
#6559 = VECTOR('',#6560,1.);
#6560 = DIRECTION('',(0.,-0.554700196225,0.832050294338));
#6561 = PLANE('',#6562);
#6562 = AXIS2_PLACEMENT_3D('',#6563,#6564,#6565);
#6563 = CARTESIAN_POINT('',(-43.801,2.7,1.9));
#6564 = DIRECTION('',(0.,0.832050294338,0.554700196225));
#6565 = DIRECTION('',(0.,0.554700196225,-0.832050294338));
#6566 = ADVANCED_FACE('',(#6567),#6592,.T.);
#6567 = FACE_BOUND('',#6568,.F.);
#6568 = EDGE_LOOP('',(#6569,#6579,#6585,#6586));
#6569 = ORIENTED_EDGE('',*,*,#6570,.T.);
#6570 = EDGE_CURVE('',#6571,#6573,#6575,.T.);
#6571 = VERTEX_POINT('',#6572);
#6572 = CARTESIAN_POINT('',(-70.801,2.7,1.9));
#6573 = VERTEX_POINT('',#6574);
#6574 = CARTESIAN_POINT('',(-54.801,2.7,1.9));
#6575 = LINE('',#6576,#6577);
#6576 = CARTESIAN_POINT('',(-70.801,2.7,1.9));
#6577 = VECTOR('',#6578,1.);
#6578 = DIRECTION('',(1.,0.,0.));
#6579 = ORIENTED_EDGE('',*,*,#6580,.T.);
#6580 = EDGE_CURVE('',#6573,#1743,#6581,.T.);
#6581 = LINE('',#6582,#6583);
#6582 = CARTESIAN_POINT('',(-54.801,2.7,1.9));
#6583 = VECTOR('',#6584,1.);
#6584 = DIRECTION('',(0.,-0.554700196225,0.832050294338));
#6585 = ORIENTED_EDGE('',*,*,#1750,.T.);
#6586 = ORIENTED_EDGE('',*,*,#6587,.F.);
#6587 = EDGE_CURVE('',#6571,#1751,#6588,.T.);
#6588 = LINE('',#6589,#6590);
#6589 = CARTESIAN_POINT('',(-70.801,2.7,1.9));
#6590 = VECTOR('',#6591,1.);
#6591 = DIRECTION('',(0.,-0.554700196225,0.832050294338));
#6592 = PLANE('',#6593);
#6593 = AXIS2_PLACEMENT_3D('',#6594,#6595,#6596);
#6594 = CARTESIAN_POINT('',(-70.801,2.7,1.9));
#6595 = DIRECTION('',(0.,0.832050294338,0.554700196225));
#6596 = DIRECTION('',(0.,0.554700196225,-0.832050294338));
#6597 = ADVANCED_FACE('',(#6598),#6623,.F.);
#6598 = FACE_BOUND('',#6599,.T.);
#6599 = EDGE_LOOP('',(#6600,#6610,#6616,#6617));
#6600 = ORIENTED_EDGE('',*,*,#6601,.T.);
#6601 = EDGE_CURVE('',#6602,#6604,#6606,.T.);
#6602 = VERTEX_POINT('',#6603);
#6603 = CARTESIAN_POINT('',(-81.801,2.7,1.9));
#6604 = VERTEX_POINT('',#6605);
#6605 = CARTESIAN_POINT('',(-97.801,2.7,1.9));
#6606 = LINE('',#6607,#6608);
#6607 = CARTESIAN_POINT('',(-81.801,2.7,1.9));
#6608 = VECTOR('',#6609,1.);
#6609 = DIRECTION('',(-1.,-0.,-0.));
#6610 = ORIENTED_EDGE('',*,*,#6611,.T.);
#6611 = EDGE_CURVE('',#6604,#1767,#6612,.T.);
#6612 = LINE('',#6613,#6614);
#6613 = CARTESIAN_POINT('',(-97.801,2.7,1.9));
#6614 = VECTOR('',#6615,1.);
#6615 = DIRECTION('',(0.,-0.554700196225,0.832050294338));
#6616 = ORIENTED_EDGE('',*,*,#1766,.F.);
#6617 = ORIENTED_EDGE('',*,*,#6618,.F.);
#6618 = EDGE_CURVE('',#6602,#1759,#6619,.T.);
#6619 = LINE('',#6620,#6621);
#6620 = CARTESIAN_POINT('',(-81.801,2.7,1.9));
#6621 = VECTOR('',#6622,1.);
#6622 = DIRECTION('',(0.,-0.554700196225,0.832050294338));
#6623 = PLANE('',#6624);
#6624 = AXIS2_PLACEMENT_3D('',#6625,#6626,#6627);
#6625 = CARTESIAN_POINT('',(-81.801,2.7,1.9));
#6626 = DIRECTION('',(-0.,-0.832050294338,-0.554700196225));
#6627 = DIRECTION('',(0.,0.554700196225,-0.832050294338));
#6628 = ADVANCED_FACE('',(#6629),#6679,.T.);
#6629 = FACE_BOUND('',#6630,.F.);
#6630 = EDGE_LOOP('',(#6631,#6639,#6640,#6641,#6649,#6657,#6665,#6673));
#6631 = ORIENTED_EDGE('',*,*,#6632,.F.);
#6632 = EDGE_CURVE('',#1808,#6633,#6635,.T.);
#6633 = VERTEX_POINT('',#6634);
#6634 = CARTESIAN_POINT('',(-21.284,144.99999999999,3.7));
#6635 = LINE('',#6636,#6637);
#6636 = CARTESIAN_POINT('',(-21.284,112.62949335051,3.7));
#6637 = VECTOR('',#6638,1.);
#6638 = DIRECTION('',(-0.,-1.,-0.));
#6639 = ORIENTED_EDGE('',*,*,#1807,.T.);
#6640 = ORIENTED_EDGE('',*,*,#2486,.T.);
#6641 = ORIENTED_EDGE('',*,*,#6642,.F.);
#6642 = EDGE_CURVE('',#6643,#2479,#6645,.T.);
#6643 = VERTEX_POINT('',#6644);
#6644 = CARTESIAN_POINT('',(-21.284,144.1,1.8));
#6645 = LINE('',#6646,#6647);
#6646 = CARTESIAN_POINT('',(-21.284,144.1,2.45));
#6647 = VECTOR('',#6648,1.);
#6648 = DIRECTION('',(-0.,-0.,-1.));
#6649 = ORIENTED_EDGE('',*,*,#6650,.F.);
#6650 = EDGE_CURVE('',#6651,#6643,#6653,.T.);
#6651 = VERTEX_POINT('',#6652);
#6652 = CARTESIAN_POINT('',(-21.284,143.83256842193,1.8));
#6653 = LINE('',#6654,#6655);
#6654 = CARTESIAN_POINT('',(-21.284,111.75,1.8));
#6655 = VECTOR('',#6656,1.);
#6656 = DIRECTION('',(0.,1.,0.));
#6657 = ORIENTED_EDGE('',*,*,#6658,.T.);
#6658 = EDGE_CURVE('',#6651,#6659,#6661,.T.);
#6659 = VERTEX_POINT('',#6660);
#6660 = CARTESIAN_POINT('',(-21.284,142.04278258744,4.9));
#6661 = LINE('',#6662,#6663);
#6662 = CARTESIAN_POINT('',(-21.284,143.82854347029,1.806971420743));
#6663 = VECTOR('',#6664,1.);
#6664 = DIRECTION('',(0.,-0.5,0.866025403784));
#6665 = ORIENTED_EDGE('',*,*,#6666,.F.);
#6666 = EDGE_CURVE('',#6667,#6659,#6669,.T.);
#6667 = VERTEX_POINT('',#6668);
#6668 = CARTESIAN_POINT('',(-21.284,144.99999999999,4.9));
#6669 = LINE('',#6670,#6671);
#6670 = CARTESIAN_POINT('',(-21.284,148.49999999999,4.9));
#6671 = VECTOR('',#6672,1.);
#6672 = DIRECTION('',(-0.,-1.,-0.));
#6673 = ORIENTED_EDGE('',*,*,#6674,.F.);
#6674 = EDGE_CURVE('',#6633,#6667,#6675,.T.);
#6675 = LINE('',#6676,#6677);
#6676 = CARTESIAN_POINT('',(-21.284,144.99999999999,4.9));
#6677 = VECTOR('',#6678,1.);
#6678 = DIRECTION('',(0.,0.,1.));
#6679 = PLANE('',#6680);
#6680 = AXIS2_PLACEMENT_3D('',#6681,#6682,#6683);
#6681 = CARTESIAN_POINT('',(-21.284,148.49999999999,4.9));
#6682 = DIRECTION('',(1.,0.,0.));
#6683 = DIRECTION('',(0.,1.,0.));
#6684 = ADVANCED_FACE('',(#6685),#6772,.T.);
#6685 = FACE_BOUND('',#6686,.F.);
#6686 = EDGE_LOOP('',(#6687,#6695,#6701,#6702,#6710,#6718,#6724,#6725,
    #6733,#6741,#6747,#6748,#6756,#6764,#6770,#6771));
#6687 = ORIENTED_EDGE('',*,*,#6688,.F.);
#6688 = EDGE_CURVE('',#6689,#6633,#6691,.T.);
#6689 = VERTEX_POINT('',#6690);
#6690 = CARTESIAN_POINT('',(-100.001,144.99999999999,3.7));
#6691 = LINE('',#6692,#6693);
#6692 = CARTESIAN_POINT('',(-104.301,144.99999999999,3.7));
#6693 = VECTOR('',#6694,1.);
#6694 = DIRECTION('',(1.,0.,0.));
#6695 = ORIENTED_EDGE('',*,*,#6696,.F.);
#6696 = EDGE_CURVE('',#1864,#6689,#6697,.T.);
#6697 = LINE('',#6698,#6699);
#6698 = CARTESIAN_POINT('',(-100.001,112.62949335051,3.7));
#6699 = VECTOR('',#6700,1.);
#6700 = DIRECTION('',(-0.,-1.,-0.));
#6701 = ORIENTED_EDGE('',*,*,#1863,.T.);
#6702 = ORIENTED_EDGE('',*,*,#6703,.T.);
#6703 = EDGE_CURVE('',#1856,#6704,#6706,.T.);
#6704 = VERTEX_POINT('',#6705);
#6705 = CARTESIAN_POINT('',(-97.801,146.1,3.7));
#6706 = LINE('',#6707,#6708);
#6707 = CARTESIAN_POINT('',(-97.801,148.5,3.7));
#6708 = VECTOR('',#6709,1.);
#6709 = DIRECTION('',(0.,-1.,4.4E-16));
#6710 = ORIENTED_EDGE('',*,*,#6711,.F.);
#6711 = EDGE_CURVE('',#6712,#6704,#6714,.T.);
#6712 = VERTEX_POINT('',#6713);
#6713 = CARTESIAN_POINT('',(-81.801,146.1,3.7));
#6714 = LINE('',#6715,#6716);
#6715 = CARTESIAN_POINT('',(-81.801,146.1,3.7));
#6716 = VECTOR('',#6717,1.);
#6717 = DIRECTION('',(-1.,-0.,-0.));
#6718 = ORIENTED_EDGE('',*,*,#6719,.F.);
#6719 = EDGE_CURVE('',#1848,#6712,#6720,.T.);
#6720 = LINE('',#6721,#6722);
#6721 = CARTESIAN_POINT('',(-81.801,148.5,3.7));
#6722 = VECTOR('',#6723,1.);
#6723 = DIRECTION('',(0.,-1.,4.4E-16));
#6724 = ORIENTED_EDGE('',*,*,#1847,.T.);
#6725 = ORIENTED_EDGE('',*,*,#6726,.T.);
#6726 = EDGE_CURVE('',#1840,#6727,#6729,.T.);
#6727 = VERTEX_POINT('',#6728);
#6728 = CARTESIAN_POINT('',(-70.801,146.1,3.7));
#6729 = LINE('',#6730,#6731);
#6730 = CARTESIAN_POINT('',(-70.801,148.5,3.7));
#6731 = VECTOR('',#6732,1.);
#6732 = DIRECTION('',(0.,-1.,4.4E-16));
#6733 = ORIENTED_EDGE('',*,*,#6734,.T.);
#6734 = EDGE_CURVE('',#6727,#6735,#6737,.T.);
#6735 = VERTEX_POINT('',#6736);
#6736 = CARTESIAN_POINT('',(-54.801,146.1,3.7));
#6737 = LINE('',#6738,#6739);
#6738 = CARTESIAN_POINT('',(-70.801,146.1,3.7));
#6739 = VECTOR('',#6740,1.);
#6740 = DIRECTION('',(1.,0.,0.));
#6741 = ORIENTED_EDGE('',*,*,#6742,.F.);
#6742 = EDGE_CURVE('',#1832,#6735,#6743,.T.);
#6743 = LINE('',#6744,#6745);
#6744 = CARTESIAN_POINT('',(-54.801,148.5,3.7));
#6745 = VECTOR('',#6746,1.);
#6746 = DIRECTION('',(0.,-1.,4.4E-16));
#6747 = ORIENTED_EDGE('',*,*,#1831,.T.);
#6748 = ORIENTED_EDGE('',*,*,#6749,.T.);
#6749 = EDGE_CURVE('',#1824,#6750,#6752,.T.);
#6750 = VERTEX_POINT('',#6751);
#6751 = CARTESIAN_POINT('',(-43.801,146.1,3.7));
#6752 = LINE('',#6753,#6754);
#6753 = CARTESIAN_POINT('',(-43.801,148.5,3.7));
#6754 = VECTOR('',#6755,1.);
#6755 = DIRECTION('',(0.,-1.,4.4E-16));
#6756 = ORIENTED_EDGE('',*,*,#6757,.T.);
#6757 = EDGE_CURVE('',#6750,#6758,#6760,.T.);
#6758 = VERTEX_POINT('',#6759);
#6759 = CARTESIAN_POINT('',(-27.801,146.1,3.7));
#6760 = LINE('',#6761,#6762);
#6761 = CARTESIAN_POINT('',(-43.801,146.1,3.7));
#6762 = VECTOR('',#6763,1.);
#6763 = DIRECTION('',(1.,0.,0.));
#6764 = ORIENTED_EDGE('',*,*,#6765,.F.);
#6765 = EDGE_CURVE('',#1816,#6758,#6766,.T.);
#6766 = LINE('',#6767,#6768);
#6767 = CARTESIAN_POINT('',(-27.801,148.5,3.7));
#6768 = VECTOR('',#6769,1.);
#6769 = DIRECTION('',(0.,-1.,4.4E-16));
#6770 = ORIENTED_EDGE('',*,*,#1815,.T.);
#6771 = ORIENTED_EDGE('',*,*,#6632,.T.);
#6772 = PLANE('',#6773);
#6773 = AXIS2_PLACEMENT_3D('',#6774,#6775,#6776);
#6774 = CARTESIAN_POINT('',(-78.69241763264,76.75898670103,3.7));
#6775 = DIRECTION('',(0.,0.,1.));
#6776 = DIRECTION('',(1.,0.,0.));
#6777 = ADVANCED_FACE('',(#6778),#6803,.F.);
#6778 = FACE_BOUND('',#6779,.F.);
#6779 = EDGE_LOOP('',(#6780,#6790,#6796,#6797));
#6780 = ORIENTED_EDGE('',*,*,#6781,.T.);
#6781 = EDGE_CURVE('',#6782,#6784,#6786,.T.);
#6782 = VERTEX_POINT('',#6783);
#6783 = CARTESIAN_POINT('',(-81.801,147.3,1.9));
#6784 = VERTEX_POINT('',#6785);
#6785 = CARTESIAN_POINT('',(-97.801,147.3,1.9));
#6786 = LINE('',#6787,#6788);
#6787 = CARTESIAN_POINT('',(-81.801,147.3,1.9));
#6788 = VECTOR('',#6789,1.);
#6789 = DIRECTION('',(-1.,-0.,-0.));
#6790 = ORIENTED_EDGE('',*,*,#6791,.T.);
#6791 = EDGE_CURVE('',#6784,#1856,#6792,.T.);
#6792 = LINE('',#6793,#6794);
#6793 = CARTESIAN_POINT('',(-97.801,147.3,1.9));
#6794 = VECTOR('',#6795,1.);
#6795 = DIRECTION('',(0.,0.554700196225,0.832050294338));
#6796 = ORIENTED_EDGE('',*,*,#1855,.T.);
#6797 = ORIENTED_EDGE('',*,*,#6798,.F.);
#6798 = EDGE_CURVE('',#6782,#1848,#6799,.T.);
#6799 = LINE('',#6800,#6801);
#6800 = CARTESIAN_POINT('',(-81.801,147.3,1.9));
#6801 = VECTOR('',#6802,1.);
#6802 = DIRECTION('',(0.,0.554700196225,0.832050294338));
#6803 = PLANE('',#6804);
#6804 = AXIS2_PLACEMENT_3D('',#6805,#6806,#6807);
#6805 = CARTESIAN_POINT('',(-81.801,147.3,1.9));
#6806 = DIRECTION('',(0.,0.832050294338,-0.554700196225));
#6807 = DIRECTION('',(0.,0.554700196225,0.832050294338));
#6808 = ADVANCED_FACE('',(#6809),#6834,.T.);
#6809 = FACE_BOUND('',#6810,.T.);
#6810 = EDGE_LOOP('',(#6811,#6821,#6827,#6828));
#6811 = ORIENTED_EDGE('',*,*,#6812,.T.);
#6812 = EDGE_CURVE('',#6813,#6815,#6817,.T.);
#6813 = VERTEX_POINT('',#6814);
#6814 = CARTESIAN_POINT('',(-70.801,147.3,1.9));
#6815 = VERTEX_POINT('',#6816);
#6816 = CARTESIAN_POINT('',(-54.801,147.3,1.9));
#6817 = LINE('',#6818,#6819);
#6818 = CARTESIAN_POINT('',(-70.801,147.3,1.9));
#6819 = VECTOR('',#6820,1.);
#6820 = DIRECTION('',(1.,0.,0.));
#6821 = ORIENTED_EDGE('',*,*,#6822,.T.);
#6822 = EDGE_CURVE('',#6815,#1832,#6823,.T.);
#6823 = LINE('',#6824,#6825);
#6824 = CARTESIAN_POINT('',(-54.801,147.3,1.9));
#6825 = VECTOR('',#6826,1.);
#6826 = DIRECTION('',(0.,0.554700196225,0.832050294338));
#6827 = ORIENTED_EDGE('',*,*,#1839,.F.);
#6828 = ORIENTED_EDGE('',*,*,#6829,.F.);
#6829 = EDGE_CURVE('',#6813,#1840,#6830,.T.);
#6830 = LINE('',#6831,#6832);
#6831 = CARTESIAN_POINT('',(-70.801,147.3,1.9));
#6832 = VECTOR('',#6833,1.);
#6833 = DIRECTION('',(0.,0.554700196225,0.832050294338));
#6834 = PLANE('',#6835);
#6835 = AXIS2_PLACEMENT_3D('',#6836,#6837,#6838);
#6836 = CARTESIAN_POINT('',(-70.801,147.3,1.9));
#6837 = DIRECTION('',(0.,-0.832050294338,0.554700196225));
#6838 = DIRECTION('',(0.,0.554700196225,0.832050294338));
#6839 = ADVANCED_FACE('',(#6840),#6865,.T.);
#6840 = FACE_BOUND('',#6841,.T.);
#6841 = EDGE_LOOP('',(#6842,#6852,#6858,#6859));
#6842 = ORIENTED_EDGE('',*,*,#6843,.T.);
#6843 = EDGE_CURVE('',#6844,#6846,#6848,.T.);
#6844 = VERTEX_POINT('',#6845);
#6845 = CARTESIAN_POINT('',(-43.801,147.3,1.9));
#6846 = VERTEX_POINT('',#6847);
#6847 = CARTESIAN_POINT('',(-27.801,147.3,1.9));
#6848 = LINE('',#6849,#6850);
#6849 = CARTESIAN_POINT('',(-43.801,147.3,1.9));
#6850 = VECTOR('',#6851,1.);
#6851 = DIRECTION('',(1.,0.,0.));
#6852 = ORIENTED_EDGE('',*,*,#6853,.T.);
#6853 = EDGE_CURVE('',#6846,#1816,#6854,.T.);
#6854 = LINE('',#6855,#6856);
#6855 = CARTESIAN_POINT('',(-27.801,147.3,1.9));
#6856 = VECTOR('',#6857,1.);
#6857 = DIRECTION('',(0.,0.554700196225,0.832050294338));
#6858 = ORIENTED_EDGE('',*,*,#1823,.F.);
#6859 = ORIENTED_EDGE('',*,*,#6860,.F.);
#6860 = EDGE_CURVE('',#6844,#1824,#6861,.T.);
#6861 = LINE('',#6862,#6863);
#6862 = CARTESIAN_POINT('',(-43.801,147.3,1.9));
#6863 = VECTOR('',#6864,1.);
#6864 = DIRECTION('',(0.,0.554700196225,0.832050294338));
#6865 = PLANE('',#6866);
#6866 = AXIS2_PLACEMENT_3D('',#6867,#6868,#6869);
#6867 = CARTESIAN_POINT('',(-43.801,147.3,1.9));
#6868 = DIRECTION('',(0.,-0.832050294338,0.554700196225));
#6869 = DIRECTION('',(0.,0.554700196225,0.832050294338));
#6870 = ADVANCED_FACE('',(#6871),#6921,.T.);
#6871 = FACE_BOUND('',#6872,.T.);
#6872 = EDGE_LOOP('',(#6873,#6874,#6875,#6883,#6891,#6899,#6907,#6915));
#6873 = ORIENTED_EDGE('',*,*,#6696,.F.);
#6874 = ORIENTED_EDGE('',*,*,#1871,.T.);
#6875 = ORIENTED_EDGE('',*,*,#6876,.T.);
#6876 = EDGE_CURVE('',#1872,#6877,#6879,.T.);
#6877 = VERTEX_POINT('',#6878);
#6878 = CARTESIAN_POINT('',(-100.001,144.1,1.6));
#6879 = LINE('',#6880,#6881);
#6880 = CARTESIAN_POINT('',(-100.001,148.49999999999,1.6));
#6881 = VECTOR('',#6882,1.);
#6882 = DIRECTION('',(-0.,-1.,-0.));
#6883 = ORIENTED_EDGE('',*,*,#6884,.F.);
#6884 = EDGE_CURVE('',#6885,#6877,#6887,.T.);
#6885 = VERTEX_POINT('',#6886);
#6886 = CARTESIAN_POINT('',(-100.001,144.1,1.8));
#6887 = LINE('',#6888,#6889);
#6888 = CARTESIAN_POINT('',(-100.001,144.1,2.45));
#6889 = VECTOR('',#6890,1.);
#6890 = DIRECTION('',(-0.,-0.,-1.));
#6891 = ORIENTED_EDGE('',*,*,#6892,.F.);
#6892 = EDGE_CURVE('',#6893,#6885,#6895,.T.);
#6893 = VERTEX_POINT('',#6894);
#6894 = CARTESIAN_POINT('',(-100.001,143.83256842193,1.8));
#6895 = LINE('',#6896,#6897);
#6896 = CARTESIAN_POINT('',(-100.001,111.75,1.8));
#6897 = VECTOR('',#6898,1.);
#6898 = DIRECTION('',(0.,1.,0.));
#6899 = ORIENTED_EDGE('',*,*,#6900,.T.);
#6900 = EDGE_CURVE('',#6893,#6901,#6903,.T.);
#6901 = VERTEX_POINT('',#6902);
#6902 = CARTESIAN_POINT('',(-100.001,142.04278258744,4.9));
#6903 = LINE('',#6904,#6905);
#6904 = CARTESIAN_POINT('',(-100.001,143.60339575388,2.196938704768));
#6905 = VECTOR('',#6906,1.);
#6906 = DIRECTION('',(0.,-0.5,0.866025403784));
#6907 = ORIENTED_EDGE('',*,*,#6908,.T.);
#6908 = EDGE_CURVE('',#6901,#6909,#6911,.T.);
#6909 = VERTEX_POINT('',#6910);
#6910 = CARTESIAN_POINT('',(-100.001,144.99999999999,4.9));
#6911 = LINE('',#6912,#6913);
#6912 = CARTESIAN_POINT('',(-100.001,138.99999999999,4.9));
#6913 = VECTOR('',#6914,1.);
#6914 = DIRECTION('',(0.,1.,0.));
#6915 = ORIENTED_EDGE('',*,*,#6916,.F.);
#6916 = EDGE_CURVE('',#6689,#6909,#6917,.T.);
#6917 = LINE('',#6918,#6919);
#6918 = CARTESIAN_POINT('',(-100.001,144.99999999999,4.9));
#6919 = VECTOR('',#6920,1.);
#6920 = DIRECTION('',(0.,0.,1.));
#6921 = PLANE('',#6922);
#6922 = AXIS2_PLACEMENT_3D('',#6923,#6924,#6925);
#6923 = CARTESIAN_POINT('',(-100.001,143.62578124999,3.12578125));
#6924 = DIRECTION('',(-1.,-0.,-0.));
#6925 = DIRECTION('',(0.,0.,-1.));
#6926 = ADVANCED_FACE('',(#6927),#6964,.T.);
#6927 = FACE_BOUND('',#6928,.F.);
#6928 = EDGE_LOOP('',(#6929,#6930,#6931,#6932,#6933,#6941,#6950,#6958));
#6929 = ORIENTED_EDGE('',*,*,#6476,.T.);
#6930 = ORIENTED_EDGE('',*,*,#6521,.T.);
#6931 = ORIENTED_EDGE('',*,*,#1879,.F.);
#6932 = ORIENTED_EDGE('',*,*,#6876,.T.);
#6933 = ORIENTED_EDGE('',*,*,#6934,.F.);
#6934 = EDGE_CURVE('',#6935,#6877,#6937,.T.);
#6935 = VERTEX_POINT('',#6936);
#6936 = CARTESIAN_POINT('',(-104.301,144.1,1.6));
#6937 = LINE('',#6938,#6939);
#6938 = CARTESIAN_POINT('',(-35.4599475279,144.1,1.6));
#6939 = VECTOR('',#6940,1.);
#6940 = DIRECTION('',(1.,0.,0.));
#6941 = ORIENTED_EDGE('',*,*,#6942,.T.);
#6942 = EDGE_CURVE('',#6935,#6943,#6945,.T.);
#6943 = VERTEX_POINT('',#6944);
#6944 = CARTESIAN_POINT('',(-109.401,139.,1.6));
#6945 = CIRCLE('',#6946,5.1);
#6946 = AXIS2_PLACEMENT_3D('',#6947,#6948,#6949);
#6947 = CARTESIAN_POINT('',(-104.301,139.,1.6));
#6948 = DIRECTION('',(0.,0.,1.));
#6949 = DIRECTION('',(-1.,0.,0.));
#6950 = ORIENTED_EDGE('',*,*,#6951,.F.);
#6951 = EDGE_CURVE('',#6952,#6943,#6954,.T.);
#6952 = VERTEX_POINT('',#6953);
#6953 = CARTESIAN_POINT('',(-109.401,134.69999999999,1.6));
#6954 = LINE('',#6955,#6956);
#6955 = CARTESIAN_POINT('',(-109.401,139.85566713688,1.6));
#6956 = VECTOR('',#6957,1.);
#6957 = DIRECTION('',(0.,1.,0.));
#6958 = ORIENTED_EDGE('',*,*,#6959,.T.);
#6959 = EDGE_CURVE('',#6952,#6477,#6960,.T.);
#6960 = LINE('',#6961,#6962);
#6961 = CARTESIAN_POINT('',(-104.301,134.69999999999,1.6));
#6962 = VECTOR('',#6963,1.);
#6963 = DIRECTION('',(-1.,-0.,-0.));
#6964 = PLANE('',#6965);
#6965 = AXIS2_PLACEMENT_3D('',#6966,#6967,#6968);
#6966 = CARTESIAN_POINT('',(-59.0188950558,140.71133427377,1.6));
#6967 = DIRECTION('',(0.,0.,1.));
#6968 = DIRECTION('',(1.,0.,0.));
#6969 = ADVANCED_FACE('',(#6970),#7004,.T.);
#6970 = FACE_BOUND('',#6971,.T.);
#6971 = EDGE_LOOP('',(#6972,#6973,#6981,#6989,#6997,#7003));
#6972 = ORIENTED_EDGE('',*,*,#2445,.T.);
#6973 = ORIENTED_EDGE('',*,*,#6974,.T.);
#6974 = EDGE_CURVE('',#2438,#6975,#6977,.T.);
#6975 = VERTEX_POINT('',#6976);
#6976 = CARTESIAN_POINT('',(-27.801,3.9,2.8));
#6977 = LINE('',#6978,#6979);
#6978 = CARTESIAN_POINT('',(-27.801,3.9,3.7));
#6979 = VECTOR('',#6980,1.);
#6980 = DIRECTION('',(-0.,-0.,-1.));
#6981 = ORIENTED_EDGE('',*,*,#6982,.T.);
#6982 = EDGE_CURVE('',#6975,#6983,#6985,.T.);
#6983 = VERTEX_POINT('',#6984);
#6984 = CARTESIAN_POINT('',(-27.801,4.34999999117,2.350000155882));
#6985 = LINE('',#6986,#6987);
#6986 = CARTESIAN_POINT('',(-27.801,3.9,2.8));
#6987 = VECTOR('',#6988,1.);
#6988 = DIRECTION('',(0.,0.707106896721,-0.707106665652));
#6989 = ORIENTED_EDGE('',*,*,#6990,.T.);
#6990 = EDGE_CURVE('',#6983,#6991,#6993,.T.);
#6991 = VERTEX_POINT('',#6992);
#6992 = CARTESIAN_POINT('',(-27.801,3.9,1.9));
#6993 = LINE('',#6994,#6995);
#6994 = CARTESIAN_POINT('',(-27.801,4.34999999117,2.350000155882));
#6995 = VECTOR('',#6996,1.);
#6996 = DIRECTION('',(-0.,-0.707106651777,-0.707106910596));
#6997 = ORIENTED_EDGE('',*,*,#6998,.T.);
#6998 = EDGE_CURVE('',#6991,#6542,#6999,.T.);
#6999 = LINE('',#7000,#7001);
#7000 = CARTESIAN_POINT('',(-27.801,3.9,1.9));
#7001 = VECTOR('',#7002,1.);
#7002 = DIRECTION('',(-0.,-1.,-0.));
#7003 = ORIENTED_EDGE('',*,*,#6549,.T.);
#7004 = PLANE('',#7005);
#7005 = AXIS2_PLACEMENT_3D('',#7006,#7007,#7008);
#7006 = CARTESIAN_POINT('',(-27.801,2.991796186015,2.914948264686));
#7007 = DIRECTION('',(-1.,-0.,-0.));
#7008 = DIRECTION('',(0.,0.,-1.));
#7009 = ADVANCED_FACE('',(#7010),#7028,.T.);
#7010 = FACE_BOUND('',#7011,.F.);
#7011 = EDGE_LOOP('',(#7012,#7013,#7014,#7022));
#7012 = ORIENTED_EDGE('',*,*,#2437,.T.);
#7013 = ORIENTED_EDGE('',*,*,#6974,.T.);
#7014 = ORIENTED_EDGE('',*,*,#7015,.F.);
#7015 = EDGE_CURVE('',#7016,#6975,#7018,.T.);
#7016 = VERTEX_POINT('',#7017);
#7017 = CARTESIAN_POINT('',(-43.801,3.9,2.8));
#7018 = LINE('',#7019,#7020);
#7019 = CARTESIAN_POINT('',(-43.801,3.9,2.8));
#7020 = VECTOR('',#7021,1.);
#7021 = DIRECTION('',(1.,0.,0.));
#7022 = ORIENTED_EDGE('',*,*,#7023,.F.);
#7023 = EDGE_CURVE('',#2430,#7016,#7024,.T.);
#7024 = LINE('',#7025,#7026);
#7025 = CARTESIAN_POINT('',(-43.801,3.9,3.7));
#7026 = VECTOR('',#7027,1.);
#7027 = DIRECTION('',(-0.,-0.,-1.));
#7028 = PLANE('',#7029);
#7029 = AXIS2_PLACEMENT_3D('',#7030,#7031,#7032);
#7030 = CARTESIAN_POINT('',(-43.801,3.9,3.7));
#7031 = DIRECTION('',(0.,-1.,0.));
#7032 = DIRECTION('',(0.,0.,1.));
#7033 = ADVANCED_FACE('',(#7034),#7061,.F.);
#7034 = FACE_BOUND('',#7035,.F.);
#7035 = EDGE_LOOP('',(#7036,#7037,#7038,#7046,#7054,#7060));
#7036 = ORIENTED_EDGE('',*,*,#2429,.T.);
#7037 = ORIENTED_EDGE('',*,*,#7023,.T.);
#7038 = ORIENTED_EDGE('',*,*,#7039,.T.);
#7039 = EDGE_CURVE('',#7016,#7040,#7042,.T.);
#7040 = VERTEX_POINT('',#7041);
#7041 = CARTESIAN_POINT('',(-43.801,4.34999999117,2.350000155882));
#7042 = LINE('',#7043,#7044);
#7043 = CARTESIAN_POINT('',(-43.801,3.9,2.8));
#7044 = VECTOR('',#7045,1.);
#7045 = DIRECTION('',(0.,0.707106896721,-0.707106665652));
#7046 = ORIENTED_EDGE('',*,*,#7047,.T.);
#7047 = EDGE_CURVE('',#7040,#7048,#7050,.T.);
#7048 = VERTEX_POINT('',#7049);
#7049 = CARTESIAN_POINT('',(-43.801,3.9,1.9));
#7050 = LINE('',#7051,#7052);
#7051 = CARTESIAN_POINT('',(-43.801,4.34999999117,2.350000155882));
#7052 = VECTOR('',#7053,1.);
#7053 = DIRECTION('',(-0.,-0.707106651777,-0.707106910596));
#7054 = ORIENTED_EDGE('',*,*,#7055,.T.);
#7055 = EDGE_CURVE('',#7048,#6540,#7056,.T.);
#7056 = LINE('',#7057,#7058);
#7057 = CARTESIAN_POINT('',(-43.801,3.9,1.9));
#7058 = VECTOR('',#7059,1.);
#7059 = DIRECTION('',(-0.,-1.,-0.));
#7060 = ORIENTED_EDGE('',*,*,#6556,.T.);
#7061 = PLANE('',#7062);
#7062 = AXIS2_PLACEMENT_3D('',#7063,#7064,#7065);
#7063 = CARTESIAN_POINT('',(-43.801,2.991796186015,2.914948264686));
#7064 = DIRECTION('',(-1.,-0.,-0.));
#7065 = DIRECTION('',(0.,0.,-1.));
#7066 = ADVANCED_FACE('',(#7067),#7101,.T.);
#7067 = FACE_BOUND('',#7068,.T.);
#7068 = EDGE_LOOP('',(#7069,#7070,#7078,#7086,#7094,#7100));
#7069 = ORIENTED_EDGE('',*,*,#2422,.T.);
#7070 = ORIENTED_EDGE('',*,*,#7071,.T.);
#7071 = EDGE_CURVE('',#2415,#7072,#7074,.T.);
#7072 = VERTEX_POINT('',#7073);
#7073 = CARTESIAN_POINT('',(-54.801,3.9,2.8));
#7074 = LINE('',#7075,#7076);
#7075 = CARTESIAN_POINT('',(-54.801,3.9,3.7));
#7076 = VECTOR('',#7077,1.);
#7077 = DIRECTION('',(-0.,-0.,-1.));
#7078 = ORIENTED_EDGE('',*,*,#7079,.T.);
#7079 = EDGE_CURVE('',#7072,#7080,#7082,.T.);
#7080 = VERTEX_POINT('',#7081);
#7081 = CARTESIAN_POINT('',(-54.801,4.34999999117,2.350000155882));
#7082 = LINE('',#7083,#7084);
#7083 = CARTESIAN_POINT('',(-54.801,3.9,2.8));
#7084 = VECTOR('',#7085,1.);
#7085 = DIRECTION('',(0.,0.707106896721,-0.707106665652));
#7086 = ORIENTED_EDGE('',*,*,#7087,.T.);
#7087 = EDGE_CURVE('',#7080,#7088,#7090,.T.);
#7088 = VERTEX_POINT('',#7089);
#7089 = CARTESIAN_POINT('',(-54.801,3.9,1.9));
#7090 = LINE('',#7091,#7092);
#7091 = CARTESIAN_POINT('',(-54.801,4.34999999117,2.350000155882));
#7092 = VECTOR('',#7093,1.);
#7093 = DIRECTION('',(-0.,-0.707106651777,-0.707106910596));
#7094 = ORIENTED_EDGE('',*,*,#7095,.T.);
#7095 = EDGE_CURVE('',#7088,#6573,#7096,.T.);
#7096 = LINE('',#7097,#7098);
#7097 = CARTESIAN_POINT('',(-54.801,3.9,1.9));
#7098 = VECTOR('',#7099,1.);
#7099 = DIRECTION('',(-0.,-1.,-0.));
#7100 = ORIENTED_EDGE('',*,*,#6580,.T.);
#7101 = PLANE('',#7102);
#7102 = AXIS2_PLACEMENT_3D('',#7103,#7104,#7105);
#7103 = CARTESIAN_POINT('',(-54.801,2.991796186015,2.914948264686));
#7104 = DIRECTION('',(-1.,-0.,-0.));
#7105 = DIRECTION('',(0.,0.,-1.));
#7106 = ADVANCED_FACE('',(#7107),#7125,.T.);
#7107 = FACE_BOUND('',#7108,.F.);
#7108 = EDGE_LOOP('',(#7109,#7110,#7111,#7119));
#7109 = ORIENTED_EDGE('',*,*,#2414,.T.);
#7110 = ORIENTED_EDGE('',*,*,#7071,.T.);
#7111 = ORIENTED_EDGE('',*,*,#7112,.F.);
#7112 = EDGE_CURVE('',#7113,#7072,#7115,.T.);
#7113 = VERTEX_POINT('',#7114);
#7114 = CARTESIAN_POINT('',(-70.801,3.9,2.8));
#7115 = LINE('',#7116,#7117);
#7116 = CARTESIAN_POINT('',(-70.801,3.9,2.8));
#7117 = VECTOR('',#7118,1.);
#7118 = DIRECTION('',(1.,0.,0.));
#7119 = ORIENTED_EDGE('',*,*,#7120,.F.);
#7120 = EDGE_CURVE('',#2407,#7113,#7121,.T.);
#7121 = LINE('',#7122,#7123);
#7122 = CARTESIAN_POINT('',(-70.801,3.9,3.7));
#7123 = VECTOR('',#7124,1.);
#7124 = DIRECTION('',(-0.,-0.,-1.));
#7125 = PLANE('',#7126);
#7126 = AXIS2_PLACEMENT_3D('',#7127,#7128,#7129);
#7127 = CARTESIAN_POINT('',(-70.801,3.9,3.7));
#7128 = DIRECTION('',(-0.,-1.,-0.));
#7129 = DIRECTION('',(0.,0.,1.));
#7130 = ADVANCED_FACE('',(#7131),#7158,.F.);
#7131 = FACE_BOUND('',#7132,.F.);
#7132 = EDGE_LOOP('',(#7133,#7134,#7135,#7143,#7151,#7157));
#7133 = ORIENTED_EDGE('',*,*,#2406,.T.);
#7134 = ORIENTED_EDGE('',*,*,#7120,.T.);
#7135 = ORIENTED_EDGE('',*,*,#7136,.T.);
#7136 = EDGE_CURVE('',#7113,#7137,#7139,.T.);
#7137 = VERTEX_POINT('',#7138);
#7138 = CARTESIAN_POINT('',(-70.801,4.34999999117,2.350000155882));
#7139 = LINE('',#7140,#7141);
#7140 = CARTESIAN_POINT('',(-70.801,3.9,2.8));
#7141 = VECTOR('',#7142,1.);
#7142 = DIRECTION('',(0.,0.707106896721,-0.707106665652));
#7143 = ORIENTED_EDGE('',*,*,#7144,.T.);
#7144 = EDGE_CURVE('',#7137,#7145,#7147,.T.);
#7145 = VERTEX_POINT('',#7146);
#7146 = CARTESIAN_POINT('',(-70.801,3.9,1.9));
#7147 = LINE('',#7148,#7149);
#7148 = CARTESIAN_POINT('',(-70.801,4.34999999117,2.350000155882));
#7149 = VECTOR('',#7150,1.);
#7150 = DIRECTION('',(-0.,-0.707106651777,-0.707106910596));
#7151 = ORIENTED_EDGE('',*,*,#7152,.T.);
#7152 = EDGE_CURVE('',#7145,#6571,#7153,.T.);
#7153 = LINE('',#7154,#7155);
#7154 = CARTESIAN_POINT('',(-70.801,3.9,1.9));
#7155 = VECTOR('',#7156,1.);
#7156 = DIRECTION('',(-0.,-1.,-0.));
#7157 = ORIENTED_EDGE('',*,*,#6587,.T.);
#7158 = PLANE('',#7159);
#7159 = AXIS2_PLACEMENT_3D('',#7160,#7161,#7162);
#7160 = CARTESIAN_POINT('',(-70.801,2.991796186015,2.914948264686));
#7161 = DIRECTION('',(-1.,-0.,-0.));
#7162 = DIRECTION('',(0.,0.,-1.));
#7163 = ADVANCED_FACE('',(#7164),#7198,.T.);
#7164 = FACE_BOUND('',#7165,.T.);
#7165 = EDGE_LOOP('',(#7166,#7167,#7175,#7183,#7191,#7197));
#7166 = ORIENTED_EDGE('',*,*,#2399,.T.);
#7167 = ORIENTED_EDGE('',*,*,#7168,.T.);
#7168 = EDGE_CURVE('',#2392,#7169,#7171,.T.);
#7169 = VERTEX_POINT('',#7170);
#7170 = CARTESIAN_POINT('',(-81.801,3.9,2.8));
#7171 = LINE('',#7172,#7173);
#7172 = CARTESIAN_POINT('',(-81.801,3.9,3.7));
#7173 = VECTOR('',#7174,1.);
#7174 = DIRECTION('',(-0.,-0.,-1.));
#7175 = ORIENTED_EDGE('',*,*,#7176,.T.);
#7176 = EDGE_CURVE('',#7169,#7177,#7179,.T.);
#7177 = VERTEX_POINT('',#7178);
#7178 = CARTESIAN_POINT('',(-81.801,4.34999999117,2.350000155882));
#7179 = LINE('',#7180,#7181);
#7180 = CARTESIAN_POINT('',(-81.801,3.9,2.8));
#7181 = VECTOR('',#7182,1.);
#7182 = DIRECTION('',(0.,0.707106896721,-0.707106665652));
#7183 = ORIENTED_EDGE('',*,*,#7184,.T.);
#7184 = EDGE_CURVE('',#7177,#7185,#7187,.T.);
#7185 = VERTEX_POINT('',#7186);
#7186 = CARTESIAN_POINT('',(-81.801,3.9,1.9));
#7187 = LINE('',#7188,#7189);
#7188 = CARTESIAN_POINT('',(-81.801,4.34999999117,2.350000155882));
#7189 = VECTOR('',#7190,1.);
#7190 = DIRECTION('',(-0.,-0.707106651777,-0.707106910596));
#7191 = ORIENTED_EDGE('',*,*,#7192,.T.);
#7192 = EDGE_CURVE('',#7185,#6602,#7193,.T.);
#7193 = LINE('',#7194,#7195);
#7194 = CARTESIAN_POINT('',(-81.801,3.9,1.9));
#7195 = VECTOR('',#7196,1.);
#7196 = DIRECTION('',(-0.,-1.,-0.));
#7197 = ORIENTED_EDGE('',*,*,#6618,.T.);
#7198 = PLANE('',#7199);
#7199 = AXIS2_PLACEMENT_3D('',#7200,#7201,#7202);
#7200 = CARTESIAN_POINT('',(-81.801,2.991796186015,2.914948264686));
#7201 = DIRECTION('',(-1.,-0.,-0.));
#7202 = DIRECTION('',(0.,0.,-1.));
#7203 = ADVANCED_FACE('',(#7204),#7222,.F.);
#7204 = FACE_BOUND('',#7205,.T.);
#7205 = EDGE_LOOP('',(#7206,#7207,#7215,#7221));
#7206 = ORIENTED_EDGE('',*,*,#2391,.T.);
#7207 = ORIENTED_EDGE('',*,*,#7208,.T.);
#7208 = EDGE_CURVE('',#2384,#7209,#7211,.T.);
#7209 = VERTEX_POINT('',#7210);
#7210 = CARTESIAN_POINT('',(-97.801,3.9,2.8));
#7211 = LINE('',#7212,#7213);
#7212 = CARTESIAN_POINT('',(-97.801,3.9,3.7));
#7213 = VECTOR('',#7214,1.);
#7214 = DIRECTION('',(-0.,-0.,-1.));
#7215 = ORIENTED_EDGE('',*,*,#7216,.F.);
#7216 = EDGE_CURVE('',#7169,#7209,#7217,.T.);
#7217 = LINE('',#7218,#7219);
#7218 = CARTESIAN_POINT('',(-81.801,3.9,2.8));
#7219 = VECTOR('',#7220,1.);
#7220 = DIRECTION('',(-1.,-0.,-0.));
#7221 = ORIENTED_EDGE('',*,*,#7168,.F.);
#7222 = PLANE('',#7223);
#7223 = AXIS2_PLACEMENT_3D('',#7224,#7225,#7226);
#7224 = CARTESIAN_POINT('',(-81.801,3.9,3.7));
#7225 = DIRECTION('',(0.,1.,0.));
#7226 = DIRECTION('',(0.,0.,1.));
#7227 = ADVANCED_FACE('',(#7228),#7255,.F.);
#7228 = FACE_BOUND('',#7229,.F.);
#7229 = EDGE_LOOP('',(#7230,#7231,#7232,#7240,#7248,#7254));
#7230 = ORIENTED_EDGE('',*,*,#2383,.T.);
#7231 = ORIENTED_EDGE('',*,*,#7208,.T.);
#7232 = ORIENTED_EDGE('',*,*,#7233,.T.);
#7233 = EDGE_CURVE('',#7209,#7234,#7236,.T.);
#7234 = VERTEX_POINT('',#7235);
#7235 = CARTESIAN_POINT('',(-97.801,4.34999999117,2.350000155882));
#7236 = LINE('',#7237,#7238);
#7237 = CARTESIAN_POINT('',(-97.801,3.9,2.8));
#7238 = VECTOR('',#7239,1.);
#7239 = DIRECTION('',(0.,0.707106896721,-0.707106665652));
#7240 = ORIENTED_EDGE('',*,*,#7241,.T.);
#7241 = EDGE_CURVE('',#7234,#7242,#7244,.T.);
#7242 = VERTEX_POINT('',#7243);
#7243 = CARTESIAN_POINT('',(-97.801,3.9,1.9));
#7244 = LINE('',#7245,#7246);
#7245 = CARTESIAN_POINT('',(-97.801,4.34999999117,2.350000155882));
#7246 = VECTOR('',#7247,1.);
#7247 = DIRECTION('',(-0.,-0.707106651777,-0.707106910596));
#7248 = ORIENTED_EDGE('',*,*,#7249,.T.);
#7249 = EDGE_CURVE('',#7242,#6604,#7250,.T.);
#7250 = LINE('',#7251,#7252);
#7251 = CARTESIAN_POINT('',(-97.801,3.9,1.9));
#7252 = VECTOR('',#7253,1.);
#7253 = DIRECTION('',(-0.,-1.,-0.));
#7254 = ORIENTED_EDGE('',*,*,#6611,.T.);
#7255 = PLANE('',#7256);
#7256 = AXIS2_PLACEMENT_3D('',#7257,#7258,#7259);
#7257 = CARTESIAN_POINT('',(-97.801,2.991796186015,2.914948264686));
#7258 = DIRECTION('',(-1.,-0.,-0.));
#7259 = DIRECTION('',(0.,0.,-1.));
#7260 = ADVANCED_FACE('',(#7261),#7310,.T.);
#7261 = FACE_BOUND('',#7262,.T.);
#7262 = EDGE_LOOP('',(#7263,#7264,#7272,#7280,#7288,#7296,#7304));
#7263 = ORIENTED_EDGE('',*,*,#2359,.T.);
#7264 = ORIENTED_EDGE('',*,*,#7265,.T.);
#7265 = EDGE_CURVE('',#2352,#7266,#7268,.T.);
#7266 = VERTEX_POINT('',#7267);
#7267 = CARTESIAN_POINT('',(-111.4009999999,20.5,2.8));
#7268 = LINE('',#7269,#7270);
#7269 = CARTESIAN_POINT('',(-111.4009999999,20.5,3.7));
#7270 = VECTOR('',#7271,1.);
#7271 = DIRECTION('',(0.,0.,-1.));
#7272 = ORIENTED_EDGE('',*,*,#7273,.T.);
#7273 = EDGE_CURVE('',#7266,#7274,#7276,.T.);
#7274 = VERTEX_POINT('',#7275);
#7275 = CARTESIAN_POINT('',(-111.0191625253,20.5,2.418162150985));
#7276 = LINE('',#7277,#7278);
#7277 = CARTESIAN_POINT('',(-111.4009999999,20.5,2.8));
#7278 = VECTOR('',#7279,1.);
#7279 = DIRECTION('',(0.707106434568,0.,-0.707107127805));
#7280 = ORIENTED_EDGE('',*,*,#7281,.T.);
#7281 = EDGE_CURVE('',#7274,#7282,#7284,.T.);
#7282 = VERTEX_POINT('',#7283);
#7283 = CARTESIAN_POINT('',(-110.951,20.5,2.35));
#7284 = LINE('',#7285,#7286);
#7285 = CARTESIAN_POINT('',(-111.4009999999,20.5,2.8));
#7286 = VECTOR('',#7287,1.);
#7287 = DIRECTION('',(0.707106781187,0.,-0.707106781187));
#7288 = ORIENTED_EDGE('',*,*,#7289,.F.);
#7289 = EDGE_CURVE('',#7290,#7282,#7292,.T.);
#7290 = VERTEX_POINT('',#7291);
#7291 = CARTESIAN_POINT('',(-111.4009999999,20.5,1.9));
#7292 = LINE('',#7293,#7294);
#7293 = CARTESIAN_POINT('',(-111.4009999999,20.5,1.9));
#7294 = VECTOR('',#7295,1.);
#7295 = DIRECTION('',(0.707106781187,0.,0.707106781187));
#7296 = ORIENTED_EDGE('',*,*,#7297,.T.);
#7297 = EDGE_CURVE('',#7290,#7298,#7300,.T.);
#7298 = VERTEX_POINT('',#7299);
#7299 = CARTESIAN_POINT('',(-112.601,20.5,1.9));
#7300 = LINE('',#7301,#7302);
#7301 = CARTESIAN_POINT('',(-111.4009999999,20.5,1.9));
#7302 = VECTOR('',#7303,1.);
#7303 = DIRECTION('',(-1.,0.,0.));
#7304 = ORIENTED_EDGE('',*,*,#7305,.T.);
#7305 = EDGE_CURVE('',#7298,#2360,#7306,.T.);
#7306 = LINE('',#7307,#7308);
#7307 = CARTESIAN_POINT('',(-112.601,20.5,1.9));
#7308 = VECTOR('',#7309,1.);
#7309 = DIRECTION('',(-0.554700196225,0.,0.832050294338));
#7310 = PLANE('',#7311);
#7311 = AXIS2_PLACEMENT_3D('',#7312,#7313,#7314);
#7312 = CARTESIAN_POINT('',(-112.3092038178,20.5,2.914948251178));
#7313 = DIRECTION('',(0.,1.,0.));
#7314 = DIRECTION('',(0.,0.,1.));
#7315 = ADVANCED_FACE('',(#7316),#7334,.F.);
#7316 = FACE_BOUND('',#7317,.F.);
#7317 = EDGE_LOOP('',(#7318,#7319,#7320,#7328));
#7318 = ORIENTED_EDGE('',*,*,#2351,.T.);
#7319 = ORIENTED_EDGE('',*,*,#7265,.T.);
#7320 = ORIENTED_EDGE('',*,*,#7321,.F.);
#7321 = EDGE_CURVE('',#7322,#7266,#7324,.T.);
#7322 = VERTEX_POINT('',#7323);
#7323 = CARTESIAN_POINT('',(-111.4009999999,41.5,2.8));
#7324 = LINE('',#7325,#7326);
#7325 = CARTESIAN_POINT('',(-111.4009999999,41.5,2.8));
#7326 = VECTOR('',#7327,1.);
#7327 = DIRECTION('',(0.,-1.,4.4E-16));
#7328 = ORIENTED_EDGE('',*,*,#7329,.F.);
#7329 = EDGE_CURVE('',#2344,#7322,#7330,.T.);
#7330 = LINE('',#7331,#7332);
#7331 = CARTESIAN_POINT('',(-111.4009999999,41.5,3.7));
#7332 = VECTOR('',#7333,1.);
#7333 = DIRECTION('',(0.,0.,-1.));
#7334 = PLANE('',#7335);
#7335 = AXIS2_PLACEMENT_3D('',#7336,#7337,#7338);
#7336 = CARTESIAN_POINT('',(-111.4009999999,41.5,3.7));
#7337 = DIRECTION('',(1.,0.,0.));
#7338 = DIRECTION('',(0.,-2.2E-16,-1.));
#7339 = ADVANCED_FACE('',(#7340),#7382,.T.);
#7340 = FACE_BOUND('',#7341,.T.);
#7341 = EDGE_LOOP('',(#7342,#7343,#7351,#7359,#7367,#7375,#7381));
#7342 = ORIENTED_EDGE('',*,*,#2343,.F.);
#7343 = ORIENTED_EDGE('',*,*,#7344,.F.);
#7344 = EDGE_CURVE('',#7345,#2336,#7347,.T.);
#7345 = VERTEX_POINT('',#7346);
#7346 = CARTESIAN_POINT('',(-112.601,41.5,1.9));
#7347 = LINE('',#7348,#7349);
#7348 = CARTESIAN_POINT('',(-112.601,41.5,1.9));
#7349 = VECTOR('',#7350,1.);
#7350 = DIRECTION('',(-0.554700196225,0.,0.832050294338));
#7351 = ORIENTED_EDGE('',*,*,#7352,.F.);
#7352 = EDGE_CURVE('',#7353,#7345,#7355,.T.);
#7353 = VERTEX_POINT('',#7354);
#7354 = CARTESIAN_POINT('',(-111.4009999999,41.5,1.9));
#7355 = LINE('',#7356,#7357);
#7356 = CARTESIAN_POINT('',(-111.4009999999,41.5,1.9));
#7357 = VECTOR('',#7358,1.);
#7358 = DIRECTION('',(-1.,0.,0.));
#7359 = ORIENTED_EDGE('',*,*,#7360,.T.);
#7360 = EDGE_CURVE('',#7353,#7361,#7363,.T.);
#7361 = VERTEX_POINT('',#7362);
#7362 = CARTESIAN_POINT('',(-110.951,41.5,2.35));
#7363 = LINE('',#7364,#7365);
#7364 = CARTESIAN_POINT('',(-111.4009999999,41.5,1.9));
#7365 = VECTOR('',#7366,1.);
#7366 = DIRECTION('',(0.707106781187,0.,0.707106781187));
#7367 = ORIENTED_EDGE('',*,*,#7368,.F.);
#7368 = EDGE_CURVE('',#7369,#7361,#7371,.T.);
#7369 = VERTEX_POINT('',#7370);
#7370 = CARTESIAN_POINT('',(-111.0191625253,41.5,2.418162150985));
#7371 = LINE('',#7372,#7373);
#7372 = CARTESIAN_POINT('',(-111.4009999999,41.5,2.8));
#7373 = VECTOR('',#7374,1.);
#7374 = DIRECTION('',(0.707106781187,0.,-0.707106781187));
#7375 = ORIENTED_EDGE('',*,*,#7376,.F.);
#7376 = EDGE_CURVE('',#7322,#7369,#7377,.T.);
#7377 = LINE('',#7378,#7379);
#7378 = CARTESIAN_POINT('',(-111.4009999999,41.5,2.8));
#7379 = VECTOR('',#7380,1.);
#7380 = DIRECTION('',(0.707106434568,0.,-0.707107127805));
#7381 = ORIENTED_EDGE('',*,*,#7329,.F.);
#7382 = PLANE('',#7383);
#7383 = AXIS2_PLACEMENT_3D('',#7384,#7385,#7386);
#7384 = CARTESIAN_POINT('',(-112.3092038178,41.5,2.914948251178));
#7385 = DIRECTION('',(-0.,-1.,-0.));
#7386 = DIRECTION('',(0.,0.,-1.));
#7387 = ADVANCED_FACE('',(#7388),#7437,.T.);
#7388 = FACE_BOUND('',#7389,.T.);
#7389 = EDGE_LOOP('',(#7390,#7391,#7399,#7407,#7415,#7423,#7431));
#7390 = ORIENTED_EDGE('',*,*,#2327,.T.);
#7391 = ORIENTED_EDGE('',*,*,#7392,.T.);
#7392 = EDGE_CURVE('',#2320,#7393,#7395,.T.);
#7393 = VERTEX_POINT('',#7394);
#7394 = CARTESIAN_POINT('',(-111.4009999999,64.5,2.8));
#7395 = LINE('',#7396,#7397);
#7396 = CARTESIAN_POINT('',(-111.4009999999,64.5,3.7));
#7397 = VECTOR('',#7398,1.);
#7398 = DIRECTION('',(-0.,0.,-1.));
#7399 = ORIENTED_EDGE('',*,*,#7400,.T.);
#7400 = EDGE_CURVE('',#7393,#7401,#7403,.T.);
#7401 = VERTEX_POINT('',#7402);
#7402 = CARTESIAN_POINT('',(-111.0191625253,64.5,2.418162150985));
#7403 = LINE('',#7404,#7405);
#7404 = CARTESIAN_POINT('',(-111.4009999999,64.5,2.8));
#7405 = VECTOR('',#7406,1.);
#7406 = DIRECTION('',(0.707106434568,0.,-0.707107127805));
#7407 = ORIENTED_EDGE('',*,*,#7408,.T.);
#7408 = EDGE_CURVE('',#7401,#7409,#7411,.T.);
#7409 = VERTEX_POINT('',#7410);
#7410 = CARTESIAN_POINT('',(-110.9509999999,64.5,2.35));
#7411 = LINE('',#7412,#7413);
#7412 = CARTESIAN_POINT('',(-111.4009999999,64.5,2.8));
#7413 = VECTOR('',#7414,1.);
#7414 = DIRECTION('',(0.707106781187,0.,-0.707106781187));
#7415 = ORIENTED_EDGE('',*,*,#7416,.F.);
#7416 = EDGE_CURVE('',#7417,#7409,#7419,.T.);
#7417 = VERTEX_POINT('',#7418);
#7418 = CARTESIAN_POINT('',(-111.4009999999,64.5,1.9));
#7419 = LINE('',#7420,#7421);
#7420 = CARTESIAN_POINT('',(-111.4009999999,64.5,1.9));
#7421 = VECTOR('',#7422,1.);
#7422 = DIRECTION('',(0.707106781187,0.,0.707106781187));
#7423 = ORIENTED_EDGE('',*,*,#7424,.T.);
#7424 = EDGE_CURVE('',#7417,#7425,#7427,.T.);
#7425 = VERTEX_POINT('',#7426);
#7426 = CARTESIAN_POINT('',(-112.601,64.5,1.9));
#7427 = LINE('',#7428,#7429);
#7428 = CARTESIAN_POINT('',(-111.4009999999,64.5,1.9));
#7429 = VECTOR('',#7430,1.);
#7430 = DIRECTION('',(-1.,0.,0.));
#7431 = ORIENTED_EDGE('',*,*,#7432,.T.);
#7432 = EDGE_CURVE('',#7425,#2328,#7433,.T.);
#7433 = LINE('',#7434,#7435);
#7434 = CARTESIAN_POINT('',(-112.601,64.5,1.9));
#7435 = VECTOR('',#7436,1.);
#7436 = DIRECTION('',(-0.554700196225,0.,0.832050294338));
#7437 = PLANE('',#7438);
#7438 = AXIS2_PLACEMENT_3D('',#7439,#7440,#7441);
#7439 = CARTESIAN_POINT('',(-112.3092038178,64.5,2.914948251178));
#7440 = DIRECTION('',(0.,1.,0.));
#7441 = DIRECTION('',(0.,0.,1.));
#7442 = ADVANCED_FACE('',(#7443),#7461,.F.);
#7443 = FACE_BOUND('',#7444,.T.);
#7444 = EDGE_LOOP('',(#7445,#7446,#7454,#7460));
#7445 = ORIENTED_EDGE('',*,*,#2319,.T.);
#7446 = ORIENTED_EDGE('',*,*,#7447,.T.);
#7447 = EDGE_CURVE('',#2312,#7448,#7450,.T.);
#7448 = VERTEX_POINT('',#7449);
#7449 = CARTESIAN_POINT('',(-111.4009999999,85.5,2.8));
#7450 = LINE('',#7451,#7452);
#7451 = CARTESIAN_POINT('',(-111.4009999999,85.5,3.7));
#7452 = VECTOR('',#7453,1.);
#7453 = DIRECTION('',(-0.,0.,-1.));
#7454 = ORIENTED_EDGE('',*,*,#7455,.F.);
#7455 = EDGE_CURVE('',#7393,#7448,#7456,.T.);
#7456 = LINE('',#7457,#7458);
#7457 = CARTESIAN_POINT('',(-111.4009999999,64.5,2.8));
#7458 = VECTOR('',#7459,1.);
#7459 = DIRECTION('',(0.,1.,-2.2E-16));
#7460 = ORIENTED_EDGE('',*,*,#7392,.F.);
#7461 = PLANE('',#7462);
#7462 = AXIS2_PLACEMENT_3D('',#7463,#7464,#7465);
#7463 = CARTESIAN_POINT('',(-111.4009999999,64.5,3.7));
#7464 = DIRECTION('',(1.,0.,0.));
#7465 = DIRECTION('',(0.,2.2E-16,1.));
#7466 = ADVANCED_FACE('',(#7467),#7509,.T.);
#7467 = FACE_BOUND('',#7468,.T.);
#7468 = EDGE_LOOP('',(#7469,#7470,#7478,#7486,#7494,#7502,#7508));
#7469 = ORIENTED_EDGE('',*,*,#2311,.F.);
#7470 = ORIENTED_EDGE('',*,*,#7471,.F.);
#7471 = EDGE_CURVE('',#7472,#2304,#7474,.T.);
#7472 = VERTEX_POINT('',#7473);
#7473 = CARTESIAN_POINT('',(-112.601,85.5,1.9));
#7474 = LINE('',#7475,#7476);
#7475 = CARTESIAN_POINT('',(-112.601,85.5,1.9));
#7476 = VECTOR('',#7477,1.);
#7477 = DIRECTION('',(-0.554700196225,0.,0.832050294338));
#7478 = ORIENTED_EDGE('',*,*,#7479,.F.);
#7479 = EDGE_CURVE('',#7480,#7472,#7482,.T.);
#7480 = VERTEX_POINT('',#7481);
#7481 = CARTESIAN_POINT('',(-111.4009999999,85.5,1.9));
#7482 = LINE('',#7483,#7484);
#7483 = CARTESIAN_POINT('',(-111.4009999999,85.5,1.9));
#7484 = VECTOR('',#7485,1.);
#7485 = DIRECTION('',(-1.,0.,0.));
#7486 = ORIENTED_EDGE('',*,*,#7487,.T.);
#7487 = EDGE_CURVE('',#7480,#7488,#7490,.T.);
#7488 = VERTEX_POINT('',#7489);
#7489 = CARTESIAN_POINT('',(-110.9509999999,85.5,2.35));
#7490 = LINE('',#7491,#7492);
#7491 = CARTESIAN_POINT('',(-111.4009999999,85.5,1.9));
#7492 = VECTOR('',#7493,1.);
#7493 = DIRECTION('',(0.707106781187,0.,0.707106781187));
#7494 = ORIENTED_EDGE('',*,*,#7495,.F.);
#7495 = EDGE_CURVE('',#7496,#7488,#7498,.T.);
#7496 = VERTEX_POINT('',#7497);
#7497 = CARTESIAN_POINT('',(-111.0191625253,85.5,2.418162150985));
#7498 = LINE('',#7499,#7500);
#7499 = CARTESIAN_POINT('',(-111.4009999999,85.5,2.8));
#7500 = VECTOR('',#7501,1.);
#7501 = DIRECTION('',(0.707106781187,0.,-0.707106781187));
#7502 = ORIENTED_EDGE('',*,*,#7503,.F.);
#7503 = EDGE_CURVE('',#7448,#7496,#7504,.T.);
#7504 = LINE('',#7505,#7506);
#7505 = CARTESIAN_POINT('',(-111.4009999999,85.5,2.8));
#7506 = VECTOR('',#7507,1.);
#7507 = DIRECTION('',(0.707106434568,0.,-0.707107127805));
#7508 = ORIENTED_EDGE('',*,*,#7447,.F.);
#7509 = PLANE('',#7510);
#7510 = AXIS2_PLACEMENT_3D('',#7511,#7512,#7513);
#7511 = CARTESIAN_POINT('',(-112.3092038178,85.5,2.914948251178));
#7512 = DIRECTION('',(-0.,-1.,-0.));
#7513 = DIRECTION('',(0.,0.,-1.));
#7514 = ADVANCED_FACE('',(#7515),#7564,.T.);
#7515 = FACE_BOUND('',#7516,.T.);
#7516 = EDGE_LOOP('',(#7517,#7518,#7526,#7534,#7542,#7550,#7558));
#7517 = ORIENTED_EDGE('',*,*,#2295,.T.);
#7518 = ORIENTED_EDGE('',*,*,#7519,.T.);
#7519 = EDGE_CURVE('',#2288,#7520,#7522,.T.);
#7520 = VERTEX_POINT('',#7521);
#7521 = CARTESIAN_POINT('',(-111.4009999999,108.5,2.8));
#7522 = LINE('',#7523,#7524);
#7523 = CARTESIAN_POINT('',(-111.4009999999,108.5,3.7));
#7524 = VECTOR('',#7525,1.);
#7525 = DIRECTION('',(-0.,0.,-1.));
#7526 = ORIENTED_EDGE('',*,*,#7527,.T.);
#7527 = EDGE_CURVE('',#7520,#7528,#7530,.T.);
#7528 = VERTEX_POINT('',#7529);
#7529 = CARTESIAN_POINT('',(-111.0191625253,108.5,2.418162150985));
#7530 = LINE('',#7531,#7532);
#7531 = CARTESIAN_POINT('',(-111.4009999999,108.5,2.8));
#7532 = VECTOR('',#7533,1.);
#7533 = DIRECTION('',(0.707106434568,0.,-0.707107127805));
#7534 = ORIENTED_EDGE('',*,*,#7535,.T.);
#7535 = EDGE_CURVE('',#7528,#7536,#7538,.T.);
#7536 = VERTEX_POINT('',#7537);
#7537 = CARTESIAN_POINT('',(-110.9509999999,108.5,2.35));
#7538 = LINE('',#7539,#7540);
#7539 = CARTESIAN_POINT('',(-111.4009999999,108.5,2.8));
#7540 = VECTOR('',#7541,1.);
#7541 = DIRECTION('',(0.707106781187,0.,-0.707106781187));
#7542 = ORIENTED_EDGE('',*,*,#7543,.F.);
#7543 = EDGE_CURVE('',#7544,#7536,#7546,.T.);
#7544 = VERTEX_POINT('',#7545);
#7545 = CARTESIAN_POINT('',(-111.4009999999,108.5,1.9));
#7546 = LINE('',#7547,#7548);
#7547 = CARTESIAN_POINT('',(-111.4009999999,108.5,1.9));
#7548 = VECTOR('',#7549,1.);
#7549 = DIRECTION('',(0.707106781187,0.,0.707106781187));
#7550 = ORIENTED_EDGE('',*,*,#7551,.T.);
#7551 = EDGE_CURVE('',#7544,#7552,#7554,.T.);
#7552 = VERTEX_POINT('',#7553);
#7553 = CARTESIAN_POINT('',(-112.601,108.5,1.9));
#7554 = LINE('',#7555,#7556);
#7555 = CARTESIAN_POINT('',(-111.4009999999,108.5,1.9));
#7556 = VECTOR('',#7557,1.);
#7557 = DIRECTION('',(-1.,0.,0.));
#7558 = ORIENTED_EDGE('',*,*,#7559,.T.);
#7559 = EDGE_CURVE('',#7552,#2296,#7560,.T.);
#7560 = LINE('',#7561,#7562);
#7561 = CARTESIAN_POINT('',(-112.601,108.5,1.9));
#7562 = VECTOR('',#7563,1.);
#7563 = DIRECTION('',(-0.554700196225,0.,0.832050294338));
#7564 = PLANE('',#7565);
#7565 = AXIS2_PLACEMENT_3D('',#7566,#7567,#7568);
#7566 = CARTESIAN_POINT('',(-112.3092038178,108.5,2.914948251178));
#7567 = DIRECTION('',(0.,1.,0.));
#7568 = DIRECTION('',(0.,0.,1.));
#7569 = ADVANCED_FACE('',(#7570),#7588,.F.);
#7570 = FACE_BOUND('',#7571,.T.);
#7571 = EDGE_LOOP('',(#7572,#7573,#7581,#7587));
#7572 = ORIENTED_EDGE('',*,*,#2287,.T.);
#7573 = ORIENTED_EDGE('',*,*,#7574,.T.);
#7574 = EDGE_CURVE('',#2280,#7575,#7577,.T.);
#7575 = VERTEX_POINT('',#7576);
#7576 = CARTESIAN_POINT('',(-111.4009999999,129.5,2.8));
#7577 = LINE('',#7578,#7579);
#7578 = CARTESIAN_POINT('',(-111.4009999999,129.5,3.7));
#7579 = VECTOR('',#7580,1.);
#7580 = DIRECTION('',(-0.,0.,-1.));
#7581 = ORIENTED_EDGE('',*,*,#7582,.F.);
#7582 = EDGE_CURVE('',#7520,#7575,#7583,.T.);
#7583 = LINE('',#7584,#7585);
#7584 = CARTESIAN_POINT('',(-111.4009999999,108.5,2.8));
#7585 = VECTOR('',#7586,1.);
#7586 = DIRECTION('',(0.,1.,0.));
#7587 = ORIENTED_EDGE('',*,*,#7519,.F.);
#7588 = PLANE('',#7589);
#7589 = AXIS2_PLACEMENT_3D('',#7590,#7591,#7592);
#7590 = CARTESIAN_POINT('',(-111.4009999999,108.5,3.7));
#7591 = DIRECTION('',(1.,0.,0.));
#7592 = DIRECTION('',(0.,2.2E-16,1.));
#7593 = ADVANCED_FACE('',(#7594),#7636,.T.);
#7594 = FACE_BOUND('',#7595,.T.);
#7595 = EDGE_LOOP('',(#7596,#7597,#7605,#7613,#7621,#7629,#7635));
#7596 = ORIENTED_EDGE('',*,*,#2279,.F.);
#7597 = ORIENTED_EDGE('',*,*,#7598,.F.);
#7598 = EDGE_CURVE('',#7599,#2272,#7601,.T.);
#7599 = VERTEX_POINT('',#7600);
#7600 = CARTESIAN_POINT('',(-112.601,129.5,1.9));
#7601 = LINE('',#7602,#7603);
#7602 = CARTESIAN_POINT('',(-112.601,129.5,1.9));
#7603 = VECTOR('',#7604,1.);
#7604 = DIRECTION('',(-0.554700196225,0.,0.832050294338));
#7605 = ORIENTED_EDGE('',*,*,#7606,.F.);
#7606 = EDGE_CURVE('',#7607,#7599,#7609,.T.);
#7607 = VERTEX_POINT('',#7608);
#7608 = CARTESIAN_POINT('',(-111.4009999999,129.5,1.9));
#7609 = LINE('',#7610,#7611);
#7610 = CARTESIAN_POINT('',(-111.4009999999,129.5,1.9));
#7611 = VECTOR('',#7612,1.);
#7612 = DIRECTION('',(-1.,0.,0.));
#7613 = ORIENTED_EDGE('',*,*,#7614,.T.);
#7614 = EDGE_CURVE('',#7607,#7615,#7617,.T.);
#7615 = VERTEX_POINT('',#7616);
#7616 = CARTESIAN_POINT('',(-110.9509999999,129.5,2.35));
#7617 = LINE('',#7618,#7619);
#7618 = CARTESIAN_POINT('',(-111.4009999999,129.5,1.9));
#7619 = VECTOR('',#7620,1.);
#7620 = DIRECTION('',(0.707106781187,0.,0.707106781187));
#7621 = ORIENTED_EDGE('',*,*,#7622,.F.);
#7622 = EDGE_CURVE('',#7623,#7615,#7625,.T.);
#7623 = VERTEX_POINT('',#7624);
#7624 = CARTESIAN_POINT('',(-111.0191625253,129.5,2.418162150985));
#7625 = LINE('',#7626,#7627);
#7626 = CARTESIAN_POINT('',(-111.4009999999,129.5,2.8));
#7627 = VECTOR('',#7628,1.);
#7628 = DIRECTION('',(0.707106781187,0.,-0.707106781187));
#7629 = ORIENTED_EDGE('',*,*,#7630,.F.);
#7630 = EDGE_CURVE('',#7575,#7623,#7631,.T.);
#7631 = LINE('',#7632,#7633);
#7632 = CARTESIAN_POINT('',(-111.4009999999,129.5,2.8));
#7633 = VECTOR('',#7634,1.);
#7634 = DIRECTION('',(0.707106434568,0.,-0.707107127805));
#7635 = ORIENTED_EDGE('',*,*,#7574,.F.);
#7636 = PLANE('',#7637);
#7637 = AXIS2_PLACEMENT_3D('',#7638,#7639,#7640);
#7638 = CARTESIAN_POINT('',(-112.3092038178,129.5,2.914948251178));
#7639 = DIRECTION('',(-0.,-1.,-0.));
#7640 = DIRECTION('',(0.,0.,-1.));
#7641 = ADVANCED_FACE('',(#7642),#7684,.F.);
#7642 = FACE_BOUND('',#7643,.T.);
#7643 = EDGE_LOOP('',(#7644,#7654,#7661,#7669,#7675,#7676,#7677,#7678));
#7644 = ORIENTED_EDGE('',*,*,#7645,.F.);
#7645 = EDGE_CURVE('',#7646,#7648,#7650,.T.);
#7646 = VERTEX_POINT('',#7647);
#7647 = CARTESIAN_POINT('',(-105.911,134.69999999999,4.9));
#7648 = VERTEX_POINT('',#7649);
#7649 = CARTESIAN_POINT('',(-110.3009999999,134.69999999999,4.9));
#7650 = LINE('',#7651,#7652);
#7651 = CARTESIAN_POINT('',(-104.301,134.69999999999,4.9));
#7652 = VECTOR('',#7653,1.);
#7653 = DIRECTION('',(-1.,-0.,-0.));
#7654 = ORIENTED_EDGE('',*,*,#7655,.F.);
#7655 = EDGE_CURVE('',#7656,#7646,#7658,.T.);
#7656 = VERTEX_POINT('',#7657);
#7657 = CARTESIAN_POINT('',(-109.011,134.69999999999,1.8));
#7658 = B_SPLINE_CURVE_WITH_KNOTS('',1,(#7659,#7660),.UNSPECIFIED.,.F.,
  .F.,(2,2),(0.,1.),.PIECEWISE_BEZIER_KNOTS.);
#7659 = CARTESIAN_POINT('',(-109.211,134.69999999999,1.6));
#7660 = CARTESIAN_POINT('',(-105.911,134.69999999999,4.9));
#7661 = ORIENTED_EDGE('',*,*,#7662,.F.);
#7662 = EDGE_CURVE('',#7663,#7656,#7665,.T.);
#7663 = VERTEX_POINT('',#7664);
#7664 = CARTESIAN_POINT('',(-109.401,134.69999999999,1.8));
#7665 = LINE('',#7666,#7667);
#7666 = CARTESIAN_POINT('',(-82.23304882704,134.69999999999,1.8));
#7667 = VECTOR('',#7668,1.);
#7668 = DIRECTION('',(1.,0.,0.));
#7669 = ORIENTED_EDGE('',*,*,#7670,.F.);
#7670 = EDGE_CURVE('',#6952,#7663,#7671,.T.);
#7671 = LINE('',#7672,#7673);
#7672 = CARTESIAN_POINT('',(-109.401,134.69999999999,2.45));
#7673 = VECTOR('',#7674,1.);
#7674 = DIRECTION('',(0.,0.,1.));
#7675 = ORIENTED_EDGE('',*,*,#6959,.T.);
#7676 = ORIENTED_EDGE('',*,*,#6484,.F.);
#7677 = ORIENTED_EDGE('',*,*,#2263,.F.);
#7678 = ORIENTED_EDGE('',*,*,#7679,.F.);
#7679 = EDGE_CURVE('',#7648,#2256,#7680,.T.);
#7680 = LINE('',#7681,#7682);
#7681 = CARTESIAN_POINT('',(-110.3009999999,134.69999999999,4.9));
#7682 = VECTOR('',#7683,1.);
#7683 = DIRECTION('',(-0.,-0.,-1.));
#7684 = PLANE('',#7685);
#7685 = AXIS2_PLACEMENT_3D('',#7686,#7687,#7688);
#7686 = CARTESIAN_POINT('',(-104.301,134.69999999999,4.9));
#7687 = DIRECTION('',(-0.,-1.,-0.));
#7688 = DIRECTION('',(1.,0.,0.));
#7689 = ADVANCED_FACE('',(#7690),#7708,.T.);
#7690 = FACE_BOUND('',#7691,.F.);
#7691 = EDGE_LOOP('',(#7692,#7700,#7706,#7707));
#7692 = ORIENTED_EDGE('',*,*,#7693,.F.);
#7693 = EDGE_CURVE('',#7694,#7648,#7696,.T.);
#7694 = VERTEX_POINT('',#7695);
#7695 = CARTESIAN_POINT('',(-110.301,19.,4.9));
#7696 = LINE('',#7697,#7698);
#7697 = CARTESIAN_POINT('',(-110.3009999999,11.,4.9));
#7698 = VECTOR('',#7699,1.);
#7699 = DIRECTION('',(0.,1.,0.));
#7700 = ORIENTED_EDGE('',*,*,#7701,.T.);
#7701 = EDGE_CURVE('',#7694,#2248,#7702,.T.);
#7702 = LINE('',#7703,#7704);
#7703 = CARTESIAN_POINT('',(-110.301,19.,4.9));
#7704 = VECTOR('',#7705,1.);
#7705 = DIRECTION('',(0.,0.,-1.));
#7706 = ORIENTED_EDGE('',*,*,#2255,.T.);
#7707 = ORIENTED_EDGE('',*,*,#7679,.F.);
#7708 = PLANE('',#7709);
#7709 = AXIS2_PLACEMENT_3D('',#7710,#7711,#7712);
#7710 = CARTESIAN_POINT('',(-110.3009999999,11.,4.9));
#7711 = DIRECTION('',(-1.,-0.,-0.));
#7712 = DIRECTION('',(-0.,-1.,-0.));
#7713 = ADVANCED_FACE('',(#7714),#7732,.T.);
#7714 = FACE_BOUND('',#7715,.F.);
#7715 = EDGE_LOOP('',(#7716,#7724,#7725,#7726));
#7716 = ORIENTED_EDGE('',*,*,#7717,.F.);
#7717 = EDGE_CURVE('',#2240,#7718,#7720,.T.);
#7718 = VERTEX_POINT('',#7719);
#7719 = CARTESIAN_POINT('',(-109.3009999999,19.,4.9));
#7720 = LINE('',#7721,#7722);
#7721 = CARTESIAN_POINT('',(-109.3009999999,19.,4.905));
#7722 = VECTOR('',#7723,1.);
#7723 = DIRECTION('',(0.,-0.,1.));
#7724 = ORIENTED_EDGE('',*,*,#2247,.T.);
#7725 = ORIENTED_EDGE('',*,*,#7701,.F.);
#7726 = ORIENTED_EDGE('',*,*,#7727,.F.);
#7727 = EDGE_CURVE('',#7718,#7694,#7728,.T.);
#7728 = LINE('',#7729,#7730);
#7729 = CARTESIAN_POINT('',(-9.684,19.,4.9));
#7730 = VECTOR('',#7731,1.);
#7731 = DIRECTION('',(-1.,-0.,-0.));
#7732 = PLANE('',#7733);
#7733 = AXIS2_PLACEMENT_3D('',#7734,#7735,#7736);
#7734 = CARTESIAN_POINT('',(-9.684,19.,4.9));
#7735 = DIRECTION('',(-0.,-1.,-0.));
#7736 = DIRECTION('',(1.,0.,0.));
#7737 = ADVANCED_FACE('',(#7738),#7772,.F.);
#7738 = FACE_BOUND('',#7739,.F.);
#7739 = EDGE_LOOP('',(#7740,#7748,#7756,#7764,#7770,#7771));
#7740 = ORIENTED_EDGE('',*,*,#7741,.F.);
#7741 = EDGE_CURVE('',#7742,#7718,#7744,.T.);
#7742 = VERTEX_POINT('',#7743);
#7743 = CARTESIAN_POINT('',(-109.3009999999,25.400000321169,4.9));
#7744 = LINE('',#7745,#7746);
#7745 = CARTESIAN_POINT('',(-109.3009999999,53.26096541782,4.9));
#7746 = VECTOR('',#7747,1.);
#7747 = DIRECTION('',(0.,-1.,0.));
#7748 = ORIENTED_EDGE('',*,*,#7749,.T.);
#7749 = EDGE_CURVE('',#7742,#7750,#7752,.T.);
#7750 = VERTEX_POINT('',#7751);
#7751 = CARTESIAN_POINT('',(-109.3009999999,25.400000321169,1.8));
#7752 = LINE('',#7753,#7754);
#7753 = CARTESIAN_POINT('',(-109.3009999999,25.400000321169,4.91));
#7754 = VECTOR('',#7755,1.);
#7755 = DIRECTION('',(-0.,-0.,-1.));
#7756 = ORIENTED_EDGE('',*,*,#7757,.F.);
#7757 = EDGE_CURVE('',#7758,#7750,#7760,.T.);
#7758 = VERTEX_POINT('',#7759);
#7759 = CARTESIAN_POINT('',(-109.3009999999,16.200000321171,1.8));
#7760 = LINE('',#7761,#7762);
#7761 = CARTESIAN_POINT('',(-109.3009999999,44.780713773644,1.8));
#7762 = VECTOR('',#7763,1.);
#7763 = DIRECTION('',(0.,1.,-0.));
#7764 = ORIENTED_EDGE('',*,*,#7765,.F.);
#7765 = EDGE_CURVE('',#2232,#7758,#7766,.T.);
#7766 = LINE('',#7767,#7768);
#7767 = CARTESIAN_POINT('',(-109.3009999999,16.200000321171,4.91));
#7768 = VECTOR('',#7769,1.);
#7769 = DIRECTION('',(-0.,-0.,-1.));
#7770 = ORIENTED_EDGE('',*,*,#2239,.F.);
#7771 = ORIENTED_EDGE('',*,*,#7717,.T.);
#7772 = PLANE('',#7773);
#7773 = AXIS2_PLACEMENT_3D('',#7774,#7775,#7776);
#7774 = CARTESIAN_POINT('',(-109.3009999999,25.400000321169,4.91));
#7775 = DIRECTION('',(-1.,0.,0.));
#7776 = DIRECTION('',(0.,-1.,0.));
#7777 = ADVANCED_FACE('',(#7778),#7795,.F.);
#7778 = FACE_BOUND('',#7779,.F.);
#7779 = EDGE_LOOP('',(#7780,#7781,#7782,#7790));
#7780 = ORIENTED_EDGE('',*,*,#2231,.F.);
#7781 = ORIENTED_EDGE('',*,*,#7765,.T.);
#7782 = ORIENTED_EDGE('',*,*,#7783,.F.);
#7783 = EDGE_CURVE('',#7784,#7758,#7786,.T.);
#7784 = VERTEX_POINT('',#7785);
#7785 = CARTESIAN_POINT('',(-109.011,16.49000032117,1.8));
#7786 = LINE('',#7787,#7788);
#7787 = CARTESIAN_POINT('',(-85.1427890256,40.35821129557,1.8));
#7788 = VECTOR('',#7789,1.);
#7789 = DIRECTION('',(-0.707106781187,-0.707106781187,0.));
#7790 = ORIENTED_EDGE('',*,*,#7791,.T.);
#7791 = EDGE_CURVE('',#7784,#2225,#7792,.T.);
#7792 = B_SPLINE_CURVE_WITH_KNOTS('',1,(#7793,#7794),.UNSPECIFIED.,.F.,
  .F.,(2,2),(0.,1.),.PIECEWISE_BEZIER_KNOTS.);
#7793 = CARTESIAN_POINT('',(-109.301,16.20000032117,1.51));
#7794 = CARTESIAN_POINT('',(-105.901,19.60000032117,4.91));
#7795 = PLANE('',#7796);
#7796 = AXIS2_PLACEMENT_3D('',#7797,#7798,#7799);
#7797 = CARTESIAN_POINT('',(-109.3009999999,16.200000321171,4.91));
#7798 = DIRECTION('',(0.707106781187,-0.707106781187,0.));
#7799 = DIRECTION('',(0.707106781187,0.707106781187,0.));
#7800 = ADVANCED_FACE('',(#7801),#7836,.T.);
#7801 = FACE_BOUND('',#7802,.T.);
#7802 = EDGE_LOOP('',(#7803,#7812,#7817,#7818,#7819));
#7803 = ORIENTED_EDGE('',*,*,#7804,.F.);
#7804 = EDGE_CURVE('',#7805,#7807,#7809,.T.);
#7805 = VERTEX_POINT('',#7806);
#7806 = CARTESIAN_POINT('',(-109.011,10.999999972612,1.8));
#7807 = VERTEX_POINT('',#7808);
#7808 = CARTESIAN_POINT('',(-108.401,10.999999915003,2.41));
#7809 = B_SPLINE_CURVE_WITH_KNOTS('',1,(#7810,#7811),.UNSPECIFIED.,.F.,
  .F.,(2,2),(0.,1.),.PIECEWISE_BEZIER_KNOTS.);
#7810 = CARTESIAN_POINT('',(-109.301,11.,1.51));
#7811 = CARTESIAN_POINT('',(-105.901,10.9999996789,4.91));
#7812 = ORIENTED_EDGE('',*,*,#7813,.F.);
#7813 = EDGE_CURVE('',#7784,#7805,#7814,.T.);
#7814 = B_SPLINE_CURVE_WITH_KNOTS('',1,(#7815,#7816),.UNSPECIFIED.,.F.,
  .F.,(2,2),(0.,1.),.PIECEWISE_BEZIER_KNOTS.);
#7815 = CARTESIAN_POINT('',(-109.011,19.601471504243,1.8));
#7816 = CARTESIAN_POINT('',(-109.011,10.999999972612,1.8));
#7817 = ORIENTED_EDGE('',*,*,#7791,.T.);
#7818 = ORIENTED_EDGE('',*,*,#2224,.T.);
#7819 = ORIENTED_EDGE('',*,*,#7820,.T.);
#7820 = EDGE_CURVE('',#2216,#7807,#7821,.T.);
#7821 = B_SPLINE_CURVE_WITH_KNOTS('',7,(#7822,#7823,#7824,#7825,#7826,
    #7827,#7828,#7829,#7830,#7831,#7832,#7833,#7834,#7835),
  .UNSPECIFIED.,.F.,.F.,(8,6,8),(0.,0.411991010175,1.),.UNSPECIFIED.);
#7822 = CARTESIAN_POINT('',(-107.1102263676,13.986343452373,
    3.700773632391));
#7823 = CARTESIAN_POINT('',(-107.2431847618,13.861270687708,
    3.567815238103));
#7824 = CARTESIAN_POINT('',(-107.3710660921,13.727956548699,
    3.439933907803));
#7825 = CARTESIAN_POINT('',(-107.4932809171,13.586454402684,
    3.31771908286));
#7826 = CARTESIAN_POINT('',(-107.609169473,13.436888084646,
    3.201830526981));
#7827 = CARTESIAN_POINT('',(-107.7180171875,13.279471837917,
    3.092982812463));
#7828 = CARTESIAN_POINT('',(-107.8190773888,13.114536942583,
    2.991922611126));
#7829 = CARTESIAN_POINT('',(-108.0436546706,12.697120283617,
    2.767345329355));
#7830 = CARTESIAN_POINT('',(-108.1584602633,12.437079420269,
    2.652539736632));
#7831 = CARTESIAN_POINT('',(-108.2535405733,12.1642294122,2.557459426609
    ));
#7832 = CARTESIAN_POINT('',(-108.3267179039,11.880887953312,
    2.484282096064));
#7833 = CARTESIAN_POINT('',(-108.3762572937,11.589938104954,
    2.434742706234));
#7834 = CARTESIAN_POINT('',(-108.401,11.29487614998,2.41));
#7835 = CARTESIAN_POINT('',(-108.401,11.,2.41));
#7836 = B_SPLINE_SURFACE_WITH_KNOTS('',1,1,(
    (#7837,#7838)
    ,(#7839,#7840
    )),.UNSPECIFIED.,.F.,.F.,.F.,(2,2),(2,2),(-3.2109997505E-07,
    128.00000032117),(0.,1.),.PIECEWISE_BEZIER_KNOTS.);
#7837 = CARTESIAN_POINT('',(-109.301,11.,1.51));
#7838 = CARTESIAN_POINT('',(-105.901,10.9999996789,4.91));
#7839 = CARTESIAN_POINT('',(-109.301,139.,1.51));
#7840 = CARTESIAN_POINT('',(-105.901,139.00000032117,4.91));
#7841 = ADVANCED_FACE('',(#7842),#7934,.F.);
#7842 = FACE_BOUND('',#7843,.T.);
#7843 = EDGE_LOOP('',(#7844,#7845,#7846,#7847,#7884));
#7844 = ORIENTED_EDGE('',*,*,#7820,.F.);
#7845 = ORIENTED_EDGE('',*,*,#2215,.F.);
#7846 = ORIENTED_EDGE('',*,*,#2206,.F.);
#7847 = ORIENTED_EDGE('',*,*,#7848,.F.);
#7848 = EDGE_CURVE('',#7849,#2200,#7851,.T.);
#7849 = VERTEX_POINT('',#7850);
#7850 = CARTESIAN_POINT('',(-104.301000085,6.9,2.41));
#7851 = B_SPLINE_CURVE_WITH_KNOTS('',7,(#7852,#7853,#7854,#7855,#7856,
    #7857,#7858,#7859,#7860,#7861,#7862,#7863,#7864,#7865,#7866,#7867,
    #7868,#7869,#7870,#7871,#7872,#7873,#7874,#7875,#7876,#7877,#7878,
    #7879,#7880,#7881,#7882,#7883),.UNSPECIFIED.,.F.,.F.,(8,6,6,6,6,8),(
    0.,0.571919871546,0.955096853287,0.978193788936,0.988899385567,1.),
  .UNSPECIFIED.);
#7852 = CARTESIAN_POINT('',(-104.301000085,6.9,2.41));
#7853 = CARTESIAN_POINT('',(-104.0132118485,6.899999994033,
    2.409999994033));
#7854 = CARTESIAN_POINT('',(-103.7252488859,6.923567475293,
    2.433567475293));
#7855 = CARTESIAN_POINT('',(-103.4412413126,6.970752229634,
    2.480752229634));
#7856 = CARTESIAN_POINT('',(-103.1645445332,7.040436346055,
    2.550436346055));
#7857 = CARTESIAN_POINT('',(-102.897883478,7.130941047488,2.640941047488
    ));
#7858 = CARTESIAN_POINT('',(-102.643404795,7.240198207459,2.750198207459
    ));
#7859 = CARTESIAN_POINT('',(-102.2414757702,7.450146995622,
    2.960146995622));
#7860 = CARTESIAN_POINT('',(-102.086316412,7.541820122381,3.051820122381
    ));
#7861 = CARTESIAN_POINT('',(-101.9376296131,7.640326375944,
    3.150326375944));
#7862 = CARTESIAN_POINT('',(-101.7956798422,7.745061195197,
    3.255061195197));
#7863 = CARTESIAN_POINT('',(-101.6606397711,7.855448525978,
    3.365448525978));
#7864 = CARTESIAN_POINT('',(-101.5326107497,7.970958290639,
    3.480958290639));
#7865 = CARTESIAN_POINT('',(-101.4043468285,8.098361491075,
    3.608361491075));
#7866 = CARTESIAN_POINT('',(-101.3970805908,8.105621334239,
    3.615621334239));
#7867 = CARTESIAN_POINT('',(-101.3898400142,8.11289796097,3.62289796097)
  );
#7868 = CARTESIAN_POINT('',(-101.3826251098,8.120191266815,
    3.630191266815));
#7869 = CARTESIAN_POINT('',(-101.3754358881,8.127501147911,3.63750114791
    ));
#7870 = CARTESIAN_POINT('',(-101.3682723592,8.134827500981,
    3.644827500981));
#7871 = CARTESIAN_POINT('',(-101.357826098,8.145573628231,3.655573628231
    ));
#7872 = CARTESIAN_POINT('',(-101.3545266101,8.148977026981,
    3.658977026981));
#7873 = CARTESIAN_POINT('',(-101.3512360262,8.15238041965,3.66238041965)
  );
#7874 = CARTESIAN_POINT('',(-101.3479543046,8.155783806296,
    3.665783806296));
#7875 = CARTESIAN_POINT('',(-101.3446814037,8.159187186978,
    3.669187186978));
#7876 = CARTESIAN_POINT('',(-101.3414172827,8.162590561751,
    3.672590561751));
#7877 = CARTESIAN_POINT('',(-101.3347864019,8.169522877958,
    3.679522877958));
#7878 = CARTESIAN_POINT('',(-101.3314168178,8.173055457537,
    3.683055457537));
#7879 = CARTESIAN_POINT('',(-101.3280530785,8.176591734031,
    3.686591734031));
#7880 = CARTESIAN_POINT('',(-101.3246951535,8.180131730085,
    3.690131730085));
#7881 = CARTESIAN_POINT('',(-101.3213430513,8.183675426367,
    3.693675426367));
#7882 = CARTESIAN_POINT('',(-101.3179968202,8.187222761565,
    3.697222761565));
#7883 = CARTESIAN_POINT('',(-101.3146565476,8.190773632391,
    3.700773632391));
#7884 = ORIENTED_EDGE('',*,*,#7885,.F.);
#7885 = EDGE_CURVE('',#7807,#7849,#7886,.T.);
#7886 = B_SPLINE_CURVE_WITH_KNOTS('',6,(#7887,#7888,#7889,#7890,#7891,
    #7892,#7893,#7894,#7895,#7896,#7897,#7898,#7899,#7900,#7901,#7902,
    #7903,#7904,#7905,#7906,#7907,#7908,#7909,#7910,#7911,#7912,#7913,
    #7914,#7915,#7916,#7917,#7918,#7919,#7920,#7921,#7922,#7923,#7924,
    #7925,#7926,#7927,#7928,#7929,#7930,#7931,#7932,#7933),
  .UNSPECIFIED.,.F.,.F.,(7,5,5,5,5,5,5,5,5,7),(0.,5.000062754486E-02,
    8.500106692307E-02,0.142001778556,0.249003065068,0.268003303346,
    0.329004065687,0.442005412301,0.721002704385,1.),.UNSPECIFIED.);
#7887 = CARTESIAN_POINT('',(-108.401,10.999999915003,2.41));
#7888 = CARTESIAN_POINT('',(-108.4009999988,10.946331040975,
    2.410000004203));
#7889 = CARTESIAN_POINT('',(-108.4001569689,10.892662161981,
    2.41000000731));
#7890 = CARTESIAN_POINT('',(-108.3984709104,10.839009841855,
    2.41000000994));
#7891 = CARTESIAN_POINT('',(-108.3959422566,10.785390627406,
    2.410000012515));
#7892 = CARTESIAN_POINT('',(-108.3925718737,10.731821048419,
    2.410000015258));
#7893 = CARTESIAN_POINT('',(-108.3854134924,10.640865216018,
    2.410000020249));
#7894 = CARTESIAN_POINT('',(-108.3820541129,10.603445223776,
    2.41000002241));
#7895 = CARTESIAN_POINT('',(-108.3782833683,10.566063302889,
    2.410000024701));
#7896 = CARTESIAN_POINT('',(-108.3741018077,10.528725104298,
    2.410000027128));
#7897 = CARTESIAN_POINT('',(-108.3695100836,10.491436267936,
    2.410000029684));
#7898 = CARTESIAN_POINT('',(-108.3563642529,10.393564450405,
    2.410000036683));
#7899 = CARTESIAN_POINT('',(-108.3471337033,10.33307231651,
    2.410000041314));
#7900 = CARTESIAN_POINT('',(-108.3368205713,10.272750347383,
    2.410000046134));
#7901 = CARTESIAN_POINT('',(-108.3254288452,10.212622739552,
    2.410000051038));
#7902 = CARTESIAN_POINT('',(-108.3129632336,10.152713559726,
    2.410000055922));
#7903 = CARTESIAN_POINT('',(-108.27402312,9.9810406702,2.410000069611));
#7904 = CARTESIAN_POINT('',(-108.244851929,9.869888407079,2.410000078094
    ));
#7905 = CARTESIAN_POINT('',(-108.2119516053,9.759748635708,
    2.410000085612));
#7906 = CARTESIAN_POINT('',(-108.1753668287,9.650777287753,2.41000009194
    ));
#7907 = CARTESIAN_POINT('',(-108.1351509466,9.54312754627,2.410000097145
    ));
#7908 = CARTESIAN_POINT('',(-108.083591068,9.418095851745,2.410000102372
    ));
#7909 = CARTESIAN_POINT('',(-108.0757036222,9.399288266354,
    2.410000103135));
#7910 = CARTESIAN_POINT('',(-108.0677039828,9.380527929313,
    2.410000103873));
#7911 = CARTESIAN_POINT('',(-108.0595925043,9.361815676824,
    2.410000104589));
#7912 = CARTESIAN_POINT('',(-108.0513695496,9.343152341523,
    2.410000105284));
#7913 = CARTESIAN_POINT('',(-108.0162787731,9.264779337605,
    2.410000108123));
#7914 = CARTESIAN_POINT('',(-107.9883768383,9.205532668781,
    2.410000110081));
#7915 = CARTESIAN_POINT('',(-107.9593419809,9.146826205955,2.41000011188
    ));
#7916 = CARTESIAN_POINT('',(-107.9291873534,9.088686975191,
    2.410000113561));
#7917 = CARTESIAN_POINT('',(-107.8979269643,9.031141568664,
    2.410000115155));
#7918 = CARTESIAN_POINT('',(-107.8056462835,8.868764190908,2.41000011951
    ));
#7919 = CARTESIAN_POINT('',(-107.7419731911,8.765439483492,
    2.410000122125));
#7920 = CARTESIAN_POINT('',(-107.6746511517,8.664408691276,
    2.410000124585));
#7921 = CARTESIAN_POINT('',(-107.6037842149,8.565832044831,
    2.410000126861));
#7922 = CARTESIAN_POINT('',(-107.5294857302,8.469863336427,
    2.410000128837));
#7923 = CARTESIAN_POINT('',(-107.2602678007,8.146508496618,
    2.410000133948));
#7924 = CARTESIAN_POINT('',(-107.0484701445,7.933142806161,
    2.410000134888));
#7925 = CARTESIAN_POINT('',(-106.8183540039,7.738809236774,
    2.410000129803));
#7926 = CARTESIAN_POINT('',(-106.5720783683,7.565410026142,
    2.410000122516));
#7927 = CARTESIAN_POINT('',(-106.3120302318,7.414552038683,
    2.410000117299));
#7928 = CARTESIAN_POINT('',(-105.7697010809,7.160391059813,
    2.410000099048));
#7929 = CARTESIAN_POINT('',(-105.4873760887,7.057067458914,
    2.410000084046));
#7930 = CARTESIAN_POINT('',(-105.1965402273,6.978750930595,
    2.410000073708));
#7931 = CARTESIAN_POINT('',(-104.8999556815,6.92624775664,2.410000014856
    ));
#7932 = CARTESIAN_POINT('',(-104.6004657408,6.90000000621,2.410000023392
    ));
#7933 = CARTESIAN_POINT('',(-104.301000085,6.9,2.409999999934));
#7934 = CYLINDRICAL_SURFACE('',#7935,4.1);
#7935 = AXIS2_PLACEMENT_3D('',#7936,#7937,#7938);
#7936 = CARTESIAN_POINT('',(-104.301,11.,3.7));
#7937 = DIRECTION('',(0.,0.,1.));
#7938 = DIRECTION('',(-1.,0.,0.));
#7939 = ADVANCED_FACE('',(#7940),#7969,.T.);
#7940 = FACE_BOUND('',#7941,.T.);
#7941 = EDGE_LOOP('',(#7942,#7951,#7956,#7957,#7958));
#7942 = ORIENTED_EDGE('',*,*,#7943,.F.);
#7943 = EDGE_CURVE('',#7944,#7946,#7948,.T.);
#7944 = VERTEX_POINT('',#7945);
#7945 = CARTESIAN_POINT('',(-104.3010000273,6.29,1.8));
#7946 = VERTEX_POINT('',#7947);
#7947 = CARTESIAN_POINT('',(-97.56206781186,6.29,1.8));
#7948 = B_SPLINE_CURVE_WITH_KNOTS('',1,(#7949,#7950),.UNSPECIFIED.,.F.,
  .F.,(2,2),(0.,1.),.PIECEWISE_BEZIER_KNOTS.);
#7949 = CARTESIAN_POINT('',(-104.3010000273,6.29,1.8));
#7950 = CARTESIAN_POINT('',(-88.77478686493,6.29,1.8));
#7951 = ORIENTED_EDGE('',*,*,#7952,.T.);
#7952 = EDGE_CURVE('',#7944,#7849,#7953,.T.);
#7953 = B_SPLINE_CURVE_WITH_KNOTS('',1,(#7954,#7955),.UNSPECIFIED.,.F.,
  .F.,(2,2),(0.,1.),.PIECEWISE_BEZIER_KNOTS.);
#7954 = CARTESIAN_POINT('',(-104.301,6.,1.51));
#7955 = CARTESIAN_POINT('',(-104.3010003211,9.4,4.91));
#7956 = ORIENTED_EDGE('',*,*,#7848,.T.);
#7957 = ORIENTED_EDGE('',*,*,#2199,.T.);
#7958 = ORIENTED_EDGE('',*,*,#7959,.F.);
#7959 = EDGE_CURVE('',#7946,#2192,#7960,.T.);
#7960 = B_SPLINE_CURVE_WITH_KNOTS('',4,(#7961,#7962,#7963,#7964,#7965,
    #7966,#7967,#7968),.UNSPECIFIED.,.F.,.F.,(5,3,5),(0.,0.49922353489,
    1.),.UNSPECIFIED.);
#7961 = CARTESIAN_POINT('',(-97.56206781186,6.29,1.8));
#7962 = CARTESIAN_POINT('',(-97.80035344066,6.528285628803,
    2.038285628803));
#7963 = CARTESIAN_POINT('',(-98.03827907543,6.766211263565,
    2.276211263565));
#7964 = CARTESIAN_POINT('',(-98.27583862502,7.003770813155,
    2.513770813155));
#7965 = CARTESIAN_POINT('',(-98.75095103684,7.478883224976,
    2.988883224976));
#7966 = CARTESIAN_POINT('',(-98.98850158166,7.716433769797,
    3.226433769797));
#7967 = CARTESIAN_POINT('',(-99.22567127833,7.953603466465,
    3.463603466465));
#7968 = CARTESIAN_POINT('',(-99.4624537855,8.190385973642,3.700385973642
    ));
#7969 = B_SPLINE_SURFACE_WITH_KNOTS('',1,1,(
    (#7970,#7971)
    ,(#7972,#7973
    )),.UNSPECIFIED.,.F.,.F.,.F.,(2,2),(2,2),(0.,92.3),(0.,1.),
  .PIECEWISE_BEZIER_KNOTS.);
#7970 = CARTESIAN_POINT('',(-12.001,6.,1.51));
#7971 = CARTESIAN_POINT('',(-15.401,9.4,4.91));
#7972 = CARTESIAN_POINT('',(-104.301,6.,1.51));
#7973 = CARTESIAN_POINT('',(-104.3010003211,9.4,4.91));
#7974 = ADVANCED_FACE('',(#7975),#7999,.F.);
#7975 = FACE_BOUND('',#7976,.F.);
#7976 = EDGE_LOOP('',(#7977,#7978,#7979,#7985,#7993));
#7977 = ORIENTED_EDGE('',*,*,#2191,.F.);
#7978 = ORIENTED_EDGE('',*,*,#7959,.F.);
#7979 = ORIENTED_EDGE('',*,*,#7980,.T.);
#7980 = EDGE_CURVE('',#7946,#3841,#7981,.T.);
#7981 = LINE('',#7982,#7983);
#7982 = CARTESIAN_POINT('',(-101.8821183182,10.610050506339,1.8));
#7983 = VECTOR('',#7984,1.);
#7984 = DIRECTION('',(0.707106781187,-0.707106781187,0.));
#7985 = ORIENTED_EDGE('',*,*,#7986,.T.);
#7986 = EDGE_CURVE('',#3841,#7987,#7989,.T.);
#7987 = VERTEX_POINT('',#7988);
#7988 = CARTESIAN_POINT('',(-96.79094949366,5.518881681796,1.8));
#7989 = LINE('',#7990,#7991);
#7990 = CARTESIAN_POINT('',(-101.8821183182,10.610050506339,1.8));
#7991 = VECTOR('',#7992,1.);
#7992 = DIRECTION('',(0.707106781187,-0.707106781187,0.));
#7993 = ORIENTED_EDGE('',*,*,#7994,.F.);
#7994 = EDGE_CURVE('',#2184,#7987,#7995,.T.);
#7995 = LINE('',#7996,#7997);
#7996 = CARTESIAN_POINT('',(-96.79094949366,5.518881681796,3.7));
#7997 = VECTOR('',#7998,1.);
#7998 = DIRECTION('',(-0.,-0.,-1.));
#7999 = PLANE('',#8000);
#8000 = AXIS2_PLACEMENT_3D('',#8001,#8002,#8003);
#8001 = CARTESIAN_POINT('',(-101.8821183182,10.610050506339,3.7));
#8002 = DIRECTION('',(-0.707106781187,-0.707106781187,0.));
#8003 = DIRECTION('',(0.707106781187,-0.707106781187,0.));
#8004 = ADVANCED_FACE('',(#8005),#8034,.F.);
#8005 = FACE_BOUND('',#8006,.F.);
#8006 = EDGE_LOOP('',(#8007,#8008,#8009,#8015,#8023));
#8007 = ORIENTED_EDGE('',*,*,#2183,.F.);
#8008 = ORIENTED_EDGE('',*,*,#7994,.T.);
#8009 = ORIENTED_EDGE('',*,*,#8010,.T.);
#8010 = EDGE_CURVE('',#7987,#3849,#8011,.T.);
#8011 = LINE('',#8012,#8013);
#8012 = CARTESIAN_POINT('',(-96.79094949366,5.518881681796,1.8));
#8013 = VECTOR('',#8014,1.);
#8014 = DIRECTION('',(0.707106781187,0.707106781187,0.));
#8015 = ORIENTED_EDGE('',*,*,#8016,.T.);
#8016 = EDGE_CURVE('',#3849,#8017,#8019,.T.);
#8017 = VERTEX_POINT('',#8018);
#8018 = CARTESIAN_POINT('',(-96.01983117545,6.29,1.8));
#8019 = LINE('',#8020,#8021);
#8020 = CARTESIAN_POINT('',(-96.79094949366,5.518881681796,1.8));
#8021 = VECTOR('',#8022,1.);
#8022 = DIRECTION('',(0.707106781187,0.707106781187,0.));
#8023 = ORIENTED_EDGE('',*,*,#8024,.T.);
#8024 = EDGE_CURVE('',#8017,#2177,#8025,.T.);
#8025 = B_SPLINE_CURVE_WITH_KNOTS('',4,(#8026,#8027,#8028,#8029,#8030,
    #8031,#8032,#8033),.UNSPECIFIED.,.F.,.F.,(5,3,5),(0.,0.499003014393,
    1.),.UNSPECIFIED.);
#8026 = CARTESIAN_POINT('',(-96.01983117545,6.29,1.8));
#8027 = CARTESIAN_POINT('',(-95.78139522683,6.528435948625,
    2.038435948625));
#8028 = CARTESIAN_POINT('',(-95.54341931543,6.766411860022,
    2.276411860022));
#8029 = CARTESIAN_POINT('',(-95.30591007781,7.003921097647,
    2.513921097647));
#8030 = CARTESIAN_POINT('',(-94.83089101473,7.478940160725,
    2.988940160725));
#8031 = CARTESIAN_POINT('',(-94.59338498033,7.71644619512,3.22644619512)
  );
#8032 = CARTESIAN_POINT('',(-94.35636278533,7.953468390124,
    3.463468390124));
#8033 = CARTESIAN_POINT('',(-94.11983117545,8.19,3.7));
#8034 = PLANE('',#8035);
#8035 = AXIS2_PLACEMENT_3D('',#8036,#8037,#8038);
#8036 = CARTESIAN_POINT('',(-96.79094949366,5.518881681796,3.7));
#8037 = DIRECTION('',(0.707106781187,-0.707106781187,0.));
#8038 = DIRECTION('',(0.707106781187,0.707106781187,0.));
#8039 = ADVANCED_FACE('',(#8040),#8068,.T.);
#8040 = FACE_BOUND('',#8041,.T.);
#8041 = EDGE_LOOP('',(#8042,#8061,#8066,#8067));
#8042 = ORIENTED_EDGE('',*,*,#8043,.F.);
#8043 = EDGE_CURVE('',#8044,#2169,#8046,.T.);
#8044 = VERTEX_POINT('',#8045);
#8045 = CARTESIAN_POINT('',(-92.41100032116,6.29,1.8));
#8046 = B_SPLINE_CURVE_WITH_KNOTS('',4,(#8047,#8048,#8049,#8050,#8051,
    #8052,#8053,#8054,#8055,#8056,#8057,#8058,#8059,#8060),
  .UNSPECIFIED.,.F.,.F.,(5,3,3,3,5),(0.,0.247862001384,0.497104369252,
    0.747784930632,1.),.UNSPECIFIED.);
#8047 = CARTESIAN_POINT('',(-92.70100032116,6.,1.51));
#8048 = CARTESIAN_POINT('',(-92.48793034252,6.213069978638,
    1.723069978638));
#8049 = CARTESIAN_POINT('',(-92.27524211926,6.425758201904,
    1.935758201904));
#8050 = CARTESIAN_POINT('',(-92.06294036083,6.638059960329,
    2.148059960329));
#8051 = CARTESIAN_POINT('',(-91.63793908942,7.063061231744,
    2.573061231744));
#8052 = CARTESIAN_POINT('',(-91.4252439455,7.275756375662,2.785756375662
    ));
#8053 = CARTESIAN_POINT('',(-91.2129491804,7.48805114076,2.99805114076)
  );
#8054 = CARTESIAN_POINT('',(-90.7879474061,7.913052915065,3.423052915065
    ));
#8055 = CARTESIAN_POINT('',(-90.57524508636,8.125755234801,
    3.635755234801));
#8056 = CARTESIAN_POINT('',(-90.36295757535,8.338042745813,
    3.848042745813));
#8057 = CARTESIAN_POINT('',(-89.93792509022,8.763075230945,
    4.273075230945));
#8058 = CARTESIAN_POINT('',(-89.7251852701,8.975815051059,4.485815051059
    ));
#8059 = CARTESIAN_POINT('',(-89.51287534382,9.188124977343,
    4.698124977343));
#8060 = CARTESIAN_POINT('',(-89.30100032116,9.4,4.91));
#8061 = ORIENTED_EDGE('',*,*,#8062,.F.);
#8062 = EDGE_CURVE('',#8017,#8044,#8063,.T.);
#8063 = B_SPLINE_CURVE_WITH_KNOTS('',1,(#8064,#8065),.UNSPECIFIED.,.F.,
  .F.,(2,2),(0.,1.),.PIECEWISE_BEZIER_KNOTS.);
#8064 = CARTESIAN_POINT('',(-104.3010000273,6.29,1.8));
#8065 = CARTESIAN_POINT('',(-88.77478686493,6.29,1.8));
#8066 = ORIENTED_EDGE('',*,*,#8024,.T.);
#8067 = ORIENTED_EDGE('',*,*,#2176,.T.);
#8068 = B_SPLINE_SURFACE_WITH_KNOTS('',1,1,(
    (#8069,#8070)
    ,(#8071,#8072
    )),.UNSPECIFIED.,.F.,.F.,.F.,(2,2),(2,2),(0.,92.3),(0.,1.),
  .PIECEWISE_BEZIER_KNOTS.);
#8069 = CARTESIAN_POINT('',(-12.001,6.,1.51));
#8070 = CARTESIAN_POINT('',(-15.401,9.4,4.91));
#8071 = CARTESIAN_POINT('',(-104.301,6.,1.51));
#8072 = CARTESIAN_POINT('',(-104.3010003211,9.4,4.91));
#8073 = ADVANCED_FACE('',(#8074),#8092,.F.);
#8074 = FACE_BOUND('',#8075,.F.);
#8075 = EDGE_LOOP('',(#8076,#8077,#8078,#8086));
#8076 = ORIENTED_EDGE('',*,*,#2168,.F.);
#8077 = ORIENTED_EDGE('',*,*,#8043,.F.);
#8078 = ORIENTED_EDGE('',*,*,#8079,.F.);
#8079 = EDGE_CURVE('',#8080,#8044,#8082,.T.);
#8080 = VERTEX_POINT('',#8081);
#8081 = CARTESIAN_POINT('',(-92.70100032116,6.,1.8));
#8082 = LINE('',#8083,#8084);
#8083 = CARTESIAN_POINT('',(-68.44278918618,30.258211134983,1.8));
#8084 = VECTOR('',#8085,1.);
#8085 = DIRECTION('',(0.707106781187,0.707106781187,-0.));
#8086 = ORIENTED_EDGE('',*,*,#8087,.F.);
#8087 = EDGE_CURVE('',#2161,#8080,#8088,.T.);
#8088 = LINE('',#8089,#8090);
#8089 = CARTESIAN_POINT('',(-92.70100032116,6.,4.91));
#8090 = VECTOR('',#8091,1.);
#8091 = DIRECTION('',(-0.,-0.,-1.));
#8092 = PLANE('',#8093);
#8093 = AXIS2_PLACEMENT_3D('',#8094,#8095,#8096);
#8094 = CARTESIAN_POINT('',(-89.30100032116,9.4,4.91));
#8095 = DIRECTION('',(-0.707106781187,0.707106781187,0.));
#8096 = DIRECTION('',(-0.707106781187,-0.707106781187,0.));
#8097 = ADVANCED_FACE('',(#8098),#8116,.F.);
#8098 = FACE_BOUND('',#8099,.F.);
#8099 = EDGE_LOOP('',(#8100,#8101,#8102,#8110));
#8100 = ORIENTED_EDGE('',*,*,#2160,.F.);
#8101 = ORIENTED_EDGE('',*,*,#8087,.T.);
#8102 = ORIENTED_EDGE('',*,*,#8103,.F.);
#8103 = EDGE_CURVE('',#8104,#8080,#8106,.T.);
#8104 = VERTEX_POINT('',#8105);
#8105 = CARTESIAN_POINT('',(-83.50100032116,6.,1.8));
#8106 = LINE('',#8107,#8108);
#8107 = CARTESIAN_POINT('',(-76.66529166425,6.,1.8));
#8108 = VECTOR('',#8109,1.);
#8109 = DIRECTION('',(-1.,0.,0.));
#8110 = ORIENTED_EDGE('',*,*,#8111,.F.);
#8111 = EDGE_CURVE('',#2153,#8104,#8112,.T.);
#8112 = LINE('',#8113,#8114);
#8113 = CARTESIAN_POINT('',(-83.50100032116,6.,4.91));
#8114 = VECTOR('',#8115,1.);
#8115 = DIRECTION('',(-0.,-0.,-1.));
#8116 = PLANE('',#8117);
#8117 = AXIS2_PLACEMENT_3D('',#8118,#8119,#8120);
#8118 = CARTESIAN_POINT('',(-92.70100032116,6.,4.91));
#8119 = DIRECTION('',(0.,-1.,0.));
#8120 = DIRECTION('',(1.,0.,0.));
#8121 = ADVANCED_FACE('',(#8122),#8151,.F.);
#8122 = FACE_BOUND('',#8123,.F.);
#8123 = EDGE_LOOP('',(#8124,#8125,#8126,#8134));
#8124 = ORIENTED_EDGE('',*,*,#2152,.F.);
#8125 = ORIENTED_EDGE('',*,*,#8111,.T.);
#8126 = ORIENTED_EDGE('',*,*,#8127,.F.);
#8127 = EDGE_CURVE('',#8128,#8104,#8130,.T.);
#8128 = VERTEX_POINT('',#8129);
#8129 = CARTESIAN_POINT('',(-83.79100032116,6.29,1.8));
#8130 = LINE('',#8131,#8132);
#8131 = CARTESIAN_POINT('',(-92.32350279924,14.822502478075,1.8));
#8132 = VECTOR('',#8133,1.);
#8133 = DIRECTION('',(0.707106781187,-0.707106781187,0.));
#8134 = ORIENTED_EDGE('',*,*,#8135,.T.);
#8135 = EDGE_CURVE('',#8128,#2146,#8136,.T.);
#8136 = B_SPLINE_CURVE_WITH_KNOTS('',4,(#8137,#8138,#8139,#8140,#8141,
    #8142,#8143,#8144,#8145,#8146,#8147,#8148,#8149,#8150),
  .UNSPECIFIED.,.F.,.F.,(5,3,3,3,5),(0.,0.302629855042,0.534361866615,
    0.766797729615,1.),.UNSPECIFIED.);
#8137 = CARTESIAN_POINT('',(-83.50100032116,6.,1.51));
#8138 = CARTESIAN_POINT('',(-83.75987125323,6.258870932066,
    1.768870932066));
#8139 = CARTESIAN_POINT('',(-84.01842703475,6.517426713585,
    2.027426713585));
#8140 = CARTESIAN_POINT('',(-84.27666112889,6.775660807731,
    2.285660807731));
#8141 = CARTESIAN_POINT('',(-84.73205220924,7.23105188808,2.74105188808)
  );
#8142 = CARTESIAN_POINT('',(-84.92934506613,7.428344744967,
    2.938344744967));
#8143 = CARTESIAN_POINT('',(-85.12644229436,7.6254419732,3.1354419732));
#8144 = CARTESIAN_POINT('',(-85.52083730034,8.019836979176,
    3.529836979176));
#8145 = CARTESIAN_POINT('',(-85.71813386886,8.217133547703,
    3.727133547703));
#8146 = CARTESIAN_POINT('',(-85.91522732802,8.414227006859,
    3.924227006859));
#8147 = CARTESIAN_POINT('',(-86.30965075632,8.808650435157,
    4.318650435157));
#8148 = CARTESIAN_POINT('',(-86.50697936246,9.005979041298,
    4.515979041298));
#8149 = CARTESIAN_POINT('',(-86.70409699983,9.203096678666,
    4.713096678666));
#8150 = CARTESIAN_POINT('',(-86.90100032116,9.4,4.91));
#8151 = PLANE('',#8152);
#8152 = AXIS2_PLACEMENT_3D('',#8153,#8154,#8155);
#8153 = CARTESIAN_POINT('',(-83.50100032116,6.,4.91));
#8154 = DIRECTION('',(0.707106781187,0.707106781187,0.));
#8155 = DIRECTION('',(-0.707106781187,0.707106781187,0.));
#8156 = ADVANCED_FACE('',(#8157),#8185,.T.);
#8157 = FACE_BOUND('',#8158,.T.);
#8158 = EDGE_LOOP('',(#8159,#8178,#8183,#8184));
#8159 = ORIENTED_EDGE('',*,*,#8160,.F.);
#8160 = EDGE_CURVE('',#8161,#2138,#8163,.T.);
#8161 = VERTEX_POINT('',#8162);
#8162 = CARTESIAN_POINT('',(-78.21100032116,6.29,1.8));
#8163 = B_SPLINE_CURVE_WITH_KNOTS('',4,(#8164,#8165,#8166,#8167,#8168,
    #8169,#8170,#8171,#8172,#8173,#8174,#8175,#8176,#8177),
  .UNSPECIFIED.,.F.,.F.,(5,3,3,3,5),(0.,0.247465437478,0.496569460536,
    0.747378908003,1.),.UNSPECIFIED.);
#8164 = CARTESIAN_POINT('',(-78.50100032116,6.,1.51));
#8165 = CARTESIAN_POINT('',(-78.28782052403,6.213179797132,
    1.723179797132));
#8166 = CARTESIAN_POINT('',(-78.07509579289,6.425904528268,
    1.935904528268));
#8167 = CARTESIAN_POINT('',(-77.86283081066,6.638169510503,
    2.148169510503));
#8168 = CARTESIAN_POINT('',(-77.43782720637,7.063173114788,
    2.573173114788));
#8169 = CARTESIAN_POINT('',(-77.22509475426,7.275905566901,
    2.785905566901));
#8170 = CARTESIAN_POINT('',(-77.01283760809,7.488162713071,
    2.998162713071));
#8171 = CARTESIAN_POINT('',(-76.58783343853,7.913166882632,
    3.423166882632));
#8172 = CARTESIAN_POINT('',(-76.37509300959,8.12590731157,3.63590731157)
  );
#8173 = CARTESIAN_POINT('',(-76.16284396493,8.338156356227,
    3.848156356227));
#8174 = CARTESIAN_POINT('',(-75.73780857665,8.763191744515,
    4.273191744515));
#8175 = CARTESIAN_POINT('',(-75.52502942554,8.975970895618,
    4.485970895618));
#8176 = CARTESIAN_POINT('',(-75.31275841888,9.188241902277,
    4.698241902277));
#8177 = CARTESIAN_POINT('',(-75.10100032116,9.4,4.91));
#8178 = ORIENTED_EDGE('',*,*,#8179,.F.);
#8179 = EDGE_CURVE('',#8128,#8161,#8180,.T.);
#8180 = B_SPLINE_CURVE_WITH_KNOTS('',1,(#8181,#8182),.UNSPECIFIED.,.F.,
  .F.,(2,2),(0.,1.),.PIECEWISE_BEZIER_KNOTS.);
#8181 = CARTESIAN_POINT('',(-86.29375998268,6.29,1.8));
#8182 = CARTESIAN_POINT('',(-74.0780265087,6.29,1.8));
#8183 = ORIENTED_EDGE('',*,*,#8135,.T.);
#8184 = ORIENTED_EDGE('',*,*,#2145,.T.);
#8185 = B_SPLINE_SURFACE_WITH_KNOTS('',1,1,(
    (#8186,#8187)
    ,(#8188,#8189
    )),.UNSPECIFIED.,.F.,.F.,.F.,(2,2),(2,2),(0.,92.3),(0.,1.),
  .PIECEWISE_BEZIER_KNOTS.);
#8186 = CARTESIAN_POINT('',(-12.001,6.,1.51));
#8187 = CARTESIAN_POINT('',(-15.401,9.4,4.91));
#8188 = CARTESIAN_POINT('',(-104.301,6.,1.51));
#8189 = CARTESIAN_POINT('',(-104.3010003211,9.4,4.91));
#8190 = ADVANCED_FACE('',(#8191),#8209,.F.);
#8191 = FACE_BOUND('',#8192,.F.);
#8192 = EDGE_LOOP('',(#8193,#8194,#8195,#8203));
#8193 = ORIENTED_EDGE('',*,*,#2137,.F.);
#8194 = ORIENTED_EDGE('',*,*,#8160,.F.);
#8195 = ORIENTED_EDGE('',*,*,#8196,.F.);
#8196 = EDGE_CURVE('',#8197,#8161,#8199,.T.);
#8197 = VERTEX_POINT('',#8198);
#8198 = CARTESIAN_POINT('',(-78.50100032116,6.,1.8));
#8199 = LINE('',#8200,#8201);
#8200 = CARTESIAN_POINT('',(-57.79278918618,26.708211134983,1.8));
#8201 = VECTOR('',#8202,1.);
#8202 = DIRECTION('',(0.707106781187,0.707106781187,-0.));
#8203 = ORIENTED_EDGE('',*,*,#8204,.F.);
#8204 = EDGE_CURVE('',#2130,#8197,#8205,.T.);
#8205 = LINE('',#8206,#8207);
#8206 = CARTESIAN_POINT('',(-78.50100032116,6.,4.91));
#8207 = VECTOR('',#8208,1.);
#8208 = DIRECTION('',(-0.,-0.,-1.));
#8209 = PLANE('',#8210);
#8210 = AXIS2_PLACEMENT_3D('',#8211,#8212,#8213);
#8211 = CARTESIAN_POINT('',(-75.10100032116,9.4,4.91));
#8212 = DIRECTION('',(-0.707106781187,0.707106781187,0.));
#8213 = DIRECTION('',(-0.707106781187,-0.707106781187,0.));
#8214 = ADVANCED_FACE('',(#8215),#8233,.F.);
#8215 = FACE_BOUND('',#8216,.F.);
#8216 = EDGE_LOOP('',(#8217,#8218,#8219,#8227));
#8217 = ORIENTED_EDGE('',*,*,#2129,.F.);
#8218 = ORIENTED_EDGE('',*,*,#8204,.T.);
#8219 = ORIENTED_EDGE('',*,*,#8220,.F.);
#8220 = EDGE_CURVE('',#8221,#8197,#8223,.T.);
#8221 = VERTEX_POINT('',#8222);
#8222 = CARTESIAN_POINT('',(-69.30100032116,6.,1.8));
#8223 = LINE('',#8224,#8225);
#8224 = CARTESIAN_POINT('',(-69.56529166425,6.,1.8));
#8225 = VECTOR('',#8226,1.);
#8226 = DIRECTION('',(-1.,0.,0.));
#8227 = ORIENTED_EDGE('',*,*,#8228,.F.);
#8228 = EDGE_CURVE('',#2122,#8221,#8229,.T.);
#8229 = LINE('',#8230,#8231);
#8230 = CARTESIAN_POINT('',(-69.30100032116,6.,4.91));
#8231 = VECTOR('',#8232,1.);
#8232 = DIRECTION('',(-0.,-0.,-1.));
#8233 = PLANE('',#8234);
#8234 = AXIS2_PLACEMENT_3D('',#8235,#8236,#8237);
#8235 = CARTESIAN_POINT('',(-78.50100032116,6.,4.91));
#8236 = DIRECTION('',(0.,-1.,0.));
#8237 = DIRECTION('',(1.,0.,0.));
#8238 = ADVANCED_FACE('',(#8239),#8262,.F.);
#8239 = FACE_BOUND('',#8240,.F.);
#8240 = EDGE_LOOP('',(#8241,#8242,#8243,#8251));
#8241 = ORIENTED_EDGE('',*,*,#2121,.F.);
#8242 = ORIENTED_EDGE('',*,*,#8228,.T.);
#8243 = ORIENTED_EDGE('',*,*,#8244,.F.);
#8244 = EDGE_CURVE('',#8245,#8221,#8247,.T.);
#8245 = VERTEX_POINT('',#8246);
#8246 = CARTESIAN_POINT('',(-69.59100032116,6.29,1.8));
#8247 = LINE('',#8248,#8249);
#8248 = CARTESIAN_POINT('',(-81.67350279924,18.372502478075,1.8));
#8249 = VECTOR('',#8250,1.);
#8250 = DIRECTION('',(0.707106781187,-0.707106781187,0.));
#8251 = ORIENTED_EDGE('',*,*,#8252,.T.);
#8252 = EDGE_CURVE('',#8245,#2115,#8253,.T.);
#8253 = B_SPLINE_CURVE_WITH_KNOTS('',4,(#8254,#8255,#8256,#8257,#8258,
    #8259,#8260,#8261),.UNSPECIFIED.,.F.,.F.,(5,3,5),(0.,0.598906626554,
    1.),.UNSPECIFIED.);
#8254 = CARTESIAN_POINT('',(-69.30100032116,6.,1.51));
#8255 = CARTESIAN_POINT('',(-69.81228128233,6.511280961169,
    2.021280961169));
#8256 = CARTESIAN_POINT('',(-70.32272388817,7.021723567004,
    2.531723567004));
#8257 = CARTESIAN_POINT('',(-70.83228997431,7.531289653144,
    3.041289653144));
#8258 = CARTESIAN_POINT('',(-71.68158395218,8.380583631021,
    3.890583631021));
#8259 = CARTESIAN_POINT('',(-72.02181826992,8.720817948763,
    4.230817948763));
#8260 = CARTESIAN_POINT('',(-72.36162816606,9.060627844898,
    4.570627844898));
#8261 = CARTESIAN_POINT('',(-72.70100032116,9.4,4.91));
#8262 = PLANE('',#8263);
#8263 = AXIS2_PLACEMENT_3D('',#8264,#8265,#8266);
#8264 = CARTESIAN_POINT('',(-69.30100032116,6.,4.91));
#8265 = DIRECTION('',(0.707106781187,0.707106781187,0.));
#8266 = DIRECTION('',(-0.707106781187,0.707106781187,0.));
#8267 = ADVANCED_FACE('',(#8268),#8297,.T.);
#8268 = FACE_BOUND('',#8269,.T.);
#8269 = EDGE_LOOP('',(#8270,#8277,#8278,#8279,#8289));
#8270 = ORIENTED_EDGE('',*,*,#8271,.F.);
#8271 = EDGE_CURVE('',#8245,#8272,#8274,.T.);
#8272 = VERTEX_POINT('',#8273);
#8273 = CARTESIAN_POINT('',(-65.851,6.29,1.8));
#8274 = B_SPLINE_CURVE_WITH_KNOTS('',1,(#8275,#8276),.UNSPECIFIED.,.F.,
  .F.,(2,2),(0.,1.),.PIECEWISE_BEZIER_KNOTS.);
#8275 = CARTESIAN_POINT('',(-71.59699962644,6.29,1.8));
#8276 = CARTESIAN_POINT('',(-39.71658680258,6.29,1.8));
#8277 = ORIENTED_EDGE('',*,*,#8252,.T.);
#8278 = ORIENTED_EDGE('',*,*,#2114,.T.);
#8279 = ORIENTED_EDGE('',*,*,#8280,.F.);
#8280 = EDGE_CURVE('',#8281,#2107,#8283,.T.);
#8281 = VERTEX_POINT('',#8282);
#8282 = CARTESIAN_POINT('',(-65.851,7.79106422249,3.30106422249));
#8283 = B_SPLINE_CURVE_WITH_KNOTS('',4,(#8284,#8285,#8286,#8287,#8288),
  .UNSPECIFIED.,.F.,.F.,(5,5),(0.,1.),.PIECEWISE_BEZIER_KNOTS.);
#8284 = CARTESIAN_POINT('',(-65.851,7.79106422249,3.30106422249));
#8285 = CARTESIAN_POINT('',(-65.95077834478,7.890842567272,
    3.400842567272));
#8286 = CARTESIAN_POINT('',(-66.05052727811,7.990591500607,
    3.500591500607));
#8287 = CARTESIAN_POINT('',(-66.15024650868,8.090310731172,
    3.600310731172));
#8288 = CARTESIAN_POINT('',(-66.24993577751,8.19,3.7));
#8289 = ORIENTED_EDGE('',*,*,#8290,.F.);
#8290 = EDGE_CURVE('',#8272,#8281,#8291,.T.);
#8291 = B_SPLINE_CURVE_WITH_KNOTS('',4,(#8292,#8293,#8294,#8295,#8296),
  .UNSPECIFIED.,.F.,.F.,(5,5),(0.,1.),.PIECEWISE_BEZIER_KNOTS.);
#8292 = CARTESIAN_POINT('',(-65.851,6.29,1.8));
#8293 = CARTESIAN_POINT('',(-65.851,6.66575446124,2.17575446124));
#8294 = CARTESIAN_POINT('',(-65.851,7.041191050271,2.551191050271));
#8295 = CARTESIAN_POINT('',(-65.851,7.416298386436,2.926298386436));
#8296 = CARTESIAN_POINT('',(-65.851,7.79106422249,3.30106422249));
#8297 = B_SPLINE_SURFACE_WITH_KNOTS('',1,1,(
    (#8298,#8299)
    ,(#8300,#8301
    )),.UNSPECIFIED.,.F.,.F.,.F.,(2,2),(2,2),(0.,92.3),(0.,1.),
  .PIECEWISE_BEZIER_KNOTS.);
#8298 = CARTESIAN_POINT('',(-12.001,6.,1.51));
#8299 = CARTESIAN_POINT('',(-15.401,9.4,4.91));
#8300 = CARTESIAN_POINT('',(-104.301,6.,1.51));
#8301 = CARTESIAN_POINT('',(-104.3010003211,9.4,4.91));
#8302 = ADVANCED_FACE('',(#8303),#8313,.F.);
#8303 = FACE_BOUND('',#8304,.F.);
#8304 = EDGE_LOOP('',(#8305,#8306,#8307));
#8305 = ORIENTED_EDGE('',*,*,#2106,.F.);
#8306 = ORIENTED_EDGE('',*,*,#8280,.F.);
#8307 = ORIENTED_EDGE('',*,*,#8308,.F.);
#8308 = EDGE_CURVE('',#2099,#8281,#8309,.T.);
#8309 = LINE('',#8310,#8311);
#8310 = CARTESIAN_POINT('',(-65.851,7.79106422249,3.7));
#8311 = VECTOR('',#8312,1.);
#8312 = DIRECTION('',(-0.,-0.,-1.));
#8313 = PLANE('',#8314);
#8314 = AXIS2_PLACEMENT_3D('',#8315,#8316,#8317);
#8315 = CARTESIAN_POINT('',(-69.65993577751,11.6,3.7));
#8316 = DIRECTION('',(-0.707106781187,-0.707106781187,0.));
#8317 = DIRECTION('',(0.707106781187,-0.707106781187,0.));
#8318 = ADVANCED_FACE('',(#8319),#8338,.F.);
#8319 = FACE_BOUND('',#8320,.F.);
#8320 = EDGE_LOOP('',(#8321,#8322,#8323,#8324,#8332));
#8321 = ORIENTED_EDGE('',*,*,#2098,.F.);
#8322 = ORIENTED_EDGE('',*,*,#8308,.T.);
#8323 = ORIENTED_EDGE('',*,*,#8290,.F.);
#8324 = ORIENTED_EDGE('',*,*,#8325,.T.);
#8325 = EDGE_CURVE('',#8272,#8326,#8328,.T.);
#8326 = VERTEX_POINT('',#8327);
#8327 = CARTESIAN_POINT('',(-65.851,6.1,1.8));
#8328 = LINE('',#8329,#8330);
#8329 = CARTESIAN_POINT('',(-65.851,7.79106422249,1.8));
#8330 = VECTOR('',#8331,1.);
#8331 = DIRECTION('',(0.,-1.,0.));
#8332 = ORIENTED_EDGE('',*,*,#8333,.F.);
#8333 = EDGE_CURVE('',#2091,#8326,#8334,.T.);
#8334 = LINE('',#8335,#8336);
#8335 = CARTESIAN_POINT('',(-65.851,6.1,3.7));
#8336 = VECTOR('',#8337,1.);
#8337 = DIRECTION('',(-0.,-0.,-1.));
#8338 = PLANE('',#8339);
#8339 = AXIS2_PLACEMENT_3D('',#8340,#8341,#8342);
#8340 = CARTESIAN_POINT('',(-65.851,7.79106422249,3.7));
#8341 = DIRECTION('',(-1.,0.,0.));
#8342 = DIRECTION('',(0.,-1.,0.));
#8343 = ADVANCED_FACE('',(#8344),#8362,.F.);
#8344 = FACE_BOUND('',#8345,.F.);
#8345 = EDGE_LOOP('',(#8346,#8347,#8355,#8361));
#8346 = ORIENTED_EDGE('',*,*,#8333,.T.);
#8347 = ORIENTED_EDGE('',*,*,#8348,.T.);
#8348 = EDGE_CURVE('',#8326,#8349,#8351,.T.);
#8349 = VERTEX_POINT('',#8350);
#8350 = CARTESIAN_POINT('',(-64.15993577751,6.1,1.8));
#8351 = LINE('',#8352,#8353);
#8352 = CARTESIAN_POINT('',(-65.851,6.1,1.8));
#8353 = VECTOR('',#8354,1.);
#8354 = DIRECTION('',(1.,0.,0.));
#8355 = ORIENTED_EDGE('',*,*,#8356,.F.);
#8356 = EDGE_CURVE('',#2083,#8349,#8357,.T.);
#8357 = LINE('',#8358,#8359);
#8358 = CARTESIAN_POINT('',(-64.15993577751,6.1,3.7));
#8359 = VECTOR('',#8360,1.);
#8360 = DIRECTION('',(-0.,-0.,-1.));
#8361 = ORIENTED_EDGE('',*,*,#2090,.F.);
#8362 = PLANE('',#8363);
#8363 = AXIS2_PLACEMENT_3D('',#8364,#8365,#8366);
#8364 = CARTESIAN_POINT('',(-65.851,6.1,3.7));
#8365 = DIRECTION('',(0.,-1.,0.));
#8366 = DIRECTION('',(1.,0.,0.));
#8367 = ADVANCED_FACE('',(#8368),#8392,.F.);
#8368 = FACE_BOUND('',#8369,.F.);
#8369 = EDGE_LOOP('',(#8370,#8371,#8377,#8385,#8391));
#8370 = ORIENTED_EDGE('',*,*,#8356,.T.);
#8371 = ORIENTED_EDGE('',*,*,#8372,.T.);
#8372 = EDGE_CURVE('',#8349,#3857,#8373,.T.);
#8373 = LINE('',#8374,#8375);
#8374 = CARTESIAN_POINT('',(-64.15993577751,6.1,1.8));
#8375 = VECTOR('',#8376,1.);
#8376 = DIRECTION('',(0.707106781187,-0.707106781187,0.));
#8377 = ORIENTED_EDGE('',*,*,#8378,.T.);
#8378 = EDGE_CURVE('',#3857,#8379,#8381,.T.);
#8379 = VERTEX_POINT('',#8380);
#8380 = CARTESIAN_POINT('',(-62.801,4.74106422249,1.8));
#8381 = LINE('',#8382,#8383);
#8382 = CARTESIAN_POINT('',(-64.15993577751,6.1,1.8));
#8383 = VECTOR('',#8384,1.);
#8384 = DIRECTION('',(0.707106781187,-0.707106781187,0.));
#8385 = ORIENTED_EDGE('',*,*,#8386,.F.);
#8386 = EDGE_CURVE('',#2075,#8379,#8387,.T.);
#8387 = LINE('',#8388,#8389);
#8388 = CARTESIAN_POINT('',(-62.801,4.74106422249,3.7));
#8389 = VECTOR('',#8390,1.);
#8390 = DIRECTION('',(-0.,-0.,-1.));
#8391 = ORIENTED_EDGE('',*,*,#2082,.F.);
#8392 = PLANE('',#8393);
#8393 = AXIS2_PLACEMENT_3D('',#8394,#8395,#8396);
#8394 = CARTESIAN_POINT('',(-64.15993577751,6.1,3.7));
#8395 = DIRECTION('',(-0.707106781187,-0.707106781187,0.));
#8396 = DIRECTION('',(0.707106781187,-0.707106781187,0.));
#8397 = ADVANCED_FACE('',(#8398),#8422,.F.);
#8398 = FACE_BOUND('',#8399,.F.);
#8399 = EDGE_LOOP('',(#8400,#8401,#8407,#8415,#8421));
#8400 = ORIENTED_EDGE('',*,*,#8386,.T.);
#8401 = ORIENTED_EDGE('',*,*,#8402,.T.);
#8402 = EDGE_CURVE('',#8379,#3865,#8403,.T.);
#8403 = LINE('',#8404,#8405);
#8404 = CARTESIAN_POINT('',(-62.801,4.74106422249,1.8));
#8405 = VECTOR('',#8406,1.);
#8406 = DIRECTION('',(0.707106781187,0.707106781187,0.));
#8407 = ORIENTED_EDGE('',*,*,#8408,.T.);
#8408 = EDGE_CURVE('',#3865,#8409,#8411,.T.);
#8409 = VERTEX_POINT('',#8410);
#8410 = CARTESIAN_POINT('',(-61.44206422249,6.1,1.8));
#8411 = LINE('',#8412,#8413);
#8412 = CARTESIAN_POINT('',(-62.801,4.74106422249,1.8));
#8413 = VECTOR('',#8414,1.);
#8414 = DIRECTION('',(0.707106781187,0.707106781187,0.));
#8415 = ORIENTED_EDGE('',*,*,#8416,.F.);
#8416 = EDGE_CURVE('',#2067,#8409,#8417,.T.);
#8417 = LINE('',#8418,#8419);
#8418 = CARTESIAN_POINT('',(-61.44206422249,6.1,3.7));
#8419 = VECTOR('',#8420,1.);
#8420 = DIRECTION('',(-0.,-0.,-1.));
#8421 = ORIENTED_EDGE('',*,*,#2074,.F.);
#8422 = PLANE('',#8423);
#8423 = AXIS2_PLACEMENT_3D('',#8424,#8425,#8426);
#8424 = CARTESIAN_POINT('',(-62.801,4.74106422249,3.7));
#8425 = DIRECTION('',(0.707106781187,-0.707106781187,0.));
#8426 = DIRECTION('',(0.707106781187,0.707106781187,0.));
#8427 = ADVANCED_FACE('',(#8428),#8446,.F.);
#8428 = FACE_BOUND('',#8429,.F.);
#8429 = EDGE_LOOP('',(#8430,#8431,#8439,#8445));
#8430 = ORIENTED_EDGE('',*,*,#8416,.T.);
#8431 = ORIENTED_EDGE('',*,*,#8432,.T.);
#8432 = EDGE_CURVE('',#8409,#8433,#8435,.T.);
#8433 = VERTEX_POINT('',#8434);
#8434 = CARTESIAN_POINT('',(-59.751,6.1,1.8));
#8435 = LINE('',#8436,#8437);
#8436 = CARTESIAN_POINT('',(-61.44206422249,6.1,1.8));
#8437 = VECTOR('',#8438,1.);
#8438 = DIRECTION('',(1.,0.,0.));
#8439 = ORIENTED_EDGE('',*,*,#8440,.F.);
#8440 = EDGE_CURVE('',#2059,#8433,#8441,.T.);
#8441 = LINE('',#8442,#8443);
#8442 = CARTESIAN_POINT('',(-59.751,6.1,3.7));
#8443 = VECTOR('',#8444,1.);
#8444 = DIRECTION('',(-0.,-0.,-1.));
#8445 = ORIENTED_EDGE('',*,*,#2066,.F.);
#8446 = PLANE('',#8447);
#8447 = AXIS2_PLACEMENT_3D('',#8448,#8449,#8450);
#8448 = CARTESIAN_POINT('',(-61.44206422249,6.1,3.7));
#8449 = DIRECTION('',(0.,-1.,0.));
#8450 = DIRECTION('',(1.,0.,0.));
#8451 = ADVANCED_FACE('',(#8452),#8480,.F.);
#8452 = FACE_BOUND('',#8453,.F.);
#8453 = EDGE_LOOP('',(#8454,#8455,#8456,#8464,#8474));
#8454 = ORIENTED_EDGE('',*,*,#2058,.F.);
#8455 = ORIENTED_EDGE('',*,*,#8440,.T.);
#8456 = ORIENTED_EDGE('',*,*,#8457,.T.);
#8457 = EDGE_CURVE('',#8433,#8458,#8460,.T.);
#8458 = VERTEX_POINT('',#8459);
#8459 = CARTESIAN_POINT('',(-59.751,6.29,1.8));
#8460 = LINE('',#8461,#8462);
#8461 = CARTESIAN_POINT('',(-59.751,6.1,1.8));
#8462 = VECTOR('',#8463,1.);
#8463 = DIRECTION('',(0.,1.,0.));
#8464 = ORIENTED_EDGE('',*,*,#8465,.T.);
#8465 = EDGE_CURVE('',#8458,#8466,#8468,.T.);
#8466 = VERTEX_POINT('',#8467);
#8467 = CARTESIAN_POINT('',(-59.751,7.79106422249,3.30106422249));
#8468 = B_SPLINE_CURVE_WITH_KNOTS('',4,(#8469,#8470,#8471,#8472,#8473),
  .UNSPECIFIED.,.F.,.F.,(5,5),(0.,1.),.PIECEWISE_BEZIER_KNOTS.);
#8469 = CARTESIAN_POINT('',(-59.751,6.29,1.8));
#8470 = CARTESIAN_POINT('',(-59.751,6.665904560597,2.175904560597));
#8471 = CARTESIAN_POINT('',(-59.751,7.041393115785,2.551393115785));
#8472 = CARTESIAN_POINT('',(-59.751,7.416451412698,2.926451412698));
#8473 = CARTESIAN_POINT('',(-59.751,7.79106422249,3.30106422249));
#8474 = ORIENTED_EDGE('',*,*,#8475,.F.);
#8475 = EDGE_CURVE('',#2051,#8466,#8476,.T.);
#8476 = LINE('',#8477,#8478);
#8477 = CARTESIAN_POINT('',(-59.751,7.79106422249,3.7));
#8478 = VECTOR('',#8479,1.);
#8479 = DIRECTION('',(-0.,-0.,-1.));
#8480 = PLANE('',#8481);
#8481 = AXIS2_PLACEMENT_3D('',#8482,#8483,#8484);
#8482 = CARTESIAN_POINT('',(-59.751,6.1,3.7));
#8483 = DIRECTION('',(1.,0.,0.));
#8484 = DIRECTION('',(0.,1.,0.));
#8485 = ADVANCED_FACE('',(#8486),#8498,.F.);
#8486 = FACE_BOUND('',#8487,.F.);
#8487 = EDGE_LOOP('',(#8488,#8489,#8490));
#8488 = ORIENTED_EDGE('',*,*,#2050,.F.);
#8489 = ORIENTED_EDGE('',*,*,#8475,.T.);
#8490 = ORIENTED_EDGE('',*,*,#8491,.T.);
#8491 = EDGE_CURVE('',#8466,#2044,#8492,.T.);
#8492 = B_SPLINE_CURVE_WITH_KNOTS('',4,(#8493,#8494,#8495,#8496,#8497),
  .UNSPECIFIED.,.F.,.F.,(5,5),(0.,1.),.PIECEWISE_BEZIER_KNOTS.);
#8493 = CARTESIAN_POINT('',(-59.751,7.79106422249,3.30106422249));
#8494 = CARTESIAN_POINT('',(-59.65107646597,7.890987756513,
    3.400987756513));
#8495 = CARTESIAN_POINT('',(-59.55127900699,7.990785215498,
    3.500785215498));
#8496 = CARTESIAN_POINT('',(-59.45160814203,8.090456080458,
    3.600456080458));
#8497 = CARTESIAN_POINT('',(-59.35206422249,8.19,3.7));
#8498 = PLANE('',#8499);
#8499 = AXIS2_PLACEMENT_3D('',#8500,#8501,#8502);
#8500 = CARTESIAN_POINT('',(-59.751,7.79106422249,3.7));
#8501 = DIRECTION('',(0.707106781187,-0.707106781187,0.));
#8502 = DIRECTION('',(0.707106781187,0.707106781187,0.));
#8503 = ADVANCED_FACE('',(#8504),#8569,.T.);
#8504 = FACE_BOUND('',#8505,.T.);
#8505 = EDGE_LOOP('',(#8506,#8525,#8530,#8531,#8532,#8533,#8568));
#8506 = ORIENTED_EDGE('',*,*,#8507,.F.);
#8507 = EDGE_CURVE('',#8508,#2020,#8510,.T.);
#8508 = VERTEX_POINT('',#8509);
#8509 = CARTESIAN_POINT('',(-45.01100032116,6.29,1.8));
#8510 = B_SPLINE_CURVE_WITH_KNOTS('',4,(#8511,#8512,#8513,#8514,#8515,
    #8516,#8517,#8518,#8519,#8520,#8521,#8522,#8523,#8524),
  .UNSPECIFIED.,.F.,.F.,(5,3,3,3,5),(0.,0.246627312223,0.495440247286,
    0.746522865039,1.),.UNSPECIFIED.);
#8511 = CARTESIAN_POINT('',(-45.30100032116,6.,1.51));
#8512 = CARTESIAN_POINT('',(-45.08758574457,6.213414576596,
    1.723414576596));
#8513 = CARTESIAN_POINT('',(-44.87478358429,6.42621673687,1.93621673687)
  );
#8514 = CARTESIAN_POINT('',(-44.66259745703,6.638402864131,
    2.148402864131));
#8515 = CARTESIAN_POINT('',(-44.23758925307,7.063411068093,
    2.573411068093));
#8516 = CARTESIAN_POINT('',(-44.0247782044,7.276222116764,2.786222116764
    ));
#8517 = CARTESIAN_POINT('',(-43.81260120736,7.488399113802,
    2.998399113802));
#8518 = CARTESIAN_POINT('',(-43.3875923624,7.913407958766,3.423407958766
    ));
#8519 = CARTESIAN_POINT('',(-43.17477219612,8.12622812504,3.63622812504)
  );
#8520 = CARTESIAN_POINT('',(-42.96260457527,8.338395745889,
    3.848395745889));
#8521 = CARTESIAN_POINT('',(-42.5375637966,8.763436524558,4.273436524558
    ));
#8522 = CARTESIAN_POINT('',(-42.32470320651,8.976297114654,
    4.486297114654));
#8523 = CARTESIAN_POINT('',(-42.11251433535,9.18848598581,4.69848598581)
  );
#8524 = CARTESIAN_POINT('',(-41.90100032116,9.4,4.91));
#8525 = ORIENTED_EDGE('',*,*,#8526,.F.);
#8526 = EDGE_CURVE('',#8458,#8508,#8527,.T.);
#8527 = B_SPLINE_CURVE_WITH_KNOTS('',1,(#8528,#8529),.UNSPECIFIED.,.F.,
  .F.,(2,2),(0.,1.),.PIECEWISE_BEZIER_KNOTS.);
#8528 = CARTESIAN_POINT('',(-71.59699962644,6.29,1.8));
#8529 = CARTESIAN_POINT('',(-39.71658680258,6.29,1.8));
#8530 = ORIENTED_EDGE('',*,*,#8465,.T.);
#8531 = ORIENTED_EDGE('',*,*,#8491,.T.);
#8532 = ORIENTED_EDGE('',*,*,#2043,.T.);
#8533 = ORIENTED_EDGE('',*,*,#8534,.T.);
#8534 = EDGE_CURVE('',#2035,#2028,#8535,.T.);
#8535 = B_SPLINE_CURVE_WITH_KNOTS('',6,(#8536,#8537,#8538,#8539,#8540,
    #8541,#8542,#8543,#8544,#8545,#8546,#8547,#8548,#8549,#8550,#8551,
    #8552,#8553,#8554,#8555,#8556,#8557,#8558,#8559,#8560,#8561,#8562,
    #8563,#8564,#8565,#8566,#8567),.UNSPECIFIED.,.F.,.F.,(7,5,5,5,5,5,7)
  ,(0.,4.504015329707E-02,0.561789029134,0.829974824434,0.921766076065,
    0.960610577064,1.),.UNSPECIFIED.);
#8536 = CARTESIAN_POINT('',(-50.90165728818,8.190387658749,
    3.700387658749));
#8537 = CARTESIAN_POINT('',(-50.89574553355,8.188790397729,
    3.698790397729));
#8538 = CARTESIAN_POINT('',(-50.87296902386,8.182620804983,
    3.692620804983));
#8539 = CARTESIAN_POINT('',(-50.84902260486,8.176362934501,
    3.686362934501));
#8540 = CARTESIAN_POINT('',(-50.83026854354,8.171581154116,
    3.681581154116));
#8541 = CARTESIAN_POINT('',(-50.81450995366,8.167554290007,
    3.677554290007));
#8542 = CARTESIAN_POINT('',(-50.53080081959,8.097149806219,
    3.607149806219));
#8543 = CARTESIAN_POINT('',(-50.26764236315,8.048097431445,
    3.558097431445));
#8544 = CARTESIAN_POINT('',(-50.00469900709,8.014974229459,
    3.524974229459));
#8545 = CARTESIAN_POINT('',(-49.74400107136,7.997305710855,
    3.507305710855));
#8546 = CARTESIAN_POINT('',(-49.48720669891,7.994275102383,
    3.504275102383));
#8547 = CARTESIAN_POINT('',(-49.10503891266,8.010372758523,
    3.520372758523));
#8548 = CARTESIAN_POINT('',(-48.97584527403,8.019544497243,
    3.529544497243));
#8549 = CARTESIAN_POINT('',(-48.84819545602,8.032249787515,
    3.542249787515));
#8550 = CARTESIAN_POINT('',(-48.72222198996,8.048341241294,
    3.558341241294));
#8551 = CARTESIAN_POINT('',(-48.59802931374,8.067668858824,
    3.577668858824));
#8552 = CARTESIAN_POINT('',(-48.4338262607,8.097759523272,3.607759523272
    ));
#8553 = CARTESIAN_POINT('',(-48.39217374014,8.10579439808,3.61579439808)
  );
#8554 = CARTESIAN_POINT('',(-48.35074235711,8.114185390838,
    3.624185390838));
#8555 = CARTESIAN_POINT('',(-48.30953502142,8.12292667968,3.63292667968)
  );
#8556 = CARTESIAN_POINT('',(-48.26855435246,8.132012500319,
    3.642012500319));
#8557 = CARTESIAN_POINT('',(-48.2105572621,8.145425496284,3.655425496284
    ));
#8558 = CARTESIAN_POINT('',(-48.1936183778,8.149413089721,3.659413089721
    ));
#8559 = CARTESIAN_POINT('',(-48.17696693594,8.153399984724,
    3.663399984724));
#8560 = CARTESIAN_POINT('',(-48.16058594689,8.157386231824,
    3.667386231824));
#8561 = CARTESIAN_POINT('',(-48.14446052163,8.161371873708,
    3.671371873708));
#8562 = CARTESIAN_POINT('',(-48.11247241555,8.169397920477,
    3.679397920477));
#8563 = CARTESIAN_POINT('',(-48.09640711774,8.173490782644,
    3.683490782644));
#8564 = CARTESIAN_POINT('',(-48.08037644781,8.177636703533,
    3.687636703533));
#8565 = CARTESIAN_POINT('',(-48.06437904008,8.18183572976,3.69183572976)
  );
#8566 = CARTESIAN_POINT('',(-48.04841769377,8.186086782753,
    3.696086782753));
#8567 = CARTESIAN_POINT('',(-48.03249937295,8.190387658749,
    3.700387658749));
#8568 = ORIENTED_EDGE('',*,*,#2027,.T.);
#8569 = B_SPLINE_SURFACE_WITH_KNOTS('',1,1,(
    (#8570,#8571)
    ,(#8572,#8573
    )),.UNSPECIFIED.,.F.,.F.,.F.,(2,2),(2,2),(0.,92.3),(0.,1.),
  .PIECEWISE_BEZIER_KNOTS.);
#8570 = CARTESIAN_POINT('',(-12.001,6.,1.51));
#8571 = CARTESIAN_POINT('',(-15.401,9.4,4.91));
#8572 = CARTESIAN_POINT('',(-104.301,6.,1.51));
#8573 = CARTESIAN_POINT('',(-104.3010003211,9.4,4.91));
#8574 = ADVANCED_FACE('',(#8575),#8579,.F.);
#8575 = FACE_BOUND('',#8576,.F.);
#8576 = EDGE_LOOP('',(#8577,#8578));
#8577 = ORIENTED_EDGE('',*,*,#2034,.F.);
#8578 = ORIENTED_EDGE('',*,*,#8534,.T.);
#8579 = CYLINDRICAL_SURFACE('',#8580,5.5);
#8580 = AXIS2_PLACEMENT_3D('',#8581,#8582,#8583);
#8581 = CARTESIAN_POINT('',(-49.46707833057,13.5,4.9));
#8582 = DIRECTION('',(0.,0.,1.));
#8583 = DIRECTION('',(1.,0.,0.));
#8584 = ADVANCED_FACE('',(#8585),#8603,.F.);
#8585 = FACE_BOUND('',#8586,.F.);
#8586 = EDGE_LOOP('',(#8587,#8588,#8589,#8597));
#8587 = ORIENTED_EDGE('',*,*,#2019,.F.);
#8588 = ORIENTED_EDGE('',*,*,#8507,.F.);
#8589 = ORIENTED_EDGE('',*,*,#8590,.F.);
#8590 = EDGE_CURVE('',#8591,#8508,#8593,.T.);
#8591 = VERTEX_POINT('',#8592);
#8592 = CARTESIAN_POINT('',(-45.30100032116,6.,1.8));
#8593 = LINE('',#8594,#8595);
#8594 = CARTESIAN_POINT('',(-32.89278918618,18.408211134983,1.8));
#8595 = VECTOR('',#8596,1.);
#8596 = DIRECTION('',(0.707106781187,0.707106781187,-0.));
#8597 = ORIENTED_EDGE('',*,*,#8598,.F.);
#8598 = EDGE_CURVE('',#2012,#8591,#8599,.T.);
#8599 = LINE('',#8600,#8601);
#8600 = CARTESIAN_POINT('',(-45.30100032116,6.,4.91));
#8601 = VECTOR('',#8602,1.);
#8602 = DIRECTION('',(-0.,-0.,-1.));
#8603 = PLANE('',#8604);
#8604 = AXIS2_PLACEMENT_3D('',#8605,#8606,#8607);
#8605 = CARTESIAN_POINT('',(-41.90100032116,9.4,4.91));
#8606 = DIRECTION('',(-0.707106781187,0.707106781187,0.));
#8607 = DIRECTION('',(-0.707106781187,-0.707106781187,0.));
#8608 = ADVANCED_FACE('',(#8609),#8627,.F.);
#8609 = FACE_BOUND('',#8610,.F.);
#8610 = EDGE_LOOP('',(#8611,#8612,#8613,#8621));
#8611 = ORIENTED_EDGE('',*,*,#2011,.F.);
#8612 = ORIENTED_EDGE('',*,*,#8598,.T.);
#8613 = ORIENTED_EDGE('',*,*,#8614,.F.);
#8614 = EDGE_CURVE('',#8615,#8591,#8617,.T.);
#8615 = VERTEX_POINT('',#8616);
#8616 = CARTESIAN_POINT('',(-36.10100032116,6.,1.8));
#8617 = LINE('',#8618,#8619);
#8618 = CARTESIAN_POINT('',(-52.96529166425,6.,1.8));
#8619 = VECTOR('',#8620,1.);
#8620 = DIRECTION('',(-1.,0.,0.));
#8621 = ORIENTED_EDGE('',*,*,#8622,.F.);
#8622 = EDGE_CURVE('',#2004,#8615,#8623,.T.);
#8623 = LINE('',#8624,#8625);
#8624 = CARTESIAN_POINT('',(-36.10100032116,6.,4.91));
#8625 = VECTOR('',#8626,1.);
#8626 = DIRECTION('',(-0.,-0.,-1.));
#8627 = PLANE('',#8628);
#8628 = AXIS2_PLACEMENT_3D('',#8629,#8630,#8631);
#8629 = CARTESIAN_POINT('',(-45.30100032116,6.,4.91));
#8630 = DIRECTION('',(0.,-1.,0.));
#8631 = DIRECTION('',(1.,0.,0.));
#8632 = ADVANCED_FACE('',(#8633),#8656,.F.);
#8633 = FACE_BOUND('',#8634,.F.);
#8634 = EDGE_LOOP('',(#8635,#8636,#8637,#8645));
#8635 = ORIENTED_EDGE('',*,*,#2003,.F.);
#8636 = ORIENTED_EDGE('',*,*,#8622,.T.);
#8637 = ORIENTED_EDGE('',*,*,#8638,.F.);
#8638 = EDGE_CURVE('',#8639,#8615,#8641,.T.);
#8639 = VERTEX_POINT('',#8640);
#8640 = CARTESIAN_POINT('',(-36.39100032116,6.29,1.8));
#8641 = LINE('',#8642,#8643);
#8642 = CARTESIAN_POINT('',(-56.77350279924,26.672502478075,1.8));
#8643 = VECTOR('',#8644,1.);
#8644 = DIRECTION('',(0.707106781187,-0.707106781187,0.));
#8645 = ORIENTED_EDGE('',*,*,#8646,.T.);
#8646 = EDGE_CURVE('',#8639,#1997,#8647,.T.);
#8647 = B_SPLINE_CURVE_WITH_KNOTS('',4,(#8648,#8649,#8650,#8651,#8652,
    #8653,#8654,#8655),.UNSPECIFIED.,.F.,.F.,(5,3,5),(0.,0.499773411301,
    1.),.UNSPECIFIED.);
#8648 = CARTESIAN_POINT('',(-36.10100032116,6.,1.51));
#8649 = CARTESIAN_POINT('',(-36.52616766315,6.425167341988,
    1.935167341988));
#8650 = CARTESIAN_POINT('',(-36.95122213794,6.850221816776,
    2.360221816776));
#8651 = CARTESIAN_POINT('',(-37.37615873318,7.275158412016,
    2.785158412016));
#8652 = CARTESIAN_POINT('',(-38.22617023836,8.125169917202,
    3.635169917202));
#8653 = CARTESIAN_POINT('',(-38.65124492113,8.550244599966,
    4.060244599966));
#8654 = CARTESIAN_POINT('',(-39.07619035069,8.975190029532,
    4.485190029532));
#8655 = CARTESIAN_POINT('',(-39.50100032116,9.4,4.91));
#8656 = PLANE('',#8657);
#8657 = AXIS2_PLACEMENT_3D('',#8658,#8659,#8660);
#8658 = CARTESIAN_POINT('',(-36.10100032116,6.,4.91));
#8659 = DIRECTION('',(0.707106781187,0.707106781187,0.));
#8660 = DIRECTION('',(-0.707106781187,0.707106781187,0.));
#8661 = ADVANCED_FACE('',(#8662),#8681,.T.);
#8662 = FACE_BOUND('',#8663,.T.);
#8663 = EDGE_LOOP('',(#8664,#8671,#8672,#8673));
#8664 = ORIENTED_EDGE('',*,*,#8665,.F.);
#8665 = EDGE_CURVE('',#8639,#8666,#8668,.T.);
#8666 = VERTEX_POINT('',#8667);
#8667 = CARTESIAN_POINT('',(-31.56206781186,6.29,1.8));
#8668 = B_SPLINE_CURVE_WITH_KNOTS('',1,(#8669,#8670),.UNSPECIFIED.,.F.,
  .F.,(2,2),(0.,1.),.PIECEWISE_BEZIER_KNOTS.);
#8669 = CARTESIAN_POINT('',(-37.23555992033,6.29,1.8));
#8670 = CARTESIAN_POINT('',(-22.12187370005,6.29,1.8));
#8671 = ORIENTED_EDGE('',*,*,#8646,.T.);
#8672 = ORIENTED_EDGE('',*,*,#1996,.T.);
#8673 = ORIENTED_EDGE('',*,*,#8674,.F.);
#8674 = EDGE_CURVE('',#8666,#1989,#8675,.T.);
#8675 = B_SPLINE_CURVE_WITH_KNOTS('',4,(#8676,#8677,#8678,#8679,#8680),
  .UNSPECIFIED.,.F.,.F.,(5,5),(0.,1.),.PIECEWISE_BEZIER_KNOTS.);
#8676 = CARTESIAN_POINT('',(-31.56206781186,6.29,1.8));
#8677 = CARTESIAN_POINT('',(-32.03721100467,6.765143192808,
    2.275143192808));
#8678 = CARTESIAN_POINT('',(-32.51226193462,7.240194122755,
    2.750194122755));
#8679 = CARTESIAN_POINT('',(-32.98721595035,7.715148138485,
    3.225148138485));
#8680 = CARTESIAN_POINT('',(-33.46206781186,8.19,3.7));
#8681 = B_SPLINE_SURFACE_WITH_KNOTS('',1,1,(
    (#8682,#8683)
    ,(#8684,#8685
    )),.UNSPECIFIED.,.F.,.F.,.F.,(2,2),(2,2),(0.,92.3),(0.,1.),
  .PIECEWISE_BEZIER_KNOTS.);
#8682 = CARTESIAN_POINT('',(-12.001,6.,1.51));
#8683 = CARTESIAN_POINT('',(-15.401,9.4,4.91));
#8684 = CARTESIAN_POINT('',(-104.301,6.,1.51));
#8685 = CARTESIAN_POINT('',(-104.3010003211,9.4,4.91));
#8686 = ADVANCED_FACE('',(#8687),#8704,.F.);
#8687 = FACE_BOUND('',#8688,.F.);
#8688 = EDGE_LOOP('',(#8689,#8690,#8691,#8697,#8703));
#8689 = ORIENTED_EDGE('',*,*,#1988,.F.);
#8690 = ORIENTED_EDGE('',*,*,#8674,.F.);
#8691 = ORIENTED_EDGE('',*,*,#8692,.T.);
#8692 = EDGE_CURVE('',#8666,#3873,#8693,.T.);
#8693 = LINE('',#8694,#8695);
#8694 = CARTESIAN_POINT('',(-35.8821183182,10.610050506339,1.8));
#8695 = VECTOR('',#8696,1.);
#8696 = DIRECTION('',(0.707106781187,-0.707106781187,0.));
#8697 = ORIENTED_EDGE('',*,*,#8698,.T.);
#8698 = EDGE_CURVE('',#3873,#3807,#8699,.T.);
#8699 = LINE('',#8700,#8701);
#8700 = CARTESIAN_POINT('',(-35.8821183182,10.610050506339,1.8));
#8701 = VECTOR('',#8702,1.);
#8702 = DIRECTION('',(0.707106781187,-0.707106781187,0.));
#8703 = ORIENTED_EDGE('',*,*,#3806,.F.);
#8704 = PLANE('',#8705);
#8705 = AXIS2_PLACEMENT_3D('',#8706,#8707,#8708);
#8706 = CARTESIAN_POINT('',(-35.8821183182,10.610050506339,3.7));
#8707 = DIRECTION('',(-0.707106781187,-0.707106781187,0.));
#8708 = DIRECTION('',(0.707106781187,-0.707106781187,0.));
#8709 = ADVANCED_FACE('',(#8710),#8715,.F.);
#8710 = FACE_BOUND('',#8711,.T.);
#8711 = EDGE_LOOP('',(#8712,#8713,#8714));
#8712 = ORIENTED_EDGE('',*,*,#1933,.F.);
#8713 = ORIENTED_EDGE('',*,*,#3545,.F.);
#8714 = ORIENTED_EDGE('',*,*,#3645,.F.);
#8715 = CYLINDRICAL_SURFACE('',#8716,4.1);
#8716 = AXIS2_PLACEMENT_3D('',#8717,#8718,#8719);
#8717 = CARTESIAN_POINT('',(-17.001,11.,3.7));
#8718 = DIRECTION('',(0.,0.,1.));
#8719 = DIRECTION('',(-1.,0.,0.));
#8720 = ADVANCED_FACE('',(#8721),#8748,.F.);
#8721 = FACE_BOUND('',#8722,.T.);
#8722 = EDGE_LOOP('',(#8723,#8731,#8732,#8733,#8734,#8740,#8741,#8742));
#8723 = ORIENTED_EDGE('',*,*,#8724,.F.);
#8724 = EDGE_CURVE('',#3910,#8725,#8727,.T.);
#8725 = VERTEX_POINT('',#8726);
#8726 = CARTESIAN_POINT('',(-104.301,144.1,-1.4E-14));
#8727 = LINE('',#8728,#8729);
#8728 = CARTESIAN_POINT('',(-11.901,144.1,-1.4E-14));
#8729 = VECTOR('',#8730,1.);
#8730 = DIRECTION('',(-1.,0.,0.));
#8731 = ORIENTED_EDGE('',*,*,#3921,.T.);
#8732 = ORIENTED_EDGE('',*,*,#2478,.F.);
#8733 = ORIENTED_EDGE('',*,*,#6642,.F.);
#8734 = ORIENTED_EDGE('',*,*,#8735,.T.);
#8735 = EDGE_CURVE('',#6643,#6885,#8736,.T.);
#8736 = LINE('',#8737,#8738);
#8737 = CARTESIAN_POINT('',(-11.901,144.1,1.8));
#8738 = VECTOR('',#8739,1.);
#8739 = DIRECTION('',(-1.,0.,0.));
#8740 = ORIENTED_EDGE('',*,*,#6884,.T.);
#8741 = ORIENTED_EDGE('',*,*,#6934,.F.);
#8742 = ORIENTED_EDGE('',*,*,#8743,.F.);
#8743 = EDGE_CURVE('',#8725,#6935,#8744,.T.);
#8744 = LINE('',#8745,#8746);
#8745 = CARTESIAN_POINT('',(-104.301,144.1,-1.439E-14));
#8746 = VECTOR('',#8747,1.);
#8747 = DIRECTION('',(0.,0.,1.));
#8748 = PLANE('',#8749);
#8749 = AXIS2_PLACEMENT_3D('',#8750,#8751,#8752);
#8750 = CARTESIAN_POINT('',(-11.901,144.1,-1.439E-14));
#8751 = DIRECTION('',(0.,1.,0.));
#8752 = DIRECTION('',(1.,0.,0.));
#8753 = ADVANCED_FACE('',(#8754),#8760,.T.);
#8754 = FACE_BOUND('',#8755,.T.);
#8755 = EDGE_LOOP('',(#8756,#8757,#8758,#8759));
#8756 = ORIENTED_EDGE('',*,*,#2695,.F.);
#8757 = ORIENTED_EDGE('',*,*,#4166,.T.);
#8758 = ORIENTED_EDGE('',*,*,#4183,.F.);
#8759 = ORIENTED_EDGE('',*,*,#3195,.F.);
#8760 = PLANE('',#8761);
#8761 = AXIS2_PLACEMENT_3D('',#8762,#8763,#8764);
#8762 = CARTESIAN_POINT('',(-14.87752819,109.5051119696,4.9));
#8763 = DIRECTION('',(-1.,0.,0.));
#8764 = DIRECTION('',(0.,-1.,0.));
#8765 = ADVANCED_FACE('',(#8766),#8777,.T.);
#8766 = FACE_BOUND('',#8767,.T.);
#8767 = EDGE_LOOP('',(#8768,#8769,#8775,#8776));
#8768 = ORIENTED_EDGE('',*,*,#2663,.F.);
#8769 = ORIENTED_EDGE('',*,*,#8770,.T.);
#8770 = EDGE_CURVE('',#2656,#4041,#8771,.T.);
#8771 = LINE('',#8772,#8773);
#8772 = CARTESIAN_POINT('',(-14.87752819,109.5051119696,4.9));
#8773 = VECTOR('',#8774,1.);
#8774 = DIRECTION('',(-0.,-0.,-1.));
#8775 = ORIENTED_EDGE('',*,*,#4040,.F.);
#8776 = ORIENTED_EDGE('',*,*,#4104,.T.);
#8777 = PLANE('',#8778);
#8778 = AXIS2_PLACEMENT_3D('',#8779,#8780,#8781);
#8779 = CARTESIAN_POINT('',(-14.87752819,109.5051119696,4.9));
#8780 = DIRECTION('',(-1.,0.,0.));
#8781 = DIRECTION('',(0.,-1.,0.));
#8782 = ADVANCED_FACE('',(#8783),#8802,.T.);
#8783 = FACE_BOUND('',#8784,.T.);
#8784 = EDGE_LOOP('',(#8785,#8786,#8794,#8800,#8801));
#8785 = ORIENTED_EDGE('',*,*,#2655,.F.);
#8786 = ORIENTED_EDGE('',*,*,#8787,.T.);
#8787 = EDGE_CURVE('',#2648,#8788,#8790,.T.);
#8788 = VERTEX_POINT('',#8789);
#8789 = CARTESIAN_POINT('',(-12.37517357,113.83931731,2.4));
#8790 = LINE('',#8791,#8792);
#8791 = CARTESIAN_POINT('',(-12.37517357,113.83931731,4.9));
#8792 = VECTOR('',#8793,1.);
#8793 = DIRECTION('',(-0.,-0.,-1.));
#8794 = ORIENTED_EDGE('',*,*,#8795,.T.);
#8795 = EDGE_CURVE('',#8788,#4048,#8796,.T.);
#8796 = LINE('',#8797,#8798);
#8797 = CARTESIAN_POINT('',(-12.37517357,113.83931731,2.4));
#8798 = VECTOR('',#8799,1.);
#8799 = DIRECTION('',(-0.5,-0.866025403784,0.));
#8800 = ORIENTED_EDGE('',*,*,#4047,.T.);
#8801 = ORIENTED_EDGE('',*,*,#8770,.F.);
#8802 = PLANE('',#8803);
#8803 = AXIS2_PLACEMENT_3D('',#8804,#8805,#8806);
#8804 = CARTESIAN_POINT('',(-12.37517357,113.83931731,4.9));
#8805 = DIRECTION('',(-0.866025403784,0.5,0.));
#8806 = DIRECTION('',(-0.5,-0.866025403784,0.));
#8807 = ADVANCED_FACE('',(#8808),#8825,.F.);
#8808 = FACE_BOUND('',#8809,.F.);
#8809 = EDGE_LOOP('',(#8810,#8811,#8812,#8818,#8819));
#8810 = ORIENTED_EDGE('',*,*,#2647,.F.);
#8811 = ORIENTED_EDGE('',*,*,#8787,.T.);
#8812 = ORIENTED_EDGE('',*,*,#8813,.T.);
#8813 = EDGE_CURVE('',#8788,#4068,#8814,.T.);
#8814 = LINE('',#8815,#8816);
#8815 = CARTESIAN_POINT('',(-12.37517357,113.83931731,4.9));
#8816 = VECTOR('',#8817,1.);
#8817 = DIRECTION('',(-0.,-0.,-1.));
#8818 = ORIENTED_EDGE('',*,*,#4077,.T.);
#8819 = ORIENTED_EDGE('',*,*,#8820,.F.);
#8820 = EDGE_CURVE('',#2640,#4078,#8821,.T.);
#8821 = LINE('',#8822,#8823);
#8822 = CARTESIAN_POINT('',(-12.37517357,122.9065738,4.9));
#8823 = VECTOR('',#8824,1.);
#8824 = DIRECTION('',(-0.,-0.,-1.));
#8825 = PLANE('',#8826);
#8826 = AXIS2_PLACEMENT_3D('',#8827,#8828,#8829);
#8827 = CARTESIAN_POINT('',(-12.37517357,113.83931731,4.9));
#8828 = DIRECTION('',(1.,0.,0.));
#8829 = DIRECTION('',(0.,1.,0.));
#8830 = ADVANCED_FACE('',(#8831),#8836,.F.);
#8831 = FACE_BOUND('',#8832,.F.);
#8832 = EDGE_LOOP('',(#8833,#8834,#8835));
#8833 = ORIENTED_EDGE('',*,*,#2639,.F.);
#8834 = ORIENTED_EDGE('',*,*,#8820,.T.);
#8835 = ORIENTED_EDGE('',*,*,#4084,.T.);
#8836 = PLANE('',#8837);
#8837 = AXIS2_PLACEMENT_3D('',#8838,#8839,#8840);
#8838 = CARTESIAN_POINT('',(-12.37517357,122.9065738,4.9));
#8839 = DIRECTION('',(0.,1.,0.));
#8840 = DIRECTION('',(-1.,0.,0.));
#8841 = ADVANCED_FACE('',(#8842),#8848,.F.);
#8842 = FACE_BOUND('',#8843,.F.);
#8843 = EDGE_LOOP('',(#8844,#8845,#8846,#8847));
#8844 = ORIENTED_EDGE('',*,*,#2742,.T.);
#8845 = ORIENTED_EDGE('',*,*,#2758,.T.);
#8846 = ORIENTED_EDGE('',*,*,#2585,.F.);
#8847 = ORIENTED_EDGE('',*,*,#2717,.F.);
#8848 = PLANE('',#8849);
#8849 = AXIS2_PLACEMENT_3D('',#8850,#8851,#8852);
#8850 = CARTESIAN_POINT('',(-8.884,116.35,5.3));
#8851 = DIRECTION('',(1.,0.,0.));
#8852 = DIRECTION('',(0.,-2.2E-16,-1.));
#8853 = ADVANCED_FACE('',(#8854),#8865,.F.);
#8854 = FACE_BOUND('',#8855,.F.);
#8855 = EDGE_LOOP('',(#8856,#8857,#8858,#8859));
#8856 = ORIENTED_EDGE('',*,*,#2806,.F.);
#8857 = ORIENTED_EDGE('',*,*,#2783,.F.);
#8858 = ORIENTED_EDGE('',*,*,#3287,.F.);
#8859 = ORIENTED_EDGE('',*,*,#8860,.F.);
#8860 = EDGE_CURVE('',#2807,#3288,#8861,.T.);
#8861 = LINE('',#8862,#8863);
#8862 = CARTESIAN_POINT('',(-7.8020797831,92.15,4.9));
#8863 = VECTOR('',#8864,1.);
#8864 = DIRECTION('',(0.,-1.,4.4E-16));
#8865 = PLANE('',#8866);
#8866 = AXIS2_PLACEMENT_3D('',#8867,#8868,#8869);
#8867 = CARTESIAN_POINT('',(-22.8976512888,80.272593464186,4.9));
#8868 = DIRECTION('',(0.,0.,1.));
#8869 = DIRECTION('',(1.,0.,0.));
#8870 = ADVANCED_FACE('',(#8871),#8882,.T.);
#8871 = FACE_BOUND('',#8872,.T.);
#8872 = EDGE_LOOP('',(#8873,#8874,#8880,#8881));
#8873 = ORIENTED_EDGE('',*,*,#2851,.T.);
#8874 = ORIENTED_EDGE('',*,*,#8875,.T.);
#8875 = EDGE_CURVE('',#2843,#3296,#8876,.T.);
#8876 = LINE('',#8877,#8878);
#8877 = CARTESIAN_POINT('',(-6.816066485916,92.15,6.066666666667));
#8878 = VECTOR('',#8879,1.);
#8879 = DIRECTION('',(0.,-1.,4.4E-16));
#8880 = ORIENTED_EDGE('',*,*,#3295,.F.);
#8881 = ORIENTED_EDGE('',*,*,#8860,.F.);
#8882 = CYLINDRICAL_SURFACE('',#8883,1.);
#8883 = AXIS2_PLACEMENT_3D('',#8884,#8885,#8886);
#8884 = CARTESIAN_POINT('',(-7.8020797831,92.15,5.9));
#8885 = DIRECTION('',(0.,-1.,4.4E-16));
#8886 = DIRECTION('',(-0.,-4.4E-16,-1.));
#8887 = ADVANCED_FACE('',(#8888),#8914,.F.);
#8888 = FACE_BOUND('',#8889,.T.);
#8889 = EDGE_LOOP('',(#8890,#8891,#8892,#8893,#8894,#8900,#8901,#8907,
    #8908));
#8890 = ORIENTED_EDGE('',*,*,#3304,.F.);
#8891 = ORIENTED_EDGE('',*,*,#8875,.F.);
#8892 = ORIENTED_EDGE('',*,*,#2842,.F.);
#8893 = ORIENTED_EDGE('',*,*,#2833,.T.);
#8894 = ORIENTED_EDGE('',*,*,#8895,.T.);
#8895 = EDGE_CURVE('',#2826,#3330,#8896,.T.);
#8896 = LINE('',#8897,#8898);
#8897 = CARTESIAN_POINT('',(-1.886,92.15,1.9));
#8898 = VECTOR('',#8899,1.);
#8899 = DIRECTION('',(-9.E-17,-1.,0.));
#8900 = ORIENTED_EDGE('',*,*,#3329,.F.);
#8901 = ORIENTED_EDGE('',*,*,#8902,.T.);
#8902 = EDGE_CURVE('',#3322,#5765,#8903,.T.);
#8903 = LINE('',#8904,#8905);
#8904 = CARTESIAN_POINT('',(0.614,81.15,11.230127018922));
#8905 = VECTOR('',#8906,1.);
#8906 = DIRECTION('',(0.,1.,-4.4E-16));
#8907 = ORIENTED_EDGE('',*,*,#5764,.T.);
#8908 = ORIENTED_EDGE('',*,*,#8909,.F.);
#8909 = EDGE_CURVE('',#3305,#5767,#8910,.T.);
#8910 = LINE('',#8911,#8912);
#8911 = CARTESIAN_POINT('',(-4.386,81.15,11.230127018922));
#8912 = VECTOR('',#8913,1.);
#8913 = DIRECTION('',(0.,1.,-4.4E-16));
#8914 = CYLINDRICAL_SURFACE('',#8915,5.);
#8915 = AXIS2_PLACEMENT_3D('',#8916,#8917,#8918);
#8916 = CARTESIAN_POINT('',(-1.886,81.15,6.9));
#8917 = DIRECTION('',(0.,-1.,4.4E-16));
#8918 = DIRECTION('',(-1.,0.,0.));
#8919 = ADVANCED_FACE('',(#8920),#8927,.T.);
#8920 = FACE_BOUND('',#8921,.T.);
#8921 = EDGE_LOOP('',(#8922,#8923,#8924,#8925,#8926));
#8922 = ORIENTED_EDGE('',*,*,#2825,.F.);
#8923 = ORIENTED_EDGE('',*,*,#3184,.T.);
#8924 = ORIENTED_EDGE('',*,*,#3263,.T.);
#8925 = ORIENTED_EDGE('',*,*,#3338,.T.);
#8926 = ORIENTED_EDGE('',*,*,#8895,.F.);
#8927 = PLANE('',#8928);
#8928 = AXIS2_PLACEMENT_3D('',#8929,#8930,#8931);
#8929 = CARTESIAN_POINT('',(-22.8976512888,80.272593464186,1.9));
#8930 = DIRECTION('',(0.,0.,1.));
#8931 = DIRECTION('',(1.,0.,0.));
#8932 = ADVANCED_FACE('',(#8933),#8944,.F.);
#8933 = FACE_BOUND('',#8934,.T.);
#8934 = EDGE_LOOP('',(#8935,#8936,#8942,#8943));
#8935 = ORIENTED_EDGE('',*,*,#3321,.F.);
#8936 = ORIENTED_EDGE('',*,*,#8937,.T.);
#8937 = EDGE_CURVE('',#3314,#5776,#8938,.T.);
#8938 = LINE('',#8939,#8940);
#8939 = CARTESIAN_POINT('',(-1.886,81.15,12.673502691896));
#8940 = VECTOR('',#8941,1.);
#8941 = DIRECTION('',(0.,1.,-4.4E-16));
#8942 = ORIENTED_EDGE('',*,*,#5783,.T.);
#8943 = ORIENTED_EDGE('',*,*,#8902,.F.);
#8944 = PLANE('',#8945);
#8945 = AXIS2_PLACEMENT_3D('',#8946,#8947,#8948);
#8946 = CARTESIAN_POINT('',(-1.886,81.15,12.673502691896));
#8947 = DIRECTION('',(0.5,3.8E-16,0.866025403784));
#8948 = DIRECTION('',(-0.866025403784,2.2E-16,0.5));
#8949 = ADVANCED_FACE('',(#8950),#8956,.T.);
#8950 = FACE_BOUND('',#8951,.F.);
#8951 = EDGE_LOOP('',(#8952,#8953,#8954,#8955));
#8952 = ORIENTED_EDGE('',*,*,#3313,.F.);
#8953 = ORIENTED_EDGE('',*,*,#8937,.T.);
#8954 = ORIENTED_EDGE('',*,*,#5775,.T.);
#8955 = ORIENTED_EDGE('',*,*,#8909,.F.);
#8956 = PLANE('',#8957);
#8957 = AXIS2_PLACEMENT_3D('',#8958,#8959,#8960);
#8958 = CARTESIAN_POINT('',(-1.886,81.15,12.673502691896));
#8959 = DIRECTION('',(0.5,-3.8E-16,-0.866025403784));
#8960 = DIRECTION('',(0.866025403784,2.2E-16,0.5));
#8961 = ADVANCED_FACE('',(#8962),#8967,.T.);
#8962 = FACE_BOUND('',#8963,.T.);
#8963 = EDGE_LOOP('',(#8964,#8965,#8966));
#8964 = ORIENTED_EDGE('',*,*,#3880,.F.);
#8965 = ORIENTED_EDGE('',*,*,#8698,.T.);
#8966 = ORIENTED_EDGE('',*,*,#3814,.T.);
#8967 = PLANE('',#8968);
#8968 = AXIS2_PLACEMENT_3D('',#8969,#8970,#8971);
#8969 = CARTESIAN_POINT('',(-62.801,11.6,1.8));
#8970 = DIRECTION('',(0.,0.,1.));
#8971 = DIRECTION('',(1.,0.,0.));
#8972 = ADVANCED_FACE('',(#8973),#9000,.F.);
#8973 = FACE_BOUND('',#8974,.T.);
#8974 = EDGE_LOOP('',(#8975,#8985,#8992,#8993));
#8975 = ORIENTED_EDGE('',*,*,#8976,.T.);
#8976 = EDGE_CURVE('',#8977,#8979,#8981,.T.);
#8977 = VERTEX_POINT('',#8978);
#8978 = CARTESIAN_POINT('',(-109.401,11.,-1.4E-14));
#8979 = VERTEX_POINT('',#8980);
#8980 = CARTESIAN_POINT('',(-109.401,11.,1.8));
#8981 = LINE('',#8982,#8983);
#8982 = CARTESIAN_POINT('',(-109.401,11.,-1.439E-14));
#8983 = VECTOR('',#8984,1.);
#8984 = DIRECTION('',(0.,0.,1.));
#8985 = ORIENTED_EDGE('',*,*,#8986,.T.);
#8986 = EDGE_CURVE('',#8979,#3833,#8987,.T.);
#8987 = CIRCLE('',#8988,5.1);
#8988 = AXIS2_PLACEMENT_3D('',#8989,#8990,#8991);
#8989 = CARTESIAN_POINT('',(-104.301,11.,1.8));
#8990 = DIRECTION('',(0.,0.,1.));
#8991 = DIRECTION('',(-1.,0.,0.));
#8992 = ORIENTED_EDGE('',*,*,#3830,.F.);
#8993 = ORIENTED_EDGE('',*,*,#8994,.F.);
#8994 = EDGE_CURVE('',#8977,#3831,#8995,.T.);
#8995 = CIRCLE('',#8996,5.1);
#8996 = AXIS2_PLACEMENT_3D('',#8997,#8998,#8999);
#8997 = CARTESIAN_POINT('',(-104.301,11.,-1.4E-14));
#8998 = DIRECTION('',(0.,0.,1.));
#8999 = DIRECTION('',(-1.,0.,0.));
#9000 = CYLINDRICAL_SURFACE('',#9001,5.1);
#9001 = AXIS2_PLACEMENT_3D('',#9002,#9003,#9004);
#9002 = CARTESIAN_POINT('',(-104.301,11.,-1.439E-14));
#9003 = DIRECTION('',(-0.,-0.,-1.));
#9004 = DIRECTION('',(-1.,0.,0.));
#9005 = ADVANCED_FACE('',(#9006,#9314),#9335,.T.);
#9006 = FACE_BOUND('',#9007,.T.);
#9007 = EDGE_LOOP('',(#9008,#9016,#9017,#9018,#9027,#9035,#9042,#9043,
    #9044,#9052,#9060,#9068,#9076,#9084,#9092,#9100,#9108,#9116,#9124,
    #9132,#9140,#9148,#9156,#9164,#9172,#9180,#9188,#9196,#9204,#9212,
    #9220,#9228,#9236,#9244,#9252,#9260,#9268,#9276,#9284,#9292,#9300,
    #9308));
#9008 = ORIENTED_EDGE('',*,*,#9009,.F.);
#9009 = EDGE_CURVE('',#6282,#9010,#9012,.T.);
#9010 = VERTEX_POINT('',#9011);
#9011 = CARTESIAN_POINT('',(-2.621836551132,11.95,-1.6E-14));
#9012 = LINE('',#9013,#9014);
#9013 = CARTESIAN_POINT('',(-5.024271602839,10.251222161154,-1.392E-14)
  );
#9014 = VECTOR('',#9015,1.);
#9015 = DIRECTION('',(0.816496625399,0.577350206298,-3.3E-16));
#9016 = ORIENTED_EDGE('',*,*,#6281,.F.);
#9017 = ORIENTED_EDGE('',*,*,#6313,.F.);
#9018 = ORIENTED_EDGE('',*,*,#9019,.F.);
#9019 = EDGE_CURVE('',#9020,#6304,#9022,.T.);
#9020 = VERTEX_POINT('',#9021);
#9021 = CARTESIAN_POINT('',(-113.701,11.,3.E-14));
#9022 = CIRCLE('',#9023,9.4);
#9023 = AXIS2_PLACEMENT_3D('',#9024,#9025,#9026);
#9024 = CARTESIAN_POINT('',(-104.301,11.,2.641E-14));
#9025 = DIRECTION('',(4.1E-16,0.,1.));
#9026 = DIRECTION('',(-1.,1.6E-16,4.1E-16));
#9027 = ORIENTED_EDGE('',*,*,#9028,.F.);
#9028 = EDGE_CURVE('',#9029,#9020,#9031,.T.);
#9029 = VERTEX_POINT('',#9030);
#9030 = CARTESIAN_POINT('',(-113.701,139.,2.7E-14));
#9031 = LINE('',#9032,#9033);
#9032 = CARTESIAN_POINT('',(-113.701,139.,3.022E-14));
#9033 = VECTOR('',#9034,1.);
#9034 = DIRECTION('',(-0.,-1.,-0.));
#9035 = ORIENTED_EDGE('',*,*,#9036,.F.);
#9036 = EDGE_CURVE('',#6412,#9029,#9037,.T.);
#9037 = CIRCLE('',#9038,9.4);
#9038 = AXIS2_PLACEMENT_3D('',#9039,#9040,#9041);
#9039 = CARTESIAN_POINT('',(-104.301,139.,2.641E-14));
#9040 = DIRECTION('',(4.1E-16,-0.,1.));
#9041 = DIRECTION('',(0.,1.,0.));
#9042 = ORIENTED_EDGE('',*,*,#6419,.F.);
#9043 = ORIENTED_EDGE('',*,*,#6387,.T.);
#9044 = ORIENTED_EDGE('',*,*,#9045,.F.);
#9045 = EDGE_CURVE('',#9046,#6388,#9048,.T.);
#9046 = VERTEX_POINT('',#9047);
#9047 = CARTESIAN_POINT('',(-2.621836551131,138.05,-1.6E-14));
#9048 = LINE('',#9049,#9050);
#9049 = CARTESIAN_POINT('',(-5.024271602839,139.74877783884,-1.387E-14)
  );
#9050 = VECTOR('',#9051,1.);
#9051 = DIRECTION('',(-0.816496625399,0.577350206298,3.3E-16));
#9052 = ORIENTED_EDGE('',*,*,#9053,.F.);
#9053 = EDGE_CURVE('',#9054,#9046,#9056,.T.);
#9054 = VERTEX_POINT('',#9055);
#9055 = CARTESIAN_POINT('',(0.972073580374,138.05,-2.E-14));
#9056 = LINE('',#9057,#9058);
#9057 = CARTESIAN_POINT('',(-0.442139981999,138.05,-1.589E-14));
#9058 = VECTOR('',#9059,1.);
#9059 = DIRECTION('',(-1.,-0.,-0.));
#9060 = ORIENTED_EDGE('',*,*,#9061,.F.);
#9061 = EDGE_CURVE('',#9062,#9054,#9064,.T.);
#9062 = VERTEX_POINT('',#9063);
#9063 = CARTESIAN_POINT('',(0.972073580374,128.95,-2.2E-14));
#9064 = LINE('',#9065,#9066);
#9065 = CARTESIAN_POINT('',(0.972073580374,127.95,-2.851E-14));
#9066 = VECTOR('',#9067,1.);
#9067 = DIRECTION('',(0.,1.,-4.4E-16));
#9068 = ORIENTED_EDGE('',*,*,#9069,.F.);
#9069 = EDGE_CURVE('',#9070,#9062,#9072,.T.);
#9070 = VERTEX_POINT('',#9071);
#9071 = CARTESIAN_POINT('',(-2.621836551132,128.95,-1.6E-14));
#9072 = LINE('',#9073,#9074);
#9073 = CARTESIAN_POINT('',(-4.036050344584,128.95,-1.443E-14));
#9074 = VECTOR('',#9075,1.);
#9075 = DIRECTION('',(1.,0.,-9.3E-16));
#9076 = ORIENTED_EDGE('',*,*,#9077,.F.);
#9077 = EDGE_CURVE('',#9078,#9070,#9080,.T.);
#9078 = VERTEX_POINT('',#9079);
#9079 = CARTESIAN_POINT('',(-5.026,127.25,-2.8E-14));
#9080 = LINE('',#9081,#9082);
#9081 = CARTESIAN_POINT('',(-32.6014345671,107.75122640948,-2.69E-15));
#9082 = VECTOR('',#9083,1.);
#9083 = DIRECTION('',(0.816496625399,0.577350206298,-3.3E-16));
#9084 = ORIENTED_EDGE('',*,*,#9085,.F.);
#9085 = EDGE_CURVE('',#9086,#9078,#9088,.T.);
#9086 = VERTEX_POINT('',#9087);
#9087 = CARTESIAN_POINT('',(-5.026,117.75,-1.7E-14));
#9088 = LINE('',#9089,#9090);
#9089 = CARTESIAN_POINT('',(-5.026,117.05,-2.567E-14));
#9090 = VECTOR('',#9091,1.);
#9091 = DIRECTION('',(0.,1.,-4.4E-16));
#9092 = ORIENTED_EDGE('',*,*,#9093,.F.);
#9093 = EDGE_CURVE('',#9094,#9086,#9096,.T.);
#9094 = VERTEX_POINT('',#9095);
#9095 = CARTESIAN_POINT('',(-2.621836551132,116.05,-1.6E-14));
#9096 = LINE('',#9097,#9098);
#9097 = CARTESIAN_POINT('',(-10.20972104911,121.41544370668,-1.177E-14)
  );
#9098 = VECTOR('',#9099,1.);
#9099 = DIRECTION('',(-0.816496625399,0.577350206298,3.3E-16));
#9100 = ORIENTED_EDGE('',*,*,#9101,.F.);
#9101 = EDGE_CURVE('',#9102,#9094,#9104,.T.);
#9102 = VERTEX_POINT('',#9103);
#9103 = CARTESIAN_POINT('',(0.972073580374,116.05,-2.E-14));
#9104 = LINE('',#9105,#9106);
#9105 = CARTESIAN_POINT('',(-0.442139981999,116.05,-1.589E-14));
#9106 = VECTOR('',#9107,1.);
#9107 = DIRECTION('',(-1.,-0.,-0.));
#9108 = ORIENTED_EDGE('',*,*,#9109,.F.);
#9109 = EDGE_CURVE('',#9110,#9102,#9112,.T.);
#9110 = VERTEX_POINT('',#9111);
#9111 = CARTESIAN_POINT('',(0.972073580374,106.95,-3.E-14));
#9112 = LINE('',#9113,#9114);
#9113 = CARTESIAN_POINT('',(0.972073580374,105.95,-2.074E-14));
#9114 = VECTOR('',#9115,1.);
#9115 = DIRECTION('',(0.,1.,-4.4E-16));
#9116 = ORIENTED_EDGE('',*,*,#9117,.F.);
#9117 = EDGE_CURVE('',#9118,#9110,#9120,.T.);
#9118 = VERTEX_POINT('',#9119);
#9119 = CARTESIAN_POINT('',(-2.621836551132,106.95,-1.4E-14));
#9120 = LINE('',#9121,#9122);
#9121 = CARTESIAN_POINT('',(-4.036050344584,106.95,-1.43E-14));
#9122 = VECTOR('',#9123,1.);
#9123 = DIRECTION('',(1.,0.,0.));
#9124 = ORIENTED_EDGE('',*,*,#9125,.F.);
#9125 = EDGE_CURVE('',#9126,#9118,#9128,.T.);
#9126 = VERTEX_POINT('',#9127);
#9127 = CARTESIAN_POINT('',(-5.026,105.25,-2.7E-14));
#9128 = LINE('',#9129,#9130);
#9129 = CARTESIAN_POINT('',(-27.41598512082,89.417892277323,-4.8E-15));
#9130 = VECTOR('',#9131,1.);
#9131 = DIRECTION('',(0.816496625399,0.577350206298,-3.3E-16));
#9132 = ORIENTED_EDGE('',*,*,#9133,.F.);
#9133 = EDGE_CURVE('',#9134,#9126,#9136,.T.);
#9134 = VERTEX_POINT('',#9135);
#9135 = CARTESIAN_POINT('',(-5.026,94.35,-2.9E-14));
#9136 = LINE('',#9137,#9138);
#9137 = CARTESIAN_POINT('',(-5.026,93.65,-2.328E-14));
#9138 = VECTOR('',#9139,1.);
#9139 = DIRECTION('',(0.,1.,-4.4E-16));
#9140 = ORIENTED_EDGE('',*,*,#9141,.T.);
#9141 = EDGE_CURVE('',#9134,#9142,#9144,.T.);
#9142 = VERTEX_POINT('',#9143);
#9143 = CARTESIAN_POINT('',(-2.621836551132,92.65,-1.4E-14));
#9144 = LINE('',#9145,#9146);
#9145 = CARTESIAN_POINT('',(-15.72515364196,101.91544285701,-9.53E-15));
#9146 = VECTOR('',#9147,1.);
#9147 = DIRECTION('',(0.816496625399,-0.577350206298,-3.3E-16));
#9148 = ORIENTED_EDGE('',*,*,#9149,.T.);
#9149 = EDGE_CURVE('',#9142,#9150,#9152,.T.);
#9150 = VERTEX_POINT('',#9151);
#9151 = CARTESIAN_POINT('',(0.972073580374,92.65,-2.E-14));
#9152 = LINE('',#9153,#9154);
#9153 = CARTESIAN_POINT('',(-4.036050344584,92.65,-1.438E-14));
#9154 = VECTOR('',#9155,1.);
#9155 = DIRECTION('',(1.,0.,0.));
#9156 = ORIENTED_EDGE('',*,*,#9157,.F.);
#9157 = EDGE_CURVE('',#9158,#9150,#9160,.T.);
#9158 = VERTEX_POINT('',#9159);
#9159 = CARTESIAN_POINT('',(0.972073580374,82.15,-9.E-15));
#9160 = LINE('',#9161,#9162);
#9161 = CARTESIAN_POINT('',(0.972073580374,81.15,-1.773E-14));
#9162 = VECTOR('',#9163,1.);
#9163 = DIRECTION('',(0.,1.,-4.4E-16));
#9164 = ORIENTED_EDGE('',*,*,#9165,.F.);
#9165 = EDGE_CURVE('',#9166,#9158,#9168,.T.);
#9166 = VERTEX_POINT('',#9167);
#9167 = CARTESIAN_POINT('',(-2.621836551132,82.15,-1.4E-14));
#9168 = LINE('',#9169,#9170);
#9169 = CARTESIAN_POINT('',(-4.036050344584,82.15,-1.438E-14));
#9170 = VECTOR('',#9171,1.);
#9171 = DIRECTION('',(1.,0.,0.));
#9172 = ORIENTED_EDGE('',*,*,#9173,.F.);
#9173 = EDGE_CURVE('',#9174,#9166,#9176,.T.);
#9174 = VERTEX_POINT('',#9175);
#9175 = CARTESIAN_POINT('',(-5.026,80.45,-1.9E-14));
#9176 = LINE('',#9177,#9178);
#9177 = CARTESIAN_POINT('',(-21.57056938139,68.751224710154,-7.19E-15));
#9178 = VECTOR('',#9179,1.);
#9179 = DIRECTION('',(0.816496625399,0.577350206298,-3.3E-16));
#9180 = ORIENTED_EDGE('',*,*,#9181,.F.);
#9181 = EDGE_CURVE('',#9182,#9174,#9184,.T.);
#9182 = VERTEX_POINT('',#9183);
#9183 = CARTESIAN_POINT('',(-5.026,69.55,-2.2E-14));
#9184 = LINE('',#9185,#9186);
#9185 = CARTESIAN_POINT('',(-5.026,0.,0.));
#9186 = VECTOR('',#9187,1.);
#9187 = DIRECTION('',(0.,1.,-2.2E-16));
#9188 = ORIENTED_EDGE('',*,*,#9189,.T.);
#9189 = EDGE_CURVE('',#9182,#9190,#9192,.T.);
#9190 = VERTEX_POINT('',#9191);
#9191 = CARTESIAN_POINT('',(-2.621836551132,67.85,-1.6E-14));
#9192 = LINE('',#9193,#9194);
#9193 = CARTESIAN_POINT('',(-21.57056938139,81.248775289846,-7.16E-15));
#9194 = VECTOR('',#9195,1.);
#9195 = DIRECTION('',(0.816496625399,-0.577350206298,-3.3E-16));
#9196 = ORIENTED_EDGE('',*,*,#9197,.F.);
#9197 = EDGE_CURVE('',#9198,#9190,#9200,.T.);
#9198 = VERTEX_POINT('',#9199);
#9199 = CARTESIAN_POINT('',(0.972073580374,67.85,-2.E-14));
#9200 = LINE('',#9201,#9202);
#9201 = CARTESIAN_POINT('',(-0.442139981999,67.85,-1.584E-14));
#9202 = VECTOR('',#9203,1.);
#9203 = DIRECTION('',(-1.,-0.,-0.));
#9204 = ORIENTED_EDGE('',*,*,#9205,.T.);
#9205 = EDGE_CURVE('',#9198,#9206,#9208,.T.);
#9206 = VERTEX_POINT('',#9207);
#9207 = CARTESIAN_POINT('',(0.972073580374,57.35,-9.E-15));
#9208 = LINE('',#9209,#9210);
#9209 = CARTESIAN_POINT('',(0.972073580374,81.15,-1.802E-14));
#9210 = VECTOR('',#9211,1.);
#9211 = DIRECTION('',(0.,-1.,2.2E-16));
#9212 = ORIENTED_EDGE('',*,*,#9213,.F.);
#9213 = EDGE_CURVE('',#9214,#9206,#9216,.T.);
#9214 = VERTEX_POINT('',#9215);
#9215 = CARTESIAN_POINT('',(-2.621836551132,57.35,-1.4E-14));
#9216 = LINE('',#9217,#9218);
#9217 = CARTESIAN_POINT('',(-4.036050344584,57.35,-1.438E-14));
#9218 = VECTOR('',#9219,1.);
#9219 = DIRECTION('',(1.,0.,0.));
#9220 = ORIENTED_EDGE('',*,*,#9221,.F.);
#9221 = EDGE_CURVE('',#9222,#9214,#9224,.T.);
#9222 = VERTEX_POINT('',#9223);
#9223 = CARTESIAN_POINT('',(-5.026,55.65,-1.1E-14));
#9224 = LINE('',#9225,#9226);
#9225 = CARTESIAN_POINT('',(-15.72515364196,48.084557142986,-9.57E-15));
#9226 = VECTOR('',#9227,1.);
#9227 = DIRECTION('',(0.816496625399,0.577350206298,-3.3E-16));
#9228 = ORIENTED_EDGE('',*,*,#9229,.F.);
#9229 = EDGE_CURVE('',#9230,#9222,#9232,.T.);
#9230 = VERTEX_POINT('',#9231);
#9231 = CARTESIAN_POINT('',(-5.026,44.75,-1.E-14));
#9232 = LINE('',#9233,#9234);
#9233 = CARTESIAN_POINT('',(-5.026,0.,0.));
#9234 = VECTOR('',#9235,1.);
#9235 = DIRECTION('',(0.,1.,-2.2E-16));
#9236 = ORIENTED_EDGE('',*,*,#9237,.T.);
#9237 = EDGE_CURVE('',#9230,#9238,#9240,.T.);
#9238 = VERTEX_POINT('',#9239);
#9239 = CARTESIAN_POINT('',(-2.621836551132,43.05,-1.4E-14));
#9240 = LINE('',#9241,#9242);
#9241 = CARTESIAN_POINT('',(-27.41598512082,60.582107722678,-4.79E-15));
#9242 = VECTOR('',#9243,1.);
#9243 = DIRECTION('',(0.816496625399,-0.577350206298,-3.3E-16));
#9244 = ORIENTED_EDGE('',*,*,#9245,.T.);
#9245 = EDGE_CURVE('',#9238,#9246,#9248,.T.);
#9246 = VERTEX_POINT('',#9247);
#9247 = CARTESIAN_POINT('',(0.972073580374,43.05,-2.E-14));
#9248 = LINE('',#9249,#9250);
#9249 = CARTESIAN_POINT('',(-4.036050344584,43.05,-1.43E-14));
#9250 = VECTOR('',#9251,1.);
#9251 = DIRECTION('',(1.,0.,0.));
#9252 = ORIENTED_EDGE('',*,*,#9253,.F.);
#9253 = EDGE_CURVE('',#9254,#9246,#9256,.T.);
#9254 = VERTEX_POINT('',#9255);
#9255 = CARTESIAN_POINT('',(0.972073580374,33.95,-1.5E-14));
#9256 = LINE('',#9257,#9258);
#9257 = CARTESIAN_POINT('',(0.972073580374,44.05,-1.529E-14));
#9258 = VECTOR('',#9259,1.);
#9259 = DIRECTION('',(0.,1.,0.));
#9260 = ORIENTED_EDGE('',*,*,#9261,.T.);
#9261 = EDGE_CURVE('',#9254,#9262,#9264,.T.);
#9262 = VERTEX_POINT('',#9263);
#9263 = CARTESIAN_POINT('',(-2.621836551132,33.95,-1.6E-14));
#9264 = LINE('',#9265,#9266);
#9265 = CARTESIAN_POINT('',(-0.442139981999,33.95,-1.589E-14));
#9266 = VECTOR('',#9267,1.);
#9267 = DIRECTION('',(-1.,-0.,-0.));
#9268 = ORIENTED_EDGE('',*,*,#9269,.F.);
#9269 = EDGE_CURVE('',#9270,#9262,#9272,.T.);
#9270 = VERTEX_POINT('',#9271);
#9271 = CARTESIAN_POINT('',(-5.026,32.25,-8.E-15));
#9272 = LINE('',#9273,#9274);
#9273 = CARTESIAN_POINT('',(-10.20972104911,28.584556293319,-1.181E-14)
  );
#9274 = VECTOR('',#9275,1.);
#9275 = DIRECTION('',(0.816496625399,0.577350206298,-3.3E-16));
#9276 = ORIENTED_EDGE('',*,*,#9277,.F.);
#9277 = EDGE_CURVE('',#9278,#9270,#9280,.T.);
#9278 = VERTEX_POINT('',#9279);
#9279 = CARTESIAN_POINT('',(-5.026,22.75,-5.E-15));
#9280 = LINE('',#9281,#9282);
#9281 = CARTESIAN_POINT('',(-5.026,0.,0.));
#9282 = VECTOR('',#9283,1.);
#9283 = DIRECTION('',(0.,1.,-2.2E-16));
#9284 = ORIENTED_EDGE('',*,*,#9285,.F.);
#9285 = EDGE_CURVE('',#9286,#9278,#9288,.T.);
#9286 = VERTEX_POINT('',#9287);
#9287 = CARTESIAN_POINT('',(-2.621836551132,21.05,-1.6E-14));
#9288 = LINE('',#9289,#9290);
#9289 = CARTESIAN_POINT('',(-32.6014345671,42.248773590512,-2.66E-15));
#9290 = VECTOR('',#9291,1.);
#9291 = DIRECTION('',(-0.816496625399,0.577350206298,3.3E-16));
#9292 = ORIENTED_EDGE('',*,*,#9293,.F.);
#9293 = EDGE_CURVE('',#9294,#9286,#9296,.T.);
#9294 = VERTEX_POINT('',#9295);
#9295 = CARTESIAN_POINT('',(0.972073580374,21.05,-1.5E-14));
#9296 = LINE('',#9297,#9298);
#9297 = CARTESIAN_POINT('',(-0.442139981999,21.05,-1.589E-14));
#9298 = VECTOR('',#9299,1.);
#9299 = DIRECTION('',(-1.,-0.,-0.));
#9300 = ORIENTED_EDGE('',*,*,#9301,.T.);
#9301 = EDGE_CURVE('',#9294,#9302,#9304,.T.);
#9302 = VERTEX_POINT('',#9303);
#9303 = CARTESIAN_POINT('',(0.972073580374,11.95,-1.7E-14));
#9304 = LINE('',#9305,#9306);
#9305 = CARTESIAN_POINT('',(0.972073580374,32.95,-7.32E-15));
#9306 = VECTOR('',#9307,1.);
#9307 = DIRECTION('',(0.,-1.,2.2E-16));
#9308 = ORIENTED_EDGE('',*,*,#9309,.T.);
#9309 = EDGE_CURVE('',#9302,#9010,#9310,.T.);
#9310 = LINE('',#9311,#9312);
#9311 = CARTESIAN_POINT('',(-0.442139981999,11.95,-1.589E-14));
#9312 = VECTOR('',#9313,1.);
#9313 = DIRECTION('',(-1.,-0.,-0.));
#9314 = FACE_BOUND('',#9315,.T.);
#9315 = EDGE_LOOP('',(#9316,#9317,#9326,#9332,#9333,#9334));
#9316 = ORIENTED_EDGE('',*,*,#8724,.T.);
#9317 = ORIENTED_EDGE('',*,*,#9318,.T.);
#9318 = EDGE_CURVE('',#8725,#9319,#9321,.T.);
#9319 = VERTEX_POINT('',#9320);
#9320 = CARTESIAN_POINT('',(-109.401,139.,-1.4E-14));
#9321 = CIRCLE('',#9322,5.1);
#9322 = AXIS2_PLACEMENT_3D('',#9323,#9324,#9325);
#9323 = CARTESIAN_POINT('',(-104.301,139.,-1.4E-14));
#9324 = DIRECTION('',(0.,0.,1.));
#9325 = DIRECTION('',(-1.,0.,0.));
#9326 = ORIENTED_EDGE('',*,*,#9327,.T.);
#9327 = EDGE_CURVE('',#9319,#8977,#9328,.T.);
#9328 = LINE('',#9329,#9330);
#9329 = CARTESIAN_POINT('',(-109.401,139.,-1.4E-14));
#9330 = VECTOR('',#9331,1.);
#9331 = DIRECTION('',(0.,-1.,0.));
#9332 = ORIENTED_EDGE('',*,*,#8994,.T.);
#9333 = ORIENTED_EDGE('',*,*,#3895,.T.);
#9334 = ORIENTED_EDGE('',*,*,#3909,.T.);
#9335 = PLANE('',#9336);
#9336 = AXIS2_PLACEMENT_3D('',#9337,#9338,#9339);
#9337 = CARTESIAN_POINT('',(-51.30094607568,75.,4.91E-15));
#9338 = DIRECTION('',(-4.1E-16,-0.,-1.));
#9339 = DIRECTION('',(-1.,0.,4.1E-16));
#9340 = ADVANCED_FACE('',(#9341),#9674,.T.);
#9341 = FACE_BOUND('',#9342,.T.);
#9342 = EDGE_LOOP('',(#9343,#9344,#9351,#9359,#9367,#9375,#9382,#9390,
    #9398,#9406,#9413,#9421,#9429,#9437,#9444,#9452,#9460,#9468,#9475,
    #9483,#9491,#9499,#9506,#9514,#9522,#9530,#9537,#9545,#9553,#9561,
    #9568,#9576,#9584,#9592,#9599,#9607,#9615,#9623,#9630,#9636,#9637,
    #9638,#9639,#9664,#9665,#9666,#9667,#9668));
#9343 = ORIENTED_EDGE('',*,*,#7662,.T.);
#9344 = ORIENTED_EDGE('',*,*,#9345,.T.);
#9345 = EDGE_CURVE('',#7656,#9346,#9348,.T.);
#9346 = VERTEX_POINT('',#9347);
#9347 = CARTESIAN_POINT('',(-109.011,131.11000032117,1.8));
#9348 = B_SPLINE_CURVE_WITH_KNOTS('',1,(#9349,#9350),.UNSPECIFIED.,.F.,
  .F.,(2,2),(0.,1.),.PIECEWISE_BEZIER_KNOTS.);
#9349 = CARTESIAN_POINT('',(-109.011,139.00000002739,1.8));
#9350 = CARTESIAN_POINT('',(-109.011,127.99852914904,1.8));
#9351 = ORIENTED_EDGE('',*,*,#9352,.F.);
#9352 = EDGE_CURVE('',#9353,#9346,#9355,.T.);
#9353 = VERTEX_POINT('',#9354);
#9354 = CARTESIAN_POINT('',(-109.3009999999,131.40000032116,1.8));
#9355 = LINE('',#9356,#9357);
#9356 = CARTESIAN_POINT('',(-78.62350247807,100.72250279924,1.8));
#9357 = VECTOR('',#9358,1.);
#9358 = DIRECTION('',(0.707106781187,-0.707106781187,0.));
#9359 = ORIENTED_EDGE('',*,*,#9360,.F.);
#9360 = EDGE_CURVE('',#9361,#9353,#9363,.T.);
#9361 = VERTEX_POINT('',#9362);
#9362 = CARTESIAN_POINT('',(-109.3009999999,122.20000032117,1.8));
#9363 = LINE('',#9364,#9365);
#9364 = CARTESIAN_POINT('',(-109.3009999999,97.780713773644,1.8));
#9365 = VECTOR('',#9366,1.);
#9366 = DIRECTION('',(0.,1.,-0.));
#9367 = ORIENTED_EDGE('',*,*,#9368,.F.);
#9368 = EDGE_CURVE('',#9369,#9361,#9371,.T.);
#9369 = VERTEX_POINT('',#9370);
#9370 = CARTESIAN_POINT('',(-109.011,122.49000032117,1.8));
#9371 = LINE('',#9372,#9373);
#9372 = CARTESIAN_POINT('',(-111.6427890256,119.85821129557,1.8));
#9373 = VECTOR('',#9374,1.);
#9374 = DIRECTION('',(-0.707106781187,-0.707106781187,0.));
#9375 = ORIENTED_EDGE('',*,*,#9376,.T.);
#9376 = EDGE_CURVE('',#9369,#9377,#9379,.T.);
#9377 = VERTEX_POINT('',#9378);
#9378 = CARTESIAN_POINT('',(-109.011,119.33222254339,1.8));
#9379 = B_SPLINE_CURVE_WITH_KNOTS('',1,(#9380,#9381),.UNSPECIFIED.,.F.,
  .F.,(2,2),(0.,1.),.PIECEWISE_BEZIER_KNOTS.);
#9380 = CARTESIAN_POINT('',(-109.011,125.60147101773,1.8));
#9381 = CARTESIAN_POINT('',(-109.011,116.22075142532,1.8));
#9382 = ORIENTED_EDGE('',*,*,#9383,.F.);
#9383 = EDGE_CURVE('',#9384,#9377,#9386,.T.);
#9384 = VERTEX_POINT('',#9385);
#9385 = CARTESIAN_POINT('',(-109.3009999999,119.62222254339,1.8));
#9386 = LINE('',#9387,#9388);
#9387 = CARTESIAN_POINT('',(-81.56794692251,91.889169465911,1.8));
#9388 = VECTOR('',#9389,1.);
#9389 = DIRECTION('',(0.707106781187,-0.707106781187,0.));
#9390 = ORIENTED_EDGE('',*,*,#9391,.F.);
#9391 = EDGE_CURVE('',#9392,#9384,#9394,.T.);
#9392 = VERTEX_POINT('',#9393);
#9393 = CARTESIAN_POINT('',(-109.3009999999,110.42222254339,1.8));
#9394 = LINE('',#9395,#9396);
#9395 = CARTESIAN_POINT('',(-109.3009999999,91.891824884755,1.8));
#9396 = VECTOR('',#9397,1.);
#9397 = DIRECTION('',(0.,1.,-0.));
#9398 = ORIENTED_EDGE('',*,*,#9399,.F.);
#9399 = EDGE_CURVE('',#9400,#9392,#9402,.T.);
#9400 = VERTEX_POINT('',#9401);
#9401 = CARTESIAN_POINT('',(-109.011,110.71222254339,1.8));
#9402 = LINE('',#9403,#9404);
#9403 = CARTESIAN_POINT('',(-108.6983445811,111.02487796223,1.8));
#9404 = VECTOR('',#9405,1.);
#9405 = DIRECTION('',(-0.707106781187,-0.707106781187,0.));
#9406 = ORIENTED_EDGE('',*,*,#9407,.T.);
#9407 = EDGE_CURVE('',#9400,#9408,#9410,.T.);
#9408 = VERTEX_POINT('',#9409);
#9409 = CARTESIAN_POINT('',(-109.011,107.55444476561,1.8));
#9410 = B_SPLINE_CURVE_WITH_KNOTS('',1,(#9411,#9412),.UNSPECIFIED.,.F.,
  .F.,(2,2),(0.,1.),.PIECEWISE_BEZIER_KNOTS.);
#9411 = CARTESIAN_POINT('',(-109.011,113.823693294,1.8));
#9412 = CARTESIAN_POINT('',(-109.011,104.4429737016,1.8));
#9413 = ORIENTED_EDGE('',*,*,#9414,.F.);
#9414 = EDGE_CURVE('',#9415,#9408,#9417,.T.);
#9415 = VERTEX_POINT('',#9416);
#9416 = CARTESIAN_POINT('',(-109.3009999999,107.84444476561,1.8));
#9417 = LINE('',#9418,#9419);
#9418 = CARTESIAN_POINT('',(-84.51239136696,83.055836132578,1.8));
#9419 = VECTOR('',#9420,1.);
#9420 = DIRECTION('',(0.707106781187,-0.707106781187,0.));
#9421 = ORIENTED_EDGE('',*,*,#9422,.F.);
#9422 = EDGE_CURVE('',#9423,#9415,#9425,.T.);
#9423 = VERTEX_POINT('',#9424);
#9424 = CARTESIAN_POINT('',(-109.3009999999,98.644444765615,1.8));
#9425 = LINE('',#9426,#9427);
#9426 = CARTESIAN_POINT('',(-109.3009999999,86.002935995866,1.8));
#9427 = VECTOR('',#9428,1.);
#9428 = DIRECTION('',(0.,1.,-0.));
#9429 = ORIENTED_EDGE('',*,*,#9430,.F.);
#9430 = EDGE_CURVE('',#9431,#9423,#9433,.T.);
#9431 = VERTEX_POINT('',#9432);
#9432 = CARTESIAN_POINT('',(-109.011,98.934444765614,1.8));
#9433 = LINE('',#9434,#9435);
#9434 = CARTESIAN_POINT('',(-105.7539001367,102.1915446289,1.8));
#9435 = VECTOR('',#9436,1.);
#9436 = DIRECTION('',(-0.707106781187,-0.707106781187,0.));
#9437 = ORIENTED_EDGE('',*,*,#9438,.T.);
#9438 = EDGE_CURVE('',#9431,#9439,#9441,.T.);
#9439 = VERTEX_POINT('',#9440);
#9440 = CARTESIAN_POINT('',(-109.011,95.776666987837,1.8));
#9441 = B_SPLINE_CURVE_WITH_KNOTS('',1,(#9442,#9443),.UNSPECIFIED.,.F.,
  .F.,(2,2),(0.,1.),.PIECEWISE_BEZIER_KNOTS.);
#9442 = CARTESIAN_POINT('',(-109.011,102.04591557028,1.8));
#9443 = CARTESIAN_POINT('',(-109.011,92.665195977886,1.8));
#9444 = ORIENTED_EDGE('',*,*,#9445,.F.);
#9445 = EDGE_CURVE('',#9446,#9439,#9448,.T.);
#9446 = VERTEX_POINT('',#9447);
#9447 = CARTESIAN_POINT('',(-109.3009999999,96.066666987836,1.8));
#9448 = LINE('',#9449,#9450);
#9449 = CARTESIAN_POINT('',(-87.4568358114,74.222502799244,1.8));
#9450 = VECTOR('',#9451,1.);
#9451 = DIRECTION('',(0.707106781187,-0.707106781187,0.));
#9452 = ORIENTED_EDGE('',*,*,#9453,.F.);
#9453 = EDGE_CURVE('',#9454,#9446,#9456,.T.);
#9454 = VERTEX_POINT('',#9455);
#9455 = CARTESIAN_POINT('',(-109.3009999999,86.866666987837,1.8));
#9456 = LINE('',#9457,#9458);
#9457 = CARTESIAN_POINT('',(-109.3009999999,80.114047106977,1.8));
#9458 = VECTOR('',#9459,1.);
#9459 = DIRECTION('',(0.,1.,-0.));
#9460 = ORIENTED_EDGE('',*,*,#9461,.F.);
#9461 = EDGE_CURVE('',#9462,#9454,#9464,.T.);
#9462 = VERTEX_POINT('',#9463);
#9463 = CARTESIAN_POINT('',(-109.011,87.156666987837,1.8));
#9464 = LINE('',#9465,#9466);
#9465 = CARTESIAN_POINT('',(-102.8094556922,93.35821129557,1.8));
#9466 = VECTOR('',#9467,1.);
#9467 = DIRECTION('',(-0.707106781187,-0.707106781187,0.));
#9468 = ORIENTED_EDGE('',*,*,#9469,.T.);
#9469 = EDGE_CURVE('',#9462,#9470,#9472,.T.);
#9470 = VERTEX_POINT('',#9471);
#9471 = CARTESIAN_POINT('',(-109.011,83.998889210059,1.8));
#9472 = B_SPLINE_CURVE_WITH_KNOTS('',1,(#9473,#9474),.UNSPECIFIED.,.F.,
  .F.,(2,2),(0.,1.),.PIECEWISE_BEZIER_KNOTS.);
#9473 = CARTESIAN_POINT('',(-109.011,90.268137846567,1.8));
#9474 = CARTESIAN_POINT('',(-109.011,80.887418254165,1.8));
#9475 = ORIENTED_EDGE('',*,*,#9476,.F.);
#9476 = EDGE_CURVE('',#9477,#9470,#9479,.T.);
#9477 = VERTEX_POINT('',#9478);
#9478 = CARTESIAN_POINT('',(-109.3009999999,84.288889210058,1.8));
#9479 = LINE('',#9480,#9481);
#9480 = CARTESIAN_POINT('',(-90.40128025585,65.389169465911,1.8));
#9481 = VECTOR('',#9482,1.);
#9482 = DIRECTION('',(0.707106781187,-0.707106781187,0.));
#9483 = ORIENTED_EDGE('',*,*,#9484,.F.);
#9484 = EDGE_CURVE('',#9485,#9477,#9487,.T.);
#9485 = VERTEX_POINT('',#9486);
#9486 = CARTESIAN_POINT('',(-109.3009999999,75.088889210059,1.8));
#9487 = LINE('',#9488,#9489);
#9488 = CARTESIAN_POINT('',(-109.3009999999,74.225158218088,1.8));
#9489 = VECTOR('',#9490,1.);
#9490 = DIRECTION('',(0.,1.,-0.));
#9491 = ORIENTED_EDGE('',*,*,#9492,.F.);
#9492 = EDGE_CURVE('',#9493,#9485,#9495,.T.);
#9493 = VERTEX_POINT('',#9494);
#9494 = CARTESIAN_POINT('',(-109.011,75.378889210059,1.8));
#9495 = LINE('',#9496,#9497);
#9496 = CARTESIAN_POINT('',(-99.86501124782,84.524877962236,1.8));
#9497 = VECTOR('',#9498,1.);
#9498 = DIRECTION('',(-0.707106781187,-0.707106781187,0.));
#9499 = ORIENTED_EDGE('',*,*,#9500,.T.);
#9500 = EDGE_CURVE('',#9493,#9501,#9503,.T.);
#9501 = VERTEX_POINT('',#9502);
#9502 = CARTESIAN_POINT('',(-109.011,72.221111432281,1.8));
#9503 = B_SPLINE_CURVE_WITH_KNOTS('',1,(#9504,#9505),.UNSPECIFIED.,.F.,
  .F.,(2,2),(0.,1.),.PIECEWISE_BEZIER_KNOTS.);
#9504 = CARTESIAN_POINT('',(-109.011,78.490360122847,1.8));
#9505 = CARTESIAN_POINT('',(-109.011,69.109640530445,1.8));
#9506 = ORIENTED_EDGE('',*,*,#9507,.F.);
#9507 = EDGE_CURVE('',#9508,#9501,#9510,.T.);
#9508 = VERTEX_POINT('',#9509);
#9509 = CARTESIAN_POINT('',(-109.3009999999,72.511111432281,1.8));
#9510 = LINE('',#9511,#9512);
#9511 = CARTESIAN_POINT('',(-93.34572470029,56.555836132578,1.8));
#9512 = VECTOR('',#9513,1.);
#9513 = DIRECTION('',(0.707106781187,-0.707106781187,0.));
#9514 = ORIENTED_EDGE('',*,*,#9515,.F.);
#9515 = EDGE_CURVE('',#9516,#9508,#9518,.T.);
#9516 = VERTEX_POINT('',#9517);
#9517 = CARTESIAN_POINT('',(-109.3009999999,63.311111432282,1.8));
#9518 = LINE('',#9519,#9520);
#9519 = CARTESIAN_POINT('',(-109.3009999999,68.336269329199,1.8));
#9520 = VECTOR('',#9521,1.);
#9521 = DIRECTION('',(0.,1.,-0.));
#9522 = ORIENTED_EDGE('',*,*,#9523,.F.);
#9523 = EDGE_CURVE('',#9524,#9516,#9526,.T.);
#9524 = VERTEX_POINT('',#9525);
#9525 = CARTESIAN_POINT('',(-109.011,63.601111432281,1.8));
#9526 = LINE('',#9527,#9528);
#9527 = CARTESIAN_POINT('',(-96.92056680337,75.691544628903,1.8));
#9528 = VECTOR('',#9529,1.);
#9529 = DIRECTION('',(-0.707106781187,-0.707106781187,0.));
#9530 = ORIENTED_EDGE('',*,*,#9531,.T.);
#9531 = EDGE_CURVE('',#9524,#9532,#9534,.T.);
#9532 = VERTEX_POINT('',#9533);
#9533 = CARTESIAN_POINT('',(-109.011,60.443333654503,1.8));
#9534 = B_SPLINE_CURVE_WITH_KNOTS('',1,(#9535,#9536),.UNSPECIFIED.,.F.,
  .F.,(2,2),(0.,1.),.PIECEWISE_BEZIER_KNOTS.);
#9535 = CARTESIAN_POINT('',(-109.011,66.712582399126,1.8));
#9536 = CARTESIAN_POINT('',(-109.011,57.331862806724,1.8));
#9537 = ORIENTED_EDGE('',*,*,#9538,.F.);
#9538 = EDGE_CURVE('',#9539,#9532,#9541,.T.);
#9539 = VERTEX_POINT('',#9540);
#9540 = CARTESIAN_POINT('',(-109.3009999999,60.733333654503,1.8));
#9541 = LINE('',#9542,#9543);
#9542 = CARTESIAN_POINT('',(-96.29016914474,47.722502799244,1.8));
#9543 = VECTOR('',#9544,1.);
#9544 = DIRECTION('',(0.707106781187,-0.707106781187,0.));
#9545 = ORIENTED_EDGE('',*,*,#9546,.F.);
#9546 = EDGE_CURVE('',#9547,#9539,#9549,.T.);
#9547 = VERTEX_POINT('',#9548);
#9548 = CARTESIAN_POINT('',(-109.3009999999,51.533333654504,1.8));
#9549 = LINE('',#9550,#9551);
#9550 = CARTESIAN_POINT('',(-109.3009999999,62.44738044031,1.8));
#9551 = VECTOR('',#9552,1.);
#9552 = DIRECTION('',(0.,1.,-0.));
#9553 = ORIENTED_EDGE('',*,*,#9554,.F.);
#9554 = EDGE_CURVE('',#9555,#9547,#9557,.T.);
#9555 = VERTEX_POINT('',#9556);
#9556 = CARTESIAN_POINT('',(-109.011,51.823333654503,1.8));
#9557 = LINE('',#9558,#9559);
#9558 = CARTESIAN_POINT('',(-93.97612235893,66.85821129557,1.8));
#9559 = VECTOR('',#9560,1.);
#9560 = DIRECTION('',(-0.707106781187,-0.707106781187,0.));
#9561 = ORIENTED_EDGE('',*,*,#9562,.T.);
#9562 = EDGE_CURVE('',#9555,#9563,#9565,.T.);
#9563 = VERTEX_POINT('',#9564);
#9564 = CARTESIAN_POINT('',(-109.011,48.665555876726,1.8));
#9565 = B_SPLINE_CURVE_WITH_KNOTS('',1,(#9566,#9567),.UNSPECIFIED.,.F.,
  .F.,(2,2),(0.,1.),.PIECEWISE_BEZIER_KNOTS.);
#9566 = CARTESIAN_POINT('',(-109.011,54.934804675405,1.8));
#9567 = CARTESIAN_POINT('',(-109.011,45.554085083003,1.8));
#9568 = ORIENTED_EDGE('',*,*,#9569,.F.);
#9569 = EDGE_CURVE('',#9570,#9563,#9572,.T.);
#9570 = VERTEX_POINT('',#9571);
#9571 = CARTESIAN_POINT('',(-109.3009999999,48.955555876725,1.8));
#9572 = LINE('',#9573,#9574);
#9573 = CARTESIAN_POINT('',(-99.23461358918,38.889169465911,1.8));
#9574 = VECTOR('',#9575,1.);
#9575 = DIRECTION('',(0.707106781187,-0.707106781187,0.));
#9576 = ORIENTED_EDGE('',*,*,#9577,.F.);
#9577 = EDGE_CURVE('',#9578,#9570,#9580,.T.);
#9578 = VERTEX_POINT('',#9579);
#9579 = CARTESIAN_POINT('',(-109.3009999999,39.755555876726,1.8));
#9580 = LINE('',#9581,#9582);
#9581 = CARTESIAN_POINT('',(-109.3009999999,56.558491551421,1.8));
#9582 = VECTOR('',#9583,1.);
#9583 = DIRECTION('',(0.,1.,-0.));
#9584 = ORIENTED_EDGE('',*,*,#9585,.F.);
#9585 = EDGE_CURVE('',#9586,#9578,#9588,.T.);
#9586 = VERTEX_POINT('',#9587);
#9587 = CARTESIAN_POINT('',(-109.011,40.045555876726,1.8));
#9588 = LINE('',#9589,#9590);
#9589 = CARTESIAN_POINT('',(-91.03167791448,58.024877962236,1.8));
#9590 = VECTOR('',#9591,1.);
#9591 = DIRECTION('',(-0.707106781187,-0.707106781187,0.));
#9592 = ORIENTED_EDGE('',*,*,#9593,.T.);
#9593 = EDGE_CURVE('',#9586,#9594,#9596,.T.);
#9594 = VERTEX_POINT('',#9595);
#9595 = CARTESIAN_POINT('',(-109.011,36.887778098948,1.8));
#9596 = B_SPLINE_CURVE_WITH_KNOTS('',1,(#9597,#9598),.UNSPECIFIED.,.F.,
  .F.,(2,2),(0.,1.),.PIECEWISE_BEZIER_KNOTS.);
#9597 = CARTESIAN_POINT('',(-109.011,43.157026951685,1.8));
#9598 = CARTESIAN_POINT('',(-109.011,33.776307359283,1.8));
#9599 = ORIENTED_EDGE('',*,*,#9600,.F.);
#9600 = EDGE_CURVE('',#9601,#9594,#9603,.T.);
#9601 = VERTEX_POINT('',#9602);
#9602 = CARTESIAN_POINT('',(-109.3009999999,37.177778098947,1.8));
#9603 = LINE('',#9604,#9605);
#9604 = CARTESIAN_POINT('',(-102.1790580336,30.055836132578,1.8));
#9605 = VECTOR('',#9606,1.);
#9606 = DIRECTION('',(0.707106781187,-0.707106781187,0.));
#9607 = ORIENTED_EDGE('',*,*,#9608,.F.);
#9608 = EDGE_CURVE('',#9609,#9601,#9611,.T.);
#9609 = VERTEX_POINT('',#9610);
#9610 = CARTESIAN_POINT('',(-109.3009999999,27.977778098948,1.8));
#9611 = LINE('',#9612,#9613);
#9612 = CARTESIAN_POINT('',(-109.3009999999,50.669602662532,1.8));
#9613 = VECTOR('',#9614,1.);
#9614 = DIRECTION('',(0.,1.,-0.));
#9615 = ORIENTED_EDGE('',*,*,#9616,.F.);
#9616 = EDGE_CURVE('',#9617,#9609,#9619,.T.);
#9617 = VERTEX_POINT('',#9618);
#9618 = CARTESIAN_POINT('',(-109.011,28.267778098948,1.8));
#9619 = LINE('',#9620,#9621);
#9620 = CARTESIAN_POINT('',(-88.08723347004,49.191544628903,1.8));
#9621 = VECTOR('',#9622,1.);
#9622 = DIRECTION('',(-0.707106781187,-0.707106781187,0.));
#9623 = ORIENTED_EDGE('',*,*,#9624,.T.);
#9624 = EDGE_CURVE('',#9617,#9625,#9627,.T.);
#9625 = VERTEX_POINT('',#9626);
#9626 = CARTESIAN_POINT('',(-109.011,25.11000032117,1.8));
#9627 = B_SPLINE_CURVE_WITH_KNOTS('',1,(#9628,#9629),.UNSPECIFIED.,.F.,
  .F.,(2,2),(0.,1.),.PIECEWISE_BEZIER_KNOTS.);
#9628 = CARTESIAN_POINT('',(-109.011,31.379249227964,1.8));
#9629 = CARTESIAN_POINT('',(-109.011,21.998529635562,1.8));
#9630 = ORIENTED_EDGE('',*,*,#9631,.F.);
#9631 = EDGE_CURVE('',#7750,#9625,#9632,.T.);
#9632 = LINE('',#9633,#9634);
#9633 = CARTESIAN_POINT('',(-105.123502478,21.222502799244,1.8));
#9634 = VECTOR('',#9635,1.);
#9635 = DIRECTION('',(0.707106781187,-0.707106781187,0.));
#9636 = ORIENTED_EDGE('',*,*,#7757,.F.);
#9637 = ORIENTED_EDGE('',*,*,#7783,.F.);
#9638 = ORIENTED_EDGE('',*,*,#7813,.T.);
#9639 = ORIENTED_EDGE('',*,*,#9640,.T.);
#9640 = EDGE_CURVE('',#7805,#7944,#9641,.T.);
#9641 = B_SPLINE_CURVE_WITH_KNOTS('',6,(#9642,#9643,#9644,#9645,#9646,
    #9647,#9648,#9649,#9650,#9651,#9652,#9653,#9654,#9655,#9656,#9657,
    #9658,#9659,#9660,#9661,#9662,#9663),.UNSPECIFIED.,.F.,.F.,(7,5,5,5,
    7),(0.,0.2509999386,0.499999999409,0.7499999999,1.),.UNSPECIFIED.);
#9642 = CARTESIAN_POINT('',(-109.011,10.999999972612,1.8));
#9643 = CARTESIAN_POINT('',(-109.0110000193,10.690502963877,1.8));
#9644 = CARTESIAN_POINT('',(-108.9865953034,10.380988330864,1.8));
#9645 = CARTESIAN_POINT('',(-108.9377808878,10.073900506764,1.8));
#9646 = CARTESIAN_POINT('',(-108.8648872547,9.77162199722,1.8));
#9647 = CARTESIAN_POINT('',(-108.76852443,9.476479491358,1.8));
#9648 = CARTESIAN_POINT('',(-108.531694939,8.907253130255,1.8));
#9649 = CARTESIAN_POINT('',(-108.3915726351,8.632988591702,1.8));
#9650 = CARTESIAN_POINT('',(-108.2301811875,8.370138965214,1.8));
#9651 = CARTESIAN_POINT('',(-108.048709644,8.120729254787,1.8));
#9652 = CARTESIAN_POINT('',(-107.8485767726,7.886630706306,1.8));
#9653 = CARTESIAN_POINT('',(-107.4134974439,7.451551377607,1.8));
#9654 = CARTESIAN_POINT('',(-107.1783901304,7.250683089628,1.8));
#9655 = CARTESIAN_POINT('',(-106.9278552814,7.0686332679,1.8));
#9656 = CARTESIAN_POINT('',(-106.6637876349,6.906836707485,1.8));
#9657 = CARTESIAN_POINT('',(-106.3882378571,6.766494844491,1.8));
#9658 = CARTESIAN_POINT('',(-105.8186401861,6.530559783556,1.8));
#9659 = CARTESIAN_POINT('',(-105.5245603872,6.434953371036,1.8));
#9660 = CARTESIAN_POINT('',(-105.2234289197,6.362636811978,1.8));
#9661 = CARTESIAN_POINT('',(-104.9175453622,6.314210635555,1.8));
#9662 = CARTESIAN_POINT('',(-104.6092640559,6.289999980839,1.8));
#9663 = CARTESIAN_POINT('',(-104.3010000273,6.290000000066,1.8));
#9664 = ORIENTED_EDGE('',*,*,#7943,.T.);
#9665 = ORIENTED_EDGE('',*,*,#7980,.T.);
#9666 = ORIENTED_EDGE('',*,*,#3840,.F.);
#9667 = ORIENTED_EDGE('',*,*,#8986,.F.);
#9668 = ORIENTED_EDGE('',*,*,#9669,.F.);
#9669 = EDGE_CURVE('',#7663,#8979,#9670,.T.);
#9670 = LINE('',#9671,#9672);
#9671 = CARTESIAN_POINT('',(-109.401,139.,1.8));
#9672 = VECTOR('',#9673,1.);
#9673 = DIRECTION('',(0.,-1.,0.));
#9674 = PLANE('',#9675);
#9675 = AXIS2_PLACEMENT_3D('',#9676,#9677,#9678);
#9676 = CARTESIAN_POINT('',(-60.62958300735,64.161427226118,1.8));
#9677 = DIRECTION('',(-0.,-0.,-1.));
#9678 = DIRECTION('',(-1.,0.,0.));
#9679 = ADVANCED_FACE('',(#9680),#9685,.T.);
#9680 = FACE_BOUND('',#9681,.T.);
#9681 = EDGE_LOOP('',(#9682,#9683,#9684));
#9682 = ORIENTED_EDGE('',*,*,#3848,.F.);
#9683 = ORIENTED_EDGE('',*,*,#7986,.T.);
#9684 = ORIENTED_EDGE('',*,*,#8010,.T.);
#9685 = PLANE('',#9686);
#9686 = AXIS2_PLACEMENT_3D('',#9687,#9688,#9689);
#9687 = CARTESIAN_POINT('',(-62.801,11.6,1.8));
#9688 = DIRECTION('',(0.,0.,1.));
#9689 = DIRECTION('',(1.,0.,0.));
#9690 = ADVANCED_FACE('',(#9691),#9707,.T.);
#9691 = FACE_BOUND('',#9692,.T.);
#9692 = EDGE_LOOP('',(#9693,#9694,#9695,#9696,#9697,#9698,#9699,#9700,
    #9701,#9702,#9703,#9704,#9705,#9706));
#9693 = ORIENTED_EDGE('',*,*,#8016,.T.);
#9694 = ORIENTED_EDGE('',*,*,#8062,.T.);
#9695 = ORIENTED_EDGE('',*,*,#8079,.F.);
#9696 = ORIENTED_EDGE('',*,*,#8103,.F.);
#9697 = ORIENTED_EDGE('',*,*,#8127,.F.);
#9698 = ORIENTED_EDGE('',*,*,#8179,.T.);
#9699 = ORIENTED_EDGE('',*,*,#8196,.F.);
#9700 = ORIENTED_EDGE('',*,*,#8220,.F.);
#9701 = ORIENTED_EDGE('',*,*,#8244,.F.);
#9702 = ORIENTED_EDGE('',*,*,#8271,.T.);
#9703 = ORIENTED_EDGE('',*,*,#8325,.T.);
#9704 = ORIENTED_EDGE('',*,*,#8348,.T.);
#9705 = ORIENTED_EDGE('',*,*,#8372,.T.);
#9706 = ORIENTED_EDGE('',*,*,#3856,.F.);
#9707 = PLANE('',#9708);
#9708 = AXIS2_PLACEMENT_3D('',#9709,#9710,#9711);
#9709 = CARTESIAN_POINT('',(-60.62958300735,64.161427226118,1.8));
#9710 = DIRECTION('',(-0.,-0.,-1.));
#9711 = DIRECTION('',(-1.,0.,0.));
#9712 = ADVANCED_FACE('',(#9713),#9718,.T.);
#9713 = FACE_BOUND('',#9714,.T.);
#9714 = EDGE_LOOP('',(#9715,#9716,#9717));
#9715 = ORIENTED_EDGE('',*,*,#8378,.T.);
#9716 = ORIENTED_EDGE('',*,*,#8402,.T.);
#9717 = ORIENTED_EDGE('',*,*,#3864,.F.);
#9718 = PLANE('',#9719);
#9719 = AXIS2_PLACEMENT_3D('',#9720,#9721,#9722);
#9720 = CARTESIAN_POINT('',(-62.801,11.6,1.8));
#9721 = DIRECTION('',(0.,0.,1.));
#9722 = DIRECTION('',(1.,0.,0.));
#9723 = ADVANCED_FACE('',(#9724),#9736,.T.);
#9724 = FACE_BOUND('',#9725,.T.);
#9725 = EDGE_LOOP('',(#9726,#9727,#9728,#9729,#9730,#9731,#9732,#9733,
    #9734,#9735));
#9726 = ORIENTED_EDGE('',*,*,#8665,.T.);
#9727 = ORIENTED_EDGE('',*,*,#8692,.T.);
#9728 = ORIENTED_EDGE('',*,*,#3872,.F.);
#9729 = ORIENTED_EDGE('',*,*,#8408,.T.);
#9730 = ORIENTED_EDGE('',*,*,#8432,.T.);
#9731 = ORIENTED_EDGE('',*,*,#8457,.T.);
#9732 = ORIENTED_EDGE('',*,*,#8526,.T.);
#9733 = ORIENTED_EDGE('',*,*,#8590,.F.);
#9734 = ORIENTED_EDGE('',*,*,#8614,.F.);
#9735 = ORIENTED_EDGE('',*,*,#8638,.F.);
#9736 = PLANE('',#9737);
#9737 = AXIS2_PLACEMENT_3D('',#9738,#9739,#9740);
#9738 = CARTESIAN_POINT('',(-60.62958300735,64.161427226118,1.8));
#9739 = DIRECTION('',(-0.,-0.,-1.));
#9740 = DIRECTION('',(-1.,0.,0.));
#9741 = ADVANCED_FACE('',(#9742),#9752,.F.);
#9742 = FACE_BOUND('',#9743,.F.);
#9743 = EDGE_LOOP('',(#9744,#9750,#9751));
#9744 = ORIENTED_EDGE('',*,*,#9745,.F.);
#9745 = EDGE_CURVE('',#4061,#8788,#9746,.T.);
#9746 = LINE('',#9747,#9748);
#9747 = CARTESIAN_POINT('',(-23.37988281,113.83931731,2.4));
#9748 = VECTOR('',#9749,1.);
#9749 = DIRECTION('',(1.,0.,0.));
#9750 = ORIENTED_EDGE('',*,*,#4067,.F.);
#9751 = ORIENTED_EDGE('',*,*,#8813,.F.);
#9752 = PLANE('',#9753);
#9753 = AXIS2_PLACEMENT_3D('',#9754,#9755,#9756);
#9754 = CARTESIAN_POINT('',(-23.37988281,113.83931731,4.9));
#9755 = DIRECTION('',(0.,-1.,0.));
#9756 = DIRECTION('',(1.,0.,0.));
#9757 = ADVANCED_FACE('',(#9758),#9763,.T.);
#9758 = FACE_BOUND('',#9759,.T.);
#9759 = EDGE_LOOP('',(#9760,#9761,#9762));
#9760 = ORIENTED_EDGE('',*,*,#4060,.F.);
#9761 = ORIENTED_EDGE('',*,*,#8795,.F.);
#9762 = ORIENTED_EDGE('',*,*,#9745,.F.);
#9763 = PLANE('',#9764);
#9764 = AXIS2_PLACEMENT_3D('',#9765,#9766,#9767);
#9765 = CARTESIAN_POINT('',(-19.57887203836,85.148952183769,2.4));
#9766 = DIRECTION('',(0.,0.,1.));
#9767 = DIRECTION('',(1.,0.,0.));
#9768 = ADVANCED_FACE('',(#9769),#9791,.F.);
#9769 = FACE_BOUND('',#9770,.T.);
#9770 = EDGE_LOOP('',(#9771,#9772,#9778,#9784,#9785));
#9771 = ORIENTED_EDGE('',*,*,#4220,.T.);
#9772 = ORIENTED_EDGE('',*,*,#9773,.T.);
#9773 = EDGE_CURVE('',#4223,#5859,#9774,.T.);
#9774 = LINE('',#9775,#9776);
#9775 = CARTESIAN_POINT('',(-6.658054314494,56.,2.1270284471));
#9776 = VECTOR('',#9777,1.);
#9777 = DIRECTION('',(-0.499999918301,-0.707106781187,-0.500000081699));
#9778 = ORIENTED_EDGE('',*,*,#9779,.F.);
#9779 = EDGE_CURVE('',#9222,#5859,#9780,.T.);
#9780 = LINE('',#9781,#9782);
#9781 = CARTESIAN_POINT('',(-5.026,55.65,-1.554E-14));
#9782 = VECTOR('',#9783,1.);
#9783 = DIRECTION('',(-0.707106896726,0.,0.707106665647));
#9784 = ORIENTED_EDGE('',*,*,#9221,.T.);
#9785 = ORIENTED_EDGE('',*,*,#9786,.T.);
#9786 = EDGE_CURVE('',#9214,#4221,#9787,.T.);
#9787 = LINE('',#9788,#9789);
#9788 = CARTESIAN_POINT('',(-4.351658025284,56.633484650493,
    0.716515349507));
#9789 = VECTOR('',#9790,1.);
#9790 = DIRECTION('',(-0.8628562604,-0.357406682847,0.357406682847));
#9791 = PLANE('',#9792);
#9792 = AXIS2_PLACEMENT_3D('',#9793,#9794,#9795);
#9793 = CARTESIAN_POINT('',(-4.778512667024,56.,0.247487413854));
#9794 = DIRECTION('',(-0.499999918301,0.707106781187,-0.500000081699));
#9795 = DIRECTION('',(0.707106896726,-8.326672684689E-17,-0.707106665647
    ));
#9796 = ADVANCED_FACE('',(#9797),#9808,.T.);
#9797 = FACE_BOUND('',#9798,.T.);
#9798 = EDGE_LOOP('',(#9799,#9800,#9801,#9807));
#9799 = ORIENTED_EDGE('',*,*,#9786,.F.);
#9800 = ORIENTED_EDGE('',*,*,#9213,.T.);
#9801 = ORIENTED_EDGE('',*,*,#9802,.T.);
#9802 = EDGE_CURVE('',#9206,#4231,#9803,.T.);
#9803 = LINE('',#9804,#9805);
#9804 = CARTESIAN_POINT('',(0.470581488428,56.1392909902,1.2107090098));
#9805 = VECTOR('',#9806,1.);
#9806 = DIRECTION('',(-0.281084637715,-0.678598344546,0.678598344546));
#9807 = ORIENTED_EDGE('',*,*,#4230,.F.);
#9808 = PLANE('',#9809);
#9809 = AXIS2_PLACEMENT_3D('',#9810,#9811,#9812);
#9810 = CARTESIAN_POINT('',(-4.036050344584,56.85,0.5));
#9811 = DIRECTION('',(-2.9E-16,-0.707106781187,-0.707106781187));
#9812 = DIRECTION('',(1.,-2.050609665441E-16,-2.050609665441E-16));
#9813 = ADVANCED_FACE('',(#9814),#9820,.F.);
#9814 = FACE_BOUND('',#9815,.T.);
#9815 = EDGE_LOOP('',(#9816,#9817,#9818,#9819));
#9816 = ORIENTED_EDGE('',*,*,#9773,.F.);
#9817 = ORIENTED_EDGE('',*,*,#4263,.T.);
#9818 = ORIENTED_EDGE('',*,*,#5915,.T.);
#9819 = ORIENTED_EDGE('',*,*,#5866,.F.);
#9820 = CONICAL_SURFACE('',#9821,7.1,0.785398163397);
#9821 = AXIS2_PLACEMENT_3D('',#9822,#9823,#9824);
#9822 = CARTESIAN_POINT('',(-1.885084321376,55.65,6.9));
#9823 = DIRECTION('',(0.,-1.,0.));
#9824 = DIRECTION('',(-0.707106665647,-0.,-0.707106896726));
#9825 = ADVANCED_FACE('',(#9826),#9837,.T.);
#9826 = FACE_BOUND('',#9827,.T.);
#9827 = EDGE_LOOP('',(#9828,#9829,#9830,#9836));
#9828 = ORIENTED_EDGE('',*,*,#4238,.T.);
#9829 = ORIENTED_EDGE('',*,*,#9802,.F.);
#9830 = ORIENTED_EDGE('',*,*,#9831,.F.);
#9831 = EDGE_CURVE('',#6037,#9206,#9832,.T.);
#9832 = LINE('',#9833,#9834);
#9833 = CARTESIAN_POINT('',(2.993036790187,57.35,2.020963209813));
#9834 = VECTOR('',#9835,1.);
#9835 = DIRECTION('',(-0.707106781187,-0.,-0.707106781187));
#9836 = ORIENTED_EDGE('',*,*,#6036,.F.);
#9837 = PLANE('',#9838);
#9838 = AXIS2_PLACEMENT_3D('',#9839,#9840,#9841);
#9839 = CARTESIAN_POINT('',(2.639483399594,56.85,2.374516600406));
#9840 = DIRECTION('',(0.5,-0.707106781187,-0.5));
#9841 = DIRECTION('',(-0.707106781187,-2.498001805407E-16,
    -0.707106781187));
#9842 = ADVANCED_FACE('',(#9843),#9854,.F.);
#9843 = FACE_BOUND('',#9844,.F.);
#9844 = EDGE_LOOP('',(#9845,#9851,#9852,#9853));
#9845 = ORIENTED_EDGE('',*,*,#9846,.F.);
#9846 = EDGE_CURVE('',#4396,#4337,#9847,.T.);
#9847 = LINE('',#9848,#9849);
#9848 = CARTESIAN_POINT('',(-6.658054314494,139.4,2.1270284471));
#9849 = VECTOR('',#9850,1.);
#9850 = DIRECTION('',(-0.499999918301,0.707106781187,-0.500000081699));
#9851 = ORIENTED_EDGE('',*,*,#4428,.T.);
#9852 = ORIENTED_EDGE('',*,*,#4368,.T.);
#9853 = ORIENTED_EDGE('',*,*,#4344,.F.);
#9854 = CONICAL_SURFACE('',#9855,7.1,0.785398163397);
#9855 = AXIS2_PLACEMENT_3D('',#9856,#9857,#9858);
#9856 = CARTESIAN_POINT('',(-1.885084321376,139.75,6.9));
#9857 = DIRECTION('',(0.,1.,-4.4E-16));
#9858 = DIRECTION('',(-0.707106665647,-3.111270345594E-16,
    -0.707106896726));
#9859 = ADVANCED_FACE('',(#9860),#9872,.F.);
#9860 = FACE_BOUND('',#9861,.F.);
#9861 = EDGE_LOOP('',(#9862,#9863,#9864,#9865,#9866));
#9862 = ORIENTED_EDGE('',*,*,#4393,.T.);
#9863 = ORIENTED_EDGE('',*,*,#9846,.T.);
#9864 = ORIENTED_EDGE('',*,*,#6395,.F.);
#9865 = ORIENTED_EDGE('',*,*,#9045,.F.);
#9866 = ORIENTED_EDGE('',*,*,#9867,.T.);
#9867 = EDGE_CURVE('',#9046,#4394,#9868,.T.);
#9868 = LINE('',#9869,#9870);
#9869 = CARTESIAN_POINT('',(-3.013787289526,138.2123512741,
    0.162351274109));
#9870 = VECTOR('',#9871,1.);
#9871 = DIRECTION('',(-0.8628562604,0.357406682847,0.357406682847));
#9872 = PLANE('',#9873);
#9873 = AXIS2_PLACEMENT_3D('',#9874,#9875,#9876);
#9874 = CARTESIAN_POINT('',(-4.778512667024,139.4,0.247487413854));
#9875 = DIRECTION('',(-0.499999918301,-0.707106781187,-0.500000081699));
#9876 = DIRECTION('',(-0.707106896726,1.665334536938E-16,0.707106665647)
  );
#9877 = ADVANCED_FACE('',(#9878),#9889,.F.);
#9878 = FACE_BOUND('',#9879,.T.);
#9879 = EDGE_LOOP('',(#9880,#9886,#9887,#9888));
#9880 = ORIENTED_EDGE('',*,*,#9881,.F.);
#9881 = EDGE_CURVE('',#9054,#4404,#9882,.T.);
#9882 = LINE('',#9883,#9884);
#9883 = CARTESIAN_POINT('',(0.725462512408,138.64537178491,
    0.595371784915));
#9884 = VECTOR('',#9885,1.);
#9885 = DIRECTION('',(-0.281084637715,0.678598344546,0.678598344546));
#9886 = ORIENTED_EDGE('',*,*,#9053,.T.);
#9887 = ORIENTED_EDGE('',*,*,#9867,.T.);
#9888 = ORIENTED_EDGE('',*,*,#4403,.F.);
#9889 = PLANE('',#9890);
#9890 = AXIS2_PLACEMENT_3D('',#9891,#9892,#9893);
#9891 = CARTESIAN_POINT('',(-0.442139981999,138.55,0.5));
#9892 = DIRECTION('',(2.9E-16,-0.707106781187,0.707106781187));
#9893 = DIRECTION('',(1.,2.050609665441E-16,-2.050609665441E-16));
#9894 = ADVANCED_FACE('',(#9895),#9906,.F.);
#9895 = FACE_BOUND('',#9896,.T.);
#9896 = EDGE_LOOP('',(#9897,#9898,#9899,#9905));
#9897 = ORIENTED_EDGE('',*,*,#4411,.T.);
#9898 = ORIENTED_EDGE('',*,*,#4479,.T.);
#9899 = ORIENTED_EDGE('',*,*,#9900,.F.);
#9900 = EDGE_CURVE('',#9054,#4480,#9901,.T.);
#9901 = LINE('',#9902,#9903);
#9902 = CARTESIAN_POINT('',(0.972073580374,138.05,-1.854E-14));
#9903 = VECTOR('',#9904,1.);
#9904 = DIRECTION('',(0.707106781187,0.,0.707106781187));
#9905 = ORIENTED_EDGE('',*,*,#9881,.T.);
#9906 = PLANE('',#9907);
#9907 = AXIS2_PLACEMENT_3D('',#9908,#9909,#9910);
#9908 = CARTESIAN_POINT('',(0.618520189781,138.55,0.353553390593));
#9909 = DIRECTION('',(-0.5,-0.707106781187,0.5));
#9910 = DIRECTION('',(-0.707106781187,5.551115123126E-17,-0.707106781187
    ));
#9911 = ADVANCED_FACE('',(#9912),#9930,.F.);
#9912 = FACE_BOUND('',#9913,.T.);
#9913 = EDGE_LOOP('',(#9914,#9915,#9921,#9922,#9923,#9929));
#9914 = ORIENTED_EDGE('',*,*,#4448,.T.);
#9915 = ORIENTED_EDGE('',*,*,#9916,.F.);
#9916 = EDGE_CURVE('',#4756,#4449,#9917,.T.);
#9917 = LINE('',#9918,#9919);
#9918 = CARTESIAN_POINT('',(-2.586,10.95,8.112435565298));
#9919 = VECTOR('',#9920,1.);
#9920 = DIRECTION('',(0.,1.,-2.2E-16));
#9921 = ORIENTED_EDGE('',*,*,#4755,.F.);
#9922 = ORIENTED_EDGE('',*,*,#4744,.F.);
#9923 = ORIENTED_EDGE('',*,*,#9924,.T.);
#9924 = EDGE_CURVE('',#4745,#4438,#9925,.T.);
#9925 = LINE('',#9926,#9927);
#9926 = CARTESIAN_POINT('',(-1.186,10.95,8.112435565298));
#9927 = VECTOR('',#9928,1.);
#9928 = DIRECTION('',(0.,1.,-2.2E-16));
#9929 = ORIENTED_EDGE('',*,*,#4437,.T.);
#9930 = CYLINDRICAL_SURFACE('',#9931,1.4);
#9931 = AXIS2_PLACEMENT_3D('',#9932,#9933,#9934);
#9932 = CARTESIAN_POINT('',(-1.886,127.95,6.9));
#9933 = DIRECTION('',(0.,-1.,4.4E-16));
#9934 = DIRECTION('',(-1.,0.,0.));
#9935 = ADVANCED_FACE('',(#9936),#9947,.T.);
#9936 = FACE_BOUND('',#9937,.T.);
#9937 = EDGE_LOOP('',(#9938,#9939,#9945,#9946));
#9938 = ORIENTED_EDGE('',*,*,#4772,.F.);
#9939 = ORIENTED_EDGE('',*,*,#9940,.T.);
#9940 = EDGE_CURVE('',#4765,#4458,#9941,.T.);
#9941 = LINE('',#9942,#9943);
#9942 = CARTESIAN_POINT('',(-1.886,10.95,8.516580753731));
#9943 = VECTOR('',#9944,1.);
#9944 = DIRECTION('',(0.,1.,-2.2E-16));
#9945 = ORIENTED_EDGE('',*,*,#4465,.T.);
#9946 = ORIENTED_EDGE('',*,*,#9924,.F.);
#9947 = PLANE('',#9948);
#9948 = AXIS2_PLACEMENT_3D('',#9949,#9950,#9951);
#9949 = CARTESIAN_POINT('',(-1.886,10.95,8.516580753731));
#9950 = DIRECTION('',(-0.5,-1.9E-16,-0.866025403784));
#9951 = DIRECTION('',(0.866025403784,-1.1E-16,-0.5));
#9952 = ADVANCED_FACE('',(#9953),#9959,.F.);
#9953 = FACE_BOUND('',#9954,.F.);
#9954 = EDGE_LOOP('',(#9955,#9956,#9957,#9958));
#9955 = ORIENTED_EDGE('',*,*,#4764,.F.);
#9956 = ORIENTED_EDGE('',*,*,#9940,.T.);
#9957 = ORIENTED_EDGE('',*,*,#4457,.T.);
#9958 = ORIENTED_EDGE('',*,*,#9916,.F.);
#9959 = PLANE('',#9960);
#9960 = AXIS2_PLACEMENT_3D('',#9961,#9962,#9963);
#9961 = CARTESIAN_POINT('',(-1.886,10.95,8.516580753731));
#9962 = DIRECTION('',(-0.5,1.9E-16,0.866025403784));
#9963 = DIRECTION('',(-0.866025403784,-1.1E-16,-0.5));
#9964 = ADVANCED_FACE('',(#9965),#9976,.F.);
#9965 = FACE_BOUND('',#9966,.F.);
#9966 = EDGE_LOOP('',(#9967,#9973,#9974,#9975));
#9967 = ORIENTED_EDGE('',*,*,#9968,.F.);
#9968 = EDGE_CURVE('',#4508,#4617,#9969,.T.);
#9969 = LINE('',#9970,#9971);
#9970 = CARTESIAN_POINT('',(-6.658054314494,10.6,2.1270284471));
#9971 = VECTOR('',#9972,1.);
#9972 = DIRECTION('',(0.499999918301,0.707106781187,0.500000081699));
#9973 = ORIENTED_EDGE('',*,*,#4515,.T.);
#9974 = ORIENTED_EDGE('',*,*,#4564,.T.);
#9975 = ORIENTED_EDGE('',*,*,#4649,.F.);
#9976 = CONICAL_SURFACE('',#9977,7.1,0.785398163397);
#9977 = AXIS2_PLACEMENT_3D('',#9978,#9979,#9980);
#9978 = CARTESIAN_POINT('',(-1.885084321376,10.25,6.9));
#9979 = DIRECTION('',(-0.,-1.,-0.));
#9980 = DIRECTION('',(-0.707106665647,0.,-0.707106896726));
#9981 = ADVANCED_FACE('',(#9982),#9993,.F.);
#9982 = FACE_BOUND('',#9983,.T.);
#9983 = EDGE_LOOP('',(#9984,#9985,#9986,#9987));
#9984 = ORIENTED_EDGE('',*,*,#9061,.T.);
#9985 = ORIENTED_EDGE('',*,*,#9900,.T.);
#9986 = ORIENTED_EDGE('',*,*,#4541,.F.);
#9987 = ORIENTED_EDGE('',*,*,#9988,.F.);
#9988 = EDGE_CURVE('',#9062,#4542,#9989,.T.);
#9989 = LINE('',#9990,#9991);
#9990 = CARTESIAN_POINT('',(0.972073580374,128.95,-1.787E-14));
#9991 = VECTOR('',#9992,1.);
#9992 = DIRECTION('',(0.707106781187,0.,0.707106781187));
#9993 = PLANE('',#9994);
#9994 = AXIS2_PLACEMENT_3D('',#9995,#9996,#9997);
#9995 = CARTESIAN_POINT('',(0.972073580374,127.95,-2.851E-14));
#9996 = DIRECTION('',(-0.707106781187,3.1E-16,0.707106781187));
#9997 = DIRECTION('',(-0.707106781187,-3.1E-16,-0.707106781187));
#9998 = ADVANCED_FACE('',(#9999),#10010,.T.);
#9999 = FACE_BOUND('',#10000,.F.);
#10000 = EDGE_LOOP('',(#10001,#10002,#10003,#10004));
#10001 = ORIENTED_EDGE('',*,*,#4718,.T.);
#10002 = ORIENTED_EDGE('',*,*,#4589,.T.);
#10003 = ORIENTED_EDGE('',*,*,#9988,.F.);
#10004 = ORIENTED_EDGE('',*,*,#10005,.T.);
#10005 = EDGE_CURVE('',#9062,#4711,#10006,.T.);
#10006 = LINE('',#10007,#10008);
#10007 = CARTESIAN_POINT('',(0.583487646784,128.01187056898,
    0.93812943102));
#10008 = VECTOR('',#10009,1.);
#10009 = DIRECTION('',(-0.281084637715,-0.678598344546,0.678598344546));
#10010 = PLANE('',#10011);
#10011 = AXIS2_PLACEMENT_3D('',#10012,#10013,#10014);
#10012 = CARTESIAN_POINT('',(0.618520189781,128.45,0.353553390593));
#10013 = DIRECTION('',(0.5,-0.707106781187,-0.5));
#10014 = DIRECTION('',(-0.707106781187,-0.,-0.707106781187));
#10015 = ADVANCED_FACE('',(#10016),#10028,.F.);
#10016 = FACE_BOUND('',#10017,.F.);
#10017 = EDGE_LOOP('',(#10018,#10019,#10025,#10026,#10027));
#10018 = ORIENTED_EDGE('',*,*,#4614,.F.);
#10019 = ORIENTED_EDGE('',*,*,#10020,.F.);
#10020 = EDGE_CURVE('',#9010,#4615,#10021,.T.);
#10021 = LINE('',#10022,#10023);
#10022 = CARTESIAN_POINT('',(-3.013787289526,11.787648725891,
    0.162351274109));
#10023 = VECTOR('',#10024,1.);
#10024 = DIRECTION('',(-0.8628562604,-0.357406682847,0.357406682847));
#10025 = ORIENTED_EDGE('',*,*,#9009,.F.);
#10026 = ORIENTED_EDGE('',*,*,#6289,.T.);
#10027 = ORIENTED_EDGE('',*,*,#9968,.T.);
#10028 = PLANE('',#10029);
#10029 = AXIS2_PLACEMENT_3D('',#10030,#10031,#10032);
#10030 = CARTESIAN_POINT('',(-4.778512667024,10.6,0.247487413854));
#10031 = DIRECTION('',(-0.499999918301,0.707106781187,-0.500000081699));
#10032 = DIRECTION('',(-0.707106896726,-5.551115123126E-17,
    0.707106665647));
#10033 = ADVANCED_FACE('',(#10034),#10045,.T.);
#10034 = FACE_BOUND('',#10035,.F.);
#10035 = EDGE_LOOP('',(#10036,#10042,#10043,#10044));
#10036 = ORIENTED_EDGE('',*,*,#10037,.F.);
#10037 = EDGE_CURVE('',#9302,#4625,#10038,.T.);
#10038 = LINE('',#10039,#10040);
#10039 = CARTESIAN_POINT('',(0.612556354052,11.082048636305,
    0.867951363695));
#10040 = VECTOR('',#10041,1.);
#10041 = DIRECTION('',(-0.281084637715,-0.678598344546,0.678598344546));
#10042 = ORIENTED_EDGE('',*,*,#9309,.T.);
#10043 = ORIENTED_EDGE('',*,*,#10020,.T.);
#10044 = ORIENTED_EDGE('',*,*,#4624,.F.);
#10045 = PLANE('',#10046);
#10046 = AXIS2_PLACEMENT_3D('',#10047,#10048,#10049);
#10047 = CARTESIAN_POINT('',(-0.442139981999,11.45,0.5));
#10048 = DIRECTION('',(-2.9E-16,-0.707106781187,-0.707106781187));
#10049 = DIRECTION('',(1.,-2.050609665441E-16,-2.050609665441E-16));
#10050 = ADVANCED_FACE('',(#10051),#10062,.T.);
#10051 = FACE_BOUND('',#10052,.T.);
#10052 = EDGE_LOOP('',(#10053,#10054,#10055,#10061));
#10053 = ORIENTED_EDGE('',*,*,#4632,.T.);
#10054 = ORIENTED_EDGE('',*,*,#10037,.F.);
#10055 = ORIENTED_EDGE('',*,*,#10056,.F.);
#10056 = EDGE_CURVE('',#4789,#9302,#10057,.T.);
#10057 = LINE('',#10058,#10059);
#10058 = CARTESIAN_POINT('',(2.993036790187,11.95,2.020963209813));
#10059 = VECTOR('',#10060,1.);
#10060 = DIRECTION('',(-0.707106781187,-0.,-0.707106781187));
#10061 = ORIENTED_EDGE('',*,*,#4788,.F.);
#10062 = PLANE('',#10063);
#10063 = AXIS2_PLACEMENT_3D('',#10064,#10065,#10066);
#10064 = CARTESIAN_POINT('',(2.639483399594,11.45,2.374516600406));
#10065 = DIRECTION('',(0.5,-0.707106781187,-0.5));
#10066 = DIRECTION('',(-0.707106781187,-5.551115123126E-17,
    -0.707106781187));
#10067 = ADVANCED_FACE('',(#10068),#10086,.F.);
#10068 = FACE_BOUND('',#10069,.T.);
#10069 = EDGE_LOOP('',(#10070,#10071,#10077,#10078,#10079,#10085));
#10070 = ORIENTED_EDGE('',*,*,#5009,.T.);
#10071 = ORIENTED_EDGE('',*,*,#10072,.F.);
#10072 = EDGE_CURVE('',#4670,#5010,#10073,.T.);
#10073 = LINE('',#10074,#10075);
#10074 = CARTESIAN_POINT('',(-2.586,10.95,8.112435565298));
#10075 = VECTOR('',#10076,1.);
#10076 = DIRECTION('',(0.,1.,-2.2E-16));
#10077 = ORIENTED_EDGE('',*,*,#4669,.F.);
#10078 = ORIENTED_EDGE('',*,*,#4658,.F.);
#10079 = ORIENTED_EDGE('',*,*,#10080,.T.);
#10080 = EDGE_CURVE('',#4659,#4999,#10081,.T.);
#10081 = LINE('',#10082,#10083);
#10082 = CARTESIAN_POINT('',(-1.186,10.95,8.112435565298));
#10083 = VECTOR('',#10084,1.);
#10084 = DIRECTION('',(0.,1.,-2.2E-16));
#10085 = ORIENTED_EDGE('',*,*,#4998,.T.);
#10086 = CYLINDRICAL_SURFACE('',#10087,1.4);
#10087 = AXIS2_PLACEMENT_3D('',#10088,#10089,#10090);
#10088 = CARTESIAN_POINT('',(-1.886,1.53E-15,6.9));
#10089 = DIRECTION('',(0.,-1.,2.2E-16));
#10090 = DIRECTION('',(-1.,0.,0.));
#10091 = ADVANCED_FACE('',(#10092),#10103,.T.);
#10092 = FACE_BOUND('',#10093,.T.);
#10093 = EDGE_LOOP('',(#10094,#10095,#10101,#10102));
#10094 = ORIENTED_EDGE('',*,*,#4686,.F.);
#10095 = ORIENTED_EDGE('',*,*,#10096,.T.);
#10096 = EDGE_CURVE('',#4679,#5019,#10097,.T.);
#10097 = LINE('',#10098,#10099);
#10098 = CARTESIAN_POINT('',(-1.886,10.95,8.516580753731));
#10099 = VECTOR('',#10100,1.);
#10100 = DIRECTION('',(0.,1.,-2.2E-16));
#10101 = ORIENTED_EDGE('',*,*,#5026,.T.);
#10102 = ORIENTED_EDGE('',*,*,#10080,.F.);
#10103 = PLANE('',#10104);
#10104 = AXIS2_PLACEMENT_3D('',#10105,#10106,#10107);
#10105 = CARTESIAN_POINT('',(-1.886,10.95,8.516580753731));
#10106 = DIRECTION('',(-0.5,-1.9E-16,-0.866025403784));
#10107 = DIRECTION('',(0.866025403784,-1.1E-16,-0.5));
#10108 = ADVANCED_FACE('',(#10109),#10115,.F.);
#10109 = FACE_BOUND('',#10110,.F.);
#10110 = EDGE_LOOP('',(#10111,#10112,#10113,#10114));
#10111 = ORIENTED_EDGE('',*,*,#4678,.F.);
#10112 = ORIENTED_EDGE('',*,*,#10096,.T.);
#10113 = ORIENTED_EDGE('',*,*,#5018,.T.);
#10114 = ORIENTED_EDGE('',*,*,#10072,.F.);
#10115 = PLANE('',#10116);
#10116 = AXIS2_PLACEMENT_3D('',#10117,#10118,#10119);
#10117 = CARTESIAN_POINT('',(-1.886,10.95,8.516580753731));
#10118 = DIRECTION('',(-0.5,1.9E-16,0.866025403784));
#10119 = DIRECTION('',(-0.866025403784,-1.1E-16,-0.5));
#10120 = ADVANCED_FACE('',(#10121),#10143,.F.);
#10121 = FACE_BOUND('',#10122,.F.);
#10122 = EDGE_LOOP('',(#10123,#10124,#10130,#10131,#10137));
#10123 = ORIENTED_EDGE('',*,*,#4700,.F.);
#10124 = ORIENTED_EDGE('',*,*,#10125,.F.);
#10125 = EDGE_CURVE('',#9070,#4701,#10126,.T.);
#10126 = LINE('',#10127,#10128);
#10127 = CARTESIAN_POINT('',(-4.351658025284,128.23348465049,
    0.716515349507));
#10128 = VECTOR('',#10129,1.);
#10129 = DIRECTION('',(-0.8628562604,-0.357406682847,0.357406682847));
#10130 = ORIENTED_EDGE('',*,*,#9077,.F.);
#10131 = ORIENTED_EDGE('',*,*,#10132,.T.);
#10132 = EDGE_CURVE('',#9078,#4881,#10133,.T.);
#10133 = LINE('',#10134,#10135);
#10134 = CARTESIAN_POINT('',(-5.026,127.25,-3.144E-14));
#10135 = VECTOR('',#10136,1.);
#10136 = DIRECTION('',(-0.707106896726,3.1E-16,0.707106665647));
#10137 = ORIENTED_EDGE('',*,*,#10138,.T.);
#10138 = EDGE_CURVE('',#4881,#4703,#10139,.T.);
#10139 = LINE('',#10140,#10141);
#10140 = CARTESIAN_POINT('',(-6.658054314494,127.6,2.1270284471));
#10141 = VECTOR('',#10142,1.);
#10142 = DIRECTION('',(0.499999918301,0.707106781187,0.500000081699));
#10143 = PLANE('',#10144);
#10144 = AXIS2_PLACEMENT_3D('',#10145,#10146,#10147);
#10145 = CARTESIAN_POINT('',(-4.778512667024,127.6,0.247487413854));
#10146 = DIRECTION('',(-0.499999918301,0.707106781187,-0.500000081699));
#10147 = DIRECTION('',(-0.707106896726,5.551115123126E-17,0.707106665647
    ));
#10148 = ADVANCED_FACE('',(#10149),#10155,.T.);
#10149 = FACE_BOUND('',#10150,.T.);
#10150 = EDGE_LOOP('',(#10151,#10152,#10153,#10154));
#10151 = ORIENTED_EDGE('',*,*,#10125,.F.);
#10152 = ORIENTED_EDGE('',*,*,#9069,.T.);
#10153 = ORIENTED_EDGE('',*,*,#10005,.T.);
#10154 = ORIENTED_EDGE('',*,*,#4710,.F.);
#10155 = PLANE('',#10156);
#10156 = AXIS2_PLACEMENT_3D('',#10157,#10158,#10159);
#10157 = CARTESIAN_POINT('',(-4.036050344584,128.45,0.5));
#10158 = DIRECTION('',(-2.7E-16,-0.707106781187,-0.707106781187));
#10159 = DIRECTION('',(1.,2.740811690796E-16,-6.559188309204E-16));
#10160 = ADVANCED_FACE('',(#10161),#10167,.F.);
#10161 = FACE_BOUND('',#10162,.F.);
#10162 = EDGE_LOOP('',(#10163,#10164,#10165,#10166));
#10163 = ORIENTED_EDGE('',*,*,#10138,.F.);
#10164 = ORIENTED_EDGE('',*,*,#4888,.T.);
#10165 = ORIENTED_EDGE('',*,*,#4811,.T.);
#10166 = ORIENTED_EDGE('',*,*,#4735,.F.);
#10167 = CONICAL_SURFACE('',#10168,7.1,0.785398163397);
#10168 = AXIS2_PLACEMENT_3D('',#10169,#10170,#10171);
#10169 = CARTESIAN_POINT('',(-1.885084321376,127.25,6.9));
#10170 = DIRECTION('',(0.,-1.,4.4E-16));
#10171 = DIRECTION('',(-0.707106665647,-3.111270345594E-16,
    -0.707106896726));
#10172 = ADVANCED_FACE('',(#10173),#10184,.T.);
#10173 = FACE_BOUND('',#10174,.T.);
#10174 = EDGE_LOOP('',(#10175,#10176,#10182,#10183));
#10175 = ORIENTED_EDGE('',*,*,#9301,.F.);
#10176 = ORIENTED_EDGE('',*,*,#10177,.F.);
#10177 = EDGE_CURVE('',#4839,#9294,#10178,.T.);
#10178 = LINE('',#10179,#10180);
#10179 = CARTESIAN_POINT('',(2.993036790187,21.05,2.020963209813));
#10180 = VECTOR('',#10181,1.);
#10181 = DIRECTION('',(-0.707106781187,-0.,-0.707106781187));
#10182 = ORIENTED_EDGE('',*,*,#4838,.T.);
#10183 = ORIENTED_EDGE('',*,*,#10056,.T.);
#10184 = PLANE('',#10185);
#10185 = AXIS2_PLACEMENT_3D('',#10186,#10187,#10188);
#10186 = CARTESIAN_POINT('',(1.982555185281,16.475,1.010481604906));
#10187 = DIRECTION('',(0.707106781187,-1.5E-16,-0.707106781187));
#10188 = DIRECTION('',(0.707106781187,0.,0.707106781187));
#10189 = ADVANCED_FACE('',(#10190),#10201,.F.);
#10190 = FACE_BOUND('',#10191,.F.);
#10191 = EDGE_LOOP('',(#10192,#10198,#10199,#10200));
#10192 = ORIENTED_EDGE('',*,*,#10193,.F.);
#10193 = EDGE_CURVE('',#5043,#4872,#10194,.T.);
#10194 = LINE('',#10195,#10196);
#10195 = CARTESIAN_POINT('',(-6.658054314494,117.4,2.1270284471));
#10196 = VECTOR('',#10197,1.);
#10197 = DIRECTION('',(-0.499999918301,0.707106781187,-0.500000081699));
#10198 = ORIENTED_EDGE('',*,*,#5075,.T.);
#10199 = ORIENTED_EDGE('',*,*,#4929,.T.);
#10200 = ORIENTED_EDGE('',*,*,#4871,.F.);
#10201 = CONICAL_SURFACE('',#10202,7.1,0.785398163397);
#10202 = AXIS2_PLACEMENT_3D('',#10203,#10204,#10205);
#10203 = CARTESIAN_POINT('',(-1.885084321376,117.75,6.9));
#10204 = DIRECTION('',(0.,1.,-4.4E-16));
#10205 = DIRECTION('',(-0.707106665647,-3.111270345594E-16,
    -0.707106896726));
#10206 = ADVANCED_FACE('',(#10207),#10218,.F.);
#10207 = FACE_BOUND('',#10208,.T.);
#10208 = EDGE_LOOP('',(#10209,#10210,#10211,#10212));
#10209 = ORIENTED_EDGE('',*,*,#9085,.T.);
#10210 = ORIENTED_EDGE('',*,*,#10132,.T.);
#10211 = ORIENTED_EDGE('',*,*,#4880,.F.);
#10212 = ORIENTED_EDGE('',*,*,#10213,.F.);
#10213 = EDGE_CURVE('',#9086,#4872,#10214,.T.);
#10214 = LINE('',#10215,#10216);
#10215 = CARTESIAN_POINT('',(-5.026,117.75,-2.729E-14));
#10216 = VECTOR('',#10217,1.);
#10217 = DIRECTION('',(-0.707106896726,3.1E-16,0.707106665647));
#10218 = PLANE('',#10219);
#10219 = AXIS2_PLACEMENT_3D('',#10220,#10221,#10222);
#10220 = CARTESIAN_POINT('',(-5.026,117.05,-2.622E-14));
#10221 = DIRECTION('',(-0.707106665647,-3.1E-16,-0.707106896726));
#10222 = DIRECTION('',(0.707106896726,-3.1E-16,-0.707106665647));
#10223 = ADVANCED_FACE('',(#10224),#10235,.F.);
#10224 = FACE_BOUND('',#10225,.T.);
#10225 = EDGE_LOOP('',(#10226,#10227,#10228,#10229));
#10226 = ORIENTED_EDGE('',*,*,#4972,.F.);
#10227 = ORIENTED_EDGE('',*,*,#4906,.F.);
#10228 = ORIENTED_EDGE('',*,*,#10177,.T.);
#10229 = ORIENTED_EDGE('',*,*,#10230,.T.);
#10230 = EDGE_CURVE('',#9294,#4965,#10231,.T.);
#10231 = LINE('',#10232,#10233);
#10232 = CARTESIAN_POINT('',(0.612556354052,21.917951363695,
    0.867951363695));
#10233 = VECTOR('',#10234,1.);
#10234 = DIRECTION('',(-0.281084637715,0.678598344546,0.678598344546));
#10235 = PLANE('',#10236);
#10236 = AXIS2_PLACEMENT_3D('',#10237,#10238,#10239);
#10237 = CARTESIAN_POINT('',(2.639483399594,21.55,2.374516600406));
#10238 = DIRECTION('',(-0.5,-0.707106781187,0.5));
#10239 = DIRECTION('',(0.707106781187,-1.665334536938E-16,0.707106781187
    ));
#10240 = ADVANCED_FACE('',(#10241),#10263,.T.);
#10241 = FACE_BOUND('',#10242,.F.);
#10242 = EDGE_LOOP('',(#10243,#10244,#10250,#10256,#10257));
#10243 = ORIENTED_EDGE('',*,*,#4954,.T.);
#10244 = ORIENTED_EDGE('',*,*,#10245,.T.);
#10245 = EDGE_CURVE('',#4957,#5196,#10246,.T.);
#10246 = LINE('',#10247,#10248);
#10247 = CARTESIAN_POINT('',(-6.658054314494,22.4,2.1270284471));
#10248 = VECTOR('',#10249,1.);
#10249 = DIRECTION('',(-0.499999918301,0.707106781187,-0.500000081699));
#10250 = ORIENTED_EDGE('',*,*,#10251,.F.);
#10251 = EDGE_CURVE('',#9278,#5196,#10252,.T.);
#10252 = LINE('',#10253,#10254);
#10253 = CARTESIAN_POINT('',(-5.026,22.75,-6.72E-15));
#10254 = VECTOR('',#10255,1.);
#10255 = DIRECTION('',(-0.707106896726,0.,0.707106665647));
#10256 = ORIENTED_EDGE('',*,*,#9285,.F.);
#10257 = ORIENTED_EDGE('',*,*,#10258,.T.);
#10258 = EDGE_CURVE('',#9286,#4955,#10259,.T.);
#10259 = LINE('',#10260,#10261);
#10260 = CARTESIAN_POINT('',(-3.013787289526,21.212351274109,
    0.162351274109));
#10261 = VECTOR('',#10262,1.);
#10262 = DIRECTION('',(-0.8628562604,0.357406682847,0.357406682847));
#10263 = PLANE('',#10264);
#10264 = AXIS2_PLACEMENT_3D('',#10265,#10266,#10267);
#10265 = CARTESIAN_POINT('',(-4.778512667024,22.4,0.247487413854));
#10266 = DIRECTION('',(0.499999918301,0.707106781187,0.500000081699));
#10267 = DIRECTION('',(0.707106896726,5.551115123126E-17,-0.707106665647
    ));
#10268 = ADVANCED_FACE('',(#10269),#10275,.F.);
#10269 = FACE_BOUND('',#10270,.T.);
#10270 = EDGE_LOOP('',(#10271,#10272,#10273,#10274));
#10271 = ORIENTED_EDGE('',*,*,#10230,.F.);
#10272 = ORIENTED_EDGE('',*,*,#9293,.T.);
#10273 = ORIENTED_EDGE('',*,*,#10258,.T.);
#10274 = ORIENTED_EDGE('',*,*,#4964,.F.);
#10275 = PLANE('',#10276);
#10276 = AXIS2_PLACEMENT_3D('',#10277,#10278,#10279);
#10277 = CARTESIAN_POINT('',(-0.442139981999,21.55,0.5));
#10278 = DIRECTION('',(2.9E-16,-0.707106781187,0.707106781187));
#10279 = DIRECTION('',(1.,2.050609665441E-16,-2.050609665441E-16));
#10280 = ADVANCED_FACE('',(#10281),#10287,.F.);
#10281 = FACE_BOUND('',#10282,.F.);
#10282 = EDGE_LOOP('',(#10283,#10284,#10285,#10286));
#10283 = ORIENTED_EDGE('',*,*,#10245,.F.);
#10284 = ORIENTED_EDGE('',*,*,#4989,.T.);
#10285 = ORIENTED_EDGE('',*,*,#5126,.T.);
#10286 = ORIENTED_EDGE('',*,*,#5203,.F.);
#10287 = CONICAL_SURFACE('',#10288,7.1,0.785398163397);
#10288 = AXIS2_PLACEMENT_3D('',#10289,#10290,#10291);
#10289 = CARTESIAN_POINT('',(-1.885084321376,22.75,6.9));
#10290 = DIRECTION('',(0.,1.,0.));
#10291 = DIRECTION('',(-0.707106665647,0.,-0.707106896726));
#10292 = ADVANCED_FACE('',(#10293),#10305,.T.);
#10293 = FACE_BOUND('',#10294,.F.);
#10294 = EDGE_LOOP('',(#10295,#10296,#10297,#10298,#10299));
#10295 = ORIENTED_EDGE('',*,*,#5040,.T.);
#10296 = ORIENTED_EDGE('',*,*,#10193,.T.);
#10297 = ORIENTED_EDGE('',*,*,#10213,.F.);
#10298 = ORIENTED_EDGE('',*,*,#9093,.F.);
#10299 = ORIENTED_EDGE('',*,*,#10300,.T.);
#10300 = EDGE_CURVE('',#9094,#5041,#10301,.T.);
#10301 = LINE('',#10302,#10303);
#10302 = CARTESIAN_POINT('',(-3.013787289526,116.2123512741,
    0.162351274109));
#10303 = VECTOR('',#10304,1.);
#10304 = DIRECTION('',(-0.8628562604,0.357406682847,0.357406682847));
#10305 = PLANE('',#10306);
#10306 = AXIS2_PLACEMENT_3D('',#10307,#10308,#10309);
#10307 = CARTESIAN_POINT('',(-4.778512667024,117.4,0.247487413854));
#10308 = DIRECTION('',(0.499999918301,0.707106781187,0.500000081699));
#10309 = DIRECTION('',(0.707106896726,-1.387778780781E-16,
    -0.707106665647));
#10310 = ADVANCED_FACE('',(#10311),#10322,.F.);
#10311 = FACE_BOUND('',#10312,.T.);
#10312 = EDGE_LOOP('',(#10313,#10319,#10320,#10321));
#10313 = ORIENTED_EDGE('',*,*,#10314,.F.);
#10314 = EDGE_CURVE('',#9102,#5051,#10315,.T.);
#10315 = LINE('',#10316,#10317);
#10316 = CARTESIAN_POINT('',(0.612556354052,116.91795136369,
    0.867951363695));
#10317 = VECTOR('',#10318,1.);
#10318 = DIRECTION('',(-0.281084637715,0.678598344546,0.678598344546));
#10319 = ORIENTED_EDGE('',*,*,#9101,.T.);
#10320 = ORIENTED_EDGE('',*,*,#10300,.T.);
#10321 = ORIENTED_EDGE('',*,*,#5050,.F.);
#10322 = PLANE('',#10323);
#10323 = AXIS2_PLACEMENT_3D('',#10324,#10325,#10326);
#10324 = CARTESIAN_POINT('',(-0.442139981999,116.55,0.5));
#10325 = DIRECTION('',(2.9E-16,-0.707106781187,0.707106781187));
#10326 = DIRECTION('',(1.,2.050609665441E-16,-2.050609665441E-16));
#10327 = ADVANCED_FACE('',(#10328),#10339,.F.);
#10328 = FACE_BOUND('',#10329,.T.);
#10329 = EDGE_LOOP('',(#10330,#10331,#10332,#10338));
#10330 = ORIENTED_EDGE('',*,*,#5058,.F.);
#10331 = ORIENTED_EDGE('',*,*,#5161,.F.);
#10332 = ORIENTED_EDGE('',*,*,#10333,.T.);
#10333 = EDGE_CURVE('',#5153,#9102,#10334,.T.);
#10334 = LINE('',#10335,#10336);
#10335 = CARTESIAN_POINT('',(2.993036790187,116.05,2.020963209813));
#10336 = VECTOR('',#10337,1.);
#10337 = DIRECTION('',(-0.707106781187,-3.1E-16,-0.707106781187));
#10338 = ORIENTED_EDGE('',*,*,#10314,.T.);
#10339 = PLANE('',#10340);
#10340 = AXIS2_PLACEMENT_3D('',#10341,#10342,#10343);
#10341 = CARTESIAN_POINT('',(2.639483399594,116.55,2.374516600406));
#10342 = DIRECTION('',(-0.5,-0.707106781187,0.5));
#10343 = DIRECTION('',(0.707106781187,1.665334536938E-16,0.707106781187)
  );
#10344 = ADVANCED_FACE('',(#10345),#10363,.F.);
#10345 = FACE_BOUND('',#10346,.T.);
#10346 = EDGE_LOOP('',(#10347,#10348,#10354,#10355,#10356,#10362));
#10347 = ORIENTED_EDGE('',*,*,#5095,.T.);
#10348 = ORIENTED_EDGE('',*,*,#10349,.F.);
#10349 = EDGE_CURVE('',#5436,#5096,#10350,.T.);
#10350 = LINE('',#10351,#10352);
#10351 = CARTESIAN_POINT('',(-2.586,10.95,8.112435565298));
#10352 = VECTOR('',#10353,1.);
#10353 = DIRECTION('',(0.,1.,-2.2E-16));
#10354 = ORIENTED_EDGE('',*,*,#5435,.F.);
#10355 = ORIENTED_EDGE('',*,*,#5424,.F.);
#10356 = ORIENTED_EDGE('',*,*,#10357,.T.);
#10357 = EDGE_CURVE('',#5425,#5085,#10358,.T.);
#10358 = LINE('',#10359,#10360);
#10359 = CARTESIAN_POINT('',(-1.186,10.95,8.112435565298));
#10360 = VECTOR('',#10361,1.);
#10361 = DIRECTION('',(0.,1.,-2.2E-16));
#10362 = ORIENTED_EDGE('',*,*,#5084,.T.);
#10363 = CYLINDRICAL_SURFACE('',#10364,1.4);
#10364 = AXIS2_PLACEMENT_3D('',#10365,#10366,#10367);
#10365 = CARTESIAN_POINT('',(-1.886,105.95,6.9));
#10366 = DIRECTION('',(0.,-1.,4.4E-16));
#10367 = DIRECTION('',(-1.,0.,0.));
#10368 = ADVANCED_FACE('',(#10369),#10380,.T.);
#10369 = FACE_BOUND('',#10370,.T.);
#10370 = EDGE_LOOP('',(#10371,#10372,#10378,#10379));
#10371 = ORIENTED_EDGE('',*,*,#5452,.F.);
#10372 = ORIENTED_EDGE('',*,*,#10373,.T.);
#10373 = EDGE_CURVE('',#5445,#5105,#10374,.T.);
#10374 = LINE('',#10375,#10376);
#10375 = CARTESIAN_POINT('',(-1.886,10.95,8.516580753731));
#10376 = VECTOR('',#10377,1.);
#10377 = DIRECTION('',(0.,1.,-2.2E-16));
#10378 = ORIENTED_EDGE('',*,*,#5112,.T.);
#10379 = ORIENTED_EDGE('',*,*,#10357,.F.);
#10380 = PLANE('',#10381);
#10381 = AXIS2_PLACEMENT_3D('',#10382,#10383,#10384);
#10382 = CARTESIAN_POINT('',(-1.886,10.95,8.516580753731));
#10383 = DIRECTION('',(-0.5,-1.9E-16,-0.866025403784));
#10384 = DIRECTION('',(0.866025403784,-1.1E-16,-0.5));
#10385 = ADVANCED_FACE('',(#10386),#10392,.F.);
#10386 = FACE_BOUND('',#10387,.F.);
#10387 = EDGE_LOOP('',(#10388,#10389,#10390,#10391));
#10388 = ORIENTED_EDGE('',*,*,#5444,.F.);
#10389 = ORIENTED_EDGE('',*,*,#10373,.T.);
#10390 = ORIENTED_EDGE('',*,*,#5104,.T.);
#10391 = ORIENTED_EDGE('',*,*,#10349,.F.);
#10392 = PLANE('',#10393);
#10393 = AXIS2_PLACEMENT_3D('',#10394,#10395,#10396);
#10394 = CARTESIAN_POINT('',(-1.886,10.95,8.516580753731));
#10395 = DIRECTION('',(-0.5,1.9E-16,0.866025403784));
#10396 = DIRECTION('',(-0.866025403784,-1.1E-16,-0.5));
#10397 = ADVANCED_FACE('',(#10398),#10409,.F.);
#10398 = FACE_BOUND('',#10399,.F.);
#10399 = EDGE_LOOP('',(#10400,#10406,#10407,#10408));
#10400 = ORIENTED_EDGE('',*,*,#10401,.F.);
#10401 = EDGE_CURVE('',#5187,#5297,#10402,.T.);
#10402 = LINE('',#10403,#10404);
#10403 = CARTESIAN_POINT('',(-6.658054314494,32.6,2.1270284471));
#10404 = VECTOR('',#10405,1.);
#10405 = DIRECTION('',(0.499999918301,0.707106781187,0.500000081699));
#10406 = ORIENTED_EDGE('',*,*,#5186,.T.);
#10407 = ORIENTED_EDGE('',*,*,#5244,.T.);
#10408 = ORIENTED_EDGE('',*,*,#5329,.F.);
#10409 = CONICAL_SURFACE('',#10410,7.1,0.785398163397);
#10410 = AXIS2_PLACEMENT_3D('',#10411,#10412,#10413);
#10411 = CARTESIAN_POINT('',(-1.885084321376,32.25,6.9));
#10412 = DIRECTION('',(-0.,-1.,-0.));
#10413 = DIRECTION('',(-0.707106665647,0.,-0.707106896726));
#10414 = ADVANCED_FACE('',(#10415),#10426,.T.);
#10415 = FACE_BOUND('',#10416,.T.);
#10416 = EDGE_LOOP('',(#10417,#10418,#10419,#10420));
#10417 = ORIENTED_EDGE('',*,*,#5195,.F.);
#10418 = ORIENTED_EDGE('',*,*,#10251,.F.);
#10419 = ORIENTED_EDGE('',*,*,#9277,.T.);
#10420 = ORIENTED_EDGE('',*,*,#10421,.T.);
#10421 = EDGE_CURVE('',#9270,#5187,#10422,.T.);
#10422 = LINE('',#10423,#10424);
#10423 = CARTESIAN_POINT('',(-5.026,32.25,-7.94E-15));
#10424 = VECTOR('',#10425,1.);
#10425 = DIRECTION('',(-0.707106896726,0.,0.707106665647));
#10426 = PLANE('',#10427);
#10427 = AXIS2_PLACEMENT_3D('',#10428,#10429,#10430);
#10428 = CARTESIAN_POINT('',(-5.965770823735,33.05,0.939770516623));
#10429 = DIRECTION('',(0.707106665647,1.2E-16,0.707106896726));
#10430 = DIRECTION('',(0.707106896726,0.,-0.707106665647));
#10431 = ADVANCED_FACE('',(#10432),#10443,.F.);
#10432 = FACE_BOUND('',#10433,.T.);
#10433 = EDGE_LOOP('',(#10434,#10435,#10436,#10437));
#10434 = ORIENTED_EDGE('',*,*,#9109,.T.);
#10435 = ORIENTED_EDGE('',*,*,#10333,.F.);
#10436 = ORIENTED_EDGE('',*,*,#5221,.F.);
#10437 = ORIENTED_EDGE('',*,*,#10438,.T.);
#10438 = EDGE_CURVE('',#5222,#9110,#10439,.T.);
#10439 = LINE('',#10440,#10441);
#10440 = CARTESIAN_POINT('',(2.993036790187,106.95,2.020963209813));
#10441 = VECTOR('',#10442,1.);
#10442 = DIRECTION('',(-0.707106781187,-0.,-0.707106781187));
#10443 = PLANE('',#10444);
#10444 = AXIS2_PLACEMENT_3D('',#10445,#10446,#10447);
#10445 = CARTESIAN_POINT('',(0.972073580374,105.95,-2.074E-14));
#10446 = DIRECTION('',(-0.707106781187,3.1E-16,0.707106781187));
#10447 = DIRECTION('',(-0.707106781187,-3.1E-16,-0.707106781187));
#10448 = ADVANCED_FACE('',(#10449),#10460,.T.);
#10449 = FACE_BOUND('',#10450,.T.);
#10450 = EDGE_LOOP('',(#10451,#10452,#10458,#10459));
#10451 = ORIENTED_EDGE('',*,*,#5398,.T.);
#10452 = ORIENTED_EDGE('',*,*,#10453,.F.);
#10453 = EDGE_CURVE('',#9110,#5391,#10454,.T.);
#10454 = LINE('',#10455,#10456);
#10455 = CARTESIAN_POINT('',(0.470581488428,105.7392909902,1.2107090098)
  );
#10456 = VECTOR('',#10457,1.);
#10457 = DIRECTION('',(-0.281084637715,-0.678598344546,0.678598344546));
#10458 = ORIENTED_EDGE('',*,*,#10438,.F.);
#10459 = ORIENTED_EDGE('',*,*,#5279,.F.);
#10460 = PLANE('',#10461);
#10461 = AXIS2_PLACEMENT_3D('',#10462,#10463,#10464);
#10462 = CARTESIAN_POINT('',(2.639483399594,106.45,2.374516600406));
#10463 = DIRECTION('',(0.5,-0.707106781187,-0.5));
#10464 = DIRECTION('',(-0.707106781187,-4.996003610813E-16,
    -0.707106781187));
#10465 = ADVANCED_FACE('',(#10466),#10478,.F.);
#10466 = FACE_BOUND('',#10467,.F.);
#10467 = EDGE_LOOP('',(#10468,#10469,#10475,#10476,#10477));
#10468 = ORIENTED_EDGE('',*,*,#5294,.F.);
#10469 = ORIENTED_EDGE('',*,*,#10470,.F.);
#10470 = EDGE_CURVE('',#9262,#5295,#10471,.T.);
#10471 = LINE('',#10472,#10473);
#10472 = CARTESIAN_POINT('',(-3.013787289526,33.787648725891,
    0.162351274109));
#10473 = VECTOR('',#10474,1.);
#10474 = DIRECTION('',(-0.8628562604,-0.357406682847,0.357406682847));
#10475 = ORIENTED_EDGE('',*,*,#9269,.F.);
#10476 = ORIENTED_EDGE('',*,*,#10421,.T.);
#10477 = ORIENTED_EDGE('',*,*,#10401,.T.);
#10478 = PLANE('',#10479);
#10479 = AXIS2_PLACEMENT_3D('',#10480,#10481,#10482);
#10480 = CARTESIAN_POINT('',(-4.778512667024,32.6,0.247487413854));
#10481 = DIRECTION('',(-0.499999918301,0.707106781187,-0.500000081699));
#10482 = DIRECTION('',(-0.707106896726,8.326672684689E-17,0.707106665647
    ));
#10483 = ADVANCED_FACE('',(#10484),#10495,.T.);
#10484 = FACE_BOUND('',#10485,.F.);
#10485 = EDGE_LOOP('',(#10486,#10492,#10493,#10494));
#10486 = ORIENTED_EDGE('',*,*,#10487,.F.);
#10487 = EDGE_CURVE('',#9254,#5305,#10488,.T.);
#10488 = LINE('',#10489,#10490);
#10489 = CARTESIAN_POINT('',(0.612556354052,33.082048636305,
    0.867951363695));
#10490 = VECTOR('',#10491,1.);
#10491 = DIRECTION('',(-0.281084637715,-0.678598344546,0.678598344546));
#10492 = ORIENTED_EDGE('',*,*,#9261,.T.);
#10493 = ORIENTED_EDGE('',*,*,#10470,.T.);
#10494 = ORIENTED_EDGE('',*,*,#5304,.F.);
#10495 = PLANE('',#10496);
#10496 = AXIS2_PLACEMENT_3D('',#10497,#10498,#10499);
#10497 = CARTESIAN_POINT('',(-0.442139981999,33.45,0.5));
#10498 = DIRECTION('',(-2.9E-16,-0.707106781187,-0.707106781187));
#10499 = DIRECTION('',(1.,-2.050609665441E-16,-2.050609665441E-16));
#10500 = ADVANCED_FACE('',(#10501),#10512,.T.);
#10501 = FACE_BOUND('',#10502,.T.);
#10502 = EDGE_LOOP('',(#10503,#10504,#10505,#10511));
#10503 = ORIENTED_EDGE('',*,*,#5312,.T.);
#10504 = ORIENTED_EDGE('',*,*,#10487,.F.);
#10505 = ORIENTED_EDGE('',*,*,#10506,.F.);
#10506 = EDGE_CURVE('',#5469,#9254,#10507,.T.);
#10507 = LINE('',#10508,#10509);
#10508 = CARTESIAN_POINT('',(2.993036790187,33.95,2.020963209813));
#10509 = VECTOR('',#10510,1.);
#10510 = DIRECTION('',(-0.707106781187,-0.,-0.707106781187));
#10511 = ORIENTED_EDGE('',*,*,#5468,.F.);
#10512 = PLANE('',#10513);
#10513 = AXIS2_PLACEMENT_3D('',#10514,#10515,#10516);
#10514 = CARTESIAN_POINT('',(2.639483399594,33.45,2.374516600406));
#10515 = DIRECTION('',(0.5,-0.707106781187,-0.5));
#10516 = DIRECTION('',(-0.707106781187,1.110223024625E-15,
    -0.707106781187));
#10517 = ADVANCED_FACE('',(#10518),#10536,.F.);
#10518 = FACE_BOUND('',#10519,.F.);
#10519 = EDGE_LOOP('',(#10520,#10526,#10527,#10528,#10534,#10535));
#10520 = ORIENTED_EDGE('',*,*,#10521,.T.);
#10521 = EDGE_CURVE('',#5350,#5681,#10522,.T.);
#10522 = LINE('',#10523,#10524);
#10523 = CARTESIAN_POINT('',(-2.586,10.95,8.112435565298));
#10524 = VECTOR('',#10525,1.);
#10525 = DIRECTION('',(0.,1.,-2.2E-16));
#10526 = ORIENTED_EDGE('',*,*,#5678,.F.);
#10527 = ORIENTED_EDGE('',*,*,#5689,.F.);
#10528 = ORIENTED_EDGE('',*,*,#10529,.F.);
#10529 = EDGE_CURVE('',#5339,#5690,#10530,.T.);
#10530 = LINE('',#10531,#10532);
#10531 = CARTESIAN_POINT('',(-1.186,10.95,8.112435565298));
#10532 = VECTOR('',#10533,1.);
#10533 = DIRECTION('',(0.,1.,-2.2E-16));
#10534 = ORIENTED_EDGE('',*,*,#5338,.T.);
#10535 = ORIENTED_EDGE('',*,*,#5349,.T.);
#10536 = CYLINDRICAL_SURFACE('',#10537,1.4);
#10537 = AXIS2_PLACEMENT_3D('',#10538,#10539,#10540);
#10538 = CARTESIAN_POINT('',(-1.886,44.05,6.9));
#10539 = DIRECTION('',(0.,1.,0.));
#10540 = DIRECTION('',(-1.,0.,0.));
#10541 = ADVANCED_FACE('',(#10542),#10553,.T.);
#10542 = FACE_BOUND('',#10543,.T.);
#10543 = EDGE_LOOP('',(#10544,#10545,#10551,#10552));
#10544 = ORIENTED_EDGE('',*,*,#5366,.F.);
#10545 = ORIENTED_EDGE('',*,*,#10546,.T.);
#10546 = EDGE_CURVE('',#5359,#5699,#10547,.T.);
#10547 = LINE('',#10548,#10549);
#10548 = CARTESIAN_POINT('',(-1.886,10.95,8.516580753731));
#10549 = VECTOR('',#10550,1.);
#10550 = DIRECTION('',(0.,1.,-2.2E-16));
#10551 = ORIENTED_EDGE('',*,*,#5698,.F.);
#10552 = ORIENTED_EDGE('',*,*,#10529,.F.);
#10553 = PLANE('',#10554);
#10554 = AXIS2_PLACEMENT_3D('',#10555,#10556,#10557);
#10555 = CARTESIAN_POINT('',(-1.886,10.95,8.516580753731));
#10556 = DIRECTION('',(-0.5,-1.9E-16,-0.866025403784));
#10557 = DIRECTION('',(0.866025403784,-1.1E-16,-0.5));
#10558 = ADVANCED_FACE('',(#10559),#10565,.F.);
#10559 = FACE_BOUND('',#10560,.F.);
#10560 = EDGE_LOOP('',(#10561,#10562,#10563,#10564));
#10561 = ORIENTED_EDGE('',*,*,#5358,.F.);
#10562 = ORIENTED_EDGE('',*,*,#10546,.T.);
#10563 = ORIENTED_EDGE('',*,*,#5706,.F.);
#10564 = ORIENTED_EDGE('',*,*,#10521,.F.);
#10565 = PLANE('',#10566);
#10566 = AXIS2_PLACEMENT_3D('',#10567,#10568,#10569);
#10567 = CARTESIAN_POINT('',(-1.886,10.95,8.516580753731));
#10568 = DIRECTION('',(-0.5,1.9E-16,0.866025403784));
#10569 = DIRECTION('',(-0.866025403784,-1.1E-16,-0.5));
#10570 = ADVANCED_FACE('',(#10571),#10593,.F.);
#10571 = FACE_BOUND('',#10572,.T.);
#10572 = EDGE_LOOP('',(#10573,#10574,#10580,#10586,#10587));
#10573 = ORIENTED_EDGE('',*,*,#5380,.T.);
#10574 = ORIENTED_EDGE('',*,*,#10575,.T.);
#10575 = EDGE_CURVE('',#5383,#5561,#10576,.T.);
#10576 = LINE('',#10577,#10578);
#10577 = CARTESIAN_POINT('',(-6.658054314494,105.6,2.1270284471));
#10578 = VECTOR('',#10579,1.);
#10579 = DIRECTION('',(-0.499999918301,-0.707106781187,-0.500000081699)
  );
#10580 = ORIENTED_EDGE('',*,*,#10581,.F.);
#10581 = EDGE_CURVE('',#9126,#5561,#10582,.T.);
#10582 = LINE('',#10583,#10584);
#10583 = CARTESIAN_POINT('',(-5.026,105.25,-3.E-14));
#10584 = VECTOR('',#10585,1.);
#10585 = DIRECTION('',(-0.707106896726,3.1E-16,0.707106665647));
#10586 = ORIENTED_EDGE('',*,*,#9125,.T.);
#10587 = ORIENTED_EDGE('',*,*,#10588,.T.);
#10588 = EDGE_CURVE('',#9118,#5381,#10589,.T.);
#10589 = LINE('',#10590,#10591);
#10590 = CARTESIAN_POINT('',(-4.351658025284,106.23348465049,
    0.716515349507));
#10591 = VECTOR('',#10592,1.);
#10592 = DIRECTION('',(-0.8628562604,-0.357406682847,0.357406682847));
#10593 = PLANE('',#10594);
#10594 = AXIS2_PLACEMENT_3D('',#10595,#10596,#10597);
#10595 = CARTESIAN_POINT('',(-4.778512667024,105.6,0.247487413854));
#10596 = DIRECTION('',(-0.499999918301,0.707106781187,-0.500000081699));
#10597 = DIRECTION('',(0.707106896726,-1.665334536938E-16,
    -0.707106665647));
#10598 = ADVANCED_FACE('',(#10599),#10605,.T.);
#10599 = FACE_BOUND('',#10600,.T.);
#10600 = EDGE_LOOP('',(#10601,#10602,#10603,#10604));
#10601 = ORIENTED_EDGE('',*,*,#10588,.F.);
#10602 = ORIENTED_EDGE('',*,*,#9117,.T.);
#10603 = ORIENTED_EDGE('',*,*,#10453,.T.);
#10604 = ORIENTED_EDGE('',*,*,#5390,.F.);
#10605 = PLANE('',#10606);
#10606 = AXIS2_PLACEMENT_3D('',#10607,#10608,#10609);
#10607 = CARTESIAN_POINT('',(-4.036050344584,106.45,0.5));
#10608 = DIRECTION('',(-3.29E-15,-0.707106781187,-0.707106781187));
#10609 = DIRECTION('',(1.,-2.326381310104E-15,-2.326381310104E-15));
#10610 = ADVANCED_FACE('',(#10611),#10617,.F.);
#10611 = FACE_BOUND('',#10612,.T.);
#10612 = EDGE_LOOP('',(#10613,#10614,#10615,#10616));
#10613 = ORIENTED_EDGE('',*,*,#10575,.F.);
#10614 = ORIENTED_EDGE('',*,*,#5415,.T.);
#10615 = ORIENTED_EDGE('',*,*,#5491,.T.);
#10616 = ORIENTED_EDGE('',*,*,#5568,.F.);
#10617 = CONICAL_SURFACE('',#10618,7.1,0.785398163397);
#10618 = AXIS2_PLACEMENT_3D('',#10619,#10620,#10621);
#10619 = CARTESIAN_POINT('',(-1.885084321376,105.25,6.9));
#10620 = DIRECTION('',(-3.5E-15,-1.,-2.8E-15));
#10621 = DIRECTION('',(-0.707106665647,4.454772640598E-15,
    -0.707106896726));
#10622 = ADVANCED_FACE('',(#10623),#10634,.T.);
#10623 = FACE_BOUND('',#10624,.T.);
#10624 = EDGE_LOOP('',(#10625,#10626,#10627,#10628));
#10625 = ORIENTED_EDGE('',*,*,#5526,.F.);
#10626 = ORIENTED_EDGE('',*,*,#10506,.T.);
#10627 = ORIENTED_EDGE('',*,*,#9253,.T.);
#10628 = ORIENTED_EDGE('',*,*,#10629,.F.);
#10629 = EDGE_CURVE('',#5518,#9246,#10630,.T.);
#10630 = LINE('',#10631,#10632);
#10631 = CARTESIAN_POINT('',(2.993036790187,43.05,2.020963209813));
#10632 = VECTOR('',#10633,1.);
#10633 = DIRECTION('',(-0.707106781187,-0.,-0.707106781187));
#10634 = PLANE('',#10635);
#10635 = AXIS2_PLACEMENT_3D('',#10636,#10637,#10638);
#10636 = CARTESIAN_POINT('',(1.982555185281,44.65,1.010481604906));
#10637 = DIRECTION('',(0.707106781187,0.,-0.707106781187));
#10638 = DIRECTION('',(0.707106781187,0.,0.707106781187));
#10639 = ADVANCED_FACE('',(#10640),#10651,.F.);
#10640 = FACE_BOUND('',#10641,.T.);
#10641 = EDGE_LOOP('',(#10642,#10648,#10649,#10650));
#10642 = ORIENTED_EDGE('',*,*,#10643,.F.);
#10643 = EDGE_CURVE('',#5552,#5723,#10644,.T.);
#10644 = LINE('',#10645,#10646);
#10645 = CARTESIAN_POINT('',(-6.658054314494,94.,2.1270284471));
#10646 = VECTOR('',#10647,1.);
#10647 = DIRECTION('',(0.499999918301,-0.707106781187,0.500000081699));
#10648 = ORIENTED_EDGE('',*,*,#5551,.T.);
#10649 = ORIENTED_EDGE('',*,*,#5609,.T.);
#10650 = ORIENTED_EDGE('',*,*,#5755,.F.);
#10651 = CONICAL_SURFACE('',#10652,7.1,0.785398163397);
#10652 = AXIS2_PLACEMENT_3D('',#10653,#10654,#10655);
#10653 = CARTESIAN_POINT('',(-1.885084321376,94.35,6.9));
#10654 = DIRECTION('',(0.,1.,-4.4E-16));
#10655 = DIRECTION('',(-0.707106665647,-3.111270345594E-16,
    -0.707106896726));
#10656 = ADVANCED_FACE('',(#10657),#10668,.F.);
#10657 = FACE_BOUND('',#10658,.T.);
#10658 = EDGE_LOOP('',(#10659,#10660,#10661,#10662));
#10659 = ORIENTED_EDGE('',*,*,#9133,.T.);
#10660 = ORIENTED_EDGE('',*,*,#10581,.T.);
#10661 = ORIENTED_EDGE('',*,*,#5560,.F.);
#10662 = ORIENTED_EDGE('',*,*,#10663,.F.);
#10663 = EDGE_CURVE('',#9134,#5552,#10664,.T.);
#10664 = LINE('',#10665,#10666);
#10665 = CARTESIAN_POINT('',(-5.026,94.35,-2.44E-14));
#10666 = VECTOR('',#10667,1.);
#10667 = DIRECTION('',(-0.707106896726,3.1E-16,0.707106665647));
#10668 = PLANE('',#10669);
#10669 = AXIS2_PLACEMENT_3D('',#10670,#10671,#10672);
#10670 = CARTESIAN_POINT('',(-5.026,93.65,-2.36E-14));
#10671 = DIRECTION('',(-0.707106665647,-3.1E-16,-0.707106896726));
#10672 = DIRECTION('',(0.707106896726,-3.1E-16,-0.707106665647));
#10673 = ADVANCED_FACE('',(#10674),#10685,.T.);
#10674 = FACE_BOUND('',#10675,.T.);
#10675 = EDGE_LOOP('',(#10676,#10677,#10678,#10679));
#10676 = ORIENTED_EDGE('',*,*,#5662,.F.);
#10677 = ORIENTED_EDGE('',*,*,#5586,.F.);
#10678 = ORIENTED_EDGE('',*,*,#10629,.T.);
#10679 = ORIENTED_EDGE('',*,*,#10680,.T.);
#10680 = EDGE_CURVE('',#9246,#5663,#10681,.T.);
#10681 = LINE('',#10682,#10683);
#10682 = CARTESIAN_POINT('',(0.470581488428,44.2607090098,1.2107090098)
  );
#10683 = VECTOR('',#10684,1.);
#10684 = DIRECTION('',(-0.281084637715,0.678598344546,0.678598344546));
#10685 = PLANE('',#10686);
#10686 = AXIS2_PLACEMENT_3D('',#10687,#10688,#10689);
#10687 = CARTESIAN_POINT('',(2.639483399594,43.55,2.374516600406));
#10688 = DIRECTION('',(0.5,0.707106781187,-0.5));
#10689 = DIRECTION('',(-0.707106781187,5.551115123126E-17,
    -0.707106781187));
#10690 = ADVANCED_FACE('',(#10691),#10713,.F.);
#10691 = FACE_BOUND('',#10692,.T.);
#10692 = EDGE_LOOP('',(#10693,#10694,#10700,#10701,#10707));
#10693 = ORIENTED_EDGE('',*,*,#5634,.F.);
#10694 = ORIENTED_EDGE('',*,*,#10695,.F.);
#10695 = EDGE_CURVE('',#9238,#5635,#10696,.T.);
#10696 = LINE('',#10697,#10698);
#10697 = CARTESIAN_POINT('',(-4.351658025284,43.766515349507,
    0.716515349507));
#10698 = VECTOR('',#10699,1.);
#10699 = DIRECTION('',(-0.8628562604,0.357406682847,0.357406682847));
#10700 = ORIENTED_EDGE('',*,*,#9237,.F.);
#10701 = ORIENTED_EDGE('',*,*,#10702,.T.);
#10702 = EDGE_CURVE('',#9230,#5850,#10703,.T.);
#10703 = LINE('',#10704,#10705);
#10704 = CARTESIAN_POINT('',(-5.026,44.75,-1.554E-14));
#10705 = VECTOR('',#10706,1.);
#10706 = DIRECTION('',(-0.707106896726,0.,0.707106665647));
#10707 = ORIENTED_EDGE('',*,*,#10708,.T.);
#10708 = EDGE_CURVE('',#5850,#5637,#10709,.T.);
#10709 = LINE('',#10710,#10711);
#10710 = CARTESIAN_POINT('',(-6.658054314494,44.4,2.1270284471));
#10711 = VECTOR('',#10712,1.);
#10712 = DIRECTION('',(0.499999918301,-0.707106781187,0.500000081699));
#10713 = PLANE('',#10714);
#10714 = AXIS2_PLACEMENT_3D('',#10715,#10716,#10717);
#10715 = CARTESIAN_POINT('',(-4.778512667024,44.4,0.247487413854));
#10716 = DIRECTION('',(-0.499999918301,-0.707106781187,-0.500000081699)
  );
#10717 = DIRECTION('',(0.707106896726,3.885780586188E-16,-0.707106665647
    ));
#10718 = ADVANCED_FACE('',(#10719),#10725,.T.);
#10719 = FACE_BOUND('',#10720,.F.);
#10720 = EDGE_LOOP('',(#10721,#10722,#10723,#10724));
#10721 = ORIENTED_EDGE('',*,*,#10695,.F.);
#10722 = ORIENTED_EDGE('',*,*,#9245,.T.);
#10723 = ORIENTED_EDGE('',*,*,#10680,.T.);
#10724 = ORIENTED_EDGE('',*,*,#5670,.F.);
#10725 = PLANE('',#10726);
#10726 = AXIS2_PLACEMENT_3D('',#10727,#10728,#10729);
#10727 = CARTESIAN_POINT('',(-4.036050344584,43.55,0.5));
#10728 = DIRECTION('',(-1.79E-15,0.707106781187,-0.707106781187));
#10729 = DIRECTION('',(-1.,-1.265721138324E-15,1.265721138324E-15));
#10730 = ADVANCED_FACE('',(#10731),#10737,.F.);
#10731 = FACE_BOUND('',#10732,.T.);
#10732 = EDGE_LOOP('',(#10733,#10734,#10735,#10736));
#10733 = ORIENTED_EDGE('',*,*,#10708,.F.);
#10734 = ORIENTED_EDGE('',*,*,#5849,.T.);
#10735 = ORIENTED_EDGE('',*,*,#5797,.T.);
#10736 = ORIENTED_EDGE('',*,*,#5644,.F.);
#10737 = CONICAL_SURFACE('',#10738,7.1,0.785398163397);
#10738 = AXIS2_PLACEMENT_3D('',#10739,#10740,#10741);
#10739 = CARTESIAN_POINT('',(-1.885084321376,44.75,6.9));
#10740 = DIRECTION('',(-2.39E-15,1.,-1.21E-15));
#10741 = DIRECTION('',(-0.707106665647,-2.545584275935E-15,
    -0.707106896726));
#10742 = ADVANCED_FACE('',(#10743),#10755,.T.);
#10743 = FACE_BOUND('',#10744,.T.);
#10744 = EDGE_LOOP('',(#10745,#10746,#10752,#10753,#10754));
#10745 = ORIENTED_EDGE('',*,*,#5720,.F.);
#10746 = ORIENTED_EDGE('',*,*,#10747,.F.);
#10747 = EDGE_CURVE('',#9142,#5721,#10748,.T.);
#10748 = LINE('',#10749,#10750);
#10749 = CARTESIAN_POINT('',(-4.351658025284,93.366515349507,
    0.716515349507));
#10750 = VECTOR('',#10751,1.);
#10751 = DIRECTION('',(-0.8628562604,0.357406682847,0.357406682847));
#10752 = ORIENTED_EDGE('',*,*,#9141,.F.);
#10753 = ORIENTED_EDGE('',*,*,#10663,.T.);
#10754 = ORIENTED_EDGE('',*,*,#10643,.T.);
#10755 = PLANE('',#10756);
#10756 = AXIS2_PLACEMENT_3D('',#10757,#10758,#10759);
#10757 = CARTESIAN_POINT('',(-4.778512667024,94.,0.247487413854));
#10758 = DIRECTION('',(0.499999918301,0.707106781187,0.500000081699));
#10759 = DIRECTION('',(-0.707106896726,1.387778780781E-16,0.707106665647
    ));
#10760 = ADVANCED_FACE('',(#10761),#10772,.F.);
#10761 = FACE_BOUND('',#10762,.F.);
#10762 = EDGE_LOOP('',(#10763,#10764,#10765,#10771));
#10763 = ORIENTED_EDGE('',*,*,#10747,.F.);
#10764 = ORIENTED_EDGE('',*,*,#9149,.T.);
#10765 = ORIENTED_EDGE('',*,*,#10766,.T.);
#10766 = EDGE_CURVE('',#9150,#5731,#10767,.T.);
#10767 = LINE('',#10768,#10769);
#10768 = CARTESIAN_POINT('',(0.470581488428,93.8607090098,1.2107090098)
  );
#10769 = VECTOR('',#10770,1.);
#10770 = DIRECTION('',(-0.281084637715,0.678598344546,0.678598344546));
#10771 = ORIENTED_EDGE('',*,*,#5730,.F.);
#10772 = PLANE('',#10773);
#10773 = AXIS2_PLACEMENT_3D('',#10774,#10775,#10776);
#10774 = CARTESIAN_POINT('',(-4.036050344584,93.15,0.5));
#10775 = DIRECTION('',(2.9E-16,-0.707106781187,0.707106781187));
#10776 = DIRECTION('',(1.,2.050609665441E-16,-2.050609665441E-16));
#10777 = ADVANCED_FACE('',(#10778),#10789,.F.);
#10778 = FACE_BOUND('',#10779,.T.);
#10779 = EDGE_LOOP('',(#10780,#10781,#10782,#10788));
#10780 = ORIENTED_EDGE('',*,*,#5738,.F.);
#10781 = ORIENTED_EDGE('',*,*,#5832,.F.);
#10782 = ORIENTED_EDGE('',*,*,#10783,.T.);
#10783 = EDGE_CURVE('',#5824,#9150,#10784,.T.);
#10784 = LINE('',#10785,#10786);
#10785 = CARTESIAN_POINT('',(2.993036790187,92.65,2.020963209813));
#10786 = VECTOR('',#10787,1.);
#10787 = DIRECTION('',(-0.707106781187,-3.1E-16,-0.707106781187));
#10788 = ORIENTED_EDGE('',*,*,#10766,.T.);
#10789 = PLANE('',#10790);
#10790 = AXIS2_PLACEMENT_3D('',#10791,#10792,#10793);
#10791 = CARTESIAN_POINT('',(2.639483399594,93.15,2.374516600406));
#10792 = DIRECTION('',(-0.5,-0.707106781187,0.5));
#10793 = DIRECTION('',(0.707106781187,1.387778780781E-16,0.707106781187)
  );
#10794 = ADVANCED_FACE('',(#10795),#10801,.T.);
#10795 = FACE_BOUND('',#10796,.T.);
#10796 = EDGE_LOOP('',(#10797,#10798,#10799,#10800));
#10797 = ORIENTED_EDGE('',*,*,#5858,.F.);
#10798 = ORIENTED_EDGE('',*,*,#10702,.F.);
#10799 = ORIENTED_EDGE('',*,*,#9229,.T.);
#10800 = ORIENTED_EDGE('',*,*,#9779,.T.);
#10801 = PLANE('',#10802);
#10802 = AXIS2_PLACEMENT_3D('',#10803,#10804,#10805);
#10803 = CARTESIAN_POINT('',(-5.965770823735,56.45,0.939770516623));
#10804 = DIRECTION('',(0.707106665647,0.,0.707106896726));
#10805 = DIRECTION('',(0.707106896726,0.,-0.707106665647));
#10806 = ADVANCED_FACE('',(#10807),#10818,.F.);
#10807 = FACE_BOUND('',#10808,.T.);
#10808 = EDGE_LOOP('',(#10809,#10810,#10811,#10812));
#10809 = ORIENTED_EDGE('',*,*,#9157,.T.);
#10810 = ORIENTED_EDGE('',*,*,#10783,.F.);
#10811 = ORIENTED_EDGE('',*,*,#5892,.F.);
#10812 = ORIENTED_EDGE('',*,*,#10813,.T.);
#10813 = EDGE_CURVE('',#5893,#9158,#10814,.T.);
#10814 = LINE('',#10815,#10816);
#10815 = CARTESIAN_POINT('',(2.993036790187,82.15,2.020963209813));
#10816 = VECTOR('',#10817,1.);
#10817 = DIRECTION('',(-0.707106781187,-3.1E-16,-0.707106781187));
#10818 = PLANE('',#10819);
#10819 = AXIS2_PLACEMENT_3D('',#10820,#10821,#10822);
#10820 = CARTESIAN_POINT('',(0.972073580374,81.15,-1.773E-14));
#10821 = DIRECTION('',(-0.707106781187,3.1E-16,0.707106781187));
#10822 = DIRECTION('',(-0.707106781187,-3.1E-16,-0.707106781187));
#10823 = ADVANCED_FACE('',(#10824),#10835,.T.);
#10824 = FACE_BOUND('',#10825,.T.);
#10825 = EDGE_LOOP('',(#10826,#10827,#10833,#10834));
#10826 = ORIENTED_EDGE('',*,*,#5975,.T.);
#10827 = ORIENTED_EDGE('',*,*,#10828,.F.);
#10828 = EDGE_CURVE('',#9158,#5968,#10829,.T.);
#10829 = LINE('',#10830,#10831);
#10830 = CARTESIAN_POINT('',(0.470581488428,80.9392909902,1.2107090098)
  );
#10831 = VECTOR('',#10832,1.);
#10832 = DIRECTION('',(-0.281084637715,-0.678598344546,0.678598344546));
#10833 = ORIENTED_EDGE('',*,*,#10813,.F.);
#10834 = ORIENTED_EDGE('',*,*,#5942,.F.);
#10835 = PLANE('',#10836);
#10836 = AXIS2_PLACEMENT_3D('',#10837,#10838,#10839);
#10837 = CARTESIAN_POINT('',(2.639483399594,81.65,2.374516600406));
#10838 = DIRECTION('',(0.5,-0.707106781187,-0.5));
#10839 = DIRECTION('',(-0.707106781187,-1.942890293094E-16,
    -0.707106781187));
#10840 = ADVANCED_FACE('',(#10841),#10863,.F.);
#10841 = FACE_BOUND('',#10842,.T.);
#10842 = EDGE_LOOP('',(#10843,#10844,#10850,#10856,#10857));
#10843 = ORIENTED_EDGE('',*,*,#5957,.T.);
#10844 = ORIENTED_EDGE('',*,*,#10845,.T.);
#10845 = EDGE_CURVE('',#5960,#6129,#10846,.T.);
#10846 = LINE('',#10847,#10848);
#10847 = CARTESIAN_POINT('',(-6.658054314494,80.8,2.1270284471));
#10848 = VECTOR('',#10849,1.);
#10849 = DIRECTION('',(-0.499999918301,-0.707106781187,-0.500000081699)
  );
#10850 = ORIENTED_EDGE('',*,*,#10851,.F.);
#10851 = EDGE_CURVE('',#9174,#6129,#10852,.T.);
#10852 = LINE('',#10853,#10854);
#10853 = CARTESIAN_POINT('',(-5.026,80.45,-1.85E-14));
#10854 = VECTOR('',#10855,1.);
#10855 = DIRECTION('',(-0.707106896726,3.1E-16,0.707106665647));
#10856 = ORIENTED_EDGE('',*,*,#9173,.T.);
#10857 = ORIENTED_EDGE('',*,*,#10858,.T.);
#10858 = EDGE_CURVE('',#9166,#5958,#10859,.T.);
#10859 = LINE('',#10860,#10861);
#10860 = CARTESIAN_POINT('',(-4.351658025284,81.433484650493,
    0.716515349507));
#10861 = VECTOR('',#10862,1.);
#10862 = DIRECTION('',(-0.8628562604,-0.357406682847,0.357406682847));
#10863 = PLANE('',#10864);
#10864 = AXIS2_PLACEMENT_3D('',#10865,#10866,#10867);
#10865 = CARTESIAN_POINT('',(-4.778512667024,80.8,0.247487413854));
#10866 = DIRECTION('',(-0.499999918301,0.707106781187,-0.500000081699));
#10867 = DIRECTION('',(0.707106896726,-2.498001805407E-16,
    -0.707106665647));
#10868 = ADVANCED_FACE('',(#10869),#10875,.T.);
#10869 = FACE_BOUND('',#10870,.T.);
#10870 = EDGE_LOOP('',(#10871,#10872,#10873,#10874));
#10871 = ORIENTED_EDGE('',*,*,#10858,.F.);
#10872 = ORIENTED_EDGE('',*,*,#9165,.T.);
#10873 = ORIENTED_EDGE('',*,*,#10828,.T.);
#10874 = ORIENTED_EDGE('',*,*,#5967,.F.);
#10875 = PLANE('',#10876);
#10876 = AXIS2_PLACEMENT_3D('',#10877,#10878,#10879);
#10877 = CARTESIAN_POINT('',(-4.036050344584,81.65,0.5));
#10878 = DIRECTION('',(-2.9E-16,-0.707106781187,-0.707106781187));
#10879 = DIRECTION('',(1.,-2.050609665441E-16,-2.050609665441E-16));
#10880 = ADVANCED_FACE('',(#10881),#10887,.F.);
#10881 = FACE_BOUND('',#10882,.T.);
#10882 = EDGE_LOOP('',(#10883,#10884,#10885,#10886));
#10883 = ORIENTED_EDGE('',*,*,#10845,.F.);
#10884 = ORIENTED_EDGE('',*,*,#5992,.T.);
#10885 = ORIENTED_EDGE('',*,*,#6059,.T.);
#10886 = ORIENTED_EDGE('',*,*,#6136,.F.);
#10887 = CONICAL_SURFACE('',#10888,7.1,0.785398163397);
#10888 = AXIS2_PLACEMENT_3D('',#10889,#10890,#10891);
#10889 = CARTESIAN_POINT('',(-1.885084321376,80.45,6.9));
#10890 = DIRECTION('',(0.,-1.,4.4E-16));
#10891 = DIRECTION('',(-0.707106665647,-3.111270345594E-16,
    -0.707106896726));
#10892 = ADVANCED_FACE('',(#10893),#10919,.F.);
#10893 = FACE_BOUND('',#10894,.T.);
#10894 = EDGE_LOOP('',(#10895,#10896,#10904,#10913));
#10895 = ORIENTED_EDGE('',*,*,#6001,.F.);
#10896 = ORIENTED_EDGE('',*,*,#10897,.T.);
#10897 = EDGE_CURVE('',#6002,#10898,#10900,.T.);
#10898 = VERTEX_POINT('',#10899);
#10899 = CARTESIAN_POINT('',(0.614,81.55,11.230127018922));
#10900 = LINE('',#10901,#10902);
#10901 = CARTESIAN_POINT('',(0.614,81.15,11.230127018922));
#10902 = VECTOR('',#10903,1.);
#10903 = DIRECTION('',(0.,1.,-4.4E-16));
#10904 = ORIENTED_EDGE('',*,*,#10905,.T.);
#10905 = EDGE_CURVE('',#10898,#10906,#10908,.T.);
#10906 = VERTEX_POINT('',#10907);
#10907 = CARTESIAN_POINT('',(-4.386,81.55,11.230127018922));
#10908 = CIRCLE('',#10909,5.);
#10909 = AXIS2_PLACEMENT_3D('',#10910,#10911,#10912);
#10910 = CARTESIAN_POINT('',(-1.886,81.55,6.9));
#10911 = DIRECTION('',(0.,1.,-2.2E-16));
#10912 = DIRECTION('',(-1.,0.,0.));
#10913 = ORIENTED_EDGE('',*,*,#10914,.F.);
#10914 = EDGE_CURVE('',#6004,#10906,#10915,.T.);
#10915 = LINE('',#10916,#10917);
#10916 = CARTESIAN_POINT('',(-4.386,81.15,11.230127018922));
#10917 = VECTOR('',#10918,1.);
#10918 = DIRECTION('',(0.,1.,-4.4E-16));
#10919 = CYLINDRICAL_SURFACE('',#10920,5.);
#10920 = AXIS2_PLACEMENT_3D('',#10921,#10922,#10923);
#10921 = CARTESIAN_POINT('',(-1.886,81.15,6.9));
#10922 = DIRECTION('',(0.,-1.,4.4E-16));
#10923 = DIRECTION('',(-1.,0.,0.));
#10924 = ADVANCED_FACE('',(#10925),#10943,.F.);
#10925 = FACE_BOUND('',#10926,.T.);
#10926 = EDGE_LOOP('',(#10927,#10928,#10936,#10942));
#10927 = ORIENTED_EDGE('',*,*,#6020,.F.);
#10928 = ORIENTED_EDGE('',*,*,#10929,.T.);
#10929 = EDGE_CURVE('',#6013,#10930,#10932,.T.);
#10930 = VERTEX_POINT('',#10931);
#10931 = CARTESIAN_POINT('',(-1.886,81.55,12.673502691896));
#10932 = LINE('',#10933,#10934);
#10933 = CARTESIAN_POINT('',(-1.886,81.15,12.673502691896));
#10934 = VECTOR('',#10935,1.);
#10935 = DIRECTION('',(0.,1.,-4.4E-16));
#10936 = ORIENTED_EDGE('',*,*,#10937,.T.);
#10937 = EDGE_CURVE('',#10930,#10898,#10938,.T.);
#10938 = LINE('',#10939,#10940);
#10939 = CARTESIAN_POINT('',(-1.886,81.55,12.673502691896));
#10940 = VECTOR('',#10941,1.);
#10941 = DIRECTION('',(0.866025403784,0.,-0.5));
#10942 = ORIENTED_EDGE('',*,*,#10897,.F.);
#10943 = PLANE('',#10944);
#10944 = AXIS2_PLACEMENT_3D('',#10945,#10946,#10947);
#10945 = CARTESIAN_POINT('',(-1.886,81.15,12.673502691896));
#10946 = DIRECTION('',(0.5,3.8E-16,0.866025403784));
#10947 = DIRECTION('',(-0.866025403784,2.2E-16,0.5));
#10948 = ADVANCED_FACE('',(#10949),#10960,.T.);
#10949 = FACE_BOUND('',#10950,.F.);
#10950 = EDGE_LOOP('',(#10951,#10952,#10953,#10959));
#10951 = ORIENTED_EDGE('',*,*,#6012,.F.);
#10952 = ORIENTED_EDGE('',*,*,#10929,.T.);
#10953 = ORIENTED_EDGE('',*,*,#10954,.T.);
#10954 = EDGE_CURVE('',#10930,#10906,#10955,.T.);
#10955 = LINE('',#10956,#10957);
#10956 = CARTESIAN_POINT('',(-1.886,81.55,12.673502691896));
#10957 = VECTOR('',#10958,1.);
#10958 = DIRECTION('',(-0.866025403784,-0.,-0.5));
#10959 = ORIENTED_EDGE('',*,*,#10914,.F.);
#10960 = PLANE('',#10961);
#10961 = AXIS2_PLACEMENT_3D('',#10962,#10963,#10964);
#10962 = CARTESIAN_POINT('',(-1.886,81.15,12.673502691896));
#10963 = DIRECTION('',(0.5,-3.8E-16,-0.866025403784));
#10964 = DIRECTION('',(0.866025403784,2.2E-16,0.5));
#10965 = ADVANCED_FACE('',(#10966),#10977,.T.);
#10966 = FACE_BOUND('',#10967,.T.);
#10967 = EDGE_LOOP('',(#10968,#10969,#10975,#10976));
#10968 = ORIENTED_EDGE('',*,*,#9205,.F.);
#10969 = ORIENTED_EDGE('',*,*,#10970,.F.);
#10970 = EDGE_CURVE('',#6087,#9198,#10971,.T.);
#10971 = LINE('',#10972,#10973);
#10972 = CARTESIAN_POINT('',(2.993036790187,67.85,2.020963209813));
#10973 = VECTOR('',#10974,1.);
#10974 = DIRECTION('',(-0.707106781187,-0.,-0.707106781187));
#10975 = ORIENTED_EDGE('',*,*,#6086,.T.);
#10976 = ORIENTED_EDGE('',*,*,#9831,.T.);
#10977 = PLANE('',#10978);
#10978 = AXIS2_PLACEMENT_3D('',#10979,#10980,#10981);
#10979 = CARTESIAN_POINT('',(1.982555185281,68.75,1.010481604906));
#10980 = DIRECTION('',(0.707106781187,0.,-0.707106781187));
#10981 = DIRECTION('',(0.707106781187,0.,0.707106781187));
#10982 = ADVANCED_FACE('',(#10983),#10994,.F.);
#10983 = FACE_BOUND('',#10984,.T.);
#10984 = EDGE_LOOP('',(#10985,#10991,#10992,#10993));
#10985 = ORIENTED_EDGE('',*,*,#10986,.F.);
#10986 = EDGE_CURVE('',#6120,#6205,#10987,.T.);
#10987 = LINE('',#10988,#10989);
#10988 = CARTESIAN_POINT('',(-6.658054314494,69.2,2.1270284471));
#10989 = VECTOR('',#10990,1.);
#10990 = DIRECTION('',(0.499999918301,-0.707106781187,0.500000081699));
#10991 = ORIENTED_EDGE('',*,*,#6119,.T.);
#10992 = ORIENTED_EDGE('',*,*,#6177,.T.);
#10993 = ORIENTED_EDGE('',*,*,#6229,.F.);
#10994 = CONICAL_SURFACE('',#10995,7.1,0.785398163397);
#10995 = AXIS2_PLACEMENT_3D('',#10996,#10997,#10998);
#10996 = CARTESIAN_POINT('',(-1.885084321376,69.55,6.9));
#10997 = DIRECTION('',(0.,1.,0.));
#10998 = DIRECTION('',(-0.707106665647,-0.,-0.707106896726));
#10999 = ADVANCED_FACE('',(#11000),#11011,.T.);
#11000 = FACE_BOUND('',#11001,.T.);
#11001 = EDGE_LOOP('',(#11002,#11003,#11009,#11010));
#11002 = ORIENTED_EDGE('',*,*,#6128,.F.);
#11003 = ORIENTED_EDGE('',*,*,#11004,.F.);
#11004 = EDGE_CURVE('',#9182,#6120,#11005,.T.);
#11005 = LINE('',#11006,#11007);
#11006 = CARTESIAN_POINT('',(-5.026,69.55,-1.799E-14));
#11007 = VECTOR('',#11008,1.);
#11008 = DIRECTION('',(-0.707106896726,0.,0.707106665647));
#11009 = ORIENTED_EDGE('',*,*,#9181,.T.);
#11010 = ORIENTED_EDGE('',*,*,#10851,.T.);
#11011 = PLANE('',#11012);
#11012 = AXIS2_PLACEMENT_3D('',#11013,#11014,#11015);
#11013 = CARTESIAN_POINT('',(-5.965770823735,81.25,0.939770516623));
#11014 = DIRECTION('',(0.707106665647,0.,0.707106896726));
#11015 = DIRECTION('',(0.707106896726,0.,-0.707106665647));
#11016 = ADVANCED_FACE('',(#11017),#11028,.F.);
#11017 = FACE_BOUND('',#11018,.T.);
#11018 = EDGE_LOOP('',(#11019,#11020,#11021,#11022));
#11019 = ORIENTED_EDGE('',*,*,#6220,.F.);
#11020 = ORIENTED_EDGE('',*,*,#6154,.F.);
#11021 = ORIENTED_EDGE('',*,*,#10970,.T.);
#11022 = ORIENTED_EDGE('',*,*,#11023,.T.);
#11023 = EDGE_CURVE('',#9198,#6213,#11024,.T.);
#11024 = LINE('',#11025,#11026);
#11025 = CARTESIAN_POINT('',(0.612556354052,68.717951363695,
    0.867951363695));
#11026 = VECTOR('',#11027,1.);
#11027 = DIRECTION('',(-0.281084637715,0.678598344546,0.678598344546));
#11028 = PLANE('',#11029);
#11029 = AXIS2_PLACEMENT_3D('',#11030,#11031,#11032);
#11030 = CARTESIAN_POINT('',(2.639483399594,68.35,2.374516600406));
#11031 = DIRECTION('',(-0.5,-0.707106781187,0.5));
#11032 = DIRECTION('',(0.707106781187,-2.498001805407E-16,0.707106781187
    ));
#11033 = ADVANCED_FACE('',(#11034),#11046,.T.);
#11034 = FACE_BOUND('',#11035,.T.);
#11035 = EDGE_LOOP('',(#11036,#11037,#11043,#11044,#11045));
#11036 = ORIENTED_EDGE('',*,*,#6202,.F.);
#11037 = ORIENTED_EDGE('',*,*,#11038,.F.);
#11038 = EDGE_CURVE('',#9190,#6203,#11039,.T.);
#11039 = LINE('',#11040,#11041);
#11040 = CARTESIAN_POINT('',(-3.013787289526,68.012351274109,
    0.162351274109));
#11041 = VECTOR('',#11042,1.);
#11042 = DIRECTION('',(-0.8628562604,0.357406682847,0.357406682847));
#11043 = ORIENTED_EDGE('',*,*,#9189,.F.);
#11044 = ORIENTED_EDGE('',*,*,#11004,.T.);
#11045 = ORIENTED_EDGE('',*,*,#10986,.T.);
#11046 = PLANE('',#11047);
#11047 = AXIS2_PLACEMENT_3D('',#11048,#11049,#11050);
#11048 = CARTESIAN_POINT('',(-4.778512667024,69.2,0.247487413854));
#11049 = DIRECTION('',(0.499999918301,0.707106781187,0.500000081699));
#11050 = DIRECTION('',(-0.707106896726,-1.665334536938E-16,
    0.707106665647));
#11051 = ADVANCED_FACE('',(#11052),#11058,.F.);
#11052 = FACE_BOUND('',#11053,.T.);
#11053 = EDGE_LOOP('',(#11054,#11055,#11056,#11057));
#11054 = ORIENTED_EDGE('',*,*,#11023,.F.);
#11055 = ORIENTED_EDGE('',*,*,#9197,.T.);
#11056 = ORIENTED_EDGE('',*,*,#11038,.T.);
#11057 = ORIENTED_EDGE('',*,*,#6212,.F.);
#11058 = PLANE('',#11059);
#11059 = AXIS2_PLACEMENT_3D('',#11060,#11061,#11062);
#11060 = CARTESIAN_POINT('',(-0.442139981999,68.35,0.5));
#11061 = DIRECTION('',(2.9E-16,-0.707106781187,0.707106781187));
#11062 = DIRECTION('',(1.,2.050609665441E-16,-2.050609665441E-16));
#11063 = ADVANCED_FACE('',(#11064),#11090,.F.);
#11064 = FACE_BOUND('',#11065,.F.);
#11065 = EDGE_LOOP('',(#11066,#11074,#11075,#11083));
#11066 = ORIENTED_EDGE('',*,*,#11067,.F.);
#11067 = EDGE_CURVE('',#6241,#11068,#11070,.T.);
#11068 = VERTEX_POINT('',#11069);
#11069 = CARTESIAN_POINT('',(-4.386,68.45,11.230127018922));
#11070 = LINE('',#11071,#11072);
#11071 = CARTESIAN_POINT('',(-4.386,68.85,11.230127018922));
#11072 = VECTOR('',#11073,1.);
#11073 = DIRECTION('',(0.,-1.,0.));
#11074 = ORIENTED_EDGE('',*,*,#6238,.F.);
#11075 = ORIENTED_EDGE('',*,*,#11076,.T.);
#11076 = EDGE_CURVE('',#6239,#11077,#11079,.T.);
#11077 = VERTEX_POINT('',#11078);
#11078 = CARTESIAN_POINT('',(0.614,68.45,11.230127018922));
#11079 = LINE('',#11080,#11081);
#11080 = CARTESIAN_POINT('',(0.614,81.15,11.230127018922));
#11081 = VECTOR('',#11082,1.);
#11082 = DIRECTION('',(0.,-1.,2.2E-16));
#11083 = ORIENTED_EDGE('',*,*,#11084,.T.);
#11084 = EDGE_CURVE('',#11077,#11068,#11085,.T.);
#11085 = CIRCLE('',#11086,5.);
#11086 = AXIS2_PLACEMENT_3D('',#11087,#11088,#11089);
#11087 = CARTESIAN_POINT('',(-1.886,68.45,6.9));
#11088 = DIRECTION('',(0.,1.,-2.2E-16));
#11089 = DIRECTION('',(-1.,0.,0.));
#11090 = CYLINDRICAL_SURFACE('',#11091,5.);
#11091 = AXIS2_PLACEMENT_3D('',#11092,#11093,#11094);
#11092 = CARTESIAN_POINT('',(-1.886,81.15,6.9));
#11093 = DIRECTION('',(0.,1.,-2.2E-16));
#11094 = DIRECTION('',(-1.,0.,0.));
#11095 = ADVANCED_FACE('',(#11096),#11114,.T.);
#11096 = FACE_BOUND('',#11097,.T.);
#11097 = EDGE_LOOP('',(#11098,#11106,#11107,#11108));
#11098 = ORIENTED_EDGE('',*,*,#11099,.F.);
#11099 = EDGE_CURVE('',#6250,#11100,#11102,.T.);
#11100 = VERTEX_POINT('',#11101);
#11101 = CARTESIAN_POINT('',(-1.886,68.45,12.673502691896));
#11102 = LINE('',#11103,#11104);
#11103 = CARTESIAN_POINT('',(-1.886,68.85,12.673502691896));
#11104 = VECTOR('',#11105,1.);
#11105 = DIRECTION('',(0.,-1.,0.));
#11106 = ORIENTED_EDGE('',*,*,#6257,.T.);
#11107 = ORIENTED_EDGE('',*,*,#11076,.T.);
#11108 = ORIENTED_EDGE('',*,*,#11109,.F.);
#11109 = EDGE_CURVE('',#11100,#11077,#11110,.T.);
#11110 = LINE('',#11111,#11112);
#11111 = CARTESIAN_POINT('',(-1.886,68.45,12.673502691896));
#11112 = VECTOR('',#11113,1.);
#11113 = DIRECTION('',(0.866025403784,0.,-0.5));
#11114 = PLANE('',#11115);
#11115 = AXIS2_PLACEMENT_3D('',#11116,#11117,#11118);
#11116 = CARTESIAN_POINT('',(-0.636,68.75,11.951814855409));
#11117 = DIRECTION('',(-0.5,-1.2E-16,-0.866025403784));
#11118 = DIRECTION('',(-0.866025403784,0.,0.5));
#11119 = ADVANCED_FACE('',(#11120),#11131,.T.);
#11120 = FACE_BOUND('',#11121,.T.);
#11121 = EDGE_LOOP('',(#11122,#11123,#11124,#11130));
#11122 = ORIENTED_EDGE('',*,*,#6249,.F.);
#11123 = ORIENTED_EDGE('',*,*,#11099,.T.);
#11124 = ORIENTED_EDGE('',*,*,#11125,.T.);
#11125 = EDGE_CURVE('',#11100,#11068,#11126,.T.);
#11126 = LINE('',#11127,#11128);
#11127 = CARTESIAN_POINT('',(-1.886,68.45,12.673502691896));
#11128 = VECTOR('',#11129,1.);
#11129 = DIRECTION('',(-0.866025403784,0.,-0.5));
#11130 = ORIENTED_EDGE('',*,*,#11067,.F.);
#11131 = PLANE('',#11132);
#11132 = AXIS2_PLACEMENT_3D('',#11133,#11134,#11135);
#11133 = CARTESIAN_POINT('',(-3.136,68.75,11.951814855409));
#11134 = DIRECTION('',(0.5,-1.2E-16,-0.866025403784));
#11135 = DIRECTION('',(-0.866025403784,0.,-0.5));
#11136 = ADVANCED_FACE('',(#11137),#11148,.T.);
#11137 = FACE_BOUND('',#11138,.F.);
#11138 = EDGE_LOOP('',(#11139,#11145,#11146,#11147));
#11139 = ORIENTED_EDGE('',*,*,#11140,.F.);
#11140 = EDGE_CURVE('',#6329,#9020,#11141,.T.);
#11141 = LINE('',#11142,#11143);
#11142 = CARTESIAN_POINT('',(-114.501,11.,0.8));
#11143 = VECTOR('',#11144,1.);
#11144 = DIRECTION('',(0.707106781187,0.,-0.707106781187));
#11145 = ORIENTED_EDGE('',*,*,#6328,.T.);
#11146 = ORIENTED_EDGE('',*,*,#6303,.T.);
#11147 = ORIENTED_EDGE('',*,*,#9019,.F.);
#11148 = CONICAL_SURFACE('',#11149,11.,0.785398163397);
#11149 = AXIS2_PLACEMENT_3D('',#11150,#11151,#11152);
#11150 = CARTESIAN_POINT('',(-104.301,11.,1.6));
#11151 = DIRECTION('',(4.1E-16,0.,1.));
#11152 = DIRECTION('',(-1.,1.6E-16,4.1E-16));
#11153 = ADVANCED_FACE('',(#11154),#11165,.T.);
#11154 = FACE_BOUND('',#11155,.F.);
#11155 = EDGE_LOOP('',(#11156,#11157,#11158,#11164));
#11156 = ORIENTED_EDGE('',*,*,#6411,.F.);
#11157 = ORIENTED_EDGE('',*,*,#6360,.T.);
#11158 = ORIENTED_EDGE('',*,*,#11159,.T.);
#11159 = EDGE_CURVE('',#6353,#9029,#11160,.T.);
#11160 = LINE('',#11161,#11162);
#11161 = CARTESIAN_POINT('',(-115.301,139.,1.6));
#11162 = VECTOR('',#11163,1.);
#11163 = DIRECTION('',(0.707106781187,-4.E-17,-0.707106781187));
#11164 = ORIENTED_EDGE('',*,*,#9036,.F.);
#11165 = CONICAL_SURFACE('',#11166,11.,0.785398163397);
#11166 = AXIS2_PLACEMENT_3D('',#11167,#11168,#11169);
#11167 = CARTESIAN_POINT('',(-104.301,139.,1.6));
#11168 = DIRECTION('',(4.1E-16,0.,1.));
#11169 = DIRECTION('',(0.,1.,0.));
#11170 = ADVANCED_FACE('',(#11171),#11177,.T.);
#11171 = FACE_BOUND('',#11172,.F.);
#11172 = EDGE_LOOP('',(#11173,#11174,#11175,#11176));
#11173 = ORIENTED_EDGE('',*,*,#11159,.F.);
#11174 = ORIENTED_EDGE('',*,*,#6436,.T.);
#11175 = ORIENTED_EDGE('',*,*,#11140,.T.);
#11176 = ORIENTED_EDGE('',*,*,#9028,.F.);
#11177 = PLANE('',#11178);
#11178 = AXIS2_PLACEMENT_3D('',#11179,#11180,#11181);
#11179 = CARTESIAN_POINT('',(-114.501,139.,0.8));
#11180 = DIRECTION('',(-0.707106781187,0.,-0.707106781187));
#11181 = DIRECTION('',(0.,1.,0.));
#11182 = ADVANCED_FACE('',(#11183),#11194,.F.);
#11183 = FACE_BOUND('',#11184,.F.);
#11184 = EDGE_LOOP('',(#11185,#11191,#11192,#11193));
#11185 = ORIENTED_EDGE('',*,*,#11186,.T.);
#11186 = EDGE_CURVE('',#7345,#7298,#11187,.T.);
#11187 = LINE('',#11188,#11189);
#11188 = CARTESIAN_POINT('',(-112.601,41.5,1.9));
#11189 = VECTOR('',#11190,1.);
#11190 = DIRECTION('',(0.,-1.,2.2E-16));
#11191 = ORIENTED_EDGE('',*,*,#7305,.T.);
#11192 = ORIENTED_EDGE('',*,*,#6505,.T.);
#11193 = ORIENTED_EDGE('',*,*,#7344,.F.);
#11194 = PLANE('',#11195);
#11195 = AXIS2_PLACEMENT_3D('',#11196,#11197,#11198);
#11196 = CARTESIAN_POINT('',(-112.601,41.5,1.9));
#11197 = DIRECTION('',(-0.832050294338,-1.2E-16,-0.554700196225));
#11198 = DIRECTION('',(-0.554700196225,1.8E-16,0.832050294338));
#11199 = ADVANCED_FACE('',(#11200),#11211,.F.);
#11200 = FACE_BOUND('',#11201,.F.);
#11201 = EDGE_LOOP('',(#11202,#11208,#11209,#11210));
#11202 = ORIENTED_EDGE('',*,*,#11203,.T.);
#11203 = EDGE_CURVE('',#7472,#7425,#11204,.T.);
#11204 = LINE('',#11205,#11206);
#11205 = CARTESIAN_POINT('',(-112.601,85.5,1.9));
#11206 = VECTOR('',#11207,1.);
#11207 = DIRECTION('',(0.,-1.,2.2E-16));
#11208 = ORIENTED_EDGE('',*,*,#7432,.T.);
#11209 = ORIENTED_EDGE('',*,*,#6498,.T.);
#11210 = ORIENTED_EDGE('',*,*,#7471,.F.);
#11211 = PLANE('',#11212);
#11212 = AXIS2_PLACEMENT_3D('',#11213,#11214,#11215);
#11213 = CARTESIAN_POINT('',(-112.601,85.5,1.9));
#11214 = DIRECTION('',(-0.832050294338,-1.2E-16,-0.554700196225));
#11215 = DIRECTION('',(-0.554700196225,1.8E-16,0.832050294338));
#11216 = ADVANCED_FACE('',(#11217),#11228,.F.);
#11217 = FACE_BOUND('',#11218,.F.);
#11218 = EDGE_LOOP('',(#11219,#11225,#11226,#11227));
#11219 = ORIENTED_EDGE('',*,*,#11220,.T.);
#11220 = EDGE_CURVE('',#7599,#7552,#11221,.T.);
#11221 = LINE('',#11222,#11223);
#11222 = CARTESIAN_POINT('',(-112.601,129.5,1.9));
#11223 = VECTOR('',#11224,1.);
#11224 = DIRECTION('',(0.,-1.,2.2E-16));
#11225 = ORIENTED_EDGE('',*,*,#7559,.T.);
#11226 = ORIENTED_EDGE('',*,*,#6491,.T.);
#11227 = ORIENTED_EDGE('',*,*,#7598,.F.);
#11228 = PLANE('',#11229);
#11229 = AXIS2_PLACEMENT_3D('',#11230,#11231,#11232);
#11230 = CARTESIAN_POINT('',(-112.601,129.5,1.9));
#11231 = DIRECTION('',(-0.832050294338,-1.2E-16,-0.554700196225));
#11232 = DIRECTION('',(-0.554700196225,1.8E-16,0.832050294338));
#11233 = ADVANCED_FACE('',(#11234),#11245,.T.);
#11234 = FACE_BOUND('',#11235,.F.);
#11235 = EDGE_LOOP('',(#11236,#11242,#11243,#11244));
#11236 = ORIENTED_EDGE('',*,*,#11237,.T.);
#11237 = EDGE_CURVE('',#7048,#6991,#11238,.T.);
#11238 = LINE('',#11239,#11240);
#11239 = CARTESIAN_POINT('',(-43.801,3.9,1.9));
#11240 = VECTOR('',#11241,1.);
#11241 = DIRECTION('',(1.,0.,0.));
#11242 = ORIENTED_EDGE('',*,*,#6998,.T.);
#11243 = ORIENTED_EDGE('',*,*,#6539,.F.);
#11244 = ORIENTED_EDGE('',*,*,#7055,.F.);
#11245 = PLANE('',#11246);
#11246 = AXIS2_PLACEMENT_3D('',#11247,#11248,#11249);
#11247 = CARTESIAN_POINT('',(-43.801,3.9,1.9));
#11248 = DIRECTION('',(0.,0.,1.));
#11249 = DIRECTION('',(0.,1.,0.));
#11250 = ADVANCED_FACE('',(#11251),#11262,.T.);
#11251 = FACE_BOUND('',#11252,.F.);
#11252 = EDGE_LOOP('',(#11253,#11259,#11260,#11261));
#11253 = ORIENTED_EDGE('',*,*,#11254,.T.);
#11254 = EDGE_CURVE('',#7145,#7088,#11255,.T.);
#11255 = LINE('',#11256,#11257);
#11256 = CARTESIAN_POINT('',(-70.801,3.9,1.9));
#11257 = VECTOR('',#11258,1.);
#11258 = DIRECTION('',(1.,0.,0.));
#11259 = ORIENTED_EDGE('',*,*,#7095,.T.);
#11260 = ORIENTED_EDGE('',*,*,#6570,.F.);
#11261 = ORIENTED_EDGE('',*,*,#7152,.F.);
#11262 = PLANE('',#11263);
#11263 = AXIS2_PLACEMENT_3D('',#11264,#11265,#11266);
#11264 = CARTESIAN_POINT('',(-70.801,3.9,1.9));
#11265 = DIRECTION('',(0.,0.,1.));
#11266 = DIRECTION('',(0.,1.,0.));
#11267 = ADVANCED_FACE('',(#11268),#11279,.F.);
#11268 = FACE_BOUND('',#11269,.T.);
#11269 = EDGE_LOOP('',(#11270,#11276,#11277,#11278));
#11270 = ORIENTED_EDGE('',*,*,#11271,.T.);
#11271 = EDGE_CURVE('',#7185,#7242,#11272,.T.);
#11272 = LINE('',#11273,#11274);
#11273 = CARTESIAN_POINT('',(-81.801,3.9,1.9));
#11274 = VECTOR('',#11275,1.);
#11275 = DIRECTION('',(-1.,-0.,-0.));
#11276 = ORIENTED_EDGE('',*,*,#7249,.T.);
#11277 = ORIENTED_EDGE('',*,*,#6601,.F.);
#11278 = ORIENTED_EDGE('',*,*,#7192,.F.);
#11279 = PLANE('',#11280);
#11280 = AXIS2_PLACEMENT_3D('',#11281,#11282,#11283);
#11281 = CARTESIAN_POINT('',(-81.801,3.9,1.9));
#11282 = DIRECTION('',(-0.,-0.,-1.));
#11283 = DIRECTION('',(0.,1.,0.));
#11284 = ADVANCED_FACE('',(#11285),#11296,.T.);
#11285 = FACE_BOUND('',#11286,.F.);
#11286 = EDGE_LOOP('',(#11287,#11293,#11294,#11295));
#11287 = ORIENTED_EDGE('',*,*,#11288,.F.);
#11288 = EDGE_CURVE('',#6909,#6667,#11289,.T.);
#11289 = LINE('',#11290,#11291);
#11290 = CARTESIAN_POINT('',(-104.301,144.99999999999,4.9));
#11291 = VECTOR('',#11292,1.);
#11292 = DIRECTION('',(1.,0.,0.));
#11293 = ORIENTED_EDGE('',*,*,#6916,.F.);
#11294 = ORIENTED_EDGE('',*,*,#6688,.T.);
#11295 = ORIENTED_EDGE('',*,*,#6674,.T.);
#11296 = PLANE('',#11297);
#11297 = AXIS2_PLACEMENT_3D('',#11298,#11299,#11300);
#11298 = CARTESIAN_POINT('',(-104.301,144.99999999999,4.9));
#11299 = DIRECTION('',(0.,1.,0.));
#11300 = DIRECTION('',(-1.,-0.,-0.));
#11301 = ADVANCED_FACE('',(#11302),#11601,.T.);
#11302 = FACE_BOUND('',#11303,.T.);
#11303 = EDGE_LOOP('',(#11304,#11312,#11313,#11314,#11315,#11323,#11331,
    #11339,#11347,#11355,#11363,#11371,#11379,#11387,#11395,#11403,
    #11411,#11419,#11427,#11435,#11443,#11451,#11459,#11467,#11475,
    #11483,#11491,#11499,#11507,#11515,#11523,#11531,#11539,#11547,
    #11555,#11563,#11571,#11579,#11587,#11595));
#11304 = ORIENTED_EDGE('',*,*,#11305,.T.);
#11305 = EDGE_CURVE('',#11306,#6659,#11308,.T.);
#11306 = VERTEX_POINT('',#11307);
#11307 = CARTESIAN_POINT('',(-25.284,142.04278258744,4.9));
#11308 = LINE('',#11309,#11310);
#11309 = CARTESIAN_POINT('',(-79.7630422536,142.04278258744,4.9));
#11310 = VECTOR('',#11311,1.);
#11311 = DIRECTION('',(1.,0.,0.));
#11312 = ORIENTED_EDGE('',*,*,#6666,.F.);
#11313 = ORIENTED_EDGE('',*,*,#11288,.F.);
#11314 = ORIENTED_EDGE('',*,*,#6908,.F.);
#11315 = ORIENTED_EDGE('',*,*,#11316,.T.);
#11316 = EDGE_CURVE('',#6901,#11317,#11319,.T.);
#11317 = VERTEX_POINT('',#11318);
#11318 = CARTESIAN_POINT('',(-98.28399999999,142.04278258744,4.9));
#11319 = LINE('',#11320,#11321);
#11320 = CARTESIAN_POINT('',(-79.7630422536,142.04278258744,4.9));
#11321 = VECTOR('',#11322,1.);
#11322 = DIRECTION('',(1.,0.,0.));
#11323 = ORIENTED_EDGE('',*,*,#11324,.F.);
#11324 = EDGE_CURVE('',#11325,#11317,#11327,.T.);
#11325 = VERTEX_POINT('',#11326);
#11326 = CARTESIAN_POINT('',(-98.284,142.29999999999,4.9));
#11327 = LINE('',#11328,#11329);
#11328 = CARTESIAN_POINT('',(-98.28399999999,91.299999999999,4.9));
#11329 = VECTOR('',#11330,1.);
#11330 = DIRECTION('',(0.,-1.,0.));
#11331 = ORIENTED_EDGE('',*,*,#11332,.F.);
#11332 = EDGE_CURVE('',#11333,#11325,#11335,.T.);
#11333 = VERTEX_POINT('',#11334);
#11334 = CARTESIAN_POINT('',(-96.56399123641,142.29999999999,4.9));
#11335 = LINE('',#11336,#11337);
#11336 = CARTESIAN_POINT('',(-25.284,142.29999999999,4.9));
#11337 = VECTOR('',#11338,1.);
#11338 = DIRECTION('',(-1.,0.,0.));
#11339 = ORIENTED_EDGE('',*,*,#11340,.T.);
#11340 = EDGE_CURVE('',#11333,#11341,#11343,.T.);
#11341 = VERTEX_POINT('',#11342);
#11342 = CARTESIAN_POINT('',(-98.25100032116,143.98700908475,4.9));
#11343 = LINE('',#11344,#11345);
#11344 = CARTESIAN_POINT('',(-70.80325164481,116.5392604084,4.9));
#11345 = VECTOR('',#11346,1.);
#11346 = DIRECTION('',(-0.707106781187,0.707106781187,0.));
#11347 = ORIENTED_EDGE('',*,*,#11348,.T.);
#11348 = EDGE_CURVE('',#11341,#11349,#11351,.T.);
#11349 = VERTEX_POINT('',#11350);
#11350 = CARTESIAN_POINT('',(-91.95100032116,143.98700908475,4.9));
#11351 = LINE('',#11352,#11353);
#11352 = CARTESIAN_POINT('',(-76.7380422536,143.98700908475,4.9));
#11353 = VECTOR('',#11354,1.);
#11354 = DIRECTION('',(1.,0.,-0.));
#11355 = ORIENTED_EDGE('',*,*,#11356,.T.);
#11356 = EDGE_CURVE('',#11349,#11357,#11359,.T.);
#11357 = VERTEX_POINT('',#11358);
#11358 = CARTESIAN_POINT('',(-93.63800940592,142.29999999999,4.9));
#11359 = LINE('',#11360,#11361);
#11360 = CARTESIAN_POINT('',(-98.48579092995,137.45221847596,4.9));
#11361 = VECTOR('',#11362,1.);
#11362 = DIRECTION('',(-0.707106781187,-0.707106781187,0.));
#11363 = ORIENTED_EDGE('',*,*,#11364,.F.);
#11364 = EDGE_CURVE('',#11365,#11357,#11367,.T.);
#11365 = VERTEX_POINT('',#11366);
#11366 = CARTESIAN_POINT('',(-86.99256266498,142.29999999999,4.9));
#11367 = LINE('',#11368,#11369);
#11368 = CARTESIAN_POINT('',(-25.284,142.29999999999,4.9));
#11369 = VECTOR('',#11370,1.);
#11370 = DIRECTION('',(-1.,0.,0.));
#11371 = ORIENTED_EDGE('',*,*,#11372,.T.);
#11372 = EDGE_CURVE('',#11365,#11373,#11375,.T.);
#11373 = VERTEX_POINT('',#11374);
#11374 = CARTESIAN_POINT('',(-88.67957174973,143.98700908475,4.9));
#11375 = LINE('',#11376,#11377);
#11376 = CARTESIAN_POINT('',(-63.62468021624,118.93211755126,4.9));
#11377 = VECTOR('',#11378,1.);
#11378 = DIRECTION('',(-0.707106781187,0.707106781187,0.));
#11379 = ORIENTED_EDGE('',*,*,#11380,.T.);
#11380 = EDGE_CURVE('',#11373,#11381,#11383,.T.);
#11381 = VERTEX_POINT('',#11382);
#11382 = CARTESIAN_POINT('',(-82.37957174973,143.98700908475,4.9));
#11383 = LINE('',#11384,#11385);
#11384 = CARTESIAN_POINT('',(-71.95232796789,143.98700908475,4.9));
#11385 = VECTOR('',#11386,1.);
#11386 = DIRECTION('',(1.,0.,-0.));
#11387 = ORIENTED_EDGE('',*,*,#11388,.T.);
#11388 = EDGE_CURVE('',#11381,#11389,#11391,.T.);
#11389 = VERTEX_POINT('',#11390);
#11390 = CARTESIAN_POINT('',(-84.06658083449,142.29999999999,4.9));
#11391 = LINE('',#11392,#11393);
#11392 = CARTESIAN_POINT('',(-91.30721950138,135.0593613331,4.9));
#11393 = VECTOR('',#11394,1.);
#11394 = DIRECTION('',(-0.707106781187,-0.707106781187,0.));
#11395 = ORIENTED_EDGE('',*,*,#11396,.F.);
#11396 = EDGE_CURVE('',#11397,#11389,#11399,.T.);
#11397 = VERTEX_POINT('',#11398);
#11398 = CARTESIAN_POINT('',(-77.42113409355,142.29999999999,4.9));
#11399 = LINE('',#11400,#11401);
#11400 = CARTESIAN_POINT('',(-25.284,142.29999999999,4.9));
#11401 = VECTOR('',#11402,1.);
#11402 = DIRECTION('',(-1.,0.,0.));
#11403 = ORIENTED_EDGE('',*,*,#11404,.T.);
#11404 = EDGE_CURVE('',#11397,#11405,#11407,.T.);
#11405 = VERTEX_POINT('',#11406);
#11406 = CARTESIAN_POINT('',(-79.1081431783,143.98700908475,4.9));
#11407 = LINE('',#11408,#11409);
#11408 = CARTESIAN_POINT('',(-56.44610878767,121.32497469411,4.9));
#11409 = VECTOR('',#11410,1.);
#11410 = DIRECTION('',(-0.707106781187,0.707106781187,0.));
#11411 = ORIENTED_EDGE('',*,*,#11412,.T.);
#11412 = EDGE_CURVE('',#11405,#11413,#11415,.T.);
#11413 = VERTEX_POINT('',#11414);
#11414 = CARTESIAN_POINT('',(-72.8081431783,143.98700908475,4.9));
#11415 = LINE('',#11416,#11417);
#11416 = CARTESIAN_POINT('',(-67.16661368217,143.98700908475,4.9));
#11417 = VECTOR('',#11418,1.);
#11418 = DIRECTION('',(1.,0.,-0.));
#11419 = ORIENTED_EDGE('',*,*,#11420,.T.);
#11420 = EDGE_CURVE('',#11413,#11421,#11423,.T.);
#11421 = VERTEX_POINT('',#11422);
#11422 = CARTESIAN_POINT('',(-74.49515226306,142.29999999999,4.9));
#11423 = LINE('',#11424,#11425);
#11424 = CARTESIAN_POINT('',(-84.12864807281,132.66650419025,4.9));
#11425 = VECTOR('',#11426,1.);
#11426 = DIRECTION('',(-0.707106781187,-0.707106781187,0.));
#11427 = ORIENTED_EDGE('',*,*,#11428,.F.);
#11428 = EDGE_CURVE('',#11429,#11421,#11431,.T.);
#11429 = VERTEX_POINT('',#11430);
#11430 = CARTESIAN_POINT('',(-67.84970552212,142.29999999999,4.9));
#11431 = LINE('',#11432,#11433);
#11432 = CARTESIAN_POINT('',(-25.284,142.29999999999,4.9));
#11433 = VECTOR('',#11434,1.);
#11434 = DIRECTION('',(-1.,0.,0.));
#11435 = ORIENTED_EDGE('',*,*,#11436,.T.);
#11436 = EDGE_CURVE('',#11429,#11437,#11439,.T.);
#11437 = VERTEX_POINT('',#11438);
#11438 = CARTESIAN_POINT('',(-69.53671460688,143.98700908475,4.9));
#11439 = LINE('',#11440,#11441);
#11440 = CARTESIAN_POINT('',(-49.2675373591,123.71783183697,4.9));
#11441 = VECTOR('',#11442,1.);
#11442 = DIRECTION('',(-0.707106781187,0.707106781187,0.));
#11443 = ORIENTED_EDGE('',*,*,#11444,.T.);
#11444 = EDGE_CURVE('',#11437,#11445,#11447,.T.);
#11445 = VERTEX_POINT('',#11446);
#11446 = CARTESIAN_POINT('',(-63.23671460688,143.98700908475,4.9));
#11447 = LINE('',#11448,#11449);
#11448 = CARTESIAN_POINT('',(-62.38089939646,143.98700908475,4.9));
#11449 = VECTOR('',#11450,1.);
#11450 = DIRECTION('',(1.,0.,-0.));
#11451 = ORIENTED_EDGE('',*,*,#11452,.T.);
#11452 = EDGE_CURVE('',#11445,#11453,#11455,.T.);
#11453 = VERTEX_POINT('',#11454);
#11454 = CARTESIAN_POINT('',(-64.92372369163,142.29999999999,4.9));
#11455 = LINE('',#11456,#11457);
#11456 = CARTESIAN_POINT('',(-76.95007664424,130.27364704739,4.9));
#11457 = VECTOR('',#11458,1.);
#11458 = DIRECTION('',(-0.707106781187,-0.707106781187,0.));
#11459 = ORIENTED_EDGE('',*,*,#11460,.F.);
#11460 = EDGE_CURVE('',#11461,#11453,#11463,.T.);
#11461 = VERTEX_POINT('',#11462);
#11462 = CARTESIAN_POINT('',(-58.27827695069,142.29999999999,4.9));
#11463 = LINE('',#11464,#11465);
#11464 = CARTESIAN_POINT('',(-25.284,142.29999999999,4.9));
#11465 = VECTOR('',#11466,1.);
#11466 = DIRECTION('',(-1.,0.,0.));
#11467 = ORIENTED_EDGE('',*,*,#11468,.T.);
#11468 = EDGE_CURVE('',#11461,#11469,#11471,.T.);
#11469 = VERTEX_POINT('',#11470);
#11470 = CARTESIAN_POINT('',(-59.96528603545,143.98700908475,4.9));
#11471 = LINE('',#11472,#11473);
#11472 = CARTESIAN_POINT('',(-42.08896593052,126.11068897983,4.9));
#11473 = VECTOR('',#11474,1.);
#11474 = DIRECTION('',(-0.707106781187,0.707106781187,0.));
#11475 = ORIENTED_EDGE('',*,*,#11476,.T.);
#11476 = EDGE_CURVE('',#11469,#11477,#11479,.T.);
#11477 = VERTEX_POINT('',#11478);
#11478 = CARTESIAN_POINT('',(-53.66528603545,143.98700908475,4.9));
#11479 = LINE('',#11480,#11481);
#11480 = CARTESIAN_POINT('',(-57.59518511074,143.98700908475,4.9));
#11481 = VECTOR('',#11482,1.);
#11482 = DIRECTION('',(1.,0.,-0.));
#11483 = ORIENTED_EDGE('',*,*,#11484,.T.);
#11484 = EDGE_CURVE('',#11477,#11485,#11487,.T.);
#11485 = VERTEX_POINT('',#11486);
#11486 = CARTESIAN_POINT('',(-55.3522951202,142.29999999999,4.9));
#11487 = LINE('',#11488,#11489);
#11488 = CARTESIAN_POINT('',(-69.77150521567,127.88078990453,4.9));
#11489 = VECTOR('',#11490,1.);
#11490 = DIRECTION('',(-0.707106781187,-0.707106781187,0.));
#11491 = ORIENTED_EDGE('',*,*,#11492,.F.);
#11492 = EDGE_CURVE('',#11493,#11485,#11495,.T.);
#11493 = VERTEX_POINT('',#11494);
#11494 = CARTESIAN_POINT('',(-48.70684837926,142.29999999999,4.9));
#11495 = LINE('',#11496,#11497);
#11496 = CARTESIAN_POINT('',(-25.284,142.29999999999,4.9));
#11497 = VECTOR('',#11498,1.);
#11498 = DIRECTION('',(-1.,0.,0.));
#11499 = ORIENTED_EDGE('',*,*,#11500,.T.);
#11500 = EDGE_CURVE('',#11493,#11501,#11503,.T.);
#11501 = VERTEX_POINT('',#11502);
#11502 = CARTESIAN_POINT('',(-50.39385746402,143.98700908475,4.9));
#11503 = LINE('',#11504,#11505);
#11504 = CARTESIAN_POINT('',(-34.91039450195,128.50354612268,4.9));
#11505 = VECTOR('',#11506,1.);
#11506 = DIRECTION('',(-0.707106781187,0.707106781187,0.));
#11507 = ORIENTED_EDGE('',*,*,#11508,.T.);
#11508 = EDGE_CURVE('',#11501,#11509,#11511,.T.);
#11509 = VERTEX_POINT('',#11510);
#11510 = CARTESIAN_POINT('',(-44.09385746402,143.98700908475,4.9));
#11511 = LINE('',#11512,#11513);
#11512 = CARTESIAN_POINT('',(-52.80947082503,143.98700908475,4.9));
#11513 = VECTOR('',#11514,1.);
#11514 = DIRECTION('',(1.,0.,-0.));
#11515 = ORIENTED_EDGE('',*,*,#11516,.T.);
#11516 = EDGE_CURVE('',#11509,#11517,#11519,.T.);
#11517 = VERTEX_POINT('',#11518);
#11518 = CARTESIAN_POINT('',(-45.78086654877,142.29999999999,4.9));
#11519 = LINE('',#11520,#11521);
#11520 = CARTESIAN_POINT('',(-62.59293378709,125.48793276168,4.9));
#11521 = VECTOR('',#11522,1.);
#11522 = DIRECTION('',(-0.707106781187,-0.707106781187,0.));
#11523 = ORIENTED_EDGE('',*,*,#11524,.F.);
#11524 = EDGE_CURVE('',#11525,#11517,#11527,.T.);
#11525 = VERTEX_POINT('',#11526);
#11526 = CARTESIAN_POINT('',(-39.13541980783,142.29999999999,4.9));
#11527 = LINE('',#11528,#11529);
#11528 = CARTESIAN_POINT('',(-25.284,142.29999999999,4.9));
#11529 = VECTOR('',#11530,1.);
#11530 = DIRECTION('',(-1.,0.,0.));
#11531 = ORIENTED_EDGE('',*,*,#11532,.T.);
#11532 = EDGE_CURVE('',#11525,#11533,#11535,.T.);
#11533 = VERTEX_POINT('',#11534);
#11534 = CARTESIAN_POINT('',(-40.82242889259,143.98700908475,4.9));
#11535 = LINE('',#11536,#11537);
#11536 = CARTESIAN_POINT('',(-27.73182307338,130.89640326554,4.9));
#11537 = VECTOR('',#11538,1.);
#11538 = DIRECTION('',(-0.707106781187,0.707106781187,0.));
#11539 = ORIENTED_EDGE('',*,*,#11540,.T.);
#11540 = EDGE_CURVE('',#11533,#11541,#11543,.T.);
#11541 = VERTEX_POINT('',#11542);
#11542 = CARTESIAN_POINT('',(-34.52242889259,143.98700908475,4.9));
#11543 = LINE('',#11544,#11545);
#11544 = CARTESIAN_POINT('',(-48.02375653931,143.98700908475,4.9));
#11545 = VECTOR('',#11546,1.);
#11546 = DIRECTION('',(1.,0.,-0.));
#11547 = ORIENTED_EDGE('',*,*,#11548,.T.);
#11548 = EDGE_CURVE('',#11541,#11549,#11551,.T.);
#11549 = VERTEX_POINT('',#11550);
#11550 = CARTESIAN_POINT('',(-36.20943797735,142.29999999999,4.9));
#11551 = LINE('',#11552,#11553);
#11552 = CARTESIAN_POINT('',(-55.41436235852,123.09507561882,4.9));
#11553 = VECTOR('',#11554,1.);
#11554 = DIRECTION('',(-0.707106781187,-0.707106781187,0.));
#11555 = ORIENTED_EDGE('',*,*,#11556,.F.);
#11556 = EDGE_CURVE('',#11557,#11549,#11559,.T.);
#11557 = VERTEX_POINT('',#11558);
#11558 = CARTESIAN_POINT('',(-29.56399123641,142.29999999999,4.9));
#11559 = LINE('',#11560,#11561);
#11560 = CARTESIAN_POINT('',(-25.284,142.29999999999,4.9));
#11561 = VECTOR('',#11562,1.);
#11562 = DIRECTION('',(-1.,0.,0.));
#11563 = ORIENTED_EDGE('',*,*,#11564,.T.);
#11564 = EDGE_CURVE('',#11557,#11565,#11567,.T.);
#11565 = VERTEX_POINT('',#11566);
#11566 = CARTESIAN_POINT('',(-31.25100032116,143.98700908475,4.9));
#11567 = LINE('',#11568,#11569);
#11568 = CARTESIAN_POINT('',(-20.55325164481,133.2892604084,4.9));
#11569 = VECTOR('',#11570,1.);
#11570 = DIRECTION('',(-0.707106781187,0.707106781187,0.));
#11571 = ORIENTED_EDGE('',*,*,#11572,.T.);
#11572 = EDGE_CURVE('',#11565,#11573,#11575,.T.);
#11573 = VERTEX_POINT('',#11574);
#11574 = CARTESIAN_POINT('',(-24.95100032116,143.98700908475,4.9));
#11575 = LINE('',#11576,#11577);
#11576 = CARTESIAN_POINT('',(-43.2380422536,143.98700908475,4.9));
#11577 = VECTOR('',#11578,1.);
#11578 = DIRECTION('',(1.,0.,-0.));
#11579 = ORIENTED_EDGE('',*,*,#11580,.T.);
#11580 = EDGE_CURVE('',#11573,#11581,#11583,.T.);
#11581 = VERTEX_POINT('',#11582);
#11582 = CARTESIAN_POINT('',(-26.63800940592,142.29999999999,4.9));
#11583 = LINE('',#11584,#11585);
#11584 = CARTESIAN_POINT('',(-48.23579092995,120.70221847596,4.9));
#11585 = VECTOR('',#11586,1.);
#11586 = DIRECTION('',(-0.707106781187,-0.707106781187,0.));
#11587 = ORIENTED_EDGE('',*,*,#11588,.F.);
#11588 = EDGE_CURVE('',#11589,#11581,#11591,.T.);
#11589 = VERTEX_POINT('',#11590);
#11590 = CARTESIAN_POINT('',(-25.284,142.29999999999,4.9));
#11591 = LINE('',#11592,#11593);
#11592 = CARTESIAN_POINT('',(-25.284,142.29999999999,4.9));
#11593 = VECTOR('',#11594,1.);
#11594 = DIRECTION('',(-1.,0.,0.));
#11595 = ORIENTED_EDGE('',*,*,#11596,.F.);
#11596 = EDGE_CURVE('',#11306,#11589,#11597,.T.);
#11597 = LINE('',#11598,#11599);
#11598 = CARTESIAN_POINT('',(-25.284,91.299999999999,4.9));
#11599 = VECTOR('',#11600,1.);
#11600 = DIRECTION('',(0.,1.,0.));
#11601 = PLANE('',#11602);
#11602 = AXIS2_PLACEMENT_3D('',#11603,#11604,#11605);
#11603 = CARTESIAN_POINT('',(-55.22508418604,81.121930514471,4.9));
#11604 = DIRECTION('',(0.,0.,1.));
#11605 = DIRECTION('',(1.,0.,0.));
#11606 = ADVANCED_FACE('',(#11607),#11641,.T.);
#11607 = FACE_BOUND('',#11608,.T.);
#11608 = EDGE_LOOP('',(#11609,#11619,#11627,#11633,#11634,#11635));
#11609 = ORIENTED_EDGE('',*,*,#11610,.T.);
#11610 = EDGE_CURVE('',#11611,#11613,#11615,.T.);
#11611 = VERTEX_POINT('',#11612);
#11612 = CARTESIAN_POINT('',(-25.284,142.29999999999,4.454486372868));
#11613 = VERTEX_POINT('',#11614);
#11614 = CARTESIAN_POINT('',(-26.63800940592,142.29999999999,
    4.454486372868));
#11615 = LINE('',#11616,#11617);
#11616 = CARTESIAN_POINT('',(-64.79250016058,142.29999999999,
    4.454486372868));
#11617 = VECTOR('',#11618,1.);
#11618 = DIRECTION('',(-1.,0.,0.));
#11619 = ORIENTED_EDGE('',*,*,#11620,.T.);
#11620 = EDGE_CURVE('',#11613,#11621,#11623,.T.);
#11621 = VERTEX_POINT('',#11622);
#11622 = CARTESIAN_POINT('',(-25.10544098398,143.83256842193,1.8));
#11623 = LINE('',#11624,#11625);
#11624 = CARTESIAN_POINT('',(-33.46580395506,135.47220545085,
    16.280573435631));
#11625 = VECTOR('',#11626,1.);
#11626 = DIRECTION('',(0.4472135955,0.4472135955,-0.774596669241));
#11627 = ORIENTED_EDGE('',*,*,#11628,.F.);
#11628 = EDGE_CURVE('',#6651,#11621,#11629,.T.);
#11629 = LINE('',#11630,#11631);
#11630 = CARTESIAN_POINT('',(-82.46529166425,143.83256842193,1.8));
#11631 = VECTOR('',#11632,1.);
#11632 = DIRECTION('',(-1.,0.,0.));
#11633 = ORIENTED_EDGE('',*,*,#6658,.T.);
#11634 = ORIENTED_EDGE('',*,*,#11305,.F.);
#11635 = ORIENTED_EDGE('',*,*,#11636,.F.);
#11636 = EDGE_CURVE('',#11611,#11306,#11637,.T.);
#11637 = LINE('',#11638,#11639);
#11638 = CARTESIAN_POINT('',(-25.284,140.20484769021,8.083396623017));
#11639 = VECTOR('',#11640,1.);
#11640 = DIRECTION('',(0.,-0.5,0.866025403784));
#11641 = PLANE('',#11642);
#11642 = AXIS2_PLACEMENT_3D('',#11643,#11644,#11645);
#11643 = CARTESIAN_POINT('',(-104.3010003211,144.,1.51));
#11644 = DIRECTION('',(-0.,-0.866025403784,-0.5));
#11645 = DIRECTION('',(0.,-0.5,0.866025403784));
#11646 = ADVANCED_FACE('',(#11647),#11907,.T.);
#11647 = FACE_BOUND('',#11648,.T.);
#11648 = EDGE_LOOP('',(#11649,#11650,#11651,#11659,#11667,#11675,#11683,
    #11691,#11699,#11707,#11715,#11723,#11731,#11739,#11747,#11755,
    #11763,#11771,#11779,#11787,#11795,#11803,#11811,#11819,#11827,
    #11835,#11843,#11851,#11859,#11867,#11875,#11883,#11891,#11899,
    #11905,#11906));
#11649 = ORIENTED_EDGE('',*,*,#6650,.F.);
#11650 = ORIENTED_EDGE('',*,*,#11628,.T.);
#11651 = ORIENTED_EDGE('',*,*,#11652,.T.);
#11652 = EDGE_CURVE('',#11621,#11653,#11655,.T.);
#11653 = VERTEX_POINT('',#11654);
#11654 = CARTESIAN_POINT('',(-24.95100032116,143.98700908475,1.8));
#11655 = LINE('',#11656,#11657);
#11656 = CARTESIAN_POINT('',(-53.82704145737,115.11096794855,1.8));
#11657 = VECTOR('',#11658,1.);
#11658 = DIRECTION('',(0.707106781187,0.707106781187,-0.));
#11659 = ORIENTED_EDGE('',*,*,#11660,.T.);
#11660 = EDGE_CURVE('',#11653,#11661,#11663,.T.);
#11661 = VERTEX_POINT('',#11662);
#11662 = CARTESIAN_POINT('',(-31.25100032116,143.98700908475,1.8));
#11663 = LINE('',#11664,#11665);
#11664 = CARTESIAN_POINT('',(-45.94029166425,143.98700908475,1.8));
#11665 = VECTOR('',#11666,1.);
#11666 = DIRECTION('',(-1.,0.,0.));
#11667 = ORIENTED_EDGE('',*,*,#11668,.T.);
#11668 = EDGE_CURVE('',#11661,#11669,#11671,.T.);
#11669 = VERTEX_POINT('',#11670);
#11670 = CARTESIAN_POINT('',(-31.09655965834,143.83256842193,1.8));
#11671 = LINE('',#11672,#11673);
#11672 = CARTESIAN_POINT('',(-17.66425052805,130.40025929164,1.8));
#11673 = VECTOR('',#11674,1.);
#11674 = DIRECTION('',(0.707106781187,-0.707106781187,0.));
#11675 = ORIENTED_EDGE('',*,*,#11676,.T.);
#11676 = EDGE_CURVE('',#11669,#11677,#11679,.T.);
#11677 = VERTEX_POINT('',#11678);
#11678 = CARTESIAN_POINT('',(-34.67686955541,143.83256842193,1.8));
#11679 = LINE('',#11680,#11681);
#11680 = CARTESIAN_POINT('',(-82.46529166425,143.83256842193,1.8));
#11681 = VECTOR('',#11682,1.);
#11682 = DIRECTION('',(-1.,0.,0.));
#11683 = ORIENTED_EDGE('',*,*,#11684,.T.);
#11684 = EDGE_CURVE('',#11677,#11685,#11687,.T.);
#11685 = VERTEX_POINT('',#11686);
#11686 = CARTESIAN_POINT('',(-34.52242889259,143.98700908475,1.8));
#11687 = LINE('',#11688,#11689);
#11688 = CARTESIAN_POINT('',(-61.00561288594,117.5038250914,1.8));
#11689 = VECTOR('',#11690,1.);
#11690 = DIRECTION('',(0.707106781187,0.707106781187,-0.));
#11691 = ORIENTED_EDGE('',*,*,#11692,.T.);
#11692 = EDGE_CURVE('',#11685,#11693,#11695,.T.);
#11693 = VERTEX_POINT('',#11694);
#11694 = CARTESIAN_POINT('',(-40.82242889259,143.98700908475,1.8));
#11695 = LINE('',#11696,#11697);
#11696 = CARTESIAN_POINT('',(-50.72600594997,143.98700908475,1.8));
#11697 = VECTOR('',#11698,1.);
#11698 = DIRECTION('',(-1.,0.,0.));
#11699 = ORIENTED_EDGE('',*,*,#11700,.T.);
#11700 = EDGE_CURVE('',#11693,#11701,#11703,.T.);
#11701 = VERTEX_POINT('',#11702);
#11702 = CARTESIAN_POINT('',(-40.66798822977,143.83256842193,1.8));
#11703 = LINE('',#11704,#11705);
#11704 = CARTESIAN_POINT('',(-24.84282195662,128.00740214878,1.8));
#11705 = VECTOR('',#11706,1.);
#11706 = DIRECTION('',(0.707106781187,-0.707106781187,0.));
#11707 = ORIENTED_EDGE('',*,*,#11708,.T.);
#11708 = EDGE_CURVE('',#11701,#11709,#11711,.T.);
#11709 = VERTEX_POINT('',#11710);
#11710 = CARTESIAN_POINT('',(-44.24829812684,143.83256842193,1.8));
#11711 = LINE('',#11712,#11713);
#11712 = CARTESIAN_POINT('',(-82.46529166425,143.83256842193,1.8));
#11713 = VECTOR('',#11714,1.);
#11714 = DIRECTION('',(-1.,0.,0.));
#11715 = ORIENTED_EDGE('',*,*,#11716,.T.);
#11716 = EDGE_CURVE('',#11709,#11717,#11719,.T.);
#11717 = VERTEX_POINT('',#11718);
#11718 = CARTESIAN_POINT('',(-44.09385746402,143.98700908475,1.8));
#11719 = LINE('',#11720,#11721);
#11720 = CARTESIAN_POINT('',(-68.18418431451,119.89668223426,1.8));
#11721 = VECTOR('',#11722,1.);
#11722 = DIRECTION('',(0.707106781187,0.707106781187,-0.));
#11723 = ORIENTED_EDGE('',*,*,#11724,.T.);
#11724 = EDGE_CURVE('',#11717,#11725,#11727,.T.);
#11725 = VERTEX_POINT('',#11726);
#11726 = CARTESIAN_POINT('',(-50.39385746402,143.98700908475,1.8));
#11727 = LINE('',#11728,#11729);
#11728 = CARTESIAN_POINT('',(-55.51172023568,143.98700908475,1.8));
#11729 = VECTOR('',#11730,1.);
#11730 = DIRECTION('',(-1.,0.,0.));
#11731 = ORIENTED_EDGE('',*,*,#11732,.T.);
#11732 = EDGE_CURVE('',#11725,#11733,#11735,.T.);
#11733 = VERTEX_POINT('',#11734);
#11734 = CARTESIAN_POINT('',(-50.2394168012,143.83256842193,1.8));
#11735 = LINE('',#11736,#11737);
#11736 = CARTESIAN_POINT('',(-32.02139338519,125.61454500592,1.8));
#11737 = VECTOR('',#11738,1.);
#11738 = DIRECTION('',(0.707106781187,-0.707106781187,0.));
#11739 = ORIENTED_EDGE('',*,*,#11740,.T.);
#11740 = EDGE_CURVE('',#11733,#11741,#11743,.T.);
#11741 = VERTEX_POINT('',#11742);
#11742 = CARTESIAN_POINT('',(-53.81972669827,143.83256842193,1.8));
#11743 = LINE('',#11744,#11745);
#11744 = CARTESIAN_POINT('',(-82.46529166425,143.83256842193,1.8));
#11745 = VECTOR('',#11746,1.);
#11746 = DIRECTION('',(-1.,0.,0.));
#11747 = ORIENTED_EDGE('',*,*,#11748,.T.);
#11748 = EDGE_CURVE('',#11741,#11749,#11751,.T.);
#11749 = VERTEX_POINT('',#11750);
#11750 = CARTESIAN_POINT('',(-53.66528603545,143.98700908475,1.8));
#11751 = LINE('',#11752,#11753);
#11752 = CARTESIAN_POINT('',(-75.36275574308,122.28953937712,1.8));
#11753 = VECTOR('',#11754,1.);
#11754 = DIRECTION('',(0.707106781187,0.707106781187,-0.));
#11755 = ORIENTED_EDGE('',*,*,#11756,.T.);
#11756 = EDGE_CURVE('',#11749,#11757,#11759,.T.);
#11757 = VERTEX_POINT('',#11758);
#11758 = CARTESIAN_POINT('',(-59.96528603545,143.98700908475,1.8));
#11759 = LINE('',#11760,#11761);
#11760 = CARTESIAN_POINT('',(-60.2974345214,143.98700908475,1.8));
#11761 = VECTOR('',#11762,1.);
#11762 = DIRECTION('',(-1.,0.,0.));
#11763 = ORIENTED_EDGE('',*,*,#11764,.T.);
#11764 = EDGE_CURVE('',#11757,#11765,#11767,.T.);
#11765 = VERTEX_POINT('',#11766);
#11766 = CARTESIAN_POINT('',(-59.81084537263,143.83256842193,1.8));
#11767 = LINE('',#11768,#11769);
#11768 = CARTESIAN_POINT('',(-39.19996481376,123.22168786307,1.8));
#11769 = VECTOR('',#11770,1.);
#11770 = DIRECTION('',(0.707106781187,-0.707106781187,0.));
#11771 = ORIENTED_EDGE('',*,*,#11772,.T.);
#11772 = EDGE_CURVE('',#11765,#11773,#11775,.T.);
#11773 = VERTEX_POINT('',#11774);
#11774 = CARTESIAN_POINT('',(-63.3911552697,143.83256842193,1.8));
#11775 = LINE('',#11776,#11777);
#11776 = CARTESIAN_POINT('',(-82.46529166425,143.83256842193,1.8));
#11777 = VECTOR('',#11778,1.);
#11778 = DIRECTION('',(-1.,0.,0.));
#11779 = ORIENTED_EDGE('',*,*,#11780,.T.);
#11780 = EDGE_CURVE('',#11773,#11781,#11783,.T.);
#11781 = VERTEX_POINT('',#11782);
#11782 = CARTESIAN_POINT('',(-63.23671460688,143.98700908475,1.8));
#11783 = LINE('',#11784,#11785);
#11784 = CARTESIAN_POINT('',(-82.54132717165,124.68239651997,1.8));
#11785 = VECTOR('',#11786,1.);
#11786 = DIRECTION('',(0.707106781187,0.707106781187,-0.));
#11787 = ORIENTED_EDGE('',*,*,#11788,.T.);
#11788 = EDGE_CURVE('',#11781,#11789,#11791,.T.);
#11789 = VERTEX_POINT('',#11790);
#11790 = CARTESIAN_POINT('',(-69.53671460688,143.98700908475,1.8));
#11791 = LINE('',#11792,#11793);
#11792 = CARTESIAN_POINT('',(-65.08314880711,143.98700908475,1.8));
#11793 = VECTOR('',#11794,1.);
#11794 = DIRECTION('',(-1.,0.,0.));
#11795 = ORIENTED_EDGE('',*,*,#11796,.T.);
#11796 = EDGE_CURVE('',#11789,#11797,#11799,.T.);
#11797 = VERTEX_POINT('',#11798);
#11798 = CARTESIAN_POINT('',(-69.38227394406,143.83256842193,1.8));
#11799 = LINE('',#11800,#11801);
#11800 = CARTESIAN_POINT('',(-46.37853624233,120.82883072021,1.8));
#11801 = VECTOR('',#11802,1.);
#11802 = DIRECTION('',(0.707106781187,-0.707106781187,0.));
#11803 = ORIENTED_EDGE('',*,*,#11804,.T.);
#11804 = EDGE_CURVE('',#11797,#11805,#11807,.T.);
#11805 = VERTEX_POINT('',#11806);
#11806 = CARTESIAN_POINT('',(-72.96258384112,143.83256842193,1.8));
#11807 = LINE('',#11808,#11809);
#11808 = CARTESIAN_POINT('',(-82.46529166425,143.83256842193,1.8));
#11809 = VECTOR('',#11810,1.);
#11810 = DIRECTION('',(-1.,0.,0.));
#11811 = ORIENTED_EDGE('',*,*,#11812,.T.);
#11812 = EDGE_CURVE('',#11805,#11813,#11815,.T.);
#11813 = VERTEX_POINT('',#11814);
#11814 = CARTESIAN_POINT('',(-72.8081431783,143.98700908475,1.8));
#11815 = LINE('',#11816,#11817);
#11816 = CARTESIAN_POINT('',(-89.71989860022,127.07525366283,1.8));
#11817 = VECTOR('',#11818,1.);
#11818 = DIRECTION('',(0.707106781187,0.707106781187,-0.));
#11819 = ORIENTED_EDGE('',*,*,#11820,.T.);
#11820 = EDGE_CURVE('',#11813,#11821,#11823,.T.);
#11821 = VERTEX_POINT('',#11822);
#11822 = CARTESIAN_POINT('',(-79.1081431783,143.98700908475,1.8));
#11823 = LINE('',#11824,#11825);
#11824 = CARTESIAN_POINT('',(-69.86886309283,143.98700908475,1.8));
#11825 = VECTOR('',#11826,1.);
#11826 = DIRECTION('',(-1.,0.,0.));
#11827 = ORIENTED_EDGE('',*,*,#11828,.T.);
#11828 = EDGE_CURVE('',#11821,#11829,#11831,.T.);
#11829 = VERTEX_POINT('',#11830);
#11830 = CARTESIAN_POINT('',(-78.95370251548,143.83256842193,1.8));
#11831 = LINE('',#11832,#11833);
#11832 = CARTESIAN_POINT('',(-53.55710767091,118.43597357735,1.8));
#11833 = VECTOR('',#11834,1.);
#11834 = DIRECTION('',(0.707106781187,-0.707106781187,0.));
#11835 = ORIENTED_EDGE('',*,*,#11836,.T.);
#11836 = EDGE_CURVE('',#11829,#11837,#11839,.T.);
#11837 = VERTEX_POINT('',#11838);
#11838 = CARTESIAN_POINT('',(-82.53401241255,143.83256842193,1.8));
#11839 = LINE('',#11840,#11841);
#11840 = CARTESIAN_POINT('',(-82.46529166425,143.83256842193,1.8));
#11841 = VECTOR('',#11842,1.);
#11842 = DIRECTION('',(-1.,0.,0.));
#11843 = ORIENTED_EDGE('',*,*,#11844,.T.);
#11844 = EDGE_CURVE('',#11837,#11845,#11847,.T.);
#11845 = VERTEX_POINT('',#11846);
#11846 = CARTESIAN_POINT('',(-82.37957174973,143.98700908475,1.8));
#11847 = LINE('',#11848,#11849);
#11848 = CARTESIAN_POINT('',(-96.8984700288,129.46811080569,1.8));
#11849 = VECTOR('',#11850,1.);
#11850 = DIRECTION('',(0.707106781187,0.707106781187,-0.));
#11851 = ORIENTED_EDGE('',*,*,#11852,.T.);
#11852 = EDGE_CURVE('',#11845,#11853,#11855,.T.);
#11853 = VERTEX_POINT('',#11854);
#11854 = CARTESIAN_POINT('',(-88.67957174973,143.98700908475,1.8));
#11855 = LINE('',#11856,#11857);
#11856 = CARTESIAN_POINT('',(-74.65457737854,143.98700908475,1.8));
#11857 = VECTOR('',#11858,1.);
#11858 = DIRECTION('',(-1.,0.,0.));
#11859 = ORIENTED_EDGE('',*,*,#11860,.T.);
#11860 = EDGE_CURVE('',#11853,#11861,#11863,.T.);
#11861 = VERTEX_POINT('',#11862);
#11862 = CARTESIAN_POINT('',(-88.52513108691,143.83256842193,1.8));
#11863 = LINE('',#11864,#11865);
#11864 = CARTESIAN_POINT('',(-60.73567909948,116.04311643449,1.8));
#11865 = VECTOR('',#11866,1.);
#11866 = DIRECTION('',(0.707106781187,-0.707106781187,0.));
#11867 = ORIENTED_EDGE('',*,*,#11868,.T.);
#11868 = EDGE_CURVE('',#11861,#11869,#11871,.T.);
#11869 = VERTEX_POINT('',#11870);
#11870 = CARTESIAN_POINT('',(-92.10544098398,143.83256842193,1.8));
#11871 = LINE('',#11872,#11873);
#11872 = CARTESIAN_POINT('',(-82.46529166425,143.83256842193,1.8));
#11873 = VECTOR('',#11874,1.);
#11874 = DIRECTION('',(-1.,0.,0.));
#11875 = ORIENTED_EDGE('',*,*,#11876,.T.);
#11876 = EDGE_CURVE('',#11869,#11877,#11879,.T.);
#11877 = VERTEX_POINT('',#11878);
#11878 = CARTESIAN_POINT('',(-91.95100032116,143.98700908475,1.8));
#11879 = LINE('',#11880,#11881);
#11880 = CARTESIAN_POINT('',(-104.0770414573,131.86096794855,1.8));
#11881 = VECTOR('',#11882,1.);
#11882 = DIRECTION('',(0.707106781187,0.707106781187,-0.));
#11883 = ORIENTED_EDGE('',*,*,#11884,.T.);
#11884 = EDGE_CURVE('',#11877,#11885,#11887,.T.);
#11885 = VERTEX_POINT('',#11886);
#11886 = CARTESIAN_POINT('',(-98.25100032116,143.98700908475,1.8));
#11887 = LINE('',#11888,#11889);
#11888 = CARTESIAN_POINT('',(-79.44029166425,143.98700908475,1.8));
#11889 = VECTOR('',#11890,1.);
#11890 = DIRECTION('',(-1.,0.,0.));
#11891 = ORIENTED_EDGE('',*,*,#11892,.T.);
#11892 = EDGE_CURVE('',#11885,#11893,#11895,.T.);
#11893 = VERTEX_POINT('',#11894);
#11894 = CARTESIAN_POINT('',(-98.09655965834,143.83256842193,1.8));
#11895 = LINE('',#11896,#11897);
#11896 = CARTESIAN_POINT('',(-67.91425052805,113.65025929164,1.8));
#11897 = VECTOR('',#11898,1.);
#11898 = DIRECTION('',(0.707106781187,-0.707106781187,0.));
#11899 = ORIENTED_EDGE('',*,*,#11900,.T.);
#11900 = EDGE_CURVE('',#11893,#6893,#11901,.T.);
#11901 = LINE('',#11902,#11903);
#11902 = CARTESIAN_POINT('',(-82.46529166425,143.83256842193,1.8));
#11903 = VECTOR('',#11904,1.);
#11904 = DIRECTION('',(-1.,0.,0.));
#11905 = ORIENTED_EDGE('',*,*,#6892,.T.);
#11906 = ORIENTED_EDGE('',*,*,#8735,.F.);
#11907 = PLANE('',#11908);
#11908 = AXIS2_PLACEMENT_3D('',#11909,#11910,#11911);
#11909 = CARTESIAN_POINT('',(-60.62958300735,64.161427226118,1.8));
#11910 = DIRECTION('',(-0.,-0.,-1.));
#11911 = DIRECTION('',(-1.,0.,0.));
#11912 = ADVANCED_FACE('',(#11913),#11947,.T.);
#11913 = FACE_BOUND('',#11914,.F.);
#11914 = EDGE_LOOP('',(#11915,#11916,#11924,#11932,#11940,#11946));
#11915 = ORIENTED_EDGE('',*,*,#6765,.T.);
#11916 = ORIENTED_EDGE('',*,*,#11917,.T.);
#11917 = EDGE_CURVE('',#6758,#11918,#11920,.T.);
#11918 = VERTEX_POINT('',#11919);
#11919 = CARTESIAN_POINT('',(-27.801,146.1,2.8));
#11920 = LINE('',#11921,#11922);
#11921 = CARTESIAN_POINT('',(-27.801,146.1,3.7));
#11922 = VECTOR('',#11923,1.);
#11923 = DIRECTION('',(0.,-4.4E-16,-1.));
#11924 = ORIENTED_EDGE('',*,*,#11925,.T.);
#11925 = EDGE_CURVE('',#11918,#11926,#11928,.T.);
#11926 = VERTEX_POINT('',#11927);
#11927 = CARTESIAN_POINT('',(-27.801,145.65000000883,2.350000155882));
#11928 = LINE('',#11929,#11930);
#11929 = CARTESIAN_POINT('',(-27.801,146.1,2.8));
#11930 = VECTOR('',#11931,1.);
#11931 = DIRECTION('',(0.,-0.707106896721,-0.707106665652));
#11932 = ORIENTED_EDGE('',*,*,#11933,.T.);
#11933 = EDGE_CURVE('',#11926,#11934,#11936,.T.);
#11934 = VERTEX_POINT('',#11935);
#11935 = CARTESIAN_POINT('',(-27.801,146.1,1.9));
#11936 = LINE('',#11937,#11938);
#11937 = CARTESIAN_POINT('',(-27.801,145.65000000883,2.350000155882));
#11938 = VECTOR('',#11939,1.);
#11939 = DIRECTION('',(0.,0.707106651777,-0.707106910596));
#11940 = ORIENTED_EDGE('',*,*,#11941,.T.);
#11941 = EDGE_CURVE('',#11934,#6846,#11942,.T.);
#11942 = LINE('',#11943,#11944);
#11943 = CARTESIAN_POINT('',(-27.801,146.1,1.9));
#11944 = VECTOR('',#11945,1.);
#11945 = DIRECTION('',(0.,1.,-4.4E-16));
#11946 = ORIENTED_EDGE('',*,*,#6853,.T.);
#11947 = PLANE('',#11948);
#11948 = AXIS2_PLACEMENT_3D('',#11949,#11950,#11951);
#11949 = CARTESIAN_POINT('',(-27.801,147.00820381398,2.914948264685));
#11950 = DIRECTION('',(-1.,-0.,-0.));
#11951 = DIRECTION('',(0.,4.4E-16,1.));
#11952 = ADVANCED_FACE('',(#11953),#11971,.T.);
#11953 = FACE_BOUND('',#11954,.T.);
#11954 = EDGE_LOOP('',(#11955,#11956,#11957,#11965));
#11955 = ORIENTED_EDGE('',*,*,#6757,.T.);
#11956 = ORIENTED_EDGE('',*,*,#11917,.T.);
#11957 = ORIENTED_EDGE('',*,*,#11958,.F.);
#11958 = EDGE_CURVE('',#11959,#11918,#11961,.T.);
#11959 = VERTEX_POINT('',#11960);
#11960 = CARTESIAN_POINT('',(-43.801,146.1,2.8));
#11961 = LINE('',#11962,#11963);
#11962 = CARTESIAN_POINT('',(-43.801,146.1,2.8));
#11963 = VECTOR('',#11964,1.);
#11964 = DIRECTION('',(1.,0.,0.));
#11965 = ORIENTED_EDGE('',*,*,#11966,.F.);
#11966 = EDGE_CURVE('',#6750,#11959,#11967,.T.);
#11967 = LINE('',#11968,#11969);
#11968 = CARTESIAN_POINT('',(-43.801,146.1,3.7));
#11969 = VECTOR('',#11970,1.);
#11970 = DIRECTION('',(0.,-4.4E-16,-1.));
#11971 = PLANE('',#11972);
#11972 = AXIS2_PLACEMENT_3D('',#11973,#11974,#11975);
#11973 = CARTESIAN_POINT('',(-43.801,146.1,3.7));
#11974 = DIRECTION('',(0.,1.,-4.4E-16));
#11975 = DIRECTION('',(0.,-4.4E-16,-1.));
#11976 = ADVANCED_FACE('',(#11977),#12004,.F.);
#11977 = FACE_BOUND('',#11978,.T.);
#11978 = EDGE_LOOP('',(#11979,#11980,#11981,#11989,#11997,#12003));
#11979 = ORIENTED_EDGE('',*,*,#6749,.T.);
#11980 = ORIENTED_EDGE('',*,*,#11966,.T.);
#11981 = ORIENTED_EDGE('',*,*,#11982,.T.);
#11982 = EDGE_CURVE('',#11959,#11983,#11985,.T.);
#11983 = VERTEX_POINT('',#11984);
#11984 = CARTESIAN_POINT('',(-43.801,145.65000000883,2.350000155882));
#11985 = LINE('',#11986,#11987);
#11986 = CARTESIAN_POINT('',(-43.801,146.1,2.8));
#11987 = VECTOR('',#11988,1.);
#11988 = DIRECTION('',(0.,-0.707106896721,-0.707106665652));
#11989 = ORIENTED_EDGE('',*,*,#11990,.T.);
#11990 = EDGE_CURVE('',#11983,#11991,#11993,.T.);
#11991 = VERTEX_POINT('',#11992);
#11992 = CARTESIAN_POINT('',(-43.801,146.1,1.9));
#11993 = LINE('',#11994,#11995);
#11994 = CARTESIAN_POINT('',(-43.801,145.65000000883,2.350000155882));
#11995 = VECTOR('',#11996,1.);
#11996 = DIRECTION('',(0.,0.707106651777,-0.707106910596));
#11997 = ORIENTED_EDGE('',*,*,#11998,.T.);
#11998 = EDGE_CURVE('',#11991,#6844,#11999,.T.);
#11999 = LINE('',#12000,#12001);
#12000 = CARTESIAN_POINT('',(-43.801,146.1,1.9));
#12001 = VECTOR('',#12002,1.);
#12002 = DIRECTION('',(0.,1.,-4.4E-16));
#12003 = ORIENTED_EDGE('',*,*,#6860,.T.);
#12004 = PLANE('',#12005);
#12005 = AXIS2_PLACEMENT_3D('',#12006,#12007,#12008);
#12006 = CARTESIAN_POINT('',(-43.801,147.00820381398,2.914948264685));
#12007 = DIRECTION('',(-1.,-0.,-0.));
#12008 = DIRECTION('',(0.,4.4E-16,1.));
#12009 = ADVANCED_FACE('',(#12010),#12044,.T.);
#12010 = FACE_BOUND('',#12011,.F.);
#12011 = EDGE_LOOP('',(#12012,#12013,#12021,#12029,#12037,#12043));
#12012 = ORIENTED_EDGE('',*,*,#6742,.T.);
#12013 = ORIENTED_EDGE('',*,*,#12014,.T.);
#12014 = EDGE_CURVE('',#6735,#12015,#12017,.T.);
#12015 = VERTEX_POINT('',#12016);
#12016 = CARTESIAN_POINT('',(-54.801,146.1,2.8));
#12017 = LINE('',#12018,#12019);
#12018 = CARTESIAN_POINT('',(-54.801,146.1,3.7));
#12019 = VECTOR('',#12020,1.);
#12020 = DIRECTION('',(0.,-4.4E-16,-1.));
#12021 = ORIENTED_EDGE('',*,*,#12022,.T.);
#12022 = EDGE_CURVE('',#12015,#12023,#12025,.T.);
#12023 = VERTEX_POINT('',#12024);
#12024 = CARTESIAN_POINT('',(-54.801,145.65000000883,2.350000155882));
#12025 = LINE('',#12026,#12027);
#12026 = CARTESIAN_POINT('',(-54.801,146.1,2.8));
#12027 = VECTOR('',#12028,1.);
#12028 = DIRECTION('',(0.,-0.707106896721,-0.707106665652));
#12029 = ORIENTED_EDGE('',*,*,#12030,.T.);
#12030 = EDGE_CURVE('',#12023,#12031,#12033,.T.);
#12031 = VERTEX_POINT('',#12032);
#12032 = CARTESIAN_POINT('',(-54.801,146.1,1.9));
#12033 = LINE('',#12034,#12035);
#12034 = CARTESIAN_POINT('',(-54.801,145.65000000883,2.350000155882));
#12035 = VECTOR('',#12036,1.);
#12036 = DIRECTION('',(0.,0.707106651777,-0.707106910596));
#12037 = ORIENTED_EDGE('',*,*,#12038,.T.);
#12038 = EDGE_CURVE('',#12031,#6815,#12039,.T.);
#12039 = LINE('',#12040,#12041);
#12040 = CARTESIAN_POINT('',(-54.801,146.1,1.9));
#12041 = VECTOR('',#12042,1.);
#12042 = DIRECTION('',(0.,1.,-4.4E-16));
#12043 = ORIENTED_EDGE('',*,*,#6822,.T.);
#12044 = PLANE('',#12045);
#12045 = AXIS2_PLACEMENT_3D('',#12046,#12047,#12048);
#12046 = CARTESIAN_POINT('',(-54.801,147.00820381398,2.914948264685));
#12047 = DIRECTION('',(-1.,-0.,-0.));
#12048 = DIRECTION('',(0.,4.4E-16,1.));
#12049 = ADVANCED_FACE('',(#12050),#12068,.T.);
#12050 = FACE_BOUND('',#12051,.T.);
#12051 = EDGE_LOOP('',(#12052,#12053,#12054,#12062));
#12052 = ORIENTED_EDGE('',*,*,#6734,.T.);
#12053 = ORIENTED_EDGE('',*,*,#12014,.T.);
#12054 = ORIENTED_EDGE('',*,*,#12055,.F.);
#12055 = EDGE_CURVE('',#12056,#12015,#12058,.T.);
#12056 = VERTEX_POINT('',#12057);
#12057 = CARTESIAN_POINT('',(-70.801,146.1,2.8));
#12058 = LINE('',#12059,#12060);
#12059 = CARTESIAN_POINT('',(-70.801,146.1,2.8));
#12060 = VECTOR('',#12061,1.);
#12061 = DIRECTION('',(1.,0.,0.));
#12062 = ORIENTED_EDGE('',*,*,#12063,.F.);
#12063 = EDGE_CURVE('',#6727,#12056,#12064,.T.);
#12064 = LINE('',#12065,#12066);
#12065 = CARTESIAN_POINT('',(-70.801,146.1,3.7));
#12066 = VECTOR('',#12067,1.);
#12067 = DIRECTION('',(0.,-4.4E-16,-1.));
#12068 = PLANE('',#12069);
#12069 = AXIS2_PLACEMENT_3D('',#12070,#12071,#12072);
#12070 = CARTESIAN_POINT('',(-70.801,146.1,3.7));
#12071 = DIRECTION('',(0.,1.,-4.4E-16));
#12072 = DIRECTION('',(0.,-4.4E-16,-1.));
#12073 = ADVANCED_FACE('',(#12074),#12101,.F.);
#12074 = FACE_BOUND('',#12075,.T.);
#12075 = EDGE_LOOP('',(#12076,#12077,#12078,#12086,#12094,#12100));
#12076 = ORIENTED_EDGE('',*,*,#6726,.T.);
#12077 = ORIENTED_EDGE('',*,*,#12063,.T.);
#12078 = ORIENTED_EDGE('',*,*,#12079,.T.);
#12079 = EDGE_CURVE('',#12056,#12080,#12082,.T.);
#12080 = VERTEX_POINT('',#12081);
#12081 = CARTESIAN_POINT('',(-70.801,145.65000000883,2.350000155882));
#12082 = LINE('',#12083,#12084);
#12083 = CARTESIAN_POINT('',(-70.801,146.1,2.8));
#12084 = VECTOR('',#12085,1.);
#12085 = DIRECTION('',(0.,-0.707106896721,-0.707106665652));
#12086 = ORIENTED_EDGE('',*,*,#12087,.T.);
#12087 = EDGE_CURVE('',#12080,#12088,#12090,.T.);
#12088 = VERTEX_POINT('',#12089);
#12089 = CARTESIAN_POINT('',(-70.801,146.1,1.9));
#12090 = LINE('',#12091,#12092);
#12091 = CARTESIAN_POINT('',(-70.801,145.65000000883,2.350000155882));
#12092 = VECTOR('',#12093,1.);
#12093 = DIRECTION('',(0.,0.707106651777,-0.707106910596));
#12094 = ORIENTED_EDGE('',*,*,#12095,.T.);
#12095 = EDGE_CURVE('',#12088,#6813,#12096,.T.);
#12096 = LINE('',#12097,#12098);
#12097 = CARTESIAN_POINT('',(-70.801,146.1,1.9));
#12098 = VECTOR('',#12099,1.);
#12099 = DIRECTION('',(0.,1.,-4.4E-16));
#12100 = ORIENTED_EDGE('',*,*,#6829,.T.);
#12101 = PLANE('',#12102);
#12102 = AXIS2_PLACEMENT_3D('',#12103,#12104,#12105);
#12103 = CARTESIAN_POINT('',(-70.801,147.00820381398,2.914948264685));
#12104 = DIRECTION('',(-1.,-0.,-0.));
#12105 = DIRECTION('',(0.,4.4E-16,1.));
#12106 = ADVANCED_FACE('',(#12107),#12141,.T.);
#12107 = FACE_BOUND('',#12108,.F.);
#12108 = EDGE_LOOP('',(#12109,#12110,#12118,#12126,#12134,#12140));
#12109 = ORIENTED_EDGE('',*,*,#6719,.T.);
#12110 = ORIENTED_EDGE('',*,*,#12111,.T.);
#12111 = EDGE_CURVE('',#6712,#12112,#12114,.T.);
#12112 = VERTEX_POINT('',#12113);
#12113 = CARTESIAN_POINT('',(-81.801,146.1,2.8));
#12114 = LINE('',#12115,#12116);
#12115 = CARTESIAN_POINT('',(-81.801,146.1,3.7));
#12116 = VECTOR('',#12117,1.);
#12117 = DIRECTION('',(0.,-4.4E-16,-1.));
#12118 = ORIENTED_EDGE('',*,*,#12119,.T.);
#12119 = EDGE_CURVE('',#12112,#12120,#12122,.T.);
#12120 = VERTEX_POINT('',#12121);
#12121 = CARTESIAN_POINT('',(-81.801,145.65000000883,2.350000155882));
#12122 = LINE('',#12123,#12124);
#12123 = CARTESIAN_POINT('',(-81.801,146.1,2.8));
#12124 = VECTOR('',#12125,1.);
#12125 = DIRECTION('',(0.,-0.707106896721,-0.707106665652));
#12126 = ORIENTED_EDGE('',*,*,#12127,.T.);
#12127 = EDGE_CURVE('',#12120,#12128,#12130,.T.);
#12128 = VERTEX_POINT('',#12129);
#12129 = CARTESIAN_POINT('',(-81.801,146.1,1.9));
#12130 = LINE('',#12131,#12132);
#12131 = CARTESIAN_POINT('',(-81.801,145.65000000883,2.350000155882));
#12132 = VECTOR('',#12133,1.);
#12133 = DIRECTION('',(0.,0.707106651777,-0.707106910596));
#12134 = ORIENTED_EDGE('',*,*,#12135,.T.);
#12135 = EDGE_CURVE('',#12128,#6782,#12136,.T.);
#12136 = LINE('',#12137,#12138);
#12137 = CARTESIAN_POINT('',(-81.801,146.1,1.9));
#12138 = VECTOR('',#12139,1.);
#12139 = DIRECTION('',(0.,1.,-4.4E-16));
#12140 = ORIENTED_EDGE('',*,*,#6798,.T.);
#12141 = PLANE('',#12142);
#12142 = AXIS2_PLACEMENT_3D('',#12143,#12144,#12145);
#12143 = CARTESIAN_POINT('',(-81.801,147.00820381398,2.914948264685));
#12144 = DIRECTION('',(-1.,-0.,-0.));
#12145 = DIRECTION('',(0.,4.4E-16,1.));
#12146 = ADVANCED_FACE('',(#12147),#12165,.F.);
#12147 = FACE_BOUND('',#12148,.F.);
#12148 = EDGE_LOOP('',(#12149,#12150,#12158,#12164));
#12149 = ORIENTED_EDGE('',*,*,#6711,.T.);
#12150 = ORIENTED_EDGE('',*,*,#12151,.T.);
#12151 = EDGE_CURVE('',#6704,#12152,#12154,.T.);
#12152 = VERTEX_POINT('',#12153);
#12153 = CARTESIAN_POINT('',(-97.801,146.1,2.8));
#12154 = LINE('',#12155,#12156);
#12155 = CARTESIAN_POINT('',(-97.801,146.1,3.7));
#12156 = VECTOR('',#12157,1.);
#12157 = DIRECTION('',(0.,-4.4E-16,-1.));
#12158 = ORIENTED_EDGE('',*,*,#12159,.F.);
#12159 = EDGE_CURVE('',#12112,#12152,#12160,.T.);
#12160 = LINE('',#12161,#12162);
#12161 = CARTESIAN_POINT('',(-81.801,146.1,2.8));
#12162 = VECTOR('',#12163,1.);
#12163 = DIRECTION('',(-1.,-0.,-0.));
#12164 = ORIENTED_EDGE('',*,*,#12111,.F.);
#12165 = PLANE('',#12166);
#12166 = AXIS2_PLACEMENT_3D('',#12167,#12168,#12169);
#12167 = CARTESIAN_POINT('',(-81.801,146.1,3.7));
#12168 = DIRECTION('',(0.,-1.,4.4E-16));
#12169 = DIRECTION('',(0.,-4.4E-16,-1.));
#12170 = ADVANCED_FACE('',(#12171),#12198,.F.);
#12171 = FACE_BOUND('',#12172,.T.);
#12172 = EDGE_LOOP('',(#12173,#12174,#12175,#12183,#12191,#12197));
#12173 = ORIENTED_EDGE('',*,*,#6703,.T.);
#12174 = ORIENTED_EDGE('',*,*,#12151,.T.);
#12175 = ORIENTED_EDGE('',*,*,#12176,.T.);
#12176 = EDGE_CURVE('',#12152,#12177,#12179,.T.);
#12177 = VERTEX_POINT('',#12178);
#12178 = CARTESIAN_POINT('',(-97.801,145.65000000883,2.350000155882));
#12179 = LINE('',#12180,#12181);
#12180 = CARTESIAN_POINT('',(-97.801,146.1,2.8));
#12181 = VECTOR('',#12182,1.);
#12182 = DIRECTION('',(0.,-0.707106896721,-0.707106665652));
#12183 = ORIENTED_EDGE('',*,*,#12184,.T.);
#12184 = EDGE_CURVE('',#12177,#12185,#12187,.T.);
#12185 = VERTEX_POINT('',#12186);
#12186 = CARTESIAN_POINT('',(-97.801,146.1,1.9));
#12187 = LINE('',#12188,#12189);
#12188 = CARTESIAN_POINT('',(-97.801,145.65000000883,2.350000155882));
#12189 = VECTOR('',#12190,1.);
#12190 = DIRECTION('',(0.,0.707106651777,-0.707106910596));
#12191 = ORIENTED_EDGE('',*,*,#12192,.T.);
#12192 = EDGE_CURVE('',#12185,#6784,#12193,.T.);
#12193 = LINE('',#12194,#12195);
#12194 = CARTESIAN_POINT('',(-97.801,146.1,1.9));
#12195 = VECTOR('',#12196,1.);
#12196 = DIRECTION('',(0.,1.,-4.4E-16));
#12197 = ORIENTED_EDGE('',*,*,#6791,.T.);
#12198 = PLANE('',#12199);
#12199 = AXIS2_PLACEMENT_3D('',#12200,#12201,#12202);
#12200 = CARTESIAN_POINT('',(-97.801,147.00820381398,2.914948264685));
#12201 = DIRECTION('',(-1.,-0.,-0.));
#12202 = DIRECTION('',(0.,4.4E-16,1.));
#12203 = ADVANCED_FACE('',(#12204),#12215,.F.);
#12204 = FACE_BOUND('',#12205,.F.);
#12205 = EDGE_LOOP('',(#12206,#12212,#12213,#12214));
#12206 = ORIENTED_EDGE('',*,*,#12207,.T.);
#12207 = EDGE_CURVE('',#12128,#12185,#12208,.T.);
#12208 = LINE('',#12209,#12210);
#12209 = CARTESIAN_POINT('',(-81.801,146.1,1.9));
#12210 = VECTOR('',#12211,1.);
#12211 = DIRECTION('',(-1.,-0.,-0.));
#12212 = ORIENTED_EDGE('',*,*,#12192,.T.);
#12213 = ORIENTED_EDGE('',*,*,#6781,.F.);
#12214 = ORIENTED_EDGE('',*,*,#12135,.F.);
#12215 = PLANE('',#12216);
#12216 = AXIS2_PLACEMENT_3D('',#12217,#12218,#12219);
#12217 = CARTESIAN_POINT('',(-81.801,146.1,1.9));
#12218 = DIRECTION('',(0.,-4.4E-16,-1.));
#12219 = DIRECTION('',(0.,1.,-4.4E-16));
#12220 = ADVANCED_FACE('',(#12221),#12232,.T.);
#12221 = FACE_BOUND('',#12222,.T.);
#12222 = EDGE_LOOP('',(#12223,#12229,#12230,#12231));
#12223 = ORIENTED_EDGE('',*,*,#12224,.T.);
#12224 = EDGE_CURVE('',#12088,#12031,#12225,.T.);
#12225 = LINE('',#12226,#12227);
#12226 = CARTESIAN_POINT('',(-70.801,146.1,1.9));
#12227 = VECTOR('',#12228,1.);
#12228 = DIRECTION('',(1.,0.,0.));
#12229 = ORIENTED_EDGE('',*,*,#12038,.T.);
#12230 = ORIENTED_EDGE('',*,*,#6812,.F.);
#12231 = ORIENTED_EDGE('',*,*,#12095,.F.);
#12232 = PLANE('',#12233);
#12233 = AXIS2_PLACEMENT_3D('',#12234,#12235,#12236);
#12234 = CARTESIAN_POINT('',(-70.801,146.1,1.9));
#12235 = DIRECTION('',(0.,4.4E-16,1.));
#12236 = DIRECTION('',(0.,1.,-4.4E-16));
#12237 = ADVANCED_FACE('',(#12238),#12249,.T.);
#12238 = FACE_BOUND('',#12239,.T.);
#12239 = EDGE_LOOP('',(#12240,#12246,#12247,#12248));
#12240 = ORIENTED_EDGE('',*,*,#12241,.T.);
#12241 = EDGE_CURVE('',#11991,#11934,#12242,.T.);
#12242 = LINE('',#12243,#12244);
#12243 = CARTESIAN_POINT('',(-43.801,146.1,1.9));
#12244 = VECTOR('',#12245,1.);
#12245 = DIRECTION('',(1.,0.,0.));
#12246 = ORIENTED_EDGE('',*,*,#11941,.T.);
#12247 = ORIENTED_EDGE('',*,*,#6843,.F.);
#12248 = ORIENTED_EDGE('',*,*,#11998,.F.);
#12249 = PLANE('',#12250);
#12250 = AXIS2_PLACEMENT_3D('',#12251,#12252,#12253);
#12251 = CARTESIAN_POINT('',(-43.801,146.1,1.9));
#12252 = DIRECTION('',(0.,4.4E-16,1.));
#12253 = DIRECTION('',(0.,1.,-4.4E-16));
#12254 = ADVANCED_FACE('',(#12255),#12282,.T.);
#12255 = FACE_BOUND('',#12256,.T.);
#12256 = EDGE_LOOP('',(#12257,#12265,#12273,#12279,#12280,#12281));
#12257 = ORIENTED_EDGE('',*,*,#12258,.T.);
#12258 = EDGE_CURVE('',#11893,#12259,#12261,.T.);
#12259 = VERTEX_POINT('',#12260);
#12260 = CARTESIAN_POINT('',(-96.56399123641,142.29999999999,
    4.454486372868));
#12261 = LINE('',#12262,#12263);
#12262 = CARTESIAN_POINT('',(-97.88619668726,143.62220545085,
    2.164359353945));
#12263 = VECTOR('',#12264,1.);
#12264 = DIRECTION('',(0.4472135955,-0.4472135955,0.774596669241));
#12265 = ORIENTED_EDGE('',*,*,#12266,.T.);
#12266 = EDGE_CURVE('',#12259,#12267,#12269,.T.);
#12267 = VERTEX_POINT('',#12268);
#12268 = CARTESIAN_POINT('',(-98.284,142.29999999999,4.454486372868));
#12269 = LINE('',#12270,#12271);
#12270 = CARTESIAN_POINT('',(-64.79250016058,142.29999999999,
    4.454486372868));
#12271 = VECTOR('',#12272,1.);
#12272 = DIRECTION('',(-1.,0.,0.));
#12273 = ORIENTED_EDGE('',*,*,#12274,.F.);
#12274 = EDGE_CURVE('',#11317,#12267,#12275,.T.);
#12275 = LINE('',#12276,#12277);
#12276 = CARTESIAN_POINT('',(-98.28399999999,138.29642839461,
    11.388875805137));
#12277 = VECTOR('',#12278,1.);
#12278 = DIRECTION('',(-1.5369E-13,0.5,-0.866025403784));
#12279 = ORIENTED_EDGE('',*,*,#11316,.F.);
#12280 = ORIENTED_EDGE('',*,*,#6900,.F.);
#12281 = ORIENTED_EDGE('',*,*,#11900,.F.);
#12282 = PLANE('',#12283);
#12283 = AXIS2_PLACEMENT_3D('',#12284,#12285,#12286);
#12284 = CARTESIAN_POINT('',(-104.3010003211,144.,1.51));
#12285 = DIRECTION('',(-0.,-0.866025403784,-0.5));
#12286 = DIRECTION('',(0.,-0.5,0.866025403784));
#12287 = ADVANCED_FACE('',(#12288),#12301,.F.);
#12288 = FACE_BOUND('',#12289,.T.);
#12289 = EDGE_LOOP('',(#12290,#12291,#12297,#12298,#12299,#12300));
#12290 = ORIENTED_EDGE('',*,*,#9327,.F.);
#12291 = ORIENTED_EDGE('',*,*,#12292,.T.);
#12292 = EDGE_CURVE('',#9319,#6943,#12293,.T.);
#12293 = LINE('',#12294,#12295);
#12294 = CARTESIAN_POINT('',(-109.401,139.,-1.439E-14));
#12295 = VECTOR('',#12296,1.);
#12296 = DIRECTION('',(0.,0.,1.));
#12297 = ORIENTED_EDGE('',*,*,#6951,.F.);
#12298 = ORIENTED_EDGE('',*,*,#7670,.T.);
#12299 = ORIENTED_EDGE('',*,*,#9669,.T.);
#12300 = ORIENTED_EDGE('',*,*,#8976,.F.);
#12301 = PLANE('',#12302);
#12302 = AXIS2_PLACEMENT_3D('',#12303,#12304,#12305);
#12303 = CARTESIAN_POINT('',(-109.401,139.,-1.439E-14));
#12304 = DIRECTION('',(-1.,-0.,-0.));
#12305 = DIRECTION('',(0.,1.,0.));
#12306 = ADVANCED_FACE('',(#12307),#12313,.F.);
#12307 = FACE_BOUND('',#12308,.T.);
#12308 = EDGE_LOOP('',(#12309,#12310,#12311,#12312));
#12309 = ORIENTED_EDGE('',*,*,#9318,.F.);
#12310 = ORIENTED_EDGE('',*,*,#8743,.T.);
#12311 = ORIENTED_EDGE('',*,*,#6942,.T.);
#12312 = ORIENTED_EDGE('',*,*,#12292,.F.);
#12313 = CYLINDRICAL_SURFACE('',#12314,5.1);
#12314 = AXIS2_PLACEMENT_3D('',#12315,#12316,#12317);
#12315 = CARTESIAN_POINT('',(-104.301,139.,-1.439E-14));
#12316 = DIRECTION('',(-0.,-0.,-1.));
#12317 = DIRECTION('',(-1.,0.,0.));
#12318 = ADVANCED_FACE('',(#12319),#12330,.T.);
#12319 = FACE_BOUND('',#12320,.F.);
#12320 = EDGE_LOOP('',(#12321,#12322,#12323,#12329));
#12321 = ORIENTED_EDGE('',*,*,#7015,.T.);
#12322 = ORIENTED_EDGE('',*,*,#6982,.T.);
#12323 = ORIENTED_EDGE('',*,*,#12324,.F.);
#12324 = EDGE_CURVE('',#7040,#6983,#12325,.T.);
#12325 = LINE('',#12326,#12327);
#12326 = CARTESIAN_POINT('',(-43.801,4.34999999117,2.350000155882));
#12327 = VECTOR('',#12328,1.);
#12328 = DIRECTION('',(1.,0.,0.));
#12329 = ORIENTED_EDGE('',*,*,#7039,.F.);
#12330 = PLANE('',#12331);
#12331 = AXIS2_PLACEMENT_3D('',#12332,#12333,#12334);
#12332 = CARTESIAN_POINT('',(-43.801,3.9,2.8));
#12333 = DIRECTION('',(0.,-0.707106665652,-0.707106896721));
#12334 = DIRECTION('',(0.,-0.707106896721,0.707106665652));
#12335 = ADVANCED_FACE('',(#12336),#12342,.T.);
#12336 = FACE_BOUND('',#12337,.F.);
#12337 = EDGE_LOOP('',(#12338,#12339,#12340,#12341));
#12338 = ORIENTED_EDGE('',*,*,#12324,.T.);
#12339 = ORIENTED_EDGE('',*,*,#6990,.T.);
#12340 = ORIENTED_EDGE('',*,*,#11237,.F.);
#12341 = ORIENTED_EDGE('',*,*,#7047,.F.);
#12342 = PLANE('',#12343);
#12343 = AXIS2_PLACEMENT_3D('',#12344,#12345,#12346);
#12344 = CARTESIAN_POINT('',(-43.801,4.34999999117,2.350000155882));
#12345 = DIRECTION('',(0.,-0.707106910596,0.707106651777));
#12346 = DIRECTION('',(0.,0.707106651777,0.707106910596));
#12347 = ADVANCED_FACE('',(#12348),#12359,.T.);
#12348 = FACE_BOUND('',#12349,.F.);
#12349 = EDGE_LOOP('',(#12350,#12351,#12352,#12358));
#12350 = ORIENTED_EDGE('',*,*,#7112,.T.);
#12351 = ORIENTED_EDGE('',*,*,#7079,.T.);
#12352 = ORIENTED_EDGE('',*,*,#12353,.F.);
#12353 = EDGE_CURVE('',#7137,#7080,#12354,.T.);
#12354 = LINE('',#12355,#12356);
#12355 = CARTESIAN_POINT('',(-70.801,4.34999999117,2.350000155882));
#12356 = VECTOR('',#12357,1.);
#12357 = DIRECTION('',(1.,0.,0.));
#12358 = ORIENTED_EDGE('',*,*,#7136,.F.);
#12359 = PLANE('',#12360);
#12360 = AXIS2_PLACEMENT_3D('',#12361,#12362,#12363);
#12361 = CARTESIAN_POINT('',(-70.801,3.9,2.8));
#12362 = DIRECTION('',(-0.,-0.707106665652,-0.707106896721));
#12363 = DIRECTION('',(0.,-0.707106896721,0.707106665652));
#12364 = ADVANCED_FACE('',(#12365),#12371,.T.);
#12365 = FACE_BOUND('',#12366,.F.);
#12366 = EDGE_LOOP('',(#12367,#12368,#12369,#12370));
#12367 = ORIENTED_EDGE('',*,*,#12353,.T.);
#12368 = ORIENTED_EDGE('',*,*,#7087,.T.);
#12369 = ORIENTED_EDGE('',*,*,#11254,.F.);
#12370 = ORIENTED_EDGE('',*,*,#7144,.F.);
#12371 = PLANE('',#12372);
#12372 = AXIS2_PLACEMENT_3D('',#12373,#12374,#12375);
#12373 = CARTESIAN_POINT('',(-70.801,4.34999999117,2.350000155882));
#12374 = DIRECTION('',(0.,-0.707106910596,0.707106651777));
#12375 = DIRECTION('',(0.,0.707106651777,0.707106910596));
#12376 = ADVANCED_FACE('',(#12377),#12388,.F.);
#12377 = FACE_BOUND('',#12378,.T.);
#12378 = EDGE_LOOP('',(#12379,#12380,#12381,#12387));
#12379 = ORIENTED_EDGE('',*,*,#7216,.T.);
#12380 = ORIENTED_EDGE('',*,*,#7233,.T.);
#12381 = ORIENTED_EDGE('',*,*,#12382,.F.);
#12382 = EDGE_CURVE('',#7177,#7234,#12383,.T.);
#12383 = LINE('',#12384,#12385);
#12384 = CARTESIAN_POINT('',(-81.801,4.34999999117,2.350000155882));
#12385 = VECTOR('',#12386,1.);
#12386 = DIRECTION('',(-1.,-0.,-0.));
#12387 = ORIENTED_EDGE('',*,*,#7176,.F.);
#12388 = PLANE('',#12389);
#12389 = AXIS2_PLACEMENT_3D('',#12390,#12391,#12392);
#12390 = CARTESIAN_POINT('',(-81.801,3.9,2.8));
#12391 = DIRECTION('',(0.,0.707106665652,0.707106896721));
#12392 = DIRECTION('',(0.,-0.707106896721,0.707106665652));
#12393 = ADVANCED_FACE('',(#12394),#12400,.F.);
#12394 = FACE_BOUND('',#12395,.T.);
#12395 = EDGE_LOOP('',(#12396,#12397,#12398,#12399));
#12396 = ORIENTED_EDGE('',*,*,#12382,.T.);
#12397 = ORIENTED_EDGE('',*,*,#7241,.T.);
#12398 = ORIENTED_EDGE('',*,*,#11271,.F.);
#12399 = ORIENTED_EDGE('',*,*,#7184,.F.);
#12400 = PLANE('',#12401);
#12401 = AXIS2_PLACEMENT_3D('',#12402,#12403,#12404);
#12402 = CARTESIAN_POINT('',(-81.801,4.34999999117,2.350000155882));
#12403 = DIRECTION('',(0.,0.707106910596,-0.707106651777));
#12404 = DIRECTION('',(0.,0.707106651777,0.707106910596));
#12405 = ADVANCED_FACE('',(#12406),#12417,.F.);
#12406 = FACE_BOUND('',#12407,.F.);
#12407 = EDGE_LOOP('',(#12408,#12409,#12410,#12416));
#12408 = ORIENTED_EDGE('',*,*,#7321,.T.);
#12409 = ORIENTED_EDGE('',*,*,#7273,.T.);
#12410 = ORIENTED_EDGE('',*,*,#12411,.F.);
#12411 = EDGE_CURVE('',#7369,#7274,#12412,.T.);
#12412 = LINE('',#12413,#12414);
#12413 = CARTESIAN_POINT('',(-111.0191625253,41.5,2.418162150985));
#12414 = VECTOR('',#12415,1.);
#12415 = DIRECTION('',(0.,-1.,4.4E-16));
#12416 = ORIENTED_EDGE('',*,*,#7376,.F.);
#12417 = PLANE('',#12418);
#12418 = AXIS2_PLACEMENT_3D('',#12419,#12420,#12421);
#12419 = CARTESIAN_POINT('',(-111.4009999999,41.5,2.8));
#12420 = DIRECTION('',(0.707107127805,3.1E-16,0.707106434568));
#12421 = DIRECTION('',(0.707106434568,-1.6E-16,-0.707107127805));
#12422 = ADVANCED_FACE('',(#12423),#12434,.F.);
#12423 = FACE_BOUND('',#12424,.F.);
#12424 = EDGE_LOOP('',(#12425,#12426,#12427,#12428));
#12425 = ORIENTED_EDGE('',*,*,#7368,.F.);
#12426 = ORIENTED_EDGE('',*,*,#12411,.T.);
#12427 = ORIENTED_EDGE('',*,*,#7281,.T.);
#12428 = ORIENTED_EDGE('',*,*,#12429,.F.);
#12429 = EDGE_CURVE('',#7361,#7282,#12430,.T.);
#12430 = LINE('',#12431,#12432);
#12431 = CARTESIAN_POINT('',(-110.951,41.5,2.35));
#12432 = VECTOR('',#12433,1.);
#12433 = DIRECTION('',(0.,-1.,2.2E-16));
#12434 = PLANE('',#12435);
#12435 = AXIS2_PLACEMENT_3D('',#12436,#12437,#12438);
#12436 = CARTESIAN_POINT('',(-111.4009999999,41.5,2.8));
#12437 = DIRECTION('',(0.707106781187,1.6E-16,0.707106781187));
#12438 = DIRECTION('',(0.707106781187,-1.6E-16,-0.707106781187));
#12439 = ADVANCED_FACE('',(#12440),#12451,.T.);
#12440 = FACE_BOUND('',#12441,.T.);
#12441 = EDGE_LOOP('',(#12442,#12448,#12449,#12450));
#12442 = ORIENTED_EDGE('',*,*,#12443,.T.);
#12443 = EDGE_CURVE('',#7353,#7290,#12444,.T.);
#12444 = LINE('',#12445,#12446);
#12445 = CARTESIAN_POINT('',(-111.4009999999,41.5,1.9));
#12446 = VECTOR('',#12447,1.);
#12447 = DIRECTION('',(0.,-1.,2.2E-16));
#12448 = ORIENTED_EDGE('',*,*,#7289,.T.);
#12449 = ORIENTED_EDGE('',*,*,#12429,.F.);
#12450 = ORIENTED_EDGE('',*,*,#7360,.F.);
#12451 = PLANE('',#12452);
#12452 = AXIS2_PLACEMENT_3D('',#12453,#12454,#12455);
#12453 = CARTESIAN_POINT('',(-111.4009999999,41.5,1.9));
#12454 = DIRECTION('',(-0.707106781187,1.6E-16,0.707106781187));
#12455 = DIRECTION('',(0.707106781187,1.6E-16,0.707106781187));
#12456 = ADVANCED_FACE('',(#12457),#12463,.F.);
#12457 = FACE_BOUND('',#12458,.F.);
#12458 = EDGE_LOOP('',(#12459,#12460,#12461,#12462));
#12459 = ORIENTED_EDGE('',*,*,#12443,.T.);
#12460 = ORIENTED_EDGE('',*,*,#7297,.T.);
#12461 = ORIENTED_EDGE('',*,*,#11186,.F.);
#12462 = ORIENTED_EDGE('',*,*,#7352,.F.);
#12463 = PLANE('',#12464);
#12464 = AXIS2_PLACEMENT_3D('',#12465,#12466,#12467);
#12465 = CARTESIAN_POINT('',(-111.4009999999,41.5,1.9));
#12466 = DIRECTION('',(-0.,-2.2E-16,-1.));
#12467 = DIRECTION('',(-1.,0.,0.));
#12468 = ADVANCED_FACE('',(#12469),#12480,.F.);
#12469 = FACE_BOUND('',#12470,.T.);
#12470 = EDGE_LOOP('',(#12471,#12472,#12473,#12479));
#12471 = ORIENTED_EDGE('',*,*,#7455,.T.);
#12472 = ORIENTED_EDGE('',*,*,#7503,.T.);
#12473 = ORIENTED_EDGE('',*,*,#12474,.F.);
#12474 = EDGE_CURVE('',#7401,#7496,#12475,.T.);
#12475 = LINE('',#12476,#12477);
#12476 = CARTESIAN_POINT('',(-111.0191625253,64.5,2.418162150985));
#12477 = VECTOR('',#12478,1.);
#12478 = DIRECTION('',(0.,1.,-2.2E-16));
#12479 = ORIENTED_EDGE('',*,*,#7400,.F.);
#12480 = PLANE('',#12481);
#12481 = AXIS2_PLACEMENT_3D('',#12482,#12483,#12484);
#12482 = CARTESIAN_POINT('',(-111.4009999999,64.5,2.8));
#12483 = DIRECTION('',(0.707107127805,1.6E-16,0.707106434568));
#12484 = DIRECTION('',(-0.707106434568,1.6E-16,0.707107127805));
#12485 = ADVANCED_FACE('',(#12486),#12497,.F.);
#12486 = FACE_BOUND('',#12487,.F.);
#12487 = EDGE_LOOP('',(#12488,#12489,#12490,#12496));
#12488 = ORIENTED_EDGE('',*,*,#12474,.F.);
#12489 = ORIENTED_EDGE('',*,*,#7408,.T.);
#12490 = ORIENTED_EDGE('',*,*,#12491,.F.);
#12491 = EDGE_CURVE('',#7488,#7409,#12492,.T.);
#12492 = LINE('',#12493,#12494);
#12493 = CARTESIAN_POINT('',(-110.9509999999,85.5,2.35));
#12494 = VECTOR('',#12495,1.);
#12495 = DIRECTION('',(0.,-1.,2.2E-16));
#12496 = ORIENTED_EDGE('',*,*,#7495,.F.);
#12497 = PLANE('',#12498);
#12498 = AXIS2_PLACEMENT_3D('',#12499,#12500,#12501);
#12499 = CARTESIAN_POINT('',(-111.4009999999,85.5,2.8));
#12500 = DIRECTION('',(0.707106781187,1.6E-16,0.707106781187));
#12501 = DIRECTION('',(0.707106781187,-1.6E-16,-0.707106781187));
#12502 = ADVANCED_FACE('',(#12503),#12514,.T.);
#12503 = FACE_BOUND('',#12504,.T.);
#12504 = EDGE_LOOP('',(#12505,#12511,#12512,#12513));
#12505 = ORIENTED_EDGE('',*,*,#12506,.T.);
#12506 = EDGE_CURVE('',#7480,#7417,#12507,.T.);
#12507 = LINE('',#12508,#12509);
#12508 = CARTESIAN_POINT('',(-111.4009999999,85.5,1.9));
#12509 = VECTOR('',#12510,1.);
#12510 = DIRECTION('',(0.,-1.,2.2E-16));
#12511 = ORIENTED_EDGE('',*,*,#7416,.T.);
#12512 = ORIENTED_EDGE('',*,*,#12491,.F.);
#12513 = ORIENTED_EDGE('',*,*,#7487,.F.);
#12514 = PLANE('',#12515);
#12515 = AXIS2_PLACEMENT_3D('',#12516,#12517,#12518);
#12516 = CARTESIAN_POINT('',(-111.4009999999,85.5,1.9));
#12517 = DIRECTION('',(-0.707106781187,1.6E-16,0.707106781187));
#12518 = DIRECTION('',(0.707106781187,1.6E-16,0.707106781187));
#12519 = ADVANCED_FACE('',(#12520),#12526,.F.);
#12520 = FACE_BOUND('',#12521,.F.);
#12521 = EDGE_LOOP('',(#12522,#12523,#12524,#12525));
#12522 = ORIENTED_EDGE('',*,*,#12506,.T.);
#12523 = ORIENTED_EDGE('',*,*,#7424,.T.);
#12524 = ORIENTED_EDGE('',*,*,#11203,.F.);
#12525 = ORIENTED_EDGE('',*,*,#7479,.F.);
#12526 = PLANE('',#12527);
#12527 = AXIS2_PLACEMENT_3D('',#12528,#12529,#12530);
#12528 = CARTESIAN_POINT('',(-111.4009999999,85.5,1.9));
#12529 = DIRECTION('',(-0.,-2.2E-16,-1.));
#12530 = DIRECTION('',(-1.,0.,0.));
#12531 = ADVANCED_FACE('',(#12532),#12543,.F.);
#12532 = FACE_BOUND('',#12533,.T.);
#12533 = EDGE_LOOP('',(#12534,#12535,#12536,#12542));
#12534 = ORIENTED_EDGE('',*,*,#7582,.T.);
#12535 = ORIENTED_EDGE('',*,*,#7630,.T.);
#12536 = ORIENTED_EDGE('',*,*,#12537,.F.);
#12537 = EDGE_CURVE('',#7528,#7623,#12538,.T.);
#12538 = LINE('',#12539,#12540);
#12539 = CARTESIAN_POINT('',(-111.0191625253,108.5,2.418162150985));
#12540 = VECTOR('',#12541,1.);
#12541 = DIRECTION('',(0.,1.,0.));
#12542 = ORIENTED_EDGE('',*,*,#7527,.F.);
#12543 = PLANE('',#12544);
#12544 = AXIS2_PLACEMENT_3D('',#12545,#12546,#12547);
#12545 = CARTESIAN_POINT('',(-111.4009999999,108.5,2.8));
#12546 = DIRECTION('',(0.707107127805,0.,0.707106434568));
#12547 = DIRECTION('',(-0.707106434568,1.6E-16,0.707107127805));
#12548 = ADVANCED_FACE('',(#12549),#12560,.F.);
#12549 = FACE_BOUND('',#12550,.F.);
#12550 = EDGE_LOOP('',(#12551,#12552,#12553,#12559));
#12551 = ORIENTED_EDGE('',*,*,#12537,.F.);
#12552 = ORIENTED_EDGE('',*,*,#7535,.T.);
#12553 = ORIENTED_EDGE('',*,*,#12554,.F.);
#12554 = EDGE_CURVE('',#7615,#7536,#12555,.T.);
#12555 = LINE('',#12556,#12557);
#12556 = CARTESIAN_POINT('',(-110.9509999999,129.5,2.35));
#12557 = VECTOR('',#12558,1.);
#12558 = DIRECTION('',(0.,-1.,2.2E-16));
#12559 = ORIENTED_EDGE('',*,*,#7622,.F.);
#12560 = PLANE('',#12561);
#12561 = AXIS2_PLACEMENT_3D('',#12562,#12563,#12564);
#12562 = CARTESIAN_POINT('',(-111.4009999999,129.5,2.8));
#12563 = DIRECTION('',(0.707106781187,1.6E-16,0.707106781187));
#12564 = DIRECTION('',(0.707106781187,-1.6E-16,-0.707106781187));
#12565 = ADVANCED_FACE('',(#12566),#12577,.T.);
#12566 = FACE_BOUND('',#12567,.T.);
#12567 = EDGE_LOOP('',(#12568,#12574,#12575,#12576));
#12568 = ORIENTED_EDGE('',*,*,#12569,.T.);
#12569 = EDGE_CURVE('',#7607,#7544,#12570,.T.);
#12570 = LINE('',#12571,#12572);
#12571 = CARTESIAN_POINT('',(-111.4009999999,129.5,1.9));
#12572 = VECTOR('',#12573,1.);
#12573 = DIRECTION('',(0.,-1.,2.2E-16));
#12574 = ORIENTED_EDGE('',*,*,#7543,.T.);
#12575 = ORIENTED_EDGE('',*,*,#12554,.F.);
#12576 = ORIENTED_EDGE('',*,*,#7614,.F.);
#12577 = PLANE('',#12578);
#12578 = AXIS2_PLACEMENT_3D('',#12579,#12580,#12581);
#12579 = CARTESIAN_POINT('',(-111.4009999999,129.5,1.9));
#12580 = DIRECTION('',(-0.707106781187,1.6E-16,0.707106781187));
#12581 = DIRECTION('',(0.707106781187,1.6E-16,0.707106781187));
#12582 = ADVANCED_FACE('',(#12583),#12589,.F.);
#12583 = FACE_BOUND('',#12584,.F.);
#12584 = EDGE_LOOP('',(#12585,#12586,#12587,#12588));
#12585 = ORIENTED_EDGE('',*,*,#12569,.T.);
#12586 = ORIENTED_EDGE('',*,*,#7551,.T.);
#12587 = ORIENTED_EDGE('',*,*,#11220,.F.);
#12588 = ORIENTED_EDGE('',*,*,#7606,.F.);
#12589 = PLANE('',#12590);
#12590 = AXIS2_PLACEMENT_3D('',#12591,#12592,#12593);
#12591 = CARTESIAN_POINT('',(-111.4009999999,129.5,1.9));
#12592 = DIRECTION('',(-0.,-2.2E-16,-1.));
#12593 = DIRECTION('',(-1.,0.,0.));
#12594 = ADVANCED_FACE('',(#12595),#12893,.T.);
#12595 = FACE_BOUND('',#12596,.T.);
#12596 = EDGE_LOOP('',(#12597,#12604,#12605,#12606,#12607,#12608,#12616,
    #12623,#12631,#12639,#12647,#12654,#12662,#12670,#12678,#12685,
    #12693,#12701,#12709,#12716,#12724,#12732,#12740,#12747,#12755,
    #12763,#12771,#12778,#12786,#12794,#12802,#12809,#12817,#12825,
    #12833,#12840,#12848,#12856,#12864,#12871,#12879,#12887));
#12597 = ORIENTED_EDGE('',*,*,#12598,.F.);
#12598 = EDGE_CURVE('',#7646,#12599,#12601,.T.);
#12599 = VERTEX_POINT('',#12600);
#12600 = CARTESIAN_POINT('',(-105.911,128.01000032117,4.9));
#12601 = B_SPLINE_CURVE_WITH_KNOTS('',1,(#12602,#12603),.UNSPECIFIED.,
  .F.,.F.,(2,2),(0.,1.),.PIECEWISE_BEZIER_KNOTS.);
#12602 = CARTESIAN_POINT('',(-105.911,139.00000032022,4.9));
#12603 = CARTESIAN_POINT('',(-105.911,127.99852939154,4.9));
#12604 = ORIENTED_EDGE('',*,*,#7645,.T.);
#12605 = ORIENTED_EDGE('',*,*,#7693,.F.);
#12606 = ORIENTED_EDGE('',*,*,#7727,.F.);
#12607 = ORIENTED_EDGE('',*,*,#7741,.F.);
#12608 = ORIENTED_EDGE('',*,*,#12609,.F.);
#12609 = EDGE_CURVE('',#12610,#7742,#12612,.T.);
#12610 = VERTEX_POINT('',#12611);
#12611 = CARTESIAN_POINT('',(-105.911,22.01000032117,4.9));
#12612 = LINE('',#12613,#12614);
#12613 = CARTESIAN_POINT('',(-108.0125035948,24.111503916006,4.9));
#12614 = VECTOR('',#12615,1.);
#12615 = DIRECTION('',(-0.707106781187,0.707106781187,0.));
#12616 = ORIENTED_EDGE('',*,*,#12617,.F.);
#12617 = EDGE_CURVE('',#12618,#12610,#12620,.T.);
#12618 = VERTEX_POINT('',#12619);
#12619 = CARTESIAN_POINT('',(-105.911,31.367778098948,4.9));
#12620 = B_SPLINE_CURVE_WITH_KNOTS('',1,(#12621,#12622),.UNSPECIFIED.,
  .F.,.F.,(2,2),(0.,1.),.PIECEWISE_BEZIER_KNOTS.);
#12621 = CARTESIAN_POINT('',(-105.911,31.379249028431,4.9));
#12622 = CARTESIAN_POINT('',(-105.911,21.998529393112,4.9));
#12623 = ORIENTED_EDGE('',*,*,#12624,.F.);
#12624 = EDGE_CURVE('',#12625,#12618,#12627,.T.);
#12625 = VERTEX_POINT('',#12626);
#12626 = CARTESIAN_POINT('',(-109.3009999999,27.977778098948,4.9));
#12627 = LINE('',#12628,#12629);
#12628 = CARTESIAN_POINT('',(-82.49598294263,54.782795156318,4.9));
#12629 = VECTOR('',#12630,1.);
#12630 = DIRECTION('',(0.707106781187,0.707106781187,-0.));
#12631 = ORIENTED_EDGE('',*,*,#12632,.F.);
#12632 = EDGE_CURVE('',#12633,#12625,#12635,.T.);
#12633 = VERTEX_POINT('',#12634);
#12634 = CARTESIAN_POINT('',(-109.3009999999,37.177778098947,4.9));
#12635 = LINE('',#12636,#12637);
#12636 = CARTESIAN_POINT('',(-109.3009999999,59.149854306709,4.9));
#12637 = VECTOR('',#12638,1.);
#12638 = DIRECTION('',(0.,-1.,0.));
#12639 = ORIENTED_EDGE('',*,*,#12640,.F.);
#12640 = EDGE_CURVE('',#12641,#12633,#12643,.T.);
#12641 = VERTEX_POINT('',#12642);
#12642 = CARTESIAN_POINT('',(-105.911,33.787778098948,4.9));
#12643 = LINE('',#12644,#12645);
#12644 = CARTESIAN_POINT('',(-105.0680591503,32.94483724934,4.9));
#12645 = VECTOR('',#12646,1.);
#12646 = DIRECTION('',(-0.707106781187,0.707106781187,0.));
#12647 = ORIENTED_EDGE('',*,*,#12648,.F.);
#12648 = EDGE_CURVE('',#12649,#12641,#12651,.T.);
#12649 = VERTEX_POINT('',#12650);
#12650 = CARTESIAN_POINT('',(-105.911,43.145555876726,4.9));
#12651 = B_SPLINE_CURVE_WITH_KNOTS('',1,(#12652,#12653),.UNSPECIFIED.,
  .F.,.F.,(2,2),(0.,1.),.PIECEWISE_BEZIER_KNOTS.);
#12652 = CARTESIAN_POINT('',(-105.911,43.157026806035,4.9));
#12653 = CARTESIAN_POINT('',(-105.911,33.776307170716,4.9));
#12654 = ORIENTED_EDGE('',*,*,#12655,.F.);
#12655 = EDGE_CURVE('',#12656,#12649,#12658,.T.);
#12656 = VERTEX_POINT('',#12657);
#12657 = CARTESIAN_POINT('',(-109.3009999999,39.755555876726,4.9));
#12658 = LINE('',#12659,#12660);
#12659 = CARTESIAN_POINT('',(-85.44042738707,63.616128489651,4.9));
#12660 = VECTOR('',#12661,1.);
#12661 = DIRECTION('',(0.707106781187,0.707106781187,-0.));
#12662 = ORIENTED_EDGE('',*,*,#12663,.F.);
#12663 = EDGE_CURVE('',#12664,#12656,#12666,.T.);
#12664 = VERTEX_POINT('',#12665);
#12665 = CARTESIAN_POINT('',(-109.3009999999,48.955555876725,4.9));
#12666 = LINE('',#12667,#12668);
#12667 = CARTESIAN_POINT('',(-109.3009999999,65.038743195598,4.9));
#12668 = VECTOR('',#12669,1.);
#12669 = DIRECTION('',(0.,-1.,0.));
#12670 = ORIENTED_EDGE('',*,*,#12671,.F.);
#12671 = EDGE_CURVE('',#12672,#12664,#12674,.T.);
#12672 = VERTEX_POINT('',#12673);
#12673 = CARTESIAN_POINT('',(-105.911,45.565555876726,4.9));
#12674 = LINE('',#12675,#12676);
#12675 = CARTESIAN_POINT('',(-102.1236147059,41.778170582673,4.9));
#12676 = VECTOR('',#12677,1.);
#12677 = DIRECTION('',(-0.707106781187,0.707106781187,0.));
#12678 = ORIENTED_EDGE('',*,*,#12679,.F.);
#12679 = EDGE_CURVE('',#12680,#12672,#12682,.T.);
#12680 = VERTEX_POINT('',#12681);
#12681 = CARTESIAN_POINT('',(-105.911,54.923333654503,4.9));
#12682 = B_SPLINE_CURVE_WITH_KNOTS('',1,(#12683,#12684),.UNSPECIFIED.,
  .F.,.F.,(2,2),(0.,1.),.PIECEWISE_BEZIER_KNOTS.);
#12683 = CARTESIAN_POINT('',(-105.911,54.934804583639,4.9));
#12684 = CARTESIAN_POINT('',(-105.911,45.55408494832,4.9));
#12685 = ORIENTED_EDGE('',*,*,#12686,.F.);
#12686 = EDGE_CURVE('',#12687,#12680,#12689,.T.);
#12687 = VERTEX_POINT('',#12688);
#12688 = CARTESIAN_POINT('',(-109.3009999999,51.533333654504,4.9));
#12689 = LINE('',#12690,#12691);
#12690 = CARTESIAN_POINT('',(-88.38487183151,72.449461822985,4.9));
#12691 = VECTOR('',#12692,1.);
#12692 = DIRECTION('',(0.707106781187,0.707106781187,-0.));
#12693 = ORIENTED_EDGE('',*,*,#12694,.F.);
#12694 = EDGE_CURVE('',#12695,#12687,#12697,.T.);
#12695 = VERTEX_POINT('',#12696);
#12696 = CARTESIAN_POINT('',(-109.3009999999,60.733333654503,4.9));
#12697 = LINE('',#12698,#12699);
#12698 = CARTESIAN_POINT('',(-109.3009999999,70.927632084487,4.9));
#12699 = VECTOR('',#12700,1.);
#12700 = DIRECTION('',(0.,-1.,0.));
#12701 = ORIENTED_EDGE('',*,*,#12702,.F.);
#12702 = EDGE_CURVE('',#12703,#12695,#12705,.T.);
#12703 = VERTEX_POINT('',#12704);
#12704 = CARTESIAN_POINT('',(-105.911,57.343333654503,4.9));
#12705 = LINE('',#12706,#12707);
#12706 = CARTESIAN_POINT('',(-99.1791702615,50.611503916006,4.9));
#12707 = VECTOR('',#12708,1.);
#12708 = DIRECTION('',(-0.707106781187,0.707106781187,0.));
#12709 = ORIENTED_EDGE('',*,*,#12710,.F.);
#12710 = EDGE_CURVE('',#12711,#12703,#12713,.T.);
#12711 = VERTEX_POINT('',#12712);
#12712 = CARTESIAN_POINT('',(-105.911,66.701111432281,4.9));
#12713 = B_SPLINE_CURVE_WITH_KNOTS('',1,(#12714,#12715),.UNSPECIFIED.,
  .F.,.F.,(2,2),(0.,1.),.PIECEWISE_BEZIER_KNOTS.);
#12714 = CARTESIAN_POINT('',(-105.911,66.712582361243,4.9));
#12715 = CARTESIAN_POINT('',(-105.911,57.331862725924,4.9));
#12716 = ORIENTED_EDGE('',*,*,#12717,.F.);
#12717 = EDGE_CURVE('',#12718,#12711,#12720,.T.);
#12718 = VERTEX_POINT('',#12719);
#12719 = CARTESIAN_POINT('',(-109.3009999999,63.311111432282,4.9));
#12720 = LINE('',#12721,#12722);
#12721 = CARTESIAN_POINT('',(-91.32931627596,81.282795156318,4.9));
#12722 = VECTOR('',#12723,1.);
#12723 = DIRECTION('',(0.707106781187,0.707106781187,-0.));
#12724 = ORIENTED_EDGE('',*,*,#12725,.F.);
#12725 = EDGE_CURVE('',#12726,#12718,#12728,.T.);
#12726 = VERTEX_POINT('',#12727);
#12727 = CARTESIAN_POINT('',(-109.3009999999,72.511111432281,4.9));
#12728 = LINE('',#12729,#12730);
#12729 = CARTESIAN_POINT('',(-109.3009999999,76.816520973376,4.9));
#12730 = VECTOR('',#12731,1.);
#12731 = DIRECTION('',(0.,-1.,0.));
#12732 = ORIENTED_EDGE('',*,*,#12733,.F.);
#12733 = EDGE_CURVE('',#12734,#12726,#12736,.T.);
#12734 = VERTEX_POINT('',#12735);
#12735 = CARTESIAN_POINT('',(-105.911,69.121111432281,4.9));
#12736 = LINE('',#12737,#12738);
#12737 = CARTESIAN_POINT('',(-96.23472581705,59.44483724934,4.9));
#12738 = VECTOR('',#12739,1.);
#12739 = DIRECTION('',(-0.707106781187,0.707106781187,0.));
#12740 = ORIENTED_EDGE('',*,*,#12741,.F.);
#12741 = EDGE_CURVE('',#12742,#12734,#12744,.T.);
#12742 = VERTEX_POINT('',#12743);
#12743 = CARTESIAN_POINT('',(-105.911,78.478889210059,4.9));
#12744 = B_SPLINE_CURVE_WITH_KNOTS('',1,(#12745,#12746),.UNSPECIFIED.,
  .F.,.F.,(2,2),(0.,1.),.PIECEWISE_BEZIER_KNOTS.);
#12745 = CARTESIAN_POINT('',(-105.911,78.490360138847,4.9));
#12746 = CARTESIAN_POINT('',(-105.911,69.109640503528,4.9));
#12747 = ORIENTED_EDGE('',*,*,#12748,.F.);
#12748 = EDGE_CURVE('',#12749,#12742,#12751,.T.);
#12749 = VERTEX_POINT('',#12750);
#12750 = CARTESIAN_POINT('',(-109.3009999999,75.088889210059,4.9));
#12751 = LINE('',#12752,#12753);
#12752 = CARTESIAN_POINT('',(-94.2737607204,90.116128489651,4.9));
#12753 = VECTOR('',#12754,1.);
#12754 = DIRECTION('',(0.707106781187,0.707106781187,-0.));
#12755 = ORIENTED_EDGE('',*,*,#12756,.F.);
#12756 = EDGE_CURVE('',#12757,#12749,#12759,.T.);
#12757 = VERTEX_POINT('',#12758);
#12758 = CARTESIAN_POINT('',(-109.3009999999,84.288889210058,4.9));
#12759 = LINE('',#12760,#12761);
#12760 = CARTESIAN_POINT('',(-109.3009999999,82.705409862265,4.9));
#12761 = VECTOR('',#12762,1.);
#12762 = DIRECTION('',(0.,-1.,0.));
#12763 = ORIENTED_EDGE('',*,*,#12764,.F.);
#12764 = EDGE_CURVE('',#12765,#12757,#12767,.T.);
#12765 = VERTEX_POINT('',#12766);
#12766 = CARTESIAN_POINT('',(-105.911,80.898889210059,4.9));
#12767 = LINE('',#12768,#12769);
#12768 = CARTESIAN_POINT('',(-93.29028137261,68.278170582673,4.9));
#12769 = VECTOR('',#12770,1.);
#12770 = DIRECTION('',(-0.707106781187,0.707106781187,0.));
#12771 = ORIENTED_EDGE('',*,*,#12772,.F.);
#12772 = EDGE_CURVE('',#12773,#12765,#12775,.T.);
#12773 = VERTEX_POINT('',#12774);
#12774 = CARTESIAN_POINT('',(-105.911,90.256666987837,4.9));
#12775 = B_SPLINE_CURVE_WITH_KNOTS('',1,(#12776,#12777),.UNSPECIFIED.,
  .F.,.F.,(2,2),(0.,1.),.PIECEWISE_BEZIER_KNOTS.);
#12776 = CARTESIAN_POINT('',(-105.911,90.268137916451,4.9));
#12777 = CARTESIAN_POINT('',(-105.911,80.887418281132,4.9));
#12778 = ORIENTED_EDGE('',*,*,#12779,.F.);
#12779 = EDGE_CURVE('',#12780,#12773,#12782,.T.);
#12780 = VERTEX_POINT('',#12781);
#12781 = CARTESIAN_POINT('',(-109.3009999999,86.866666987837,4.9));
#12782 = LINE('',#12783,#12784);
#12783 = CARTESIAN_POINT('',(-97.21820516485,98.949461822985,4.9));
#12784 = VECTOR('',#12785,1.);
#12785 = DIRECTION('',(0.707106781187,0.707106781187,-0.));
#12786 = ORIENTED_EDGE('',*,*,#12787,.F.);
#12787 = EDGE_CURVE('',#12788,#12780,#12790,.T.);
#12788 = VERTEX_POINT('',#12789);
#12789 = CARTESIAN_POINT('',(-109.3009999999,96.066666987836,4.9));
#12790 = LINE('',#12791,#12792);
#12791 = CARTESIAN_POINT('',(-109.3009999999,88.594298751154,4.9));
#12792 = VECTOR('',#12793,1.);
#12793 = DIRECTION('',(0.,-1.,0.));
#12794 = ORIENTED_EDGE('',*,*,#12795,.F.);
#12795 = EDGE_CURVE('',#12796,#12788,#12798,.T.);
#12796 = VERTEX_POINT('',#12797);
#12797 = CARTESIAN_POINT('',(-105.911,92.676666987837,4.9));
#12798 = LINE('',#12799,#12800);
#12799 = CARTESIAN_POINT('',(-90.34583692817,77.111503916006,4.9));
#12800 = VECTOR('',#12801,1.);
#12801 = DIRECTION('',(-0.707106781187,0.707106781187,0.));
#12802 = ORIENTED_EDGE('',*,*,#12803,.F.);
#12803 = EDGE_CURVE('',#12804,#12796,#12806,.T.);
#12804 = VERTEX_POINT('',#12805);
#12805 = CARTESIAN_POINT('',(-105.911,102.03444476561,4.9));
#12806 = B_SPLINE_CURVE_WITH_KNOTS('',1,(#12807,#12808),.UNSPECIFIED.,
  .F.,.F.,(2,2),(0.,1.),.PIECEWISE_BEZIER_KNOTS.);
#12807 = CARTESIAN_POINT('',(-105.911,102.04591569405,4.9));
#12808 = CARTESIAN_POINT('',(-105.911,92.665196058736,4.9));
#12809 = ORIENTED_EDGE('',*,*,#12810,.F.);
#12810 = EDGE_CURVE('',#12811,#12804,#12813,.T.);
#12811 = VERTEX_POINT('',#12812);
#12812 = CARTESIAN_POINT('',(-109.3009999999,98.644444765615,4.9));
#12813 = LINE('',#12814,#12815);
#12814 = CARTESIAN_POINT('',(-100.1626496092,107.78279515631,4.9));
#12815 = VECTOR('',#12816,1.);
#12816 = DIRECTION('',(0.707106781187,0.707106781187,-0.));
#12817 = ORIENTED_EDGE('',*,*,#12818,.F.);
#12818 = EDGE_CURVE('',#12819,#12811,#12821,.T.);
#12819 = VERTEX_POINT('',#12820);
#12820 = CARTESIAN_POINT('',(-109.3009999999,107.84444476561,4.9));
#12821 = LINE('',#12822,#12823);
#12822 = CARTESIAN_POINT('',(-109.3009999999,94.483187640043,4.9));
#12823 = VECTOR('',#12824,1.);
#12824 = DIRECTION('',(0.,-1.,0.));
#12825 = ORIENTED_EDGE('',*,*,#12826,.F.);
#12826 = EDGE_CURVE('',#12827,#12819,#12829,.T.);
#12827 = VERTEX_POINT('',#12828);
#12828 = CARTESIAN_POINT('',(-105.911,104.45444476561,4.9));
#12829 = LINE('',#12830,#12831);
#12830 = CARTESIAN_POINT('',(-87.40139248372,85.94483724934,4.9));
#12831 = VECTOR('',#12832,1.);
#12832 = DIRECTION('',(-0.707106781187,0.707106781187,0.));
#12833 = ORIENTED_EDGE('',*,*,#12834,.F.);
#12834 = EDGE_CURVE('',#12835,#12827,#12837,.T.);
#12835 = VERTEX_POINT('',#12836);
#12836 = CARTESIAN_POINT('',(-105.911,113.81222254339,4.9));
#12837 = B_SPLINE_CURVE_WITH_KNOTS('',1,(#12838,#12839),.UNSPECIFIED.,
  .F.,.F.,(2,2),(0.,1.),.PIECEWISE_BEZIER_KNOTS.);
#12838 = CARTESIAN_POINT('',(-105.911,113.82369347165,4.9));
#12839 = CARTESIAN_POINT('',(-105.911,104.44297383634,4.9));
#12840 = ORIENTED_EDGE('',*,*,#12841,.F.);
#12841 = EDGE_CURVE('',#12842,#12835,#12844,.T.);
#12842 = VERTEX_POINT('',#12843);
#12843 = CARTESIAN_POINT('',(-109.3009999999,110.42222254339,4.9));
#12844 = LINE('',#12845,#12846);
#12845 = CARTESIAN_POINT('',(-103.1070940537,116.61612848965,4.9));
#12846 = VECTOR('',#12847,1.);
#12847 = DIRECTION('',(0.707106781187,0.707106781187,-0.));
#12848 = ORIENTED_EDGE('',*,*,#12849,.F.);
#12849 = EDGE_CURVE('',#12850,#12842,#12852,.T.);
#12850 = VERTEX_POINT('',#12851);
#12851 = CARTESIAN_POINT('',(-109.3009999999,119.62222254339,4.9));
#12852 = LINE('',#12853,#12854);
#12853 = CARTESIAN_POINT('',(-109.3009999999,100.37207652893,4.9));
#12854 = VECTOR('',#12855,1.);
#12855 = DIRECTION('',(0.,-1.,0.));
#12856 = ORIENTED_EDGE('',*,*,#12857,.F.);
#12857 = EDGE_CURVE('',#12858,#12850,#12860,.T.);
#12858 = VERTEX_POINT('',#12859);
#12859 = CARTESIAN_POINT('',(-105.911,116.23222254339,4.9));
#12860 = LINE('',#12861,#12862);
#12861 = CARTESIAN_POINT('',(-84.45694803928,94.778170582673,4.9));
#12862 = VECTOR('',#12863,1.);
#12863 = DIRECTION('',(-0.707106781187,0.707106781187,0.));
#12864 = ORIENTED_EDGE('',*,*,#12865,.F.);
#12865 = EDGE_CURVE('',#12866,#12858,#12868,.T.);
#12866 = VERTEX_POINT('',#12867);
#12867 = CARTESIAN_POINT('',(-105.911,125.59000032117,4.9));
#12868 = B_SPLINE_CURVE_WITH_KNOTS('',1,(#12869,#12870),.UNSPECIFIED.,
  .F.,.F.,(2,2),(0.,1.),.PIECEWISE_BEZIER_KNOTS.);
#12869 = CARTESIAN_POINT('',(-105.911,125.60147124926,4.9));
#12870 = CARTESIAN_POINT('',(-105.911,116.22075161394,4.9));
#12871 = ORIENTED_EDGE('',*,*,#12872,.F.);
#12872 = EDGE_CURVE('',#12873,#12866,#12875,.T.);
#12873 = VERTEX_POINT('',#12874);
#12874 = CARTESIAN_POINT('',(-109.3009999999,122.20000032117,4.9));
#12875 = LINE('',#12876,#12877);
#12876 = CARTESIAN_POINT('',(-106.0515384981,125.44946182298,4.9));
#12877 = VECTOR('',#12878,1.);
#12878 = DIRECTION('',(0.707106781187,0.707106781187,-0.));
#12879 = ORIENTED_EDGE('',*,*,#12880,.F.);
#12880 = EDGE_CURVE('',#12881,#12873,#12883,.T.);
#12881 = VERTEX_POINT('',#12882);
#12882 = CARTESIAN_POINT('',(-109.3009999999,131.40000032116,4.9));
#12883 = LINE('',#12884,#12885);
#12884 = CARTESIAN_POINT('',(-109.3009999999,106.26096541782,4.9));
#12885 = VECTOR('',#12886,1.);
#12886 = DIRECTION('',(0.,-1.,0.));
#12887 = ORIENTED_EDGE('',*,*,#12888,.F.);
#12888 = EDGE_CURVE('',#12599,#12881,#12889,.T.);
#12889 = LINE('',#12890,#12891);
#12890 = CARTESIAN_POINT('',(-81.51250359483,103.611503916,4.9));
#12891 = VECTOR('',#12892,1.);
#12892 = DIRECTION('',(-0.707106781187,0.707106781187,0.));
#12893 = PLANE('',#12894);
#12894 = AXIS2_PLACEMENT_3D('',#12895,#12896,#12897);
#12895 = CARTESIAN_POINT('',(-55.22508418604,81.121930514471,4.9));
#12896 = DIRECTION('',(0.,0.,1.));
#12897 = DIRECTION('',(1.,0.,0.));
#12898 = ADVANCED_FACE('',(#12899),#12909,.T.);
#12899 = FACE_BOUND('',#12900,.T.);
#12900 = EDGE_LOOP('',(#12901,#12906,#12907,#12908));
#12901 = ORIENTED_EDGE('',*,*,#12902,.F.);
#12902 = EDGE_CURVE('',#9346,#12599,#12903,.T.);
#12903 = B_SPLINE_CURVE_WITH_KNOTS('',1,(#12904,#12905),.UNSPECIFIED.,
  .F.,.F.,(2,2),(0.,1.),.PIECEWISE_BEZIER_KNOTS.);
#12904 = CARTESIAN_POINT('',(-109.301,131.40000032117,1.51));
#12905 = CARTESIAN_POINT('',(-105.901,128.00000032117,4.91));
#12906 = ORIENTED_EDGE('',*,*,#9345,.F.);
#12907 = ORIENTED_EDGE('',*,*,#7655,.T.);
#12908 = ORIENTED_EDGE('',*,*,#12598,.T.);
#12909 = B_SPLINE_SURFACE_WITH_KNOTS('',1,1,(
    (#12910,#12911)
    ,(#12912,#12913
    )),.UNSPECIFIED.,.F.,.F.,.F.,(2,2),(2,2),(-3.2109997505E-07,
    128.00000032117),(0.,1.),.PIECEWISE_BEZIER_KNOTS.);
#12910 = CARTESIAN_POINT('',(-109.301,11.,1.51));
#12911 = CARTESIAN_POINT('',(-105.901,10.9999996789,4.91));
#12912 = CARTESIAN_POINT('',(-109.301,139.,1.51));
#12913 = CARTESIAN_POINT('',(-105.901,139.00000032117,4.91));
#12914 = ADVANCED_FACE('',(#12915),#12925,.F.);
#12915 = FACE_BOUND('',#12916,.F.);
#12916 = EDGE_LOOP('',(#12917,#12918,#12923,#12924));
#12917 = ORIENTED_EDGE('',*,*,#12609,.F.);
#12918 = ORIENTED_EDGE('',*,*,#12919,.F.);
#12919 = EDGE_CURVE('',#9625,#12610,#12920,.T.);
#12920 = B_SPLINE_CURVE_WITH_KNOTS('',1,(#12921,#12922),.UNSPECIFIED.,
  .F.,.F.,(2,2),(0.,1.),.PIECEWISE_BEZIER_KNOTS.);
#12921 = CARTESIAN_POINT('',(-109.301,25.40000032117,1.51));
#12922 = CARTESIAN_POINT('',(-105.901,22.00000032117,4.91));
#12923 = ORIENTED_EDGE('',*,*,#9631,.F.);
#12924 = ORIENTED_EDGE('',*,*,#7749,.F.);
#12925 = PLANE('',#12926);
#12926 = AXIS2_PLACEMENT_3D('',#12927,#12928,#12929);
#12927 = CARTESIAN_POINT('',(-105.901,22.00000032117,4.91));
#12928 = DIRECTION('',(0.707106781187,0.707106781187,0.));
#12929 = DIRECTION('',(-0.707106781187,0.707106781187,0.));
#12930 = ADVANCED_FACE('',(#12931),#12937,.T.);
#12931 = FACE_BOUND('',#12932,.T.);
#12932 = EDGE_LOOP('',(#12933,#12934,#12935,#12936));
#12933 = ORIENTED_EDGE('',*,*,#7952,.F.);
#12934 = ORIENTED_EDGE('',*,*,#9640,.F.);
#12935 = ORIENTED_EDGE('',*,*,#7804,.T.);
#12936 = ORIENTED_EDGE('',*,*,#7885,.T.);
#12937 = B_SPLINE_SURFACE_WITH_KNOTS('',8,1,(
    (#12938,#12939)
    ,(#12940,#12941)
    ,(#12942,#12943)
    ,(#12944,#12945)
    ,(#12946,#12947)
    ,(#12948,#12949)
    ,(#12950,#12951)
    ,(#12952,#12953)
    ,(#12954,#12955
    )),.UNSPECIFIED.,.F.,.F.,.F.,(9,9),(2,2),(0.,1.570796455248),(0.,1.)
  ,.PIECEWISE_BEZIER_KNOTS.);
#12938 = CARTESIAN_POINT('',(-104.301,6.000000000066,1.51));
#12939 = CARTESIAN_POINT('',(-104.3010003211,9.400000000066,4.91));
#12940 = CARTESIAN_POINT('',(-105.2827477214,5.999999937005,1.51));
#12941 = CARTESIAN_POINT('',(-104.6151595234,9.400000000066,4.91));
#12942 = CARTESIAN_POINT('',(-106.2644957661,6.220303840631,1.51));
#12943 = CARTESIAN_POINT('',(-104.9293188246,9.470497248253,4.91));
#12944 = CARTESIAN_POINT('',(-107.1885662553,6.660909550871,1.51));
#12945 = CARTESIAN_POINT('',(-105.2250213106,9.61149105222,4.91));
#12946 = CARTESIAN_POINT('',(-107.9972938897,7.303706110263,1.51));
#12947 = CARTESIAN_POINT('',(-105.4838140929,9.817185907077,4.91));
#12948 = CARTESIAN_POINT('',(-108.6400904491,8.112433744659,1.51));
#12949 = CARTESIAN_POINT('',(-105.6895089478,10.075978689442,4.91));
#12950 = CARTESIAN_POINT('',(-109.0806961594,9.036504233886,1.51));
#12951 = CARTESIAN_POINT('',(-105.8305027518,10.371681175415,4.91));
#12952 = CARTESIAN_POINT('',(-109.301000063,10.018252278531,1.51));
#12953 = CARTESIAN_POINT('',(-105.901,10.685840476602,4.91));
#12954 = CARTESIAN_POINT('',(-109.301,11.,1.51));
#12955 = CARTESIAN_POINT('',(-105.901,10.9999996789,4.91));
#12956 = ADVANCED_FACE('',(#12957),#12967,.T.);
#12957 = FACE_BOUND('',#12958,.T.);
#12958 = EDGE_LOOP('',(#12959,#12960,#12961,#12966));
#12959 = ORIENTED_EDGE('',*,*,#12919,.F.);
#12960 = ORIENTED_EDGE('',*,*,#9624,.F.);
#12961 = ORIENTED_EDGE('',*,*,#12962,.T.);
#12962 = EDGE_CURVE('',#9617,#12618,#12963,.T.);
#12963 = B_SPLINE_CURVE_WITH_KNOTS('',1,(#12964,#12965),.UNSPECIFIED.,
  .F.,.F.,(2,2),(0.,1.),.PIECEWISE_BEZIER_KNOTS.);
#12964 = CARTESIAN_POINT('',(-109.301,27.977778098948,1.51));
#12965 = CARTESIAN_POINT('',(-105.901,31.377778098948,4.91));
#12966 = ORIENTED_EDGE('',*,*,#12617,.T.);
#12967 = B_SPLINE_SURFACE_WITH_KNOTS('',1,1,(
    (#12968,#12969)
    ,(#12970,#12971
    )),.UNSPECIFIED.,.F.,.F.,.F.,(2,2),(2,2),(-3.2109997505E-07,
    128.00000032117),(0.,1.),.PIECEWISE_BEZIER_KNOTS.);
#12968 = CARTESIAN_POINT('',(-109.301,11.,1.51));
#12969 = CARTESIAN_POINT('',(-105.901,10.9999996789,4.91));
#12970 = CARTESIAN_POINT('',(-109.301,139.,1.51));
#12971 = CARTESIAN_POINT('',(-105.901,139.00000032117,4.91));
#12972 = ADVANCED_FACE('',(#12973),#12984,.F.);
#12973 = FACE_BOUND('',#12974,.F.);
#12974 = EDGE_LOOP('',(#12975,#12976,#12982,#12983));
#12975 = ORIENTED_EDGE('',*,*,#12624,.F.);
#12976 = ORIENTED_EDGE('',*,*,#12977,.T.);
#12977 = EDGE_CURVE('',#12625,#9609,#12978,.T.);
#12978 = LINE('',#12979,#12980);
#12979 = CARTESIAN_POINT('',(-109.3009999999,27.977778098948,4.91));
#12980 = VECTOR('',#12981,1.);
#12981 = DIRECTION('',(-0.,-0.,-1.));
#12982 = ORIENTED_EDGE('',*,*,#9616,.F.);
#12983 = ORIENTED_EDGE('',*,*,#12962,.T.);
#12984 = PLANE('',#12985);
#12985 = AXIS2_PLACEMENT_3D('',#12986,#12987,#12988);
#12986 = CARTESIAN_POINT('',(-109.3009999999,27.977778098948,4.91));
#12987 = DIRECTION('',(0.707106781187,-0.707106781187,0.));
#12988 = DIRECTION('',(0.707106781187,0.707106781187,0.));
#12989 = ADVANCED_FACE('',(#12990),#13001,.F.);
#12990 = FACE_BOUND('',#12991,.F.);
#12991 = EDGE_LOOP('',(#12992,#12993,#12999,#13000));
#12992 = ORIENTED_EDGE('',*,*,#12632,.F.);
#12993 = ORIENTED_EDGE('',*,*,#12994,.T.);
#12994 = EDGE_CURVE('',#12633,#9601,#12995,.T.);
#12995 = LINE('',#12996,#12997);
#12996 = CARTESIAN_POINT('',(-109.3009999999,37.177778098947,4.91));
#12997 = VECTOR('',#12998,1.);
#12998 = DIRECTION('',(-0.,-0.,-1.));
#12999 = ORIENTED_EDGE('',*,*,#9608,.F.);
#13000 = ORIENTED_EDGE('',*,*,#12977,.F.);
#13001 = PLANE('',#13002);
#13002 = AXIS2_PLACEMENT_3D('',#13003,#13004,#13005);
#13003 = CARTESIAN_POINT('',(-109.3009999999,37.177778098947,4.91));
#13004 = DIRECTION('',(-1.,0.,0.));
#13005 = DIRECTION('',(0.,-1.,0.));
#13006 = ADVANCED_FACE('',(#13007),#13017,.F.);
#13007 = FACE_BOUND('',#13008,.F.);
#13008 = EDGE_LOOP('',(#13009,#13010,#13015,#13016));
#13009 = ORIENTED_EDGE('',*,*,#12640,.F.);
#13010 = ORIENTED_EDGE('',*,*,#13011,.F.);
#13011 = EDGE_CURVE('',#9594,#12641,#13012,.T.);
#13012 = B_SPLINE_CURVE_WITH_KNOTS('',1,(#13013,#13014),.UNSPECIFIED.,
  .F.,.F.,(2,2),(0.,1.),.PIECEWISE_BEZIER_KNOTS.);
#13013 = CARTESIAN_POINT('',(-109.301,37.177778098948,1.51));
#13014 = CARTESIAN_POINT('',(-105.901,33.777778098948,4.91));
#13015 = ORIENTED_EDGE('',*,*,#9600,.F.);
#13016 = ORIENTED_EDGE('',*,*,#12994,.F.);
#13017 = PLANE('',#13018);
#13018 = AXIS2_PLACEMENT_3D('',#13019,#13020,#13021);
#13019 = CARTESIAN_POINT('',(-105.901,33.777778098948,4.91));
#13020 = DIRECTION('',(0.707106781187,0.707106781187,0.));
#13021 = DIRECTION('',(-0.707106781187,0.707106781187,0.));
#13022 = ADVANCED_FACE('',(#13023),#13033,.T.);
#13023 = FACE_BOUND('',#13024,.T.);
#13024 = EDGE_LOOP('',(#13025,#13026,#13027,#13032));
#13025 = ORIENTED_EDGE('',*,*,#13011,.F.);
#13026 = ORIENTED_EDGE('',*,*,#9593,.F.);
#13027 = ORIENTED_EDGE('',*,*,#13028,.T.);
#13028 = EDGE_CURVE('',#9586,#12649,#13029,.T.);
#13029 = B_SPLINE_CURVE_WITH_KNOTS('',1,(#13030,#13031),.UNSPECIFIED.,
  .F.,.F.,(2,2),(0.,1.),.PIECEWISE_BEZIER_KNOTS.);
#13030 = CARTESIAN_POINT('',(-109.301,39.755555876726,1.51));
#13031 = CARTESIAN_POINT('',(-105.901,43.155555876726,4.91));
#13032 = ORIENTED_EDGE('',*,*,#12648,.T.);
#13033 = B_SPLINE_SURFACE_WITH_KNOTS('',1,1,(
    (#13034,#13035)
    ,(#13036,#13037
    )),.UNSPECIFIED.,.F.,.F.,.F.,(2,2),(2,2),(-3.2109997505E-07,
    128.00000032117),(0.,1.),.PIECEWISE_BEZIER_KNOTS.);
#13034 = CARTESIAN_POINT('',(-109.301,11.,1.51));
#13035 = CARTESIAN_POINT('',(-105.901,10.9999996789,4.91));
#13036 = CARTESIAN_POINT('',(-109.301,139.,1.51));
#13037 = CARTESIAN_POINT('',(-105.901,139.00000032117,4.91));
#13038 = ADVANCED_FACE('',(#13039),#13050,.F.);
#13039 = FACE_BOUND('',#13040,.F.);
#13040 = EDGE_LOOP('',(#13041,#13042,#13048,#13049));
#13041 = ORIENTED_EDGE('',*,*,#12655,.F.);
#13042 = ORIENTED_EDGE('',*,*,#13043,.T.);
#13043 = EDGE_CURVE('',#12656,#9578,#13044,.T.);
#13044 = LINE('',#13045,#13046);
#13045 = CARTESIAN_POINT('',(-109.3009999999,39.755555876726,4.91));
#13046 = VECTOR('',#13047,1.);
#13047 = DIRECTION('',(-0.,-0.,-1.));
#13048 = ORIENTED_EDGE('',*,*,#9585,.F.);
#13049 = ORIENTED_EDGE('',*,*,#13028,.T.);
#13050 = PLANE('',#13051);
#13051 = AXIS2_PLACEMENT_3D('',#13052,#13053,#13054);
#13052 = CARTESIAN_POINT('',(-109.3009999999,39.755555876726,4.91));
#13053 = DIRECTION('',(0.707106781187,-0.707106781187,0.));
#13054 = DIRECTION('',(0.707106781187,0.707106781187,0.));
#13055 = ADVANCED_FACE('',(#13056),#13067,.F.);
#13056 = FACE_BOUND('',#13057,.F.);
#13057 = EDGE_LOOP('',(#13058,#13059,#13065,#13066));
#13058 = ORIENTED_EDGE('',*,*,#12663,.F.);
#13059 = ORIENTED_EDGE('',*,*,#13060,.T.);
#13060 = EDGE_CURVE('',#12664,#9570,#13061,.T.);
#13061 = LINE('',#13062,#13063);
#13062 = CARTESIAN_POINT('',(-109.3009999999,48.955555876725,4.91));
#13063 = VECTOR('',#13064,1.);
#13064 = DIRECTION('',(-0.,-0.,-1.));
#13065 = ORIENTED_EDGE('',*,*,#9577,.F.);
#13066 = ORIENTED_EDGE('',*,*,#13043,.F.);
#13067 = PLANE('',#13068);
#13068 = AXIS2_PLACEMENT_3D('',#13069,#13070,#13071);
#13069 = CARTESIAN_POINT('',(-109.3009999999,48.955555876725,4.91));
#13070 = DIRECTION('',(-1.,0.,0.));
#13071 = DIRECTION('',(0.,-1.,0.));
#13072 = ADVANCED_FACE('',(#13073),#13083,.F.);
#13073 = FACE_BOUND('',#13074,.F.);
#13074 = EDGE_LOOP('',(#13075,#13076,#13081,#13082));
#13075 = ORIENTED_EDGE('',*,*,#12671,.F.);
#13076 = ORIENTED_EDGE('',*,*,#13077,.F.);
#13077 = EDGE_CURVE('',#9563,#12672,#13078,.T.);
#13078 = B_SPLINE_CURVE_WITH_KNOTS('',1,(#13079,#13080),.UNSPECIFIED.,
  .F.,.F.,(2,2),(0.,1.),.PIECEWISE_BEZIER_KNOTS.);
#13079 = CARTESIAN_POINT('',(-109.301,48.955555876726,1.51));
#13080 = CARTESIAN_POINT('',(-105.901,45.555555876726,4.91));
#13081 = ORIENTED_EDGE('',*,*,#9569,.F.);
#13082 = ORIENTED_EDGE('',*,*,#13060,.F.);
#13083 = PLANE('',#13084);
#13084 = AXIS2_PLACEMENT_3D('',#13085,#13086,#13087);
#13085 = CARTESIAN_POINT('',(-105.901,45.555555876726,4.91));
#13086 = DIRECTION('',(0.707106781187,0.707106781187,0.));
#13087 = DIRECTION('',(-0.707106781187,0.707106781187,0.));
#13088 = ADVANCED_FACE('',(#13089),#13099,.T.);
#13089 = FACE_BOUND('',#13090,.T.);
#13090 = EDGE_LOOP('',(#13091,#13092,#13093,#13098));
#13091 = ORIENTED_EDGE('',*,*,#13077,.F.);
#13092 = ORIENTED_EDGE('',*,*,#9562,.F.);
#13093 = ORIENTED_EDGE('',*,*,#13094,.T.);
#13094 = EDGE_CURVE('',#9555,#12680,#13095,.T.);
#13095 = B_SPLINE_CURVE_WITH_KNOTS('',1,(#13096,#13097),.UNSPECIFIED.,
  .F.,.F.,(2,2),(0.,1.),.PIECEWISE_BEZIER_KNOTS.);
#13096 = CARTESIAN_POINT('',(-109.301,51.533333654503,1.51));
#13097 = CARTESIAN_POINT('',(-105.901,54.933333654503,4.91));
#13098 = ORIENTED_EDGE('',*,*,#12679,.T.);
#13099 = B_SPLINE_SURFACE_WITH_KNOTS('',1,1,(
    (#13100,#13101)
    ,(#13102,#13103
    )),.UNSPECIFIED.,.F.,.F.,.F.,(2,2),(2,2),(-3.2109997505E-07,
    128.00000032117),(0.,1.),.PIECEWISE_BEZIER_KNOTS.);
#13100 = CARTESIAN_POINT('',(-109.301,11.,1.51));
#13101 = CARTESIAN_POINT('',(-105.901,10.9999996789,4.91));
#13102 = CARTESIAN_POINT('',(-109.301,139.,1.51));
#13103 = CARTESIAN_POINT('',(-105.901,139.00000032117,4.91));
#13104 = ADVANCED_FACE('',(#13105),#13116,.F.);
#13105 = FACE_BOUND('',#13106,.F.);
#13106 = EDGE_LOOP('',(#13107,#13108,#13114,#13115));
#13107 = ORIENTED_EDGE('',*,*,#12686,.F.);
#13108 = ORIENTED_EDGE('',*,*,#13109,.T.);
#13109 = EDGE_CURVE('',#12687,#9547,#13110,.T.);
#13110 = LINE('',#13111,#13112);
#13111 = CARTESIAN_POINT('',(-109.3009999999,51.533333654504,4.91));
#13112 = VECTOR('',#13113,1.);
#13113 = DIRECTION('',(-0.,-0.,-1.));
#13114 = ORIENTED_EDGE('',*,*,#9554,.F.);
#13115 = ORIENTED_EDGE('',*,*,#13094,.T.);
#13116 = PLANE('',#13117);
#13117 = AXIS2_PLACEMENT_3D('',#13118,#13119,#13120);
#13118 = CARTESIAN_POINT('',(-109.3009999999,51.533333654504,4.91));
#13119 = DIRECTION('',(0.707106781187,-0.707106781187,0.));
#13120 = DIRECTION('',(0.707106781187,0.707106781187,0.));
#13121 = ADVANCED_FACE('',(#13122),#13133,.F.);
#13122 = FACE_BOUND('',#13123,.F.);
#13123 = EDGE_LOOP('',(#13124,#13125,#13131,#13132));
#13124 = ORIENTED_EDGE('',*,*,#12694,.F.);
#13125 = ORIENTED_EDGE('',*,*,#13126,.T.);
#13126 = EDGE_CURVE('',#12695,#9539,#13127,.T.);
#13127 = LINE('',#13128,#13129);
#13128 = CARTESIAN_POINT('',(-109.3009999999,60.733333654503,4.91));
#13129 = VECTOR('',#13130,1.);
#13130 = DIRECTION('',(-0.,-0.,-1.));
#13131 = ORIENTED_EDGE('',*,*,#9546,.F.);
#13132 = ORIENTED_EDGE('',*,*,#13109,.F.);
#13133 = PLANE('',#13134);
#13134 = AXIS2_PLACEMENT_3D('',#13135,#13136,#13137);
#13135 = CARTESIAN_POINT('',(-109.3009999999,60.733333654503,4.91));
#13136 = DIRECTION('',(-1.,0.,0.));
#13137 = DIRECTION('',(0.,-1.,0.));
#13138 = ADVANCED_FACE('',(#13139),#13149,.F.);
#13139 = FACE_BOUND('',#13140,.F.);
#13140 = EDGE_LOOP('',(#13141,#13142,#13147,#13148));
#13141 = ORIENTED_EDGE('',*,*,#12702,.F.);
#13142 = ORIENTED_EDGE('',*,*,#13143,.F.);
#13143 = EDGE_CURVE('',#9532,#12703,#13144,.T.);
#13144 = B_SPLINE_CURVE_WITH_KNOTS('',1,(#13145,#13146),.UNSPECIFIED.,
  .F.,.F.,(2,2),(0.,1.),.PIECEWISE_BEZIER_KNOTS.);
#13145 = CARTESIAN_POINT('',(-109.301,60.733333654503,1.51));
#13146 = CARTESIAN_POINT('',(-105.901,57.333333654503,4.91));
#13147 = ORIENTED_EDGE('',*,*,#9538,.F.);
#13148 = ORIENTED_EDGE('',*,*,#13126,.F.);
#13149 = PLANE('',#13150);
#13150 = AXIS2_PLACEMENT_3D('',#13151,#13152,#13153);
#13151 = CARTESIAN_POINT('',(-105.901,57.333333654503,4.91));
#13152 = DIRECTION('',(0.707106781187,0.707106781187,0.));
#13153 = DIRECTION('',(-0.707106781187,0.707106781187,0.));
#13154 = ADVANCED_FACE('',(#13155),#13165,.T.);
#13155 = FACE_BOUND('',#13156,.T.);
#13156 = EDGE_LOOP('',(#13157,#13158,#13159,#13164));
#13157 = ORIENTED_EDGE('',*,*,#13143,.F.);
#13158 = ORIENTED_EDGE('',*,*,#9531,.F.);
#13159 = ORIENTED_EDGE('',*,*,#13160,.T.);
#13160 = EDGE_CURVE('',#9524,#12711,#13161,.T.);
#13161 = B_SPLINE_CURVE_WITH_KNOTS('',1,(#13162,#13163),.UNSPECIFIED.,
  .F.,.F.,(2,2),(0.,1.),.PIECEWISE_BEZIER_KNOTS.);
#13162 = CARTESIAN_POINT('',(-109.301,63.311111432281,1.51));
#13163 = CARTESIAN_POINT('',(-105.901,66.711111432281,4.91));
#13164 = ORIENTED_EDGE('',*,*,#12710,.T.);
#13165 = B_SPLINE_SURFACE_WITH_KNOTS('',1,1,(
    (#13166,#13167)
    ,(#13168,#13169
    )),.UNSPECIFIED.,.F.,.F.,.F.,(2,2),(2,2),(-3.2109997505E-07,
    128.00000032117),(0.,1.),.PIECEWISE_BEZIER_KNOTS.);
#13166 = CARTESIAN_POINT('',(-109.301,11.,1.51));
#13167 = CARTESIAN_POINT('',(-105.901,10.9999996789,4.91));
#13168 = CARTESIAN_POINT('',(-109.301,139.,1.51));
#13169 = CARTESIAN_POINT('',(-105.901,139.00000032117,4.91));
#13170 = ADVANCED_FACE('',(#13171),#13182,.F.);
#13171 = FACE_BOUND('',#13172,.F.);
#13172 = EDGE_LOOP('',(#13173,#13174,#13180,#13181));
#13173 = ORIENTED_EDGE('',*,*,#12717,.F.);
#13174 = ORIENTED_EDGE('',*,*,#13175,.T.);
#13175 = EDGE_CURVE('',#12718,#9516,#13176,.T.);
#13176 = LINE('',#13177,#13178);
#13177 = CARTESIAN_POINT('',(-109.3009999999,63.311111432282,4.91));
#13178 = VECTOR('',#13179,1.);
#13179 = DIRECTION('',(-0.,-0.,-1.));
#13180 = ORIENTED_EDGE('',*,*,#9523,.F.);
#13181 = ORIENTED_EDGE('',*,*,#13160,.T.);
#13182 = PLANE('',#13183);
#13183 = AXIS2_PLACEMENT_3D('',#13184,#13185,#13186);
#13184 = CARTESIAN_POINT('',(-109.3009999999,63.311111432282,4.91));
#13185 = DIRECTION('',(0.707106781187,-0.707106781187,0.));
#13186 = DIRECTION('',(0.707106781187,0.707106781187,0.));
#13187 = ADVANCED_FACE('',(#13188),#13199,.F.);
#13188 = FACE_BOUND('',#13189,.F.);
#13189 = EDGE_LOOP('',(#13190,#13191,#13197,#13198));
#13190 = ORIENTED_EDGE('',*,*,#12725,.F.);
#13191 = ORIENTED_EDGE('',*,*,#13192,.T.);
#13192 = EDGE_CURVE('',#12726,#9508,#13193,.T.);
#13193 = LINE('',#13194,#13195);
#13194 = CARTESIAN_POINT('',(-109.3009999999,72.511111432281,4.91));
#13195 = VECTOR('',#13196,1.);
#13196 = DIRECTION('',(-0.,-0.,-1.));
#13197 = ORIENTED_EDGE('',*,*,#9515,.F.);
#13198 = ORIENTED_EDGE('',*,*,#13175,.F.);
#13199 = PLANE('',#13200);
#13200 = AXIS2_PLACEMENT_3D('',#13201,#13202,#13203);
#13201 = CARTESIAN_POINT('',(-109.3009999999,72.511111432281,4.91));
#13202 = DIRECTION('',(-1.,0.,0.));
#13203 = DIRECTION('',(0.,-1.,0.));
#13204 = ADVANCED_FACE('',(#13205),#13215,.F.);
#13205 = FACE_BOUND('',#13206,.F.);
#13206 = EDGE_LOOP('',(#13207,#13208,#13213,#13214));
#13207 = ORIENTED_EDGE('',*,*,#12733,.F.);
#13208 = ORIENTED_EDGE('',*,*,#13209,.F.);
#13209 = EDGE_CURVE('',#9501,#12734,#13210,.T.);
#13210 = B_SPLINE_CURVE_WITH_KNOTS('',1,(#13211,#13212),.UNSPECIFIED.,
  .F.,.F.,(2,2),(0.,1.),.PIECEWISE_BEZIER_KNOTS.);
#13211 = CARTESIAN_POINT('',(-109.301,72.511111432281,1.51));
#13212 = CARTESIAN_POINT('',(-105.901,69.111111432281,4.91));
#13213 = ORIENTED_EDGE('',*,*,#9507,.F.);
#13214 = ORIENTED_EDGE('',*,*,#13192,.F.);
#13215 = PLANE('',#13216);
#13216 = AXIS2_PLACEMENT_3D('',#13217,#13218,#13219);
#13217 = CARTESIAN_POINT('',(-105.901,69.111111432281,4.91));
#13218 = DIRECTION('',(0.707106781187,0.707106781187,0.));
#13219 = DIRECTION('',(-0.707106781187,0.707106781187,0.));
#13220 = ADVANCED_FACE('',(#13221),#13231,.T.);
#13221 = FACE_BOUND('',#13222,.T.);
#13222 = EDGE_LOOP('',(#13223,#13224,#13225,#13230));
#13223 = ORIENTED_EDGE('',*,*,#13209,.F.);
#13224 = ORIENTED_EDGE('',*,*,#9500,.F.);
#13225 = ORIENTED_EDGE('',*,*,#13226,.T.);
#13226 = EDGE_CURVE('',#9493,#12742,#13227,.T.);
#13227 = B_SPLINE_CURVE_WITH_KNOTS('',1,(#13228,#13229),.UNSPECIFIED.,
  .F.,.F.,(2,2),(0.,1.),.PIECEWISE_BEZIER_KNOTS.);
#13228 = CARTESIAN_POINT('',(-109.301,75.088889210059,1.51));
#13229 = CARTESIAN_POINT('',(-105.901,78.488889210059,4.91));
#13230 = ORIENTED_EDGE('',*,*,#12741,.T.);
#13231 = B_SPLINE_SURFACE_WITH_KNOTS('',1,1,(
    (#13232,#13233)
    ,(#13234,#13235
    )),.UNSPECIFIED.,.F.,.F.,.F.,(2,2),(2,2),(-3.2109997505E-07,
    128.00000032117),(0.,1.),.PIECEWISE_BEZIER_KNOTS.);
#13232 = CARTESIAN_POINT('',(-109.301,11.,1.51));
#13233 = CARTESIAN_POINT('',(-105.901,10.9999996789,4.91));
#13234 = CARTESIAN_POINT('',(-109.301,139.,1.51));
#13235 = CARTESIAN_POINT('',(-105.901,139.00000032117,4.91));
#13236 = ADVANCED_FACE('',(#13237),#13248,.F.);
#13237 = FACE_BOUND('',#13238,.F.);
#13238 = EDGE_LOOP('',(#13239,#13240,#13246,#13247));
#13239 = ORIENTED_EDGE('',*,*,#12748,.F.);
#13240 = ORIENTED_EDGE('',*,*,#13241,.T.);
#13241 = EDGE_CURVE('',#12749,#9485,#13242,.T.);
#13242 = LINE('',#13243,#13244);
#13243 = CARTESIAN_POINT('',(-109.3009999999,75.088889210059,4.91));
#13244 = VECTOR('',#13245,1.);
#13245 = DIRECTION('',(-0.,-0.,-1.));
#13246 = ORIENTED_EDGE('',*,*,#9492,.F.);
#13247 = ORIENTED_EDGE('',*,*,#13226,.T.);
#13248 = PLANE('',#13249);
#13249 = AXIS2_PLACEMENT_3D('',#13250,#13251,#13252);
#13250 = CARTESIAN_POINT('',(-109.3009999999,75.088889210059,4.91));
#13251 = DIRECTION('',(0.707106781187,-0.707106781187,0.));
#13252 = DIRECTION('',(0.707106781187,0.707106781187,0.));
#13253 = ADVANCED_FACE('',(#13254),#13265,.F.);
#13254 = FACE_BOUND('',#13255,.F.);
#13255 = EDGE_LOOP('',(#13256,#13257,#13263,#13264));
#13256 = ORIENTED_EDGE('',*,*,#12756,.F.);
#13257 = ORIENTED_EDGE('',*,*,#13258,.T.);
#13258 = EDGE_CURVE('',#12757,#9477,#13259,.T.);
#13259 = LINE('',#13260,#13261);
#13260 = CARTESIAN_POINT('',(-109.3009999999,84.288889210058,4.91));
#13261 = VECTOR('',#13262,1.);
#13262 = DIRECTION('',(-0.,-0.,-1.));
#13263 = ORIENTED_EDGE('',*,*,#9484,.F.);
#13264 = ORIENTED_EDGE('',*,*,#13241,.F.);
#13265 = PLANE('',#13266);
#13266 = AXIS2_PLACEMENT_3D('',#13267,#13268,#13269);
#13267 = CARTESIAN_POINT('',(-109.3009999999,84.288889210058,4.91));
#13268 = DIRECTION('',(-1.,0.,0.));
#13269 = DIRECTION('',(0.,-1.,0.));
#13270 = ADVANCED_FACE('',(#13271),#13281,.F.);
#13271 = FACE_BOUND('',#13272,.F.);
#13272 = EDGE_LOOP('',(#13273,#13274,#13279,#13280));
#13273 = ORIENTED_EDGE('',*,*,#12764,.F.);
#13274 = ORIENTED_EDGE('',*,*,#13275,.F.);
#13275 = EDGE_CURVE('',#9470,#12765,#13276,.T.);
#13276 = B_SPLINE_CURVE_WITH_KNOTS('',1,(#13277,#13278),.UNSPECIFIED.,
  .F.,.F.,(2,2),(0.,1.),.PIECEWISE_BEZIER_KNOTS.);
#13277 = CARTESIAN_POINT('',(-109.301,84.288889210059,1.51));
#13278 = CARTESIAN_POINT('',(-105.901,80.888889210059,4.91));
#13279 = ORIENTED_EDGE('',*,*,#9476,.F.);
#13280 = ORIENTED_EDGE('',*,*,#13258,.F.);
#13281 = PLANE('',#13282);
#13282 = AXIS2_PLACEMENT_3D('',#13283,#13284,#13285);
#13283 = CARTESIAN_POINT('',(-105.901,80.888889210059,4.91));
#13284 = DIRECTION('',(0.707106781187,0.707106781187,0.));
#13285 = DIRECTION('',(-0.707106781187,0.707106781187,0.));
#13286 = ADVANCED_FACE('',(#13287),#13297,.T.);
#13287 = FACE_BOUND('',#13288,.T.);
#13288 = EDGE_LOOP('',(#13289,#13290,#13291,#13296));
#13289 = ORIENTED_EDGE('',*,*,#13275,.F.);
#13290 = ORIENTED_EDGE('',*,*,#9469,.F.);
#13291 = ORIENTED_EDGE('',*,*,#13292,.T.);
#13292 = EDGE_CURVE('',#9462,#12773,#13293,.T.);
#13293 = B_SPLINE_CURVE_WITH_KNOTS('',1,(#13294,#13295),.UNSPECIFIED.,
  .F.,.F.,(2,2),(0.,1.),.PIECEWISE_BEZIER_KNOTS.);
#13294 = CARTESIAN_POINT('',(-109.301,86.866666987837,1.51));
#13295 = CARTESIAN_POINT('',(-105.901,90.266666987837,4.91));
#13296 = ORIENTED_EDGE('',*,*,#12772,.T.);
#13297 = B_SPLINE_SURFACE_WITH_KNOTS('',1,1,(
    (#13298,#13299)
    ,(#13300,#13301
    )),.UNSPECIFIED.,.F.,.F.,.F.,(2,2),(2,2),(-3.2109997505E-07,
    128.00000032117),(0.,1.),.PIECEWISE_BEZIER_KNOTS.);
#13298 = CARTESIAN_POINT('',(-109.301,11.,1.51));
#13299 = CARTESIAN_POINT('',(-105.901,10.9999996789,4.91));
#13300 = CARTESIAN_POINT('',(-109.301,139.,1.51));
#13301 = CARTESIAN_POINT('',(-105.901,139.00000032117,4.91));
#13302 = ADVANCED_FACE('',(#13303),#13314,.F.);
#13303 = FACE_BOUND('',#13304,.F.);
#13304 = EDGE_LOOP('',(#13305,#13306,#13312,#13313));
#13305 = ORIENTED_EDGE('',*,*,#12779,.F.);
#13306 = ORIENTED_EDGE('',*,*,#13307,.T.);
#13307 = EDGE_CURVE('',#12780,#9454,#13308,.T.);
#13308 = LINE('',#13309,#13310);
#13309 = CARTESIAN_POINT('',(-109.3009999999,86.866666987837,4.91));
#13310 = VECTOR('',#13311,1.);
#13311 = DIRECTION('',(-0.,-0.,-1.));
#13312 = ORIENTED_EDGE('',*,*,#9461,.F.);
#13313 = ORIENTED_EDGE('',*,*,#13292,.T.);
#13314 = PLANE('',#13315);
#13315 = AXIS2_PLACEMENT_3D('',#13316,#13317,#13318);
#13316 = CARTESIAN_POINT('',(-109.3009999999,86.866666987837,4.91));
#13317 = DIRECTION('',(0.707106781187,-0.707106781187,0.));
#13318 = DIRECTION('',(0.707106781187,0.707106781187,0.));
#13319 = ADVANCED_FACE('',(#13320),#13331,.F.);
#13320 = FACE_BOUND('',#13321,.F.);
#13321 = EDGE_LOOP('',(#13322,#13323,#13329,#13330));
#13322 = ORIENTED_EDGE('',*,*,#12787,.F.);
#13323 = ORIENTED_EDGE('',*,*,#13324,.T.);
#13324 = EDGE_CURVE('',#12788,#9446,#13325,.T.);
#13325 = LINE('',#13326,#13327);
#13326 = CARTESIAN_POINT('',(-109.3009999999,96.066666987836,4.91));
#13327 = VECTOR('',#13328,1.);
#13328 = DIRECTION('',(-0.,-0.,-1.));
#13329 = ORIENTED_EDGE('',*,*,#9453,.F.);
#13330 = ORIENTED_EDGE('',*,*,#13307,.F.);
#13331 = PLANE('',#13332);
#13332 = AXIS2_PLACEMENT_3D('',#13333,#13334,#13335);
#13333 = CARTESIAN_POINT('',(-109.3009999999,96.066666987836,4.91));
#13334 = DIRECTION('',(-1.,0.,0.));
#13335 = DIRECTION('',(0.,-1.,0.));
#13336 = ADVANCED_FACE('',(#13337),#13347,.F.);
#13337 = FACE_BOUND('',#13338,.F.);
#13338 = EDGE_LOOP('',(#13339,#13340,#13345,#13346));
#13339 = ORIENTED_EDGE('',*,*,#12795,.F.);
#13340 = ORIENTED_EDGE('',*,*,#13341,.F.);
#13341 = EDGE_CURVE('',#9439,#12796,#13342,.T.);
#13342 = B_SPLINE_CURVE_WITH_KNOTS('',1,(#13343,#13344),.UNSPECIFIED.,
  .F.,.F.,(2,2),(0.,1.),.PIECEWISE_BEZIER_KNOTS.);
#13343 = CARTESIAN_POINT('',(-109.301,96.066666987837,1.51));
#13344 = CARTESIAN_POINT('',(-105.901,92.666666987837,4.91));
#13345 = ORIENTED_EDGE('',*,*,#9445,.F.);
#13346 = ORIENTED_EDGE('',*,*,#13324,.F.);
#13347 = PLANE('',#13348);
#13348 = AXIS2_PLACEMENT_3D('',#13349,#13350,#13351);
#13349 = CARTESIAN_POINT('',(-105.901,92.666666987837,4.91));
#13350 = DIRECTION('',(0.707106781187,0.707106781187,0.));
#13351 = DIRECTION('',(-0.707106781187,0.707106781187,0.));
#13352 = ADVANCED_FACE('',(#13353),#13363,.T.);
#13353 = FACE_BOUND('',#13354,.T.);
#13354 = EDGE_LOOP('',(#13355,#13356,#13357,#13362));
#13355 = ORIENTED_EDGE('',*,*,#13341,.F.);
#13356 = ORIENTED_EDGE('',*,*,#9438,.F.);
#13357 = ORIENTED_EDGE('',*,*,#13358,.T.);
#13358 = EDGE_CURVE('',#9431,#12804,#13359,.T.);
#13359 = B_SPLINE_CURVE_WITH_KNOTS('',1,(#13360,#13361),.UNSPECIFIED.,
  .F.,.F.,(2,2),(0.,1.),.PIECEWISE_BEZIER_KNOTS.);
#13360 = CARTESIAN_POINT('',(-109.301,98.644444765614,1.51));
#13361 = CARTESIAN_POINT('',(-105.901,102.04444476561,4.91));
#13362 = ORIENTED_EDGE('',*,*,#12803,.T.);
#13363 = B_SPLINE_SURFACE_WITH_KNOTS('',1,1,(
    (#13364,#13365)
    ,(#13366,#13367
    )),.UNSPECIFIED.,.F.,.F.,.F.,(2,2),(2,2),(-3.2109997505E-07,
    128.00000032117),(0.,1.),.PIECEWISE_BEZIER_KNOTS.);
#13364 = CARTESIAN_POINT('',(-109.301,11.,1.51));
#13365 = CARTESIAN_POINT('',(-105.901,10.9999996789,4.91));
#13366 = CARTESIAN_POINT('',(-109.301,139.,1.51));
#13367 = CARTESIAN_POINT('',(-105.901,139.00000032117,4.91));
#13368 = ADVANCED_FACE('',(#13369),#13380,.F.);
#13369 = FACE_BOUND('',#13370,.F.);
#13370 = EDGE_LOOP('',(#13371,#13372,#13378,#13379));
#13371 = ORIENTED_EDGE('',*,*,#12810,.F.);
#13372 = ORIENTED_EDGE('',*,*,#13373,.T.);
#13373 = EDGE_CURVE('',#12811,#9423,#13374,.T.);
#13374 = LINE('',#13375,#13376);
#13375 = CARTESIAN_POINT('',(-109.3009999999,98.644444765615,4.91));
#13376 = VECTOR('',#13377,1.);
#13377 = DIRECTION('',(-0.,-0.,-1.));
#13378 = ORIENTED_EDGE('',*,*,#9430,.F.);
#13379 = ORIENTED_EDGE('',*,*,#13358,.T.);
#13380 = PLANE('',#13381);
#13381 = AXIS2_PLACEMENT_3D('',#13382,#13383,#13384);
#13382 = CARTESIAN_POINT('',(-109.3009999999,98.644444765615,4.91));
#13383 = DIRECTION('',(0.707106781187,-0.707106781187,0.));
#13384 = DIRECTION('',(0.707106781187,0.707106781187,0.));
#13385 = ADVANCED_FACE('',(#13386),#13397,.F.);
#13386 = FACE_BOUND('',#13387,.F.);
#13387 = EDGE_LOOP('',(#13388,#13389,#13395,#13396));
#13388 = ORIENTED_EDGE('',*,*,#12818,.F.);
#13389 = ORIENTED_EDGE('',*,*,#13390,.T.);
#13390 = EDGE_CURVE('',#12819,#9415,#13391,.T.);
#13391 = LINE('',#13392,#13393);
#13392 = CARTESIAN_POINT('',(-109.3009999999,107.84444476561,4.91));
#13393 = VECTOR('',#13394,1.);
#13394 = DIRECTION('',(-0.,-0.,-1.));
#13395 = ORIENTED_EDGE('',*,*,#9422,.F.);
#13396 = ORIENTED_EDGE('',*,*,#13373,.F.);
#13397 = PLANE('',#13398);
#13398 = AXIS2_PLACEMENT_3D('',#13399,#13400,#13401);
#13399 = CARTESIAN_POINT('',(-109.3009999999,107.84444476561,4.91));
#13400 = DIRECTION('',(-1.,0.,0.));
#13401 = DIRECTION('',(0.,-1.,0.));
#13402 = ADVANCED_FACE('',(#13403),#13413,.F.);
#13403 = FACE_BOUND('',#13404,.F.);
#13404 = EDGE_LOOP('',(#13405,#13406,#13411,#13412));
#13405 = ORIENTED_EDGE('',*,*,#12826,.F.);
#13406 = ORIENTED_EDGE('',*,*,#13407,.F.);
#13407 = EDGE_CURVE('',#9408,#12827,#13408,.T.);
#13408 = B_SPLINE_CURVE_WITH_KNOTS('',1,(#13409,#13410),.UNSPECIFIED.,
  .F.,.F.,(2,2),(0.,1.),.PIECEWISE_BEZIER_KNOTS.);
#13409 = CARTESIAN_POINT('',(-109.301,107.84444476561,1.51));
#13410 = CARTESIAN_POINT('',(-105.901,104.44444476561,4.91));
#13411 = ORIENTED_EDGE('',*,*,#9414,.F.);
#13412 = ORIENTED_EDGE('',*,*,#13390,.F.);
#13413 = PLANE('',#13414);
#13414 = AXIS2_PLACEMENT_3D('',#13415,#13416,#13417);
#13415 = CARTESIAN_POINT('',(-105.901,104.44444476561,4.91));
#13416 = DIRECTION('',(0.707106781187,0.707106781187,0.));
#13417 = DIRECTION('',(-0.707106781187,0.707106781187,0.));
#13418 = ADVANCED_FACE('',(#13419),#13429,.T.);
#13419 = FACE_BOUND('',#13420,.T.);
#13420 = EDGE_LOOP('',(#13421,#13422,#13423,#13428));
#13421 = ORIENTED_EDGE('',*,*,#13407,.F.);
#13422 = ORIENTED_EDGE('',*,*,#9407,.F.);
#13423 = ORIENTED_EDGE('',*,*,#13424,.T.);
#13424 = EDGE_CURVE('',#9400,#12835,#13425,.T.);
#13425 = B_SPLINE_CURVE_WITH_KNOTS('',1,(#13426,#13427),.UNSPECIFIED.,
  .F.,.F.,(2,2),(0.,1.),.PIECEWISE_BEZIER_KNOTS.);
#13426 = CARTESIAN_POINT('',(-109.301,110.42222254339,1.51));
#13427 = CARTESIAN_POINT('',(-105.901,113.82222254339,4.91));
#13428 = ORIENTED_EDGE('',*,*,#12834,.T.);
#13429 = B_SPLINE_SURFACE_WITH_KNOTS('',1,1,(
    (#13430,#13431)
    ,(#13432,#13433
    )),.UNSPECIFIED.,.F.,.F.,.F.,(2,2),(2,2),(-3.2109997505E-07,
    128.00000032117),(0.,1.),.PIECEWISE_BEZIER_KNOTS.);
#13430 = CARTESIAN_POINT('',(-109.301,11.,1.51));
#13431 = CARTESIAN_POINT('',(-105.901,10.9999996789,4.91));
#13432 = CARTESIAN_POINT('',(-109.301,139.,1.51));
#13433 = CARTESIAN_POINT('',(-105.901,139.00000032117,4.91));
#13434 = ADVANCED_FACE('',(#13435),#13446,.F.);
#13435 = FACE_BOUND('',#13436,.F.);
#13436 = EDGE_LOOP('',(#13437,#13438,#13444,#13445));
#13437 = ORIENTED_EDGE('',*,*,#12841,.F.);
#13438 = ORIENTED_EDGE('',*,*,#13439,.T.);
#13439 = EDGE_CURVE('',#12842,#9392,#13440,.T.);
#13440 = LINE('',#13441,#13442);
#13441 = CARTESIAN_POINT('',(-109.3009999999,110.42222254339,4.91));
#13442 = VECTOR('',#13443,1.);
#13443 = DIRECTION('',(-0.,-0.,-1.));
#13444 = ORIENTED_EDGE('',*,*,#9399,.F.);
#13445 = ORIENTED_EDGE('',*,*,#13424,.T.);
#13446 = PLANE('',#13447);
#13447 = AXIS2_PLACEMENT_3D('',#13448,#13449,#13450);
#13448 = CARTESIAN_POINT('',(-109.3009999999,110.42222254339,4.91));
#13449 = DIRECTION('',(0.707106781187,-0.707106781187,0.));
#13450 = DIRECTION('',(0.707106781187,0.707106781187,0.));
#13451 = ADVANCED_FACE('',(#13452),#13463,.F.);
#13452 = FACE_BOUND('',#13453,.F.);
#13453 = EDGE_LOOP('',(#13454,#13455,#13461,#13462));
#13454 = ORIENTED_EDGE('',*,*,#12849,.F.);
#13455 = ORIENTED_EDGE('',*,*,#13456,.T.);
#13456 = EDGE_CURVE('',#12850,#9384,#13457,.T.);
#13457 = LINE('',#13458,#13459);
#13458 = CARTESIAN_POINT('',(-109.3009999999,119.62222254339,4.91));
#13459 = VECTOR('',#13460,1.);
#13460 = DIRECTION('',(-0.,-0.,-1.));
#13461 = ORIENTED_EDGE('',*,*,#9391,.F.);
#13462 = ORIENTED_EDGE('',*,*,#13439,.F.);
#13463 = PLANE('',#13464);
#13464 = AXIS2_PLACEMENT_3D('',#13465,#13466,#13467);
#13465 = CARTESIAN_POINT('',(-109.3009999999,119.62222254339,4.91));
#13466 = DIRECTION('',(-1.,0.,0.));
#13467 = DIRECTION('',(0.,-1.,0.));
#13468 = ADVANCED_FACE('',(#13469),#13479,.F.);
#13469 = FACE_BOUND('',#13470,.F.);
#13470 = EDGE_LOOP('',(#13471,#13472,#13477,#13478));
#13471 = ORIENTED_EDGE('',*,*,#12857,.F.);
#13472 = ORIENTED_EDGE('',*,*,#13473,.F.);
#13473 = EDGE_CURVE('',#9377,#12858,#13474,.T.);
#13474 = B_SPLINE_CURVE_WITH_KNOTS('',1,(#13475,#13476),.UNSPECIFIED.,
  .F.,.F.,(2,2),(0.,1.),.PIECEWISE_BEZIER_KNOTS.);
#13475 = CARTESIAN_POINT('',(-109.301,119.62222254339,1.51));
#13476 = CARTESIAN_POINT('',(-105.901,116.22222254339,4.91));
#13477 = ORIENTED_EDGE('',*,*,#9383,.F.);
#13478 = ORIENTED_EDGE('',*,*,#13456,.F.);
#13479 = PLANE('',#13480);
#13480 = AXIS2_PLACEMENT_3D('',#13481,#13482,#13483);
#13481 = CARTESIAN_POINT('',(-105.901,116.22222254339,4.91));
#13482 = DIRECTION('',(0.707106781187,0.707106781187,0.));
#13483 = DIRECTION('',(-0.707106781187,0.707106781187,0.));
#13484 = ADVANCED_FACE('',(#13485),#13495,.T.);
#13485 = FACE_BOUND('',#13486,.T.);
#13486 = EDGE_LOOP('',(#13487,#13488,#13489,#13494));
#13487 = ORIENTED_EDGE('',*,*,#13473,.F.);
#13488 = ORIENTED_EDGE('',*,*,#9376,.F.);
#13489 = ORIENTED_EDGE('',*,*,#13490,.T.);
#13490 = EDGE_CURVE('',#9369,#12866,#13491,.T.);
#13491 = B_SPLINE_CURVE_WITH_KNOTS('',1,(#13492,#13493),.UNSPECIFIED.,
  .F.,.F.,(2,2),(0.,1.),.PIECEWISE_BEZIER_KNOTS.);
#13492 = CARTESIAN_POINT('',(-109.301,122.20000032117,1.51));
#13493 = CARTESIAN_POINT('',(-105.901,125.60000032117,4.91));
#13494 = ORIENTED_EDGE('',*,*,#12865,.T.);
#13495 = B_SPLINE_SURFACE_WITH_KNOTS('',1,1,(
    (#13496,#13497)
    ,(#13498,#13499
    )),.UNSPECIFIED.,.F.,.F.,.F.,(2,2),(2,2),(-3.2109997505E-07,
    128.00000032117),(0.,1.),.PIECEWISE_BEZIER_KNOTS.);
#13496 = CARTESIAN_POINT('',(-109.301,11.,1.51));
#13497 = CARTESIAN_POINT('',(-105.901,10.9999996789,4.91));
#13498 = CARTESIAN_POINT('',(-109.301,139.,1.51));
#13499 = CARTESIAN_POINT('',(-105.901,139.00000032117,4.91));
#13500 = ADVANCED_FACE('',(#13501),#13512,.F.);
#13501 = FACE_BOUND('',#13502,.F.);
#13502 = EDGE_LOOP('',(#13503,#13504,#13510,#13511));
#13503 = ORIENTED_EDGE('',*,*,#12872,.F.);
#13504 = ORIENTED_EDGE('',*,*,#13505,.T.);
#13505 = EDGE_CURVE('',#12873,#9361,#13506,.T.);
#13506 = LINE('',#13507,#13508);
#13507 = CARTESIAN_POINT('',(-109.3009999999,122.20000032117,4.91));
#13508 = VECTOR('',#13509,1.);
#13509 = DIRECTION('',(-0.,-0.,-1.));
#13510 = ORIENTED_EDGE('',*,*,#9368,.F.);
#13511 = ORIENTED_EDGE('',*,*,#13490,.T.);
#13512 = PLANE('',#13513);
#13513 = AXIS2_PLACEMENT_3D('',#13514,#13515,#13516);
#13514 = CARTESIAN_POINT('',(-109.3009999999,122.20000032117,4.91));
#13515 = DIRECTION('',(0.707106781187,-0.707106781187,0.));
#13516 = DIRECTION('',(0.707106781187,0.707106781187,0.));
#13517 = ADVANCED_FACE('',(#13518),#13529,.F.);
#13518 = FACE_BOUND('',#13519,.F.);
#13519 = EDGE_LOOP('',(#13520,#13521,#13527,#13528));
#13520 = ORIENTED_EDGE('',*,*,#12880,.F.);
#13521 = ORIENTED_EDGE('',*,*,#13522,.T.);
#13522 = EDGE_CURVE('',#12881,#9353,#13523,.T.);
#13523 = LINE('',#13524,#13525);
#13524 = CARTESIAN_POINT('',(-109.3009999999,131.40000032116,4.91));
#13525 = VECTOR('',#13526,1.);
#13526 = DIRECTION('',(-0.,-0.,-1.));
#13527 = ORIENTED_EDGE('',*,*,#9360,.F.);
#13528 = ORIENTED_EDGE('',*,*,#13505,.F.);
#13529 = PLANE('',#13530);
#13530 = AXIS2_PLACEMENT_3D('',#13531,#13532,#13533);
#13531 = CARTESIAN_POINT('',(-109.3009999999,131.40000032116,4.91));
#13532 = DIRECTION('',(-1.,0.,0.));
#13533 = DIRECTION('',(0.,-1.,0.));
#13534 = ADVANCED_FACE('',(#13535),#13541,.F.);
#13535 = FACE_BOUND('',#13536,.F.);
#13536 = EDGE_LOOP('',(#13537,#13538,#13539,#13540));
#13537 = ORIENTED_EDGE('',*,*,#12888,.F.);
#13538 = ORIENTED_EDGE('',*,*,#12902,.F.);
#13539 = ORIENTED_EDGE('',*,*,#9352,.F.);
#13540 = ORIENTED_EDGE('',*,*,#13522,.F.);
#13541 = PLANE('',#13542);
#13542 = AXIS2_PLACEMENT_3D('',#13543,#13544,#13545);
#13543 = CARTESIAN_POINT('',(-105.901,128.00000032117,4.91));
#13544 = DIRECTION('',(0.707106781187,0.707106781187,0.));
#13545 = DIRECTION('',(-0.707106781187,0.707106781187,0.));
#13546 = ADVANCED_FACE('',(#13547),#13552,.F.);
#13547 = FACE_BOUND('',#13548,.F.);
#13548 = EDGE_LOOP('',(#13549,#13550,#13551));
#13549 = ORIENTED_EDGE('',*,*,#10937,.T.);
#13550 = ORIENTED_EDGE('',*,*,#10905,.T.);
#13551 = ORIENTED_EDGE('',*,*,#10954,.F.);
#13552 = PLANE('',#13553);
#13553 = AXIS2_PLACEMENT_3D('',#13554,#13555,#13556);
#13554 = CARTESIAN_POINT('',(-1.886,81.55,7.355470392219));
#13555 = DIRECTION('',(0.,1.,0.));
#13556 = DIRECTION('',(0.,0.,1.));
#13557 = ADVANCED_FACE('',(#13558),#13563,.T.);
#13558 = FACE_BOUND('',#13559,.T.);
#13559 = EDGE_LOOP('',(#13560,#13561,#13562));
#13560 = ORIENTED_EDGE('',*,*,#11109,.T.);
#13561 = ORIENTED_EDGE('',*,*,#11084,.T.);
#13562 = ORIENTED_EDGE('',*,*,#11125,.F.);
#13563 = PLANE('',#13564);
#13564 = AXIS2_PLACEMENT_3D('',#13565,#13566,#13567);
#13565 = CARTESIAN_POINT('',(-1.886,68.45,7.355470392219));
#13566 = DIRECTION('',(0.,1.,0.));
#13567 = DIRECTION('',(0.,0.,1.));
#13568 = ADVANCED_FACE('',(#13569),#13579,.T.);
#13569 = FACE_BOUND('',#13570,.T.);
#13570 = EDGE_LOOP('',(#13571,#13572,#13573));
#13571 = ORIENTED_EDGE('',*,*,#11636,.T.);
#13572 = ORIENTED_EDGE('',*,*,#11596,.T.);
#13573 = ORIENTED_EDGE('',*,*,#13574,.T.);
#13574 = EDGE_CURVE('',#11589,#11611,#13575,.T.);
#13575 = LINE('',#13576,#13577);
#13576 = CARTESIAN_POINT('',(-25.284,142.29999999999,4.9));
#13577 = VECTOR('',#13578,1.);
#13578 = DIRECTION('',(-0.,-0.,-1.));
#13579 = PLANE('',#13580);
#13580 = AXIS2_PLACEMENT_3D('',#13581,#13582,#13583);
#13581 = CARTESIAN_POINT('',(-25.284,116.80942698706,3.340573012939));
#13582 = DIRECTION('',(-1.,-0.,-0.));
#13583 = DIRECTION('',(0.,0.,-1.));
#13584 = ADVANCED_FACE('',(#13585),#13596,.F.);
#13585 = FACE_BOUND('',#13586,.F.);
#13586 = EDGE_LOOP('',(#13587,#13588,#13589,#13590));
#13587 = ORIENTED_EDGE('',*,*,#11588,.F.);
#13588 = ORIENTED_EDGE('',*,*,#13574,.T.);
#13589 = ORIENTED_EDGE('',*,*,#11610,.T.);
#13590 = ORIENTED_EDGE('',*,*,#13591,.T.);
#13591 = EDGE_CURVE('',#11613,#11581,#13592,.T.);
#13592 = LINE('',#13593,#13594);
#13593 = CARTESIAN_POINT('',(-26.63800940592,142.29999999999,4.905));
#13594 = VECTOR('',#13595,1.);
#13595 = DIRECTION('',(0.,-0.,1.));
#13596 = PLANE('',#13597);
#13597 = AXIS2_PLACEMENT_3D('',#13598,#13599,#13600);
#13598 = CARTESIAN_POINT('',(-25.284,142.29999999999,4.9));
#13599 = DIRECTION('',(0.,1.,0.));
#13600 = DIRECTION('',(-1.,0.,0.));
#13601 = ADVANCED_FACE('',(#13602),#13614,.T.);
#13602 = FACE_BOUND('',#13603,.T.);
#13603 = EDGE_LOOP('',(#13604,#13605,#13611,#13612,#13613));
#13604 = ORIENTED_EDGE('',*,*,#11580,.F.);
#13605 = ORIENTED_EDGE('',*,*,#13606,.T.);
#13606 = EDGE_CURVE('',#11573,#11653,#13607,.T.);
#13607 = LINE('',#13608,#13609);
#13608 = CARTESIAN_POINT('',(-24.95100032116,143.98700908475,4.91));
#13609 = VECTOR('',#13610,1.);
#13610 = DIRECTION('',(-0.,-0.,-1.));
#13611 = ORIENTED_EDGE('',*,*,#11652,.F.);
#13612 = ORIENTED_EDGE('',*,*,#11620,.F.);
#13613 = ORIENTED_EDGE('',*,*,#13591,.T.);
#13614 = PLANE('',#13615);
#13615 = AXIS2_PLACEMENT_3D('',#13616,#13617,#13618);
#13616 = CARTESIAN_POINT('',(-24.95100032116,143.98700908475,4.91));
#13617 = DIRECTION('',(-0.707106781187,0.707106781187,0.));
#13618 = DIRECTION('',(-0.707106781187,-0.707106781187,0.));
#13619 = ADVANCED_FACE('',(#13620),#13631,.T.);
#13620 = FACE_BOUND('',#13621,.T.);
#13621 = EDGE_LOOP('',(#13622,#13623,#13629,#13630));
#13622 = ORIENTED_EDGE('',*,*,#11572,.F.);
#13623 = ORIENTED_EDGE('',*,*,#13624,.T.);
#13624 = EDGE_CURVE('',#11565,#11661,#13625,.T.);
#13625 = LINE('',#13626,#13627);
#13626 = CARTESIAN_POINT('',(-31.25100032116,143.98700908475,4.91));
#13627 = VECTOR('',#13628,1.);
#13628 = DIRECTION('',(-0.,-0.,-1.));
#13629 = ORIENTED_EDGE('',*,*,#11660,.F.);
#13630 = ORIENTED_EDGE('',*,*,#13606,.F.);
#13631 = PLANE('',#13632);
#13632 = AXIS2_PLACEMENT_3D('',#13633,#13634,#13635);
#13633 = CARTESIAN_POINT('',(-31.25100032116,143.98700908475,4.91));
#13634 = DIRECTION('',(0.,-1.,0.));
#13635 = DIRECTION('',(1.,0.,0.));
#13636 = ADVANCED_FACE('',(#13637),#13656,.T.);
#13637 = FACE_BOUND('',#13638,.T.);
#13638 = EDGE_LOOP('',(#13639,#13647,#13653,#13654,#13655));
#13639 = ORIENTED_EDGE('',*,*,#13640,.T.);
#13640 = EDGE_CURVE('',#11557,#13641,#13643,.T.);
#13641 = VERTEX_POINT('',#13642);
#13642 = CARTESIAN_POINT('',(-29.56399123641,142.29999999999,
    4.454486372868));
#13643 = LINE('',#13644,#13645);
#13644 = CARTESIAN_POINT('',(-29.56399123641,142.29999999999,4.905));
#13645 = VECTOR('',#13646,1.);
#13646 = DIRECTION('',(0.,0.,-1.));
#13647 = ORIENTED_EDGE('',*,*,#13648,.F.);
#13648 = EDGE_CURVE('',#11669,#13641,#13649,.T.);
#13649 = LINE('',#13650,#13651);
#13650 = CARTESIAN_POINT('',(-37.58619668726,150.32220545085,
    -9.440381056767));
#13651 = VECTOR('',#13652,1.);
#13652 = DIRECTION('',(0.4472135955,-0.4472135955,0.774596669241));
#13653 = ORIENTED_EDGE('',*,*,#11668,.F.);
#13654 = ORIENTED_EDGE('',*,*,#13624,.F.);
#13655 = ORIENTED_EDGE('',*,*,#11564,.F.);
#13656 = PLANE('',#13657);
#13657 = AXIS2_PLACEMENT_3D('',#13658,#13659,#13660);
#13658 = CARTESIAN_POINT('',(-29.30100032116,142.03700908475,4.91));
#13659 = DIRECTION('',(0.707106781187,0.707106781187,0.));
#13660 = DIRECTION('',(-0.707106781187,0.707106781187,0.));
#13661 = ADVANCED_FACE('',(#13662),#13680,.F.);
#13662 = FACE_BOUND('',#13663,.F.);
#13663 = EDGE_LOOP('',(#13664,#13665,#13666,#13674));
#13664 = ORIENTED_EDGE('',*,*,#11556,.F.);
#13665 = ORIENTED_EDGE('',*,*,#13640,.T.);
#13666 = ORIENTED_EDGE('',*,*,#13667,.T.);
#13667 = EDGE_CURVE('',#13641,#13668,#13670,.T.);
#13668 = VERTEX_POINT('',#13669);
#13669 = CARTESIAN_POINT('',(-36.20943797735,142.29999999999,
    4.454486372868));
#13670 = LINE('',#13671,#13672);
#13671 = CARTESIAN_POINT('',(-64.79250016058,142.29999999999,
    4.454486372868));
#13672 = VECTOR('',#13673,1.);
#13673 = DIRECTION('',(-1.,0.,0.));
#13674 = ORIENTED_EDGE('',*,*,#13675,.T.);
#13675 = EDGE_CURVE('',#13668,#11549,#13676,.T.);
#13676 = LINE('',#13677,#13678);
#13677 = CARTESIAN_POINT('',(-36.20943797735,142.29999999999,4.905));
#13678 = VECTOR('',#13679,1.);
#13679 = DIRECTION('',(0.,-0.,1.));
#13680 = PLANE('',#13681);
#13681 = AXIS2_PLACEMENT_3D('',#13682,#13683,#13684);
#13682 = CARTESIAN_POINT('',(-25.284,142.29999999999,4.9));
#13683 = DIRECTION('',(0.,1.,0.));
#13684 = DIRECTION('',(-1.,0.,0.));
#13685 = ADVANCED_FACE('',(#13686),#13703,.T.);
#13686 = FACE_BOUND('',#13687,.T.);
#13687 = EDGE_LOOP('',(#13688,#13689,#13695,#13696,#13702));
#13688 = ORIENTED_EDGE('',*,*,#11548,.F.);
#13689 = ORIENTED_EDGE('',*,*,#13690,.T.);
#13690 = EDGE_CURVE('',#11541,#11685,#13691,.T.);
#13691 = LINE('',#13692,#13693);
#13692 = CARTESIAN_POINT('',(-34.52242889259,143.98700908475,4.91));
#13693 = VECTOR('',#13694,1.);
#13694 = DIRECTION('',(-0.,-0.,-1.));
#13695 = ORIENTED_EDGE('',*,*,#11684,.F.);
#13696 = ORIENTED_EDGE('',*,*,#13697,.F.);
#13697 = EDGE_CURVE('',#13668,#11677,#13698,.T.);
#13698 = LINE('',#13699,#13700);
#13699 = CARTESIAN_POINT('',(-42.08008966935,136.42934830799,
    14.622753376958));
#13700 = VECTOR('',#13701,1.);
#13701 = DIRECTION('',(0.4472135955,0.4472135955,-0.774596669241));
#13702 = ORIENTED_EDGE('',*,*,#13675,.T.);
#13703 = PLANE('',#13704);
#13704 = AXIS2_PLACEMENT_3D('',#13705,#13706,#13707);
#13705 = CARTESIAN_POINT('',(-34.52242889259,143.98700908475,4.91));
#13706 = DIRECTION('',(-0.707106781187,0.707106781187,0.));
#13707 = DIRECTION('',(-0.707106781187,-0.707106781187,0.));
#13708 = ADVANCED_FACE('',(#13709),#13720,.T.);
#13709 = FACE_BOUND('',#13710,.T.);
#13710 = EDGE_LOOP('',(#13711,#13712,#13718,#13719));
#13711 = ORIENTED_EDGE('',*,*,#11540,.F.);
#13712 = ORIENTED_EDGE('',*,*,#13713,.T.);
#13713 = EDGE_CURVE('',#11533,#11693,#13714,.T.);
#13714 = LINE('',#13715,#13716);
#13715 = CARTESIAN_POINT('',(-40.82242889259,143.98700908475,4.91));
#13716 = VECTOR('',#13717,1.);
#13717 = DIRECTION('',(-0.,-0.,-1.));
#13718 = ORIENTED_EDGE('',*,*,#11692,.F.);
#13719 = ORIENTED_EDGE('',*,*,#13690,.F.);
#13720 = PLANE('',#13721);
#13721 = AXIS2_PLACEMENT_3D('',#13722,#13723,#13724);
#13722 = CARTESIAN_POINT('',(-40.82242889259,143.98700908475,4.91));
#13723 = DIRECTION('',(0.,-1.,0.));
#13724 = DIRECTION('',(1.,0.,0.));
#13725 = ADVANCED_FACE('',(#13726),#13745,.T.);
#13726 = FACE_BOUND('',#13727,.T.);
#13727 = EDGE_LOOP('',(#13728,#13736,#13742,#13743,#13744));
#13728 = ORIENTED_EDGE('',*,*,#13729,.T.);
#13729 = EDGE_CURVE('',#11525,#13730,#13732,.T.);
#13730 = VERTEX_POINT('',#13731);
#13731 = CARTESIAN_POINT('',(-39.13541980783,142.29999999999,
    4.454486372868));
#13732 = LINE('',#13733,#13734);
#13733 = CARTESIAN_POINT('',(-39.13541980783,142.29999999999,4.905));
#13734 = VECTOR('',#13735,1.);
#13735 = DIRECTION('',(0.,0.,-1.));
#13736 = ORIENTED_EDGE('',*,*,#13737,.F.);
#13737 = EDGE_CURVE('',#11701,#13730,#13738,.T.);
#13738 = LINE('',#13739,#13740);
#13739 = CARTESIAN_POINT('',(-46.20048240155,149.36506259371,
    -7.782560998094));
#13740 = VECTOR('',#13741,1.);
#13741 = DIRECTION('',(0.4472135955,-0.4472135955,0.774596669241));
#13742 = ORIENTED_EDGE('',*,*,#11700,.F.);
#13743 = ORIENTED_EDGE('',*,*,#13713,.F.);
#13744 = ORIENTED_EDGE('',*,*,#11532,.F.);
#13745 = PLANE('',#13746);
#13746 = AXIS2_PLACEMENT_3D('',#13747,#13748,#13749);
#13747 = CARTESIAN_POINT('',(-38.87242889259,142.03700908475,4.91));
#13748 = DIRECTION('',(0.707106781187,0.707106781187,0.));
#13749 = DIRECTION('',(-0.707106781187,0.707106781187,0.));
#13750 = ADVANCED_FACE('',(#13751),#13769,.F.);
#13751 = FACE_BOUND('',#13752,.F.);
#13752 = EDGE_LOOP('',(#13753,#13754,#13755,#13763));
#13753 = ORIENTED_EDGE('',*,*,#11524,.F.);
#13754 = ORIENTED_EDGE('',*,*,#13729,.T.);
#13755 = ORIENTED_EDGE('',*,*,#13756,.T.);
#13756 = EDGE_CURVE('',#13730,#13757,#13759,.T.);
#13757 = VERTEX_POINT('',#13758);
#13758 = CARTESIAN_POINT('',(-45.78086654877,142.29999999999,
    4.454486372868));
#13759 = LINE('',#13760,#13761);
#13760 = CARTESIAN_POINT('',(-64.79250016058,142.29999999999,
    4.454486372868));
#13761 = VECTOR('',#13762,1.);
#13762 = DIRECTION('',(-1.,0.,0.));
#13763 = ORIENTED_EDGE('',*,*,#13764,.T.);
#13764 = EDGE_CURVE('',#13757,#11517,#13765,.T.);
#13765 = LINE('',#13766,#13767);
#13766 = CARTESIAN_POINT('',(-45.78086654877,142.29999999999,4.905));
#13767 = VECTOR('',#13768,1.);
#13768 = DIRECTION('',(0.,-0.,1.));
#13769 = PLANE('',#13770);
#13770 = AXIS2_PLACEMENT_3D('',#13771,#13772,#13773);
#13771 = CARTESIAN_POINT('',(-25.284,142.29999999999,4.9));
#13772 = DIRECTION('',(0.,1.,0.));
#13773 = DIRECTION('',(-1.,0.,0.));
#13774 = ADVANCED_FACE('',(#13775),#13792,.T.);
#13775 = FACE_BOUND('',#13776,.T.);
#13776 = EDGE_LOOP('',(#13777,#13778,#13784,#13785,#13791));
#13777 = ORIENTED_EDGE('',*,*,#11516,.F.);
#13778 = ORIENTED_EDGE('',*,*,#13779,.T.);
#13779 = EDGE_CURVE('',#11509,#11717,#13780,.T.);
#13780 = LINE('',#13781,#13782);
#13781 = CARTESIAN_POINT('',(-44.09385746402,143.98700908475,4.91));
#13782 = VECTOR('',#13783,1.);
#13783 = DIRECTION('',(-0.,-0.,-1.));
#13784 = ORIENTED_EDGE('',*,*,#11716,.F.);
#13785 = ORIENTED_EDGE('',*,*,#13786,.F.);
#13786 = EDGE_CURVE('',#13757,#11709,#13787,.T.);
#13787 = LINE('',#13788,#13789);
#13788 = CARTESIAN_POINT('',(-50.69437538364,137.38649116513,
    12.964933318285));
#13789 = VECTOR('',#13790,1.);
#13790 = DIRECTION('',(0.4472135955,0.4472135955,-0.774596669241));
#13791 = ORIENTED_EDGE('',*,*,#13764,.T.);
#13792 = PLANE('',#13793);
#13793 = AXIS2_PLACEMENT_3D('',#13794,#13795,#13796);
#13794 = CARTESIAN_POINT('',(-44.09385746402,143.98700908475,4.91));
#13795 = DIRECTION('',(-0.707106781187,0.707106781187,0.));
#13796 = DIRECTION('',(-0.707106781187,-0.707106781187,0.));
#13797 = ADVANCED_FACE('',(#13798),#13809,.T.);
#13798 = FACE_BOUND('',#13799,.T.);
#13799 = EDGE_LOOP('',(#13800,#13801,#13807,#13808));
#13800 = ORIENTED_EDGE('',*,*,#11508,.F.);
#13801 = ORIENTED_EDGE('',*,*,#13802,.T.);
#13802 = EDGE_CURVE('',#11501,#11725,#13803,.T.);
#13803 = LINE('',#13804,#13805);
#13804 = CARTESIAN_POINT('',(-50.39385746402,143.98700908475,4.91));
#13805 = VECTOR('',#13806,1.);
#13806 = DIRECTION('',(-0.,-0.,-1.));
#13807 = ORIENTED_EDGE('',*,*,#11724,.F.);
#13808 = ORIENTED_EDGE('',*,*,#13779,.F.);
#13809 = PLANE('',#13810);
#13810 = AXIS2_PLACEMENT_3D('',#13811,#13812,#13813);
#13811 = CARTESIAN_POINT('',(-50.39385746402,143.98700908475,4.91));
#13812 = DIRECTION('',(0.,-1.,0.));
#13813 = DIRECTION('',(1.,0.,0.));
#13814 = ADVANCED_FACE('',(#13815),#13834,.T.);
#13815 = FACE_BOUND('',#13816,.T.);
#13816 = EDGE_LOOP('',(#13817,#13825,#13831,#13832,#13833));
#13817 = ORIENTED_EDGE('',*,*,#13818,.T.);
#13818 = EDGE_CURVE('',#11493,#13819,#13821,.T.);
#13819 = VERTEX_POINT('',#13820);
#13820 = CARTESIAN_POINT('',(-48.70684837926,142.29999999999,
    4.454486372868));
#13821 = LINE('',#13822,#13823);
#13822 = CARTESIAN_POINT('',(-48.70684837926,142.29999999999,4.905));
#13823 = VECTOR('',#13824,1.);
#13824 = DIRECTION('',(0.,0.,-1.));
#13825 = ORIENTED_EDGE('',*,*,#13826,.F.);
#13826 = EDGE_CURVE('',#11733,#13819,#13827,.T.);
#13827 = LINE('',#13828,#13829);
#13828 = CARTESIAN_POINT('',(-54.81476811583,148.40791973656,
    -6.124740939421));
#13829 = VECTOR('',#13830,1.);
#13830 = DIRECTION('',(0.4472135955,-0.4472135955,0.774596669241));
#13831 = ORIENTED_EDGE('',*,*,#11732,.F.);
#13832 = ORIENTED_EDGE('',*,*,#13802,.F.);
#13833 = ORIENTED_EDGE('',*,*,#11500,.F.);
#13834 = PLANE('',#13835);
#13835 = AXIS2_PLACEMENT_3D('',#13836,#13837,#13838);
#13836 = CARTESIAN_POINT('',(-48.44385746402,142.03700908475,4.91));
#13837 = DIRECTION('',(0.707106781187,0.707106781187,0.));
#13838 = DIRECTION('',(-0.707106781187,0.707106781187,0.));
#13839 = ADVANCED_FACE('',(#13840),#13858,.F.);
#13840 = FACE_BOUND('',#13841,.F.);
#13841 = EDGE_LOOP('',(#13842,#13843,#13844,#13852));
#13842 = ORIENTED_EDGE('',*,*,#11492,.F.);
#13843 = ORIENTED_EDGE('',*,*,#13818,.T.);
#13844 = ORIENTED_EDGE('',*,*,#13845,.T.);
#13845 = EDGE_CURVE('',#13819,#13846,#13848,.T.);
#13846 = VERTEX_POINT('',#13847);
#13847 = CARTESIAN_POINT('',(-55.3522951202,142.29999999999,
    4.454486372868));
#13848 = LINE('',#13849,#13850);
#13849 = CARTESIAN_POINT('',(-64.79250016058,142.29999999999,
    4.454486372868));
#13850 = VECTOR('',#13851,1.);
#13851 = DIRECTION('',(-1.,0.,0.));
#13852 = ORIENTED_EDGE('',*,*,#13853,.T.);
#13853 = EDGE_CURVE('',#13846,#11485,#13854,.T.);
#13854 = LINE('',#13855,#13856);
#13855 = CARTESIAN_POINT('',(-55.3522951202,142.29999999999,4.905));
#13856 = VECTOR('',#13857,1.);
#13857 = DIRECTION('',(0.,-0.,1.));
#13858 = PLANE('',#13859);
#13859 = AXIS2_PLACEMENT_3D('',#13860,#13861,#13862);
#13860 = CARTESIAN_POINT('',(-25.284,142.29999999999,4.9));
#13861 = DIRECTION('',(0.,1.,0.));
#13862 = DIRECTION('',(-1.,0.,0.));
#13863 = ADVANCED_FACE('',(#13864),#13881,.T.);
#13864 = FACE_BOUND('',#13865,.T.);
#13865 = EDGE_LOOP('',(#13866,#13867,#13873,#13874,#13880));
#13866 = ORIENTED_EDGE('',*,*,#11484,.F.);
#13867 = ORIENTED_EDGE('',*,*,#13868,.T.);
#13868 = EDGE_CURVE('',#11477,#11749,#13869,.T.);
#13869 = LINE('',#13870,#13871);
#13870 = CARTESIAN_POINT('',(-53.66528603545,143.98700908475,4.91));
#13871 = VECTOR('',#13872,1.);
#13872 = DIRECTION('',(-0.,-0.,-1.));
#13873 = ORIENTED_EDGE('',*,*,#11748,.F.);
#13874 = ORIENTED_EDGE('',*,*,#13875,.F.);
#13875 = EDGE_CURVE('',#13846,#11741,#13876,.T.);
#13876 = LINE('',#13877,#13878);
#13877 = CARTESIAN_POINT('',(-59.30866109792,138.34363402228,
    11.307113259612));
#13878 = VECTOR('',#13879,1.);
#13879 = DIRECTION('',(0.4472135955,0.4472135955,-0.774596669241));
#13880 = ORIENTED_EDGE('',*,*,#13853,.T.);
#13881 = PLANE('',#13882);
#13882 = AXIS2_PLACEMENT_3D('',#13883,#13884,#13885);
#13883 = CARTESIAN_POINT('',(-53.66528603545,143.98700908475,4.91));
#13884 = DIRECTION('',(-0.707106781187,0.707106781187,0.));
#13885 = DIRECTION('',(-0.707106781187,-0.707106781187,0.));
#13886 = ADVANCED_FACE('',(#13887),#13898,.T.);
#13887 = FACE_BOUND('',#13888,.T.);
#13888 = EDGE_LOOP('',(#13889,#13890,#13896,#13897));
#13889 = ORIENTED_EDGE('',*,*,#11476,.F.);
#13890 = ORIENTED_EDGE('',*,*,#13891,.T.);
#13891 = EDGE_CURVE('',#11469,#11757,#13892,.T.);
#13892 = LINE('',#13893,#13894);
#13893 = CARTESIAN_POINT('',(-59.96528603545,143.98700908475,4.91));
#13894 = VECTOR('',#13895,1.);
#13895 = DIRECTION('',(-0.,-0.,-1.));
#13896 = ORIENTED_EDGE('',*,*,#11756,.F.);
#13897 = ORIENTED_EDGE('',*,*,#13868,.F.);
#13898 = PLANE('',#13899);
#13899 = AXIS2_PLACEMENT_3D('',#13900,#13901,#13902);
#13900 = CARTESIAN_POINT('',(-59.96528603545,143.98700908475,4.91));
#13901 = DIRECTION('',(0.,-1.,0.));
#13902 = DIRECTION('',(1.,0.,0.));
#13903 = ADVANCED_FACE('',(#13904),#13923,.T.);
#13904 = FACE_BOUND('',#13905,.T.);
#13905 = EDGE_LOOP('',(#13906,#13914,#13920,#13921,#13922));
#13906 = ORIENTED_EDGE('',*,*,#13907,.T.);
#13907 = EDGE_CURVE('',#11461,#13908,#13910,.T.);
#13908 = VERTEX_POINT('',#13909);
#13909 = CARTESIAN_POINT('',(-58.27827695069,142.29999999999,
    4.454486372868));
#13910 = LINE('',#13911,#13912);
#13911 = CARTESIAN_POINT('',(-58.27827695069,142.29999999999,4.905));
#13912 = VECTOR('',#13913,1.);
#13913 = DIRECTION('',(0.,0.,-1.));
#13914 = ORIENTED_EDGE('',*,*,#13915,.F.);
#13915 = EDGE_CURVE('',#11765,#13908,#13916,.T.);
#13916 = LINE('',#13917,#13918);
#13917 = CARTESIAN_POINT('',(-63.42905383012,147.45077687942,
    -4.466920880747));
#13918 = VECTOR('',#13919,1.);
#13919 = DIRECTION('',(0.4472135955,-0.4472135955,0.774596669241));
#13920 = ORIENTED_EDGE('',*,*,#11764,.F.);
#13921 = ORIENTED_EDGE('',*,*,#13891,.F.);
#13922 = ORIENTED_EDGE('',*,*,#11468,.F.);
#13923 = PLANE('',#13924);
#13924 = AXIS2_PLACEMENT_3D('',#13925,#13926,#13927);
#13925 = CARTESIAN_POINT('',(-58.01528603545,142.03700908475,4.91));
#13926 = DIRECTION('',(0.707106781187,0.707106781187,0.));
#13927 = DIRECTION('',(-0.707106781187,0.707106781187,0.));
#13928 = ADVANCED_FACE('',(#13929),#13947,.F.);
#13929 = FACE_BOUND('',#13930,.F.);
#13930 = EDGE_LOOP('',(#13931,#13932,#13933,#13941));
#13931 = ORIENTED_EDGE('',*,*,#11460,.F.);
#13932 = ORIENTED_EDGE('',*,*,#13907,.T.);
#13933 = ORIENTED_EDGE('',*,*,#13934,.T.);
#13934 = EDGE_CURVE('',#13908,#13935,#13937,.T.);
#13935 = VERTEX_POINT('',#13936);
#13936 = CARTESIAN_POINT('',(-64.92372369163,142.29999999999,
    4.454486372868));
#13937 = LINE('',#13938,#13939);
#13938 = CARTESIAN_POINT('',(-64.79250016058,142.29999999999,
    4.454486372868));
#13939 = VECTOR('',#13940,1.);
#13940 = DIRECTION('',(-1.,0.,0.));
#13941 = ORIENTED_EDGE('',*,*,#13942,.T.);
#13942 = EDGE_CURVE('',#13935,#11453,#13943,.T.);
#13943 = LINE('',#13944,#13945);
#13944 = CARTESIAN_POINT('',(-64.92372369163,142.29999999999,4.905));
#13945 = VECTOR('',#13946,1.);
#13946 = DIRECTION('',(0.,-0.,1.));
#13947 = PLANE('',#13948);
#13948 = AXIS2_PLACEMENT_3D('',#13949,#13950,#13951);
#13949 = CARTESIAN_POINT('',(-25.284,142.29999999999,4.9));
#13950 = DIRECTION('',(0.,1.,0.));
#13951 = DIRECTION('',(-1.,0.,0.));
#13952 = ADVANCED_FACE('',(#13953),#13970,.T.);
#13953 = FACE_BOUND('',#13954,.T.);
#13954 = EDGE_LOOP('',(#13955,#13956,#13962,#13963,#13969));
#13955 = ORIENTED_EDGE('',*,*,#11452,.F.);
#13956 = ORIENTED_EDGE('',*,*,#13957,.T.);
#13957 = EDGE_CURVE('',#11445,#11781,#13958,.T.);
#13958 = LINE('',#13959,#13960);
#13959 = CARTESIAN_POINT('',(-63.23671460688,143.98700908475,4.91));
#13960 = VECTOR('',#13961,1.);
#13961 = DIRECTION('',(-0.,-0.,-1.));
#13962 = ORIENTED_EDGE('',*,*,#11780,.F.);
#13963 = ORIENTED_EDGE('',*,*,#13964,.F.);
#13964 = EDGE_CURVE('',#13935,#11773,#13965,.T.);
#13965 = LINE('',#13966,#13967);
#13966 = CARTESIAN_POINT('',(-67.92294681221,139.30077687942,
    9.649293200939));
#13967 = VECTOR('',#13968,1.);
#13968 = DIRECTION('',(0.4472135955,0.4472135955,-0.774596669241));
#13969 = ORIENTED_EDGE('',*,*,#13942,.T.);
#13970 = PLANE('',#13971);
#13971 = AXIS2_PLACEMENT_3D('',#13972,#13973,#13974);
#13972 = CARTESIAN_POINT('',(-63.23671460688,143.98700908475,4.91));
#13973 = DIRECTION('',(-0.707106781187,0.707106781187,0.));
#13974 = DIRECTION('',(-0.707106781187,-0.707106781187,0.));
#13975 = ADVANCED_FACE('',(#13976),#13987,.T.);
#13976 = FACE_BOUND('',#13977,.T.);
#13977 = EDGE_LOOP('',(#13978,#13979,#13985,#13986));
#13978 = ORIENTED_EDGE('',*,*,#11444,.F.);
#13979 = ORIENTED_EDGE('',*,*,#13980,.T.);
#13980 = EDGE_CURVE('',#11437,#11789,#13981,.T.);
#13981 = LINE('',#13982,#13983);
#13982 = CARTESIAN_POINT('',(-69.53671460688,143.98700908475,4.91));
#13983 = VECTOR('',#13984,1.);
#13984 = DIRECTION('',(-0.,-0.,-1.));
#13985 = ORIENTED_EDGE('',*,*,#11788,.F.);
#13986 = ORIENTED_EDGE('',*,*,#13957,.F.);
#13987 = PLANE('',#13988);
#13988 = AXIS2_PLACEMENT_3D('',#13989,#13990,#13991);
#13989 = CARTESIAN_POINT('',(-69.53671460688,143.98700908475,4.91));
#13990 = DIRECTION('',(0.,-1.,0.));
#13991 = DIRECTION('',(1.,0.,0.));
#13992 = ADVANCED_FACE('',(#13993),#14012,.T.);
#13993 = FACE_BOUND('',#13994,.T.);
#13994 = EDGE_LOOP('',(#13995,#14003,#14009,#14010,#14011));
#13995 = ORIENTED_EDGE('',*,*,#13996,.T.);
#13996 = EDGE_CURVE('',#11429,#13997,#13999,.T.);
#13997 = VERTEX_POINT('',#13998);
#13998 = CARTESIAN_POINT('',(-67.84970552212,142.29999999999,
    4.454486372868));
#13999 = LINE('',#14000,#14001);
#14000 = CARTESIAN_POINT('',(-67.84970552212,142.29999999999,4.905));
#14001 = VECTOR('',#14002,1.);
#14002 = DIRECTION('',(0.,0.,-1.));
#14003 = ORIENTED_EDGE('',*,*,#14004,.F.);
#14004 = EDGE_CURVE('',#11797,#13997,#14005,.T.);
#14005 = LINE('',#14006,#14007);
#14006 = CARTESIAN_POINT('',(-72.0433395444,146.49363402228,
    -2.809100822074));
#14007 = VECTOR('',#14008,1.);
#14008 = DIRECTION('',(0.4472135955,-0.4472135955,0.774596669241));
#14009 = ORIENTED_EDGE('',*,*,#11796,.F.);
#14010 = ORIENTED_EDGE('',*,*,#13980,.F.);
#14011 = ORIENTED_EDGE('',*,*,#11436,.F.);
#14012 = PLANE('',#14013);
#14013 = AXIS2_PLACEMENT_3D('',#14014,#14015,#14016);
#14014 = CARTESIAN_POINT('',(-67.58671460688,142.03700908475,4.91));
#14015 = DIRECTION('',(0.707106781187,0.707106781187,0.));
#14016 = DIRECTION('',(-0.707106781187,0.707106781187,0.));
#14017 = ADVANCED_FACE('',(#14018),#14036,.F.);
#14018 = FACE_BOUND('',#14019,.F.);
#14019 = EDGE_LOOP('',(#14020,#14021,#14022,#14030));
#14020 = ORIENTED_EDGE('',*,*,#11428,.F.);
#14021 = ORIENTED_EDGE('',*,*,#13996,.T.);
#14022 = ORIENTED_EDGE('',*,*,#14023,.T.);
#14023 = EDGE_CURVE('',#13997,#14024,#14026,.T.);
#14024 = VERTEX_POINT('',#14025);
#14025 = CARTESIAN_POINT('',(-74.49515226306,142.29999999999,
    4.454486372868));
#14026 = LINE('',#14027,#14028);
#14027 = CARTESIAN_POINT('',(-64.79250016058,142.29999999999,
    4.454486372868));
#14028 = VECTOR('',#14029,1.);
#14029 = DIRECTION('',(-1.,0.,0.));
#14030 = ORIENTED_EDGE('',*,*,#14031,.T.);
#14031 = EDGE_CURVE('',#14024,#11421,#14032,.T.);
#14032 = LINE('',#14033,#14034);
#14033 = CARTESIAN_POINT('',(-74.49515226306,142.29999999999,4.905));
#14034 = VECTOR('',#14035,1.);
#14035 = DIRECTION('',(0.,-0.,1.));
#14036 = PLANE('',#14037);
#14037 = AXIS2_PLACEMENT_3D('',#14038,#14039,#14040);
#14038 = CARTESIAN_POINT('',(-25.284,142.29999999999,4.9));
#14039 = DIRECTION('',(0.,1.,0.));
#14040 = DIRECTION('',(-1.,0.,0.));
#14041 = ADVANCED_FACE('',(#14042),#14059,.T.);
#14042 = FACE_BOUND('',#14043,.T.);
#14043 = EDGE_LOOP('',(#14044,#14045,#14051,#14052,#14058));
#14044 = ORIENTED_EDGE('',*,*,#11420,.F.);
#14045 = ORIENTED_EDGE('',*,*,#14046,.T.);
#14046 = EDGE_CURVE('',#11413,#11813,#14047,.T.);
#14047 = LINE('',#14048,#14049);
#14048 = CARTESIAN_POINT('',(-72.8081431783,143.98700908475,4.91));
#14049 = VECTOR('',#14050,1.);
#14050 = DIRECTION('',(-0.,-0.,-1.));
#14051 = ORIENTED_EDGE('',*,*,#11812,.F.);
#14052 = ORIENTED_EDGE('',*,*,#14053,.F.);
#14053 = EDGE_CURVE('',#14024,#11805,#14054,.T.);
#14054 = LINE('',#14055,#14056);
#14055 = CARTESIAN_POINT('',(-76.53723252649,140.25791973656,
    7.991473142266));
#14056 = VECTOR('',#14057,1.);
#14057 = DIRECTION('',(0.4472135955,0.4472135955,-0.774596669241));
#14058 = ORIENTED_EDGE('',*,*,#14031,.T.);
#14059 = PLANE('',#14060);
#14060 = AXIS2_PLACEMENT_3D('',#14061,#14062,#14063);
#14061 = CARTESIAN_POINT('',(-72.8081431783,143.98700908475,4.91));
#14062 = DIRECTION('',(-0.707106781187,0.707106781187,0.));
#14063 = DIRECTION('',(-0.707106781187,-0.707106781187,0.));
#14064 = ADVANCED_FACE('',(#14065),#14076,.T.);
#14065 = FACE_BOUND('',#14066,.T.);
#14066 = EDGE_LOOP('',(#14067,#14068,#14074,#14075));
#14067 = ORIENTED_EDGE('',*,*,#11412,.F.);
#14068 = ORIENTED_EDGE('',*,*,#14069,.T.);
#14069 = EDGE_CURVE('',#11405,#11821,#14070,.T.);
#14070 = LINE('',#14071,#14072);
#14071 = CARTESIAN_POINT('',(-79.1081431783,143.98700908475,4.91));
#14072 = VECTOR('',#14073,1.);
#14073 = DIRECTION('',(-0.,-0.,-1.));
#14074 = ORIENTED_EDGE('',*,*,#11820,.F.);
#14075 = ORIENTED_EDGE('',*,*,#14046,.F.);
#14076 = PLANE('',#14077);
#14077 = AXIS2_PLACEMENT_3D('',#14078,#14079,#14080);
#14078 = CARTESIAN_POINT('',(-79.1081431783,143.98700908475,4.91));
#14079 = DIRECTION('',(0.,-1.,0.));
#14080 = DIRECTION('',(1.,0.,0.));
#14081 = ADVANCED_FACE('',(#14082),#14101,.T.);
#14082 = FACE_BOUND('',#14083,.T.);
#14083 = EDGE_LOOP('',(#14084,#14092,#14098,#14099,#14100));
#14084 = ORIENTED_EDGE('',*,*,#14085,.T.);
#14085 = EDGE_CURVE('',#11397,#14086,#14088,.T.);
#14086 = VERTEX_POINT('',#14087);
#14087 = CARTESIAN_POINT('',(-77.42113409355,142.29999999999,
    4.454486372868));
#14088 = LINE('',#14089,#14090);
#14089 = CARTESIAN_POINT('',(-77.42113409355,142.29999999999,4.905));
#14090 = VECTOR('',#14091,1.);
#14091 = DIRECTION('',(0.,0.,-1.));
#14092 = ORIENTED_EDGE('',*,*,#14093,.F.);
#14093 = EDGE_CURVE('',#11829,#14086,#14094,.T.);
#14094 = LINE('',#14095,#14096);
#14095 = CARTESIAN_POINT('',(-80.65762525869,145.53649116513,
    -1.151280763401));
#14096 = VECTOR('',#14097,1.);
#14097 = DIRECTION('',(0.4472135955,-0.4472135955,0.774596669241));
#14098 = ORIENTED_EDGE('',*,*,#11828,.F.);
#14099 = ORIENTED_EDGE('',*,*,#14069,.F.);
#14100 = ORIENTED_EDGE('',*,*,#11404,.F.);
#14101 = PLANE('',#14102);
#14102 = AXIS2_PLACEMENT_3D('',#14103,#14104,#14105);
#14103 = CARTESIAN_POINT('',(-77.1581431783,142.03700908475,4.91));
#14104 = DIRECTION('',(0.707106781187,0.707106781187,0.));
#14105 = DIRECTION('',(-0.707106781187,0.707106781187,0.));
#14106 = ADVANCED_FACE('',(#14107),#14125,.F.);
#14107 = FACE_BOUND('',#14108,.F.);
#14108 = EDGE_LOOP('',(#14109,#14117,#14118,#14119));
#14109 = ORIENTED_EDGE('',*,*,#14110,.T.);
#14110 = EDGE_CURVE('',#14111,#11389,#14113,.T.);
#14111 = VERTEX_POINT('',#14112);
#14112 = CARTESIAN_POINT('',(-84.06658083449,142.29999999999,
    4.454486372868));
#14113 = LINE('',#14114,#14115);
#14114 = CARTESIAN_POINT('',(-84.06658083449,142.29999999999,4.905));
#14115 = VECTOR('',#14116,1.);
#14116 = DIRECTION('',(0.,-0.,1.));
#14117 = ORIENTED_EDGE('',*,*,#11396,.F.);
#14118 = ORIENTED_EDGE('',*,*,#14085,.T.);
#14119 = ORIENTED_EDGE('',*,*,#14120,.T.);
#14120 = EDGE_CURVE('',#14086,#14111,#14121,.T.);
#14121 = LINE('',#14122,#14123);
#14122 = CARTESIAN_POINT('',(-64.79250016058,142.29999999999,
    4.454486372868));
#14123 = VECTOR('',#14124,1.);
#14124 = DIRECTION('',(-1.,0.,0.));
#14125 = PLANE('',#14126);
#14126 = AXIS2_PLACEMENT_3D('',#14127,#14128,#14129);
#14127 = CARTESIAN_POINT('',(-25.284,142.29999999999,4.9));
#14128 = DIRECTION('',(0.,1.,0.));
#14129 = DIRECTION('',(-1.,0.,0.));
#14130 = ADVANCED_FACE('',(#14131),#14148,.T.);
#14131 = FACE_BOUND('',#14132,.T.);
#14132 = EDGE_LOOP('',(#14133,#14134,#14140,#14141,#14147));
#14133 = ORIENTED_EDGE('',*,*,#11388,.F.);
#14134 = ORIENTED_EDGE('',*,*,#14135,.T.);
#14135 = EDGE_CURVE('',#11381,#11845,#14136,.T.);
#14136 = LINE('',#14137,#14138);
#14137 = CARTESIAN_POINT('',(-82.37957174973,143.98700908475,4.91));
#14138 = VECTOR('',#14139,1.);
#14139 = DIRECTION('',(-0.,-0.,-1.));
#14140 = ORIENTED_EDGE('',*,*,#11844,.F.);
#14141 = ORIENTED_EDGE('',*,*,#14142,.F.);
#14142 = EDGE_CURVE('',#14111,#11837,#14143,.T.);
#14143 = LINE('',#14144,#14145);
#14144 = CARTESIAN_POINT('',(-85.15151824078,141.21506259371,
    6.333653083593));
#14145 = VECTOR('',#14146,1.);
#14146 = DIRECTION('',(0.4472135955,0.4472135955,-0.774596669241));
#14147 = ORIENTED_EDGE('',*,*,#14110,.T.);
#14148 = PLANE('',#14149);
#14149 = AXIS2_PLACEMENT_3D('',#14150,#14151,#14152);
#14150 = CARTESIAN_POINT('',(-82.37957174973,143.98700908475,4.91));
#14151 = DIRECTION('',(-0.707106781187,0.707106781187,0.));
#14152 = DIRECTION('',(-0.707106781187,-0.707106781187,0.));
#14153 = ADVANCED_FACE('',(#14154),#14165,.T.);
#14154 = FACE_BOUND('',#14155,.T.);
#14155 = EDGE_LOOP('',(#14156,#14157,#14163,#14164));
#14156 = ORIENTED_EDGE('',*,*,#11380,.F.);
#14157 = ORIENTED_EDGE('',*,*,#14158,.T.);
#14158 = EDGE_CURVE('',#11373,#11853,#14159,.T.);
#14159 = LINE('',#14160,#14161);
#14160 = CARTESIAN_POINT('',(-88.67957174973,143.98700908475,4.91));
#14161 = VECTOR('',#14162,1.);
#14162 = DIRECTION('',(-0.,-0.,-1.));
#14163 = ORIENTED_EDGE('',*,*,#11852,.F.);
#14164 = ORIENTED_EDGE('',*,*,#14135,.F.);
#14165 = PLANE('',#14166);
#14166 = AXIS2_PLACEMENT_3D('',#14167,#14168,#14169);
#14167 = CARTESIAN_POINT('',(-88.67957174973,143.98700908475,4.91));
#14168 = DIRECTION('',(0.,-1.,0.));
#14169 = DIRECTION('',(1.,0.,0.));
#14170 = ADVANCED_FACE('',(#14171),#14190,.T.);
#14171 = FACE_BOUND('',#14172,.T.);
#14172 = EDGE_LOOP('',(#14173,#14181,#14187,#14188,#14189));
#14173 = ORIENTED_EDGE('',*,*,#14174,.T.);
#14174 = EDGE_CURVE('',#11365,#14175,#14177,.T.);
#14175 = VERTEX_POINT('',#14176);
#14176 = CARTESIAN_POINT('',(-86.99256266498,142.29999999999,
    4.454486372868));
#14177 = LINE('',#14178,#14179);
#14178 = CARTESIAN_POINT('',(-86.99256266498,142.29999999999,4.905));
#14179 = VECTOR('',#14180,1.);
#14180 = DIRECTION('',(0.,0.,-1.));
#14181 = ORIENTED_EDGE('',*,*,#14182,.F.);
#14182 = EDGE_CURVE('',#11861,#14175,#14183,.T.);
#14183 = LINE('',#14184,#14185);
#14184 = CARTESIAN_POINT('',(-89.27191097297,144.57934830799,
    0.506539295272));
#14185 = VECTOR('',#14186,1.);
#14186 = DIRECTION('',(0.4472135955,-0.4472135955,0.774596669241));
#14187 = ORIENTED_EDGE('',*,*,#11860,.F.);
#14188 = ORIENTED_EDGE('',*,*,#14158,.F.);
#14189 = ORIENTED_EDGE('',*,*,#11372,.F.);
#14190 = PLANE('',#14191);
#14191 = AXIS2_PLACEMENT_3D('',#14192,#14193,#14194);
#14192 = CARTESIAN_POINT('',(-86.72957174973,142.03700908475,4.91));
#14193 = DIRECTION('',(0.707106781187,0.707106781187,0.));
#14194 = DIRECTION('',(-0.707106781187,0.707106781187,0.));
#14195 = ADVANCED_FACE('',(#14196),#14214,.F.);
#14196 = FACE_BOUND('',#14197,.F.);
#14197 = EDGE_LOOP('',(#14198,#14206,#14207,#14208));
#14198 = ORIENTED_EDGE('',*,*,#14199,.T.);
#14199 = EDGE_CURVE('',#14200,#11357,#14202,.T.);
#14200 = VERTEX_POINT('',#14201);
#14201 = CARTESIAN_POINT('',(-93.63800940592,142.29999999999,
    4.454486372868));
#14202 = LINE('',#14203,#14204);
#14203 = CARTESIAN_POINT('',(-93.63800940592,142.29999999999,4.905));
#14204 = VECTOR('',#14205,1.);
#14205 = DIRECTION('',(0.,-0.,1.));
#14206 = ORIENTED_EDGE('',*,*,#11364,.F.);
#14207 = ORIENTED_EDGE('',*,*,#14174,.T.);
#14208 = ORIENTED_EDGE('',*,*,#14209,.T.);
#14209 = EDGE_CURVE('',#14175,#14200,#14210,.T.);
#14210 = LINE('',#14211,#14212);
#14211 = CARTESIAN_POINT('',(-64.79250016058,142.29999999999,
    4.454486372868));
#14212 = VECTOR('',#14213,1.);
#14213 = DIRECTION('',(-1.,0.,0.));
#14214 = PLANE('',#14215);
#14215 = AXIS2_PLACEMENT_3D('',#14216,#14217,#14218);
#14216 = CARTESIAN_POINT('',(-25.284,142.29999999999,4.9));
#14217 = DIRECTION('',(0.,1.,0.));
#14218 = DIRECTION('',(-1.,0.,0.));
#14219 = ADVANCED_FACE('',(#14220),#14237,.T.);
#14220 = FACE_BOUND('',#14221,.T.);
#14221 = EDGE_LOOP('',(#14222,#14223,#14229,#14230,#14236));
#14222 = ORIENTED_EDGE('',*,*,#11356,.F.);
#14223 = ORIENTED_EDGE('',*,*,#14224,.T.);
#14224 = EDGE_CURVE('',#11349,#11877,#14225,.T.);
#14225 = LINE('',#14226,#14227);
#14226 = CARTESIAN_POINT('',(-91.95100032116,143.98700908475,4.91));
#14227 = VECTOR('',#14228,1.);
#14228 = DIRECTION('',(-0.,-0.,-1.));
#14229 = ORIENTED_EDGE('',*,*,#11876,.F.);
#14230 = ORIENTED_EDGE('',*,*,#14231,.F.);
#14231 = EDGE_CURVE('',#14200,#11869,#14232,.T.);
#14232 = LINE('',#14233,#14234);
#14233 = CARTESIAN_POINT('',(-93.76580395506,142.17220545085,
    4.67583302492));
#14234 = VECTOR('',#14235,1.);
#14235 = DIRECTION('',(0.4472135955,0.4472135955,-0.774596669241));
#14236 = ORIENTED_EDGE('',*,*,#14199,.T.);
#14237 = PLANE('',#14238);
#14238 = AXIS2_PLACEMENT_3D('',#14239,#14240,#14241);
#14239 = CARTESIAN_POINT('',(-91.95100032116,143.98700908475,4.91));
#14240 = DIRECTION('',(-0.707106781187,0.707106781187,0.));
#14241 = DIRECTION('',(-0.707106781187,-0.707106781187,0.));
#14242 = ADVANCED_FACE('',(#14243),#14254,.T.);
#14243 = FACE_BOUND('',#14244,.T.);
#14244 = EDGE_LOOP('',(#14245,#14246,#14252,#14253));
#14245 = ORIENTED_EDGE('',*,*,#11348,.F.);
#14246 = ORIENTED_EDGE('',*,*,#14247,.T.);
#14247 = EDGE_CURVE('',#11341,#11885,#14248,.T.);
#14248 = LINE('',#14249,#14250);
#14249 = CARTESIAN_POINT('',(-98.25100032116,143.98700908475,4.91));
#14250 = VECTOR('',#14251,1.);
#14251 = DIRECTION('',(-0.,-0.,-1.));
#14252 = ORIENTED_EDGE('',*,*,#11884,.F.);
#14253 = ORIENTED_EDGE('',*,*,#14224,.F.);
#14254 = PLANE('',#14255);
#14255 = AXIS2_PLACEMENT_3D('',#14256,#14257,#14258);
#14256 = CARTESIAN_POINT('',(-98.25100032116,143.98700908475,4.91));
#14257 = DIRECTION('',(0.,-1.,0.));
#14258 = DIRECTION('',(1.,0.,0.));
#14259 = ADVANCED_FACE('',(#14260),#14272,.T.);
#14260 = FACE_BOUND('',#14261,.T.);
#14261 = EDGE_LOOP('',(#14262,#14268,#14269,#14270,#14271));
#14262 = ORIENTED_EDGE('',*,*,#14263,.T.);
#14263 = EDGE_CURVE('',#11333,#12259,#14264,.T.);
#14264 = LINE('',#14265,#14266);
#14265 = CARTESIAN_POINT('',(-96.56399123641,142.29999999999,4.905));
#14266 = VECTOR('',#14267,1.);
#14267 = DIRECTION('',(0.,0.,-1.));
#14268 = ORIENTED_EDGE('',*,*,#12258,.F.);
#14269 = ORIENTED_EDGE('',*,*,#11892,.F.);
#14270 = ORIENTED_EDGE('',*,*,#14247,.F.);
#14271 = ORIENTED_EDGE('',*,*,#11340,.F.);
#14272 = PLANE('',#14273);
#14273 = AXIS2_PLACEMENT_3D('',#14274,#14275,#14276);
#14274 = CARTESIAN_POINT('',(-96.30100032116,142.03700908475,4.91));
#14275 = DIRECTION('',(0.707106781187,0.707106781187,0.));
#14276 = DIRECTION('',(-0.707106781187,0.707106781187,0.));
#14277 = ADVANCED_FACE('',(#14278),#14289,.F.);
#14278 = FACE_BOUND('',#14279,.F.);
#14279 = EDGE_LOOP('',(#14280,#14281,#14287,#14288));
#14280 = ORIENTED_EDGE('',*,*,#12266,.T.);
#14281 = ORIENTED_EDGE('',*,*,#14282,.F.);
#14282 = EDGE_CURVE('',#11325,#12267,#14283,.T.);
#14283 = LINE('',#14284,#14285);
#14284 = CARTESIAN_POINT('',(-98.284,142.29999999999,4.9));
#14285 = VECTOR('',#14286,1.);
#14286 = DIRECTION('',(-0.,-0.,-1.));
#14287 = ORIENTED_EDGE('',*,*,#11332,.F.);
#14288 = ORIENTED_EDGE('',*,*,#14263,.T.);
#14289 = PLANE('',#14290);
#14290 = AXIS2_PLACEMENT_3D('',#14291,#14292,#14293);
#14291 = CARTESIAN_POINT('',(-25.284,142.29999999999,4.9));
#14292 = DIRECTION('',(0.,1.,0.));
#14293 = DIRECTION('',(-1.,0.,0.));
#14294 = ADVANCED_FACE('',(#14295),#14300,.T.);
#14295 = FACE_BOUND('',#14296,.T.);
#14296 = EDGE_LOOP('',(#14297,#14298,#14299));
#14297 = ORIENTED_EDGE('',*,*,#14282,.F.);
#14298 = ORIENTED_EDGE('',*,*,#11324,.T.);
#14299 = ORIENTED_EDGE('',*,*,#12274,.T.);
#14300 = PLANE('',#14301);
#14301 = AXIS2_PLACEMENT_3D('',#14302,#14303,#14304);
#14302 = CARTESIAN_POINT('',(-98.284,101.8996361782,3.547012428205));
#14303 = DIRECTION('',(1.,1.94E-15,-1.7635E-13));
#14304 = DIRECTION('',(1.7635E-13,0.,1.));
#14305 = ADVANCED_FACE('',(#14306),#14312,.T.);
#14306 = FACE_BOUND('',#14307,.T.);
#14307 = EDGE_LOOP('',(#14308,#14309,#14310,#14311));
#14308 = ORIENTED_EDGE('',*,*,#14231,.T.);
#14309 = ORIENTED_EDGE('',*,*,#11868,.F.);
#14310 = ORIENTED_EDGE('',*,*,#14182,.T.);
#14311 = ORIENTED_EDGE('',*,*,#14209,.T.);
#14312 = PLANE('',#14313);
#14313 = AXIS2_PLACEMENT_3D('',#14314,#14315,#14316);
#14314 = CARTESIAN_POINT('',(-104.3010003211,144.,1.51));
#14315 = DIRECTION('',(-0.,-0.866025403784,-0.5));
#14316 = DIRECTION('',(0.,-0.5,0.866025403784));
#14317 = ADVANCED_FACE('',(#14318),#14324,.T.);
#14318 = FACE_BOUND('',#14319,.T.);
#14319 = EDGE_LOOP('',(#14320,#14321,#14322,#14323));
#14320 = ORIENTED_EDGE('',*,*,#14142,.T.);
#14321 = ORIENTED_EDGE('',*,*,#11836,.F.);
#14322 = ORIENTED_EDGE('',*,*,#14093,.T.);
#14323 = ORIENTED_EDGE('',*,*,#14120,.T.);
#14324 = PLANE('',#14325);
#14325 = AXIS2_PLACEMENT_3D('',#14326,#14327,#14328);
#14326 = CARTESIAN_POINT('',(-104.3010003211,144.,1.51));
#14327 = DIRECTION('',(-0.,-0.866025403784,-0.5));
#14328 = DIRECTION('',(0.,-0.5,0.866025403784));
#14329 = ADVANCED_FACE('',(#14330),#14336,.T.);
#14330 = FACE_BOUND('',#14331,.T.);
#14331 = EDGE_LOOP('',(#14332,#14333,#14334,#14335));
#14332 = ORIENTED_EDGE('',*,*,#14053,.T.);
#14333 = ORIENTED_EDGE('',*,*,#11804,.F.);
#14334 = ORIENTED_EDGE('',*,*,#14004,.T.);
#14335 = ORIENTED_EDGE('',*,*,#14023,.T.);
#14336 = PLANE('',#14337);
#14337 = AXIS2_PLACEMENT_3D('',#14338,#14339,#14340);
#14338 = CARTESIAN_POINT('',(-104.3010003211,144.,1.51));
#14339 = DIRECTION('',(-0.,-0.866025403784,-0.5));
#14340 = DIRECTION('',(0.,-0.5,0.866025403784));
#14341 = ADVANCED_FACE('',(#14342),#14348,.T.);
#14342 = FACE_BOUND('',#14343,.T.);
#14343 = EDGE_LOOP('',(#14344,#14345,#14346,#14347));
#14344 = ORIENTED_EDGE('',*,*,#13964,.T.);
#14345 = ORIENTED_EDGE('',*,*,#11772,.F.);
#14346 = ORIENTED_EDGE('',*,*,#13915,.T.);
#14347 = ORIENTED_EDGE('',*,*,#13934,.T.);
#14348 = PLANE('',#14349);
#14349 = AXIS2_PLACEMENT_3D('',#14350,#14351,#14352);
#14350 = CARTESIAN_POINT('',(-104.3010003211,144.,1.51));
#14351 = DIRECTION('',(-0.,-0.866025403784,-0.5));
#14352 = DIRECTION('',(0.,-0.5,0.866025403784));
#14353 = ADVANCED_FACE('',(#14354),#14360,.T.);
#14354 = FACE_BOUND('',#14355,.T.);
#14355 = EDGE_LOOP('',(#14356,#14357,#14358,#14359));
#14356 = ORIENTED_EDGE('',*,*,#11740,.F.);
#14357 = ORIENTED_EDGE('',*,*,#13826,.T.);
#14358 = ORIENTED_EDGE('',*,*,#13845,.T.);
#14359 = ORIENTED_EDGE('',*,*,#13875,.T.);
#14360 = PLANE('',#14361);
#14361 = AXIS2_PLACEMENT_3D('',#14362,#14363,#14364);
#14362 = CARTESIAN_POINT('',(-104.3010003211,144.,1.51));
#14363 = DIRECTION('',(-0.,-0.866025403784,-0.5));
#14364 = DIRECTION('',(0.,-0.5,0.866025403784));
#14365 = ADVANCED_FACE('',(#14366),#14372,.T.);
#14366 = FACE_BOUND('',#14367,.T.);
#14367 = EDGE_LOOP('',(#14368,#14369,#14370,#14371));
#14368 = ORIENTED_EDGE('',*,*,#11708,.F.);
#14369 = ORIENTED_EDGE('',*,*,#13737,.T.);
#14370 = ORIENTED_EDGE('',*,*,#13756,.T.);
#14371 = ORIENTED_EDGE('',*,*,#13786,.T.);
#14372 = PLANE('',#14373);
#14373 = AXIS2_PLACEMENT_3D('',#14374,#14375,#14376);
#14374 = CARTESIAN_POINT('',(-104.3010003211,144.,1.51));
#14375 = DIRECTION('',(-0.,-0.866025403784,-0.5));
#14376 = DIRECTION('',(0.,-0.5,0.866025403784));
#14377 = ADVANCED_FACE('',(#14378),#14384,.T.);
#14378 = FACE_BOUND('',#14379,.T.);
#14379 = EDGE_LOOP('',(#14380,#14381,#14382,#14383));
#14380 = ORIENTED_EDGE('',*,*,#11676,.F.);
#14381 = ORIENTED_EDGE('',*,*,#13648,.T.);
#14382 = ORIENTED_EDGE('',*,*,#13667,.T.);
#14383 = ORIENTED_EDGE('',*,*,#13697,.T.);
#14384 = PLANE('',#14385);
#14385 = AXIS2_PLACEMENT_3D('',#14386,#14387,#14388);
#14386 = CARTESIAN_POINT('',(-104.3010003211,144.,1.51));
#14387 = DIRECTION('',(-0.,-0.866025403784,-0.5));
#14388 = DIRECTION('',(0.,-0.5,0.866025403784));
#14389 = ADVANCED_FACE('',(#14390),#14401,.T.);
#14390 = FACE_BOUND('',#14391,.T.);
#14391 = EDGE_LOOP('',(#14392,#14393,#14394,#14400));
#14392 = ORIENTED_EDGE('',*,*,#11958,.T.);
#14393 = ORIENTED_EDGE('',*,*,#11925,.T.);
#14394 = ORIENTED_EDGE('',*,*,#14395,.F.);
#14395 = EDGE_CURVE('',#11983,#11926,#14396,.T.);
#14396 = LINE('',#14397,#14398);
#14397 = CARTESIAN_POINT('',(-43.801,145.65000000883,2.350000155882));
#14398 = VECTOR('',#14399,1.);
#14399 = DIRECTION('',(1.,0.,0.));
#14400 = ORIENTED_EDGE('',*,*,#11982,.F.);
#14401 = PLANE('',#14402);
#14402 = AXIS2_PLACEMENT_3D('',#14403,#14404,#14405);
#14403 = CARTESIAN_POINT('',(-43.801,146.1,2.8));
#14404 = DIRECTION('',(0.,0.707106665652,-0.707106896721));
#14405 = DIRECTION('',(0.,-0.707106896721,-0.707106665652));
#14406 = ADVANCED_FACE('',(#14407),#14413,.T.);
#14407 = FACE_BOUND('',#14408,.T.);
#14408 = EDGE_LOOP('',(#14409,#14410,#14411,#14412));
#14409 = ORIENTED_EDGE('',*,*,#14395,.T.);
#14410 = ORIENTED_EDGE('',*,*,#11933,.T.);
#14411 = ORIENTED_EDGE('',*,*,#12241,.F.);
#14412 = ORIENTED_EDGE('',*,*,#11990,.F.);
#14413 = PLANE('',#14414);
#14414 = AXIS2_PLACEMENT_3D('',#14415,#14416,#14417);
#14415 = CARTESIAN_POINT('',(-43.801,145.65000000883,2.350000155882));
#14416 = DIRECTION('',(0.,0.707106910596,0.707106651777));
#14417 = DIRECTION('',(0.,0.707106651777,-0.707106910596));
#14418 = ADVANCED_FACE('',(#14419),#14430,.T.);
#14419 = FACE_BOUND('',#14420,.T.);
#14420 = EDGE_LOOP('',(#14421,#14422,#14423,#14429));
#14421 = ORIENTED_EDGE('',*,*,#12055,.T.);
#14422 = ORIENTED_EDGE('',*,*,#12022,.T.);
#14423 = ORIENTED_EDGE('',*,*,#14424,.F.);
#14424 = EDGE_CURVE('',#12080,#12023,#14425,.T.);
#14425 = LINE('',#14426,#14427);
#14426 = CARTESIAN_POINT('',(-70.801,145.65000000883,2.350000155882));
#14427 = VECTOR('',#14428,1.);
#14428 = DIRECTION('',(1.,0.,0.));
#14429 = ORIENTED_EDGE('',*,*,#12079,.F.);
#14430 = PLANE('',#14431);
#14431 = AXIS2_PLACEMENT_3D('',#14432,#14433,#14434);
#14432 = CARTESIAN_POINT('',(-70.801,146.1,2.8));
#14433 = DIRECTION('',(0.,0.707106665652,-0.707106896721));
#14434 = DIRECTION('',(0.,-0.707106896721,-0.707106665652));
#14435 = ADVANCED_FACE('',(#14436),#14442,.T.);
#14436 = FACE_BOUND('',#14437,.T.);
#14437 = EDGE_LOOP('',(#14438,#14439,#14440,#14441));
#14438 = ORIENTED_EDGE('',*,*,#14424,.T.);
#14439 = ORIENTED_EDGE('',*,*,#12030,.T.);
#14440 = ORIENTED_EDGE('',*,*,#12224,.F.);
#14441 = ORIENTED_EDGE('',*,*,#12087,.F.);
#14442 = PLANE('',#14443);
#14443 = AXIS2_PLACEMENT_3D('',#14444,#14445,#14446);
#14444 = CARTESIAN_POINT('',(-70.801,145.65000000883,2.350000155882));
#14445 = DIRECTION('',(0.,0.707106910596,0.707106651777));
#14446 = DIRECTION('',(0.,0.707106651777,-0.707106910596));
#14447 = ADVANCED_FACE('',(#14448),#14459,.F.);
#14448 = FACE_BOUND('',#14449,.F.);
#14449 = EDGE_LOOP('',(#14450,#14451,#14452,#14458));
#14450 = ORIENTED_EDGE('',*,*,#12159,.T.);
#14451 = ORIENTED_EDGE('',*,*,#12176,.T.);
#14452 = ORIENTED_EDGE('',*,*,#14453,.F.);
#14453 = EDGE_CURVE('',#12120,#12177,#14454,.T.);
#14454 = LINE('',#14455,#14456);
#14455 = CARTESIAN_POINT('',(-81.801,145.65000000883,2.350000155882));
#14456 = VECTOR('',#14457,1.);
#14457 = DIRECTION('',(-1.,-0.,-0.));
#14458 = ORIENTED_EDGE('',*,*,#12119,.F.);
#14459 = PLANE('',#14460);
#14460 = AXIS2_PLACEMENT_3D('',#14461,#14462,#14463);
#14461 = CARTESIAN_POINT('',(-81.801,146.1,2.8));
#14462 = DIRECTION('',(0.,-0.707106665652,0.707106896721));
#14463 = DIRECTION('',(0.,-0.707106896721,-0.707106665652));
#14464 = ADVANCED_FACE('',(#14465),#14471,.F.);
#14465 = FACE_BOUND('',#14466,.F.);
#14466 = EDGE_LOOP('',(#14467,#14468,#14469,#14470));
#14467 = ORIENTED_EDGE('',*,*,#14453,.T.);
#14468 = ORIENTED_EDGE('',*,*,#12184,.T.);
#14469 = ORIENTED_EDGE('',*,*,#12207,.F.);
#14470 = ORIENTED_EDGE('',*,*,#12127,.F.);
#14471 = PLANE('',#14472);
#14472 = AXIS2_PLACEMENT_3D('',#14473,#14474,#14475);
#14473 = CARTESIAN_POINT('',(-81.801,145.65000000883,2.350000155882));
#14474 = DIRECTION('',(0.,-0.707106910596,-0.707106651777));
#14475 = DIRECTION('',(0.,0.707106651777,-0.707106910596));
#14476 = MANIFOLD_SOLID_BREP('',#14477);
#14477 = CLOSED_SHELL('',(#14478,#14509,#14531,#14546));
#14478 = ADVANCED_FACE('',(#14479),#14504,.T.);
#14479 = FACE_BOUND('',#14480,.T.);
#14480 = EDGE_LOOP('',(#14481,#14491,#14499));
#14481 = ORIENTED_EDGE('',*,*,#14482,.F.);
#14482 = EDGE_CURVE('',#14483,#14485,#14487,.T.);
#14483 = VERTEX_POINT('',#14484);
#14484 = CARTESIAN_POINT('',(-106.5010003211,19.,4.9));
#14485 = VERTEX_POINT('',#14486);
#14486 = CARTESIAN_POINT('',(-105.911,19.59000032117,4.9));
#14487 = LINE('',#14488,#14489);
#14488 = CARTESIAN_POINT('',(-79.55153849818,45.949461822985,4.9));
#14489 = VECTOR('',#14490,1.);
#14490 = DIRECTION('',(0.707106781187,0.707106781187,-0.));
#14491 = ORIENTED_EDGE('',*,*,#14492,.F.);
#14492 = EDGE_CURVE('',#14493,#14483,#14495,.T.);
#14493 = VERTEX_POINT('',#14494);
#14494 = CARTESIAN_POINT('',(-105.911,19.,4.9));
#14495 = LINE('',#14496,#14497);
#14496 = CARTESIAN_POINT('',(-9.684,19.,4.9));
#14497 = VECTOR('',#14498,1.);
#14498 = DIRECTION('',(-1.,-0.,-0.));
#14499 = ORIENTED_EDGE('',*,*,#14500,.F.);
#14500 = EDGE_CURVE('',#14485,#14493,#14501,.T.);
#14501 = B_SPLINE_CURVE_WITH_KNOTS('',1,(#14502,#14503),.UNSPECIFIED.,
  .F.,.F.,(2,2),(0.,1.),.PIECEWISE_BEZIER_KNOTS.);
#14502 = CARTESIAN_POINT('',(-105.911,19.601471250827,4.9));
#14503 = CARTESIAN_POINT('',(-105.911,19.,4.9));
#14504 = PLANE('',#14505);
#14505 = AXIS2_PLACEMENT_3D('',#14506,#14507,#14508);
#14506 = CARTESIAN_POINT('',(-55.22508418604,81.121930514471,4.9));
#14507 = DIRECTION('',(0.,0.,1.));
#14508 = DIRECTION('',(1.,0.,0.));
#14509 = ADVANCED_FACE('',(#14510),#14526,.F.);
#14510 = FACE_BOUND('',#14511,.F.);
#14511 = EDGE_LOOP('',(#14512,#14519,#14520));
#14512 = ORIENTED_EDGE('',*,*,#14513,.T.);
#14513 = EDGE_CURVE('',#14514,#14485,#14516,.T.);
#14514 = VERTEX_POINT('',#14515);
#14515 = CARTESIAN_POINT('',(-106.5010003211,19.,4.30999967883));
#14516 = B_SPLINE_CURVE_WITH_KNOTS('',1,(#14517,#14518),.UNSPECIFIED.,
  .F.,.F.,(2,2),(0.,1.),.PIECEWISE_BEZIER_KNOTS.);
#14517 = CARTESIAN_POINT('',(-109.301,16.20000032117,1.51));
#14518 = CARTESIAN_POINT('',(-105.901,19.60000032117,4.91));
#14519 = ORIENTED_EDGE('',*,*,#14482,.F.);
#14520 = ORIENTED_EDGE('',*,*,#14521,.T.);
#14521 = EDGE_CURVE('',#14483,#14514,#14522,.T.);
#14522 = LINE('',#14523,#14524);
#14523 = CARTESIAN_POINT('',(-106.5010003211,19.,4.905));
#14524 = VECTOR('',#14525,1.);
#14525 = DIRECTION('',(0.,0.,-1.));
#14526 = PLANE('',#14527);
#14527 = AXIS2_PLACEMENT_3D('',#14528,#14529,#14530);
#14528 = CARTESIAN_POINT('',(-109.3009999999,16.200000321171,4.91));
#14529 = DIRECTION('',(0.707106781187,-0.707106781187,0.));
#14530 = DIRECTION('',(0.707106781187,0.707106781187,0.));
#14531 = ADVANCED_FACE('',(#14532),#14541,.T.);
#14532 = FACE_BOUND('',#14533,.T.);
#14533 = EDGE_LOOP('',(#14534,#14539,#14540));
#14534 = ORIENTED_EDGE('',*,*,#14535,.F.);
#14535 = EDGE_CURVE('',#14514,#14493,#14536,.T.);
#14536 = B_SPLINE_CURVE_WITH_KNOTS('',1,(#14537,#14538),.UNSPECIFIED.,
  .F.,.F.,(2,2),(0.,1.),.PIECEWISE_BEZIER_KNOTS.);
#14537 = CARTESIAN_POINT('',(-107.111,19.,3.7));
#14538 = CARTESIAN_POINT('',(-105.911,19.,4.9));
#14539 = ORIENTED_EDGE('',*,*,#14513,.T.);
#14540 = ORIENTED_EDGE('',*,*,#14500,.T.);
#14541 = B_SPLINE_SURFACE_WITH_KNOTS('',1,1,(
    (#14542,#14543)
    ,(#14544,#14545
    )),.UNSPECIFIED.,.F.,.F.,.F.,(2,2),(2,2),(-3.2109997505E-07,
    128.00000032117),(0.,1.),.PIECEWISE_BEZIER_KNOTS.);
#14542 = CARTESIAN_POINT('',(-109.301,11.,1.51));
#14543 = CARTESIAN_POINT('',(-105.901,10.9999996789,4.91));
#14544 = CARTESIAN_POINT('',(-109.301,139.,1.51));
#14545 = CARTESIAN_POINT('',(-105.901,139.00000032117,4.91));
#14546 = ADVANCED_FACE('',(#14547),#14552,.T.);
#14547 = FACE_BOUND('',#14548,.F.);
#14548 = EDGE_LOOP('',(#14549,#14550,#14551));
#14549 = ORIENTED_EDGE('',*,*,#14492,.F.);
#14550 = ORIENTED_EDGE('',*,*,#14535,.F.);
#14551 = ORIENTED_EDGE('',*,*,#14521,.F.);
#14552 = PLANE('',#14553);
#14553 = AXIS2_PLACEMENT_3D('',#14554,#14555,#14556);
#14554 = CARTESIAN_POINT('',(-9.684,19.,4.9));
#14555 = DIRECTION('',(-0.,-1.,-0.));
#14556 = DIRECTION('',(1.,0.,0.));
#14557 = ( GEOMETRIC_REPRESENTATION_CONTEXT(3) 
GLOBAL_UNCERTAINTY_ASSIGNED_CONTEXT((#14561)) 
GLOBAL_UNIT_ASSIGNED_CONTEXT((#14558,#14559,#14560)) 
REPRESENTATION_CONTEXT('Context #1',
  '3D Context with UNIT and UNCERTAINTY') );
#14558 = ( LENGTH_UNIT() NAMED_UNIT(*) SI_UNIT(.MILLI.,.METRE.) );
#14559 = ( NAMED_UNIT(*) PLANE_ANGLE_UNIT() SI_UNIT($,.RADIAN.) );
#14560 = ( NAMED_UNIT(*) SI_UNIT($,.STERADIAN.) SOLID_ANGLE_UNIT() );
#14561 = UNCERTAINTY_MEASURE_WITH_UNIT(LENGTH_MEASURE(5.E-04),#14558,
  'distance_accuracy_value','confusion accuracy');
#14562 = PRODUCT_RELATED_PRODUCT_CATEGORY('part',$,(#7));
#14563 = MECHANICAL_DESIGN_GEOMETRIC_PRESENTATION_REPRESENTATION('',(
    #14564,#14575),#14557);
#14564 = STYLED_ITEM('color',(#14565),#15);
#14565 = PRESENTATION_STYLE_ASSIGNMENT((#14566,#14572));
#14566 = SURFACE_STYLE_USAGE(.BOTH.,#14567);
#14567 = SURFACE_SIDE_STYLE('',(#14568));
#14568 = SURFACE_STYLE_FILL_AREA(#14569);
#14569 = FILL_AREA_STYLE('',(#14570));
#14570 = FILL_AREA_STYLE_COLOUR('',#14571);
#14571 = COLOUR_RGB('',0.447058818107,0.474509808674,0.501960817233);
#14572 = CURVE_STYLE('',#14573,POSITIVE_LENGTH_MEASURE(0.1),#14574);
#14573 = DRAUGHTING_PRE_DEFINED_CURVE_FONT('continuous');
#14574 = COLOUR_RGB('',9.803921802644E-02,9.803921802644E-02,
  9.803921802644E-02);
#14575 = STYLED_ITEM('color',(#14576),#14476);
#14576 = PRESENTATION_STYLE_ASSIGNMENT((#14577,#14582));
#14577 = SURFACE_STYLE_USAGE(.BOTH.,#14578);
#14578 = SURFACE_SIDE_STYLE('',(#14579));
#14579 = SURFACE_STYLE_FILL_AREA(#14580);
#14580 = FILL_AREA_STYLE('',(#14581));
#14581 = FILL_AREA_STYLE_COLOUR('',#14571);
#14582 = CURVE_STYLE('',#14583,POSITIVE_LENGTH_MEASURE(0.1),#14574);
#14583 = DRAUGHTING_PRE_DEFINED_CURVE_FONT('continuous');
ENDSEC;
END-ISO-10303-21;
