ISO-10303-21;
HEADER;
FILE_DESCRIPTION(('FreeCAD Model'),'2;1');
FILE_NAME('Open CASCADE Shape Model','2026-08-29T12:42:57',(''),(''),
  'Open CASCADE STEP processor 7.8','FreeCAD','Unknown');
FILE_SCHEMA(('AUTOMOTIVE_DESIGN { 1 0 10303 214 1 1 1 1 }'));
ENDSEC;
DATA;
#1 = APPLICATION_PROTOCOL_DEFINITION('international standard',
  'automotive_design',2000,#2);
#2 = APPLICATION_CONTEXT(
  'core data for automotive mechanical design processes');
#3 = SHAPE_DEFINITION_REPRESENTATION(#4,#10);
#4 = PRODUCT_DEFINITION_SHAPE('','',#5);
#5 = PRODUCT_DEFINITION('design','',#6,#9);
#6 = PRODUCT_DEFINITION_FORMATION('','',#7);
#7 = PRODUCT('right_frame_inner','right_frame_inner','',(#8));
#8 = PRODUCT_CONTEXT('',#2,'mechanical');
#9 = PRODUCT_DEFINITION_CONTEXT('part definition',#2,'design');
#10 = ADVANCED_BREP_SHAPE_REPRESENTATION('',(#11,#15),#11364);
#11 = AXIS2_PLACEMENT_3D('',#12,#13,#14);
#12 = CARTESIAN_POINT('',(0.,0.,0.));
#13 = DIRECTION('',(0.,0.,1.));
#14 = DIRECTION('',(1.,0.,-0.));
#15 = MANIFOLD_SOLID_BREP('',#16);
#16 = CLOSED_SHELL('',(#17,#121,#152,#176,#242,#282,#306,#346,#370,#2428
    ,#3532,#3580,#3642,#3787,#3819,#3843,#3868,#3892,#3937,#3961,#3979,
    #3996,#4014,#4039,#4313,#4330,#4361,#4395,#4420,#4444,#4468,#4497,
    #4627,#4651,#4675,#4710,#4744,#4768,#4792,#4827,#4886,#4967,#5014,
    #5038,#5069,#5085,#5101,#5118,#5135,#5151,#5167,#5184,#5201,#5217,
    #5233,#5250,#5267,#5283,#5299,#5316,#5333,#5349,#5365,#5382,#5399,
    #5415,#5431,#5448,#5465,#5481,#5497,#5514,#5531,#5547,#5563,#5580,
    #5597,#5613,#5629,#5646,#5663,#5679,#5695,#5712,#5731,#5748,#5767,
    #5792,#5816,#5839,#5856,#5881,#5905,#5928,#5945,#5970,#5994,#6017,
    #6034,#6059,#6083,#6106,#6123,#6148,#6172,#6195,#6212,#6237,#6261,
    #6284,#6301,#6326,#6350,#6373,#6390,#6415,#6439,#6462,#6488,#6512,
    #6537,#6572,#6600,#6624,#6648,#6683,#6765,#6797,#6821,#6864,#6950,
    #6982,#7014,#7065,#7093,#7110,#7127,#7155,#7183,#7200,#7233,#7276,
    #7335,#7367,#7391,#7433,#7461,#7478,#7495,#7523,#7551,#7568,#7601,
    #7630,#7731,#7817,#7841,#7865,#7900,#7928,#7952,#7976,#8011,#8053,
    #8069,#8086,#8111,#8135,#8159,#8183,#8207,#8231,#8265,#8288,#8306,
    #8333,#8357,#8381,#8410,#8452,#8468,#8485,#8510,#8534,#8559,#8585,
    #8615,#8639,#8656,#8674,#8704,#8728,#8745,#8763,#8793,#8817,#8834,
    #8852,#8883,#8907,#8931,#8948,#8970,#8987,#9004,#9021,#9038,#9055,
    #9072,#9084,#9106,#9123,#9140,#9173,#9190,#9214,#9231,#9257,#9279,
    #9296,#9313,#9330,#9347,#9359,#9397,#9421,#9438,#9464,#9496,#9527,
    #9551,#9568,#9593,#9610,#9641,#9658,#9675,#9692,#9709,#9721,#9755,
    #9777,#9794,#9811,#9823,#9840,#9857,#9869,#9907,#9931,#9948,#9979,
    #9991,#10013,#10030,#10047,#10064,#10081,#10098,#10115,#10127,#10172
    ,#10189,#10206,#10218,#10257,#10283,#10300,#10322,#10347,#10372,
    #10397,#10409,#10426,#10443,#10455,#10486,#10501,#10512,#10529,
    #10546,#10563,#10588,#10612,#10630,#10647,#10672,#10697,#10721,
    #10756,#10774,#10791,#10816,#10842,#10866,#10890,#10930,#10955,
    #10972,#10984,#10996,#11008,#11020,#11032,#11044,#11056,#11068,
    #11085,#11174,#11219,#11235,#11261,#11273,#11285,#11298,#11316,
    #11340,#11352));
#17 = ADVANCED_FACE('',(#18),#116,.T.);
#18 = FACE_BOUND('',#19,.T.);
#19 = EDGE_LOOP('',(#20,#30,#38,#46,#54,#62,#70,#78,#86,#94,#102,#110));
#20 = ORIENTED_EDGE('',*,*,#21,.T.);
#21 = EDGE_CURVE('',#22,#24,#26,.T.);
#22 = VERTEX_POINT('',#23);
#23 = CARTESIAN_POINT('',(94.51,91.299999999999,2.9));
#24 = VERTEX_POINT('',#25);
#25 = CARTESIAN_POINT('',(94.51,91.299999999999,2.88));
#26 = LINE('',#27,#28);
#27 = CARTESIAN_POINT('',(94.51,91.299999999999,4.9));
#28 = VECTOR('',#29,1.);
#29 = DIRECTION('',(-0.,-0.,-1.));
#30 = ORIENTED_EDGE('',*,*,#31,.T.);
#31 = EDGE_CURVE('',#24,#32,#34,.T.);
#32 = VERTEX_POINT('',#33);
#33 = CARTESIAN_POINT('',(94.99,91.299999999999,2.4));
#34 = LINE('',#35,#36);
#35 = CARTESIAN_POINT('',(85.421097635348,91.299999999999,
    11.968902364652));
#36 = VECTOR('',#37,1.);
#37 = DIRECTION('',(0.707106781187,0.,-0.707106781187));
#38 = ORIENTED_EDGE('',*,*,#39,.F.);
#39 = EDGE_CURVE('',#40,#32,#42,.T.);
#40 = VERTEX_POINT('',#41);
#41 = CARTESIAN_POINT('',(94.51,91.299999999999,2.4));
#42 = LINE('',#43,#44);
#43 = CARTESIAN_POINT('',(76.648595018362,91.299999999999,2.4));
#44 = VECTOR('',#45,1.);
#45 = DIRECTION('',(1.,0.,0.));
#46 = ORIENTED_EDGE('',*,*,#47,.T.);
#47 = EDGE_CURVE('',#40,#48,#50,.T.);
#48 = VERTEX_POINT('',#49);
#49 = CARTESIAN_POINT('',(94.51,91.299999999999,1.8));
#50 = LINE('',#51,#52);
#51 = CARTESIAN_POINT('',(94.51,91.299999999999,4.9));
#52 = VECTOR('',#53,1.);
#53 = DIRECTION('',(-0.,-0.,-1.));
#54 = ORIENTED_EDGE('',*,*,#55,.T.);
#55 = EDGE_CURVE('',#48,#56,#58,.T.);
#56 = VERTEX_POINT('',#57);
#57 = CARTESIAN_POINT('',(21.51,91.299999999999,1.8));
#58 = LINE('',#59,#60);
#59 = CARTESIAN_POINT('',(37.71305277271,91.299999999999,1.8));
#60 = VECTOR('',#61,1.);
#61 = DIRECTION('',(-1.,0.,0.));
#62 = ORIENTED_EDGE('',*,*,#63,.F.);
#63 = EDGE_CURVE('',#64,#56,#66,.T.);
#64 = VERTEX_POINT('',#65);
#65 = CARTESIAN_POINT('',(21.51,91.3,3.8));
#66 = LINE('',#67,#68);
#67 = CARTESIAN_POINT('',(21.51,91.3,3.8));
#68 = VECTOR('',#69,1.);
#69 = DIRECTION('',(-0.,-0.,-1.));
#70 = ORIENTED_EDGE('',*,*,#71,.T.);
#71 = EDGE_CURVE('',#64,#72,#74,.T.);
#72 = VERTEX_POINT('',#73);
#73 = CARTESIAN_POINT('',(30.807382,91.299999999999,3.8));
#74 = LINE('',#75,#76);
#75 = CARTESIAN_POINT('',(21.51,91.299999999999,3.8));
#76 = VECTOR('',#77,1.);
#77 = DIRECTION('',(1.,0.,0.));
#78 = ORIENTED_EDGE('',*,*,#79,.T.);
#79 = EDGE_CURVE('',#72,#80,#82,.T.);
#80 = VERTEX_POINT('',#81);
#81 = CARTESIAN_POINT('',(30.807382,91.299999999999,4.9));
#82 = LINE('',#83,#84);
#83 = CARTESIAN_POINT('',(30.807382,91.299999999999,4.125));
#84 = VECTOR('',#85,1.);
#85 = DIRECTION('',(-3.2E-16,0.,1.));
#86 = ORIENTED_EDGE('',*,*,#87,.T.);
#87 = EDGE_CURVE('',#80,#88,#90,.T.);
#88 = VERTEX_POINT('',#89);
#89 = CARTESIAN_POINT('',(90.61,91.299999999999,4.9));
#90 = LINE('',#91,#92);
#91 = CARTESIAN_POINT('',(21.51,91.299999999999,4.9));
#92 = VECTOR('',#93,1.);
#93 = DIRECTION('',(1.,0.,0.));
#94 = ORIENTED_EDGE('',*,*,#95,.T.);
#95 = EDGE_CURVE('',#88,#96,#98,.T.);
#96 = VERTEX_POINT('',#97);
#97 = CARTESIAN_POINT('',(91.51,91.299999999999,4.));
#98 = LINE('',#99,#100);
#99 = CARTESIAN_POINT('',(83.106097635348,91.299999999999,
    12.403902364652));
#100 = VECTOR('',#101,1.);
#101 = DIRECTION('',(0.707106781187,0.,-0.707106781187));
#102 = ORIENTED_EDGE('',*,*,#103,.T.);
#103 = EDGE_CURVE('',#96,#104,#106,.T.);
#104 = VERTEX_POINT('',#105);
#105 = CARTESIAN_POINT('',(91.51,91.299999999999,2.9));
#106 = LINE('',#107,#108);
#107 = CARTESIAN_POINT('',(91.51,91.299999999999,4.9));
#108 = VECTOR('',#109,1.);
#109 = DIRECTION('',(-0.,-0.,-1.));
#110 = ORIENTED_EDGE('',*,*,#111,.T.);
#111 = EDGE_CURVE('',#104,#22,#112,.T.);
#112 = LINE('',#113,#114);
#113 = CARTESIAN_POINT('',(63.523577159365,91.299999999999,2.9));
#114 = VECTOR('',#115,1.);
#115 = DIRECTION('',(1.,0.,0.));
#116 = PLANE('',#117);
#117 = AXIS2_PLACEMENT_3D('',#118,#119,#120);
#118 = CARTESIAN_POINT('',(58.077195270696,91.299999999999,
    3.282804729304));
#119 = DIRECTION('',(0.,1.,0.));
#120 = DIRECTION('',(0.,0.,1.));
#121 = ADVANCED_FACE('',(#122),#147,.F.);
#122 = FACE_BOUND('',#123,.F.);
#123 = EDGE_LOOP('',(#124,#125,#133,#141));
#124 = ORIENTED_EDGE('',*,*,#21,.T.);
#125 = ORIENTED_EDGE('',*,*,#126,.F.);
#126 = EDGE_CURVE('',#127,#24,#129,.T.);
#127 = VERTEX_POINT('',#128);
#128 = CARTESIAN_POINT('',(94.51,84.799999999999,2.88));
#129 = LINE('',#130,#131);
#130 = CARTESIAN_POINT('',(94.51,84.799999999999,2.88));
#131 = VECTOR('',#132,1.);
#132 = DIRECTION('',(0.,1.,0.));
#133 = ORIENTED_EDGE('',*,*,#134,.F.);
#134 = EDGE_CURVE('',#135,#127,#137,.T.);
#135 = VERTEX_POINT('',#136);
#136 = CARTESIAN_POINT('',(94.51,84.799999999999,2.9));
#137 = LINE('',#138,#139);
#138 = CARTESIAN_POINT('',(94.51,84.799999999999,4.9));
#139 = VECTOR('',#140,1.);
#140 = DIRECTION('',(-0.,-0.,-1.));
#141 = ORIENTED_EDGE('',*,*,#142,.T.);
#142 = EDGE_CURVE('',#135,#22,#143,.T.);
#143 = LINE('',#144,#145);
#144 = CARTESIAN_POINT('',(94.51,62.093248365,2.9));
#145 = VECTOR('',#146,1.);
#146 = DIRECTION('',(0.,1.,0.));
#147 = PLANE('',#148);
#148 = AXIS2_PLACEMENT_3D('',#149,#150,#151);
#149 = CARTESIAN_POINT('',(94.51,98.55,3.65));
#150 = DIRECTION('',(-1.,-0.,-0.));
#151 = DIRECTION('',(0.,0.,-1.));
#152 = ADVANCED_FACE('',(#153),#171,.T.);
#153 = FACE_BOUND('',#154,.F.);
#154 = EDGE_LOOP('',(#155,#163,#164,#165));
#155 = ORIENTED_EDGE('',*,*,#156,.F.);
#156 = EDGE_CURVE('',#127,#157,#159,.T.);
#157 = VERTEX_POINT('',#158);
#158 = CARTESIAN_POINT('',(94.99,85.28,2.4));
#159 = LINE('',#160,#161);
#160 = CARTESIAN_POINT('',(94.753333333333,85.043333333333,
    2.636666666667));
#161 = VECTOR('',#162,1.);
#162 = DIRECTION('',(0.57735026919,0.57735026919,-0.57735026919));
#163 = ORIENTED_EDGE('',*,*,#126,.T.);
#164 = ORIENTED_EDGE('',*,*,#31,.T.);
#165 = ORIENTED_EDGE('',*,*,#166,.F.);
#166 = EDGE_CURVE('',#157,#32,#167,.T.);
#167 = LINE('',#168,#169);
#168 = CARTESIAN_POINT('',(94.99,84.799999999999,2.4));
#169 = VECTOR('',#170,1.);
#170 = DIRECTION('',(0.,1.,0.));
#171 = PLANE('',#172);
#172 = AXIS2_PLACEMENT_3D('',#173,#174,#175);
#173 = CARTESIAN_POINT('',(94.75,84.799999999999,2.64));
#174 = DIRECTION('',(0.707106781187,-1.E-17,0.707106781187));
#175 = DIRECTION('',(-7.071067811865E-18,-1.,-7.071067811866E-18));
#176 = ADVANCED_FACE('',(#177),#237,.T.);
#177 = FACE_BOUND('',#178,.T.);
#178 = EDGE_LOOP('',(#179,#187,#188,#189,#197,#206,#214,#222,#230));
#179 = ORIENTED_EDGE('',*,*,#180,.T.);
#180 = EDGE_CURVE('',#181,#135,#183,.T.);
#181 = VERTEX_POINT('',#182);
#182 = CARTESIAN_POINT('',(94.51,62.093248365,2.9));
#183 = LINE('',#184,#185);
#184 = CARTESIAN_POINT('',(94.51,62.093248365,2.9));
#185 = VECTOR('',#186,1.);
#186 = DIRECTION('',(0.,1.,0.));
#187 = ORIENTED_EDGE('',*,*,#142,.T.);
#188 = ORIENTED_EDGE('',*,*,#111,.F.);
#189 = ORIENTED_EDGE('',*,*,#190,.F.);
#190 = EDGE_CURVE('',#191,#104,#193,.T.);
#191 = VERTEX_POINT('',#192);
#192 = CARTESIAN_POINT('',(91.51,70.593248365,2.9));
#193 = LINE('',#194,#195);
#194 = CARTESIAN_POINT('',(91.51,70.593248365,2.9));
#195 = VECTOR('',#196,1.);
#196 = DIRECTION('',(6.9E-16,1.,0.));
#197 = ORIENTED_EDGE('',*,*,#198,.F.);
#198 = EDGE_CURVE('',#199,#191,#201,.T.);
#199 = VERTEX_POINT('',#200);
#200 = CARTESIAN_POINT('',(84.01,63.093248365,2.9));
#201 = CIRCLE('',#202,7.5);
#202 = AXIS2_PLACEMENT_3D('',#203,#204,#205);
#203 = CARTESIAN_POINT('',(84.01,70.593248365,2.9));
#204 = DIRECTION('',(0.,0.,1.));
#205 = DIRECTION('',(1.,0.,0.));
#206 = ORIENTED_EDGE('',*,*,#207,.F.);
#207 = EDGE_CURVE('',#208,#199,#210,.T.);
#208 = VERTEX_POINT('',#209);
#209 = CARTESIAN_POINT('',(60.5315094,63.093248365,2.9));
#210 = LINE('',#211,#212);
#211 = CARTESIAN_POINT('',(60.5315094,63.093248365,2.9));
#212 = VECTOR('',#213,1.);
#213 = DIRECTION('',(1.,3.E-16,0.));
#214 = ORIENTED_EDGE('',*,*,#215,.T.);
#215 = EDGE_CURVE('',#208,#216,#218,.T.);
#216 = VERTEX_POINT('',#217);
#217 = CARTESIAN_POINT('',(60.5315094,60.093248365,2.9));
#218 = LINE('',#219,#220);
#219 = CARTESIAN_POINT('',(60.5315094,66.057948737494,2.9));
#220 = VECTOR('',#221,1.);
#221 = DIRECTION('',(0.,-1.,0.));
#222 = ORIENTED_EDGE('',*,*,#223,.T.);
#223 = EDGE_CURVE('',#216,#224,#226,.T.);
#224 = VERTEX_POINT('',#225);
#225 = CARTESIAN_POINT('',(92.51,60.093248365,2.9));
#226 = LINE('',#227,#228);
#227 = CARTESIAN_POINT('',(60.5315094,60.093248365,2.9));
#228 = VECTOR('',#229,1.);
#229 = DIRECTION('',(1.,0.,0.));
#230 = ORIENTED_EDGE('',*,*,#231,.T.);
#231 = EDGE_CURVE('',#224,#181,#232,.T.);
#232 = CIRCLE('',#233,2.);
#233 = AXIS2_PLACEMENT_3D('',#234,#235,#236);
#234 = CARTESIAN_POINT('',(92.51,62.093248365,2.9));
#235 = DIRECTION('',(0.,0.,1.));
#236 = DIRECTION('',(1.,0.,0.));
#237 = PLANE('',#238);
#238 = AXIS2_PLACEMENT_3D('',#239,#240,#241);
#239 = CARTESIAN_POINT('',(68.969959048033,73.481662094988,2.9));
#240 = DIRECTION('',(0.,0.,1.));
#241 = DIRECTION('',(1.,0.,0.));
#242 = ADVANCED_FACE('',(#243),#277,.T.);
#243 = FACE_BOUND('',#244,.T.);
#244 = EDGE_LOOP('',(#245,#253,#261,#269,#275,#276));
#245 = ORIENTED_EDGE('',*,*,#246,.F.);
#246 = EDGE_CURVE('',#247,#157,#249,.T.);
#247 = VERTEX_POINT('',#248);
#248 = CARTESIAN_POINT('',(96.01,86.299999999999,2.4));
#249 = LINE('',#250,#251);
#250 = CARTESIAN_POINT('',(96.01,86.299999999999,2.4));
#251 = VECTOR('',#252,1.);
#252 = DIRECTION('',(-0.707106781187,-0.707106781187,0.));
#253 = ORIENTED_EDGE('',*,*,#254,.T.);
#254 = EDGE_CURVE('',#247,#255,#257,.T.);
#255 = VERTEX_POINT('',#256);
#256 = CARTESIAN_POINT('',(96.01,110.80000000005,2.4));
#257 = LINE('',#258,#259);
#258 = CARTESIAN_POINT('',(96.01,91.299999999999,2.4));
#259 = VECTOR('',#260,1.);
#260 = DIRECTION('',(0.,1.,0.));
#261 = ORIENTED_EDGE('',*,*,#262,.T.);
#262 = EDGE_CURVE('',#255,#263,#265,.T.);
#263 = VERTEX_POINT('',#264);
#264 = CARTESIAN_POINT('',(94.51,112.29999999999,2.4));
#265 = LINE('',#266,#267);
#266 = CARTESIAN_POINT('',(96.01,110.80000000005,2.4));
#267 = VECTOR('',#268,1.);
#268 = DIRECTION('',(-0.707106781201,0.707106781173,0.));
#269 = ORIENTED_EDGE('',*,*,#270,.F.);
#270 = EDGE_CURVE('',#40,#263,#271,.T.);
#271 = LINE('',#272,#273);
#272 = CARTESIAN_POINT('',(94.51,84.799999999999,2.4));
#273 = VECTOR('',#274,1.);
#274 = DIRECTION('',(0.,1.,0.));
#275 = ORIENTED_EDGE('',*,*,#39,.T.);
#276 = ORIENTED_EDGE('',*,*,#166,.F.);
#277 = PLANE('',#278);
#278 = AXIS2_PLACEMENT_3D('',#279,#280,#281);
#279 = CARTESIAN_POINT('',(95.219994766027,98.550000000004,2.4));
#280 = DIRECTION('',(0.,0.,1.));
#281 = DIRECTION('',(1.,0.,0.));
#282 = ADVANCED_FACE('',(#283),#301,.T.);
#283 = FACE_BOUND('',#284,.T.);
#284 = EDGE_LOOP('',(#285,#293,#294,#295));
#285 = ORIENTED_EDGE('',*,*,#286,.T.);
#286 = EDGE_CURVE('',#287,#191,#289,.T.);
#287 = VERTEX_POINT('',#288);
#288 = CARTESIAN_POINT('',(91.51,70.593248365,4.));
#289 = LINE('',#290,#291);
#290 = CARTESIAN_POINT('',(91.51,70.593248365,4.9));
#291 = VECTOR('',#292,1.);
#292 = DIRECTION('',(-0.,-0.,-1.));
#293 = ORIENTED_EDGE('',*,*,#190,.T.);
#294 = ORIENTED_EDGE('',*,*,#103,.F.);
#295 = ORIENTED_EDGE('',*,*,#296,.F.);
#296 = EDGE_CURVE('',#287,#96,#297,.T.);
#297 = LINE('',#298,#299);
#298 = CARTESIAN_POINT('',(91.51,70.593248365,4.));
#299 = VECTOR('',#300,1.);
#300 = DIRECTION('',(6.9E-16,1.,0.));
#301 = PLANE('',#302);
#302 = AXIS2_PLACEMENT_3D('',#303,#304,#305);
#303 = CARTESIAN_POINT('',(91.51,80.9466241825,3.9));
#304 = DIRECTION('',(1.,-6.9E-16,0.));
#305 = DIRECTION('',(6.9E-16,1.,0.));
#306 = ADVANCED_FACE('',(#307),#341,.T.);
#307 = FACE_BOUND('',#308,.T.);
#308 = EDGE_LOOP('',(#309,#319,#327,#333,#334,#335));
#309 = ORIENTED_EDGE('',*,*,#310,.T.);
#310 = EDGE_CURVE('',#311,#313,#315,.T.);
#311 = VERTEX_POINT('',#312);
#312 = CARTESIAN_POINT('',(94.51,112.29999999999,4.));
#313 = VERTEX_POINT('',#314);
#314 = CARTESIAN_POINT('',(94.51,142.29999999999,4.));
#315 = LINE('',#316,#317);
#316 = CARTESIAN_POINT('',(94.51,62.093248365,4.));
#317 = VECTOR('',#318,1.);
#318 = DIRECTION('',(0.,1.,0.));
#319 = ORIENTED_EDGE('',*,*,#320,.T.);
#320 = EDGE_CURVE('',#313,#321,#323,.T.);
#321 = VERTEX_POINT('',#322);
#322 = CARTESIAN_POINT('',(94.51,142.29999999999,1.8));
#323 = LINE('',#324,#325);
#324 = CARTESIAN_POINT('',(94.51,142.29999999999,4.9));
#325 = VECTOR('',#326,1.);
#326 = DIRECTION('',(-0.,-0.,-1.));
#327 = ORIENTED_EDGE('',*,*,#328,.T.);
#328 = EDGE_CURVE('',#321,#48,#329,.T.);
#329 = LINE('',#330,#331);
#330 = CARTESIAN_POINT('',(94.51,80.729570510812,1.8));
#331 = VECTOR('',#332,1.);
#332 = DIRECTION('',(0.,-1.,0.));
#333 = ORIENTED_EDGE('',*,*,#47,.F.);
#334 = ORIENTED_EDGE('',*,*,#270,.T.);
#335 = ORIENTED_EDGE('',*,*,#336,.F.);
#336 = EDGE_CURVE('',#311,#263,#337,.T.);
#337 = LINE('',#338,#339);
#338 = CARTESIAN_POINT('',(94.51,112.29999999999,4.9));
#339 = VECTOR('',#340,1.);
#340 = DIRECTION('',(-0.,-0.,-1.));
#341 = PLANE('',#342);
#342 = AXIS2_PLACEMENT_3D('',#343,#344,#345);
#343 = CARTESIAN_POINT('',(94.51,102.38945025102,3.542826068524));
#344 = DIRECTION('',(-1.,-0.,-0.));
#345 = DIRECTION('',(0.,0.,-1.));
#346 = ADVANCED_FACE('',(#347),#365,.T.);
#347 = FACE_BOUND('',#348,.F.);
#348 = EDGE_LOOP('',(#349,#357,#363,#364));
#349 = ORIENTED_EDGE('',*,*,#350,.F.);
#350 = EDGE_CURVE('',#351,#287,#353,.T.);
#351 = VERTEX_POINT('',#352);
#352 = CARTESIAN_POINT('',(90.61,70.593248365,4.9));
#353 = LINE('',#354,#355);
#354 = CARTESIAN_POINT('',(91.51,70.593248365,4.));
#355 = VECTOR('',#356,1.);
#356 = DIRECTION('',(0.707106781187,-4.E-17,-0.707106781187));
#357 = ORIENTED_EDGE('',*,*,#358,.T.);
#358 = EDGE_CURVE('',#351,#88,#359,.T.);
#359 = LINE('',#360,#361);
#360 = CARTESIAN_POINT('',(90.61,70.593248365,4.9));
#361 = VECTOR('',#362,1.);
#362 = DIRECTION('',(6.9E-16,1.,0.));
#363 = ORIENTED_EDGE('',*,*,#95,.T.);
#364 = ORIENTED_EDGE('',*,*,#296,.F.);
#365 = PLANE('',#366);
#366 = AXIS2_PLACEMENT_3D('',#367,#368,#369);
#367 = CARTESIAN_POINT('',(91.06,70.593248365,4.45));
#368 = DIRECTION('',(0.707106781187,-1.01E-15,0.707106781187));
#369 = DIRECTION('',(-1.059177848998E-15,-1.,-3.691778489984E-16));
#370 = ADVANCED_FACE('',(#371,#1646,#1657,#1691,#1725,#1759,#1793,#1863,
    #1929,#1979,#2013,#2115,#2126,#2160,#2194,#2237,#2303,#2337,#2355,
    #2389),#2423,.T.);
#371 = FACE_BOUND('',#372,.T.);
#372 = EDGE_LOOP('',(#373,#383,#391,#399,#407,#415,#423,#430,#438,#446,
    #454,#461,#469,#477,#485,#493,#501,#509,#517,#525,#533,#541,#549,
    #556,#564,#572,#580,#587,#595,#603,#611,#618,#625,#633,#641,#649,
    #656,#664,#672,#680,#687,#695,#703,#711,#718,#726,#734,#742,#749,
    #757,#765,#773,#780,#788,#796,#804,#811,#819,#827,#835,#842,#850,
    #858,#866,#873,#881,#890,#898,#906,#914,#922,#930,#938,#946,#954,
    #962,#970,#978,#986,#994,#1002,#1010,#1018,#1026,#1034,#1042,#1050,
    #1058,#1066,#1074,#1082,#1090,#1098,#1106,#1114,#1122,#1130,#1138,
    #1146,#1154,#1162,#1170,#1179,#1188,#1196,#1203,#1211,#1219,#1227,
    #1234,#1242,#1250,#1258,#1265,#1273,#1281,#1289,#1296,#1304,#1312,
    #1320,#1327,#1335,#1343,#1351,#1358,#1366,#1374,#1382,#1389,#1397,
    #1405,#1413,#1420,#1428,#1436,#1444,#1451,#1459,#1467,#1475,#1482,
    #1490,#1498,#1506,#1513,#1540,#1547,#1555,#1563,#1571,#1578,#1586,
    #1594,#1602,#1609,#1617,#1625,#1633,#1640));
#373 = ORIENTED_EDGE('',*,*,#374,.F.);
#374 = EDGE_CURVE('',#375,#377,#379,.T.);
#375 = VERTEX_POINT('',#376);
#376 = CARTESIAN_POINT('',(52.327,10.05,1.8));
#377 = VERTEX_POINT('',#378);
#378 = CARTESIAN_POINT('',(61.527,10.05,1.8));
#379 = LINE('',#380,#381);
#380 = CARTESIAN_POINT('',(52.327,10.05,1.8));
#381 = VECTOR('',#382,1.);
#382 = DIRECTION('',(1.,0.,0.));
#383 = ORIENTED_EDGE('',*,*,#384,.F.);
#384 = EDGE_CURVE('',#385,#375,#387,.T.);
#385 = VERTEX_POINT('',#386);
#386 = CARTESIAN_POINT('',(52.327,11.68376064,1.8));
#387 = LINE('',#388,#389);
#388 = CARTESIAN_POINT('',(52.327,38.592924095812,1.8));
#389 = VECTOR('',#390,1.);
#390 = DIRECTION('',(0.,-1.,0.));
#391 = ORIENTED_EDGE('',*,*,#392,.F.);
#392 = EDGE_CURVE('',#393,#385,#395,.T.);
#393 = VERTEX_POINT('',#394);
#394 = CARTESIAN_POINT('',(47.06884384,11.68376064,1.8));
#395 = LINE('',#396,#397);
#396 = CARTESIAN_POINT('',(53.12155277271,11.68376064,1.8));
#397 = VECTOR('',#398,1.);
#398 = DIRECTION('',(1.,0.,0.));
#399 = ORIENTED_EDGE('',*,*,#400,.F.);
#400 = EDGE_CURVE('',#401,#393,#403,.T.);
#401 = VERTEX_POINT('',#402);
#402 = CARTESIAN_POINT('',(47.06884384,7.02670717,1.8));
#403 = LINE('',#404,#405);
#404 = CARTESIAN_POINT('',(47.06884384,40.921450830812,1.8));
#405 = VECTOR('',#406,1.);
#406 = DIRECTION('',(0.,1.,0.));
#407 = ORIENTED_EDGE('',*,*,#408,.F.);
#408 = EDGE_CURVE('',#409,#401,#411,.T.);
#409 = VERTEX_POINT('',#410);
#410 = CARTESIAN_POINT('',(52.327,7.02670717,1.8));
#411 = LINE('',#412,#413);
#412 = CARTESIAN_POINT('',(50.49247469271,7.02670717,1.8));
#413 = VECTOR('',#414,1.);
#414 = DIRECTION('',(-1.,0.,0.));
#415 = ORIENTED_EDGE('',*,*,#416,.T.);
#416 = EDGE_CURVE('',#409,#417,#419,.T.);
#417 = VERTEX_POINT('',#418);
#418 = CARTESIAN_POINT('',(52.327,6.29,1.8));
#419 = LINE('',#420,#421);
#420 = CARTESIAN_POINT('',(52.327,42.223855325737,1.8));
#421 = VECTOR('',#422,1.);
#422 = DIRECTION('',(0.,-1.,0.));
#423 = ORIENTED_EDGE('',*,*,#424,.T.);
#424 = EDGE_CURVE('',#417,#425,#427,.T.);
#425 = VERTEX_POINT('',#426);
#426 = CARTESIAN_POINT('',(46.699909606258,6.29,1.8));
#427 = B_SPLINE_CURVE_WITH_KNOTS('',1,(#428,#429),.UNSPECIFIED.,.F.,.F.,
  (2,2),(0.,1.),.PIECEWISE_BEZIER_KNOTS.);
#428 = CARTESIAN_POINT('',(80.760362545939,6.29,1.8));
#429 = CARTESIAN_POINT('',(27.248654357777,6.29,1.8));
#430 = ORIENTED_EDGE('',*,*,#431,.T.);
#431 = EDGE_CURVE('',#425,#432,#434,.T.);
#432 = VERTEX_POINT('',#433);
#433 = CARTESIAN_POINT('',(46.867341184306,6.,1.8));
#434 = LINE('',#435,#436);
#435 = CARTESIAN_POINT('',(33.857575227584,28.533575633895,1.8));
#436 = VECTOR('',#437,1.);
#437 = DIRECTION('',(0.499999999962,-0.866025403806,0.));
#438 = ORIENTED_EDGE('',*,*,#439,.T.);
#439 = EDGE_CURVE('',#432,#440,#442,.T.);
#440 = VERTEX_POINT('',#441);
#441 = CARTESIAN_POINT('',(44.127,6.,1.8));
#442 = LINE('',#443,#444);
#443 = CARTESIAN_POINT('',(49.02155277271,6.,1.8));
#444 = VECTOR('',#445,1.);
#445 = DIRECTION('',(-1.,0.,0.));
#446 = ORIENTED_EDGE('',*,*,#447,.T.);
#447 = EDGE_CURVE('',#440,#448,#450,.T.);
#448 = VERTEX_POINT('',#449);
#449 = CARTESIAN_POINT('',(44.294431578065,6.29,1.8));
#450 = LINE('',#451,#452);
#451 = CARTESIAN_POINT('',(59.876584991715,33.279081403774,1.8));
#452 = VECTOR('',#453,1.);
#453 = DIRECTION('',(0.5,0.866025403784,-0.));
#454 = ORIENTED_EDGE('',*,*,#455,.T.);
#455 = EDGE_CURVE('',#448,#456,#458,.T.);
#456 = VERTEX_POINT('',#457);
#457 = CARTESIAN_POINT('',(41.9226,6.29,1.8));
#458 = B_SPLINE_CURVE_WITH_KNOTS('',1,(#459,#460),.UNSPECIFIED.,.F.,.F.,
  (2,2),(0.,1.),.PIECEWISE_BEZIER_KNOTS.);
#459 = CARTESIAN_POINT('',(80.760362545939,6.29,1.8));
#460 = CARTESIAN_POINT('',(27.248654357777,6.29,1.8));
#461 = ORIENTED_EDGE('',*,*,#462,.T.);
#462 = EDGE_CURVE('',#456,#463,#465,.T.);
#463 = VERTEX_POINT('',#464);
#464 = CARTESIAN_POINT('',(41.9226,8.0977,1.8));
#465 = LINE('',#466,#467);
#466 = CARTESIAN_POINT('',(41.9226,41.947705325737,1.8));
#467 = VECTOR('',#468,1.);
#468 = DIRECTION('',(0.,1.,0.));
#469 = ORIENTED_EDGE('',*,*,#470,.T.);
#470 = EDGE_CURVE('',#463,#471,#473,.T.);
#471 = VERTEX_POINT('',#472);
#472 = CARTESIAN_POINT('',(44.9226,8.0977,1.8));
#473 = LINE('',#474,#475);
#474 = CARTESIAN_POINT('',(49.847600639416,8.0977,1.8));
#475 = VECTOR('',#476,1.);
#476 = DIRECTION('',(1.,0.,0.));
#477 = ORIENTED_EDGE('',*,*,#478,.T.);
#478 = EDGE_CURVE('',#471,#479,#481,.T.);
#479 = VERTEX_POINT('',#480);
#480 = CARTESIAN_POINT('',(44.9226,12.0977,1.8));
#481 = LINE('',#482,#483);
#482 = CARTESIAN_POINT('',(44.9226,43.947705325737,1.8));
#483 = VECTOR('',#484,1.);
#484 = DIRECTION('',(0.,1.,0.));
#485 = ORIENTED_EDGE('',*,*,#486,.T.);
#486 = EDGE_CURVE('',#479,#487,#489,.T.);
#487 = VERTEX_POINT('',#488);
#488 = CARTESIAN_POINT('',(42.9226,12.0977,1.8));
#489 = LINE('',#490,#491);
#490 = CARTESIAN_POINT('',(48.847600639416,12.0977,1.8));
#491 = VECTOR('',#492,1.);
#492 = DIRECTION('',(-1.,0.,0.));
#493 = ORIENTED_EDGE('',*,*,#494,.T.);
#494 = EDGE_CURVE('',#487,#495,#497,.T.);
#495 = VERTEX_POINT('',#496);
#496 = CARTESIAN_POINT('',(42.9226,15.6977,1.8));
#497 = LINE('',#498,#499);
#498 = CARTESIAN_POINT('',(42.9226,45.747705325737,1.8));
#499 = VECTOR('',#500,1.);
#500 = DIRECTION('',(0.,1.,0.));
#501 = ORIENTED_EDGE('',*,*,#502,.F.);
#502 = EDGE_CURVE('',#503,#495,#505,.T.);
#503 = VERTEX_POINT('',#504);
#504 = CARTESIAN_POINT('',(34.9226,15.6977,1.8));
#505 = LINE('',#506,#507);
#506 = CARTESIAN_POINT('',(46.847600639416,15.6977,1.8));
#507 = VECTOR('',#508,1.);
#508 = DIRECTION('',(1.,0.,0.));
#509 = ORIENTED_EDGE('',*,*,#510,.F.);
#510 = EDGE_CURVE('',#511,#503,#513,.T.);
#511 = VERTEX_POINT('',#512);
#512 = CARTESIAN_POINT('',(34.9226,12.0977,1.8));
#513 = LINE('',#514,#515);
#514 = CARTESIAN_POINT('',(34.9226,45.747705325737,1.8));
#515 = VECTOR('',#516,1.);
#516 = DIRECTION('',(0.,1.,0.));
#517 = ORIENTED_EDGE('',*,*,#518,.F.);
#518 = EDGE_CURVE('',#519,#511,#521,.T.);
#519 = VERTEX_POINT('',#520);
#520 = CARTESIAN_POINT('',(32.9226,12.0977,1.8));
#521 = LINE('',#522,#523);
#522 = CARTESIAN_POINT('',(44.847600639416,12.0977,1.8));
#523 = VECTOR('',#524,1.);
#524 = DIRECTION('',(1.,0.,0.));
#525 = ORIENTED_EDGE('',*,*,#526,.F.);
#526 = EDGE_CURVE('',#527,#519,#529,.T.);
#527 = VERTEX_POINT('',#528);
#528 = CARTESIAN_POINT('',(32.9226,8.0977,1.8));
#529 = LINE('',#530,#531);
#530 = CARTESIAN_POINT('',(32.9226,43.947705325737,1.8));
#531 = VECTOR('',#532,1.);
#532 = DIRECTION('',(0.,1.,0.));
#533 = ORIENTED_EDGE('',*,*,#534,.F.);
#534 = EDGE_CURVE('',#535,#527,#537,.T.);
#535 = VERTEX_POINT('',#536);
#536 = CARTESIAN_POINT('',(35.9226,8.0977,1.8));
#537 = LINE('',#538,#539);
#538 = CARTESIAN_POINT('',(43.847600639416,8.0977,1.8));
#539 = VECTOR('',#540,1.);
#540 = DIRECTION('',(-1.,0.,0.));
#541 = ORIENTED_EDGE('',*,*,#542,.F.);
#542 = EDGE_CURVE('',#543,#535,#545,.T.);
#543 = VERTEX_POINT('',#544);
#544 = CARTESIAN_POINT('',(35.9226,6.29,1.8));
#545 = LINE('',#546,#547);
#546 = CARTESIAN_POINT('',(35.9226,41.947705325737,1.8));
#547 = VECTOR('',#548,1.);
#548 = DIRECTION('',(0.,1.,0.));
#549 = ORIENTED_EDGE('',*,*,#550,.T.);
#550 = EDGE_CURVE('',#543,#551,#553,.T.);
#551 = VERTEX_POINT('',#552);
#552 = CARTESIAN_POINT('',(32.837,6.29,1.8));
#553 = B_SPLINE_CURVE_WITH_KNOTS('',1,(#554,#555),.UNSPECIFIED.,.F.,.F.,
  (2,2),(0.,1.),.PIECEWISE_BEZIER_KNOTS.);
#554 = CARTESIAN_POINT('',(80.760362545939,6.29,1.8));
#555 = CARTESIAN_POINT('',(27.248654357777,6.29,1.8));
#556 = ORIENTED_EDGE('',*,*,#557,.T.);
#557 = EDGE_CURVE('',#551,#558,#560,.T.);
#558 = VERTEX_POINT('',#559);
#559 = CARTESIAN_POINT('',(33.127,6.,1.8));
#560 = LINE('',#561,#562);
#561 = CARTESIAN_POINT('',(22.284491130949,16.842508869051,1.8));
#562 = VECTOR('',#563,1.);
#563 = DIRECTION('',(0.707106781187,-0.707106781187,0.));
#564 = ORIENTED_EDGE('',*,*,#565,.T.);
#565 = EDGE_CURVE('',#558,#566,#568,.T.);
#566 = VERTEX_POINT('',#567);
#567 = CARTESIAN_POINT('',(26.227,6.,1.8));
#568 = LINE('',#569,#570);
#569 = CARTESIAN_POINT('',(40.07155277271,6.,1.8));
#570 = VECTOR('',#571,1.);
#571 = DIRECTION('',(-1.,0.,0.));
#572 = ORIENTED_EDGE('',*,*,#573,.T.);
#573 = EDGE_CURVE('',#566,#574,#576,.T.);
#574 = VERTEX_POINT('',#575);
#575 = CARTESIAN_POINT('',(26.517,6.29,1.8));
#576 = LINE('',#577,#578);
#577 = CARTESIAN_POINT('',(50.889061641761,30.662061641761,1.8));
#578 = VECTOR('',#579,1.);
#579 = DIRECTION('',(0.707106781187,0.707106781187,-0.));
#580 = ORIENTED_EDGE('',*,*,#581,.T.);
#581 = EDGE_CURVE('',#574,#582,#584,.T.);
#582 = VERTEX_POINT('',#583);
#583 = CARTESIAN_POINT('',(22.837,6.29,1.8));
#584 = B_SPLINE_CURVE_WITH_KNOTS('',1,(#585,#586),.UNSPECIFIED.,.F.,.F.,
  (2,2),(0.,1.),.PIECEWISE_BEZIER_KNOTS.);
#585 = CARTESIAN_POINT('',(27.148236407007,6.29,1.8));
#586 = CARTESIAN_POINT('',(16.898823120995,6.29,1.8));
#587 = ORIENTED_EDGE('',*,*,#588,.T.);
#588 = EDGE_CURVE('',#582,#589,#591,.T.);
#589 = VERTEX_POINT('',#590);
#590 = CARTESIAN_POINT('',(23.127,6.,1.8));
#591 = LINE('',#592,#593);
#592 = CARTESIAN_POINT('',(14.784491130949,14.342508869051,1.8));
#593 = VECTOR('',#594,1.);
#594 = DIRECTION('',(0.707106781187,-0.707106781187,0.));
#595 = ORIENTED_EDGE('',*,*,#596,.T.);
#596 = EDGE_CURVE('',#589,#597,#599,.T.);
#597 = VERTEX_POINT('',#598);
#598 = CARTESIAN_POINT('',(16.227,6.,1.8));
#599 = LINE('',#600,#601);
#600 = CARTESIAN_POINT('',(35.07155277271,6.,1.8));
#601 = VECTOR('',#602,1.);
#602 = DIRECTION('',(-1.,0.,0.));
#603 = ORIENTED_EDGE('',*,*,#604,.T.);
#604 = EDGE_CURVE('',#597,#605,#607,.T.);
#605 = VERTEX_POINT('',#606);
#606 = CARTESIAN_POINT('',(16.517,6.29,1.8));
#607 = LINE('',#608,#609);
#608 = CARTESIAN_POINT('',(43.389061641761,33.162061641761,1.8));
#609 = VECTOR('',#610,1.);
#610 = DIRECTION('',(0.707106781187,0.707106781187,-0.));
#611 = ORIENTED_EDGE('',*,*,#612,.T.);
#612 = EDGE_CURVE('',#605,#613,#615,.T.);
#613 = VERTEX_POINT('',#614);
#614 = CARTESIAN_POINT('',(8.517,6.29,1.8));
#615 = B_SPLINE_CURVE_WITH_KNOTS('',1,(#616,#617),.UNSPECIFIED.,.F.,.F.,
  (2,2),(0.,1.),.PIECEWISE_BEZIER_KNOTS.);
#616 = CARTESIAN_POINT('',(16.798405170224,6.29,1.8));
#617 = CARTESIAN_POINT('',(8.517,6.29,1.8));
#618 = ORIENTED_EDGE('',*,*,#619,.T.);
#619 = EDGE_CURVE('',#613,#620,#622,.T.);
#620 = VERTEX_POINT('',#621);
#621 = CARTESIAN_POINT('',(8.517,15.29,1.8));
#622 = B_SPLINE_CURVE_WITH_KNOTS('',1,(#623,#624),.UNSPECIFIED.,.F.,.F.,
  (2,2),(0.,1.),.PIECEWISE_BEZIER_KNOTS.);
#623 = CARTESIAN_POINT('',(8.517,6.29,1.8));
#624 = CARTESIAN_POINT('',(8.517,15.718215370831,1.8));
#625 = ORIENTED_EDGE('',*,*,#626,.F.);
#626 = EDGE_CURVE('',#627,#620,#629,.T.);
#627 = VERTEX_POINT('',#628);
#628 = CARTESIAN_POINT('',(8.227,15.,1.8));
#629 = LINE('',#630,#631);
#630 = CARTESIAN_POINT('',(35.139061641761,41.912061641761,1.8));
#631 = VECTOR('',#632,1.);
#632 = DIRECTION('',(0.707106781187,0.707106781187,-0.));
#633 = ORIENTED_EDGE('',*,*,#634,.F.);
#634 = EDGE_CURVE('',#635,#627,#637,.T.);
#635 = VERTEX_POINT('',#636);
#636 = CARTESIAN_POINT('',(8.227,24.2,1.8));
#637 = LINE('',#638,#639);
#638 = CARTESIAN_POINT('',(8.227,42.579570510812,1.8));
#639 = VECTOR('',#640,1.);
#640 = DIRECTION('',(0.,-1.,0.));
#641 = ORIENTED_EDGE('',*,*,#642,.F.);
#642 = EDGE_CURVE('',#643,#635,#645,.T.);
#643 = VERTEX_POINT('',#644);
#644 = CARTESIAN_POINT('',(8.517,23.91,1.8));
#645 = LINE('',#646,#647);
#646 = CARTESIAN_POINT('',(8.159491130949,24.267508869051,1.8));
#647 = VECTOR('',#648,1.);
#648 = DIRECTION('',(-0.707106781187,0.707106781187,0.));
#649 = ORIENTED_EDGE('',*,*,#650,.T.);
#650 = EDGE_CURVE('',#643,#651,#653,.T.);
#651 = VERTEX_POINT('',#652);
#652 = CARTESIAN_POINT('',(8.517,28.69,1.8));
#653 = B_SPLINE_CURVE_WITH_KNOTS('',1,(#654,#655),.UNSPECIFIED.,.F.,.F.,
  (2,2),(0.,1.),.PIECEWISE_BEZIER_KNOTS.);
#654 = CARTESIAN_POINT('',(8.517,18.228918775511,1.8));
#655 = CARTESIAN_POINT('',(8.517,29.753489761075,1.8));
#656 = ORIENTED_EDGE('',*,*,#657,.F.);
#657 = EDGE_CURVE('',#658,#651,#660,.T.);
#658 = VERTEX_POINT('',#659);
#659 = CARTESIAN_POINT('',(8.227,28.4,1.8));
#660 = LINE('',#661,#662);
#661 = CARTESIAN_POINT('',(31.789061641761,51.962061641761,1.8));
#662 = VECTOR('',#663,1.);
#663 = DIRECTION('',(0.707106781187,0.707106781187,-0.));
#664 = ORIENTED_EDGE('',*,*,#665,.F.);
#665 = EDGE_CURVE('',#666,#658,#668,.T.);
#666 = VERTEX_POINT('',#667);
#667 = CARTESIAN_POINT('',(8.227,37.6,1.8));
#668 = LINE('',#669,#670);
#669 = CARTESIAN_POINT('',(8.227,49.279570510812,1.8));
#670 = VECTOR('',#671,1.);
#671 = DIRECTION('',(0.,-1.,0.));
#672 = ORIENTED_EDGE('',*,*,#673,.F.);
#673 = EDGE_CURVE('',#674,#666,#676,.T.);
#674 = VERTEX_POINT('',#675);
#675 = CARTESIAN_POINT('',(8.517,37.31,1.8));
#676 = LINE('',#677,#678);
#677 = CARTESIAN_POINT('',(11.509491130949,34.317508869051,1.8));
#678 = VECTOR('',#679,1.);
#679 = DIRECTION('',(-0.707106781187,0.707106781187,0.));
#680 = ORIENTED_EDGE('',*,*,#681,.T.);
#681 = EDGE_CURVE('',#674,#682,#684,.T.);
#682 = VERTEX_POINT('',#683);
#683 = CARTESIAN_POINT('',(8.517,45.55,1.8));
#684 = B_SPLINE_CURVE_WITH_KNOTS('',1,(#685,#686),.UNSPECIFIED.,.F.,.F.,
  (2,2),(0.,1.),.PIECEWISE_BEZIER_KNOTS.);
#685 = CARTESIAN_POINT('',(8.517,32.264193165755,1.8));
#686 = CARTESIAN_POINT('',(8.517,65.784343419611,1.8));
#687 = ORIENTED_EDGE('',*,*,#688,.T.);
#688 = EDGE_CURVE('',#682,#689,#691,.T.);
#689 = VERTEX_POINT('',#690);
#690 = CARTESIAN_POINT('',(9.21,45.55,1.8));
#691 = LINE('',#692,#693);
#692 = CARTESIAN_POINT('',(35.491490669964,45.55,1.8));
#693 = VECTOR('',#694,1.);
#694 = DIRECTION('',(1.,0.,0.));
#695 = ORIENTED_EDGE('',*,*,#696,.T.);
#696 = EDGE_CURVE('',#689,#697,#699,.T.);
#697 = VERTEX_POINT('',#698);
#698 = CARTESIAN_POINT('',(9.21,58.846492984004,1.8));
#699 = LINE('',#700,#701);
#700 = CARTESIAN_POINT('',(9.21,45.55,1.8));
#701 = VECTOR('',#702,1.);
#702 = DIRECTION('',(0.,1.,0.));
#703 = ORIENTED_EDGE('',*,*,#704,.F.);
#704 = EDGE_CURVE('',#705,#697,#707,.T.);
#705 = VERTEX_POINT('',#706);
#706 = CARTESIAN_POINT('',(8.517,58.007229457363,1.8));
#707 = LINE('',#708,#709);
#708 = CARTESIAN_POINT('',(23.400795017234,76.032375627583,1.8));
#709 = VECTOR('',#710,1.);
#710 = DIRECTION('',(0.636715059408,0.771099172041,0.));
#711 = ORIENTED_EDGE('',*,*,#712,.T.);
#712 = EDGE_CURVE('',#705,#713,#715,.T.);
#713 = VERTEX_POINT('',#714);
#714 = CARTESIAN_POINT('',(8.517,63.09,1.8));
#715 = B_SPLINE_CURVE_WITH_KNOTS('',1,(#716,#717),.UNSPECIFIED.,.F.,.F.,
  (2,2),(0.,1.),.PIECEWISE_BEZIER_KNOTS.);
#716 = CARTESIAN_POINT('',(8.517,32.264193165755,1.8));
#717 = CARTESIAN_POINT('',(8.517,65.784343419611,1.8));
#718 = ORIENTED_EDGE('',*,*,#719,.F.);
#719 = EDGE_CURVE('',#720,#713,#722,.T.);
#720 = VERTEX_POINT('',#721);
#721 = CARTESIAN_POINT('',(8.227,62.8,1.8));
#722 = LINE('',#723,#724);
#723 = CARTESIAN_POINT('',(23.189061641761,77.762061641761,1.8));
#724 = VECTOR('',#725,1.);
#725 = DIRECTION('',(0.707106781187,0.707106781187,-0.));
#726 = ORIENTED_EDGE('',*,*,#727,.F.);
#727 = EDGE_CURVE('',#728,#720,#730,.T.);
#728 = VERTEX_POINT('',#729);
#729 = CARTESIAN_POINT('',(8.227,72.,1.8));
#730 = LINE('',#731,#732);
#731 = CARTESIAN_POINT('',(8.227,66.479570510812,1.8));
#732 = VECTOR('',#733,1.);
#733 = DIRECTION('',(0.,-1.,0.));
#734 = ORIENTED_EDGE('',*,*,#735,.F.);
#735 = EDGE_CURVE('',#736,#728,#738,.T.);
#736 = VERTEX_POINT('',#737);
#737 = CARTESIAN_POINT('',(8.517,71.71,1.8));
#738 = LINE('',#739,#740);
#739 = CARTESIAN_POINT('',(20.109491130949,60.117508869051,1.8));
#740 = VECTOR('',#741,1.);
#741 = DIRECTION('',(-0.707106781187,0.707106781187,0.));
#742 = ORIENTED_EDGE('',*,*,#743,.T.);
#743 = EDGE_CURVE('',#736,#744,#746,.T.);
#744 = VERTEX_POINT('',#745);
#745 = CARTESIAN_POINT('',(8.517,82.49,1.8));
#746 = B_SPLINE_CURVE_WITH_KNOTS('',1,(#747,#748),.UNSPECIFIED.,.F.,.F.,
  (2,2),(0.,1.),.PIECEWISE_BEZIER_KNOTS.);
#747 = CARTESIAN_POINT('',(8.517,68.295046824291,1.8));
#748 = CARTESIAN_POINT('',(8.517,86.104069029367,1.8));
#749 = ORIENTED_EDGE('',*,*,#750,.T.);
#750 = EDGE_CURVE('',#744,#751,#753,.T.);
#751 = VERTEX_POINT('',#752);
#752 = CARTESIAN_POINT('',(8.227,82.2,1.8));
#753 = LINE('',#754,#755);
#754 = CARTESIAN_POINT('',(16.639061641762,90.612061641761,1.8));
#755 = VECTOR('',#756,1.);
#756 = DIRECTION('',(-0.707106781187,-0.707106781187,0.));
#757 = ORIENTED_EDGE('',*,*,#758,.T.);
#758 = EDGE_CURVE('',#751,#759,#761,.T.);
#759 = VERTEX_POINT('',#760);
#760 = CARTESIAN_POINT('',(8.227,91.399999999934,1.8));
#761 = LINE('',#762,#763);
#762 = CARTESIAN_POINT('',(8.227,80.779570510779,1.8));
#763 = VECTOR('',#764,1.);
#764 = DIRECTION('',(0.,1.,-0.));
#765 = ORIENTED_EDGE('',*,*,#766,.T.);
#766 = EDGE_CURVE('',#759,#767,#769,.T.);
#767 = VERTEX_POINT('',#768);
#768 = CARTESIAN_POINT('',(8.517,91.109999999939,1.8));
#769 = LINE('',#770,#771);
#770 = CARTESIAN_POINT('',(26.659491131155,72.967508869138,1.8));
#771 = VECTOR('',#772,1.);
#772 = DIRECTION('',(0.707106781193,-0.70710678118,0.));
#773 = ORIENTED_EDGE('',*,*,#774,.T.);
#774 = EDGE_CURVE('',#767,#775,#777,.T.);
#775 = VERTEX_POINT('',#776);
#776 = CARTESIAN_POINT('',(8.517,95.1499999998,1.8));
#777 = B_SPLINE_CURVE_WITH_KNOTS('',1,(#778,#779),.UNSPECIFIED.,.F.,.F.,
  (2,2),(0.,1.),.PIECEWISE_BEZIER_KNOTS.);
#778 = CARTESIAN_POINT('',(8.517,88.614772434047,1.8));
#779 = CARTESIAN_POINT('',(8.517,109.56602024887,1.8));
#780 = ORIENTED_EDGE('',*,*,#781,.T.);
#781 = EDGE_CURVE('',#775,#782,#784,.T.);
#782 = VERTEX_POINT('',#783);
#783 = CARTESIAN_POINT('',(9.21,95.1499999998,1.8));
#784 = LINE('',#785,#786);
#785 = CARTESIAN_POINT('',(32.785144639416,95.1499999998,1.8));
#786 = VECTOR('',#787,1.);
#787 = DIRECTION('',(1.,0.,0.));
#788 = ORIENTED_EDGE('',*,*,#789,.T.);
#789 = EDGE_CURVE('',#782,#790,#792,.T.);
#790 = VERTEX_POINT('',#791);
#791 = CARTESIAN_POINT('',(9.21,104.45,1.8));
#792 = LINE('',#793,#794);
#793 = CARTESIAN_POINT('',(9.21,45.55,1.8));
#794 = VECTOR('',#795,1.);
#795 = DIRECTION('',(0.,1.,0.));
#796 = ORIENTED_EDGE('',*,*,#797,.F.);
#797 = EDGE_CURVE('',#798,#790,#800,.T.);
#798 = VERTEX_POINT('',#799);
#799 = CARTESIAN_POINT('',(8.517,104.45,1.8));
#800 = LINE('',#801,#802);
#801 = CARTESIAN_POINT('',(32.391938301548,104.45,1.8));
#802 = VECTOR('',#803,1.);
#803 = DIRECTION('',(1.,1.578E-14,0.));
#804 = ORIENTED_EDGE('',*,*,#805,.T.);
#805 = EDGE_CURVE('',#798,#806,#808,.T.);
#806 = VERTEX_POINT('',#807);
#807 = CARTESIAN_POINT('',(8.517,106.20444066284,1.8));
#808 = B_SPLINE_CURVE_WITH_KNOTS('',1,(#809,#810),.UNSPECIFIED.,.F.,.F.,
  (2,2),(0.,1.),.PIECEWISE_BEZIER_KNOTS.);
#809 = CARTESIAN_POINT('',(8.517,88.614772434047,1.8));
#810 = CARTESIAN_POINT('',(8.517,109.56602024887,1.8));
#811 = ORIENTED_EDGE('',*,*,#812,.F.);
#812 = EDGE_CURVE('',#813,#806,#815,.T.);
#813 = VERTEX_POINT('',#814);
#814 = CARTESIAN_POINT('',(8.227,106.03700908478,1.8));
#815 = LINE('',#816,#817);
#816 = CARTESIAN_POINT('',(19.292628285616,112.42575255415,1.8));
#817 = VECTOR('',#818,1.);
#818 = DIRECTION('',(0.866025403787,0.499999999995,-0.));
#819 = ORIENTED_EDGE('',*,*,#820,.F.);
#820 = EDGE_CURVE('',#821,#813,#823,.T.);
#821 = VERTEX_POINT('',#822);
#822 = CARTESIAN_POINT('',(8.227,110.96299091524,1.8));
#823 = LINE('',#824,#825);
#824 = CARTESIAN_POINT('',(8.227,88.098075053202,1.8));
#825 = VECTOR('',#826,1.);
#826 = DIRECTION('',(0.,-1.,0.));
#827 = ORIENTED_EDGE('',*,*,#828,.F.);
#828 = EDGE_CURVE('',#829,#821,#831,.T.);
#829 = VERTEX_POINT('',#830);
#830 = CARTESIAN_POINT('',(8.517,110.79555933718,1.8));
#831 = LINE('',#832,#833);
#832 = CARTESIAN_POINT('',(34.194707224553,95.970528158912,1.8));
#833 = VECTOR('',#834,1.);
#834 = DIRECTION('',(-0.866025403784,0.5,0.));
#835 = ORIENTED_EDGE('',*,*,#836,.T.);
#836 = EDGE_CURVE('',#829,#837,#839,.T.);
#837 = VERTEX_POINT('',#838);
#838 = CARTESIAN_POINT('',(8.517,126.89,1.8));
#839 = B_SPLINE_CURVE_WITH_KNOTS('',1,(#840,#841),.UNSPECIFIED.,.F.,.F.,
  (2,2),(0.,1.),.PIECEWISE_BEZIER_KNOTS.);
#840 = CARTESIAN_POINT('',(8.517,110.61035170234,1.8));
#841 = CARTESIAN_POINT('',(8.517,132.60900805375,1.8));
#842 = ORIENTED_EDGE('',*,*,#843,.T.);
#843 = EDGE_CURVE('',#837,#844,#846,.T.);
#844 = VERTEX_POINT('',#845);
#845 = CARTESIAN_POINT('',(8.227,126.6,1.8));
#846 = LINE('',#847,#848);
#847 = CARTESIAN_POINT('',(5.539061641761,123.91206164176,1.8));
#848 = VECTOR('',#849,1.);
#849 = DIRECTION('',(-0.707106781187,-0.707106781187,0.));
#850 = ORIENTED_EDGE('',*,*,#851,.T.);
#851 = EDGE_CURVE('',#844,#852,#854,.T.);
#852 = VERTEX_POINT('',#853);
#853 = CARTESIAN_POINT('',(8.227,135.8,1.8));
#854 = LINE('',#855,#856);
#855 = CARTESIAN_POINT('',(8.227,102.97957051081,1.8));
#856 = VECTOR('',#857,1.);
#857 = DIRECTION('',(0.,1.,-0.));
#858 = ORIENTED_EDGE('',*,*,#859,.T.);
#859 = EDGE_CURVE('',#852,#860,#862,.T.);
#860 = VERTEX_POINT('',#861);
#861 = CARTESIAN_POINT('',(8.517,135.51,1.8));
#862 = LINE('',#863,#864);
#863 = CARTESIAN_POINT('',(37.759491130949,106.26750886905,1.8));
#864 = VECTOR('',#865,1.);
#865 = DIRECTION('',(0.707106781187,-0.707106781187,0.));
#866 = ORIENTED_EDGE('',*,*,#867,.T.);
#867 = EDGE_CURVE('',#860,#868,#870,.T.);
#868 = VERTEX_POINT('',#869);
#869 = CARTESIAN_POINT('',(8.517,140.51583366806,1.8));
#870 = B_SPLINE_CURVE_WITH_KNOTS('',1,(#871,#872),.UNSPECIFIED.,.F.,.F.,
  (2,2),(0.,1.),.PIECEWISE_BEZIER_KNOTS.);
#871 = CARTESIAN_POINT('',(8.517,135.11971145843,1.8));
#872 = CARTESIAN_POINT('',(8.517,143.71,1.8));
#873 = ORIENTED_EDGE('',*,*,#874,.F.);
#874 = EDGE_CURVE('',#875,#868,#877,.T.);
#875 = VERTEX_POINT('',#876);
#876 = CARTESIAN_POINT('',(15.086132658559,129.21660716345,1.8));
#877 = LINE('',#878,#879);
#878 = CARTESIAN_POINT('',(27.494136721518,107.87423889893,1.8));
#879 = VECTOR('',#880,1.);
#880 = DIRECTION('',(-0.502609874261,0.86451333957,0.));
#881 = ORIENTED_EDGE('',*,*,#882,.T.);
#882 = EDGE_CURVE('',#875,#883,#885,.T.);
#883 = VERTEX_POINT('',#884);
#884 = CARTESIAN_POINT('',(17.51,129.86999999999,1.8));
#885 = CIRCLE('',#886,1.3);
#886 = AXIS2_PLACEMENT_3D('',#887,#888,#889);
#887 = CARTESIAN_POINT('',(16.21,129.86999999999,1.8));
#888 = DIRECTION('',(0.,0.,1.));
#889 = DIRECTION('',(1.,0.,0.));
#890 = ORIENTED_EDGE('',*,*,#891,.T.);
#891 = EDGE_CURVE('',#883,#892,#894,.T.);
#892 = VERTEX_POINT('',#893);
#893 = CARTESIAN_POINT('',(17.51,143.83256842193,1.8));
#894 = LINE('',#895,#896);
#895 = CARTESIAN_POINT('',(17.51,111.74999999999,1.8));
#896 = VECTOR('',#897,1.);
#897 = DIRECTION('',(0.,1.,0.));
#898 = ORIENTED_EDGE('',*,*,#899,.T.);
#899 = EDGE_CURVE('',#892,#900,#902,.T.);
#900 = VERTEX_POINT('',#901);
#901 = CARTESIAN_POINT('',(21.331440983986,143.83256842193,1.8));
#902 = LINE('',#903,#904);
#903 = CARTESIAN_POINT('',(77.221552933293,143.83256842193,1.8));
#904 = VECTOR('',#905,1.);
#905 = DIRECTION('',(1.,0.,-0.));
#906 = ORIENTED_EDGE('',*,*,#907,.T.);
#907 = EDGE_CURVE('',#900,#908,#910,.T.);
#908 = VERTEX_POINT('',#909);
#909 = CARTESIAN_POINT('',(21.177000321166,143.98700908475,1.8));
#910 = LINE('',#911,#912);
#911 = CARTESIAN_POINT('',(47.818743643012,117.3452657629,1.8));
#912 = VECTOR('',#913,1.);
#913 = DIRECTION('',(-0.707106781187,0.707106781187,0.));
#914 = ORIENTED_EDGE('',*,*,#915,.T.);
#915 = EDGE_CURVE('',#908,#916,#918,.T.);
#916 = VERTEX_POINT('',#917);
#917 = CARTESIAN_POINT('',(27.477000321166,143.98700908475,1.8));
#918 = LINE('',#919,#920);
#919 = CARTESIAN_POINT('',(40.696552933293,143.98700908475,1.8));
#920 = VECTOR('',#921,1.);
#921 = DIRECTION('',(1.,0.,0.));
#922 = ORIENTED_EDGE('',*,*,#923,.T.);
#923 = EDGE_CURVE('',#916,#924,#926,.T.);
#924 = VERTEX_POINT('',#925);
#925 = CARTESIAN_POINT('',(27.322559658346,143.83256842193,1.8));
#926 = LINE('',#927,#928);
#927 = CARTESIAN_POINT('',(14.654809611447,131.16481837503,1.8));
#928 = VECTOR('',#929,1.);
#929 = DIRECTION('',(-0.707106781187,-0.707106781187,0.));
#930 = ORIENTED_EDGE('',*,*,#931,.T.);
#931 = EDGE_CURVE('',#924,#932,#934,.T.);
#932 = VERTEX_POINT('',#933);
#933 = CARTESIAN_POINT('',(30.902869555415,143.83256842193,1.8));
#934 = LINE('',#935,#936);
#935 = CARTESIAN_POINT('',(77.221552933293,143.83256842193,1.8));
#936 = VECTOR('',#937,1.);
#937 = DIRECTION('',(1.,0.,-0.));
#938 = ORIENTED_EDGE('',*,*,#939,.T.);
#939 = EDGE_CURVE('',#932,#940,#942,.T.);
#940 = VERTEX_POINT('',#941);
#941 = CARTESIAN_POINT('',(30.748428892594,143.98700908475,1.8));
#942 = LINE('',#943,#944);
#943 = CARTESIAN_POINT('',(54.997315071584,119.73812290576,1.8));
#944 = VECTOR('',#945,1.);
#945 = DIRECTION('',(-0.707106781187,0.707106781187,0.));
#946 = ORIENTED_EDGE('',*,*,#947,.T.);
#947 = EDGE_CURVE('',#940,#948,#950,.T.);
#948 = VERTEX_POINT('',#949);
#949 = CARTESIAN_POINT('',(37.048428892595,143.98700908475,1.8));
#950 = LINE('',#951,#952);
#951 = CARTESIAN_POINT('',(45.482267219007,143.98700908475,1.8));
#952 = VECTOR('',#953,1.);
#953 = DIRECTION('',(1.,0.,0.));
#954 = ORIENTED_EDGE('',*,*,#955,.T.);
#955 = EDGE_CURVE('',#948,#956,#958,.T.);
#956 = VERTEX_POINT('',#957);
#957 = CARTESIAN_POINT('',(36.893988229774,143.83256842193,1.8));
#958 = LINE('',#959,#960);
#959 = CARTESIAN_POINT('',(21.833381040018,128.77196123217,1.8));
#960 = VECTOR('',#961,1.);
#961 = DIRECTION('',(-0.707106781187,-0.707106781187,0.));
#962 = ORIENTED_EDGE('',*,*,#963,.T.);
#963 = EDGE_CURVE('',#956,#964,#966,.T.);
#964 = VERTEX_POINT('',#965);
#965 = CARTESIAN_POINT('',(40.474298126843,143.83256842193,1.8));
#966 = LINE('',#967,#968);
#967 = CARTESIAN_POINT('',(77.221552933293,143.83256842193,1.8));
#968 = VECTOR('',#969,1.);
#969 = DIRECTION('',(1.,0.,-0.));
#970 = ORIENTED_EDGE('',*,*,#971,.T.);
#971 = EDGE_CURVE('',#964,#972,#974,.T.);
#972 = VERTEX_POINT('',#973);
#973 = CARTESIAN_POINT('',(40.319857464023,143.98700908475,1.8));
#974 = LINE('',#975,#976);
#975 = CARTESIAN_POINT('',(62.175886500155,122.13098004862,1.8));
#976 = VECTOR('',#977,1.);
#977 = DIRECTION('',(-0.707106781187,0.707106781187,0.));
#978 = ORIENTED_EDGE('',*,*,#979,.T.);
#979 = EDGE_CURVE('',#972,#980,#982,.T.);
#980 = VERTEX_POINT('',#981);
#981 = CARTESIAN_POINT('',(46.619857464024,143.98700908475,1.8));
#982 = LINE('',#983,#984);
#983 = CARTESIAN_POINT('',(50.267981504722,143.98700908475,1.8));
#984 = VECTOR('',#985,1.);
#985 = DIRECTION('',(1.,0.,0.));
#986 = ORIENTED_EDGE('',*,*,#987,.T.);
#987 = EDGE_CURVE('',#980,#988,#990,.T.);
#988 = VERTEX_POINT('',#989);
#989 = CARTESIAN_POINT('',(46.465416801203,143.83256842193,1.8));
#990 = LINE('',#991,#992);
#991 = CARTESIAN_POINT('',(29.011952468589,126.37910408932,1.8));
#992 = VECTOR('',#993,1.);
#993 = DIRECTION('',(-0.707106781187,-0.707106781187,0.));
#994 = ORIENTED_EDGE('',*,*,#995,.T.);
#995 = EDGE_CURVE('',#988,#996,#998,.T.);
#996 = VERTEX_POINT('',#997);
#997 = CARTESIAN_POINT('',(50.045726698272,143.83256842193,1.8));
#998 = LINE('',#999,#1000);
#999 = CARTESIAN_POINT('',(77.221552933293,143.83256842193,1.8));
#1000 = VECTOR('',#1001,1.);
#1001 = DIRECTION('',(1.,0.,-0.));
#1002 = ORIENTED_EDGE('',*,*,#1003,.T.);
#1003 = EDGE_CURVE('',#996,#1004,#1006,.T.);
#1004 = VERTEX_POINT('',#1005);
#1005 = CARTESIAN_POINT('',(49.891286035451,143.98700908475,1.8));
#1006 = LINE('',#1007,#1008);
#1007 = CARTESIAN_POINT('',(69.354457928726,124.52383719148,1.8));
#1008 = VECTOR('',#1009,1.);
#1009 = DIRECTION('',(-0.707106781187,0.707106781187,0.));
#1010 = ORIENTED_EDGE('',*,*,#1011,.T.);
#1011 = EDGE_CURVE('',#1004,#1012,#1014,.T.);
#1012 = VERTEX_POINT('',#1013);
#1013 = CARTESIAN_POINT('',(56.191286035452,143.98700908475,1.8));
#1014 = LINE('',#1015,#1016);
#1015 = CARTESIAN_POINT('',(55.053695790436,143.98700908475,1.8));
#1016 = VECTOR('',#1017,1.);
#1017 = DIRECTION('',(1.,0.,0.));
#1018 = ORIENTED_EDGE('',*,*,#1019,.T.);
#1019 = EDGE_CURVE('',#1012,#1020,#1022,.T.);
#1020 = VERTEX_POINT('',#1021);
#1021 = CARTESIAN_POINT('',(56.036845372631,143.83256842193,1.8));
#1022 = LINE('',#1023,#1024);
#1023 = CARTESIAN_POINT('',(36.190523897161,123.98624694646,1.8));
#1024 = VECTOR('',#1025,1.);
#1025 = DIRECTION('',(-0.707106781187,-0.707106781187,0.));
#1026 = ORIENTED_EDGE('',*,*,#1027,.T.);
#1027 = EDGE_CURVE('',#1020,#1028,#1030,.T.);
#1028 = VERTEX_POINT('',#1029);
#1029 = CARTESIAN_POINT('',(59.617155269701,143.83256842193,1.8));
#1030 = LINE('',#1031,#1032);
#1031 = CARTESIAN_POINT('',(77.221552933293,143.83256842193,1.8));
#1032 = VECTOR('',#1033,1.);
#1033 = DIRECTION('',(1.,0.,-0.));
#1034 = ORIENTED_EDGE('',*,*,#1035,.T.);
#1035 = EDGE_CURVE('',#1028,#1036,#1038,.T.);
#1036 = VERTEX_POINT('',#1037);
#1037 = CARTESIAN_POINT('',(59.46271460688,143.98700908475,1.8));
#1038 = LINE('',#1039,#1040);
#1039 = CARTESIAN_POINT('',(76.533029357298,126.91669433433,1.8));
#1040 = VECTOR('',#1041,1.);
#1041 = DIRECTION('',(-0.707106781187,0.707106781187,0.));
#1042 = ORIENTED_EDGE('',*,*,#1043,.T.);
#1043 = EDGE_CURVE('',#1036,#1044,#1046,.T.);
#1044 = VERTEX_POINT('',#1045);
#1045 = CARTESIAN_POINT('',(65.762714606881,143.98700908475,1.8));
#1046 = LINE('',#1047,#1048);
#1047 = CARTESIAN_POINT('',(59.83941007615,143.98700908475,1.8));
#1048 = VECTOR('',#1049,1.);
#1049 = DIRECTION('',(1.,0.,0.));
#1050 = ORIENTED_EDGE('',*,*,#1051,.T.);
#1051 = EDGE_CURVE('',#1044,#1052,#1054,.T.);
#1052 = VERTEX_POINT('',#1053);
#1053 = CARTESIAN_POINT('',(65.60827394406,143.83256842193,1.8));
#1054 = LINE('',#1055,#1056);
#1055 = CARTESIAN_POINT('',(43.369095325732,121.5933898036,1.8));
#1056 = VECTOR('',#1057,1.);
#1057 = DIRECTION('',(-0.707106781187,-0.707106781187,0.));
#1058 = ORIENTED_EDGE('',*,*,#1059,.T.);
#1059 = EDGE_CURVE('',#1052,#1060,#1062,.T.);
#1060 = VERTEX_POINT('',#1061);
#1061 = CARTESIAN_POINT('',(69.188583841129,143.83256842193,1.8));
#1062 = LINE('',#1063,#1064);
#1063 = CARTESIAN_POINT('',(77.221552933293,143.83256842193,1.8));
#1064 = VECTOR('',#1065,1.);
#1065 = DIRECTION('',(1.,0.,-0.));
#1066 = ORIENTED_EDGE('',*,*,#1067,.T.);
#1067 = EDGE_CURVE('',#1060,#1068,#1070,.T.);
#1068 = VERTEX_POINT('',#1069);
#1069 = CARTESIAN_POINT('',(69.034143178308,143.98700908475,1.8));
#1070 = LINE('',#1071,#1072);
#1071 = CARTESIAN_POINT('',(83.711600785869,129.30955147719,1.8));
#1072 = VECTOR('',#1073,1.);
#1073 = DIRECTION('',(-0.707106781187,0.707106781187,0.));
#1074 = ORIENTED_EDGE('',*,*,#1075,.T.);
#1075 = EDGE_CURVE('',#1068,#1076,#1078,.T.);
#1076 = VERTEX_POINT('',#1077);
#1077 = CARTESIAN_POINT('',(75.334143178309,143.98700908475,1.8));
#1078 = LINE('',#1079,#1080);
#1079 = CARTESIAN_POINT('',(64.625124361865,143.98700908475,1.8));
#1080 = VECTOR('',#1081,1.);
#1081 = DIRECTION('',(1.,0.,0.));
#1082 = ORIENTED_EDGE('',*,*,#1083,.T.);
#1083 = EDGE_CURVE('',#1076,#1084,#1086,.T.);
#1084 = VERTEX_POINT('',#1085);
#1085 = CARTESIAN_POINT('',(75.179702515489,143.83256842193,1.8));
#1086 = LINE('',#1087,#1088);
#1087 = CARTESIAN_POINT('',(50.547666754304,119.20053266075,1.8));
#1088 = VECTOR('',#1089,1.);
#1089 = DIRECTION('',(-0.707106781187,-0.707106781187,0.));
#1090 = ORIENTED_EDGE('',*,*,#1091,.T.);
#1091 = EDGE_CURVE('',#1084,#1092,#1094,.T.);
#1092 = VERTEX_POINT('',#1093);
#1093 = CARTESIAN_POINT('',(78.760012412558,143.83256842193,1.8));
#1094 = LINE('',#1095,#1096);
#1095 = CARTESIAN_POINT('',(77.221552933293,143.83256842193,1.8));
#1096 = VECTOR('',#1097,1.);
#1097 = DIRECTION('',(1.,0.,-0.));
#1098 = ORIENTED_EDGE('',*,*,#1099,.T.);
#1099 = EDGE_CURVE('',#1092,#1100,#1102,.T.);
#1100 = VERTEX_POINT('',#1101);
#1101 = CARTESIAN_POINT('',(78.605571749737,143.98700908475,1.8));
#1102 = LINE('',#1103,#1104);
#1103 = CARTESIAN_POINT('',(90.890172214441,131.70240862005,1.8));
#1104 = VECTOR('',#1105,1.);
#1105 = DIRECTION('',(-0.707106781187,0.707106781187,0.));
#1106 = ORIENTED_EDGE('',*,*,#1107,.T.);
#1107 = EDGE_CURVE('',#1100,#1108,#1110,.T.);
#1108 = VERTEX_POINT('',#1109);
#1109 = CARTESIAN_POINT('',(84.905571749738,143.98700908475,1.8));
#1110 = LINE('',#1111,#1112);
#1111 = CARTESIAN_POINT('',(69.410838647579,143.98700908475,1.8));
#1112 = VECTOR('',#1113,1.);
#1113 = DIRECTION('',(1.,0.,0.));
#1114 = ORIENTED_EDGE('',*,*,#1115,.T.);
#1115 = EDGE_CURVE('',#1108,#1116,#1118,.T.);
#1116 = VERTEX_POINT('',#1117);
#1117 = CARTESIAN_POINT('',(84.751131086917,143.83256842193,1.8));
#1118 = LINE('',#1119,#1120);
#1119 = CARTESIAN_POINT('',(57.726238182875,116.80767551789,1.8));
#1120 = VECTOR('',#1121,1.);
#1121 = DIRECTION('',(-0.707106781187,-0.707106781187,0.));
#1122 = ORIENTED_EDGE('',*,*,#1123,.T.);
#1123 = EDGE_CURVE('',#1116,#1124,#1126,.T.);
#1124 = VERTEX_POINT('',#1125);
#1125 = CARTESIAN_POINT('',(88.331440983986,143.83256842193,1.8));
#1126 = LINE('',#1127,#1128);
#1127 = CARTESIAN_POINT('',(77.221552933293,143.83256842193,1.8));
#1128 = VECTOR('',#1129,1.);
#1129 = DIRECTION('',(1.,0.,-0.));
#1130 = ORIENTED_EDGE('',*,*,#1131,.T.);
#1131 = EDGE_CURVE('',#1124,#1132,#1134,.T.);
#1132 = VERTEX_POINT('',#1133);
#1133 = CARTESIAN_POINT('',(88.177000321166,143.98700908475,1.8));
#1134 = LINE('',#1135,#1136);
#1135 = CARTESIAN_POINT('',(98.068743643012,134.0952657629,1.8));
#1136 = VECTOR('',#1137,1.);
#1137 = DIRECTION('',(-0.707106781187,0.707106781187,0.));
#1138 = ORIENTED_EDGE('',*,*,#1139,.T.);
#1139 = EDGE_CURVE('',#1132,#1140,#1142,.T.);
#1140 = VERTEX_POINT('',#1141);
#1141 = CARTESIAN_POINT('',(94.477000321166,143.98700908475,1.8));
#1142 = LINE('',#1143,#1144);
#1143 = CARTESIAN_POINT('',(74.196552933293,143.98700908475,1.8));
#1144 = VECTOR('',#1145,1.);
#1145 = DIRECTION('',(1.,0.,0.));
#1146 = ORIENTED_EDGE('',*,*,#1147,.T.);
#1147 = EDGE_CURVE('',#1140,#1148,#1150,.T.);
#1148 = VERTEX_POINT('',#1149);
#1149 = CARTESIAN_POINT('',(94.322559658346,143.83256842193,1.8));
#1150 = LINE('',#1151,#1152);
#1151 = CARTESIAN_POINT('',(64.904809611446,114.41481837503,1.8));
#1152 = VECTOR('',#1153,1.);
#1153 = DIRECTION('',(-0.707106781187,-0.707106781187,0.));
#1154 = ORIENTED_EDGE('',*,*,#1155,.T.);
#1155 = EDGE_CURVE('',#1148,#1156,#1158,.T.);
#1156 = VERTEX_POINT('',#1157);
#1157 = CARTESIAN_POINT('',(96.227,143.83256842193,1.8));
#1158 = LINE('',#1159,#1160);
#1159 = CARTESIAN_POINT('',(77.221552933293,143.83256842193,1.8));
#1160 = VECTOR('',#1161,1.);
#1161 = DIRECTION('',(1.,0.,-0.));
#1162 = ORIENTED_EDGE('',*,*,#1163,.F.);
#1163 = EDGE_CURVE('',#1164,#1156,#1166,.T.);
#1164 = VERTEX_POINT('',#1165);
#1165 = CARTESIAN_POINT('',(96.227,138.99999999999,1.8));
#1166 = LINE('',#1167,#1168);
#1167 = CARTESIAN_POINT('',(96.227,111.74999999999,1.8));
#1168 = VECTOR('',#1169,1.);
#1169 = DIRECTION('',(0.,1.,0.));
#1170 = ORIENTED_EDGE('',*,*,#1171,.T.);
#1171 = EDGE_CURVE('',#1164,#1172,#1174,.T.);
#1172 = VERTEX_POINT('',#1173);
#1173 = CARTESIAN_POINT('',(96.412251580488,137.75146267811,1.8));
#1174 = CIRCLE('',#1175,4.3);
#1175 = AXIS2_PLACEMENT_3D('',#1176,#1177,#1178);
#1176 = CARTESIAN_POINT('',(100.527,138.99999999999,1.8));
#1177 = DIRECTION('',(0.,0.,1.));
#1178 = DIRECTION('',(1.,0.,0.));
#1179 = ORIENTED_EDGE('',*,*,#1180,.T.);
#1180 = EDGE_CURVE('',#1172,#1181,#1183,.T.);
#1181 = VERTEX_POINT('',#1182);
#1182 = CARTESIAN_POINT('',(100.527,134.69999999999,1.8));
#1183 = CIRCLE('',#1184,4.3);
#1184 = AXIS2_PLACEMENT_3D('',#1185,#1186,#1187);
#1185 = CARTESIAN_POINT('',(100.527,138.99999999999,1.8));
#1186 = DIRECTION('',(0.,0.,1.));
#1187 = DIRECTION('',(1.,0.,0.));
#1188 = ORIENTED_EDGE('',*,*,#1189,.F.);
#1189 = EDGE_CURVE('',#1190,#1181,#1192,.T.);
#1190 = VERTEX_POINT('',#1191);
#1191 = CARTESIAN_POINT('',(105.237,134.69999999999,1.8));
#1192 = LINE('',#1193,#1194);
#1193 = CARTESIAN_POINT('',(78.459048827048,134.69999999999,1.8));
#1194 = VECTOR('',#1195,1.);
#1195 = DIRECTION('',(-1.,0.,0.));
#1196 = ORIENTED_EDGE('',*,*,#1197,.T.);
#1197 = EDGE_CURVE('',#1190,#1198,#1200,.T.);
#1198 = VERTEX_POINT('',#1199);
#1199 = CARTESIAN_POINT('',(105.237,131.11000032117,1.8));
#1200 = B_SPLINE_CURVE_WITH_KNOTS('',1,(#1201,#1202),.UNSPECIFIED.,.F.,
  .F.,(2,2),(0.,1.),.PIECEWISE_BEZIER_KNOTS.);
#1201 = CARTESIAN_POINT('',(105.237,139.00000002739,1.8));
#1202 = CARTESIAN_POINT('',(105.237,127.9984550427,1.8));
#1203 = ORIENTED_EDGE('',*,*,#1204,.F.);
#1204 = EDGE_CURVE('',#1205,#1198,#1207,.T.);
#1205 = VERTEX_POINT('',#1206);
#1206 = CARTESIAN_POINT('',(105.52699999999,131.40000032116,1.8));
#1207 = LINE('',#1208,#1209);
#1208 = CARTESIAN_POINT('',(75.614061561468,101.48706188263,1.8));
#1209 = VECTOR('',#1210,1.);
#1210 = DIRECTION('',(-0.707106781187,-0.707106781187,0.));
#1211 = ORIENTED_EDGE('',*,*,#1212,.F.);
#1212 = EDGE_CURVE('',#1213,#1205,#1215,.T.);
#1213 = VERTEX_POINT('',#1214);
#1214 = CARTESIAN_POINT('',(105.52699999999,122.20000032117,1.8));
#1215 = LINE('',#1216,#1217);
#1216 = CARTESIAN_POINT('',(105.52699999999,100.77957067139,1.8));
#1217 = VECTOR('',#1218,1.);
#1218 = DIRECTION('',(0.,1.,0.));
#1219 = ORIENTED_EDGE('',*,*,#1220,.F.);
#1220 = EDGE_CURVE('',#1221,#1213,#1223,.T.);
#1221 = VERTEX_POINT('',#1222);
#1222 = CARTESIAN_POINT('',(105.237,122.49000032117,1.8));
#1223 = LINE('',#1224,#1225);
#1224 = CARTESIAN_POINT('',(105.63449121124,122.09250910992,1.8));
#1225 = VECTOR('',#1226,1.);
#1226 = DIRECTION('',(0.707106781187,-0.707106781187,0.));
#1227 = ORIENTED_EDGE('',*,*,#1228,.T.);
#1228 = EDGE_CURVE('',#1221,#1229,#1231,.T.);
#1229 = VERTEX_POINT('',#1230);
#1230 = CARTESIAN_POINT('',(105.237,119.33222254339,1.8));
#1231 = B_SPLINE_CURVE_WITH_KNOTS('',1,(#1232,#1233),.UNSPECIFIED.,.F.,
  .F.,(2,2),(0.,1.),.PIECEWISE_BEZIER_KNOTS.);
#1232 = CARTESIAN_POINT('',(105.237,125.60154512407,1.8));
#1233 = CARTESIAN_POINT('',(105.237,116.22067731897,1.8));
#1234 = ORIENTED_EDGE('',*,*,#1235,.F.);
#1235 = EDGE_CURVE('',#1236,#1229,#1238,.T.);
#1236 = VERTEX_POINT('',#1237);
#1237 = CARTESIAN_POINT('',(105.52699999999,119.62222254339,1.8));
#1238 = LINE('',#1239,#1240);
#1239 = CARTESIAN_POINT('',(78.558506005913,92.653728549305,1.8));
#1240 = VECTOR('',#1241,1.);
#1241 = DIRECTION('',(-0.707106781187,-0.707106781187,0.));
#1242 = ORIENTED_EDGE('',*,*,#1243,.F.);
#1243 = EDGE_CURVE('',#1244,#1236,#1246,.T.);
#1244 = VERTEX_POINT('',#1245);
#1245 = CARTESIAN_POINT('',(105.52699999999,110.42222254339,1.8));
#1246 = LINE('',#1247,#1248);
#1247 = CARTESIAN_POINT('',(105.52699999999,94.890681782508,1.8));
#1248 = VECTOR('',#1249,1.);
#1249 = DIRECTION('',(0.,1.,0.));
#1250 = ORIENTED_EDGE('',*,*,#1251,.F.);
#1251 = EDGE_CURVE('',#1252,#1244,#1254,.T.);
#1252 = VERTEX_POINT('',#1253);
#1253 = CARTESIAN_POINT('',(105.237,110.71222254339,1.8));
#1254 = LINE('',#1255,#1256);
#1255 = CARTESIAN_POINT('',(102.69004676679,113.25917577659,1.8));
#1256 = VECTOR('',#1257,1.);
#1257 = DIRECTION('',(0.707106781187,-0.707106781187,0.));
#1258 = ORIENTED_EDGE('',*,*,#1259,.T.);
#1259 = EDGE_CURVE('',#1252,#1260,#1262,.T.);
#1260 = VERTEX_POINT('',#1261);
#1261 = CARTESIAN_POINT('',(105.237,107.55444476561,1.8));
#1262 = B_SPLINE_CURVE_WITH_KNOTS('',1,(#1263,#1264),.UNSPECIFIED.,.F.,
  .F.,(2,2),(0.,1.),.PIECEWISE_BEZIER_KNOTS.);
#1263 = CARTESIAN_POINT('',(105.237,113.82376740035,1.8));
#1264 = CARTESIAN_POINT('',(105.237,104.44289959525,1.8));
#1265 = ORIENTED_EDGE('',*,*,#1266,.F.);
#1266 = EDGE_CURVE('',#1267,#1260,#1269,.T.);
#1267 = VERTEX_POINT('',#1268);
#1268 = CARTESIAN_POINT('',(105.52699999999,107.84444476561,1.8));
#1269 = LINE('',#1270,#1271);
#1270 = CARTESIAN_POINT('',(81.502950450357,83.820395215972,1.8));
#1271 = VECTOR('',#1272,1.);
#1272 = DIRECTION('',(-0.707106781187,-0.707106781187,0.));
#1273 = ORIENTED_EDGE('',*,*,#1274,.F.);
#1274 = EDGE_CURVE('',#1275,#1267,#1277,.T.);
#1275 = VERTEX_POINT('',#1276);
#1276 = CARTESIAN_POINT('',(105.52699999999,98.644444765615,1.8));
#1277 = LINE('',#1278,#1279);
#1278 = CARTESIAN_POINT('',(105.52699999999,89.001792893619,1.8));
#1279 = VECTOR('',#1280,1.);
#1280 = DIRECTION('',(0.,1.,0.));
#1281 = ORIENTED_EDGE('',*,*,#1282,.F.);
#1282 = EDGE_CURVE('',#1283,#1275,#1285,.T.);
#1283 = VERTEX_POINT('',#1284);
#1284 = CARTESIAN_POINT('',(105.237,98.934444765614,1.8));
#1285 = LINE('',#1286,#1287);
#1286 = CARTESIAN_POINT('',(99.745602322352,104.42584244326,1.8));
#1287 = VECTOR('',#1288,1.);
#1288 = DIRECTION('',(0.707106781187,-0.707106781187,0.));
#1289 = ORIENTED_EDGE('',*,*,#1290,.T.);
#1290 = EDGE_CURVE('',#1283,#1291,#1293,.T.);
#1291 = VERTEX_POINT('',#1292);
#1292 = CARTESIAN_POINT('',(105.237,95.776666987837,1.8));
#1293 = B_SPLINE_CURVE_WITH_KNOTS('',1,(#1294,#1295),.UNSPECIFIED.,.F.,
  .F.,(2,2),(0.,1.),.PIECEWISE_BEZIER_KNOTS.);
#1294 = CARTESIAN_POINT('',(105.237,102.04598967663,1.8));
#1295 = CARTESIAN_POINT('',(105.237,92.665121871538,1.8));
#1296 = ORIENTED_EDGE('',*,*,#1297,.F.);
#1297 = EDGE_CURVE('',#1298,#1291,#1300,.T.);
#1298 = VERTEX_POINT('',#1299);
#1299 = CARTESIAN_POINT('',(105.52699999999,96.066666987836,1.8));
#1300 = LINE('',#1301,#1302);
#1301 = CARTESIAN_POINT('',(84.447394894802,74.987061882638,1.8));
#1302 = VECTOR('',#1303,1.);
#1303 = DIRECTION('',(-0.707106781187,-0.707106781187,0.));
#1304 = ORIENTED_EDGE('',*,*,#1305,.F.);
#1305 = EDGE_CURVE('',#1306,#1298,#1308,.T.);
#1306 = VERTEX_POINT('',#1307);
#1307 = CARTESIAN_POINT('',(105.52699999999,86.866666987837,1.8));
#1308 = LINE('',#1309,#1310);
#1309 = CARTESIAN_POINT('',(105.52699999999,83.11290400473,1.8));
#1310 = VECTOR('',#1311,1.);
#1311 = DIRECTION('',(0.,1.,0.));
#1312 = ORIENTED_EDGE('',*,*,#1313,.F.);
#1313 = EDGE_CURVE('',#1314,#1306,#1316,.T.);
#1314 = VERTEX_POINT('',#1315);
#1315 = CARTESIAN_POINT('',(105.237,87.156666987837,1.8));
#1316 = LINE('',#1317,#1318);
#1317 = CARTESIAN_POINT('',(96.801157877908,95.592509109929,1.8));
#1318 = VECTOR('',#1319,1.);
#1319 = DIRECTION('',(0.707106781187,-0.707106781187,0.));
#1320 = ORIENTED_EDGE('',*,*,#1321,.T.);
#1321 = EDGE_CURVE('',#1314,#1322,#1324,.T.);
#1322 = VERTEX_POINT('',#1323);
#1323 = CARTESIAN_POINT('',(105.237,83.998889210059,1.8));
#1324 = B_SPLINE_CURVE_WITH_KNOTS('',1,(#1325,#1326),.UNSPECIFIED.,.F.,
  .F.,(2,2),(0.,1.),.PIECEWISE_BEZIER_KNOTS.);
#1325 = CARTESIAN_POINT('',(105.237,90.268211952916,1.8));
#1326 = CARTESIAN_POINT('',(105.237,80.887344147817,1.8));
#1327 = ORIENTED_EDGE('',*,*,#1328,.F.);
#1328 = EDGE_CURVE('',#1329,#1322,#1331,.T.);
#1329 = VERTEX_POINT('',#1330);
#1330 = CARTESIAN_POINT('',(105.52699999999,84.288889210058,1.8));
#1331 = LINE('',#1332,#1333);
#1332 = CARTESIAN_POINT('',(87.391839339246,66.153728549305,1.8));
#1333 = VECTOR('',#1334,1.);
#1334 = DIRECTION('',(-0.707106781187,-0.707106781187,0.));
#1335 = ORIENTED_EDGE('',*,*,#1336,.F.);
#1336 = EDGE_CURVE('',#1337,#1329,#1339,.T.);
#1337 = VERTEX_POINT('',#1338);
#1338 = CARTESIAN_POINT('',(105.52699999999,75.088889210059,1.8));
#1339 = LINE('',#1340,#1341);
#1340 = CARTESIAN_POINT('',(105.52699999999,77.224015115841,1.8));
#1341 = VECTOR('',#1342,1.);
#1342 = DIRECTION('',(0.,1.,0.));
#1343 = ORIENTED_EDGE('',*,*,#1344,.F.);
#1344 = EDGE_CURVE('',#1345,#1337,#1347,.T.);
#1345 = VERTEX_POINT('',#1346);
#1346 = CARTESIAN_POINT('',(105.237,75.378889210059,1.8));
#1347 = LINE('',#1348,#1349);
#1348 = CARTESIAN_POINT('',(93.856713433463,86.759175776595,1.8));
#1349 = VECTOR('',#1350,1.);
#1350 = DIRECTION('',(0.707106781187,-0.707106781187,0.));
#1351 = ORIENTED_EDGE('',*,*,#1352,.T.);
#1352 = EDGE_CURVE('',#1345,#1353,#1355,.T.);
#1353 = VERTEX_POINT('',#1354);
#1354 = CARTESIAN_POINT('',(105.237,72.221111432281,1.8));
#1355 = B_SPLINE_CURVE_WITH_KNOTS('',1,(#1356,#1357),.UNSPECIFIED.,.F.,
  .F.,(2,2),(0.,1.),.PIECEWISE_BEZIER_KNOTS.);
#1356 = CARTESIAN_POINT('',(105.237,78.490434229195,1.8));
#1357 = CARTESIAN_POINT('',(105.237,69.109566424096,1.8));
#1358 = ORIENTED_EDGE('',*,*,#1359,.F.);
#1359 = EDGE_CURVE('',#1360,#1353,#1362,.T.);
#1360 = VERTEX_POINT('',#1361);
#1361 = CARTESIAN_POINT('',(105.52699999999,72.511111432281,1.8));
#1362 = LINE('',#1363,#1364);
#1363 = CARTESIAN_POINT('',(90.336283783691,57.320395215972,1.8));
#1364 = VECTOR('',#1365,1.);
#1365 = DIRECTION('',(-0.707106781187,-0.707106781187,0.));
#1366 = ORIENTED_EDGE('',*,*,#1367,.F.);
#1367 = EDGE_CURVE('',#1368,#1360,#1370,.T.);
#1368 = VERTEX_POINT('',#1369);
#1369 = CARTESIAN_POINT('',(105.52699999999,63.311111432282,1.8));
#1370 = LINE('',#1371,#1372);
#1371 = CARTESIAN_POINT('',(105.52699999999,71.335126226952,1.8));
#1372 = VECTOR('',#1373,1.);
#1373 = DIRECTION('',(0.,1.,0.));
#1374 = ORIENTED_EDGE('',*,*,#1375,.F.);
#1375 = EDGE_CURVE('',#1376,#1368,#1378,.T.);
#1376 = VERTEX_POINT('',#1377);
#1377 = CARTESIAN_POINT('',(105.237,63.601111432281,1.8));
#1378 = LINE('',#1379,#1380);
#1379 = CARTESIAN_POINT('',(90.912268989019,77.925842443262,1.8));
#1380 = VECTOR('',#1381,1.);
#1381 = DIRECTION('',(0.707106781187,-0.707106781187,0.));
#1382 = ORIENTED_EDGE('',*,*,#1383,.T.);
#1383 = EDGE_CURVE('',#1376,#1384,#1386,.T.);
#1384 = VERTEX_POINT('',#1385);
#1385 = CARTESIAN_POINT('',(105.237,60.443333654503,1.8));
#1386 = B_SPLINE_CURVE_WITH_KNOTS('',1,(#1387,#1388),.UNSPECIFIED.,.F.,
  .F.,(2,2),(0.,1.),.PIECEWISE_BEZIER_KNOTS.);
#1387 = CARTESIAN_POINT('',(105.237,66.712656505474,1.8));
#1388 = CARTESIAN_POINT('',(105.237,57.331788700375,1.8));
#1389 = ORIENTED_EDGE('',*,*,#1390,.F.);
#1390 = EDGE_CURVE('',#1391,#1384,#1393,.T.);
#1391 = VERTEX_POINT('',#1392);
#1392 = CARTESIAN_POINT('',(105.52699999999,60.733333654503,1.8));
#1393 = LINE('',#1394,#1395);
#1394 = CARTESIAN_POINT('',(93.280728228135,48.487061882638,1.8));
#1395 = VECTOR('',#1396,1.);
#1396 = DIRECTION('',(-0.707106781187,-0.707106781187,0.));
#1397 = ORIENTED_EDGE('',*,*,#1398,.F.);
#1398 = EDGE_CURVE('',#1399,#1391,#1401,.T.);
#1399 = VERTEX_POINT('',#1400);
#1400 = CARTESIAN_POINT('',(105.52699999999,51.533333654504,1.8));
#1401 = LINE('',#1402,#1403);
#1402 = CARTESIAN_POINT('',(105.52699999999,65.446237338063,1.8));
#1403 = VECTOR('',#1404,1.);
#1404 = DIRECTION('',(0.,1.,0.));
#1405 = ORIENTED_EDGE('',*,*,#1406,.F.);
#1406 = EDGE_CURVE('',#1407,#1399,#1409,.T.);
#1407 = VERTEX_POINT('',#1408);
#1408 = CARTESIAN_POINT('',(105.237,51.823333654503,1.8));
#1409 = LINE('',#1410,#1411);
#1410 = CARTESIAN_POINT('',(87.967824544574,69.092509109929,1.8));
#1411 = VECTOR('',#1412,1.);
#1412 = DIRECTION('',(0.707106781187,-0.707106781187,0.));
#1413 = ORIENTED_EDGE('',*,*,#1414,.T.);
#1414 = EDGE_CURVE('',#1407,#1415,#1417,.T.);
#1415 = VERTEX_POINT('',#1416);
#1416 = CARTESIAN_POINT('',(105.237,48.665555876726,1.8));
#1417 = B_SPLINE_CURVE_WITH_KNOTS('',1,(#1418,#1419),.UNSPECIFIED.,.F.,
  .F.,(2,2),(0.,1.),.PIECEWISE_BEZIER_KNOTS.);
#1418 = CARTESIAN_POINT('',(105.237,54.934878781754,1.8));
#1419 = CARTESIAN_POINT('',(105.237,45.554010976655,1.8));
#1420 = ORIENTED_EDGE('',*,*,#1421,.F.);
#1421 = EDGE_CURVE('',#1422,#1415,#1424,.T.);
#1422 = VERTEX_POINT('',#1423);
#1423 = CARTESIAN_POINT('',(105.52699999999,48.955555876725,1.8));
#1424 = LINE('',#1425,#1426);
#1425 = CARTESIAN_POINT('',(96.22517267258,39.653728549305,1.8));
#1426 = VECTOR('',#1427,1.);
#1427 = DIRECTION('',(-0.707106781187,-0.707106781187,0.));
#1428 = ORIENTED_EDGE('',*,*,#1429,.F.);
#1429 = EDGE_CURVE('',#1430,#1422,#1432,.T.);
#1430 = VERTEX_POINT('',#1431);
#1431 = CARTESIAN_POINT('',(105.52699999999,39.755555876726,1.8));
#1432 = LINE('',#1433,#1434);
#1433 = CARTESIAN_POINT('',(105.52699999999,59.557348449174,1.8));
#1434 = VECTOR('',#1435,1.);
#1435 = DIRECTION('',(0.,1.,0.));
#1436 = ORIENTED_EDGE('',*,*,#1437,.F.);
#1437 = EDGE_CURVE('',#1438,#1430,#1440,.T.);
#1438 = VERTEX_POINT('',#1439);
#1439 = CARTESIAN_POINT('',(105.237,40.045555876726,1.8));
#1440 = LINE('',#1441,#1442);
#1441 = CARTESIAN_POINT('',(85.02338010013,60.259175776595,1.8));
#1442 = VECTOR('',#1443,1.);
#1443 = DIRECTION('',(0.707106781187,-0.707106781187,0.));
#1444 = ORIENTED_EDGE('',*,*,#1445,.T.);
#1445 = EDGE_CURVE('',#1438,#1446,#1448,.T.);
#1446 = VERTEX_POINT('',#1447);
#1447 = CARTESIAN_POINT('',(105.237,36.887778098948,1.8));
#1448 = B_SPLINE_CURVE_WITH_KNOTS('',1,(#1449,#1450),.UNSPECIFIED.,.F.,
  .F.,(2,2),(0.,1.),.PIECEWISE_BEZIER_KNOTS.);
#1449 = CARTESIAN_POINT('',(105.237,43.157101058033,1.8));
#1450 = CARTESIAN_POINT('',(105.237,33.776233252934,1.8));
#1451 = ORIENTED_EDGE('',*,*,#1452,.F.);
#1452 = EDGE_CURVE('',#1453,#1446,#1455,.T.);
#1453 = VERTEX_POINT('',#1454);
#1454 = CARTESIAN_POINT('',(105.52699999999,37.177778098947,1.8));
#1455 = LINE('',#1456,#1457);
#1456 = CARTESIAN_POINT('',(99.169617117024,30.820395215972,1.8));
#1457 = VECTOR('',#1458,1.);
#1458 = DIRECTION('',(-0.707106781187,-0.707106781187,0.));
#1459 = ORIENTED_EDGE('',*,*,#1460,.F.);
#1460 = EDGE_CURVE('',#1461,#1453,#1463,.T.);
#1461 = VERTEX_POINT('',#1462);
#1462 = CARTESIAN_POINT('',(105.52699999999,27.977778098948,1.8));
#1463 = LINE('',#1464,#1465);
#1464 = CARTESIAN_POINT('',(105.52699999999,53.668459560285,1.8));
#1465 = VECTOR('',#1466,1.);
#1466 = DIRECTION('',(0.,1.,0.));
#1467 = ORIENTED_EDGE('',*,*,#1468,.F.);
#1468 = EDGE_CURVE('',#1469,#1461,#1471,.T.);
#1469 = VERTEX_POINT('',#1470);
#1470 = CARTESIAN_POINT('',(105.237,28.267778098948,1.8));
#1471 = LINE('',#1472,#1473);
#1472 = CARTESIAN_POINT('',(82.078935655686,51.425842443262,1.8));
#1473 = VECTOR('',#1474,1.);
#1474 = DIRECTION('',(0.707106781187,-0.707106781187,0.));
#1475 = ORIENTED_EDGE('',*,*,#1476,.T.);
#1476 = EDGE_CURVE('',#1469,#1477,#1479,.T.);
#1477 = VERTEX_POINT('',#1478);
#1478 = CARTESIAN_POINT('',(105.237,25.11000032117,1.8));
#1479 = B_SPLINE_CURVE_WITH_KNOTS('',1,(#1480,#1481),.UNSPECIFIED.,.F.,
  .F.,(2,2),(0.,1.),.PIECEWISE_BEZIER_KNOTS.);
#1480 = CARTESIAN_POINT('',(105.237,31.379323334312,1.8));
#1481 = CARTESIAN_POINT('',(105.237,21.998455529213,1.8));
#1482 = ORIENTED_EDGE('',*,*,#1483,.F.);
#1483 = EDGE_CURVE('',#1484,#1477,#1486,.T.);
#1484 = VERTEX_POINT('',#1485);
#1485 = CARTESIAN_POINT('',(105.52699999999,25.400000321169,1.8));
#1486 = LINE('',#1487,#1488);
#1487 = CARTESIAN_POINT('',(102.11406156146,21.987061882638,1.8));
#1488 = VECTOR('',#1489,1.);
#1489 = DIRECTION('',(-0.707106781187,-0.707106781187,0.));
#1490 = ORIENTED_EDGE('',*,*,#1491,.F.);
#1491 = EDGE_CURVE('',#1492,#1484,#1494,.T.);
#1492 = VERTEX_POINT('',#1493);
#1493 = CARTESIAN_POINT('',(105.52699999999,16.200000321171,1.8));
#1494 = LINE('',#1495,#1496);
#1495 = CARTESIAN_POINT('',(105.52699999999,47.779570671397,1.8));
#1496 = VECTOR('',#1497,1.);
#1497 = DIRECTION('',(0.,1.,0.));
#1498 = ORIENTED_EDGE('',*,*,#1499,.F.);
#1499 = EDGE_CURVE('',#1500,#1492,#1502,.T.);
#1500 = VERTEX_POINT('',#1501);
#1501 = CARTESIAN_POINT('',(105.237,16.49000032117,1.8));
#1502 = LINE('',#1503,#1504);
#1503 = CARTESIAN_POINT('',(79.134491211241,42.592509109929,1.8));
#1504 = VECTOR('',#1505,1.);
#1505 = DIRECTION('',(0.707106781187,-0.707106781187,0.));
#1506 = ORIENTED_EDGE('',*,*,#1507,.T.);
#1507 = EDGE_CURVE('',#1500,#1508,#1510,.T.);
#1508 = VERTEX_POINT('',#1509);
#1509 = CARTESIAN_POINT('',(105.237,10.999999972612,1.8));
#1510 = B_SPLINE_CURVE_WITH_KNOTS('',1,(#1511,#1512),.UNSPECIFIED.,.F.,
  .F.,(2,2),(0.,1.),.PIECEWISE_BEZIER_KNOTS.);
#1511 = CARTESIAN_POINT('',(105.237,19.601545610592,1.8));
#1512 = CARTESIAN_POINT('',(105.237,10.999999972612,1.8));
#1513 = ORIENTED_EDGE('',*,*,#1514,.T.);
#1514 = EDGE_CURVE('',#1508,#1515,#1517,.T.);
#1515 = VERTEX_POINT('',#1516);
#1516 = CARTESIAN_POINT('',(100.52700002739,6.29,1.8));
#1517 = B_SPLINE_CURVE_WITH_KNOTS('',6,(#1518,#1519,#1520,#1521,#1522,
    #1523,#1524,#1525,#1526,#1527,#1528,#1529,#1530,#1531,#1532,#1533,
    #1534,#1535,#1536,#1537,#1538,#1539),.UNSPECIFIED.,.F.,.F.,(7,5,5,5,
    7),(0.,0.2509999386,0.499999999408,0.7499999999,1.),.UNSPECIFIED.);
#1518 = CARTESIAN_POINT('',(105.237,10.999999972612,1.8));
#1519 = CARTESIAN_POINT('',(105.2370000193,10.690502963877,1.8));
#1520 = CARTESIAN_POINT('',(105.21259530348,10.380988330864,1.8));
#1521 = CARTESIAN_POINT('',(105.16378088784,10.073900506764,1.8));
#1522 = CARTESIAN_POINT('',(105.09088725478,9.771621997221,1.8));
#1523 = CARTESIAN_POINT('',(104.99452443006,9.476479491358,1.8));
#1524 = CARTESIAN_POINT('',(104.75769493901,8.907253130255,1.8));
#1525 = CARTESIAN_POINT('',(104.61757263519,8.632988591703,1.8));
#1526 = CARTESIAN_POINT('',(104.45618118757,8.370138965213,1.8));
#1527 = CARTESIAN_POINT('',(104.27470964406,8.120729254787,1.8));
#1528 = CARTESIAN_POINT('',(104.07457677265,7.886630706306,1.8));
#1529 = CARTESIAN_POINT('',(103.63949744395,7.451551377607,1.8));
#1530 = CARTESIAN_POINT('',(103.40439013042,7.250683089627,1.8));
#1531 = CARTESIAN_POINT('',(103.15385528144,7.068633267901,1.8));
#1532 = CARTESIAN_POINT('',(102.8897876349,6.906836707484,1.8));
#1533 = CARTESIAN_POINT('',(102.61423785718,6.766494844491,1.8));
#1534 = CARTESIAN_POINT('',(102.04464018618,6.530559783556,1.8));
#1535 = CARTESIAN_POINT('',(101.75056038722,6.434953371036,1.8));
#1536 = CARTESIAN_POINT('',(101.4494289197,6.362636811978,1.8));
#1537 = CARTESIAN_POINT('',(101.14354536221,6.314210635555,1.8));
#1538 = CARTESIAN_POINT('',(100.8352640559,6.289999980839,1.8));
#1539 = CARTESIAN_POINT('',(100.52700002739,6.290000000066,1.8));
#1540 = ORIENTED_EDGE('',*,*,#1541,.T.);
#1541 = EDGE_CURVE('',#1515,#1542,#1544,.T.);
#1542 = VERTEX_POINT('',#1543);
#1543 = CARTESIAN_POINT('',(96.637000321166,6.29,1.8));
#1544 = B_SPLINE_CURVE_WITH_KNOTS('',1,(#1545,#1546),.UNSPECIFIED.,.F.,
  .F.,(2,2),(0.,1.),.PIECEWISE_BEZIER_KNOTS.);
#1545 = CARTESIAN_POINT('',(100.52700002739,6.29,1.8));
#1546 = CARTESIAN_POINT('',(93.280577980847,6.29,1.8));
#1547 = ORIENTED_EDGE('',*,*,#1548,.F.);
#1548 = EDGE_CURVE('',#1549,#1542,#1551,.T.);
#1549 = VERTEX_POINT('',#1550);
#1550 = CARTESIAN_POINT('',(96.927000321166,6.,1.8));
#1551 = LINE('',#1552,#1553);
#1552 = CARTESIAN_POINT('',(68.434491371825,34.492508949345,1.8));
#1553 = VECTOR('',#1554,1.);
#1554 = DIRECTION('',(-0.707106781186,0.707106781187,0.));
#1555 = ORIENTED_EDGE('',*,*,#1556,.F.);
#1556 = EDGE_CURVE('',#1557,#1549,#1559,.T.);
#1557 = VERTEX_POINT('',#1558);
#1558 = CARTESIAN_POINT('',(90.027000321166,6.,1.8));
#1559 = LINE('',#1560,#1561);
#1560 = CARTESIAN_POINT('',(75.421552933293,6.,1.8));
#1561 = VECTOR('',#1562,1.);
#1562 = DIRECTION('',(1.,0.,0.));
#1563 = ORIENTED_EDGE('',*,*,#1564,.F.);
#1564 = EDGE_CURVE('',#1565,#1557,#1567,.T.);
#1565 = VERTEX_POINT('',#1566);
#1566 = CARTESIAN_POINT('',(90.317000321166,6.29,1.8));
#1567 = LINE('',#1568,#1569);
#1568 = CARTESIAN_POINT('',(97.039061882635,13.012061561469,1.8));
#1569 = VECTOR('',#1570,1.);
#1570 = DIRECTION('',(-0.707106781187,-0.707106781187,0.));
#1571 = ORIENTED_EDGE('',*,*,#1572,.T.);
#1572 = EDGE_CURVE('',#1565,#1573,#1575,.T.);
#1573 = VERTEX_POINT('',#1574);
#1574 = CARTESIAN_POINT('',(84.637000321166,6.29,1.8));
#1575 = B_SPLINE_CURVE_WITH_KNOTS('',1,(#1576,#1577),.UNSPECIFIED.,.F.,
  .F.,(2,2),(0.,1.),.PIECEWISE_BEZIER_KNOTS.);
#1576 = CARTESIAN_POINT('',(93.180160030077,6.29,1.8));
#1577 = CARTESIAN_POINT('',(80.860780496709,6.29,1.8));
#1578 = ORIENTED_EDGE('',*,*,#1579,.F.);
#1579 = EDGE_CURVE('',#1580,#1573,#1582,.T.);
#1580 = VERTEX_POINT('',#1581);
#1581 = CARTESIAN_POINT('',(84.927000321166,6.,1.8));
#1582 = LINE('',#1583,#1584);
#1583 = CARTESIAN_POINT('',(59.434491371824,31.492508949343,1.8));
#1584 = VECTOR('',#1585,1.);
#1585 = DIRECTION('',(-0.707106781187,0.707106781187,0.));
#1586 = ORIENTED_EDGE('',*,*,#1587,.F.);
#1587 = EDGE_CURVE('',#1588,#1580,#1590,.T.);
#1588 = VERTEX_POINT('',#1589);
#1589 = CARTESIAN_POINT('',(78.027000321166,6.,1.8));
#1590 = LINE('',#1591,#1592);
#1591 = CARTESIAN_POINT('',(69.421552933293,6.,1.8));
#1592 = VECTOR('',#1593,1.);
#1593 = DIRECTION('',(1.,0.,0.));
#1594 = ORIENTED_EDGE('',*,*,#1595,.F.);
#1595 = EDGE_CURVE('',#1596,#1588,#1598,.T.);
#1596 = VERTEX_POINT('',#1597);
#1597 = CARTESIAN_POINT('',(78.317000321166,6.29,1.8));
#1598 = LINE('',#1599,#1600);
#1599 = CARTESIAN_POINT('',(88.039061882635,16.012061561469,1.8));
#1600 = VECTOR('',#1601,1.);
#1601 = DIRECTION('',(-0.707106781187,-0.707106781187,0.));
#1602 = ORIENTED_EDGE('',*,*,#1603,.T.);
#1603 = EDGE_CURVE('',#1596,#1604,#1606,.T.);
#1604 = VERTEX_POINT('',#1605);
#1605 = CARTESIAN_POINT('',(65.340250790548,6.29,1.8));
#1606 = B_SPLINE_CURVE_WITH_KNOTS('',1,(#1607,#1608),.UNSPECIFIED.,.F.,
  .F.,(2,2),(0.,1.),.PIECEWISE_BEZIER_KNOTS.);
#1607 = CARTESIAN_POINT('',(80.760362545939,6.29,1.8));
#1608 = CARTESIAN_POINT('',(27.248654357777,6.29,1.8));
#1609 = ORIENTED_EDGE('',*,*,#1610,.T.);
#1610 = EDGE_CURVE('',#1604,#1611,#1613,.T.);
#1611 = VERTEX_POINT('',#1612);
#1612 = CARTESIAN_POINT('',(65.507682368613,6.,1.8));
#1613 = LINE('',#1614,#1615);
#1614 = CARTESIAN_POINT('',(50.167873763285,32.56932788281,1.8));
#1615 = VECTOR('',#1616,1.);
#1616 = DIRECTION('',(0.5,-0.866025403784,0.));
#1617 = ORIENTED_EDGE('',*,*,#1618,.T.);
#1618 = EDGE_CURVE('',#1611,#1619,#1621,.T.);
#1619 = VERTEX_POINT('',#1620);
#1620 = CARTESIAN_POINT('',(62.867341184306,6.,1.8));
#1621 = LINE('',#1622,#1623);
#1622 = CARTESIAN_POINT('',(58.391723364863,6.,1.8));
#1623 = VECTOR('',#1624,1.);
#1624 = DIRECTION('',(-1.,0.,0.));
#1625 = ORIENTED_EDGE('',*,*,#1626,.T.);
#1626 = EDGE_CURVE('',#1619,#1627,#1629,.T.);
#1627 = VERTEX_POINT('',#1628);
#1628 = CARTESIAN_POINT('',(63.034772762355,6.29,1.8));
#1629 = LINE('',#1630,#1631);
#1630 = CARTESIAN_POINT('',(76.274383527388,29.221678519785,1.8));
#1631 = VECTOR('',#1632,1.);
#1632 = DIRECTION('',(0.499999999962,0.866025403806,-0.));
#1633 = ORIENTED_EDGE('',*,*,#1634,.T.);
#1634 = EDGE_CURVE('',#1627,#1635,#1637,.T.);
#1635 = VERTEX_POINT('',#1636);
#1636 = CARTESIAN_POINT('',(61.527,6.29,1.8));
#1637 = B_SPLINE_CURVE_WITH_KNOTS('',1,(#1638,#1639),.UNSPECIFIED.,.F.,
  .F.,(2,2),(0.,1.),.PIECEWISE_BEZIER_KNOTS.);
#1638 = CARTESIAN_POINT('',(80.760362545939,6.29,1.8));
#1639 = CARTESIAN_POINT('',(27.248654357777,6.29,1.8));
#1640 = ORIENTED_EDGE('',*,*,#1641,.T.);
#1641 = EDGE_CURVE('',#1635,#377,#1642,.T.);
#1642 = LINE('',#1643,#1644);
#1643 = CARTESIAN_POINT('',(61.527,40.470077709489,1.8));
#1644 = VECTOR('',#1645,1.);
#1645 = DIRECTION('',(0.,1.,0.));
#1646 = FACE_BOUND('',#1647,.T.);
#1647 = EDGE_LOOP('',(#1648));
#1648 = ORIENTED_EDGE('',*,*,#1649,.T.);
#1649 = EDGE_CURVE('',#1650,#1650,#1652,.T.);
#1650 = VERTEX_POINT('',#1651);
#1651 = CARTESIAN_POINT('',(104.627,11.,1.8));
#1652 = CIRCLE('',#1653,4.1);
#1653 = AXIS2_PLACEMENT_3D('',#1654,#1655,#1656);
#1654 = CARTESIAN_POINT('',(100.527,11.,1.8));
#1655 = DIRECTION('',(0.,0.,1.));
#1656 = DIRECTION('',(1.,0.,0.));
#1657 = FACE_BOUND('',#1658,.T.);
#1658 = EDGE_LOOP('',(#1659,#1669,#1677,#1685));
#1659 = ORIENTED_EDGE('',*,*,#1660,.T.);
#1660 = EDGE_CURVE('',#1661,#1663,#1665,.T.);
#1661 = VERTEX_POINT('',#1662);
#1662 = CARTESIAN_POINT('',(74.151718,14.47012,1.8));
#1663 = VERTEX_POINT('',#1664);
#1664 = CARTESIAN_POINT('',(74.151718,6.831024,1.8));
#1665 = LINE('',#1666,#1667);
#1666 = CARTESIAN_POINT('',(74.151718,44.73506,1.8));
#1667 = VECTOR('',#1668,1.);
#1668 = DIRECTION('',(0.,-1.,0.));
#1669 = ORIENTED_EDGE('',*,*,#1670,.T.);
#1670 = EDGE_CURVE('',#1663,#1671,#1673,.T.);
#1671 = VERTEX_POINT('',#1672);
#1672 = CARTESIAN_POINT('',(76.504997,6.831024,1.8));
#1673 = LINE('',#1674,#1675);
#1674 = CARTESIAN_POINT('',(65.271407827048,6.831024,1.8));
#1675 = VECTOR('',#1676,1.);
#1676 = DIRECTION('',(1.,0.,0.));
#1677 = ORIENTED_EDGE('',*,*,#1678,.T.);
#1678 = EDGE_CURVE('',#1671,#1679,#1681,.T.);
#1679 = VERTEX_POINT('',#1680);
#1680 = CARTESIAN_POINT('',(76.504997,14.47012,1.8));
#1681 = LINE('',#1682,#1683);
#1682 = CARTESIAN_POINT('',(76.504997,40.915512,1.8));
#1683 = VECTOR('',#1684,1.);
#1684 = DIRECTION('',(0.,1.,0.));
#1685 = ORIENTED_EDGE('',*,*,#1686,.T.);
#1686 = EDGE_CURVE('',#1679,#1661,#1687,.T.);
#1687 = LINE('',#1688,#1689);
#1688 = CARTESIAN_POINT('',(66.448047327048,14.47012,1.8));
#1689 = VECTOR('',#1690,1.);
#1690 = DIRECTION('',(-1.,0.,0.));
#1691 = FACE_BOUND('',#1692,.T.);
#1692 = EDGE_LOOP('',(#1693,#1703,#1711,#1719));
#1693 = ORIENTED_EDGE('',*,*,#1694,.T.);
#1694 = EDGE_CURVE('',#1695,#1697,#1699,.T.);
#1695 = VERTEX_POINT('',#1696);
#1696 = CARTESIAN_POINT('',(70.676109,14.47012,1.8));
#1697 = VERTEX_POINT('',#1698);
#1698 = CARTESIAN_POINT('',(70.676109,6.831024,1.8));
#1699 = LINE('',#1700,#1701);
#1700 = CARTESIAN_POINT('',(70.676109,44.73506,1.8));
#1701 = VECTOR('',#1702,1.);
#1702 = DIRECTION('',(0.,-1.,0.));
#1703 = ORIENTED_EDGE('',*,*,#1704,.T.);
#1704 = EDGE_CURVE('',#1697,#1705,#1707,.T.);
#1705 = VERTEX_POINT('',#1706);
#1706 = CARTESIAN_POINT('',(72.631142,6.831024,1.8));
#1707 = LINE('',#1708,#1709);
#1708 = CARTESIAN_POINT('',(63.533603327048,6.831024,1.8));
#1709 = VECTOR('',#1710,1.);
#1710 = DIRECTION('',(1.,0.,0.));
#1711 = ORIENTED_EDGE('',*,*,#1712,.T.);
#1712 = EDGE_CURVE('',#1705,#1713,#1715,.T.);
#1713 = VERTEX_POINT('',#1714);
#1714 = CARTESIAN_POINT('',(72.631142,14.47012,1.8));
#1715 = LINE('',#1716,#1717);
#1716 = CARTESIAN_POINT('',(72.631142,40.915512,1.8));
#1717 = VECTOR('',#1718,1.);
#1718 = DIRECTION('',(0.,1.,0.));
#1719 = ORIENTED_EDGE('',*,*,#1720,.T.);
#1720 = EDGE_CURVE('',#1713,#1695,#1721,.T.);
#1721 = LINE('',#1722,#1723);
#1722 = CARTESIAN_POINT('',(64.511119827048,14.47012,1.8));
#1723 = VECTOR('',#1724,1.);
#1724 = DIRECTION('',(-1.,0.,0.));
#1725 = FACE_BOUND('',#1726,.T.);
#1726 = EDGE_LOOP('',(#1727,#1737,#1745,#1753));
#1727 = ORIENTED_EDGE('',*,*,#1728,.T.);
#1728 = EDGE_CURVE('',#1729,#1731,#1733,.T.);
#1729 = VERTEX_POINT('',#1730);
#1730 = CARTESIAN_POINT('',(66.874664,14.47012,1.8));
#1731 = VERTEX_POINT('',#1732);
#1732 = CARTESIAN_POINT('',(66.874664,6.831024,1.8));
#1733 = LINE('',#1734,#1735);
#1734 = CARTESIAN_POINT('',(66.874664,44.73506,1.8));
#1735 = VECTOR('',#1736,1.);
#1736 = DIRECTION('',(0.,-1.,0.));
#1737 = ORIENTED_EDGE('',*,*,#1738,.T.);
#1738 = EDGE_CURVE('',#1731,#1739,#1741,.T.);
#1739 = VERTEX_POINT('',#1740);
#1740 = CARTESIAN_POINT('',(68.938301,6.831024,1.8));
#1741 = LINE('',#1742,#1743);
#1742 = CARTESIAN_POINT('',(61.632880827048,6.831024,1.8));
#1743 = VECTOR('',#1744,1.);
#1744 = DIRECTION('',(1.,0.,0.));
#1745 = ORIENTED_EDGE('',*,*,#1746,.T.);
#1746 = EDGE_CURVE('',#1739,#1747,#1749,.T.);
#1747 = VERTEX_POINT('',#1748);
#1748 = CARTESIAN_POINT('',(68.938301,14.47012,1.8));
#1749 = LINE('',#1750,#1751);
#1750 = CARTESIAN_POINT('',(68.938301,40.915512,1.8));
#1751 = VECTOR('',#1752,1.);
#1752 = DIRECTION('',(0.,1.,0.));
#1753 = ORIENTED_EDGE('',*,*,#1754,.T.);
#1754 = EDGE_CURVE('',#1747,#1729,#1755,.T.);
#1755 = LINE('',#1756,#1757);
#1756 = CARTESIAN_POINT('',(62.664699327048,14.47012,1.8));
#1757 = VECTOR('',#1758,1.);
#1758 = DIRECTION('',(-1.,0.,0.));
#1759 = FACE_BOUND('',#1760,.T.);
#1760 = EDGE_LOOP('',(#1761,#1771,#1779,#1787));
#1761 = ORIENTED_EDGE('',*,*,#1762,.F.);
#1762 = EDGE_CURVE('',#1763,#1765,#1767,.T.);
#1763 = VERTEX_POINT('',#1764);
#1764 = CARTESIAN_POINT('',(58.73135376,10.29940796,1.8));
#1765 = VERTEX_POINT('',#1766);
#1766 = CARTESIAN_POINT('',(55.06970189,10.29940796,1.8));
#1767 = LINE('',#1768,#1769);
#1768 = CARTESIAN_POINT('',(54.49290371771,10.29940796,1.8));
#1769 = VECTOR('',#1770,1.);
#1770 = DIRECTION('',(-1.,0.,0.));
#1771 = ORIENTED_EDGE('',*,*,#1772,.F.);
#1772 = EDGE_CURVE('',#1773,#1763,#1775,.T.);
#1773 = VERTEX_POINT('',#1774);
#1774 = CARTESIAN_POINT('',(58.73135376,14.35211182,1.8));
#1775 = LINE('',#1776,#1777);
#1776 = CARTESIAN_POINT('',(58.73135376,40.229274490812,1.8));
#1777 = VECTOR('',#1778,1.);
#1778 = DIRECTION('',(0.,-1.,0.));
#1779 = ORIENTED_EDGE('',*,*,#1780,.F.);
#1780 = EDGE_CURVE('',#1781,#1773,#1783,.T.);
#1781 = VERTEX_POINT('',#1782);
#1782 = CARTESIAN_POINT('',(55.06970189,14.35211182,1.8));
#1783 = LINE('',#1784,#1785);
#1784 = CARTESIAN_POINT('',(56.32372965271,14.35211182,1.8));
#1785 = VECTOR('',#1786,1.);
#1786 = DIRECTION('',(1.,0.,0.));
#1787 = ORIENTED_EDGE('',*,*,#1788,.F.);
#1788 = EDGE_CURVE('',#1765,#1781,#1789,.T.);
#1789 = LINE('',#1790,#1791);
#1790 = CARTESIAN_POINT('',(55.06970189,42.255626420812,1.8));
#1791 = VECTOR('',#1792,1.);
#1792 = DIRECTION('',(0.,1.,0.));
#1793 = FACE_BOUND('',#1794,.T.);
#1794 = EDGE_LOOP('',(#1795,#1805,#1814,#1822,#1831,#1839,#1848,#1856));
#1795 = ORIENTED_EDGE('',*,*,#1796,.T.);
#1796 = EDGE_CURVE('',#1797,#1799,#1801,.T.);
#1797 = VERTEX_POINT('',#1798);
#1798 = CARTESIAN_POINT('',(86.901314,33.988976,1.8));
#1799 = VERTEX_POINT('',#1800);
#1800 = CARTESIAN_POINT('',(86.901314,45.512505,1.8));
#1801 = LINE('',#1802,#1803);
#1802 = CARTESIAN_POINT('',(86.901314,53.994488,1.8));
#1803 = VECTOR('',#1804,1.);
#1804 = DIRECTION('',(0.,1.,0.));
#1805 = ORIENTED_EDGE('',*,*,#1806,.T.);
#1806 = EDGE_CURVE('',#1799,#1807,#1809,.T.);
#1807 = VERTEX_POINT('',#1808);
#1808 = CARTESIAN_POINT('',(85.901314,46.512505,1.8));
#1809 = CIRCLE('',#1810,1.);
#1810 = AXIS2_PLACEMENT_3D('',#1811,#1812,#1813);
#1811 = CARTESIAN_POINT('',(85.901314,45.512505,1.8));
#1812 = DIRECTION('',(0.,-0.,1.));
#1813 = DIRECTION('',(0.,1.,0.));
#1814 = ORIENTED_EDGE('',*,*,#1815,.T.);
#1815 = EDGE_CURVE('',#1807,#1816,#1818,.T.);
#1816 = VERTEX_POINT('',#1817);
#1817 = CARTESIAN_POINT('',(75.301338,46.512505,1.8));
#1818 = LINE('',#1819,#1820);
#1819 = CARTESIAN_POINT('',(71.646205827048,46.512505,1.8));
#1820 = VECTOR('',#1821,1.);
#1821 = DIRECTION('',(-1.,0.,0.));
#1822 = ORIENTED_EDGE('',*,*,#1823,.T.);
#1823 = EDGE_CURVE('',#1816,#1824,#1826,.T.);
#1824 = VERTEX_POINT('',#1825);
#1825 = CARTESIAN_POINT('',(74.301338,45.512505,1.8));
#1826 = CIRCLE('',#1827,1.);
#1827 = AXIS2_PLACEMENT_3D('',#1828,#1829,#1830);
#1828 = CARTESIAN_POINT('',(75.301338,45.512505,1.8));
#1829 = DIRECTION('',(0.,-0.,1.));
#1830 = DIRECTION('',(0.,1.,0.));
#1831 = ORIENTED_EDGE('',*,*,#1832,.T.);
#1832 = EDGE_CURVE('',#1824,#1833,#1835,.T.);
#1833 = VERTEX_POINT('',#1834);
#1834 = CARTESIAN_POINT('',(74.301338,33.988976,1.8));
#1835 = LINE('',#1836,#1837);
#1836 = CARTESIAN_POINT('',(74.301338,60.7562525,1.8));
#1837 = VECTOR('',#1838,1.);
#1838 = DIRECTION('',(0.,-1.,0.));
#1839 = ORIENTED_EDGE('',*,*,#1840,.F.);
#1840 = EDGE_CURVE('',#1841,#1833,#1843,.T.);
#1841 = VERTEX_POINT('',#1842);
#1842 = CARTESIAN_POINT('',(75.301338,32.988976,1.8));
#1843 = CIRCLE('',#1844,1.);
#1844 = AXIS2_PLACEMENT_3D('',#1845,#1846,#1847);
#1845 = CARTESIAN_POINT('',(75.301338,33.988976,1.8));
#1846 = DIRECTION('',(0.,0.,-1.));
#1847 = DIRECTION('',(0.,1.,0.));
#1848 = ORIENTED_EDGE('',*,*,#1849,.T.);
#1849 = EDGE_CURVE('',#1841,#1850,#1852,.T.);
#1850 = VERTEX_POINT('',#1851);
#1851 = CARTESIAN_POINT('',(85.901314,32.988976,1.8));
#1852 = LINE('',#1853,#1854);
#1853 = CARTESIAN_POINT('',(65.346217827048,32.988976,1.8));
#1854 = VECTOR('',#1855,1.);
#1855 = DIRECTION('',(1.,0.,0.));
#1856 = ORIENTED_EDGE('',*,*,#1857,.F.);
#1857 = EDGE_CURVE('',#1797,#1850,#1858,.T.);
#1858 = CIRCLE('',#1859,1.);
#1859 = AXIS2_PLACEMENT_3D('',#1860,#1861,#1862);
#1860 = CARTESIAN_POINT('',(85.901314,33.988976,1.8));
#1861 = DIRECTION('',(0.,0.,-1.));
#1862 = DIRECTION('',(0.,1.,0.));
#1863 = FACE_BOUND('',#1864,.T.);
#1864 = EDGE_LOOP('',(#1865,#1875,#1883,#1891,#1899,#1907,#1915,#1923));
#1865 = ORIENTED_EDGE('',*,*,#1866,.T.);
#1866 = EDGE_CURVE('',#1867,#1869,#1871,.T.);
#1867 = VERTEX_POINT('',#1868);
#1868 = CARTESIAN_POINT('',(60.47450256,32.52596283,1.8));
#1869 = VERTEX_POINT('',#1870);
#1870 = CARTESIAN_POINT('',(60.47450256,28.29550934,1.8));
#1871 = LINE('',#1872,#1873);
#1872 = CARTESIAN_POINT('',(60.47450256,49.227325180812,1.8));
#1873 = VECTOR('',#1874,1.);
#1874 = DIRECTION('',(0.,-1.,0.));
#1875 = ORIENTED_EDGE('',*,*,#1876,.T.);
#1876 = EDGE_CURVE('',#1869,#1877,#1879,.T.);
#1877 = VERTEX_POINT('',#1878);
#1878 = CARTESIAN_POINT('',(57.91489792,28.29550934,1.8));
#1879 = LINE('',#1880,#1881);
#1880 = CARTESIAN_POINT('',(55.91550173271,28.29550934,1.8));
#1881 = VECTOR('',#1882,1.);
#1882 = DIRECTION('',(-1.,0.,0.));
#1883 = ORIENTED_EDGE('',*,*,#1884,.F.);
#1884 = EDGE_CURVE('',#1885,#1877,#1887,.T.);
#1885 = VERTEX_POINT('',#1886);
#1886 = CARTESIAN_POINT('',(57.91489792,22.67860413,1.8));
#1887 = LINE('',#1888,#1889);
#1888 = CARTESIAN_POINT('',(57.91489792,49.227325180812,1.8));
#1889 = VECTOR('',#1890,1.);
#1890 = DIRECTION('',(0.,1.,0.));
#1891 = ORIENTED_EDGE('',*,*,#1892,.F.);
#1892 = EDGE_CURVE('',#1893,#1885,#1895,.T.);
#1893 = VERTEX_POINT('',#1894);
#1894 = CARTESIAN_POINT('',(63.03410339,22.67860413,1.8));
#1895 = LINE('',#1896,#1897);
#1896 = CARTESIAN_POINT('',(55.91550173271,22.67860413,1.8));
#1897 = VECTOR('',#1898,1.);
#1898 = DIRECTION('',(-1.,0.,0.));
#1899 = ORIENTED_EDGE('',*,*,#1900,.F.);
#1900 = EDGE_CURVE('',#1901,#1893,#1903,.T.);
#1901 = VERTEX_POINT('',#1902);
#1902 = CARTESIAN_POINT('',(63.03410339,16.81284904,1.8));
#1903 = LINE('',#1904,#1905);
#1904 = CARTESIAN_POINT('',(63.03410339,46.418872575812,1.8));
#1905 = VECTOR('',#1906,1.);
#1906 = DIRECTION('',(0.,1.,0.));
#1907 = ORIENTED_EDGE('',*,*,#1908,.T.);
#1908 = EDGE_CURVE('',#1901,#1909,#1911,.T.);
#1909 = VERTEX_POINT('',#1910);
#1910 = CARTESIAN_POINT('',(68.36660767,16.81284904,1.8));
#1911 = LINE('',#1912,#1913);
#1912 = CARTESIAN_POINT('',(61.14135660771,16.81284904,1.8));
#1913 = VECTOR('',#1914,1.);
#1914 = DIRECTION('',(1.,0.,0.));
#1915 = ORIENTED_EDGE('',*,*,#1916,.T.);
#1916 = EDGE_CURVE('',#1909,#1917,#1919,.T.);
#1917 = VERTEX_POINT('',#1918);
#1918 = CARTESIAN_POINT('',(68.36660767,32.52596283,1.8));
#1919 = LINE('',#1920,#1921);
#1920 = CARTESIAN_POINT('',(68.36660767,51.342551925812,1.8));
#1921 = VECTOR('',#1922,1.);
#1922 = DIRECTION('',(0.,1.,0.));
#1923 = ORIENTED_EDGE('',*,*,#1924,.T.);
#1924 = EDGE_CURVE('',#1917,#1867,#1925,.T.);
#1925 = LINE('',#1926,#1927);
#1926 = CARTESIAN_POINT('',(57.19530405271,32.52596283,1.8));
#1927 = VECTOR('',#1928,1.);
#1928 = DIRECTION('',(-1.,0.,0.));
#1929 = FACE_BOUND('',#1930,.T.);
#1930 = EDGE_LOOP('',(#1931,#1941,#1949,#1957,#1965,#1973));
#1931 = ORIENTED_EDGE('',*,*,#1932,.F.);
#1932 = EDGE_CURVE('',#1933,#1935,#1937,.T.);
#1933 = VERTEX_POINT('',#1934);
#1934 = CARTESIAN_POINT('',(53.75271225,38.0643959,1.8));
#1935 = VERTEX_POINT('',#1936);
#1936 = CARTESIAN_POINT('',(53.75271225,45.24160767,1.8));
#1937 = LINE('',#1938,#1939);
#1938 = CARTESIAN_POINT('',(53.75271225,57.700374345812,1.8));
#1939 = VECTOR('',#1940,1.);
#1940 = DIRECTION('',(0.,1.,0.));
#1941 = ORIENTED_EDGE('',*,*,#1942,.F.);
#1942 = EDGE_CURVE('',#1943,#1933,#1945,.T.);
#1943 = VERTEX_POINT('',#1944);
#1944 = CARTESIAN_POINT('',(66.12536621,38.0643959,1.8));
#1945 = LINE('',#1946,#1947);
#1946 = CARTESIAN_POINT('',(53.83440889771,38.0643959,1.8));
#1947 = VECTOR('',#1948,1.);
#1948 = DIRECTION('',(-1.,0.,0.));
#1949 = ORIENTED_EDGE('',*,*,#1950,.F.);
#1950 = EDGE_CURVE('',#1951,#1943,#1953,.T.);
#1951 = VERTEX_POINT('',#1952);
#1952 = CARTESIAN_POINT('',(66.12536621,49.47294998,1.8));
#1953 = LINE('',#1954,#1955);
#1954 = CARTESIAN_POINT('',(66.12536621,54.111768460812,1.8));
#1955 = VECTOR('',#1956,1.);
#1956 = DIRECTION('',(0.,-1.,0.));
#1957 = ORIENTED_EDGE('',*,*,#1958,.F.);
#1958 = EDGE_CURVE('',#1959,#1951,#1961,.T.);
#1959 = VERTEX_POINT('',#1960);
#1960 = CARTESIAN_POINT('',(59.21596146,49.47294998,1.8));
#1961 = LINE('',#1962,#1963);
#1962 = CARTESIAN_POINT('',(60.02073587771,49.47294998,1.8));
#1963 = VECTOR('',#1964,1.);
#1964 = DIRECTION('',(1.,0.,0.));
#1965 = ORIENTED_EDGE('',*,*,#1966,.F.);
#1966 = EDGE_CURVE('',#1967,#1959,#1969,.T.);
#1967 = VERTEX_POINT('',#1968);
#1968 = CARTESIAN_POINT('',(59.21596146,45.24160767,1.8));
#1969 = LINE('',#1970,#1971);
#1970 = CARTESIAN_POINT('',(59.21596146,59.816045500812,1.8));
#1971 = VECTOR('',#1972,1.);
#1972 = DIRECTION('',(0.,1.,0.));
#1973 = ORIENTED_EDGE('',*,*,#1974,.F.);
#1974 = EDGE_CURVE('',#1935,#1967,#1975,.T.);
#1975 = LINE('',#1976,#1977);
#1976 = CARTESIAN_POINT('',(56.56603350271,45.24160767,1.8));
#1977 = VECTOR('',#1978,1.);
#1978 = DIRECTION('',(1.,0.,0.));
#1979 = FACE_BOUND('',#1980,.T.);
#1980 = EDGE_LOOP('',(#1981,#1991,#1999,#2007));
#1981 = ORIENTED_EDGE('',*,*,#1982,.F.);
#1982 = EDGE_CURVE('',#1983,#1985,#1987,.T.);
#1983 = VERTEX_POINT('',#1984);
#1984 = CARTESIAN_POINT('',(50.16379929,15.52526283,1.8));
#1985 = VERTEX_POINT('',#1986);
#1986 = CARTESIAN_POINT('',(50.16379929,19.40021515,1.8));
#1987 = LINE('',#1988,#1989);
#1988 = CARTESIAN_POINT('',(50.16379929,44.779678085812,1.8));
#1989 = VECTOR('',#1990,1.);
#1990 = DIRECTION('',(0.,1.,0.));
#1991 = ORIENTED_EDGE('',*,*,#1992,.F.);
#1992 = EDGE_CURVE('',#1993,#1983,#1995,.T.);
#1993 = VERTEX_POINT('',#1994);
#1994 = CARTESIAN_POINT('',(60.15335846,15.52526283,1.8));
#1995 = LINE('',#1996,#1997);
#1996 = CARTESIAN_POINT('',(52.03995241771,15.52526283,1.8));
#1997 = VECTOR('',#1998,1.);
#1998 = DIRECTION('',(-1.,0.,0.));
#1999 = ORIENTED_EDGE('',*,*,#2000,.F.);
#2000 = EDGE_CURVE('',#2001,#1993,#2003,.T.);
#2001 = VERTEX_POINT('',#2002);
#2002 = CARTESIAN_POINT('',(60.15335846,19.40021515,1.8));
#2003 = LINE('',#2004,#2005);
#2004 = CARTESIAN_POINT('',(60.15335846,42.842201925812,1.8));
#2005 = VECTOR('',#2006,1.);
#2006 = DIRECTION('',(0.,-1.,0.));
#2007 = ORIENTED_EDGE('',*,*,#2008,.F.);
#2008 = EDGE_CURVE('',#1985,#2001,#2009,.T.);
#2009 = LINE('',#2010,#2011);
#2010 = CARTESIAN_POINT('',(57.03473200271,19.40021515,1.8));
#2011 = VECTOR('',#2012,1.);
#2012 = DIRECTION('',(1.,0.,0.));
#2013 = FACE_BOUND('',#2014,.T.);
#2014 = EDGE_LOOP('',(#2015,#2026,#2034,#2042,#2050,#2058,#2066,#2075,
    #2083,#2092,#2100,#2109));
#2015 = ORIENTED_EDGE('',*,*,#2016,.F.);
#2016 = EDGE_CURVE('',#2017,#2019,#2021,.T.);
#2017 = VERTEX_POINT('',#2018);
#2018 = CARTESIAN_POINT('',(42.084995,18.877567,1.8));
#2019 = VERTEX_POINT('',#2020);
#2020 = CARTESIAN_POINT('',(41.084995,17.877567,1.8));
#2021 = CIRCLE('',#2022,1.);
#2022 = AXIS2_PLACEMENT_3D('',#2023,#2024,#2025);
#2023 = CARTESIAN_POINT('',(41.084995,18.877567,1.8));
#2024 = DIRECTION('',(0.,0.,-1.));
#2025 = DIRECTION('',(0.,1.,0.));
#2026 = ORIENTED_EDGE('',*,*,#2027,.T.);
#2027 = EDGE_CURVE('',#2017,#2028,#2030,.T.);
#2028 = VERTEX_POINT('',#2029);
#2029 = CARTESIAN_POINT('',(42.084995,27.86578751,1.8));
#2030 = LINE('',#2031,#2032);
#2031 = CARTESIAN_POINT('',(42.084995,46.4387835,1.8));
#2032 = VECTOR('',#2033,1.);
#2033 = DIRECTION('',(0.,1.,0.));
#2034 = ORIENTED_EDGE('',*,*,#2035,.F.);
#2035 = EDGE_CURVE('',#2036,#2028,#2038,.T.);
#2036 = VERTEX_POINT('',#2037);
#2037 = CARTESIAN_POINT('',(45.19176483,27.86578751,1.8));
#2038 = LINE('',#2039,#2040);
#2039 = CARTESIAN_POINT('',(48.00055027271,27.86578751,1.8));
#2040 = VECTOR('',#2041,1.);
#2041 = DIRECTION('',(-1.,0.,0.));
#2042 = ORIENTED_EDGE('',*,*,#2043,.F.);
#2043 = EDGE_CURVE('',#2044,#2036,#2046,.T.);
#2044 = VERTEX_POINT('',#2045);
#2045 = CARTESIAN_POINT('',(45.19176483,32.51020813,1.8));
#2046 = LINE('',#2047,#2048);
#2047 = CARTESIAN_POINT('',(45.19176483,49.012464265812,1.8));
#2048 = VECTOR('',#2049,1.);
#2049 = DIRECTION('',(0.,-1.,0.));
#2050 = ORIENTED_EDGE('',*,*,#2051,.F.);
#2051 = EDGE_CURVE('',#2052,#2044,#2054,.T.);
#2052 = VERTEX_POINT('',#2053);
#2053 = CARTESIAN_POINT('',(42.084995,32.51020813,1.8));
#2054 = LINE('',#2055,#2056);
#2055 = CARTESIAN_POINT('',(49.55393518771,32.51020813,1.8));
#2056 = VECTOR('',#2057,1.);
#2057 = DIRECTION('',(1.,0.,0.));
#2058 = ORIENTED_EDGE('',*,*,#2059,.T.);
#2059 = EDGE_CURVE('',#2052,#2060,#2062,.T.);
#2060 = VERTEX_POINT('',#2061);
#2061 = CARTESIAN_POINT('',(42.084995,43.396881,1.8));
#2062 = LINE('',#2063,#2064);
#2063 = CARTESIAN_POINT('',(42.084995,46.4387835,1.8));
#2064 = VECTOR('',#2065,1.);
#2065 = DIRECTION('',(0.,1.,0.));
#2066 = ORIENTED_EDGE('',*,*,#2067,.T.);
#2067 = EDGE_CURVE('',#2060,#2068,#2070,.T.);
#2068 = VERTEX_POINT('',#2069);
#2069 = CARTESIAN_POINT('',(41.084995,44.396881,1.8));
#2070 = CIRCLE('',#2071,1.);
#2071 = AXIS2_PLACEMENT_3D('',#2072,#2073,#2074);
#2072 = CARTESIAN_POINT('',(41.084995,43.396881,1.8));
#2073 = DIRECTION('',(0.,-0.,1.));
#2074 = DIRECTION('',(0.,1.,0.));
#2075 = ORIENTED_EDGE('',*,*,#2076,.T.);
#2076 = EDGE_CURVE('',#2068,#2077,#2079,.T.);
#2077 = VERTEX_POINT('',#2078);
#2078 = CARTESIAN_POINT('',(37.807518,44.396881,1.8));
#2079 = LINE('',#2080,#2081);
#2080 = CARTESIAN_POINT('',(49.238046327048,44.396881,1.8));
#2081 = VECTOR('',#2082,1.);
#2082 = DIRECTION('',(-1.,0.,0.));
#2083 = ORIENTED_EDGE('',*,*,#2084,.T.);
#2084 = EDGE_CURVE('',#2077,#2085,#2087,.T.);
#2085 = VERTEX_POINT('',#2086);
#2086 = CARTESIAN_POINT('',(36.807518,43.396881,1.8));
#2087 = CIRCLE('',#2088,1.);
#2088 = AXIS2_PLACEMENT_3D('',#2089,#2090,#2091);
#2089 = CARTESIAN_POINT('',(37.807518,43.396881,1.8));
#2090 = DIRECTION('',(0.,-0.,1.));
#2091 = DIRECTION('',(0.,1.,0.));
#2092 = ORIENTED_EDGE('',*,*,#2093,.T.);
#2093 = EDGE_CURVE('',#2085,#2094,#2096,.T.);
#2094 = VERTEX_POINT('',#2095);
#2095 = CARTESIAN_POINT('',(36.807518,18.877567,1.8));
#2096 = LINE('',#2097,#2098);
#2097 = CARTESIAN_POINT('',(36.807518,59.6984405,1.8));
#2098 = VECTOR('',#2099,1.);
#2099 = DIRECTION('',(0.,-1.,0.));
#2100 = ORIENTED_EDGE('',*,*,#2101,.F.);
#2101 = EDGE_CURVE('',#2102,#2094,#2104,.T.);
#2102 = VERTEX_POINT('',#2103);
#2103 = CARTESIAN_POINT('',(37.807518,17.877567,1.8));
#2104 = CIRCLE('',#2105,1.);
#2105 = AXIS2_PLACEMENT_3D('',#2106,#2107,#2108);
#2106 = CARTESIAN_POINT('',(37.807518,18.877567,1.8));
#2107 = DIRECTION('',(0.,0.,-1.));
#2108 = DIRECTION('',(0.,1.,0.));
#2109 = ORIENTED_EDGE('',*,*,#2110,.T.);
#2110 = EDGE_CURVE('',#2102,#2019,#2111,.T.);
#2111 = LINE('',#2112,#2113);
#2112 = CARTESIAN_POINT('',(46.599307827048,17.877567,1.8));
#2113 = VECTOR('',#2114,1.);
#2114 = DIRECTION('',(1.,0.,0.));
#2115 = FACE_BOUND('',#2116,.T.);
#2116 = EDGE_LOOP('',(#2117));
#2117 = ORIENTED_EDGE('',*,*,#2118,.T.);
#2118 = EDGE_CURVE('',#2119,#2119,#2121,.T.);
#2119 = VERTEX_POINT('',#2120);
#2120 = CARTESIAN_POINT('',(17.327,11.,1.8));
#2121 = CIRCLE('',#2122,4.1);
#2122 = AXIS2_PLACEMENT_3D('',#2123,#2124,#2125);
#2123 = CARTESIAN_POINT('',(13.227,11.,1.8));
#2124 = DIRECTION('',(0.,0.,1.));
#2125 = DIRECTION('',(1.,0.,0.));
#2126 = FACE_BOUND('',#2127,.T.);
#2127 = EDGE_LOOP('',(#2128,#2138,#2146,#2154));
#2128 = ORIENTED_EDGE('',*,*,#2129,.F.);
#2129 = EDGE_CURVE('',#2130,#2132,#2134,.T.);
#2130 = VERTEX_POINT('',#2131);
#2131 = CARTESIAN_POINT('',(28.20759773,22.672,1.8));
#2132 = VERTEX_POINT('',#2133);
#2133 = CARTESIAN_POINT('',(20.8496,22.672,1.8));
#2134 = LINE('',#2135,#2136);
#2135 = CARTESIAN_POINT('',(37.38285277271,22.672,1.8));
#2136 = VECTOR('',#2137,1.);
#2137 = DIRECTION('',(-1.,0.,0.));
#2138 = ORIENTED_EDGE('',*,*,#2139,.F.);
#2139 = EDGE_CURVE('',#2140,#2130,#2142,.T.);
#2140 = VERTEX_POINT('',#2141);
#2141 = CARTESIAN_POINT('',(28.20759773,45.77446365,1.8));
#2142 = LINE('',#2143,#2144);
#2143 = CARTESIAN_POINT('',(28.20759773,46.415570510812,1.8));
#2144 = VECTOR('',#2145,1.);
#2145 = DIRECTION('',(0.,-1.,0.));
#2146 = ORIENTED_EDGE('',*,*,#2147,.F.);
#2147 = EDGE_CURVE('',#2148,#2140,#2150,.T.);
#2148 = VERTEX_POINT('',#2149);
#2149 = CARTESIAN_POINT('',(20.8496,45.77446365,1.8));
#2150 = LINE('',#2151,#2152);
#2151 = CARTESIAN_POINT('',(41.06185163771,45.77446365,1.8));
#2152 = VECTOR('',#2153,1.);
#2153 = DIRECTION('',(1.,0.,0.));
#2154 = ORIENTED_EDGE('',*,*,#2155,.F.);
#2155 = EDGE_CURVE('',#2132,#2148,#2156,.T.);
#2156 = LINE('',#2157,#2158);
#2157 = CARTESIAN_POINT('',(20.8496,57.966802335812,1.8));
#2158 = VECTOR('',#2159,1.);
#2159 = DIRECTION('',(0.,1.,0.));
#2160 = FACE_BOUND('',#2161,.T.);
#2161 = EDGE_LOOP('',(#2162,#2172,#2180,#2188));
#2162 = ORIENTED_EDGE('',*,*,#2163,.F.);
#2163 = EDGE_CURVE('',#2164,#2166,#2168,.T.);
#2164 = VERTEX_POINT('',#2165);
#2165 = CARTESIAN_POINT('',(60.5315094,58.63423538,1.8));
#2166 = VERTEX_POINT('',#2167);
#2167 = CARTESIAN_POINT('',(39.63704681,58.63423538,1.8));
#2168 = LINE('',#2169,#2170);
#2169 = CARTESIAN_POINT('',(46.77657617771,58.63423538,1.8));
#2170 = VECTOR('',#2171,1.);
#2171 = DIRECTION('',(-1.,0.,0.));
#2172 = ORIENTED_EDGE('',*,*,#2173,.F.);
#2173 = EDGE_CURVE('',#2174,#2164,#2176,.T.);
#2174 = VERTEX_POINT('',#2175);
#2175 = CARTESIAN_POINT('',(60.5315094,64.55226135,1.8));
#2176 = LINE('',#2177,#2178);
#2177 = CARTESIAN_POINT('',(60.5315094,64.396688200812,1.8));
#2178 = VECTOR('',#2179,1.);
#2179 = DIRECTION('',(0.,-1.,0.));
#2180 = ORIENTED_EDGE('',*,*,#2181,.F.);
#2181 = EDGE_CURVE('',#2182,#2174,#2184,.T.);
#2182 = VERTEX_POINT('',#2183);
#2183 = CARTESIAN_POINT('',(39.63704681,64.55226135,1.8));
#2184 = LINE('',#2185,#2186);
#2185 = CARTESIAN_POINT('',(57.22380747271,64.55226135,1.8));
#2186 = VECTOR('',#2187,1.);
#2187 = DIRECTION('',(1.,0.,0.));
#2188 = ORIENTED_EDGE('',*,*,#2189,.F.);
#2189 = EDGE_CURVE('',#2166,#2182,#2190,.T.);
#2190 = LINE('',#2191,#2192);
#2191 = CARTESIAN_POINT('',(39.63704681,67.355701185812,1.8));
#2192 = VECTOR('',#2193,1.);
#2193 = DIRECTION('',(0.,1.,0.));
#2194 = FACE_BOUND('',#2195,.T.);
#2195 = EDGE_LOOP('',(#2196,#2206,#2214,#2222,#2231));
#2196 = ORIENTED_EDGE('',*,*,#2197,.F.);
#2197 = EDGE_CURVE('',#2198,#2200,#2202,.T.);
#2198 = VERTEX_POINT('',#2199);
#2199 = CARTESIAN_POINT('',(21.14152847922,70.5652691,1.8));
#2200 = VERTEX_POINT('',#2201);
#2201 = CARTESIAN_POINT('',(30.807382,70.5652691,1.8));
#2202 = LINE('',#2203,#2204);
#2203 = CARTESIAN_POINT('',(39.945280392515,70.5652691,1.8));
#2204 = VECTOR('',#2205,1.);
#2205 = DIRECTION('',(1.,0.,0.));
#2206 = ORIENTED_EDGE('',*,*,#2207,.T.);
#2207 = EDGE_CURVE('',#2198,#2208,#2210,.T.);
#2208 = VERTEX_POINT('',#2209);
#2209 = CARTESIAN_POINT('',(21.14152847922,58.468481,1.8));
#2210 = LINE('',#2211,#2212);
#2211 = CARTESIAN_POINT('',(21.14152847922,64.313811010812,1.8));
#2212 = VECTOR('',#2213,1.);
#2213 = DIRECTION('',(0.,-1.,0.));
#2214 = ORIENTED_EDGE('',*,*,#2215,.F.);
#2215 = EDGE_CURVE('',#2216,#2208,#2218,.T.);
#2216 = VERTEX_POINT('',#2217);
#2217 = CARTESIAN_POINT('',(29.807382,58.468481,1.8));
#2218 = LINE('',#2219,#2220);
#2219 = CARTESIAN_POINT('',(39.695280392515,58.468481,1.8));
#2220 = VECTOR('',#2221,1.);
#2221 = DIRECTION('',(-1.,0.,0.));
#2222 = ORIENTED_EDGE('',*,*,#2223,.T.);
#2223 = EDGE_CURVE('',#2216,#2224,#2226,.T.);
#2224 = VERTEX_POINT('',#2225);
#2225 = CARTESIAN_POINT('',(30.807382,59.468481,1.8));
#2226 = CIRCLE('',#2227,1.);
#2227 = AXIS2_PLACEMENT_3D('',#2228,#2229,#2230);
#2228 = CARTESIAN_POINT('',(29.807382,59.468481,1.8));
#2229 = DIRECTION('',(0.,-0.,1.));
#2230 = DIRECTION('',(0.,1.,0.));
#2231 = ORIENTED_EDGE('',*,*,#2232,.T.);
#2232 = EDGE_CURVE('',#2224,#2200,#2233,.T.);
#2233 = LINE('',#2234,#2235);
#2234 = CARTESIAN_POINT('',(30.807382,70.362205060812,1.8));
#2235 = VECTOR('',#2236,1.);
#2236 = DIRECTION('',(0.,1.,0.));
#2237 = FACE_BOUND('',#2238,.T.);
#2238 = EDGE_LOOP('',(#2239,#2249,#2257,#2265,#2273,#2281,#2289,#2297));
#2239 = ORIENTED_EDGE('',*,*,#2240,.F.);
#2240 = EDGE_CURVE('',#2241,#2243,#2245,.T.);
#2241 = VERTEX_POINT('',#2242);
#2242 = CARTESIAN_POINT('',(68.3641,68.2795639,1.8));
#2243 = VERTEX_POINT('',#2244);
#2244 = CARTESIAN_POINT('',(68.3641,89.7065,1.8));
#2245 = LINE('',#2246,#2247);
#2246 = CARTESIAN_POINT('',(68.3641,79.932820510812,1.8));
#2247 = VECTOR('',#2248,1.);
#2248 = DIRECTION('',(0.,1.,0.));
#2249 = ORIENTED_EDGE('',*,*,#2250,.F.);
#2250 = EDGE_CURVE('',#2251,#2241,#2253,.T.);
#2251 = VERTEX_POINT('',#2252);
#2252 = CARTESIAN_POINT('',(73.43478394,68.2795639,1.8));
#2253 = LINE('',#2254,#2255);
#2254 = CARTESIAN_POINT('',(61.14010277271,68.2795639,1.8));
#2255 = VECTOR('',#2256,1.);
#2256 = DIRECTION('',(-1.,0.,0.));
#2257 = ORIENTED_EDGE('',*,*,#2258,.F.);
#2258 = EDGE_CURVE('',#2259,#2251,#2261,.T.);
#2259 = VERTEX_POINT('',#2260);
#2260 = CARTESIAN_POINT('',(73.43478394,72.59437561,1.8));
#2261 = LINE('',#2262,#2263);
#2262 = CARTESIAN_POINT('',(73.43478394,69.219352460812,1.8));
#2263 = VECTOR('',#2264,1.);
#2264 = DIRECTION('',(0.,-1.,0.));
#2265 = ORIENTED_EDGE('',*,*,#2266,.F.);
#2266 = EDGE_CURVE('',#2267,#2259,#2269,.T.);
#2267 = VERTEX_POINT('',#2268);
#2268 = CARTESIAN_POINT('',(85.4203949,72.59437561,1.8));
#2269 = LINE('',#2270,#2271);
#2270 = CARTESIAN_POINT('',(63.67544474271,72.59437561,1.8));
#2271 = VECTOR('',#2272,1.);
#2272 = DIRECTION('',(-1.,0.,0.));
#2273 = ORIENTED_EDGE('',*,*,#2274,.F.);
#2274 = EDGE_CURVE('',#2275,#2267,#2277,.T.);
#2275 = VERTEX_POINT('',#2276);
#2276 = CARTESIAN_POINT('',(85.4203949,88.09575653,1.8));
#2277 = LINE('',#2278,#2279);
#2278 = CARTESIAN_POINT('',(85.4203949,71.376758315812,1.8));
#2279 = VECTOR('',#2280,1.);
#2280 = DIRECTION('',(0.,-1.,0.));
#2281 = ORIENTED_EDGE('',*,*,#2282,.F.);
#2282 = EDGE_CURVE('',#2283,#2275,#2285,.T.);
#2283 = VERTEX_POINT('',#2284);
#2284 = CARTESIAN_POINT('',(73.43478394,88.09575653,1.8));
#2285 = LINE('',#2286,#2287);
#2286 = CARTESIAN_POINT('',(69.66825022271,88.09575653,1.8));
#2287 = VECTOR('',#2288,1.);
#2288 = DIRECTION('',(1.,0.,0.));
#2289 = ORIENTED_EDGE('',*,*,#2290,.F.);
#2290 = EDGE_CURVE('',#2291,#2283,#2293,.T.);
#2291 = VERTEX_POINT('',#2292);
#2292 = CARTESIAN_POINT('',(73.43478394,89.7065,1.8));
#2293 = LINE('',#2294,#2295);
#2294 = CARTESIAN_POINT('',(73.43478394,79.127448775812,1.8));
#2295 = VECTOR('',#2296,1.);
#2296 = DIRECTION('',(0.,-1.,0.));
#2297 = ORIENTED_EDGE('',*,*,#2298,.F.);
#2298 = EDGE_CURVE('',#2243,#2291,#2299,.T.);
#2299 = LINE('',#2300,#2301);
#2300 = CARTESIAN_POINT('',(63.67544474271,89.7065,1.8));
#2301 = VECTOR('',#2302,1.);
#2302 = DIRECTION('',(1.,0.,0.));
#2303 = FACE_BOUND('',#2304,.T.);
#2304 = EDGE_LOOP('',(#2305,#2315,#2323,#2331));
#2305 = ORIENTED_EDGE('',*,*,#2306,.F.);
#2306 = EDGE_CURVE('',#2307,#2309,#2311,.T.);
#2307 = VERTEX_POINT('',#2308);
#2308 = CARTESIAN_POINT('',(50.3408,72.41876221,1.8));
#2309 = VERTEX_POINT('',#2310);
#2310 = CARTESIAN_POINT('',(50.3408,90.0574,1.8));
#2311 = LINE('',#2312,#2313);
#2312 = CARTESIAN_POINT('',(50.3408,80.108270510812,1.8));
#2313 = VECTOR('',#2314,1.);
#2314 = DIRECTION('',(0.,1.,0.));
#2315 = ORIENTED_EDGE('',*,*,#2316,.F.);
#2316 = EDGE_CURVE('',#2317,#2307,#2319,.T.);
#2317 = VERTEX_POINT('',#2318);
#2318 = CARTESIAN_POINT('',(64.87203217,72.41876221,1.8));
#2319 = LINE('',#2320,#2321);
#2320 = CARTESIAN_POINT('',(52.12845277271,72.41876221,1.8));
#2321 = VECTOR('',#2322,1.);
#2322 = DIRECTION('',(-1.,0.,0.));
#2323 = ORIENTED_EDGE('',*,*,#2324,.F.);
#2324 = EDGE_CURVE('',#2325,#2317,#2327,.T.);
#2325 = VERTEX_POINT('',#2326);
#2326 = CARTESIAN_POINT('',(64.87203217,90.0574,1.8));
#2327 = LINE('',#2328,#2329);
#2328 = CARTESIAN_POINT('',(64.87203217,71.288951615812,1.8));
#2329 = VECTOR('',#2330,1.);
#2330 = DIRECTION('',(0.,-1.,0.));
#2331 = ORIENTED_EDGE('',*,*,#2332,.F.);
#2332 = EDGE_CURVE('',#2309,#2325,#2333,.T.);
#2333 = LINE('',#2334,#2335);
#2334 = CARTESIAN_POINT('',(59.39406885771,90.0574,1.8));
#2335 = VECTOR('',#2336,1.);
#2336 = DIRECTION('',(1.,0.,0.));
#2337 = FACE_BOUND('',#2338,.T.);
#2338 = EDGE_LOOP('',(#2339,#2347,#2348,#2349));
#2339 = ORIENTED_EDGE('',*,*,#2340,.F.);
#2340 = EDGE_CURVE('',#56,#2341,#2343,.T.);
#2341 = VERTEX_POINT('',#2342);
#2342 = CARTESIAN_POINT('',(21.51,142.29999999999,1.8));
#2343 = LINE('',#2344,#2345);
#2344 = CARTESIAN_POINT('',(21.51,106.22957051081,1.8));
#2345 = VECTOR('',#2346,1.);
#2346 = DIRECTION('',(0.,1.,0.));
#2347 = ORIENTED_EDGE('',*,*,#55,.F.);
#2348 = ORIENTED_EDGE('',*,*,#328,.F.);
#2349 = ORIENTED_EDGE('',*,*,#2350,.F.);
#2350 = EDGE_CURVE('',#2341,#321,#2351,.T.);
#2351 = LINE('',#2352,#2353);
#2352 = CARTESIAN_POINT('',(74.21305277271,142.29999999999,1.8));
#2353 = VECTOR('',#2354,1.);
#2354 = DIRECTION('',(1.,0.,0.));
#2355 = FACE_BOUND('',#2356,.T.);
#2356 = EDGE_LOOP('',(#2357,#2367,#2375,#2383));
#2357 = ORIENTED_EDGE('',*,*,#2358,.F.);
#2358 = EDGE_CURVE('',#2359,#2361,#2363,.T.);
#2359 = VERTEX_POINT('',#2360);
#2360 = CARTESIAN_POINT('',(21.01,73.0652691,1.8));
#2361 = VERTEX_POINT('',#2362);
#2362 = CARTESIAN_POINT('',(21.01,90.799999999999,1.8));
#2363 = LINE('',#2364,#2365);
#2364 = CARTESIAN_POINT('',(21.01,80.379570510812,1.8));
#2365 = VECTOR('',#2366,1.);
#2366 = DIRECTION('',(0.,1.,0.));
#2367 = ORIENTED_EDGE('',*,*,#2368,.F.);
#2368 = EDGE_CURVE('',#2369,#2359,#2371,.T.);
#2369 = VERTEX_POINT('',#2370);
#2370 = CARTESIAN_POINT('',(30.807382,73.0652691,1.8));
#2371 = LINE('',#2372,#2373);
#2372 = CARTESIAN_POINT('',(39.91239827271,73.0652691,1.8));
#2373 = VECTOR('',#2374,1.);
#2374 = DIRECTION('',(-1.,0.,0.));
#2375 = ORIENTED_EDGE('',*,*,#2376,.T.);
#2376 = EDGE_CURVE('',#2369,#2377,#2379,.T.);
#2377 = VERTEX_POINT('',#2378);
#2378 = CARTESIAN_POINT('',(30.807382,90.799999999999,1.8));
#2379 = LINE('',#2380,#2381);
#2380 = CARTESIAN_POINT('',(30.807382,80.379570510812,1.8));
#2381 = VECTOR('',#2382,1.);
#2382 = DIRECTION('',(0.,1.,0.));
#2383 = ORIENTED_EDGE('',*,*,#2384,.F.);
#2384 = EDGE_CURVE('',#2361,#2377,#2385,.T.);
#2385 = LINE('',#2386,#2387);
#2386 = CARTESIAN_POINT('',(21.01,90.799999999999,1.8));
#2387 = VECTOR('',#2388,1.);
#2388 = DIRECTION('',(1.,0.,0.));
#2389 = FACE_BOUND('',#2390,.T.);
#2390 = EDGE_LOOP('',(#2391,#2401,#2409,#2417));
#2391 = ORIENTED_EDGE('',*,*,#2392,.F.);
#2392 = EDGE_CURVE('',#2393,#2395,#2397,.T.);
#2393 = VERTEX_POINT('',#2394);
#2394 = CARTESIAN_POINT('',(8.65931,113.927,1.8));
#2395 = VERTEX_POINT('',#2396);
#2396 = CARTESIAN_POINT('',(8.65931,122.927,1.8));
#2397 = LINE('',#2398,#2399);
#2398 = CARTESIAN_POINT('',(8.65931,96.543070510812,1.8));
#2399 = VECTOR('',#2400,1.);
#2400 = DIRECTION('',(0.,1.,0.));
#2401 = ORIENTED_EDGE('',*,*,#2402,.F.);
#2402 = EDGE_CURVE('',#2403,#2393,#2405,.T.);
#2403 = VERTEX_POINT('',#2404);
#2404 = CARTESIAN_POINT('',(19.65931,113.927,1.8));
#2405 = LINE('',#2406,#2407);
#2406 = CARTESIAN_POINT('',(31.28770777271,113.927,1.8));
#2407 = VECTOR('',#2408,1.);
#2408 = DIRECTION('',(-1.,0.,0.));
#2409 = ORIENTED_EDGE('',*,*,#2410,.F.);
#2410 = EDGE_CURVE('',#2411,#2403,#2413,.T.);
#2411 = VERTEX_POINT('',#2412);
#2412 = CARTESIAN_POINT('',(19.65931,122.927,1.8));
#2413 = LINE('',#2414,#2415);
#2414 = CARTESIAN_POINT('',(19.65931,92.043070510812,1.8));
#2415 = VECTOR('',#2416,1.);
#2416 = DIRECTION('',(0.,-1.,0.));
#2417 = ORIENTED_EDGE('',*,*,#2418,.F.);
#2418 = EDGE_CURVE('',#2395,#2411,#2419,.T.);
#2419 = LINE('',#2420,#2421);
#2420 = CARTESIAN_POINT('',(36.78770777271,122.927,1.8));
#2421 = VECTOR('',#2422,1.);
#2422 = DIRECTION('',(1.,0.,0.));
#2423 = PLANE('',#2424);
#2424 = AXIS2_PLACEMENT_3D('',#2425,#2426,#2427);
#2425 = CARTESIAN_POINT('',(53.91610554542,70.159141021624,1.8));
#2426 = DIRECTION('',(-0.,-0.,-1.));
#2427 = DIRECTION('',(-1.,0.,0.));
#2428 = ADVANCED_FACE('',(#2429,#3307,#3341,#3391,#3461),#3527,.T.);
#2429 = FACE_BOUND('',#2430,.T.);
#2430 = EDGE_LOOP('',(#2431,#2441,#2448,#2449,#2450,#2458,#2466,#2474,
    #2482,#2490,#2498,#2506,#2514,#2522,#2530,#2538,#2546,#2554,#2563,
    #2571,#2580,#2588,#2597,#2605,#2612,#2620,#2628,#2636,#2643,#2651,
    #2659,#2667,#2675,#2684,#2692,#2701,#2709,#2717,#2725,#2733,#2741,
    #2749,#2757,#2765,#2773,#2781,#2789,#2797,#2805,#2813,#2821,#2829,
    #2837,#2845,#2852,#2860,#2868,#2876,#2884,#2891,#2899,#2907,#2915,
    #2922,#2930,#2938,#2946,#2953,#2961,#2969,#2977,#2984,#2992,#3000,
    #3008,#3015,#3023,#3031,#3039,#3046,#3054,#3062,#3070,#3077,#3085,
    #3093,#3101,#3108,#3116,#3124,#3132,#3139,#3147,#3155,#3163,#3170,
    #3178,#3187,#3196,#3204,#3212,#3220,#3228,#3236,#3244,#3252,#3261,
    #3269,#3277,#3285,#3293,#3301));
#2431 = ORIENTED_EDGE('',*,*,#2432,.T.);
#2432 = EDGE_CURVE('',#2433,#2435,#2437,.T.);
#2433 = VERTEX_POINT('',#2434);
#2434 = CARTESIAN_POINT('',(60.5315094,63.993248365,4.9));
#2435 = VERTEX_POINT('',#2436);
#2436 = CARTESIAN_POINT('',(84.01,63.993248365,4.9));
#2437 = LINE('',#2438,#2439);
#2438 = CARTESIAN_POINT('',(60.5315094,63.993248365,4.9));
#2439 = VECTOR('',#2440,1.);
#2440 = DIRECTION('',(1.,3.E-16,0.));
#2441 = ORIENTED_EDGE('',*,*,#2442,.T.);
#2442 = EDGE_CURVE('',#2435,#351,#2443,.T.);
#2443 = CIRCLE('',#2444,6.6);
#2444 = AXIS2_PLACEMENT_3D('',#2445,#2446,#2447);
#2445 = CARTESIAN_POINT('',(84.01,70.593248365,4.9));
#2446 = DIRECTION('',(-0.,0.,1.));
#2447 = DIRECTION('',(0.,-1.,0.));
#2448 = ORIENTED_EDGE('',*,*,#358,.T.);
#2449 = ORIENTED_EDGE('',*,*,#87,.F.);
#2450 = ORIENTED_EDGE('',*,*,#2451,.T.);
#2451 = EDGE_CURVE('',#80,#2452,#2454,.T.);
#2452 = VERTEX_POINT('',#2453);
#2453 = CARTESIAN_POINT('',(30.807382,88.238081105,4.9));
#2454 = LINE('',#2455,#2456);
#2455 = CARTESIAN_POINT('',(30.807382,106.0652691,4.9));
#2456 = VECTOR('',#2457,1.);
#2457 = DIRECTION('',(0.,-1.,0.));
#2458 = ORIENTED_EDGE('',*,*,#2459,.T.);
#2459 = EDGE_CURVE('',#2452,#2460,#2462,.T.);
#2460 = VERTEX_POINT('',#2461);
#2461 = CARTESIAN_POINT('',(50.3408,88.238081105,4.9));
#2462 = LINE('',#2463,#2464);
#2463 = CARTESIAN_POINT('',(30.807382,88.238081105,4.9));
#2464 = VECTOR('',#2465,1.);
#2465 = DIRECTION('',(1.,0.,0.));
#2466 = ORIENTED_EDGE('',*,*,#2467,.F.);
#2467 = EDGE_CURVE('',#2468,#2460,#2470,.T.);
#2468 = VERTEX_POINT('',#2469);
#2469 = CARTESIAN_POINT('',(50.3408,90.0574,4.9));
#2470 = LINE('',#2471,#2472);
#2471 = CARTESIAN_POINT('',(50.3408,90.0574,4.9));
#2472 = VECTOR('',#2473,1.);
#2473 = DIRECTION('',(0.,-1.,0.));
#2474 = ORIENTED_EDGE('',*,*,#2475,.F.);
#2475 = EDGE_CURVE('',#2476,#2468,#2478,.T.);
#2476 = VERTEX_POINT('',#2477);
#2477 = CARTESIAN_POINT('',(64.87203217,90.0574,4.9));
#2478 = LINE('',#2479,#2480);
#2479 = CARTESIAN_POINT('',(64.87203217,90.0574,4.9));
#2480 = VECTOR('',#2481,1.);
#2481 = DIRECTION('',(-1.,0.,0.));
#2482 = ORIENTED_EDGE('',*,*,#2483,.F.);
#2483 = EDGE_CURVE('',#2484,#2476,#2486,.T.);
#2484 = VERTEX_POINT('',#2485);
#2485 = CARTESIAN_POINT('',(64.87203217,72.41876221,4.9));
#2486 = LINE('',#2487,#2488);
#2487 = CARTESIAN_POINT('',(64.87203217,72.41876221,4.9));
#2488 = VECTOR('',#2489,1.);
#2489 = DIRECTION('',(0.,1.,0.));
#2490 = ORIENTED_EDGE('',*,*,#2491,.F.);
#2491 = EDGE_CURVE('',#2492,#2484,#2494,.T.);
#2492 = VERTEX_POINT('',#2493);
#2493 = CARTESIAN_POINT('',(50.3408,72.41876221,4.9));
#2494 = LINE('',#2495,#2496);
#2495 = CARTESIAN_POINT('',(50.3408,72.41876221,4.9));
#2496 = VECTOR('',#2497,1.);
#2497 = DIRECTION('',(1.,0.,0.));
#2498 = ORIENTED_EDGE('',*,*,#2499,.F.);
#2499 = EDGE_CURVE('',#2500,#2492,#2502,.T.);
#2500 = VERTEX_POINT('',#2501);
#2501 = CARTESIAN_POINT('',(50.3408,74.238081105,4.9));
#2502 = LINE('',#2503,#2504);
#2503 = CARTESIAN_POINT('',(50.3408,90.0574,4.9));
#2504 = VECTOR('',#2505,1.);
#2505 = DIRECTION('',(0.,-1.,0.));
#2506 = ORIENTED_EDGE('',*,*,#2507,.T.);
#2507 = EDGE_CURVE('',#2500,#2508,#2510,.T.);
#2508 = VERTEX_POINT('',#2509);
#2509 = CARTESIAN_POINT('',(30.807382,74.238081105,4.9));
#2510 = LINE('',#2511,#2512);
#2511 = CARTESIAN_POINT('',(50.3408,74.238081105,4.9));
#2512 = VECTOR('',#2513,1.);
#2513 = DIRECTION('',(-1.,0.,0.));
#2514 = ORIENTED_EDGE('',*,*,#2515,.T.);
#2515 = EDGE_CURVE('',#2508,#2516,#2518,.T.);
#2516 = VERTEX_POINT('',#2517);
#2517 = CARTESIAN_POINT('',(30.807382,73.0652691,4.9));
#2518 = LINE('',#2519,#2520);
#2519 = CARTESIAN_POINT('',(30.807382,106.0652691,4.9));
#2520 = VECTOR('',#2521,1.);
#2521 = DIRECTION('',(0.,-1.,0.));
#2522 = ORIENTED_EDGE('',*,*,#2523,.F.);
#2523 = EDGE_CURVE('',#2524,#2516,#2526,.T.);
#2524 = VERTEX_POINT('',#2525);
#2525 = CARTESIAN_POINT('',(24.807382,73.0652691,4.9));
#2526 = LINE('',#2527,#2528);
#2527 = CARTESIAN_POINT('',(24.807382,73.0652691,4.9));
#2528 = VECTOR('',#2529,1.);
#2529 = DIRECTION('',(1.,0.,0.));
#2530 = ORIENTED_EDGE('',*,*,#2531,.T.);
#2531 = EDGE_CURVE('',#2524,#2532,#2534,.T.);
#2532 = VERTEX_POINT('',#2533);
#2533 = CARTESIAN_POINT('',(24.807382,70.5652691,4.9));
#2534 = LINE('',#2535,#2536);
#2535 = CARTESIAN_POINT('',(24.807382,73.0652691,4.9));
#2536 = VECTOR('',#2537,1.);
#2537 = DIRECTION('',(0.,-1.,0.));
#2538 = ORIENTED_EDGE('',*,*,#2539,.T.);
#2539 = EDGE_CURVE('',#2532,#2540,#2542,.T.);
#2540 = VERTEX_POINT('',#2541);
#2541 = CARTESIAN_POINT('',(30.807382,70.5652691,4.9));
#2542 = LINE('',#2543,#2544);
#2543 = CARTESIAN_POINT('',(24.807382,70.5652691,4.9));
#2544 = VECTOR('',#2545,1.);
#2545 = DIRECTION('',(1.,0.,0.));
#2546 = ORIENTED_EDGE('',*,*,#2547,.T.);
#2547 = EDGE_CURVE('',#2540,#2548,#2550,.T.);
#2548 = VERTEX_POINT('',#2549);
#2549 = CARTESIAN_POINT('',(30.807382,59.468481,4.9));
#2550 = LINE('',#2551,#2552);
#2551 = CARTESIAN_POINT('',(30.807382,106.0652691,4.9));
#2552 = VECTOR('',#2553,1.);
#2553 = DIRECTION('',(0.,-1.,0.));
#2554 = ORIENTED_EDGE('',*,*,#2555,.T.);
#2555 = EDGE_CURVE('',#2548,#2556,#2558,.T.);
#2556 = VERTEX_POINT('',#2557);
#2557 = CARTESIAN_POINT('',(29.807382,58.468481,4.9));
#2558 = CIRCLE('',#2559,1.);
#2559 = AXIS2_PLACEMENT_3D('',#2560,#2561,#2562);
#2560 = CARTESIAN_POINT('',(29.807382,59.468481,4.9));
#2561 = DIRECTION('',(0.,0.,-1.));
#2562 = DIRECTION('',(0.,1.,0.));
#2563 = ORIENTED_EDGE('',*,*,#2564,.T.);
#2564 = EDGE_CURVE('',#2556,#2565,#2567,.T.);
#2565 = VERTEX_POINT('',#2566);
#2566 = CARTESIAN_POINT('',(24.14152847922,58.468481,4.9));
#2567 = LINE('',#2568,#2569);
#2568 = CARTESIAN_POINT('',(30.807382,58.468481,4.9));
#2569 = VECTOR('',#2570,1.);
#2570 = DIRECTION('',(-1.,0.,0.));
#2571 = ORIENTED_EDGE('',*,*,#2572,.T.);
#2572 = EDGE_CURVE('',#2565,#2573,#2575,.T.);
#2573 = VERTEX_POINT('',#2574);
#2574 = CARTESIAN_POINT('',(23.27234696979,57.962974178583,4.9));
#2575 = CIRCLE('',#2576,1.);
#2576 = AXIS2_PLACEMENT_3D('',#2577,#2578,#2579);
#2577 = CARTESIAN_POINT('',(24.14152847922,57.468481,4.9));
#2578 = DIRECTION('',(0.,-0.,1.));
#2579 = DIRECTION('',(0.,1.,0.));
#2580 = ORIENTED_EDGE('',*,*,#2581,.T.);
#2581 = EDGE_CURVE('',#2573,#2582,#2584,.T.);
#2582 = VERTEX_POINT('',#2583);
#2583 = CARTESIAN_POINT('',(16.497972091305,46.055506821417,4.9));
#2584 = LINE('',#2585,#2586);
#2585 = CARTESIAN_POINT('',(23.559939,58.468481,4.9));
#2586 = VECTOR('',#2587,1.);
#2587 = DIRECTION('',(-0.494493178583,-0.86918150943,0.));
#2588 = ORIENTED_EDGE('',*,*,#2589,.T.);
#2589 = EDGE_CURVE('',#2582,#2590,#2592,.T.);
#2590 = VERTEX_POINT('',#2591);
#2591 = CARTESIAN_POINT('',(15.628790581876,45.55,4.9));
#2592 = CIRCLE('',#2593,1.);
#2593 = AXIS2_PLACEMENT_3D('',#2594,#2595,#2596);
#2594 = CARTESIAN_POINT('',(15.628790581876,46.55,4.9));
#2595 = DIRECTION('',(0.,0.,-1.));
#2596 = DIRECTION('',(0.,1.,0.));
#2597 = ORIENTED_EDGE('',*,*,#2598,.F.);
#2598 = EDGE_CURVE('',#2599,#2590,#2601,.T.);
#2599 = VERTEX_POINT('',#2600);
#2600 = CARTESIAN_POINT('',(11.617,45.55,4.9));
#2601 = LINE('',#2602,#2603);
#2602 = CARTESIAN_POINT('',(5.210380061095,45.55,4.9));
#2603 = VECTOR('',#2604,1.);
#2604 = DIRECTION('',(1.,0.,0.));
#2605 = ORIENTED_EDGE('',*,*,#2606,.F.);
#2606 = EDGE_CURVE('',#2607,#2599,#2609,.T.);
#2607 = VERTEX_POINT('',#2608);
#2608 = CARTESIAN_POINT('',(11.617,34.21,4.9));
#2609 = B_SPLINE_CURVE_WITH_KNOTS('',1,(#2610,#2611),.UNSPECIFIED.,.F.,
  .F.,(2,2),(0.,1.),.PIECEWISE_BEZIER_KNOTS.);
#2610 = CARTESIAN_POINT('',(11.617,34.192311360867,4.9));
#2611 = CARTESIAN_POINT('',(11.617,66.200127663523,4.9));
#2612 = ORIENTED_EDGE('',*,*,#2613,.F.);
#2613 = EDGE_CURVE('',#2614,#2607,#2616,.T.);
#2614 = VERTEX_POINT('',#2615);
#2615 = CARTESIAN_POINT('',(8.227,37.6,4.9));
#2616 = LINE('',#2617,#2618);
#2617 = CARTESIAN_POINT('',(6.884837184451,38.942162815549,4.9));
#2618 = VECTOR('',#2619,1.);
#2619 = DIRECTION('',(0.707106781187,-0.707106781187,0.));
#2620 = ORIENTED_EDGE('',*,*,#2621,.F.);
#2621 = EDGE_CURVE('',#2622,#2614,#2624,.T.);
#2622 = VERTEX_POINT('',#2623);
#2623 = CARTESIAN_POINT('',(8.227,28.4,4.9));
#2624 = LINE('',#2625,#2626);
#2625 = CARTESIAN_POINT('',(8.227,59.061147925662,4.9));
#2626 = VECTOR('',#2627,1.);
#2627 = DIRECTION('',(0.,1.,0.));
#2628 = ORIENTED_EDGE('',*,*,#2629,.F.);
#2629 = EDGE_CURVE('',#2630,#2622,#2632,.T.);
#2630 = VERTEX_POINT('',#2631);
#2631 = CARTESIAN_POINT('',(11.617,31.79,4.9));
#2632 = LINE('',#2633,#2634);
#2633 = CARTESIAN_POINT('',(36.945985110113,57.118985110113,4.9));
#2634 = VECTOR('',#2635,1.);
#2635 = DIRECTION('',(-0.707106781187,-0.707106781187,0.));
#2636 = ORIENTED_EDGE('',*,*,#2637,.F.);
#2637 = EDGE_CURVE('',#2638,#2630,#2640,.T.);
#2638 = VERTEX_POINT('',#2639);
#2639 = CARTESIAN_POINT('',(11.617,20.81,4.9));
#2640 = B_SPLINE_CURVE_WITH_KNOTS('',1,(#2641,#2642),.UNSPECIFIED.,.F.,
  .F.,(2,2),(0.,1.),.PIECEWISE_BEZIER_KNOTS.);
#2641 = CARTESIAN_POINT('',(11.617,20.79026867794,4.9));
#2642 = CARTESIAN_POINT('',(11.617,31.794883761084,4.9));
#2643 = ORIENTED_EDGE('',*,*,#2644,.F.);
#2644 = EDGE_CURVE('',#2645,#2638,#2647,.T.);
#2645 = VERTEX_POINT('',#2646);
#2646 = CARTESIAN_POINT('',(8.227,24.2,4.9));
#2647 = LINE('',#2648,#2649);
#2648 = CARTESIAN_POINT('',(3.534837184451,28.892162815549,4.9));
#2649 = VECTOR('',#2650,1.);
#2650 = DIRECTION('',(0.707106781187,-0.707106781187,0.));
#2651 = ORIENTED_EDGE('',*,*,#2652,.F.);
#2652 = EDGE_CURVE('',#2653,#2645,#2655,.T.);
#2653 = VERTEX_POINT('',#2654);
#2654 = CARTESIAN_POINT('',(8.227,19.,4.9));
#2655 = LINE('',#2656,#2657);
#2656 = CARTESIAN_POINT('',(8.227,52.361147925662,4.9));
#2657 = VECTOR('',#2658,1.);
#2658 = DIRECTION('',(0.,1.,0.));
#2659 = ORIENTED_EDGE('',*,*,#2660,.T.);
#2660 = EDGE_CURVE('',#2653,#2661,#2663,.T.);
#2661 = VERTEX_POINT('',#2662);
#2662 = CARTESIAN_POINT('',(36.807518,19.,4.9));
#2663 = LINE('',#2664,#2665);
#2664 = CARTESIAN_POINT('',(5.91,19.,4.9));
#2665 = VECTOR('',#2666,1.);
#2666 = DIRECTION('',(1.,0.,0.));
#2667 = ORIENTED_EDGE('',*,*,#2668,.F.);
#2668 = EDGE_CURVE('',#2669,#2661,#2671,.T.);
#2669 = VERTEX_POINT('',#2670);
#2670 = CARTESIAN_POINT('',(36.807518,43.396881,4.9));
#2671 = LINE('',#2672,#2673);
#2672 = CARTESIAN_POINT('',(36.807518,44.396881,4.9));
#2673 = VECTOR('',#2674,1.);
#2674 = DIRECTION('',(0.,-1.,0.));
#2675 = ORIENTED_EDGE('',*,*,#2676,.F.);
#2676 = EDGE_CURVE('',#2677,#2669,#2679,.T.);
#2677 = VERTEX_POINT('',#2678);
#2678 = CARTESIAN_POINT('',(37.807518,44.396881,4.9));
#2679 = CIRCLE('',#2680,1.);
#2680 = AXIS2_PLACEMENT_3D('',#2681,#2682,#2683);
#2681 = CARTESIAN_POINT('',(37.807518,43.396881,4.9));
#2682 = DIRECTION('',(0.,-0.,1.));
#2683 = DIRECTION('',(0.,1.,0.));
#2684 = ORIENTED_EDGE('',*,*,#2685,.F.);
#2685 = EDGE_CURVE('',#2686,#2677,#2688,.T.);
#2686 = VERTEX_POINT('',#2687);
#2687 = CARTESIAN_POINT('',(41.084995,44.396881,4.9));
#2688 = LINE('',#2689,#2690);
#2689 = CARTESIAN_POINT('',(42.084995,44.396881,4.9));
#2690 = VECTOR('',#2691,1.);
#2691 = DIRECTION('',(-1.,0.,0.));
#2692 = ORIENTED_EDGE('',*,*,#2693,.F.);
#2693 = EDGE_CURVE('',#2694,#2686,#2696,.T.);
#2694 = VERTEX_POINT('',#2695);
#2695 = CARTESIAN_POINT('',(42.084995,43.396881,4.9));
#2696 = CIRCLE('',#2697,1.);
#2697 = AXIS2_PLACEMENT_3D('',#2698,#2699,#2700);
#2698 = CARTESIAN_POINT('',(41.084995,43.396881,4.9));
#2699 = DIRECTION('',(0.,-0.,1.));
#2700 = DIRECTION('',(0.,1.,0.));
#2701 = ORIENTED_EDGE('',*,*,#2702,.F.);
#2702 = EDGE_CURVE('',#2703,#2694,#2705,.T.);
#2703 = VERTEX_POINT('',#2704);
#2704 = CARTESIAN_POINT('',(42.084995,32.51020813,4.9));
#2705 = LINE('',#2706,#2707);
#2706 = CARTESIAN_POINT('',(42.084995,17.877567,4.9));
#2707 = VECTOR('',#2708,1.);
#2708 = DIRECTION('',(0.,1.,0.));
#2709 = ORIENTED_EDGE('',*,*,#2710,.F.);
#2710 = EDGE_CURVE('',#2711,#2703,#2713,.T.);
#2711 = VERTEX_POINT('',#2712);
#2712 = CARTESIAN_POINT('',(45.19176483,32.51020813,4.9));
#2713 = LINE('',#2714,#2715);
#2714 = CARTESIAN_POINT('',(45.19176483,32.51020813,4.9));
#2715 = VECTOR('',#2716,1.);
#2716 = DIRECTION('',(-1.,0.,0.));
#2717 = ORIENTED_EDGE('',*,*,#2718,.F.);
#2718 = EDGE_CURVE('',#2719,#2711,#2721,.T.);
#2719 = VERTEX_POINT('',#2720);
#2720 = CARTESIAN_POINT('',(45.19176483,27.86578751,4.9));
#2721 = LINE('',#2722,#2723);
#2722 = CARTESIAN_POINT('',(45.19176483,27.86578751,4.9));
#2723 = VECTOR('',#2724,1.);
#2724 = DIRECTION('',(0.,1.,0.));
#2725 = ORIENTED_EDGE('',*,*,#2726,.F.);
#2726 = EDGE_CURVE('',#2727,#2719,#2729,.T.);
#2727 = VERTEX_POINT('',#2728);
#2728 = CARTESIAN_POINT('',(42.084995,27.86578751,4.9));
#2729 = LINE('',#2730,#2731);
#2730 = CARTESIAN_POINT('',(42.084995,27.86578751,4.9));
#2731 = VECTOR('',#2732,1.);
#2732 = DIRECTION('',(1.,0.,0.));
#2733 = ORIENTED_EDGE('',*,*,#2734,.F.);
#2734 = EDGE_CURVE('',#2735,#2727,#2737,.T.);
#2735 = VERTEX_POINT('',#2736);
#2736 = CARTESIAN_POINT('',(42.084995,19.,4.9));
#2737 = LINE('',#2738,#2739);
#2738 = CARTESIAN_POINT('',(42.084995,17.877567,4.9));
#2739 = VECTOR('',#2740,1.);
#2740 = DIRECTION('',(0.,1.,0.));
#2741 = ORIENTED_EDGE('',*,*,#2742,.T.);
#2742 = EDGE_CURVE('',#2735,#2743,#2745,.T.);
#2743 = VERTEX_POINT('',#2744);
#2744 = CARTESIAN_POINT('',(50.16379929,19.,4.9));
#2745 = LINE('',#2746,#2747);
#2746 = CARTESIAN_POINT('',(5.91,19.,4.9));
#2747 = VECTOR('',#2748,1.);
#2748 = DIRECTION('',(1.,0.,0.));
#2749 = ORIENTED_EDGE('',*,*,#2750,.F.);
#2750 = EDGE_CURVE('',#2751,#2743,#2753,.T.);
#2751 = VERTEX_POINT('',#2752);
#2752 = CARTESIAN_POINT('',(50.16379929,19.40021515,4.9));
#2753 = LINE('',#2754,#2755);
#2754 = CARTESIAN_POINT('',(50.16379929,19.40021515,4.9));
#2755 = VECTOR('',#2756,1.);
#2756 = DIRECTION('',(0.,-1.,0.));
#2757 = ORIENTED_EDGE('',*,*,#2758,.F.);
#2758 = EDGE_CURVE('',#2759,#2751,#2761,.T.);
#2759 = VERTEX_POINT('',#2760);
#2760 = CARTESIAN_POINT('',(60.15335846,19.40021515,4.9));
#2761 = LINE('',#2762,#2763);
#2762 = CARTESIAN_POINT('',(60.15335846,19.40021515,4.9));
#2763 = VECTOR('',#2764,1.);
#2764 = DIRECTION('',(-1.,0.,0.));
#2765 = ORIENTED_EDGE('',*,*,#2766,.F.);
#2766 = EDGE_CURVE('',#2767,#2759,#2769,.T.);
#2767 = VERTEX_POINT('',#2768);
#2768 = CARTESIAN_POINT('',(60.15335846,19.,4.9));
#2769 = LINE('',#2770,#2771);
#2770 = CARTESIAN_POINT('',(60.15335846,15.52526283,4.9));
#2771 = VECTOR('',#2772,1.);
#2772 = DIRECTION('',(0.,1.,0.));
#2773 = ORIENTED_EDGE('',*,*,#2774,.T.);
#2774 = EDGE_CURVE('',#2767,#2775,#2777,.T.);
#2775 = VERTEX_POINT('',#2776);
#2776 = CARTESIAN_POINT('',(63.03410339,19.,4.9));
#2777 = LINE('',#2778,#2779);
#2778 = CARTESIAN_POINT('',(5.91,19.,4.9));
#2779 = VECTOR('',#2780,1.);
#2780 = DIRECTION('',(1.,0.,0.));
#2781 = ORIENTED_EDGE('',*,*,#2782,.F.);
#2782 = EDGE_CURVE('',#2783,#2775,#2785,.T.);
#2783 = VERTEX_POINT('',#2784);
#2784 = CARTESIAN_POINT('',(63.03410339,22.67860413,4.9));
#2785 = LINE('',#2786,#2787);
#2786 = CARTESIAN_POINT('',(63.03410339,22.67860413,4.9));
#2787 = VECTOR('',#2788,1.);
#2788 = DIRECTION('',(0.,-1.,0.));
#2789 = ORIENTED_EDGE('',*,*,#2790,.F.);
#2790 = EDGE_CURVE('',#2791,#2783,#2793,.T.);
#2791 = VERTEX_POINT('',#2792);
#2792 = CARTESIAN_POINT('',(57.91489792,22.67860413,4.9));
#2793 = LINE('',#2794,#2795);
#2794 = CARTESIAN_POINT('',(57.91489792,22.67860413,4.9));
#2795 = VECTOR('',#2796,1.);
#2796 = DIRECTION('',(1.,0.,0.));
#2797 = ORIENTED_EDGE('',*,*,#2798,.F.);
#2798 = EDGE_CURVE('',#2799,#2791,#2801,.T.);
#2799 = VERTEX_POINT('',#2800);
#2800 = CARTESIAN_POINT('',(57.91489792,28.29550934,4.9));
#2801 = LINE('',#2802,#2803);
#2802 = CARTESIAN_POINT('',(57.91489792,28.29550934,4.9));
#2803 = VECTOR('',#2804,1.);
#2804 = DIRECTION('',(0.,-1.,0.));
#2805 = ORIENTED_EDGE('',*,*,#2806,.T.);
#2806 = EDGE_CURVE('',#2799,#2807,#2809,.T.);
#2807 = VERTEX_POINT('',#2808);
#2808 = CARTESIAN_POINT('',(60.47450256,28.29550934,4.9));
#2809 = LINE('',#2810,#2811);
#2810 = CARTESIAN_POINT('',(57.91489792,28.29550934,4.9));
#2811 = VECTOR('',#2812,1.);
#2812 = DIRECTION('',(1.,0.,0.));
#2813 = ORIENTED_EDGE('',*,*,#2814,.T.);
#2814 = EDGE_CURVE('',#2807,#2815,#2817,.T.);
#2815 = VERTEX_POINT('',#2816);
#2816 = CARTESIAN_POINT('',(60.47450256,32.52596283,4.9));
#2817 = LINE('',#2818,#2819);
#2818 = CARTESIAN_POINT('',(60.47450256,28.29550934,4.9));
#2819 = VECTOR('',#2820,1.);
#2820 = DIRECTION('',(0.,1.,0.));
#2821 = ORIENTED_EDGE('',*,*,#2822,.T.);
#2822 = EDGE_CURVE('',#2815,#2823,#2825,.T.);
#2823 = VERTEX_POINT('',#2824);
#2824 = CARTESIAN_POINT('',(68.36660767,32.52596283,4.9));
#2825 = LINE('',#2826,#2827);
#2826 = CARTESIAN_POINT('',(60.47450256,32.52596283,4.9));
#2827 = VECTOR('',#2828,1.);
#2828 = DIRECTION('',(1.,0.,0.));
#2829 = ORIENTED_EDGE('',*,*,#2830,.T.);
#2830 = EDGE_CURVE('',#2823,#2831,#2833,.T.);
#2831 = VERTEX_POINT('',#2832);
#2832 = CARTESIAN_POINT('',(68.36660767,19.,4.9));
#2833 = LINE('',#2834,#2835);
#2834 = CARTESIAN_POINT('',(68.36660767,32.52596283,4.9));
#2835 = VECTOR('',#2836,1.);
#2836 = DIRECTION('',(0.,-1.,0.));
#2837 = ORIENTED_EDGE('',*,*,#2838,.T.);
#2838 = EDGE_CURVE('',#2831,#2839,#2841,.T.);
#2839 = VERTEX_POINT('',#2840);
#2840 = CARTESIAN_POINT('',(102.137,19.,4.9));
#2841 = LINE('',#2842,#2843);
#2842 = CARTESIAN_POINT('',(5.91,19.,4.9));
#2843 = VECTOR('',#2844,1.);
#2844 = DIRECTION('',(1.,0.,0.));
#2845 = ORIENTED_EDGE('',*,*,#2846,.F.);
#2846 = EDGE_CURVE('',#2847,#2839,#2849,.T.);
#2847 = VERTEX_POINT('',#2848);
#2848 = CARTESIAN_POINT('',(102.137,19.59000032117,4.9));
#2849 = B_SPLINE_CURVE_WITH_KNOTS('',1,(#2850,#2851),.UNSPECIFIED.,.F.,
  .F.,(2,2),(0.,1.),.PIECEWISE_BEZIER_KNOTS.);
#2850 = CARTESIAN_POINT('',(102.137,19.601545357176,4.9));
#2851 = CARTESIAN_POINT('',(102.137,19.,4.9));
#2852 = ORIENTED_EDGE('',*,*,#2853,.F.);
#2853 = EDGE_CURVE('',#2854,#2847,#2856,.T.);
#2854 = VERTEX_POINT('',#2855);
#2855 = CARTESIAN_POINT('',(102.72700032117,19.,4.9));
#2856 = LINE('',#2857,#2858);
#2857 = CARTESIAN_POINT('',(74.509837264743,47.217163056427,4.9));
#2858 = VECTOR('',#2859,1.);
#2859 = DIRECTION('',(-0.707106781187,0.707106781187,0.));
#2860 = ORIENTED_EDGE('',*,*,#2861,.T.);
#2861 = EDGE_CURVE('',#2854,#2862,#2864,.T.);
#2862 = VERTEX_POINT('',#2863);
#2863 = CARTESIAN_POINT('',(105.52699999999,19.,4.9));
#2864 = LINE('',#2865,#2866);
#2865 = CARTESIAN_POINT('',(5.91,19.,4.9));
#2866 = VECTOR('',#2867,1.);
#2867 = DIRECTION('',(1.,0.,0.));
#2868 = ORIENTED_EDGE('',*,*,#2869,.F.);
#2869 = EDGE_CURVE('',#2870,#2862,#2872,.T.);
#2870 = VERTEX_POINT('',#2871);
#2871 = CARTESIAN_POINT('',(105.52699999999,25.400000321169,4.9));
#2872 = LINE('',#2873,#2874);
#2873 = CARTESIAN_POINT('',(105.52699999999,57.561148086247,4.9));
#2874 = VECTOR('',#2875,1.);
#2875 = DIRECTION('',(0.,-1.,0.));
#2876 = ORIENTED_EDGE('',*,*,#2877,.F.);
#2877 = EDGE_CURVE('',#2878,#2870,#2880,.T.);
#2878 = VERTEX_POINT('',#2879);
#2879 = CARTESIAN_POINT('',(102.137,22.01000032117,4.9));
#2880 = LINE('',#2881,#2882);
#2881 = CARTESIAN_POINT('',(107.27098502982,27.14398535099,4.9));
#2882 = VECTOR('',#2883,1.);
#2883 = DIRECTION('',(0.707106781187,0.707106781187,-0.));
#2884 = ORIENTED_EDGE('',*,*,#2885,.F.);
#2885 = EDGE_CURVE('',#2886,#2878,#2888,.T.);
#2886 = VERTEX_POINT('',#2887);
#2887 = CARTESIAN_POINT('',(102.137,31.367778098948,4.9));
#2888 = B_SPLINE_CURVE_WITH_KNOTS('',1,(#2889,#2890),.UNSPECIFIED.,.F.,
  .F.,(2,2),(0.,1.),.PIECEWISE_BEZIER_KNOTS.);
#2889 = CARTESIAN_POINT('',(102.137,31.37932313478,4.9));
#2890 = CARTESIAN_POINT('',(102.137,21.998455286764,4.9));
#2891 = ORIENTED_EDGE('',*,*,#2892,.F.);
#2892 = EDGE_CURVE('',#2893,#2886,#2895,.T.);
#2893 = VERTEX_POINT('',#2894);
#2894 = CARTESIAN_POINT('',(105.52699999999,27.977778098948,4.9));
#2895 = LINE('',#2896,#2897);
#2896 = CARTESIAN_POINT('',(77.454281709187,56.05049638976,4.9));
#2897 = VECTOR('',#2898,1.);
#2898 = DIRECTION('',(-0.707106781187,0.707106781187,0.));
#2899 = ORIENTED_EDGE('',*,*,#2900,.F.);
#2900 = EDGE_CURVE('',#2901,#2893,#2903,.T.);
#2901 = VERTEX_POINT('',#2902);
#2902 = CARTESIAN_POINT('',(105.52699999999,37.177778098947,4.9));
#2903 = LINE('',#2904,#2905);
#2904 = CARTESIAN_POINT('',(105.52699999999,63.450036975135,4.9));
#2905 = VECTOR('',#2906,1.);
#2906 = DIRECTION('',(0.,-1.,0.));
#2907 = ORIENTED_EDGE('',*,*,#2908,.F.);
#2908 = EDGE_CURVE('',#2909,#2901,#2911,.T.);
#2909 = VERTEX_POINT('',#2910);
#2910 = CARTESIAN_POINT('',(102.137,33.787778098948,4.9));
#2911 = LINE('',#2912,#2913);
#2912 = CARTESIAN_POINT('',(104.32654058537,35.977318684323,4.9));
#2913 = VECTOR('',#2914,1.);
#2914 = DIRECTION('',(0.707106781187,0.707106781187,-0.));
#2915 = ORIENTED_EDGE('',*,*,#2916,.F.);
#2916 = EDGE_CURVE('',#2917,#2909,#2919,.T.);
#2917 = VERTEX_POINT('',#2918);
#2918 = CARTESIAN_POINT('',(102.137,43.145555876726,4.9));
#2919 = B_SPLINE_CURVE_WITH_KNOTS('',1,(#2920,#2921),.UNSPECIFIED.,.F.,
  .F.,(2,2),(0.,1.),.PIECEWISE_BEZIER_KNOTS.);
#2920 = CARTESIAN_POINT('',(102.137,43.157100912384,4.9));
#2921 = CARTESIAN_POINT('',(102.137,33.776233064368,4.9));
#2922 = ORIENTED_EDGE('',*,*,#2923,.F.);
#2923 = EDGE_CURVE('',#2924,#2917,#2926,.T.);
#2924 = VERTEX_POINT('',#2925);
#2925 = CARTESIAN_POINT('',(105.52699999999,39.755555876726,4.9));
#2926 = LINE('',#2927,#2928);
#2927 = CARTESIAN_POINT('',(80.398726153632,64.883829723094,4.9));
#2928 = VECTOR('',#2929,1.);
#2929 = DIRECTION('',(-0.707106781187,0.707106781187,0.));
#2930 = ORIENTED_EDGE('',*,*,#2931,.F.);
#2931 = EDGE_CURVE('',#2932,#2924,#2934,.T.);
#2932 = VERTEX_POINT('',#2933);
#2933 = CARTESIAN_POINT('',(105.52699999999,48.955555876725,4.9));
#2934 = LINE('',#2935,#2936);
#2935 = CARTESIAN_POINT('',(105.52699999999,69.338925864024,4.9));
#2936 = VECTOR('',#2937,1.);
#2937 = DIRECTION('',(0.,-1.,0.));
#2938 = ORIENTED_EDGE('',*,*,#2939,.F.);
#2939 = EDGE_CURVE('',#2940,#2932,#2942,.T.);
#2940 = VERTEX_POINT('',#2941);
#2941 = CARTESIAN_POINT('',(102.137,45.565555876726,4.9));
#2942 = LINE('',#2943,#2944);
#2943 = CARTESIAN_POINT('',(101.38209614093,44.810652017657,4.9));
#2944 = VECTOR('',#2945,1.);
#2945 = DIRECTION('',(0.707106781187,0.707106781187,-0.));
#2946 = ORIENTED_EDGE('',*,*,#2947,.F.);
#2947 = EDGE_CURVE('',#2948,#2940,#2950,.T.);
#2948 = VERTEX_POINT('',#2949);
#2949 = CARTESIAN_POINT('',(102.137,54.923333654503,4.9));
#2950 = B_SPLINE_CURVE_WITH_KNOTS('',1,(#2951,#2952),.UNSPECIFIED.,.F.,
  .F.,(2,2),(0.,1.),.PIECEWISE_BEZIER_KNOTS.);
#2951 = CARTESIAN_POINT('',(102.137,54.934878689988,4.9));
#2952 = CARTESIAN_POINT('',(102.137,45.554010841972,4.9));
#2953 = ORIENTED_EDGE('',*,*,#2954,.F.);
#2954 = EDGE_CURVE('',#2955,#2948,#2957,.T.);
#2955 = VERTEX_POINT('',#2956);
#2956 = CARTESIAN_POINT('',(105.52699999999,51.533333654504,4.9));
#2957 = LINE('',#2958,#2959);
#2958 = CARTESIAN_POINT('',(83.343170598076,73.717163056427,4.9));
#2959 = VECTOR('',#2960,1.);
#2960 = DIRECTION('',(-0.707106781187,0.707106781187,0.));
#2961 = ORIENTED_EDGE('',*,*,#2962,.F.);
#2962 = EDGE_CURVE('',#2963,#2955,#2965,.T.);
#2963 = VERTEX_POINT('',#2964);
#2964 = CARTESIAN_POINT('',(105.52699999999,60.733333654503,4.9));
#2965 = LINE('',#2966,#2967);
#2966 = CARTESIAN_POINT('',(105.52699999999,75.227814752913,4.9));
#2967 = VECTOR('',#2968,1.);
#2968 = DIRECTION('',(0.,-1.,0.));
#2969 = ORIENTED_EDGE('',*,*,#2970,.F.);
#2970 = EDGE_CURVE('',#2971,#2963,#2973,.T.);
#2971 = VERTEX_POINT('',#2972);
#2972 = CARTESIAN_POINT('',(102.137,57.343333654503,4.9));
#2973 = LINE('',#2974,#2975);
#2974 = CARTESIAN_POINT('',(98.437651696487,53.64398535099,4.9));
#2975 = VECTOR('',#2976,1.);
#2976 = DIRECTION('',(0.707106781187,0.707106781187,-0.));
#2977 = ORIENTED_EDGE('',*,*,#2978,.F.);
#2978 = EDGE_CURVE('',#2979,#2971,#2981,.T.);
#2979 = VERTEX_POINT('',#2980);
#2980 = CARTESIAN_POINT('',(102.137,66.701111432281,4.9));
#2981 = B_SPLINE_CURVE_WITH_KNOTS('',1,(#2982,#2983),.UNSPECIFIED.,.F.,
  .F.,(2,2),(0.,1.),.PIECEWISE_BEZIER_KNOTS.);
#2982 = CARTESIAN_POINT('',(102.137,66.712656467592,4.9));
#2983 = CARTESIAN_POINT('',(102.137,57.331788619575,4.9));
#2984 = ORIENTED_EDGE('',*,*,#2985,.F.);
#2985 = EDGE_CURVE('',#2986,#2979,#2988,.T.);
#2986 = VERTEX_POINT('',#2987);
#2987 = CARTESIAN_POINT('',(105.52699999999,63.311111432282,4.9));
#2988 = LINE('',#2989,#2990);
#2989 = CARTESIAN_POINT('',(86.287615042521,82.55049638976,4.9));
#2990 = VECTOR('',#2991,1.);
#2991 = DIRECTION('',(-0.707106781187,0.707106781187,0.));
#2992 = ORIENTED_EDGE('',*,*,#2993,.F.);
#2993 = EDGE_CURVE('',#2994,#2986,#2996,.T.);
#2994 = VERTEX_POINT('',#2995);
#2995 = CARTESIAN_POINT('',(105.52699999999,72.511111432281,4.9));
#2996 = LINE('',#2997,#2998);
#2997 = CARTESIAN_POINT('',(105.52699999999,81.116703641802,4.9));
#2998 = VECTOR('',#2999,1.);
#2999 = DIRECTION('',(0.,-1.,0.));
#3000 = ORIENTED_EDGE('',*,*,#3001,.F.);
#3001 = EDGE_CURVE('',#3002,#2994,#3004,.T.);
#3002 = VERTEX_POINT('',#3003);
#3003 = CARTESIAN_POINT('',(102.137,69.121111432281,4.9));
#3004 = LINE('',#3005,#3006);
#3005 = CARTESIAN_POINT('',(95.493207252042,62.477318684324,4.9));
#3006 = VECTOR('',#3007,1.);
#3007 = DIRECTION('',(0.707106781187,0.707106781187,-0.));
#3008 = ORIENTED_EDGE('',*,*,#3009,.F.);
#3009 = EDGE_CURVE('',#3010,#3002,#3012,.T.);
#3010 = VERTEX_POINT('',#3011);
#3011 = CARTESIAN_POINT('',(102.137,78.478889210059,4.9));
#3012 = B_SPLINE_CURVE_WITH_KNOTS('',1,(#3013,#3014),.UNSPECIFIED.,.F.,
  .F.,(2,2),(0.,1.),.PIECEWISE_BEZIER_KNOTS.);
#3013 = CARTESIAN_POINT('',(102.137,78.490434245196,4.9));
#3014 = CARTESIAN_POINT('',(102.137,69.109566397179,4.9));
#3015 = ORIENTED_EDGE('',*,*,#3016,.F.);
#3016 = EDGE_CURVE('',#3017,#3010,#3019,.T.);
#3017 = VERTEX_POINT('',#3018);
#3018 = CARTESIAN_POINT('',(105.52699999999,75.088889210059,4.9));
#3019 = LINE('',#3020,#3021);
#3020 = CARTESIAN_POINT('',(89.232059486965,91.383829723094,4.9));
#3021 = VECTOR('',#3022,1.);
#3022 = DIRECTION('',(-0.707106781187,0.707106781187,0.));
#3023 = ORIENTED_EDGE('',*,*,#3024,.F.);
#3024 = EDGE_CURVE('',#3025,#3017,#3027,.T.);
#3025 = VERTEX_POINT('',#3026);
#3026 = CARTESIAN_POINT('',(105.52699999999,84.288889210058,4.9));
#3027 = LINE('',#3028,#3029);
#3028 = CARTESIAN_POINT('',(105.52699999999,87.005592530691,4.9));
#3029 = VECTOR('',#3030,1.);
#3030 = DIRECTION('',(0.,-1.,0.));
#3031 = ORIENTED_EDGE('',*,*,#3032,.F.);
#3032 = EDGE_CURVE('',#3033,#3025,#3035,.T.);
#3033 = VERTEX_POINT('',#3034);
#3034 = CARTESIAN_POINT('',(102.137,80.898889210059,4.9));
#3035 = LINE('',#3036,#3037);
#3036 = CARTESIAN_POINT('',(92.548762807598,71.310652017657,4.9));
#3037 = VECTOR('',#3038,1.);
#3038 = DIRECTION('',(0.707106781187,0.707106781187,-0.));
#3039 = ORIENTED_EDGE('',*,*,#3040,.F.);
#3040 = EDGE_CURVE('',#3041,#3033,#3043,.T.);
#3041 = VERTEX_POINT('',#3042);
#3042 = CARTESIAN_POINT('',(102.137,90.256666987837,4.9));
#3043 = B_SPLINE_CURVE_WITH_KNOTS('',1,(#3044,#3045),.UNSPECIFIED.,.F.,
  .F.,(2,2),(0.,1.),.PIECEWISE_BEZIER_KNOTS.);
#3044 = CARTESIAN_POINT('',(102.137,90.2682120228,4.9));
#3045 = CARTESIAN_POINT('',(102.137,80.887344174783,4.9));
#3046 = ORIENTED_EDGE('',*,*,#3047,.F.);
#3047 = EDGE_CURVE('',#3048,#3041,#3050,.T.);
#3048 = VERTEX_POINT('',#3049);
#3049 = CARTESIAN_POINT('',(105.52699999999,86.866666987837,4.9));
#3050 = LINE('',#3051,#3052);
#3051 = CARTESIAN_POINT('',(92.17650393141,100.21716305642,4.9));
#3052 = VECTOR('',#3053,1.);
#3053 = DIRECTION('',(-0.707106781187,0.707106781187,0.));
#3054 = ORIENTED_EDGE('',*,*,#3055,.F.);
#3055 = EDGE_CURVE('',#3056,#3048,#3058,.T.);
#3056 = VERTEX_POINT('',#3057);
#3057 = CARTESIAN_POINT('',(105.52699999999,96.066666987836,4.9));
#3058 = LINE('',#3059,#3060);
#3059 = CARTESIAN_POINT('',(105.52699999999,92.89448141958,4.9));
#3060 = VECTOR('',#3061,1.);
#3061 = DIRECTION('',(0.,-1.,0.));
#3062 = ORIENTED_EDGE('',*,*,#3063,.F.);
#3063 = EDGE_CURVE('',#3064,#3056,#3066,.T.);
#3064 = VERTEX_POINT('',#3065);
#3065 = CARTESIAN_POINT('',(102.137,92.676666987837,4.9));
#3066 = LINE('',#3067,#3068);
#3067 = CARTESIAN_POINT('',(89.604318363154,80.14398535099,4.9));
#3068 = VECTOR('',#3069,1.);
#3069 = DIRECTION('',(0.707106781187,0.707106781187,-0.));
#3070 = ORIENTED_EDGE('',*,*,#3071,.F.);
#3071 = EDGE_CURVE('',#3072,#3064,#3074,.T.);
#3072 = VERTEX_POINT('',#3073);
#3073 = CARTESIAN_POINT('',(102.137,102.03444476561,4.9));
#3074 = B_SPLINE_CURVE_WITH_KNOTS('',1,(#3075,#3076),.UNSPECIFIED.,.F.,
  .F.,(2,2),(0.,1.),.PIECEWISE_BEZIER_KNOTS.);
#3075 = CARTESIAN_POINT('',(102.137,102.0459898004,4.9));
#3076 = CARTESIAN_POINT('',(102.137,92.665121952387,4.9));
#3077 = ORIENTED_EDGE('',*,*,#3078,.F.);
#3078 = EDGE_CURVE('',#3079,#3072,#3081,.T.);
#3079 = VERTEX_POINT('',#3080);
#3080 = CARTESIAN_POINT('',(105.52699999999,98.644444765615,4.9));
#3081 = LINE('',#3082,#3083);
#3082 = CARTESIAN_POINT('',(95.120948375854,109.05049638976,4.9));
#3083 = VECTOR('',#3084,1.);
#3084 = DIRECTION('',(-0.707106781187,0.707106781187,0.));
#3085 = ORIENTED_EDGE('',*,*,#3086,.F.);
#3086 = EDGE_CURVE('',#3087,#3079,#3089,.T.);
#3087 = VERTEX_POINT('',#3088);
#3088 = CARTESIAN_POINT('',(105.52699999999,107.84444476561,4.9));
#3089 = LINE('',#3090,#3091);
#3090 = CARTESIAN_POINT('',(105.52699999999,98.783370308469,4.9));
#3091 = VECTOR('',#3092,1.);
#3092 = DIRECTION('',(0.,-1.,0.));
#3093 = ORIENTED_EDGE('',*,*,#3094,.F.);
#3094 = EDGE_CURVE('',#3095,#3087,#3097,.T.);
#3095 = VERTEX_POINT('',#3096);
#3096 = CARTESIAN_POINT('',(102.137,104.45444476561,4.9));
#3097 = LINE('',#3098,#3099);
#3098 = CARTESIAN_POINT('',(86.659873918709,88.977318684324,4.9));
#3099 = VECTOR('',#3100,1.);
#3100 = DIRECTION('',(0.707106781187,0.707106781187,-0.));
#3101 = ORIENTED_EDGE('',*,*,#3102,.F.);
#3102 = EDGE_CURVE('',#3103,#3095,#3105,.T.);
#3103 = VERTEX_POINT('',#3104);
#3104 = CARTESIAN_POINT('',(102.137,113.81222254339,4.9));
#3105 = B_SPLINE_CURVE_WITH_KNOTS('',1,(#3106,#3107),.UNSPECIFIED.,.F.,
  .F.,(2,2),(0.,1.),.PIECEWISE_BEZIER_KNOTS.);
#3106 = CARTESIAN_POINT('',(102.137,113.823767578,4.9));
#3107 = CARTESIAN_POINT('',(102.137,104.44289972999,4.9));
#3108 = ORIENTED_EDGE('',*,*,#3109,.F.);
#3109 = EDGE_CURVE('',#3110,#3103,#3112,.T.);
#3110 = VERTEX_POINT('',#3111);
#3111 = CARTESIAN_POINT('',(105.52699999999,110.42222254339,4.9));
#3112 = LINE('',#3113,#3114);
#3113 = CARTESIAN_POINT('',(98.065392820298,117.88382972309,4.9));
#3114 = VECTOR('',#3115,1.);
#3115 = DIRECTION('',(-0.707106781187,0.707106781187,0.));
#3116 = ORIENTED_EDGE('',*,*,#3117,.F.);
#3117 = EDGE_CURVE('',#3118,#3110,#3120,.T.);
#3118 = VERTEX_POINT('',#3119);
#3119 = CARTESIAN_POINT('',(105.52699999999,119.62222254339,4.9));
#3120 = LINE('',#3121,#3122);
#3121 = CARTESIAN_POINT('',(105.52699999999,104.67225919735,4.9));
#3122 = VECTOR('',#3123,1.);
#3123 = DIRECTION('',(0.,-1.,0.));
#3124 = ORIENTED_EDGE('',*,*,#3125,.F.);
#3125 = EDGE_CURVE('',#3126,#3118,#3128,.T.);
#3126 = VERTEX_POINT('',#3127);
#3127 = CARTESIAN_POINT('',(102.137,116.23222254339,4.9));
#3128 = LINE('',#3129,#3130);
#3129 = CARTESIAN_POINT('',(83.715429474265,97.810652017657,4.9));
#3130 = VECTOR('',#3131,1.);
#3131 = DIRECTION('',(0.707106781187,0.707106781187,-0.));
#3132 = ORIENTED_EDGE('',*,*,#3133,.F.);
#3133 = EDGE_CURVE('',#3134,#3126,#3136,.T.);
#3134 = VERTEX_POINT('',#3135);
#3135 = CARTESIAN_POINT('',(102.137,125.59000032117,4.9));
#3136 = B_SPLINE_CURVE_WITH_KNOTS('',1,(#3137,#3138),.UNSPECIFIED.,.F.,
  .F.,(2,2),(0.,1.),.PIECEWISE_BEZIER_KNOTS.);
#3137 = CARTESIAN_POINT('',(102.137,125.60154535561,4.9));
#3138 = CARTESIAN_POINT('',(102.137,116.22067750759,4.9));
#3139 = ORIENTED_EDGE('',*,*,#3140,.F.);
#3140 = EDGE_CURVE('',#3141,#3134,#3143,.T.);
#3141 = VERTEX_POINT('',#3142);
#3142 = CARTESIAN_POINT('',(105.52699999999,122.20000032117,4.9));
#3143 = LINE('',#3144,#3145);
#3144 = CARTESIAN_POINT('',(101.00983726474,126.71716305642,4.9));
#3145 = VECTOR('',#3146,1.);
#3146 = DIRECTION('',(-0.707106781187,0.707106781187,0.));
#3147 = ORIENTED_EDGE('',*,*,#3148,.F.);
#3148 = EDGE_CURVE('',#3149,#3141,#3151,.T.);
#3149 = VERTEX_POINT('',#3150);
#3150 = CARTESIAN_POINT('',(105.52699999999,131.40000032116,4.9));
#3151 = LINE('',#3152,#3153);
#3152 = CARTESIAN_POINT('',(105.52699999999,110.56114808624,4.9));
#3153 = VECTOR('',#3154,1.);
#3154 = DIRECTION('',(0.,-1.,0.));
#3155 = ORIENTED_EDGE('',*,*,#3156,.F.);
#3156 = EDGE_CURVE('',#3157,#3149,#3159,.T.);
#3157 = VERTEX_POINT('',#3158);
#3158 = CARTESIAN_POINT('',(102.137,128.01000032117,4.9));
#3159 = LINE('',#3160,#3161);
#3160 = CARTESIAN_POINT('',(80.77098502982,106.64398535099,4.9));
#3161 = VECTOR('',#3162,1.);
#3162 = DIRECTION('',(0.707106781187,0.707106781187,-0.));
#3163 = ORIENTED_EDGE('',*,*,#3164,.F.);
#3164 = EDGE_CURVE('',#3165,#3157,#3167,.T.);
#3165 = VERTEX_POINT('',#3166);
#3166 = CARTESIAN_POINT('',(102.137,134.69999999999,4.9));
#3167 = B_SPLINE_CURVE_WITH_KNOTS('',1,(#3168,#3169),.UNSPECIFIED.,.F.,
  .F.,(2,2),(0.,1.),.PIECEWISE_BEZIER_KNOTS.);
#3168 = CARTESIAN_POINT('',(102.137,139.00000032022,4.9));
#3169 = CARTESIAN_POINT('',(102.137,127.99845528519,4.9));
#3170 = ORIENTED_EDGE('',*,*,#3171,.F.);
#3171 = EDGE_CURVE('',#3172,#3165,#3174,.T.);
#3172 = VERTEX_POINT('',#3173);
#3173 = CARTESIAN_POINT('',(100.527,134.69999999999,4.9));
#3174 = LINE('',#3175,#3176);
#3175 = CARTESIAN_POINT('',(100.527,134.69999999999,4.9));
#3176 = VECTOR('',#3177,1.);
#3177 = DIRECTION('',(1.,0.,0.));
#3178 = ORIENTED_EDGE('',*,*,#3179,.F.);
#3179 = EDGE_CURVE('',#3180,#3172,#3182,.T.);
#3180 = VERTEX_POINT('',#3181);
#3181 = CARTESIAN_POINT('',(96.412251580488,137.75146267811,4.9));
#3182 = CIRCLE('',#3183,4.3);
#3183 = AXIS2_PLACEMENT_3D('',#3184,#3185,#3186);
#3184 = CARTESIAN_POINT('',(100.527,138.99999999999,4.9));
#3185 = DIRECTION('',(0.,0.,1.));
#3186 = DIRECTION('',(1.,0.,0.));
#3187 = ORIENTED_EDGE('',*,*,#3188,.F.);
#3188 = EDGE_CURVE('',#3189,#3180,#3191,.T.);
#3189 = VERTEX_POINT('',#3190);
#3190 = CARTESIAN_POINT('',(96.227,138.99999999999,4.9));
#3191 = CIRCLE('',#3192,4.3);
#3192 = AXIS2_PLACEMENT_3D('',#3193,#3194,#3195);
#3193 = CARTESIAN_POINT('',(100.527,138.99999999999,4.9));
#3194 = DIRECTION('',(0.,0.,1.));
#3195 = DIRECTION('',(1.,0.,0.));
#3196 = ORIENTED_EDGE('',*,*,#3197,.F.);
#3197 = EDGE_CURVE('',#3198,#3189,#3200,.T.);
#3198 = VERTEX_POINT('',#3199);
#3199 = CARTESIAN_POINT('',(96.227,142.04278258744,4.9));
#3200 = LINE('',#3201,#3202);
#3201 = CARTESIAN_POINT('',(96.227,148.49999999999,4.9));
#3202 = VECTOR('',#3203,1.);
#3203 = DIRECTION('',(0.,-1.,0.));
#3204 = ORIENTED_EDGE('',*,*,#3205,.T.);
#3205 = EDGE_CURVE('',#3198,#3206,#3208,.T.);
#3206 = VERTEX_POINT('',#3207);
#3207 = CARTESIAN_POINT('',(95.41,142.04278258744,4.9));
#3208 = LINE('',#3209,#3210);
#3209 = CARTESIAN_POINT('',(77.753822455146,142.04278258744,4.9));
#3210 = VECTOR('',#3211,1.);
#3211 = DIRECTION('',(-1.,-0.,0.));
#3212 = ORIENTED_EDGE('',*,*,#3213,.F.);
#3213 = EDGE_CURVE('',#3214,#3206,#3216,.T.);
#3214 = VERTEX_POINT('',#3215);
#3215 = CARTESIAN_POINT('',(95.41,111.40000000003,4.9));
#3216 = LINE('',#3217,#3218);
#3217 = CARTESIAN_POINT('',(95.41,62.093248365,4.9));
#3218 = VECTOR('',#3219,1.);
#3219 = DIRECTION('',(0.,1.,0.));
#3220 = ORIENTED_EDGE('',*,*,#3221,.F.);
#3221 = EDGE_CURVE('',#3222,#3214,#3224,.T.);
#3222 = VERTEX_POINT('',#3223);
#3223 = CARTESIAN_POINT('',(96.01,110.80000000005,4.9));
#3224 = LINE('',#3225,#3226);
#3225 = CARTESIAN_POINT('',(96.01,110.80000000005,4.9));
#3226 = VECTOR('',#3227,1.);
#3227 = DIRECTION('',(-0.707106781201,0.707106781173,0.));
#3228 = ORIENTED_EDGE('',*,*,#3229,.T.);
#3229 = EDGE_CURVE('',#3222,#3230,#3232,.T.);
#3230 = VERTEX_POINT('',#3231);
#3231 = CARTESIAN_POINT('',(96.01,86.299999999999,4.9));
#3232 = LINE('',#3233,#3234);
#3233 = CARTESIAN_POINT('',(96.01,91.299999999999,4.9));
#3234 = VECTOR('',#3235,1.);
#3235 = DIRECTION('',(0.,-1.,0.));
#3236 = ORIENTED_EDGE('',*,*,#3237,.T.);
#3237 = EDGE_CURVE('',#3230,#3238,#3240,.T.);
#3238 = VERTEX_POINT('',#3239);
#3239 = CARTESIAN_POINT('',(95.41,85.699999999999,4.9));
#3240 = LINE('',#3241,#3242);
#3241 = CARTESIAN_POINT('',(96.01,86.299999999999,4.9));
#3242 = VECTOR('',#3243,1.);
#3243 = DIRECTION('',(-0.707106781187,-0.707106781187,0.));
#3244 = ORIENTED_EDGE('',*,*,#3245,.F.);
#3245 = EDGE_CURVE('',#3246,#3238,#3248,.T.);
#3246 = VERTEX_POINT('',#3247);
#3247 = CARTESIAN_POINT('',(95.41,62.093248365,4.9));
#3248 = LINE('',#3249,#3250);
#3249 = CARTESIAN_POINT('',(95.41,62.093248365,4.9));
#3250 = VECTOR('',#3251,1.);
#3251 = DIRECTION('',(0.,1.,0.));
#3252 = ORIENTED_EDGE('',*,*,#3253,.F.);
#3253 = EDGE_CURVE('',#3254,#3246,#3256,.T.);
#3254 = VERTEX_POINT('',#3255);
#3255 = CARTESIAN_POINT('',(92.51,59.193248365,4.9));
#3256 = CIRCLE('',#3257,2.9);
#3257 = AXIS2_PLACEMENT_3D('',#3258,#3259,#3260);
#3258 = CARTESIAN_POINT('',(92.51,62.093248365,4.9));
#3259 = DIRECTION('',(-0.,0.,1.));
#3260 = DIRECTION('',(0.,-1.,0.));
#3261 = ORIENTED_EDGE('',*,*,#3262,.F.);
#3262 = EDGE_CURVE('',#3263,#3254,#3265,.T.);
#3263 = VERTEX_POINT('',#3264);
#3264 = CARTESIAN_POINT('',(60.5315094,59.193248365,4.9));
#3265 = LINE('',#3266,#3267);
#3266 = CARTESIAN_POINT('',(60.5315094,59.193248365,4.9));
#3267 = VECTOR('',#3268,1.);
#3268 = DIRECTION('',(1.,0.,0.));
#3269 = ORIENTED_EDGE('',*,*,#3270,.F.);
#3270 = EDGE_CURVE('',#3271,#3263,#3273,.T.);
#3271 = VERTEX_POINT('',#3272);
#3272 = CARTESIAN_POINT('',(60.5315094,58.63423538,4.9));
#3273 = LINE('',#3274,#3275);
#3274 = CARTESIAN_POINT('',(60.5315094,58.63423538,4.9));
#3275 = VECTOR('',#3276,1.);
#3276 = DIRECTION('',(0.,1.,0.));
#3277 = ORIENTED_EDGE('',*,*,#3278,.F.);
#3278 = EDGE_CURVE('',#3279,#3271,#3281,.T.);
#3279 = VERTEX_POINT('',#3280);
#3280 = CARTESIAN_POINT('',(39.63704681,58.63423538,4.9));
#3281 = LINE('',#3282,#3283);
#3282 = CARTESIAN_POINT('',(40.63704681,58.63423538,4.9));
#3283 = VECTOR('',#3284,1.);
#3284 = DIRECTION('',(1.,0.,0.));
#3285 = ORIENTED_EDGE('',*,*,#3286,.F.);
#3286 = EDGE_CURVE('',#3287,#3279,#3289,.T.);
#3287 = VERTEX_POINT('',#3288);
#3288 = CARTESIAN_POINT('',(39.63704681,64.55226135,4.9));
#3289 = LINE('',#3290,#3291);
#3290 = CARTESIAN_POINT('',(39.63704681,64.55226135,4.9));
#3291 = VECTOR('',#3292,1.);
#3292 = DIRECTION('',(0.,-1.,0.));
#3293 = ORIENTED_EDGE('',*,*,#3294,.F.);
#3294 = EDGE_CURVE('',#3295,#3287,#3297,.T.);
#3295 = VERTEX_POINT('',#3296);
#3296 = CARTESIAN_POINT('',(60.5315094,64.55226135,4.9));
#3297 = LINE('',#3298,#3299);
#3298 = CARTESIAN_POINT('',(40.63704681,64.55226135,4.9));
#3299 = VECTOR('',#3300,1.);
#3300 = DIRECTION('',(-1.,0.,0.));
#3301 = ORIENTED_EDGE('',*,*,#3302,.F.);
#3302 = EDGE_CURVE('',#2433,#3295,#3303,.T.);
#3303 = LINE('',#3304,#3305);
#3304 = CARTESIAN_POINT('',(60.5315094,58.63423538,4.9));
#3305 = VECTOR('',#3306,1.);
#3306 = DIRECTION('',(0.,1.,0.));
#3307 = FACE_BOUND('',#3308,.T.);
#3308 = EDGE_LOOP('',(#3309,#3319,#3327,#3335));
#3309 = ORIENTED_EDGE('',*,*,#3310,.F.);
#3310 = EDGE_CURVE('',#3311,#3313,#3315,.T.);
#3311 = VERTEX_POINT('',#3312);
#3312 = CARTESIAN_POINT('',(20.8496,22.672,4.9));
#3313 = VERTEX_POINT('',#3314);
#3314 = CARTESIAN_POINT('',(28.20759773,22.672,4.9));
#3315 = LINE('',#3316,#3317);
#3316 = CARTESIAN_POINT('',(20.8496,22.672,4.9));
#3317 = VECTOR('',#3318,1.);
#3318 = DIRECTION('',(1.,0.,0.));
#3319 = ORIENTED_EDGE('',*,*,#3320,.F.);
#3320 = EDGE_CURVE('',#3321,#3311,#3323,.T.);
#3321 = VERTEX_POINT('',#3322);
#3322 = CARTESIAN_POINT('',(20.8496,45.77446365,4.9));
#3323 = LINE('',#3324,#3325);
#3324 = CARTESIAN_POINT('',(20.8496,45.77446365,4.9));
#3325 = VECTOR('',#3326,1.);
#3326 = DIRECTION('',(0.,-1.,0.));
#3327 = ORIENTED_EDGE('',*,*,#3328,.F.);
#3328 = EDGE_CURVE('',#3329,#3321,#3331,.T.);
#3329 = VERTEX_POINT('',#3330);
#3330 = CARTESIAN_POINT('',(28.20759773,45.77446365,4.9));
#3331 = LINE('',#3332,#3333);
#3332 = CARTESIAN_POINT('',(28.20759773,45.77446365,4.9));
#3333 = VECTOR('',#3334,1.);
#3334 = DIRECTION('',(-1.,0.,0.));
#3335 = ORIENTED_EDGE('',*,*,#3336,.F.);
#3336 = EDGE_CURVE('',#3313,#3329,#3337,.T.);
#3337 = LINE('',#3338,#3339);
#3338 = CARTESIAN_POINT('',(28.20759773,22.672,4.9));
#3339 = VECTOR('',#3340,1.);
#3340 = DIRECTION('',(0.,1.,0.));
#3341 = FACE_BOUND('',#3342,.T.);
#3342 = EDGE_LOOP('',(#3343,#3353,#3361,#3369,#3377,#3385));
#3343 = ORIENTED_EDGE('',*,*,#3344,.F.);
#3344 = EDGE_CURVE('',#3345,#3347,#3349,.T.);
#3345 = VERTEX_POINT('',#3346);
#3346 = CARTESIAN_POINT('',(53.75271225,45.24160767,4.9));
#3347 = VERTEX_POINT('',#3348);
#3348 = CARTESIAN_POINT('',(53.75271225,38.0643959,4.9));
#3349 = LINE('',#3350,#3351);
#3350 = CARTESIAN_POINT('',(53.75271225,45.24160767,4.9));
#3351 = VECTOR('',#3352,1.);
#3352 = DIRECTION('',(0.,-1.,0.));
#3353 = ORIENTED_EDGE('',*,*,#3354,.F.);
#3354 = EDGE_CURVE('',#3355,#3345,#3357,.T.);
#3355 = VERTEX_POINT('',#3356);
#3356 = CARTESIAN_POINT('',(59.21596146,45.24160767,4.9));
#3357 = LINE('',#3358,#3359);
#3358 = CARTESIAN_POINT('',(59.21596146,45.24160767,4.9));
#3359 = VECTOR('',#3360,1.);
#3360 = DIRECTION('',(-1.,0.,0.));
#3361 = ORIENTED_EDGE('',*,*,#3362,.F.);
#3362 = EDGE_CURVE('',#3363,#3355,#3365,.T.);
#3363 = VERTEX_POINT('',#3364);
#3364 = CARTESIAN_POINT('',(59.21596146,49.47294998,4.9));
#3365 = LINE('',#3366,#3367);
#3366 = CARTESIAN_POINT('',(59.21596146,49.47294998,4.9));
#3367 = VECTOR('',#3368,1.);
#3368 = DIRECTION('',(0.,-1.,0.));
#3369 = ORIENTED_EDGE('',*,*,#3370,.F.);
#3370 = EDGE_CURVE('',#3371,#3363,#3373,.T.);
#3371 = VERTEX_POINT('',#3372);
#3372 = CARTESIAN_POINT('',(66.12536621,49.47294998,4.9));
#3373 = LINE('',#3374,#3375);
#3374 = CARTESIAN_POINT('',(66.12536621,49.47294998,4.9));
#3375 = VECTOR('',#3376,1.);
#3376 = DIRECTION('',(-1.,0.,0.));
#3377 = ORIENTED_EDGE('',*,*,#3378,.F.);
#3378 = EDGE_CURVE('',#3379,#3371,#3381,.T.);
#3379 = VERTEX_POINT('',#3380);
#3380 = CARTESIAN_POINT('',(66.12536621,38.0643959,4.9));
#3381 = LINE('',#3382,#3383);
#3382 = CARTESIAN_POINT('',(66.12536621,38.0643959,4.9));
#3383 = VECTOR('',#3384,1.);
#3384 = DIRECTION('',(0.,1.,0.));
#3385 = ORIENTED_EDGE('',*,*,#3386,.F.);
#3386 = EDGE_CURVE('',#3347,#3379,#3387,.T.);
#3387 = LINE('',#3388,#3389);
#3388 = CARTESIAN_POINT('',(53.75271225,38.0643959,4.9));
#3389 = VECTOR('',#3390,1.);
#3390 = DIRECTION('',(1.,0.,0.));
#3391 = FACE_BOUND('',#3392,.T.);
#3392 = EDGE_LOOP('',(#3393,#3403,#3412,#3420,#3429,#3437,#3446,#3454));
#3393 = ORIENTED_EDGE('',*,*,#3394,.F.);
#3394 = EDGE_CURVE('',#3395,#3397,#3399,.T.);
#3395 = VERTEX_POINT('',#3396);
#3396 = CARTESIAN_POINT('',(86.901314,33.988976,4.9));
#3397 = VERTEX_POINT('',#3398);
#3398 = CARTESIAN_POINT('',(86.901314,45.512505,4.9));
#3399 = LINE('',#3400,#3401);
#3400 = CARTESIAN_POINT('',(86.901314,32.988976,4.9));
#3401 = VECTOR('',#3402,1.);
#3402 = DIRECTION('',(0.,1.,0.));
#3403 = ORIENTED_EDGE('',*,*,#3404,.T.);
#3404 = EDGE_CURVE('',#3395,#3405,#3407,.T.);
#3405 = VERTEX_POINT('',#3406);
#3406 = CARTESIAN_POINT('',(85.901314,32.988976,4.9));
#3407 = CIRCLE('',#3408,1.);
#3408 = AXIS2_PLACEMENT_3D('',#3409,#3410,#3411);
#3409 = CARTESIAN_POINT('',(85.901314,33.988976,4.9));
#3410 = DIRECTION('',(0.,0.,-1.));
#3411 = DIRECTION('',(0.,1.,0.));
#3412 = ORIENTED_EDGE('',*,*,#3413,.F.);
#3413 = EDGE_CURVE('',#3414,#3405,#3416,.T.);
#3414 = VERTEX_POINT('',#3415);
#3415 = CARTESIAN_POINT('',(75.301338,32.988976,4.9));
#3416 = LINE('',#3417,#3418);
#3417 = CARTESIAN_POINT('',(74.301338,32.988976,4.9));
#3418 = VECTOR('',#3419,1.);
#3419 = DIRECTION('',(1.,0.,0.));
#3420 = ORIENTED_EDGE('',*,*,#3421,.T.);
#3421 = EDGE_CURVE('',#3414,#3422,#3424,.T.);
#3422 = VERTEX_POINT('',#3423);
#3423 = CARTESIAN_POINT('',(74.301338,33.988976,4.9));
#3424 = CIRCLE('',#3425,1.);
#3425 = AXIS2_PLACEMENT_3D('',#3426,#3427,#3428);
#3426 = CARTESIAN_POINT('',(75.301338,33.988976,4.9));
#3427 = DIRECTION('',(0.,0.,-1.));
#3428 = DIRECTION('',(0.,1.,0.));
#3429 = ORIENTED_EDGE('',*,*,#3430,.F.);
#3430 = EDGE_CURVE('',#3431,#3422,#3433,.T.);
#3431 = VERTEX_POINT('',#3432);
#3432 = CARTESIAN_POINT('',(74.301338,45.512505,4.9));
#3433 = LINE('',#3434,#3435);
#3434 = CARTESIAN_POINT('',(74.301338,46.512505,4.9));
#3435 = VECTOR('',#3436,1.);
#3436 = DIRECTION('',(0.,-1.,0.));
#3437 = ORIENTED_EDGE('',*,*,#3438,.F.);
#3438 = EDGE_CURVE('',#3439,#3431,#3441,.T.);
#3439 = VERTEX_POINT('',#3440);
#3440 = CARTESIAN_POINT('',(75.301338,46.512505,4.9));
#3441 = CIRCLE('',#3442,1.);
#3442 = AXIS2_PLACEMENT_3D('',#3443,#3444,#3445);
#3443 = CARTESIAN_POINT('',(75.301338,45.512505,4.9));
#3444 = DIRECTION('',(0.,-0.,1.));
#3445 = DIRECTION('',(0.,1.,0.));
#3446 = ORIENTED_EDGE('',*,*,#3447,.F.);
#3447 = EDGE_CURVE('',#3448,#3439,#3450,.T.);
#3448 = VERTEX_POINT('',#3449);
#3449 = CARTESIAN_POINT('',(85.901314,46.512505,4.9));
#3450 = LINE('',#3451,#3452);
#3451 = CARTESIAN_POINT('',(86.901314,46.512505,4.9));
#3452 = VECTOR('',#3453,1.);
#3453 = DIRECTION('',(-1.,0.,0.));
#3454 = ORIENTED_EDGE('',*,*,#3455,.F.);
#3455 = EDGE_CURVE('',#3397,#3448,#3456,.T.);
#3456 = CIRCLE('',#3457,1.);
#3457 = AXIS2_PLACEMENT_3D('',#3458,#3459,#3460);
#3458 = CARTESIAN_POINT('',(85.901314,45.512505,4.9));
#3459 = DIRECTION('',(0.,-0.,1.));
#3460 = DIRECTION('',(0.,1.,0.));
#3461 = FACE_BOUND('',#3462,.T.);
#3462 = EDGE_LOOP('',(#3463,#3473,#3481,#3489,#3497,#3505,#3513,#3521));
#3463 = ORIENTED_EDGE('',*,*,#3464,.F.);
#3464 = EDGE_CURVE('',#3465,#3467,#3469,.T.);
#3465 = VERTEX_POINT('',#3466);
#3466 = CARTESIAN_POINT('',(68.3641,89.7065,4.9));
#3467 = VERTEX_POINT('',#3468);
#3468 = CARTESIAN_POINT('',(68.3641,68.2795639,4.9));
#3469 = LINE('',#3470,#3471);
#3470 = CARTESIAN_POINT('',(68.3641,89.7065,4.9));
#3471 = VECTOR('',#3472,1.);
#3472 = DIRECTION('',(0.,-1.,0.));
#3473 = ORIENTED_EDGE('',*,*,#3474,.F.);
#3474 = EDGE_CURVE('',#3475,#3465,#3477,.T.);
#3475 = VERTEX_POINT('',#3476);
#3476 = CARTESIAN_POINT('',(73.43478394,89.7065,4.9));
#3477 = LINE('',#3478,#3479);
#3478 = CARTESIAN_POINT('',(73.43478394,89.7065,4.9));
#3479 = VECTOR('',#3480,1.);
#3480 = DIRECTION('',(-1.,0.,0.));
#3481 = ORIENTED_EDGE('',*,*,#3482,.F.);
#3482 = EDGE_CURVE('',#3483,#3475,#3485,.T.);
#3483 = VERTEX_POINT('',#3484);
#3484 = CARTESIAN_POINT('',(73.43478394,88.09575653,4.9));
#3485 = LINE('',#3486,#3487);
#3486 = CARTESIAN_POINT('',(73.43478394,88.09575653,4.9));
#3487 = VECTOR('',#3488,1.);
#3488 = DIRECTION('',(0.,1.,0.));
#3489 = ORIENTED_EDGE('',*,*,#3490,.F.);
#3490 = EDGE_CURVE('',#3491,#3483,#3493,.T.);
#3491 = VERTEX_POINT('',#3492);
#3492 = CARTESIAN_POINT('',(85.4203949,88.09575653,4.9));
#3493 = LINE('',#3494,#3495);
#3494 = CARTESIAN_POINT('',(85.4203949,88.09575653,4.9));
#3495 = VECTOR('',#3496,1.);
#3496 = DIRECTION('',(-1.,0.,0.));
#3497 = ORIENTED_EDGE('',*,*,#3498,.F.);
#3498 = EDGE_CURVE('',#3499,#3491,#3501,.T.);
#3499 = VERTEX_POINT('',#3500);
#3500 = CARTESIAN_POINT('',(85.4203949,72.59437561,4.9));
#3501 = LINE('',#3502,#3503);
#3502 = CARTESIAN_POINT('',(85.4203949,72.59437561,4.9));
#3503 = VECTOR('',#3504,1.);
#3504 = DIRECTION('',(0.,1.,0.));
#3505 = ORIENTED_EDGE('',*,*,#3506,.F.);
#3506 = EDGE_CURVE('',#3507,#3499,#3509,.T.);
#3507 = VERTEX_POINT('',#3508);
#3508 = CARTESIAN_POINT('',(73.43478394,72.59437561,4.9));
#3509 = LINE('',#3510,#3511);
#3510 = CARTESIAN_POINT('',(73.43478394,72.59437561,4.9));
#3511 = VECTOR('',#3512,1.);
#3512 = DIRECTION('',(1.,0.,0.));
#3513 = ORIENTED_EDGE('',*,*,#3514,.F.);
#3514 = EDGE_CURVE('',#3515,#3507,#3517,.T.);
#3515 = VERTEX_POINT('',#3516);
#3516 = CARTESIAN_POINT('',(73.43478394,68.2795639,4.9));
#3517 = LINE('',#3518,#3519);
#3518 = CARTESIAN_POINT('',(73.43478394,68.2795639,4.9));
#3519 = VECTOR('',#3520,1.);
#3520 = DIRECTION('',(0.,1.,0.));
#3521 = ORIENTED_EDGE('',*,*,#3522,.F.);
#3522 = EDGE_CURVE('',#3467,#3515,#3523,.T.);
#3523 = LINE('',#3524,#3525);
#3524 = CARTESIAN_POINT('',(68.3641,68.2795639,4.9));
#3525 = VECTOR('',#3526,1.);
#3526 = DIRECTION('',(1.,0.,0.));
#3527 = PLANE('',#3528);
#3528 = AXIS2_PLACEMENT_3D('',#3529,#3530,#3531);
#3529 = CARTESIAN_POINT('',(54.980644589127,89.722295851324,4.9));
#3530 = DIRECTION('',(0.,0.,1.));
#3531 = DIRECTION('',(1.,0.,0.));
#3532 = ADVANCED_FACE('',(#3533),#3575,.T.);
#3533 = FACE_BOUND('',#3534,.T.);
#3534 = EDGE_LOOP('',(#3535,#3545,#3553,#3561,#3567,#3568,#3569));
#3535 = ORIENTED_EDGE('',*,*,#3536,.T.);
#3536 = EDGE_CURVE('',#3537,#3539,#3541,.T.);
#3537 = VERTEX_POINT('',#3538);
#3538 = CARTESIAN_POINT('',(21.51,142.29999999999,4.454486372868));
#3539 = VERTEX_POINT('',#3540);
#3540 = CARTESIAN_POINT('',(21.51,142.04278258744,4.9));
#3541 = LINE('',#3542,#3543);
#3542 = CARTESIAN_POINT('',(21.51,140.2519903129,8.001743205317));
#3543 = VECTOR('',#3544,1.);
#3544 = DIRECTION('',(0.,-0.5,0.866025403784));
#3545 = ORIENTED_EDGE('',*,*,#3546,.T.);
#3546 = EDGE_CURVE('',#3539,#3547,#3549,.T.);
#3547 = VERTEX_POINT('',#3548);
#3548 = CARTESIAN_POINT('',(21.51,105.80570189158,4.9));
#3549 = LINE('',#3550,#3551);
#3550 = CARTESIAN_POINT('',(21.51,142.29999999999,4.9));
#3551 = VECTOR('',#3552,1.);
#3552 = DIRECTION('',(0.,-1.,0.));
#3553 = ORIENTED_EDGE('',*,*,#3554,.T.);
#3554 = EDGE_CURVE('',#3547,#3555,#3557,.T.);
#3555 = VERTEX_POINT('',#3556);
#3556 = CARTESIAN_POINT('',(21.51,105.80570189158,3.8));
#3557 = LINE('',#3558,#3559);
#3558 = CARTESIAN_POINT('',(21.51,105.80570189158,4.125));
#3559 = VECTOR('',#3560,1.);
#3560 = DIRECTION('',(-0.,-0.,-1.));
#3561 = ORIENTED_EDGE('',*,*,#3562,.F.);
#3562 = EDGE_CURVE('',#64,#3555,#3563,.T.);
#3563 = LINE('',#3564,#3565);
#3564 = CARTESIAN_POINT('',(21.51,91.3,3.8));
#3565 = VECTOR('',#3566,1.);
#3566 = DIRECTION('',(0.,1.,0.));
#3567 = ORIENTED_EDGE('',*,*,#63,.T.);
#3568 = ORIENTED_EDGE('',*,*,#2340,.T.);
#3569 = ORIENTED_EDGE('',*,*,#3570,.F.);
#3570 = EDGE_CURVE('',#3537,#2341,#3571,.T.);
#3571 = LINE('',#3572,#3573);
#3572 = CARTESIAN_POINT('',(21.51,142.29999999999,4.9));
#3573 = VECTOR('',#3574,1.);
#3574 = DIRECTION('',(-0.,-0.,-1.));
#3575 = PLANE('',#3576);
#3576 = AXIS2_PLACEMENT_3D('',#3577,#3578,#3579);
#3577 = CARTESIAN_POINT('',(21.51,116.9474701671,3.202529832895));
#3578 = DIRECTION('',(1.,0.,0.));
#3579 = DIRECTION('',(0.,0.,1.));
#3580 = ADVANCED_FACE('',(#3581),#3637,.T.);
#3581 = FACE_BOUND('',#3582,.T.);
#3582 = EDGE_LOOP('',(#3583,#3593,#3599,#3600,#3606,#3607,#3615,#3623,
    #3629,#3630,#3631));
#3583 = ORIENTED_EDGE('',*,*,#3584,.T.);
#3584 = EDGE_CURVE('',#3585,#3587,#3589,.T.);
#3585 = VERTEX_POINT('',#3586);
#3586 = CARTESIAN_POINT('',(30.807382,90.599999999999,3.8));
#3587 = VERTEX_POINT('',#3588);
#3588 = CARTESIAN_POINT('',(30.807382,90.599999999999,2.));
#3589 = LINE('',#3590,#3591);
#3590 = CARTESIAN_POINT('',(30.807382,90.599999999999,3.8));
#3591 = VECTOR('',#3592,1.);
#3592 = DIRECTION('',(-0.,-0.,-1.));
#3593 = ORIENTED_EDGE('',*,*,#3594,.F.);
#3594 = EDGE_CURVE('',#2377,#3587,#3595,.T.);
#3595 = LINE('',#3596,#3597);
#3596 = CARTESIAN_POINT('',(30.807382,88.24851558842,4.35148441158));
#3597 = VECTOR('',#3598,1.);
#3598 = DIRECTION('',(-3.23E-15,-0.707106781187,0.707106781187));
#3599 = ORIENTED_EDGE('',*,*,#2376,.F.);
#3600 = ORIENTED_EDGE('',*,*,#3601,.F.);
#3601 = EDGE_CURVE('',#2516,#2369,#3602,.T.);
#3602 = LINE('',#3603,#3604);
#3603 = CARTESIAN_POINT('',(30.807382,73.0652691,4.9));
#3604 = VECTOR('',#3605,1.);
#3605 = DIRECTION('',(-0.,-0.,-1.));
#3606 = ORIENTED_EDGE('',*,*,#2515,.F.);
#3607 = ORIENTED_EDGE('',*,*,#3608,.T.);
#3608 = EDGE_CURVE('',#2508,#3609,#3611,.T.);
#3609 = VERTEX_POINT('',#3610);
#3610 = CARTESIAN_POINT('',(30.807382,74.238081105,3.9));
#3611 = LINE('',#3612,#3613);
#3612 = CARTESIAN_POINT('',(30.807382,74.238081105,4.9));
#3613 = VECTOR('',#3614,1.);
#3614 = DIRECTION('',(-0.,-0.,-1.));
#3615 = ORIENTED_EDGE('',*,*,#3616,.T.);
#3616 = EDGE_CURVE('',#3609,#3617,#3619,.T.);
#3617 = VERTEX_POINT('',#3618);
#3618 = CARTESIAN_POINT('',(30.807382,88.238081105,3.9));
#3619 = LINE('',#3620,#3621);
#3620 = CARTESIAN_POINT('',(30.807382,74.238081105,3.9));
#3621 = VECTOR('',#3622,1.);
#3622 = DIRECTION('',(0.,1.,0.));
#3623 = ORIENTED_EDGE('',*,*,#3624,.F.);
#3624 = EDGE_CURVE('',#2452,#3617,#3625,.T.);
#3625 = LINE('',#3626,#3627);
#3626 = CARTESIAN_POINT('',(30.807382,88.238081105,4.9));
#3627 = VECTOR('',#3628,1.);
#3628 = DIRECTION('',(-0.,-0.,-1.));
#3629 = ORIENTED_EDGE('',*,*,#2451,.F.);
#3630 = ORIENTED_EDGE('',*,*,#79,.F.);
#3631 = ORIENTED_EDGE('',*,*,#3632,.T.);
#3632 = EDGE_CURVE('',#72,#3585,#3633,.T.);
#3633 = LINE('',#3634,#3635);
#3634 = CARTESIAN_POINT('',(30.807382,91.299999999999,3.8));
#3635 = VECTOR('',#3636,1.);
#3636 = DIRECTION('',(0.,-1.,0.));
#3637 = PLANE('',#3638);
#3638 = AXIS2_PLACEMENT_3D('',#3639,#3640,#3641);
#3639 = CARTESIAN_POINT('',(30.807382,82.109002436304,3.114940082623));
#3640 = DIRECTION('',(-1.,-0.,-4.57E-15));
#3641 = DIRECTION('',(4.57E-15,0.,-1.));
#3642 = ADVANCED_FACE('',(#3643),#3782,.T.);
#3643 = FACE_BOUND('',#3644,.T.);
#3644 = EDGE_LOOP('',(#3645,#3655,#3662,#3670,#3678,#3686,#3693,#3701,
    #3709,#3717,#3726,#3734,#3742,#3750,#3756,#3757,#3758,#3759,#3767,
    #3775));
#3645 = ORIENTED_EDGE('',*,*,#3646,.F.);
#3646 = EDGE_CURVE('',#3647,#3649,#3651,.T.);
#3647 = VERTEX_POINT('',#3648);
#3648 = CARTESIAN_POINT('',(10.517,95.1499999998,3.8));
#3649 = VERTEX_POINT('',#3650);
#3650 = CARTESIAN_POINT('',(14.15931,95.1499999998,3.8));
#3651 = LINE('',#3652,#3653);
#3652 = CARTESIAN_POINT('',(11.824684582968,95.1499999998,3.8));
#3653 = VECTOR('',#3654,1.);
#3654 = DIRECTION('',(1.,0.,0.));
#3655 = ORIENTED_EDGE('',*,*,#3656,.F.);
#3656 = EDGE_CURVE('',#3657,#3647,#3659,.T.);
#3657 = VERTEX_POINT('',#3658);
#3658 = CARTESIAN_POINT('',(10.517,89.109999999978,3.8));
#3659 = B_SPLINE_CURVE_WITH_KNOTS('',1,(#3660,#3661),.UNSPECIFIED.,.F.,
  .F.,(2,2),(0.,1.),.PIECEWISE_BEZIER_KNOTS.);
#3660 = CARTESIAN_POINT('',(10.517,88.218101945021,3.8));
#3661 = CARTESIAN_POINT('',(10.517,105.80570189158,3.8));
#3662 = ORIENTED_EDGE('',*,*,#3663,.T.);
#3663 = EDGE_CURVE('',#3657,#3664,#3666,.T.);
#3664 = VERTEX_POINT('',#3665);
#3665 = CARTESIAN_POINT('',(8.227,91.399999999934,3.8));
#3666 = LINE('',#3667,#3668);
#3667 = CARTESIAN_POINT('',(11.997393191187,87.62960680882,3.8));
#3668 = VECTOR('',#3669,1.);
#3669 = DIRECTION('',(-0.707106781193,0.70710678118,0.));
#3670 = ORIENTED_EDGE('',*,*,#3671,.T.);
#3671 = EDGE_CURVE('',#3664,#3672,#3674,.T.);
#3672 = VERTEX_POINT('',#3673);
#3673 = CARTESIAN_POINT('',(8.227,82.2,3.8));
#3674 = LINE('',#3675,#3676);
#3675 = CARTESIAN_POINT('',(8.227,90.053070700582,3.8));
#3676 = VECTOR('',#3677,1.);
#3677 = DIRECTION('',(0.,-1.,0.));
#3678 = ORIENTED_EDGE('',*,*,#3679,.T.);
#3679 = EDGE_CURVE('',#3672,#3680,#3682,.T.);
#3680 = VERTEX_POINT('',#3681);
#3681 = CARTESIAN_POINT('',(10.517,84.49,3.8));
#3682 = LINE('',#3683,#3684);
#3683 = CARTESIAN_POINT('',(11.250463891792,85.223463891792,3.8));
#3684 = VECTOR('',#3685,1.);
#3685 = DIRECTION('',(0.707106781187,0.707106781187,-0.));
#3686 = ORIENTED_EDGE('',*,*,#3687,.F.);
#3687 = EDGE_CURVE('',#3688,#3680,#3690,.T.);
#3688 = VERTEX_POINT('',#3689);
#3689 = CARTESIAN_POINT('',(10.517,69.71,3.8));
#3690 = B_SPLINE_CURVE_WITH_KNOTS('',1,(#3691,#3692),.UNSPECIFIED.,.F.,
  .F.,(2,2),(0.,1.),.PIECEWISE_BEZIER_KNOTS.);
#3691 = CARTESIAN_POINT('',(10.517,68.489839749899,3.8));
#3692 = CARTESIAN_POINT('',(10.517,85.781227323271,3.8));
#3693 = ORIENTED_EDGE('',*,*,#3694,.F.);
#3694 = EDGE_CURVE('',#3695,#3688,#3697,.T.);
#3695 = VERTEX_POINT('',#3696);
#3696 = CARTESIAN_POINT('',(8.227,72.,3.8));
#3697 = LINE('',#3698,#3699);
#3698 = CARTESIAN_POINT('',(5.447393191176,74.779606808824,3.8));
#3699 = VECTOR('',#3700,1.);
#3700 = DIRECTION('',(0.707106781187,-0.707106781187,0.));
#3701 = ORIENTED_EDGE('',*,*,#3702,.F.);
#3702 = EDGE_CURVE('',#3703,#3695,#3705,.T.);
#3703 = VERTEX_POINT('',#3704);
#3704 = CARTESIAN_POINT('',(8.227,67.313042,3.8));
#3705 = LINE('',#3706,#3707);
#3706 = CARTESIAN_POINT('',(8.227,75.753070700616,3.8));
#3707 = VECTOR('',#3708,1.);
#3708 = DIRECTION('',(0.,1.,0.));
#3709 = ORIENTED_EDGE('',*,*,#3710,.T.);
#3710 = EDGE_CURVE('',#3703,#3711,#3713,.T.);
#3711 = VERTEX_POINT('',#3712);
#3712 = CARTESIAN_POINT('',(9.797688,67.313042,3.8));
#3713 = LINE('',#3714,#3715);
#3714 = CARTESIAN_POINT('',(5.51,67.313042,3.8));
#3715 = VECTOR('',#3716,1.);
#3716 = DIRECTION('',(1.,0.,0.));
#3717 = ORIENTED_EDGE('',*,*,#3718,.F.);
#3718 = EDGE_CURVE('',#3719,#3711,#3721,.T.);
#3719 = VERTEX_POINT('',#3720);
#3720 = CARTESIAN_POINT('',(10.797688,66.313042,3.8));
#3721 = CIRCLE('',#3722,1.);
#3722 = AXIS2_PLACEMENT_3D('',#3723,#3724,#3725);
#3723 = CARTESIAN_POINT('',(9.797688,66.313042,3.8));
#3724 = DIRECTION('',(0.,-0.,1.));
#3725 = DIRECTION('',(0.,1.,0.));
#3726 = ORIENTED_EDGE('',*,*,#3727,.F.);
#3727 = EDGE_CURVE('',#3728,#3719,#3730,.T.);
#3728 = VERTEX_POINT('',#3729);
#3729 = CARTESIAN_POINT('',(10.797688,94.1499999998,3.8));
#3730 = LINE('',#3731,#3732);
#3731 = CARTESIAN_POINT('',(10.797688,95.1499999998,3.8));
#3732 = VECTOR('',#3733,1.);
#3733 = DIRECTION('',(0.,-1.,0.));
#3734 = ORIENTED_EDGE('',*,*,#3735,.F.);
#3735 = EDGE_CURVE('',#3736,#3728,#3738,.T.);
#3736 = VERTEX_POINT('',#3737);
#3737 = CARTESIAN_POINT('',(17.460000000199,94.1499999998,3.8));
#3738 = LINE('',#3739,#3740);
#3739 = CARTESIAN_POINT('',(17.460000000199,94.1499999998,3.8));
#3740 = VECTOR('',#3741,1.);
#3741 = DIRECTION('',(-1.,0.,0.));
#3742 = ORIENTED_EDGE('',*,*,#3743,.F.);
#3743 = EDGE_CURVE('',#3744,#3736,#3746,.T.);
#3744 = VERTEX_POINT('',#3745);
#3745 = CARTESIAN_POINT('',(21.01,90.599999999999,3.8));
#3746 = LINE('',#3747,#3748);
#3747 = CARTESIAN_POINT('',(21.01,90.599999999999,3.8));
#3748 = VECTOR('',#3749,1.);
#3749 = DIRECTION('',(-0.707106781187,0.707106781187,0.));
#3750 = ORIENTED_EDGE('',*,*,#3751,.F.);
#3751 = EDGE_CURVE('',#3585,#3744,#3752,.T.);
#3752 = LINE('',#3753,#3754);
#3753 = CARTESIAN_POINT('',(30.807382,90.599999999999,3.8));
#3754 = VECTOR('',#3755,1.);
#3755 = DIRECTION('',(-1.,0.,0.));
#3756 = ORIENTED_EDGE('',*,*,#3632,.F.);
#3757 = ORIENTED_EDGE('',*,*,#71,.F.);
#3758 = ORIENTED_EDGE('',*,*,#3562,.T.);
#3759 = ORIENTED_EDGE('',*,*,#3760,.F.);
#3760 = EDGE_CURVE('',#3761,#3555,#3763,.T.);
#3761 = VERTEX_POINT('',#3762);
#3762 = CARTESIAN_POINT('',(17.15931,105.29275468839,3.8));
#3763 = LINE('',#3764,#3765);
#3764 = CARTESIAN_POINT('',(10.011275324264,104.45,3.8));
#3765 = VECTOR('',#3766,1.);
#3766 = DIRECTION('',(0.993121401156,0.117089207724,0.));
#3767 = ORIENTED_EDGE('',*,*,#3768,.T.);
#3768 = EDGE_CURVE('',#3761,#3769,#3771,.T.);
#3769 = VERTEX_POINT('',#3770);
#3770 = CARTESIAN_POINT('',(17.15931,98.1499999998,3.8));
#3771 = LINE('',#3772,#3773);
#3772 = CARTESIAN_POINT('',(17.15931,99.151507191154,3.8));
#3773 = VECTOR('',#3774,1.);
#3774 = DIRECTION('',(0.,-1.,0.));
#3775 = ORIENTED_EDGE('',*,*,#3776,.F.);
#3776 = EDGE_CURVE('',#3649,#3769,#3777,.T.);
#3777 = CIRCLE('',#3778,3.);
#3778 = AXIS2_PLACEMENT_3D('',#3779,#3780,#3781);
#3779 = CARTESIAN_POINT('',(14.15931,98.1499999998,3.8));
#3780 = DIRECTION('',(0.,0.,1.));
#3781 = DIRECTION('',(1.,0.,0.));
#3782 = PLANE('',#3783);
#3783 = AXIS2_PLACEMENT_3D('',#3784,#3785,#3786);
#3784 = CARTESIAN_POINT('',(13.814714165936,88.706141401231,3.8));
#3785 = DIRECTION('',(0.,0.,1.));
#3786 = DIRECTION('',(1.,0.,0.));
#3787 = ADVANCED_FACE('',(#3788),#3814,.T.);
#3788 = FACE_BOUND('',#3789,.T.);
#3789 = EDGE_LOOP('',(#3790,#3791,#3799,#3805,#3806,#3812,#3813));
#3790 = ORIENTED_EDGE('',*,*,#134,.F.);
#3791 = ORIENTED_EDGE('',*,*,#3792,.F.);
#3792 = EDGE_CURVE('',#3793,#135,#3795,.T.);
#3793 = VERTEX_POINT('',#3794);
#3794 = CARTESIAN_POINT('',(94.51,84.799999999999,4.));
#3795 = LINE('',#3796,#3797);
#3796 = CARTESIAN_POINT('',(94.51,84.799999999999,4.9));
#3797 = VECTOR('',#3798,1.);
#3798 = DIRECTION('',(-0.,-0.,-1.));
#3799 = ORIENTED_EDGE('',*,*,#3800,.F.);
#3800 = EDGE_CURVE('',#3238,#3793,#3801,.T.);
#3801 = LINE('',#3802,#3803);
#3802 = CARTESIAN_POINT('',(91.525541394167,81.815541394166,
    1.015541394167));
#3803 = VECTOR('',#3804,1.);
#3804 = DIRECTION('',(-0.57735026919,-0.57735026919,-0.57735026919));
#3805 = ORIENTED_EDGE('',*,*,#3237,.F.);
#3806 = ORIENTED_EDGE('',*,*,#3807,.T.);
#3807 = EDGE_CURVE('',#3230,#247,#3808,.T.);
#3808 = LINE('',#3809,#3810);
#3809 = CARTESIAN_POINT('',(96.01,86.299999999999,4.9));
#3810 = VECTOR('',#3811,1.);
#3811 = DIRECTION('',(-0.,-0.,-1.));
#3812 = ORIENTED_EDGE('',*,*,#246,.T.);
#3813 = ORIENTED_EDGE('',*,*,#156,.F.);
#3814 = PLANE('',#3815);
#3815 = AXIS2_PLACEMENT_3D('',#3816,#3817,#3818);
#3816 = CARTESIAN_POINT('',(96.01,86.299999999999,4.9));
#3817 = DIRECTION('',(-0.707106781187,0.707106781187,0.));
#3818 = DIRECTION('',(-0.707106781187,-0.707106781187,0.));
#3819 = ADVANCED_FACE('',(#3820),#3838,.T.);
#3820 = FACE_BOUND('',#3821,.T.);
#3821 = EDGE_LOOP('',(#3822,#3830,#3831,#3832));
#3822 = ORIENTED_EDGE('',*,*,#3823,.T.);
#3823 = EDGE_CURVE('',#3824,#3793,#3826,.T.);
#3824 = VERTEX_POINT('',#3825);
#3825 = CARTESIAN_POINT('',(94.51,62.093248365,4.));
#3826 = LINE('',#3827,#3828);
#3827 = CARTESIAN_POINT('',(94.51,62.093248365,4.));
#3828 = VECTOR('',#3829,1.);
#3829 = DIRECTION('',(0.,1.,0.));
#3830 = ORIENTED_EDGE('',*,*,#3792,.T.);
#3831 = ORIENTED_EDGE('',*,*,#180,.F.);
#3832 = ORIENTED_EDGE('',*,*,#3833,.F.);
#3833 = EDGE_CURVE('',#3824,#181,#3834,.T.);
#3834 = LINE('',#3835,#3836);
#3835 = CARTESIAN_POINT('',(94.51,62.093248365,3.9));
#3836 = VECTOR('',#3837,1.);
#3837 = DIRECTION('',(-0.,-0.,-1.));
#3838 = PLANE('',#3839);
#3839 = AXIS2_PLACEMENT_3D('',#3840,#3841,#3842);
#3840 = CARTESIAN_POINT('',(94.51,102.38945025102,3.542826068524));
#3841 = DIRECTION('',(-1.,-0.,-0.));
#3842 = DIRECTION('',(0.,0.,-1.));
#3843 = ADVANCED_FACE('',(#3844),#3863,.F.);
#3844 = FACE_BOUND('',#3845,.F.);
#3845 = EDGE_LOOP('',(#3846,#3847,#3856,#3862));
#3846 = ORIENTED_EDGE('',*,*,#3833,.F.);
#3847 = ORIENTED_EDGE('',*,*,#3848,.F.);
#3848 = EDGE_CURVE('',#3849,#3824,#3851,.T.);
#3849 = VERTEX_POINT('',#3850);
#3850 = CARTESIAN_POINT('',(92.51,60.093248365,4.));
#3851 = CIRCLE('',#3852,2.);
#3852 = AXIS2_PLACEMENT_3D('',#3853,#3854,#3855);
#3853 = CARTESIAN_POINT('',(92.51,62.093248365,4.));
#3854 = DIRECTION('',(-0.,0.,1.));
#3855 = DIRECTION('',(0.,-1.,0.));
#3856 = ORIENTED_EDGE('',*,*,#3857,.T.);
#3857 = EDGE_CURVE('',#3849,#224,#3858,.T.);
#3858 = LINE('',#3859,#3860);
#3859 = CARTESIAN_POINT('',(92.51,60.093248365,4.9));
#3860 = VECTOR('',#3861,1.);
#3861 = DIRECTION('',(-0.,-0.,-1.));
#3862 = ORIENTED_EDGE('',*,*,#231,.T.);
#3863 = CYLINDRICAL_SURFACE('',#3864,2.);
#3864 = AXIS2_PLACEMENT_3D('',#3865,#3866,#3867);
#3865 = CARTESIAN_POINT('',(92.51,62.093248365,4.9));
#3866 = DIRECTION('',(0.,0.,1.));
#3867 = DIRECTION('',(1.,0.,0.));
#3868 = ADVANCED_FACE('',(#3869),#3887,.T.);
#3869 = FACE_BOUND('',#3870,.T.);
#3870 = EDGE_LOOP('',(#3871,#3879,#3885,#3886));
#3871 = ORIENTED_EDGE('',*,*,#3872,.F.);
#3872 = EDGE_CURVE('',#3873,#216,#3875,.T.);
#3873 = VERTEX_POINT('',#3874);
#3874 = CARTESIAN_POINT('',(60.5315094,60.093248365,4.));
#3875 = LINE('',#3876,#3877);
#3876 = CARTESIAN_POINT('',(60.5315094,60.093248365,4.9));
#3877 = VECTOR('',#3878,1.);
#3878 = DIRECTION('',(-0.,-0.,-1.));
#3879 = ORIENTED_EDGE('',*,*,#3880,.T.);
#3880 = EDGE_CURVE('',#3873,#3849,#3881,.T.);
#3881 = LINE('',#3882,#3883);
#3882 = CARTESIAN_POINT('',(60.5315094,60.093248365,4.));
#3883 = VECTOR('',#3884,1.);
#3884 = DIRECTION('',(1.,0.,0.));
#3885 = ORIENTED_EDGE('',*,*,#3857,.T.);
#3886 = ORIENTED_EDGE('',*,*,#223,.F.);
#3887 = PLANE('',#3888);
#3888 = AXIS2_PLACEMENT_3D('',#3889,#3890,#3891);
#3889 = CARTESIAN_POINT('',(76.5207547,60.093248365,3.9));
#3890 = DIRECTION('',(0.,1.,0.));
#3891 = DIRECTION('',(0.,0.,1.));
#3892 = ADVANCED_FACE('',(#3893),#3932,.F.);
#3893 = FACE_BOUND('',#3894,.F.);
#3894 = EDGE_LOOP('',(#3895,#3896,#3902,#3903,#3909,#3910,#3918,#3924,
    #3925,#3926));
#3895 = ORIENTED_EDGE('',*,*,#3270,.F.);
#3896 = ORIENTED_EDGE('',*,*,#3897,.T.);
#3897 = EDGE_CURVE('',#3271,#2164,#3898,.T.);
#3898 = LINE('',#3899,#3900);
#3899 = CARTESIAN_POINT('',(60.5315094,58.63423538,4.9));
#3900 = VECTOR('',#3901,1.);
#3901 = DIRECTION('',(-0.,-0.,-1.));
#3902 = ORIENTED_EDGE('',*,*,#2173,.F.);
#3903 = ORIENTED_EDGE('',*,*,#3904,.F.);
#3904 = EDGE_CURVE('',#3295,#2174,#3905,.T.);
#3905 = LINE('',#3906,#3907);
#3906 = CARTESIAN_POINT('',(60.5315094,64.55226135,4.9));
#3907 = VECTOR('',#3908,1.);
#3908 = DIRECTION('',(-0.,-0.,-1.));
#3909 = ORIENTED_EDGE('',*,*,#3302,.F.);
#3910 = ORIENTED_EDGE('',*,*,#3911,.T.);
#3911 = EDGE_CURVE('',#2433,#3912,#3914,.T.);
#3912 = VERTEX_POINT('',#3913);
#3913 = CARTESIAN_POINT('',(60.5315094,63.093248365,4.));
#3914 = LINE('',#3915,#3916);
#3915 = CARTESIAN_POINT('',(60.5315094,62.42849511875,3.33524675375));
#3916 = VECTOR('',#3917,1.);
#3917 = DIRECTION('',(0.,-0.707106781187,-0.707106781187));
#3918 = ORIENTED_EDGE('',*,*,#3919,.T.);
#3919 = EDGE_CURVE('',#3912,#208,#3920,.T.);
#3920 = LINE('',#3921,#3922);
#3921 = CARTESIAN_POINT('',(60.5315094,63.093248365,3.9));
#3922 = VECTOR('',#3923,1.);
#3923 = DIRECTION('',(-0.,-0.,-1.));
#3924 = ORIENTED_EDGE('',*,*,#215,.T.);
#3925 = ORIENTED_EDGE('',*,*,#3872,.F.);
#3926 = ORIENTED_EDGE('',*,*,#3927,.F.);
#3927 = EDGE_CURVE('',#3263,#3873,#3928,.T.);
#3928 = LINE('',#3929,#3930);
#3929 = CARTESIAN_POINT('',(60.5315094,59.27849511875,4.81475324625));
#3930 = VECTOR('',#3931,1.);
#3931 = DIRECTION('',(0.,0.707106781187,-0.707106781187));
#3932 = PLANE('',#3933);
#3933 = AXIS2_PLACEMENT_3D('',#3934,#3935,#3936);
#3934 = CARTESIAN_POINT('',(60.5315094,58.63423538,4.9));
#3935 = DIRECTION('',(1.,0.,0.));
#3936 = DIRECTION('',(0.,1.,0.));
#3937 = ADVANCED_FACE('',(#3938),#3956,.T.);
#3938 = FACE_BOUND('',#3939,.T.);
#3939 = EDGE_LOOP('',(#3940,#3941,#3942,#3950));
#3940 = ORIENTED_EDGE('',*,*,#3919,.T.);
#3941 = ORIENTED_EDGE('',*,*,#207,.T.);
#3942 = ORIENTED_EDGE('',*,*,#3943,.F.);
#3943 = EDGE_CURVE('',#3944,#199,#3946,.T.);
#3944 = VERTEX_POINT('',#3945);
#3945 = CARTESIAN_POINT('',(84.01,63.093248365,4.));
#3946 = LINE('',#3947,#3948);
#3947 = CARTESIAN_POINT('',(84.01,63.093248365,3.9));
#3948 = VECTOR('',#3949,1.);
#3949 = DIRECTION('',(-0.,-0.,-1.));
#3950 = ORIENTED_EDGE('',*,*,#3951,.F.);
#3951 = EDGE_CURVE('',#3912,#3944,#3952,.T.);
#3952 = LINE('',#3953,#3954);
#3953 = CARTESIAN_POINT('',(60.5315094,63.093248365,4.));
#3954 = VECTOR('',#3955,1.);
#3955 = DIRECTION('',(1.,3.E-16,0.));
#3956 = PLANE('',#3957);
#3957 = AXIS2_PLACEMENT_3D('',#3958,#3959,#3960);
#3958 = CARTESIAN_POINT('',(72.2707547,63.093248365,3.9));
#3959 = DIRECTION('',(3.E-16,-1.,0.));
#3960 = DIRECTION('',(-1.,-3.E-16,0.));
#3961 = ADVANCED_FACE('',(#3962),#3974,.T.);
#3962 = FACE_BOUND('',#3963,.T.);
#3963 = EDGE_LOOP('',(#3964,#3965,#3972,#3973));
#3964 = ORIENTED_EDGE('',*,*,#286,.F.);
#3965 = ORIENTED_EDGE('',*,*,#3966,.F.);
#3966 = EDGE_CURVE('',#3944,#287,#3967,.T.);
#3967 = CIRCLE('',#3968,7.5);
#3968 = AXIS2_PLACEMENT_3D('',#3969,#3970,#3971);
#3969 = CARTESIAN_POINT('',(84.01,70.593248365,4.));
#3970 = DIRECTION('',(-0.,0.,1.));
#3971 = DIRECTION('',(0.,-1.,0.));
#3972 = ORIENTED_EDGE('',*,*,#3943,.T.);
#3973 = ORIENTED_EDGE('',*,*,#198,.T.);
#3974 = CYLINDRICAL_SURFACE('',#3975,7.5);
#3975 = AXIS2_PLACEMENT_3D('',#3976,#3977,#3978);
#3976 = CARTESIAN_POINT('',(84.01,70.593248365,4.9));
#3977 = DIRECTION('',(0.,0.,1.));
#3978 = DIRECTION('',(1.,0.,0.));
#3979 = ADVANCED_FACE('',(#3980),#3991,.F.);
#3980 = FACE_BOUND('',#3981,.F.);
#3981 = EDGE_LOOP('',(#3982,#3988,#3989,#3990));
#3982 = ORIENTED_EDGE('',*,*,#3983,.F.);
#3983 = EDGE_CURVE('',#3222,#255,#3984,.T.);
#3984 = LINE('',#3985,#3986);
#3985 = CARTESIAN_POINT('',(96.01,110.80000000005,4.9));
#3986 = VECTOR('',#3987,1.);
#3987 = DIRECTION('',(-0.,-0.,-1.));
#3988 = ORIENTED_EDGE('',*,*,#3229,.T.);
#3989 = ORIENTED_EDGE('',*,*,#3807,.T.);
#3990 = ORIENTED_EDGE('',*,*,#254,.T.);
#3991 = PLANE('',#3992);
#3992 = AXIS2_PLACEMENT_3D('',#3993,#3994,#3995);
#3993 = CARTESIAN_POINT('',(96.01,98.550000000029,3.65));
#3994 = DIRECTION('',(1.,0.,0.));
#3995 = DIRECTION('',(0.,0.,1.));
#3996 = ADVANCED_FACE('',(#3997),#4009,.F.);
#3997 = FACE_BOUND('',#3998,.F.);
#3998 = EDGE_LOOP('',(#3999,#4000,#4001,#4002,#4003));
#3999 = ORIENTED_EDGE('',*,*,#3221,.F.);
#4000 = ORIENTED_EDGE('',*,*,#3983,.T.);
#4001 = ORIENTED_EDGE('',*,*,#262,.T.);
#4002 = ORIENTED_EDGE('',*,*,#336,.F.);
#4003 = ORIENTED_EDGE('',*,*,#4004,.F.);
#4004 = EDGE_CURVE('',#3214,#311,#4005,.T.);
#4005 = LINE('',#4006,#4007);
#4006 = CARTESIAN_POINT('',(103.67779193905,103.1322080613,
    13.167791939058));
#4007 = VECTOR('',#4008,1.);
#4008 = DIRECTION('',(-0.577350269197,0.577350269174,-0.577350269197));
#4009 = PLANE('',#4010);
#4010 = AXIS2_PLACEMENT_3D('',#4011,#4012,#4013);
#4011 = CARTESIAN_POINT('',(96.01,110.80000000005,4.9));
#4012 = DIRECTION('',(0.707106781173,0.707106781201,0.));
#4013 = DIRECTION('',(-0.707106781201,0.707106781173,0.));
#4014 = ADVANCED_FACE('',(#4015),#4034,.T.);
#4015 = FACE_BOUND('',#4016,.T.);
#4016 = EDGE_LOOP('',(#4017,#4018,#4019,#4027,#4033));
#4017 = ORIENTED_EDGE('',*,*,#4004,.F.);
#4018 = ORIENTED_EDGE('',*,*,#3213,.T.);
#4019 = ORIENTED_EDGE('',*,*,#4020,.T.);
#4020 = EDGE_CURVE('',#3206,#4021,#4023,.T.);
#4021 = VERTEX_POINT('',#4022);
#4022 = CARTESIAN_POINT('',(94.964486372868,142.29999999999,
    4.454486372868));
#4023 = LINE('',#4024,#4025);
#4024 = CARTESIAN_POINT('',(105.23626116273,136.36958806001,
    14.726261162732));
#4025 = VECTOR('',#4026,1.);
#4026 = DIRECTION('',(-0.654653670708,0.377964473009,-0.654653670708));
#4027 = ORIENTED_EDGE('',*,*,#4028,.T.);
#4028 = EDGE_CURVE('',#4021,#313,#4029,.T.);
#4029 = LINE('',#4030,#4031);
#4030 = CARTESIAN_POINT('',(94.96,142.29999999999,4.45));
#4031 = VECTOR('',#4032,1.);
#4032 = DIRECTION('',(-0.707106781187,0.,-0.707106781187));
#4033 = ORIENTED_EDGE('',*,*,#310,.F.);
#4034 = PLANE('',#4035);
#4035 = AXIS2_PLACEMENT_3D('',#4036,#4037,#4038);
#4036 = CARTESIAN_POINT('',(94.96,62.093248365,4.45));
#4037 = DIRECTION('',(-0.707106781187,0.,0.707106781187));
#4038 = DIRECTION('',(0.,1.,0.));
#4039 = ADVANCED_FACE('',(#4040),#4308,.F.);
#4040 = FACE_BOUND('',#4041,.F.);
#4041 = EDGE_LOOP('',(#4042,#4043,#4044,#4045,#4046,#4054,#4062,#4070,
    #4078,#4086,#4094,#4102,#4110,#4118,#4126,#4134,#4142,#4150,#4158,
    #4166,#4174,#4182,#4190,#4198,#4206,#4214,#4222,#4230,#4238,#4246,
    #4254,#4262,#4270,#4278,#4286,#4294,#4302));
#4042 = ORIENTED_EDGE('',*,*,#4028,.T.);
#4043 = ORIENTED_EDGE('',*,*,#320,.T.);
#4044 = ORIENTED_EDGE('',*,*,#2350,.F.);
#4045 = ORIENTED_EDGE('',*,*,#3570,.F.);
#4046 = ORIENTED_EDGE('',*,*,#4047,.T.);
#4047 = EDGE_CURVE('',#3537,#4048,#4050,.T.);
#4048 = VERTEX_POINT('',#4049);
#4049 = CARTESIAN_POINT('',(22.864009405922,142.29999999999,
    4.454486372868));
#4050 = LINE('',#4051,#4052);
#4051 = CARTESIAN_POINT('',(97.518500160583,142.29999999999,
    4.454486372868));
#4052 = VECTOR('',#4053,1.);
#4053 = DIRECTION('',(1.,-0.,0.));
#4054 = ORIENTED_EDGE('',*,*,#4055,.T.);
#4055 = EDGE_CURVE('',#4048,#4056,#4058,.T.);
#4056 = VERTEX_POINT('',#4057);
#4057 = CARTESIAN_POINT('',(22.864009405922,142.29999999999,4.9));
#4058 = LINE('',#4059,#4060);
#4059 = CARTESIAN_POINT('',(22.864009405922,142.29999999999,4.905));
#4060 = VECTOR('',#4061,1.);
#4061 = DIRECTION('',(0.,0.,1.));
#4062 = ORIENTED_EDGE('',*,*,#4063,.F.);
#4063 = EDGE_CURVE('',#4064,#4056,#4066,.T.);
#4064 = VERTEX_POINT('',#4065);
#4065 = CARTESIAN_POINT('',(25.78999123641,142.29999999999,4.9));
#4066 = LINE('',#4067,#4068);
#4067 = CARTESIAN_POINT('',(94.51,142.29999999999,4.9));
#4068 = VECTOR('',#4069,1.);
#4069 = DIRECTION('',(-1.,0.,0.));
#4070 = ORIENTED_EDGE('',*,*,#4071,.T.);
#4071 = EDGE_CURVE('',#4064,#4072,#4074,.T.);
#4072 = VERTEX_POINT('',#4073);
#4073 = CARTESIAN_POINT('',(25.78999123641,142.29999999999,
    4.454486372868));
#4074 = LINE('',#4075,#4076);
#4075 = CARTESIAN_POINT('',(25.78999123641,142.29999999999,4.905));
#4076 = VECTOR('',#4077,1.);
#4077 = DIRECTION('',(0.,0.,-1.));
#4078 = ORIENTED_EDGE('',*,*,#4079,.T.);
#4079 = EDGE_CURVE('',#4072,#4080,#4082,.T.);
#4080 = VERTEX_POINT('',#4081);
#4081 = CARTESIAN_POINT('',(32.43543797735,142.29999999999,
    4.454486372868));
#4082 = LINE('',#4083,#4084);
#4083 = CARTESIAN_POINT('',(97.518500160583,142.29999999999,
    4.454486372868));
#4084 = VECTOR('',#4085,1.);
#4085 = DIRECTION('',(1.,-0.,0.));
#4086 = ORIENTED_EDGE('',*,*,#4087,.T.);
#4087 = EDGE_CURVE('',#4080,#4088,#4090,.T.);
#4088 = VERTEX_POINT('',#4089);
#4089 = CARTESIAN_POINT('',(32.43543797735,142.29999999999,4.9));
#4090 = LINE('',#4091,#4092);
#4091 = CARTESIAN_POINT('',(32.43543797735,142.29999999999,4.905));
#4092 = VECTOR('',#4093,1.);
#4093 = DIRECTION('',(0.,0.,1.));
#4094 = ORIENTED_EDGE('',*,*,#4095,.F.);
#4095 = EDGE_CURVE('',#4096,#4088,#4098,.T.);
#4096 = VERTEX_POINT('',#4097);
#4097 = CARTESIAN_POINT('',(35.361419807839,142.29999999999,4.9));
#4098 = LINE('',#4099,#4100);
#4099 = CARTESIAN_POINT('',(94.51,142.29999999999,4.9));
#4100 = VECTOR('',#4101,1.);
#4101 = DIRECTION('',(-1.,0.,0.));
#4102 = ORIENTED_EDGE('',*,*,#4103,.T.);
#4103 = EDGE_CURVE('',#4096,#4104,#4106,.T.);
#4104 = VERTEX_POINT('',#4105);
#4105 = CARTESIAN_POINT('',(35.361419807839,142.29999999999,
    4.454486372868));
#4106 = LINE('',#4107,#4108);
#4107 = CARTESIAN_POINT('',(35.361419807839,142.29999999999,4.905));
#4108 = VECTOR('',#4109,1.);
#4109 = DIRECTION('',(0.,0.,-1.));
#4110 = ORIENTED_EDGE('',*,*,#4111,.T.);
#4111 = EDGE_CURVE('',#4104,#4112,#4114,.T.);
#4112 = VERTEX_POINT('',#4113);
#4113 = CARTESIAN_POINT('',(42.006866548779,142.29999999999,
    4.454486372868));
#4114 = LINE('',#4115,#4116);
#4115 = CARTESIAN_POINT('',(97.518500160583,142.29999999999,
    4.454486372868));
#4116 = VECTOR('',#4117,1.);
#4117 = DIRECTION('',(1.,-0.,0.));
#4118 = ORIENTED_EDGE('',*,*,#4119,.T.);
#4119 = EDGE_CURVE('',#4112,#4120,#4122,.T.);
#4120 = VERTEX_POINT('',#4121);
#4121 = CARTESIAN_POINT('',(42.006866548779,142.29999999999,4.9));
#4122 = LINE('',#4123,#4124);
#4123 = CARTESIAN_POINT('',(42.006866548779,142.29999999999,4.905));
#4124 = VECTOR('',#4125,1.);
#4125 = DIRECTION('',(0.,0.,1.));
#4126 = ORIENTED_EDGE('',*,*,#4127,.F.);
#4127 = EDGE_CURVE('',#4128,#4120,#4130,.T.);
#4128 = VERTEX_POINT('',#4129);
#4129 = CARTESIAN_POINT('',(44.932848379267,142.29999999999,4.9));
#4130 = LINE('',#4131,#4132);
#4131 = CARTESIAN_POINT('',(94.51,142.29999999999,4.9));
#4132 = VECTOR('',#4133,1.);
#4133 = DIRECTION('',(-1.,0.,0.));
#4134 = ORIENTED_EDGE('',*,*,#4135,.T.);
#4135 = EDGE_CURVE('',#4128,#4136,#4138,.T.);
#4136 = VERTEX_POINT('',#4137);
#4137 = CARTESIAN_POINT('',(44.932848379267,142.29999999999,
    4.454486372868));
#4138 = LINE('',#4139,#4140);
#4139 = CARTESIAN_POINT('',(44.932848379267,142.29999999999,4.905));
#4140 = VECTOR('',#4141,1.);
#4141 = DIRECTION('',(0.,0.,-1.));
#4142 = ORIENTED_EDGE('',*,*,#4143,.T.);
#4143 = EDGE_CURVE('',#4136,#4144,#4146,.T.);
#4144 = VERTEX_POINT('',#4145);
#4145 = CARTESIAN_POINT('',(51.578295120207,142.29999999999,
    4.454486372868));
#4146 = LINE('',#4147,#4148);
#4147 = CARTESIAN_POINT('',(97.518500160583,142.29999999999,
    4.454486372868));
#4148 = VECTOR('',#4149,1.);
#4149 = DIRECTION('',(1.,-0.,0.));
#4150 = ORIENTED_EDGE('',*,*,#4151,.T.);
#4151 = EDGE_CURVE('',#4144,#4152,#4154,.T.);
#4152 = VERTEX_POINT('',#4153);
#4153 = CARTESIAN_POINT('',(51.578295120207,142.29999999999,4.9));
#4154 = LINE('',#4155,#4156);
#4155 = CARTESIAN_POINT('',(51.578295120207,142.29999999999,4.905));
#4156 = VECTOR('',#4157,1.);
#4157 = DIRECTION('',(0.,0.,1.));
#4158 = ORIENTED_EDGE('',*,*,#4159,.F.);
#4159 = EDGE_CURVE('',#4160,#4152,#4162,.T.);
#4160 = VERTEX_POINT('',#4161);
#4161 = CARTESIAN_POINT('',(54.504276950696,142.29999999999,4.9));
#4162 = LINE('',#4163,#4164);
#4163 = CARTESIAN_POINT('',(94.51,142.29999999999,4.9));
#4164 = VECTOR('',#4165,1.);
#4165 = DIRECTION('',(-1.,0.,0.));
#4166 = ORIENTED_EDGE('',*,*,#4167,.T.);
#4167 = EDGE_CURVE('',#4160,#4168,#4170,.T.);
#4168 = VERTEX_POINT('',#4169);
#4169 = CARTESIAN_POINT('',(54.504276950696,142.29999999999,
    4.454486372868));
#4170 = LINE('',#4171,#4172);
#4171 = CARTESIAN_POINT('',(54.504276950696,142.29999999999,4.905));
#4172 = VECTOR('',#4173,1.);
#4173 = DIRECTION('',(0.,0.,-1.));
#4174 = ORIENTED_EDGE('',*,*,#4175,.T.);
#4175 = EDGE_CURVE('',#4168,#4176,#4178,.T.);
#4176 = VERTEX_POINT('',#4177);
#4177 = CARTESIAN_POINT('',(61.149723691636,142.29999999999,
    4.454486372868));
#4178 = LINE('',#4179,#4180);
#4179 = CARTESIAN_POINT('',(97.518500160583,142.29999999999,
    4.454486372868));
#4180 = VECTOR('',#4181,1.);
#4181 = DIRECTION('',(1.,-0.,0.));
#4182 = ORIENTED_EDGE('',*,*,#4183,.T.);
#4183 = EDGE_CURVE('',#4176,#4184,#4186,.T.);
#4184 = VERTEX_POINT('',#4185);
#4185 = CARTESIAN_POINT('',(61.149723691636,142.29999999999,4.9));
#4186 = LINE('',#4187,#4188);
#4187 = CARTESIAN_POINT('',(61.149723691636,142.29999999999,4.905));
#4188 = VECTOR('',#4189,1.);
#4189 = DIRECTION('',(0.,0.,1.));
#4190 = ORIENTED_EDGE('',*,*,#4191,.F.);
#4191 = EDGE_CURVE('',#4192,#4184,#4194,.T.);
#4192 = VERTEX_POINT('',#4193);
#4193 = CARTESIAN_POINT('',(64.075705522124,142.29999999999,4.9));
#4194 = LINE('',#4195,#4196);
#4195 = CARTESIAN_POINT('',(94.51,142.29999999999,4.9));
#4196 = VECTOR('',#4197,1.);
#4197 = DIRECTION('',(-1.,0.,0.));
#4198 = ORIENTED_EDGE('',*,*,#4199,.T.);
#4199 = EDGE_CURVE('',#4192,#4200,#4202,.T.);
#4200 = VERTEX_POINT('',#4201);
#4201 = CARTESIAN_POINT('',(64.075705522124,142.29999999999,
    4.454486372868));
#4202 = LINE('',#4203,#4204);
#4203 = CARTESIAN_POINT('',(64.075705522124,142.29999999999,4.905));
#4204 = VECTOR('',#4205,1.);
#4205 = DIRECTION('',(0.,0.,-1.));
#4206 = ORIENTED_EDGE('',*,*,#4207,.T.);
#4207 = EDGE_CURVE('',#4200,#4208,#4210,.T.);
#4208 = VERTEX_POINT('',#4209);
#4209 = CARTESIAN_POINT('',(70.721152263065,142.29999999999,
    4.454486372868));
#4210 = LINE('',#4211,#4212);
#4211 = CARTESIAN_POINT('',(97.518500160583,142.29999999999,
    4.454486372868));
#4212 = VECTOR('',#4213,1.);
#4213 = DIRECTION('',(1.,-0.,0.));
#4214 = ORIENTED_EDGE('',*,*,#4215,.T.);
#4215 = EDGE_CURVE('',#4208,#4216,#4218,.T.);
#4216 = VERTEX_POINT('',#4217);
#4217 = CARTESIAN_POINT('',(70.721152263065,142.29999999999,4.9));
#4218 = LINE('',#4219,#4220);
#4219 = CARTESIAN_POINT('',(70.721152263065,142.29999999999,4.905));
#4220 = VECTOR('',#4221,1.);
#4221 = DIRECTION('',(0.,0.,1.));
#4222 = ORIENTED_EDGE('',*,*,#4223,.F.);
#4223 = EDGE_CURVE('',#4224,#4216,#4226,.T.);
#4224 = VERTEX_POINT('',#4225);
#4225 = CARTESIAN_POINT('',(73.647134093553,142.29999999999,4.9));
#4226 = LINE('',#4227,#4228);
#4227 = CARTESIAN_POINT('',(94.51,142.29999999999,4.9));
#4228 = VECTOR('',#4229,1.);
#4229 = DIRECTION('',(-1.,0.,0.));
#4230 = ORIENTED_EDGE('',*,*,#4231,.T.);
#4231 = EDGE_CURVE('',#4224,#4232,#4234,.T.);
#4232 = VERTEX_POINT('',#4233);
#4233 = CARTESIAN_POINT('',(73.647134093553,142.29999999999,
    4.454486372868));
#4234 = LINE('',#4235,#4236);
#4235 = CARTESIAN_POINT('',(73.647134093553,142.29999999999,4.905));
#4236 = VECTOR('',#4237,1.);
#4237 = DIRECTION('',(0.,0.,-1.));
#4238 = ORIENTED_EDGE('',*,*,#4239,.T.);
#4239 = EDGE_CURVE('',#4232,#4240,#4242,.T.);
#4240 = VERTEX_POINT('',#4241);
#4241 = CARTESIAN_POINT('',(80.292580834493,142.29999999999,
    4.454486372868));
#4242 = LINE('',#4243,#4244);
#4243 = CARTESIAN_POINT('',(97.518500160583,142.29999999999,
    4.454486372868));
#4244 = VECTOR('',#4245,1.);
#4245 = DIRECTION('',(1.,-0.,0.));
#4246 = ORIENTED_EDGE('',*,*,#4247,.T.);
#4247 = EDGE_CURVE('',#4240,#4248,#4250,.T.);
#4248 = VERTEX_POINT('',#4249);
#4249 = CARTESIAN_POINT('',(80.292580834493,142.29999999999,4.9));
#4250 = LINE('',#4251,#4252);
#4251 = CARTESIAN_POINT('',(80.292580834493,142.29999999999,4.905));
#4252 = VECTOR('',#4253,1.);
#4253 = DIRECTION('',(0.,0.,1.));
#4254 = ORIENTED_EDGE('',*,*,#4255,.F.);
#4255 = EDGE_CURVE('',#4256,#4248,#4258,.T.);
#4256 = VERTEX_POINT('',#4257);
#4257 = CARTESIAN_POINT('',(83.218562664982,142.29999999999,4.9));
#4258 = LINE('',#4259,#4260);
#4259 = CARTESIAN_POINT('',(94.51,142.29999999999,4.9));
#4260 = VECTOR('',#4261,1.);
#4261 = DIRECTION('',(-1.,0.,0.));
#4262 = ORIENTED_EDGE('',*,*,#4263,.T.);
#4263 = EDGE_CURVE('',#4256,#4264,#4266,.T.);
#4264 = VERTEX_POINT('',#4265);
#4265 = CARTESIAN_POINT('',(83.218562664982,142.29999999999,
    4.454486372868));
#4266 = LINE('',#4267,#4268);
#4267 = CARTESIAN_POINT('',(83.218562664982,142.29999999999,4.905));
#4268 = VECTOR('',#4269,1.);
#4269 = DIRECTION('',(0.,0.,-1.));
#4270 = ORIENTED_EDGE('',*,*,#4271,.T.);
#4271 = EDGE_CURVE('',#4264,#4272,#4274,.T.);
#4272 = VERTEX_POINT('',#4273);
#4273 = CARTESIAN_POINT('',(89.864009405922,142.29999999999,
    4.454486372868));
#4274 = LINE('',#4275,#4276);
#4275 = CARTESIAN_POINT('',(97.518500160583,142.29999999999,
    4.454486372868));
#4276 = VECTOR('',#4277,1.);
#4277 = DIRECTION('',(1.,-0.,0.));
#4278 = ORIENTED_EDGE('',*,*,#4279,.T.);
#4279 = EDGE_CURVE('',#4272,#4280,#4282,.T.);
#4280 = VERTEX_POINT('',#4281);
#4281 = CARTESIAN_POINT('',(89.864009405922,142.29999999999,4.9));
#4282 = LINE('',#4283,#4284);
#4283 = CARTESIAN_POINT('',(89.864009405922,142.29999999999,4.905));
#4284 = VECTOR('',#4285,1.);
#4285 = DIRECTION('',(0.,0.,1.));
#4286 = ORIENTED_EDGE('',*,*,#4287,.F.);
#4287 = EDGE_CURVE('',#4288,#4280,#4290,.T.);
#4288 = VERTEX_POINT('',#4289);
#4289 = CARTESIAN_POINT('',(92.78999123641,142.29999999999,4.9));
#4290 = LINE('',#4291,#4292);
#4291 = CARTESIAN_POINT('',(94.51,142.29999999999,4.9));
#4292 = VECTOR('',#4293,1.);
#4293 = DIRECTION('',(-1.,0.,0.));
#4294 = ORIENTED_EDGE('',*,*,#4295,.T.);
#4295 = EDGE_CURVE('',#4288,#4296,#4298,.T.);
#4296 = VERTEX_POINT('',#4297);
#4297 = CARTESIAN_POINT('',(92.78999123641,142.29999999999,
    4.454486372868));
#4298 = LINE('',#4299,#4300);
#4299 = CARTESIAN_POINT('',(92.78999123641,142.29999999999,4.905));
#4300 = VECTOR('',#4301,1.);
#4301 = DIRECTION('',(0.,0.,-1.));
#4302 = ORIENTED_EDGE('',*,*,#4303,.T.);
#4303 = EDGE_CURVE('',#4296,#4021,#4304,.T.);
#4304 = LINE('',#4305,#4306);
#4305 = CARTESIAN_POINT('',(97.518500160583,142.29999999999,
    4.454486372868));
#4306 = VECTOR('',#4307,1.);
#4307 = DIRECTION('',(1.,-0.,0.));
#4308 = PLANE('',#4309);
#4309 = AXIS2_PLACEMENT_3D('',#4310,#4311,#4312);
#4310 = CARTESIAN_POINT('',(94.51,142.29999999999,4.9));
#4311 = DIRECTION('',(0.,1.,0.));
#4312 = DIRECTION('',(-1.,0.,0.));
#4313 = ADVANCED_FACE('',(#4314),#4325,.T.);
#4314 = FACE_BOUND('',#4315,.F.);
#4315 = EDGE_LOOP('',(#4316,#4322,#4323,#4324));
#4316 = ORIENTED_EDGE('',*,*,#4317,.F.);
#4317 = EDGE_CURVE('',#2435,#3944,#4318,.T.);
#4318 = LINE('',#4319,#4320);
#4319 = CARTESIAN_POINT('',(84.01,63.543248365,4.45));
#4320 = VECTOR('',#4321,1.);
#4321 = DIRECTION('',(2.1E-16,-0.707106781187,-0.707106781187));
#4322 = ORIENTED_EDGE('',*,*,#2442,.T.);
#4323 = ORIENTED_EDGE('',*,*,#350,.T.);
#4324 = ORIENTED_EDGE('',*,*,#3966,.F.);
#4325 = CONICAL_SURFACE('',#4326,7.5,0.785398163397);
#4326 = AXIS2_PLACEMENT_3D('',#4327,#4328,#4329);
#4327 = CARTESIAN_POINT('',(84.01,70.593248365,4.));
#4328 = DIRECTION('',(-0.,-0.,-1.));
#4329 = DIRECTION('',(0.,-1.,0.));
#4330 = ADVANCED_FACE('',(#4331),#4356,.T.);
#4331 = FACE_BOUND('',#4332,.T.);
#4332 = EDGE_LOOP('',(#4333,#4341,#4342,#4350));
#4333 = ORIENTED_EDGE('',*,*,#4334,.F.);
#4334 = EDGE_CURVE('',#375,#4335,#4337,.T.);
#4335 = VERTEX_POINT('',#4336);
#4336 = CARTESIAN_POINT('',(52.327,8.65,3.2));
#4337 = LINE('',#4338,#4339);
#4338 = CARTESIAN_POINT('',(52.327,8.28339071439,3.56660928561));
#4339 = VECTOR('',#4340,1.);
#4340 = DIRECTION('',(6.63E-15,-0.707106781187,0.707106781187));
#4341 = ORIENTED_EDGE('',*,*,#374,.T.);
#4342 = ORIENTED_EDGE('',*,*,#4343,.T.);
#4343 = EDGE_CURVE('',#377,#4344,#4346,.T.);
#4344 = VERTEX_POINT('',#4345);
#4345 = CARTESIAN_POINT('',(61.527,8.65,3.2));
#4346 = LINE('',#4347,#4348);
#4347 = CARTESIAN_POINT('',(61.527,8.28339071439,3.56660928561));
#4348 = VECTOR('',#4349,1.);
#4349 = DIRECTION('',(2.3E-15,-0.707106781187,0.707106781187));
#4350 = ORIENTED_EDGE('',*,*,#4351,.F.);
#4351 = EDGE_CURVE('',#4335,#4344,#4352,.T.);
#4352 = LINE('',#4353,#4354);
#4353 = CARTESIAN_POINT('',(52.327,8.65,3.2));
#4354 = VECTOR('',#4355,1.);
#4355 = DIRECTION('',(1.,0.,0.));
#4356 = PLANE('',#4357);
#4357 = AXIS2_PLACEMENT_3D('',#4358,#4359,#4360);
#4358 = CARTESIAN_POINT('',(52.327,9.35,2.5));
#4359 = DIRECTION('',(-3.E-17,-0.707106781187,-0.707106781187));
#4360 = DIRECTION('',(1.,-2.12132034356E-17,-2.12132034356E-17));
#4361 = ADVANCED_FACE('',(#4362),#4390,.T.);
#4362 = FACE_BOUND('',#4363,.T.);
#4363 = EDGE_LOOP('',(#4364,#4372,#4373,#4374,#4384));
#4364 = ORIENTED_EDGE('',*,*,#4365,.F.);
#4365 = EDGE_CURVE('',#4344,#4366,#4368,.T.);
#4366 = VERTEX_POINT('',#4367);
#4367 = CARTESIAN_POINT('',(61.527,8.65,3.7));
#4368 = LINE('',#4369,#4370);
#4369 = CARTESIAN_POINT('',(61.527,8.65,3.2));
#4370 = VECTOR('',#4371,1.);
#4371 = DIRECTION('',(0.,2.2E-16,1.));
#4372 = ORIENTED_EDGE('',*,*,#4343,.F.);
#4373 = ORIENTED_EDGE('',*,*,#1641,.F.);
#4374 = ORIENTED_EDGE('',*,*,#4375,.T.);
#4375 = EDGE_CURVE('',#1635,#4376,#4378,.T.);
#4376 = VERTEX_POINT('',#4377);
#4377 = CARTESIAN_POINT('',(61.527,8.19,3.7));
#4378 = B_SPLINE_CURVE_WITH_KNOTS('',4,(#4379,#4380,#4381,#4382,#4383),
  .UNSPECIFIED.,.F.,.F.,(5,5),(0.,1.),.PIECEWISE_BEZIER_KNOTS.);
#4379 = CARTESIAN_POINT('',(61.527,6.29,1.8));
#4380 = CARTESIAN_POINT('',(61.527,6.765809011381,2.275809011381));
#4381 = CARTESIAN_POINT('',(61.527,7.241094806282,2.751094806282));
#4382 = CARTESIAN_POINT('',(61.527,7.715833785479,3.225833785479));
#4383 = CARTESIAN_POINT('',(61.527,8.19,3.7));
#4384 = ORIENTED_EDGE('',*,*,#4385,.T.);
#4385 = EDGE_CURVE('',#4376,#4366,#4386,.T.);
#4386 = LINE('',#4387,#4388);
#4387 = CARTESIAN_POINT('',(61.527,38.379493350515,3.7));
#4388 = VECTOR('',#4389,1.);
#4389 = DIRECTION('',(0.,1.,0.));
#4390 = PLANE('',#4391);
#4391 = AXIS2_PLACEMENT_3D('',#4392,#4393,#4394);
#4392 = CARTESIAN_POINT('',(61.527,5.142444767504,2.558881909942));
#4393 = DIRECTION('',(-1.,0.,3.25E-15));
#4394 = DIRECTION('',(-3.25E-15,0.,-1.));
#4395 = ADVANCED_FACE('',(#4396),#4415,.T.);
#4396 = FACE_BOUND('',#4397,.T.);
#4397 = EDGE_LOOP('',(#4398,#4399,#4409,#4414));
#4398 = ORIENTED_EDGE('',*,*,#1634,.F.);
#4399 = ORIENTED_EDGE('',*,*,#4400,.T.);
#4400 = EDGE_CURVE('',#1627,#4401,#4403,.T.);
#4401 = VERTEX_POINT('',#4402);
#4402 = CARTESIAN_POINT('',(64.131738273704,8.19,3.7));
#4403 = B_SPLINE_CURVE_WITH_KNOTS('',4,(#4404,#4405,#4406,#4407,#4408),
  .UNSPECIFIED.,.F.,.F.,(5,5),(0.,1.),.PIECEWISE_BEZIER_KNOTS.);
#4404 = CARTESIAN_POINT('',(62.867341184307,6.,1.51));
#4405 = CARTESIAN_POINT('',(63.184976104415,6.550159819942,
    2.060159819942));
#4406 = CARTESIAN_POINT('',(63.502551896071,7.100217226399,
    2.610217226399));
#4407 = CARTESIAN_POINT('',(63.820065109439,7.650166244082,
    3.160166244082));
#4408 = CARTESIAN_POINT('',(64.137511776396,8.2,3.71));
#4409 = ORIENTED_EDGE('',*,*,#4410,.T.);
#4410 = EDGE_CURVE('',#4401,#4376,#4411,.T.);
#4411 = B_SPLINE_CURVE_WITH_KNOTS('',1,(#4412,#4413),.UNSPECIFIED.,.F.,
  .F.,(2,2),(0.,1.),.PIECEWISE_BEZIER_KNOTS.);
#4412 = CARTESIAN_POINT('',(81.168542354323,8.19,3.7));
#4413 = CARTESIAN_POINT('',(28.76184705523,8.19,3.7));
#4414 = ORIENTED_EDGE('',*,*,#4375,.F.);
#4415 = B_SPLINE_SURFACE_WITH_KNOTS('',1,1,(
    (#4416,#4417)
    ,(#4418,#4419
    )),.UNSPECIFIED.,.F.,.F.,.F.,(2,2),(2,2),(0.,92.3),(0.,1.),
  .PIECEWISE_BEZIER_KNOTS.);
#4416 = CARTESIAN_POINT('',(8.227,6.,1.51));
#4417 = CARTESIAN_POINT('',(11.627,9.4,4.91));
#4418 = CARTESIAN_POINT('',(100.527,6.,1.51));
#4419 = CARTESIAN_POINT('',(100.52700032116,9.4,4.91));
#4420 = ADVANCED_FACE('',(#4421),#4439,.T.);
#4421 = FACE_BOUND('',#4422,.T.);
#4422 = EDGE_LOOP('',(#4423,#4431,#4437,#4438));
#4423 = ORIENTED_EDGE('',*,*,#4424,.F.);
#4424 = EDGE_CURVE('',#4425,#1619,#4427,.T.);
#4425 = VERTEX_POINT('',#4426);
#4426 = CARTESIAN_POINT('',(62.867341184306,6.,3.7));
#4427 = LINE('',#4428,#4429);
#4428 = CARTESIAN_POINT('',(62.867341184306,6.,4.91));
#4429 = VECTOR('',#4430,1.);
#4430 = DIRECTION('',(-0.,-0.,-1.));
#4431 = ORIENTED_EDGE('',*,*,#4432,.F.);
#4432 = EDGE_CURVE('',#4401,#4425,#4433,.T.);
#4433 = LINE('',#4434,#4435);
#4434 = CARTESIAN_POINT('',(73.216229905605,23.924801068973,3.7));
#4435 = VECTOR('',#4436,1.);
#4436 = DIRECTION('',(-0.499999999962,-0.866025403806,0.));
#4437 = ORIENTED_EDGE('',*,*,#4400,.F.);
#4438 = ORIENTED_EDGE('',*,*,#1626,.F.);
#4439 = PLANE('',#4440);
#4440 = AXIS2_PLACEMENT_3D('',#4441,#4442,#4443);
#4441 = CARTESIAN_POINT('',(64.137511776396,8.2,4.91));
#4442 = DIRECTION('',(-0.866025403806,0.499999999962,0.));
#4443 = DIRECTION('',(-0.499999999962,-0.866025403806,0.));
#4444 = ADVANCED_FACE('',(#4445),#4463,.T.);
#4445 = FACE_BOUND('',#4446,.T.);
#4446 = EDGE_LOOP('',(#4447,#4455,#4456,#4457));
#4447 = ORIENTED_EDGE('',*,*,#4448,.F.);
#4448 = EDGE_CURVE('',#4425,#4449,#4451,.T.);
#4449 = VERTEX_POINT('',#4450);
#4450 = CARTESIAN_POINT('',(65.507682368613,6.,3.7));
#4451 = LINE('',#4452,#4453);
#4452 = CARTESIAN_POINT('',(70.916260582609,6.,3.7));
#4453 = VECTOR('',#4454,1.);
#4454 = DIRECTION('',(1.,0.,-0.));
#4455 = ORIENTED_EDGE('',*,*,#4424,.T.);
#4456 = ORIENTED_EDGE('',*,*,#1618,.F.);
#4457 = ORIENTED_EDGE('',*,*,#4458,.F.);
#4458 = EDGE_CURVE('',#4449,#1611,#4459,.T.);
#4459 = LINE('',#4460,#4461);
#4460 = CARTESIAN_POINT('',(65.507682368613,6.,4.91));
#4461 = VECTOR('',#4462,1.);
#4462 = DIRECTION('',(-0.,-0.,-1.));
#4463 = PLANE('',#4464);
#4464 = AXIS2_PLACEMENT_3D('',#4465,#4466,#4467);
#4465 = CARTESIAN_POINT('',(62.867341184306,6.,4.91));
#4466 = DIRECTION('',(0.,-1.,0.));
#4467 = DIRECTION('',(1.,0.,0.));
#4468 = ADVANCED_FACE('',(#4469),#4492,.T.);
#4469 = FACE_BOUND('',#4470,.T.);
#4470 = EDGE_LOOP('',(#4471,#4479,#4480,#4481));
#4471 = ORIENTED_EDGE('',*,*,#4472,.F.);
#4472 = EDGE_CURVE('',#4449,#4473,#4475,.T.);
#4473 = VERTEX_POINT('',#4474);
#4474 = CARTESIAN_POINT('',(64.243285279087,8.19,3.7));
#4475 = LINE('',#4476,#4477);
#4476 = CARTESIAN_POINT('',(59.488295993779,16.425883031599,3.7));
#4477 = VECTOR('',#4478,1.);
#4478 = DIRECTION('',(-0.5,0.866025403784,0.));
#4479 = ORIENTED_EDGE('',*,*,#4458,.T.);
#4480 = ORIENTED_EDGE('',*,*,#1610,.F.);
#4481 = ORIENTED_EDGE('',*,*,#4482,.T.);
#4482 = EDGE_CURVE('',#1604,#4473,#4483,.T.);
#4483 = B_SPLINE_CURVE_WITH_KNOTS('',4,(#4484,#4485,#4486,#4487,#4488,
    #4489,#4490,#4491),.UNSPECIFIED.,.F.,.F.,(5,3,5),(0.,0.497451180588,
    1.),.UNSPECIFIED.);
#4484 = CARTESIAN_POINT('',(65.507682368613,6.,1.51));
#4485 = CARTESIAN_POINT('',(65.348649357475,6.275453255372,
    1.785453255372));
#4486 = CARTESIAN_POINT('',(65.189963707236,6.550304864017,
    2.060304864017));
#4487 = CARTESIAN_POINT('',(65.031631233434,6.82454475313,2.33454475313)
  );
#4488 = CARTESIAN_POINT('',(64.714065557552,7.374584638498,
    2.884584638498));
#4489 = CARTESIAN_POINT('',(64.554839749101,7.650371828611,
    3.160371828611));
#4490 = CARTESIAN_POINT('',(64.395986455846,7.925513803479,
    3.435513803479));
#4491 = CARTESIAN_POINT('',(64.237511776396,8.2,3.71));
#4492 = PLANE('',#4493);
#4493 = AXIS2_PLACEMENT_3D('',#4494,#4495,#4496);
#4494 = CARTESIAN_POINT('',(65.507682368613,6.,4.91));
#4495 = DIRECTION('',(0.866025403784,0.5,0.));
#4496 = DIRECTION('',(-0.5,0.866025403784,0.));
#4497 = ADVANCED_FACE('',(#4498),#4622,.T.);
#4498 = FACE_BOUND('',#4499,.T.);
#4499 = EDGE_LOOP('',(#4500,#4513,#4520,#4530,#4537,#4547,#4554,#4564,
    #4571,#4581,#4588,#4598,#4605,#4615,#4620,#4621));
#4500 = ORIENTED_EDGE('',*,*,#4501,.T.);
#4501 = EDGE_CURVE('',#1596,#4502,#4504,.T.);
#4502 = VERTEX_POINT('',#4503);
#4503 = CARTESIAN_POINT('',(80.217000321166,8.19,3.7));
#4504 = B_SPLINE_CURVE_WITH_KNOTS('',4,(#4505,#4506,#4507,#4508,#4509,
    #4510,#4511,#4512),.UNSPECIFIED.,.F.,.F.,(5,3,5),(0.,0.550432261488,
    1.),.UNSPECIFIED.);
#4505 = CARTESIAN_POINT('',(78.027000321166,6.,1.51));
#4506 = CARTESIAN_POINT('',(78.497725096614,6.470724775448,
    1.980724775448));
#4507 = CARTESIAN_POINT('',(78.967449136027,6.940448814861,
    2.450448814861));
#4508 = CARTESIAN_POINT('',(79.436134173271,7.409133852105,
    2.919133852105));
#4509 = CARTESIAN_POINT('',(80.285657706978,8.258657385812,
    3.768657385812));
#4510 = CARTESIAN_POINT('',(80.666855706781,8.639855385615,
    4.149855385615));
#4511 = CARTESIAN_POINT('',(81.047311059633,9.020310738467,
    4.530310738467));
#4512 = CARTESIAN_POINT('',(81.427000321166,9.4,4.91));
#4513 = ORIENTED_EDGE('',*,*,#4514,.T.);
#4514 = EDGE_CURVE('',#4502,#4515,#4517,.T.);
#4515 = VERTEX_POINT('',#4516);
#4516 = CARTESIAN_POINT('',(76.504997,8.19,3.7));
#4517 = B_SPLINE_CURVE_WITH_KNOTS('',1,(#4518,#4519),.UNSPECIFIED.,.F.,
  .F.,(2,2),(0.,1.),.PIECEWISE_BEZIER_KNOTS.);
#4518 = CARTESIAN_POINT('',(81.168542354323,8.19,3.7));
#4519 = CARTESIAN_POINT('',(28.76184705523,8.19,3.7));
#4520 = ORIENTED_EDGE('',*,*,#4521,.F.);
#4521 = EDGE_CURVE('',#4522,#4515,#4524,.T.);
#4522 = VERTEX_POINT('',#4523);
#4523 = CARTESIAN_POINT('',(76.504997,6.831024,2.341024));
#4524 = B_SPLINE_CURVE_WITH_KNOTS('',4,(#4525,#4526,#4527,#4528,#4529),
  .UNSPECIFIED.,.F.,.F.,(5,5),(0.,1.),.PIECEWISE_BEZIER_KNOTS.);
#4525 = CARTESIAN_POINT('',(76.504997,6.831024,2.341024));
#4526 = CARTESIAN_POINT('',(76.504997,7.170936475561,2.680936475561));
#4527 = CARTESIAN_POINT('',(76.504997,7.510739265239,3.020739265239));
#4528 = CARTESIAN_POINT('',(76.504997,7.85042850059,3.36042850059));
#4529 = CARTESIAN_POINT('',(76.504997,8.19,3.7));
#4530 = ORIENTED_EDGE('',*,*,#4531,.T.);
#4531 = EDGE_CURVE('',#4522,#4532,#4534,.T.);
#4532 = VERTEX_POINT('',#4533);
#4533 = CARTESIAN_POINT('',(74.151718,6.831024,2.341024));
#4534 = B_SPLINE_CURVE_WITH_KNOTS('',1,(#4535,#4536),.UNSPECIFIED.,.F.,
  .F.,(2,2),(0.,1.),.PIECEWISE_BEZIER_KNOTS.);
#4535 = CARTESIAN_POINT('',(76.504997,6.831024,2.341024));
#4536 = CARTESIAN_POINT('',(74.151718,6.831024,2.341024));
#4537 = ORIENTED_EDGE('',*,*,#4538,.T.);
#4538 = EDGE_CURVE('',#4532,#4539,#4541,.T.);
#4539 = VERTEX_POINT('',#4540);
#4540 = CARTESIAN_POINT('',(74.151718,8.19,3.7));
#4541 = B_SPLINE_CURVE_WITH_KNOTS('',4,(#4542,#4543,#4544,#4545,#4546),
  .UNSPECIFIED.,.F.,.F.,(5,5),(0.,1.),.PIECEWISE_BEZIER_KNOTS.);
#4542 = CARTESIAN_POINT('',(74.151718,6.831024,2.341024));
#4543 = CARTESIAN_POINT('',(74.151718,7.170969737807,2.680969737807));
#4544 = CARTESIAN_POINT('',(74.151718,7.510784100097,3.020784100097));
#4545 = CARTESIAN_POINT('',(74.151718,7.850462502988,3.360462502988));
#4546 = CARTESIAN_POINT('',(74.151718,8.19,3.7));
#4547 = ORIENTED_EDGE('',*,*,#4548,.T.);
#4548 = EDGE_CURVE('',#4539,#4549,#4551,.T.);
#4549 = VERTEX_POINT('',#4550);
#4550 = CARTESIAN_POINT('',(72.631142,8.19,3.7));
#4551 = B_SPLINE_CURVE_WITH_KNOTS('',1,(#4552,#4553),.UNSPECIFIED.,.F.,
  .F.,(2,2),(0.,1.),.PIECEWISE_BEZIER_KNOTS.);
#4552 = CARTESIAN_POINT('',(81.168542354323,8.19,3.7));
#4553 = CARTESIAN_POINT('',(28.76184705523,8.19,3.7));
#4554 = ORIENTED_EDGE('',*,*,#4555,.F.);
#4555 = EDGE_CURVE('',#4556,#4549,#4558,.T.);
#4556 = VERTEX_POINT('',#4557);
#4557 = CARTESIAN_POINT('',(72.631142,6.831024,2.341024));
#4558 = B_SPLINE_CURVE_WITH_KNOTS('',4,(#4559,#4560,#4561,#4562,#4563),
  .UNSPECIFIED.,.F.,.F.,(5,5),(0.,1.),.PIECEWISE_BEZIER_KNOTS.);
#4559 = CARTESIAN_POINT('',(72.631142,6.831024,2.341024));
#4560 = CARTESIAN_POINT('',(72.631142,7.170992620059,2.680992620059));
#4561 = CARTESIAN_POINT('',(72.631142,7.510814936981,3.020814936981));
#4562 = CARTESIAN_POINT('',(72.631142,7.850485883998,3.360485883998));
#4563 = CARTESIAN_POINT('',(72.631142,8.19,3.7));
#4564 = ORIENTED_EDGE('',*,*,#4565,.T.);
#4565 = EDGE_CURVE('',#4556,#4566,#4568,.T.);
#4566 = VERTEX_POINT('',#4567);
#4567 = CARTESIAN_POINT('',(70.676109,6.831024,2.341024));
#4568 = B_SPLINE_CURVE_WITH_KNOTS('',1,(#4569,#4570),.UNSPECIFIED.,.F.,
  .F.,(2,2),(0.,1.),.PIECEWISE_BEZIER_KNOTS.);
#4569 = CARTESIAN_POINT('',(72.631142,6.831024,2.341024));
#4570 = CARTESIAN_POINT('',(70.676109,6.831024,2.341024));
#4571 = ORIENTED_EDGE('',*,*,#4572,.T.);
#4572 = EDGE_CURVE('',#4566,#4573,#4575,.T.);
#4573 = VERTEX_POINT('',#4574);
#4574 = CARTESIAN_POINT('',(70.676109,8.19,3.7));
#4575 = B_SPLINE_CURVE_WITH_KNOTS('',4,(#4576,#4577,#4578,#4579,#4580),
  .UNSPECIFIED.,.F.,.F.,(5,5),(0.,1.),.PIECEWISE_BEZIER_KNOTS.);
#4576 = CARTESIAN_POINT('',(70.676109,6.831024,2.341024));
#4577 = CARTESIAN_POINT('',(70.676109,7.17102358182,2.68102358182));
#4578 = CARTESIAN_POINT('',(70.676109,7.510856653556,3.020856653556));
#4579 = CARTESIAN_POINT('',(70.676109,7.850517507115,3.360517507115));
#4580 = CARTESIAN_POINT('',(70.676109,8.19,3.7));
#4581 = ORIENTED_EDGE('',*,*,#4582,.T.);
#4582 = EDGE_CURVE('',#4573,#4583,#4585,.T.);
#4583 = VERTEX_POINT('',#4584);
#4584 = CARTESIAN_POINT('',(68.938301,8.19,3.7));
#4585 = B_SPLINE_CURVE_WITH_KNOTS('',1,(#4586,#4587),.UNSPECIFIED.,.F.,
  .F.,(2,2),(0.,1.),.PIECEWISE_BEZIER_KNOTS.);
#4586 = CARTESIAN_POINT('',(81.168542354323,8.19,3.7));
#4587 = CARTESIAN_POINT('',(28.76184705523,8.19,3.7));
#4588 = ORIENTED_EDGE('',*,*,#4589,.F.);
#4589 = EDGE_CURVE('',#4590,#4583,#4592,.T.);
#4590 = VERTEX_POINT('',#4591);
#4591 = CARTESIAN_POINT('',(68.938301,6.831024,2.341024));
#4592 = B_SPLINE_CURVE_WITH_KNOTS('',4,(#4593,#4594,#4595,#4596,#4597),
  .UNSPECIFIED.,.F.,.F.,(5,5),(0.,1.),.PIECEWISE_BEZIER_KNOTS.);
#4593 = CARTESIAN_POINT('',(68.938301,6.831024,2.341024));
#4594 = CARTESIAN_POINT('',(68.938301,7.171052505406,2.681052505406));
#4595 = CARTESIAN_POINT('',(68.938301,7.51089561512,3.02089561512));
#4596 = CARTESIAN_POINT('',(68.938301,7.850547034493,3.360547034493));
#4597 = CARTESIAN_POINT('',(68.938301,8.19,3.7));
#4598 = ORIENTED_EDGE('',*,*,#4599,.T.);
#4599 = EDGE_CURVE('',#4590,#4600,#4602,.T.);
#4600 = VERTEX_POINT('',#4601);
#4601 = CARTESIAN_POINT('',(66.874664,6.831024,2.341024));
#4602 = B_SPLINE_CURVE_WITH_KNOTS('',1,(#4603,#4604),.UNSPECIFIED.,.F.,
  .F.,(2,2),(0.,1.),.PIECEWISE_BEZIER_KNOTS.);
#4603 = CARTESIAN_POINT('',(68.938301,6.831024,2.341024));
#4604 = CARTESIAN_POINT('',(66.874664,6.831024,2.341024));
#4605 = ORIENTED_EDGE('',*,*,#4606,.T.);
#4606 = EDGE_CURVE('',#4600,#4607,#4609,.T.);
#4607 = VERTEX_POINT('',#4608);
#4608 = CARTESIAN_POINT('',(66.874664,8.19,3.7));
#4609 = B_SPLINE_CURVE_WITH_KNOTS('',4,(#4610,#4611,#4612,#4613,#4614),
  .UNSPECIFIED.,.F.,.F.,(5,5),(0.,1.),.PIECEWISE_BEZIER_KNOTS.);
#4610 = CARTESIAN_POINT('',(66.874664,6.831024,2.341024));
#4611 = CARTESIAN_POINT('',(66.874664,7.171088490777,2.681088490777));
#4612 = CARTESIAN_POINT('',(66.874664,7.510944077323,3.020944077323));
#4613 = CARTESIAN_POINT('',(66.874664,7.850583752173,3.360583752173));
#4614 = CARTESIAN_POINT('',(66.874664,8.19,3.7));
#4615 = ORIENTED_EDGE('',*,*,#4616,.T.);
#4616 = EDGE_CURVE('',#4607,#4473,#4617,.T.);
#4617 = B_SPLINE_CURVE_WITH_KNOTS('',1,(#4618,#4619),.UNSPECIFIED.,.F.,
  .F.,(2,2),(0.,1.),.PIECEWISE_BEZIER_KNOTS.);
#4618 = CARTESIAN_POINT('',(81.168542354323,8.19,3.7));
#4619 = CARTESIAN_POINT('',(28.76184705523,8.19,3.7));
#4620 = ORIENTED_EDGE('',*,*,#4482,.F.);
#4621 = ORIENTED_EDGE('',*,*,#1603,.F.);
#4622 = B_SPLINE_SURFACE_WITH_KNOTS('',1,1,(
    (#4623,#4624)
    ,(#4625,#4626
    )),.UNSPECIFIED.,.F.,.F.,.F.,(2,2),(2,2),(0.,92.3),(0.,1.),
  .PIECEWISE_BEZIER_KNOTS.);
#4623 = CARTESIAN_POINT('',(8.227,6.,1.51));
#4624 = CARTESIAN_POINT('',(11.627,9.4,4.91));
#4625 = CARTESIAN_POINT('',(100.527,6.,1.51));
#4626 = CARTESIAN_POINT('',(100.52700032116,9.4,4.91));
#4627 = ADVANCED_FACE('',(#4628),#4646,.F.);
#4628 = FACE_BOUND('',#4629,.F.);
#4629 = EDGE_LOOP('',(#4630,#4638,#4644,#4645));
#4630 = ORIENTED_EDGE('',*,*,#4631,.F.);
#4631 = EDGE_CURVE('',#4632,#4502,#4634,.T.);
#4632 = VERTEX_POINT('',#4633);
#4633 = CARTESIAN_POINT('',(78.027000321166,6.,3.7));
#4634 = LINE('',#4635,#4636);
#4635 = CARTESIAN_POINT('',(87.154556391106,15.12755606994,3.7));
#4636 = VECTOR('',#4637,1.);
#4637 = DIRECTION('',(0.707106781187,0.707106781187,-0.));
#4638 = ORIENTED_EDGE('',*,*,#4639,.T.);
#4639 = EDGE_CURVE('',#4632,#1588,#4640,.T.);
#4640 = LINE('',#4641,#4642);
#4641 = CARTESIAN_POINT('',(78.027000321166,6.,4.91));
#4642 = VECTOR('',#4643,1.);
#4643 = DIRECTION('',(-0.,-0.,-1.));
#4644 = ORIENTED_EDGE('',*,*,#1595,.F.);
#4645 = ORIENTED_EDGE('',*,*,#4501,.T.);
#4646 = PLANE('',#4647);
#4647 = AXIS2_PLACEMENT_3D('',#4648,#4649,#4650);
#4648 = CARTESIAN_POINT('',(78.027000321166,6.,4.91));
#4649 = DIRECTION('',(0.707106781187,-0.707106781187,0.));
#4650 = DIRECTION('',(0.707106781187,0.707106781187,0.));
#4651 = ADVANCED_FACE('',(#4652),#4670,.F.);
#4652 = FACE_BOUND('',#4653,.F.);
#4653 = EDGE_LOOP('',(#4654,#4662,#4668,#4669));
#4654 = ORIENTED_EDGE('',*,*,#4655,.F.);
#4655 = EDGE_CURVE('',#4656,#4632,#4658,.T.);
#4656 = VERTEX_POINT('',#4657);
#4657 = CARTESIAN_POINT('',(84.927000321166,6.,3.7));
#4658 = LINE('',#4659,#4660);
#4659 = CARTESIAN_POINT('',(81.946090151039,6.,3.7));
#4660 = VECTOR('',#4661,1.);
#4661 = DIRECTION('',(-1.,0.,0.));
#4662 = ORIENTED_EDGE('',*,*,#4663,.T.);
#4663 = EDGE_CURVE('',#4656,#1580,#4664,.T.);
#4664 = LINE('',#4665,#4666);
#4665 = CARTESIAN_POINT('',(84.927000321166,6.,4.91));
#4666 = VECTOR('',#4667,1.);
#4667 = DIRECTION('',(-0.,-0.,-1.));
#4668 = ORIENTED_EDGE('',*,*,#1587,.F.);
#4669 = ORIENTED_EDGE('',*,*,#4639,.F.);
#4670 = PLANE('',#4671);
#4671 = AXIS2_PLACEMENT_3D('',#4672,#4673,#4674);
#4672 = CARTESIAN_POINT('',(84.927000321166,6.,4.91));
#4673 = DIRECTION('',(0.,1.,0.));
#4674 = DIRECTION('',(-1.,0.,0.));
#4675 = ADVANCED_FACE('',(#4676),#4705,.F.);
#4676 = FACE_BOUND('',#4677,.F.);
#4677 = EDGE_LOOP('',(#4678,#4686,#4703,#4704));
#4678 = ORIENTED_EDGE('',*,*,#4679,.F.);
#4679 = EDGE_CURVE('',#4680,#4656,#4682,.T.);
#4680 = VERTEX_POINT('',#4681);
#4681 = CARTESIAN_POINT('',(82.737000321166,8.19,3.7));
#4682 = LINE('',#4683,#4684);
#4683 = CARTESIAN_POINT('',(72.8435340811,18.083466240066,3.7));
#4684 = VECTOR('',#4685,1.);
#4685 = DIRECTION('',(0.707106781187,-0.707106781187,0.));
#4686 = ORIENTED_EDGE('',*,*,#4687,.F.);
#4687 = EDGE_CURVE('',#1573,#4680,#4688,.T.);
#4688 = B_SPLINE_CURVE_WITH_KNOTS('',4,(#4689,#4690,#4691,#4692,#4693,
    #4694,#4695,#4696,#4697,#4698,#4699,#4700,#4701,#4702),
  .UNSPECIFIED.,.F.,.F.,(5,3,3,3,5),(0.,0.24774863177,0.49695140854,
    0.747668790063,1.),.UNSPECIFIED.);
#4689 = CARTESIAN_POINT('',(84.927000321166,6.,1.51));
#4690 = CARTESIAN_POINT('',(84.713899031594,6.213101289572,
    1.723101289572));
#4691 = CARTESIAN_POINT('',(84.5012003813,6.425799939866,1.935799939866)
  );
#4692 = CARTESIAN_POINT('',(84.288909102669,6.638091218497,
    2.148091218497));
#4693 = CARTESIAN_POINT('',(83.863907156416,7.06309316475,2.57309316475)
  );
#4694 = CARTESIAN_POINT('',(83.651201340385,7.275798980781,
    2.785798980781));
#4695 = CARTESIAN_POINT('',(83.438917310735,7.488083010431,
    2.998083010431));
#4696 = CARTESIAN_POINT('',(83.013914841789,7.913085479377,
    3.423085479377));
#4697 = CARTESIAN_POINT('',(82.801201603582,8.125798717584,
    3.635798717584));
#4698 = CARTESIAN_POINT('',(82.588925086095,8.338075235071,
    3.848075235071));
#4699 = CARTESIAN_POINT('',(82.163891745481,8.763108575685,
    4.273108575685));
#4700 = CARTESIAN_POINT('',(81.951140625557,8.975859695609,
    4.485859695609));
#4701 = CARTESIAN_POINT('',(81.738841825745,9.188158495421,
    4.698158495421));
#4702 = CARTESIAN_POINT('',(81.527000321166,9.4,4.91));
#4703 = ORIENTED_EDGE('',*,*,#1579,.F.);
#4704 = ORIENTED_EDGE('',*,*,#4663,.F.);
#4705 = PLANE('',#4706);
#4706 = AXIS2_PLACEMENT_3D('',#4707,#4708,#4709);
#4707 = CARTESIAN_POINT('',(81.527000321166,9.4,4.91));
#4708 = DIRECTION('',(-0.707106781187,-0.707106781187,0.));
#4709 = DIRECTION('',(0.707106781187,-0.707106781187,0.));
#4710 = ADVANCED_FACE('',(#4711),#4739,.T.);
#4711 = FACE_BOUND('',#4712,.T.);
#4712 = EDGE_LOOP('',(#4713,#4720,#4721,#4722));
#4713 = ORIENTED_EDGE('',*,*,#4714,.T.);
#4714 = EDGE_CURVE('',#4715,#4680,#4717,.T.);
#4715 = VERTEX_POINT('',#4716);
#4716 = CARTESIAN_POINT('',(92.217000321166,8.19,3.7));
#4717 = B_SPLINE_CURVE_WITH_KNOTS('',1,(#4718,#4719),.UNSPECIFIED.,.F.,
  .F.,(2,2),(0.,1.),.PIECEWISE_BEZIER_KNOTS.);
#4718 = CARTESIAN_POINT('',(93.331871922107,8.19,3.7));
#4719 = CARTESIAN_POINT('',(81.266886681701,8.19,3.7));
#4720 = ORIENTED_EDGE('',*,*,#4687,.F.);
#4721 = ORIENTED_EDGE('',*,*,#1572,.F.);
#4722 = ORIENTED_EDGE('',*,*,#4723,.T.);
#4723 = EDGE_CURVE('',#1565,#4715,#4724,.T.);
#4724 = B_SPLINE_CURVE_WITH_KNOTS('',4,(#4725,#4726,#4727,#4728,#4729,
    #4730,#4731,#4732,#4733,#4734,#4735,#4736,#4737,#4738),
  .UNSPECIFIED.,.F.,.F.,(5,3,3,3,5),(0.,0.24849834834,0.497963576202,
    0.748437897695,1.),.UNSPECIFIED.);
#4725 = CARTESIAN_POINT('',(90.027000321166,6.,1.51));
#4726 = CARTESIAN_POINT('',(90.239895830277,6.212895509111,
    1.722895509111));
#4727 = CARTESIAN_POINT('',(90.452525710143,6.425525388977,
    1.935525388977));
#4728 = CARTESIAN_POINT('',(90.66488582223,6.637885501064,2.147885501064
    ));
#4729 = CARTESIAN_POINT('',(91.089883252985,7.062882931819,
    2.572882931819));
#4730 = CARTESIAN_POINT('',(91.302518435358,7.275518114192,
    2.785518114192));
#4731 = CARTESIAN_POINT('',(91.514873202616,7.48787288145,2.99787288145)
  );
#4732 = CARTESIAN_POINT('',(91.939870992357,7.912870671191,
    3.422870671191));
#4733 = CARTESIAN_POINT('',(92.15251170631,8.125511385144,3.635511385144
    ));
#4734 = CARTESIAN_POINT('',(92.364860899913,8.337860578747,
    3.847860578747));
#4735 = CARTESIAN_POINT('',(92.789888138452,8.762887817287,
    4.272887817286));
#4736 = CARTESIAN_POINT('',(93.002563606603,8.975563285437,
    4.485563285437));
#4737 = CARTESIAN_POINT('',(93.214935888334,9.187935567168,
    4.697935567168));
#4738 = CARTESIAN_POINT('',(93.427000321166,9.4,4.91));
#4739 = B_SPLINE_SURFACE_WITH_KNOTS('',1,1,(
    (#4740,#4741)
    ,(#4742,#4743
    )),.UNSPECIFIED.,.F.,.F.,.F.,(2,2),(2,2),(0.,92.3),(0.,1.),
  .PIECEWISE_BEZIER_KNOTS.);
#4740 = CARTESIAN_POINT('',(8.227,6.,1.51));
#4741 = CARTESIAN_POINT('',(11.627,9.4,4.91));
#4742 = CARTESIAN_POINT('',(100.527,6.,1.51));
#4743 = CARTESIAN_POINT('',(100.52700032116,9.4,4.91));
#4744 = ADVANCED_FACE('',(#4745),#4763,.F.);
#4745 = FACE_BOUND('',#4746,.F.);
#4746 = EDGE_LOOP('',(#4747,#4755,#4761,#4762));
#4747 = ORIENTED_EDGE('',*,*,#4748,.F.);
#4748 = EDGE_CURVE('',#4749,#4715,#4751,.T.);
#4749 = VERTEX_POINT('',#4750);
#4750 = CARTESIAN_POINT('',(90.027000321166,6.,3.7));
#4751 = LINE('',#4752,#4753);
#4752 = CARTESIAN_POINT('',(96.154556391105,12.127556069939,3.7));
#4753 = VECTOR('',#4754,1.);
#4754 = DIRECTION('',(0.707106781187,0.707106781187,-0.));
#4755 = ORIENTED_EDGE('',*,*,#4756,.T.);
#4756 = EDGE_CURVE('',#4749,#1557,#4757,.T.);
#4757 = LINE('',#4758,#4759);
#4758 = CARTESIAN_POINT('',(90.027000321166,6.,4.91));
#4759 = VECTOR('',#4760,1.);
#4760 = DIRECTION('',(-0.,-0.,-1.));
#4761 = ORIENTED_EDGE('',*,*,#1564,.F.);
#4762 = ORIENTED_EDGE('',*,*,#4723,.T.);
#4763 = PLANE('',#4764);
#4764 = AXIS2_PLACEMENT_3D('',#4765,#4766,#4767);
#4765 = CARTESIAN_POINT('',(90.027000321166,6.,4.91));
#4766 = DIRECTION('',(0.707106781187,-0.707106781187,0.));
#4767 = DIRECTION('',(0.707106781187,0.707106781187,0.));
#4768 = ADVANCED_FACE('',(#4769),#4787,.F.);
#4769 = FACE_BOUND('',#4770,.F.);
#4770 = EDGE_LOOP('',(#4771,#4779,#4785,#4786));
#4771 = ORIENTED_EDGE('',*,*,#4772,.F.);
#4772 = EDGE_CURVE('',#4773,#4749,#4775,.T.);
#4773 = VERTEX_POINT('',#4774);
#4774 = CARTESIAN_POINT('',(96.927000321166,6.,3.7));
#4775 = LINE('',#4776,#4777);
#4776 = CARTESIAN_POINT('',(87.946090151039,6.,3.7));
#4777 = VECTOR('',#4778,1.);
#4778 = DIRECTION('',(-1.,0.,0.));
#4779 = ORIENTED_EDGE('',*,*,#4780,.T.);
#4780 = EDGE_CURVE('',#4773,#1549,#4781,.T.);
#4781 = LINE('',#4782,#4783);
#4782 = CARTESIAN_POINT('',(96.927000321166,6.,4.91));
#4783 = VECTOR('',#4784,1.);
#4784 = DIRECTION('',(-0.,-0.,-1.));
#4785 = ORIENTED_EDGE('',*,*,#1556,.F.);
#4786 = ORIENTED_EDGE('',*,*,#4756,.F.);
#4787 = PLANE('',#4788);
#4788 = AXIS2_PLACEMENT_3D('',#4789,#4790,#4791);
#4789 = CARTESIAN_POINT('',(96.927000321166,6.,4.91));
#4790 = DIRECTION('',(0.,1.,0.));
#4791 = DIRECTION('',(-1.,0.,0.));
#4792 = ADVANCED_FACE('',(#4793),#4822,.F.);
#4793 = FACE_BOUND('',#4794,.F.);
#4794 = EDGE_LOOP('',(#4795,#4803,#4820,#4821));
#4795 = ORIENTED_EDGE('',*,*,#4796,.F.);
#4796 = EDGE_CURVE('',#4797,#4773,#4799,.T.);
#4797 = VERTEX_POINT('',#4798);
#4798 = CARTESIAN_POINT('',(94.737000321166,8.19,3.7));
#4799 = LINE('',#4800,#4801);
#4800 = CARTESIAN_POINT('',(81.8435340811,21.083466240068,3.7));
#4801 = VECTOR('',#4802,1.);
#4802 = DIRECTION('',(0.707106781186,-0.707106781187,0.));
#4803 = ORIENTED_EDGE('',*,*,#4804,.F.);
#4804 = EDGE_CURVE('',#1542,#4797,#4805,.T.);
#4805 = B_SPLINE_CURVE_WITH_KNOTS('',4,(#4806,#4807,#4808,#4809,#4810,
    #4811,#4812,#4813,#4814,#4815,#4816,#4817,#4818,#4819),
  .UNSPECIFIED.,.F.,.F.,(5,3,3,3,5),(0.,0.248091412889,0.497413998723,
    0.748020119097,1.),.UNSPECIFIED.);
#4806 = CARTESIAN_POINT('',(96.927000321165,6.,1.51));
#4807 = CARTESIAN_POINT('',(96.713993494388,6.213006826778,
    1.723006826778));
#4808 = CARTESIAN_POINT('',(96.501326343774,6.425673977392,
    1.935673977392));
#4809 = CARTESIAN_POINT('',(96.289003458793,6.637996862373,
    2.147996862373));
#4810 = CARTESIAN_POINT('',(95.864003567081,7.062996754084,
    2.572996754084));
#4811 = CARTESIAN_POINT('',(95.651330031697,7.275670289468,
    2.785670289468));
#4812 = CARTESIAN_POINT('',(95.439013587158,7.487986734008,
    2.997986734008));
#4813 = CARTESIAN_POINT('',(95.014013237785,7.912987083381,
    3.422987083381));
#4814 = CARTESIAN_POINT('',(94.801333067977,8.125667253189,
    3.635667253189));
#4815 = CARTESIAN_POINT('',(94.589023316853,8.337977004313,
    3.847977004313));
#4816 = CARTESIAN_POINT('',(94.163992630719,8.763007690446,
    4.273007690446));
#4817 = CARTESIAN_POINT('',(93.951275821256,8.97572449991,4.48572449991)
  );
#4818 = CARTESIAN_POINT('',(93.738943387531,9.188056933635,
    4.698056933635));
#4819 = CARTESIAN_POINT('',(93.527000321166,9.4,4.91));
#4820 = ORIENTED_EDGE('',*,*,#1548,.F.);
#4821 = ORIENTED_EDGE('',*,*,#4780,.F.);
#4822 = PLANE('',#4823);
#4823 = AXIS2_PLACEMENT_3D('',#4824,#4825,#4826);
#4824 = CARTESIAN_POINT('',(93.527000321166,9.4,4.91));
#4825 = DIRECTION('',(-0.707106781187,-0.707106781186,0.));
#4826 = DIRECTION('',(0.707106781186,-0.707106781187,0.));
#4827 = ADVANCED_FACE('',(#4828),#4881,.T.);
#4828 = FACE_BOUND('',#4829,.T.);
#4829 = EDGE_LOOP('',(#4830,#4837,#4838,#4839,#4846));
#4830 = ORIENTED_EDGE('',*,*,#4831,.T.);
#4831 = EDGE_CURVE('',#4832,#4797,#4834,.T.);
#4832 = VERTEX_POINT('',#4833);
#4833 = CARTESIAN_POINT('',(97.541384485571,8.19,3.7));
#4834 = B_SPLINE_CURVE_WITH_KNOTS('',1,(#4835,#4836),.UNSPECIFIED.,.F.,
  .F.,(2,2),(0.,1.),.PIECEWISE_BEZIER_KNOTS.);
#4835 = CARTESIAN_POINT('',(100.52700020686,8.19,3.7));
#4836 = CARTESIAN_POINT('',(93.430216249484,8.19,3.7));
#4837 = ORIENTED_EDGE('',*,*,#4804,.F.);
#4838 = ORIENTED_EDGE('',*,*,#1541,.F.);
#4839 = ORIENTED_EDGE('',*,*,#4840,.T.);
#4840 = EDGE_CURVE('',#1515,#4841,#4843,.T.);
#4841 = VERTEX_POINT('',#4842);
#4842 = CARTESIAN_POINT('',(100.52700008501,6.9,2.41));
#4843 = B_SPLINE_CURVE_WITH_KNOTS('',1,(#4844,#4845),.UNSPECIFIED.,.F.,
  .F.,(2,2),(0.,1.),.PIECEWISE_BEZIER_KNOTS.);
#4844 = CARTESIAN_POINT('',(100.527,6.,1.51));
#4845 = CARTESIAN_POINT('',(100.52700032116,9.4,4.91));
#4846 = ORIENTED_EDGE('',*,*,#4847,.T.);
#4847 = EDGE_CURVE('',#4841,#4832,#4848,.T.);
#4848 = B_SPLINE_CURVE_WITH_KNOTS('',7,(#4849,#4850,#4851,#4852,#4853,
    #4854,#4855,#4856,#4857,#4858,#4859,#4860,#4861,#4862,#4863,#4864,
    #4865,#4866,#4867,#4868,#4869,#4870,#4871,#4872,#4873,#4874,#4875,
    #4876,#4877,#4878,#4879,#4880),.UNSPECIFIED.,.F.,.F.,(8,6,6,6,6,8),(
    0.,0.571517794476,0.954919886976,0.978026262205,0.988736172239,1.),
  .UNSPECIFIED.);
#4849 = CARTESIAN_POINT('',(100.52700008501,6.9,2.41));
#4850 = CARTESIAN_POINT('',(100.23945111712,6.899999994038,
    2.409999994038));
#4851 = CARTESIAN_POINT('',(99.951744283258,6.92352827451,2.43352827451)
  );
#4852 = CARTESIAN_POINT('',(99.667973008944,6.97062980525,2.48062980525)
  );
#4853 = CARTESIAN_POINT('',(99.391481963465,7.04019796124,2.55019796124)
  );
#4854 = CARTESIAN_POINT('',(99.124998074997,7.130561663475,
    2.640561663475));
#4855 = CARTESIAN_POINT('',(98.870677276666,7.239653757378,
    2.749653757378));
#4856 = CARTESIAN_POINT('',(98.468792190529,7.449379293343,
    2.959379293343));
#4857 = CARTESIAN_POINT('',(98.313527945585,7.541037404157,
    3.051037404157));
#4858 = CARTESIAN_POINT('',(98.164739463321,7.639537427774,
    3.149537427774));
#4859 = CARTESIAN_POINT('',(98.022691998752,7.74427397523,3.25427397523)
  );
#4860 = CARTESIAN_POINT('',(97.887558770432,7.854670154355,
    3.364670154355));
#4861 = CARTESIAN_POINT('',(97.759441490012,7.970195099235,
    3.480195099235));
#4862 = CARTESIAN_POINT('',(97.631090711855,8.09761906698,3.60761906698)
  );
#4863 = CARTESIAN_POINT('',(97.623820775402,8.104878884362,
    3.614878884362));
#4864 = CARTESIAN_POINT('',(97.616576509441,8.112155499644,
    3.622155499644));
#4865 = CARTESIAN_POINT('',(97.609357925121,8.119448808278,
    3.629448808278));
#4866 = CARTESIAN_POINT('',(97.602165033027,8.126758706304,
    3.636758706304));
#4867 = CARTESIAN_POINT('',(97.594997843182,8.134085090349,
    3.644085090349));
#4868 = CARTESIAN_POINT('',(97.584546257443,8.144831263673,
    3.654831263673));
#4869 = CARTESIAN_POINT('',(97.58124510286,8.148234663563,3.658234663563
    ));
#4870 = CARTESIAN_POINT('',(97.577952858874,8.151638057362,
    3.661638057362));
#4871 = CARTESIAN_POINT('',(97.574669483552,8.15504144513,3.66504144513)
  );
#4872 = CARTESIAN_POINT('',(97.571394935455,8.158444826924,
    3.668444826924));
#4873 = CARTESIAN_POINT('',(97.568129173632,8.1618482028,3.6718482028));
#4874 = CARTESIAN_POINT('',(97.561446688389,8.168830965505,
    3.678830965505));
#4875 = CARTESIAN_POINT('',(97.558027313471,8.172414091082,
    3.682414091082));
#4876 = CARTESIAN_POINT('',(97.554613950277,8.176001026886,
    3.686001026886));
#4877 = CARTESIAN_POINT('',(97.551206562552,8.179591800954,
    3.689591800954));
#4878 = CARTESIAN_POINT('',(97.547805160377,8.183186392023,
    3.693186392023));
#4879 = CARTESIAN_POINT('',(97.544409800176,8.18678472953,3.69678472953)
  );
#4880 = CARTESIAN_POINT('',(97.541020584708,8.190386693608,
    3.700386693608));
#4881 = B_SPLINE_SURFACE_WITH_KNOTS('',1,1,(
    (#4882,#4883)
    ,(#4884,#4885
    )),.UNSPECIFIED.,.F.,.F.,.F.,(2,2),(2,2),(0.,92.3),(0.,1.),
  .PIECEWISE_BEZIER_KNOTS.);
#4882 = CARTESIAN_POINT('',(8.227,6.,1.51));
#4883 = CARTESIAN_POINT('',(11.627,9.4,4.91));
#4884 = CARTESIAN_POINT('',(100.527,6.,1.51));
#4885 = CARTESIAN_POINT('',(100.52700032116,9.4,4.91));
#4886 = ADVANCED_FACE('',(#4887),#4948,.T.);
#4887 = FACE_BOUND('',#4888,.T.);
#4888 = EDGE_LOOP('',(#4889,#4890,#4891,#4898));
#4889 = ORIENTED_EDGE('',*,*,#4840,.F.);
#4890 = ORIENTED_EDGE('',*,*,#1514,.F.);
#4891 = ORIENTED_EDGE('',*,*,#4892,.T.);
#4892 = EDGE_CURVE('',#1508,#4893,#4895,.T.);
#4893 = VERTEX_POINT('',#4894);
#4894 = CARTESIAN_POINT('',(104.627,10.999999957501,2.41));
#4895 = B_SPLINE_CURVE_WITH_KNOTS('',1,(#4896,#4897),.UNSPECIFIED.,.F.,
  .F.,(2,2),(0.,1.),.PIECEWISE_BEZIER_KNOTS.);
#4896 = CARTESIAN_POINT('',(105.527,11.,1.51));
#4897 = CARTESIAN_POINT('',(102.127,10.9999996789,4.91));
#4898 = ORIENTED_EDGE('',*,*,#4899,.T.);
#4899 = EDGE_CURVE('',#4893,#4841,#4900,.T.);
#4900 = B_SPLINE_CURVE_WITH_KNOTS('',6,(#4901,#4902,#4903,#4904,#4905,
    #4906,#4907,#4908,#4909,#4910,#4911,#4912,#4913,#4914,#4915,#4916,
    #4917,#4918,#4919,#4920,#4921,#4922,#4923,#4924,#4925,#4926,#4927,
    #4928,#4929,#4930,#4931,#4932,#4933,#4934,#4935,#4936,#4937,#4938,
    #4939,#4940,#4941,#4942,#4943,#4944,#4945,#4946,#4947),
  .UNSPECIFIED.,.F.,.F.,(7,5,5,5,5,5,5,5,5,7),(0.,5.000062754484E-02,
    8.500106692304E-02,0.142001778556,0.249003065068,0.268003303345,
    0.329004065687,0.442005412301,0.721002704385,1.),.UNSPECIFIED.);
#4901 = CARTESIAN_POINT('',(104.627,10.999999915003,2.41));
#4902 = CARTESIAN_POINT('',(104.62699999888,10.946331040975,
    2.410000004203));
#4903 = CARTESIAN_POINT('',(104.62615696897,10.892662161981,
    2.41000000731));
#4904 = CARTESIAN_POINT('',(104.62447091046,10.839009841855,
    2.41000000994));
#4905 = CARTESIAN_POINT('',(104.62194225661,10.785390627406,
    2.410000012515));
#4906 = CARTESIAN_POINT('',(104.61857187373,10.731821048419,
    2.410000015258));
#4907 = CARTESIAN_POINT('',(104.61141349247,10.640865216018,
    2.410000020249));
#4908 = CARTESIAN_POINT('',(104.60805411297,10.603445223776,
    2.41000002241));
#4909 = CARTESIAN_POINT('',(104.60428336836,10.566063302889,
    2.410000024701));
#4910 = CARTESIAN_POINT('',(104.60010180774,10.528725104298,
    2.410000027128));
#4911 = CARTESIAN_POINT('',(104.59551008367,10.491436267936,
    2.410000029684));
#4912 = CARTESIAN_POINT('',(104.58236425293,10.393564450405,
    2.410000036683));
#4913 = CARTESIAN_POINT('',(104.57313370336,10.33307231651,
    2.410000041314));
#4914 = CARTESIAN_POINT('',(104.56282057136,10.272750347383,
    2.410000046134));
#4915 = CARTESIAN_POINT('',(104.55142884521,10.212622739552,
    2.410000051038));
#4916 = CARTESIAN_POINT('',(104.53896323362,10.152713559726,
    2.410000055922));
#4917 = CARTESIAN_POINT('',(104.50002312,9.9810406702,2.410000069611));
#4918 = CARTESIAN_POINT('',(104.47085192904,9.869888407079,
    2.410000078094));
#4919 = CARTESIAN_POINT('',(104.4379516053,9.759748635708,2.410000085612
    ));
#4920 = CARTESIAN_POINT('',(104.40136682871,9.650777287753,2.41000009194
    ));
#4921 = CARTESIAN_POINT('',(104.36115094662,9.54312754627,2.410000097145
    ));
#4922 = CARTESIAN_POINT('',(104.30959106803,9.418095851745,
    2.410000102372));
#4923 = CARTESIAN_POINT('',(104.30170362229,9.399288266354,
    2.410000103135));
#4924 = CARTESIAN_POINT('',(104.29370398286,9.380527929313,
    2.410000103873));
#4925 = CARTESIAN_POINT('',(104.28559250434,9.361815676824,
    2.410000104589));
#4926 = CARTESIAN_POINT('',(104.27736954963,9.343152341523,
    2.410000105284));
#4927 = CARTESIAN_POINT('',(104.24227877316,9.264779337605,
    2.410000108123));
#4928 = CARTESIAN_POINT('',(104.2143768383,9.205532668781,2.410000110081
    ));
#4929 = CARTESIAN_POINT('',(104.18534198099,9.146826205955,2.41000011188
    ));
#4930 = CARTESIAN_POINT('',(104.15518735343,9.088686975191,
    2.410000113561));
#4931 = CARTESIAN_POINT('',(104.12392696435,9.031141568664,
    2.410000115155));
#4932 = CARTESIAN_POINT('',(104.03164628358,8.868764190908,2.41000011951
    ));
#4933 = CARTESIAN_POINT('',(103.96797319117,8.765439483492,
    2.410000122125));
#4934 = CARTESIAN_POINT('',(103.90065115171,8.664408691276,
    2.410000124585));
#4935 = CARTESIAN_POINT('',(103.82978421491,8.565832044831,
    2.410000126861));
#4936 = CARTESIAN_POINT('',(103.75548573027,8.469863336427,
    2.410000128837));
#4937 = CARTESIAN_POINT('',(103.48626780071,8.146508496618,
    2.410000133948));
#4938 = CARTESIAN_POINT('',(103.27447014451,7.933142806161,
    2.410000134888));
#4939 = CARTESIAN_POINT('',(103.04435400393,7.738809236775,
    2.410000129803));
#4940 = CARTESIAN_POINT('',(102.79807836836,7.565410026142,
    2.410000122516));
#4941 = CARTESIAN_POINT('',(102.53803023182,7.414552038683,
    2.410000117299));
#4942 = CARTESIAN_POINT('',(101.99570108099,7.160391059813,
    2.410000099048));
#4943 = CARTESIAN_POINT('',(101.71337608871,7.057067458914,
    2.410000084046));
#4944 = CARTESIAN_POINT('',(101.42254022733,6.978750930595,
    2.410000073708));
#4945 = CARTESIAN_POINT('',(101.12595568154,6.92624775664,2.410000014856
    ));
#4946 = CARTESIAN_POINT('',(100.82646574083,6.90000000621,2.410000023392
    ));
#4947 = CARTESIAN_POINT('',(100.52700008501,6.9,2.409999999934));
#4948 = B_SPLINE_SURFACE_WITH_KNOTS('',8,1,(
    (#4949,#4950)
    ,(#4951,#4952)
    ,(#4953,#4954)
    ,(#4955,#4956)
    ,(#4957,#4958)
    ,(#4959,#4960)
    ,(#4961,#4962)
    ,(#4963,#4964)
    ,(#4965,#4966
    )),.UNSPECIFIED.,.F.,.F.,.F.,(9,9),(2,2),(0.,1.570796455248),(0.,1.)
  ,.PIECEWISE_BEZIER_KNOTS.);
#4949 = CARTESIAN_POINT('',(100.527,6.000000000066,1.51));
#4950 = CARTESIAN_POINT('',(100.52700032116,9.400000000066,4.91));
#4951 = CARTESIAN_POINT('',(101.50874772147,5.999999937005,1.51));
#4952 = CARTESIAN_POINT('',(100.84115952346,9.400000000066,4.91));
#4953 = CARTESIAN_POINT('',(102.49049576611,6.220303840631,1.51));
#4954 = CARTESIAN_POINT('',(101.15531882465,9.470497248253,4.91));
#4955 = CARTESIAN_POINT('',(103.41456625535,6.660909550871,1.51));
#4956 = CARTESIAN_POINT('',(101.45102131062,9.61149105222,4.91));
#4957 = CARTESIAN_POINT('',(104.22329388975,7.303706110263,1.51));
#4958 = CARTESIAN_POINT('',(101.70981409298,9.817185907077,4.91));
#4959 = CARTESIAN_POINT('',(104.86609044915,8.112433744659,1.51));
#4960 = CARTESIAN_POINT('',(101.91550894784,10.075978689442,4.91));
#4961 = CARTESIAN_POINT('',(105.3066961594,9.036504233886,1.51));
#4962 = CARTESIAN_POINT('',(102.05650275181,10.371681175415,4.91));
#4963 = CARTESIAN_POINT('',(105.52700006304,10.018252278531,1.51));
#4964 = CARTESIAN_POINT('',(102.127,10.685840476602,4.91));
#4965 = CARTESIAN_POINT('',(105.527,11.,1.51));
#4966 = CARTESIAN_POINT('',(102.127,10.9999996789,4.91));
#4967 = ADVANCED_FACE('',(#4968),#5009,.T.);
#4968 = FACE_BOUND('',#4969,.T.);
#4969 = EDGE_LOOP('',(#4970,#4995,#4996,#4997,#5004));
#4970 = ORIENTED_EDGE('',*,*,#4971,.T.);
#4971 = EDGE_CURVE('',#4972,#4893,#4974,.T.);
#4972 = VERTEX_POINT('',#4973);
#4973 = CARTESIAN_POINT('',(103.337,13.985615514429,3.7));
#4974 = B_SPLINE_CURVE_WITH_KNOTS('',7,(#4975,#4976,#4977,#4978,#4979,
    #4980,#4981,#4982,#4983,#4984,#4985,#4986,#4987,#4988,#4989,#4990,
    #4991,#4992,#4993,#4994),.UNSPECIFIED.,.F.,.F.,(8,6,6,8),(0.,
    1.041858710606E-02,0.411889252381,1.),.UNSPECIFIED.);
#4975 = CARTESIAN_POINT('',(103.33661330639,13.985979415292,
    3.700386693608));
#4976 = CARTESIAN_POINT('',(103.33997472417,13.982816538624,
    3.697025275822));
#4977 = CARTESIAN_POINT('',(103.34333293271,13.979648358342,
    3.693667067282));
#4978 = CARTESIAN_POINT('',(103.34668788507,13.976474910467,
    3.690312114927));
#4979 = CARTESIAN_POINT('',(103.35003955125,13.973296215098,
    3.686960448749));
#4980 = CARTESIAN_POINT('',(103.3533879182,13.970112276416,
    3.683612081795));
#4981 = CARTESIAN_POINT('',(103.35673298983,13.966923082677,
    3.680267010163));
#4982 = CARTESIAN_POINT('',(103.48884786471,13.840632395933,
    3.548152135286));
#4983 = CARTESIAN_POINT('',(103.61272848534,13.709720587902,
    3.424271514651));
#4984 = CARTESIAN_POINT('',(103.73116576979,13.571048526305,
    3.305834230208));
#4985 = CARTESIAN_POINT('',(103.84354589064,13.424736894694,
    3.193454109351));
#4986 = CARTESIAN_POINT('',(103.94920620393,13.270989433379,
    3.087793796069));
#4987 = CARTESIAN_POINT('',(104.04745561946,13.110116579757,
    2.989544380534));
#4988 = CARTESIAN_POINT('',(104.26965467064,12.697120283621,
    2.767345329358));
#4989 = CARTESIAN_POINT('',(104.38446026336,12.437079420272,
    2.652539736633));
#4990 = CARTESIAN_POINT('',(104.47954057339,12.1642294122,2.557459426609
    ));
#4991 = CARTESIAN_POINT('',(104.55271790393,11.88088795331,
    2.484282096064));
#4992 = CARTESIAN_POINT('',(104.60225729376,11.589938104953,
    2.434742706234));
#4993 = CARTESIAN_POINT('',(104.627,11.294876149982,2.41));
#4994 = CARTESIAN_POINT('',(104.627,11.,2.41));
#4995 = ORIENTED_EDGE('',*,*,#4892,.F.);
#4996 = ORIENTED_EDGE('',*,*,#1507,.F.);
#4997 = ORIENTED_EDGE('',*,*,#4998,.T.);
#4998 = EDGE_CURVE('',#1500,#4999,#5001,.T.);
#4999 = VERTEX_POINT('',#5000);
#5000 = CARTESIAN_POINT('',(103.337,18.39000032117,3.7));
#5001 = B_SPLINE_CURVE_WITH_KNOTS('',1,(#5002,#5003),.UNSPECIFIED.,.F.,
  .F.,(2,2),(0.,1.),.PIECEWISE_BEZIER_KNOTS.);
#5002 = CARTESIAN_POINT('',(105.527,16.20000032117,1.51));
#5003 = CARTESIAN_POINT('',(102.127,19.60000032117,4.91));
#5004 = ORIENTED_EDGE('',*,*,#5005,.T.);
#5005 = EDGE_CURVE('',#4999,#4972,#5006,.T.);
#5006 = B_SPLINE_CURVE_WITH_KNOTS('',1,(#5007,#5008),.UNSPECIFIED.,.F.,
  .F.,(2,2),(0.,1.),.PIECEWISE_BEZIER_KNOTS.);
#5007 = CARTESIAN_POINT('',(103.337,19.601545455272,3.7));
#5008 = CARTESIAN_POINT('',(103.337,10.999999793174,3.7));
#5009 = B_SPLINE_SURFACE_WITH_KNOTS('',1,1,(
    (#5010,#5011)
    ,(#5012,#5013
    )),.UNSPECIFIED.,.F.,.F.,.F.,(2,2),(2,2),(-3.2109997505E-07,
    128.00000032117),(0.,1.),.PIECEWISE_BEZIER_KNOTS.);
#5010 = CARTESIAN_POINT('',(105.527,11.,1.51));
#5011 = CARTESIAN_POINT('',(102.127,10.9999996789,4.91));
#5012 = CARTESIAN_POINT('',(105.527,139.,1.51));
#5013 = CARTESIAN_POINT('',(102.127,139.00000032117,4.91));
#5014 = ADVANCED_FACE('',(#5015),#5033,.T.);
#5015 = FACE_BOUND('',#5016,.F.);
#5016 = EDGE_LOOP('',(#5017,#5025,#5031,#5032));
#5017 = ORIENTED_EDGE('',*,*,#5018,.F.);
#5018 = EDGE_CURVE('',#5019,#4999,#5021,.T.);
#5019 = VERTEX_POINT('',#5020);
#5020 = CARTESIAN_POINT('',(105.52699999999,16.200000321171,3.7));
#5021 = LINE('',#5022,#5023);
#5022 = CARTESIAN_POINT('',(92.543533920517,29.183466400653,3.7));
#5023 = VECTOR('',#5024,1.);
#5024 = DIRECTION('',(-0.707106781187,0.707106781187,0.));
#5025 = ORIENTED_EDGE('',*,*,#5026,.T.);
#5026 = EDGE_CURVE('',#5019,#1492,#5027,.T.);
#5027 = LINE('',#5028,#5029);
#5028 = CARTESIAN_POINT('',(105.52699999999,16.200000321171,4.91));
#5029 = VECTOR('',#5030,1.);
#5030 = DIRECTION('',(0.,0.,-1.));
#5031 = ORIENTED_EDGE('',*,*,#1499,.F.);
#5032 = ORIENTED_EDGE('',*,*,#4998,.T.);
#5033 = PLANE('',#5034);
#5034 = AXIS2_PLACEMENT_3D('',#5035,#5036,#5037);
#5035 = CARTESIAN_POINT('',(105.52699999999,16.200000321171,4.91));
#5036 = DIRECTION('',(-0.707106781187,-0.707106781187,-0.));
#5037 = DIRECTION('',(0.707106781187,-0.707106781187,0.));
#5038 = ADVANCED_FACE('',(#5039),#5064,.T.);
#5039 = FACE_BOUND('',#5040,.F.);
#5040 = EDGE_LOOP('',(#5041,#5042,#5048,#5049,#5050,#5058));
#5041 = ORIENTED_EDGE('',*,*,#2869,.F.);
#5042 = ORIENTED_EDGE('',*,*,#5043,.T.);
#5043 = EDGE_CURVE('',#2870,#1484,#5044,.T.);
#5044 = LINE('',#5045,#5046);
#5045 = CARTESIAN_POINT('',(105.52699999999,25.400000321169,4.91));
#5046 = VECTOR('',#5047,1.);
#5047 = DIRECTION('',(0.,0.,-1.));
#5048 = ORIENTED_EDGE('',*,*,#1491,.F.);
#5049 = ORIENTED_EDGE('',*,*,#5026,.F.);
#5050 = ORIENTED_EDGE('',*,*,#5051,.F.);
#5051 = EDGE_CURVE('',#5052,#5019,#5054,.T.);
#5052 = VERTEX_POINT('',#5053);
#5053 = CARTESIAN_POINT('',(105.52699999999,19.,3.7));
#5054 = LINE('',#5055,#5056);
#5055 = CARTESIAN_POINT('',(105.52699999999,33.486022470591,3.7));
#5056 = VECTOR('',#5057,1.);
#5057 = DIRECTION('',(0.,-1.,0.));
#5058 = ORIENTED_EDGE('',*,*,#5059,.F.);
#5059 = EDGE_CURVE('',#2862,#5052,#5060,.T.);
#5060 = LINE('',#5061,#5062);
#5061 = CARTESIAN_POINT('',(105.52699999999,19.,4.605));
#5062 = VECTOR('',#5063,1.);
#5063 = DIRECTION('',(0.,0.,-1.));
#5064 = PLANE('',#5065);
#5065 = AXIS2_PLACEMENT_3D('',#5066,#5067,#5068);
#5066 = CARTESIAN_POINT('',(105.52699999999,25.400000321169,4.91));
#5067 = DIRECTION('',(1.,0.,0.));
#5068 = DIRECTION('',(0.,1.,0.));
#5069 = ADVANCED_FACE('',(#5070),#5080,.T.);
#5070 = FACE_BOUND('',#5071,.F.);
#5071 = EDGE_LOOP('',(#5072,#5073,#5078,#5079));
#5072 = ORIENTED_EDGE('',*,*,#2877,.F.);
#5073 = ORIENTED_EDGE('',*,*,#5074,.F.);
#5074 = EDGE_CURVE('',#1477,#2878,#5075,.T.);
#5075 = B_SPLINE_CURVE_WITH_KNOTS('',1,(#5076,#5077),.UNSPECIFIED.,.F.,
  .F.,(2,2),(0.,1.),.PIECEWISE_BEZIER_KNOTS.);
#5076 = CARTESIAN_POINT('',(105.527,25.40000032117,1.51));
#5077 = CARTESIAN_POINT('',(102.127,22.00000032117,4.91));
#5078 = ORIENTED_EDGE('',*,*,#1483,.F.);
#5079 = ORIENTED_EDGE('',*,*,#5043,.F.);
#5080 = PLANE('',#5081);
#5081 = AXIS2_PLACEMENT_3D('',#5082,#5083,#5084);
#5082 = CARTESIAN_POINT('',(102.127,22.00000032117,4.91));
#5083 = DIRECTION('',(-0.707106781187,0.707106781187,0.));
#5084 = DIRECTION('',(-0.707106781187,-0.707106781187,-0.));
#5085 = ADVANCED_FACE('',(#5086),#5096,.T.);
#5086 = FACE_BOUND('',#5087,.T.);
#5087 = EDGE_LOOP('',(#5088,#5089,#5090,#5095));
#5088 = ORIENTED_EDGE('',*,*,#5074,.F.);
#5089 = ORIENTED_EDGE('',*,*,#1476,.F.);
#5090 = ORIENTED_EDGE('',*,*,#5091,.T.);
#5091 = EDGE_CURVE('',#1469,#2886,#5092,.T.);
#5092 = B_SPLINE_CURVE_WITH_KNOTS('',1,(#5093,#5094),.UNSPECIFIED.,.F.,
  .F.,(2,2),(0.,1.),.PIECEWISE_BEZIER_KNOTS.);
#5093 = CARTESIAN_POINT('',(105.527,27.977778098948,1.51));
#5094 = CARTESIAN_POINT('',(102.127,31.377778098948,4.91));
#5095 = ORIENTED_EDGE('',*,*,#2885,.T.);
#5096 = B_SPLINE_SURFACE_WITH_KNOTS('',1,1,(
    (#5097,#5098)
    ,(#5099,#5100
    )),.UNSPECIFIED.,.F.,.F.,.F.,(2,2),(2,2),(-3.2109997505E-07,
    128.00000032117),(0.,1.),.PIECEWISE_BEZIER_KNOTS.);
#5097 = CARTESIAN_POINT('',(105.527,11.,1.51));
#5098 = CARTESIAN_POINT('',(102.127,10.9999996789,4.91));
#5099 = CARTESIAN_POINT('',(105.527,139.,1.51));
#5100 = CARTESIAN_POINT('',(102.127,139.00000032117,4.91));
#5101 = ADVANCED_FACE('',(#5102),#5113,.T.);
#5102 = FACE_BOUND('',#5103,.F.);
#5103 = EDGE_LOOP('',(#5104,#5105,#5111,#5112));
#5104 = ORIENTED_EDGE('',*,*,#2892,.F.);
#5105 = ORIENTED_EDGE('',*,*,#5106,.T.);
#5106 = EDGE_CURVE('',#2893,#1461,#5107,.T.);
#5107 = LINE('',#5108,#5109);
#5108 = CARTESIAN_POINT('',(105.52699999999,27.977778098948,4.91));
#5109 = VECTOR('',#5110,1.);
#5110 = DIRECTION('',(0.,0.,-1.));
#5111 = ORIENTED_EDGE('',*,*,#1468,.F.);
#5112 = ORIENTED_EDGE('',*,*,#5091,.T.);
#5113 = PLANE('',#5114);
#5114 = AXIS2_PLACEMENT_3D('',#5115,#5116,#5117);
#5115 = CARTESIAN_POINT('',(105.52699999999,27.977778098948,4.91));
#5116 = DIRECTION('',(-0.707106781187,-0.707106781187,-0.));
#5117 = DIRECTION('',(0.707106781187,-0.707106781187,0.));
#5118 = ADVANCED_FACE('',(#5119),#5130,.T.);
#5119 = FACE_BOUND('',#5120,.F.);
#5120 = EDGE_LOOP('',(#5121,#5122,#5128,#5129));
#5121 = ORIENTED_EDGE('',*,*,#2900,.F.);
#5122 = ORIENTED_EDGE('',*,*,#5123,.T.);
#5123 = EDGE_CURVE('',#2901,#1453,#5124,.T.);
#5124 = LINE('',#5125,#5126);
#5125 = CARTESIAN_POINT('',(105.52699999999,37.177778098947,4.91));
#5126 = VECTOR('',#5127,1.);
#5127 = DIRECTION('',(0.,0.,-1.));
#5128 = ORIENTED_EDGE('',*,*,#1460,.F.);
#5129 = ORIENTED_EDGE('',*,*,#5106,.F.);
#5130 = PLANE('',#5131);
#5131 = AXIS2_PLACEMENT_3D('',#5132,#5133,#5134);
#5132 = CARTESIAN_POINT('',(105.52699999999,37.177778098947,4.91));
#5133 = DIRECTION('',(1.,0.,0.));
#5134 = DIRECTION('',(0.,1.,0.));
#5135 = ADVANCED_FACE('',(#5136),#5146,.T.);
#5136 = FACE_BOUND('',#5137,.F.);
#5137 = EDGE_LOOP('',(#5138,#5139,#5144,#5145));
#5138 = ORIENTED_EDGE('',*,*,#2908,.F.);
#5139 = ORIENTED_EDGE('',*,*,#5140,.F.);
#5140 = EDGE_CURVE('',#1446,#2909,#5141,.T.);
#5141 = B_SPLINE_CURVE_WITH_KNOTS('',1,(#5142,#5143),.UNSPECIFIED.,.F.,
  .F.,(2,2),(0.,1.),.PIECEWISE_BEZIER_KNOTS.);
#5142 = CARTESIAN_POINT('',(105.527,37.177778098948,1.51));
#5143 = CARTESIAN_POINT('',(102.127,33.777778098948,4.91));
#5144 = ORIENTED_EDGE('',*,*,#1452,.F.);
#5145 = ORIENTED_EDGE('',*,*,#5123,.F.);
#5146 = PLANE('',#5147);
#5147 = AXIS2_PLACEMENT_3D('',#5148,#5149,#5150);
#5148 = CARTESIAN_POINT('',(102.127,33.777778098948,4.91));
#5149 = DIRECTION('',(-0.707106781187,0.707106781187,0.));
#5150 = DIRECTION('',(-0.707106781187,-0.707106781187,-0.));
#5151 = ADVANCED_FACE('',(#5152),#5162,.T.);
#5152 = FACE_BOUND('',#5153,.T.);
#5153 = EDGE_LOOP('',(#5154,#5155,#5156,#5161));
#5154 = ORIENTED_EDGE('',*,*,#5140,.F.);
#5155 = ORIENTED_EDGE('',*,*,#1445,.F.);
#5156 = ORIENTED_EDGE('',*,*,#5157,.T.);
#5157 = EDGE_CURVE('',#1438,#2917,#5158,.T.);
#5158 = B_SPLINE_CURVE_WITH_KNOTS('',1,(#5159,#5160),.UNSPECIFIED.,.F.,
  .F.,(2,2),(0.,1.),.PIECEWISE_BEZIER_KNOTS.);
#5159 = CARTESIAN_POINT('',(105.527,39.755555876726,1.51));
#5160 = CARTESIAN_POINT('',(102.127,43.155555876726,4.91));
#5161 = ORIENTED_EDGE('',*,*,#2916,.T.);
#5162 = B_SPLINE_SURFACE_WITH_KNOTS('',1,1,(
    (#5163,#5164)
    ,(#5165,#5166
    )),.UNSPECIFIED.,.F.,.F.,.F.,(2,2),(2,2),(-3.2109997505E-07,
    128.00000032117),(0.,1.),.PIECEWISE_BEZIER_KNOTS.);
#5163 = CARTESIAN_POINT('',(105.527,11.,1.51));
#5164 = CARTESIAN_POINT('',(102.127,10.9999996789,4.91));
#5165 = CARTESIAN_POINT('',(105.527,139.,1.51));
#5166 = CARTESIAN_POINT('',(102.127,139.00000032117,4.91));
#5167 = ADVANCED_FACE('',(#5168),#5179,.T.);
#5168 = FACE_BOUND('',#5169,.F.);
#5169 = EDGE_LOOP('',(#5170,#5171,#5177,#5178));
#5170 = ORIENTED_EDGE('',*,*,#2923,.F.);
#5171 = ORIENTED_EDGE('',*,*,#5172,.T.);
#5172 = EDGE_CURVE('',#2924,#1430,#5173,.T.);
#5173 = LINE('',#5174,#5175);
#5174 = CARTESIAN_POINT('',(105.52699999999,39.755555876726,4.91));
#5175 = VECTOR('',#5176,1.);
#5176 = DIRECTION('',(0.,0.,-1.));
#5177 = ORIENTED_EDGE('',*,*,#1437,.F.);
#5178 = ORIENTED_EDGE('',*,*,#5157,.T.);
#5179 = PLANE('',#5180);
#5180 = AXIS2_PLACEMENT_3D('',#5181,#5182,#5183);
#5181 = CARTESIAN_POINT('',(105.52699999999,39.755555876726,4.91));
#5182 = DIRECTION('',(-0.707106781187,-0.707106781187,-0.));
#5183 = DIRECTION('',(0.707106781187,-0.707106781187,0.));
#5184 = ADVANCED_FACE('',(#5185),#5196,.T.);
#5185 = FACE_BOUND('',#5186,.F.);
#5186 = EDGE_LOOP('',(#5187,#5188,#5194,#5195));
#5187 = ORIENTED_EDGE('',*,*,#2931,.F.);
#5188 = ORIENTED_EDGE('',*,*,#5189,.T.);
#5189 = EDGE_CURVE('',#2932,#1422,#5190,.T.);
#5190 = LINE('',#5191,#5192);
#5191 = CARTESIAN_POINT('',(105.52699999999,48.955555876725,4.91));
#5192 = VECTOR('',#5193,1.);
#5193 = DIRECTION('',(0.,0.,-1.));
#5194 = ORIENTED_EDGE('',*,*,#1429,.F.);
#5195 = ORIENTED_EDGE('',*,*,#5172,.F.);
#5196 = PLANE('',#5197);
#5197 = AXIS2_PLACEMENT_3D('',#5198,#5199,#5200);
#5198 = CARTESIAN_POINT('',(105.52699999999,48.955555876725,4.91));
#5199 = DIRECTION('',(1.,0.,0.));
#5200 = DIRECTION('',(0.,1.,0.));
#5201 = ADVANCED_FACE('',(#5202),#5212,.T.);
#5202 = FACE_BOUND('',#5203,.F.);
#5203 = EDGE_LOOP('',(#5204,#5205,#5210,#5211));
#5204 = ORIENTED_EDGE('',*,*,#2939,.F.);
#5205 = ORIENTED_EDGE('',*,*,#5206,.F.);
#5206 = EDGE_CURVE('',#1415,#2940,#5207,.T.);
#5207 = B_SPLINE_CURVE_WITH_KNOTS('',1,(#5208,#5209),.UNSPECIFIED.,.F.,
  .F.,(2,2),(0.,1.),.PIECEWISE_BEZIER_KNOTS.);
#5208 = CARTESIAN_POINT('',(105.527,48.955555876726,1.51));
#5209 = CARTESIAN_POINT('',(102.127,45.555555876726,4.91));
#5210 = ORIENTED_EDGE('',*,*,#1421,.F.);
#5211 = ORIENTED_EDGE('',*,*,#5189,.F.);
#5212 = PLANE('',#5213);
#5213 = AXIS2_PLACEMENT_3D('',#5214,#5215,#5216);
#5214 = CARTESIAN_POINT('',(102.127,45.555555876726,4.91));
#5215 = DIRECTION('',(-0.707106781187,0.707106781187,0.));
#5216 = DIRECTION('',(-0.707106781187,-0.707106781187,-0.));
#5217 = ADVANCED_FACE('',(#5218),#5228,.T.);
#5218 = FACE_BOUND('',#5219,.T.);
#5219 = EDGE_LOOP('',(#5220,#5221,#5222,#5227));
#5220 = ORIENTED_EDGE('',*,*,#5206,.F.);
#5221 = ORIENTED_EDGE('',*,*,#1414,.F.);
#5222 = ORIENTED_EDGE('',*,*,#5223,.T.);
#5223 = EDGE_CURVE('',#1407,#2948,#5224,.T.);
#5224 = B_SPLINE_CURVE_WITH_KNOTS('',1,(#5225,#5226),.UNSPECIFIED.,.F.,
  .F.,(2,2),(0.,1.),.PIECEWISE_BEZIER_KNOTS.);
#5225 = CARTESIAN_POINT('',(105.527,51.533333654503,1.51));
#5226 = CARTESIAN_POINT('',(102.127,54.933333654503,4.91));
#5227 = ORIENTED_EDGE('',*,*,#2947,.T.);
#5228 = B_SPLINE_SURFACE_WITH_KNOTS('',1,1,(
    (#5229,#5230)
    ,(#5231,#5232
    )),.UNSPECIFIED.,.F.,.F.,.F.,(2,2),(2,2),(-3.2109997505E-07,
    128.00000032117),(0.,1.),.PIECEWISE_BEZIER_KNOTS.);
#5229 = CARTESIAN_POINT('',(105.527,11.,1.51));
#5230 = CARTESIAN_POINT('',(102.127,10.9999996789,4.91));
#5231 = CARTESIAN_POINT('',(105.527,139.,1.51));
#5232 = CARTESIAN_POINT('',(102.127,139.00000032117,4.91));
#5233 = ADVANCED_FACE('',(#5234),#5245,.T.);
#5234 = FACE_BOUND('',#5235,.F.);
#5235 = EDGE_LOOP('',(#5236,#5237,#5243,#5244));
#5236 = ORIENTED_EDGE('',*,*,#2954,.F.);
#5237 = ORIENTED_EDGE('',*,*,#5238,.T.);
#5238 = EDGE_CURVE('',#2955,#1399,#5239,.T.);
#5239 = LINE('',#5240,#5241);
#5240 = CARTESIAN_POINT('',(105.52699999999,51.533333654504,4.91));
#5241 = VECTOR('',#5242,1.);
#5242 = DIRECTION('',(0.,0.,-1.));
#5243 = ORIENTED_EDGE('',*,*,#1406,.F.);
#5244 = ORIENTED_EDGE('',*,*,#5223,.T.);
#5245 = PLANE('',#5246);
#5246 = AXIS2_PLACEMENT_3D('',#5247,#5248,#5249);
#5247 = CARTESIAN_POINT('',(105.52699999999,51.533333654504,4.91));
#5248 = DIRECTION('',(-0.707106781187,-0.707106781187,-0.));
#5249 = DIRECTION('',(0.707106781187,-0.707106781187,0.));
#5250 = ADVANCED_FACE('',(#5251),#5262,.T.);
#5251 = FACE_BOUND('',#5252,.F.);
#5252 = EDGE_LOOP('',(#5253,#5254,#5260,#5261));
#5253 = ORIENTED_EDGE('',*,*,#2962,.F.);
#5254 = ORIENTED_EDGE('',*,*,#5255,.T.);
#5255 = EDGE_CURVE('',#2963,#1391,#5256,.T.);
#5256 = LINE('',#5257,#5258);
#5257 = CARTESIAN_POINT('',(105.52699999999,60.733333654503,4.91));
#5258 = VECTOR('',#5259,1.);
#5259 = DIRECTION('',(0.,0.,-1.));
#5260 = ORIENTED_EDGE('',*,*,#1398,.F.);
#5261 = ORIENTED_EDGE('',*,*,#5238,.F.);
#5262 = PLANE('',#5263);
#5263 = AXIS2_PLACEMENT_3D('',#5264,#5265,#5266);
#5264 = CARTESIAN_POINT('',(105.52699999999,60.733333654503,4.91));
#5265 = DIRECTION('',(1.,0.,0.));
#5266 = DIRECTION('',(0.,1.,0.));
#5267 = ADVANCED_FACE('',(#5268),#5278,.T.);
#5268 = FACE_BOUND('',#5269,.F.);
#5269 = EDGE_LOOP('',(#5270,#5271,#5276,#5277));
#5270 = ORIENTED_EDGE('',*,*,#2970,.F.);
#5271 = ORIENTED_EDGE('',*,*,#5272,.F.);
#5272 = EDGE_CURVE('',#1384,#2971,#5273,.T.);
#5273 = B_SPLINE_CURVE_WITH_KNOTS('',1,(#5274,#5275),.UNSPECIFIED.,.F.,
  .F.,(2,2),(0.,1.),.PIECEWISE_BEZIER_KNOTS.);
#5274 = CARTESIAN_POINT('',(105.527,60.733333654503,1.51));
#5275 = CARTESIAN_POINT('',(102.127,57.333333654503,4.91));
#5276 = ORIENTED_EDGE('',*,*,#1390,.F.);
#5277 = ORIENTED_EDGE('',*,*,#5255,.F.);
#5278 = PLANE('',#5279);
#5279 = AXIS2_PLACEMENT_3D('',#5280,#5281,#5282);
#5280 = CARTESIAN_POINT('',(102.127,57.333333654503,4.91));
#5281 = DIRECTION('',(-0.707106781187,0.707106781187,0.));
#5282 = DIRECTION('',(-0.707106781187,-0.707106781187,-0.));
#5283 = ADVANCED_FACE('',(#5284),#5294,.T.);
#5284 = FACE_BOUND('',#5285,.T.);
#5285 = EDGE_LOOP('',(#5286,#5287,#5288,#5293));
#5286 = ORIENTED_EDGE('',*,*,#5272,.F.);
#5287 = ORIENTED_EDGE('',*,*,#1383,.F.);
#5288 = ORIENTED_EDGE('',*,*,#5289,.T.);
#5289 = EDGE_CURVE('',#1376,#2979,#5290,.T.);
#5290 = B_SPLINE_CURVE_WITH_KNOTS('',1,(#5291,#5292),.UNSPECIFIED.,.F.,
  .F.,(2,2),(0.,1.),.PIECEWISE_BEZIER_KNOTS.);
#5291 = CARTESIAN_POINT('',(105.527,63.311111432281,1.51));
#5292 = CARTESIAN_POINT('',(102.127,66.711111432281,4.91));
#5293 = ORIENTED_EDGE('',*,*,#2978,.T.);
#5294 = B_SPLINE_SURFACE_WITH_KNOTS('',1,1,(
    (#5295,#5296)
    ,(#5297,#5298
    )),.UNSPECIFIED.,.F.,.F.,.F.,(2,2),(2,2),(-3.2109997505E-07,
    128.00000032117),(0.,1.),.PIECEWISE_BEZIER_KNOTS.);
#5295 = CARTESIAN_POINT('',(105.527,11.,1.51));
#5296 = CARTESIAN_POINT('',(102.127,10.9999996789,4.91));
#5297 = CARTESIAN_POINT('',(105.527,139.,1.51));
#5298 = CARTESIAN_POINT('',(102.127,139.00000032117,4.91));
#5299 = ADVANCED_FACE('',(#5300),#5311,.T.);
#5300 = FACE_BOUND('',#5301,.F.);
#5301 = EDGE_LOOP('',(#5302,#5303,#5309,#5310));
#5302 = ORIENTED_EDGE('',*,*,#2985,.F.);
#5303 = ORIENTED_EDGE('',*,*,#5304,.T.);
#5304 = EDGE_CURVE('',#2986,#1368,#5305,.T.);
#5305 = LINE('',#5306,#5307);
#5306 = CARTESIAN_POINT('',(105.52699999999,63.311111432282,4.91));
#5307 = VECTOR('',#5308,1.);
#5308 = DIRECTION('',(0.,0.,-1.));
#5309 = ORIENTED_EDGE('',*,*,#1375,.F.);
#5310 = ORIENTED_EDGE('',*,*,#5289,.T.);
#5311 = PLANE('',#5312);
#5312 = AXIS2_PLACEMENT_3D('',#5313,#5314,#5315);
#5313 = CARTESIAN_POINT('',(105.52699999999,63.311111432282,4.91));
#5314 = DIRECTION('',(-0.707106781187,-0.707106781187,-0.));
#5315 = DIRECTION('',(0.707106781187,-0.707106781187,0.));
#5316 = ADVANCED_FACE('',(#5317),#5328,.T.);
#5317 = FACE_BOUND('',#5318,.F.);
#5318 = EDGE_LOOP('',(#5319,#5320,#5326,#5327));
#5319 = ORIENTED_EDGE('',*,*,#2993,.F.);
#5320 = ORIENTED_EDGE('',*,*,#5321,.T.);
#5321 = EDGE_CURVE('',#2994,#1360,#5322,.T.);
#5322 = LINE('',#5323,#5324);
#5323 = CARTESIAN_POINT('',(105.52699999999,72.511111432281,4.91));
#5324 = VECTOR('',#5325,1.);
#5325 = DIRECTION('',(0.,0.,-1.));
#5326 = ORIENTED_EDGE('',*,*,#1367,.F.);
#5327 = ORIENTED_EDGE('',*,*,#5304,.F.);
#5328 = PLANE('',#5329);
#5329 = AXIS2_PLACEMENT_3D('',#5330,#5331,#5332);
#5330 = CARTESIAN_POINT('',(105.52699999999,72.511111432281,4.91));
#5331 = DIRECTION('',(1.,0.,0.));
#5332 = DIRECTION('',(0.,1.,0.));
#5333 = ADVANCED_FACE('',(#5334),#5344,.T.);
#5334 = FACE_BOUND('',#5335,.F.);
#5335 = EDGE_LOOP('',(#5336,#5337,#5342,#5343));
#5336 = ORIENTED_EDGE('',*,*,#3001,.F.);
#5337 = ORIENTED_EDGE('',*,*,#5338,.F.);
#5338 = EDGE_CURVE('',#1353,#3002,#5339,.T.);
#5339 = B_SPLINE_CURVE_WITH_KNOTS('',1,(#5340,#5341),.UNSPECIFIED.,.F.,
  .F.,(2,2),(0.,1.),.PIECEWISE_BEZIER_KNOTS.);
#5340 = CARTESIAN_POINT('',(105.527,72.511111432281,1.51));
#5341 = CARTESIAN_POINT('',(102.127,69.111111432281,4.91));
#5342 = ORIENTED_EDGE('',*,*,#1359,.F.);
#5343 = ORIENTED_EDGE('',*,*,#5321,.F.);
#5344 = PLANE('',#5345);
#5345 = AXIS2_PLACEMENT_3D('',#5346,#5347,#5348);
#5346 = CARTESIAN_POINT('',(102.127,69.111111432281,4.91));
#5347 = DIRECTION('',(-0.707106781187,0.707106781187,0.));
#5348 = DIRECTION('',(-0.707106781187,-0.707106781187,-0.));
#5349 = ADVANCED_FACE('',(#5350),#5360,.T.);
#5350 = FACE_BOUND('',#5351,.T.);
#5351 = EDGE_LOOP('',(#5352,#5353,#5354,#5359));
#5352 = ORIENTED_EDGE('',*,*,#5338,.F.);
#5353 = ORIENTED_EDGE('',*,*,#1352,.F.);
#5354 = ORIENTED_EDGE('',*,*,#5355,.T.);
#5355 = EDGE_CURVE('',#1345,#3010,#5356,.T.);
#5356 = B_SPLINE_CURVE_WITH_KNOTS('',1,(#5357,#5358),.UNSPECIFIED.,.F.,
  .F.,(2,2),(0.,1.),.PIECEWISE_BEZIER_KNOTS.);
#5357 = CARTESIAN_POINT('',(105.527,75.088889210059,1.51));
#5358 = CARTESIAN_POINT('',(102.127,78.488889210059,4.91));
#5359 = ORIENTED_EDGE('',*,*,#3009,.T.);
#5360 = B_SPLINE_SURFACE_WITH_KNOTS('',1,1,(
    (#5361,#5362)
    ,(#5363,#5364
    )),.UNSPECIFIED.,.F.,.F.,.F.,(2,2),(2,2),(-3.2109997505E-07,
    128.00000032117),(0.,1.),.PIECEWISE_BEZIER_KNOTS.);
#5361 = CARTESIAN_POINT('',(105.527,11.,1.51));
#5362 = CARTESIAN_POINT('',(102.127,10.9999996789,4.91));
#5363 = CARTESIAN_POINT('',(105.527,139.,1.51));
#5364 = CARTESIAN_POINT('',(102.127,139.00000032117,4.91));
#5365 = ADVANCED_FACE('',(#5366),#5377,.T.);
#5366 = FACE_BOUND('',#5367,.F.);
#5367 = EDGE_LOOP('',(#5368,#5369,#5375,#5376));
#5368 = ORIENTED_EDGE('',*,*,#3016,.F.);
#5369 = ORIENTED_EDGE('',*,*,#5370,.T.);
#5370 = EDGE_CURVE('',#3017,#1337,#5371,.T.);
#5371 = LINE('',#5372,#5373);
#5372 = CARTESIAN_POINT('',(105.52699999999,75.088889210059,4.91));
#5373 = VECTOR('',#5374,1.);
#5374 = DIRECTION('',(0.,0.,-1.));
#5375 = ORIENTED_EDGE('',*,*,#1344,.F.);
#5376 = ORIENTED_EDGE('',*,*,#5355,.T.);
#5377 = PLANE('',#5378);
#5378 = AXIS2_PLACEMENT_3D('',#5379,#5380,#5381);
#5379 = CARTESIAN_POINT('',(105.52699999999,75.088889210059,4.91));
#5380 = DIRECTION('',(-0.707106781187,-0.707106781187,-0.));
#5381 = DIRECTION('',(0.707106781187,-0.707106781187,0.));
#5382 = ADVANCED_FACE('',(#5383),#5394,.T.);
#5383 = FACE_BOUND('',#5384,.F.);
#5384 = EDGE_LOOP('',(#5385,#5386,#5392,#5393));
#5385 = ORIENTED_EDGE('',*,*,#3024,.F.);
#5386 = ORIENTED_EDGE('',*,*,#5387,.T.);
#5387 = EDGE_CURVE('',#3025,#1329,#5388,.T.);
#5388 = LINE('',#5389,#5390);
#5389 = CARTESIAN_POINT('',(105.52699999999,84.288889210058,4.91));
#5390 = VECTOR('',#5391,1.);
#5391 = DIRECTION('',(0.,0.,-1.));
#5392 = ORIENTED_EDGE('',*,*,#1336,.F.);
#5393 = ORIENTED_EDGE('',*,*,#5370,.F.);
#5394 = PLANE('',#5395);
#5395 = AXIS2_PLACEMENT_3D('',#5396,#5397,#5398);
#5396 = CARTESIAN_POINT('',(105.52699999999,84.288889210058,4.91));
#5397 = DIRECTION('',(1.,0.,0.));
#5398 = DIRECTION('',(0.,1.,0.));
#5399 = ADVANCED_FACE('',(#5400),#5410,.T.);
#5400 = FACE_BOUND('',#5401,.F.);
#5401 = EDGE_LOOP('',(#5402,#5403,#5408,#5409));
#5402 = ORIENTED_EDGE('',*,*,#3032,.F.);
#5403 = ORIENTED_EDGE('',*,*,#5404,.F.);
#5404 = EDGE_CURVE('',#1322,#3033,#5405,.T.);
#5405 = B_SPLINE_CURVE_WITH_KNOTS('',1,(#5406,#5407),.UNSPECIFIED.,.F.,
  .F.,(2,2),(0.,1.),.PIECEWISE_BEZIER_KNOTS.);
#5406 = CARTESIAN_POINT('',(105.527,84.288889210059,1.51));
#5407 = CARTESIAN_POINT('',(102.127,80.888889210059,4.91));
#5408 = ORIENTED_EDGE('',*,*,#1328,.F.);
#5409 = ORIENTED_EDGE('',*,*,#5387,.F.);
#5410 = PLANE('',#5411);
#5411 = AXIS2_PLACEMENT_3D('',#5412,#5413,#5414);
#5412 = CARTESIAN_POINT('',(102.127,80.888889210059,4.91));
#5413 = DIRECTION('',(-0.707106781187,0.707106781187,0.));
#5414 = DIRECTION('',(-0.707106781187,-0.707106781187,-0.));
#5415 = ADVANCED_FACE('',(#5416),#5426,.T.);
#5416 = FACE_BOUND('',#5417,.T.);
#5417 = EDGE_LOOP('',(#5418,#5419,#5420,#5425));
#5418 = ORIENTED_EDGE('',*,*,#5404,.F.);
#5419 = ORIENTED_EDGE('',*,*,#1321,.F.);
#5420 = ORIENTED_EDGE('',*,*,#5421,.T.);
#5421 = EDGE_CURVE('',#1314,#3041,#5422,.T.);
#5422 = B_SPLINE_CURVE_WITH_KNOTS('',1,(#5423,#5424),.UNSPECIFIED.,.F.,
  .F.,(2,2),(0.,1.),.PIECEWISE_BEZIER_KNOTS.);
#5423 = CARTESIAN_POINT('',(105.527,86.866666987837,1.51));
#5424 = CARTESIAN_POINT('',(102.127,90.266666987837,4.91));
#5425 = ORIENTED_EDGE('',*,*,#3040,.T.);
#5426 = B_SPLINE_SURFACE_WITH_KNOTS('',1,1,(
    (#5427,#5428)
    ,(#5429,#5430
    )),.UNSPECIFIED.,.F.,.F.,.F.,(2,2),(2,2),(-3.2109997505E-07,
    128.00000032117),(0.,1.),.PIECEWISE_BEZIER_KNOTS.);
#5427 = CARTESIAN_POINT('',(105.527,11.,1.51));
#5428 = CARTESIAN_POINT('',(102.127,10.9999996789,4.91));
#5429 = CARTESIAN_POINT('',(105.527,139.,1.51));
#5430 = CARTESIAN_POINT('',(102.127,139.00000032117,4.91));
#5431 = ADVANCED_FACE('',(#5432),#5443,.T.);
#5432 = FACE_BOUND('',#5433,.F.);
#5433 = EDGE_LOOP('',(#5434,#5435,#5441,#5442));
#5434 = ORIENTED_EDGE('',*,*,#3047,.F.);
#5435 = ORIENTED_EDGE('',*,*,#5436,.T.);
#5436 = EDGE_CURVE('',#3048,#1306,#5437,.T.);
#5437 = LINE('',#5438,#5439);
#5438 = CARTESIAN_POINT('',(105.52699999999,86.866666987837,4.91));
#5439 = VECTOR('',#5440,1.);
#5440 = DIRECTION('',(0.,0.,-1.));
#5441 = ORIENTED_EDGE('',*,*,#1313,.F.);
#5442 = ORIENTED_EDGE('',*,*,#5421,.T.);
#5443 = PLANE('',#5444);
#5444 = AXIS2_PLACEMENT_3D('',#5445,#5446,#5447);
#5445 = CARTESIAN_POINT('',(105.52699999999,86.866666987837,4.91));
#5446 = DIRECTION('',(-0.707106781187,-0.707106781187,-0.));
#5447 = DIRECTION('',(0.707106781187,-0.707106781187,0.));
#5448 = ADVANCED_FACE('',(#5449),#5460,.T.);
#5449 = FACE_BOUND('',#5450,.F.);
#5450 = EDGE_LOOP('',(#5451,#5452,#5458,#5459));
#5451 = ORIENTED_EDGE('',*,*,#3055,.F.);
#5452 = ORIENTED_EDGE('',*,*,#5453,.T.);
#5453 = EDGE_CURVE('',#3056,#1298,#5454,.T.);
#5454 = LINE('',#5455,#5456);
#5455 = CARTESIAN_POINT('',(105.52699999999,96.066666987836,4.91));
#5456 = VECTOR('',#5457,1.);
#5457 = DIRECTION('',(0.,0.,-1.));
#5458 = ORIENTED_EDGE('',*,*,#1305,.F.);
#5459 = ORIENTED_EDGE('',*,*,#5436,.F.);
#5460 = PLANE('',#5461);
#5461 = AXIS2_PLACEMENT_3D('',#5462,#5463,#5464);
#5462 = CARTESIAN_POINT('',(105.52699999999,96.066666987836,4.91));
#5463 = DIRECTION('',(1.,0.,0.));
#5464 = DIRECTION('',(0.,1.,0.));
#5465 = ADVANCED_FACE('',(#5466),#5476,.T.);
#5466 = FACE_BOUND('',#5467,.F.);
#5467 = EDGE_LOOP('',(#5468,#5469,#5474,#5475));
#5468 = ORIENTED_EDGE('',*,*,#3063,.F.);
#5469 = ORIENTED_EDGE('',*,*,#5470,.F.);
#5470 = EDGE_CURVE('',#1291,#3064,#5471,.T.);
#5471 = B_SPLINE_CURVE_WITH_KNOTS('',1,(#5472,#5473),.UNSPECIFIED.,.F.,
  .F.,(2,2),(0.,1.),.PIECEWISE_BEZIER_KNOTS.);
#5472 = CARTESIAN_POINT('',(105.527,96.066666987837,1.51));
#5473 = CARTESIAN_POINT('',(102.127,92.666666987837,4.91));
#5474 = ORIENTED_EDGE('',*,*,#1297,.F.);
#5475 = ORIENTED_EDGE('',*,*,#5453,.F.);
#5476 = PLANE('',#5477);
#5477 = AXIS2_PLACEMENT_3D('',#5478,#5479,#5480);
#5478 = CARTESIAN_POINT('',(102.127,92.666666987837,4.91));
#5479 = DIRECTION('',(-0.707106781187,0.707106781187,0.));
#5480 = DIRECTION('',(-0.707106781187,-0.707106781187,-0.));
#5481 = ADVANCED_FACE('',(#5482),#5492,.T.);
#5482 = FACE_BOUND('',#5483,.T.);
#5483 = EDGE_LOOP('',(#5484,#5485,#5486,#5491));
#5484 = ORIENTED_EDGE('',*,*,#5470,.F.);
#5485 = ORIENTED_EDGE('',*,*,#1290,.F.);
#5486 = ORIENTED_EDGE('',*,*,#5487,.T.);
#5487 = EDGE_CURVE('',#1283,#3072,#5488,.T.);
#5488 = B_SPLINE_CURVE_WITH_KNOTS('',1,(#5489,#5490),.UNSPECIFIED.,.F.,
  .F.,(2,2),(0.,1.),.PIECEWISE_BEZIER_KNOTS.);
#5489 = CARTESIAN_POINT('',(105.527,98.644444765614,1.51));
#5490 = CARTESIAN_POINT('',(102.127,102.04444476561,4.91));
#5491 = ORIENTED_EDGE('',*,*,#3071,.T.);
#5492 = B_SPLINE_SURFACE_WITH_KNOTS('',1,1,(
    (#5493,#5494)
    ,(#5495,#5496
    )),.UNSPECIFIED.,.F.,.F.,.F.,(2,2),(2,2),(-3.2109997505E-07,
    128.00000032117),(0.,1.),.PIECEWISE_BEZIER_KNOTS.);
#5493 = CARTESIAN_POINT('',(105.527,11.,1.51));
#5494 = CARTESIAN_POINT('',(102.127,10.9999996789,4.91));
#5495 = CARTESIAN_POINT('',(105.527,139.,1.51));
#5496 = CARTESIAN_POINT('',(102.127,139.00000032117,4.91));
#5497 = ADVANCED_FACE('',(#5498),#5509,.T.);
#5498 = FACE_BOUND('',#5499,.F.);
#5499 = EDGE_LOOP('',(#5500,#5501,#5507,#5508));
#5500 = ORIENTED_EDGE('',*,*,#3078,.F.);
#5501 = ORIENTED_EDGE('',*,*,#5502,.T.);
#5502 = EDGE_CURVE('',#3079,#1275,#5503,.T.);
#5503 = LINE('',#5504,#5505);
#5504 = CARTESIAN_POINT('',(105.52699999999,98.644444765615,4.91));
#5505 = VECTOR('',#5506,1.);
#5506 = DIRECTION('',(0.,0.,-1.));
#5507 = ORIENTED_EDGE('',*,*,#1282,.F.);
#5508 = ORIENTED_EDGE('',*,*,#5487,.T.);
#5509 = PLANE('',#5510);
#5510 = AXIS2_PLACEMENT_3D('',#5511,#5512,#5513);
#5511 = CARTESIAN_POINT('',(105.52699999999,98.644444765615,4.91));
#5512 = DIRECTION('',(-0.707106781187,-0.707106781187,-0.));
#5513 = DIRECTION('',(0.707106781187,-0.707106781187,0.));
#5514 = ADVANCED_FACE('',(#5515),#5526,.T.);
#5515 = FACE_BOUND('',#5516,.F.);
#5516 = EDGE_LOOP('',(#5517,#5518,#5524,#5525));
#5517 = ORIENTED_EDGE('',*,*,#3086,.F.);
#5518 = ORIENTED_EDGE('',*,*,#5519,.T.);
#5519 = EDGE_CURVE('',#3087,#1267,#5520,.T.);
#5520 = LINE('',#5521,#5522);
#5521 = CARTESIAN_POINT('',(105.52699999999,107.84444476561,4.91));
#5522 = VECTOR('',#5523,1.);
#5523 = DIRECTION('',(0.,0.,-1.));
#5524 = ORIENTED_EDGE('',*,*,#1274,.F.);
#5525 = ORIENTED_EDGE('',*,*,#5502,.F.);
#5526 = PLANE('',#5527);
#5527 = AXIS2_PLACEMENT_3D('',#5528,#5529,#5530);
#5528 = CARTESIAN_POINT('',(105.52699999999,107.84444476561,4.91));
#5529 = DIRECTION('',(1.,0.,0.));
#5530 = DIRECTION('',(0.,1.,0.));
#5531 = ADVANCED_FACE('',(#5532),#5542,.T.);
#5532 = FACE_BOUND('',#5533,.F.);
#5533 = EDGE_LOOP('',(#5534,#5535,#5540,#5541));
#5534 = ORIENTED_EDGE('',*,*,#3094,.F.);
#5535 = ORIENTED_EDGE('',*,*,#5536,.F.);
#5536 = EDGE_CURVE('',#1260,#3095,#5537,.T.);
#5537 = B_SPLINE_CURVE_WITH_KNOTS('',1,(#5538,#5539),.UNSPECIFIED.,.F.,
  .F.,(2,2),(0.,1.),.PIECEWISE_BEZIER_KNOTS.);
#5538 = CARTESIAN_POINT('',(105.527,107.84444476561,1.51));
#5539 = CARTESIAN_POINT('',(102.127,104.44444476561,4.91));
#5540 = ORIENTED_EDGE('',*,*,#1266,.F.);
#5541 = ORIENTED_EDGE('',*,*,#5519,.F.);
#5542 = PLANE('',#5543);
#5543 = AXIS2_PLACEMENT_3D('',#5544,#5545,#5546);
#5544 = CARTESIAN_POINT('',(102.127,104.44444476561,4.91));
#5545 = DIRECTION('',(-0.707106781187,0.707106781187,0.));
#5546 = DIRECTION('',(-0.707106781187,-0.707106781187,-0.));
#5547 = ADVANCED_FACE('',(#5548),#5558,.T.);
#5548 = FACE_BOUND('',#5549,.T.);
#5549 = EDGE_LOOP('',(#5550,#5551,#5552,#5557));
#5550 = ORIENTED_EDGE('',*,*,#5536,.F.);
#5551 = ORIENTED_EDGE('',*,*,#1259,.F.);
#5552 = ORIENTED_EDGE('',*,*,#5553,.T.);
#5553 = EDGE_CURVE('',#1252,#3103,#5554,.T.);
#5554 = B_SPLINE_CURVE_WITH_KNOTS('',1,(#5555,#5556),.UNSPECIFIED.,.F.,
  .F.,(2,2),(0.,1.),.PIECEWISE_BEZIER_KNOTS.);
#5555 = CARTESIAN_POINT('',(105.527,110.42222254339,1.51));
#5556 = CARTESIAN_POINT('',(102.127,113.82222254339,4.91));
#5557 = ORIENTED_EDGE('',*,*,#3102,.T.);
#5558 = B_SPLINE_SURFACE_WITH_KNOTS('',1,1,(
    (#5559,#5560)
    ,(#5561,#5562
    )),.UNSPECIFIED.,.F.,.F.,.F.,(2,2),(2,2),(-3.2109997505E-07,
    128.00000032117),(0.,1.),.PIECEWISE_BEZIER_KNOTS.);
#5559 = CARTESIAN_POINT('',(105.527,11.,1.51));
#5560 = CARTESIAN_POINT('',(102.127,10.9999996789,4.91));
#5561 = CARTESIAN_POINT('',(105.527,139.,1.51));
#5562 = CARTESIAN_POINT('',(102.127,139.00000032117,4.91));
#5563 = ADVANCED_FACE('',(#5564),#5575,.T.);
#5564 = FACE_BOUND('',#5565,.F.);
#5565 = EDGE_LOOP('',(#5566,#5567,#5573,#5574));
#5566 = ORIENTED_EDGE('',*,*,#3109,.F.);
#5567 = ORIENTED_EDGE('',*,*,#5568,.T.);
#5568 = EDGE_CURVE('',#3110,#1244,#5569,.T.);
#5569 = LINE('',#5570,#5571);
#5570 = CARTESIAN_POINT('',(105.52699999999,110.42222254339,4.91));
#5571 = VECTOR('',#5572,1.);
#5572 = DIRECTION('',(0.,0.,-1.));
#5573 = ORIENTED_EDGE('',*,*,#1251,.F.);
#5574 = ORIENTED_EDGE('',*,*,#5553,.T.);
#5575 = PLANE('',#5576);
#5576 = AXIS2_PLACEMENT_3D('',#5577,#5578,#5579);
#5577 = CARTESIAN_POINT('',(105.52699999999,110.42222254339,4.91));
#5578 = DIRECTION('',(-0.707106781187,-0.707106781187,-0.));
#5579 = DIRECTION('',(0.707106781187,-0.707106781187,0.));
#5580 = ADVANCED_FACE('',(#5581),#5592,.T.);
#5581 = FACE_BOUND('',#5582,.F.);
#5582 = EDGE_LOOP('',(#5583,#5584,#5590,#5591));
#5583 = ORIENTED_EDGE('',*,*,#3117,.F.);
#5584 = ORIENTED_EDGE('',*,*,#5585,.T.);
#5585 = EDGE_CURVE('',#3118,#1236,#5586,.T.);
#5586 = LINE('',#5587,#5588);
#5587 = CARTESIAN_POINT('',(105.52699999999,119.62222254339,4.91));
#5588 = VECTOR('',#5589,1.);
#5589 = DIRECTION('',(0.,0.,-1.));
#5590 = ORIENTED_EDGE('',*,*,#1243,.F.);
#5591 = ORIENTED_EDGE('',*,*,#5568,.F.);
#5592 = PLANE('',#5593);
#5593 = AXIS2_PLACEMENT_3D('',#5594,#5595,#5596);
#5594 = CARTESIAN_POINT('',(105.52699999999,119.62222254339,4.91));
#5595 = DIRECTION('',(1.,0.,0.));
#5596 = DIRECTION('',(0.,1.,0.));
#5597 = ADVANCED_FACE('',(#5598),#5608,.T.);
#5598 = FACE_BOUND('',#5599,.F.);
#5599 = EDGE_LOOP('',(#5600,#5601,#5606,#5607));
#5600 = ORIENTED_EDGE('',*,*,#3125,.F.);
#5601 = ORIENTED_EDGE('',*,*,#5602,.F.);
#5602 = EDGE_CURVE('',#1229,#3126,#5603,.T.);
#5603 = B_SPLINE_CURVE_WITH_KNOTS('',1,(#5604,#5605),.UNSPECIFIED.,.F.,
  .F.,(2,2),(0.,1.),.PIECEWISE_BEZIER_KNOTS.);
#5604 = CARTESIAN_POINT('',(105.527,119.62222254339,1.51));
#5605 = CARTESIAN_POINT('',(102.127,116.22222254339,4.91));
#5606 = ORIENTED_EDGE('',*,*,#1235,.F.);
#5607 = ORIENTED_EDGE('',*,*,#5585,.F.);
#5608 = PLANE('',#5609);
#5609 = AXIS2_PLACEMENT_3D('',#5610,#5611,#5612);
#5610 = CARTESIAN_POINT('',(102.127,116.22222254339,4.91));
#5611 = DIRECTION('',(-0.707106781187,0.707106781187,0.));
#5612 = DIRECTION('',(-0.707106781187,-0.707106781187,-0.));
#5613 = ADVANCED_FACE('',(#5614),#5624,.T.);
#5614 = FACE_BOUND('',#5615,.T.);
#5615 = EDGE_LOOP('',(#5616,#5617,#5618,#5623));
#5616 = ORIENTED_EDGE('',*,*,#5602,.F.);
#5617 = ORIENTED_EDGE('',*,*,#1228,.F.);
#5618 = ORIENTED_EDGE('',*,*,#5619,.T.);
#5619 = EDGE_CURVE('',#1221,#3134,#5620,.T.);
#5620 = B_SPLINE_CURVE_WITH_KNOTS('',1,(#5621,#5622),.UNSPECIFIED.,.F.,
  .F.,(2,2),(0.,1.),.PIECEWISE_BEZIER_KNOTS.);
#5621 = CARTESIAN_POINT('',(105.527,122.20000032117,1.51));
#5622 = CARTESIAN_POINT('',(102.127,125.60000032117,4.91));
#5623 = ORIENTED_EDGE('',*,*,#3133,.T.);
#5624 = B_SPLINE_SURFACE_WITH_KNOTS('',1,1,(
    (#5625,#5626)
    ,(#5627,#5628
    )),.UNSPECIFIED.,.F.,.F.,.F.,(2,2),(2,2),(-3.2109997505E-07,
    128.00000032117),(0.,1.),.PIECEWISE_BEZIER_KNOTS.);
#5625 = CARTESIAN_POINT('',(105.527,11.,1.51));
#5626 = CARTESIAN_POINT('',(102.127,10.9999996789,4.91));
#5627 = CARTESIAN_POINT('',(105.527,139.,1.51));
#5628 = CARTESIAN_POINT('',(102.127,139.00000032117,4.91));
#5629 = ADVANCED_FACE('',(#5630),#5641,.T.);
#5630 = FACE_BOUND('',#5631,.F.);
#5631 = EDGE_LOOP('',(#5632,#5633,#5639,#5640));
#5632 = ORIENTED_EDGE('',*,*,#3140,.F.);
#5633 = ORIENTED_EDGE('',*,*,#5634,.T.);
#5634 = EDGE_CURVE('',#3141,#1213,#5635,.T.);
#5635 = LINE('',#5636,#5637);
#5636 = CARTESIAN_POINT('',(105.52699999999,122.20000032117,4.91));
#5637 = VECTOR('',#5638,1.);
#5638 = DIRECTION('',(0.,0.,-1.));
#5639 = ORIENTED_EDGE('',*,*,#1220,.F.);
#5640 = ORIENTED_EDGE('',*,*,#5619,.T.);
#5641 = PLANE('',#5642);
#5642 = AXIS2_PLACEMENT_3D('',#5643,#5644,#5645);
#5643 = CARTESIAN_POINT('',(105.52699999999,122.20000032117,4.91));
#5644 = DIRECTION('',(-0.707106781187,-0.707106781187,-0.));
#5645 = DIRECTION('',(0.707106781187,-0.707106781187,0.));
#5646 = ADVANCED_FACE('',(#5647),#5658,.T.);
#5647 = FACE_BOUND('',#5648,.F.);
#5648 = EDGE_LOOP('',(#5649,#5650,#5656,#5657));
#5649 = ORIENTED_EDGE('',*,*,#3148,.F.);
#5650 = ORIENTED_EDGE('',*,*,#5651,.T.);
#5651 = EDGE_CURVE('',#3149,#1205,#5652,.T.);
#5652 = LINE('',#5653,#5654);
#5653 = CARTESIAN_POINT('',(105.52699999999,131.40000032116,4.91));
#5654 = VECTOR('',#5655,1.);
#5655 = DIRECTION('',(0.,0.,-1.));
#5656 = ORIENTED_EDGE('',*,*,#1212,.F.);
#5657 = ORIENTED_EDGE('',*,*,#5634,.F.);
#5658 = PLANE('',#5659);
#5659 = AXIS2_PLACEMENT_3D('',#5660,#5661,#5662);
#5660 = CARTESIAN_POINT('',(105.52699999999,131.40000032116,4.91));
#5661 = DIRECTION('',(1.,0.,0.));
#5662 = DIRECTION('',(0.,1.,0.));
#5663 = ADVANCED_FACE('',(#5664),#5674,.T.);
#5664 = FACE_BOUND('',#5665,.F.);
#5665 = EDGE_LOOP('',(#5666,#5667,#5672,#5673));
#5666 = ORIENTED_EDGE('',*,*,#3156,.F.);
#5667 = ORIENTED_EDGE('',*,*,#5668,.F.);
#5668 = EDGE_CURVE('',#1198,#3157,#5669,.T.);
#5669 = B_SPLINE_CURVE_WITH_KNOTS('',1,(#5670,#5671),.UNSPECIFIED.,.F.,
  .F.,(2,2),(0.,1.),.PIECEWISE_BEZIER_KNOTS.);
#5670 = CARTESIAN_POINT('',(105.527,131.40000032117,1.51));
#5671 = CARTESIAN_POINT('',(102.127,128.00000032117,4.91));
#5672 = ORIENTED_EDGE('',*,*,#1204,.F.);
#5673 = ORIENTED_EDGE('',*,*,#5651,.F.);
#5674 = PLANE('',#5675);
#5675 = AXIS2_PLACEMENT_3D('',#5676,#5677,#5678);
#5676 = CARTESIAN_POINT('',(102.127,128.00000032117,4.91));
#5677 = DIRECTION('',(-0.707106781187,0.707106781187,0.));
#5678 = DIRECTION('',(-0.707106781187,-0.707106781187,-0.));
#5679 = ADVANCED_FACE('',(#5680),#5690,.T.);
#5680 = FACE_BOUND('',#5681,.T.);
#5681 = EDGE_LOOP('',(#5682,#5683,#5684,#5689));
#5682 = ORIENTED_EDGE('',*,*,#5668,.F.);
#5683 = ORIENTED_EDGE('',*,*,#1197,.F.);
#5684 = ORIENTED_EDGE('',*,*,#5685,.T.);
#5685 = EDGE_CURVE('',#1190,#3165,#5686,.T.);
#5686 = B_SPLINE_CURVE_WITH_KNOTS('',1,(#5687,#5688),.UNSPECIFIED.,.F.,
  .F.,(2,2),(0.,1.),.PIECEWISE_BEZIER_KNOTS.);
#5687 = CARTESIAN_POINT('',(105.437,134.69999999999,1.6));
#5688 = CARTESIAN_POINT('',(102.137,134.69999999999,4.9));
#5689 = ORIENTED_EDGE('',*,*,#3164,.T.);
#5690 = B_SPLINE_SURFACE_WITH_KNOTS('',1,1,(
    (#5691,#5692)
    ,(#5693,#5694
    )),.UNSPECIFIED.,.F.,.F.,.F.,(2,2),(2,2),(-3.2109997505E-07,
    128.00000032117),(0.,1.),.PIECEWISE_BEZIER_KNOTS.);
#5691 = CARTESIAN_POINT('',(105.527,11.,1.51));
#5692 = CARTESIAN_POINT('',(102.127,10.9999996789,4.91));
#5693 = CARTESIAN_POINT('',(105.527,139.,1.51));
#5694 = CARTESIAN_POINT('',(102.127,139.00000032117,4.91));
#5695 = ADVANCED_FACE('',(#5696),#5707,.F.);
#5696 = FACE_BOUND('',#5697,.F.);
#5697 = EDGE_LOOP('',(#5698,#5699,#5705,#5706));
#5698 = ORIENTED_EDGE('',*,*,#3171,.F.);
#5699 = ORIENTED_EDGE('',*,*,#5700,.T.);
#5700 = EDGE_CURVE('',#3172,#1181,#5701,.T.);
#5701 = LINE('',#5702,#5703);
#5702 = CARTESIAN_POINT('',(100.527,134.69999999999,4.9));
#5703 = VECTOR('',#5704,1.);
#5704 = DIRECTION('',(-0.,-0.,-1.));
#5705 = ORIENTED_EDGE('',*,*,#1189,.F.);
#5706 = ORIENTED_EDGE('',*,*,#5685,.T.);
#5707 = PLANE('',#5708);
#5708 = AXIS2_PLACEMENT_3D('',#5709,#5710,#5711);
#5709 = CARTESIAN_POINT('',(100.527,134.69999999999,4.9));
#5710 = DIRECTION('',(0.,-1.,0.));
#5711 = DIRECTION('',(1.,0.,0.));
#5712 = ADVANCED_FACE('',(#5713),#5726,.F.);
#5713 = FACE_BOUND('',#5714,.F.);
#5714 = EDGE_LOOP('',(#5715,#5716,#5717,#5718,#5724,#5725));
#5715 = ORIENTED_EDGE('',*,*,#5700,.F.);
#5716 = ORIENTED_EDGE('',*,*,#3179,.F.);
#5717 = ORIENTED_EDGE('',*,*,#3188,.F.);
#5718 = ORIENTED_EDGE('',*,*,#5719,.T.);
#5719 = EDGE_CURVE('',#3189,#1164,#5720,.T.);
#5720 = LINE('',#5721,#5722);
#5721 = CARTESIAN_POINT('',(96.227,138.99999999999,4.9));
#5722 = VECTOR('',#5723,1.);
#5723 = DIRECTION('',(-0.,-0.,-1.));
#5724 = ORIENTED_EDGE('',*,*,#1171,.T.);
#5725 = ORIENTED_EDGE('',*,*,#1180,.T.);
#5726 = CYLINDRICAL_SURFACE('',#5727,4.3);
#5727 = AXIS2_PLACEMENT_3D('',#5728,#5729,#5730);
#5728 = CARTESIAN_POINT('',(100.527,138.99999999999,4.9));
#5729 = DIRECTION('',(0.,0.,1.));
#5730 = DIRECTION('',(1.,0.,0.));
#5731 = ADVANCED_FACE('',(#5732),#5743,.F.);
#5732 = FACE_BOUND('',#5733,.F.);
#5733 = EDGE_LOOP('',(#5734,#5735,#5741,#5742));
#5734 = ORIENTED_EDGE('',*,*,#3197,.F.);
#5735 = ORIENTED_EDGE('',*,*,#5736,.T.);
#5736 = EDGE_CURVE('',#3198,#1156,#5737,.T.);
#5737 = LINE('',#5738,#5739);
#5738 = CARTESIAN_POINT('',(96.227,143.82854347029,1.806971420743));
#5739 = VECTOR('',#5740,1.);
#5740 = DIRECTION('',(0.,0.5,-0.866025403784));
#5741 = ORIENTED_EDGE('',*,*,#1163,.F.);
#5742 = ORIENTED_EDGE('',*,*,#5719,.F.);
#5743 = PLANE('',#5744);
#5744 = AXIS2_PLACEMENT_3D('',#5745,#5746,#5747);
#5745 = CARTESIAN_POINT('',(96.227,148.49999999999,4.9));
#5746 = DIRECTION('',(-1.,0.,0.));
#5747 = DIRECTION('',(0.,-1.,0.));
#5748 = ADVANCED_FACE('',(#5749),#5762,.F.);
#5749 = FACE_BOUND('',#5750,.T.);
#5750 = EDGE_LOOP('',(#5751,#5757,#5758,#5759,#5760,#5761));
#5751 = ORIENTED_EDGE('',*,*,#5752,.T.);
#5752 = EDGE_CURVE('',#1148,#4296,#5753,.T.);
#5753 = LINE('',#5754,#5755);
#5754 = CARTESIAN_POINT('',(94.112196687264,143.62220545085,
    2.164359353945));
#5755 = VECTOR('',#5756,1.);
#5756 = DIRECTION('',(-0.4472135955,-0.4472135955,0.774596669241));
#5757 = ORIENTED_EDGE('',*,*,#4303,.T.);
#5758 = ORIENTED_EDGE('',*,*,#4020,.F.);
#5759 = ORIENTED_EDGE('',*,*,#3205,.F.);
#5760 = ORIENTED_EDGE('',*,*,#5736,.T.);
#5761 = ORIENTED_EDGE('',*,*,#1155,.F.);
#5762 = PLANE('',#5763);
#5763 = AXIS2_PLACEMENT_3D('',#5764,#5765,#5766);
#5764 = CARTESIAN_POINT('',(100.52700032116,144.,1.51));
#5765 = DIRECTION('',(0.,-0.866025403784,-0.5));
#5766 = DIRECTION('',(0.,0.5,-0.866025403784));
#5767 = ADVANCED_FACE('',(#5768),#5787,.F.);
#5768 = FACE_BOUND('',#5769,.T.);
#5769 = EDGE_LOOP('',(#5770,#5771,#5772,#5773,#5781));
#5770 = ORIENTED_EDGE('',*,*,#4295,.T.);
#5771 = ORIENTED_EDGE('',*,*,#5752,.F.);
#5772 = ORIENTED_EDGE('',*,*,#1147,.F.);
#5773 = ORIENTED_EDGE('',*,*,#5774,.F.);
#5774 = EDGE_CURVE('',#5775,#1140,#5777,.T.);
#5775 = VERTEX_POINT('',#5776);
#5776 = CARTESIAN_POINT('',(94.477000321166,143.98700908475,4.9));
#5777 = LINE('',#5778,#5779);
#5778 = CARTESIAN_POINT('',(94.477000321166,143.98700908475,4.91));
#5779 = VECTOR('',#5780,1.);
#5780 = DIRECTION('',(0.,0.,-1.));
#5781 = ORIENTED_EDGE('',*,*,#5782,.F.);
#5782 = EDGE_CURVE('',#4288,#5775,#5783,.T.);
#5783 = LINE('',#5784,#5785);
#5784 = CARTESIAN_POINT('',(70.061733079798,119.57174184338,4.9));
#5785 = VECTOR('',#5786,1.);
#5786 = DIRECTION('',(0.707106781187,0.707106781187,-0.));
#5787 = PLANE('',#5788);
#5788 = AXIS2_PLACEMENT_3D('',#5789,#5790,#5791);
#5789 = CARTESIAN_POINT('',(92.527000321166,142.03700908475,4.91));
#5790 = DIRECTION('',(-0.707106781187,0.707106781187,0.));
#5791 = DIRECTION('',(-0.707106781187,-0.707106781187,-0.));
#5792 = ADVANCED_FACE('',(#5793),#5811,.F.);
#5793 = FACE_BOUND('',#5794,.T.);
#5794 = EDGE_LOOP('',(#5795,#5803,#5804,#5805));
#5795 = ORIENTED_EDGE('',*,*,#5796,.F.);
#5796 = EDGE_CURVE('',#5775,#5797,#5799,.T.);
#5797 = VERTEX_POINT('',#5798);
#5798 = CARTESIAN_POINT('',(88.177000321166,143.98700908475,4.9));
#5799 = LINE('',#5800,#5801);
#5800 = CARTESIAN_POINT('',(74.728822455147,143.98700908475,4.9));
#5801 = VECTOR('',#5802,1.);
#5802 = DIRECTION('',(-1.,0.,0.));
#5803 = ORIENTED_EDGE('',*,*,#5774,.T.);
#5804 = ORIENTED_EDGE('',*,*,#1139,.F.);
#5805 = ORIENTED_EDGE('',*,*,#5806,.F.);
#5806 = EDGE_CURVE('',#5797,#1132,#5807,.T.);
#5807 = LINE('',#5808,#5809);
#5808 = CARTESIAN_POINT('',(88.177000321166,143.98700908475,4.91));
#5809 = VECTOR('',#5810,1.);
#5810 = DIRECTION('',(0.,0.,-1.));
#5811 = PLANE('',#5812);
#5812 = AXIS2_PLACEMENT_3D('',#5813,#5814,#5815);
#5813 = CARTESIAN_POINT('',(94.477000321166,143.98700908475,4.91));
#5814 = DIRECTION('',(-0.,-1.,-0.));
#5815 = DIRECTION('',(1.,0.,0.));
#5816 = ADVANCED_FACE('',(#5817),#5834,.F.);
#5817 = FACE_BOUND('',#5818,.T.);
#5818 = EDGE_LOOP('',(#5819,#5825,#5826,#5827,#5833));
#5819 = ORIENTED_EDGE('',*,*,#5820,.F.);
#5820 = EDGE_CURVE('',#5797,#4280,#5821,.T.);
#5821 = LINE('',#5822,#5823);
#5822 = CARTESIAN_POINT('',(93.444089696514,138.7199197094,4.9));
#5823 = VECTOR('',#5824,1.);
#5824 = DIRECTION('',(0.707106781187,-0.707106781187,0.));
#5825 = ORIENTED_EDGE('',*,*,#5806,.T.);
#5826 = ORIENTED_EDGE('',*,*,#1131,.F.);
#5827 = ORIENTED_EDGE('',*,*,#5828,.F.);
#5828 = EDGE_CURVE('',#4272,#1124,#5829,.T.);
#5829 = LINE('',#5830,#5831);
#5830 = CARTESIAN_POINT('',(89.991803955068,142.17220545085,
    4.67583302492));
#5831 = VECTOR('',#5832,1.);
#5832 = DIRECTION('',(-0.4472135955,0.4472135955,-0.774596669241));
#5833 = ORIENTED_EDGE('',*,*,#4279,.T.);
#5834 = PLANE('',#5835);
#5835 = AXIS2_PLACEMENT_3D('',#5836,#5837,#5838);
#5836 = CARTESIAN_POINT('',(88.177000321166,143.98700908475,4.91));
#5837 = DIRECTION('',(0.707106781187,0.707106781187,0.));
#5838 = DIRECTION('',(-0.707106781187,0.707106781187,0.));
#5839 = ADVANCED_FACE('',(#5840),#5851,.F.);
#5840 = FACE_BOUND('',#5841,.T.);
#5841 = EDGE_LOOP('',(#5842,#5843,#5844,#5850));
#5842 = ORIENTED_EDGE('',*,*,#5828,.T.);
#5843 = ORIENTED_EDGE('',*,*,#1123,.F.);
#5844 = ORIENTED_EDGE('',*,*,#5845,.T.);
#5845 = EDGE_CURVE('',#1116,#4264,#5846,.T.);
#5846 = LINE('',#5847,#5848);
#5847 = CARTESIAN_POINT('',(85.497910972978,144.57934830799,
    0.506539295272));
#5848 = VECTOR('',#5849,1.);
#5849 = DIRECTION('',(-0.4472135955,-0.4472135955,0.774596669241));
#5850 = ORIENTED_EDGE('',*,*,#4271,.T.);
#5851 = PLANE('',#5852);
#5852 = AXIS2_PLACEMENT_3D('',#5853,#5854,#5855);
#5853 = CARTESIAN_POINT('',(100.52700032116,144.,1.51));
#5854 = DIRECTION('',(0.,-0.866025403784,-0.5));
#5855 = DIRECTION('',(0.,0.5,-0.866025403784));
#5856 = ADVANCED_FACE('',(#5857),#5876,.F.);
#5857 = FACE_BOUND('',#5858,.T.);
#5858 = EDGE_LOOP('',(#5859,#5860,#5861,#5862,#5870));
#5859 = ORIENTED_EDGE('',*,*,#4263,.T.);
#5860 = ORIENTED_EDGE('',*,*,#5845,.F.);
#5861 = ORIENTED_EDGE('',*,*,#1115,.F.);
#5862 = ORIENTED_EDGE('',*,*,#5863,.F.);
#5863 = EDGE_CURVE('',#5864,#1108,#5866,.T.);
#5864 = VERTEX_POINT('',#5865);
#5865 = CARTESIAN_POINT('',(84.905571749738,143.98700908475,4.9));
#5866 = LINE('',#5867,#5868);
#5867 = CARTESIAN_POINT('',(84.905571749738,143.98700908475,4.91));
#5868 = VECTOR('',#5869,1.);
#5869 = DIRECTION('',(0.,0.,-1.));
#5870 = ORIENTED_EDGE('',*,*,#5871,.F.);
#5871 = EDGE_CURVE('',#4256,#5864,#5872,.T.);
#5872 = LINE('',#5873,#5874);
#5873 = CARTESIAN_POINT('',(62.883161651227,121.96459898624,4.9));
#5874 = VECTOR('',#5875,1.);
#5875 = DIRECTION('',(0.707106781187,0.707106781187,-0.));
#5876 = PLANE('',#5877);
#5877 = AXIS2_PLACEMENT_3D('',#5878,#5879,#5880);
#5878 = CARTESIAN_POINT('',(82.955571749737,142.03700908475,4.91));
#5879 = DIRECTION('',(-0.707106781187,0.707106781187,0.));
#5880 = DIRECTION('',(-0.707106781187,-0.707106781187,-0.));
#5881 = ADVANCED_FACE('',(#5882),#5900,.F.);
#5882 = FACE_BOUND('',#5883,.T.);
#5883 = EDGE_LOOP('',(#5884,#5892,#5893,#5894));
#5884 = ORIENTED_EDGE('',*,*,#5885,.F.);
#5885 = EDGE_CURVE('',#5864,#5886,#5888,.T.);
#5886 = VERTEX_POINT('',#5887);
#5887 = CARTESIAN_POINT('',(78.605571749737,143.98700908475,4.9));
#5888 = LINE('',#5889,#5890);
#5889 = CARTESIAN_POINT('',(69.943108169432,143.98700908475,4.9));
#5890 = VECTOR('',#5891,1.);
#5891 = DIRECTION('',(-1.,0.,0.));
#5892 = ORIENTED_EDGE('',*,*,#5863,.T.);
#5893 = ORIENTED_EDGE('',*,*,#1107,.F.);
#5894 = ORIENTED_EDGE('',*,*,#5895,.F.);
#5895 = EDGE_CURVE('',#5886,#1100,#5896,.T.);
#5896 = LINE('',#5897,#5898);
#5897 = CARTESIAN_POINT('',(78.605571749737,143.98700908475,4.91));
#5898 = VECTOR('',#5899,1.);
#5899 = DIRECTION('',(0.,0.,-1.));
#5900 = PLANE('',#5901);
#5901 = AXIS2_PLACEMENT_3D('',#5902,#5903,#5904);
#5902 = CARTESIAN_POINT('',(84.905571749738,143.98700908475,4.91));
#5903 = DIRECTION('',(-0.,-1.,-0.));
#5904 = DIRECTION('',(1.,0.,0.));
#5905 = ADVANCED_FACE('',(#5906),#5923,.F.);
#5906 = FACE_BOUND('',#5907,.T.);
#5907 = EDGE_LOOP('',(#5908,#5914,#5915,#5916,#5922));
#5908 = ORIENTED_EDGE('',*,*,#5909,.F.);
#5909 = EDGE_CURVE('',#5886,#4248,#5910,.T.);
#5910 = LINE('',#5911,#5912);
#5911 = CARTESIAN_POINT('',(86.265518267942,136.32706256655,4.9));
#5912 = VECTOR('',#5913,1.);
#5913 = DIRECTION('',(0.707106781187,-0.707106781187,0.));
#5914 = ORIENTED_EDGE('',*,*,#5895,.T.);
#5915 = ORIENTED_EDGE('',*,*,#1099,.F.);
#5916 = ORIENTED_EDGE('',*,*,#5917,.F.);
#5917 = EDGE_CURVE('',#4240,#1092,#5918,.T.);
#5918 = LINE('',#5919,#5920);
#5919 = CARTESIAN_POINT('',(81.377518240782,141.21506259371,
    6.333653083593));
#5920 = VECTOR('',#5921,1.);
#5921 = DIRECTION('',(-0.4472135955,0.4472135955,-0.774596669241));
#5922 = ORIENTED_EDGE('',*,*,#4247,.T.);
#5923 = PLANE('',#5924);
#5924 = AXIS2_PLACEMENT_3D('',#5925,#5926,#5927);
#5925 = CARTESIAN_POINT('',(78.605571749737,143.98700908475,4.91));
#5926 = DIRECTION('',(0.707106781187,0.707106781187,0.));
#5927 = DIRECTION('',(-0.707106781187,0.707106781187,0.));
#5928 = ADVANCED_FACE('',(#5929),#5940,.F.);
#5929 = FACE_BOUND('',#5930,.T.);
#5930 = EDGE_LOOP('',(#5931,#5932,#5933,#5939));
#5931 = ORIENTED_EDGE('',*,*,#5917,.T.);
#5932 = ORIENTED_EDGE('',*,*,#1091,.F.);
#5933 = ORIENTED_EDGE('',*,*,#5934,.T.);
#5934 = EDGE_CURVE('',#1084,#4232,#5935,.T.);
#5935 = LINE('',#5936,#5937);
#5936 = CARTESIAN_POINT('',(76.883625258692,145.53649116513,
    -1.151280763401));
#5937 = VECTOR('',#5938,1.);
#5938 = DIRECTION('',(-0.4472135955,-0.4472135955,0.774596669241));
#5939 = ORIENTED_EDGE('',*,*,#4239,.T.);
#5940 = PLANE('',#5941);
#5941 = AXIS2_PLACEMENT_3D('',#5942,#5943,#5944);
#5942 = CARTESIAN_POINT('',(100.52700032116,144.,1.51));
#5943 = DIRECTION('',(0.,-0.866025403784,-0.5));
#5944 = DIRECTION('',(0.,0.5,-0.866025403784));
#5945 = ADVANCED_FACE('',(#5946),#5965,.F.);
#5946 = FACE_BOUND('',#5947,.T.);
#5947 = EDGE_LOOP('',(#5948,#5949,#5950,#5951,#5959));
#5948 = ORIENTED_EDGE('',*,*,#4231,.T.);
#5949 = ORIENTED_EDGE('',*,*,#5934,.F.);
#5950 = ORIENTED_EDGE('',*,*,#1083,.F.);
#5951 = ORIENTED_EDGE('',*,*,#5952,.F.);
#5952 = EDGE_CURVE('',#5953,#1076,#5955,.T.);
#5953 = VERTEX_POINT('',#5954);
#5954 = CARTESIAN_POINT('',(75.334143178309,143.98700908475,4.9));
#5955 = LINE('',#5956,#5957);
#5956 = CARTESIAN_POINT('',(75.334143178309,143.98700908475,4.91));
#5957 = VECTOR('',#5958,1.);
#5958 = DIRECTION('',(0.,0.,-1.));
#5959 = ORIENTED_EDGE('',*,*,#5960,.F.);
#5960 = EDGE_CURVE('',#4224,#5953,#5961,.T.);
#5961 = LINE('',#5962,#5963);
#5962 = CARTESIAN_POINT('',(55.704590222655,124.3574561291,4.9));
#5963 = VECTOR('',#5964,1.);
#5964 = DIRECTION('',(0.707106781187,0.707106781187,-0.));
#5965 = PLANE('',#5966);
#5966 = AXIS2_PLACEMENT_3D('',#5967,#5968,#5969);
#5967 = CARTESIAN_POINT('',(73.384143178309,142.03700908475,4.91));
#5968 = DIRECTION('',(-0.707106781187,0.707106781187,0.));
#5969 = DIRECTION('',(-0.707106781187,-0.707106781187,-0.));
#5970 = ADVANCED_FACE('',(#5971),#5989,.F.);
#5971 = FACE_BOUND('',#5972,.T.);
#5972 = EDGE_LOOP('',(#5973,#5981,#5982,#5983));
#5973 = ORIENTED_EDGE('',*,*,#5974,.F.);
#5974 = EDGE_CURVE('',#5953,#5975,#5977,.T.);
#5975 = VERTEX_POINT('',#5976);
#5976 = CARTESIAN_POINT('',(69.034143178308,143.98700908475,4.9));
#5977 = LINE('',#5978,#5979);
#5978 = CARTESIAN_POINT('',(65.157393883718,143.98700908475,4.9));
#5979 = VECTOR('',#5980,1.);
#5980 = DIRECTION('',(-1.,0.,0.));
#5981 = ORIENTED_EDGE('',*,*,#5952,.T.);
#5982 = ORIENTED_EDGE('',*,*,#1075,.F.);
#5983 = ORIENTED_EDGE('',*,*,#5984,.F.);
#5984 = EDGE_CURVE('',#5975,#1068,#5985,.T.);
#5985 = LINE('',#5986,#5987);
#5986 = CARTESIAN_POINT('',(69.034143178308,143.98700908475,4.91));
#5987 = VECTOR('',#5988,1.);
#5988 = DIRECTION('',(0.,0.,-1.));
#5989 = PLANE('',#5990);
#5990 = AXIS2_PLACEMENT_3D('',#5991,#5992,#5993);
#5991 = CARTESIAN_POINT('',(75.334143178309,143.98700908475,4.91));
#5992 = DIRECTION('',(-0.,-1.,-0.));
#5993 = DIRECTION('',(1.,0.,0.));
#5994 = ADVANCED_FACE('',(#5995),#6012,.F.);
#5995 = FACE_BOUND('',#5996,.T.);
#5996 = EDGE_LOOP('',(#5997,#6003,#6004,#6005,#6011));
#5997 = ORIENTED_EDGE('',*,*,#5998,.F.);
#5998 = EDGE_CURVE('',#5975,#4216,#5999,.T.);
#5999 = LINE('',#6000,#6001);
#6000 = CARTESIAN_POINT('',(79.086946839371,133.93420542369,4.9));
#6001 = VECTOR('',#6002,1.);
#6002 = DIRECTION('',(0.707106781187,-0.707106781187,0.));
#6003 = ORIENTED_EDGE('',*,*,#5984,.T.);
#6004 = ORIENTED_EDGE('',*,*,#1067,.F.);
#6005 = ORIENTED_EDGE('',*,*,#6006,.F.);
#6006 = EDGE_CURVE('',#4208,#1060,#6007,.T.);
#6007 = LINE('',#6008,#6009);
#6008 = CARTESIAN_POINT('',(72.763232526497,140.25791973656,
    7.991473142266));
#6009 = VECTOR('',#6010,1.);
#6010 = DIRECTION('',(-0.4472135955,0.4472135955,-0.774596669241));
#6011 = ORIENTED_EDGE('',*,*,#4215,.T.);
#6012 = PLANE('',#6013);
#6013 = AXIS2_PLACEMENT_3D('',#6014,#6015,#6016);
#6014 = CARTESIAN_POINT('',(69.034143178308,143.98700908475,4.91));
#6015 = DIRECTION('',(0.707106781187,0.707106781187,0.));
#6016 = DIRECTION('',(-0.707106781187,0.707106781187,0.));
#6017 = ADVANCED_FACE('',(#6018),#6029,.F.);
#6018 = FACE_BOUND('',#6019,.T.);
#6019 = EDGE_LOOP('',(#6020,#6021,#6022,#6028));
#6020 = ORIENTED_EDGE('',*,*,#6006,.T.);
#6021 = ORIENTED_EDGE('',*,*,#1059,.F.);
#6022 = ORIENTED_EDGE('',*,*,#6023,.T.);
#6023 = EDGE_CURVE('',#1052,#4200,#6024,.T.);
#6024 = LINE('',#6025,#6026);
#6025 = CARTESIAN_POINT('',(68.269339544407,146.49363402228,
    -2.809100822074));
#6026 = VECTOR('',#6027,1.);
#6027 = DIRECTION('',(-0.4472135955,-0.4472135955,0.774596669241));
#6028 = ORIENTED_EDGE('',*,*,#4207,.T.);
#6029 = PLANE('',#6030);
#6030 = AXIS2_PLACEMENT_3D('',#6031,#6032,#6033);
#6031 = CARTESIAN_POINT('',(100.52700032116,144.,1.51));
#6032 = DIRECTION('',(0.,-0.866025403784,-0.5));
#6033 = DIRECTION('',(0.,0.5,-0.866025403784));
#6034 = ADVANCED_FACE('',(#6035),#6054,.F.);
#6035 = FACE_BOUND('',#6036,.T.);
#6036 = EDGE_LOOP('',(#6037,#6038,#6039,#6040,#6048));
#6037 = ORIENTED_EDGE('',*,*,#4199,.T.);
#6038 = ORIENTED_EDGE('',*,*,#6023,.F.);
#6039 = ORIENTED_EDGE('',*,*,#1051,.F.);
#6040 = ORIENTED_EDGE('',*,*,#6041,.F.);
#6041 = EDGE_CURVE('',#6042,#1044,#6044,.T.);
#6042 = VERTEX_POINT('',#6043);
#6043 = CARTESIAN_POINT('',(65.762714606881,143.98700908475,4.9));
#6044 = LINE('',#6045,#6046);
#6045 = CARTESIAN_POINT('',(65.762714606881,143.98700908475,4.91));
#6046 = VECTOR('',#6047,1.);
#6047 = DIRECTION('',(0.,0.,-1.));
#6048 = ORIENTED_EDGE('',*,*,#6049,.F.);
#6049 = EDGE_CURVE('',#4192,#6042,#6050,.T.);
#6050 = LINE('',#6051,#6052);
#6051 = CARTESIAN_POINT('',(48.526018794084,126.75031327195,4.9));
#6052 = VECTOR('',#6053,1.);
#6053 = DIRECTION('',(0.707106781187,0.707106781187,-0.));
#6054 = PLANE('',#6055);
#6055 = AXIS2_PLACEMENT_3D('',#6056,#6057,#6058);
#6056 = CARTESIAN_POINT('',(63.81271460688,142.03700908475,4.91));
#6057 = DIRECTION('',(-0.707106781187,0.707106781187,0.));
#6058 = DIRECTION('',(-0.707106781187,-0.707106781187,-0.));
#6059 = ADVANCED_FACE('',(#6060),#6078,.F.);
#6060 = FACE_BOUND('',#6061,.T.);
#6061 = EDGE_LOOP('',(#6062,#6070,#6071,#6072));
#6062 = ORIENTED_EDGE('',*,*,#6063,.F.);
#6063 = EDGE_CURVE('',#6042,#6064,#6066,.T.);
#6064 = VERTEX_POINT('',#6065);
#6065 = CARTESIAN_POINT('',(59.46271460688,143.98700908475,4.9));
#6066 = LINE('',#6067,#6068);
#6067 = CARTESIAN_POINT('',(60.371679598004,143.98700908475,4.9));
#6068 = VECTOR('',#6069,1.);
#6069 = DIRECTION('',(-1.,0.,0.));
#6070 = ORIENTED_EDGE('',*,*,#6041,.T.);
#6071 = ORIENTED_EDGE('',*,*,#1043,.F.);
#6072 = ORIENTED_EDGE('',*,*,#6073,.F.);
#6073 = EDGE_CURVE('',#6064,#1036,#6074,.T.);
#6074 = LINE('',#6075,#6076);
#6075 = CARTESIAN_POINT('',(59.46271460688,143.98700908475,4.91));
#6076 = VECTOR('',#6077,1.);
#6077 = DIRECTION('',(0.,0.,-1.));
#6078 = PLANE('',#6079);
#6079 = AXIS2_PLACEMENT_3D('',#6080,#6081,#6082);
#6080 = CARTESIAN_POINT('',(65.762714606881,143.98700908475,4.91));
#6081 = DIRECTION('',(-0.,-1.,-0.));
#6082 = DIRECTION('',(1.,0.,0.));
#6083 = ADVANCED_FACE('',(#6084),#6101,.F.);
#6084 = FACE_BOUND('',#6085,.T.);
#6085 = EDGE_LOOP('',(#6086,#6092,#6093,#6094,#6100));
#6086 = ORIENTED_EDGE('',*,*,#6087,.F.);
#6087 = EDGE_CURVE('',#6064,#4184,#6088,.T.);
#6088 = LINE('',#6089,#6090);
#6089 = CARTESIAN_POINT('',(71.9083754108,131.54134828083,4.9));
#6090 = VECTOR('',#6091,1.);
#6091 = DIRECTION('',(0.707106781187,-0.707106781187,0.));
#6092 = ORIENTED_EDGE('',*,*,#6073,.T.);
#6093 = ORIENTED_EDGE('',*,*,#1035,.F.);
#6094 = ORIENTED_EDGE('',*,*,#6095,.F.);
#6095 = EDGE_CURVE('',#4176,#1028,#6096,.T.);
#6096 = LINE('',#6097,#6098);
#6097 = CARTESIAN_POINT('',(64.148946812211,139.30077687942,
    9.649293200939));
#6098 = VECTOR('',#6099,1.);
#6099 = DIRECTION('',(-0.4472135955,0.4472135955,-0.774596669241));
#6100 = ORIENTED_EDGE('',*,*,#4183,.T.);
#6101 = PLANE('',#6102);
#6102 = AXIS2_PLACEMENT_3D('',#6103,#6104,#6105);
#6103 = CARTESIAN_POINT('',(59.46271460688,143.98700908475,4.91));
#6104 = DIRECTION('',(0.707106781187,0.707106781187,0.));
#6105 = DIRECTION('',(-0.707106781187,0.707106781187,0.));
#6106 = ADVANCED_FACE('',(#6107),#6118,.F.);
#6107 = FACE_BOUND('',#6108,.T.);
#6108 = EDGE_LOOP('',(#6109,#6110,#6111,#6117));
#6109 = ORIENTED_EDGE('',*,*,#6095,.T.);
#6110 = ORIENTED_EDGE('',*,*,#1027,.F.);
#6111 = ORIENTED_EDGE('',*,*,#6112,.T.);
#6112 = EDGE_CURVE('',#1020,#4168,#6113,.T.);
#6113 = LINE('',#6114,#6115);
#6114 = CARTESIAN_POINT('',(59.655053830121,147.45077687942,
    -4.466920880747));
#6115 = VECTOR('',#6116,1.);
#6116 = DIRECTION('',(-0.4472135955,-0.4472135955,0.774596669241));
#6117 = ORIENTED_EDGE('',*,*,#4175,.T.);
#6118 = PLANE('',#6119);
#6119 = AXIS2_PLACEMENT_3D('',#6120,#6121,#6122);
#6120 = CARTESIAN_POINT('',(100.52700032116,144.,1.51));
#6121 = DIRECTION('',(0.,-0.866025403784,-0.5));
#6122 = DIRECTION('',(0.,0.5,-0.866025403784));
#6123 = ADVANCED_FACE('',(#6124),#6143,.F.);
#6124 = FACE_BOUND('',#6125,.T.);
#6125 = EDGE_LOOP('',(#6126,#6127,#6128,#6129,#6137));
#6126 = ORIENTED_EDGE('',*,*,#4167,.T.);
#6127 = ORIENTED_EDGE('',*,*,#6112,.F.);
#6128 = ORIENTED_EDGE('',*,*,#1019,.F.);
#6129 = ORIENTED_EDGE('',*,*,#6130,.F.);
#6130 = EDGE_CURVE('',#6131,#1012,#6133,.T.);
#6131 = VERTEX_POINT('',#6132);
#6132 = CARTESIAN_POINT('',(56.191286035452,143.98700908475,4.9));
#6133 = LINE('',#6134,#6135);
#6134 = CARTESIAN_POINT('',(56.191286035452,143.98700908475,4.91));
#6135 = VECTOR('',#6136,1.);
#6136 = DIRECTION('',(0.,0.,-1.));
#6137 = ORIENTED_EDGE('',*,*,#6138,.F.);
#6138 = EDGE_CURVE('',#4160,#6131,#6139,.T.);
#6139 = LINE('',#6140,#6141);
#6140 = CARTESIAN_POINT('',(41.347447365513,129.14317041481,4.9));
#6141 = VECTOR('',#6142,1.);
#6142 = DIRECTION('',(0.707106781187,0.707106781187,-0.));
#6143 = PLANE('',#6144);
#6144 = AXIS2_PLACEMENT_3D('',#6145,#6146,#6147);
#6145 = CARTESIAN_POINT('',(54.241286035452,142.03700908475,4.91));
#6146 = DIRECTION('',(-0.707106781187,0.707106781187,0.));
#6147 = DIRECTION('',(-0.707106781187,-0.707106781187,-0.));
#6148 = ADVANCED_FACE('',(#6149),#6167,.F.);
#6149 = FACE_BOUND('',#6150,.T.);
#6150 = EDGE_LOOP('',(#6151,#6159,#6160,#6161));
#6151 = ORIENTED_EDGE('',*,*,#6152,.F.);
#6152 = EDGE_CURVE('',#6131,#6153,#6155,.T.);
#6153 = VERTEX_POINT('',#6154);
#6154 = CARTESIAN_POINT('',(49.891286035451,143.98700908475,4.9));
#6155 = LINE('',#6156,#6157);
#6156 = CARTESIAN_POINT('',(55.585965312289,143.98700908475,4.9));
#6157 = VECTOR('',#6158,1.);
#6158 = DIRECTION('',(-1.,0.,0.));
#6159 = ORIENTED_EDGE('',*,*,#6130,.T.);
#6160 = ORIENTED_EDGE('',*,*,#1011,.F.);
#6161 = ORIENTED_EDGE('',*,*,#6162,.F.);
#6162 = EDGE_CURVE('',#6153,#1004,#6163,.T.);
#6163 = LINE('',#6164,#6165);
#6164 = CARTESIAN_POINT('',(49.891286035451,143.98700908475,4.91));
#6165 = VECTOR('',#6166,1.);
#6166 = DIRECTION('',(0.,0.,-1.));
#6167 = PLANE('',#6168);
#6168 = AXIS2_PLACEMENT_3D('',#6169,#6170,#6171);
#6169 = CARTESIAN_POINT('',(56.191286035452,143.98700908475,4.91));
#6170 = DIRECTION('',(-0.,-1.,-0.));
#6171 = DIRECTION('',(1.,0.,0.));
#6172 = ADVANCED_FACE('',(#6173),#6190,.F.);
#6173 = FACE_BOUND('',#6174,.T.);
#6174 = EDGE_LOOP('',(#6175,#6181,#6182,#6183,#6189));
#6175 = ORIENTED_EDGE('',*,*,#6176,.F.);
#6176 = EDGE_CURVE('',#6153,#4152,#6177,.T.);
#6177 = LINE('',#6178,#6179);
#6178 = CARTESIAN_POINT('',(64.729803982228,129.14849113797,4.9));
#6179 = VECTOR('',#6180,1.);
#6180 = DIRECTION('',(0.707106781187,-0.707106781187,0.));
#6181 = ORIENTED_EDGE('',*,*,#6162,.T.);
#6182 = ORIENTED_EDGE('',*,*,#1003,.F.);
#6183 = ORIENTED_EDGE('',*,*,#6184,.F.);
#6184 = EDGE_CURVE('',#4144,#996,#6185,.T.);
#6185 = LINE('',#6186,#6187);
#6186 = CARTESIAN_POINT('',(55.534661097925,138.34363402228,
    11.307113259612));
#6187 = VECTOR('',#6188,1.);
#6188 = DIRECTION('',(-0.4472135955,0.4472135955,-0.774596669241));
#6189 = ORIENTED_EDGE('',*,*,#4151,.T.);
#6190 = PLANE('',#6191);
#6191 = AXIS2_PLACEMENT_3D('',#6192,#6193,#6194);
#6192 = CARTESIAN_POINT('',(49.891286035451,143.98700908475,4.91));
#6193 = DIRECTION('',(0.707106781187,0.707106781187,0.));
#6194 = DIRECTION('',(-0.707106781187,0.707106781187,0.));
#6195 = ADVANCED_FACE('',(#6196),#6207,.F.);
#6196 = FACE_BOUND('',#6197,.T.);
#6197 = EDGE_LOOP('',(#6198,#6199,#6205,#6206));
#6198 = ORIENTED_EDGE('',*,*,#995,.F.);
#6199 = ORIENTED_EDGE('',*,*,#6200,.T.);
#6200 = EDGE_CURVE('',#988,#4136,#6201,.T.);
#6201 = LINE('',#6202,#6203);
#6202 = CARTESIAN_POINT('',(51.040768115835,148.40791973656,
    -6.124740939421));
#6203 = VECTOR('',#6204,1.);
#6204 = DIRECTION('',(-0.4472135955,-0.4472135955,0.774596669241));
#6205 = ORIENTED_EDGE('',*,*,#4143,.T.);
#6206 = ORIENTED_EDGE('',*,*,#6184,.T.);
#6207 = PLANE('',#6208);
#6208 = AXIS2_PLACEMENT_3D('',#6209,#6210,#6211);
#6209 = CARTESIAN_POINT('',(100.52700032116,144.,1.51));
#6210 = DIRECTION('',(0.,-0.866025403784,-0.5));
#6211 = DIRECTION('',(0.,0.5,-0.866025403784));
#6212 = ADVANCED_FACE('',(#6213),#6232,.F.);
#6213 = FACE_BOUND('',#6214,.T.);
#6214 = EDGE_LOOP('',(#6215,#6216,#6217,#6218,#6226));
#6215 = ORIENTED_EDGE('',*,*,#4135,.T.);
#6216 = ORIENTED_EDGE('',*,*,#6200,.F.);
#6217 = ORIENTED_EDGE('',*,*,#987,.F.);
#6218 = ORIENTED_EDGE('',*,*,#6219,.F.);
#6219 = EDGE_CURVE('',#6220,#980,#6222,.T.);
#6220 = VERTEX_POINT('',#6221);
#6221 = CARTESIAN_POINT('',(46.619857464024,143.98700908475,4.9));
#6222 = LINE('',#6223,#6224);
#6223 = CARTESIAN_POINT('',(46.619857464024,143.98700908475,4.91));
#6224 = VECTOR('',#6225,1.);
#6225 = DIRECTION('',(0.,0.,-1.));
#6226 = ORIENTED_EDGE('',*,*,#6227,.F.);
#6227 = EDGE_CURVE('',#4128,#6220,#6228,.T.);
#6228 = LINE('',#6229,#6230);
#6229 = CARTESIAN_POINT('',(34.168875936941,131.53602755767,4.9));
#6230 = VECTOR('',#6231,1.);
#6231 = DIRECTION('',(0.707106781187,0.707106781187,-0.));
#6232 = PLANE('',#6233);
#6233 = AXIS2_PLACEMENT_3D('',#6234,#6235,#6236);
#6234 = CARTESIAN_POINT('',(44.669857464023,142.03700908475,4.91));
#6235 = DIRECTION('',(-0.707106781187,0.707106781187,0.));
#6236 = DIRECTION('',(-0.707106781187,-0.707106781187,-0.));
#6237 = ADVANCED_FACE('',(#6238),#6256,.F.);
#6238 = FACE_BOUND('',#6239,.T.);
#6239 = EDGE_LOOP('',(#6240,#6248,#6249,#6250));
#6240 = ORIENTED_EDGE('',*,*,#6241,.F.);
#6241 = EDGE_CURVE('',#6220,#6242,#6244,.T.);
#6242 = VERTEX_POINT('',#6243);
#6243 = CARTESIAN_POINT('',(40.319857464023,143.98700908475,4.9));
#6244 = LINE('',#6245,#6246);
#6245 = CARTESIAN_POINT('',(50.800251026575,143.98700908475,4.9));
#6246 = VECTOR('',#6247,1.);
#6247 = DIRECTION('',(-1.,0.,0.));
#6248 = ORIENTED_EDGE('',*,*,#6219,.T.);
#6249 = ORIENTED_EDGE('',*,*,#979,.F.);
#6250 = ORIENTED_EDGE('',*,*,#6251,.F.);
#6251 = EDGE_CURVE('',#6242,#972,#6252,.T.);
#6252 = LINE('',#6253,#6254);
#6253 = CARTESIAN_POINT('',(40.319857464023,143.98700908475,4.91));
#6254 = VECTOR('',#6255,1.);
#6255 = DIRECTION('',(0.,0.,-1.));
#6256 = PLANE('',#6257);
#6257 = AXIS2_PLACEMENT_3D('',#6258,#6259,#6260);
#6258 = CARTESIAN_POINT('',(46.619857464024,143.98700908475,4.91));
#6259 = DIRECTION('',(-0.,-1.,-0.));
#6260 = DIRECTION('',(1.,0.,0.));
#6261 = ADVANCED_FACE('',(#6262),#6279,.F.);
#6262 = FACE_BOUND('',#6263,.T.);
#6263 = EDGE_LOOP('',(#6264,#6270,#6271,#6272,#6278));
#6264 = ORIENTED_EDGE('',*,*,#6265,.F.);
#6265 = EDGE_CURVE('',#6242,#4120,#6266,.T.);
#6266 = LINE('',#6267,#6268);
#6267 = CARTESIAN_POINT('',(57.551232553657,126.75563399512,4.9));
#6268 = VECTOR('',#6269,1.);
#6269 = DIRECTION('',(0.707106781187,-0.707106781187,0.));
#6270 = ORIENTED_EDGE('',*,*,#6251,.T.);
#6271 = ORIENTED_EDGE('',*,*,#971,.F.);
#6272 = ORIENTED_EDGE('',*,*,#6273,.F.);
#6273 = EDGE_CURVE('',#4112,#964,#6274,.T.);
#6274 = LINE('',#6275,#6276);
#6275 = CARTESIAN_POINT('',(46.92037538364,137.38649116513,
    12.964933318285));
#6276 = VECTOR('',#6277,1.);
#6277 = DIRECTION('',(-0.4472135955,0.4472135955,-0.774596669241));
#6278 = ORIENTED_EDGE('',*,*,#4119,.T.);
#6279 = PLANE('',#6280);
#6280 = AXIS2_PLACEMENT_3D('',#6281,#6282,#6283);
#6281 = CARTESIAN_POINT('',(40.319857464023,143.98700908475,4.91));
#6282 = DIRECTION('',(0.707106781187,0.707106781187,0.));
#6283 = DIRECTION('',(-0.707106781187,0.707106781187,0.));
#6284 = ADVANCED_FACE('',(#6285),#6296,.F.);
#6285 = FACE_BOUND('',#6286,.T.);
#6286 = EDGE_LOOP('',(#6287,#6288,#6294,#6295));
#6287 = ORIENTED_EDGE('',*,*,#963,.F.);
#6288 = ORIENTED_EDGE('',*,*,#6289,.T.);
#6289 = EDGE_CURVE('',#956,#4104,#6290,.T.);
#6290 = LINE('',#6291,#6292);
#6291 = CARTESIAN_POINT('',(42.42648240155,149.36506259371,
    -7.782560998094));
#6292 = VECTOR('',#6293,1.);
#6293 = DIRECTION('',(-0.4472135955,-0.4472135955,0.774596669241));
#6294 = ORIENTED_EDGE('',*,*,#4111,.T.);
#6295 = ORIENTED_EDGE('',*,*,#6273,.T.);
#6296 = PLANE('',#6297);
#6297 = AXIS2_PLACEMENT_3D('',#6298,#6299,#6300);
#6298 = CARTESIAN_POINT('',(100.52700032116,144.,1.51));
#6299 = DIRECTION('',(0.,-0.866025403784,-0.5));
#6300 = DIRECTION('',(0.,0.5,-0.866025403784));
#6301 = ADVANCED_FACE('',(#6302),#6321,.F.);
#6302 = FACE_BOUND('',#6303,.T.);
#6303 = EDGE_LOOP('',(#6304,#6305,#6306,#6307,#6315));
#6304 = ORIENTED_EDGE('',*,*,#4103,.T.);
#6305 = ORIENTED_EDGE('',*,*,#6289,.F.);
#6306 = ORIENTED_EDGE('',*,*,#955,.F.);
#6307 = ORIENTED_EDGE('',*,*,#6308,.F.);
#6308 = EDGE_CURVE('',#6309,#948,#6311,.T.);
#6309 = VERTEX_POINT('',#6310);
#6310 = CARTESIAN_POINT('',(37.048428892595,143.98700908475,4.9));
#6311 = LINE('',#6312,#6313);
#6312 = CARTESIAN_POINT('',(37.048428892595,143.98700908475,4.91));
#6313 = VECTOR('',#6314,1.);
#6314 = DIRECTION('',(0.,0.,-1.));
#6315 = ORIENTED_EDGE('',*,*,#6316,.F.);
#6316 = EDGE_CURVE('',#4096,#6309,#6317,.T.);
#6317 = LINE('',#6318,#6319);
#6318 = CARTESIAN_POINT('',(26.99030450837,133.92888470053,4.9));
#6319 = VECTOR('',#6320,1.);
#6320 = DIRECTION('',(0.707106781187,0.707106781187,-0.));
#6321 = PLANE('',#6322);
#6322 = AXIS2_PLACEMENT_3D('',#6323,#6324,#6325);
#6323 = CARTESIAN_POINT('',(35.098428892595,142.03700908475,4.91));
#6324 = DIRECTION('',(-0.707106781187,0.707106781187,0.));
#6325 = DIRECTION('',(-0.707106781187,-0.707106781187,-0.));
#6326 = ADVANCED_FACE('',(#6327),#6345,.F.);
#6327 = FACE_BOUND('',#6328,.T.);
#6328 = EDGE_LOOP('',(#6329,#6337,#6338,#6339));
#6329 = ORIENTED_EDGE('',*,*,#6330,.F.);
#6330 = EDGE_CURVE('',#6309,#6331,#6333,.T.);
#6331 = VERTEX_POINT('',#6332);
#6332 = CARTESIAN_POINT('',(30.748428892594,143.98700908475,4.9));
#6333 = LINE('',#6334,#6335);
#6334 = CARTESIAN_POINT('',(46.014536740861,143.98700908475,4.9));
#6335 = VECTOR('',#6336,1.);
#6336 = DIRECTION('',(-1.,0.,0.));
#6337 = ORIENTED_EDGE('',*,*,#6308,.T.);
#6338 = ORIENTED_EDGE('',*,*,#947,.F.);
#6339 = ORIENTED_EDGE('',*,*,#6340,.F.);
#6340 = EDGE_CURVE('',#6331,#940,#6341,.T.);
#6341 = LINE('',#6342,#6343);
#6342 = CARTESIAN_POINT('',(30.748428892594,143.98700908475,4.91));
#6343 = VECTOR('',#6344,1.);
#6344 = DIRECTION('',(0.,0.,-1.));
#6345 = PLANE('',#6346);
#6346 = AXIS2_PLACEMENT_3D('',#6347,#6348,#6349);
#6347 = CARTESIAN_POINT('',(37.048428892595,143.98700908475,4.91));
#6348 = DIRECTION('',(-0.,-1.,-0.));
#6349 = DIRECTION('',(1.,0.,0.));
#6350 = ADVANCED_FACE('',(#6351),#6368,.F.);
#6351 = FACE_BOUND('',#6352,.T.);
#6352 = EDGE_LOOP('',(#6353,#6359,#6360,#6361,#6367));
#6353 = ORIENTED_EDGE('',*,*,#6354,.F.);
#6354 = EDGE_CURVE('',#6331,#4088,#6355,.T.);
#6355 = LINE('',#6356,#6357);
#6356 = CARTESIAN_POINT('',(50.372661125085,124.36277685226,4.9));
#6357 = VECTOR('',#6358,1.);
#6358 = DIRECTION('',(0.707106781187,-0.707106781187,0.));
#6359 = ORIENTED_EDGE('',*,*,#6340,.T.);
#6360 = ORIENTED_EDGE('',*,*,#939,.F.);
#6361 = ORIENTED_EDGE('',*,*,#6362,.F.);
#6362 = EDGE_CURVE('',#4080,#932,#6363,.T.);
#6363 = LINE('',#6364,#6365);
#6364 = CARTESIAN_POINT('',(38.306089669354,136.42934830799,
    14.622753376958));
#6365 = VECTOR('',#6366,1.);
#6366 = DIRECTION('',(-0.4472135955,0.4472135955,-0.774596669241));
#6367 = ORIENTED_EDGE('',*,*,#4087,.T.);
#6368 = PLANE('',#6369);
#6369 = AXIS2_PLACEMENT_3D('',#6370,#6371,#6372);
#6370 = CARTESIAN_POINT('',(30.748428892594,143.98700908475,4.91));
#6371 = DIRECTION('',(0.707106781187,0.707106781187,0.));
#6372 = DIRECTION('',(-0.707106781187,0.707106781187,0.));
#6373 = ADVANCED_FACE('',(#6374),#6385,.F.);
#6374 = FACE_BOUND('',#6375,.T.);
#6375 = EDGE_LOOP('',(#6376,#6377,#6383,#6384));
#6376 = ORIENTED_EDGE('',*,*,#931,.F.);
#6377 = ORIENTED_EDGE('',*,*,#6378,.T.);
#6378 = EDGE_CURVE('',#924,#4072,#6379,.T.);
#6379 = LINE('',#6380,#6381);
#6380 = CARTESIAN_POINT('',(33.812196687264,150.32220545085,
    -9.440381056767));
#6381 = VECTOR('',#6382,1.);
#6382 = DIRECTION('',(-0.4472135955,-0.4472135955,0.774596669241));
#6383 = ORIENTED_EDGE('',*,*,#4079,.T.);
#6384 = ORIENTED_EDGE('',*,*,#6362,.T.);
#6385 = PLANE('',#6386);
#6386 = AXIS2_PLACEMENT_3D('',#6387,#6388,#6389);
#6387 = CARTESIAN_POINT('',(100.52700032116,144.,1.51));
#6388 = DIRECTION('',(0.,-0.866025403784,-0.5));
#6389 = DIRECTION('',(0.,0.5,-0.866025403784));
#6390 = ADVANCED_FACE('',(#6391),#6410,.F.);
#6391 = FACE_BOUND('',#6392,.T.);
#6392 = EDGE_LOOP('',(#6393,#6394,#6395,#6396,#6404));
#6393 = ORIENTED_EDGE('',*,*,#4071,.T.);
#6394 = ORIENTED_EDGE('',*,*,#6378,.F.);
#6395 = ORIENTED_EDGE('',*,*,#923,.F.);
#6396 = ORIENTED_EDGE('',*,*,#6397,.F.);
#6397 = EDGE_CURVE('',#6398,#916,#6400,.T.);
#6398 = VERTEX_POINT('',#6399);
#6399 = CARTESIAN_POINT('',(27.477000321166,143.98700908475,4.9));
#6400 = LINE('',#6401,#6402);
#6401 = CARTESIAN_POINT('',(27.477000321166,143.98700908475,4.91));
#6402 = VECTOR('',#6403,1.);
#6403 = DIRECTION('',(0.,0.,-1.));
#6404 = ORIENTED_EDGE('',*,*,#6405,.F.);
#6405 = EDGE_CURVE('',#4064,#6398,#6406,.T.);
#6406 = LINE('',#6407,#6408);
#6407 = CARTESIAN_POINT('',(19.811733079798,136.32174184338,4.9));
#6408 = VECTOR('',#6409,1.);
#6409 = DIRECTION('',(0.707106781187,0.707106781187,-0.));
#6410 = PLANE('',#6411);
#6411 = AXIS2_PLACEMENT_3D('',#6412,#6413,#6414);
#6412 = CARTESIAN_POINT('',(25.527000321166,142.03700908475,4.91));
#6413 = DIRECTION('',(-0.707106781187,0.707106781187,0.));
#6414 = DIRECTION('',(-0.707106781187,-0.707106781187,-0.));
#6415 = ADVANCED_FACE('',(#6416),#6434,.F.);
#6416 = FACE_BOUND('',#6417,.T.);
#6417 = EDGE_LOOP('',(#6418,#6426,#6427,#6428));
#6418 = ORIENTED_EDGE('',*,*,#6419,.F.);
#6419 = EDGE_CURVE('',#6398,#6420,#6422,.T.);
#6420 = VERTEX_POINT('',#6421);
#6421 = CARTESIAN_POINT('',(21.177000321166,143.98700908475,4.9));
#6422 = LINE('',#6423,#6424);
#6423 = CARTESIAN_POINT('',(41.228822455147,143.98700908475,4.9));
#6424 = VECTOR('',#6425,1.);
#6425 = DIRECTION('',(-1.,0.,0.));
#6426 = ORIENTED_EDGE('',*,*,#6397,.T.);
#6427 = ORIENTED_EDGE('',*,*,#915,.F.);
#6428 = ORIENTED_EDGE('',*,*,#6429,.F.);
#6429 = EDGE_CURVE('',#6420,#908,#6430,.T.);
#6430 = LINE('',#6431,#6432);
#6431 = CARTESIAN_POINT('',(21.177000321166,143.98700908475,4.91));
#6432 = VECTOR('',#6433,1.);
#6433 = DIRECTION('',(0.,0.,-1.));
#6434 = PLANE('',#6435);
#6435 = AXIS2_PLACEMENT_3D('',#6436,#6437,#6438);
#6436 = CARTESIAN_POINT('',(27.477000321166,143.98700908475,4.91));
#6437 = DIRECTION('',(-0.,-1.,-0.));
#6438 = DIRECTION('',(1.,0.,0.));
#6439 = ADVANCED_FACE('',(#6440),#6457,.F.);
#6440 = FACE_BOUND('',#6441,.T.);
#6441 = EDGE_LOOP('',(#6442,#6448,#6449,#6450,#6456));
#6442 = ORIENTED_EDGE('',*,*,#6443,.F.);
#6443 = EDGE_CURVE('',#6420,#4056,#6444,.T.);
#6444 = LINE('',#6445,#6446);
#6445 = CARTESIAN_POINT('',(43.194089696514,121.9699197094,4.9));
#6446 = VECTOR('',#6447,1.);
#6447 = DIRECTION('',(0.707106781187,-0.707106781187,0.));
#6448 = ORIENTED_EDGE('',*,*,#6429,.T.);
#6449 = ORIENTED_EDGE('',*,*,#907,.F.);
#6450 = ORIENTED_EDGE('',*,*,#6451,.F.);
#6451 = EDGE_CURVE('',#4048,#900,#6452,.T.);
#6452 = LINE('',#6453,#6454);
#6453 = CARTESIAN_POINT('',(29.691803955068,135.47220545085,
    16.280573435631));
#6454 = VECTOR('',#6455,1.);
#6455 = DIRECTION('',(-0.4472135955,0.4472135955,-0.774596669241));
#6456 = ORIENTED_EDGE('',*,*,#4055,.T.);
#6457 = PLANE('',#6458);
#6458 = AXIS2_PLACEMENT_3D('',#6459,#6460,#6461);
#6459 = CARTESIAN_POINT('',(21.177000321166,143.98700908475,4.91));
#6460 = DIRECTION('',(0.707106781187,0.707106781187,0.));
#6461 = DIRECTION('',(-0.707106781187,0.707106781187,0.));
#6462 = ADVANCED_FACE('',(#6463),#6483,.F.);
#6463 = FACE_BOUND('',#6464,.T.);
#6464 = EDGE_LOOP('',(#6465,#6466,#6467,#6468,#6476,#6482));
#6465 = ORIENTED_EDGE('',*,*,#4047,.T.);
#6466 = ORIENTED_EDGE('',*,*,#6451,.T.);
#6467 = ORIENTED_EDGE('',*,*,#899,.F.);
#6468 = ORIENTED_EDGE('',*,*,#6469,.F.);
#6469 = EDGE_CURVE('',#6470,#892,#6472,.T.);
#6470 = VERTEX_POINT('',#6471);
#6471 = CARTESIAN_POINT('',(17.51,142.04278258744,4.9));
#6472 = LINE('',#6473,#6474);
#6473 = CARTESIAN_POINT('',(17.51,143.82854347029,1.806971420743));
#6474 = VECTOR('',#6475,1.);
#6475 = DIRECTION('',(0.,0.5,-0.866025403784));
#6476 = ORIENTED_EDGE('',*,*,#6477,.F.);
#6477 = EDGE_CURVE('',#3539,#6470,#6478,.T.);
#6478 = LINE('',#6479,#6480);
#6479 = CARTESIAN_POINT('',(77.753822455146,142.04278258744,4.9));
#6480 = VECTOR('',#6481,1.);
#6481 = DIRECTION('',(-1.,-0.,0.));
#6482 = ORIENTED_EDGE('',*,*,#3536,.F.);
#6483 = PLANE('',#6484);
#6484 = AXIS2_PLACEMENT_3D('',#6485,#6486,#6487);
#6485 = CARTESIAN_POINT('',(100.52700032116,144.,1.51));
#6486 = DIRECTION('',(0.,-0.866025403784,-0.5));
#6487 = DIRECTION('',(0.,0.5,-0.866025403784));
#6488 = ADVANCED_FACE('',(#6489),#6507,.T.);
#6489 = FACE_BOUND('',#6490,.T.);
#6490 = EDGE_LOOP('',(#6491,#6499,#6500,#6501));
#6491 = ORIENTED_EDGE('',*,*,#6492,.F.);
#6492 = EDGE_CURVE('',#6470,#6493,#6495,.T.);
#6493 = VERTEX_POINT('',#6494);
#6494 = CARTESIAN_POINT('',(17.51,129.86999999999,4.9));
#6495 = LINE('',#6496,#6497);
#6496 = CARTESIAN_POINT('',(17.51,148.49999999999,4.9));
#6497 = VECTOR('',#6498,1.);
#6498 = DIRECTION('',(0.,-1.,0.));
#6499 = ORIENTED_EDGE('',*,*,#6469,.T.);
#6500 = ORIENTED_EDGE('',*,*,#891,.F.);
#6501 = ORIENTED_EDGE('',*,*,#6502,.F.);
#6502 = EDGE_CURVE('',#6493,#883,#6503,.T.);
#6503 = LINE('',#6504,#6505);
#6504 = CARTESIAN_POINT('',(17.51,129.86999999999,4.9));
#6505 = VECTOR('',#6506,1.);
#6506 = DIRECTION('',(-0.,-0.,-1.));
#6507 = PLANE('',#6508);
#6508 = AXIS2_PLACEMENT_3D('',#6509,#6510,#6511);
#6509 = CARTESIAN_POINT('',(17.51,148.49999999999,4.9));
#6510 = DIRECTION('',(-1.,0.,0.));
#6511 = DIRECTION('',(0.,-1.,0.));
#6512 = ADVANCED_FACE('',(#6513),#6532,.F.);
#6513 = FACE_BOUND('',#6514,.F.);
#6514 = EDGE_LOOP('',(#6515,#6524,#6530,#6531));
#6515 = ORIENTED_EDGE('',*,*,#6516,.F.);
#6516 = EDGE_CURVE('',#6517,#6493,#6519,.T.);
#6517 = VERTEX_POINT('',#6518);
#6518 = CARTESIAN_POINT('',(15.086132658559,129.21660716345,4.9));
#6519 = CIRCLE('',#6520,1.3);
#6520 = AXIS2_PLACEMENT_3D('',#6521,#6522,#6523);
#6521 = CARTESIAN_POINT('',(16.21,129.86999999999,4.9));
#6522 = DIRECTION('',(0.,0.,1.));
#6523 = DIRECTION('',(1.,0.,0.));
#6524 = ORIENTED_EDGE('',*,*,#6525,.T.);
#6525 = EDGE_CURVE('',#6517,#875,#6526,.T.);
#6526 = LINE('',#6527,#6528);
#6527 = CARTESIAN_POINT('',(15.086132658559,129.21660716345,4.9));
#6528 = VECTOR('',#6529,1.);
#6529 = DIRECTION('',(-0.,-0.,-1.));
#6530 = ORIENTED_EDGE('',*,*,#882,.T.);
#6531 = ORIENTED_EDGE('',*,*,#6502,.F.);
#6532 = CYLINDRICAL_SURFACE('',#6533,1.3);
#6533 = AXIS2_PLACEMENT_3D('',#6534,#6535,#6536);
#6534 = CARTESIAN_POINT('',(16.21,129.86999999999,4.9));
#6535 = DIRECTION('',(0.,0.,1.));
#6536 = DIRECTION('',(1.,0.,0.));
#6537 = ADVANCED_FACE('',(#6538),#6567,.F.);
#6538 = FACE_BOUND('',#6539,.F.);
#6539 = EDGE_LOOP('',(#6540,#6548,#6565,#6566));
#6540 = ORIENTED_EDGE('',*,*,#6541,.F.);
#6541 = EDGE_CURVE('',#6542,#6517,#6544,.T.);
#6542 = VERTEX_POINT('',#6543);
#6543 = CARTESIAN_POINT('',(11.617,135.18368344597,4.9));
#6544 = LINE('',#6545,#6546);
#6545 = CARTESIAN_POINT('',(5.91,144.99999999999,4.9));
#6546 = VECTOR('',#6547,1.);
#6547 = DIRECTION('',(0.502609874261,-0.86451333957,0.));
#6548 = ORIENTED_EDGE('',*,*,#6549,.F.);
#6549 = EDGE_CURVE('',#868,#6542,#6550,.T.);
#6550 = B_SPLINE_CURVE_WITH_KNOTS('',4,(#6551,#6552,#6553,#6554,#6555,
    #6556,#6557,#6558,#6559,#6560,#6561,#6562,#6563,#6564),
  .UNSPECIFIED.,.F.,.F.,(5,3,3,3,5),(0.,0.249870005347,0.49882660193,
    0.74847492905,1.),.UNSPECIFIED.);
#6551 = CARTESIAN_POINT('',(8.317,140.85984335981,1.6));
#6552 = CARTESIAN_POINT('',(8.524253795363,140.50335678853,
    1.807253795363));
#6553 = CARTESIAN_POINT('',(8.731334698175,140.14716760081,
    2.014334698175));
#6554 = CARTESIAN_POINT('',(8.938238352105,139.79128328976,
    2.221238352105));
#6555 = CARTESIAN_POINT('',(9.350926399877,139.08143984925,
    2.633926399877));
#6556 = CARTESIAN_POINT('',(9.556712115563,138.72747844616,
    2.839712115563));
#6557 = CARTESIAN_POINT('',(9.76231285275,138.37383521504,3.04531285275)
  );
#6558 = CARTESIAN_POINT('',(10.173705625007,137.66621971118,
    3.456705625007));
#6559 = CARTESIAN_POINT('',(10.379496603847,137.31224925521,
    3.662496603847));
#6560 = CARTESIAN_POINT('',(10.585092024855,136.95861516818,
    3.868092024855));
#6561 = CARTESIAN_POINT('',(10.997425767387,136.24938114985,
    4.280425767387));
#6562 = CARTESIAN_POINT('',(11.204161064317,135.893786421,4.487161064317
    ));
#6563 = CARTESIAN_POINT('',(11.410687604039,135.53855076466,
    4.693687604039));
#6564 = CARTESIAN_POINT('',(11.617,135.18368344597,4.9));
#6565 = ORIENTED_EDGE('',*,*,#874,.F.);
#6566 = ORIENTED_EDGE('',*,*,#6525,.F.);
#6567 = PLANE('',#6568);
#6568 = AXIS2_PLACEMENT_3D('',#6569,#6570,#6571);
#6569 = CARTESIAN_POINT('',(5.91,144.99999999999,4.9));
#6570 = DIRECTION('',(-0.86451333957,-0.502609874261,0.));
#6571 = DIRECTION('',(0.502609874261,-0.86451333957,0.));
#6572 = ADVANCED_FACE('',(#6573),#6595,.T.);
#6573 = FACE_BOUND('',#6574,.T.);
#6574 = EDGE_LOOP('',(#6575,#6576,#6589,#6594));
#6575 = ORIENTED_EDGE('',*,*,#867,.F.);
#6576 = ORIENTED_EDGE('',*,*,#6577,.T.);
#6577 = EDGE_CURVE('',#860,#6578,#6580,.T.);
#6578 = VERTEX_POINT('',#6579);
#6579 = CARTESIAN_POINT('',(11.617,132.41,4.9));
#6580 = B_SPLINE_CURVE_WITH_KNOTS('',4,(#6581,#6582,#6583,#6584,#6585,
    #6586,#6587,#6588),.UNSPECIFIED.,.F.,.F.,(5,3,5),(0.,0.499932709467,
    1.),.UNSPECIFIED.);
#6581 = CARTESIAN_POINT('',(8.227,135.8,1.51));
#6582 = CARTESIAN_POINT('',(8.652046616705,135.37495338329,
    1.935046616705));
#6583 = CARTESIAN_POINT('',(9.07706142886,134.94993857114,2.36006142886)
  );
#6584 = CARTESIAN_POINT('',(9.502042497198,134.5249575028,2.785042497198
    ));
#6585 = CARTESIAN_POINT('',(10.352047043223,133.67495295677,
    3.635047043223));
#6586 = CARTESIAN_POINT('',(10.77707049886,133.24992950114,4.06007049886
    ));
#6587 = CARTESIAN_POINT('',(11.202055690405,132.82494430959,
    4.485055690405));
#6588 = CARTESIAN_POINT('',(11.627,132.4,4.91));
#6589 = ORIENTED_EDGE('',*,*,#6590,.T.);
#6590 = EDGE_CURVE('',#6578,#6542,#6591,.T.);
#6591 = B_SPLINE_CURVE_WITH_KNOTS('',1,(#6592,#6593),.UNSPECIFIED.,.F.,
  .F.,(2,2),(0.,1.),.PIECEWISE_BEZIER_KNOTS.);
#6592 = CARTESIAN_POINT('',(11.617,132.40728087306,4.9));
#6593 = CARTESIAN_POINT('',(11.617,140.61,4.9));
#6594 = ORIENTED_EDGE('',*,*,#6549,.F.);
#6595 = B_SPLINE_SURFACE_WITH_KNOTS('',1,1,(
    (#6596,#6597)
    ,(#6598,#6599
    )),.UNSPECIFIED.,.F.,.F.,.F.,(2,2),(2,2),(0.,138.),(0.,1.),
  .PIECEWISE_BEZIER_KNOTS.);
#6596 = CARTESIAN_POINT('',(8.227,144.,1.51));
#6597 = CARTESIAN_POINT('',(11.627,140.6,4.91));
#6598 = CARTESIAN_POINT('',(8.227,6.,1.51));
#6599 = CARTESIAN_POINT('',(11.627,9.4,4.91));
#6600 = ADVANCED_FACE('',(#6601),#6619,.T.);
#6601 = FACE_BOUND('',#6602,.T.);
#6602 = EDGE_LOOP('',(#6603,#6611,#6612,#6613));
#6603 = ORIENTED_EDGE('',*,*,#6604,.F.);
#6604 = EDGE_CURVE('',#6578,#6605,#6607,.T.);
#6605 = VERTEX_POINT('',#6606);
#6606 = CARTESIAN_POINT('',(8.227,135.8,4.9));
#6607 = LINE('',#6608,#6609);
#6608 = CARTESIAN_POINT('',(33.134837184451,110.89216281554,4.9));
#6609 = VECTOR('',#6610,1.);
#6610 = DIRECTION('',(-0.707106781187,0.707106781187,0.));
#6611 = ORIENTED_EDGE('',*,*,#6577,.F.);
#6612 = ORIENTED_EDGE('',*,*,#859,.F.);
#6613 = ORIENTED_EDGE('',*,*,#6614,.F.);
#6614 = EDGE_CURVE('',#6605,#852,#6615,.T.);
#6615 = LINE('',#6616,#6617);
#6616 = CARTESIAN_POINT('',(8.227,135.8,4.91));
#6617 = VECTOR('',#6618,1.);
#6618 = DIRECTION('',(-0.,-0.,-1.));
#6619 = PLANE('',#6620);
#6620 = AXIS2_PLACEMENT_3D('',#6621,#6622,#6623);
#6621 = CARTESIAN_POINT('',(11.627,132.4,4.91));
#6622 = DIRECTION('',(0.707106781187,0.707106781187,0.));
#6623 = DIRECTION('',(-0.707106781187,0.707106781187,0.));
#6624 = ADVANCED_FACE('',(#6625),#6643,.T.);
#6625 = FACE_BOUND('',#6626,.T.);
#6626 = EDGE_LOOP('',(#6627,#6635,#6636,#6637));
#6627 = ORIENTED_EDGE('',*,*,#6628,.F.);
#6628 = EDGE_CURVE('',#6605,#6629,#6631,.T.);
#6629 = VERTEX_POINT('',#6630);
#6630 = CARTESIAN_POINT('',(8.227,126.6,4.9));
#6631 = LINE('',#6632,#6633);
#6632 = CARTESIAN_POINT('',(8.227,112.76114792566,4.9));
#6633 = VECTOR('',#6634,1.);
#6634 = DIRECTION('',(0.,-1.,0.));
#6635 = ORIENTED_EDGE('',*,*,#6614,.T.);
#6636 = ORIENTED_EDGE('',*,*,#851,.F.);
#6637 = ORIENTED_EDGE('',*,*,#6638,.F.);
#6638 = EDGE_CURVE('',#6629,#844,#6639,.T.);
#6639 = LINE('',#6640,#6641);
#6640 = CARTESIAN_POINT('',(8.227,126.6,4.91));
#6641 = VECTOR('',#6642,1.);
#6642 = DIRECTION('',(-0.,-0.,-1.));
#6643 = PLANE('',#6644);
#6644 = AXIS2_PLACEMENT_3D('',#6645,#6646,#6647);
#6645 = CARTESIAN_POINT('',(8.227,135.8,4.91));
#6646 = DIRECTION('',(-1.,0.,0.));
#6647 = DIRECTION('',(0.,-1.,0.));
#6648 = ADVANCED_FACE('',(#6649),#6678,.T.);
#6649 = FACE_BOUND('',#6650,.T.);
#6650 = EDGE_LOOP('',(#6651,#6659,#6660,#6661));
#6651 = ORIENTED_EDGE('',*,*,#6652,.F.);
#6652 = EDGE_CURVE('',#6629,#6653,#6655,.T.);
#6653 = VERTEX_POINT('',#6654);
#6654 = CARTESIAN_POINT('',(11.617,129.99,4.9));
#6655 = LINE('',#6656,#6657);
#6656 = CARTESIAN_POINT('',(10.695985110113,129.06898511011,4.9));
#6657 = VECTOR('',#6658,1.);
#6658 = DIRECTION('',(0.707106781187,0.707106781187,-0.));
#6659 = ORIENTED_EDGE('',*,*,#6638,.T.);
#6660 = ORIENTED_EDGE('',*,*,#843,.F.);
#6661 = ORIENTED_EDGE('',*,*,#6662,.T.);
#6662 = EDGE_CURVE('',#837,#6653,#6663,.T.);
#6663 = B_SPLINE_CURVE_WITH_KNOTS('',4,(#6664,#6665,#6666,#6667,#6668,
    #6669,#6670,#6671,#6672,#6673,#6674,#6675,#6676,#6677),
  .UNSPECIFIED.,.F.,.F.,(5,3,3,3,5),(0.,0.245118872905,0.49337505667,
    0.744928744051,1.),.UNSPECIFIED.);
#6664 = CARTESIAN_POINT('',(8.227,126.6,1.51));
#6665 = CARTESIAN_POINT('',(8.44081347542,126.81381347542,1.72381347542)
  );
#6666 = CARTESIAN_POINT('',(8.653748093272,127.02674809327,
    1.936748093272));
#6667 = CARTESIAN_POINT('',(8.865798292482,127.23879829248,
    2.148798292482));
#6668 = CARTESIAN_POINT('',(9.290822366468,127.66382236646,
    2.573822366468));
#6669 = CARTESIAN_POINT('',(9.503773326869,127.87677332686,
    2.786773326869));
#6670 = CARTESIAN_POINT('',(9.715806594244,128.08880659424,
    2.998806594244));
#6671 = CARTESIAN_POINT('',(10.140832348963,128.51383234896,
    3.423832348963));
#6672 = CARTESIAN_POINT('',(10.353800169406,128.7268001694,
    3.636800169406));
#6673 = CARTESIAN_POINT('',(10.56581592999,128.93881592999,3.84881592999
    ));
#6674 = CARTESIAN_POINT('',(10.990885902183,129.36388590218,
    4.273885902183));
#6675 = CARTESIAN_POINT('',(11.203913179288,129.57691317928,
    4.486913179288));
#6676 = CARTESIAN_POINT('',(11.415952526056,129.78895252605,
    4.698952526056));
#6677 = CARTESIAN_POINT('',(11.627,130.,4.91));
#6678 = PLANE('',#6679);
#6679 = AXIS2_PLACEMENT_3D('',#6680,#6681,#6682);
#6680 = CARTESIAN_POINT('',(8.227,126.6,4.91));
#6681 = DIRECTION('',(0.707106781187,-0.707106781187,0.));
#6682 = DIRECTION('',(0.707106781187,0.707106781187,0.));
#6683 = ADVANCED_FACE('',(#6684),#6760,.T.);
#6684 = FACE_BOUND('',#6685,.T.);
#6685 = EDGE_LOOP('',(#6686,#6687,#6688,#6698,#6705,#6718,#6725,#6735,
    #6742,#6755));
#6686 = ORIENTED_EDGE('',*,*,#6662,.F.);
#6687 = ORIENTED_EDGE('',*,*,#836,.F.);
#6688 = ORIENTED_EDGE('',*,*,#6689,.T.);
#6689 = EDGE_CURVE('',#829,#6690,#6692,.T.);
#6690 = VERTEX_POINT('',#6691);
#6691 = CARTESIAN_POINT('',(11.15931,109.27002094739,4.44231));
#6692 = B_SPLINE_CURVE_WITH_KNOTS('',4,(#6693,#6694,#6695,#6696,#6697),
  .UNSPECIFIED.,.F.,.F.,(5,5),(0.,1.),.PIECEWISE_BEZIER_KNOTS.);
#6693 = CARTESIAN_POINT('',(8.227,110.96299091524,1.51));
#6694 = CARTESIAN_POINT('',(9.077059324826,110.47220893522,
    2.360059324826));
#6695 = CARTESIAN_POINT('',(9.927082301543,109.9814479408,3.210082301543
    ));
#6696 = CARTESIAN_POINT('',(10.777064520757,109.49071047773,
    4.060064520757));
#6697 = CARTESIAN_POINT('',(11.627,109.,4.91));
#6698 = ORIENTED_EDGE('',*,*,#6699,.T.);
#6699 = EDGE_CURVE('',#6690,#6700,#6702,.T.);
#6700 = VERTEX_POINT('',#6701);
#6701 = CARTESIAN_POINT('',(11.15931,109.59687298107,4.44231));
#6702 = B_SPLINE_CURVE_WITH_KNOTS('',1,(#6703,#6704),.UNSPECIFIED.,.F.,
  .F.,(2,2),(0.,1.),.PIECEWISE_BEZIER_KNOTS.);
#6703 = CARTESIAN_POINT('',(11.15931,109.24203004468,4.44231));
#6704 = CARTESIAN_POINT('',(11.15931,109.59687298107,4.44231));
#6705 = ORIENTED_EDGE('',*,*,#6706,.F.);
#6706 = EDGE_CURVE('',#6707,#6700,#6709,.T.);
#6707 = VERTEX_POINT('',#6708);
#6708 = CARTESIAN_POINT('',(9.117,113.13425766588,2.4));
#6709 = B_SPLINE_CURVE_WITH_KNOTS('',4,(#6710,#6711,#6712,#6713,#6714,
    #6715,#6716,#6717),.UNSPECIFIED.,.F.,.F.,(5,3,5),(0.,0.498050129259,
    1.),.UNSPECIFIED.);
#6710 = CARTESIAN_POINT('',(9.117,113.13425766588,2.4));
#6711 = CARTESIAN_POINT('',(9.373026852177,112.69080614981,
    2.656026852177));
#6712 = CARTESIAN_POINT('',(9.628496670751,112.24831944424,
    2.911496670751));
#6713 = CARTESIAN_POINT('',(9.883395752665,111.80682128356,
    3.166395752665));
#6714 = CARTESIAN_POINT('',(10.394015576885,110.92240180466,
    3.677015576885));
#6715 = CARTESIAN_POINT('',(10.649727135439,110.47949639316,
    3.932727135439));
#6716 = CARTESIAN_POINT('',(10.904830205052,110.03764491542,
    4.187830205052));
#6717 = CARTESIAN_POINT('',(11.15931,109.59687298107,4.44231));
#6718 = ORIENTED_EDGE('',*,*,#6719,.T.);
#6719 = EDGE_CURVE('',#6707,#6720,#6722,.T.);
#6720 = VERTEX_POINT('',#6721);
#6721 = CARTESIAN_POINT('',(9.117,113.927,2.4));
#6722 = B_SPLINE_CURVE_WITH_KNOTS('',1,(#6723,#6724),.UNSPECIFIED.,.F.,
  .F.,(2,2),(0.,1.),.PIECEWISE_BEZIER_KNOTS.);
#6723 = CARTESIAN_POINT('',(9.117,110.29881704647,2.4));
#6724 = CARTESIAN_POINT('',(9.117,113.927,2.4));
#6725 = ORIENTED_EDGE('',*,*,#6726,.F.);
#6726 = EDGE_CURVE('',#6727,#6720,#6729,.T.);
#6727 = VERTEX_POINT('',#6728);
#6728 = CARTESIAN_POINT('',(8.65931,113.927,1.94231));
#6729 = B_SPLINE_CURVE_WITH_KNOTS('',4,(#6730,#6731,#6732,#6733,#6734),
  .UNSPECIFIED.,.F.,.F.,(5,5),(0.,1.),.PIECEWISE_BEZIER_KNOTS.);
#6730 = CARTESIAN_POINT('',(8.65931,113.927,1.94231));
#6731 = CARTESIAN_POINT('',(8.773836909036,113.927,2.056836909036));
#6732 = CARTESIAN_POINT('',(8.888294829983,113.927,2.171294829983));
#6733 = CARTESIAN_POINT('',(9.00268282279,113.927,2.28568282279));
#6734 = CARTESIAN_POINT('',(9.117,113.927,2.4));
#6735 = ORIENTED_EDGE('',*,*,#6736,.T.);
#6736 = EDGE_CURVE('',#6727,#6737,#6739,.T.);
#6737 = VERTEX_POINT('',#6738);
#6738 = CARTESIAN_POINT('',(8.65931,122.927,1.94231));
#6739 = B_SPLINE_CURVE_WITH_KNOTS('',1,(#6740,#6741),.UNSPECIFIED.,.F.,
  .F.,(2,2),(0.,1.),.PIECEWISE_BEZIER_KNOTS.);
#6740 = CARTESIAN_POINT('',(8.65931,113.927,1.94231));
#6741 = CARTESIAN_POINT('',(8.65931,122.927,1.94231));
#6742 = ORIENTED_EDGE('',*,*,#6743,.T.);
#6743 = EDGE_CURVE('',#6737,#6744,#6746,.T.);
#6744 = VERTEX_POINT('',#6745);
#6745 = CARTESIAN_POINT('',(11.617,122.927,4.9));
#6746 = B_SPLINE_CURVE_WITH_KNOTS('',4,(#6747,#6748,#6749,#6750,#6751,
    #6752,#6753,#6754),.UNSPECIFIED.,.F.,.F.,(5,3,5),(0.,0.498734411651,
    1.),.UNSPECIFIED.);
#6747 = CARTESIAN_POINT('',(8.65931,122.927,1.94231));
#6748 = CARTESIAN_POINT('',(9.031349056847,122.927,2.314349056847));
#6749 = CARTESIAN_POINT('',(9.402356366715,122.927,2.685356366715));
#6750 = CARTESIAN_POINT('',(9.772293087659,122.927,3.055293087659));
#6751 = CARTESIAN_POINT('',(10.511815206584,122.927,3.794815206584));
#6752 = CARTESIAN_POINT('',(10.881389297332,122.927,4.164389297332));
#6753 = CARTESIAN_POINT('',(11.249798815077,122.927,4.532798815077));
#6754 = CARTESIAN_POINT('',(11.617,122.927,4.9));
#6755 = ORIENTED_EDGE('',*,*,#6756,.T.);
#6756 = EDGE_CURVE('',#6744,#6653,#6757,.T.);
#6757 = B_SPLINE_CURVE_WITH_KNOTS('',1,(#6758,#6759),.UNSPECIFIED.,.F.,
  .F.,(2,2),(0.,1.),.PIECEWISE_BEZIER_KNOTS.);
#6758 = CARTESIAN_POINT('',(11.617,109.00371379989,4.9));
#6759 = CARTESIAN_POINT('',(11.617,130.00985327327,4.9));
#6760 = B_SPLINE_SURFACE_WITH_KNOTS('',1,1,(
    (#6761,#6762)
    ,(#6763,#6764
    )),.UNSPECIFIED.,.F.,.F.,.F.,(2,2),(2,2),(0.,138.),(0.,1.),
  .PIECEWISE_BEZIER_KNOTS.);
#6761 = CARTESIAN_POINT('',(8.227,144.,1.51));
#6762 = CARTESIAN_POINT('',(11.627,140.6,4.91));
#6763 = CARTESIAN_POINT('',(8.227,6.,1.51));
#6764 = CARTESIAN_POINT('',(11.627,9.4,4.91));
#6765 = ADVANCED_FACE('',(#6766),#6792,.F.);
#6766 = FACE_BOUND('',#6767,.F.);
#6767 = EDGE_LOOP('',(#6768,#6778,#6784,#6785,#6786));
#6768 = ORIENTED_EDGE('',*,*,#6769,.F.);
#6769 = EDGE_CURVE('',#6770,#6772,#6774,.T.);
#6770 = VERTEX_POINT('',#6771);
#6771 = CARTESIAN_POINT('',(8.227,110.96299091524,4.9));
#6772 = VERTEX_POINT('',#6773);
#6773 = CARTESIAN_POINT('',(11.15931,109.27002094739,4.9));
#6774 = LINE('',#6775,#6776);
#6775 = CARTESIAN_POINT('',(30.358362100771,98.185443048832,4.9));
#6776 = VECTOR('',#6777,1.);
#6777 = DIRECTION('',(0.866025403784,-0.5,0.));
#6778 = ORIENTED_EDGE('',*,*,#6779,.T.);
#6779 = EDGE_CURVE('',#6770,#821,#6780,.T.);
#6780 = LINE('',#6781,#6782);
#6781 = CARTESIAN_POINT('',(8.227,110.96299091524,4.91));
#6782 = VECTOR('',#6783,1.);
#6783 = DIRECTION('',(-0.,-0.,-1.));
#6784 = ORIENTED_EDGE('',*,*,#828,.F.);
#6785 = ORIENTED_EDGE('',*,*,#6689,.T.);
#6786 = ORIENTED_EDGE('',*,*,#6787,.T.);
#6787 = EDGE_CURVE('',#6690,#6772,#6788,.T.);
#6788 = LINE('',#6789,#6790);
#6789 = CARTESIAN_POINT('',(11.15931,109.27002094739,4.905));
#6790 = VECTOR('',#6791,1.);
#6791 = DIRECTION('',(0.,0.,1.));
#6792 = PLANE('',#6793);
#6793 = AXIS2_PLACEMENT_3D('',#6794,#6795,#6796);
#6794 = CARTESIAN_POINT('',(8.227,110.96299091524,4.91));
#6795 = DIRECTION('',(-0.5,-0.866025403784,0.));
#6796 = DIRECTION('',(0.866025403784,-0.5,0.));
#6797 = ADVANCED_FACE('',(#6798),#6816,.F.);
#6798 = FACE_BOUND('',#6799,.F.);
#6799 = EDGE_LOOP('',(#6800,#6808,#6814,#6815));
#6800 = ORIENTED_EDGE('',*,*,#6801,.F.);
#6801 = EDGE_CURVE('',#6802,#6770,#6804,.T.);
#6802 = VERTEX_POINT('',#6803);
#6803 = CARTESIAN_POINT('',(8.227,106.03700908478,4.9));
#6804 = LINE('',#6805,#6806);
#6805 = CARTESIAN_POINT('',(8.227,97.879652468052,4.9));
#6806 = VECTOR('',#6807,1.);
#6807 = DIRECTION('',(0.,1.,0.));
#6808 = ORIENTED_EDGE('',*,*,#6809,.T.);
#6809 = EDGE_CURVE('',#6802,#813,#6810,.T.);
#6810 = LINE('',#6811,#6812);
#6811 = CARTESIAN_POINT('',(8.227,106.03700908478,4.91));
#6812 = VECTOR('',#6813,1.);
#6813 = DIRECTION('',(-0.,-0.,-1.));
#6814 = ORIENTED_EDGE('',*,*,#820,.F.);
#6815 = ORIENTED_EDGE('',*,*,#6779,.F.);
#6816 = PLANE('',#6817);
#6817 = AXIS2_PLACEMENT_3D('',#6818,#6819,#6820);
#6818 = CARTESIAN_POINT('',(8.227,106.03700908478,4.91));
#6819 = DIRECTION('',(1.,0.,0.));
#6820 = DIRECTION('',(0.,1.,0.));
#6821 = ADVANCED_FACE('',(#6822),#6859,.F.);
#6822 = FACE_BOUND('',#6823,.F.);
#6823 = EDGE_LOOP('',(#6824,#6834,#6851,#6852,#6853));
#6824 = ORIENTED_EDGE('',*,*,#6825,.T.);
#6825 = EDGE_CURVE('',#6826,#6828,#6830,.T.);
#6826 = VERTEX_POINT('',#6827);
#6827 = CARTESIAN_POINT('',(11.15931,107.7299790526,4.9));
#6828 = VERTEX_POINT('',#6829);
#6829 = CARTESIAN_POINT('',(11.15931,107.7299790526,4.44231));
#6830 = LINE('',#6831,#6832);
#6831 = CARTESIAN_POINT('',(11.15931,107.7299790526,4.905));
#6832 = VECTOR('',#6833,1.);
#6833 = DIRECTION('',(0.,0.,-1.));
#6834 = ORIENTED_EDGE('',*,*,#6835,.F.);
#6835 = EDGE_CURVE('',#806,#6828,#6836,.T.);
#6836 = B_SPLINE_CURVE_WITH_KNOTS('',4,(#6837,#6838,#6839,#6840,#6841,
    #6842,#6843,#6844,#6845,#6846,#6847,#6848,#6849,#6850),
  .UNSPECIFIED.,.F.,.F.,(5,3,3,3,5),(0.,0.246961828228,0.495867067097,
    0.746825050697,1.),.UNSPECIFIED.);
#6837 = CARTESIAN_POINT('',(8.227,106.03700908478,1.51));
#6838 = CARTESIAN_POINT('',(8.440299542611,106.16015763312,
    1.723299542611));
#6839 = CARTESIAN_POINT('',(8.653065216333,106.28299795212,
    1.936065216333));
#6840 = CARTESIAN_POINT('',(8.86528853236,106.40552514075,2.14828853236)
  );
#6841 = CARTESIAN_POINT('',(9.290299136189,106.65090512728,
    2.573299136189));
#6842 = CARTESIAN_POINT('',(9.503077721062,106.77375290053,
    2.786077721062));
#6843 = CARTESIAN_POINT('',(9.715288020909,106.89627257427,
    2.998288020909));
#6844 = CARTESIAN_POINT('',(10.140299993053,107.14165335079,
    3.423299993053));
#6845 = CARTESIAN_POINT('',(10.353092110252,107.26450893694,
    3.636092110252));
#6846 = CARTESIAN_POINT('',(10.565288752681,107.38702072556,
    3.848288752681));
#6847 = CARTESIAN_POINT('',(10.990342516196,107.63242563034,
    4.273342516196));
#6848 = CARTESIAN_POINT('',(11.203188913502,107.75531255512,
    4.486188913502));
#6849 = CARTESIAN_POINT('',(11.415411093869,107.87783908808,
    4.698411093869));
#6850 = CARTESIAN_POINT('',(11.627,108.,4.91));
#6851 = ORIENTED_EDGE('',*,*,#812,.F.);
#6852 = ORIENTED_EDGE('',*,*,#6809,.F.);
#6853 = ORIENTED_EDGE('',*,*,#6854,.F.);
#6854 = EDGE_CURVE('',#6826,#6802,#6855,.T.);
#6855 = LINE('',#6856,#6857);
#6856 = CARTESIAN_POINT('',(23.927377692153,115.1016263716,4.9));
#6857 = VECTOR('',#6858,1.);
#6858 = DIRECTION('',(-0.866025403787,-0.499999999995,0.));
#6859 = PLANE('',#6860);
#6860 = AXIS2_PLACEMENT_3D('',#6861,#6862,#6863);
#6861 = CARTESIAN_POINT('',(11.627,108.,4.91));
#6862 = DIRECTION('',(-0.499999999995,0.866025403787,0.));
#6863 = DIRECTION('',(-0.866025403787,-0.499999999995,0.));
#6864 = ADVANCED_FACE('',(#6865),#6945,.T.);
#6865 = FACE_BOUND('',#6866,.T.);
#6866 = EDGE_LOOP('',(#6867,#6868,#6869,#6879,#6940));
#6867 = ORIENTED_EDGE('',*,*,#6835,.F.);
#6868 = ORIENTED_EDGE('',*,*,#805,.F.);
#6869 = ORIENTED_EDGE('',*,*,#6870,.T.);
#6870 = EDGE_CURVE('',#798,#6871,#6873,.T.);
#6871 = VERTEX_POINT('',#6872);
#6872 = CARTESIAN_POINT('',(9.35931,104.45,2.64231));
#6873 = B_SPLINE_CURVE_WITH_KNOTS('',4,(#6874,#6875,#6876,#6877,#6878),
  .UNSPECIFIED.,.F.,.F.,(5,5),(0.,1.),.PIECEWISE_BEZIER_KNOTS.);
#6874 = CARTESIAN_POINT('',(8.517,104.45,1.8));
#6875 = CARTESIAN_POINT('',(8.727792252375,104.45,2.010792252375));
#6876 = CARTESIAN_POINT('',(8.938443879554,104.45,2.221443879554));
#6877 = CARTESIAN_POINT('',(9.148951113277,104.45,2.431951113277));
#6878 = CARTESIAN_POINT('',(9.35931,104.45,2.64231));
#6879 = ORIENTED_EDGE('',*,*,#6880,.F.);
#6880 = EDGE_CURVE('',#6881,#6871,#6883,.T.);
#6881 = VERTEX_POINT('',#6882);
#6882 = CARTESIAN_POINT('',(11.15931,106.25,4.44231));
#6883 = B_SPLINE_CURVE_WITH_KNOTS('',7,(#6884,#6885,#6886,#6887,#6888,
    #6889,#6890,#6891,#6892,#6893,#6894,#6895,#6896,#6897,#6898,#6899,
    #6900,#6901,#6902,#6903,#6904,#6905,#6906,#6907,#6908,#6909,#6910,
    #6911,#6912,#6913,#6914,#6915,#6916,#6917,#6918,#6919,#6920,#6921,
    #6922,#6923,#6924,#6925,#6926,#6927,#6928,#6929,#6930,#6931,#6932,
    #6933,#6934,#6935,#6936,#6937,#6938,#6939),.UNSPECIFIED.,.F.,.F.,(8,
    6,6,6,6,6,6,6,6,8),(0.,5.188748247025E-02,0.203507848379,
    0.354254577731,0.780600078923,0.891580907029,0.945426913736,
    0.972052329526,0.984690806434,1.),.UNSPECIFIED.);
#6884 = CARTESIAN_POINT('',(11.15931,106.25,4.44231));
#6885 = CARTESIAN_POINT('',(11.159310000235,106.23056720385,
    4.442310000235));
#6886 = CARTESIAN_POINT('',(11.159058825052,106.21290757159,
    4.442058825052));
#6887 = CARTESIAN_POINT('',(11.15865919904,106.19138708629,4.44165919904
    ));
#6888 = CARTESIAN_POINT('',(11.157772311355,106.16389121217,
    4.440772311355));
#6889 = CARTESIAN_POINT('',(11.155946373163,106.13181625817,
    4.438946373163));
#6890 = CARTESIAN_POINT('',(11.153202973506,106.09991692203,
    4.436202973506));
#6891 = CARTESIAN_POINT('',(11.144096879511,106.00615166285,
    4.427096879511));
#6892 = CARTESIAN_POINT('',(11.134210569997,105.93738653921,
    4.417210569997));
#6893 = CARTESIAN_POINT('',(11.121369849774,105.86989089834,
    4.404369849774));
#6894 = CARTESIAN_POINT('',(11.105731187142,105.80380631969,
    4.388731187142));
#6895 = CARTESIAN_POINT('',(11.087453048337,105.73924349561,
    4.370453048337));
#6896 = CARTESIAN_POINT('',(11.066688971873,105.67628601917,
    4.349688971873));
#6897 = CARTESIAN_POINT('',(11.020605464098,105.55405548859,
    4.303605464098));
#6898 = CARTESIAN_POINT('',(10.995314605846,105.49476720185,
    4.278314605846));
#6899 = CARTESIAN_POINT('',(10.967847841935,105.43718694513,
    4.250847841935));
#6900 = CARTESIAN_POINT('',(10.938337943817,105.38135945051,
    4.221337943817));
#6901 = CARTESIAN_POINT('',(10.906909222466,105.32731807325,
    4.189909222466));
#6902 = CARTESIAN_POINT('',(10.873676070255,105.27508631605,
    4.156676070255));
#6903 = CARTESIAN_POINT('',(10.739938724699,105.0821171773,
    4.022938724699));
#6904 = CARTESIAN_POINT('',(10.627641379962,104.95431581201,
    3.910641379962));
#6905 = CARTESIAN_POINT('',(10.504076676048,104.8413411661,
    3.787076676048));
#6906 = CARTESIAN_POINT('',(10.371032123831,104.7434642111,
    3.654032123831));
#6907 = CARTESIAN_POINT('',(10.230093208524,104.66088478357,
    3.513093208524));
#6908 = CARTESIAN_POINT('',(10.082577071572,104.59381844934,
    3.365577071572));
#6909 = CARTESIAN_POINT('',(9.889628492302,104.52938161799,
    3.172628492302));
#6910 = CARTESIAN_POINT('',(9.849406657941,104.51715549433,
    3.132406657941));
#6911 = CARTESIAN_POINT('',(9.808836433602,104.50602013942,
    3.091836433602));
#6912 = CARTESIAN_POINT('',(9.767939202946,104.49598437232,
    3.050939202946));
#6913 = CARTESIAN_POINT('',(9.726736408457,104.48705789549,
    3.009736408457));
#6914 = CARTESIAN_POINT('',(9.685249551439,104.47925129483,
    2.968249551439));
#6915 = CARTESIAN_POINT('',(9.623244114225,104.4693373196,2.906244114225
    ));
#6916 = CARTESIAN_POINT('',(9.602926279357,104.46636492892,
    2.885926279357));
#6917 = CARTESIAN_POINT('',(9.582549170656,104.46366018257,
    2.865549170656));
#6918 = CARTESIAN_POINT('',(9.562115299418,104.46122444952,
    2.845115299418));
#6919 = CARTESIAN_POINT('',(9.541627204989,104.45905915278,
    2.824627204989));
#6920 = CARTESIAN_POINT('',(9.521087454767,104.45716576938,
    2.804087454767));
#6921 = CARTESIAN_POINT('',(9.490318025889,104.45474481374,
    2.773318025889));
#6922 = CARTESIAN_POINT('',(9.480125413326,104.45401065544,
    2.763125413326));
#6923 = CARTESIAN_POINT('',(9.469921120991,104.4533435407,2.752921120991
    ));
#6924 = CARTESIAN_POINT('',(9.459705465868,104.45274365804,
    2.742705465868));
#6925 = CARTESIAN_POINT('',(9.449478767448,104.4522111993,2.732478767448
    ));
#6926 = CARTESIAN_POINT('',(9.439241347727,104.45174635965,
    2.722241347727));
#6927 = CARTESIAN_POINT('',(9.42412912671,104.45116088024,2.70712912671)
  );
#6928 = CARTESIAN_POINT('',(9.419264703992,104.45098779352,
    2.702264703992));
#6929 = CARTESIAN_POINT('',(9.414400262901,104.45083007083,
    2.697400262901));
#6930 = CARTESIAN_POINT('',(9.40953580329,104.45068770645,2.69253580329)
  );
#6931 = CARTESIAN_POINT('',(9.404671325019,104.45056069548,
    2.687671325019));
#6932 = CARTESIAN_POINT('',(9.399806827955,104.45044903386,
    2.682806827955));
#6933 = CARTESIAN_POINT('',(9.389049844287,104.45023604979,
    2.672049844287));
#6934 = CARTESIAN_POINT('',(9.384428263545,104.45016648222,
    2.667428263545));
#6935 = CARTESIAN_POINT('',(9.379556462861,104.4501007091,2.662556462861
    ));
#6936 = CARTESIAN_POINT('',(9.373789311766,104.45003328362,
    2.656789311766));
#6937 = CARTESIAN_POINT('',(9.367433341529,104.4500033638,2.650433341529
    ));
#6938 = CARTESIAN_POINT('',(9.361805503817,104.45,2.644805503817));
#6939 = CARTESIAN_POINT('',(9.35931,104.45,2.64231));
#6940 = ORIENTED_EDGE('',*,*,#6941,.T.);
#6941 = EDGE_CURVE('',#6881,#6828,#6942,.T.);
#6942 = B_SPLINE_CURVE_WITH_KNOTS('',1,(#6943,#6944),.UNSPECIFIED.,.F.,
  .F.,(2,2),(0.,1.),.PIECEWISE_BEZIER_KNOTS.);
#6943 = CARTESIAN_POINT('',(11.15931,106.25,4.44231));
#6944 = CARTESIAN_POINT('',(11.15931,108.23564114434,4.44231));
#6945 = B_SPLINE_SURFACE_WITH_KNOTS('',1,1,(
    (#6946,#6947)
    ,(#6948,#6949
    )),.UNSPECIFIED.,.F.,.F.,.F.,(2,2),(2,2),(0.,138.),(0.,1.),
  .PIECEWISE_BEZIER_KNOTS.);
#6946 = CARTESIAN_POINT('',(8.227,144.,1.51));
#6947 = CARTESIAN_POINT('',(11.627,140.6,4.91));
#6948 = CARTESIAN_POINT('',(8.227,6.,1.51));
#6949 = CARTESIAN_POINT('',(11.627,9.4,4.91));
#6950 = ADVANCED_FACE('',(#6951),#6977,.T.);
#6951 = FACE_BOUND('',#6952,.T.);
#6952 = EDGE_LOOP('',(#6953,#6954,#6955,#6963,#6971));
#6953 = ORIENTED_EDGE('',*,*,#6870,.F.);
#6954 = ORIENTED_EDGE('',*,*,#797,.T.);
#6955 = ORIENTED_EDGE('',*,*,#6956,.T.);
#6956 = EDGE_CURVE('',#790,#6957,#6959,.T.);
#6957 = VERTEX_POINT('',#6958);
#6958 = CARTESIAN_POINT('',(9.21,104.45,2.4));
#6959 = LINE('',#6960,#6961);
#6960 = CARTESIAN_POINT('',(9.21,104.45,1.8));
#6961 = VECTOR('',#6962,1.);
#6962 = DIRECTION('',(0.,0.,1.));
#6963 = ORIENTED_EDGE('',*,*,#6964,.T.);
#6964 = EDGE_CURVE('',#6957,#6965,#6967,.T.);
#6965 = VERTEX_POINT('',#6966);
#6966 = CARTESIAN_POINT('',(9.35931,104.45,2.4));
#6967 = LINE('',#6968,#6969);
#6968 = CARTESIAN_POINT('',(9.21,104.45,2.4));
#6969 = VECTOR('',#6970,1.);
#6970 = DIRECTION('',(1.,0.,0.));
#6971 = ORIENTED_EDGE('',*,*,#6972,.F.);
#6972 = EDGE_CURVE('',#6871,#6965,#6973,.T.);
#6973 = LINE('',#6974,#6975);
#6974 = CARTESIAN_POINT('',(9.35931,104.45,4.9));
#6975 = VECTOR('',#6976,1.);
#6976 = DIRECTION('',(-0.,-0.,-1.));
#6977 = PLANE('',#6978);
#6978 = AXIS2_PLACEMENT_3D('',#6979,#6980,#6981);
#6979 = CARTESIAN_POINT('',(1.209497728953,104.45,5.821851629743));
#6980 = DIRECTION('',(-8.E-16,-1.,1.E-15));
#6981 = DIRECTION('',(0.,-1.E-15,-1.));
#6982 = ADVANCED_FACE('',(#6983),#7009,.T.);
#6983 = FACE_BOUND('',#6984,.T.);
#6984 = EDGE_LOOP('',(#6985,#6986,#6994,#7002,#7008));
#6985 = ORIENTED_EDGE('',*,*,#789,.F.);
#6986 = ORIENTED_EDGE('',*,*,#6987,.T.);
#6987 = EDGE_CURVE('',#782,#6988,#6990,.T.);
#6988 = VERTEX_POINT('',#6989);
#6989 = CARTESIAN_POINT('',(9.21,95.1499999998,2.315419057523));
#6990 = LINE('',#6991,#6992);
#6991 = CARTESIAN_POINT('',(9.21,95.149999999842,2.3808155536));
#6992 = VECTOR('',#6993,1.);
#6993 = DIRECTION('',(0.,2.212963E-11,1.));
#6994 = ORIENTED_EDGE('',*,*,#6995,.F.);
#6995 = EDGE_CURVE('',#6996,#6988,#6998,.T.);
#6996 = VERTEX_POINT('',#6997);
#6997 = CARTESIAN_POINT('',(9.21,95.149999999815,2.4));
#6998 = LINE('',#6999,#7000);
#6999 = CARTESIAN_POINT('',(9.21,95.149999999815,2.3));
#7000 = VECTOR('',#7001,1.);
#7001 = DIRECTION('',(0.,0.,-1.));
#7002 = ORIENTED_EDGE('',*,*,#7003,.T.);
#7003 = EDGE_CURVE('',#6996,#6957,#7004,.T.);
#7004 = LINE('',#7005,#7006);
#7005 = CARTESIAN_POINT('',(9.21,45.55,2.4));
#7006 = VECTOR('',#7007,1.);
#7007 = DIRECTION('',(0.,1.,0.));
#7008 = ORIENTED_EDGE('',*,*,#6956,.F.);
#7009 = PLANE('',#7010);
#7010 = AXIS2_PLACEMENT_3D('',#7011,#7012,#7013);
#7011 = CARTESIAN_POINT('',(9.21,45.55,1.8));
#7012 = DIRECTION('',(-1.,0.,0.));
#7013 = DIRECTION('',(0.,1.,0.));
#7014 = ADVANCED_FACE('',(#7015),#7060,.T.);
#7015 = FACE_BOUND('',#7016,.T.);
#7016 = EDGE_LOOP('',(#7017,#7034,#7035,#7043,#7051,#7057,#7058,#7059));
#7017 = ORIENTED_EDGE('',*,*,#7018,.T.);
#7018 = EDGE_CURVE('',#775,#3647,#7019,.T.);
#7019 = B_SPLINE_CURVE_WITH_KNOTS('',4,(#7020,#7021,#7022,#7023,#7024,
    #7025,#7026,#7027,#7028,#7029,#7030,#7031,#7032,#7033),
  .UNSPECIFIED.,.F.,.F.,(5,3,3,3,5),(0.,0.251836029529,0.500958850322,
    0.750332309636,1.),.UNSPECIFIED.);
#7020 = CARTESIAN_POINT('',(8.517,95.149999999874,1.8));
#7021 = CARTESIAN_POINT('',(8.713184310187,95.149999999872,
    1.996184310187));
#7022 = CARTESIAN_POINT('',(8.909309010321,95.149999999871,
    2.192309010321));
#7023 = CARTESIAN_POINT('',(9.10537250043,95.149999999869,2.38837250043)
  );
#7024 = CARTESIAN_POINT('',(9.495262032105,95.149999999866,
    2.778262032105));
#7025 = CARTESIAN_POINT('',(9.689089419972,95.149999999865,
    2.972089419972));
#7026 = CARTESIAN_POINT('',(9.882853617816,95.149999999863,
    3.165853617816));
#7027 = CARTESIAN_POINT('',(10.270447027858,95.14999999986,
    3.553447027858));
#7028 = CARTESIAN_POINT('',(10.464276109011,95.149999999858,
    3.747276109011));
#7029 = CARTESIAN_POINT('',(10.658038380521,95.149999999857,
    3.941038380521));
#7030 = CARTESIAN_POINT('',(11.045654125739,95.149999999854,
    4.328654125739));
#7031 = CARTESIAN_POINT('',(11.239507436964,95.149999999852,
    4.522507436964));
#7032 = CARTESIAN_POINT('',(11.433290055578,95.149999999851,
    4.716290055578));
#7033 = CARTESIAN_POINT('',(11.627,95.149999999849,4.91));
#7034 = ORIENTED_EDGE('',*,*,#3646,.T.);
#7035 = ORIENTED_EDGE('',*,*,#7036,.T.);
#7036 = EDGE_CURVE('',#3649,#7037,#7039,.T.);
#7037 = VERTEX_POINT('',#7038);
#7038 = CARTESIAN_POINT('',(14.15931,95.1499999998,2.4));
#7039 = LINE('',#7040,#7041);
#7040 = CARTESIAN_POINT('',(14.15931,95.1499999998,4.9));
#7041 = VECTOR('',#7042,1.);
#7042 = DIRECTION('',(-0.,-0.,-1.));
#7043 = ORIENTED_EDGE('',*,*,#7044,.F.);
#7044 = EDGE_CURVE('',#7045,#7037,#7047,.T.);
#7045 = VERTEX_POINT('',#7046);
#7046 = CARTESIAN_POINT('',(10.797688,95.1499999998,2.4));
#7047 = LINE('',#7048,#7049);
#7048 = CARTESIAN_POINT('',(10.797688,95.1499999998,2.4));
#7049 = VECTOR('',#7050,1.);
#7050 = DIRECTION('',(1.,0.,0.));
#7051 = ORIENTED_EDGE('',*,*,#7052,.T.);
#7052 = EDGE_CURVE('',#7045,#6996,#7053,.T.);
#7053 = LINE('',#7054,#7055);
#7054 = CARTESIAN_POINT('',(14.14924050627,95.149999999707,2.4));
#7055 = VECTOR('',#7056,1.);
#7056 = DIRECTION('',(-1.,2.194816E-11,0.));
#7057 = ORIENTED_EDGE('',*,*,#6995,.T.);
#7058 = ORIENTED_EDGE('',*,*,#6987,.F.);
#7059 = ORIENTED_EDGE('',*,*,#781,.F.);
#7060 = PLANE('',#7061);
#7061 = AXIS2_PLACEMENT_3D('',#7062,#7063,#7064);
#7062 = CARTESIAN_POINT('',(6.256299636341,95.149999999915,
    3.161323722075));
#7063 = DIRECTION('',(1.432906E-11,1.,-6.28824E-12));
#7064 = DIRECTION('',(1.,-1.432906E-11,0.));
#7065 = ADVANCED_FACE('',(#7066),#7088,.T.);
#7066 = FACE_BOUND('',#7067,.T.);
#7067 = EDGE_LOOP('',(#7068,#7069,#7086,#7087));
#7068 = ORIENTED_EDGE('',*,*,#774,.F.);
#7069 = ORIENTED_EDGE('',*,*,#7070,.T.);
#7070 = EDGE_CURVE('',#767,#3657,#7071,.T.);
#7071 = B_SPLINE_CURVE_WITH_KNOTS('',4,(#7072,#7073,#7074,#7075,#7076,
    #7077,#7078,#7079,#7080,#7081,#7082,#7083,#7084,#7085),
  .UNSPECIFIED.,.F.,.F.,(5,3,3,3,5),(0.,0.248387505207,0.497800577886,
    0.748301035497,1.),.UNSPECIFIED.);
#7072 = CARTESIAN_POINT('',(8.227,91.399999999934,1.51));
#7073 = CARTESIAN_POINT('',(8.439913654167,91.18708634577,1.722913654167
    ));
#7074 = CARTESIAN_POINT('',(8.652549711812,90.97445028813,1.935549711812
    ));
#7075 = CARTESIAN_POINT('',(8.864901779032,90.762098220914,
    2.147901779032));
#7076 = CARTESIAN_POINT('',(9.289900206267,90.337099793687,
    2.572900206267));
#7077 = CARTESIAN_POINT('',(9.502544161028,90.12445583893,2.785544161028
    ));
#7078 = CARTESIAN_POINT('',(9.714888330192,89.91211166977,2.997888330192
    ));
#7079 = CARTESIAN_POINT('',(10.139887528125,89.487112471846,
    3.422887528125));
#7080 = CARTESIAN_POINT('',(10.352539875839,89.274460124136,
    3.635539875839));
#7081 = CARTESIAN_POINT('',(10.564875660231,89.062124339748,
    3.847875660231));
#7082 = CARTESIAN_POINT('',(10.989913731516,88.637086268472,
    4.272913731516));
#7083 = CARTESIAN_POINT('',(11.20261291124,88.424387088752,
    4.485612911239));
#7084 = CARTESIAN_POINT('',(11.414977583095,88.212022416901,
    4.697977583095));
#7085 = CARTESIAN_POINT('',(11.627,88.,4.91));
#7086 = ORIENTED_EDGE('',*,*,#3656,.T.);
#7087 = ORIENTED_EDGE('',*,*,#7018,.F.);
#7088 = B_SPLINE_SURFACE_WITH_KNOTS('',1,1,(
    (#7089,#7090)
    ,(#7091,#7092
    )),.UNSPECIFIED.,.F.,.F.,.F.,(2,2),(2,2),(0.,138.),(0.,1.),
  .PIECEWISE_BEZIER_KNOTS.);
#7089 = CARTESIAN_POINT('',(8.227,144.,1.51));
#7090 = CARTESIAN_POINT('',(11.627,140.6,4.91));
#7091 = CARTESIAN_POINT('',(8.227,6.,1.51));
#7092 = CARTESIAN_POINT('',(11.627,9.4,4.91));
#7093 = ADVANCED_FACE('',(#7094),#7105,.T.);
#7094 = FACE_BOUND('',#7095,.T.);
#7095 = EDGE_LOOP('',(#7096,#7097,#7098,#7099));
#7096 = ORIENTED_EDGE('',*,*,#3663,.F.);
#7097 = ORIENTED_EDGE('',*,*,#7070,.F.);
#7098 = ORIENTED_EDGE('',*,*,#766,.F.);
#7099 = ORIENTED_EDGE('',*,*,#7100,.F.);
#7100 = EDGE_CURVE('',#3664,#759,#7101,.T.);
#7101 = LINE('',#7102,#7103);
#7102 = CARTESIAN_POINT('',(8.227,91.399999999934,4.91));
#7103 = VECTOR('',#7104,1.);
#7104 = DIRECTION('',(-0.,-0.,-1.));
#7105 = PLANE('',#7106);
#7106 = AXIS2_PLACEMENT_3D('',#7107,#7108,#7109);
#7107 = CARTESIAN_POINT('',(11.627,88.,4.91));
#7108 = DIRECTION('',(0.70710678118,0.707106781193,0.));
#7109 = DIRECTION('',(-0.707106781193,0.70710678118,0.));
#7110 = ADVANCED_FACE('',(#7111),#7122,.T.);
#7111 = FACE_BOUND('',#7112,.T.);
#7112 = EDGE_LOOP('',(#7113,#7114,#7115,#7116));
#7113 = ORIENTED_EDGE('',*,*,#3671,.F.);
#7114 = ORIENTED_EDGE('',*,*,#7100,.T.);
#7115 = ORIENTED_EDGE('',*,*,#758,.F.);
#7116 = ORIENTED_EDGE('',*,*,#7117,.F.);
#7117 = EDGE_CURVE('',#3672,#751,#7118,.T.);
#7118 = LINE('',#7119,#7120);
#7119 = CARTESIAN_POINT('',(8.227,82.2,4.91));
#7120 = VECTOR('',#7121,1.);
#7121 = DIRECTION('',(-0.,-0.,-1.));
#7122 = PLANE('',#7123);
#7123 = AXIS2_PLACEMENT_3D('',#7124,#7125,#7126);
#7124 = CARTESIAN_POINT('',(8.227,91.399999999934,4.91));
#7125 = DIRECTION('',(-1.,0.,0.));
#7126 = DIRECTION('',(0.,-1.,0.));
#7127 = ADVANCED_FACE('',(#7128),#7150,.T.);
#7128 = FACE_BOUND('',#7129,.T.);
#7129 = EDGE_LOOP('',(#7130,#7131,#7132,#7133));
#7130 = ORIENTED_EDGE('',*,*,#3679,.F.);
#7131 = ORIENTED_EDGE('',*,*,#7117,.T.);
#7132 = ORIENTED_EDGE('',*,*,#750,.F.);
#7133 = ORIENTED_EDGE('',*,*,#7134,.T.);
#7134 = EDGE_CURVE('',#744,#3680,#7135,.T.);
#7135 = B_SPLINE_CURVE_WITH_KNOTS('',4,(#7136,#7137,#7138,#7139,#7140,
    #7141,#7142,#7143,#7144,#7145,#7146,#7147,#7148,#7149),
  .UNSPECIFIED.,.F.,.F.,(5,3,3,3,5),(0.,0.24715958465,0.496134844149,
    0.747028938949,1.),.UNSPECIFIED.);
#7136 = CARTESIAN_POINT('',(8.227,82.2,1.51));
#7137 = CARTESIAN_POINT('',(8.44024519545,82.41324519545,1.72324519545)
  );
#7138 = CARTESIAN_POINT('',(8.652992646364,82.625992646364,
    1.935992646364));
#7139 = CARTESIAN_POINT('',(8.865233938402,82.838233938402,
    2.148233938402));
#7140 = CARTESIAN_POINT('',(9.290242612519,83.263242612519,
    2.573242612519));
#7141 = CARTESIAN_POINT('',(9.50300240641,83.47600240641,2.78600240641)
  );
#7142 = CARTESIAN_POINT('',(9.715231293676,83.688231293676,
    2.998231293676));
#7143 = CARTESIAN_POINT('',(10.140241284025,84.113241284025,
    3.423241284025));
#7144 = CARTESIAN_POINT('',(10.353014038318,84.326014038318,
    3.636014038318));
#7145 = CARTESIAN_POINT('',(10.565229888088,84.538229888088,
    3.848229888088));
#7146 = CARTESIAN_POINT('',(10.990281974184,84.963281974184,
    4.273281974184));
#7147 = CARTESIAN_POINT('',(11.203108804345,85.176108804345,
    4.486108804345));
#7148 = CARTESIAN_POINT('',(11.415351201572,85.388351201572,
    4.698351201572));
#7149 = CARTESIAN_POINT('',(11.627,85.6,4.91));
#7150 = PLANE('',#7151);
#7151 = AXIS2_PLACEMENT_3D('',#7152,#7153,#7154);
#7152 = CARTESIAN_POINT('',(8.227,82.2,4.91));
#7153 = DIRECTION('',(0.707106781187,-0.707106781187,0.));
#7154 = DIRECTION('',(0.707106781187,0.707106781187,0.));
#7155 = ADVANCED_FACE('',(#7156),#7178,.T.);
#7156 = FACE_BOUND('',#7157,.T.);
#7157 = EDGE_LOOP('',(#7158,#7159,#7160,#7177));
#7158 = ORIENTED_EDGE('',*,*,#7134,.F.);
#7159 = ORIENTED_EDGE('',*,*,#743,.F.);
#7160 = ORIENTED_EDGE('',*,*,#7161,.T.);
#7161 = EDGE_CURVE('',#736,#3688,#7162,.T.);
#7162 = B_SPLINE_CURVE_WITH_KNOTS('',4,(#7163,#7164,#7165,#7166,#7167,
    #7168,#7169,#7170,#7171,#7172,#7173,#7174,#7175,#7176),
  .UNSPECIFIED.,.F.,.F.,(5,3,3,3,5),(0.,0.247378248616,0.496431177269,
    0.747254967503,1.),.UNSPECIFIED.);
#7163 = CARTESIAN_POINT('',(8.227,72.,1.51));
#7164 = CARTESIAN_POINT('',(8.44018556998,71.78681443002,1.72318556998)
  );
#7165 = CARTESIAN_POINT('',(8.652913094443,71.574086905557,
    1.935913094443));
#7166 = CARTESIAN_POINT('',(8.865174324376,71.361825675624,
    2.148174324376));
#7167 = CARTESIAN_POINT('',(9.290181190163,70.936818809837,
    2.573181190163));
#7168 = CARTESIAN_POINT('',(9.502920378301,70.724079621699,
    2.785920378301));
#7169 = CARTESIAN_POINT('',(9.715169913234,70.511830086766,
    2.998169913234));
#7170 = CARTESIAN_POINT('',(10.140178019271,70.086821980729,
    3.423178019271));
#7171 = CARTESIAN_POINT('',(10.35292947985,69.87407052015,3.63592947985)
  );
#7172 = CARTESIAN_POINT('',(10.565166700971,69.661833299029,
    3.848166700971));
#7173 = CARTESIAN_POINT('',(10.99021650852,69.23678349148,4.27321650852)
  );
#7174 = CARTESIAN_POINT('',(11.203021050809,69.023978949191,
    4.486021050809));
#7175 = CARTESIAN_POINT('',(11.415285274599,68.811714725401,
    4.698285274599));
#7176 = CARTESIAN_POINT('',(11.627,68.6,4.91));
#7177 = ORIENTED_EDGE('',*,*,#3687,.T.);
#7178 = B_SPLINE_SURFACE_WITH_KNOTS('',1,1,(
    (#7179,#7180)
    ,(#7181,#7182
    )),.UNSPECIFIED.,.F.,.F.,.F.,(2,2),(2,2),(0.,138.),(0.,1.),
  .PIECEWISE_BEZIER_KNOTS.);
#7179 = CARTESIAN_POINT('',(8.227,144.,1.51));
#7180 = CARTESIAN_POINT('',(11.627,140.6,4.91));
#7181 = CARTESIAN_POINT('',(8.227,6.,1.51));
#7182 = CARTESIAN_POINT('',(11.627,9.4,4.91));
#7183 = ADVANCED_FACE('',(#7184),#7195,.F.);
#7184 = FACE_BOUND('',#7185,.F.);
#7185 = EDGE_LOOP('',(#7186,#7187,#7193,#7194));
#7186 = ORIENTED_EDGE('',*,*,#3694,.F.);
#7187 = ORIENTED_EDGE('',*,*,#7188,.T.);
#7188 = EDGE_CURVE('',#3695,#728,#7189,.T.);
#7189 = LINE('',#7190,#7191);
#7190 = CARTESIAN_POINT('',(8.227,72.,4.91));
#7191 = VECTOR('',#7192,1.);
#7192 = DIRECTION('',(-0.,-0.,-1.));
#7193 = ORIENTED_EDGE('',*,*,#735,.F.);
#7194 = ORIENTED_EDGE('',*,*,#7161,.T.);
#7195 = PLANE('',#7196);
#7196 = AXIS2_PLACEMENT_3D('',#7197,#7198,#7199);
#7197 = CARTESIAN_POINT('',(8.227,72.,4.91));
#7198 = DIRECTION('',(-0.707106781187,-0.707106781187,0.));
#7199 = DIRECTION('',(0.707106781187,-0.707106781187,0.));
#7200 = ADVANCED_FACE('',(#7201),#7228,.F.);
#7201 = FACE_BOUND('',#7202,.F.);
#7202 = EDGE_LOOP('',(#7203,#7213,#7219,#7220,#7221,#7222));
#7203 = ORIENTED_EDGE('',*,*,#7204,.F.);
#7204 = EDGE_CURVE('',#7205,#7207,#7209,.T.);
#7205 = VERTEX_POINT('',#7206);
#7206 = CARTESIAN_POINT('',(8.227,62.8,4.9));
#7207 = VERTEX_POINT('',#7208);
#7208 = CARTESIAN_POINT('',(8.227,67.313042,4.9));
#7209 = LINE('',#7210,#7211);
#7210 = CARTESIAN_POINT('',(8.227,68.9,4.9));
#7211 = VECTOR('',#7212,1.);
#7212 = DIRECTION('',(0.,1.,0.));
#7213 = ORIENTED_EDGE('',*,*,#7214,.T.);
#7214 = EDGE_CURVE('',#7205,#720,#7215,.T.);
#7215 = LINE('',#7216,#7217);
#7216 = CARTESIAN_POINT('',(8.227,62.8,4.91));
#7217 = VECTOR('',#7218,1.);
#7218 = DIRECTION('',(-0.,-0.,-1.));
#7219 = ORIENTED_EDGE('',*,*,#727,.F.);
#7220 = ORIENTED_EDGE('',*,*,#7188,.F.);
#7221 = ORIENTED_EDGE('',*,*,#3702,.F.);
#7222 = ORIENTED_EDGE('',*,*,#7223,.F.);
#7223 = EDGE_CURVE('',#7207,#3703,#7224,.T.);
#7224 = LINE('',#7225,#7226);
#7225 = CARTESIAN_POINT('',(8.227,67.313042,4.371788237002));
#7226 = VECTOR('',#7227,1.);
#7227 = DIRECTION('',(0.,0.,-1.));
#7228 = PLANE('',#7229);
#7229 = AXIS2_PLACEMENT_3D('',#7230,#7231,#7232);
#7230 = CARTESIAN_POINT('',(8.227,62.8,4.91));
#7231 = DIRECTION('',(1.,0.,0.));
#7232 = DIRECTION('',(0.,1.,0.));
#7233 = ADVANCED_FACE('',(#7234),#7271,.F.);
#7234 = FACE_BOUND('',#7235,.F.);
#7235 = EDGE_LOOP('',(#7236,#7246,#7263,#7264,#7265));
#7236 = ORIENTED_EDGE('',*,*,#7237,.F.);
#7237 = EDGE_CURVE('',#7238,#7240,#7242,.T.);
#7238 = VERTEX_POINT('',#7239);
#7239 = CARTESIAN_POINT('',(10.797688,65.370688,4.080688));
#7240 = VERTEX_POINT('',#7241);
#7241 = CARTESIAN_POINT('',(10.797688,65.370688,4.9));
#7242 = LINE('',#7243,#7244);
#7243 = CARTESIAN_POINT('',(10.797688,65.370688,4.062861493043));
#7244 = VECTOR('',#7245,1.);
#7245 = DIRECTION('',(-3.2E-16,-3.2E-16,1.));
#7246 = ORIENTED_EDGE('',*,*,#7247,.F.);
#7247 = EDGE_CURVE('',#713,#7238,#7248,.T.);
#7248 = B_SPLINE_CURVE_WITH_KNOTS('',4,(#7249,#7250,#7251,#7252,#7253,
    #7254,#7255,#7256,#7257,#7258,#7259,#7260,#7261,#7262),
  .UNSPECIFIED.,.F.,.F.,(5,3,3,3,5),(0.,0.248172994268,0.497509281751,
    0.748078278399,1.),.UNSPECIFIED.);
#7249 = CARTESIAN_POINT('',(8.227,62.8,1.51));
#7250 = CARTESIAN_POINT('',(8.439970979169,63.012970979169,
    1.722970979169));
#7251 = CARTESIAN_POINT('',(8.652626390487,63.225626390487,
    1.935626390487));
#7252 = CARTESIAN_POINT('',(8.864959299257,63.437959299257,
    2.147959299257));
#7253 = CARTESIAN_POINT('',(9.289959501956,63.862959501956,
    2.572959501956));
#7254 = CARTESIAN_POINT('',(9.502623697884,64.075623697884,
    2.785623697884));
#7255 = CARTESIAN_POINT('',(9.714947831886,64.287947831886,
    2.997947831886));
#7256 = CARTESIAN_POINT('',(10.139948922772,64.712948922772,
    3.422948922772));
#7257 = CARTESIAN_POINT('',(10.352622434249,64.925622434249,
    3.635622434249));
#7258 = CARTESIAN_POINT('',(10.564937268688,65.137937268688,
    3.847937268688));
#7259 = CARTESIAN_POINT('',(10.989978032991,65.562978032991,
    4.272978032991));
#7260 = CARTESIAN_POINT('',(11.202699994401,65.775699994401,
    4.485699994401));
#7261 = CARTESIAN_POINT('',(11.415043404517,65.988043404517,
    4.698043404517));
#7262 = CARTESIAN_POINT('',(11.627,66.2,4.91));
#7263 = ORIENTED_EDGE('',*,*,#719,.F.);
#7264 = ORIENTED_EDGE('',*,*,#7214,.F.);
#7265 = ORIENTED_EDGE('',*,*,#7266,.F.);
#7266 = EDGE_CURVE('',#7240,#7205,#7267,.T.);
#7267 = LINE('',#7268,#7269);
#7268 = CARTESIAN_POINT('',(24.861125,79.434125,4.9));
#7269 = VECTOR('',#7270,1.);
#7270 = DIRECTION('',(-0.707106781187,-0.707106781187,0.));
#7271 = PLANE('',#7272);
#7272 = AXIS2_PLACEMENT_3D('',#7273,#7274,#7275);
#7273 = CARTESIAN_POINT('',(11.627,66.2,4.91));
#7274 = DIRECTION('',(-0.707106781187,0.707106781187,0.));
#7275 = DIRECTION('',(-0.707106781187,-0.707106781187,0.));
#7276 = ADVANCED_FACE('',(#7277),#7330,.T.);
#7277 = FACE_BOUND('',#7278,.T.);
#7278 = EDGE_LOOP('',(#7279,#7280,#7281,#7294,#7325));
#7279 = ORIENTED_EDGE('',*,*,#7247,.F.);
#7280 = ORIENTED_EDGE('',*,*,#712,.F.);
#7281 = ORIENTED_EDGE('',*,*,#7282,.T.);
#7282 = EDGE_CURVE('',#705,#7283,#7285,.T.);
#7283 = VERTEX_POINT('',#7284);
#7284 = CARTESIAN_POINT('',(10.568787172041,60.492063711221,
    3.851787172041));
#7285 = B_SPLINE_CURVE_WITH_KNOTS('',4,(#7286,#7287,#7288,#7289,#7290,
    #7291,#7292,#7293),.UNSPECIFIED.,.F.,.F.,(5,3,5),(0.,0.499923764106,
    1.),.UNSPECIFIED.);
#7286 = CARTESIAN_POINT('',(8.517,58.007229457363,1.8));
#7287 = CARTESIAN_POINT('',(8.775107655763,58.319812922628,
    2.058107655763));
#7288 = CARTESIAN_POINT('',(9.03267593432,58.631743170554,2.31567593432)
  );
#7289 = CARTESIAN_POINT('',(9.289691296961,58.943003804971,
    2.572691296961));
#7290 = CARTESIAN_POINT('',(9.802666539461,59.564246822432,
    3.085666539461));
#7291 = CARTESIAN_POINT('',(10.058626076861,59.874228790736,
    3.341626076861));
#7292 = CARTESIAN_POINT('',(10.31400441188,60.18350688897,3.59700441188)
  );
#7293 = CARTESIAN_POINT('',(10.568787172041,60.492063711221,
    3.851787172041));
#7294 = ORIENTED_EDGE('',*,*,#7295,.F.);
#7295 = EDGE_CURVE('',#7296,#7283,#7298,.T.);
#7296 = VERTEX_POINT('',#7297);
#7297 = CARTESIAN_POINT('',(10.797688,61.12877877063,4.080688));
#7298 = B_SPLINE_CURVE_WITH_KNOTS('',5,(#7299,#7300,#7301,#7302,#7303,
    #7304,#7305,#7306,#7307,#7308,#7309,#7310,#7311,#7312,#7313,#7314,
    #7315,#7316,#7317,#7318,#7319,#7320,#7321,#7322,#7323,#7324),
  .UNSPECIFIED.,.F.,.F.,(6,4,4,4,4,4,6),(0.,6.411265012081E-02,
    0.302578668586,0.767888363142,0.887529914603,0.94843220244,1.),
  .UNSPECIFIED.);
#7299 = CARTESIAN_POINT('',(10.797688,61.12877877063,4.080688));
#7300 = CARTESIAN_POINT('',(10.797687999847,61.119870166152,
    4.080687999847));
#7301 = CARTESIAN_POINT('',(10.79758900258,61.110967971783,4.08058900258
    ));
#7302 = CARTESIAN_POINT('',(10.797390424807,61.102051605156,
    4.080390424807));
#7303 = CARTESIAN_POINT('',(10.797091985799,61.09312093937,
    4.080091985799));
#7304 = CARTESIAN_POINT('',(10.795212317389,61.051001254912,
    4.078212317389));
#7305 = CARTESIAN_POINT('',(10.792348501356,61.017784602572,
    4.075348501356));
#7306 = CARTESIAN_POINT('',(10.788092978086,60.984651743783,
    4.071092978086));
#7307 = CARTESIAN_POINT('',(10.782452422011,60.951708010595,
    4.065452422011));
#7308 = CARTESIAN_POINT('',(10.761784855631,60.85535124833,
    4.044784855631));
#7309 = CARTESIAN_POINT('',(10.74292965499,60.792749786352,4.02592965499
    ));
#7310 = CARTESIAN_POINT('',(10.7190574195,60.732062197395,4.0020574195)
  );
#7311 = CARTESIAN_POINT('',(10.690561662932,60.673954189445,
    3.973561662932));
#7312 = CARTESIAN_POINT('',(10.649578763494,60.60480124814,
    3.932578763494));
#7313 = CARTESIAN_POINT('',(10.640924633767,60.590861383225,
    3.923924633767));
#7314 = CARTESIAN_POINT('',(10.632007250389,60.577134044753,
    3.915007250389));
#7315 = CARTESIAN_POINT('',(10.622835410174,60.563626746663,
    3.905835410174));
#7316 = CARTESIAN_POINT('',(10.608624416225,60.543585801428,
    3.891624416225));
#7317 = CARTESIAN_POINT('',(10.603831360173,60.536974828591,
    3.886831360173));
#7318 = CARTESIAN_POINT('',(10.599038937726,60.530504493124,
    3.882038937726));
#7319 = CARTESIAN_POINT('',(10.594247096648,60.52416721413,
    3.877247096648));
#7320 = CARTESIAN_POINT('',(10.585398852003,60.512697828908,
    3.868398852003));
#7321 = CARTESIAN_POINT('',(10.581302927295,60.507478828388,
    3.864302927295));
#7322 = CARTESIAN_POINT('',(10.577168560385,60.50229986231,
    3.860168560385));
#7323 = CARTESIAN_POINT('',(10.572996394013,60.497161325216,
    3.855996394013));
#7324 = CARTESIAN_POINT('',(10.568787172041,60.492063711221,
    3.851787172041));
#7325 = ORIENTED_EDGE('',*,*,#7326,.T.);
#7326 = EDGE_CURVE('',#7296,#7238,#7327,.T.);
#7327 = B_SPLINE_CURVE_WITH_KNOTS('',1,(#7328,#7329),.UNSPECIFIED.,.F.,
  .F.,(2,2),(0.,1.),.PIECEWISE_BEZIER_KNOTS.);
#7328 = CARTESIAN_POINT('',(10.797688,61.12877877063,4.080688));
#7329 = CARTESIAN_POINT('',(10.797688,66.090610538494,4.080688));
#7330 = B_SPLINE_SURFACE_WITH_KNOTS('',1,1,(
    (#7331,#7332)
    ,(#7333,#7334
    )),.UNSPECIFIED.,.F.,.F.,.F.,(2,2),(2,2),(0.,138.),(0.,1.),
  .PIECEWISE_BEZIER_KNOTS.);
#7331 = CARTESIAN_POINT('',(8.227,144.,1.51));
#7332 = CARTESIAN_POINT('',(11.627,140.6,4.91));
#7333 = CARTESIAN_POINT('',(8.227,6.,1.51));
#7334 = CARTESIAN_POINT('',(11.627,9.4,4.91));
#7335 = ADVANCED_FACE('',(#7336),#7362,.T.);
#7336 = FACE_BOUND('',#7337,.T.);
#7337 = EDGE_LOOP('',(#7338,#7346,#7347,#7348,#7356));
#7338 = ORIENTED_EDGE('',*,*,#7339,.F.);
#7339 = EDGE_CURVE('',#7283,#7340,#7342,.T.);
#7340 = VERTEX_POINT('',#7341);
#7341 = CARTESIAN_POINT('',(10.568787172041,60.492063711221,2.4));
#7342 = LINE('',#7343,#7344);
#7343 = CARTESIAN_POINT('',(10.568787172041,60.492063711221,1.89));
#7344 = VECTOR('',#7345,1.);
#7345 = DIRECTION('',(-0.,-0.,-1.));
#7346 = ORIENTED_EDGE('',*,*,#7282,.F.);
#7347 = ORIENTED_EDGE('',*,*,#704,.T.);
#7348 = ORIENTED_EDGE('',*,*,#7349,.F.);
#7349 = EDGE_CURVE('',#7350,#697,#7352,.T.);
#7350 = VERTEX_POINT('',#7351);
#7351 = CARTESIAN_POINT('',(9.21,58.846492984004,2.4));
#7352 = LINE('',#7353,#7354);
#7353 = CARTESIAN_POINT('',(9.21,58.846492984004,2.583141598861));
#7354 = VECTOR('',#7355,1.);
#7355 = DIRECTION('',(-0.,-7.8E-16,-1.));
#7356 = ORIENTED_EDGE('',*,*,#7357,.F.);
#7357 = EDGE_CURVE('',#7340,#7350,#7358,.T.);
#7358 = LINE('',#7359,#7360);
#7359 = CARTESIAN_POINT('',(15.24348501117,66.153396170741,2.4));
#7360 = VECTOR('',#7361,1.);
#7361 = DIRECTION('',(-0.636715059408,-0.771099172041,0.));
#7362 = PLANE('',#7363);
#7363 = AXIS2_PLACEMENT_3D('',#7364,#7365,#7366);
#7364 = CARTESIAN_POINT('',(8.249761343225,57.683587815892,
    3.366283197722));
#7365 = DIRECTION('',(0.771099172041,-0.636715059408,5.E-16));
#7366 = DIRECTION('',(0.636715059408,0.771099172041,-4.930380657631E-32)
  );
#7367 = ADVANCED_FACE('',(#7368),#7386,.T.);
#7368 = FACE_BOUND('',#7369,.T.);
#7369 = EDGE_LOOP('',(#7370,#7371,#7379,#7385));
#7370 = ORIENTED_EDGE('',*,*,#696,.F.);
#7371 = ORIENTED_EDGE('',*,*,#7372,.T.);
#7372 = EDGE_CURVE('',#689,#7373,#7375,.T.);
#7373 = VERTEX_POINT('',#7374);
#7374 = CARTESIAN_POINT('',(9.21,45.55,2.4));
#7375 = LINE('',#7376,#7377);
#7376 = CARTESIAN_POINT('',(9.21,45.55,1.8));
#7377 = VECTOR('',#7378,1.);
#7378 = DIRECTION('',(0.,0.,1.));
#7379 = ORIENTED_EDGE('',*,*,#7380,.T.);
#7380 = EDGE_CURVE('',#7373,#7350,#7381,.T.);
#7381 = LINE('',#7382,#7383);
#7382 = CARTESIAN_POINT('',(9.21,45.55,2.4));
#7383 = VECTOR('',#7384,1.);
#7384 = DIRECTION('',(0.,1.,0.));
#7385 = ORIENTED_EDGE('',*,*,#7349,.T.);
#7386 = PLANE('',#7387);
#7387 = AXIS2_PLACEMENT_3D('',#7388,#7389,#7390);
#7388 = CARTESIAN_POINT('',(9.21,45.55,1.8));
#7389 = DIRECTION('',(-1.,0.,0.));
#7390 = DIRECTION('',(0.,1.,0.));
#7391 = ADVANCED_FACE('',(#7392),#7428,.T.);
#7392 = FACE_BOUND('',#7393,.T.);
#7393 = EDGE_LOOP('',(#7394,#7395,#7412,#7413,#7421,#7427));
#7394 = ORIENTED_EDGE('',*,*,#688,.F.);
#7395 = ORIENTED_EDGE('',*,*,#7396,.T.);
#7396 = EDGE_CURVE('',#682,#2599,#7397,.T.);
#7397 = B_SPLINE_CURVE_WITH_KNOTS('',4,(#7398,#7399,#7400,#7401,#7402,
    #7403,#7404,#7405,#7406,#7407,#7408,#7409,#7410,#7411),
  .UNSPECIFIED.,.F.,.F.,(5,3,3,3,5),(0.,0.251445566294,0.50043065831,
    0.749926074573,1.),.UNSPECIFIED.);
#7398 = CARTESIAN_POINT('',(8.517,45.55,1.8));
#7399 = CARTESIAN_POINT('',(8.71327682919,45.55,1.99627682919));
#7400 = CARTESIAN_POINT('',(8.909431733691,45.55,2.192431733691));
#7401 = CARTESIAN_POINT('',(9.105461670843,45.55,2.388461670843));
#7402 = CARTESIAN_POINT('',(9.495348289368,45.55,2.778348289368));
#7403 = CARTESIAN_POINT('',(9.689207463171,45.55,2.972207463171));
#7404 = CARTESIAN_POINT('',(9.882937882668,45.55,3.165937882668));
#7405 = CARTESIAN_POINT('',(10.270531485412,45.55,3.553531485412));
#7406 = CARTESIAN_POINT('',(10.464394126523,45.55,3.747394126523));
#7407 = CARTESIAN_POINT('',(10.658120920749,45.55,3.941120920749));
#7408 = CARTESIAN_POINT('',(11.045744768715,45.55,4.328744768715));
#7409 = CARTESIAN_POINT('',(11.23964117526,45.55,4.52264117526));
#7410 = CARTESIAN_POINT('',(11.433394142376,45.55,4.716394142376));
#7411 = CARTESIAN_POINT('',(11.627,45.55,4.91));
#7412 = ORIENTED_EDGE('',*,*,#2598,.T.);
#7413 = ORIENTED_EDGE('',*,*,#7414,.T.);
#7414 = EDGE_CURVE('',#2590,#7415,#7417,.T.);
#7415 = VERTEX_POINT('',#7416);
#7416 = CARTESIAN_POINT('',(15.628790581876,45.55,2.4));
#7417 = LINE('',#7418,#7419);
#7418 = CARTESIAN_POINT('',(15.628790581876,45.55,4.9));
#7419 = VECTOR('',#7420,1.);
#7420 = DIRECTION('',(-0.,-0.,-1.));
#7421 = ORIENTED_EDGE('',*,*,#7422,.F.);
#7422 = EDGE_CURVE('',#7373,#7415,#7423,.T.);
#7423 = LINE('',#7424,#7425);
#7424 = CARTESIAN_POINT('',(9.21,45.55,2.4));
#7425 = VECTOR('',#7426,1.);
#7426 = DIRECTION('',(1.,6.64E-15,0.));
#7427 = ORIENTED_EDGE('',*,*,#7372,.F.);
#7428 = PLANE('',#7429);
#7429 = AXIS2_PLACEMENT_3D('',#7430,#7431,#7432);
#7430 = CARTESIAN_POINT('',(3.915224503337,45.55,5.301928661386));
#7431 = DIRECTION('',(2.2E-16,1.,-5.2E-16));
#7432 = DIRECTION('',(0.,5.2E-16,1.));
#7433 = ADVANCED_FACE('',(#7434),#7456,.T.);
#7434 = FACE_BOUND('',#7435,.T.);
#7435 = EDGE_LOOP('',(#7436,#7437,#7454,#7455));
#7436 = ORIENTED_EDGE('',*,*,#681,.F.);
#7437 = ORIENTED_EDGE('',*,*,#7438,.T.);
#7438 = EDGE_CURVE('',#674,#2607,#7439,.T.);
#7439 = B_SPLINE_CURVE_WITH_KNOTS('',4,(#7440,#7441,#7442,#7443,#7444,
    #7445,#7446,#7447,#7448,#7449,#7450,#7451,#7452,#7453),
  .UNSPECIFIED.,.F.,.F.,(5,3,3,3,5),(0.,0.245703668775,0.494164861103,
    0.74552892906,1.),.UNSPECIFIED.);
#7440 = CARTESIAN_POINT('',(8.227,37.6,1.51));
#7441 = CARTESIAN_POINT('',(8.440648444806,37.386351555194,
    1.723648444806));
#7442 = CARTESIAN_POINT('',(8.653529237198,37.173470762802,
    1.936529237198));
#7443 = CARTESIAN_POINT('',(8.865635154126,36.961364845874,
    2.148635154126));
#7444 = CARTESIAN_POINT('',(9.290655135782,36.536344864218,
    2.573655135782));
#7445 = CARTESIAN_POINT('',(9.503551555881,36.323448444119,
    2.786551555881));
#7446 = CARTESIAN_POINT('',(9.715641436523,36.111358563477,
    2.998641436523));
#7447 = CARTESIAN_POINT('',(10.14066304974,35.68633695026,3.42366304974)
  );
#7448 = CARTESIAN_POINT('',(10.353575668648,35.473424331352,
    3.636575668648));
#7449 = CARTESIAN_POINT('',(10.565648893496,35.261351106504,
    3.848648893496));
#7450 = CARTESIAN_POINT('',(10.990714313049,34.836285686951,
    4.273714313049));
#7451 = CARTESIAN_POINT('',(11.203685466795,34.623314533205,
    4.486685466795));
#7452 = CARTESIAN_POINT('',(11.415782807847,34.411217192153,
    4.698782807847));
#7453 = CARTESIAN_POINT('',(11.627,34.2,4.91));
#7454 = ORIENTED_EDGE('',*,*,#2606,.T.);
#7455 = ORIENTED_EDGE('',*,*,#7396,.F.);
#7456 = B_SPLINE_SURFACE_WITH_KNOTS('',1,1,(
    (#7457,#7458)
    ,(#7459,#7460
    )),.UNSPECIFIED.,.F.,.F.,.F.,(2,2),(2,2),(0.,138.),(0.,1.),
  .PIECEWISE_BEZIER_KNOTS.);
#7457 = CARTESIAN_POINT('',(8.227,144.,1.51));
#7458 = CARTESIAN_POINT('',(11.627,140.6,4.91));
#7459 = CARTESIAN_POINT('',(8.227,6.,1.51));
#7460 = CARTESIAN_POINT('',(11.627,9.4,4.91));
#7461 = ADVANCED_FACE('',(#7462),#7473,.F.);
#7462 = FACE_BOUND('',#7463,.F.);
#7463 = EDGE_LOOP('',(#7464,#7465,#7471,#7472));
#7464 = ORIENTED_EDGE('',*,*,#2613,.F.);
#7465 = ORIENTED_EDGE('',*,*,#7466,.T.);
#7466 = EDGE_CURVE('',#2614,#666,#7467,.T.);
#7467 = LINE('',#7468,#7469);
#7468 = CARTESIAN_POINT('',(8.227,37.6,4.91));
#7469 = VECTOR('',#7470,1.);
#7470 = DIRECTION('',(-0.,-0.,-1.));
#7471 = ORIENTED_EDGE('',*,*,#673,.F.);
#7472 = ORIENTED_EDGE('',*,*,#7438,.T.);
#7473 = PLANE('',#7474);
#7474 = AXIS2_PLACEMENT_3D('',#7475,#7476,#7477);
#7475 = CARTESIAN_POINT('',(8.227,37.6,4.91));
#7476 = DIRECTION('',(-0.707106781187,-0.707106781187,0.));
#7477 = DIRECTION('',(0.707106781187,-0.707106781187,0.));
#7478 = ADVANCED_FACE('',(#7479),#7490,.F.);
#7479 = FACE_BOUND('',#7480,.F.);
#7480 = EDGE_LOOP('',(#7481,#7482,#7488,#7489));
#7481 = ORIENTED_EDGE('',*,*,#2621,.F.);
#7482 = ORIENTED_EDGE('',*,*,#7483,.T.);
#7483 = EDGE_CURVE('',#2622,#658,#7484,.T.);
#7484 = LINE('',#7485,#7486);
#7485 = CARTESIAN_POINT('',(8.227,28.4,4.91));
#7486 = VECTOR('',#7487,1.);
#7487 = DIRECTION('',(-0.,-0.,-1.));
#7488 = ORIENTED_EDGE('',*,*,#665,.F.);
#7489 = ORIENTED_EDGE('',*,*,#7466,.F.);
#7490 = PLANE('',#7491);
#7491 = AXIS2_PLACEMENT_3D('',#7492,#7493,#7494);
#7492 = CARTESIAN_POINT('',(8.227,28.4,4.91));
#7493 = DIRECTION('',(1.,0.,0.));
#7494 = DIRECTION('',(0.,1.,0.));
#7495 = ADVANCED_FACE('',(#7496),#7518,.F.);
#7496 = FACE_BOUND('',#7497,.F.);
#7497 = EDGE_LOOP('',(#7498,#7499,#7516,#7517));
#7498 = ORIENTED_EDGE('',*,*,#2629,.F.);
#7499 = ORIENTED_EDGE('',*,*,#7500,.F.);
#7500 = EDGE_CURVE('',#651,#2630,#7501,.T.);
#7501 = B_SPLINE_CURVE_WITH_KNOTS('',4,(#7502,#7503,#7504,#7505,#7506,
    #7507,#7508,#7509,#7510,#7511,#7512,#7513,#7514,#7515),
  .UNSPECIFIED.,.F.,.F.,(5,3,3,3,5),(0.,0.249655240077,0.499526119431,
    0.74962640888,1.),.UNSPECIFIED.);
#7502 = CARTESIAN_POINT('',(8.227,28.4,1.51));
#7503 = CARTESIAN_POINT('',(8.439582360401,28.612582360401,
    1.722582360401));
#7504 = CARTESIAN_POINT('',(8.652107054128,28.825107054128,
    1.935107054128));
#7505 = CARTESIAN_POINT('',(8.864572399314,29.037572399314,
    2.147572399314));
#7506 = CARTESIAN_POINT('',(9.289564257839,29.462564257839,
    2.572564257839));
#7507 = CARTESIAN_POINT('',(9.502090665079,29.675090665079,
    2.785090665079));
#7508 = CARTESIAN_POINT('',(9.714554014566,29.887554014566,
    2.997554014566));
#7509 = CARTESIAN_POINT('',(10.139545742618,30.312545742618,
    3.422545742618));
#7510 = CARTESIAN_POINT('',(10.352074001339,30.525074001339,
    3.635074001339));
#7511 = CARTESIAN_POINT('',(10.564535215772,30.737535215772,
    3.847535215772));
#7512 = CARTESIAN_POINT('',(10.989551505146,31.162551505146,
    4.272551505146));
#7513 = CARTESIAN_POINT('',(11.202106428449,31.375106428449,
    4.485106428449));
#7514 = CARTESIAN_POINT('',(11.414590002834,31.587590002834,
    4.697590002834));
#7515 = CARTESIAN_POINT('',(11.627,31.8,4.91));
#7516 = ORIENTED_EDGE('',*,*,#657,.F.);
#7517 = ORIENTED_EDGE('',*,*,#7483,.F.);
#7518 = PLANE('',#7519);
#7519 = AXIS2_PLACEMENT_3D('',#7520,#7521,#7522);
#7520 = CARTESIAN_POINT('',(11.627,31.8,4.91));
#7521 = DIRECTION('',(-0.707106781187,0.707106781187,0.));
#7522 = DIRECTION('',(-0.707106781187,-0.707106781187,0.));
#7523 = ADVANCED_FACE('',(#7524),#7546,.T.);
#7524 = FACE_BOUND('',#7525,.T.);
#7525 = EDGE_LOOP('',(#7526,#7527,#7528,#7545));
#7526 = ORIENTED_EDGE('',*,*,#7500,.F.);
#7527 = ORIENTED_EDGE('',*,*,#650,.F.);
#7528 = ORIENTED_EDGE('',*,*,#7529,.T.);
#7529 = EDGE_CURVE('',#643,#2638,#7530,.T.);
#7530 = B_SPLINE_CURVE_WITH_KNOTS('',4,(#7531,#7532,#7533,#7534,#7535,
    #7536,#7537,#7538,#7539,#7540,#7541,#7542,#7543,#7544),
  .UNSPECIFIED.,.F.,.F.,(5,3,3,3,5),(0.,0.245149952214,0.493417010184,
    0.744960608487,1.),.UNSPECIFIED.);
#7531 = CARTESIAN_POINT('',(8.227,24.2,1.51));
#7532 = CARTESIAN_POINT('',(8.440804660389,23.986195339611,
    1.723804660389));
#7533 = CARTESIAN_POINT('',(8.653736414348,23.773263585652,
    1.936736414348));
#7534 = CARTESIAN_POINT('',(8.865789594595,23.561210405405,
    2.148789594595));
#7535 = CARTESIAN_POINT('',(9.290813458302,23.136186541698,
    2.573813458302));
#7536 = CARTESIAN_POINT('',(9.503761525513,22.923238474487,
    2.786761525513));
#7537 = CARTESIAN_POINT('',(9.715797813049,22.711202186951,
    2.998797813049));
#7538 = CARTESIAN_POINT('',(10.140823355797,22.286176644203,
    3.423823355797));
#7539 = CARTESIAN_POINT('',(10.353788256906,22.073211743094,
    3.636788256906));
#7540 = CARTESIAN_POINT('',(10.565807074013,21.861192925987,
    3.848807074013));
#7541 = CARTESIAN_POINT('',(10.990876815032,21.436123184968,
    4.273876815032));
#7542 = CARTESIAN_POINT('',(11.203901134797,21.223098865203,
    4.486901134797));
#7543 = CARTESIAN_POINT('',(11.415943558725,21.011056441275,
    4.698943558725));
#7544 = CARTESIAN_POINT('',(11.627,20.8,4.91));
#7545 = ORIENTED_EDGE('',*,*,#2637,.T.);
#7546 = B_SPLINE_SURFACE_WITH_KNOTS('',1,1,(
    (#7547,#7548)
    ,(#7549,#7550
    )),.UNSPECIFIED.,.F.,.F.,.F.,(2,2),(2,2),(0.,138.),(0.,1.),
  .PIECEWISE_BEZIER_KNOTS.);
#7547 = CARTESIAN_POINT('',(8.227,144.,1.51));
#7548 = CARTESIAN_POINT('',(11.627,140.6,4.91));
#7549 = CARTESIAN_POINT('',(8.227,6.,1.51));
#7550 = CARTESIAN_POINT('',(11.627,9.4,4.91));
#7551 = ADVANCED_FACE('',(#7552),#7563,.F.);
#7552 = FACE_BOUND('',#7553,.F.);
#7553 = EDGE_LOOP('',(#7554,#7555,#7561,#7562));
#7554 = ORIENTED_EDGE('',*,*,#2644,.F.);
#7555 = ORIENTED_EDGE('',*,*,#7556,.T.);
#7556 = EDGE_CURVE('',#2645,#635,#7557,.T.);
#7557 = LINE('',#7558,#7559);
#7558 = CARTESIAN_POINT('',(8.227,24.2,4.91));
#7559 = VECTOR('',#7560,1.);
#7560 = DIRECTION('',(-0.,-0.,-1.));
#7561 = ORIENTED_EDGE('',*,*,#642,.F.);
#7562 = ORIENTED_EDGE('',*,*,#7529,.T.);
#7563 = PLANE('',#7564);
#7564 = AXIS2_PLACEMENT_3D('',#7565,#7566,#7567);
#7565 = CARTESIAN_POINT('',(8.227,24.2,4.91));
#7566 = DIRECTION('',(-0.707106781187,-0.707106781187,0.));
#7567 = DIRECTION('',(0.707106781187,-0.707106781187,0.));
#7568 = ADVANCED_FACE('',(#7569),#7596,.F.);
#7569 = FACE_BOUND('',#7570,.F.);
#7570 = EDGE_LOOP('',(#7571,#7581,#7587,#7588,#7589,#7590));
#7571 = ORIENTED_EDGE('',*,*,#7572,.F.);
#7572 = EDGE_CURVE('',#7573,#7575,#7577,.T.);
#7573 = VERTEX_POINT('',#7574);
#7574 = CARTESIAN_POINT('',(8.227,15.,3.7));
#7575 = VERTEX_POINT('',#7576);
#7576 = CARTESIAN_POINT('',(8.227,19.,3.7));
#7577 = LINE('',#7578,#7579);
#7578 = CARTESIAN_POINT('',(8.227,28.286022310006,3.7));
#7579 = VECTOR('',#7580,1.);
#7580 = DIRECTION('',(0.,1.,0.));
#7581 = ORIENTED_EDGE('',*,*,#7582,.T.);
#7582 = EDGE_CURVE('',#7573,#627,#7583,.T.);
#7583 = LINE('',#7584,#7585);
#7584 = CARTESIAN_POINT('',(8.227,15.,4.91));
#7585 = VECTOR('',#7586,1.);
#7586 = DIRECTION('',(-0.,-0.,-1.));
#7587 = ORIENTED_EDGE('',*,*,#634,.F.);
#7588 = ORIENTED_EDGE('',*,*,#7556,.F.);
#7589 = ORIENTED_EDGE('',*,*,#2652,.F.);
#7590 = ORIENTED_EDGE('',*,*,#7591,.F.);
#7591 = EDGE_CURVE('',#7575,#2653,#7592,.T.);
#7592 = LINE('',#7593,#7594);
#7593 = CARTESIAN_POINT('',(8.227,19.,4.905));
#7594 = VECTOR('',#7595,1.);
#7595 = DIRECTION('',(-0.,0.,1.));
#7596 = PLANE('',#7597);
#7597 = AXIS2_PLACEMENT_3D('',#7598,#7599,#7600);
#7598 = CARTESIAN_POINT('',(8.227,15.,4.91));
#7599 = DIRECTION('',(1.,0.,0.));
#7600 = DIRECTION('',(0.,1.,0.));
#7601 = ADVANCED_FACE('',(#7602),#7625,.F.);
#7602 = FACE_BOUND('',#7603,.F.);
#7603 = EDGE_LOOP('',(#7604,#7612,#7623,#7624));
#7604 = ORIENTED_EDGE('',*,*,#7605,.F.);
#7605 = EDGE_CURVE('',#7606,#7573,#7608,.T.);
#7606 = VERTEX_POINT('',#7607);
#7607 = CARTESIAN_POINT('',(10.417,17.19,3.7));
#7608 = LINE('',#7609,#7610);
#7609 = CARTESIAN_POINT('',(34.254556150231,41.027556150231,3.7));
#7610 = VECTOR('',#7611,1.);
#7611 = DIRECTION('',(-0.707106781187,-0.707106781187,0.));
#7612 = ORIENTED_EDGE('',*,*,#7613,.F.);
#7613 = EDGE_CURVE('',#620,#7606,#7614,.T.);
#7614 = B_SPLINE_CURVE_WITH_KNOTS('',4,(#7615,#7616,#7617,#7618,#7619,
    #7620,#7621,#7622),.UNSPECIFIED.,.F.,.F.,(5,3,5),(0.,0.499919146426,
    1.),.UNSPECIFIED.);
#7615 = CARTESIAN_POINT('',(8.227,15.,1.51));
#7616 = CARTESIAN_POINT('',(8.652056208475,15.425056208475,
    1.935056208475));
#7617 = CARTESIAN_POINT('',(9.077074137876,15.850074137876,
    2.360074137876));
#7618 = CARTESIAN_POINT('',(9.502051457544,16.275051457544,
    2.785051457544));
#7619 = CARTESIAN_POINT('',(10.352056926302,17.125056926302,
    3.635056926302));
#7620 = CARTESIAN_POINT('',(10.777085044183,17.550085044183,
    4.060085044183));
#7621 = CARTESIAN_POINT('',(11.202067116761,17.975067116761,
    4.485067116761));
#7622 = CARTESIAN_POINT('',(11.627,18.4,4.91));
#7623 = ORIENTED_EDGE('',*,*,#626,.F.);
#7624 = ORIENTED_EDGE('',*,*,#7582,.F.);
#7625 = PLANE('',#7626);
#7626 = AXIS2_PLACEMENT_3D('',#7627,#7628,#7629);
#7627 = CARTESIAN_POINT('',(11.627,18.4,4.91));
#7628 = DIRECTION('',(-0.707106781187,0.707106781187,0.));
#7629 = DIRECTION('',(-0.707106781187,-0.707106781187,0.));
#7630 = ADVANCED_FACE('',(#7631),#7726,.T.);
#7631 = FACE_BOUND('',#7632,.T.);
#7632 = EDGE_LOOP('',(#7633,#7634,#7635,#7642,#7721));
#7633 = ORIENTED_EDGE('',*,*,#7613,.F.);
#7634 = ORIENTED_EDGE('',*,*,#619,.F.);
#7635 = ORIENTED_EDGE('',*,*,#7636,.T.);
#7636 = EDGE_CURVE('',#613,#7637,#7639,.T.);
#7637 = VERTEX_POINT('',#7638);
#7638 = CARTESIAN_POINT('',(10.327862197135,8.100862197135,
    3.610862197135));
#7639 = B_SPLINE_CURVE_WITH_KNOTS('',1,(#7640,#7641),.UNSPECIFIED.,.F.,
  .F.,(2,2),(0.,1.),.PIECEWISE_BEZIER_KNOTS.);
#7640 = CARTESIAN_POINT('',(8.227,6.,1.51));
#7641 = CARTESIAN_POINT('',(11.627,9.4,4.91));
#7642 = ORIENTED_EDGE('',*,*,#7643,.T.);
#7643 = EDGE_CURVE('',#7637,#7644,#7646,.T.);
#7644 = VERTEX_POINT('',#7645);
#7645 = CARTESIAN_POINT('',(10.417,13.985615514429,3.7));
#7646 = B_SPLINE_CURVE_WITH_KNOTS('',7,(#7647,#7648,#7649,#7650,#7651,
    #7652,#7653,#7654,#7655,#7656,#7657,#7658,#7659,#7660,#7661,#7662,
    #7663,#7664,#7665,#7666,#7667,#7668,#7669,#7670,#7671,#7672,#7673,
    #7674,#7675,#7676,#7677,#7678,#7679,#7680,#7681,#7682,#7683,#7684,
    #7685,#7686,#7687,#7688,#7689,#7690,#7691,#7692,#7693,#7694,#7695,
    #7696,#7697,#7698,#7699,#7700,#7701,#7702,#7703,#7704,#7705,#7706,
    #7707,#7708,#7709,#7710,#7711,#7712,#7713,#7714,#7715,#7716,#7717,
    #7718,#7719,#7720),.UNSPECIFIED.,.F.,.F.,(8,6,6,6,6,6,6,6,6,6,6,6,8)
  ,(0.,0.22610549243,0.485236143379,0.594942634591,0.650695550969,
    0.686304648556,0.763074347778,0.862041913222,0.910820235979,
    0.98017031583,0.990411178913,0.995167272131,1.),.UNSPECIFIED.);
#7647 = CARTESIAN_POINT('',(10.327862197135,8.100862197135,
    3.610862197135));
#7648 = CARTESIAN_POINT('',(10.214572657334,8.214151736936,
    3.497572657334));
#7649 = CARTESIAN_POINT('',(10.104962027801,8.33409231722,3.387962027801
    ));
#7650 = CARTESIAN_POINT('',(9.999320164696,8.460880512953,3.282320164696
    ));
#7651 = CARTESIAN_POINT('',(9.898021373431,8.594732849178,3.181021373431
    ));
#7652 = CARTESIAN_POINT('',(9.801520956751,8.735878033503,3.084520956751
    ));
#7653 = CARTESIAN_POINT('',(9.71036676048,8.884569341011,2.99336676048)
  );
#7654 = CARTESIAN_POINT('',(9.527648900921,9.22053046709,2.810648900921)
  );
#7655 = CARTESIAN_POINT('',(9.438051431617,9.410113688394,2.721051431617
    ));
#7656 = CARTESIAN_POINT('',(9.357332720842,9.610458182669,2.640332720842
    ));
#7657 = CARTESIAN_POINT('',(9.286798579669,9.82200039072,2.569798579669)
  );
#7658 = CARTESIAN_POINT('',(9.228124706769,10.04496151548,2.511124706769
    ));
#7659 = CARTESIAN_POINT('',(9.183291854388,10.27927446782,2.466291854388
    ));
#7660 = CARTESIAN_POINT('',(9.142525615052,10.62850817006,2.425525615052
    ));
#7661 = CARTESIAN_POINT('',(9.133307748924,10.734319755011,
    2.416307748924));
#7662 = CARTESIAN_POINT('',(9.127173861401,10.84201376721,2.410173861401
    ));
#7663 = CARTESIAN_POINT('',(9.124312090951,10.951500786198,
    2.407312090951));
#7664 = CARTESIAN_POINT('',(9.124912557405,11.062651080505,
    2.407912557405));
#7665 = CARTESIAN_POINT('',(9.129157586718,11.175290226213,
    2.412157586718));
#7666 = CARTESIAN_POINT('',(9.141305161573,11.347081072558,
    2.424305161573));
#7667 = CARTESIAN_POINT('',(9.146382056503,11.405292871887,
    2.429382056503));
#7668 = CARTESIAN_POINT('',(9.152463906533,11.463799482956,
    2.435463906533));
#7669 = CARTESIAN_POINT('',(9.159570574916,11.522566683016,
    2.442570574916));
#7670 = CARTESIAN_POINT('',(9.167719885423,11.581556555096,
    2.450719885423));
#7671 = CARTESIAN_POINT('',(9.176927005641,11.640727375985,
    2.459927005641));
#7672 = CARTESIAN_POINT('',(9.193767584685,11.737912019732,
    2.476767584685));
#7673 = CARTESIAN_POINT('',(9.200767683929,11.775845816087,
    2.483767683929));
#7674 = CARTESIAN_POINT('',(9.208207294202,11.813822974925,
    2.491207294201));
#7675 = CARTESIAN_POINT('',(9.216088954604,11.851831072456,
    2.499088954604));
#7676 = CARTESIAN_POINT('',(9.224414577132,11.889857179461,
    2.507414577132));
#7677 = CARTESIAN_POINT('',(9.233185446681,11.927887861296,
    2.516185446681));
#7678 = CARTESIAN_POINT('',(9.262272676724,12.04787938315,2.545272676724
    ));
#7679 = CARTESIAN_POINT('',(9.284216537646,12.129810212109,
    2.567216537646));
#7680 = CARTESIAN_POINT('',(9.30823847351,12.211556251655,2.59123847351)
  );
#7681 = CARTESIAN_POINT('',(9.334328869592,12.292969890941,
    2.617328869592));
#7682 = CARTESIAN_POINT('',(9.362462385415,12.373901778346,
    2.645462385415));
#7683 = CARTESIAN_POINT('',(9.392596513425,12.454201278429,
    2.675596513425));
#7684 = CARTESIAN_POINT('',(9.466017811788,12.636224434094,
    2.749017811788));
#7685 = CARTESIAN_POINT('',(9.510595138838,12.737444793515,
    2.793595138838));
#7686 = CARTESIAN_POINT('',(9.558269297507,12.837046022717,
    2.841269297507));
#7687 = CARTESIAN_POINT('',(9.608874322024,12.934740959205,
    2.891874322024));
#7688 = CARTESIAN_POINT('',(9.662217046442,13.030283409143,
    2.945217046441));
#7689 = CARTESIAN_POINT('',(9.718083048928,13.123464294054,
    3.001083048928));
#7690 = CARTESIAN_POINT('',(9.804907797105,13.258783424836,
    3.087907797105));
#7691 = CARTESIAN_POINT('',(9.834131850753,13.302845370563,
    3.117131850753));
#7692 = CARTESIAN_POINT('',(9.863888489985,13.346274343137,
    3.146888489985));
#7693 = CARTESIAN_POINT('',(9.894151413106,13.389054081034,
    3.177151413106));
#7694 = CARTESIAN_POINT('',(9.924894480555,13.431171093141,
    3.207894480555));
#7695 = CARTESIAN_POINT('',(9.956091911736,13.4726143991,3.239091911736)
  );
#7696 = CARTESIAN_POINT('',(10.03268323336,13.57132661911,3.31568323336)
  );
#7697 = CARTESIAN_POINT('',(10.07851540298,13.627898478709,3.36151540298
    ));
#7698 = CARTESIAN_POINT('',(10.125142926986,13.683066541382,
    3.408142926986));
#7699 = CARTESIAN_POINT('',(10.172496499842,13.736815992253,
    3.455496499842));
#7700 = CARTESIAN_POINT('',(10.220510228626,13.78914019739,
    3.503510228626));
#7701 = CARTESIAN_POINT('',(10.269122287449,13.840039392567,
    3.552122287449));
#7702 = CARTESIAN_POINT('',(10.325533992591,13.896826035483,
    3.608533992591));
#7703 = CARTESIAN_POINT('',(10.332804215365,13.904101751982,
    3.615804215365));
#7704 = CARTESIAN_POINT('',(10.340086055763,13.911346540122,
    3.623086055763));
#7705 = CARTESIAN_POINT('',(10.34737933139,13.918560420942,3.63037933139
    ));
#7706 = CARTESIAN_POINT('',(10.354683861895,13.925743417915,
    3.637683861895));
#7707 = CARTESIAN_POINT('',(10.361999468969,13.932895556945,
    3.644999468969));
#7708 = CARTESIAN_POINT('',(10.372728575499,13.943324166855,
    3.655728575499));
#7709 = CARTESIAN_POINT('',(10.376131056095,13.946622417273,
    3.659131056095));
#7710 = CARTESIAN_POINT('',(10.379533418275,13.949911661084,
    3.662533418275));
#7711 = CARTESIAN_POINT('',(10.382935662268,13.953191941328,
    3.665935662268));
#7712 = CARTESIAN_POINT('',(10.386337788388,13.956463300625,
    3.669337788388));
#7713 = CARTESIAN_POINT('',(10.389739797033,13.95972578117,
    3.672739797033));
#7714 = CARTESIAN_POINT('',(10.396598394828,13.966285494073,
    3.679598394828));
#7715 = CARTESIAN_POINT('',(10.400057420266,13.969584773208,
    3.683057420266));
#7716 = CARTESIAN_POINT('',(10.403518746257,13.97287726452,
    3.686518746257));
#7717 = CARTESIAN_POINT('',(10.406982354417,13.976162970849,
    3.689982354417));
#7718 = CARTESIAN_POINT('',(10.410448226733,13.979441895499,
    3.693448226733));
#7719 = CARTESIAN_POINT('',(10.413916345557,13.982714042237,
    3.696916345557));
#7720 = CARTESIAN_POINT('',(10.417386693608,13.985979415292,
    3.700386693608));
#7721 = ORIENTED_EDGE('',*,*,#7722,.T.);
#7722 = EDGE_CURVE('',#7644,#7606,#7723,.T.);
#7723 = B_SPLINE_CURVE_WITH_KNOTS('',1,(#7724,#7725),.UNSPECIFIED.,.F.,
  .F.,(2,2),(0.,1.),.PIECEWISE_BEZIER_KNOTS.);
#7724 = CARTESIAN_POINT('',(10.417,8.19,3.7));
#7725 = CARTESIAN_POINT('',(10.417,17.357502094676,3.7));
#7726 = B_SPLINE_SURFACE_WITH_KNOTS('',1,1,(
    (#7727,#7728)
    ,(#7729,#7730
    )),.UNSPECIFIED.,.F.,.F.,.F.,(2,2),(2,2),(0.,138.),(0.,1.),
  .PIECEWISE_BEZIER_KNOTS.);
#7727 = CARTESIAN_POINT('',(8.227,144.,1.51));
#7728 = CARTESIAN_POINT('',(11.627,140.6,4.91));
#7729 = CARTESIAN_POINT('',(8.227,6.,1.51));
#7730 = CARTESIAN_POINT('',(11.627,9.4,4.91));
#7731 = ADVANCED_FACE('',(#7732),#7812,.T.);
#7732 = FACE_BOUND('',#7733,.T.);
#7733 = EDGE_LOOP('',(#7734,#7735,#7736,#7746,#7753));
#7734 = ORIENTED_EDGE('',*,*,#7636,.F.);
#7735 = ORIENTED_EDGE('',*,*,#612,.F.);
#7736 = ORIENTED_EDGE('',*,*,#7737,.T.);
#7737 = EDGE_CURVE('',#605,#7738,#7740,.T.);
#7738 = VERTEX_POINT('',#7739);
#7739 = CARTESIAN_POINT('',(18.417,8.19,3.7));
#7740 = B_SPLINE_CURVE_WITH_KNOTS('',4,(#7741,#7742,#7743,#7744,#7745),
  .UNSPECIFIED.,.F.,.F.,(5,5),(0.,1.),.PIECEWISE_BEZIER_KNOTS.);
#7741 = CARTESIAN_POINT('',(16.227,6.,1.51));
#7742 = CARTESIAN_POINT('',(17.077080958891,6.850080958891,
    2.360080958891));
#7743 = CARTESIAN_POINT('',(17.927111218536,7.700111218536,
    3.210111218536));
#7744 = CARTESIAN_POINT('',(18.777086160033,8.550086160033,
    4.060086160033));
#7745 = CARTESIAN_POINT('',(19.627,9.4,4.91));
#7746 = ORIENTED_EDGE('',*,*,#7747,.T.);
#7747 = EDGE_CURVE('',#7738,#7748,#7750,.T.);
#7748 = VERTEX_POINT('',#7749);
#7749 = CARTESIAN_POINT('',(16.212615514429,8.19,3.7));
#7750 = B_SPLINE_CURVE_WITH_KNOTS('',1,(#7751,#7752),.UNSPECIFIED.,.F.,
  .F.,(2,2),(0.,1.),.PIECEWISE_BEZIER_KNOTS.);
#7751 = CARTESIAN_POINT('',(18.5273947547,8.19,3.7));
#7752 = CARTESIAN_POINT('',(10.417,8.19,3.7));
#7753 = ORIENTED_EDGE('',*,*,#7754,.T.);
#7754 = EDGE_CURVE('',#7748,#7637,#7755,.T.);
#7755 = B_SPLINE_CURVE_WITH_KNOTS('',7,(#7756,#7757,#7758,#7759,#7760,
    #7761,#7762,#7763,#7764,#7765,#7766,#7767,#7768,#7769,#7770,#7771,
    #7772,#7773,#7774,#7775,#7776,#7777,#7778,#7779,#7780,#7781,#7782,
    #7783,#7784,#7785,#7786,#7787,#7788,#7789,#7790,#7791,#7792,#7793,
    #7794,#7795,#7796,#7797,#7798,#7799,#7800,#7801,#7802,#7803,#7804,
    #7805,#7806,#7807,#7808,#7809,#7810,#7811),.UNSPECIFIED.,.F.,.F.,(8,
    6,6,6,6,6,6,6,6,8),(0.,4.941509408749E-03,8.978000416553E-02,
    0.138272729389,0.237443466493,0.345619974981,0.40141281557,
    0.510203809306,0.759107297178,1.),.UNSPECIFIED.);
#7756 = CARTESIAN_POINT('',(16.212979415292,8.190386693608,
    3.700386693608));
#7757 = CARTESIAN_POINT('',(16.209633052151,8.18683027171,3.69683027171)
  );
#7758 = CARTESIAN_POINT('',(16.206279526856,8.183276139411,
    3.693276139411));
#7759 = CARTESIAN_POINT('',(16.202918831495,8.17972431248,3.68972431248)
  );
#7760 = CARTESIAN_POINT('',(16.19955096005,8.176174808484,3.686174808484
    ));
#7761 = CARTESIAN_POINT('',(16.196175908397,8.17262764679,3.68262764679)
  );
#7762 = CARTESIAN_POINT('',(16.192793674301,8.169082848562,
    3.679082848562));
#7763 = CARTESIAN_POINT('',(16.131212923064,8.104722403275,
    3.614722403275));
#7764 = CARTESIAN_POINT('',(16.070903161768,8.044606647375,
    3.554606647375));
#7765 = CARTESIAN_POINT('',(16.008453775501,7.985289982043,
    3.495289982043));
#7766 = CARTESIAN_POINT('',(15.943854281304,7.926880872442,
    3.436880872442));
#7767 = CARTESIAN_POINT('',(15.877108448983,7.869497770948,
    3.379497770948));
#7768 = CARTESIAN_POINT('',(15.808237838794,7.813267452175,
    3.323267452175));
#7769 = CARTESIAN_POINT('',(15.696729691843,7.726917918728,
    3.236917918728));
#7770 = CARTESIAN_POINT('',(15.655494098095,7.695932866757,
    3.205932866757));
#7771 = CARTESIAN_POINT('',(15.613586988471,7.665393325476,
    3.175393325476));
#7772 = CARTESIAN_POINT('',(15.571019071948,7.635325030738,
    3.145325030738));
#7773 = CARTESIAN_POINT('',(15.527803602596,7.605754120513,
    3.115754120513));
#7774 = CARTESIAN_POINT('',(15.483956646276,7.576706934548,
    3.086706934548));
#7775 = CARTESIAN_POINT('',(15.348575226011,7.489931372571,
    2.999931372571));
#7776 = CARTESIAN_POINT('',(15.255080160932,7.433945963686,
    2.943945963686));
#7777 = CARTESIAN_POINT('',(15.159191725487,7.380490047956,
    2.890490047956));
#7778 = CARTESIAN_POINT('',(15.061124186432,7.329784428391,
    2.839784428391));
#7779 = CARTESIAN_POINT('',(14.961130580346,7.28202795708,2.79202795708)
  );
#7780 = CARTESIAN_POINT('',(14.85950679007,7.237391241833,2.747391241833
    ));
#7781 = CARTESIAN_POINT('',(14.644339009336,7.150871633277,
    2.660871633277));
#7782 = CARTESIAN_POINT('',(14.530521863834,7.109595431068,
    2.619595431068));
#7783 = CARTESIAN_POINT('',(14.415592156855,7.072361693632,
    2.582361693632));
#7784 = CARTESIAN_POINT('',(14.29998261176,7.039267992083,2.549267992083
    ));
#7785 = CARTESIAN_POINT('',(14.184108193542,7.0103411417,2.5203411417));
#7786 = CARTESIAN_POINT('',(14.06836359931,6.985548822395,2.495548822395
    ));
#7787 = CARTESIAN_POINT('',(13.89368338959,6.954115615441,2.464115615441
    ));
#7788 = CARTESIAN_POINT('',(13.834373790963,6.944497519372,
    2.454497519372));
#7789 = CARTESIAN_POINT('',(13.775238894073,6.935945424826,
    2.445945424826));
#7790 = CARTESIAN_POINT('',(13.716321566467,6.928444400607,
    2.438444400607));
#7791 = CARTESIAN_POINT('',(13.657660722262,6.921976720779,
    2.431976720779));
#7792 = CARTESIAN_POINT('',(13.599291442357,6.916522514972,
    2.426522514972));
#7793 = CARTESIAN_POINT('',(13.4280599658,6.903359734435,2.413359734435)
  );
#7794 = CARTESIAN_POINT('',(13.316107927057,6.898431837615,
    2.408431837615));
#7795 = CARTESIAN_POINT('',(13.205611348551,6.897115652708,
    2.407115652708));
#7796 = CARTESIAN_POINT('',(13.096743586991,6.899232325202,
    2.409232325202));
#7797 = CARTESIAN_POINT('',(12.989633389817,6.904595009116,
    2.414595009116));
#7798 = CARTESIAN_POINT('',(12.884369299372,6.913018654532,
    2.423018654532));
#7799 = CARTESIAN_POINT('',(12.544514174455,6.950208613307,
    2.460208613307));
#7800 = CARTESIAN_POINT('',(12.318177919277,6.991177218851,
    2.501177218851));
#7801 = CARTESIAN_POINT('',(12.102285240533,7.045132888533,
    2.555132888533));
#7802 = CARTESIAN_POINT('',(11.896908222404,7.110291628313,
    2.620291628313));
#7803 = CARTESIAN_POINT('',(11.701864140058,7.18513748879,2.69513748879)
  );
#7804 = CARTESIAN_POINT('',(11.516773916965,7.268476972057,
    2.778476972057));
#7805 = CARTESIAN_POINT('',(11.17110488733,7.447542544794,2.957542544794
    ));
#7806 = CARTESIAN_POINT('',(11.01005975437,7.54271558984,3.05271558984)
  );
#7807 = CARTESIAN_POINT('',(10.857593502311,7.644158359286,
    3.154158359286));
#7808 = CARTESIAN_POINT('',(10.713403435173,7.751196008928,
    3.261196008928));
#7809 = CARTESIAN_POINT('',(10.577218659505,7.863274135208,
    3.373274135208));
#7810 = CARTESIAN_POINT('',(10.448781875984,7.979942518286,
    3.489942518286));
#7811 = CARTESIAN_POINT('',(10.327862197135,8.100862197135,
    3.610862197135));
#7812 = B_SPLINE_SURFACE_WITH_KNOTS('',1,1,(
    (#7813,#7814)
    ,(#7815,#7816
    )),.UNSPECIFIED.,.F.,.F.,.F.,(2,2),(2,2),(0.,92.3),(0.,1.),
  .PIECEWISE_BEZIER_KNOTS.);
#7813 = CARTESIAN_POINT('',(8.227,6.,1.51));
#7814 = CARTESIAN_POINT('',(11.627,9.4,4.91));
#7815 = CARTESIAN_POINT('',(100.527,6.,1.51));
#7816 = CARTESIAN_POINT('',(100.52700032116,9.4,4.91));
#7817 = ADVANCED_FACE('',(#7818),#7836,.T.);
#7818 = FACE_BOUND('',#7819,.T.);
#7819 = EDGE_LOOP('',(#7820,#7828,#7829,#7830));
#7820 = ORIENTED_EDGE('',*,*,#7821,.F.);
#7821 = EDGE_CURVE('',#7738,#7822,#7824,.T.);
#7822 = VERTEX_POINT('',#7823);
#7823 = CARTESIAN_POINT('',(16.227,6.,3.7));
#7824 = LINE('',#7825,#7826);
#7825 = CARTESIAN_POINT('',(42.504556150231,32.277556150231,3.7));
#7826 = VECTOR('',#7827,1.);
#7827 = DIRECTION('',(-0.707106781187,-0.707106781187,0.));
#7828 = ORIENTED_EDGE('',*,*,#7737,.F.);
#7829 = ORIENTED_EDGE('',*,*,#604,.F.);
#7830 = ORIENTED_EDGE('',*,*,#7831,.F.);
#7831 = EDGE_CURVE('',#7822,#597,#7832,.T.);
#7832 = LINE('',#7833,#7834);
#7833 = CARTESIAN_POINT('',(16.227,6.,4.91));
#7834 = VECTOR('',#7835,1.);
#7835 = DIRECTION('',(-0.,-0.,-1.));
#7836 = PLANE('',#7837);
#7837 = AXIS2_PLACEMENT_3D('',#7838,#7839,#7840);
#7838 = CARTESIAN_POINT('',(19.627,9.4,4.91));
#7839 = DIRECTION('',(-0.707106781187,0.707106781187,0.));
#7840 = DIRECTION('',(-0.707106781187,-0.707106781187,0.));
#7841 = ADVANCED_FACE('',(#7842),#7860,.T.);
#7842 = FACE_BOUND('',#7843,.T.);
#7843 = EDGE_LOOP('',(#7844,#7852,#7853,#7854));
#7844 = ORIENTED_EDGE('',*,*,#7845,.F.);
#7845 = EDGE_CURVE('',#7822,#7846,#7848,.T.);
#7846 = VERTEX_POINT('',#7847);
#7847 = CARTESIAN_POINT('',(23.127,6.,3.7));
#7848 = LINE('',#7849,#7850);
#7849 = CARTESIAN_POINT('',(47.596089990456,6.,3.7));
#7850 = VECTOR('',#7851,1.);
#7851 = DIRECTION('',(1.,0.,-0.));
#7852 = ORIENTED_EDGE('',*,*,#7831,.T.);
#7853 = ORIENTED_EDGE('',*,*,#596,.F.);
#7854 = ORIENTED_EDGE('',*,*,#7855,.F.);
#7855 = EDGE_CURVE('',#7846,#589,#7856,.T.);
#7856 = LINE('',#7857,#7858);
#7857 = CARTESIAN_POINT('',(23.127,6.,4.91));
#7858 = VECTOR('',#7859,1.);
#7859 = DIRECTION('',(-0.,-0.,-1.));
#7860 = PLANE('',#7861);
#7861 = AXIS2_PLACEMENT_3D('',#7862,#7863,#7864);
#7862 = CARTESIAN_POINT('',(16.227,6.,4.91));
#7863 = DIRECTION('',(0.,-1.,0.));
#7864 = DIRECTION('',(1.,0.,0.));
#7865 = ADVANCED_FACE('',(#7866),#7895,.T.);
#7866 = FACE_BOUND('',#7867,.T.);
#7867 = EDGE_LOOP('',(#7868,#7876,#7877,#7878));
#7868 = ORIENTED_EDGE('',*,*,#7869,.F.);
#7869 = EDGE_CURVE('',#7846,#7870,#7872,.T.);
#7870 = VERTEX_POINT('',#7871);
#7871 = CARTESIAN_POINT('',(20.937,8.19,3.7));
#7872 = LINE('',#7873,#7874);
#7873 = CARTESIAN_POINT('',(28.193533840225,0.933466159775,3.7));
#7874 = VECTOR('',#7875,1.);
#7875 = DIRECTION('',(-0.707106781187,0.707106781187,0.));
#7876 = ORIENTED_EDGE('',*,*,#7855,.T.);
#7877 = ORIENTED_EDGE('',*,*,#588,.F.);
#7878 = ORIENTED_EDGE('',*,*,#7879,.T.);
#7879 = EDGE_CURVE('',#582,#7870,#7880,.T.);
#7880 = B_SPLINE_CURVE_WITH_KNOTS('',4,(#7881,#7882,#7883,#7884,#7885,
    #7886,#7887,#7888,#7889,#7890,#7891,#7892,#7893,#7894),
  .UNSPECIFIED.,.F.,.F.,(5,3,3,3,5),(0.,0.246227944645,0.494902785609,
    0.746115912974,1.),.UNSPECIFIED.);
#7881 = CARTESIAN_POINT('',(23.127,6.,1.51));
#7882 = CARTESIAN_POINT('',(22.913472274621,6.213527725379,
    1.723527725379));
#7883 = CARTESIAN_POINT('',(22.700633111683,6.426366888317,
    1.936366888317));
#7884 = CARTESIAN_POINT('',(22.488485118542,6.638514881458,
    2.148514881458));
#7885 = CARTESIAN_POINT('',(22.063474914659,7.063525085341,
    2.573525085341));
#7886 = CARTESIAN_POINT('',(21.850626556657,7.276373443343,
    2.786373443343));
#7887 = CARTESIAN_POINT('',(21.638488069559,7.488511930441,
    2.998511930441));
#7888 = CARTESIAN_POINT('',(21.213477210584,7.913522789416,
    3.423522789416));
#7889 = CARTESIAN_POINT('',(21.000619449803,8.126380550197,
    3.636380550197));
#7890 = CARTESIAN_POINT('',(20.788490695402,8.338509304598,
    3.848509304598));
#7891 = CARTESIAN_POINT('',(20.363447668827,8.763552331173,
    4.273552331172));
#7892 = CARTESIAN_POINT('',(20.15054902464,8.97645097536,4.48645097536)
  );
#7893 = CARTESIAN_POINT('',(19.938399182557,9.188600817443,
    4.698600817443));
#7894 = CARTESIAN_POINT('',(19.727,9.4,4.91));
#7895 = PLANE('',#7896);
#7896 = AXIS2_PLACEMENT_3D('',#7897,#7898,#7899);
#7897 = CARTESIAN_POINT('',(23.127,6.,4.91));
#7898 = DIRECTION('',(0.707106781187,0.707106781187,0.));
#7899 = DIRECTION('',(-0.707106781187,0.707106781187,0.));
#7900 = ADVANCED_FACE('',(#7901),#7923,.T.);
#7901 = FACE_BOUND('',#7902,.T.);
#7902 = EDGE_LOOP('',(#7903,#7904,#7905,#7918));
#7903 = ORIENTED_EDGE('',*,*,#7879,.F.);
#7904 = ORIENTED_EDGE('',*,*,#581,.F.);
#7905 = ORIENTED_EDGE('',*,*,#7906,.T.);
#7906 = EDGE_CURVE('',#574,#7907,#7909,.T.);
#7907 = VERTEX_POINT('',#7908);
#7908 = CARTESIAN_POINT('',(28.417,8.19,3.7));
#7909 = B_SPLINE_CURVE_WITH_KNOTS('',4,(#7910,#7911,#7912,#7913,#7914,
    #7915,#7916,#7917),.UNSPECIFIED.,.F.,.F.,(5,3,5),(0.,0.499871174527,
    1.),.UNSPECIFIED.);
#7910 = CARTESIAN_POINT('',(26.227,6.,1.51));
#7911 = CARTESIAN_POINT('',(26.652093316814,6.425093316814,
    1.935093316814));
#7912 = CARTESIAN_POINT('',(27.077123086227,6.850123086227,
    2.360123086227));
#7913 = CARTESIAN_POINT('',(27.502086442803,7.275086442803,
    2.785086442803));
#7914 = CARTESIAN_POINT('',(28.352092951999,8.125092951999,
    3.635092951999));
#7915 = CARTESIAN_POINT('',(28.777136030874,8.550136030874,
    4.060136030874));
#7916 = CARTESIAN_POINT('',(29.202106235551,8.975106235551,
    4.485106235551));
#7917 = CARTESIAN_POINT('',(29.627,9.4,4.91));
#7918 = ORIENTED_EDGE('',*,*,#7919,.T.);
#7919 = EDGE_CURVE('',#7907,#7870,#7920,.T.);
#7920 = B_SPLINE_CURVE_WITH_KNOTS('',1,(#7921,#7922),.UNSPECIFIED.,.F.,
  .F.,(2,2),(0.,1.),.PIECEWISE_BEZIER_KNOTS.);
#7921 = CARTESIAN_POINT('',(28.663502727853,8.19,3.7));
#7922 = CARTESIAN_POINT('',(18.625739082077,8.19,3.7));
#7923 = B_SPLINE_SURFACE_WITH_KNOTS('',1,1,(
    (#7924,#7925)
    ,(#7926,#7927
    )),.UNSPECIFIED.,.F.,.F.,.F.,(2,2),(2,2),(0.,92.3),(0.,1.),
  .PIECEWISE_BEZIER_KNOTS.);
#7924 = CARTESIAN_POINT('',(8.227,6.,1.51));
#7925 = CARTESIAN_POINT('',(11.627,9.4,4.91));
#7926 = CARTESIAN_POINT('',(100.527,6.,1.51));
#7927 = CARTESIAN_POINT('',(100.52700032116,9.4,4.91));
#7928 = ADVANCED_FACE('',(#7929),#7947,.T.);
#7929 = FACE_BOUND('',#7930,.T.);
#7930 = EDGE_LOOP('',(#7931,#7939,#7940,#7941));
#7931 = ORIENTED_EDGE('',*,*,#7932,.F.);
#7932 = EDGE_CURVE('',#7907,#7933,#7935,.T.);
#7933 = VERTEX_POINT('',#7934);
#7934 = CARTESIAN_POINT('',(26.227,6.,3.7));
#7935 = LINE('',#7936,#7937);
#7936 = CARTESIAN_POINT('',(50.004556150231,29.777556150231,3.7));
#7937 = VECTOR('',#7938,1.);
#7938 = DIRECTION('',(-0.707106781187,-0.707106781187,0.));
#7939 = ORIENTED_EDGE('',*,*,#7906,.F.);
#7940 = ORIENTED_EDGE('',*,*,#573,.F.);
#7941 = ORIENTED_EDGE('',*,*,#7942,.F.);
#7942 = EDGE_CURVE('',#7933,#566,#7943,.T.);
#7943 = LINE('',#7944,#7945);
#7944 = CARTESIAN_POINT('',(26.227,6.,4.91));
#7945 = VECTOR('',#7946,1.);
#7946 = DIRECTION('',(-0.,-0.,-1.));
#7947 = PLANE('',#7948);
#7948 = AXIS2_PLACEMENT_3D('',#7949,#7950,#7951);
#7949 = CARTESIAN_POINT('',(29.627,9.4,4.91));
#7950 = DIRECTION('',(-0.707106781187,0.707106781187,0.));
#7951 = DIRECTION('',(-0.707106781187,-0.707106781187,0.));
#7952 = ADVANCED_FACE('',(#7953),#7971,.T.);
#7953 = FACE_BOUND('',#7954,.T.);
#7954 = EDGE_LOOP('',(#7955,#7963,#7964,#7965));
#7955 = ORIENTED_EDGE('',*,*,#7956,.F.);
#7956 = EDGE_CURVE('',#7933,#7957,#7959,.T.);
#7957 = VERTEX_POINT('',#7958);
#7958 = CARTESIAN_POINT('',(33.127,6.,3.7));
#7959 = LINE('',#7960,#7961);
#7960 = CARTESIAN_POINT('',(52.596089990456,6.,3.7));
#7961 = VECTOR('',#7962,1.);
#7962 = DIRECTION('',(1.,0.,-0.));
#7963 = ORIENTED_EDGE('',*,*,#7942,.T.);
#7964 = ORIENTED_EDGE('',*,*,#565,.F.);
#7965 = ORIENTED_EDGE('',*,*,#7966,.F.);
#7966 = EDGE_CURVE('',#7957,#558,#7967,.T.);
#7967 = LINE('',#7968,#7969);
#7968 = CARTESIAN_POINT('',(33.127,6.,4.91));
#7969 = VECTOR('',#7970,1.);
#7970 = DIRECTION('',(-0.,-0.,-1.));
#7971 = PLANE('',#7972);
#7972 = AXIS2_PLACEMENT_3D('',#7973,#7974,#7975);
#7973 = CARTESIAN_POINT('',(26.227,6.,4.91));
#7974 = DIRECTION('',(0.,-1.,0.));
#7975 = DIRECTION('',(1.,0.,0.));
#7976 = ADVANCED_FACE('',(#7977),#8006,.T.);
#7977 = FACE_BOUND('',#7978,.T.);
#7978 = EDGE_LOOP('',(#7979,#7987,#7988,#7989));
#7979 = ORIENTED_EDGE('',*,*,#7980,.F.);
#7980 = EDGE_CURVE('',#7957,#7981,#7983,.T.);
#7981 = VERTEX_POINT('',#7982);
#7982 = CARTESIAN_POINT('',(30.937,8.19,3.7));
#7983 = LINE('',#7984,#7985);
#7984 = CARTESIAN_POINT('',(35.693533840225,3.433466159775,3.7));
#7985 = VECTOR('',#7986,1.);
#7986 = DIRECTION('',(-0.707106781187,0.707106781187,0.));
#7987 = ORIENTED_EDGE('',*,*,#7966,.T.);
#7988 = ORIENTED_EDGE('',*,*,#557,.F.);
#7989 = ORIENTED_EDGE('',*,*,#7990,.T.);
#7990 = EDGE_CURVE('',#551,#7981,#7991,.T.);
#7991 = B_SPLINE_CURVE_WITH_KNOTS('',4,(#7992,#7993,#7994,#7995,#7996,
    #7997,#7998,#7999,#8000,#8001,#8002,#8003,#8004,#8005),
  .UNSPECIFIED.,.F.,.F.,(5,3,3,3,5),(0.,0.246439045777,0.495186833013,
    0.746330947717,1.),.UNSPECIFIED.);
#7992 = CARTESIAN_POINT('',(33.127,6.,1.51));
#7993 = CARTESIAN_POINT('',(32.913532186553,6.213467813447,
    1.723467813447));
#7994 = CARTESIAN_POINT('',(32.700712590668,6.426287409332,
    1.936287409332));
#7995 = CARTESIAN_POINT('',(32.488544394504,6.638455605496,
    2.148455605496));
#7996 = CARTESIAN_POINT('',(32.063535231196,7.063464768804,
    2.573464768804));
#7997 = CARTESIAN_POINT('',(31.85070658231,7.27629341769,2.78629341769)
  );
#7998 = CARTESIAN_POINT('',(31.638547713318,7.488452286682,
    2.998452286682));
#7999 = CARTESIAN_POINT('',(31.213537900833,7.913462099167,
    3.423462099167));
#8000 = CARTESIAN_POINT('',(31.000699979393,8.126300020607,
    3.636300020607));
#8001 = CARTESIAN_POINT('',(30.788550675034,8.338449324966,
    3.848449324966));
#8002 = CARTESIAN_POINT('',(30.363508812105,8.763491187895,
    4.273491187895));
#8003 = CARTESIAN_POINT('',(30.150630224304,8.976369775696,
    4.486369775696));
#8004 = CARTESIAN_POINT('',(29.938459762325,9.188540237675,
    4.698540237675));
#8005 = CARTESIAN_POINT('',(29.727,9.4,4.91));
#8006 = PLANE('',#8007);
#8007 = AXIS2_PLACEMENT_3D('',#8008,#8009,#8010);
#8008 = CARTESIAN_POINT('',(33.127,6.,4.91));
#8009 = DIRECTION('',(0.707106781187,0.707106781187,0.));
#8010 = DIRECTION('',(-0.707106781187,0.707106781187,0.));
#8011 = ADVANCED_FACE('',(#8012),#8048,.T.);
#8012 = FACE_BOUND('',#8013,.T.);
#8013 = EDGE_LOOP('',(#8014,#8015,#8016,#8026,#8033,#8043));
#8014 = ORIENTED_EDGE('',*,*,#7990,.F.);
#8015 = ORIENTED_EDGE('',*,*,#550,.F.);
#8016 = ORIENTED_EDGE('',*,*,#8017,.T.);
#8017 = EDGE_CURVE('',#543,#8018,#8020,.T.);
#8018 = VERTEX_POINT('',#8019);
#8019 = CARTESIAN_POINT('',(35.9226,8.0977,3.6077));
#8020 = B_SPLINE_CURVE_WITH_KNOTS('',4,(#8021,#8022,#8023,#8024,#8025),
  .UNSPECIFIED.,.F.,.F.,(5,5),(0.,1.),.PIECEWISE_BEZIER_KNOTS.);
#8021 = CARTESIAN_POINT('',(35.9226,6.09,1.6));
#8022 = CARTESIAN_POINT('',(35.9226,6.594081628368,2.104081628368));
#8023 = CARTESIAN_POINT('',(35.9226,7.096761525863,2.606761525863));
#8024 = CARTESIAN_POINT('',(35.9226,7.597986412109,3.107986412109));
#8025 = CARTESIAN_POINT('',(35.9226,8.0977,3.6077));
#8026 = ORIENTED_EDGE('',*,*,#8027,.T.);
#8027 = EDGE_CURVE('',#8018,#8028,#8030,.T.);
#8028 = VERTEX_POINT('',#8029);
#8029 = CARTESIAN_POINT('',(32.9226,8.0977,3.6077));
#8030 = B_SPLINE_CURVE_WITH_KNOTS('',1,(#8031,#8032),.UNSPECIFIED.,.F.,
  .F.,(2,2),(0.,1.),.PIECEWISE_BEZIER_KNOTS.);
#8031 = CARTESIAN_POINT('',(35.9226,8.0977,3.6077));
#8032 = CARTESIAN_POINT('',(32.9226,8.0977,3.6077));
#8033 = ORIENTED_EDGE('',*,*,#8034,.T.);
#8034 = EDGE_CURVE('',#8028,#8035,#8037,.T.);
#8035 = VERTEX_POINT('',#8036);
#8036 = CARTESIAN_POINT('',(32.9226,8.19,3.7));
#8037 = B_SPLINE_CURVE_WITH_KNOTS('',4,(#8038,#8039,#8040,#8041,#8042),
  .UNSPECIFIED.,.F.,.F.,(5,5),(0.,1.),.PIECEWISE_BEZIER_KNOTS.);
#8038 = CARTESIAN_POINT('',(32.9226,8.0977,3.6077));
#8039 = CARTESIAN_POINT('',(32.9226,8.120780200936,3.630780200936));
#8040 = CARTESIAN_POINT('',(32.9226,8.143856943792,3.653856943792));
#8041 = CARTESIAN_POINT('',(32.9226,8.166930205134,3.676930205134));
#8042 = CARTESIAN_POINT('',(32.9226,8.19,3.7));
#8043 = ORIENTED_EDGE('',*,*,#8044,.T.);
#8044 = EDGE_CURVE('',#8035,#7981,#8045,.T.);
#8045 = B_SPLINE_CURVE_WITH_KNOTS('',1,(#8046,#8047),.UNSPECIFIED.,.F.,
  .F.,(2,2),(0.,1.),.PIECEWISE_BEZIER_KNOTS.);
#8046 = CARTESIAN_POINT('',(81.168542354323,8.19,3.7));
#8047 = CARTESIAN_POINT('',(28.76184705523,8.19,3.7));
#8048 = B_SPLINE_SURFACE_WITH_KNOTS('',1,1,(
    (#8049,#8050)
    ,(#8051,#8052
    )),.UNSPECIFIED.,.F.,.F.,.F.,(2,2),(2,2),(0.,92.3),(0.,1.),
  .PIECEWISE_BEZIER_KNOTS.);
#8049 = CARTESIAN_POINT('',(8.227,6.,1.51));
#8050 = CARTESIAN_POINT('',(11.627,9.4,4.91));
#8051 = CARTESIAN_POINT('',(100.527,6.,1.51));
#8052 = CARTESIAN_POINT('',(100.52700032116,9.4,4.91));
#8053 = ADVANCED_FACE('',(#8054),#8064,.F.);
#8054 = FACE_BOUND('',#8055,.F.);
#8055 = EDGE_LOOP('',(#8056,#8057,#8058));
#8056 = ORIENTED_EDGE('',*,*,#542,.F.);
#8057 = ORIENTED_EDGE('',*,*,#8017,.T.);
#8058 = ORIENTED_EDGE('',*,*,#8059,.T.);
#8059 = EDGE_CURVE('',#8018,#535,#8060,.T.);
#8060 = LINE('',#8061,#8062);
#8061 = CARTESIAN_POINT('',(35.9226,8.0977,4.9));
#8062 = VECTOR('',#8063,1.);
#8063 = DIRECTION('',(-0.,-0.,-1.));
#8064 = PLANE('',#8065);
#8065 = AXIS2_PLACEMENT_3D('',#8066,#8067,#8068);
#8066 = CARTESIAN_POINT('',(35.9226,8.0977,4.9));
#8067 = DIRECTION('',(-1.,0.,0.));
#8068 = DIRECTION('',(0.,-1.,0.));
#8069 = ADVANCED_FACE('',(#8070),#8081,.F.);
#8070 = FACE_BOUND('',#8071,.F.);
#8071 = EDGE_LOOP('',(#8072,#8073,#8079,#8080));
#8072 = ORIENTED_EDGE('',*,*,#8027,.T.);
#8073 = ORIENTED_EDGE('',*,*,#8074,.T.);
#8074 = EDGE_CURVE('',#8028,#527,#8075,.T.);
#8075 = LINE('',#8076,#8077);
#8076 = CARTESIAN_POINT('',(32.9226,8.0977,4.9));
#8077 = VECTOR('',#8078,1.);
#8078 = DIRECTION('',(-0.,-0.,-1.));
#8079 = ORIENTED_EDGE('',*,*,#534,.F.);
#8080 = ORIENTED_EDGE('',*,*,#8059,.F.);
#8081 = PLANE('',#8082);
#8082 = AXIS2_PLACEMENT_3D('',#8083,#8084,#8085);
#8083 = CARTESIAN_POINT('',(32.9226,8.0977,4.9));
#8084 = DIRECTION('',(0.,-1.,0.));
#8085 = DIRECTION('',(1.,0.,0.));
#8086 = ADVANCED_FACE('',(#8087),#8106,.F.);
#8087 = FACE_BOUND('',#8088,.F.);
#8088 = EDGE_LOOP('',(#8089,#8097,#8103,#8104,#8105));
#8089 = ORIENTED_EDGE('',*,*,#8090,.F.);
#8090 = EDGE_CURVE('',#8091,#8035,#8093,.T.);
#8091 = VERTEX_POINT('',#8092);
#8092 = CARTESIAN_POINT('',(32.9226,12.0977,3.7));
#8093 = LINE('',#8094,#8095);
#8094 = CARTESIAN_POINT('',(32.9226,44.428343350515,3.7));
#8095 = VECTOR('',#8096,1.);
#8096 = DIRECTION('',(0.,-1.,0.));
#8097 = ORIENTED_EDGE('',*,*,#8098,.T.);
#8098 = EDGE_CURVE('',#8091,#519,#8099,.T.);
#8099 = LINE('',#8100,#8101);
#8100 = CARTESIAN_POINT('',(32.9226,12.0977,4.9));
#8101 = VECTOR('',#8102,1.);
#8102 = DIRECTION('',(-0.,-0.,-1.));
#8103 = ORIENTED_EDGE('',*,*,#526,.F.);
#8104 = ORIENTED_EDGE('',*,*,#8074,.F.);
#8105 = ORIENTED_EDGE('',*,*,#8034,.T.);
#8106 = PLANE('',#8107);
#8107 = AXIS2_PLACEMENT_3D('',#8108,#8109,#8110);
#8108 = CARTESIAN_POINT('',(32.9226,12.0977,4.9));
#8109 = DIRECTION('',(-1.,0.,0.));
#8110 = DIRECTION('',(0.,-1.,0.));
#8111 = ADVANCED_FACE('',(#8112),#8130,.F.);
#8112 = FACE_BOUND('',#8113,.F.);
#8113 = EDGE_LOOP('',(#8114,#8122,#8128,#8129));
#8114 = ORIENTED_EDGE('',*,*,#8115,.F.);
#8115 = EDGE_CURVE('',#8116,#8091,#8118,.T.);
#8116 = VERTEX_POINT('',#8117);
#8117 = CARTESIAN_POINT('',(34.9226,12.0977,3.7));
#8118 = LINE('',#8119,#8120);
#8119 = CARTESIAN_POINT('',(54.920508816324,12.0977,3.7));
#8120 = VECTOR('',#8121,1.);
#8121 = DIRECTION('',(-1.,0.,0.));
#8122 = ORIENTED_EDGE('',*,*,#8123,.T.);
#8123 = EDGE_CURVE('',#8116,#511,#8124,.T.);
#8124 = LINE('',#8125,#8126);
#8125 = CARTESIAN_POINT('',(34.9226,12.0977,4.9));
#8126 = VECTOR('',#8127,1.);
#8127 = DIRECTION('',(-0.,-0.,-1.));
#8128 = ORIENTED_EDGE('',*,*,#518,.F.);
#8129 = ORIENTED_EDGE('',*,*,#8098,.F.);
#8130 = PLANE('',#8131);
#8131 = AXIS2_PLACEMENT_3D('',#8132,#8133,#8134);
#8132 = CARTESIAN_POINT('',(34.9226,12.0977,4.9));
#8133 = DIRECTION('',(0.,1.,0.));
#8134 = DIRECTION('',(-1.,0.,0.));
#8135 = ADVANCED_FACE('',(#8136),#8154,.F.);
#8136 = FACE_BOUND('',#8137,.F.);
#8137 = EDGE_LOOP('',(#8138,#8146,#8152,#8153));
#8138 = ORIENTED_EDGE('',*,*,#8139,.F.);
#8139 = EDGE_CURVE('',#8140,#8116,#8142,.T.);
#8140 = VERTEX_POINT('',#8141);
#8141 = CARTESIAN_POINT('',(34.9226,15.6977,3.7));
#8142 = LINE('',#8143,#8144);
#8143 = CARTESIAN_POINT('',(34.9226,46.228343350515,3.7));
#8144 = VECTOR('',#8145,1.);
#8145 = DIRECTION('',(0.,-1.,0.));
#8146 = ORIENTED_EDGE('',*,*,#8147,.T.);
#8147 = EDGE_CURVE('',#8140,#503,#8148,.T.);
#8148 = LINE('',#8149,#8150);
#8149 = CARTESIAN_POINT('',(34.9226,15.6977,4.9));
#8150 = VECTOR('',#8151,1.);
#8151 = DIRECTION('',(-0.,-0.,-1.));
#8152 = ORIENTED_EDGE('',*,*,#510,.F.);
#8153 = ORIENTED_EDGE('',*,*,#8123,.F.);
#8154 = PLANE('',#8155);
#8155 = AXIS2_PLACEMENT_3D('',#8156,#8157,#8158);
#8156 = CARTESIAN_POINT('',(34.9226,15.6977,4.9));
#8157 = DIRECTION('',(-1.,0.,0.));
#8158 = DIRECTION('',(0.,-1.,0.));
#8159 = ADVANCED_FACE('',(#8160),#8178,.F.);
#8160 = FACE_BOUND('',#8161,.F.);
#8161 = EDGE_LOOP('',(#8162,#8163,#8171,#8177));
#8162 = ORIENTED_EDGE('',*,*,#8147,.F.);
#8163 = ORIENTED_EDGE('',*,*,#8164,.F.);
#8164 = EDGE_CURVE('',#8165,#8140,#8167,.T.);
#8165 = VERTEX_POINT('',#8166);
#8166 = CARTESIAN_POINT('',(42.9226,15.6977,3.7));
#8167 = LINE('',#8168,#8169);
#8168 = CARTESIAN_POINT('',(56.920508816324,15.6977,3.7));
#8169 = VECTOR('',#8170,1.);
#8170 = DIRECTION('',(-1.,0.,0.));
#8171 = ORIENTED_EDGE('',*,*,#8172,.T.);
#8172 = EDGE_CURVE('',#8165,#495,#8173,.T.);
#8173 = LINE('',#8174,#8175);
#8174 = CARTESIAN_POINT('',(42.9226,15.6977,4.9));
#8175 = VECTOR('',#8176,1.);
#8176 = DIRECTION('',(-0.,-0.,-1.));
#8177 = ORIENTED_EDGE('',*,*,#502,.F.);
#8178 = PLANE('',#8179);
#8179 = AXIS2_PLACEMENT_3D('',#8180,#8181,#8182);
#8180 = CARTESIAN_POINT('',(38.9226,15.6977,3.25));
#8181 = DIRECTION('',(0.,1.,0.));
#8182 = DIRECTION('',(0.,0.,1.));
#8183 = ADVANCED_FACE('',(#8184),#8202,.T.);
#8184 = FACE_BOUND('',#8185,.T.);
#8185 = EDGE_LOOP('',(#8186,#8194,#8195,#8196));
#8186 = ORIENTED_EDGE('',*,*,#8187,.F.);
#8187 = EDGE_CURVE('',#8165,#8188,#8190,.T.);
#8188 = VERTEX_POINT('',#8189);
#8189 = CARTESIAN_POINT('',(42.9226,12.0977,3.7));
#8190 = LINE('',#8191,#8192);
#8191 = CARTESIAN_POINT('',(42.9226,46.228343350515,3.7));
#8192 = VECTOR('',#8193,1.);
#8193 = DIRECTION('',(0.,-1.,0.));
#8194 = ORIENTED_EDGE('',*,*,#8172,.T.);
#8195 = ORIENTED_EDGE('',*,*,#494,.F.);
#8196 = ORIENTED_EDGE('',*,*,#8197,.F.);
#8197 = EDGE_CURVE('',#8188,#487,#8198,.T.);
#8198 = LINE('',#8199,#8200);
#8199 = CARTESIAN_POINT('',(42.9226,12.0977,4.9));
#8200 = VECTOR('',#8201,1.);
#8201 = DIRECTION('',(-0.,-0.,-1.));
#8202 = PLANE('',#8203);
#8203 = AXIS2_PLACEMENT_3D('',#8204,#8205,#8206);
#8204 = CARTESIAN_POINT('',(42.9226,15.6977,4.9));
#8205 = DIRECTION('',(-1.,0.,0.));
#8206 = DIRECTION('',(0.,-1.,0.));
#8207 = ADVANCED_FACE('',(#8208),#8226,.T.);
#8208 = FACE_BOUND('',#8209,.T.);
#8209 = EDGE_LOOP('',(#8210,#8218,#8219,#8220));
#8210 = ORIENTED_EDGE('',*,*,#8211,.F.);
#8211 = EDGE_CURVE('',#8188,#8212,#8214,.T.);
#8212 = VERTEX_POINT('',#8213);
#8213 = CARTESIAN_POINT('',(44.9226,12.0977,3.7));
#8214 = LINE('',#8215,#8216);
#8215 = CARTESIAN_POINT('',(58.920508816324,12.0977,3.7));
#8216 = VECTOR('',#8217,1.);
#8217 = DIRECTION('',(1.,0.,0.));
#8218 = ORIENTED_EDGE('',*,*,#8197,.T.);
#8219 = ORIENTED_EDGE('',*,*,#486,.F.);
#8220 = ORIENTED_EDGE('',*,*,#8221,.F.);
#8221 = EDGE_CURVE('',#8212,#479,#8222,.T.);
#8222 = LINE('',#8223,#8224);
#8223 = CARTESIAN_POINT('',(44.9226,12.0977,4.9));
#8224 = VECTOR('',#8225,1.);
#8225 = DIRECTION('',(-0.,-0.,-1.));
#8226 = PLANE('',#8227);
#8227 = AXIS2_PLACEMENT_3D('',#8228,#8229,#8230);
#8228 = CARTESIAN_POINT('',(42.9226,12.0977,4.9));
#8229 = DIRECTION('',(0.,-1.,0.));
#8230 = DIRECTION('',(1.,0.,0.));
#8231 = ADVANCED_FACE('',(#8232),#8260,.T.);
#8232 = FACE_BOUND('',#8233,.T.);
#8233 = EDGE_LOOP('',(#8234,#8242,#8243,#8244,#8252));
#8234 = ORIENTED_EDGE('',*,*,#8235,.F.);
#8235 = EDGE_CURVE('',#8212,#8236,#8238,.T.);
#8236 = VERTEX_POINT('',#8237);
#8237 = CARTESIAN_POINT('',(44.9226,8.19,3.7));
#8238 = LINE('',#8239,#8240);
#8239 = CARTESIAN_POINT('',(44.9226,44.428343350515,3.7));
#8240 = VECTOR('',#8241,1.);
#8241 = DIRECTION('',(0.,-1.,0.));
#8242 = ORIENTED_EDGE('',*,*,#8221,.T.);
#8243 = ORIENTED_EDGE('',*,*,#478,.F.);
#8244 = ORIENTED_EDGE('',*,*,#8245,.F.);
#8245 = EDGE_CURVE('',#8246,#471,#8248,.T.);
#8246 = VERTEX_POINT('',#8247);
#8247 = CARTESIAN_POINT('',(44.9226,8.0977,3.6077));
#8248 = LINE('',#8249,#8250);
#8249 = CARTESIAN_POINT('',(44.9226,8.0977,4.9));
#8250 = VECTOR('',#8251,1.);
#8251 = DIRECTION('',(-0.,-0.,-1.));
#8252 = ORIENTED_EDGE('',*,*,#8253,.T.);
#8253 = EDGE_CURVE('',#8246,#8236,#8254,.T.);
#8254 = B_SPLINE_CURVE_WITH_KNOTS('',4,(#8255,#8256,#8257,#8258,#8259),
  .UNSPECIFIED.,.F.,.F.,(5,5),(0.,1.),.PIECEWISE_BEZIER_KNOTS.);
#8255 = CARTESIAN_POINT('',(44.9226,8.0977,3.6077));
#8256 = CARTESIAN_POINT('',(44.9226,8.120778788037,3.630778788037));
#8257 = CARTESIAN_POINT('',(44.9226,8.143855057863,3.653855057863));
#8258 = CARTESIAN_POINT('',(44.9226,8.166928791736,3.676928791736));
#8259 = CARTESIAN_POINT('',(44.9226,8.19,3.7));
#8260 = PLANE('',#8261);
#8261 = AXIS2_PLACEMENT_3D('',#8262,#8263,#8264);
#8262 = CARTESIAN_POINT('',(44.9226,12.0977,4.9));
#8263 = DIRECTION('',(-1.,0.,0.));
#8264 = DIRECTION('',(0.,-1.,0.));
#8265 = ADVANCED_FACE('',(#8266),#8283,.T.);
#8266 = FACE_BOUND('',#8267,.T.);
#8267 = EDGE_LOOP('',(#8268,#8275,#8276,#8277));
#8268 = ORIENTED_EDGE('',*,*,#8269,.F.);
#8269 = EDGE_CURVE('',#8246,#8270,#8272,.T.);
#8270 = VERTEX_POINT('',#8271);
#8271 = CARTESIAN_POINT('',(41.9226,8.0977,3.6077));
#8272 = B_SPLINE_CURVE_WITH_KNOTS('',1,(#8273,#8274),.UNSPECIFIED.,.F.,
  .F.,(2,2),(0.,1.),.PIECEWISE_BEZIER_KNOTS.);
#8273 = CARTESIAN_POINT('',(44.9226,8.0977,3.6077));
#8274 = CARTESIAN_POINT('',(41.9226,8.0977,3.6077));
#8275 = ORIENTED_EDGE('',*,*,#8245,.T.);
#8276 = ORIENTED_EDGE('',*,*,#470,.F.);
#8277 = ORIENTED_EDGE('',*,*,#8278,.F.);
#8278 = EDGE_CURVE('',#8270,#463,#8279,.T.);
#8279 = LINE('',#8280,#8281);
#8280 = CARTESIAN_POINT('',(41.9226,8.0977,4.9));
#8281 = VECTOR('',#8282,1.);
#8282 = DIRECTION('',(-0.,-0.,-1.));
#8283 = PLANE('',#8284);
#8284 = AXIS2_PLACEMENT_3D('',#8285,#8286,#8287);
#8285 = CARTESIAN_POINT('',(44.9226,8.0977,4.9));
#8286 = DIRECTION('',(0.,1.,0.));
#8287 = DIRECTION('',(-1.,0.,0.));
#8288 = ADVANCED_FACE('',(#8289),#8301,.T.);
#8289 = FACE_BOUND('',#8290,.T.);
#8290 = EDGE_LOOP('',(#8291,#8292,#8300));
#8291 = ORIENTED_EDGE('',*,*,#462,.F.);
#8292 = ORIENTED_EDGE('',*,*,#8293,.T.);
#8293 = EDGE_CURVE('',#456,#8270,#8294,.T.);
#8294 = B_SPLINE_CURVE_WITH_KNOTS('',4,(#8295,#8296,#8297,#8298,#8299),
  .UNSPECIFIED.,.F.,.F.,(5,5),(0.,1.),.PIECEWISE_BEZIER_KNOTS.);
#8295 = CARTESIAN_POINT('',(41.9226,6.09,1.6));
#8296 = CARTESIAN_POINT('',(41.9226,6.593762484506,2.103762484506));
#8297 = CARTESIAN_POINT('',(41.9226,7.096332687858,2.606332687858));
#8298 = CARTESIAN_POINT('',(41.9226,7.597662382755,3.107662382755));
#8299 = CARTESIAN_POINT('',(41.9226,8.0977,3.6077));
#8300 = ORIENTED_EDGE('',*,*,#8278,.T.);
#8301 = PLANE('',#8302);
#8302 = AXIS2_PLACEMENT_3D('',#8303,#8304,#8305);
#8303 = CARTESIAN_POINT('',(41.9226,8.0977,4.9));
#8304 = DIRECTION('',(-1.,0.,0.));
#8305 = DIRECTION('',(0.,-1.,0.));
#8306 = ADVANCED_FACE('',(#8307),#8328,.T.);
#8307 = FACE_BOUND('',#8308,.T.);
#8308 = EDGE_LOOP('',(#8309,#8310,#8320,#8325,#8326,#8327));
#8309 = ORIENTED_EDGE('',*,*,#455,.F.);
#8310 = ORIENTED_EDGE('',*,*,#8311,.T.);
#8311 = EDGE_CURVE('',#448,#8312,#8314,.T.);
#8312 = VERTEX_POINT('',#8313);
#8313 = CARTESIAN_POINT('',(45.391397089525,8.19,3.7));
#8314 = B_SPLINE_CURVE_WITH_KNOTS('',4,(#8315,#8316,#8317,#8318,#8319),
  .UNSPECIFIED.,.F.,.F.,(5,5),(0.,1.),.PIECEWISE_BEZIER_KNOTS.);
#8315 = CARTESIAN_POINT('',(44.127,6.,1.51));
#8316 = CARTESIAN_POINT('',(44.444546344977,6.550006403257,
    2.060006403257));
#8317 = CARTESIAN_POINT('',(44.762090322704,7.100008706318,
    2.610008706318));
#8318 = CARTESIAN_POINT('',(45.079631792605,7.650006665697,
    3.160006665697));
#8319 = CARTESIAN_POINT('',(45.397170592217,8.2,3.71));
#8320 = ORIENTED_EDGE('',*,*,#8321,.T.);
#8321 = EDGE_CURVE('',#8312,#8236,#8322,.T.);
#8322 = B_SPLINE_CURVE_WITH_KNOTS('',1,(#8323,#8324),.UNSPECIFIED.,.F.,
  .F.,(2,2),(0.,1.),.PIECEWISE_BEZIER_KNOTS.);
#8323 = CARTESIAN_POINT('',(81.168542354323,8.19,3.7));
#8324 = CARTESIAN_POINT('',(28.76184705523,8.19,3.7));
#8325 = ORIENTED_EDGE('',*,*,#8253,.F.);
#8326 = ORIENTED_EDGE('',*,*,#8269,.T.);
#8327 = ORIENTED_EDGE('',*,*,#8293,.F.);
#8328 = B_SPLINE_SURFACE_WITH_KNOTS('',1,1,(
    (#8329,#8330)
    ,(#8331,#8332
    )),.UNSPECIFIED.,.F.,.F.,.F.,(2,2),(2,2),(0.,92.3),(0.,1.),
  .PIECEWISE_BEZIER_KNOTS.);
#8329 = CARTESIAN_POINT('',(8.227,6.,1.51));
#8330 = CARTESIAN_POINT('',(11.627,9.4,4.91));
#8331 = CARTESIAN_POINT('',(100.527,6.,1.51));
#8332 = CARTESIAN_POINT('',(100.52700032116,9.4,4.91));
#8333 = ADVANCED_FACE('',(#8334),#8352,.T.);
#8334 = FACE_BOUND('',#8335,.T.);
#8335 = EDGE_LOOP('',(#8336,#8344,#8350,#8351));
#8336 = ORIENTED_EDGE('',*,*,#8337,.F.);
#8337 = EDGE_CURVE('',#8338,#440,#8340,.T.);
#8338 = VERTEX_POINT('',#8339);
#8339 = CARTESIAN_POINT('',(44.127,6.,3.7));
#8340 = LINE('',#8341,#8342);
#8341 = CARTESIAN_POINT('',(44.127,6.,4.91));
#8342 = VECTOR('',#8343,1.);
#8343 = DIRECTION('',(-0.,-0.,-1.));
#8344 = ORIENTED_EDGE('',*,*,#8345,.F.);
#8345 = EDGE_CURVE('',#8312,#8338,#8346,.T.);
#8346 = LINE('',#8347,#8348);
#8347 = CARTESIAN_POINT('',(56.818431370094,27.982203953776,3.7));
#8348 = VECTOR('',#8349,1.);
#8349 = DIRECTION('',(-0.5,-0.866025403784,0.));
#8350 = ORIENTED_EDGE('',*,*,#8311,.F.);
#8351 = ORIENTED_EDGE('',*,*,#447,.F.);
#8352 = PLANE('',#8353);
#8353 = AXIS2_PLACEMENT_3D('',#8354,#8355,#8356);
#8354 = CARTESIAN_POINT('',(45.397170592217,8.2,4.91));
#8355 = DIRECTION('',(-0.866025403784,0.5,0.));
#8356 = DIRECTION('',(-0.5,-0.866025403784,0.));
#8357 = ADVANCED_FACE('',(#8358),#8376,.T.);
#8358 = FACE_BOUND('',#8359,.T.);
#8359 = EDGE_LOOP('',(#8360,#8368,#8369,#8370));
#8360 = ORIENTED_EDGE('',*,*,#8361,.F.);
#8361 = EDGE_CURVE('',#8338,#8362,#8364,.T.);
#8362 = VERTEX_POINT('',#8363);
#8363 = CARTESIAN_POINT('',(46.867341184306,6.,3.7));
#8364 = LINE('',#8365,#8366);
#8365 = CARTESIAN_POINT('',(61.546089990456,6.,3.7));
#8366 = VECTOR('',#8367,1.);
#8367 = DIRECTION('',(1.,0.,-0.));
#8368 = ORIENTED_EDGE('',*,*,#8337,.T.);
#8369 = ORIENTED_EDGE('',*,*,#439,.F.);
#8370 = ORIENTED_EDGE('',*,*,#8371,.F.);
#8371 = EDGE_CURVE('',#8362,#432,#8372,.T.);
#8372 = LINE('',#8373,#8374);
#8373 = CARTESIAN_POINT('',(46.867341184306,6.,4.91));
#8374 = VECTOR('',#8375,1.);
#8375 = DIRECTION('',(-0.,-0.,-1.));
#8376 = PLANE('',#8377);
#8377 = AXIS2_PLACEMENT_3D('',#8378,#8379,#8380);
#8378 = CARTESIAN_POINT('',(44.127,6.,4.91));
#8379 = DIRECTION('',(0.,-1.,0.));
#8380 = DIRECTION('',(1.,0.,0.));
#8381 = ADVANCED_FACE('',(#8382),#8405,.T.);
#8382 = FACE_BOUND('',#8383,.T.);
#8383 = EDGE_LOOP('',(#8384,#8392,#8393,#8394));
#8384 = ORIENTED_EDGE('',*,*,#8385,.F.);
#8385 = EDGE_CURVE('',#8362,#8386,#8388,.T.);
#8386 = VERTEX_POINT('',#8387);
#8387 = CARTESIAN_POINT('',(45.602944094908,8.19,3.7));
#8388 = LINE('',#8389,#8390);
#8389 = CARTESIAN_POINT('',(43.177997457293,12.390130782417,3.7));
#8390 = VECTOR('',#8391,1.);
#8391 = DIRECTION('',(-0.499999999962,0.866025403806,0.));
#8392 = ORIENTED_EDGE('',*,*,#8371,.T.);
#8393 = ORIENTED_EDGE('',*,*,#431,.F.);
#8394 = ORIENTED_EDGE('',*,*,#8395,.T.);
#8395 = EDGE_CURVE('',#425,#8386,#8396,.T.);
#8396 = B_SPLINE_CURVE_WITH_KNOTS('',4,(#8397,#8398,#8399,#8400,#8401,
    #8402,#8403,#8404),.UNSPECIFIED.,.F.,.F.,(5,3,5),(0.,0.496945250223,
    1.),.UNSPECIFIED.);
#8397 = CARTESIAN_POINT('',(46.867341184306,6.,1.51));
#8398 = CARTESIAN_POINT('',(46.708150625438,6.275726136074,
    1.785726136074));
#8399 = CARTESIAN_POINT('',(46.549412590694,6.550668477371,
    2.060668477371));
#8400 = CARTESIAN_POINT('',(46.391132882133,6.824816974434,
    2.334816974434));
#8401 = CARTESIAN_POINT('',(46.073561360712,7.374866984627,
    2.884866984627));
#8402 = CARTESIAN_POINT('',(45.914281024281,7.650748619999,
    3.160748619999));
#8403 = CARTESIAN_POINT('',(45.75548216154,7.925796318479,3.435796318479
    ));
#8404 = CARTESIAN_POINT('',(45.597170592217,8.2,3.71));
#8405 = PLANE('',#8406);
#8406 = AXIS2_PLACEMENT_3D('',#8407,#8408,#8409);
#8407 = CARTESIAN_POINT('',(46.867341184306,6.,4.91));
#8408 = DIRECTION('',(0.866025403806,0.499999999962,0.));
#8409 = DIRECTION('',(-0.499999999962,0.866025403806,0.));
#8410 = ADVANCED_FACE('',(#8411),#8447,.T.);
#8411 = FACE_BOUND('',#8412,.T.);
#8412 = EDGE_LOOP('',(#8413,#8420,#8421,#8422,#8432,#8439));
#8413 = ORIENTED_EDGE('',*,*,#8414,.T.);
#8414 = EDGE_CURVE('',#8415,#8386,#8417,.T.);
#8415 = VERTEX_POINT('',#8416);
#8416 = CARTESIAN_POINT('',(47.06884384,8.19,3.7));
#8417 = B_SPLINE_CURVE_WITH_KNOTS('',1,(#8418,#8419),.UNSPECIFIED.,.F.,
  .F.,(2,2),(0.,1.),.PIECEWISE_BEZIER_KNOTS.);
#8418 = CARTESIAN_POINT('',(81.168542354323,8.19,3.7));
#8419 = CARTESIAN_POINT('',(28.76184705523,8.19,3.7));
#8420 = ORIENTED_EDGE('',*,*,#8395,.F.);
#8421 = ORIENTED_EDGE('',*,*,#424,.F.);
#8422 = ORIENTED_EDGE('',*,*,#8423,.T.);
#8423 = EDGE_CURVE('',#417,#8424,#8426,.T.);
#8424 = VERTEX_POINT('',#8425);
#8425 = CARTESIAN_POINT('',(52.327,7.02670717,2.53670717));
#8426 = B_SPLINE_CURVE_WITH_KNOTS('',4,(#8427,#8428,#8429,#8430,#8431),
  .UNSPECIFIED.,.F.,.F.,(5,5),(0.,1.),.PIECEWISE_BEZIER_KNOTS.);
#8427 = CARTESIAN_POINT('',(52.327,6.29,1.8));
#8428 = CARTESIAN_POINT('',(52.327,6.474351374836,1.984351374836));
#8429 = CARTESIAN_POINT('',(52.327,6.658587628205,2.168587628205));
#8430 = CARTESIAN_POINT('',(52.327,6.842706866988,2.352706866988));
#8431 = CARTESIAN_POINT('',(52.327,7.02670717,2.53670717));
#8432 = ORIENTED_EDGE('',*,*,#8433,.T.);
#8433 = EDGE_CURVE('',#8424,#8434,#8436,.T.);
#8434 = VERTEX_POINT('',#8435);
#8435 = CARTESIAN_POINT('',(47.06884384,7.02670717,2.53670717));
#8436 = B_SPLINE_CURVE_WITH_KNOTS('',1,(#8437,#8438),.UNSPECIFIED.,.F.,
  .F.,(2,2),(0.,1.),.PIECEWISE_BEZIER_KNOTS.);
#8437 = CARTESIAN_POINT('',(52.327,7.02670717,2.53670717));
#8438 = CARTESIAN_POINT('',(47.06884384,7.02670717,2.53670717));
#8439 = ORIENTED_EDGE('',*,*,#8440,.T.);
#8440 = EDGE_CURVE('',#8434,#8415,#8441,.T.);
#8441 = B_SPLINE_CURVE_WITH_KNOTS('',4,(#8442,#8443,#8444,#8445,#8446),
  .UNSPECIFIED.,.F.,.F.,(5,5),(0.,1.),.PIECEWISE_BEZIER_KNOTS.);
#8442 = CARTESIAN_POINT('',(47.06884384,7.02670717,2.53670717));
#8443 = CARTESIAN_POINT('',(47.06884384,7.318074732015,2.828074732015));
#8444 = CARTESIAN_POINT('',(47.06884384,7.609085309172,3.119085309172));
#8445 = CARTESIAN_POINT('',(47.06884384,7.899730116908,3.409730116908));
#8446 = CARTESIAN_POINT('',(47.06884384,8.19,3.7));
#8447 = B_SPLINE_SURFACE_WITH_KNOTS('',1,1,(
    (#8448,#8449)
    ,(#8450,#8451
    )),.UNSPECIFIED.,.F.,.F.,.F.,(2,2),(2,2),(0.,92.3),(0.,1.),
  .PIECEWISE_BEZIER_KNOTS.);
#8448 = CARTESIAN_POINT('',(8.227,6.,1.51));
#8449 = CARTESIAN_POINT('',(11.627,9.4,4.91));
#8450 = CARTESIAN_POINT('',(100.527,6.,1.51));
#8451 = CARTESIAN_POINT('',(100.52700032116,9.4,4.91));
#8452 = ADVANCED_FACE('',(#8453),#8463,.T.);
#8453 = FACE_BOUND('',#8454,.T.);
#8454 = EDGE_LOOP('',(#8455,#8461,#8462));
#8455 = ORIENTED_EDGE('',*,*,#8456,.F.);
#8456 = EDGE_CURVE('',#8424,#409,#8457,.T.);
#8457 = LINE('',#8458,#8459);
#8458 = CARTESIAN_POINT('',(52.327,7.02670717,4.9));
#8459 = VECTOR('',#8460,1.);
#8460 = DIRECTION('',(-0.,-0.,-1.));
#8461 = ORIENTED_EDGE('',*,*,#8423,.F.);
#8462 = ORIENTED_EDGE('',*,*,#416,.F.);
#8463 = PLANE('',#8464);
#8464 = AXIS2_PLACEMENT_3D('',#8465,#8466,#8467);
#8465 = CARTESIAN_POINT('',(52.327,5.142444767504,2.558881909942));
#8466 = DIRECTION('',(1.,-3.6E-16,-9.74E-15));
#8467 = DIRECTION('',(9.74E-15,0.,1.));
#8468 = ADVANCED_FACE('',(#8469),#8480,.F.);
#8469 = FACE_BOUND('',#8470,.F.);
#8470 = EDGE_LOOP('',(#8471,#8472,#8478,#8479));
#8471 = ORIENTED_EDGE('',*,*,#8433,.T.);
#8472 = ORIENTED_EDGE('',*,*,#8473,.T.);
#8473 = EDGE_CURVE('',#8434,#401,#8474,.T.);
#8474 = LINE('',#8475,#8476);
#8475 = CARTESIAN_POINT('',(47.06884384,7.02670717,4.9));
#8476 = VECTOR('',#8477,1.);
#8477 = DIRECTION('',(-0.,-0.,-1.));
#8478 = ORIENTED_EDGE('',*,*,#408,.F.);
#8479 = ORIENTED_EDGE('',*,*,#8456,.F.);
#8480 = PLANE('',#8481);
#8481 = AXIS2_PLACEMENT_3D('',#8482,#8483,#8484);
#8482 = CARTESIAN_POINT('',(47.06884384,7.02670717,4.9));
#8483 = DIRECTION('',(0.,-1.,0.));
#8484 = DIRECTION('',(1.,0.,0.));
#8485 = ADVANCED_FACE('',(#8486),#8505,.F.);
#8486 = FACE_BOUND('',#8487,.F.);
#8487 = EDGE_LOOP('',(#8488,#8496,#8502,#8503,#8504));
#8488 = ORIENTED_EDGE('',*,*,#8489,.F.);
#8489 = EDGE_CURVE('',#8490,#8415,#8492,.T.);
#8490 = VERTEX_POINT('',#8491);
#8491 = CARTESIAN_POINT('',(47.06884384,11.68376064,3.7));
#8492 = LINE('',#8493,#8494);
#8493 = CARTESIAN_POINT('',(47.06884384,26.627902630006,3.7));
#8494 = VECTOR('',#8495,1.);
#8495 = DIRECTION('',(0.,-1.,0.));
#8496 = ORIENTED_EDGE('',*,*,#8497,.T.);
#8497 = EDGE_CURVE('',#8490,#393,#8498,.T.);
#8498 = LINE('',#8499,#8500);
#8499 = CARTESIAN_POINT('',(47.06884384,11.68376064,4.9));
#8500 = VECTOR('',#8501,1.);
#8501 = DIRECTION('',(-0.,-0.,-1.));
#8502 = ORIENTED_EDGE('',*,*,#400,.F.);
#8503 = ORIENTED_EDGE('',*,*,#8473,.F.);
#8504 = ORIENTED_EDGE('',*,*,#8440,.T.);
#8505 = PLANE('',#8506);
#8506 = AXIS2_PLACEMENT_3D('',#8507,#8508,#8509);
#8507 = CARTESIAN_POINT('',(47.06884384,11.68376064,4.9));
#8508 = DIRECTION('',(-1.,0.,0.));
#8509 = DIRECTION('',(0.,-1.,0.));
#8510 = ADVANCED_FACE('',(#8511),#8529,.F.);
#8511 = FACE_BOUND('',#8512,.F.);
#8512 = EDGE_LOOP('',(#8513,#8521,#8527,#8528));
#8513 = ORIENTED_EDGE('',*,*,#8514,.F.);
#8514 = EDGE_CURVE('',#8515,#8490,#8517,.T.);
#8515 = VERTEX_POINT('',#8516);
#8516 = CARTESIAN_POINT('',(52.327,11.68376064,3.7));
#8517 = LINE('',#8518,#8519);
#8518 = CARTESIAN_POINT('',(65.646089990456,11.68376064,3.7));
#8519 = VECTOR('',#8520,1.);
#8520 = DIRECTION('',(-1.,0.,0.));
#8521 = ORIENTED_EDGE('',*,*,#8522,.T.);
#8522 = EDGE_CURVE('',#8515,#385,#8523,.T.);
#8523 = LINE('',#8524,#8525);
#8524 = CARTESIAN_POINT('',(52.327,11.68376064,4.9));
#8525 = VECTOR('',#8526,1.);
#8526 = DIRECTION('',(-0.,-0.,-1.));
#8527 = ORIENTED_EDGE('',*,*,#392,.F.);
#8528 = ORIENTED_EDGE('',*,*,#8497,.F.);
#8529 = PLANE('',#8530);
#8530 = AXIS2_PLACEMENT_3D('',#8531,#8532,#8533);
#8531 = CARTESIAN_POINT('',(52.327,11.68376064,4.9));
#8532 = DIRECTION('',(0.,1.,0.));
#8533 = DIRECTION('',(-1.,0.,0.));
#8534 = ADVANCED_FACE('',(#8535),#8554,.F.);
#8535 = FACE_BOUND('',#8536,.F.);
#8536 = EDGE_LOOP('',(#8537,#8545,#8551,#8552,#8553));
#8537 = ORIENTED_EDGE('',*,*,#8538,.F.);
#8538 = EDGE_CURVE('',#8539,#8515,#8541,.T.);
#8539 = VERTEX_POINT('',#8540);
#8540 = CARTESIAN_POINT('',(52.327,8.65,3.7));
#8541 = LINE('',#8542,#8543);
#8542 = CARTESIAN_POINT('',(52.327,24.299375895006,3.7));
#8543 = VECTOR('',#8544,1.);
#8544 = DIRECTION('',(0.,1.,0.));
#8545 = ORIENTED_EDGE('',*,*,#8546,.T.);
#8546 = EDGE_CURVE('',#8539,#4335,#8547,.T.);
#8547 = LINE('',#8548,#8549);
#8548 = CARTESIAN_POINT('',(52.327,8.65,3.7));
#8549 = VECTOR('',#8550,1.);
#8550 = DIRECTION('',(0.,-2.2E-16,-1.));
#8551 = ORIENTED_EDGE('',*,*,#4334,.F.);
#8552 = ORIENTED_EDGE('',*,*,#384,.F.);
#8553 = ORIENTED_EDGE('',*,*,#8522,.F.);
#8554 = PLANE('',#8555);
#8555 = AXIS2_PLACEMENT_3D('',#8556,#8557,#8558);
#8556 = CARTESIAN_POINT('',(52.327,7.02670717,4.9));
#8557 = DIRECTION('',(1.,0.,0.));
#8558 = DIRECTION('',(0.,1.,0.));
#8559 = ADVANCED_FACE('',(#8560),#8580,.F.);
#8560 = FACE_BOUND('',#8561,.F.);
#8561 = EDGE_LOOP('',(#8562,#8563,#8569,#8570,#8571,#8572,#8573));
#8562 = ORIENTED_EDGE('',*,*,#4971,.T.);
#8563 = ORIENTED_EDGE('',*,*,#8564,.T.);
#8564 = EDGE_CURVE('',#4893,#1650,#8565,.T.);
#8565 = LINE('',#8566,#8567);
#8566 = CARTESIAN_POINT('',(104.627,11.,3.7));
#8567 = VECTOR('',#8568,1.);
#8568 = DIRECTION('',(-0.,-0.,-1.));
#8569 = ORIENTED_EDGE('',*,*,#1649,.T.);
#8570 = ORIENTED_EDGE('',*,*,#8564,.F.);
#8571 = ORIENTED_EDGE('',*,*,#4899,.T.);
#8572 = ORIENTED_EDGE('',*,*,#4847,.T.);
#8573 = ORIENTED_EDGE('',*,*,#8574,.F.);
#8574 = EDGE_CURVE('',#4972,#4832,#8575,.T.);
#8575 = CIRCLE('',#8576,4.1);
#8576 = AXIS2_PLACEMENT_3D('',#8577,#8578,#8579);
#8577 = CARTESIAN_POINT('',(100.527,11.,3.7));
#8578 = DIRECTION('',(0.,0.,1.));
#8579 = DIRECTION('',(1.,0.,0.));
#8580 = CYLINDRICAL_SURFACE('',#8581,4.1);
#8581 = AXIS2_PLACEMENT_3D('',#8582,#8583,#8584);
#8582 = CARTESIAN_POINT('',(100.527,11.,3.7));
#8583 = DIRECTION('',(0.,0.,1.));
#8584 = DIRECTION('',(1.,0.,0.));
#8585 = ADVANCED_FACE('',(#8586),#8610,.F.);
#8586 = FACE_BOUND('',#8587,.F.);
#8587 = EDGE_LOOP('',(#8588,#8596,#8602,#8603,#8609));
#8588 = ORIENTED_EDGE('',*,*,#8589,.F.);
#8589 = EDGE_CURVE('',#8590,#4539,#8592,.T.);
#8590 = VERTEX_POINT('',#8591);
#8591 = CARTESIAN_POINT('',(74.151718,14.47012,3.7));
#8592 = LINE('',#8593,#8594);
#8593 = CARTESIAN_POINT('',(74.151718,45.614553350515,3.7));
#8594 = VECTOR('',#8595,1.);
#8595 = DIRECTION('',(0.,-1.,0.));
#8596 = ORIENTED_EDGE('',*,*,#8597,.T.);
#8597 = EDGE_CURVE('',#8590,#1661,#8598,.T.);
#8598 = LINE('',#8599,#8600);
#8599 = CARTESIAN_POINT('',(74.151718,14.47012,4.9));
#8600 = VECTOR('',#8601,1.);
#8601 = DIRECTION('',(-0.,-0.,-1.));
#8602 = ORIENTED_EDGE('',*,*,#1660,.T.);
#8603 = ORIENTED_EDGE('',*,*,#8604,.F.);
#8604 = EDGE_CURVE('',#4532,#1663,#8605,.T.);
#8605 = LINE('',#8606,#8607);
#8606 = CARTESIAN_POINT('',(74.151718,6.831024,4.9));
#8607 = VECTOR('',#8608,1.);
#8608 = DIRECTION('',(-0.,-0.,-1.));
#8609 = ORIENTED_EDGE('',*,*,#4538,.T.);
#8610 = PLANE('',#8611);
#8611 = AXIS2_PLACEMENT_3D('',#8612,#8613,#8614);
#8612 = CARTESIAN_POINT('',(74.151718,14.47012,4.9));
#8613 = DIRECTION('',(-1.,0.,0.));
#8614 = DIRECTION('',(0.,-1.,0.));
#8615 = ADVANCED_FACE('',(#8616),#8634,.F.);
#8616 = FACE_BOUND('',#8617,.F.);
#8617 = EDGE_LOOP('',(#8618,#8626,#8632,#8633));
#8618 = ORIENTED_EDGE('',*,*,#8619,.F.);
#8619 = EDGE_CURVE('',#8620,#8590,#8622,.T.);
#8620 = VERTEX_POINT('',#8621);
#8621 = CARTESIAN_POINT('',(76.504997,14.47012,3.7));
#8622 = LINE('',#8623,#8624);
#8623 = CARTESIAN_POINT('',(75.711707316324,14.47012,3.7));
#8624 = VECTOR('',#8625,1.);
#8625 = DIRECTION('',(-1.,0.,0.));
#8626 = ORIENTED_EDGE('',*,*,#8627,.T.);
#8627 = EDGE_CURVE('',#8620,#1679,#8628,.T.);
#8628 = LINE('',#8629,#8630);
#8629 = CARTESIAN_POINT('',(76.504997,14.47012,4.9));
#8630 = VECTOR('',#8631,1.);
#8631 = DIRECTION('',(-0.,-0.,-1.));
#8632 = ORIENTED_EDGE('',*,*,#1686,.T.);
#8633 = ORIENTED_EDGE('',*,*,#8597,.F.);
#8634 = PLANE('',#8635);
#8635 = AXIS2_PLACEMENT_3D('',#8636,#8637,#8638);
#8636 = CARTESIAN_POINT('',(76.504997,14.47012,4.9));
#8637 = DIRECTION('',(0.,1.,0.));
#8638 = DIRECTION('',(-1.,0.,0.));
#8639 = ADVANCED_FACE('',(#8640),#8651,.F.);
#8640 = FACE_BOUND('',#8641,.F.);
#8641 = EDGE_LOOP('',(#8642,#8643,#8644,#8645));
#8642 = ORIENTED_EDGE('',*,*,#4531,.T.);
#8643 = ORIENTED_EDGE('',*,*,#8604,.T.);
#8644 = ORIENTED_EDGE('',*,*,#1670,.T.);
#8645 = ORIENTED_EDGE('',*,*,#8646,.F.);
#8646 = EDGE_CURVE('',#4522,#1671,#8647,.T.);
#8647 = LINE('',#8648,#8649);
#8648 = CARTESIAN_POINT('',(76.504997,6.831024,4.9));
#8649 = VECTOR('',#8650,1.);
#8650 = DIRECTION('',(-0.,-0.,-1.));
#8651 = PLANE('',#8652);
#8652 = AXIS2_PLACEMENT_3D('',#8653,#8654,#8655);
#8653 = CARTESIAN_POINT('',(74.151718,6.831024,4.9));
#8654 = DIRECTION('',(0.,-1.,0.));
#8655 = DIRECTION('',(1.,0.,0.));
#8656 = ADVANCED_FACE('',(#8657),#8669,.F.);
#8657 = FACE_BOUND('',#8658,.F.);
#8658 = EDGE_LOOP('',(#8659,#8665,#8666,#8667,#8668));
#8659 = ORIENTED_EDGE('',*,*,#8660,.F.);
#8660 = EDGE_CURVE('',#4515,#8620,#8661,.T.);
#8661 = LINE('',#8662,#8663);
#8662 = CARTESIAN_POINT('',(76.504997,41.795005350515,3.7));
#8663 = VECTOR('',#8664,1.);
#8664 = DIRECTION('',(0.,1.,0.));
#8665 = ORIENTED_EDGE('',*,*,#4521,.F.);
#8666 = ORIENTED_EDGE('',*,*,#8646,.T.);
#8667 = ORIENTED_EDGE('',*,*,#1678,.T.);
#8668 = ORIENTED_EDGE('',*,*,#8627,.F.);
#8669 = PLANE('',#8670);
#8670 = AXIS2_PLACEMENT_3D('',#8671,#8672,#8673);
#8671 = CARTESIAN_POINT('',(76.504997,6.831024,4.9));
#8672 = DIRECTION('',(1.,0.,0.));
#8673 = DIRECTION('',(0.,1.,0.));
#8674 = ADVANCED_FACE('',(#8675),#8699,.F.);
#8675 = FACE_BOUND('',#8676,.F.);
#8676 = EDGE_LOOP('',(#8677,#8685,#8691,#8692,#8698));
#8677 = ORIENTED_EDGE('',*,*,#8678,.F.);
#8678 = EDGE_CURVE('',#8679,#4573,#8681,.T.);
#8679 = VERTEX_POINT('',#8680);
#8680 = CARTESIAN_POINT('',(70.676109,14.47012,3.7));
#8681 = LINE('',#8682,#8683);
#8682 = CARTESIAN_POINT('',(70.676109,45.614553350515,3.7));
#8683 = VECTOR('',#8684,1.);
#8684 = DIRECTION('',(0.,-1.,0.));
#8685 = ORIENTED_EDGE('',*,*,#8686,.T.);
#8686 = EDGE_CURVE('',#8679,#1695,#8687,.T.);
#8687 = LINE('',#8688,#8689);
#8688 = CARTESIAN_POINT('',(70.676109,14.47012,4.9));
#8689 = VECTOR('',#8690,1.);
#8690 = DIRECTION('',(-0.,-0.,-1.));
#8691 = ORIENTED_EDGE('',*,*,#1694,.T.);
#8692 = ORIENTED_EDGE('',*,*,#8693,.F.);
#8693 = EDGE_CURVE('',#4566,#1697,#8694,.T.);
#8694 = LINE('',#8695,#8696);
#8695 = CARTESIAN_POINT('',(70.676109,6.831024,4.9));
#8696 = VECTOR('',#8697,1.);
#8697 = DIRECTION('',(-0.,-0.,-1.));
#8698 = ORIENTED_EDGE('',*,*,#4572,.T.);
#8699 = PLANE('',#8700);
#8700 = AXIS2_PLACEMENT_3D('',#8701,#8702,#8703);
#8701 = CARTESIAN_POINT('',(70.676109,14.47012,4.9));
#8702 = DIRECTION('',(-1.,0.,0.));
#8703 = DIRECTION('',(0.,-1.,0.));
#8704 = ADVANCED_FACE('',(#8705),#8723,.F.);
#8705 = FACE_BOUND('',#8706,.F.);
#8706 = EDGE_LOOP('',(#8707,#8715,#8721,#8722));
#8707 = ORIENTED_EDGE('',*,*,#8708,.F.);
#8708 = EDGE_CURVE('',#8709,#8679,#8711,.T.);
#8709 = VERTEX_POINT('',#8710);
#8710 = CARTESIAN_POINT('',(72.631142,14.47012,3.7));
#8711 = LINE('',#8712,#8713);
#8712 = CARTESIAN_POINT('',(73.774779816324,14.47012,3.7));
#8713 = VECTOR('',#8714,1.);
#8714 = DIRECTION('',(-1.,0.,0.));
#8715 = ORIENTED_EDGE('',*,*,#8716,.T.);
#8716 = EDGE_CURVE('',#8709,#1713,#8717,.T.);
#8717 = LINE('',#8718,#8719);
#8718 = CARTESIAN_POINT('',(72.631142,14.47012,4.9));
#8719 = VECTOR('',#8720,1.);
#8720 = DIRECTION('',(-0.,-0.,-1.));
#8721 = ORIENTED_EDGE('',*,*,#1720,.T.);
#8722 = ORIENTED_EDGE('',*,*,#8686,.F.);
#8723 = PLANE('',#8724);
#8724 = AXIS2_PLACEMENT_3D('',#8725,#8726,#8727);
#8725 = CARTESIAN_POINT('',(72.631142,14.47012,4.9));
#8726 = DIRECTION('',(0.,1.,0.));
#8727 = DIRECTION('',(-1.,0.,0.));
#8728 = ADVANCED_FACE('',(#8729),#8740,.F.);
#8729 = FACE_BOUND('',#8730,.F.);
#8730 = EDGE_LOOP('',(#8731,#8732,#8733,#8734));
#8731 = ORIENTED_EDGE('',*,*,#4565,.T.);
#8732 = ORIENTED_EDGE('',*,*,#8693,.T.);
#8733 = ORIENTED_EDGE('',*,*,#1704,.T.);
#8734 = ORIENTED_EDGE('',*,*,#8735,.F.);
#8735 = EDGE_CURVE('',#4556,#1705,#8736,.T.);
#8736 = LINE('',#8737,#8738);
#8737 = CARTESIAN_POINT('',(72.631142,6.831024,4.9));
#8738 = VECTOR('',#8739,1.);
#8739 = DIRECTION('',(-0.,-0.,-1.));
#8740 = PLANE('',#8741);
#8741 = AXIS2_PLACEMENT_3D('',#8742,#8743,#8744);
#8742 = CARTESIAN_POINT('',(70.676109,6.831024,4.9));
#8743 = DIRECTION('',(0.,-1.,0.));
#8744 = DIRECTION('',(1.,0.,0.));
#8745 = ADVANCED_FACE('',(#8746),#8758,.F.);
#8746 = FACE_BOUND('',#8747,.F.);
#8747 = EDGE_LOOP('',(#8748,#8754,#8755,#8756,#8757));
#8748 = ORIENTED_EDGE('',*,*,#8749,.F.);
#8749 = EDGE_CURVE('',#4549,#8709,#8750,.T.);
#8750 = LINE('',#8751,#8752);
#8751 = CARTESIAN_POINT('',(72.631142,41.795005350515,3.7));
#8752 = VECTOR('',#8753,1.);
#8753 = DIRECTION('',(0.,1.,0.));
#8754 = ORIENTED_EDGE('',*,*,#4555,.F.);
#8755 = ORIENTED_EDGE('',*,*,#8735,.T.);
#8756 = ORIENTED_EDGE('',*,*,#1712,.T.);
#8757 = ORIENTED_EDGE('',*,*,#8716,.F.);
#8758 = PLANE('',#8759);
#8759 = AXIS2_PLACEMENT_3D('',#8760,#8761,#8762);
#8760 = CARTESIAN_POINT('',(72.631142,6.831024,4.9));
#8761 = DIRECTION('',(1.,0.,0.));
#8762 = DIRECTION('',(0.,1.,0.));
#8763 = ADVANCED_FACE('',(#8764),#8788,.F.);
#8764 = FACE_BOUND('',#8765,.F.);
#8765 = EDGE_LOOP('',(#8766,#8774,#8780,#8781,#8787));
#8766 = ORIENTED_EDGE('',*,*,#8767,.F.);
#8767 = EDGE_CURVE('',#8768,#4607,#8770,.T.);
#8768 = VERTEX_POINT('',#8769);
#8769 = CARTESIAN_POINT('',(66.874664,14.47012,3.7));
#8770 = LINE('',#8771,#8772);
#8771 = CARTESIAN_POINT('',(66.874664,45.614553350515,3.7));
#8772 = VECTOR('',#8773,1.);
#8773 = DIRECTION('',(0.,-1.,0.));
#8774 = ORIENTED_EDGE('',*,*,#8775,.T.);
#8775 = EDGE_CURVE('',#8768,#1729,#8776,.T.);
#8776 = LINE('',#8777,#8778);
#8777 = CARTESIAN_POINT('',(66.874664,14.47012,4.9));
#8778 = VECTOR('',#8779,1.);
#8779 = DIRECTION('',(-0.,-0.,-1.));
#8780 = ORIENTED_EDGE('',*,*,#1728,.T.);
#8781 = ORIENTED_EDGE('',*,*,#8782,.F.);
#8782 = EDGE_CURVE('',#4600,#1731,#8783,.T.);
#8783 = LINE('',#8784,#8785);
#8784 = CARTESIAN_POINT('',(66.874664,6.831024,4.9));
#8785 = VECTOR('',#8786,1.);
#8786 = DIRECTION('',(-0.,-0.,-1.));
#8787 = ORIENTED_EDGE('',*,*,#4606,.T.);
#8788 = PLANE('',#8789);
#8789 = AXIS2_PLACEMENT_3D('',#8790,#8791,#8792);
#8790 = CARTESIAN_POINT('',(66.874664,14.47012,4.9));
#8791 = DIRECTION('',(-1.,0.,0.));
#8792 = DIRECTION('',(0.,-1.,0.));
#8793 = ADVANCED_FACE('',(#8794),#8812,.F.);
#8794 = FACE_BOUND('',#8795,.F.);
#8795 = EDGE_LOOP('',(#8796,#8804,#8810,#8811));
#8796 = ORIENTED_EDGE('',*,*,#8797,.F.);
#8797 = EDGE_CURVE('',#8798,#8768,#8800,.T.);
#8798 = VERTEX_POINT('',#8799);
#8799 = CARTESIAN_POINT('',(68.938301,14.47012,3.7));
#8800 = LINE('',#8801,#8802);
#8801 = CARTESIAN_POINT('',(71.928359316324,14.47012,3.7));
#8802 = VECTOR('',#8803,1.);
#8803 = DIRECTION('',(-1.,0.,0.));
#8804 = ORIENTED_EDGE('',*,*,#8805,.T.);
#8805 = EDGE_CURVE('',#8798,#1747,#8806,.T.);
#8806 = LINE('',#8807,#8808);
#8807 = CARTESIAN_POINT('',(68.938301,14.47012,4.9));
#8808 = VECTOR('',#8809,1.);
#8809 = DIRECTION('',(-0.,-0.,-1.));
#8810 = ORIENTED_EDGE('',*,*,#1754,.T.);
#8811 = ORIENTED_EDGE('',*,*,#8775,.F.);
#8812 = PLANE('',#8813);
#8813 = AXIS2_PLACEMENT_3D('',#8814,#8815,#8816);
#8814 = CARTESIAN_POINT('',(68.938301,14.47012,4.9));
#8815 = DIRECTION('',(0.,1.,0.));
#8816 = DIRECTION('',(-1.,0.,0.));
#8817 = ADVANCED_FACE('',(#8818),#8829,.F.);
#8818 = FACE_BOUND('',#8819,.F.);
#8819 = EDGE_LOOP('',(#8820,#8821,#8822,#8823));
#8820 = ORIENTED_EDGE('',*,*,#4599,.T.);
#8821 = ORIENTED_EDGE('',*,*,#8782,.T.);
#8822 = ORIENTED_EDGE('',*,*,#1738,.T.);
#8823 = ORIENTED_EDGE('',*,*,#8824,.F.);
#8824 = EDGE_CURVE('',#4590,#1739,#8825,.T.);
#8825 = LINE('',#8826,#8827);
#8826 = CARTESIAN_POINT('',(68.938301,6.831024,4.9));
#8827 = VECTOR('',#8828,1.);
#8828 = DIRECTION('',(-0.,-0.,-1.));
#8829 = PLANE('',#8830);
#8830 = AXIS2_PLACEMENT_3D('',#8831,#8832,#8833);
#8831 = CARTESIAN_POINT('',(66.874664,6.831024,4.9));
#8832 = DIRECTION('',(0.,-1.,0.));
#8833 = DIRECTION('',(1.,0.,0.));
#8834 = ADVANCED_FACE('',(#8835),#8847,.F.);
#8835 = FACE_BOUND('',#8836,.F.);
#8836 = EDGE_LOOP('',(#8837,#8843,#8844,#8845,#8846));
#8837 = ORIENTED_EDGE('',*,*,#8838,.F.);
#8838 = EDGE_CURVE('',#4583,#8798,#8839,.T.);
#8839 = LINE('',#8840,#8841);
#8840 = CARTESIAN_POINT('',(68.938301,41.795005350515,3.7));
#8841 = VECTOR('',#8842,1.);
#8842 = DIRECTION('',(0.,1.,0.));
#8843 = ORIENTED_EDGE('',*,*,#4589,.F.);
#8844 = ORIENTED_EDGE('',*,*,#8824,.T.);
#8845 = ORIENTED_EDGE('',*,*,#1746,.T.);
#8846 = ORIENTED_EDGE('',*,*,#8805,.F.);
#8847 = PLANE('',#8848);
#8848 = AXIS2_PLACEMENT_3D('',#8849,#8850,#8851);
#8849 = CARTESIAN_POINT('',(68.938301,6.831024,4.9));
#8850 = DIRECTION('',(1.,0.,0.));
#8851 = DIRECTION('',(0.,1.,0.));
#8852 = ADVANCED_FACE('',(#8853),#8878,.F.);
#8853 = FACE_BOUND('',#8854,.F.);
#8854 = EDGE_LOOP('',(#8855,#8865,#8871,#8872));
#8855 = ORIENTED_EDGE('',*,*,#8856,.F.);
#8856 = EDGE_CURVE('',#8857,#8859,#8861,.T.);
#8857 = VERTEX_POINT('',#8858);
#8858 = CARTESIAN_POINT('',(55.06970189,10.29940796,3.7));
#8859 = VERTEX_POINT('',#8860);
#8860 = CARTESIAN_POINT('',(58.73135376,10.29940796,3.7));
#8861 = LINE('',#8862,#8863);
#8862 = CARTESIAN_POINT('',(67.017440935456,10.29940796,3.7));
#8863 = VECTOR('',#8864,1.);
#8864 = DIRECTION('',(1.,0.,0.));
#8865 = ORIENTED_EDGE('',*,*,#8866,.T.);
#8866 = EDGE_CURVE('',#8857,#1765,#8867,.T.);
#8867 = LINE('',#8868,#8869);
#8868 = CARTESIAN_POINT('',(55.06970189,10.29940796,4.9));
#8869 = VECTOR('',#8870,1.);
#8870 = DIRECTION('',(-0.,-0.,-1.));
#8871 = ORIENTED_EDGE('',*,*,#1762,.F.);
#8872 = ORIENTED_EDGE('',*,*,#8873,.F.);
#8873 = EDGE_CURVE('',#8859,#1763,#8874,.T.);
#8874 = LINE('',#8875,#8876);
#8875 = CARTESIAN_POINT('',(58.73135376,10.29940796,4.9));
#8876 = VECTOR('',#8877,1.);
#8877 = DIRECTION('',(-0.,-0.,-1.));
#8878 = PLANE('',#8879);
#8879 = AXIS2_PLACEMENT_3D('',#8880,#8881,#8882);
#8880 = CARTESIAN_POINT('',(55.06970189,10.29940796,4.9));
#8881 = DIRECTION('',(0.,-1.,0.));
#8882 = DIRECTION('',(1.,0.,0.));
#8883 = ADVANCED_FACE('',(#8884),#8902,.F.);
#8884 = FACE_BOUND('',#8885,.F.);
#8885 = EDGE_LOOP('',(#8886,#8894,#8895,#8896));
#8886 = ORIENTED_EDGE('',*,*,#8887,.F.);
#8887 = EDGE_CURVE('',#8859,#8888,#8890,.T.);
#8888 = VERTEX_POINT('',#8889);
#8889 = CARTESIAN_POINT('',(58.73135376,14.35211182,3.7));
#8890 = LINE('',#8891,#8892);
#8891 = CARTESIAN_POINT('',(58.73135376,25.935726290006,3.7));
#8892 = VECTOR('',#8893,1.);
#8893 = DIRECTION('',(0.,1.,0.));
#8894 = ORIENTED_EDGE('',*,*,#8873,.T.);
#8895 = ORIENTED_EDGE('',*,*,#1772,.F.);
#8896 = ORIENTED_EDGE('',*,*,#8897,.F.);
#8897 = EDGE_CURVE('',#8888,#1773,#8898,.T.);
#8898 = LINE('',#8899,#8900);
#8899 = CARTESIAN_POINT('',(58.73135376,14.35211182,4.9));
#8900 = VECTOR('',#8901,1.);
#8901 = DIRECTION('',(-0.,-0.,-1.));
#8902 = PLANE('',#8903);
#8903 = AXIS2_PLACEMENT_3D('',#8904,#8905,#8906);
#8904 = CARTESIAN_POINT('',(58.73135376,10.29940796,4.9));
#8905 = DIRECTION('',(1.,0.,0.));
#8906 = DIRECTION('',(0.,1.,0.));
#8907 = ADVANCED_FACE('',(#8908),#8926,.F.);
#8908 = FACE_BOUND('',#8909,.F.);
#8909 = EDGE_LOOP('',(#8910,#8918,#8924,#8925));
#8910 = ORIENTED_EDGE('',*,*,#8911,.F.);
#8911 = EDGE_CURVE('',#8912,#8857,#8914,.T.);
#8912 = VERTEX_POINT('',#8913);
#8913 = CARTESIAN_POINT('',(55.06970189,14.35211182,3.7));
#8914 = LINE('',#8915,#8916);
#8915 = CARTESIAN_POINT('',(55.06970189,27.962078220006,3.7));
#8916 = VECTOR('',#8917,1.);
#8917 = DIRECTION('',(0.,-1.,0.));
#8918 = ORIENTED_EDGE('',*,*,#8919,.T.);
#8919 = EDGE_CURVE('',#8912,#1781,#8920,.T.);
#8920 = LINE('',#8921,#8922);
#8921 = CARTESIAN_POINT('',(55.06970189,14.35211182,4.9));
#8922 = VECTOR('',#8923,1.);
#8923 = DIRECTION('',(-0.,-0.,-1.));
#8924 = ORIENTED_EDGE('',*,*,#1788,.F.);
#8925 = ORIENTED_EDGE('',*,*,#8866,.F.);
#8926 = PLANE('',#8927);
#8927 = AXIS2_PLACEMENT_3D('',#8928,#8929,#8930);
#8928 = CARTESIAN_POINT('',(55.06970189,14.35211182,4.9));
#8929 = DIRECTION('',(-1.,0.,0.));
#8930 = DIRECTION('',(0.,-1.,0.));
#8931 = ADVANCED_FACE('',(#8932),#8943,.F.);
#8932 = FACE_BOUND('',#8933,.F.);
#8933 = EDGE_LOOP('',(#8934,#8940,#8941,#8942));
#8934 = ORIENTED_EDGE('',*,*,#8935,.F.);
#8935 = EDGE_CURVE('',#8888,#8912,#8936,.T.);
#8936 = LINE('',#8937,#8938);
#8937 = CARTESIAN_POINT('',(68.848266870456,14.35211182,3.7));
#8938 = VECTOR('',#8939,1.);
#8939 = DIRECTION('',(-1.,0.,0.));
#8940 = ORIENTED_EDGE('',*,*,#8897,.T.);
#8941 = ORIENTED_EDGE('',*,*,#1780,.F.);
#8942 = ORIENTED_EDGE('',*,*,#8919,.F.);
#8943 = PLANE('',#8944);
#8944 = AXIS2_PLACEMENT_3D('',#8945,#8946,#8947);
#8945 = CARTESIAN_POINT('',(58.73135376,14.35211182,4.9));
#8946 = DIRECTION('',(0.,1.,0.));
#8947 = DIRECTION('',(-1.,0.,0.));
#8948 = ADVANCED_FACE('',(#8949),#8965,.F.);
#8949 = FACE_BOUND('',#8950,.F.);
#8950 = EDGE_LOOP('',(#8951,#8952,#8958,#8959));
#8951 = ORIENTED_EDGE('',*,*,#3394,.F.);
#8952 = ORIENTED_EDGE('',*,*,#8953,.T.);
#8953 = EDGE_CURVE('',#3395,#1797,#8954,.T.);
#8954 = LINE('',#8955,#8956);
#8955 = CARTESIAN_POINT('',(86.901314,33.988976,4.9));
#8956 = VECTOR('',#8957,1.);
#8957 = DIRECTION('',(-0.,-0.,-1.));
#8958 = ORIENTED_EDGE('',*,*,#1796,.T.);
#8959 = ORIENTED_EDGE('',*,*,#8960,.F.);
#8960 = EDGE_CURVE('',#3397,#1799,#8961,.T.);
#8961 = LINE('',#8962,#8963);
#8962 = CARTESIAN_POINT('',(86.901314,45.512505,4.9));
#8963 = VECTOR('',#8964,1.);
#8964 = DIRECTION('',(-0.,-0.,-1.));
#8965 = PLANE('',#8966);
#8966 = AXIS2_PLACEMENT_3D('',#8967,#8968,#8969);
#8967 = CARTESIAN_POINT('',(86.901314,32.988976,4.9));
#8968 = DIRECTION('',(1.,0.,0.));
#8969 = DIRECTION('',(0.,1.,0.));
#8970 = ADVANCED_FACE('',(#8971),#8982,.F.);
#8971 = FACE_BOUND('',#8972,.F.);
#8972 = EDGE_LOOP('',(#8973,#8974,#8980,#8981));
#8973 = ORIENTED_EDGE('',*,*,#3404,.T.);
#8974 = ORIENTED_EDGE('',*,*,#8975,.T.);
#8975 = EDGE_CURVE('',#3405,#1850,#8976,.T.);
#8976 = LINE('',#8977,#8978);
#8977 = CARTESIAN_POINT('',(85.901314,32.988976,4.9));
#8978 = VECTOR('',#8979,1.);
#8979 = DIRECTION('',(-0.,-0.,-1.));
#8980 = ORIENTED_EDGE('',*,*,#1857,.F.);
#8981 = ORIENTED_EDGE('',*,*,#8953,.F.);
#8982 = CYLINDRICAL_SURFACE('',#8983,1.);
#8983 = AXIS2_PLACEMENT_3D('',#8984,#8985,#8986);
#8984 = CARTESIAN_POINT('',(85.901314,33.988976,4.9));
#8985 = DIRECTION('',(-0.,-0.,-1.));
#8986 = DIRECTION('',(1.,0.,0.));
#8987 = ADVANCED_FACE('',(#8988),#8999,.F.);
#8988 = FACE_BOUND('',#8989,.T.);
#8989 = EDGE_LOOP('',(#8990,#8991,#8997,#8998));
#8990 = ORIENTED_EDGE('',*,*,#3455,.T.);
#8991 = ORIENTED_EDGE('',*,*,#8992,.T.);
#8992 = EDGE_CURVE('',#3448,#1807,#8993,.T.);
#8993 = LINE('',#8994,#8995);
#8994 = CARTESIAN_POINT('',(85.901314,46.512505,4.9));
#8995 = VECTOR('',#8996,1.);
#8996 = DIRECTION('',(-0.,-0.,-1.));
#8997 = ORIENTED_EDGE('',*,*,#1806,.F.);
#8998 = ORIENTED_EDGE('',*,*,#8960,.F.);
#8999 = CYLINDRICAL_SURFACE('',#9000,1.);
#9000 = AXIS2_PLACEMENT_3D('',#9001,#9002,#9003);
#9001 = CARTESIAN_POINT('',(85.901314,45.512505,4.9));
#9002 = DIRECTION('',(-0.,-0.,-1.));
#9003 = DIRECTION('',(1.,0.,0.));
#9004 = ADVANCED_FACE('',(#9005),#9016,.F.);
#9005 = FACE_BOUND('',#9006,.F.);
#9006 = EDGE_LOOP('',(#9007,#9008,#9014,#9015));
#9007 = ORIENTED_EDGE('',*,*,#3413,.F.);
#9008 = ORIENTED_EDGE('',*,*,#9009,.T.);
#9009 = EDGE_CURVE('',#3414,#1841,#9010,.T.);
#9010 = LINE('',#9011,#9012);
#9011 = CARTESIAN_POINT('',(75.301338,32.988976,4.9));
#9012 = VECTOR('',#9013,1.);
#9013 = DIRECTION('',(-0.,-0.,-1.));
#9014 = ORIENTED_EDGE('',*,*,#1849,.T.);
#9015 = ORIENTED_EDGE('',*,*,#8975,.F.);
#9016 = PLANE('',#9017);
#9017 = AXIS2_PLACEMENT_3D('',#9018,#9019,#9020);
#9018 = CARTESIAN_POINT('',(74.301338,32.988976,4.9));
#9019 = DIRECTION('',(0.,-1.,0.));
#9020 = DIRECTION('',(1.,0.,0.));
#9021 = ADVANCED_FACE('',(#9022),#9033,.F.);
#9022 = FACE_BOUND('',#9023,.F.);
#9023 = EDGE_LOOP('',(#9024,#9025,#9026,#9027));
#9024 = ORIENTED_EDGE('',*,*,#3447,.F.);
#9025 = ORIENTED_EDGE('',*,*,#8992,.T.);
#9026 = ORIENTED_EDGE('',*,*,#1815,.T.);
#9027 = ORIENTED_EDGE('',*,*,#9028,.F.);
#9028 = EDGE_CURVE('',#3439,#1816,#9029,.T.);
#9029 = LINE('',#9030,#9031);
#9030 = CARTESIAN_POINT('',(75.301338,46.512505,4.9));
#9031 = VECTOR('',#9032,1.);
#9032 = DIRECTION('',(-0.,-0.,-1.));
#9033 = PLANE('',#9034);
#9034 = AXIS2_PLACEMENT_3D('',#9035,#9036,#9037);
#9035 = CARTESIAN_POINT('',(86.901314,46.512505,4.9));
#9036 = DIRECTION('',(0.,1.,0.));
#9037 = DIRECTION('',(-1.,0.,0.));
#9038 = ADVANCED_FACE('',(#9039),#9050,.F.);
#9039 = FACE_BOUND('',#9040,.F.);
#9040 = EDGE_LOOP('',(#9041,#9042,#9048,#9049));
#9041 = ORIENTED_EDGE('',*,*,#3421,.T.);
#9042 = ORIENTED_EDGE('',*,*,#9043,.T.);
#9043 = EDGE_CURVE('',#3422,#1833,#9044,.T.);
#9044 = LINE('',#9045,#9046);
#9045 = CARTESIAN_POINT('',(74.301338,33.988976,4.9));
#9046 = VECTOR('',#9047,1.);
#9047 = DIRECTION('',(-0.,-0.,-1.));
#9048 = ORIENTED_EDGE('',*,*,#1840,.F.);
#9049 = ORIENTED_EDGE('',*,*,#9009,.F.);
#9050 = CYLINDRICAL_SURFACE('',#9051,1.);
#9051 = AXIS2_PLACEMENT_3D('',#9052,#9053,#9054);
#9052 = CARTESIAN_POINT('',(75.301338,33.988976,4.9));
#9053 = DIRECTION('',(-0.,-0.,-1.));
#9054 = DIRECTION('',(0.,-1.,0.));
#9055 = ADVANCED_FACE('',(#9056),#9067,.F.);
#9056 = FACE_BOUND('',#9057,.T.);
#9057 = EDGE_LOOP('',(#9058,#9059,#9065,#9066));
#9058 = ORIENTED_EDGE('',*,*,#3438,.T.);
#9059 = ORIENTED_EDGE('',*,*,#9060,.T.);
#9060 = EDGE_CURVE('',#3431,#1824,#9061,.T.);
#9061 = LINE('',#9062,#9063);
#9062 = CARTESIAN_POINT('',(74.301338,45.512505,4.9));
#9063 = VECTOR('',#9064,1.);
#9064 = DIRECTION('',(-0.,-0.,-1.));
#9065 = ORIENTED_EDGE('',*,*,#1823,.F.);
#9066 = ORIENTED_EDGE('',*,*,#9028,.F.);
#9067 = CYLINDRICAL_SURFACE('',#9068,1.);
#9068 = AXIS2_PLACEMENT_3D('',#9069,#9070,#9071);
#9069 = CARTESIAN_POINT('',(75.301338,45.512505,4.9));
#9070 = DIRECTION('',(-0.,-0.,-1.));
#9071 = DIRECTION('',(0.,1.,0.));
#9072 = ADVANCED_FACE('',(#9073),#9079,.F.);
#9073 = FACE_BOUND('',#9074,.F.);
#9074 = EDGE_LOOP('',(#9075,#9076,#9077,#9078));
#9075 = ORIENTED_EDGE('',*,*,#3430,.F.);
#9076 = ORIENTED_EDGE('',*,*,#9060,.T.);
#9077 = ORIENTED_EDGE('',*,*,#1832,.T.);
#9078 = ORIENTED_EDGE('',*,*,#9043,.F.);
#9079 = PLANE('',#9080);
#9080 = AXIS2_PLACEMENT_3D('',#9081,#9082,#9083);
#9081 = CARTESIAN_POINT('',(74.301338,46.512505,4.9));
#9082 = DIRECTION('',(-1.,0.,0.));
#9083 = DIRECTION('',(0.,-1.,0.));
#9084 = ADVANCED_FACE('',(#9085),#9101,.T.);
#9085 = FACE_BOUND('',#9086,.T.);
#9086 = EDGE_LOOP('',(#9087,#9088,#9094,#9095));
#9087 = ORIENTED_EDGE('',*,*,#2814,.F.);
#9088 = ORIENTED_EDGE('',*,*,#9089,.T.);
#9089 = EDGE_CURVE('',#2807,#1869,#9090,.T.);
#9090 = LINE('',#9091,#9092);
#9091 = CARTESIAN_POINT('',(60.47450256,28.29550934,4.9));
#9092 = VECTOR('',#9093,1.);
#9093 = DIRECTION('',(-0.,-0.,-1.));
#9094 = ORIENTED_EDGE('',*,*,#1866,.F.);
#9095 = ORIENTED_EDGE('',*,*,#9096,.F.);
#9096 = EDGE_CURVE('',#2815,#1867,#9097,.T.);
#9097 = LINE('',#9098,#9099);
#9098 = CARTESIAN_POINT('',(60.47450256,32.52596283,4.9));
#9099 = VECTOR('',#9100,1.);
#9100 = DIRECTION('',(-0.,-0.,-1.));
#9101 = PLANE('',#9102);
#9102 = AXIS2_PLACEMENT_3D('',#9103,#9104,#9105);
#9103 = CARTESIAN_POINT('',(60.47450256,28.29550934,4.9));
#9104 = DIRECTION('',(1.,0.,0.));
#9105 = DIRECTION('',(0.,1.,0.));
#9106 = ADVANCED_FACE('',(#9107),#9118,.T.);
#9107 = FACE_BOUND('',#9108,.T.);
#9108 = EDGE_LOOP('',(#9109,#9110,#9111,#9112));
#9109 = ORIENTED_EDGE('',*,*,#2822,.F.);
#9110 = ORIENTED_EDGE('',*,*,#9096,.T.);
#9111 = ORIENTED_EDGE('',*,*,#1924,.F.);
#9112 = ORIENTED_EDGE('',*,*,#9113,.F.);
#9113 = EDGE_CURVE('',#2823,#1917,#9114,.T.);
#9114 = LINE('',#9115,#9116);
#9115 = CARTESIAN_POINT('',(68.36660767,32.52596283,4.9));
#9116 = VECTOR('',#9117,1.);
#9117 = DIRECTION('',(-0.,-0.,-1.));
#9118 = PLANE('',#9119);
#9119 = AXIS2_PLACEMENT_3D('',#9120,#9121,#9122);
#9120 = CARTESIAN_POINT('',(60.47450256,32.52596283,4.9));
#9121 = DIRECTION('',(0.,-1.,0.));
#9122 = DIRECTION('',(1.,0.,0.));
#9123 = ADVANCED_FACE('',(#9124),#9135,.T.);
#9124 = FACE_BOUND('',#9125,.T.);
#9125 = EDGE_LOOP('',(#9126,#9127,#9133,#9134));
#9126 = ORIENTED_EDGE('',*,*,#2806,.F.);
#9127 = ORIENTED_EDGE('',*,*,#9128,.T.);
#9128 = EDGE_CURVE('',#2799,#1877,#9129,.T.);
#9129 = LINE('',#9130,#9131);
#9130 = CARTESIAN_POINT('',(57.91489792,28.29550934,4.9));
#9131 = VECTOR('',#9132,1.);
#9132 = DIRECTION('',(-0.,-0.,-1.));
#9133 = ORIENTED_EDGE('',*,*,#1876,.F.);
#9134 = ORIENTED_EDGE('',*,*,#9089,.F.);
#9135 = PLANE('',#9136);
#9136 = AXIS2_PLACEMENT_3D('',#9137,#9138,#9139);
#9137 = CARTESIAN_POINT('',(57.91489792,28.29550934,4.9));
#9138 = DIRECTION('',(0.,-1.,0.));
#9139 = DIRECTION('',(1.,0.,0.));
#9140 = ADVANCED_FACE('',(#9141),#9168,.T.);
#9141 = FACE_BOUND('',#9142,.T.);
#9142 = EDGE_LOOP('',(#9143,#9144,#9145,#9146,#9154,#9162));
#9143 = ORIENTED_EDGE('',*,*,#2830,.F.);
#9144 = ORIENTED_EDGE('',*,*,#9113,.T.);
#9145 = ORIENTED_EDGE('',*,*,#1916,.F.);
#9146 = ORIENTED_EDGE('',*,*,#9147,.F.);
#9147 = EDGE_CURVE('',#9148,#1909,#9150,.T.);
#9148 = VERTEX_POINT('',#9149);
#9149 = CARTESIAN_POINT('',(68.36660767,16.81284904,3.7));
#9150 = LINE('',#9151,#9152);
#9151 = CARTESIAN_POINT('',(68.36660767,16.81284904,4.9));
#9152 = VECTOR('',#9153,1.);
#9153 = DIRECTION('',(-0.,-0.,-1.));
#9154 = ORIENTED_EDGE('',*,*,#9155,.F.);
#9155 = EDGE_CURVE('',#9156,#9148,#9158,.T.);
#9156 = VERTEX_POINT('',#9157);
#9157 = CARTESIAN_POINT('',(68.36660767,19.,3.7));
#9158 = LINE('',#9159,#9160);
#9159 = CARTESIAN_POINT('',(68.36660767,37.049003725006,3.7));
#9160 = VECTOR('',#9161,1.);
#9161 = DIRECTION('',(0.,-1.,0.));
#9162 = ORIENTED_EDGE('',*,*,#9163,.F.);
#9163 = EDGE_CURVE('',#2831,#9156,#9164,.T.);
#9164 = LINE('',#9165,#9166);
#9165 = CARTESIAN_POINT('',(68.36660767,19.,4.6));
#9166 = VECTOR('',#9167,1.);
#9167 = DIRECTION('',(0.,0.,-1.));
#9168 = PLANE('',#9169);
#9169 = AXIS2_PLACEMENT_3D('',#9170,#9171,#9172);
#9170 = CARTESIAN_POINT('',(68.36660767,32.52596283,4.9));
#9171 = DIRECTION('',(-1.,0.,0.));
#9172 = DIRECTION('',(0.,-1.,0.));
#9173 = ADVANCED_FACE('',(#9174),#9185,.F.);
#9174 = FACE_BOUND('',#9175,.F.);
#9175 = EDGE_LOOP('',(#9176,#9177,#9178,#9179));
#9176 = ORIENTED_EDGE('',*,*,#2798,.F.);
#9177 = ORIENTED_EDGE('',*,*,#9128,.T.);
#9178 = ORIENTED_EDGE('',*,*,#1884,.F.);
#9179 = ORIENTED_EDGE('',*,*,#9180,.F.);
#9180 = EDGE_CURVE('',#2791,#1885,#9181,.T.);
#9181 = LINE('',#9182,#9183);
#9182 = CARTESIAN_POINT('',(57.91489792,22.67860413,4.9));
#9183 = VECTOR('',#9184,1.);
#9184 = DIRECTION('',(-0.,-0.,-1.));
#9185 = PLANE('',#9186);
#9186 = AXIS2_PLACEMENT_3D('',#9187,#9188,#9189);
#9187 = CARTESIAN_POINT('',(57.91489792,28.29550934,4.9));
#9188 = DIRECTION('',(-1.,0.,0.));
#9189 = DIRECTION('',(0.,-1.,0.));
#9190 = ADVANCED_FACE('',(#9191),#9209,.T.);
#9191 = FACE_BOUND('',#9192,.T.);
#9192 = EDGE_LOOP('',(#9193,#9201,#9202,#9203));
#9193 = ORIENTED_EDGE('',*,*,#9194,.F.);
#9194 = EDGE_CURVE('',#9148,#9195,#9197,.T.);
#9195 = VERTEX_POINT('',#9196);
#9196 = CARTESIAN_POINT('',(63.03410339,16.81284904,3.7));
#9197 = LINE('',#9198,#9199);
#9198 = CARTESIAN_POINT('',(73.665893825456,16.81284904,3.7));
#9199 = VECTOR('',#9200,1.);
#9200 = DIRECTION('',(-1.,0.,0.));
#9201 = ORIENTED_EDGE('',*,*,#9147,.T.);
#9202 = ORIENTED_EDGE('',*,*,#1908,.F.);
#9203 = ORIENTED_EDGE('',*,*,#9204,.F.);
#9204 = EDGE_CURVE('',#9195,#1901,#9205,.T.);
#9205 = LINE('',#9206,#9207);
#9206 = CARTESIAN_POINT('',(63.03410339,16.81284904,4.9));
#9207 = VECTOR('',#9208,1.);
#9208 = DIRECTION('',(-0.,-0.,-1.));
#9209 = PLANE('',#9210);
#9210 = AXIS2_PLACEMENT_3D('',#9211,#9212,#9213);
#9211 = CARTESIAN_POINT('',(68.36660767,16.81284904,4.9));
#9212 = DIRECTION('',(0.,1.,0.));
#9213 = DIRECTION('',(-1.,0.,0.));
#9214 = ADVANCED_FACE('',(#9215),#9226,.F.);
#9215 = FACE_BOUND('',#9216,.F.);
#9216 = EDGE_LOOP('',(#9217,#9218,#9219,#9220));
#9217 = ORIENTED_EDGE('',*,*,#2790,.F.);
#9218 = ORIENTED_EDGE('',*,*,#9180,.T.);
#9219 = ORIENTED_EDGE('',*,*,#1892,.F.);
#9220 = ORIENTED_EDGE('',*,*,#9221,.F.);
#9221 = EDGE_CURVE('',#2783,#1893,#9222,.T.);
#9222 = LINE('',#9223,#9224);
#9223 = CARTESIAN_POINT('',(63.03410339,22.67860413,4.9));
#9224 = VECTOR('',#9225,1.);
#9225 = DIRECTION('',(-0.,-0.,-1.));
#9226 = PLANE('',#9227);
#9227 = AXIS2_PLACEMENT_3D('',#9228,#9229,#9230);
#9228 = CARTESIAN_POINT('',(57.91489792,22.67860413,4.9));
#9229 = DIRECTION('',(0.,-1.,0.));
#9230 = DIRECTION('',(1.,0.,0.));
#9231 = ADVANCED_FACE('',(#9232),#9252,.F.);
#9232 = FACE_BOUND('',#9233,.F.);
#9233 = EDGE_LOOP('',(#9234,#9235,#9236,#9237,#9238,#9246));
#9234 = ORIENTED_EDGE('',*,*,#2782,.F.);
#9235 = ORIENTED_EDGE('',*,*,#9221,.T.);
#9236 = ORIENTED_EDGE('',*,*,#1900,.F.);
#9237 = ORIENTED_EDGE('',*,*,#9204,.F.);
#9238 = ORIENTED_EDGE('',*,*,#9239,.F.);
#9239 = EDGE_CURVE('',#9240,#9195,#9242,.T.);
#9240 = VERTEX_POINT('',#9241);
#9241 = CARTESIAN_POINT('',(63.03410339,19.,3.7));
#9242 = LINE('',#9243,#9244);
#9243 = CARTESIAN_POINT('',(63.03410339,32.125324375006,3.7));
#9244 = VECTOR('',#9245,1.);
#9245 = DIRECTION('',(0.,-1.,0.));
#9246 = ORIENTED_EDGE('',*,*,#9247,.F.);
#9247 = EDGE_CURVE('',#2775,#9240,#9248,.T.);
#9248 = LINE('',#9249,#9250);
#9249 = CARTESIAN_POINT('',(63.03410339,19.,4.6));
#9250 = VECTOR('',#9251,1.);
#9251 = DIRECTION('',(0.,0.,-1.));
#9252 = PLANE('',#9253);
#9253 = AXIS2_PLACEMENT_3D('',#9254,#9255,#9256);
#9254 = CARTESIAN_POINT('',(63.03410339,22.67860413,4.9));
#9255 = DIRECTION('',(-1.,0.,0.));
#9256 = DIRECTION('',(0.,-1.,0.));
#9257 = ADVANCED_FACE('',(#9258),#9274,.F.);
#9258 = FACE_BOUND('',#9259,.F.);
#9259 = EDGE_LOOP('',(#9260,#9261,#9267,#9268));
#9260 = ORIENTED_EDGE('',*,*,#3344,.F.);
#9261 = ORIENTED_EDGE('',*,*,#9262,.T.);
#9262 = EDGE_CURVE('',#3345,#1935,#9263,.T.);
#9263 = LINE('',#9264,#9265);
#9264 = CARTESIAN_POINT('',(53.75271225,45.24160767,4.9));
#9265 = VECTOR('',#9266,1.);
#9266 = DIRECTION('',(-0.,-0.,-1.));
#9267 = ORIENTED_EDGE('',*,*,#1932,.F.);
#9268 = ORIENTED_EDGE('',*,*,#9269,.F.);
#9269 = EDGE_CURVE('',#3347,#1933,#9270,.T.);
#9270 = LINE('',#9271,#9272);
#9271 = CARTESIAN_POINT('',(53.75271225,38.0643959,4.9));
#9272 = VECTOR('',#9273,1.);
#9273 = DIRECTION('',(-0.,-0.,-1.));
#9274 = PLANE('',#9275);
#9275 = AXIS2_PLACEMENT_3D('',#9276,#9277,#9278);
#9276 = CARTESIAN_POINT('',(53.75271225,45.24160767,4.9));
#9277 = DIRECTION('',(-1.,0.,0.));
#9278 = DIRECTION('',(0.,-1.,0.));
#9279 = ADVANCED_FACE('',(#9280),#9291,.F.);
#9280 = FACE_BOUND('',#9281,.F.);
#9281 = EDGE_LOOP('',(#9282,#9283,#9284,#9285));
#9282 = ORIENTED_EDGE('',*,*,#3386,.F.);
#9283 = ORIENTED_EDGE('',*,*,#9269,.T.);
#9284 = ORIENTED_EDGE('',*,*,#1942,.F.);
#9285 = ORIENTED_EDGE('',*,*,#9286,.F.);
#9286 = EDGE_CURVE('',#3379,#1943,#9287,.T.);
#9287 = LINE('',#9288,#9289);
#9288 = CARTESIAN_POINT('',(66.12536621,38.0643959,4.9));
#9289 = VECTOR('',#9290,1.);
#9290 = DIRECTION('',(-0.,-0.,-1.));
#9291 = PLANE('',#9292);
#9292 = AXIS2_PLACEMENT_3D('',#9293,#9294,#9295);
#9293 = CARTESIAN_POINT('',(53.75271225,38.0643959,4.9));
#9294 = DIRECTION('',(0.,-1.,0.));
#9295 = DIRECTION('',(1.,0.,0.));
#9296 = ADVANCED_FACE('',(#9297),#9308,.F.);
#9297 = FACE_BOUND('',#9298,.F.);
#9298 = EDGE_LOOP('',(#9299,#9300,#9306,#9307));
#9299 = ORIENTED_EDGE('',*,*,#3354,.F.);
#9300 = ORIENTED_EDGE('',*,*,#9301,.T.);
#9301 = EDGE_CURVE('',#3355,#1967,#9302,.T.);
#9302 = LINE('',#9303,#9304);
#9303 = CARTESIAN_POINT('',(59.21596146,45.24160767,4.9));
#9304 = VECTOR('',#9305,1.);
#9305 = DIRECTION('',(-0.,-0.,-1.));
#9306 = ORIENTED_EDGE('',*,*,#1974,.F.);
#9307 = ORIENTED_EDGE('',*,*,#9262,.F.);
#9308 = PLANE('',#9309);
#9309 = AXIS2_PLACEMENT_3D('',#9310,#9311,#9312);
#9310 = CARTESIAN_POINT('',(59.21596146,45.24160767,4.9));
#9311 = DIRECTION('',(0.,1.,0.));
#9312 = DIRECTION('',(-1.,0.,0.));
#9313 = ADVANCED_FACE('',(#9314),#9325,.F.);
#9314 = FACE_BOUND('',#9315,.F.);
#9315 = EDGE_LOOP('',(#9316,#9317,#9318,#9319));
#9316 = ORIENTED_EDGE('',*,*,#3378,.F.);
#9317 = ORIENTED_EDGE('',*,*,#9286,.T.);
#9318 = ORIENTED_EDGE('',*,*,#1950,.F.);
#9319 = ORIENTED_EDGE('',*,*,#9320,.F.);
#9320 = EDGE_CURVE('',#3371,#1951,#9321,.T.);
#9321 = LINE('',#9322,#9323);
#9322 = CARTESIAN_POINT('',(66.12536621,49.47294998,4.9));
#9323 = VECTOR('',#9324,1.);
#9324 = DIRECTION('',(-0.,-0.,-1.));
#9325 = PLANE('',#9326);
#9326 = AXIS2_PLACEMENT_3D('',#9327,#9328,#9329);
#9327 = CARTESIAN_POINT('',(66.12536621,38.0643959,4.9));
#9328 = DIRECTION('',(1.,0.,0.));
#9329 = DIRECTION('',(0.,1.,0.));
#9330 = ADVANCED_FACE('',(#9331),#9342,.F.);
#9331 = FACE_BOUND('',#9332,.F.);
#9332 = EDGE_LOOP('',(#9333,#9334,#9340,#9341));
#9333 = ORIENTED_EDGE('',*,*,#3362,.F.);
#9334 = ORIENTED_EDGE('',*,*,#9335,.T.);
#9335 = EDGE_CURVE('',#3363,#1959,#9336,.T.);
#9336 = LINE('',#9337,#9338);
#9337 = CARTESIAN_POINT('',(59.21596146,49.47294998,4.9));
#9338 = VECTOR('',#9339,1.);
#9339 = DIRECTION('',(-0.,-0.,-1.));
#9340 = ORIENTED_EDGE('',*,*,#1966,.F.);
#9341 = ORIENTED_EDGE('',*,*,#9301,.F.);
#9342 = PLANE('',#9343);
#9343 = AXIS2_PLACEMENT_3D('',#9344,#9345,#9346);
#9344 = CARTESIAN_POINT('',(59.21596146,49.47294998,4.9));
#9345 = DIRECTION('',(-1.,0.,0.));
#9346 = DIRECTION('',(0.,-1.,0.));
#9347 = ADVANCED_FACE('',(#9348),#9354,.F.);
#9348 = FACE_BOUND('',#9349,.F.);
#9349 = EDGE_LOOP('',(#9350,#9351,#9352,#9353));
#9350 = ORIENTED_EDGE('',*,*,#3370,.F.);
#9351 = ORIENTED_EDGE('',*,*,#9320,.T.);
#9352 = ORIENTED_EDGE('',*,*,#1958,.F.);
#9353 = ORIENTED_EDGE('',*,*,#9335,.F.);
#9354 = PLANE('',#9355);
#9355 = AXIS2_PLACEMENT_3D('',#9356,#9357,#9358);
#9356 = CARTESIAN_POINT('',(66.12536621,49.47294998,4.9));
#9357 = DIRECTION('',(0.,1.,0.));
#9358 = DIRECTION('',(-1.,0.,0.));
#9359 = ADVANCED_FACE('',(#9360),#9392,.F.);
#9360 = FACE_BOUND('',#9361,.F.);
#9361 = EDGE_LOOP('',(#9362,#9363,#9369,#9370,#9378,#9386));
#9362 = ORIENTED_EDGE('',*,*,#2750,.F.);
#9363 = ORIENTED_EDGE('',*,*,#9364,.T.);
#9364 = EDGE_CURVE('',#2751,#1985,#9365,.T.);
#9365 = LINE('',#9366,#9367);
#9366 = CARTESIAN_POINT('',(50.16379929,19.40021515,4.9));
#9367 = VECTOR('',#9368,1.);
#9368 = DIRECTION('',(-0.,-0.,-1.));
#9369 = ORIENTED_EDGE('',*,*,#1982,.F.);
#9370 = ORIENTED_EDGE('',*,*,#9371,.F.);
#9371 = EDGE_CURVE('',#9372,#1983,#9374,.T.);
#9372 = VERTEX_POINT('',#9373);
#9373 = CARTESIAN_POINT('',(50.16379929,15.52526283,3.7));
#9374 = LINE('',#9375,#9376);
#9375 = CARTESIAN_POINT('',(50.16379929,15.52526283,4.9));
#9376 = VECTOR('',#9377,1.);
#9377 = DIRECTION('',(-0.,-0.,-1.));
#9378 = ORIENTED_EDGE('',*,*,#9379,.F.);
#9379 = EDGE_CURVE('',#9380,#9372,#9382,.T.);
#9380 = VERTEX_POINT('',#9381);
#9381 = CARTESIAN_POINT('',(50.16379929,19.,3.7));
#9382 = LINE('',#9383,#9384);
#9383 = CARTESIAN_POINT('',(50.16379929,30.486129885006,3.7));
#9384 = VECTOR('',#9385,1.);
#9385 = DIRECTION('',(0.,-1.,0.));
#9386 = ORIENTED_EDGE('',*,*,#9387,.F.);
#9387 = EDGE_CURVE('',#2743,#9380,#9388,.T.);
#9388 = LINE('',#9389,#9390);
#9389 = CARTESIAN_POINT('',(50.16379929,19.,4.6));
#9390 = VECTOR('',#9391,1.);
#9391 = DIRECTION('',(0.,0.,-1.));
#9392 = PLANE('',#9393);
#9393 = AXIS2_PLACEMENT_3D('',#9394,#9395,#9396);
#9394 = CARTESIAN_POINT('',(50.16379929,19.40021515,4.9));
#9395 = DIRECTION('',(-1.,0.,0.));
#9396 = DIRECTION('',(0.,-1.,0.));
#9397 = ADVANCED_FACE('',(#9398),#9416,.F.);
#9398 = FACE_BOUND('',#9399,.F.);
#9399 = EDGE_LOOP('',(#9400,#9408,#9409,#9410));
#9400 = ORIENTED_EDGE('',*,*,#9401,.F.);
#9401 = EDGE_CURVE('',#9372,#9402,#9404,.T.);
#9402 = VERTEX_POINT('',#9403);
#9403 = CARTESIAN_POINT('',(60.15335846,15.52526283,3.7));
#9404 = LINE('',#9405,#9406);
#9405 = CARTESIAN_POINT('',(64.564489635456,15.52526283,3.7));
#9406 = VECTOR('',#9407,1.);
#9407 = DIRECTION('',(1.,0.,0.));
#9408 = ORIENTED_EDGE('',*,*,#9371,.T.);
#9409 = ORIENTED_EDGE('',*,*,#1992,.F.);
#9410 = ORIENTED_EDGE('',*,*,#9411,.F.);
#9411 = EDGE_CURVE('',#9402,#1993,#9412,.T.);
#9412 = LINE('',#9413,#9414);
#9413 = CARTESIAN_POINT('',(60.15335846,15.52526283,4.9));
#9414 = VECTOR('',#9415,1.);
#9415 = DIRECTION('',(-0.,-0.,-1.));
#9416 = PLANE('',#9417);
#9417 = AXIS2_PLACEMENT_3D('',#9418,#9419,#9420);
#9418 = CARTESIAN_POINT('',(50.16379929,15.52526283,4.9));
#9419 = DIRECTION('',(0.,-1.,0.));
#9420 = DIRECTION('',(1.,0.,0.));
#9421 = ADVANCED_FACE('',(#9422),#9433,.F.);
#9422 = FACE_BOUND('',#9423,.F.);
#9423 = EDGE_LOOP('',(#9424,#9425,#9431,#9432));
#9424 = ORIENTED_EDGE('',*,*,#2758,.F.);
#9425 = ORIENTED_EDGE('',*,*,#9426,.T.);
#9426 = EDGE_CURVE('',#2759,#2001,#9427,.T.);
#9427 = LINE('',#9428,#9429);
#9428 = CARTESIAN_POINT('',(60.15335846,19.40021515,4.9));
#9429 = VECTOR('',#9430,1.);
#9430 = DIRECTION('',(-0.,-0.,-1.));
#9431 = ORIENTED_EDGE('',*,*,#2008,.F.);
#9432 = ORIENTED_EDGE('',*,*,#9364,.F.);
#9433 = PLANE('',#9434);
#9434 = AXIS2_PLACEMENT_3D('',#9435,#9436,#9437);
#9435 = CARTESIAN_POINT('',(60.15335846,19.40021515,4.9));
#9436 = DIRECTION('',(0.,1.,0.));
#9437 = DIRECTION('',(-1.,0.,0.));
#9438 = ADVANCED_FACE('',(#9439),#9459,.F.);
#9439 = FACE_BOUND('',#9440,.F.);
#9440 = EDGE_LOOP('',(#9441,#9449,#9450,#9451,#9452,#9453));
#9441 = ORIENTED_EDGE('',*,*,#9442,.F.);
#9442 = EDGE_CURVE('',#9402,#9443,#9445,.T.);
#9443 = VERTEX_POINT('',#9444);
#9444 = CARTESIAN_POINT('',(60.15335846,19.,3.7));
#9445 = LINE('',#9446,#9447);
#9446 = CARTESIAN_POINT('',(60.15335846,28.548653725006,3.7));
#9447 = VECTOR('',#9448,1.);
#9448 = DIRECTION('',(0.,1.,0.));
#9449 = ORIENTED_EDGE('',*,*,#9411,.T.);
#9450 = ORIENTED_EDGE('',*,*,#2000,.F.);
#9451 = ORIENTED_EDGE('',*,*,#9426,.F.);
#9452 = ORIENTED_EDGE('',*,*,#2766,.F.);
#9453 = ORIENTED_EDGE('',*,*,#9454,.F.);
#9454 = EDGE_CURVE('',#9443,#2767,#9455,.T.);
#9455 = LINE('',#9456,#9457);
#9456 = CARTESIAN_POINT('',(60.15335846,19.,4.6));
#9457 = VECTOR('',#9458,1.);
#9458 = DIRECTION('',(0.,0.,1.));
#9459 = PLANE('',#9460);
#9460 = AXIS2_PLACEMENT_3D('',#9461,#9462,#9463);
#9461 = CARTESIAN_POINT('',(60.15335846,15.52526283,4.9));
#9462 = DIRECTION('',(1.,0.,0.));
#9463 = DIRECTION('',(0.,1.,0.));
#9464 = ADVANCED_FACE('',(#9465),#9491,.F.);
#9465 = FACE_BOUND('',#9466,.F.);
#9466 = EDGE_LOOP('',(#9467,#9478,#9484,#9485));
#9467 = ORIENTED_EDGE('',*,*,#9468,.T.);
#9468 = EDGE_CURVE('',#9469,#9471,#9473,.T.);
#9469 = VERTEX_POINT('',#9470);
#9470 = CARTESIAN_POINT('',(42.084995,18.877567,3.7));
#9471 = VERTEX_POINT('',#9472);
#9472 = CARTESIAN_POINT('',(41.084995,17.877567,3.7));
#9473 = CIRCLE('',#9474,1.);
#9474 = AXIS2_PLACEMENT_3D('',#9475,#9476,#9477);
#9475 = CARTESIAN_POINT('',(41.084995,18.877567,3.7));
#9476 = DIRECTION('',(0.,0.,-1.));
#9477 = DIRECTION('',(0.,1.,0.));
#9478 = ORIENTED_EDGE('',*,*,#9479,.T.);
#9479 = EDGE_CURVE('',#9471,#2019,#9480,.T.);
#9480 = LINE('',#9481,#9482);
#9481 = CARTESIAN_POINT('',(41.084995,17.877567,3.7));
#9482 = VECTOR('',#9483,1.);
#9483 = DIRECTION('',(-0.,-0.,-1.));
#9484 = ORIENTED_EDGE('',*,*,#2016,.F.);
#9485 = ORIENTED_EDGE('',*,*,#9486,.F.);
#9486 = EDGE_CURVE('',#9469,#2017,#9487,.T.);
#9487 = LINE('',#9488,#9489);
#9488 = CARTESIAN_POINT('',(42.084995,18.877567,3.7));
#9489 = VECTOR('',#9490,1.);
#9490 = DIRECTION('',(-0.,-0.,-1.));
#9491 = CYLINDRICAL_SURFACE('',#9492,1.);
#9492 = AXIS2_PLACEMENT_3D('',#9493,#9494,#9495);
#9493 = CARTESIAN_POINT('',(41.084995,18.877567,3.7));
#9494 = DIRECTION('',(-0.,-0.,-1.));
#9495 = DIRECTION('',(1.,0.,0.));
#9496 = ADVANCED_FACE('',(#9497),#9522,.F.);
#9497 = FACE_BOUND('',#9498,.F.);
#9498 = EDGE_LOOP('',(#9499,#9507,#9508,#9509,#9515,#9516));
#9499 = ORIENTED_EDGE('',*,*,#9500,.F.);
#9500 = EDGE_CURVE('',#9469,#9501,#9503,.T.);
#9501 = VERTEX_POINT('',#9502);
#9502 = CARTESIAN_POINT('',(42.084995,19.,3.7));
#9503 = LINE('',#9504,#9505);
#9504 = CARTESIAN_POINT('',(42.084995,47.318276850515,3.7));
#9505 = VECTOR('',#9506,1.);
#9506 = DIRECTION('',(0.,1.,0.));
#9507 = ORIENTED_EDGE('',*,*,#9486,.T.);
#9508 = ORIENTED_EDGE('',*,*,#2027,.T.);
#9509 = ORIENTED_EDGE('',*,*,#9510,.F.);
#9510 = EDGE_CURVE('',#2727,#2028,#9511,.T.);
#9511 = LINE('',#9512,#9513);
#9512 = CARTESIAN_POINT('',(42.084995,27.86578751,4.9));
#9513 = VECTOR('',#9514,1.);
#9514 = DIRECTION('',(-0.,-0.,-1.));
#9515 = ORIENTED_EDGE('',*,*,#2734,.F.);
#9516 = ORIENTED_EDGE('',*,*,#9517,.F.);
#9517 = EDGE_CURVE('',#9501,#2735,#9518,.T.);
#9518 = LINE('',#9519,#9520);
#9519 = CARTESIAN_POINT('',(42.084995,19.,4.9));
#9520 = VECTOR('',#9521,1.);
#9521 = DIRECTION('',(0.,0.,1.));
#9522 = PLANE('',#9523);
#9523 = AXIS2_PLACEMENT_3D('',#9524,#9525,#9526);
#9524 = CARTESIAN_POINT('',(42.084995,17.877567,4.9));
#9525 = DIRECTION('',(1.,0.,0.));
#9526 = DIRECTION('',(0.,1.,0.));
#9527 = ADVANCED_FACE('',(#9528),#9546,.F.);
#9528 = FACE_BOUND('',#9529,.F.);
#9529 = EDGE_LOOP('',(#9530,#9538,#9544,#9545));
#9530 = ORIENTED_EDGE('',*,*,#9531,.F.);
#9531 = EDGE_CURVE('',#9532,#9471,#9534,.T.);
#9532 = VERTEX_POINT('',#9533);
#9533 = CARTESIAN_POINT('',(37.807518,17.877567,3.7));
#9534 = LINE('',#9535,#9536);
#9535 = CARTESIAN_POINT('',(55.862967816324,17.877567,3.7));
#9536 = VECTOR('',#9537,1.);
#9537 = DIRECTION('',(1.,0.,0.));
#9538 = ORIENTED_EDGE('',*,*,#9539,.T.);
#9539 = EDGE_CURVE('',#9532,#2102,#9540,.T.);
#9540 = LINE('',#9541,#9542);
#9541 = CARTESIAN_POINT('',(37.807518,17.877567,3.7));
#9542 = VECTOR('',#9543,1.);
#9543 = DIRECTION('',(-0.,-0.,-1.));
#9544 = ORIENTED_EDGE('',*,*,#2110,.T.);
#9545 = ORIENTED_EDGE('',*,*,#9479,.F.);
#9546 = PLANE('',#9547);
#9547 = AXIS2_PLACEMENT_3D('',#9548,#9549,#9550);
#9548 = CARTESIAN_POINT('',(36.807518,17.877567,4.9));
#9549 = DIRECTION('',(0.,-1.,0.));
#9550 = DIRECTION('',(1.,0.,0.));
#9551 = ADVANCED_FACE('',(#9552),#9563,.F.);
#9552 = FACE_BOUND('',#9553,.F.);
#9553 = EDGE_LOOP('',(#9554,#9555,#9556,#9557));
#9554 = ORIENTED_EDGE('',*,*,#2726,.F.);
#9555 = ORIENTED_EDGE('',*,*,#9510,.T.);
#9556 = ORIENTED_EDGE('',*,*,#2035,.F.);
#9557 = ORIENTED_EDGE('',*,*,#9558,.F.);
#9558 = EDGE_CURVE('',#2719,#2036,#9559,.T.);
#9559 = LINE('',#9560,#9561);
#9560 = CARTESIAN_POINT('',(45.19176483,27.86578751,4.9));
#9561 = VECTOR('',#9562,1.);
#9562 = DIRECTION('',(-0.,-0.,-1.));
#9563 = PLANE('',#9564);
#9564 = AXIS2_PLACEMENT_3D('',#9565,#9566,#9567);
#9565 = CARTESIAN_POINT('',(42.084995,27.86578751,4.9));
#9566 = DIRECTION('',(0.,-1.,0.));
#9567 = DIRECTION('',(1.,0.,0.));
#9568 = ADVANCED_FACE('',(#9569),#9588,.F.);
#9569 = FACE_BOUND('',#9570,.F.);
#9570 = EDGE_LOOP('',(#9571,#9580,#9586,#9587));
#9571 = ORIENTED_EDGE('',*,*,#9572,.T.);
#9572 = EDGE_CURVE('',#9532,#9573,#9575,.T.);
#9573 = VERTEX_POINT('',#9574);
#9574 = CARTESIAN_POINT('',(36.807518,18.877567,3.7));
#9575 = CIRCLE('',#9576,1.);
#9576 = AXIS2_PLACEMENT_3D('',#9577,#9578,#9579);
#9577 = CARTESIAN_POINT('',(37.807518,18.877567,3.7));
#9578 = DIRECTION('',(0.,0.,-1.));
#9579 = DIRECTION('',(0.,1.,0.));
#9580 = ORIENTED_EDGE('',*,*,#9581,.T.);
#9581 = EDGE_CURVE('',#9573,#2094,#9582,.T.);
#9582 = LINE('',#9583,#9584);
#9583 = CARTESIAN_POINT('',(36.807518,18.877567,3.7));
#9584 = VECTOR('',#9585,1.);
#9585 = DIRECTION('',(-0.,-0.,-1.));
#9586 = ORIENTED_EDGE('',*,*,#2101,.F.);
#9587 = ORIENTED_EDGE('',*,*,#9539,.F.);
#9588 = CYLINDRICAL_SURFACE('',#9589,1.);
#9589 = AXIS2_PLACEMENT_3D('',#9590,#9591,#9592);
#9590 = CARTESIAN_POINT('',(37.807518,18.877567,3.7));
#9591 = DIRECTION('',(-0.,-0.,-1.));
#9592 = DIRECTION('',(0.,-1.,0.));
#9593 = ADVANCED_FACE('',(#9594),#9605,.F.);
#9594 = FACE_BOUND('',#9595,.F.);
#9595 = EDGE_LOOP('',(#9596,#9597,#9598,#9599));
#9596 = ORIENTED_EDGE('',*,*,#2718,.F.);
#9597 = ORIENTED_EDGE('',*,*,#9558,.T.);
#9598 = ORIENTED_EDGE('',*,*,#2043,.F.);
#9599 = ORIENTED_EDGE('',*,*,#9600,.F.);
#9600 = EDGE_CURVE('',#2711,#2044,#9601,.T.);
#9601 = LINE('',#9602,#9603);
#9602 = CARTESIAN_POINT('',(45.19176483,32.51020813,4.9));
#9603 = VECTOR('',#9604,1.);
#9604 = DIRECTION('',(-0.,-0.,-1.));
#9605 = PLANE('',#9606);
#9606 = AXIS2_PLACEMENT_3D('',#9607,#9608,#9609);
#9607 = CARTESIAN_POINT('',(45.19176483,27.86578751,4.9));
#9608 = DIRECTION('',(1.,0.,0.));
#9609 = DIRECTION('',(0.,1.,0.));
#9610 = ADVANCED_FACE('',(#9611),#9636,.F.);
#9611 = FACE_BOUND('',#9612,.F.);
#9612 = EDGE_LOOP('',(#9613,#9614,#9620,#9621,#9622,#9630));
#9613 = ORIENTED_EDGE('',*,*,#2668,.F.);
#9614 = ORIENTED_EDGE('',*,*,#9615,.T.);
#9615 = EDGE_CURVE('',#2669,#2085,#9616,.T.);
#9616 = LINE('',#9617,#9618);
#9617 = CARTESIAN_POINT('',(36.807518,43.396881,4.9));
#9618 = VECTOR('',#9619,1.);
#9619 = DIRECTION('',(-0.,-0.,-1.));
#9620 = ORIENTED_EDGE('',*,*,#2093,.T.);
#9621 = ORIENTED_EDGE('',*,*,#9581,.F.);
#9622 = ORIENTED_EDGE('',*,*,#9623,.F.);
#9623 = EDGE_CURVE('',#9624,#9573,#9626,.T.);
#9624 = VERTEX_POINT('',#9625);
#9625 = CARTESIAN_POINT('',(36.807518,19.,3.7));
#9626 = LINE('',#9627,#9628);
#9627 = CARTESIAN_POINT('',(36.807518,60.577933850515,3.7));
#9628 = VECTOR('',#9629,1.);
#9629 = DIRECTION('',(0.,-1.,0.));
#9630 = ORIENTED_EDGE('',*,*,#9631,.F.);
#9631 = EDGE_CURVE('',#2661,#9624,#9632,.T.);
#9632 = LINE('',#9633,#9634);
#9633 = CARTESIAN_POINT('',(36.807518,19.,4.9));
#9634 = VECTOR('',#9635,1.);
#9635 = DIRECTION('',(-0.,-0.,-1.));
#9636 = PLANE('',#9637);
#9637 = AXIS2_PLACEMENT_3D('',#9638,#9639,#9640);
#9638 = CARTESIAN_POINT('',(36.807518,44.396881,4.9));
#9639 = DIRECTION('',(-1.,0.,0.));
#9640 = DIRECTION('',(0.,-1.,0.));
#9641 = ADVANCED_FACE('',(#9642),#9653,.F.);
#9642 = FACE_BOUND('',#9643,.F.);
#9643 = EDGE_LOOP('',(#9644,#9645,#9646,#9647));
#9644 = ORIENTED_EDGE('',*,*,#2710,.F.);
#9645 = ORIENTED_EDGE('',*,*,#9600,.T.);
#9646 = ORIENTED_EDGE('',*,*,#2051,.F.);
#9647 = ORIENTED_EDGE('',*,*,#9648,.F.);
#9648 = EDGE_CURVE('',#2703,#2052,#9649,.T.);
#9649 = LINE('',#9650,#9651);
#9650 = CARTESIAN_POINT('',(42.084995,32.51020813,4.9));
#9651 = VECTOR('',#9652,1.);
#9652 = DIRECTION('',(-0.,-0.,-1.));
#9653 = PLANE('',#9654);
#9654 = AXIS2_PLACEMENT_3D('',#9655,#9656,#9657);
#9655 = CARTESIAN_POINT('',(45.19176483,32.51020813,4.9));
#9656 = DIRECTION('',(0.,1.,0.));
#9657 = DIRECTION('',(-1.,0.,0.));
#9658 = ADVANCED_FACE('',(#9659),#9670,.F.);
#9659 = FACE_BOUND('',#9660,.T.);
#9660 = EDGE_LOOP('',(#9661,#9662,#9663,#9664));
#9661 = ORIENTED_EDGE('',*,*,#2676,.T.);
#9662 = ORIENTED_EDGE('',*,*,#9615,.T.);
#9663 = ORIENTED_EDGE('',*,*,#2084,.F.);
#9664 = ORIENTED_EDGE('',*,*,#9665,.F.);
#9665 = EDGE_CURVE('',#2677,#2077,#9666,.T.);
#9666 = LINE('',#9667,#9668);
#9667 = CARTESIAN_POINT('',(37.807518,44.396881,4.9));
#9668 = VECTOR('',#9669,1.);
#9669 = DIRECTION('',(-0.,-0.,-1.));
#9670 = CYLINDRICAL_SURFACE('',#9671,1.);
#9671 = AXIS2_PLACEMENT_3D('',#9672,#9673,#9674);
#9672 = CARTESIAN_POINT('',(37.807518,43.396881,4.9));
#9673 = DIRECTION('',(-0.,-0.,-1.));
#9674 = DIRECTION('',(0.,1.,0.));
#9675 = ADVANCED_FACE('',(#9676),#9687,.F.);
#9676 = FACE_BOUND('',#9677,.F.);
#9677 = EDGE_LOOP('',(#9678,#9679,#9680,#9686));
#9678 = ORIENTED_EDGE('',*,*,#9648,.T.);
#9679 = ORIENTED_EDGE('',*,*,#2059,.T.);
#9680 = ORIENTED_EDGE('',*,*,#9681,.F.);
#9681 = EDGE_CURVE('',#2694,#2060,#9682,.T.);
#9682 = LINE('',#9683,#9684);
#9683 = CARTESIAN_POINT('',(42.084995,43.396881,4.9));
#9684 = VECTOR('',#9685,1.);
#9685 = DIRECTION('',(-0.,-0.,-1.));
#9686 = ORIENTED_EDGE('',*,*,#2702,.F.);
#9687 = PLANE('',#9688);
#9688 = AXIS2_PLACEMENT_3D('',#9689,#9690,#9691);
#9689 = CARTESIAN_POINT('',(42.084995,17.877567,4.9));
#9690 = DIRECTION('',(1.,0.,0.));
#9691 = DIRECTION('',(0.,1.,0.));
#9692 = ADVANCED_FACE('',(#9693),#9704,.F.);
#9693 = FACE_BOUND('',#9694,.F.);
#9694 = EDGE_LOOP('',(#9695,#9696,#9702,#9703));
#9695 = ORIENTED_EDGE('',*,*,#2685,.F.);
#9696 = ORIENTED_EDGE('',*,*,#9697,.T.);
#9697 = EDGE_CURVE('',#2686,#2068,#9698,.T.);
#9698 = LINE('',#9699,#9700);
#9699 = CARTESIAN_POINT('',(41.084995,44.396881,4.9));
#9700 = VECTOR('',#9701,1.);
#9701 = DIRECTION('',(-0.,-0.,-1.));
#9702 = ORIENTED_EDGE('',*,*,#2076,.T.);
#9703 = ORIENTED_EDGE('',*,*,#9665,.F.);
#9704 = PLANE('',#9705);
#9705 = AXIS2_PLACEMENT_3D('',#9706,#9707,#9708);
#9706 = CARTESIAN_POINT('',(42.084995,44.396881,4.9));
#9707 = DIRECTION('',(0.,1.,0.));
#9708 = DIRECTION('',(-1.,0.,0.));
#9709 = ADVANCED_FACE('',(#9710),#9716,.F.);
#9710 = FACE_BOUND('',#9711,.T.);
#9711 = EDGE_LOOP('',(#9712,#9713,#9714,#9715));
#9712 = ORIENTED_EDGE('',*,*,#2693,.T.);
#9713 = ORIENTED_EDGE('',*,*,#9697,.T.);
#9714 = ORIENTED_EDGE('',*,*,#2067,.F.);
#9715 = ORIENTED_EDGE('',*,*,#9681,.F.);
#9716 = CYLINDRICAL_SURFACE('',#9717,1.);
#9717 = AXIS2_PLACEMENT_3D('',#9718,#9719,#9720);
#9718 = CARTESIAN_POINT('',(41.084995,43.396881,4.9));
#9719 = DIRECTION('',(-0.,-0.,-1.));
#9720 = DIRECTION('',(1.,0.,0.));
#9721 = ADVANCED_FACE('',(#9722),#9750,.F.);
#9722 = FACE_BOUND('',#9723,.F.);
#9723 = EDGE_LOOP('',(#9724,#9733,#9739,#9740,#9741,#9748,#9749));
#9724 = ORIENTED_EDGE('',*,*,#9725,.F.);
#9725 = EDGE_CURVE('',#9726,#7644,#9728,.T.);
#9726 = VERTEX_POINT('',#9727);
#9727 = CARTESIAN_POINT('',(17.327,11.,3.7));
#9728 = CIRCLE('',#9729,4.1);
#9729 = AXIS2_PLACEMENT_3D('',#9730,#9731,#9732);
#9730 = CARTESIAN_POINT('',(13.227,11.,3.7));
#9731 = DIRECTION('',(0.,0.,1.));
#9732 = DIRECTION('',(1.,0.,0.));
#9733 = ORIENTED_EDGE('',*,*,#9734,.T.);
#9734 = EDGE_CURVE('',#9726,#2119,#9735,.T.);
#9735 = LINE('',#9736,#9737);
#9736 = CARTESIAN_POINT('',(17.327,11.,3.7));
#9737 = VECTOR('',#9738,1.);
#9738 = DIRECTION('',(-0.,-0.,-1.));
#9739 = ORIENTED_EDGE('',*,*,#2118,.T.);
#9740 = ORIENTED_EDGE('',*,*,#9734,.F.);
#9741 = ORIENTED_EDGE('',*,*,#9742,.F.);
#9742 = EDGE_CURVE('',#7748,#9726,#9743,.T.);
#9743 = CIRCLE('',#9744,4.1);
#9744 = AXIS2_PLACEMENT_3D('',#9745,#9746,#9747);
#9745 = CARTESIAN_POINT('',(13.227,11.,3.7));
#9746 = DIRECTION('',(0.,0.,1.));
#9747 = DIRECTION('',(1.,0.,0.));
#9748 = ORIENTED_EDGE('',*,*,#7754,.T.);
#9749 = ORIENTED_EDGE('',*,*,#7643,.T.);
#9750 = CYLINDRICAL_SURFACE('',#9751,4.1);
#9751 = AXIS2_PLACEMENT_3D('',#9752,#9753,#9754);
#9752 = CARTESIAN_POINT('',(13.227,11.,3.7));
#9753 = DIRECTION('',(0.,0.,1.));
#9754 = DIRECTION('',(1.,0.,0.));
#9755 = ADVANCED_FACE('',(#9756),#9772,.F.);
#9756 = FACE_BOUND('',#9757,.F.);
#9757 = EDGE_LOOP('',(#9758,#9759,#9765,#9766));
#9758 = ORIENTED_EDGE('',*,*,#3310,.F.);
#9759 = ORIENTED_EDGE('',*,*,#9760,.T.);
#9760 = EDGE_CURVE('',#3311,#2132,#9761,.T.);
#9761 = LINE('',#9762,#9763);
#9762 = CARTESIAN_POINT('',(20.8496,22.672,4.9));
#9763 = VECTOR('',#9764,1.);
#9764 = DIRECTION('',(-0.,-0.,-1.));
#9765 = ORIENTED_EDGE('',*,*,#2129,.F.);
#9766 = ORIENTED_EDGE('',*,*,#9767,.F.);
#9767 = EDGE_CURVE('',#3313,#2130,#9768,.T.);
#9768 = LINE('',#9769,#9770);
#9769 = CARTESIAN_POINT('',(28.20759773,22.672,4.9));
#9770 = VECTOR('',#9771,1.);
#9771 = DIRECTION('',(-0.,-0.,-1.));
#9772 = PLANE('',#9773);
#9773 = AXIS2_PLACEMENT_3D('',#9774,#9775,#9776);
#9774 = CARTESIAN_POINT('',(20.8496,22.672,4.9));
#9775 = DIRECTION('',(0.,-1.,0.));
#9776 = DIRECTION('',(1.,0.,0.));
#9777 = ADVANCED_FACE('',(#9778),#9789,.F.);
#9778 = FACE_BOUND('',#9779,.F.);
#9779 = EDGE_LOOP('',(#9780,#9781,#9782,#9783));
#9780 = ORIENTED_EDGE('',*,*,#3336,.F.);
#9781 = ORIENTED_EDGE('',*,*,#9767,.T.);
#9782 = ORIENTED_EDGE('',*,*,#2139,.F.);
#9783 = ORIENTED_EDGE('',*,*,#9784,.F.);
#9784 = EDGE_CURVE('',#3329,#2140,#9785,.T.);
#9785 = LINE('',#9786,#9787);
#9786 = CARTESIAN_POINT('',(28.20759773,45.77446365,4.9));
#9787 = VECTOR('',#9788,1.);
#9788 = DIRECTION('',(-0.,-0.,-1.));
#9789 = PLANE('',#9790);
#9790 = AXIS2_PLACEMENT_3D('',#9791,#9792,#9793);
#9791 = CARTESIAN_POINT('',(28.20759773,22.672,4.9));
#9792 = DIRECTION('',(1.,0.,0.));
#9793 = DIRECTION('',(0.,1.,0.));
#9794 = ADVANCED_FACE('',(#9795),#9806,.F.);
#9795 = FACE_BOUND('',#9796,.F.);
#9796 = EDGE_LOOP('',(#9797,#9798,#9804,#9805));
#9797 = ORIENTED_EDGE('',*,*,#3320,.F.);
#9798 = ORIENTED_EDGE('',*,*,#9799,.T.);
#9799 = EDGE_CURVE('',#3321,#2148,#9800,.T.);
#9800 = LINE('',#9801,#9802);
#9801 = CARTESIAN_POINT('',(20.8496,45.77446365,4.9));
#9802 = VECTOR('',#9803,1.);
#9803 = DIRECTION('',(-0.,-0.,-1.));
#9804 = ORIENTED_EDGE('',*,*,#2155,.F.);
#9805 = ORIENTED_EDGE('',*,*,#9760,.F.);
#9806 = PLANE('',#9807);
#9807 = AXIS2_PLACEMENT_3D('',#9808,#9809,#9810);
#9808 = CARTESIAN_POINT('',(20.8496,45.77446365,4.9));
#9809 = DIRECTION('',(-1.,0.,0.));
#9810 = DIRECTION('',(0.,-1.,0.));
#9811 = ADVANCED_FACE('',(#9812),#9818,.F.);
#9812 = FACE_BOUND('',#9813,.F.);
#9813 = EDGE_LOOP('',(#9814,#9815,#9816,#9817));
#9814 = ORIENTED_EDGE('',*,*,#3328,.F.);
#9815 = ORIENTED_EDGE('',*,*,#9784,.T.);
#9816 = ORIENTED_EDGE('',*,*,#2147,.F.);
#9817 = ORIENTED_EDGE('',*,*,#9799,.F.);
#9818 = PLANE('',#9819);
#9819 = AXIS2_PLACEMENT_3D('',#9820,#9821,#9822);
#9820 = CARTESIAN_POINT('',(28.20759773,45.77446365,4.9));
#9821 = DIRECTION('',(0.,1.,0.));
#9822 = DIRECTION('',(-1.,0.,0.));
#9823 = ADVANCED_FACE('',(#9824),#9835,.T.);
#9824 = FACE_BOUND('',#9825,.T.);
#9825 = EDGE_LOOP('',(#9826,#9827,#9828,#9829));
#9826 = ORIENTED_EDGE('',*,*,#3278,.T.);
#9827 = ORIENTED_EDGE('',*,*,#3897,.T.);
#9828 = ORIENTED_EDGE('',*,*,#2163,.T.);
#9829 = ORIENTED_EDGE('',*,*,#9830,.F.);
#9830 = EDGE_CURVE('',#3279,#2166,#9831,.T.);
#9831 = LINE('',#9832,#9833);
#9832 = CARTESIAN_POINT('',(39.63704681,58.63423538,4.9));
#9833 = VECTOR('',#9834,1.);
#9834 = DIRECTION('',(-0.,-0.,-1.));
#9835 = PLANE('',#9836);
#9836 = AXIS2_PLACEMENT_3D('',#9837,#9838,#9839);
#9837 = CARTESIAN_POINT('',(50.084278105,58.63423538,3.35));
#9838 = DIRECTION('',(0.,1.,0.));
#9839 = DIRECTION('',(0.,0.,1.));
#9840 = ADVANCED_FACE('',(#9841),#9852,.F.);
#9841 = FACE_BOUND('',#9842,.F.);
#9842 = EDGE_LOOP('',(#9843,#9844,#9850,#9851));
#9843 = ORIENTED_EDGE('',*,*,#3286,.F.);
#9844 = ORIENTED_EDGE('',*,*,#9845,.T.);
#9845 = EDGE_CURVE('',#3287,#2182,#9846,.T.);
#9846 = LINE('',#9847,#9848);
#9847 = CARTESIAN_POINT('',(39.63704681,64.55226135,4.9));
#9848 = VECTOR('',#9849,1.);
#9849 = DIRECTION('',(-0.,-0.,-1.));
#9850 = ORIENTED_EDGE('',*,*,#2189,.F.);
#9851 = ORIENTED_EDGE('',*,*,#9830,.F.);
#9852 = PLANE('',#9853);
#9853 = AXIS2_PLACEMENT_3D('',#9854,#9855,#9856);
#9854 = CARTESIAN_POINT('',(39.63704681,64.55226135,4.9));
#9855 = DIRECTION('',(-1.,0.,0.));
#9856 = DIRECTION('',(0.,-1.,0.));
#9857 = ADVANCED_FACE('',(#9858),#9864,.T.);
#9858 = FACE_BOUND('',#9859,.T.);
#9859 = EDGE_LOOP('',(#9860,#9861,#9862,#9863));
#9860 = ORIENTED_EDGE('',*,*,#3294,.T.);
#9861 = ORIENTED_EDGE('',*,*,#9845,.T.);
#9862 = ORIENTED_EDGE('',*,*,#2181,.T.);
#9863 = ORIENTED_EDGE('',*,*,#3904,.F.);
#9864 = PLANE('',#9865);
#9865 = AXIS2_PLACEMENT_3D('',#9866,#9867,#9868);
#9866 = CARTESIAN_POINT('',(50.084278105,64.55226135,3.35));
#9867 = DIRECTION('',(-0.,-1.,-0.));
#9868 = DIRECTION('',(0.,0.,-1.));
#9869 = ADVANCED_FACE('',(#9870),#9902,.T.);
#9870 = FACE_BOUND('',#9871,.T.);
#9871 = EDGE_LOOP('',(#9872,#9878,#9879,#9887,#9895,#9901));
#9872 = ORIENTED_EDGE('',*,*,#9873,.T.);
#9873 = EDGE_CURVE('',#2200,#2540,#9874,.T.);
#9874 = LINE('',#9875,#9876);
#9875 = CARTESIAN_POINT('',(30.807382,70.5652691,1.8));
#9876 = VECTOR('',#9877,1.);
#9877 = DIRECTION('',(-2.29E-15,-2.2E-16,1.));
#9878 = ORIENTED_EDGE('',*,*,#2539,.F.);
#9879 = ORIENTED_EDGE('',*,*,#9880,.T.);
#9880 = EDGE_CURVE('',#2532,#9881,#9883,.T.);
#9881 = VERTEX_POINT('',#9882);
#9882 = CARTESIAN_POINT('',(20.477254981078,70.5652691,2.4));
#9883 = LINE('',#9884,#9885);
#9884 = CARTESIAN_POINT('',(24.807382,70.5652691,4.9));
#9885 = VECTOR('',#9886,1.);
#9886 = DIRECTION('',(-0.866025403784,1.1E-16,-0.5));
#9887 = ORIENTED_EDGE('',*,*,#9888,.T.);
#9888 = EDGE_CURVE('',#9881,#9889,#9891,.T.);
#9889 = VERTEX_POINT('',#9890);
#9890 = CARTESIAN_POINT('',(21.14152847922,70.5652691,2.4));
#9891 = LINE('',#9892,#9893);
#9892 = CARTESIAN_POINT('',(19.863338410568,70.5652691,2.4));
#9893 = VECTOR('',#9894,1.);
#9894 = DIRECTION('',(1.,0.,0.));
#9895 = ORIENTED_EDGE('',*,*,#9896,.T.);
#9896 = EDGE_CURVE('',#9889,#2198,#9897,.T.);
#9897 = LINE('',#9898,#9899);
#9898 = CARTESIAN_POINT('',(21.14152847922,70.5652691,4.9));
#9899 = VECTOR('',#9900,1.);
#9900 = DIRECTION('',(-0.,-0.,-1.));
#9901 = ORIENTED_EDGE('',*,*,#2197,.T.);
#9902 = PLANE('',#9903);
#9903 = AXIS2_PLACEMENT_3D('',#9904,#9905,#9906);
#9904 = CARTESIAN_POINT('',(26.093838529601,70.5652691,3.127742526986));
#9905 = DIRECTION('',(-0.,-1.,-0.));
#9906 = DIRECTION('',(0.,0.,-1.));
#9907 = ADVANCED_FACE('',(#9908),#9926,.T.);
#9908 = FACE_BOUND('',#9909,.T.);
#9909 = EDGE_LOOP('',(#9910,#9918,#9924,#9925));
#9910 = ORIENTED_EDGE('',*,*,#9911,.F.);
#9911 = EDGE_CURVE('',#9912,#9889,#9914,.T.);
#9912 = VERTEX_POINT('',#9913);
#9913 = CARTESIAN_POINT('',(21.14152847922,58.468481,2.4));
#9914 = LINE('',#9915,#9916);
#9915 = CARTESIAN_POINT('',(21.14152847922,68.307584429759,2.4));
#9916 = VECTOR('',#9917,1.);
#9917 = DIRECTION('',(0.,1.,0.));
#9918 = ORIENTED_EDGE('',*,*,#9919,.T.);
#9919 = EDGE_CURVE('',#9912,#2208,#9920,.T.);
#9920 = LINE('',#9921,#9922);
#9921 = CARTESIAN_POINT('',(21.14152847922,58.468481,4.9));
#9922 = VECTOR('',#9923,1.);
#9923 = DIRECTION('',(-0.,-0.,-1.));
#9924 = ORIENTED_EDGE('',*,*,#2207,.F.);
#9925 = ORIENTED_EDGE('',*,*,#9896,.F.);
#9926 = PLANE('',#9927);
#9927 = AXIS2_PLACEMENT_3D('',#9928,#9929,#9930);
#9928 = CARTESIAN_POINT('',(21.14152847922,58.468481,4.9));
#9929 = DIRECTION('',(1.,0.,0.));
#9930 = DIRECTION('',(0.,1.,0.));
#9931 = ADVANCED_FACE('',(#9932),#9943,.T.);
#9932 = FACE_BOUND('',#9933,.T.);
#9933 = EDGE_LOOP('',(#9934,#9935,#9936,#9937));
#9934 = ORIENTED_EDGE('',*,*,#2547,.F.);
#9935 = ORIENTED_EDGE('',*,*,#9873,.F.);
#9936 = ORIENTED_EDGE('',*,*,#2232,.F.);
#9937 = ORIENTED_EDGE('',*,*,#9938,.F.);
#9938 = EDGE_CURVE('',#2548,#2224,#9939,.T.);
#9939 = LINE('',#9940,#9941);
#9940 = CARTESIAN_POINT('',(30.807382,59.468481,4.9));
#9941 = VECTOR('',#9942,1.);
#9942 = DIRECTION('',(-0.,-0.,-1.));
#9943 = PLANE('',#9944);
#9944 = AXIS2_PLACEMENT_3D('',#9945,#9946,#9947);
#9945 = CARTESIAN_POINT('',(30.807382,65.01687505,3.35));
#9946 = DIRECTION('',(-1.,-0.,-0.));
#9947 = DIRECTION('',(0.,0.,-1.));
#9948 = ADVANCED_FACE('',(#9949),#9974,.T.);
#9949 = FACE_BOUND('',#9950,.T.);
#9950 = EDGE_LOOP('',(#9951,#9957,#9958,#9959,#9967,#9973));
#9951 = ORIENTED_EDGE('',*,*,#9952,.T.);
#9952 = EDGE_CURVE('',#2556,#2216,#9953,.T.);
#9953 = LINE('',#9954,#9955);
#9954 = CARTESIAN_POINT('',(29.807382,58.468481,4.9));
#9955 = VECTOR('',#9956,1.);
#9956 = DIRECTION('',(-0.,-0.,-1.));
#9957 = ORIENTED_EDGE('',*,*,#2215,.T.);
#9958 = ORIENTED_EDGE('',*,*,#9919,.F.);
#9959 = ORIENTED_EDGE('',*,*,#9960,.T.);
#9960 = EDGE_CURVE('',#9912,#9961,#9963,.T.);
#9961 = VERTEX_POINT('',#9962);
#9962 = CARTESIAN_POINT('',(24.14152847922,58.468481,2.4));
#9963 = LINE('',#9964,#9965);
#9964 = CARTESIAN_POINT('',(22.809546125888,58.468481,2.4));
#9965 = VECTOR('',#9966,1.);
#9966 = DIRECTION('',(1.,0.,0.));
#9967 = ORIENTED_EDGE('',*,*,#9968,.F.);
#9968 = EDGE_CURVE('',#2565,#9961,#9969,.T.);
#9969 = LINE('',#9970,#9971);
#9970 = CARTESIAN_POINT('',(24.14152847922,58.468481,1.89));
#9971 = VECTOR('',#9972,1.);
#9972 = DIRECTION('',(-0.,-0.,-1.));
#9973 = ORIENTED_EDGE('',*,*,#2564,.F.);
#9974 = PLANE('',#9975);
#9975 = AXIS2_PLACEMENT_3D('',#9976,#9977,#9978);
#9976 = CARTESIAN_POINT('',(25.793174148814,58.468481,3.031281090796));
#9977 = DIRECTION('',(0.,1.,-1.92E-15));
#9978 = DIRECTION('',(0.,1.92E-15,1.));
#9979 = ADVANCED_FACE('',(#9980),#9986,.F.);
#9980 = FACE_BOUND('',#9981,.F.);
#9981 = EDGE_LOOP('',(#9982,#9983,#9984,#9985));
#9982 = ORIENTED_EDGE('',*,*,#2555,.T.);
#9983 = ORIENTED_EDGE('',*,*,#9952,.T.);
#9984 = ORIENTED_EDGE('',*,*,#2223,.T.);
#9985 = ORIENTED_EDGE('',*,*,#9938,.F.);
#9986 = CYLINDRICAL_SURFACE('',#9987,1.);
#9987 = AXIS2_PLACEMENT_3D('',#9988,#9989,#9990);
#9988 = CARTESIAN_POINT('',(29.807382,59.468481,1.89));
#9989 = DIRECTION('',(-0.,-0.,-1.));
#9990 = DIRECTION('',(1.,0.,0.));
#9991 = ADVANCED_FACE('',(#9992),#10008,.F.);
#9992 = FACE_BOUND('',#9993,.F.);
#9993 = EDGE_LOOP('',(#9994,#9995,#10001,#10002));
#9994 = ORIENTED_EDGE('',*,*,#3464,.F.);
#9995 = ORIENTED_EDGE('',*,*,#9996,.T.);
#9996 = EDGE_CURVE('',#3465,#2243,#9997,.T.);
#9997 = LINE('',#9998,#9999);
#9998 = CARTESIAN_POINT('',(68.3641,89.7065,4.9));
#9999 = VECTOR('',#10000,1.);
#10000 = DIRECTION('',(-0.,-0.,-1.));
#10001 = ORIENTED_EDGE('',*,*,#2240,.F.);
#10002 = ORIENTED_EDGE('',*,*,#10003,.F.);
#10003 = EDGE_CURVE('',#3467,#2241,#10004,.T.);
#10004 = LINE('',#10005,#10006);
#10005 = CARTESIAN_POINT('',(68.3641,68.2795639,4.9));
#10006 = VECTOR('',#10007,1.);
#10007 = DIRECTION('',(-0.,-0.,-1.));
#10008 = PLANE('',#10009);
#10009 = AXIS2_PLACEMENT_3D('',#10010,#10011,#10012);
#10010 = CARTESIAN_POINT('',(68.3641,89.7065,4.9));
#10011 = DIRECTION('',(-1.,0.,0.));
#10012 = DIRECTION('',(0.,-1.,0.));
#10013 = ADVANCED_FACE('',(#10014),#10025,.F.);
#10014 = FACE_BOUND('',#10015,.F.);
#10015 = EDGE_LOOP('',(#10016,#10017,#10018,#10019));
#10016 = ORIENTED_EDGE('',*,*,#3522,.F.);
#10017 = ORIENTED_EDGE('',*,*,#10003,.T.);
#10018 = ORIENTED_EDGE('',*,*,#2250,.F.);
#10019 = ORIENTED_EDGE('',*,*,#10020,.F.);
#10020 = EDGE_CURVE('',#3515,#2251,#10021,.T.);
#10021 = LINE('',#10022,#10023);
#10022 = CARTESIAN_POINT('',(73.43478394,68.2795639,4.9));
#10023 = VECTOR('',#10024,1.);
#10024 = DIRECTION('',(-0.,-0.,-1.));
#10025 = PLANE('',#10026);
#10026 = AXIS2_PLACEMENT_3D('',#10027,#10028,#10029);
#10027 = CARTESIAN_POINT('',(68.3641,68.2795639,4.9));
#10028 = DIRECTION('',(0.,-1.,0.));
#10029 = DIRECTION('',(1.,0.,0.));
#10030 = ADVANCED_FACE('',(#10031),#10042,.F.);
#10031 = FACE_BOUND('',#10032,.F.);
#10032 = EDGE_LOOP('',(#10033,#10034,#10040,#10041));
#10033 = ORIENTED_EDGE('',*,*,#3474,.F.);
#10034 = ORIENTED_EDGE('',*,*,#10035,.T.);
#10035 = EDGE_CURVE('',#3475,#2291,#10036,.T.);
#10036 = LINE('',#10037,#10038);
#10037 = CARTESIAN_POINT('',(73.43478394,89.7065,4.9));
#10038 = VECTOR('',#10039,1.);
#10039 = DIRECTION('',(-0.,-0.,-1.));
#10040 = ORIENTED_EDGE('',*,*,#2298,.F.);
#10041 = ORIENTED_EDGE('',*,*,#9996,.F.);
#10042 = PLANE('',#10043);
#10043 = AXIS2_PLACEMENT_3D('',#10044,#10045,#10046);
#10044 = CARTESIAN_POINT('',(73.43478394,89.7065,4.9));
#10045 = DIRECTION('',(0.,1.,0.));
#10046 = DIRECTION('',(-1.,0.,0.));
#10047 = ADVANCED_FACE('',(#10048),#10059,.F.);
#10048 = FACE_BOUND('',#10049,.F.);
#10049 = EDGE_LOOP('',(#10050,#10051,#10052,#10053));
#10050 = ORIENTED_EDGE('',*,*,#3514,.F.);
#10051 = ORIENTED_EDGE('',*,*,#10020,.T.);
#10052 = ORIENTED_EDGE('',*,*,#2258,.F.);
#10053 = ORIENTED_EDGE('',*,*,#10054,.F.);
#10054 = EDGE_CURVE('',#3507,#2259,#10055,.T.);
#10055 = LINE('',#10056,#10057);
#10056 = CARTESIAN_POINT('',(73.43478394,72.59437561,4.9));
#10057 = VECTOR('',#10058,1.);
#10058 = DIRECTION('',(-0.,-0.,-1.));
#10059 = PLANE('',#10060);
#10060 = AXIS2_PLACEMENT_3D('',#10061,#10062,#10063);
#10061 = CARTESIAN_POINT('',(73.43478394,68.2795639,4.9));
#10062 = DIRECTION('',(1.,0.,0.));
#10063 = DIRECTION('',(0.,1.,0.));
#10064 = ADVANCED_FACE('',(#10065),#10076,.F.);
#10065 = FACE_BOUND('',#10066,.F.);
#10066 = EDGE_LOOP('',(#10067,#10068,#10074,#10075));
#10067 = ORIENTED_EDGE('',*,*,#3482,.F.);
#10068 = ORIENTED_EDGE('',*,*,#10069,.T.);
#10069 = EDGE_CURVE('',#3483,#2283,#10070,.T.);
#10070 = LINE('',#10071,#10072);
#10071 = CARTESIAN_POINT('',(73.43478394,88.09575653,4.9));
#10072 = VECTOR('',#10073,1.);
#10073 = DIRECTION('',(-0.,-0.,-1.));
#10074 = ORIENTED_EDGE('',*,*,#2290,.F.);
#10075 = ORIENTED_EDGE('',*,*,#10035,.F.);
#10076 = PLANE('',#10077);
#10077 = AXIS2_PLACEMENT_3D('',#10078,#10079,#10080);
#10078 = CARTESIAN_POINT('',(73.43478394,88.09575653,4.9));
#10079 = DIRECTION('',(1.,0.,0.));
#10080 = DIRECTION('',(0.,1.,0.));
#10081 = ADVANCED_FACE('',(#10082),#10093,.F.);
#10082 = FACE_BOUND('',#10083,.F.);
#10083 = EDGE_LOOP('',(#10084,#10085,#10086,#10087));
#10084 = ORIENTED_EDGE('',*,*,#3506,.F.);
#10085 = ORIENTED_EDGE('',*,*,#10054,.T.);
#10086 = ORIENTED_EDGE('',*,*,#2266,.F.);
#10087 = ORIENTED_EDGE('',*,*,#10088,.F.);
#10088 = EDGE_CURVE('',#3499,#2267,#10089,.T.);
#10089 = LINE('',#10090,#10091);
#10090 = CARTESIAN_POINT('',(85.4203949,72.59437561,4.9));
#10091 = VECTOR('',#10092,1.);
#10092 = DIRECTION('',(-0.,-0.,-1.));
#10093 = PLANE('',#10094);
#10094 = AXIS2_PLACEMENT_3D('',#10095,#10096,#10097);
#10095 = CARTESIAN_POINT('',(73.43478394,72.59437561,4.9));
#10096 = DIRECTION('',(0.,-1.,0.));
#10097 = DIRECTION('',(1.,0.,0.));
#10098 = ADVANCED_FACE('',(#10099),#10110,.F.);
#10099 = FACE_BOUND('',#10100,.F.);
#10100 = EDGE_LOOP('',(#10101,#10102,#10108,#10109));
#10101 = ORIENTED_EDGE('',*,*,#3490,.F.);
#10102 = ORIENTED_EDGE('',*,*,#10103,.T.);
#10103 = EDGE_CURVE('',#3491,#2275,#10104,.T.);
#10104 = LINE('',#10105,#10106);
#10105 = CARTESIAN_POINT('',(85.4203949,88.09575653,4.9));
#10106 = VECTOR('',#10107,1.);
#10107 = DIRECTION('',(-0.,-0.,-1.));
#10108 = ORIENTED_EDGE('',*,*,#2282,.F.);
#10109 = ORIENTED_EDGE('',*,*,#10069,.F.);
#10110 = PLANE('',#10111);
#10111 = AXIS2_PLACEMENT_3D('',#10112,#10113,#10114);
#10112 = CARTESIAN_POINT('',(85.4203949,88.09575653,4.9));
#10113 = DIRECTION('',(0.,1.,0.));
#10114 = DIRECTION('',(-1.,0.,0.));
#10115 = ADVANCED_FACE('',(#10116),#10122,.F.);
#10116 = FACE_BOUND('',#10117,.F.);
#10117 = EDGE_LOOP('',(#10118,#10119,#10120,#10121));
#10118 = ORIENTED_EDGE('',*,*,#3498,.F.);
#10119 = ORIENTED_EDGE('',*,*,#10088,.T.);
#10120 = ORIENTED_EDGE('',*,*,#2274,.F.);
#10121 = ORIENTED_EDGE('',*,*,#10103,.F.);
#10122 = PLANE('',#10123);
#10123 = AXIS2_PLACEMENT_3D('',#10124,#10125,#10126);
#10124 = CARTESIAN_POINT('',(85.4203949,72.59437561,4.9));
#10125 = DIRECTION('',(1.,0.,0.));
#10126 = DIRECTION('',(0.,1.,0.));
#10127 = ADVANCED_FACE('',(#10128),#10167,.F.);
#10128 = FACE_BOUND('',#10129,.F.);
#10129 = EDGE_LOOP('',(#10130,#10138,#10139,#10145,#10146,#10152,#10153,
    #10161));
#10130 = ORIENTED_EDGE('',*,*,#10131,.F.);
#10131 = EDGE_CURVE('',#2460,#10132,#10134,.T.);
#10132 = VERTEX_POINT('',#10133);
#10133 = CARTESIAN_POINT('',(50.3408,88.238081105,2.4));
#10134 = LINE('',#10135,#10136);
#10135 = CARTESIAN_POINT('',(50.3408,88.238081105,4.9));
#10136 = VECTOR('',#10137,1.);
#10137 = DIRECTION('',(-0.,-0.,-1.));
#10138 = ORIENTED_EDGE('',*,*,#2467,.F.);
#10139 = ORIENTED_EDGE('',*,*,#10140,.T.);
#10140 = EDGE_CURVE('',#2468,#2309,#10141,.T.);
#10141 = LINE('',#10142,#10143);
#10142 = CARTESIAN_POINT('',(50.3408,90.0574,4.9));
#10143 = VECTOR('',#10144,1.);
#10144 = DIRECTION('',(-0.,-0.,-1.));
#10145 = ORIENTED_EDGE('',*,*,#2306,.F.);
#10146 = ORIENTED_EDGE('',*,*,#10147,.F.);
#10147 = EDGE_CURVE('',#2492,#2307,#10148,.T.);
#10148 = LINE('',#10149,#10150);
#10149 = CARTESIAN_POINT('',(50.3408,72.41876221,4.9));
#10150 = VECTOR('',#10151,1.);
#10151 = DIRECTION('',(-0.,-0.,-1.));
#10152 = ORIENTED_EDGE('',*,*,#2499,.F.);
#10153 = ORIENTED_EDGE('',*,*,#10154,.T.);
#10154 = EDGE_CURVE('',#2500,#10155,#10157,.T.);
#10155 = VERTEX_POINT('',#10156);
#10156 = CARTESIAN_POINT('',(50.3408,74.238081105,2.4));
#10157 = LINE('',#10158,#10159);
#10158 = CARTESIAN_POINT('',(50.3408,74.238081105,4.9));
#10159 = VECTOR('',#10160,1.);
#10160 = DIRECTION('',(0.,0.,-1.));
#10161 = ORIENTED_EDGE('',*,*,#10162,.F.);
#10162 = EDGE_CURVE('',#10132,#10155,#10163,.T.);
#10163 = LINE('',#10164,#10165);
#10164 = CARTESIAN_POINT('',(50.3408,88.238081105,2.4));
#10165 = VECTOR('',#10166,1.);
#10166 = DIRECTION('',(0.,-1.,0.));
#10167 = PLANE('',#10168);
#10168 = AXIS2_PLACEMENT_3D('',#10169,#10170,#10171);
#10169 = CARTESIAN_POINT('',(50.3408,90.0574,4.9));
#10170 = DIRECTION('',(-1.,0.,0.));
#10171 = DIRECTION('',(0.,-1.,0.));
#10172 = ADVANCED_FACE('',(#10173),#10184,.F.);
#10173 = FACE_BOUND('',#10174,.F.);
#10174 = EDGE_LOOP('',(#10175,#10176,#10177,#10178));
#10175 = ORIENTED_EDGE('',*,*,#2491,.F.);
#10176 = ORIENTED_EDGE('',*,*,#10147,.T.);
#10177 = ORIENTED_EDGE('',*,*,#2316,.F.);
#10178 = ORIENTED_EDGE('',*,*,#10179,.F.);
#10179 = EDGE_CURVE('',#2484,#2317,#10180,.T.);
#10180 = LINE('',#10181,#10182);
#10181 = CARTESIAN_POINT('',(64.87203217,72.41876221,4.9));
#10182 = VECTOR('',#10183,1.);
#10183 = DIRECTION('',(-0.,-0.,-1.));
#10184 = PLANE('',#10185);
#10185 = AXIS2_PLACEMENT_3D('',#10186,#10187,#10188);
#10186 = CARTESIAN_POINT('',(50.3408,72.41876221,4.9));
#10187 = DIRECTION('',(0.,-1.,0.));
#10188 = DIRECTION('',(1.,0.,0.));
#10189 = ADVANCED_FACE('',(#10190),#10201,.F.);
#10190 = FACE_BOUND('',#10191,.F.);
#10191 = EDGE_LOOP('',(#10192,#10193,#10199,#10200));
#10192 = ORIENTED_EDGE('',*,*,#2475,.F.);
#10193 = ORIENTED_EDGE('',*,*,#10194,.T.);
#10194 = EDGE_CURVE('',#2476,#2325,#10195,.T.);
#10195 = LINE('',#10196,#10197);
#10196 = CARTESIAN_POINT('',(64.87203217,90.0574,4.9));
#10197 = VECTOR('',#10198,1.);
#10198 = DIRECTION('',(-0.,-0.,-1.));
#10199 = ORIENTED_EDGE('',*,*,#2332,.F.);
#10200 = ORIENTED_EDGE('',*,*,#10140,.F.);
#10201 = PLANE('',#10202);
#10202 = AXIS2_PLACEMENT_3D('',#10203,#10204,#10205);
#10203 = CARTESIAN_POINT('',(64.87203217,90.0574,4.9));
#10204 = DIRECTION('',(0.,1.,0.));
#10205 = DIRECTION('',(-1.,0.,0.));
#10206 = ADVANCED_FACE('',(#10207),#10213,.F.);
#10207 = FACE_BOUND('',#10208,.F.);
#10208 = EDGE_LOOP('',(#10209,#10210,#10211,#10212));
#10209 = ORIENTED_EDGE('',*,*,#2483,.F.);
#10210 = ORIENTED_EDGE('',*,*,#10179,.T.);
#10211 = ORIENTED_EDGE('',*,*,#2324,.F.);
#10212 = ORIENTED_EDGE('',*,*,#10194,.F.);
#10213 = PLANE('',#10214);
#10214 = AXIS2_PLACEMENT_3D('',#10215,#10216,#10217);
#10215 = CARTESIAN_POINT('',(64.87203217,72.41876221,4.9));
#10216 = DIRECTION('',(1.,0.,0.));
#10217 = DIRECTION('',(0.,1.,0.));
#10218 = ADVANCED_FACE('',(#10219),#10252,.F.);
#10219 = FACE_BOUND('',#10220,.F.);
#10220 = EDGE_LOOP('',(#10221,#10231,#10237,#10238,#10246));
#10221 = ORIENTED_EDGE('',*,*,#10222,.T.);
#10222 = EDGE_CURVE('',#10223,#10225,#10227,.T.);
#10223 = VERTEX_POINT('',#10224);
#10224 = CARTESIAN_POINT('',(21.01,90.599999999999,2.4));
#10225 = VERTEX_POINT('',#10226);
#10226 = CARTESIAN_POINT('',(21.01,90.599999999999,2.));
#10227 = LINE('',#10228,#10229);
#10228 = CARTESIAN_POINT('',(21.01,90.599999999999,4.9));
#10229 = VECTOR('',#10230,1.);
#10230 = DIRECTION('',(-0.,-0.,-1.));
#10231 = ORIENTED_EDGE('',*,*,#10232,.F.);
#10232 = EDGE_CURVE('',#2361,#10225,#10233,.T.);
#10233 = LINE('',#10234,#10235);
#10234 = CARTESIAN_POINT('',(21.01,89.924999999999,2.675));
#10235 = VECTOR('',#10236,1.);
#10236 = DIRECTION('',(0.,-0.707106781187,0.707106781187));
#10237 = ORIENTED_EDGE('',*,*,#2358,.F.);
#10238 = ORIENTED_EDGE('',*,*,#10239,.F.);
#10239 = EDGE_CURVE('',#10240,#2359,#10242,.T.);
#10240 = VERTEX_POINT('',#10241);
#10241 = CARTESIAN_POINT('',(21.01,73.0652691,2.4));
#10242 = LINE('',#10243,#10244);
#10243 = CARTESIAN_POINT('',(21.01,73.0652691,4.9));
#10244 = VECTOR('',#10245,1.);
#10245 = DIRECTION('',(-0.,-0.,-1.));
#10246 = ORIENTED_EDGE('',*,*,#10247,.F.);
#10247 = EDGE_CURVE('',#10223,#10240,#10248,.T.);
#10248 = LINE('',#10249,#10250);
#10249 = CARTESIAN_POINT('',(21.01,84.373343929758,2.4));
#10250 = VECTOR('',#10251,1.);
#10251 = DIRECTION('',(0.,-1.,0.));
#10252 = PLANE('',#10253);
#10253 = AXIS2_PLACEMENT_3D('',#10254,#10255,#10256);
#10254 = CARTESIAN_POINT('',(21.01,90.599999999999,4.9));
#10255 = DIRECTION('',(-1.,0.,0.));
#10256 = DIRECTION('',(0.,-1.,0.));
#10257 = ADVANCED_FACE('',(#10258),#10278,.T.);
#10258 = FACE_BOUND('',#10259,.T.);
#10259 = EDGE_LOOP('',(#10260,#10261,#10262,#10263,#10271,#10277));
#10260 = ORIENTED_EDGE('',*,*,#3601,.T.);
#10261 = ORIENTED_EDGE('',*,*,#2368,.T.);
#10262 = ORIENTED_EDGE('',*,*,#10239,.F.);
#10263 = ORIENTED_EDGE('',*,*,#10264,.F.);
#10264 = EDGE_CURVE('',#10265,#10240,#10267,.T.);
#10265 = VERTEX_POINT('',#10266);
#10266 = CARTESIAN_POINT('',(20.477254981078,73.0652691,2.4));
#10267 = LINE('',#10268,#10269);
#10268 = CARTESIAN_POINT('',(19.863338410568,73.0652691,2.4));
#10269 = VECTOR('',#10270,1.);
#10270 = DIRECTION('',(1.,0.,0.));
#10271 = ORIENTED_EDGE('',*,*,#10272,.F.);
#10272 = EDGE_CURVE('',#2524,#10265,#10273,.T.);
#10273 = LINE('',#10274,#10275);
#10274 = CARTESIAN_POINT('',(24.807382,73.0652691,4.9));
#10275 = VECTOR('',#10276,1.);
#10276 = DIRECTION('',(-0.866025403784,1.1E-16,-0.5));
#10277 = ORIENTED_EDGE('',*,*,#2523,.T.);
#10278 = PLANE('',#10279);
#10279 = AXIS2_PLACEMENT_3D('',#10280,#10281,#10282);
#10280 = CARTESIAN_POINT('',(26.090685645579,73.0652691,3.124589642965)
  );
#10281 = DIRECTION('',(0.,1.,0.));
#10282 = DIRECTION('',(0.,0.,1.));
#10283 = ADVANCED_FACE('',(#10284),#10295,.T.);
#10284 = FACE_BOUND('',#10285,.T.);
#10285 = EDGE_LOOP('',(#10286,#10287,#10288,#10289));
#10286 = ORIENTED_EDGE('',*,*,#10232,.F.);
#10287 = ORIENTED_EDGE('',*,*,#2384,.T.);
#10288 = ORIENTED_EDGE('',*,*,#3594,.T.);
#10289 = ORIENTED_EDGE('',*,*,#10290,.F.);
#10290 = EDGE_CURVE('',#10225,#3587,#10291,.T.);
#10291 = LINE('',#10292,#10293);
#10292 = CARTESIAN_POINT('',(21.01,90.599999999999,2.));
#10293 = VECTOR('',#10294,1.);
#10294 = DIRECTION('',(1.,0.,0.));
#10295 = PLANE('',#10296);
#10296 = AXIS2_PLACEMENT_3D('',#10297,#10298,#10299);
#10297 = CARTESIAN_POINT('',(21.01,90.699999999999,1.9));
#10298 = DIRECTION('',(0.,-0.707106781187,-0.707106781187));
#10299 = DIRECTION('',(1.,0.,0.));
#10300 = ADVANCED_FACE('',(#10301),#10317,.F.);
#10301 = FACE_BOUND('',#10302,.F.);
#10302 = EDGE_LOOP('',(#10303,#10304,#10310,#10311));
#10303 = ORIENTED_EDGE('',*,*,#6736,.T.);
#10304 = ORIENTED_EDGE('',*,*,#10305,.T.);
#10305 = EDGE_CURVE('',#6737,#2395,#10306,.T.);
#10306 = LINE('',#10307,#10308);
#10307 = CARTESIAN_POINT('',(8.65931,122.927,4.9));
#10308 = VECTOR('',#10309,1.);
#10309 = DIRECTION('',(-0.,-0.,-1.));
#10310 = ORIENTED_EDGE('',*,*,#2392,.F.);
#10311 = ORIENTED_EDGE('',*,*,#10312,.F.);
#10312 = EDGE_CURVE('',#6727,#2393,#10313,.T.);
#10313 = LINE('',#10314,#10315);
#10314 = CARTESIAN_POINT('',(8.65931,113.927,4.9));
#10315 = VECTOR('',#10316,1.);
#10316 = DIRECTION('',(-0.,-0.,-1.));
#10317 = PLANE('',#10318);
#10318 = AXIS2_PLACEMENT_3D('',#10319,#10320,#10321);
#10319 = CARTESIAN_POINT('',(8.65931,122.927,4.9));
#10320 = DIRECTION('',(-1.,0.,0.));
#10321 = DIRECTION('',(0.,-1.,0.));
#10322 = ADVANCED_FACE('',(#10323),#10342,.F.);
#10323 = FACE_BOUND('',#10324,.F.);
#10324 = EDGE_LOOP('',(#10325,#10333,#10334,#10335,#10336));
#10325 = ORIENTED_EDGE('',*,*,#10326,.F.);
#10326 = EDGE_CURVE('',#6720,#10327,#10329,.T.);
#10327 = VERTEX_POINT('',#10328);
#10328 = CARTESIAN_POINT('',(19.65931,113.927,2.4));
#10329 = LINE('',#10330,#10331);
#10330 = CARTESIAN_POINT('',(8.65931,113.927,2.4));
#10331 = VECTOR('',#10332,1.);
#10332 = DIRECTION('',(1.,0.,0.));
#10333 = ORIENTED_EDGE('',*,*,#6726,.F.);
#10334 = ORIENTED_EDGE('',*,*,#10312,.T.);
#10335 = ORIENTED_EDGE('',*,*,#2402,.F.);
#10336 = ORIENTED_EDGE('',*,*,#10337,.F.);
#10337 = EDGE_CURVE('',#10327,#2403,#10338,.T.);
#10338 = LINE('',#10339,#10340);
#10339 = CARTESIAN_POINT('',(19.65931,113.927,4.9));
#10340 = VECTOR('',#10341,1.);
#10341 = DIRECTION('',(-0.,-0.,-1.));
#10342 = PLANE('',#10343);
#10343 = AXIS2_PLACEMENT_3D('',#10344,#10345,#10346);
#10344 = CARTESIAN_POINT('',(8.65931,113.927,4.9));
#10345 = DIRECTION('',(0.,-1.,0.));
#10346 = DIRECTION('',(1.,0.,0.));
#10347 = ADVANCED_FACE('',(#10348),#10367,.F.);
#10348 = FACE_BOUND('',#10349,.F.);
#10349 = EDGE_LOOP('',(#10350,#10358,#10364,#10365,#10366));
#10350 = ORIENTED_EDGE('',*,*,#10351,.F.);
#10351 = EDGE_CURVE('',#10352,#6744,#10354,.T.);
#10352 = VERTEX_POINT('',#10353);
#10353 = CARTESIAN_POINT('',(19.65931,122.927,4.9));
#10354 = LINE('',#10355,#10356);
#10355 = CARTESIAN_POINT('',(19.65931,122.927,4.9));
#10356 = VECTOR('',#10357,1.);
#10357 = DIRECTION('',(-1.,0.,0.));
#10358 = ORIENTED_EDGE('',*,*,#10359,.T.);
#10359 = EDGE_CURVE('',#10352,#2411,#10360,.T.);
#10360 = LINE('',#10361,#10362);
#10361 = CARTESIAN_POINT('',(19.65931,122.927,4.9));
#10362 = VECTOR('',#10363,1.);
#10363 = DIRECTION('',(-0.,-0.,-1.));
#10364 = ORIENTED_EDGE('',*,*,#2418,.F.);
#10365 = ORIENTED_EDGE('',*,*,#10305,.F.);
#10366 = ORIENTED_EDGE('',*,*,#6743,.T.);
#10367 = PLANE('',#10368);
#10368 = AXIS2_PLACEMENT_3D('',#10369,#10370,#10371);
#10369 = CARTESIAN_POINT('',(19.65931,122.927,4.9));
#10370 = DIRECTION('',(0.,1.,0.));
#10371 = DIRECTION('',(-1.,0.,0.));
#10372 = ADVANCED_FACE('',(#10373),#10392,.F.);
#10373 = FACE_BOUND('',#10374,.F.);
#10374 = EDGE_LOOP('',(#10375,#10383,#10389,#10390,#10391));
#10375 = ORIENTED_EDGE('',*,*,#10376,.F.);
#10376 = EDGE_CURVE('',#10377,#10352,#10379,.T.);
#10377 = VERTEX_POINT('',#10378);
#10378 = CARTESIAN_POINT('',(19.65931,113.927,4.9));
#10379 = LINE('',#10380,#10381);
#10380 = CARTESIAN_POINT('',(19.65931,113.927,4.9));
#10381 = VECTOR('',#10382,1.);
#10382 = DIRECTION('',(0.,1.,0.));
#10383 = ORIENTED_EDGE('',*,*,#10384,.T.);
#10384 = EDGE_CURVE('',#10377,#10327,#10385,.T.);
#10385 = LINE('',#10386,#10387);
#10386 = CARTESIAN_POINT('',(19.65931,113.927,4.9));
#10387 = VECTOR('',#10388,1.);
#10388 = DIRECTION('',(-0.,-0.,-1.));
#10389 = ORIENTED_EDGE('',*,*,#10337,.T.);
#10390 = ORIENTED_EDGE('',*,*,#2410,.F.);
#10391 = ORIENTED_EDGE('',*,*,#10359,.F.);
#10392 = PLANE('',#10393);
#10393 = AXIS2_PLACEMENT_3D('',#10394,#10395,#10396);
#10394 = CARTESIAN_POINT('',(19.65931,113.927,4.9));
#10395 = DIRECTION('',(1.,0.,0.));
#10396 = DIRECTION('',(0.,1.,0.));
#10397 = ADVANCED_FACE('',(#10398),#10404,.T.);
#10398 = FACE_BOUND('',#10399,.F.);
#10399 = EDGE_LOOP('',(#10400,#10401,#10402,#10403));
#10400 = ORIENTED_EDGE('',*,*,#3911,.F.);
#10401 = ORIENTED_EDGE('',*,*,#2432,.T.);
#10402 = ORIENTED_EDGE('',*,*,#4317,.T.);
#10403 = ORIENTED_EDGE('',*,*,#3951,.F.);
#10404 = PLANE('',#10405);
#10405 = AXIS2_PLACEMENT_3D('',#10406,#10407,#10408);
#10406 = CARTESIAN_POINT('',(60.5315094,63.543248365,4.45));
#10407 = DIRECTION('',(0.,-0.707106781187,0.707106781187));
#10408 = DIRECTION('',(-1.,-1.5E-16,-1.5E-16));
#10409 = ADVANCED_FACE('',(#10410),#10421,.T.);
#10410 = FACE_BOUND('',#10411,.T.);
#10411 = EDGE_LOOP('',(#10412,#10413,#10414,#10420));
#10412 = ORIENTED_EDGE('',*,*,#3927,.F.);
#10413 = ORIENTED_EDGE('',*,*,#3262,.T.);
#10414 = ORIENTED_EDGE('',*,*,#10415,.T.);
#10415 = EDGE_CURVE('',#3254,#3849,#10416,.T.);
#10416 = LINE('',#10417,#10418);
#10417 = CARTESIAN_POINT('',(92.51,59.643248365,4.45));
#10418 = VECTOR('',#10419,1.);
#10419 = DIRECTION('',(0.,0.707106781187,-0.707106781187));
#10420 = ORIENTED_EDGE('',*,*,#3880,.F.);
#10421 = PLANE('',#10422);
#10422 = AXIS2_PLACEMENT_3D('',#10423,#10424,#10425);
#10423 = CARTESIAN_POINT('',(60.5315094,59.643248365,4.45));
#10424 = DIRECTION('',(0.,0.707106781187,0.707106781187));
#10425 = DIRECTION('',(1.,0.,0.));
#10426 = ADVANCED_FACE('',(#10427),#10438,.F.);
#10427 = FACE_BOUND('',#10428,.T.);
#10428 = EDGE_LOOP('',(#10429,#10430,#10431,#10437));
#10429 = ORIENTED_EDGE('',*,*,#10415,.F.);
#10430 = ORIENTED_EDGE('',*,*,#3253,.T.);
#10431 = ORIENTED_EDGE('',*,*,#10432,.T.);
#10432 = EDGE_CURVE('',#3246,#3824,#10433,.T.);
#10433 = LINE('',#10434,#10435);
#10434 = CARTESIAN_POINT('',(94.51,62.093248365,4.));
#10435 = VECTOR('',#10436,1.);
#10436 = DIRECTION('',(-0.707106781187,4.E-17,-0.707106781187));
#10437 = ORIENTED_EDGE('',*,*,#3848,.F.);
#10438 = CONICAL_SURFACE('',#10439,2.,0.785398163397);
#10439 = AXIS2_PLACEMENT_3D('',#10440,#10441,#10442);
#10440 = CARTESIAN_POINT('',(92.51,62.093248365,4.));
#10441 = DIRECTION('',(0.,0.,1.));
#10442 = DIRECTION('',(0.,-1.,0.));
#10443 = ADVANCED_FACE('',(#10444),#10450,.T.);
#10444 = FACE_BOUND('',#10445,.T.);
#10445 = EDGE_LOOP('',(#10446,#10447,#10448,#10449));
#10446 = ORIENTED_EDGE('',*,*,#10432,.F.);
#10447 = ORIENTED_EDGE('',*,*,#3245,.T.);
#10448 = ORIENTED_EDGE('',*,*,#3800,.T.);
#10449 = ORIENTED_EDGE('',*,*,#3823,.F.);
#10450 = PLANE('',#10451);
#10451 = AXIS2_PLACEMENT_3D('',#10452,#10453,#10454);
#10452 = CARTESIAN_POINT('',(94.96,62.093248365,4.45));
#10453 = DIRECTION('',(-0.707106781187,0.,0.707106781187));
#10454 = DIRECTION('',(0.,1.,0.));
#10455 = ADVANCED_FACE('',(#10456),#10481,.T.);
#10456 = FACE_BOUND('',#10457,.T.);
#10457 = EDGE_LOOP('',(#10458,#10459,#10460,#10466,#10467,#10468,#10476)
  );
#10458 = ORIENTED_EDGE('',*,*,#2838,.F.);
#10459 = ORIENTED_EDGE('',*,*,#9163,.T.);
#10460 = ORIENTED_EDGE('',*,*,#10461,.T.);
#10461 = EDGE_CURVE('',#9156,#5052,#10462,.T.);
#10462 = LINE('',#10463,#10464);
#10463 = CARTESIAN_POINT('',(5.91,19.,3.7));
#10464 = VECTOR('',#10465,1.);
#10465 = DIRECTION('',(1.,0.,0.));
#10466 = ORIENTED_EDGE('',*,*,#5059,.F.);
#10467 = ORIENTED_EDGE('',*,*,#2861,.F.);
#10468 = ORIENTED_EDGE('',*,*,#10469,.F.);
#10469 = EDGE_CURVE('',#10470,#2854,#10472,.T.);
#10470 = VERTEX_POINT('',#10471);
#10471 = CARTESIAN_POINT('',(102.72700032117,19.,4.30999967883));
#10472 = LINE('',#10473,#10474);
#10473 = CARTESIAN_POINT('',(102.72700032117,19.,4.605));
#10474 = VECTOR('',#10475,1.);
#10475 = DIRECTION('',(0.,0.,1.));
#10476 = ORIENTED_EDGE('',*,*,#10477,.T.);
#10477 = EDGE_CURVE('',#10470,#2839,#10478,.T.);
#10478 = B_SPLINE_CURVE_WITH_KNOTS('',1,(#10479,#10480),.UNSPECIFIED.,
  .F.,.F.,(2,2),(0.,1.),.PIECEWISE_BEZIER_KNOTS.);
#10479 = CARTESIAN_POINT('',(103.337,19.,3.7));
#10480 = CARTESIAN_POINT('',(102.137,19.,4.9));
#10481 = PLANE('',#10482);
#10482 = AXIS2_PLACEMENT_3D('',#10483,#10484,#10485);
#10483 = CARTESIAN_POINT('',(74.3059975,19.,4.3));
#10484 = DIRECTION('',(-0.,-1.,-0.));
#10485 = DIRECTION('',(0.,0.,-1.));
#10486 = ADVANCED_FACE('',(#10487),#10496,.T.);
#10487 = FACE_BOUND('',#10488,.F.);
#10488 = EDGE_LOOP('',(#10489,#10494,#10495));
#10489 = ORIENTED_EDGE('',*,*,#10490,.T.);
#10490 = EDGE_CURVE('',#10470,#2847,#10491,.T.);
#10491 = B_SPLINE_CURVE_WITH_KNOTS('',1,(#10492,#10493),.UNSPECIFIED.,
  .F.,.F.,(2,2),(0.,1.),.PIECEWISE_BEZIER_KNOTS.);
#10492 = CARTESIAN_POINT('',(105.527,16.20000032117,1.51));
#10493 = CARTESIAN_POINT('',(102.127,19.60000032117,4.91));
#10494 = ORIENTED_EDGE('',*,*,#2853,.F.);
#10495 = ORIENTED_EDGE('',*,*,#10469,.F.);
#10496 = PLANE('',#10497);
#10497 = AXIS2_PLACEMENT_3D('',#10498,#10499,#10500);
#10498 = CARTESIAN_POINT('',(105.52699999999,16.200000321171,4.91));
#10499 = DIRECTION('',(-0.707106781187,-0.707106781187,-0.));
#10500 = DIRECTION('',(0.707106781187,-0.707106781187,0.));
#10501 = ADVANCED_FACE('',(#10502),#10507,.T.);
#10502 = FACE_BOUND('',#10503,.T.);
#10503 = EDGE_LOOP('',(#10504,#10505,#10506));
#10504 = ORIENTED_EDGE('',*,*,#10490,.T.);
#10505 = ORIENTED_EDGE('',*,*,#2846,.T.);
#10506 = ORIENTED_EDGE('',*,*,#10477,.F.);
#10507 = B_SPLINE_SURFACE_WITH_KNOTS('',1,1,(
    (#10508,#10509)
    ,(#10510,#10511
    )),.UNSPECIFIED.,.F.,.F.,.F.,(2,2),(2,2),(-3.2109997505E-07,
    128.00000032117),(0.,1.),.PIECEWISE_BEZIER_KNOTS.);
#10508 = CARTESIAN_POINT('',(105.527,11.,1.51));
#10509 = CARTESIAN_POINT('',(102.127,10.9999996789,4.91));
#10510 = CARTESIAN_POINT('',(105.527,139.,1.51));
#10511 = CARTESIAN_POINT('',(102.127,139.00000032117,4.91));
#10512 = ADVANCED_FACE('',(#10513),#10524,.T.);
#10513 = FACE_BOUND('',#10514,.T.);
#10514 = EDGE_LOOP('',(#10515,#10516,#10517,#10523));
#10515 = ORIENTED_EDGE('',*,*,#2774,.F.);
#10516 = ORIENTED_EDGE('',*,*,#9454,.F.);
#10517 = ORIENTED_EDGE('',*,*,#10518,.T.);
#10518 = EDGE_CURVE('',#9443,#9240,#10519,.T.);
#10519 = LINE('',#10520,#10521);
#10520 = CARTESIAN_POINT('',(5.91,19.,3.7));
#10521 = VECTOR('',#10522,1.);
#10522 = DIRECTION('',(1.,0.,0.));
#10523 = ORIENTED_EDGE('',*,*,#9247,.F.);
#10524 = PLANE('',#10525);
#10525 = AXIS2_PLACEMENT_3D('',#10526,#10527,#10528);
#10526 = CARTESIAN_POINT('',(74.3059975,19.,4.3));
#10527 = DIRECTION('',(-0.,-1.,-0.));
#10528 = DIRECTION('',(0.,0.,-1.));
#10529 = ADVANCED_FACE('',(#10530),#10541,.T.);
#10530 = FACE_BOUND('',#10531,.T.);
#10531 = EDGE_LOOP('',(#10532,#10533,#10534,#10540));
#10532 = ORIENTED_EDGE('',*,*,#2742,.F.);
#10533 = ORIENTED_EDGE('',*,*,#9517,.F.);
#10534 = ORIENTED_EDGE('',*,*,#10535,.T.);
#10535 = EDGE_CURVE('',#9501,#9380,#10536,.T.);
#10536 = LINE('',#10537,#10538);
#10537 = CARTESIAN_POINT('',(5.91,19.,3.7));
#10538 = VECTOR('',#10539,1.);
#10539 = DIRECTION('',(1.,0.,0.));
#10540 = ORIENTED_EDGE('',*,*,#9387,.F.);
#10541 = PLANE('',#10542);
#10542 = AXIS2_PLACEMENT_3D('',#10543,#10544,#10545);
#10543 = CARTESIAN_POINT('',(74.3059975,19.,4.3));
#10544 = DIRECTION('',(-0.,-1.,-0.));
#10545 = DIRECTION('',(0.,0.,-1.));
#10546 = ADVANCED_FACE('',(#10547),#10558,.T.);
#10547 = FACE_BOUND('',#10548,.T.);
#10548 = EDGE_LOOP('',(#10549,#10550,#10551,#10557));
#10549 = ORIENTED_EDGE('',*,*,#2660,.F.);
#10550 = ORIENTED_EDGE('',*,*,#7591,.F.);
#10551 = ORIENTED_EDGE('',*,*,#10552,.T.);
#10552 = EDGE_CURVE('',#7575,#9624,#10553,.T.);
#10553 = LINE('',#10554,#10555);
#10554 = CARTESIAN_POINT('',(5.91,19.,3.7));
#10555 = VECTOR('',#10556,1.);
#10556 = DIRECTION('',(1.,0.,0.));
#10557 = ORIENTED_EDGE('',*,*,#9631,.F.);
#10558 = PLANE('',#10559);
#10559 = AXIS2_PLACEMENT_3D('',#10560,#10561,#10562);
#10560 = CARTESIAN_POINT('',(5.91,19.,4.9));
#10561 = DIRECTION('',(0.,-1.,0.));
#10562 = DIRECTION('',(1.,0.,0.));
#10563 = ADVANCED_FACE('',(#10564),#10583,.F.);
#10564 = FACE_BOUND('',#10565,.F.);
#10565 = EDGE_LOOP('',(#10566,#10575,#10581,#10582));
#10566 = ORIENTED_EDGE('',*,*,#10567,.F.);
#10567 = EDGE_CURVE('',#10568,#7415,#10570,.T.);
#10568 = VERTEX_POINT('',#10569);
#10569 = CARTESIAN_POINT('',(16.497972091305,46.055506821417,2.4));
#10570 = CIRCLE('',#10571,1.);
#10571 = AXIS2_PLACEMENT_3D('',#10572,#10573,#10574);
#10572 = CARTESIAN_POINT('',(15.628790581876,46.55,2.4));
#10573 = DIRECTION('',(0.,0.,-1.));
#10574 = DIRECTION('',(0.,1.,0.));
#10575 = ORIENTED_EDGE('',*,*,#10576,.F.);
#10576 = EDGE_CURVE('',#2582,#10568,#10577,.T.);
#10577 = LINE('',#10578,#10579);
#10578 = CARTESIAN_POINT('',(16.497972091305,46.055506821417,1.89));
#10579 = VECTOR('',#10580,1.);
#10580 = DIRECTION('',(-0.,-0.,-1.));
#10581 = ORIENTED_EDGE('',*,*,#2589,.T.);
#10582 = ORIENTED_EDGE('',*,*,#7414,.T.);
#10583 = CYLINDRICAL_SURFACE('',#10584,1.);
#10584 = AXIS2_PLACEMENT_3D('',#10585,#10586,#10587);
#10585 = CARTESIAN_POINT('',(15.628790581876,46.55,1.89));
#10586 = DIRECTION('',(-0.,-0.,-1.));
#10587 = DIRECTION('',(0.86918150943,-0.494493178583,0.));
#10588 = ADVANCED_FACE('',(#10589),#10607,.T.);
#10589 = FACE_BOUND('',#10590,.T.);
#10590 = EDGE_LOOP('',(#10591,#10599,#10600,#10601));
#10591 = ORIENTED_EDGE('',*,*,#10592,.F.);
#10592 = EDGE_CURVE('',#10568,#10593,#10595,.T.);
#10593 = VERTEX_POINT('',#10594);
#10594 = CARTESIAN_POINT('',(23.27234696979,57.962974178583,2.4));
#10595 = LINE('',#10596,#10597);
#10596 = CARTESIAN_POINT('',(16.497972091305,46.055506821417,2.4));
#10597 = VECTOR('',#10598,1.);
#10598 = DIRECTION('',(0.494493178583,0.86918150943,0.));
#10599 = ORIENTED_EDGE('',*,*,#10576,.F.);
#10600 = ORIENTED_EDGE('',*,*,#2581,.F.);
#10601 = ORIENTED_EDGE('',*,*,#10602,.T.);
#10602 = EDGE_CURVE('',#2573,#10593,#10603,.T.);
#10603 = LINE('',#10604,#10605);
#10604 = CARTESIAN_POINT('',(23.27234696979,57.962974178583,4.9));
#10605 = VECTOR('',#10606,1.);
#10606 = DIRECTION('',(-0.,-0.,-1.));
#10607 = PLANE('',#10608);
#10608 = AXIS2_PLACEMENT_3D('',#10609,#10610,#10611);
#10609 = CARTESIAN_POINT('',(19.885159530548,52.0092405,3.35));
#10610 = DIRECTION('',(-0.86918150943,0.494493178583,7.4E-16));
#10611 = DIRECTION('',(-0.494493178583,-0.86918150943,4.930380657631E-32
    ));
#10612 = ADVANCED_FACE('',(#10613),#10625,.T.);
#10613 = FACE_BOUND('',#10614,.F.);
#10614 = EDGE_LOOP('',(#10615,#10622,#10623,#10624));
#10615 = ORIENTED_EDGE('',*,*,#10616,.F.);
#10616 = EDGE_CURVE('',#9961,#10593,#10617,.T.);
#10617 = CIRCLE('',#10618,1.);
#10618 = AXIS2_PLACEMENT_3D('',#10619,#10620,#10621);
#10619 = CARTESIAN_POINT('',(24.14152847922,57.468481,2.4));
#10620 = DIRECTION('',(0.,-0.,1.));
#10621 = DIRECTION('',(0.,1.,0.));
#10622 = ORIENTED_EDGE('',*,*,#9968,.F.);
#10623 = ORIENTED_EDGE('',*,*,#2572,.T.);
#10624 = ORIENTED_EDGE('',*,*,#10602,.T.);
#10625 = CYLINDRICAL_SURFACE('',#10626,1.);
#10626 = AXIS2_PLACEMENT_3D('',#10627,#10628,#10629);
#10627 = CARTESIAN_POINT('',(24.14152847922,57.468481,1.89));
#10628 = DIRECTION('',(-0.,-0.,-1.));
#10629 = DIRECTION('',(0.,1.,0.));
#10630 = ADVANCED_FACE('',(#10631),#10642,.F.);
#10631 = FACE_BOUND('',#10632,.F.);
#10632 = EDGE_LOOP('',(#10633,#10634,#10635,#10641));
#10633 = ORIENTED_EDGE('',*,*,#2531,.T.);
#10634 = ORIENTED_EDGE('',*,*,#9880,.T.);
#10635 = ORIENTED_EDGE('',*,*,#10636,.F.);
#10636 = EDGE_CURVE('',#10265,#9881,#10637,.T.);
#10637 = LINE('',#10638,#10639);
#10638 = CARTESIAN_POINT('',(20.477254981078,73.0652691,2.4));
#10639 = VECTOR('',#10640,1.);
#10640 = DIRECTION('',(0.,-1.,0.));
#10641 = ORIENTED_EDGE('',*,*,#10272,.F.);
#10642 = PLANE('',#10643);
#10643 = AXIS2_PLACEMENT_3D('',#10644,#10645,#10646);
#10644 = CARTESIAN_POINT('',(24.807382,73.0652691,4.9));
#10645 = DIRECTION('',(0.5,0.,-0.866025403784));
#10646 = DIRECTION('',(-0.866025403784,1.1E-16,-0.5));
#10647 = ADVANCED_FACE('',(#10648),#10667,.T.);
#10648 = FACE_BOUND('',#10649,.T.);
#10649 = EDGE_LOOP('',(#10650,#10658,#10659,#10660,#10661));
#10650 = ORIENTED_EDGE('',*,*,#10651,.T.);
#10651 = EDGE_CURVE('',#10652,#3609,#10654,.T.);
#10652 = VERTEX_POINT('',#10653);
#10653 = CARTESIAN_POINT('',(48.8408,74.238081105,3.9));
#10654 = LINE('',#10655,#10656);
#10655 = CARTESIAN_POINT('',(50.3408,74.238081105,3.9));
#10656 = VECTOR('',#10657,1.);
#10657 = DIRECTION('',(-1.,0.,0.));
#10658 = ORIENTED_EDGE('',*,*,#3608,.F.);
#10659 = ORIENTED_EDGE('',*,*,#2507,.F.);
#10660 = ORIENTED_EDGE('',*,*,#10154,.T.);
#10661 = ORIENTED_EDGE('',*,*,#10662,.T.);
#10662 = EDGE_CURVE('',#10155,#10652,#10663,.T.);
#10663 = LINE('',#10664,#10665);
#10664 = CARTESIAN_POINT('',(49.3408,74.238081105,3.4));
#10665 = VECTOR('',#10666,1.);
#10666 = DIRECTION('',(-0.707106781187,0.,0.707106781187));
#10667 = PLANE('',#10668);
#10668 = AXIS2_PLACEMENT_3D('',#10669,#10670,#10671);
#10669 = CARTESIAN_POINT('',(50.3408,74.238081105,4.9));
#10670 = DIRECTION('',(0.,1.,0.));
#10671 = DIRECTION('',(-1.,0.,0.));
#10672 = ADVANCED_FACE('',(#10673),#10692,.T.);
#10673 = FACE_BOUND('',#10674,.T.);
#10674 = EDGE_LOOP('',(#10675,#10683,#10689,#10690,#10691));
#10675 = ORIENTED_EDGE('',*,*,#10676,.T.);
#10676 = EDGE_CURVE('',#3617,#10677,#10679,.T.);
#10677 = VERTEX_POINT('',#10678);
#10678 = CARTESIAN_POINT('',(48.8408,88.238081105,3.9));
#10679 = LINE('',#10680,#10681);
#10680 = CARTESIAN_POINT('',(30.807382,88.238081105,3.9));
#10681 = VECTOR('',#10682,1.);
#10682 = DIRECTION('',(1.,0.,0.));
#10683 = ORIENTED_EDGE('',*,*,#10684,.F.);
#10684 = EDGE_CURVE('',#10132,#10677,#10685,.T.);
#10685 = LINE('',#10686,#10687);
#10686 = CARTESIAN_POINT('',(44.4574455,88.238081105,8.2833545));
#10687 = VECTOR('',#10688,1.);
#10688 = DIRECTION('',(-0.707106781187,0.,0.707106781187));
#10689 = ORIENTED_EDGE('',*,*,#10131,.F.);
#10690 = ORIENTED_EDGE('',*,*,#2459,.F.);
#10691 = ORIENTED_EDGE('',*,*,#3624,.T.);
#10692 = PLANE('',#10693);
#10693 = AXIS2_PLACEMENT_3D('',#10694,#10695,#10696);
#10694 = CARTESIAN_POINT('',(30.807382,88.238081105,4.9));
#10695 = DIRECTION('',(0.,-1.,0.));
#10696 = DIRECTION('',(1.,0.,0.));
#10697 = ADVANCED_FACE('',(#10698),#10716,.T.);
#10698 = FACE_BOUND('',#10699,.T.);
#10699 = EDGE_LOOP('',(#10700,#10701,#10709,#10715));
#10700 = ORIENTED_EDGE('',*,*,#3554,.F.);
#10701 = ORIENTED_EDGE('',*,*,#10702,.F.);
#10702 = EDGE_CURVE('',#10703,#3547,#10705,.T.);
#10703 = VERTEX_POINT('',#10704);
#10704 = CARTESIAN_POINT('',(17.15931,105.29275468839,4.9));
#10705 = LINE('',#10706,#10707);
#10706 = CARTESIAN_POINT('',(10.011275324264,104.45,4.9));
#10707 = VECTOR('',#10708,1.);
#10708 = DIRECTION('',(0.993121401156,0.117089207724,0.));
#10709 = ORIENTED_EDGE('',*,*,#10710,.T.);
#10710 = EDGE_CURVE('',#10703,#3761,#10711,.T.);
#10711 = LINE('',#10712,#10713);
#10712 = CARTESIAN_POINT('',(17.15931,105.29275468839,4.125));
#10713 = VECTOR('',#10714,1.);
#10714 = DIRECTION('',(-0.,-0.,-1.));
#10715 = ORIENTED_EDGE('',*,*,#3760,.T.);
#10716 = PLANE('',#10717);
#10717 = AXIS2_PLACEMENT_3D('',#10718,#10719,#10720);
#10718 = CARTESIAN_POINT('',(16.861429762132,105.25763455,3.35));
#10719 = DIRECTION('',(0.117089207724,-0.993121401156,0.));
#10720 = DIRECTION('',(-0.993121401156,-0.117089207724,0.));
#10721 = ADVANCED_FACE('',(#10722),#10751,.T.);
#10722 = FACE_BOUND('',#10723,.T.);
#10723 = EDGE_LOOP('',(#10724,#10725,#10726,#10727,#10728,#10729,#10730,
    #10731,#10732,#10733,#10734,#10735,#10743,#10749,#10750));
#10724 = ORIENTED_EDGE('',*,*,#6477,.T.);
#10725 = ORIENTED_EDGE('',*,*,#6492,.T.);
#10726 = ORIENTED_EDGE('',*,*,#6516,.F.);
#10727 = ORIENTED_EDGE('',*,*,#6541,.F.);
#10728 = ORIENTED_EDGE('',*,*,#6590,.F.);
#10729 = ORIENTED_EDGE('',*,*,#6604,.T.);
#10730 = ORIENTED_EDGE('',*,*,#6628,.T.);
#10731 = ORIENTED_EDGE('',*,*,#6652,.T.);
#10732 = ORIENTED_EDGE('',*,*,#6756,.F.);
#10733 = ORIENTED_EDGE('',*,*,#10351,.F.);
#10734 = ORIENTED_EDGE('',*,*,#10376,.F.);
#10735 = ORIENTED_EDGE('',*,*,#10736,.T.);
#10736 = EDGE_CURVE('',#10377,#10737,#10739,.T.);
#10737 = VERTEX_POINT('',#10738);
#10738 = CARTESIAN_POINT('',(17.15931,109.59687298107,4.9));
#10739 = LINE('',#10740,#10741);
#10740 = CARTESIAN_POINT('',(19.65931,113.927,4.9));
#10741 = VECTOR('',#10742,1.);
#10742 = DIRECTION('',(-0.5,-0.866025403784,0.));
#10743 = ORIENTED_EDGE('',*,*,#10744,.T.);
#10744 = EDGE_CURVE('',#10737,#10703,#10745,.T.);
#10745 = LINE('',#10746,#10747);
#10746 = CARTESIAN_POINT('',(17.15931,109.59687298107,4.9));
#10747 = VECTOR('',#10748,1.);
#10748 = DIRECTION('',(0.,-1.,0.));
#10749 = ORIENTED_EDGE('',*,*,#10702,.T.);
#10750 = ORIENTED_EDGE('',*,*,#3546,.F.);
#10751 = PLANE('',#10752);
#10752 = AXIS2_PLACEMENT_3D('',#10753,#10754,#10755);
#10753 = CARTESIAN_POINT('',(54.980644589127,89.722295851324,4.9));
#10754 = DIRECTION('',(0.,0.,1.));
#10755 = DIRECTION('',(1.,0.,0.));
#10756 = ADVANCED_FACE('',(#10757),#10769,.T.);
#10757 = FACE_BOUND('',#10758,.T.);
#10758 = EDGE_LOOP('',(#10759,#10760,#10761,#10762,#10763));
#10759 = ORIENTED_EDGE('',*,*,#10222,.T.);
#10760 = ORIENTED_EDGE('',*,*,#10290,.T.);
#10761 = ORIENTED_EDGE('',*,*,#3584,.F.);
#10762 = ORIENTED_EDGE('',*,*,#3751,.T.);
#10763 = ORIENTED_EDGE('',*,*,#10764,.T.);
#10764 = EDGE_CURVE('',#3744,#10223,#10765,.T.);
#10765 = LINE('',#10766,#10767);
#10766 = CARTESIAN_POINT('',(21.01,90.599999999999,3.8));
#10767 = VECTOR('',#10768,1.);
#10768 = DIRECTION('',(-0.,-0.,-1.));
#10769 = PLANE('',#10770);
#10770 = AXIS2_PLACEMENT_3D('',#10771,#10772,#10773);
#10771 = CARTESIAN_POINT('',(25.908691,90.599999999999,2.8));
#10772 = DIRECTION('',(-0.,-1.,-0.));
#10773 = DIRECTION('',(0.,0.,-1.));
#10774 = ADVANCED_FACE('',(#10775),#10786,.T.);
#10775 = FACE_BOUND('',#10776,.T.);
#10776 = EDGE_LOOP('',(#10777,#10778,#10779,#10780));
#10777 = ORIENTED_EDGE('',*,*,#10676,.F.);
#10778 = ORIENTED_EDGE('',*,*,#3616,.F.);
#10779 = ORIENTED_EDGE('',*,*,#10651,.F.);
#10780 = ORIENTED_EDGE('',*,*,#10781,.F.);
#10781 = EDGE_CURVE('',#10677,#10652,#10782,.T.);
#10782 = LINE('',#10783,#10784);
#10783 = CARTESIAN_POINT('',(48.8408,88.238081105,3.9));
#10784 = VECTOR('',#10785,1.);
#10785 = DIRECTION('',(0.,-1.,0.));
#10786 = PLANE('',#10787);
#10787 = AXIS2_PLACEMENT_3D('',#10788,#10789,#10790);
#10788 = CARTESIAN_POINT('',(68.969959048033,73.481662094988,3.9));
#10789 = DIRECTION('',(0.,0.,1.));
#10790 = DIRECTION('',(1.,0.,0.));
#10791 = ADVANCED_FACE('',(#10792),#10811,.F.);
#10792 = FACE_BOUND('',#10793,.F.);
#10793 = EDGE_LOOP('',(#10794,#10795,#10796,#10805));
#10794 = ORIENTED_EDGE('',*,*,#3776,.F.);
#10795 = ORIENTED_EDGE('',*,*,#7036,.T.);
#10796 = ORIENTED_EDGE('',*,*,#10797,.T.);
#10797 = EDGE_CURVE('',#7037,#10798,#10800,.T.);
#10798 = VERTEX_POINT('',#10799);
#10799 = CARTESIAN_POINT('',(17.15931,98.1499999998,2.4));
#10800 = CIRCLE('',#10801,3.);
#10801 = AXIS2_PLACEMENT_3D('',#10802,#10803,#10804);
#10802 = CARTESIAN_POINT('',(14.15931,98.1499999998,2.4));
#10803 = DIRECTION('',(0.,0.,1.));
#10804 = DIRECTION('',(1.,0.,0.));
#10805 = ORIENTED_EDGE('',*,*,#10806,.F.);
#10806 = EDGE_CURVE('',#3769,#10798,#10807,.T.);
#10807 = LINE('',#10808,#10809);
#10808 = CARTESIAN_POINT('',(17.15931,98.1499999998,4.9));
#10809 = VECTOR('',#10810,1.);
#10810 = DIRECTION('',(-0.,-0.,-1.));
#10811 = CYLINDRICAL_SURFACE('',#10812,3.);
#10812 = AXIS2_PLACEMENT_3D('',#10813,#10814,#10815);
#10813 = CARTESIAN_POINT('',(14.15931,98.1499999998,4.9));
#10814 = DIRECTION('',(0.,0.,1.));
#10815 = DIRECTION('',(1.,0.,0.));
#10816 = ADVANCED_FACE('',(#10817),#10837,.T.);
#10817 = FACE_BOUND('',#10818,.T.);
#10818 = EDGE_LOOP('',(#10819,#10820,#10828,#10834,#10835,#10836));
#10819 = ORIENTED_EDGE('',*,*,#10744,.F.);
#10820 = ORIENTED_EDGE('',*,*,#10821,.T.);
#10821 = EDGE_CURVE('',#10737,#10822,#10824,.T.);
#10822 = VERTEX_POINT('',#10823);
#10823 = CARTESIAN_POINT('',(17.15931,109.59687298107,2.4));
#10824 = LINE('',#10825,#10826);
#10825 = CARTESIAN_POINT('',(17.15931,109.59687298107,4.9));
#10826 = VECTOR('',#10827,1.);
#10827 = DIRECTION('',(-0.,-0.,-1.));
#10828 = ORIENTED_EDGE('',*,*,#10829,.T.);
#10829 = EDGE_CURVE('',#10822,#10798,#10830,.T.);
#10830 = LINE('',#10831,#10832);
#10831 = CARTESIAN_POINT('',(17.15931,109.59687298107,2.4));
#10832 = VECTOR('',#10833,1.);
#10833 = DIRECTION('',(0.,-1.,0.));
#10834 = ORIENTED_EDGE('',*,*,#10806,.F.);
#10835 = ORIENTED_EDGE('',*,*,#3768,.F.);
#10836 = ORIENTED_EDGE('',*,*,#10710,.F.);
#10837 = PLANE('',#10838);
#10838 = AXIS2_PLACEMENT_3D('',#10839,#10840,#10841);
#10839 = CARTESIAN_POINT('',(17.15931,109.59687298107,4.9));
#10840 = DIRECTION('',(-1.,0.,0.));
#10841 = DIRECTION('',(0.,-1.,0.));
#10842 = ADVANCED_FACE('',(#10843),#10861,.F.);
#10843 = FACE_BOUND('',#10844,.F.);
#10844 = EDGE_LOOP('',(#10845,#10846,#10847,#10855));
#10845 = ORIENTED_EDGE('',*,*,#3743,.F.);
#10846 = ORIENTED_EDGE('',*,*,#10764,.T.);
#10847 = ORIENTED_EDGE('',*,*,#10848,.T.);
#10848 = EDGE_CURVE('',#10223,#10849,#10851,.T.);
#10849 = VERTEX_POINT('',#10850);
#10850 = CARTESIAN_POINT('',(17.460000000199,94.1499999998,2.4));
#10851 = LINE('',#10852,#10853);
#10852 = CARTESIAN_POINT('',(23.906987288162,87.703012711837,2.4));
#10853 = VECTOR('',#10854,1.);
#10854 = DIRECTION('',(-0.707106781187,0.707106781187,0.));
#10855 = ORIENTED_EDGE('',*,*,#10856,.F.);
#10856 = EDGE_CURVE('',#3736,#10849,#10857,.T.);
#10857 = LINE('',#10858,#10859);
#10858 = CARTESIAN_POINT('',(17.460000000199,94.1499999998,3.8));
#10859 = VECTOR('',#10860,1.);
#10860 = DIRECTION('',(-0.,-0.,-1.));
#10861 = PLANE('',#10862);
#10862 = AXIS2_PLACEMENT_3D('',#10863,#10864,#10865);
#10863 = CARTESIAN_POINT('',(21.01,90.599999999999,3.8));
#10864 = DIRECTION('',(0.707106781187,0.707106781187,0.));
#10865 = DIRECTION('',(-0.707106781187,0.707106781187,0.));
#10866 = ADVANCED_FACE('',(#10867),#10885,.F.);
#10867 = FACE_BOUND('',#10868,.F.);
#10868 = EDGE_LOOP('',(#10869,#10870,#10871,#10879));
#10869 = ORIENTED_EDGE('',*,*,#3735,.F.);
#10870 = ORIENTED_EDGE('',*,*,#10856,.T.);
#10871 = ORIENTED_EDGE('',*,*,#10872,.T.);
#10872 = EDGE_CURVE('',#10849,#10873,#10875,.T.);
#10873 = VERTEX_POINT('',#10874);
#10874 = CARTESIAN_POINT('',(10.797688,94.1499999998,2.4));
#10875 = LINE('',#10876,#10877);
#10876 = CARTESIAN_POINT('',(18.802318506183,94.1499999998,2.4));
#10877 = VECTOR('',#10878,1.);
#10878 = DIRECTION('',(-1.,0.,0.));
#10879 = ORIENTED_EDGE('',*,*,#10880,.F.);
#10880 = EDGE_CURVE('',#3728,#10873,#10881,.T.);
#10881 = LINE('',#10882,#10883);
#10882 = CARTESIAN_POINT('',(10.797688,94.1499999998,3.8));
#10883 = VECTOR('',#10884,1.);
#10884 = DIRECTION('',(-0.,-0.,-1.));
#10885 = PLANE('',#10886);
#10886 = AXIS2_PLACEMENT_3D('',#10887,#10888,#10889);
#10887 = CARTESIAN_POINT('',(17.460000000199,94.1499999998,3.8));
#10888 = DIRECTION('',(0.,1.,0.));
#10889 = DIRECTION('',(-1.,0.,0.));
#10890 = ADVANCED_FACE('',(#10891),#10925,.T.);
#10891 = FACE_BOUND('',#10892,.T.);
#10892 = EDGE_LOOP('',(#10893,#10894,#10902,#10908,#10909,#10910,#10918,
    #10924));
#10893 = ORIENTED_EDGE('',*,*,#7326,.F.);
#10894 = ORIENTED_EDGE('',*,*,#10895,.T.);
#10895 = EDGE_CURVE('',#7296,#10896,#10898,.T.);
#10896 = VERTEX_POINT('',#10897);
#10897 = CARTESIAN_POINT('',(10.797688,61.12877877063,2.4));
#10898 = LINE('',#10899,#10900);
#10899 = CARTESIAN_POINT('',(10.797688,61.12877877063,4.9));
#10900 = VECTOR('',#10901,1.);
#10901 = DIRECTION('',(-0.,-0.,-1.));
#10902 = ORIENTED_EDGE('',*,*,#10903,.T.);
#10903 = EDGE_CURVE('',#10896,#10873,#10904,.T.);
#10904 = LINE('',#10905,#10906);
#10905 = CARTESIAN_POINT('',(10.797688,86.648343929659,2.4));
#10906 = VECTOR('',#10907,1.);
#10907 = DIRECTION('',(0.,1.,0.));
#10908 = ORIENTED_EDGE('',*,*,#10880,.F.);
#10909 = ORIENTED_EDGE('',*,*,#3727,.T.);
#10910 = ORIENTED_EDGE('',*,*,#10911,.F.);
#10911 = EDGE_CURVE('',#10912,#3719,#10914,.T.);
#10912 = VERTEX_POINT('',#10913);
#10913 = CARTESIAN_POINT('',(10.797688,66.313042,4.9));
#10914 = LINE('',#10915,#10916);
#10915 = CARTESIAN_POINT('',(10.797688,66.313042,4.9));
#10916 = VECTOR('',#10917,1.);
#10917 = DIRECTION('',(-0.,-0.,-1.));
#10918 = ORIENTED_EDGE('',*,*,#10919,.F.);
#10919 = EDGE_CURVE('',#7240,#10912,#10920,.T.);
#10920 = LINE('',#10921,#10922);
#10921 = CARTESIAN_POINT('',(10.797688,60.769276,4.9));
#10922 = VECTOR('',#10923,1.);
#10923 = DIRECTION('',(0.,1.,0.));
#10924 = ORIENTED_EDGE('',*,*,#7237,.F.);
#10925 = PLANE('',#10926);
#10926 = AXIS2_PLACEMENT_3D('',#10927,#10928,#10929);
#10927 = CARTESIAN_POINT('',(10.797688,77.705112371301,3.215722986086));
#10928 = DIRECTION('',(1.,0.,3.2E-16));
#10929 = DIRECTION('',(-3.2E-16,0.,1.));
#10930 = ADVANCED_FACE('',(#10931),#10950,.T.);
#10931 = FACE_BOUND('',#10932,.F.);
#10932 = EDGE_LOOP('',(#10933,#10941,#10942,#10943));
#10933 = ORIENTED_EDGE('',*,*,#10934,.T.);
#10934 = EDGE_CURVE('',#10935,#3711,#10937,.T.);
#10935 = VERTEX_POINT('',#10936);
#10936 = CARTESIAN_POINT('',(9.797688,67.313042,4.9));
#10937 = LINE('',#10938,#10939);
#10938 = CARTESIAN_POINT('',(9.797688,67.313042,4.9));
#10939 = VECTOR('',#10940,1.);
#10940 = DIRECTION('',(-0.,-0.,-1.));
#10941 = ORIENTED_EDGE('',*,*,#3718,.F.);
#10942 = ORIENTED_EDGE('',*,*,#10911,.F.);
#10943 = ORIENTED_EDGE('',*,*,#10944,.T.);
#10944 = EDGE_CURVE('',#10912,#10935,#10945,.T.);
#10945 = CIRCLE('',#10946,1.);
#10946 = AXIS2_PLACEMENT_3D('',#10947,#10948,#10949);
#10947 = CARTESIAN_POINT('',(9.797688,66.313042,4.9));
#10948 = DIRECTION('',(0.,-0.,1.));
#10949 = DIRECTION('',(0.,1.,0.));
#10950 = CYLINDRICAL_SURFACE('',#10951,1.);
#10951 = AXIS2_PLACEMENT_3D('',#10952,#10953,#10954);
#10952 = CARTESIAN_POINT('',(9.797688,66.313042,4.9));
#10953 = DIRECTION('',(-0.,-0.,-1.));
#10954 = DIRECTION('',(1.,0.,0.));
#10955 = ADVANCED_FACE('',(#10956),#10967,.T.);
#10956 = FACE_BOUND('',#10957,.T.);
#10957 = EDGE_LOOP('',(#10958,#10959,#10960,#10966));
#10958 = ORIENTED_EDGE('',*,*,#3710,.F.);
#10959 = ORIENTED_EDGE('',*,*,#7223,.F.);
#10960 = ORIENTED_EDGE('',*,*,#10961,.F.);
#10961 = EDGE_CURVE('',#10935,#7207,#10962,.T.);
#10962 = LINE('',#10963,#10964);
#10963 = CARTESIAN_POINT('',(10.797688,67.313042,4.9));
#10964 = VECTOR('',#10965,1.);
#10965 = DIRECTION('',(-1.,0.,0.));
#10966 = ORIENTED_EDGE('',*,*,#10934,.T.);
#10967 = PLANE('',#10968);
#10968 = AXIS2_PLACEMENT_3D('',#10969,#10970,#10971);
#10969 = CARTESIAN_POINT('',(7.744296943769,67.313042,3.833576474003));
#10970 = DIRECTION('',(0.,1.,0.));
#10971 = DIRECTION('',(0.,0.,1.));
#10972 = ADVANCED_FACE('',(#10973),#10979,.T.);
#10973 = FACE_BOUND('',#10974,.T.);
#10974 = EDGE_LOOP('',(#10975,#10976,#10977,#10978));
#10975 = ORIENTED_EDGE('',*,*,#4287,.F.);
#10976 = ORIENTED_EDGE('',*,*,#5782,.T.);
#10977 = ORIENTED_EDGE('',*,*,#5796,.T.);
#10978 = ORIENTED_EDGE('',*,*,#5820,.T.);
#10979 = PLANE('',#10980);
#10980 = AXIS2_PLACEMENT_3D('',#10981,#10982,#10983);
#10981 = CARTESIAN_POINT('',(54.980644589127,89.722295851324,4.9));
#10982 = DIRECTION('',(0.,0.,1.));
#10983 = DIRECTION('',(1.,0.,0.));
#10984 = ADVANCED_FACE('',(#10985),#10991,.T.);
#10985 = FACE_BOUND('',#10986,.T.);
#10986 = EDGE_LOOP('',(#10987,#10988,#10989,#10990));
#10987 = ORIENTED_EDGE('',*,*,#4255,.F.);
#10988 = ORIENTED_EDGE('',*,*,#5871,.T.);
#10989 = ORIENTED_EDGE('',*,*,#5885,.T.);
#10990 = ORIENTED_EDGE('',*,*,#5909,.T.);
#10991 = PLANE('',#10992);
#10992 = AXIS2_PLACEMENT_3D('',#10993,#10994,#10995);
#10993 = CARTESIAN_POINT('',(54.980644589127,89.722295851324,4.9));
#10994 = DIRECTION('',(0.,0.,1.));
#10995 = DIRECTION('',(1.,0.,0.));
#10996 = ADVANCED_FACE('',(#10997),#11003,.T.);
#10997 = FACE_BOUND('',#10998,.T.);
#10998 = EDGE_LOOP('',(#10999,#11000,#11001,#11002));
#10999 = ORIENTED_EDGE('',*,*,#4223,.F.);
#11000 = ORIENTED_EDGE('',*,*,#5960,.T.);
#11001 = ORIENTED_EDGE('',*,*,#5974,.T.);
#11002 = ORIENTED_EDGE('',*,*,#5998,.T.);
#11003 = PLANE('',#11004);
#11004 = AXIS2_PLACEMENT_3D('',#11005,#11006,#11007);
#11005 = CARTESIAN_POINT('',(54.980644589127,89.722295851324,4.9));
#11006 = DIRECTION('',(0.,0.,1.));
#11007 = DIRECTION('',(1.,0.,0.));
#11008 = ADVANCED_FACE('',(#11009),#11015,.T.);
#11009 = FACE_BOUND('',#11010,.T.);
#11010 = EDGE_LOOP('',(#11011,#11012,#11013,#11014));
#11011 = ORIENTED_EDGE('',*,*,#4191,.F.);
#11012 = ORIENTED_EDGE('',*,*,#6049,.T.);
#11013 = ORIENTED_EDGE('',*,*,#6063,.T.);
#11014 = ORIENTED_EDGE('',*,*,#6087,.T.);
#11015 = PLANE('',#11016);
#11016 = AXIS2_PLACEMENT_3D('',#11017,#11018,#11019);
#11017 = CARTESIAN_POINT('',(54.980644589127,89.722295851324,4.9));
#11018 = DIRECTION('',(0.,0.,1.));
#11019 = DIRECTION('',(1.,0.,0.));
#11020 = ADVANCED_FACE('',(#11021),#11027,.T.);
#11021 = FACE_BOUND('',#11022,.T.);
#11022 = EDGE_LOOP('',(#11023,#11024,#11025,#11026));
#11023 = ORIENTED_EDGE('',*,*,#4159,.F.);
#11024 = ORIENTED_EDGE('',*,*,#6138,.T.);
#11025 = ORIENTED_EDGE('',*,*,#6152,.T.);
#11026 = ORIENTED_EDGE('',*,*,#6176,.T.);
#11027 = PLANE('',#11028);
#11028 = AXIS2_PLACEMENT_3D('',#11029,#11030,#11031);
#11029 = CARTESIAN_POINT('',(54.980644589127,89.722295851324,4.9));
#11030 = DIRECTION('',(0.,0.,1.));
#11031 = DIRECTION('',(1.,0.,0.));
#11032 = ADVANCED_FACE('',(#11033),#11039,.T.);
#11033 = FACE_BOUND('',#11034,.T.);
#11034 = EDGE_LOOP('',(#11035,#11036,#11037,#11038));
#11035 = ORIENTED_EDGE('',*,*,#6265,.T.);
#11036 = ORIENTED_EDGE('',*,*,#4127,.F.);
#11037 = ORIENTED_EDGE('',*,*,#6227,.T.);
#11038 = ORIENTED_EDGE('',*,*,#6241,.T.);
#11039 = PLANE('',#11040);
#11040 = AXIS2_PLACEMENT_3D('',#11041,#11042,#11043);
#11041 = CARTESIAN_POINT('',(54.980644589127,89.722295851324,4.9));
#11042 = DIRECTION('',(0.,0.,1.));
#11043 = DIRECTION('',(1.,0.,0.));
#11044 = ADVANCED_FACE('',(#11045),#11051,.T.);
#11045 = FACE_BOUND('',#11046,.T.);
#11046 = EDGE_LOOP('',(#11047,#11048,#11049,#11050));
#11047 = ORIENTED_EDGE('',*,*,#6354,.T.);
#11048 = ORIENTED_EDGE('',*,*,#4095,.F.);
#11049 = ORIENTED_EDGE('',*,*,#6316,.T.);
#11050 = ORIENTED_EDGE('',*,*,#6330,.T.);
#11051 = PLANE('',#11052);
#11052 = AXIS2_PLACEMENT_3D('',#11053,#11054,#11055);
#11053 = CARTESIAN_POINT('',(54.980644589127,89.722295851324,4.9));
#11054 = DIRECTION('',(0.,0.,1.));
#11055 = DIRECTION('',(1.,0.,0.));
#11056 = ADVANCED_FACE('',(#11057),#11063,.T.);
#11057 = FACE_BOUND('',#11058,.T.);
#11058 = EDGE_LOOP('',(#11059,#11060,#11061,#11062));
#11059 = ORIENTED_EDGE('',*,*,#6443,.T.);
#11060 = ORIENTED_EDGE('',*,*,#4063,.F.);
#11061 = ORIENTED_EDGE('',*,*,#6405,.T.);
#11062 = ORIENTED_EDGE('',*,*,#6419,.T.);
#11063 = PLANE('',#11064);
#11064 = AXIS2_PLACEMENT_3D('',#11065,#11066,#11067);
#11065 = CARTESIAN_POINT('',(54.980644589127,89.722295851324,4.9));
#11066 = DIRECTION('',(0.,0.,1.));
#11067 = DIRECTION('',(1.,0.,0.));
#11068 = ADVANCED_FACE('',(#11069),#11080,.T.);
#11069 = FACE_BOUND('',#11070,.T.);
#11070 = EDGE_LOOP('',(#11071,#11072,#11073,#11074));
#11071 = ORIENTED_EDGE('',*,*,#8546,.T.);
#11072 = ORIENTED_EDGE('',*,*,#4351,.T.);
#11073 = ORIENTED_EDGE('',*,*,#4365,.T.);
#11074 = ORIENTED_EDGE('',*,*,#11075,.T.);
#11075 = EDGE_CURVE('',#4366,#8539,#11076,.T.);
#11076 = LINE('',#11077,#11078);
#11077 = CARTESIAN_POINT('',(65.922708816324,8.65,3.7));
#11078 = VECTOR('',#11079,1.);
#11079 = DIRECTION('',(-1.,0.,0.));
#11080 = PLANE('',#11081);
#11081 = AXIS2_PLACEMENT_3D('',#11082,#11083,#11084);
#11082 = CARTESIAN_POINT('',(56.927,8.65,2.75));
#11083 = DIRECTION('',(-0.,-1.,-0.));
#11084 = DIRECTION('',(0.,0.,-1.));
#11085 = ADVANCED_FACE('',(#11086,#11163),#11169,.T.);
#11086 = FACE_BOUND('',#11087,.T.);
#11087 = EDGE_LOOP('',(#11088,#11089,#11090,#11091,#11092,#11093,#11094,
    #11095,#11096,#11097,#11098,#11099,#11100,#11101,#11102,#11103,
    #11104,#11105,#11106,#11107,#11108,#11109,#11110,#11111,#11112,
    #11113,#11114,#11115,#11116,#11117,#11118,#11119,#11120,#11121,
    #11122,#11123,#11124,#11125,#11126,#11127,#11128,#11129,#11130,
    #11131,#11132,#11133,#11134,#11135,#11136,#11137,#11138,#11139,
    #11140,#11141,#11142,#11143,#11144,#11145,#11146,#11147,#11148,
    #11149,#11150,#11151,#11152,#11153,#11154,#11155,#11156,#11157,
    #11158,#11159,#11160,#11161,#11162));
#11088 = ORIENTED_EDGE('',*,*,#9531,.F.);
#11089 = ORIENTED_EDGE('',*,*,#9572,.T.);
#11090 = ORIENTED_EDGE('',*,*,#9623,.F.);
#11091 = ORIENTED_EDGE('',*,*,#10552,.F.);
#11092 = ORIENTED_EDGE('',*,*,#7572,.F.);
#11093 = ORIENTED_EDGE('',*,*,#7605,.F.);
#11094 = ORIENTED_EDGE('',*,*,#7722,.F.);
#11095 = ORIENTED_EDGE('',*,*,#9725,.F.);
#11096 = ORIENTED_EDGE('',*,*,#9742,.F.);
#11097 = ORIENTED_EDGE('',*,*,#7747,.F.);
#11098 = ORIENTED_EDGE('',*,*,#7821,.T.);
#11099 = ORIENTED_EDGE('',*,*,#7845,.T.);
#11100 = ORIENTED_EDGE('',*,*,#7869,.T.);
#11101 = ORIENTED_EDGE('',*,*,#7919,.F.);
#11102 = ORIENTED_EDGE('',*,*,#7932,.T.);
#11103 = ORIENTED_EDGE('',*,*,#7956,.T.);
#11104 = ORIENTED_EDGE('',*,*,#7980,.T.);
#11105 = ORIENTED_EDGE('',*,*,#8044,.F.);
#11106 = ORIENTED_EDGE('',*,*,#8090,.F.);
#11107 = ORIENTED_EDGE('',*,*,#8115,.F.);
#11108 = ORIENTED_EDGE('',*,*,#8139,.F.);
#11109 = ORIENTED_EDGE('',*,*,#8164,.F.);
#11110 = ORIENTED_EDGE('',*,*,#8187,.T.);
#11111 = ORIENTED_EDGE('',*,*,#8211,.T.);
#11112 = ORIENTED_EDGE('',*,*,#8235,.T.);
#11113 = ORIENTED_EDGE('',*,*,#8321,.F.);
#11114 = ORIENTED_EDGE('',*,*,#8345,.T.);
#11115 = ORIENTED_EDGE('',*,*,#8361,.T.);
#11116 = ORIENTED_EDGE('',*,*,#8385,.T.);
#11117 = ORIENTED_EDGE('',*,*,#8414,.F.);
#11118 = ORIENTED_EDGE('',*,*,#8489,.F.);
#11119 = ORIENTED_EDGE('',*,*,#8514,.F.);
#11120 = ORIENTED_EDGE('',*,*,#8538,.F.);
#11121 = ORIENTED_EDGE('',*,*,#11075,.F.);
#11122 = ORIENTED_EDGE('',*,*,#4385,.F.);
#11123 = ORIENTED_EDGE('',*,*,#4410,.F.);
#11124 = ORIENTED_EDGE('',*,*,#4432,.T.);
#11125 = ORIENTED_EDGE('',*,*,#4448,.T.);
#11126 = ORIENTED_EDGE('',*,*,#4472,.T.);
#11127 = ORIENTED_EDGE('',*,*,#4616,.F.);
#11128 = ORIENTED_EDGE('',*,*,#8767,.F.);
#11129 = ORIENTED_EDGE('',*,*,#8797,.F.);
#11130 = ORIENTED_EDGE('',*,*,#8838,.F.);
#11131 = ORIENTED_EDGE('',*,*,#4582,.F.);
#11132 = ORIENTED_EDGE('',*,*,#8678,.F.);
#11133 = ORIENTED_EDGE('',*,*,#8708,.F.);
#11134 = ORIENTED_EDGE('',*,*,#8749,.F.);
#11135 = ORIENTED_EDGE('',*,*,#4548,.F.);
#11136 = ORIENTED_EDGE('',*,*,#8589,.F.);
#11137 = ORIENTED_EDGE('',*,*,#8619,.F.);
#11138 = ORIENTED_EDGE('',*,*,#8660,.F.);
#11139 = ORIENTED_EDGE('',*,*,#4514,.F.);
#11140 = ORIENTED_EDGE('',*,*,#4631,.F.);
#11141 = ORIENTED_EDGE('',*,*,#4655,.F.);
#11142 = ORIENTED_EDGE('',*,*,#4679,.F.);
#11143 = ORIENTED_EDGE('',*,*,#4714,.F.);
#11144 = ORIENTED_EDGE('',*,*,#4748,.F.);
#11145 = ORIENTED_EDGE('',*,*,#4772,.F.);
#11146 = ORIENTED_EDGE('',*,*,#4796,.F.);
#11147 = ORIENTED_EDGE('',*,*,#4831,.F.);
#11148 = ORIENTED_EDGE('',*,*,#8574,.F.);
#11149 = ORIENTED_EDGE('',*,*,#5005,.F.);
#11150 = ORIENTED_EDGE('',*,*,#5018,.F.);
#11151 = ORIENTED_EDGE('',*,*,#5051,.F.);
#11152 = ORIENTED_EDGE('',*,*,#10461,.F.);
#11153 = ORIENTED_EDGE('',*,*,#9155,.T.);
#11154 = ORIENTED_EDGE('',*,*,#9194,.T.);
#11155 = ORIENTED_EDGE('',*,*,#9239,.F.);
#11156 = ORIENTED_EDGE('',*,*,#10518,.F.);
#11157 = ORIENTED_EDGE('',*,*,#9442,.F.);
#11158 = ORIENTED_EDGE('',*,*,#9401,.F.);
#11159 = ORIENTED_EDGE('',*,*,#9379,.F.);
#11160 = ORIENTED_EDGE('',*,*,#10535,.F.);
#11161 = ORIENTED_EDGE('',*,*,#9500,.F.);
#11162 = ORIENTED_EDGE('',*,*,#9468,.T.);
#11163 = FACE_BOUND('',#11164,.T.);
#11164 = EDGE_LOOP('',(#11165,#11166,#11167,#11168));
#11165 = ORIENTED_EDGE('',*,*,#8856,.F.);
#11166 = ORIENTED_EDGE('',*,*,#8911,.F.);
#11167 = ORIENTED_EDGE('',*,*,#8935,.F.);
#11168 = ORIENTED_EDGE('',*,*,#8887,.F.);
#11169 = PLANE('',#11170);
#11170 = AXIS2_PLACEMENT_3D('',#11171,#11172,#11173);
#11171 = CARTESIAN_POINT('',(78.965179980912,41.572044620012,3.7));
#11172 = DIRECTION('',(0.,0.,1.));
#11173 = DIRECTION('',(1.,0.,0.));
#11174 = ADVANCED_FACE('',(#11175),#11214,.T.);
#11175 = FACE_BOUND('',#11176,.T.);
#11176 = EDGE_LOOP('',(#11177,#11178,#11179,#11187,#11195,#11202,#11203,
    #11204,#11205,#11206,#11207,#11208));
#11177 = ORIENTED_EDGE('',*,*,#10326,.F.);
#11178 = ORIENTED_EDGE('',*,*,#6719,.F.);
#11179 = ORIENTED_EDGE('',*,*,#11180,.T.);
#11180 = EDGE_CURVE('',#6707,#11181,#11183,.T.);
#11181 = VERTEX_POINT('',#11182);
#11182 = CARTESIAN_POINT('',(11.15931,109.59687298107,2.4));
#11183 = LINE('',#11184,#11185);
#11184 = CARTESIAN_POINT('',(8.65931,113.927,2.4));
#11185 = VECTOR('',#11186,1.);
#11186 = DIRECTION('',(0.5,-0.866025403784,0.));
#11187 = ORIENTED_EDGE('',*,*,#11188,.T.);
#11188 = EDGE_CURVE('',#11181,#11189,#11191,.T.);
#11189 = VERTEX_POINT('',#11190);
#11190 = CARTESIAN_POINT('',(11.15931,106.25,2.4));
#11191 = LINE('',#11192,#11193);
#11192 = CARTESIAN_POINT('',(11.15931,109.59687298107,2.4));
#11193 = VECTOR('',#11194,1.);
#11194 = DIRECTION('',(0.,-1.,0.));
#11195 = ORIENTED_EDGE('',*,*,#11196,.F.);
#11196 = EDGE_CURVE('',#6965,#11189,#11197,.T.);
#11197 = CIRCLE('',#11198,1.8);
#11198 = AXIS2_PLACEMENT_3D('',#11199,#11200,#11201);
#11199 = CARTESIAN_POINT('',(9.35931,106.25,2.4));
#11200 = DIRECTION('',(0.,0.,1.));
#11201 = DIRECTION('',(1.,0.,0.));
#11202 = ORIENTED_EDGE('',*,*,#6964,.F.);
#11203 = ORIENTED_EDGE('',*,*,#7003,.F.);
#11204 = ORIENTED_EDGE('',*,*,#7052,.F.);
#11205 = ORIENTED_EDGE('',*,*,#7044,.T.);
#11206 = ORIENTED_EDGE('',*,*,#10797,.T.);
#11207 = ORIENTED_EDGE('',*,*,#10829,.F.);
#11208 = ORIENTED_EDGE('',*,*,#11209,.F.);
#11209 = EDGE_CURVE('',#10327,#10822,#11210,.T.);
#11210 = LINE('',#11211,#11212);
#11211 = CARTESIAN_POINT('',(19.65931,113.927,2.4));
#11212 = VECTOR('',#11213,1.);
#11213 = DIRECTION('',(-0.5,-0.866025403784,0.));
#11214 = PLANE('',#11215);
#11215 = AXIS2_PLACEMENT_3D('',#11216,#11217,#11218);
#11216 = CARTESIAN_POINT('',(13.529634455036,105.43838017294,2.4));
#11217 = DIRECTION('',(-3.8E-16,0.,1.));
#11218 = DIRECTION('',(1.,0.,3.8E-16));
#11219 = ADVANCED_FACE('',(#11220),#11230,.F.);
#11220 = FACE_BOUND('',#11221,.F.);
#11221 = EDGE_LOOP('',(#11222,#11223,#11224));
#11222 = ORIENTED_EDGE('',*,*,#6706,.F.);
#11223 = ORIENTED_EDGE('',*,*,#11180,.T.);
#11224 = ORIENTED_EDGE('',*,*,#11225,.F.);
#11225 = EDGE_CURVE('',#6700,#11181,#11226,.T.);
#11226 = LINE('',#11227,#11228);
#11227 = CARTESIAN_POINT('',(11.15931,109.59687298107,4.9));
#11228 = VECTOR('',#11229,1.);
#11229 = DIRECTION('',(-0.,-0.,-1.));
#11230 = PLANE('',#11231);
#11231 = AXIS2_PLACEMENT_3D('',#11232,#11233,#11234);
#11232 = CARTESIAN_POINT('',(8.65931,113.927,4.9));
#11233 = DIRECTION('',(-0.866025403784,-0.5,0.));
#11234 = DIRECTION('',(0.5,-0.866025403784,0.));
#11235 = ADVANCED_FACE('',(#11236),#11256,.F.);
#11236 = FACE_BOUND('',#11237,.F.);
#11237 = EDGE_LOOP('',(#11238,#11239,#11240,#11241,#11247,#11248,#11249,
    #11255));
#11238 = ORIENTED_EDGE('',*,*,#6699,.T.);
#11239 = ORIENTED_EDGE('',*,*,#11225,.T.);
#11240 = ORIENTED_EDGE('',*,*,#11188,.T.);
#11241 = ORIENTED_EDGE('',*,*,#11242,.F.);
#11242 = EDGE_CURVE('',#6881,#11189,#11243,.T.);
#11243 = LINE('',#11244,#11245);
#11244 = CARTESIAN_POINT('',(11.15931,106.25,4.9));
#11245 = VECTOR('',#11246,1.);
#11246 = DIRECTION('',(-0.,-0.,-1.));
#11247 = ORIENTED_EDGE('',*,*,#6941,.T.);
#11248 = ORIENTED_EDGE('',*,*,#6825,.F.);
#11249 = ORIENTED_EDGE('',*,*,#11250,.F.);
#11250 = EDGE_CURVE('',#6772,#6826,#11251,.T.);
#11251 = LINE('',#11252,#11253);
#11252 = CARTESIAN_POINT('',(11.15931,109.59687298107,4.9));
#11253 = VECTOR('',#11254,1.);
#11254 = DIRECTION('',(0.,-1.,0.));
#11255 = ORIENTED_EDGE('',*,*,#6787,.F.);
#11256 = PLANE('',#11257);
#11257 = AXIS2_PLACEMENT_3D('',#11258,#11259,#11260);
#11258 = CARTESIAN_POINT('',(11.15931,109.59687298107,4.9));
#11259 = DIRECTION('',(-1.,0.,0.));
#11260 = DIRECTION('',(0.,-1.,0.));
#11261 = ADVANCED_FACE('',(#11262),#11268,.T.);
#11262 = FACE_BOUND('',#11263,.T.);
#11263 = EDGE_LOOP('',(#11264,#11265,#11266,#11267));
#11264 = ORIENTED_EDGE('',*,*,#6854,.F.);
#11265 = ORIENTED_EDGE('',*,*,#11250,.F.);
#11266 = ORIENTED_EDGE('',*,*,#6769,.F.);
#11267 = ORIENTED_EDGE('',*,*,#6801,.F.);
#11268 = PLANE('',#11269);
#11269 = AXIS2_PLACEMENT_3D('',#11270,#11271,#11272);
#11270 = CARTESIAN_POINT('',(54.980644589127,89.722295851324,4.9));
#11271 = DIRECTION('',(0.,0.,1.));
#11272 = DIRECTION('',(1.,0.,0.));
#11273 = ADVANCED_FACE('',(#11274),#11280,.T.);
#11274 = FACE_BOUND('',#11275,.T.);
#11275 = EDGE_LOOP('',(#11276,#11277,#11278,#11279));
#11276 = ORIENTED_EDGE('',*,*,#6880,.T.);
#11277 = ORIENTED_EDGE('',*,*,#6972,.T.);
#11278 = ORIENTED_EDGE('',*,*,#11196,.T.);
#11279 = ORIENTED_EDGE('',*,*,#11242,.F.);
#11280 = CYLINDRICAL_SURFACE('',#11281,1.8);
#11281 = AXIS2_PLACEMENT_3D('',#11282,#11283,#11284);
#11282 = CARTESIAN_POINT('',(9.35931,106.25,4.9));
#11283 = DIRECTION('',(0.,0.,1.));
#11284 = DIRECTION('',(1.,0.,0.));
#11285 = ADVANCED_FACE('',(#11286),#11293,.T.);
#11286 = FACE_BOUND('',#11287,.T.);
#11287 = EDGE_LOOP('',(#11288,#11289,#11290,#11291,#11292));
#11288 = ORIENTED_EDGE('',*,*,#10944,.T.);
#11289 = ORIENTED_EDGE('',*,*,#10961,.T.);
#11290 = ORIENTED_EDGE('',*,*,#7204,.F.);
#11291 = ORIENTED_EDGE('',*,*,#7266,.F.);
#11292 = ORIENTED_EDGE('',*,*,#10919,.T.);
#11293 = PLANE('',#11294);
#11294 = AXIS2_PLACEMENT_3D('',#11295,#11296,#11297);
#11295 = CARTESIAN_POINT('',(55.7635,75.,4.9));
#11296 = DIRECTION('',(0.,0.,1.));
#11297 = DIRECTION('',(1.,0.,0.));
#11298 = ADVANCED_FACE('',(#11299),#11311,.T.);
#11299 = FACE_BOUND('',#11300,.F.);
#11300 = EDGE_LOOP('',(#11301,#11302,#11309,#11310));
#11301 = ORIENTED_EDGE('',*,*,#10895,.T.);
#11302 = ORIENTED_EDGE('',*,*,#11303,.T.);
#11303 = EDGE_CURVE('',#10896,#7340,#11304,.T.);
#11304 = CIRCLE('',#11305,1.);
#11305 = AXIS2_PLACEMENT_3D('',#11306,#11307,#11308);
#11306 = CARTESIAN_POINT('',(9.797688,61.12877877063,2.4));
#11307 = DIRECTION('',(0.,-0.,-1.));
#11308 = DIRECTION('',(0.771099172041,-0.636715059408,0.));
#11309 = ORIENTED_EDGE('',*,*,#7339,.F.);
#11310 = ORIENTED_EDGE('',*,*,#7295,.F.);
#11311 = CYLINDRICAL_SURFACE('',#11312,1.);
#11312 = AXIS2_PLACEMENT_3D('',#11313,#11314,#11315);
#11313 = CARTESIAN_POINT('',(9.797688,61.12877877063,1.89));
#11314 = DIRECTION('',(-0.,-0.,-1.));
#11315 = DIRECTION('',(0.771099172041,-0.636715059408,0.));
#11316 = ADVANCED_FACE('',(#11317),#11335,.T.);
#11317 = FACE_BOUND('',#11318,.T.);
#11318 = EDGE_LOOP('',(#11319,#11320,#11321,#11322,#11323,#11324,#11325,
    #11326,#11327,#11328,#11329,#11330,#11331,#11332,#11333,#11334));
#11319 = ORIENTED_EDGE('',*,*,#10616,.F.);
#11320 = ORIENTED_EDGE('',*,*,#9960,.F.);
#11321 = ORIENTED_EDGE('',*,*,#9911,.T.);
#11322 = ORIENTED_EDGE('',*,*,#9888,.F.);
#11323 = ORIENTED_EDGE('',*,*,#10636,.F.);
#11324 = ORIENTED_EDGE('',*,*,#10264,.T.);
#11325 = ORIENTED_EDGE('',*,*,#10247,.F.);
#11326 = ORIENTED_EDGE('',*,*,#10848,.T.);
#11327 = ORIENTED_EDGE('',*,*,#10872,.T.);
#11328 = ORIENTED_EDGE('',*,*,#10903,.F.);
#11329 = ORIENTED_EDGE('',*,*,#11303,.T.);
#11330 = ORIENTED_EDGE('',*,*,#7357,.T.);
#11331 = ORIENTED_EDGE('',*,*,#7380,.F.);
#11332 = ORIENTED_EDGE('',*,*,#7422,.T.);
#11333 = ORIENTED_EDGE('',*,*,#10567,.F.);
#11334 = ORIENTED_EDGE('',*,*,#10592,.T.);
#11335 = PLANE('',#11336);
#11336 = AXIS2_PLACEMENT_3D('',#11337,#11338,#11339);
#11337 = CARTESIAN_POINT('',(20.144637012167,78.146687859517,2.4));
#11338 = DIRECTION('',(0.,0.,1.));
#11339 = DIRECTION('',(1.,0.,0.));
#11340 = ADVANCED_FACE('',(#11341),#11347,.F.);
#11341 = FACE_BOUND('',#11342,.F.);
#11342 = EDGE_LOOP('',(#11343,#11344,#11345,#11346));
#11343 = ORIENTED_EDGE('',*,*,#10684,.F.);
#11344 = ORIENTED_EDGE('',*,*,#10162,.T.);
#11345 = ORIENTED_EDGE('',*,*,#10662,.T.);
#11346 = ORIENTED_EDGE('',*,*,#10781,.F.);
#11347 = PLANE('',#11348);
#11348 = AXIS2_PLACEMENT_3D('',#11349,#11350,#11351);
#11349 = CARTESIAN_POINT('',(49.5908,88.238081105,3.15));
#11350 = DIRECTION('',(-0.707106781187,0.,-0.707106781187));
#11351 = DIRECTION('',(0.,-1.,0.));
#11352 = ADVANCED_FACE('',(#11353),#11359,.T.);
#11353 = FACE_BOUND('',#11354,.T.);
#11354 = EDGE_LOOP('',(#11355,#11356,#11357,#11358));
#11355 = ORIENTED_EDGE('',*,*,#10384,.T.);
#11356 = ORIENTED_EDGE('',*,*,#11209,.T.);
#11357 = ORIENTED_EDGE('',*,*,#10821,.F.);
#11358 = ORIENTED_EDGE('',*,*,#10736,.F.);
#11359 = PLANE('',#11360);
#11360 = AXIS2_PLACEMENT_3D('',#11361,#11362,#11363);
#11361 = CARTESIAN_POINT('',(19.65931,113.927,4.9));
#11362 = DIRECTION('',(-0.866025403784,0.5,0.));
#11363 = DIRECTION('',(-0.5,-0.866025403784,0.));
#11364 = ( GEOMETRIC_REPRESENTATION_CONTEXT(3) 
GLOBAL_UNCERTAINTY_ASSIGNED_CONTEXT((#11368)) 
GLOBAL_UNIT_ASSIGNED_CONTEXT((#11365,#11366,#11367)) 
REPRESENTATION_CONTEXT('Context #1',
  '3D Context with UNIT and UNCERTAINTY') );
#11365 = ( LENGTH_UNIT() NAMED_UNIT(*) SI_UNIT(.MILLI.,.METRE.) );
#11366 = ( NAMED_UNIT(*) PLANE_ANGLE_UNIT() SI_UNIT($,.RADIAN.) );
#11367 = ( NAMED_UNIT(*) SI_UNIT($,.STERADIAN.) SOLID_ANGLE_UNIT() );
#11368 = UNCERTAINTY_MEASURE_WITH_UNIT(LENGTH_MEASURE(5.E-04),#11365,
  'distance_accuracy_value','confusion accuracy');
#11369 = PRODUCT_RELATED_PRODUCT_CATEGORY('part',$,(#7));
#11370 = MECHANICAL_DESIGN_GEOMETRIC_PRESENTATION_REPRESENTATION('',(
    #11371),#11364);
#11371 = STYLED_ITEM('color',(#11372),#15);
#11372 = PRESENTATION_STYLE_ASSIGNMENT((#11373,#11379));
#11373 = SURFACE_STYLE_USAGE(.BOTH.,#11374);
#11374 = SURFACE_SIDE_STYLE('',(#11375));
#11375 = SURFACE_STYLE_FILL_AREA(#11376);
#11376 = FILL_AREA_STYLE('',(#11377));
#11377 = FILL_AREA_STYLE_COLOUR('',#11378);
#11378 = COLOUR_RGB('',0.447058818107,0.474509808674,0.501960817233);
#11379 = CURVE_STYLE('',#11380,POSITIVE_LENGTH_MEASURE(0.1),#11381);
#11380 = DRAUGHTING_PRE_DEFINED_CURVE_FONT('continuous');
#11381 = COLOUR_RGB('',9.803921802644E-02,9.803921802644E-02,
  9.803921802644E-02);
ENDSEC;
END-ISO-10303-21;
