ISO-10303-21;
HEADER;
FILE_DESCRIPTION(('FreeCAD Model'),'2;1');
FILE_NAME('Open CASCADE Shape Model','2026-08-29T12:43:05',(''),(''),
  'Open CASCADE STEP processor 7.8','FreeCAD','Unknown');
FILE_SCHEMA(('AUTOMOTIVE_DESIGN { 1 0 10303 214 1 1 1 1 }'));
ENDSEC;
DATA;
#1 = APPLICATION_PROTOCOL_DEFINITION('international standard',
  'automotive_design',2000,#2);
#2 = APPLICATION_CONTEXT(
  'core data for automotive mechanical design processes');
#3 = SHAPE_DEFINITION_REPRESENTATION(#4,#10);
#4 = PRODUCT_DEFINITION_SHAPE('','',#5);
#5 = PRODUCT_DEFINITION('design','',#6,#9);
#6 = PRODUCT_DEFINITION_FORMATION('','',#7);
#7 = PRODUCT('right_frame_outer','right_frame_outer','',(#8));
#8 = PRODUCT_CONTEXT('',#2,'mechanical');
#9 = PRODUCT_DEFINITION_CONTEXT('part definition',#2,'design');
#10 = SHAPE_REPRESENTATION('',(#11,#15,#16584),#16665);
#11 = AXIS2_PLACEMENT_3D('',#12,#13,#14);
#12 = CARTESIAN_POINT('',(0.,0.,0.));
#13 = DIRECTION('',(0.,0.,1.));
#14 = DIRECTION('',(1.,0.,-0.));
#15 = MANIFOLD_SOLID_BREP('',#16);
#16 = CLOSED_SHELL('',(#17,#59,#90,#124,#201,#218,#243,#260,#271,#310,
    #334,#359,#383,#409,#435,#876,#907,#1330,#1358,#1382,#1400,#1452,
    #1476,#1501,#1685,#1710,#1735,#1862,#1906,#1931,#1956,#1999,#2024,
    #2049,#2176,#2237,#2262,#2287,#2330,#2355,#2380,#2405,#2466,#2527,
    #2552,#2577,#2602,#2645,#2670,#2695,#2756,#2806,#2831,#2856,#2899,
    #2924,#2949,#2974,#3024,#3101,#3126,#3143,#3168,#3193,#3270,#3295,
    #3338,#3363,#3388,#3457,#3480,#3508,#3525,#3556,#3589,#3668,#3708,
    #3764,#3804,#3860,#3885,#3925,#3950,#3974,#4007,#4032,#4056,#4081,
    #4105,#4139,#4162,#4184,#4207,#4224,#4247,#4264,#4286,#4308,#4331,
    #4348,#4371,#4388,#4410,#4432,#4455,#4472,#4495,#4512,#4529,#4551,
    #4573,#4596,#4613,#4636,#4653,#4675,#4697,#4720,#4732,#4744,#4756,
    #4801,#4813,#4858,#4890,#4982,#5014,#5118,#5275,#5299,#5323,#5367,
    #5437,#5564,#5682,#5799,#5823,#5847,#5923,#6050,#6106,#6130,#6163,
    #6175,#6187,#6212,#6237,#6262,#6287,#6312,#6337,#6362,#6374,#6386,
    #6398,#6410,#6435,#6460,#6485,#6510,#6535,#6560,#6585,#6597,#6614,
    #6626,#6638,#6650,#6667,#6679,#6691,#6703,#6715,#6727,#6739,#6751,
    #6763,#6801,#6818,#6830,#6842,#6854,#6892,#6909,#6921,#6933,#6965,
    #6989,#7006,#7044,#7061,#7092,#7123,#7163,#7233,#7318,#7632,#7706,
    #7805,#7846,#7895,#8175,#8217,#8688,#8736,#8753,#8770,#8782,#8794,
    #8819,#8844,#8876,#8924,#8949,#9021,#9033,#9057,#9143,#9174,#9205,
    #9236,#9260,#9282,#9377,#9446,#9466,#9483,#9500,#9528,#9550,#9567,
    #9584,#9612,#9639,#9655,#9667,#9691,#9724,#9746,#9774,#9791,#9808,
    #9836,#9864,#9876,#9893,#9910,#9938,#10014,#10030,#10055,#10078,
    #10095,#10113,#10130,#10166,#10189,#10259,#10276,#10293,#10318,
    #10335,#10347,#10364,#10377,#10394,#10411,#10423,#10435,#10467,
    #10501,#10563,#10575,#10599,#10635,#10658,#10698,#10723,#10748,
    #10773,#10798,#10823,#10848,#10877,#10902,#10927,#10952,#10977,
    #11002,#11027,#11047,#11081,#11106,#11123,#11140,#11160,#11187,
    #11212,#11237,#11311,#11356,#11380,#11404,#11430,#11463,#11488,
    #11522,#11581,#11594,#11622,#11650,#11667,#11684,#11696,#11713,
    #11730,#11742,#11766,#11808,#11825,#11842,#11859,#11871,#11883,
    #11900,#12205,#12238,#12271,#12294,#12311,#12336,#12360,#12383,
    #12400,#12425,#12449,#12472,#12489,#12514,#12538,#12561,#12578,
    #12603,#12627,#12650,#12667,#12692,#12716,#12739,#12756,#12781,
    #12805,#12828,#12845,#12870,#12894,#12917,#12934,#12952,#12974,
    #12998,#13022,#13045,#13067,#13091,#13115,#13138,#13160,#13184,
    #13208,#13231,#13253,#13277,#13301,#13324,#13346,#13370,#13394,
    #13417,#13439,#13463,#13487,#13510,#13532,#13556,#13580,#13603,
    #13625,#13649,#13673,#13696,#13718,#13742,#13766,#13789,#13811,
    #13835,#13875,#13898,#13945,#14026,#14097,#14121,#14145,#14180,
    #14214,#14238,#14262,#14291,#14421,#14445,#14469,#14495,#14511,
    #14573,#14597,#14824,#14842,#14859,#14890,#14921,#14952,#14983,
    #15023,#15047,#15080,#15120,#15144,#15177,#15217,#15241,#15274,
    #15291,#15308,#15325,#15341,#15352,#15361,#15370,#15379,#15388,
    #15397,#15406,#15415,#15424,#15433,#15442,#15451,#15460,#15471,
    #15488,#15499,#15510,#15550,#15567,#15589,#15601,#15613,#15629,
    #15641,#15653,#15665,#15677,#15689,#15701,#15713,#15725,#15742,
    #15753,#15765,#15781,#15793,#15809,#15826,#15837,#15853,#15870,
    #15881,#15897,#15914,#15925,#15965,#15989,#16022,#16062,#16086,
    #16119,#16159,#16183,#16216,#16256,#16280,#16313,#16330,#16347,
    #16364,#16381,#16398,#16410,#16427,#16439,#16456,#16468,#16485,
    #16497,#16514,#16526,#16543,#16555,#16572));
#17 = ADVANCED_FACE('',(#18),#54,.F.);
#18 = FACE_BOUND('',#19,.T.);
#19 = EDGE_LOOP('',(#20,#30,#39,#47));
#20 = ORIENTED_EDGE('',*,*,#21,.F.);
#21 = EDGE_CURVE('',#22,#24,#26,.T.);
#22 = VERTEX_POINT('',#23);
#23 = CARTESIAN_POINT('',(0.612,73.,11.230127018922));
#24 = VERTEX_POINT('',#25);
#25 = CARTESIAN_POINT('',(0.612,68.85,11.230127018922));
#26 = LINE('',#27,#28);
#27 = CARTESIAN_POINT('',(0.612,81.15,11.230127018922));
#28 = VECTOR('',#29,1.);
#29 = DIRECTION('',(0.,-1.,2.2E-16));
#30 = ORIENTED_EDGE('',*,*,#31,.F.);
#31 = EDGE_CURVE('',#32,#22,#34,.T.);
#32 = VERTEX_POINT('',#33);
#33 = CARTESIAN_POINT('',(-4.388,73.,11.230127018922));
#34 = CIRCLE('',#35,5.);
#35 = AXIS2_PLACEMENT_3D('',#36,#37,#38);
#36 = CARTESIAN_POINT('',(-1.888,73.,6.9));
#37 = DIRECTION('',(-0.,-1.,0.));
#38 = DIRECTION('',(-0.5,0.,0.866025403784));
#39 = ORIENTED_EDGE('',*,*,#40,.T.);
#40 = EDGE_CURVE('',#32,#41,#43,.T.);
#41 = VERTEX_POINT('',#42);
#42 = CARTESIAN_POINT('',(-4.388,68.85,11.230127018922));
#43 = LINE('',#44,#45);
#44 = CARTESIAN_POINT('',(-4.388,81.15,11.230127018922));
#45 = VECTOR('',#46,1.);
#46 = DIRECTION('',(0.,-1.,2.2E-16));
#47 = ORIENTED_EDGE('',*,*,#48,.T.);
#48 = EDGE_CURVE('',#41,#24,#49,.T.);
#49 = CIRCLE('',#50,5.);
#50 = AXIS2_PLACEMENT_3D('',#51,#52,#53);
#51 = CARTESIAN_POINT('',(-1.888,68.85,6.9));
#52 = DIRECTION('',(0.,-1.,0.));
#53 = DIRECTION('',(1.,0.,0.));
#54 = CYLINDRICAL_SURFACE('',#55,5.);
#55 = AXIS2_PLACEMENT_3D('',#56,#57,#58);
#56 = CARTESIAN_POINT('',(-1.888,81.15,6.9));
#57 = DIRECTION('',(0.,1.,-2.2E-16));
#58 = DIRECTION('',(1.,0.,0.));
#59 = ADVANCED_FACE('',(#60),#85,.F.);
#60 = FACE_BOUND('',#61,.F.);
#61 = EDGE_LOOP('',(#62,#63,#71,#79));
#62 = ORIENTED_EDGE('',*,*,#21,.F.);
#63 = ORIENTED_EDGE('',*,*,#64,.T.);
#64 = EDGE_CURVE('',#22,#65,#67,.T.);
#65 = VERTEX_POINT('',#66);
#66 = CARTESIAN_POINT('',(-1.888,73.,12.673502691896));
#67 = LINE('',#68,#69);
#68 = CARTESIAN_POINT('',(0.612,73.,11.230127018922));
#69 = VECTOR('',#70,1.);
#70 = DIRECTION('',(-0.866025403784,1.1E-16,0.5));
#71 = ORIENTED_EDGE('',*,*,#72,.T.);
#72 = EDGE_CURVE('',#65,#73,#75,.T.);
#73 = VERTEX_POINT('',#74);
#74 = CARTESIAN_POINT('',(-1.888,68.85,12.673502691896));
#75 = LINE('',#76,#77);
#76 = CARTESIAN_POINT('',(-1.888,81.15,12.673502691896));
#77 = VECTOR('',#78,1.);
#78 = DIRECTION('',(0.,-1.,2.2E-16));
#79 = ORIENTED_EDGE('',*,*,#80,.T.);
#80 = EDGE_CURVE('',#73,#24,#81,.T.);
#81 = LINE('',#82,#83);
#82 = CARTESIAN_POINT('',(-1.888,68.85,12.673502691896));
#83 = VECTOR('',#84,1.);
#84 = DIRECTION('',(0.866025403784,0.,-0.5));
#85 = PLANE('',#86);
#86 = AXIS2_PLACEMENT_3D('',#87,#88,#89);
#87 = CARTESIAN_POINT('',(-1.888,81.15,12.673502691896));
#88 = DIRECTION('',(0.5,1.9E-16,0.866025403784));
#89 = DIRECTION('',(0.866025403784,-1.1E-16,-0.5));
#90 = ADVANCED_FACE('',(#91),#119,.F.);
#91 = FACE_BOUND('',#92,.T.);
#92 = EDGE_LOOP('',(#93,#102,#103,#112));
#93 = ORIENTED_EDGE('',*,*,#94,.F.);
#94 = EDGE_CURVE('',#32,#95,#97,.T.);
#95 = VERTEX_POINT('',#96);
#96 = CARTESIAN_POINT('',(-3.888,74.,10.364101615138));
#97 = CIRCLE('',#98,1.);
#98 = AXIS2_PLACEMENT_3D('',#99,#100,#101);
#99 = CARTESIAN_POINT('',(-3.888,73.,10.364101615138));
#100 = DIRECTION('',(-0.866025403784,-1.1E-16,-0.5));
#101 = DIRECTION('',(-0.5,1.9E-16,0.866025403784));
#102 = ORIENTED_EDGE('',*,*,#31,.T.);
#103 = ORIENTED_EDGE('',*,*,#104,.T.);
#104 = EDGE_CURVE('',#22,#105,#107,.T.);
#105 = VERTEX_POINT('',#106);
#106 = CARTESIAN_POINT('',(0.112,74.,10.364101615138));
#107 = CIRCLE('',#108,1.);
#108 = AXIS2_PLACEMENT_3D('',#109,#110,#111);
#109 = CARTESIAN_POINT('',(0.112,73.,10.364101615138));
#110 = DIRECTION('',(-0.866025403784,0.,0.5));
#111 = DIRECTION('',(0.5,0.,0.866025403784));
#112 = ORIENTED_EDGE('',*,*,#113,.F.);
#113 = EDGE_CURVE('',#95,#105,#114,.T.);
#114 = CIRCLE('',#115,4.);
#115 = AXIS2_PLACEMENT_3D('',#116,#117,#118);
#116 = CARTESIAN_POINT('',(-1.888,74.,6.9));
#117 = DIRECTION('',(-0.,-1.,0.));
#118 = DIRECTION('',(-0.5,0.,0.866025403784));
#119 = TOROIDAL_SURFACE('',#120,4.,1.);
#120 = AXIS2_PLACEMENT_3D('',#121,#122,#123);
#121 = CARTESIAN_POINT('',(-1.888,73.,6.9));
#122 = DIRECTION('',(0.,1.,0.));
#123 = DIRECTION('',(-0.5,0.,0.866025403784));
#124 = ADVANCED_FACE('',(#125,#186),#196,.F.);
#125 = FACE_BOUND('',#126,.F.);
#126 = EDGE_LOOP('',(#127,#137,#145,#153,#162,#170,#179));
#127 = ORIENTED_EDGE('',*,*,#128,.F.);
#128 = EDGE_CURVE('',#129,#131,#133,.T.);
#129 = VERTEX_POINT('',#130);
#130 = CARTESIAN_POINT('',(1.262050671379,68.85,1.));
#131 = VERTEX_POINT('',#132);
#132 = CARTESIAN_POINT('',(2.636566981517,68.85,2.374515860954));
#133 = LINE('',#134,#135);
#134 = CARTESIAN_POINT('',(0.757025334047,68.85,0.494974827708));
#135 = VECTOR('',#136,1.);
#136 = DIRECTION('',(0.707106896726,0.,0.707106665647));
#137 = ORIENTED_EDGE('',*,*,#138,.T.);
#138 = EDGE_CURVE('',#129,#139,#141,.T.);
#139 = VERTEX_POINT('',#140);
#140 = CARTESIAN_POINT('',(-4.331860018001,68.85,1.));
#141 = LINE('',#142,#143);
#142 = CARTESIAN_POINT('',(0.262050344584,68.85,1.));
#143 = VECTOR('',#144,1.);
#144 = DIRECTION('',(-1.,0.,0.));
#145 = ORIENTED_EDGE('',*,*,#146,.F.);
#146 = EDGE_CURVE('',#147,#139,#149,.T.);
#147 = VERTEX_POINT('',#148);
#148 = CARTESIAN_POINT('',(-6.059930009001,68.85,2.728069990999));
#149 = LINE('',#150,#151);
#150 = CARTESIAN_POINT('',(-6.059930009001,68.85,2.728069990999));
#151 = VECTOR('',#152,1.);
#152 = DIRECTION('',(0.707106781187,0.,-0.707106781187));
#153 = ORIENTED_EDGE('',*,*,#154,.F.);
#154 = EDGE_CURVE('',#155,#147,#157,.T.);
#155 = VERTEX_POINT('',#156);
#156 = CARTESIAN_POINT('',(4.011152481501,68.85,6.8));
#157 = CIRCLE('',#158,5.9);
#158 = AXIS2_PLACEMENT_3D('',#159,#160,#161);
#159 = CARTESIAN_POINT('',(-1.888,68.85,6.9));
#160 = DIRECTION('',(0.,-1.,0.));
#161 = DIRECTION('',(0.999894974531,0.,-1.449275362319E-02));
#162 = ORIENTED_EDGE('',*,*,#163,.F.);
#163 = EDGE_CURVE('',#164,#155,#166,.T.);
#164 = VERTEX_POINT('',#165);
#165 = CARTESIAN_POINT('',(4.510303023686,68.85,6.8));
#166 = LINE('',#167,#168);
#167 = CARTESIAN_POINT('',(2.131790412173,68.85,6.8));
#168 = VECTOR('',#169,1.);
#169 = DIRECTION('',(-1.,-0.,-0.));
#170 = ORIENTED_EDGE('',*,*,#171,.F.);
#171 = EDGE_CURVE('',#172,#164,#174,.T.);
#172 = VERTEX_POINT('',#173);
#173 = CARTESIAN_POINT('',(4.251919054537,68.85,5.097183098592));
#174 = CIRCLE('',#175,6.4);
#175 = AXIS2_PLACEMENT_3D('',#176,#177,#178);
#176 = CARTESIAN_POINT('',(-1.888915678624,68.85,6.9));
#177 = DIRECTION('',(0.,-1.,0.));
#178 = DIRECTION('',(0.959505427056,0.,-0.281690140845));
#179 = ORIENTED_EDGE('',*,*,#180,.F.);
#180 = EDGE_CURVE('',#131,#172,#181,.T.);
#181 = CIRCLE('',#182,6.4);
#182 = AXIS2_PLACEMENT_3D('',#183,#184,#185);
#183 = CARTESIAN_POINT('',(-1.888915678624,68.85,6.9));
#184 = DIRECTION('',(0.,-1.,0.));
#185 = DIRECTION('',(0.707106665647,0.,-0.707106896726));
#186 = FACE_BOUND('',#187,.F.);
#187 = EDGE_LOOP('',(#188,#189,#190));
#188 = ORIENTED_EDGE('',*,*,#48,.T.);
#189 = ORIENTED_EDGE('',*,*,#80,.F.);
#190 = ORIENTED_EDGE('',*,*,#191,.T.);
#191 = EDGE_CURVE('',#73,#41,#192,.T.);
#192 = LINE('',#193,#194);
#193 = CARTESIAN_POINT('',(-1.888,68.85,12.673502691896));
#194 = VECTOR('',#195,1.);
#195 = DIRECTION('',(-0.866025403784,-0.,-0.5));
#196 = PLANE('',#197);
#197 = AXIS2_PLACEMENT_3D('',#198,#199,#200);
#198 = CARTESIAN_POINT('',(-1.23973484642,68.85,6.411013710369));
#199 = DIRECTION('',(0.,1.,0.));
#200 = DIRECTION('',(0.,0.,1.));
#201 = ADVANCED_FACE('',(#202),#213,.T.);
#202 = FACE_BOUND('',#203,.T.);
#203 = EDGE_LOOP('',(#204,#205,#211,#212));
#204 = ORIENTED_EDGE('',*,*,#40,.F.);
#205 = ORIENTED_EDGE('',*,*,#206,.F.);
#206 = EDGE_CURVE('',#65,#32,#207,.T.);
#207 = LINE('',#208,#209);
#208 = CARTESIAN_POINT('',(-1.888,73.,12.673502691896));
#209 = VECTOR('',#210,1.);
#210 = DIRECTION('',(-0.866025403784,-1.1E-16,-0.5));
#211 = ORIENTED_EDGE('',*,*,#72,.T.);
#212 = ORIENTED_EDGE('',*,*,#191,.T.);
#213 = PLANE('',#214);
#214 = AXIS2_PLACEMENT_3D('',#215,#216,#217);
#215 = CARTESIAN_POINT('',(-1.888,81.15,12.673502691896));
#216 = DIRECTION('',(0.5,-1.9E-16,-0.866025403784));
#217 = DIRECTION('',(-0.866025403784,-1.1E-16,-0.5));
#218 = ADVANCED_FACE('',(#219),#238,.F.);
#219 = FACE_BOUND('',#220,.F.);
#220 = EDGE_LOOP('',(#221,#222,#230,#237));
#221 = ORIENTED_EDGE('',*,*,#104,.T.);
#222 = ORIENTED_EDGE('',*,*,#223,.T.);
#223 = EDGE_CURVE('',#105,#224,#226,.T.);
#224 = VERTEX_POINT('',#225);
#225 = CARTESIAN_POINT('',(-1.888,74.,11.518802153517));
#226 = LINE('',#227,#228);
#227 = CARTESIAN_POINT('',(0.112,74.,10.364101615138));
#228 = VECTOR('',#229,1.);
#229 = DIRECTION('',(-0.866025403784,1.1E-16,0.5));
#230 = ORIENTED_EDGE('',*,*,#231,.F.);
#231 = EDGE_CURVE('',#65,#224,#232,.T.);
#232 = ELLIPSE('',#233,1.154700538379,1.);
#233 = AXIS2_PLACEMENT_3D('',#234,#235,#236);
#234 = CARTESIAN_POINT('',(-1.888,73.,11.518802153517));
#235 = DIRECTION('',(-1.,0.,-3.8E-16));
#236 = DIRECTION('',(3.8E-16,-2.2E-16,-1.));
#237 = ORIENTED_EDGE('',*,*,#64,.F.);
#238 = CYLINDRICAL_SURFACE('',#239,1.);
#239 = AXIS2_PLACEMENT_3D('',#240,#241,#242);
#240 = CARTESIAN_POINT('',(0.112,73.,10.364101615138));
#241 = DIRECTION('',(-0.866025403784,1.1E-16,0.5));
#242 = DIRECTION('',(0.5,1.9E-16,0.866025403784));
#243 = ADVANCED_FACE('',(#244),#255,.F.);
#244 = FACE_BOUND('',#245,.F.);
#245 = EDGE_LOOP('',(#246,#247,#253,#254));
#246 = ORIENTED_EDGE('',*,*,#231,.T.);
#247 = ORIENTED_EDGE('',*,*,#248,.T.);
#248 = EDGE_CURVE('',#224,#95,#249,.T.);
#249 = LINE('',#250,#251);
#250 = CARTESIAN_POINT('',(-1.388,74.,11.807477288112));
#251 = VECTOR('',#252,1.);
#252 = DIRECTION('',(-0.866025403784,-1.1E-16,-0.5));
#253 = ORIENTED_EDGE('',*,*,#94,.F.);
#254 = ORIENTED_EDGE('',*,*,#206,.F.);
#255 = CYLINDRICAL_SURFACE('',#256,1.);
#256 = AXIS2_PLACEMENT_3D('',#257,#258,#259);
#257 = CARTESIAN_POINT('',(-1.388,73.,11.807477288112));
#258 = DIRECTION('',(-0.866025403784,-1.1E-16,-0.5));
#259 = DIRECTION('',(-0.5,1.9E-16,0.866025403784));
#260 = ADVANCED_FACE('',(#261),#266,.F.);
#261 = FACE_BOUND('',#262,.F.);
#262 = EDGE_LOOP('',(#263,#264,#265));
#263 = ORIENTED_EDGE('',*,*,#248,.F.);
#264 = ORIENTED_EDGE('',*,*,#223,.F.);
#265 = ORIENTED_EDGE('',*,*,#113,.F.);
#266 = PLANE('',#267);
#267 = AXIS2_PLACEMENT_3D('',#268,#269,#270);
#268 = CARTESIAN_POINT('',(-1.888,74.,7.355470392219));
#269 = DIRECTION('',(0.,1.,0.));
#270 = DIRECTION('',(0.,0.,1.));
#271 = ADVANCED_FACE('',(#272),#305,.F.);
#272 = FACE_BOUND('',#273,.T.);
#273 = EDGE_LOOP('',(#274,#275,#283,#291,#299));
#274 = ORIENTED_EDGE('',*,*,#128,.F.);
#275 = ORIENTED_EDGE('',*,*,#276,.F.);
#276 = EDGE_CURVE('',#277,#129,#279,.T.);
#277 = VERTEX_POINT('',#278);
#278 = CARTESIAN_POINT('',(-1.152163448868,69.85,-1.4E-14));
#279 = LINE('',#280,#281);
#280 = CARTESIAN_POINT('',(0.577658025284,69.133484650493,0.716515349507
    ));
#281 = VECTOR('',#282,1.);
#282 = DIRECTION('',(0.8628562604,-0.357406682847,0.357406682847));
#283 = ORIENTED_EDGE('',*,*,#284,.F.);
#284 = EDGE_CURVE('',#285,#277,#287,.T.);
#285 = VERTEX_POINT('',#286);
#286 = CARTESIAN_POINT('',(1.252,68.15,-2.E-14));
#287 = LINE('',#288,#289);
#288 = CARTESIAN_POINT('',(14.528455403239,58.762129888203,-7.84E-15));
#289 = VECTOR('',#290,1.);
#290 = DIRECTION('',(-0.816496625399,0.577350206298,-3.4E-16));
#291 = ORIENTED_EDGE('',*,*,#292,.T.);
#292 = EDGE_CURVE('',#285,#293,#295,.T.);
#293 = VERTEX_POINT('',#294);
#294 = CARTESIAN_POINT('',(3.13154164747,68.15,1.879541033246));
#295 = LINE('',#296,#297);
#296 = CARTESIAN_POINT('',(1.252,68.15,-1.569E-14));
#297 = VECTOR('',#298,1.);
#298 = DIRECTION('',(0.707106896726,0.,0.707106665647));
#299 = ORIENTED_EDGE('',*,*,#300,.T.);
#300 = EDGE_CURVE('',#293,#131,#301,.T.);
#301 = LINE('',#302,#303);
#302 = CARTESIAN_POINT('',(2.884054314494,68.5,2.1270284471));
#303 = VECTOR('',#304,1.);
#304 = DIRECTION('',(-0.499999918301,0.707106781187,0.500000081699));
#305 = PLANE('',#306);
#306 = AXIS2_PLACEMENT_3D('',#307,#308,#309);
#307 = CARTESIAN_POINT('',(1.004512667024,68.5,0.247487413854));
#308 = DIRECTION('',(0.499999918301,0.707106781187,-0.500000081699));
#309 = DIRECTION('',(-0.707106896726,-0.,-0.707106665647));
#310 = ADVANCED_FACE('',(#311),#329,.F.);
#311 = FACE_BOUND('',#312,.F.);
#312 = EDGE_LOOP('',(#313,#314,#322,#328));
#313 = ORIENTED_EDGE('',*,*,#276,.F.);
#314 = ORIENTED_EDGE('',*,*,#315,.T.);
#315 = EDGE_CURVE('',#277,#316,#318,.T.);
#316 = VERTEX_POINT('',#317);
#317 = CARTESIAN_POINT('',(-4.746073580374,69.85,-9.E-15));
#318 = LINE('',#319,#320);
#319 = CARTESIAN_POINT('',(0.262050344584,69.85,-1.415E-14));
#320 = VECTOR('',#321,1.);
#321 = DIRECTION('',(-1.,0.,0.));
#322 = ORIENTED_EDGE('',*,*,#323,.T.);
#323 = EDGE_CURVE('',#316,#139,#324,.T.);
#324 = LINE('',#325,#326);
#325 = CARTESIAN_POINT('',(-4.244581488428,68.6392909902,1.2107090098));
#326 = VECTOR('',#327,1.);
#327 = DIRECTION('',(0.281084637715,-0.678598344546,0.678598344546));
#328 = ORIENTED_EDGE('',*,*,#138,.F.);
#329 = PLANE('',#330);
#330 = AXIS2_PLACEMENT_3D('',#331,#332,#333);
#331 = CARTESIAN_POINT('',(0.262050344584,69.35,0.5));
#332 = DIRECTION('',(-2.9E-16,0.707106781187,0.707106781187));
#333 = DIRECTION('',(-1.,-2.050609665441E-16,-2.050609665441E-16));
#334 = ADVANCED_FACE('',(#335),#354,.F.);
#335 = FACE_BOUND('',#336,.T.);
#336 = EDGE_LOOP('',(#337,#338,#347,#353));
#337 = ORIENTED_EDGE('',*,*,#300,.F.);
#338 = ORIENTED_EDGE('',*,*,#339,.T.);
#339 = EDGE_CURVE('',#293,#340,#342,.T.);
#340 = VERTEX_POINT('',#341);
#341 = CARTESIAN_POINT('',(4.923572853476,68.15,4.9));
#342 = CIRCLE('',#343,7.1);
#343 = AXIS2_PLACEMENT_3D('',#344,#345,#346);
#344 = CARTESIAN_POINT('',(-1.888915678624,68.15,6.9));
#345 = DIRECTION('',(0.,-1.,0.));
#346 = DIRECTION('',(0.707106665647,0.,-0.707106896726));
#347 = ORIENTED_EDGE('',*,*,#348,.T.);
#348 = EDGE_CURVE('',#340,#172,#349,.T.);
#349 = LINE('',#350,#351);
#350 = CARTESIAN_POINT('',(4.923572853476,68.15,4.9));
#351 = VECTOR('',#352,1.);
#352 = DIRECTION('',(-0.678472794057,0.707106781187,0.199185008785));
#353 = ORIENTED_EDGE('',*,*,#180,.F.);
#354 = CONICAL_SURFACE('',#355,7.1,0.785398163397);
#355 = AXIS2_PLACEMENT_3D('',#356,#357,#358);
#356 = CARTESIAN_POINT('',(-1.888915678624,68.15,6.9));
#357 = DIRECTION('',(-0.,-1.,-0.));
#358 = DIRECTION('',(0.707106665647,0.,-0.707106896726));
#359 = ADVANCED_FACE('',(#360),#378,.F.);
#360 = FACE_BOUND('',#361,.F.);
#361 = EDGE_LOOP('',(#362,#363,#364,#372));
#362 = ORIENTED_EDGE('',*,*,#146,.T.);
#363 = ORIENTED_EDGE('',*,*,#323,.F.);
#364 = ORIENTED_EDGE('',*,*,#365,.F.);
#365 = EDGE_CURVE('',#366,#316,#368,.T.);
#366 = VERTEX_POINT('',#367);
#367 = CARTESIAN_POINT('',(-6.767036790187,69.85,2.020963209813));
#368 = LINE('',#369,#370);
#369 = CARTESIAN_POINT('',(-6.767036790187,69.85,2.020963209813));
#370 = VECTOR('',#371,1.);
#371 = DIRECTION('',(0.707106781187,0.,-0.707106781187));
#372 = ORIENTED_EDGE('',*,*,#373,.F.);
#373 = EDGE_CURVE('',#147,#366,#374,.T.);
#374 = LINE('',#375,#376);
#375 = CARTESIAN_POINT('',(-6.767036790187,69.85,2.020963209813));
#376 = VECTOR('',#377,1.);
#377 = DIRECTION('',(-0.5,0.707106781187,-0.5));
#378 = PLANE('',#379);
#379 = AXIS2_PLACEMENT_3D('',#380,#381,#382);
#380 = CARTESIAN_POINT('',(-6.413483399594,69.35,2.374516600406));
#381 = DIRECTION('',(0.5,0.707106781187,0.5));
#382 = DIRECTION('',(0.707106781187,0.,-0.707106781187));
#383 = ADVANCED_FACE('',(#384),#404,.F.);
#384 = FACE_BOUND('',#385,.T.);
#385 = EDGE_LOOP('',(#386,#387,#396,#403));
#386 = ORIENTED_EDGE('',*,*,#348,.F.);
#387 = ORIENTED_EDGE('',*,*,#388,.T.);
#388 = EDGE_CURVE('',#340,#389,#391,.T.);
#389 = VERTEX_POINT('',#390);
#390 = CARTESIAN_POINT('',(5.210380061095,68.15,6.8));
#391 = CIRCLE('',#392,7.1);
#392 = AXIS2_PLACEMENT_3D('',#393,#394,#395);
#393 = CARTESIAN_POINT('',(-1.888915678624,68.15,6.9));
#394 = DIRECTION('',(0.,-1.,0.));
#395 = DIRECTION('',(0.959505427056,0.,-0.281690140845));
#396 = ORIENTED_EDGE('',*,*,#397,.T.);
#397 = EDGE_CURVE('',#389,#164,#398,.T.);
#398 = HYPERBOLA('',#399,0.1,0.1);
#399 = AXIS2_PLACEMENT_3D('',#400,#401,#402);
#400 = CARTESIAN_POINT('',(-1.888915678624,75.25,6.8));
#401 = DIRECTION('',(-0.,-2.3E-16,-1.));
#402 = DIRECTION('',(0.,-1.,2.3E-16));
#403 = ORIENTED_EDGE('',*,*,#171,.F.);
#404 = CONICAL_SURFACE('',#405,7.1,0.785398163397);
#405 = AXIS2_PLACEMENT_3D('',#406,#407,#408);
#406 = CARTESIAN_POINT('',(-1.888915678624,68.15,6.9));
#407 = DIRECTION('',(-0.,-1.,-0.));
#408 = DIRECTION('',(0.959505427056,0.,-0.281690140845));
#409 = ADVANCED_FACE('',(#410),#430,.T.);
#410 = FACE_BOUND('',#411,.F.);
#411 = EDGE_LOOP('',(#412,#421,#422,#423));
#412 = ORIENTED_EDGE('',*,*,#413,.F.);
#413 = EDGE_CURVE('',#155,#414,#416,.T.);
#414 = VERTEX_POINT('',#415);
#415 = CARTESIAN_POINT('',(5.011275324264,69.85,6.8));
#416 = HYPERBOLA('',#417,1.E-01,1.E-01);
#417 = AXIS2_PLACEMENT_3D('',#418,#419,#420);
#418 = CARTESIAN_POINT('',(-1.888,62.95,6.8));
#419 = DIRECTION('',(0.,-2.3E-16,-1.));
#420 = DIRECTION('',(0.,1.,-2.3E-16));
#421 = ORIENTED_EDGE('',*,*,#154,.T.);
#422 = ORIENTED_EDGE('',*,*,#373,.T.);
#423 = ORIENTED_EDGE('',*,*,#424,.F.);
#424 = EDGE_CURVE('',#414,#366,#425,.T.);
#425 = CIRCLE('',#426,6.9);
#426 = AXIS2_PLACEMENT_3D('',#427,#428,#429);
#427 = CARTESIAN_POINT('',(-1.888,69.85,6.9));
#428 = DIRECTION('',(0.,-1.,0.));
#429 = DIRECTION('',(0.999894974531,0.,-1.449275362319E-02));
#430 = CONICAL_SURFACE('',#431,6.9,0.785398163397);
#431 = AXIS2_PLACEMENT_3D('',#432,#433,#434);
#432 = CARTESIAN_POINT('',(-1.888,69.85,6.9));
#433 = DIRECTION('',(0.,1.,0.));
#434 = DIRECTION('',(0.999894974531,0.,-1.449275362319E-02));
#435 = ADVANCED_FACE('',(#436),#871,.T.);
#436 = FACE_BOUND('',#437,.T.);
#437 = EDGE_LOOP('',(#438,#449,#457,#465,#473,#482,#490,#499,#507,#516,
    #524,#533,#541,#550,#558,#567,#575,#584,#592,#601,#609,#618,#626,
    #635,#643,#652,#660,#669,#677,#686,#692,#693,#694,#695,#703,#712,
    #720,#729,#737,#746,#754,#763,#771,#780,#788,#797,#805,#814,#822,
    #831,#839,#848,#856,#865));
#438 = ORIENTED_EDGE('',*,*,#439,.F.);
#439 = EDGE_CURVE('',#440,#442,#444,.T.);
#440 = VERTEX_POINT('',#441);
#441 = CARTESIAN_POINT('',(4.411206299209,1.,6.8));
#442 = VERTEX_POINT('',#443);
#443 = CARTESIAN_POINT('',(5.011275324264,1.6,6.8));
#444 = HYPERBOLA('',#445,1.E-01,1.E-01);
#445 = AXIS2_PLACEMENT_3D('',#446,#447,#448);
#446 = CARTESIAN_POINT('',(-1.888,-5.3,6.8));
#447 = DIRECTION('',(0.,-2.3E-16,-1.));
#448 = DIRECTION('',(0.,1.,-2.3E-16));
#449 = ORIENTED_EDGE('',*,*,#450,.T.);
#450 = EDGE_CURVE('',#440,#451,#453,.T.);
#451 = VERTEX_POINT('',#452);
#452 = CARTESIAN_POINT('',(5.91,1.,6.8));
#453 = LINE('',#454,#455);
#454 = CARTESIAN_POINT('',(3.411056519797,1.,6.8));
#455 = VECTOR('',#456,1.);
#456 = DIRECTION('',(1.,0.,0.));
#457 = ORIENTED_EDGE('',*,*,#458,.T.);
#458 = EDGE_CURVE('',#451,#459,#461,.T.);
#459 = VERTEX_POINT('',#460);
#460 = CARTESIAN_POINT('',(5.91,149.,6.8));
#461 = LINE('',#462,#463);
#462 = CARTESIAN_POINT('',(5.91,1.51E-15,6.8));
#463 = VECTOR('',#464,1.);
#464 = DIRECTION('',(0.,1.,-2.2E-16));
#465 = ORIENTED_EDGE('',*,*,#466,.F.);
#466 = EDGE_CURVE('',#467,#459,#469,.T.);
#467 = VERTEX_POINT('',#468);
#468 = CARTESIAN_POINT('',(4.411206299209,149.,6.8));
#469 = LINE('',#470,#471);
#470 = CARTESIAN_POINT('',(3.411056519797,149.,6.8));
#471 = VECTOR('',#472,1.);
#472 = DIRECTION('',(1.,0.,0.));
#473 = ORIENTED_EDGE('',*,*,#474,.T.);
#474 = EDGE_CURVE('',#467,#475,#477,.T.);
#475 = VERTEX_POINT('',#476);
#476 = CARTESIAN_POINT('',(5.011275324264,148.4,6.8));
#477 = HYPERBOLA('',#478,0.1,0.1);
#478 = AXIS2_PLACEMENT_3D('',#479,#480,#481);
#479 = CARTESIAN_POINT('',(-1.888,155.3,6.8));
#480 = DIRECTION('',(-0.,2.3E-16,1.));
#481 = DIRECTION('',(0.,-1.,2.3E-16));
#482 = ORIENTED_EDGE('',*,*,#483,.T.);
#483 = EDGE_CURVE('',#475,#484,#486,.T.);
#484 = VERTEX_POINT('',#485);
#485 = CARTESIAN_POINT('',(5.011275324264,140.05,6.8));
#486 = LINE('',#487,#488);
#487 = CARTESIAN_POINT('',(5.011275324264,150.,6.8));
#488 = VECTOR('',#489,1.);
#489 = DIRECTION('',(0.,-1.,2.2E-16));
#490 = ORIENTED_EDGE('',*,*,#491,.F.);
#491 = EDGE_CURVE('',#492,#484,#494,.T.);
#492 = VERTEX_POINT('',#493);
#493 = CARTESIAN_POINT('',(4.011152481501,139.05,6.8));
#494 = HYPERBOLA('',#495,0.1,0.1);
#495 = AXIS2_PLACEMENT_3D('',#496,#497,#498);
#496 = CARTESIAN_POINT('',(-1.888,133.15,6.8));
#497 = DIRECTION('',(0.,-2.3E-16,-1.));
#498 = DIRECTION('',(0.,1.,-2.3E-16));
#499 = ORIENTED_EDGE('',*,*,#500,.F.);
#500 = EDGE_CURVE('',#501,#492,#503,.T.);
#501 = VERTEX_POINT('',#502);
#502 = CARTESIAN_POINT('',(4.510303023686,139.05,6.8));
#503 = LINE('',#504,#505);
#504 = CARTESIAN_POINT('',(2.261277266409,139.05,6.8));
#505 = VECTOR('',#506,1.);
#506 = DIRECTION('',(-1.,0.,0.));
#507 = ORIENTED_EDGE('',*,*,#508,.T.);
#508 = EDGE_CURVE('',#501,#509,#511,.T.);
#509 = VERTEX_POINT('',#510);
#510 = CARTESIAN_POINT('',(5.210380061095,138.35,6.8));
#511 = HYPERBOLA('',#512,9.999999999997E-02,9.999999999997E-02);
#512 = AXIS2_PLACEMENT_3D('',#513,#514,#515);
#513 = CARTESIAN_POINT('',(-1.888915678624,145.45,6.8));
#514 = DIRECTION('',(-0.,2.3E-16,1.));
#515 = DIRECTION('',(0.,-1.,2.3E-16));
#516 = ORIENTED_EDGE('',*,*,#517,.F.);
#517 = EDGE_CURVE('',#518,#509,#520,.T.);
#518 = VERTEX_POINT('',#519);
#519 = CARTESIAN_POINT('',(5.210380061095,128.65,6.8));
#520 = LINE('',#521,#522);
#521 = CARTESIAN_POINT('',(5.210380061095,10.95,6.8));
#522 = VECTOR('',#523,1.);
#523 = DIRECTION('',(0.,1.,-2.2E-16));
#524 = ORIENTED_EDGE('',*,*,#525,.T.);
#525 = EDGE_CURVE('',#518,#526,#528,.T.);
#526 = VERTEX_POINT('',#527);
#527 = CARTESIAN_POINT('',(4.510303023686,127.95,6.8));
#528 = HYPERBOLA('',#529,9.999999999998E-02,9.999999999998E-02);
#529 = AXIS2_PLACEMENT_3D('',#530,#531,#532);
#530 = CARTESIAN_POINT('',(-1.888915678624,121.55,6.8));
#531 = DIRECTION('',(0.,2.3E-16,1.));
#532 = DIRECTION('',(0.,1.,-2.3E-16));
#533 = ORIENTED_EDGE('',*,*,#534,.T.);
#534 = EDGE_CURVE('',#526,#535,#537,.T.);
#535 = VERTEX_POINT('',#536);
#536 = CARTESIAN_POINT('',(4.011152481501,127.95,6.8));
#537 = LINE('',#538,#539);
#538 = CARTESIAN_POINT('',(2.261277266409,127.95,6.8));
#539 = VECTOR('',#540,1.);
#540 = DIRECTION('',(-1.,0.,0.));
#541 = ORIENTED_EDGE('',*,*,#542,.T.);
#542 = EDGE_CURVE('',#535,#543,#545,.T.);
#543 = VERTEX_POINT('',#544);
#544 = CARTESIAN_POINT('',(5.011275324264,126.95,6.8));
#545 = HYPERBOLA('',#546,1.E-01,1.E-01);
#546 = AXIS2_PLACEMENT_3D('',#547,#548,#549);
#547 = CARTESIAN_POINT('',(-1.888,133.85,6.8));
#548 = DIRECTION('',(-0.,2.3E-16,1.));
#549 = DIRECTION('',(0.,-1.,2.3E-16));
#550 = ORIENTED_EDGE('',*,*,#551,.F.);
#551 = EDGE_CURVE('',#552,#543,#554,.T.);
#552 = VERTEX_POINT('',#553);
#553 = CARTESIAN_POINT('',(5.011275324264,118.05,6.8));
#554 = LINE('',#555,#556);
#555 = CARTESIAN_POINT('',(5.011275324264,117.05,6.8));
#556 = VECTOR('',#557,1.);
#557 = DIRECTION('',(0.,1.,-2.2E-16));
#558 = ORIENTED_EDGE('',*,*,#559,.F.);
#559 = EDGE_CURVE('',#560,#552,#562,.T.);
#560 = VERTEX_POINT('',#561);
#561 = CARTESIAN_POINT('',(4.011152481501,117.05,6.8));
#562 = HYPERBOLA('',#563,0.1,0.1);
#563 = AXIS2_PLACEMENT_3D('',#564,#565,#566);
#564 = CARTESIAN_POINT('',(-1.888,111.15,6.8));
#565 = DIRECTION('',(0.,-2.3E-16,-1.));
#566 = DIRECTION('',(0.,1.,-2.3E-16));
#567 = ORIENTED_EDGE('',*,*,#568,.F.);
#568 = EDGE_CURVE('',#569,#560,#571,.T.);
#569 = VERTEX_POINT('',#570);
#570 = CARTESIAN_POINT('',(4.510303023686,117.05,6.8));
#571 = LINE('',#572,#573);
#572 = CARTESIAN_POINT('',(2.261277266409,117.05,6.8));
#573 = VECTOR('',#574,1.);
#574 = DIRECTION('',(-1.,0.,0.));
#575 = ORIENTED_EDGE('',*,*,#576,.T.);
#576 = EDGE_CURVE('',#569,#577,#579,.T.);
#577 = VERTEX_POINT('',#578);
#578 = CARTESIAN_POINT('',(5.210380061095,116.35,6.8));
#579 = HYPERBOLA('',#580,9.999999999997E-02,9.999999999997E-02);
#580 = AXIS2_PLACEMENT_3D('',#581,#582,#583);
#581 = CARTESIAN_POINT('',(-1.888915678624,123.45,6.8));
#582 = DIRECTION('',(-0.,2.3E-16,1.));
#583 = DIRECTION('',(0.,-1.,2.3E-16));
#584 = ORIENTED_EDGE('',*,*,#585,.F.);
#585 = EDGE_CURVE('',#586,#577,#588,.T.);
#586 = VERTEX_POINT('',#587);
#587 = CARTESIAN_POINT('',(5.210380061095,106.65,6.8));
#588 = LINE('',#589,#590);
#589 = CARTESIAN_POINT('',(5.210380061095,10.95,6.8));
#590 = VECTOR('',#591,1.);
#591 = DIRECTION('',(0.,1.,-2.2E-16));
#592 = ORIENTED_EDGE('',*,*,#593,.T.);
#593 = EDGE_CURVE('',#586,#594,#596,.T.);
#594 = VERTEX_POINT('',#595);
#595 = CARTESIAN_POINT('',(4.510303023686,105.95,6.8));
#596 = HYPERBOLA('',#597,9.999999999998E-02,9.999999999998E-02);
#597 = AXIS2_PLACEMENT_3D('',#598,#599,#600);
#598 = CARTESIAN_POINT('',(-1.888915678624,99.55,6.8));
#599 = DIRECTION('',(0.,2.3E-16,1.));
#600 = DIRECTION('',(0.,1.,-2.3E-16));
#601 = ORIENTED_EDGE('',*,*,#602,.T.);
#602 = EDGE_CURVE('',#594,#603,#605,.T.);
#603 = VERTEX_POINT('',#604);
#604 = CARTESIAN_POINT('',(4.011152481501,105.95,6.8));
#605 = LINE('',#606,#607);
#606 = CARTESIAN_POINT('',(2.131790412173,105.95,6.8));
#607 = VECTOR('',#608,1.);
#608 = DIRECTION('',(-1.,0.,0.));
#609 = ORIENTED_EDGE('',*,*,#610,.T.);
#610 = EDGE_CURVE('',#603,#611,#613,.T.);
#611 = VERTEX_POINT('',#612);
#612 = CARTESIAN_POINT('',(5.011275324264,104.95,6.8));
#613 = HYPERBOLA('',#614,1.E-01,1.E-01);
#614 = AXIS2_PLACEMENT_3D('',#615,#616,#617);
#615 = CARTESIAN_POINT('',(-1.888,111.85,6.8));
#616 = DIRECTION('',(-0.,2.3E-16,1.));
#617 = DIRECTION('',(0.,-1.,2.3E-16));
#618 = ORIENTED_EDGE('',*,*,#619,.F.);
#619 = EDGE_CURVE('',#620,#611,#622,.T.);
#620 = VERTEX_POINT('',#621);
#621 = CARTESIAN_POINT('',(5.011275324264,94.65,6.8));
#622 = LINE('',#623,#624);
#623 = CARTESIAN_POINT('',(5.011275324264,93.65,6.8));
#624 = VECTOR('',#625,1.);
#625 = DIRECTION('',(0.,1.,-2.2E-16));
#626 = ORIENTED_EDGE('',*,*,#627,.F.);
#627 = EDGE_CURVE('',#628,#620,#630,.T.);
#628 = VERTEX_POINT('',#629);
#629 = CARTESIAN_POINT('',(4.011152481501,93.65,6.8));
#630 = HYPERBOLA('',#631,0.1,0.1);
#631 = AXIS2_PLACEMENT_3D('',#632,#633,#634);
#632 = CARTESIAN_POINT('',(-1.888,87.75,6.8));
#633 = DIRECTION('',(0.,-2.3E-16,-1.));
#634 = DIRECTION('',(0.,1.,-2.3E-16));
#635 = ORIENTED_EDGE('',*,*,#636,.F.);
#636 = EDGE_CURVE('',#637,#628,#639,.T.);
#637 = VERTEX_POINT('',#638);
#638 = CARTESIAN_POINT('',(4.510303023686,93.65,6.8));
#639 = LINE('',#640,#641);
#640 = CARTESIAN_POINT('',(2.131790412173,93.65,6.8));
#641 = VECTOR('',#642,1.);
#642 = DIRECTION('',(-1.,0.,0.));
#643 = ORIENTED_EDGE('',*,*,#644,.T.);
#644 = EDGE_CURVE('',#637,#645,#647,.T.);
#645 = VERTEX_POINT('',#646);
#646 = CARTESIAN_POINT('',(5.210380061095,92.95,6.8));
#647 = HYPERBOLA('',#648,9.999999999998E-02,9.999999999998E-02);
#648 = AXIS2_PLACEMENT_3D('',#649,#650,#651);
#649 = CARTESIAN_POINT('',(-1.888915678624,100.05,6.8));
#650 = DIRECTION('',(-0.,2.3E-16,1.));
#651 = DIRECTION('',(0.,-1.,2.3E-16));
#652 = ORIENTED_EDGE('',*,*,#653,.F.);
#653 = EDGE_CURVE('',#654,#645,#656,.T.);
#654 = VERTEX_POINT('',#655);
#655 = CARTESIAN_POINT('',(5.210380061095,81.85,6.8));
#656 = LINE('',#657,#658);
#657 = CARTESIAN_POINT('',(5.210380061095,10.95,6.8));
#658 = VECTOR('',#659,1.);
#659 = DIRECTION('',(0.,1.,-2.2E-16));
#660 = ORIENTED_EDGE('',*,*,#661,.F.);
#661 = EDGE_CURVE('',#662,#654,#664,.T.);
#662 = VERTEX_POINT('',#663);
#663 = CARTESIAN_POINT('',(4.510303023686,81.15,6.8));
#664 = HYPERBOLA('',#665,0.1,0.1);
#665 = AXIS2_PLACEMENT_3D('',#666,#667,#668);
#666 = CARTESIAN_POINT('',(-1.888915678624,74.75,6.8));
#667 = DIRECTION('',(0.,-2.3E-16,-1.));
#668 = DIRECTION('',(0.,1.,-2.3E-16));
#669 = ORIENTED_EDGE('',*,*,#670,.T.);
#670 = EDGE_CURVE('',#662,#671,#673,.T.);
#671 = VERTEX_POINT('',#672);
#672 = CARTESIAN_POINT('',(4.011152481501,81.15,6.8));
#673 = LINE('',#674,#675);
#674 = CARTESIAN_POINT('',(2.131790412173,81.15,6.8));
#675 = VECTOR('',#676,1.);
#676 = DIRECTION('',(-1.,-0.,-0.));
#677 = ORIENTED_EDGE('',*,*,#678,.T.);
#678 = EDGE_CURVE('',#671,#679,#681,.T.);
#679 = VERTEX_POINT('',#680);
#680 = CARTESIAN_POINT('',(5.011275324264,80.15,6.8));
#681 = HYPERBOLA('',#682,0.1,0.1);
#682 = AXIS2_PLACEMENT_3D('',#683,#684,#685);
#683 = CARTESIAN_POINT('',(-1.888,87.05,6.8));
#684 = DIRECTION('',(-0.,2.3E-16,1.));
#685 = DIRECTION('',(0.,-1.,2.3E-16));
#686 = ORIENTED_EDGE('',*,*,#687,.T.);
#687 = EDGE_CURVE('',#679,#414,#688,.T.);
#688 = LINE('',#689,#690);
#689 = CARTESIAN_POINT('',(5.011275324264,81.15,6.8));
#690 = VECTOR('',#691,1.);
#691 = DIRECTION('',(0.,-1.,2.2E-16));
#692 = ORIENTED_EDGE('',*,*,#413,.F.);
#693 = ORIENTED_EDGE('',*,*,#163,.F.);
#694 = ORIENTED_EDGE('',*,*,#397,.F.);
#695 = ORIENTED_EDGE('',*,*,#696,.F.);
#696 = EDGE_CURVE('',#697,#389,#699,.T.);
#697 = VERTEX_POINT('',#698);
#698 = CARTESIAN_POINT('',(5.210380061095,57.05,6.8));
#699 = LINE('',#700,#701);
#700 = CARTESIAN_POINT('',(5.210380061095,10.95,6.8));
#701 = VECTOR('',#702,1.);
#702 = DIRECTION('',(0.,1.,-2.2E-16));
#703 = ORIENTED_EDGE('',*,*,#704,.F.);
#704 = EDGE_CURVE('',#705,#697,#707,.T.);
#705 = VERTEX_POINT('',#706);
#706 = CARTESIAN_POINT('',(4.510303023686,56.35,6.8));
#707 = HYPERBOLA('',#708,0.1,0.1);
#708 = AXIS2_PLACEMENT_3D('',#709,#710,#711);
#709 = CARTESIAN_POINT('',(-1.888915678624,49.95,6.8));
#710 = DIRECTION('',(0.,-2.3E-16,-1.));
#711 = DIRECTION('',(0.,1.,-2.3E-16));
#712 = ORIENTED_EDGE('',*,*,#713,.T.);
#713 = EDGE_CURVE('',#705,#714,#716,.T.);
#714 = VERTEX_POINT('',#715);
#715 = CARTESIAN_POINT('',(4.011152481501,56.35,6.8));
#716 = LINE('',#717,#718);
#717 = CARTESIAN_POINT('',(2.131790412173,56.35,6.8));
#718 = VECTOR('',#719,1.);
#719 = DIRECTION('',(-1.,-0.,-0.));
#720 = ORIENTED_EDGE('',*,*,#721,.T.);
#721 = EDGE_CURVE('',#714,#722,#724,.T.);
#722 = VERTEX_POINT('',#723);
#723 = CARTESIAN_POINT('',(5.011275324264,55.35,6.8));
#724 = HYPERBOLA('',#725,0.1,0.1);
#725 = AXIS2_PLACEMENT_3D('',#726,#727,#728);
#726 = CARTESIAN_POINT('',(-1.888,62.25,6.8));
#727 = DIRECTION('',(-0.,2.3E-16,1.));
#728 = DIRECTION('',(0.,-1.,2.3E-16));
#729 = ORIENTED_EDGE('',*,*,#730,.T.);
#730 = EDGE_CURVE('',#722,#731,#733,.T.);
#731 = VERTEX_POINT('',#732);
#732 = CARTESIAN_POINT('',(5.011275324264,45.05,6.8));
#733 = LINE('',#734,#735);
#734 = CARTESIAN_POINT('',(5.011275324264,56.35,6.8));
#735 = VECTOR('',#736,1.);
#736 = DIRECTION('',(0.,-1.,2.2E-16));
#737 = ORIENTED_EDGE('',*,*,#738,.F.);
#738 = EDGE_CURVE('',#739,#731,#741,.T.);
#739 = VERTEX_POINT('',#740);
#740 = CARTESIAN_POINT('',(4.011152481501,44.05,6.8));
#741 = HYPERBOLA('',#742,1.E-01,1.E-01);
#742 = AXIS2_PLACEMENT_3D('',#743,#744,#745);
#743 = CARTESIAN_POINT('',(-1.888,38.15,6.8));
#744 = DIRECTION('',(0.,-2.3E-16,-1.));
#745 = DIRECTION('',(0.,1.,-2.3E-16));
#746 = ORIENTED_EDGE('',*,*,#747,.F.);
#747 = EDGE_CURVE('',#748,#739,#750,.T.);
#748 = VERTEX_POINT('',#749);
#749 = CARTESIAN_POINT('',(4.510303023686,44.05,6.8));
#750 = LINE('',#751,#752);
#751 = CARTESIAN_POINT('',(2.131790412173,44.05,6.8));
#752 = VECTOR('',#753,1.);
#753 = DIRECTION('',(-1.,-0.,-0.));
#754 = ORIENTED_EDGE('',*,*,#755,.F.);
#755 = EDGE_CURVE('',#756,#748,#758,.T.);
#756 = VERTEX_POINT('',#757);
#757 = CARTESIAN_POINT('',(5.210380061095,43.35,6.8));
#758 = HYPERBOLA('',#759,0.1,0.1);
#759 = AXIS2_PLACEMENT_3D('',#760,#761,#762);
#760 = CARTESIAN_POINT('',(-1.888915678624,50.45,6.8));
#761 = DIRECTION('',(-0.,-2.3E-16,-1.));
#762 = DIRECTION('',(0.,-1.,2.3E-16));
#763 = ORIENTED_EDGE('',*,*,#764,.F.);
#764 = EDGE_CURVE('',#765,#756,#767,.T.);
#765 = VERTEX_POINT('',#766);
#766 = CARTESIAN_POINT('',(5.210380061095,33.65,6.8));
#767 = LINE('',#768,#769);
#768 = CARTESIAN_POINT('',(5.210380061095,10.95,6.8));
#769 = VECTOR('',#770,1.);
#770 = DIRECTION('',(0.,1.,-2.2E-16));
#771 = ORIENTED_EDGE('',*,*,#772,.F.);
#772 = EDGE_CURVE('',#773,#765,#775,.T.);
#773 = VERTEX_POINT('',#774);
#774 = CARTESIAN_POINT('',(4.510303023686,32.95,6.8));
#775 = HYPERBOLA('',#776,0.1,0.1);
#776 = AXIS2_PLACEMENT_3D('',#777,#778,#779);
#777 = CARTESIAN_POINT('',(-1.888915678624,26.55,6.8));
#778 = DIRECTION('',(0.,-2.3E-16,-1.));
#779 = DIRECTION('',(0.,1.,-2.3E-16));
#780 = ORIENTED_EDGE('',*,*,#781,.T.);
#781 = EDGE_CURVE('',#773,#782,#784,.T.);
#782 = VERTEX_POINT('',#783);
#783 = CARTESIAN_POINT('',(4.011152481501,32.95,6.8));
#784 = LINE('',#785,#786);
#785 = CARTESIAN_POINT('',(2.261277266409,32.95,6.8));
#786 = VECTOR('',#787,1.);
#787 = DIRECTION('',(-1.,-0.,-0.));
#788 = ORIENTED_EDGE('',*,*,#789,.T.);
#789 = EDGE_CURVE('',#782,#790,#792,.T.);
#790 = VERTEX_POINT('',#791);
#791 = CARTESIAN_POINT('',(5.011275324264,31.95,6.8));
#792 = HYPERBOLA('',#793,0.1,0.1);
#793 = AXIS2_PLACEMENT_3D('',#794,#795,#796);
#794 = CARTESIAN_POINT('',(-1.888,38.85,6.8));
#795 = DIRECTION('',(-0.,2.3E-16,1.));
#796 = DIRECTION('',(0.,-1.,2.3E-16));
#797 = ORIENTED_EDGE('',*,*,#798,.T.);
#798 = EDGE_CURVE('',#790,#799,#801,.T.);
#799 = VERTEX_POINT('',#800);
#800 = CARTESIAN_POINT('',(5.011275324264,23.05,6.8));
#801 = LINE('',#802,#803);
#802 = CARTESIAN_POINT('',(5.011275324264,32.95,6.8));
#803 = VECTOR('',#804,1.);
#804 = DIRECTION('',(0.,-1.,2.2E-16));
#805 = ORIENTED_EDGE('',*,*,#806,.F.);
#806 = EDGE_CURVE('',#807,#799,#809,.T.);
#807 = VERTEX_POINT('',#808);
#808 = CARTESIAN_POINT('',(4.011152481501,22.05,6.8));
#809 = HYPERBOLA('',#810,1.E-01,1.E-01);
#810 = AXIS2_PLACEMENT_3D('',#811,#812,#813);
#811 = CARTESIAN_POINT('',(-1.888,16.15,6.8));
#812 = DIRECTION('',(0.,-2.3E-16,-1.));
#813 = DIRECTION('',(0.,1.,-2.3E-16));
#814 = ORIENTED_EDGE('',*,*,#815,.F.);
#815 = EDGE_CURVE('',#816,#807,#818,.T.);
#816 = VERTEX_POINT('',#817);
#817 = CARTESIAN_POINT('',(4.510303023686,22.05,6.8));
#818 = LINE('',#819,#820);
#819 = CARTESIAN_POINT('',(2.261277266409,22.05,6.8));
#820 = VECTOR('',#821,1.);
#821 = DIRECTION('',(-1.,-0.,-0.));
#822 = ORIENTED_EDGE('',*,*,#823,.F.);
#823 = EDGE_CURVE('',#824,#816,#826,.T.);
#824 = VERTEX_POINT('',#825);
#825 = CARTESIAN_POINT('',(5.210380061095,21.35,6.8));
#826 = HYPERBOLA('',#827,0.1,0.1);
#827 = AXIS2_PLACEMENT_3D('',#828,#829,#830);
#828 = CARTESIAN_POINT('',(-1.888915678624,28.45,6.8));
#829 = DIRECTION('',(-0.,-2.3E-16,-1.));
#830 = DIRECTION('',(0.,-1.,2.3E-16));
#831 = ORIENTED_EDGE('',*,*,#832,.F.);
#832 = EDGE_CURVE('',#833,#824,#835,.T.);
#833 = VERTEX_POINT('',#834);
#834 = CARTESIAN_POINT('',(5.210380061095,11.65,6.8));
#835 = LINE('',#836,#837);
#836 = CARTESIAN_POINT('',(5.210380061095,10.95,6.8));
#837 = VECTOR('',#838,1.);
#838 = DIRECTION('',(0.,1.,-2.2E-16));
#839 = ORIENTED_EDGE('',*,*,#840,.F.);
#840 = EDGE_CURVE('',#841,#833,#843,.T.);
#841 = VERTEX_POINT('',#842);
#842 = CARTESIAN_POINT('',(4.510303023686,10.95,6.8));
#843 = HYPERBOLA('',#844,0.1,0.1);
#844 = AXIS2_PLACEMENT_3D('',#845,#846,#847);
#845 = CARTESIAN_POINT('',(-1.888915678624,4.55,6.8));
#846 = DIRECTION('',(0.,-2.3E-16,-1.));
#847 = DIRECTION('',(0.,1.,-2.3E-16));
#848 = ORIENTED_EDGE('',*,*,#849,.T.);
#849 = EDGE_CURVE('',#841,#850,#852,.T.);
#850 = VERTEX_POINT('',#851);
#851 = CARTESIAN_POINT('',(4.011152481501,10.95,6.8));
#852 = LINE('',#853,#854);
#853 = CARTESIAN_POINT('',(2.261277266409,10.95,6.8));
#854 = VECTOR('',#855,1.);
#855 = DIRECTION('',(-1.,-0.,-0.));
#856 = ORIENTED_EDGE('',*,*,#857,.T.);
#857 = EDGE_CURVE('',#850,#858,#860,.T.);
#858 = VERTEX_POINT('',#859);
#859 = CARTESIAN_POINT('',(5.011275324264,9.95,6.8));
#860 = HYPERBOLA('',#861,0.1,0.1);
#861 = AXIS2_PLACEMENT_3D('',#862,#863,#864);
#862 = CARTESIAN_POINT('',(-1.888,16.85,6.8));
#863 = DIRECTION('',(-0.,2.3E-16,1.));
#864 = DIRECTION('',(0.,-1.,2.3E-16));
#865 = ORIENTED_EDGE('',*,*,#866,.F.);
#866 = EDGE_CURVE('',#442,#858,#867,.T.);
#867 = LINE('',#868,#869);
#868 = CARTESIAN_POINT('',(5.011275324264,1.51E-15,6.8));
#869 = VECTOR('',#870,1.);
#870 = DIRECTION('',(0.,1.,-2.2E-16));
#871 = PLANE('',#872);
#872 = AXIS2_PLACEMENT_3D('',#873,#874,#875);
#873 = CARTESIAN_POINT('',(5.503315670766,75.,6.8));
#874 = DIRECTION('',(0.,2.3E-16,1.));
#875 = DIRECTION('',(0.,1.,-2.3E-16));
#876 = ADVANCED_FACE('',(#877),#902,.F.);
#877 = FACE_BOUND('',#878,.F.);
#878 = EDGE_LOOP('',(#879,#887,#895,#901));
#879 = ORIENTED_EDGE('',*,*,#880,.F.);
#880 = EDGE_CURVE('',#881,#293,#883,.T.);
#881 = VERTEX_POINT('',#882);
#882 = CARTESIAN_POINT('',(3.13154164747,57.05,1.879541033246));
#883 = LINE('',#884,#885);
#884 = CARTESIAN_POINT('',(3.13154164747,4.2E-16,1.879541033246));
#885 = VECTOR('',#886,1.);
#886 = DIRECTION('',(0.,1.,-2.2E-16));
#887 = ORIENTED_EDGE('',*,*,#888,.F.);
#888 = EDGE_CURVE('',#889,#881,#891,.T.);
#889 = VERTEX_POINT('',#890);
#890 = CARTESIAN_POINT('',(1.252,57.05,-1.8E-14));
#891 = LINE('',#892,#893);
#892 = CARTESIAN_POINT('',(1.252,57.05,-1.262E-14));
#893 = VECTOR('',#894,1.);
#894 = DIRECTION('',(0.707106896726,0.,0.707106665647));
#895 = ORIENTED_EDGE('',*,*,#896,.T.);
#896 = EDGE_CURVE('',#889,#285,#897,.T.);
#897 = LINE('',#898,#899);
#898 = CARTESIAN_POINT('',(1.252,0.,0.));
#899 = VECTOR('',#900,1.);
#900 = DIRECTION('',(0.,1.,-2.2E-16));
#901 = ORIENTED_EDGE('',*,*,#292,.T.);
#902 = PLANE('',#903);
#903 = AXIS2_PLACEMENT_3D('',#904,#905,#906);
#904 = CARTESIAN_POINT('',(1.252,0.,0.));
#905 = DIRECTION('',(0.707106665647,-1.6E-16,-0.707106896726));
#906 = DIRECTION('',(0.707106896726,1.6E-16,0.707106665647));
#907 = ADVANCED_FACE('',(#908),#1325,.T.);
#908 = FACE_BOUND('',#909,.T.);
#909 = EDGE_LOOP('',(#910,#920,#928,#936,#944,#952,#960,#968,#976,#984,
    #992,#1000,#1008,#1014,#1015,#1016,#1017,#1025,#1033,#1041,#1049,
    #1057,#1065,#1073,#1081,#1089,#1097,#1105,#1113,#1121,#1129,#1137,
    #1145,#1153,#1161,#1169,#1178,#1186,#1195,#1203,#1212,#1220,#1228,
    #1236,#1245,#1253,#1262,#1270,#1278,#1286,#1294,#1302,#1311,#1319));
#910 = ORIENTED_EDGE('',*,*,#911,.F.);
#911 = EDGE_CURVE('',#912,#914,#916,.T.);
#912 = VERTEX_POINT('',#913);
#913 = CARTESIAN_POINT('',(1.252,11.65,-3.E-15));
#914 = VERTEX_POINT('',#915);
#915 = CARTESIAN_POINT('',(-1.152163448868,9.95,-1.5E-14));
#916 = LINE('',#917,#918);
#917 = CARTESIAN_POINT('',(31.074753181796,32.737867562796,-8.9E-16));
#918 = VECTOR('',#919,1.);
#919 = DIRECTION('',(-0.816496625399,-0.577350206298,-3.4E-16));
#920 = ORIENTED_EDGE('',*,*,#921,.T.);
#921 = EDGE_CURVE('',#912,#922,#924,.T.);
#922 = VERTEX_POINT('',#923);
#923 = CARTESIAN_POINT('',(1.252,21.35,-5.E-15));
#924 = LINE('',#925,#926);
#925 = CARTESIAN_POINT('',(1.252,0.,0.));
#926 = VECTOR('',#927,1.);
#927 = DIRECTION('',(0.,1.,-2.2E-16));
#928 = ORIENTED_EDGE('',*,*,#929,.T.);
#929 = EDGE_CURVE('',#922,#930,#932,.T.);
#930 = VERTEX_POINT('',#931);
#931 = CARTESIAN_POINT('',(-1.152163448868,23.05,-1.5E-14));
#932 = LINE('',#933,#934);
#933 = CARTESIAN_POINT('',(3.497590217534,19.76212818887,-1.247E-14));
#934 = VECTOR('',#935,1.);
#935 = DIRECTION('',(-0.816496625399,0.577350206298,-3.4E-16));
#936 = ORIENTED_EDGE('',*,*,#937,.T.);
#937 = EDGE_CURVE('',#930,#938,#940,.T.);
#938 = VERTEX_POINT('',#939);
#939 = CARTESIAN_POINT('',(-4.746073580374,23.05,-1.8E-14));
#940 = LINE('',#941,#942);
#941 = CARTESIAN_POINT('',(0.262050344584,23.05,-1.376E-14));
#942 = VECTOR('',#943,1.);
#943 = DIRECTION('',(-1.,-0.,-9.4E-16));
#944 = ORIENTED_EDGE('',*,*,#945,.F.);
#945 = EDGE_CURVE('',#946,#938,#948,.T.);
#946 = VERTEX_POINT('',#947);
#947 = CARTESIAN_POINT('',(-4.746073580374,31.95,-1.5E-14));
#948 = LINE('',#949,#950);
#949 = CARTESIAN_POINT('',(-4.746073580374,32.95,-7.32E-15));
#950 = VECTOR('',#951,1.);
#951 = DIRECTION('',(0.,-1.,2.2E-16));
#952 = ORIENTED_EDGE('',*,*,#953,.T.);
#953 = EDGE_CURVE('',#946,#954,#956,.T.);
#954 = VERTEX_POINT('',#955);
#955 = CARTESIAN_POINT('',(-1.152163448868,31.95,-1.5E-14));
#956 = LINE('',#957,#958);
#957 = CARTESIAN_POINT('',(-3.331860018001,31.95,-1.527E-14));
#958 = VECTOR('',#959,1.);
#959 = DIRECTION('',(1.,0.,0.));
#960 = ORIENTED_EDGE('',*,*,#961,.F.);
#961 = EDGE_CURVE('',#962,#954,#964,.T.);
#962 = VERTEX_POINT('',#963);
#963 = CARTESIAN_POINT('',(1.252,33.65,-7.E-15));
#964 = LINE('',#965,#966);
#965 = CARTESIAN_POINT('',(25.889303735525,51.071201694962,-3.11E-15));
#966 = VECTOR('',#967,1.);
#967 = DIRECTION('',(-0.816496625399,-0.577350206298,-3.4E-16));
#968 = ORIENTED_EDGE('',*,*,#969,.T.);
#969 = EDGE_CURVE('',#962,#970,#972,.T.);
#970 = VERTEX_POINT('',#971);
#971 = CARTESIAN_POINT('',(1.252,43.35,-1.1E-14));
#972 = LINE('',#973,#974);
#973 = CARTESIAN_POINT('',(1.252,0.,0.));
#974 = VECTOR('',#975,1.);
#975 = DIRECTION('',(0.,1.,-2.2E-16));
#976 = ORIENTED_EDGE('',*,*,#977,.T.);
#977 = EDGE_CURVE('',#970,#978,#980,.T.);
#978 = VERTEX_POINT('',#979);
#979 = CARTESIAN_POINT('',(-1.152163448868,45.05,-1.4E-14));
#980 = LINE('',#981,#982);
#981 = CARTESIAN_POINT('',(8.683039663806,38.095462321035,-1.032E-14));
#982 = VECTOR('',#983,1.);
#983 = DIRECTION('',(-0.816496625399,0.577350206298,-3.4E-16));
#984 = ORIENTED_EDGE('',*,*,#985,.T.);
#985 = EDGE_CURVE('',#978,#986,#988,.T.);
#986 = VERTEX_POINT('',#987);
#987 = CARTESIAN_POINT('',(-4.746073580374,45.05,-1.4E-14));
#988 = LINE('',#989,#990);
#989 = CARTESIAN_POINT('',(0.262050344584,45.05,-1.415E-14));
#990 = VECTOR('',#991,1.);
#991 = DIRECTION('',(-1.,0.,0.));
#992 = ORIENTED_EDGE('',*,*,#993,.F.);
#993 = EDGE_CURVE('',#994,#986,#996,.T.);
#994 = VERTEX_POINT('',#995);
#995 = CARTESIAN_POINT('',(-4.746073580374,55.35,-2.E-14));
#996 = LINE('',#997,#998);
#997 = CARTESIAN_POINT('',(-4.746073580374,56.35,-1.251E-14));
#998 = VECTOR('',#999,1.);
#999 = DIRECTION('',(0.,-1.,2.2E-16));
#1000 = ORIENTED_EDGE('',*,*,#1001,.T.);
#1001 = EDGE_CURVE('',#994,#1002,#1004,.T.);
#1002 = VERTEX_POINT('',#1003);
#1003 = CARTESIAN_POINT('',(-1.152163448868,55.35,-1.6E-14));
#1004 = LINE('',#1005,#1006);
#1005 = CARTESIAN_POINT('',(-3.331860018001,55.35,-1.566E-14));
#1006 = VECTOR('',#1007,1.);
#1007 = DIRECTION('',(1.,0.,0.));
#1008 = ORIENTED_EDGE('',*,*,#1009,.F.);
#1009 = EDGE_CURVE('',#889,#1002,#1010,.T.);
#1010 = LINE('',#1011,#1012);
#1011 = CARTESIAN_POINT('',(20.373871142672,70.571202544629,-5.42E-15));
#1012 = VECTOR('',#1013,1.);
#1013 = DIRECTION('',(-0.816496625399,-0.577350206298,-3.4E-16));
#1014 = ORIENTED_EDGE('',*,*,#896,.T.);
#1015 = ORIENTED_EDGE('',*,*,#284,.T.);
#1016 = ORIENTED_EDGE('',*,*,#315,.T.);
#1017 = ORIENTED_EDGE('',*,*,#1018,.F.);
#1018 = EDGE_CURVE('',#1019,#316,#1021,.T.);
#1019 = VERTEX_POINT('',#1020);
#1020 = CARTESIAN_POINT('',(-4.746073580374,80.15,-1.5E-14));
#1021 = LINE('',#1022,#1023);
#1022 = CARTESIAN_POINT('',(-4.746073580374,81.15,-1.802E-14));
#1023 = VECTOR('',#1024,1.);
#1024 = DIRECTION('',(0.,-1.,2.2E-16));
#1025 = ORIENTED_EDGE('',*,*,#1026,.T.);
#1026 = EDGE_CURVE('',#1019,#1027,#1029,.T.);
#1027 = VERTEX_POINT('',#1028);
#1028 = CARTESIAN_POINT('',(-1.152163448868,80.15,-1.6E-14));
#1029 = LINE('',#1030,#1031);
#1030 = CARTESIAN_POINT('',(-3.331860018001,80.15,-1.566E-14));
#1031 = VECTOR('',#1032,1.);
#1032 = DIRECTION('',(1.,0.,0.));
#1033 = ORIENTED_EDGE('',*,*,#1034,.F.);
#1034 = EDGE_CURVE('',#1035,#1027,#1037,.T.);
#1035 = VERTEX_POINT('',#1036);
#1036 = CARTESIAN_POINT('',(1.252,81.85,-1.9E-14));
#1037 = LINE('',#1038,#1039);
#1038 = CARTESIAN_POINT('',(14.528455403239,91.237870111797,-7.85E-15));
#1039 = VECTOR('',#1040,1.);
#1040 = DIRECTION('',(-0.816496625399,-0.577350206298,-3.4E-16));
#1041 = ORIENTED_EDGE('',*,*,#1042,.T.);
#1042 = EDGE_CURVE('',#1035,#1043,#1045,.T.);
#1043 = VERTEX_POINT('',#1044);
#1044 = CARTESIAN_POINT('',(1.252,92.95,-2.6E-14));
#1045 = LINE('',#1046,#1047);
#1046 = CARTESIAN_POINT('',(1.252,0.,0.));
#1047 = VECTOR('',#1048,1.);
#1048 = DIRECTION('',(0.,1.,-2.2E-16));
#1049 = ORIENTED_EDGE('',*,*,#1050,.F.);
#1050 = EDGE_CURVE('',#1051,#1043,#1053,.T.);
#1051 = VERTEX_POINT('',#1052);
#1052 = CARTESIAN_POINT('',(-1.152163448868,94.65,-1.6E-14));
#1053 = LINE('',#1054,#1055);
#1054 = CARTESIAN_POINT('',(20.373871142672,79.428797455372,-5.38E-15));
#1055 = VECTOR('',#1056,1.);
#1056 = DIRECTION('',(0.816496625399,-0.577350206298,3.4E-16));
#1057 = ORIENTED_EDGE('',*,*,#1058,.F.);
#1058 = EDGE_CURVE('',#1059,#1051,#1061,.T.);
#1059 = VERTEX_POINT('',#1060);
#1060 = CARTESIAN_POINT('',(-4.746073580374,94.65,-2.E-14));
#1061 = LINE('',#1062,#1063);
#1062 = CARTESIAN_POINT('',(-3.331860018001,94.65,-1.566E-14));
#1063 = VECTOR('',#1064,1.);
#1064 = DIRECTION('',(1.,0.,0.));
#1065 = ORIENTED_EDGE('',*,*,#1066,.T.);
#1066 = EDGE_CURVE('',#1059,#1067,#1069,.T.);
#1067 = VERTEX_POINT('',#1068);
#1068 = CARTESIAN_POINT('',(-4.746073580374,104.95,-1.9E-14));
#1069 = LINE('',#1070,#1071);
#1070 = CARTESIAN_POINT('',(-4.746073580374,93.65,-2.079E-14));
#1071 = VECTOR('',#1072,1.);
#1072 = DIRECTION('',(0.,1.,-2.2E-16));
#1073 = ORIENTED_EDGE('',*,*,#1074,.F.);
#1074 = EDGE_CURVE('',#1075,#1067,#1077,.T.);
#1075 = VERTEX_POINT('',#1076);
#1076 = CARTESIAN_POINT('',(-1.152163448868,104.95,-1.4E-14));
#1077 = LINE('',#1078,#1079);
#1078 = CARTESIAN_POINT('',(0.262050344584,104.95,-1.415E-14));
#1079 = VECTOR('',#1080,1.);
#1080 = DIRECTION('',(-1.,0.,0.));
#1081 = ORIENTED_EDGE('',*,*,#1082,.F.);
#1082 = EDGE_CURVE('',#1083,#1075,#1085,.T.);
#1083 = VERTEX_POINT('',#1084);
#1084 = CARTESIAN_POINT('',(1.252,106.65,-2.2E-14));
#1085 = LINE('',#1086,#1087);
#1086 = CARTESIAN_POINT('',(8.683039663806,111.90453767896,-1.031E-14));
#1087 = VECTOR('',#1088,1.);
#1088 = DIRECTION('',(-0.816496625399,-0.577350206298,-3.4E-16));
#1089 = ORIENTED_EDGE('',*,*,#1090,.T.);
#1090 = EDGE_CURVE('',#1083,#1091,#1093,.T.);
#1091 = VERTEX_POINT('',#1092);
#1092 = CARTESIAN_POINT('',(1.252,116.35,-2.4E-14));
#1093 = LINE('',#1094,#1095);
#1094 = CARTESIAN_POINT('',(1.252,0.,0.));
#1095 = VECTOR('',#1096,1.);
#1096 = DIRECTION('',(0.,1.,-2.2E-16));
#1097 = ORIENTED_EDGE('',*,*,#1098,.F.);
#1098 = EDGE_CURVE('',#1099,#1091,#1101,.T.);
#1099 = VERTEX_POINT('',#1100);
#1100 = CARTESIAN_POINT('',(-1.152163448868,118.05,-1.5E-14));
#1101 = LINE('',#1102,#1103);
#1102 = CARTESIAN_POINT('',(25.889303735525,98.928798305038,-3.08E-15));
#1103 = VECTOR('',#1104,1.);
#1104 = DIRECTION('',(0.816496625399,-0.577350206298,3.4E-16));
#1105 = ORIENTED_EDGE('',*,*,#1106,.F.);
#1106 = EDGE_CURVE('',#1107,#1099,#1109,.T.);
#1107 = VERTEX_POINT('',#1108);
#1108 = CARTESIAN_POINT('',(-4.746073580374,118.05,-2.E-14));
#1109 = LINE('',#1110,#1111);
#1110 = CARTESIAN_POINT('',(-3.331860018001,118.05,-1.527E-14));
#1111 = VECTOR('',#1112,1.);
#1112 = DIRECTION('',(1.,0.,0.));
#1113 = ORIENTED_EDGE('',*,*,#1114,.T.);
#1114 = EDGE_CURVE('',#1107,#1115,#1117,.T.);
#1115 = VERTEX_POINT('',#1116);
#1116 = CARTESIAN_POINT('',(-4.746073580374,126.95,-2.1E-14));
#1117 = LINE('',#1118,#1119);
#1118 = CARTESIAN_POINT('',(-4.746073580374,117.05,-2.599E-14));
#1119 = VECTOR('',#1120,1.);
#1120 = DIRECTION('',(0.,1.,-2.2E-16));
#1121 = ORIENTED_EDGE('',*,*,#1122,.F.);
#1122 = EDGE_CURVE('',#1123,#1115,#1125,.T.);
#1123 = VERTEX_POINT('',#1124);
#1124 = CARTESIAN_POINT('',(-1.152163448868,126.95,-1.5E-14));
#1125 = LINE('',#1126,#1127);
#1126 = CARTESIAN_POINT('',(0.262050344584,126.95,-1.376E-14));
#1127 = VECTOR('',#1128,1.);
#1128 = DIRECTION('',(-1.,-0.,-9.4E-16));
#1129 = ORIENTED_EDGE('',*,*,#1130,.F.);
#1130 = EDGE_CURVE('',#1131,#1123,#1133,.T.);
#1131 = VERTEX_POINT('',#1132);
#1132 = CARTESIAN_POINT('',(1.252,128.65,-2.2E-14));
#1133 = LINE('',#1134,#1135);
#1134 = CARTESIAN_POINT('',(3.497590217535,130.23787181113,-1.246E-14));
#1135 = VECTOR('',#1136,1.);
#1136 = DIRECTION('',(-0.816496625399,-0.577350206298,-3.4E-16));
#1137 = ORIENTED_EDGE('',*,*,#1138,.T.);
#1138 = EDGE_CURVE('',#1131,#1139,#1141,.T.);
#1139 = VERTEX_POINT('',#1140);
#1140 = CARTESIAN_POINT('',(1.252,138.35,-2.4E-14));
#1141 = LINE('',#1142,#1143);
#1142 = CARTESIAN_POINT('',(1.252,0.,0.));
#1143 = VECTOR('',#1144,1.);
#1144 = DIRECTION('',(0.,1.,-2.2E-16));
#1145 = ORIENTED_EDGE('',*,*,#1146,.F.);
#1146 = EDGE_CURVE('',#1147,#1139,#1149,.T.);
#1147 = VERTEX_POINT('',#1148);
#1148 = CARTESIAN_POINT('',(-1.152163448869,140.05,-1.5E-14));
#1149 = LINE('',#1150,#1151);
#1150 = CARTESIAN_POINT('',(31.074753181796,117.2621324372,-9.E-16));
#1151 = VECTOR('',#1152,1.);
#1152 = DIRECTION('',(0.816496625399,-0.577350206298,3.4E-16));
#1153 = ORIENTED_EDGE('',*,*,#1154,.F.);
#1154 = EDGE_CURVE('',#1155,#1147,#1157,.T.);
#1155 = VERTEX_POINT('',#1156);
#1156 = CARTESIAN_POINT('',(-4.746073580374,140.05,-2.E-14));
#1157 = LINE('',#1158,#1159);
#1158 = CARTESIAN_POINT('',(-3.331860018001,140.05,-1.527E-14));
#1159 = VECTOR('',#1160,1.);
#1160 = DIRECTION('',(1.,0.,0.));
#1161 = ORIENTED_EDGE('',*,*,#1162,.F.);
#1162 = EDGE_CURVE('',#1163,#1155,#1165,.T.);
#1163 = VERTEX_POINT('',#1164);
#1164 = CARTESIAN_POINT('',(-4.746073580374,148.0095694452,-1.6E-14));
#1165 = LINE('',#1166,#1167);
#1166 = CARTESIAN_POINT('',(-4.746073580374,150.,-3.331E-14));
#1167 = VECTOR('',#1168,1.);
#1168 = DIRECTION('',(0.,-1.,2.2E-16));
#1169 = ORIENTED_EDGE('',*,*,#1170,.F.);
#1170 = EDGE_CURVE('',#1171,#1163,#1173,.T.);
#1171 = VERTEX_POINT('',#1172);
#1172 = CARTESIAN_POINT('',(-2.578663761155,148.4,-6.E-15));
#1173 = ELLIPSE('',#1174,10.904830610738,7.4);
#1174 = AXIS2_PLACEMENT_3D('',#1175,#1176,#1177);
#1175 = CARTESIAN_POINT('',(-4.746073580374,137.93481963843,-1.599E-14)
  );
#1176 = DIRECTION('',(-4.2E-16,0.,1.));
#1177 = DIRECTION('',(0.382683432365,0.923879532511,1.607270415933E-16)
  );
#1178 = ORIENTED_EDGE('',*,*,#1179,.T.);
#1179 = EDGE_CURVE('',#1171,#1180,#1182,.T.);
#1180 = VERTEX_POINT('',#1181);
#1181 = CARTESIAN_POINT('',(100.527,148.4,4.5E-14));
#1182 = LINE('',#1183,#1184);
#1183 = CARTESIAN_POINT('',(-4.746073580374,148.4,-1.587E-14));
#1184 = VECTOR('',#1185,1.);
#1185 = DIRECTION('',(1.,0.,9.4E-16));
#1186 = ORIENTED_EDGE('',*,*,#1187,.T.);
#1187 = EDGE_CURVE('',#1180,#1188,#1190,.T.);
#1188 = VERTEX_POINT('',#1189);
#1189 = CARTESIAN_POINT('',(109.927,139.,2.9E-14));
#1190 = CIRCLE('',#1191,9.4);
#1191 = AXIS2_PLACEMENT_3D('',#1192,#1193,#1194);
#1192 = CARTESIAN_POINT('',(100.527,139.,2.827E-14));
#1193 = DIRECTION('',(4.2E-16,0.,-1.));
#1194 = DIRECTION('',(0.,1.,0.));
#1195 = ORIENTED_EDGE('',*,*,#1196,.T.);
#1196 = EDGE_CURVE('',#1188,#1197,#1199,.T.);
#1197 = VERTEX_POINT('',#1198);
#1198 = CARTESIAN_POINT('',(109.927,11.,3.2E-14));
#1199 = LINE('',#1200,#1201);
#1200 = CARTESIAN_POINT('',(109.927,139.,3.222E-14));
#1201 = VECTOR('',#1202,1.);
#1202 = DIRECTION('',(-0.,-1.,-0.));
#1203 = ORIENTED_EDGE('',*,*,#1204,.T.);
#1204 = EDGE_CURVE('',#1197,#1205,#1207,.T.);
#1205 = VERTEX_POINT('',#1206);
#1206 = CARTESIAN_POINT('',(100.527,1.6,2.5E-14));
#1207 = CIRCLE('',#1208,9.4);
#1208 = AXIS2_PLACEMENT_3D('',#1209,#1210,#1211);
#1209 = CARTESIAN_POINT('',(100.527,11.,2.827E-14));
#1210 = DIRECTION('',(4.2E-16,0.,-1.));
#1211 = DIRECTION('',(1.,1.6E-16,4.2E-16));
#1212 = ORIENTED_EDGE('',*,*,#1213,.T.);
#1213 = EDGE_CURVE('',#1205,#1214,#1216,.T.);
#1214 = VERTEX_POINT('',#1215);
#1215 = CARTESIAN_POINT('',(62.527,1.6,-1.1E-14));
#1216 = LINE('',#1217,#1218);
#1217 = CARTESIAN_POINT('',(100.527,1.6,2.834E-14));
#1218 = VECTOR('',#1219,1.);
#1219 = DIRECTION('',(-1.,-0.,-9.4E-16));
#1220 = ORIENTED_EDGE('',*,*,#1221,.F.);
#1221 = EDGE_CURVE('',#1222,#1214,#1224,.T.);
#1222 = VERTEX_POINT('',#1223);
#1223 = CARTESIAN_POINT('',(62.527,5.9,-1.4E-14));
#1224 = LINE('',#1225,#1226);
#1225 = CARTESIAN_POINT('',(62.527,1.9,-1.395E-14));
#1226 = VECTOR('',#1227,1.);
#1227 = DIRECTION('',(0.,-1.,0.));
#1228 = ORIENTED_EDGE('',*,*,#1229,.F.);
#1229 = EDGE_CURVE('',#1230,#1222,#1232,.T.);
#1230 = VERTEX_POINT('',#1231);
#1231 = CARTESIAN_POINT('',(100.527,5.9,-1.4E-14));
#1232 = LINE('',#1233,#1234);
#1233 = CARTESIAN_POINT('',(100.527,5.9,-1.4E-14));
#1234 = VECTOR('',#1235,1.);
#1235 = DIRECTION('',(-1.,0.,0.));
#1236 = ORIENTED_EDGE('',*,*,#1237,.F.);
#1237 = EDGE_CURVE('',#1238,#1230,#1240,.T.);
#1238 = VERTEX_POINT('',#1239);
#1239 = CARTESIAN_POINT('',(105.627,11.,-1.4E-14));
#1240 = CIRCLE('',#1241,5.1);
#1241 = AXIS2_PLACEMENT_3D('',#1242,#1243,#1244);
#1242 = CARTESIAN_POINT('',(100.527,11.,-1.4E-14));
#1243 = DIRECTION('',(0.,0.,-1.));
#1244 = DIRECTION('',(1.,0.,0.));
#1245 = ORIENTED_EDGE('',*,*,#1246,.F.);
#1246 = EDGE_CURVE('',#1247,#1238,#1249,.T.);
#1247 = VERTEX_POINT('',#1248);
#1248 = CARTESIAN_POINT('',(105.627,139.,-1.4E-14));
#1249 = LINE('',#1250,#1251);
#1250 = CARTESIAN_POINT('',(105.627,139.,-1.4E-14));
#1251 = VECTOR('',#1252,1.);
#1252 = DIRECTION('',(0.,-1.,0.));
#1253 = ORIENTED_EDGE('',*,*,#1254,.F.);
#1254 = EDGE_CURVE('',#1255,#1247,#1257,.T.);
#1255 = VERTEX_POINT('',#1256);
#1256 = CARTESIAN_POINT('',(100.527,144.1,-1.4E-14));
#1257 = CIRCLE('',#1258,5.1);
#1258 = AXIS2_PLACEMENT_3D('',#1259,#1260,#1261);
#1259 = CARTESIAN_POINT('',(100.527,139.,-1.4E-14));
#1260 = DIRECTION('',(0.,0.,-1.));
#1261 = DIRECTION('',(1.,0.,0.));
#1262 = ORIENTED_EDGE('',*,*,#1263,.F.);
#1263 = EDGE_CURVE('',#1264,#1255,#1266,.T.);
#1264 = VERTEX_POINT('',#1265);
#1265 = CARTESIAN_POINT('',(8.127,144.1,-1.4E-14));
#1266 = LINE('',#1267,#1268);
#1267 = CARTESIAN_POINT('',(8.127,144.1,-1.4E-14));
#1268 = VECTOR('',#1269,1.);
#1269 = DIRECTION('',(1.,0.,0.));
#1270 = ORIENTED_EDGE('',*,*,#1271,.F.);
#1271 = EDGE_CURVE('',#1272,#1264,#1274,.T.);
#1272 = VERTEX_POINT('',#1273);
#1273 = CARTESIAN_POINT('',(8.127,5.9,-1.4E-14));
#1274 = LINE('',#1275,#1276);
#1275 = CARTESIAN_POINT('',(8.127,5.9,-1.4E-14));
#1276 = VECTOR('',#1277,1.);
#1277 = DIRECTION('',(0.,1.,0.));
#1278 = ORIENTED_EDGE('',*,*,#1279,.F.);
#1279 = EDGE_CURVE('',#1280,#1272,#1282,.T.);
#1280 = VERTEX_POINT('',#1281);
#1281 = CARTESIAN_POINT('',(51.327,5.9,-1.4E-14));
#1282 = LINE('',#1283,#1284);
#1283 = CARTESIAN_POINT('',(100.527,5.9,-1.4E-14));
#1284 = VECTOR('',#1285,1.);
#1285 = DIRECTION('',(-1.,0.,0.));
#1286 = ORIENTED_EDGE('',*,*,#1287,.F.);
#1287 = EDGE_CURVE('',#1288,#1280,#1290,.T.);
#1288 = VERTEX_POINT('',#1289);
#1289 = CARTESIAN_POINT('',(51.327,1.6,-1.6E-14));
#1290 = LINE('',#1291,#1292);
#1291 = CARTESIAN_POINT('',(51.327,1.9,-1.395E-14));
#1292 = VECTOR('',#1293,1.);
#1293 = DIRECTION('',(0.,1.,0.));
#1294 = ORIENTED_EDGE('',*,*,#1295,.T.);
#1295 = EDGE_CURVE('',#1288,#1296,#1298,.T.);
#1296 = VERTEX_POINT('',#1297);
#1297 = CARTESIAN_POINT('',(-2.578663761155,1.6,-4.3E-14));
#1298 = LINE('',#1299,#1300);
#1299 = CARTESIAN_POINT('',(100.527,1.6,2.834E-14));
#1300 = VECTOR('',#1301,1.);
#1301 = DIRECTION('',(-1.,-0.,-9.4E-16));
#1302 = ORIENTED_EDGE('',*,*,#1303,.T.);
#1303 = EDGE_CURVE('',#1296,#1304,#1306,.T.);
#1304 = VERTEX_POINT('',#1305);
#1305 = CARTESIAN_POINT('',(-4.746073580374,1.990430554797,-1.7E-14));
#1306 = ELLIPSE('',#1307,10.904830610738,7.4);
#1307 = AXIS2_PLACEMENT_3D('',#1308,#1309,#1310);
#1308 = CARTESIAN_POINT('',(-4.746073580374,12.065180361561,-1.688E-14)
  );
#1309 = DIRECTION('',(4.2E-16,0.,-1.));
#1310 = DIRECTION('',(-0.382683432365,0.923879532511,-1.607270415933E-16
    ));
#1311 = ORIENTED_EDGE('',*,*,#1312,.T.);
#1312 = EDGE_CURVE('',#1304,#1313,#1315,.T.);
#1313 = VERTEX_POINT('',#1314);
#1314 = CARTESIAN_POINT('',(-4.746073580374,9.95,-1.6E-14));
#1315 = LINE('',#1316,#1317);
#1316 = CARTESIAN_POINT('',(-4.746073580374,0.,0.));
#1317 = VECTOR('',#1318,1.);
#1318 = DIRECTION('',(0.,1.,-2.2E-16));
#1319 = ORIENTED_EDGE('',*,*,#1320,.T.);
#1320 = EDGE_CURVE('',#1313,#914,#1321,.T.);
#1321 = LINE('',#1322,#1323);
#1322 = CARTESIAN_POINT('',(-3.331860018001,9.95,-1.527E-14));
#1323 = VECTOR('',#1324,1.);
#1324 = DIRECTION('',(1.,0.,0.));
#1325 = PLANE('',#1326);
#1326 = AXIS2_PLACEMENT_3D('',#1327,#1328,#1329);
#1327 = CARTESIAN_POINT('',(46.420017196675,75.,5.55E-15));
#1328 = DIRECTION('',(4.2E-16,0.,-1.));
#1329 = DIRECTION('',(-1.,0.,-4.2E-16));
#1330 = ADVANCED_FACE('',(#1331),#1353,.F.);
#1331 = FACE_BOUND('',#1332,.F.);
#1332 = EDGE_LOOP('',(#1333,#1334,#1335,#1336,#1337,#1346));
#1333 = ORIENTED_EDGE('',*,*,#880,.T.);
#1334 = ORIENTED_EDGE('',*,*,#339,.T.);
#1335 = ORIENTED_EDGE('',*,*,#388,.T.);
#1336 = ORIENTED_EDGE('',*,*,#696,.F.);
#1337 = ORIENTED_EDGE('',*,*,#1338,.F.);
#1338 = EDGE_CURVE('',#1339,#697,#1341,.T.);
#1339 = VERTEX_POINT('',#1340);
#1340 = CARTESIAN_POINT('',(4.923572853476,57.05,4.9));
#1341 = CIRCLE('',#1342,7.1);
#1342 = AXIS2_PLACEMENT_3D('',#1343,#1344,#1345);
#1343 = CARTESIAN_POINT('',(-1.888915678624,57.05,6.9));
#1344 = DIRECTION('',(0.,-1.,0.));
#1345 = DIRECTION('',(0.959505427056,0.,-0.281690140845));
#1346 = ORIENTED_EDGE('',*,*,#1347,.F.);
#1347 = EDGE_CURVE('',#881,#1339,#1348,.T.);
#1348 = CIRCLE('',#1349,7.1);
#1349 = AXIS2_PLACEMENT_3D('',#1350,#1351,#1352);
#1350 = CARTESIAN_POINT('',(-1.888915678624,57.05,6.9));
#1351 = DIRECTION('',(0.,-1.,0.));
#1352 = DIRECTION('',(0.707106665647,0.,-0.707106896726));
#1353 = CYLINDRICAL_SURFACE('',#1354,7.1);
#1354 = AXIS2_PLACEMENT_3D('',#1355,#1356,#1357);
#1355 = CARTESIAN_POINT('',(-1.888915678624,1.53E-15,6.9));
#1356 = DIRECTION('',(0.,-1.,2.2E-16));
#1357 = DIRECTION('',(1.,0.,0.));
#1358 = ADVANCED_FACE('',(#1359),#1377,.T.);
#1359 = FACE_BOUND('',#1360,.T.);
#1360 = EDGE_LOOP('',(#1361,#1362,#1363,#1371));
#1361 = ORIENTED_EDGE('',*,*,#1018,.T.);
#1362 = ORIENTED_EDGE('',*,*,#365,.F.);
#1363 = ORIENTED_EDGE('',*,*,#1364,.F.);
#1364 = EDGE_CURVE('',#1365,#366,#1367,.T.);
#1365 = VERTEX_POINT('',#1366);
#1366 = CARTESIAN_POINT('',(-6.767036790187,80.15,2.020963209813));
#1367 = LINE('',#1368,#1369);
#1368 = CARTESIAN_POINT('',(-6.767036790187,81.15,2.020963209813));
#1369 = VECTOR('',#1370,1.);
#1370 = DIRECTION('',(0.,-1.,2.2E-16));
#1371 = ORIENTED_EDGE('',*,*,#1372,.T.);
#1372 = EDGE_CURVE('',#1365,#1019,#1373,.T.);
#1373 = LINE('',#1374,#1375);
#1374 = CARTESIAN_POINT('',(-6.767036790187,80.15,2.020963209813));
#1375 = VECTOR('',#1376,1.);
#1376 = DIRECTION('',(0.707106781187,0.,-0.707106781187));
#1377 = PLANE('',#1378);
#1378 = AXIS2_PLACEMENT_3D('',#1379,#1380,#1381);
#1379 = CARTESIAN_POINT('',(-4.746073580374,81.15,-1.802E-14));
#1380 = DIRECTION('',(-0.707106781187,-1.6E-16,-0.707106781187));
#1381 = DIRECTION('',(-0.707106781187,1.6E-16,0.707106781187));
#1382 = ADVANCED_FACE('',(#1383),#1395,.T.);
#1383 = FACE_BOUND('',#1384,.F.);
#1384 = EDGE_LOOP('',(#1385,#1386,#1387,#1388));
#1385 = ORIENTED_EDGE('',*,*,#687,.T.);
#1386 = ORIENTED_EDGE('',*,*,#424,.T.);
#1387 = ORIENTED_EDGE('',*,*,#1364,.F.);
#1388 = ORIENTED_EDGE('',*,*,#1389,.F.);
#1389 = EDGE_CURVE('',#679,#1365,#1390,.T.);
#1390 = CIRCLE('',#1391,6.9);
#1391 = AXIS2_PLACEMENT_3D('',#1392,#1393,#1394);
#1392 = CARTESIAN_POINT('',(-1.888,80.15,6.9));
#1393 = DIRECTION('',(0.,-1.,0.));
#1394 = DIRECTION('',(0.999894974531,0.,-1.449275362319E-02));
#1395 = CYLINDRICAL_SURFACE('',#1396,6.9);
#1396 = AXIS2_PLACEMENT_3D('',#1397,#1398,#1399);
#1397 = CARTESIAN_POINT('',(-1.888,81.15,6.9));
#1398 = DIRECTION('',(0.,1.,-2.2E-16));
#1399 = DIRECTION('',(1.,0.,0.));
#1400 = ADVANCED_FACE('',(#1401),#1447,.T.);
#1401 = FACE_BOUND('',#1402,.F.);
#1402 = EDGE_LOOP('',(#1403,#1404,#1413,#1423,#1432,#1440));
#1403 = ORIENTED_EDGE('',*,*,#439,.F.);
#1404 = ORIENTED_EDGE('',*,*,#1405,.T.);
#1405 = EDGE_CURVE('',#440,#1406,#1408,.T.);
#1406 = VERTEX_POINT('',#1407);
#1407 = CARTESIAN_POINT('',(3.296592558726,0.,5.8));
#1408 = PARABOLA('',#1409,2.262741699797);
#1409 = AXIS2_PLACEMENT_3D('',#1410,#1411,#1412);
#1410 = CARTESIAN_POINT('',(-1.888,-2.1,3.7));
#1411 = DIRECTION('',(0.,-0.707106781187,0.707106781187));
#1412 = DIRECTION('',(0.,0.707106781187,0.707106781187));
#1413 = ORIENTED_EDGE('',*,*,#1414,.F.);
#1414 = EDGE_CURVE('',#1415,#1406,#1417,.T.);
#1415 = VERTEX_POINT('',#1416);
#1416 = CARTESIAN_POINT('',(3.411056519797,0.,6.8));
#1417 = B_SPLINE_CURVE_WITH_KNOTS('',4,(#1418,#1419,#1420,#1421,#1422),
  .UNSPECIFIED.,.F.,.F.,(5,5),(0.,1.),.PIECEWISE_BEZIER_KNOTS.);
#1418 = CARTESIAN_POINT('',(3.411056519797,2.2E-16,6.8));
#1419 = CARTESIAN_POINT('',(3.406301577372,2.2E-16,6.548032913418));
#1420 = CARTESIAN_POINT('',(3.385572329672,5.9E-16,6.296368910163));
#1421 = CARTESIAN_POINT('',(3.348896978271,-1.2E-16,6.046524640326));
#1422 = CARTESIAN_POINT('',(3.296592558726,-1.2E-16,5.8));
#1423 = ORIENTED_EDGE('',*,*,#1424,.T.);
#1424 = EDGE_CURVE('',#1415,#1425,#1427,.T.);
#1425 = VERTEX_POINT('',#1426);
#1426 = CARTESIAN_POINT('',(-5.635665940289,0.,3.152334059711));
#1427 = CIRCLE('',#1428,5.3);
#1428 = AXIS2_PLACEMENT_3D('',#1429,#1430,#1431);
#1429 = CARTESIAN_POINT('',(-1.888,2.1E-16,6.9));
#1430 = DIRECTION('',(0.,-1.,0.));
#1431 = DIRECTION('',(0.999894974531,0.,-1.449275362319E-02));
#1432 = ORIENTED_EDGE('',*,*,#1433,.T.);
#1433 = EDGE_CURVE('',#1425,#1434,#1436,.T.);
#1434 = VERTEX_POINT('',#1435);
#1435 = CARTESIAN_POINT('',(-6.767036790187,1.6,2.020963209813));
#1436 = LINE('',#1437,#1438);
#1437 = CARTESIAN_POINT('',(-6.767036790187,1.6,2.020963209813));
#1438 = VECTOR('',#1439,1.);
#1439 = DIRECTION('',(-0.5,0.707106781187,-0.5));
#1440 = ORIENTED_EDGE('',*,*,#1441,.F.);
#1441 = EDGE_CURVE('',#442,#1434,#1442,.T.);
#1442 = CIRCLE('',#1443,6.9);
#1443 = AXIS2_PLACEMENT_3D('',#1444,#1445,#1446);
#1444 = CARTESIAN_POINT('',(-1.888,1.6,6.9));
#1445 = DIRECTION('',(0.,-1.,0.));
#1446 = DIRECTION('',(0.999894974531,0.,-1.449275362319E-02));
#1447 = CONICAL_SURFACE('',#1448,6.9,0.785398163397);
#1448 = AXIS2_PLACEMENT_3D('',#1449,#1450,#1451);
#1449 = CARTESIAN_POINT('',(-1.888,1.6,6.9));
#1450 = DIRECTION('',(0.,1.,0.));
#1451 = DIRECTION('',(0.999894974531,0.,-1.449275362319E-02));
#1452 = ADVANCED_FACE('',(#1453),#1471,.T.);
#1453 = FACE_BOUND('',#1454,.F.);
#1454 = EDGE_LOOP('',(#1455,#1456,#1457,#1465));
#1455 = ORIENTED_EDGE('',*,*,#1405,.F.);
#1456 = ORIENTED_EDGE('',*,*,#450,.T.);
#1457 = ORIENTED_EDGE('',*,*,#1458,.T.);
#1458 = EDGE_CURVE('',#451,#1459,#1461,.T.);
#1459 = VERTEX_POINT('',#1460);
#1460 = CARTESIAN_POINT('',(5.91,0.,5.8));
#1461 = LINE('',#1462,#1463);
#1462 = CARTESIAN_POINT('',(5.91,19.224072890026,25.024072890026));
#1463 = VECTOR('',#1464,1.);
#1464 = DIRECTION('',(-1.8E-16,-0.707106781187,-0.707106781187));
#1465 = ORIENTED_EDGE('',*,*,#1466,.F.);
#1466 = EDGE_CURVE('',#1406,#1459,#1467,.T.);
#1467 = LINE('',#1468,#1469);
#1468 = CARTESIAN_POINT('',(3.411056519797,1.1E-16,5.8));
#1469 = VECTOR('',#1470,1.);
#1470 = DIRECTION('',(1.,0.,0.));
#1471 = PLANE('',#1472);
#1472 = AXIS2_PLACEMENT_3D('',#1473,#1474,#1475);
#1473 = CARTESIAN_POINT('',(3.411056519797,0.5,6.3));
#1474 = DIRECTION('',(0.,-0.707106781187,0.707106781187));
#1475 = DIRECTION('',(-1.,-0.,-0.));
#1476 = ADVANCED_FACE('',(#1477),#1496,.T.);
#1477 = FACE_BOUND('',#1478,.T.);
#1478 = EDGE_LOOP('',(#1479,#1480,#1489,#1495));
#1479 = ORIENTED_EDGE('',*,*,#866,.T.);
#1480 = ORIENTED_EDGE('',*,*,#1481,.T.);
#1481 = EDGE_CURVE('',#858,#1482,#1484,.T.);
#1482 = VERTEX_POINT('',#1483);
#1483 = CARTESIAN_POINT('',(-6.767036790187,9.95,2.020963209813));
#1484 = CIRCLE('',#1485,6.9);
#1485 = AXIS2_PLACEMENT_3D('',#1486,#1487,#1488);
#1486 = CARTESIAN_POINT('',(-1.888,9.95,6.9));
#1487 = DIRECTION('',(0.,-1.,0.));
#1488 = DIRECTION('',(0.999894974531,0.,-1.449275362319E-02));
#1489 = ORIENTED_EDGE('',*,*,#1490,.F.);
#1490 = EDGE_CURVE('',#1434,#1482,#1491,.T.);
#1491 = LINE('',#1492,#1493);
#1492 = CARTESIAN_POINT('',(-6.767036790187,4.5E-16,2.020963209813));
#1493 = VECTOR('',#1494,1.);
#1494 = DIRECTION('',(0.,1.,-2.2E-16));
#1495 = ORIENTED_EDGE('',*,*,#1441,.F.);
#1496 = CYLINDRICAL_SURFACE('',#1497,6.9);
#1497 = AXIS2_PLACEMENT_3D('',#1498,#1499,#1500);
#1498 = CARTESIAN_POINT('',(-1.888,1.53E-15,6.9));
#1499 = DIRECTION('',(0.,-1.,2.2E-16));
#1500 = DIRECTION('',(1.,0.,0.));
#1501 = ADVANCED_FACE('',(#1502),#1680,.T.);
#1502 = FACE_BOUND('',#1503,.T.);
#1503 = EDGE_LOOP('',(#1504,#1505,#1506,#1514,#1522,#1530,#1538,#1546,
    #1554,#1562,#1570,#1578,#1586,#1594,#1602,#1610,#1618,#1626,#1634,
    #1642,#1650,#1658,#1666,#1674));
#1504 = ORIENTED_EDGE('',*,*,#458,.F.);
#1505 = ORIENTED_EDGE('',*,*,#1458,.T.);
#1506 = ORIENTED_EDGE('',*,*,#1507,.T.);
#1507 = EDGE_CURVE('',#1459,#1508,#1510,.T.);
#1508 = VERTEX_POINT('',#1509);
#1509 = CARTESIAN_POINT('',(5.91,1.E-15,4.9));
#1510 = LINE('',#1511,#1512);
#1511 = CARTESIAN_POINT('',(5.91,1.09E-15,4.9));
#1512 = VECTOR('',#1513,1.);
#1513 = DIRECTION('',(0.,-2.2E-16,-1.));
#1514 = ORIENTED_EDGE('',*,*,#1515,.F.);
#1515 = EDGE_CURVE('',#1516,#1508,#1518,.T.);
#1516 = VERTEX_POINT('',#1517);
#1517 = CARTESIAN_POINT('',(5.91,1.5,4.9));
#1518 = LINE('',#1519,#1520);
#1519 = CARTESIAN_POINT('',(5.91,109.7625,4.9));
#1520 = VECTOR('',#1521,1.);
#1521 = DIRECTION('',(0.,-1.,0.));
#1522 = ORIENTED_EDGE('',*,*,#1523,.T.);
#1523 = EDGE_CURVE('',#1516,#1524,#1526,.T.);
#1524 = VERTEX_POINT('',#1525);
#1525 = CARTESIAN_POINT('',(5.91,1.5,3.7));
#1526 = LINE('',#1527,#1528);
#1527 = CARTESIAN_POINT('',(5.91,1.5,4.9));
#1528 = VECTOR('',#1529,1.);
#1529 = DIRECTION('',(-0.,-0.,-1.));
#1530 = ORIENTED_EDGE('',*,*,#1531,.F.);
#1531 = EDGE_CURVE('',#1532,#1524,#1534,.T.);
#1532 = VERTEX_POINT('',#1533);
#1533 = CARTESIAN_POINT('',(5.91,19.,3.7));
#1534 = LINE('',#1535,#1536);
#1535 = CARTESIAN_POINT('',(5.91,5.000000000001,3.7));
#1536 = VECTOR('',#1537,1.);
#1537 = DIRECTION('',(0.,-1.,0.));
#1538 = ORIENTED_EDGE('',*,*,#1539,.F.);
#1539 = EDGE_CURVE('',#1540,#1532,#1542,.T.);
#1540 = VERTEX_POINT('',#1541);
#1541 = CARTESIAN_POINT('',(5.91,19.,4.9));
#1542 = LINE('',#1543,#1544);
#1543 = CARTESIAN_POINT('',(5.91,19.,4.9));
#1544 = VECTOR('',#1545,1.);
#1545 = DIRECTION('',(-0.,-0.,-1.));
#1546 = ORIENTED_EDGE('',*,*,#1547,.F.);
#1547 = EDGE_CURVE('',#1548,#1540,#1550,.T.);
#1548 = VERTEX_POINT('',#1549);
#1549 = CARTESIAN_POINT('',(5.91,45.55,4.9));
#1550 = LINE('',#1551,#1552);
#1551 = CARTESIAN_POINT('',(5.91,109.7625,4.9));
#1552 = VECTOR('',#1553,1.);
#1553 = DIRECTION('',(0.,-1.,0.));
#1554 = ORIENTED_EDGE('',*,*,#1555,.F.);
#1555 = EDGE_CURVE('',#1556,#1548,#1558,.T.);
#1556 = VERTEX_POINT('',#1557);
#1557 = CARTESIAN_POINT('',(5.91,45.55,6.1));
#1558 = LINE('',#1559,#1560);
#1559 = CARTESIAN_POINT('',(5.91,45.55,5.7));
#1560 = VECTOR('',#1561,1.);
#1561 = DIRECTION('',(-0.,-2.2E-16,-1.));
#1562 = ORIENTED_EDGE('',*,*,#1563,.T.);
#1563 = EDGE_CURVE('',#1556,#1564,#1566,.T.);
#1564 = VERTEX_POINT('',#1565);
#1565 = CARTESIAN_POINT('',(5.91,54.85,6.1));
#1566 = LINE('',#1567,#1568);
#1567 = CARTESIAN_POINT('',(5.91,45.55,6.1));
#1568 = VECTOR('',#1569,1.);
#1569 = DIRECTION('',(0.,1.,-2.2E-16));
#1570 = ORIENTED_EDGE('',*,*,#1571,.T.);
#1571 = EDGE_CURVE('',#1564,#1572,#1574,.T.);
#1572 = VERTEX_POINT('',#1573);
#1573 = CARTESIAN_POINT('',(5.91,54.85,4.9));
#1574 = LINE('',#1575,#1576);
#1575 = CARTESIAN_POINT('',(5.91,54.85,6.1));
#1576 = VECTOR('',#1577,1.);
#1577 = DIRECTION('',(-0.,-2.2E-16,-1.));
#1578 = ORIENTED_EDGE('',*,*,#1579,.F.);
#1579 = EDGE_CURVE('',#1580,#1572,#1582,.T.);
#1580 = VERTEX_POINT('',#1581);
#1581 = CARTESIAN_POINT('',(5.91,67.313042,4.9));
#1582 = LINE('',#1583,#1584);
#1583 = CARTESIAN_POINT('',(5.91,109.7625,4.9));
#1584 = VECTOR('',#1585,1.);
#1585 = DIRECTION('',(0.,-1.,0.));
#1586 = ORIENTED_EDGE('',*,*,#1587,.F.);
#1587 = EDGE_CURVE('',#1588,#1580,#1590,.T.);
#1588 = VERTEX_POINT('',#1589);
#1589 = CARTESIAN_POINT('',(5.91,67.313042,5.3));
#1590 = LINE('',#1591,#1592);
#1591 = CARTESIAN_POINT('',(5.91,67.313042,4.049825010464));
#1592 = VECTOR('',#1593,1.);
#1593 = DIRECTION('',(-1.69E-15,0.,-1.));
#1594 = ORIENTED_EDGE('',*,*,#1595,.F.);
#1595 = EDGE_CURVE('',#1596,#1588,#1598,.T.);
#1596 = VERTEX_POINT('',#1597);
#1597 = CARTESIAN_POINT('',(5.91,95.15,5.3));
#1598 = LINE('',#1599,#1600);
#1599 = CARTESIAN_POINT('',(5.91,95.15,5.3));
#1600 = VECTOR('',#1601,1.);
#1601 = DIRECTION('',(0.,-1.,2.2E-16));
#1602 = ORIENTED_EDGE('',*,*,#1603,.F.);
#1603 = EDGE_CURVE('',#1604,#1596,#1606,.T.);
#1604 = VERTEX_POINT('',#1605);
#1605 = CARTESIAN_POINT('',(5.91,95.15,6.1));
#1606 = LINE('',#1607,#1608);
#1607 = CARTESIAN_POINT('',(5.91,95.15,5.7));
#1608 = VECTOR('',#1609,1.);
#1609 = DIRECTION('',(0.,-2.2E-16,-1.));
#1610 = ORIENTED_EDGE('',*,*,#1611,.F.);
#1611 = EDGE_CURVE('',#1612,#1604,#1614,.T.);
#1612 = VERTEX_POINT('',#1613);
#1613 = CARTESIAN_POINT('',(5.91,104.45,6.1));
#1614 = LINE('',#1615,#1616);
#1615 = CARTESIAN_POINT('',(5.91,104.45,6.1));
#1616 = VECTOR('',#1617,1.);
#1617 = DIRECTION('',(0.,-1.,2.2E-16));
#1618 = ORIENTED_EDGE('',*,*,#1619,.T.);
#1619 = EDGE_CURVE('',#1612,#1620,#1622,.T.);
#1620 = VERTEX_POINT('',#1621);
#1621 = CARTESIAN_POINT('',(5.91,104.45,4.9));
#1622 = LINE('',#1623,#1624);
#1623 = CARTESIAN_POINT('',(5.91,104.45,6.1));
#1624 = VECTOR('',#1625,1.);
#1625 = DIRECTION('',(0.,-2.2E-16,-1.));
#1626 = ORIENTED_EDGE('',*,*,#1627,.F.);
#1627 = EDGE_CURVE('',#1628,#1620,#1630,.T.);
#1628 = VERTEX_POINT('',#1629);
#1629 = CARTESIAN_POINT('',(5.91,144.99999999999,4.9));
#1630 = LINE('',#1631,#1632);
#1631 = CARTESIAN_POINT('',(5.91,109.7625,4.9));
#1632 = VECTOR('',#1633,1.);
#1633 = DIRECTION('',(0.,-1.,0.));
#1634 = ORIENTED_EDGE('',*,*,#1635,.T.);
#1635 = EDGE_CURVE('',#1628,#1636,#1638,.T.);
#1636 = VERTEX_POINT('',#1637);
#1637 = CARTESIAN_POINT('',(5.91,144.99999999999,1.6));
#1638 = LINE('',#1639,#1640);
#1639 = CARTESIAN_POINT('',(5.91,144.99999999999,4.9));
#1640 = VECTOR('',#1641,1.);
#1641 = DIRECTION('',(-0.,-0.,-1.));
#1642 = ORIENTED_EDGE('',*,*,#1643,.F.);
#1643 = EDGE_CURVE('',#1644,#1636,#1646,.T.);
#1644 = VERTEX_POINT('',#1645);
#1645 = CARTESIAN_POINT('',(5.91,148.49999999999,1.6));
#1646 = LINE('',#1647,#1648);
#1647 = CARTESIAN_POINT('',(5.91,148.49999999999,1.6));
#1648 = VECTOR('',#1649,1.);
#1649 = DIRECTION('',(0.,-1.,0.));
#1650 = ORIENTED_EDGE('',*,*,#1651,.F.);
#1651 = EDGE_CURVE('',#1652,#1644,#1654,.T.);
#1652 = VERTEX_POINT('',#1653);
#1653 = CARTESIAN_POINT('',(5.91,148.49999999999,4.9));
#1654 = LINE('',#1655,#1656);
#1655 = CARTESIAN_POINT('',(5.91,148.49999999999,4.9));
#1656 = VECTOR('',#1657,1.);
#1657 = DIRECTION('',(-0.,-0.,-1.));
#1658 = ORIENTED_EDGE('',*,*,#1659,.F.);
#1659 = EDGE_CURVE('',#1660,#1652,#1662,.T.);
#1660 = VERTEX_POINT('',#1661);
#1661 = CARTESIAN_POINT('',(5.91,150.,4.9));
#1662 = LINE('',#1663,#1664);
#1663 = CARTESIAN_POINT('',(5.91,109.7625,4.9));
#1664 = VECTOR('',#1665,1.);
#1665 = DIRECTION('',(0.,-1.,0.));
#1666 = ORIENTED_EDGE('',*,*,#1667,.F.);
#1667 = EDGE_CURVE('',#1668,#1660,#1670,.T.);
#1668 = VERTEX_POINT('',#1669);
#1669 = CARTESIAN_POINT('',(5.91,150.,5.8));
#1670 = LINE('',#1671,#1672);
#1671 = CARTESIAN_POINT('',(5.91,150.,4.9));
#1672 = VECTOR('',#1673,1.);
#1673 = DIRECTION('',(0.,-2.2E-16,-1.));
#1674 = ORIENTED_EDGE('',*,*,#1675,.F.);
#1675 = EDGE_CURVE('',#459,#1668,#1676,.T.);
#1676 = LINE('',#1677,#1678);
#1677 = CARTESIAN_POINT('',(5.91,131.28447890025,24.515521099744));
#1678 = VECTOR('',#1679,1.);
#1679 = DIRECTION('',(-1.8E-16,0.707106781187,-0.707106781187));
#1680 = PLANE('',#1681);
#1681 = AXIS2_PLACEMENT_3D('',#1682,#1683,#1684);
#1682 = CARTESIAN_POINT('',(5.91,76.017103580563,5.67918797954));
#1683 = DIRECTION('',(1.,0.,-2.6E-16));
#1684 = DIRECTION('',(2.6E-16,0.,1.));
#1685 = ADVANCED_FACE('',(#1686),#1705,.T.);
#1686 = FACE_BOUND('',#1687,.T.);
#1687 = EDGE_LOOP('',(#1688,#1689,#1698,#1704));
#1688 = ORIENTED_EDGE('',*,*,#857,.F.);
#1689 = ORIENTED_EDGE('',*,*,#1690,.T.);
#1690 = EDGE_CURVE('',#850,#1691,#1693,.T.);
#1691 = VERTEX_POINT('',#1692);
#1692 = CARTESIAN_POINT('',(-6.059930009001,10.95,2.728069990999));
#1693 = CIRCLE('',#1694,5.9);
#1694 = AXIS2_PLACEMENT_3D('',#1695,#1696,#1697);
#1695 = CARTESIAN_POINT('',(-1.888,10.95,6.9));
#1696 = DIRECTION('',(0.,-1.,0.));
#1697 = DIRECTION('',(0.999894974531,0.,-1.449275362319E-02));
#1698 = ORIENTED_EDGE('',*,*,#1699,.T.);
#1699 = EDGE_CURVE('',#1691,#1482,#1700,.T.);
#1700 = LINE('',#1701,#1702);
#1701 = CARTESIAN_POINT('',(-6.767036790187,9.95,2.020963209813));
#1702 = VECTOR('',#1703,1.);
#1703 = DIRECTION('',(-0.5,-0.707106781187,-0.5));
#1704 = ORIENTED_EDGE('',*,*,#1481,.F.);
#1705 = CONICAL_SURFACE('',#1706,6.9,0.785398163397);
#1706 = AXIS2_PLACEMENT_3D('',#1707,#1708,#1709);
#1707 = CARTESIAN_POINT('',(-1.888,9.95,6.9));
#1708 = DIRECTION('',(-0.,-1.,-0.));
#1709 = DIRECTION('',(0.999894974531,0.,-1.449275362319E-02));
#1710 = ADVANCED_FACE('',(#1711),#1730,.T.);
#1711 = FACE_BOUND('',#1712,.T.);
#1712 = EDGE_LOOP('',(#1713,#1722,#1723,#1724));
#1713 = ORIENTED_EDGE('',*,*,#1714,.F.);
#1714 = EDGE_CURVE('',#467,#1715,#1717,.T.);
#1715 = VERTEX_POINT('',#1716);
#1716 = CARTESIAN_POINT('',(3.296592558727,150.,5.8));
#1717 = PARABOLA('',#1718,2.262741699797);
#1718 = AXIS2_PLACEMENT_3D('',#1719,#1720,#1721);
#1719 = CARTESIAN_POINT('',(-1.888,152.1,3.7));
#1720 = DIRECTION('',(-0.,-0.707106781187,-0.707106781187));
#1721 = DIRECTION('',(0.,-0.707106781187,0.707106781187));
#1722 = ORIENTED_EDGE('',*,*,#466,.T.);
#1723 = ORIENTED_EDGE('',*,*,#1675,.T.);
#1724 = ORIENTED_EDGE('',*,*,#1725,.F.);
#1725 = EDGE_CURVE('',#1715,#1668,#1726,.T.);
#1726 = LINE('',#1727,#1728);
#1727 = CARTESIAN_POINT('',(3.411056519797,150.,5.8));
#1728 = VECTOR('',#1729,1.);
#1729 = DIRECTION('',(1.,0.,0.));
#1730 = PLANE('',#1731);
#1731 = AXIS2_PLACEMENT_3D('',#1732,#1733,#1734);
#1732 = CARTESIAN_POINT('',(3.411056519797,149.5,6.3));
#1733 = DIRECTION('',(0.,0.707106781187,0.707106781187));
#1734 = DIRECTION('',(1.,0.,0.));
#1735 = ADVANCED_FACE('',(#1736,#1780,#1791,#1802,#1813,#1824,#1835,
    #1846),#1857,.T.);
#1736 = FACE_BOUND('',#1737,.T.);
#1737 = EDGE_LOOP('',(#1738,#1748,#1756,#1762,#1763,#1764,#1773));
#1738 = ORIENTED_EDGE('',*,*,#1739,.F.);
#1739 = EDGE_CURVE('',#1740,#1742,#1744,.T.);
#1740 = VERTEX_POINT('',#1741);
#1741 = CARTESIAN_POINT('',(1.262050671379,10.95,1.));
#1742 = VERTEX_POINT('',#1743);
#1743 = CARTESIAN_POINT('',(2.636566981517,10.95,2.374515860954));
#1744 = LINE('',#1745,#1746);
#1745 = CARTESIAN_POINT('',(0.757025334047,10.95,0.494974827708));
#1746 = VECTOR('',#1747,1.);
#1747 = DIRECTION('',(0.707106896726,0.,0.707106665647));
#1748 = ORIENTED_EDGE('',*,*,#1749,.F.);
#1749 = EDGE_CURVE('',#1750,#1740,#1752,.T.);
#1750 = VERTEX_POINT('',#1751);
#1751 = CARTESIAN_POINT('',(-4.331860018001,10.95,1.));
#1752 = LINE('',#1753,#1754);
#1753 = CARTESIAN_POINT('',(-3.331860018001,10.95,1.));
#1754 = VECTOR('',#1755,1.);
#1755 = DIRECTION('',(1.,0.,0.));
#1756 = ORIENTED_EDGE('',*,*,#1757,.F.);
#1757 = EDGE_CURVE('',#1691,#1750,#1758,.T.);
#1758 = LINE('',#1759,#1760);
#1759 = CARTESIAN_POINT('',(-6.059930009001,10.95,2.728069990999));
#1760 = VECTOR('',#1761,1.);
#1761 = DIRECTION('',(0.707106781187,0.,-0.707106781187));
#1762 = ORIENTED_EDGE('',*,*,#1690,.F.);
#1763 = ORIENTED_EDGE('',*,*,#849,.F.);
#1764 = ORIENTED_EDGE('',*,*,#1765,.F.);
#1765 = EDGE_CURVE('',#1766,#841,#1768,.T.);
#1766 = VERTEX_POINT('',#1767);
#1767 = CARTESIAN_POINT('',(4.251919054537,10.95,5.097183098592));
#1768 = CIRCLE('',#1769,6.4);
#1769 = AXIS2_PLACEMENT_3D('',#1770,#1771,#1772);
#1770 = CARTESIAN_POINT('',(-1.888915678624,10.95,6.9));
#1771 = DIRECTION('',(0.,-1.,0.));
#1772 = DIRECTION('',(0.959505427056,0.,-0.281690140845));
#1773 = ORIENTED_EDGE('',*,*,#1774,.F.);
#1774 = EDGE_CURVE('',#1742,#1766,#1775,.T.);
#1775 = CIRCLE('',#1776,6.4);
#1776 = AXIS2_PLACEMENT_3D('',#1777,#1778,#1779);
#1777 = CARTESIAN_POINT('',(-1.888915678624,10.95,6.9));
#1778 = DIRECTION('',(0.,-1.,0.));
#1779 = DIRECTION('',(0.707106665647,0.,-0.707106896726));
#1780 = FACE_BOUND('',#1781,.T.);
#1781 = EDGE_LOOP('',(#1782));
#1782 = ORIENTED_EDGE('',*,*,#1783,.T.);
#1783 = EDGE_CURVE('',#1784,#1784,#1786,.T.);
#1784 = VERTEX_POINT('',#1785);
#1785 = CARTESIAN_POINT('',(-4.631029250663,10.95,7.551179663189));
#1786 = CIRCLE('',#1787,0.95);
#1787 = AXIS2_PLACEMENT_3D('',#1788,#1789,#1790);
#1788 = CARTESIAN_POINT('',(-5.581029250663,10.95,7.551179663189));
#1789 = DIRECTION('',(0.,-1.,0.));
#1790 = DIRECTION('',(1.,0.,0.));
#1791 = FACE_BOUND('',#1792,.T.);
#1792 = EDGE_LOOP('',(#1793));
#1793 = ORIENTED_EDGE('',*,*,#1794,.T.);
#1794 = EDGE_CURVE('',#1795,#1795,#1797,.T.);
#1795 = VERTEX_POINT('',#1796);
#1796 = CARTESIAN_POINT('',(-3.810667316398,10.95,9.310452756081));
#1797 = CIRCLE('',#1798,0.95);
#1798 = AXIS2_PLACEMENT_3D('',#1799,#1800,#1801);
#1799 = CARTESIAN_POINT('',(-4.760667316398,10.95,9.31045275608));
#1800 = DIRECTION('',(0.,-1.,0.));
#1801 = DIRECTION('',(1.,0.,0.));
#1802 = FACE_BOUND('',#1803,.T.);
#1803 = EDGE_LOOP('',(#1804));
#1804 = ORIENTED_EDGE('',*,*,#1805,.T.);
#1805 = EDGE_CURVE('',#1806,#1806,#1808,.T.);
#1806 = VERTEX_POINT('',#1807);
#1807 = CARTESIAN_POINT('',(2.585846979587,10.95,8.182576494584));
#1808 = CIRCLE('',#1809,0.95);
#1809 = AXIS2_PLACEMENT_3D('',#1810,#1811,#1812);
#1810 = CARTESIAN_POINT('',(1.635846979587,10.95,8.182576494584));
#1811 = DIRECTION('',(0.,-1.,0.));
#1812 = DIRECTION('',(1.,0.,0.));
#1813 = FACE_BOUND('',#1814,.T.);
#1814 = EDGE_LOOP('',(#1815));
#1815 = ORIENTED_EDGE('',*,*,#1816,.T.);
#1816 = EDGE_CURVE('',#1817,#1817,#1819,.T.);
#1817 = VERTEX_POINT('',#1818);
#1818 = CARTESIAN_POINT('',(-0.286820336811,10.95,10.593029250663));
#1819 = CIRCLE('',#1820,0.95);
#1820 = AXIS2_PLACEMENT_3D('',#1821,#1822,#1823);
#1821 = CARTESIAN_POINT('',(-1.236820336811,10.95,10.593029250663));
#1822 = DIRECTION('',(0.,-1.,0.));
#1823 = DIRECTION('',(1.,0.,0.));
#1824 = FACE_BOUND('',#1825,.T.);
#1825 = EDGE_LOOP('',(#1826));
#1826 = ORIENTED_EDGE('',*,*,#1827,.T.);
#1827 = EDGE_CURVE('',#1828,#1828,#1830,.T.);
#1828 = VERTEX_POINT('',#1829);
#1829 = CARTESIAN_POINT('',(1.47245275608,10.95,9.772667316399));
#1830 = CIRCLE('',#1831,0.95);
#1831 = AXIS2_PLACEMENT_3D('',#1832,#1833,#1834);
#1832 = CARTESIAN_POINT('',(0.52245275608,10.95,9.772667316398));
#1833 = DIRECTION('',(0.,-1.,0.));
#1834 = DIRECTION('',(1.,0.,0.));
#1835 = FACE_BOUND('',#1836,.T.);
#1836 = EDGE_LOOP('',(#1837));
#1837 = ORIENTED_EDGE('',*,*,#1838,.T.);
#1838 = EDGE_CURVE('',#1839,#1839,#1841,.T.);
#1839 = VERTEX_POINT('',#1840);
#1840 = CARTESIAN_POINT('',(-2.220576494582,10.95,10.423846979587));
#1841 = CIRCLE('',#1842,0.95);
#1842 = AXIS2_PLACEMENT_3D('',#1843,#1844,#1845);
#1843 = CARTESIAN_POINT('',(-3.170576494582,10.95,10.423846979587));
#1844 = DIRECTION('',(0.,-1.,0.));
#1845 = DIRECTION('',(1.,0.,0.));
#1846 = FACE_BOUND('',#1847,.T.);
#1847 = EDGE_LOOP('',(#1848));
#1848 = ORIENTED_EDGE('',*,*,#1849,.F.);
#1849 = EDGE_CURVE('',#1850,#1850,#1852,.T.);
#1850 = VERTEX_POINT('',#1851);
#1851 = CARTESIAN_POINT('',(-3.188,10.95,6.9));
#1852 = CIRCLE('',#1853,1.3);
#1853 = AXIS2_PLACEMENT_3D('',#1854,#1855,#1856);
#1854 = CARTESIAN_POINT('',(-1.888,10.95,6.9));
#1855 = DIRECTION('',(0.,1.,-0.));
#1856 = DIRECTION('',(-1.,0.,0.));
#1857 = PLANE('',#1858);
#1858 = AXIS2_PLACEMENT_3D('',#1859,#1860,#1861);
#1859 = CARTESIAN_POINT('',(-1.519453552202,10.95,6.348856146282));
#1860 = DIRECTION('',(0.,1.,0.));
#1861 = DIRECTION('',(0.,0.,1.));
#1862 = ADVANCED_FACE('',(#1863),#1901,.T.);
#1863 = FACE_BOUND('',#1864,.T.);
#1864 = EDGE_LOOP('',(#1865,#1866,#1867,#1877,#1886,#1894));
#1865 = ORIENTED_EDGE('',*,*,#474,.F.);
#1866 = ORIENTED_EDGE('',*,*,#1714,.T.);
#1867 = ORIENTED_EDGE('',*,*,#1868,.F.);
#1868 = EDGE_CURVE('',#1869,#1715,#1871,.T.);
#1869 = VERTEX_POINT('',#1870);
#1870 = CARTESIAN_POINT('',(3.411056519797,150.,6.8));
#1871 = B_SPLINE_CURVE_WITH_KNOTS('',4,(#1872,#1873,#1874,#1875,#1876),
  .UNSPECIFIED.,.F.,.F.,(5,5),(0.,1.),.PIECEWISE_BEZIER_KNOTS.);
#1872 = CARTESIAN_POINT('',(3.411056519797,150.,6.8));
#1873 = CARTESIAN_POINT('',(3.406301577372,150.,6.548032913418));
#1874 = CARTESIAN_POINT('',(3.385572329671,150.,6.296368910163));
#1875 = CARTESIAN_POINT('',(3.348896978271,150.,6.046524640326));
#1876 = CARTESIAN_POINT('',(3.296592558727,150.,5.8));
#1877 = ORIENTED_EDGE('',*,*,#1878,.T.);
#1878 = EDGE_CURVE('',#1869,#1879,#1881,.T.);
#1879 = VERTEX_POINT('',#1880);
#1880 = CARTESIAN_POINT('',(-5.635665940289,150.,3.152334059711));
#1881 = CIRCLE('',#1882,5.3);
#1882 = AXIS2_PLACEMENT_3D('',#1883,#1884,#1885);
#1883 = CARTESIAN_POINT('',(-1.888,150.,6.9));
#1884 = DIRECTION('',(0.,-1.,0.));
#1885 = DIRECTION('',(0.999894974531,0.,-1.449275362318E-02));
#1886 = ORIENTED_EDGE('',*,*,#1887,.T.);
#1887 = EDGE_CURVE('',#1879,#1888,#1890,.T.);
#1888 = VERTEX_POINT('',#1889);
#1889 = CARTESIAN_POINT('',(-6.767036790187,148.4,2.020963209813));
#1890 = LINE('',#1891,#1892);
#1891 = CARTESIAN_POINT('',(-6.767036790187,148.4,2.020963209813));
#1892 = VECTOR('',#1893,1.);
#1893 = DIRECTION('',(-0.5,-0.707106781187,-0.5));
#1894 = ORIENTED_EDGE('',*,*,#1895,.F.);
#1895 = EDGE_CURVE('',#475,#1888,#1896,.T.);
#1896 = CIRCLE('',#1897,6.9);
#1897 = AXIS2_PLACEMENT_3D('',#1898,#1899,#1900);
#1898 = CARTESIAN_POINT('',(-1.888,148.4,6.9));
#1899 = DIRECTION('',(0.,-1.,0.));
#1900 = DIRECTION('',(0.999894974531,0.,-1.449275362318E-02));
#1901 = CONICAL_SURFACE('',#1902,6.9,0.785398163397);
#1902 = AXIS2_PLACEMENT_3D('',#1903,#1904,#1905);
#1903 = CARTESIAN_POINT('',(-1.888,148.4,6.9));
#1904 = DIRECTION('',(-0.,-1.,-0.));
#1905 = DIRECTION('',(0.999894974531,0.,-1.449275362318E-02));
#1906 = ADVANCED_FACE('',(#1907),#1926,.F.);
#1907 = FACE_BOUND('',#1908,.T.);
#1908 = EDGE_LOOP('',(#1909,#1917,#1918,#1919));
#1909 = ORIENTED_EDGE('',*,*,#1910,.F.);
#1910 = EDGE_CURVE('',#1766,#1911,#1913,.T.);
#1911 = VERTEX_POINT('',#1912);
#1912 = CARTESIAN_POINT('',(4.923572853476,11.65,4.9));
#1913 = LINE('',#1914,#1915);
#1914 = CARTESIAN_POINT('',(4.923572853476,11.65,4.9));
#1915 = VECTOR('',#1916,1.);
#1916 = DIRECTION('',(0.678472794057,0.707106781187,-0.199185008785));
#1917 = ORIENTED_EDGE('',*,*,#1765,.T.);
#1918 = ORIENTED_EDGE('',*,*,#840,.T.);
#1919 = ORIENTED_EDGE('',*,*,#1920,.F.);
#1920 = EDGE_CURVE('',#1911,#833,#1921,.T.);
#1921 = CIRCLE('',#1922,7.1);
#1922 = AXIS2_PLACEMENT_3D('',#1923,#1924,#1925);
#1923 = CARTESIAN_POINT('',(-1.888915678624,11.65,6.9));
#1924 = DIRECTION('',(0.,-1.,0.));
#1925 = DIRECTION('',(0.959505427056,0.,-0.281690140845));
#1926 = CONICAL_SURFACE('',#1927,7.1,0.785398163397);
#1927 = AXIS2_PLACEMENT_3D('',#1928,#1929,#1930);
#1928 = CARTESIAN_POINT('',(-1.888915678624,11.65,6.9));
#1929 = DIRECTION('',(0.,1.,0.));
#1930 = DIRECTION('',(0.959505427056,0.,-0.281690140845));
#1931 = ADVANCED_FACE('',(#1932),#1951,.T.);
#1932 = FACE_BOUND('',#1933,.F.);
#1933 = EDGE_LOOP('',(#1934,#1935,#1944,#1950));
#1934 = ORIENTED_EDGE('',*,*,#483,.T.);
#1935 = ORIENTED_EDGE('',*,*,#1936,.T.);
#1936 = EDGE_CURVE('',#484,#1937,#1939,.T.);
#1937 = VERTEX_POINT('',#1938);
#1938 = CARTESIAN_POINT('',(-6.767036790187,140.05,2.020963209813));
#1939 = CIRCLE('',#1940,6.9);
#1940 = AXIS2_PLACEMENT_3D('',#1941,#1942,#1943);
#1941 = CARTESIAN_POINT('',(-1.888,140.05,6.9));
#1942 = DIRECTION('',(0.,-1.,4.4E-16));
#1943 = DIRECTION('',(0.999894974531,-6.376811594201E-18,
    -1.449275362318E-02));
#1944 = ORIENTED_EDGE('',*,*,#1945,.F.);
#1945 = EDGE_CURVE('',#1888,#1937,#1946,.T.);
#1946 = LINE('',#1947,#1948);
#1947 = CARTESIAN_POINT('',(-6.767036790187,150.,2.020963209813));
#1948 = VECTOR('',#1949,1.);
#1949 = DIRECTION('',(0.,-1.,2.2E-16));
#1950 = ORIENTED_EDGE('',*,*,#1895,.F.);
#1951 = CYLINDRICAL_SURFACE('',#1952,6.9);
#1952 = AXIS2_PLACEMENT_3D('',#1953,#1954,#1955);
#1953 = CARTESIAN_POINT('',(-1.888,150.,6.9));
#1954 = DIRECTION('',(0.,1.,-2.2E-16));
#1955 = DIRECTION('',(1.,0.,0.));
#1956 = ADVANCED_FACE('',(#1957),#1994,.F.);
#1957 = FACE_BOUND('',#1958,.F.);
#1958 = EDGE_LOOP('',(#1959,#1969,#1978,#1985,#1986,#1987));
#1959 = ORIENTED_EDGE('',*,*,#1960,.T.);
#1960 = EDGE_CURVE('',#1961,#1963,#1965,.T.);
#1961 = VERTEX_POINT('',#1962);
#1962 = CARTESIAN_POINT('',(3.13154164747,11.65,1.879541033246));
#1963 = VERTEX_POINT('',#1964);
#1964 = CARTESIAN_POINT('',(3.13154164747,21.35,1.879541033246));
#1965 = LINE('',#1966,#1967);
#1966 = CARTESIAN_POINT('',(3.13154164747,4.2E-16,1.879541033246));
#1967 = VECTOR('',#1968,1.);
#1968 = DIRECTION('',(0.,1.,-2.2E-16));
#1969 = ORIENTED_EDGE('',*,*,#1970,.T.);
#1970 = EDGE_CURVE('',#1963,#1971,#1973,.T.);
#1971 = VERTEX_POINT('',#1972);
#1972 = CARTESIAN_POINT('',(4.923572853476,21.35,4.9));
#1973 = CIRCLE('',#1974,7.1);
#1974 = AXIS2_PLACEMENT_3D('',#1975,#1976,#1977);
#1975 = CARTESIAN_POINT('',(-1.888915678624,21.35,6.9));
#1976 = DIRECTION('',(0.,-1.,0.));
#1977 = DIRECTION('',(0.707106665647,0.,-0.707106896726));
#1978 = ORIENTED_EDGE('',*,*,#1979,.T.);
#1979 = EDGE_CURVE('',#1971,#824,#1980,.T.);
#1980 = CIRCLE('',#1981,7.1);
#1981 = AXIS2_PLACEMENT_3D('',#1982,#1983,#1984);
#1982 = CARTESIAN_POINT('',(-1.888915678624,21.35,6.9));
#1983 = DIRECTION('',(0.,-1.,0.));
#1984 = DIRECTION('',(0.959505427056,0.,-0.281690140845));
#1985 = ORIENTED_EDGE('',*,*,#832,.F.);
#1986 = ORIENTED_EDGE('',*,*,#1920,.F.);
#1987 = ORIENTED_EDGE('',*,*,#1988,.F.);
#1988 = EDGE_CURVE('',#1961,#1911,#1989,.T.);
#1989 = CIRCLE('',#1990,7.1);
#1990 = AXIS2_PLACEMENT_3D('',#1991,#1992,#1993);
#1991 = CARTESIAN_POINT('',(-1.888915678624,11.65,6.9));
#1992 = DIRECTION('',(0.,-1.,0.));
#1993 = DIRECTION('',(0.707106665647,0.,-0.707106896726));
#1994 = CYLINDRICAL_SURFACE('',#1995,7.1);
#1995 = AXIS2_PLACEMENT_3D('',#1996,#1997,#1998);
#1996 = CARTESIAN_POINT('',(-1.888915678624,1.53E-15,6.9));
#1997 = DIRECTION('',(0.,-1.,2.2E-16));
#1998 = DIRECTION('',(1.,0.,0.));
#1999 = ADVANCED_FACE('',(#2000),#2019,.T.);
#2000 = FACE_BOUND('',#2001,.F.);
#2001 = EDGE_LOOP('',(#2002,#2003,#2012,#2018));
#2002 = ORIENTED_EDGE('',*,*,#491,.F.);
#2003 = ORIENTED_EDGE('',*,*,#2004,.T.);
#2004 = EDGE_CURVE('',#492,#2005,#2007,.T.);
#2005 = VERTEX_POINT('',#2006);
#2006 = CARTESIAN_POINT('',(-6.059930009001,139.05,2.728069990999));
#2007 = CIRCLE('',#2008,5.9);
#2008 = AXIS2_PLACEMENT_3D('',#2009,#2010,#2011);
#2009 = CARTESIAN_POINT('',(-1.888,139.05,6.9));
#2010 = DIRECTION('',(0.,-1.,4.4E-16));
#2011 = DIRECTION('',(0.999894974531,-6.376811594201E-18,
    -1.449275362318E-02));
#2012 = ORIENTED_EDGE('',*,*,#2013,.T.);
#2013 = EDGE_CURVE('',#2005,#1937,#2014,.T.);
#2014 = LINE('',#2015,#2016);
#2015 = CARTESIAN_POINT('',(-6.767036790187,140.05,2.020963209813));
#2016 = VECTOR('',#2017,1.);
#2017 = DIRECTION('',(-0.5,0.707106781187,-0.5));
#2018 = ORIENTED_EDGE('',*,*,#1936,.F.);
#2019 = CONICAL_SURFACE('',#2020,6.9,0.785398163397);
#2020 = AXIS2_PLACEMENT_3D('',#2021,#2022,#2023);
#2021 = CARTESIAN_POINT('',(-1.888,140.05,6.9));
#2022 = DIRECTION('',(0.,1.,-4.4E-16));
#2023 = DIRECTION('',(0.999894974531,-6.376811594201E-18,
    -1.449275362318E-02));
#2024 = ADVANCED_FACE('',(#2025),#2044,.F.);
#2025 = FACE_BOUND('',#2026,.T.);
#2026 = EDGE_LOOP('',(#2027,#2035,#2036,#2037));
#2027 = ORIENTED_EDGE('',*,*,#2028,.F.);
#2028 = EDGE_CURVE('',#1971,#2029,#2031,.T.);
#2029 = VERTEX_POINT('',#2030);
#2030 = CARTESIAN_POINT('',(4.251919054537,22.05,5.097183098592));
#2031 = LINE('',#2032,#2033);
#2032 = CARTESIAN_POINT('',(4.923572853476,21.35,4.9));
#2033 = VECTOR('',#2034,1.);
#2034 = DIRECTION('',(-0.678472794057,0.707106781187,0.199185008785));
#2035 = ORIENTED_EDGE('',*,*,#1979,.T.);
#2036 = ORIENTED_EDGE('',*,*,#823,.T.);
#2037 = ORIENTED_EDGE('',*,*,#2038,.F.);
#2038 = EDGE_CURVE('',#2029,#816,#2039,.T.);
#2039 = CIRCLE('',#2040,6.4);
#2040 = AXIS2_PLACEMENT_3D('',#2041,#2042,#2043);
#2041 = CARTESIAN_POINT('',(-1.888915678624,22.05,6.9));
#2042 = DIRECTION('',(0.,-1.,0.));
#2043 = DIRECTION('',(0.959505427056,0.,-0.281690140845));
#2044 = CONICAL_SURFACE('',#2045,7.1,0.785398163397);
#2045 = AXIS2_PLACEMENT_3D('',#2046,#2047,#2048);
#2046 = CARTESIAN_POINT('',(-1.888915678624,21.35,6.9));
#2047 = DIRECTION('',(-0.,-1.,-0.));
#2048 = DIRECTION('',(0.959505427056,0.,-0.281690140845));
#2049 = ADVANCED_FACE('',(#2050,#2094,#2105,#2116,#2127,#2138,#2149,
    #2160),#2171,.T.);
#2050 = FACE_BOUND('',#2051,.T.);
#2051 = EDGE_LOOP('',(#2052,#2062,#2071,#2078,#2079,#2080,#2088));
#2052 = ORIENTED_EDGE('',*,*,#2053,.T.);
#2053 = EDGE_CURVE('',#2054,#2056,#2058,.T.);
#2054 = VERTEX_POINT('',#2055);
#2055 = CARTESIAN_POINT('',(1.262050671379,139.05,1.));
#2056 = VERTEX_POINT('',#2057);
#2057 = CARTESIAN_POINT('',(2.636566981517,139.05,2.374515860954));
#2058 = LINE('',#2059,#2060);
#2059 = CARTESIAN_POINT('',(0.757025334047,139.05,0.494974827708));
#2060 = VECTOR('',#2061,1.);
#2061 = DIRECTION('',(0.707106896726,3.1E-16,0.707106665647));
#2062 = ORIENTED_EDGE('',*,*,#2063,.T.);
#2063 = EDGE_CURVE('',#2056,#2064,#2066,.T.);
#2064 = VERTEX_POINT('',#2065);
#2065 = CARTESIAN_POINT('',(4.251919054537,139.05,5.097183098592));
#2066 = CIRCLE('',#2067,6.4);
#2067 = AXIS2_PLACEMENT_3D('',#2068,#2069,#2070);
#2068 = CARTESIAN_POINT('',(-1.888915678624,139.05,6.9));
#2069 = DIRECTION('',(-2.465190328816E-32,-1.,4.4E-16));
#2070 = DIRECTION('',(0.707106665647,-3.111270345594E-16,-0.707106896726
    ));
#2071 = ORIENTED_EDGE('',*,*,#2072,.T.);
#2072 = EDGE_CURVE('',#2064,#501,#2073,.T.);
#2073 = CIRCLE('',#2074,6.4);
#2074 = AXIS2_PLACEMENT_3D('',#2075,#2076,#2077);
#2075 = CARTESIAN_POINT('',(-1.888915678624,139.05,6.9));
#2076 = DIRECTION('',(0.,-1.,4.4E-16));
#2077 = DIRECTION('',(0.959505427056,-1.239436619718E-16,-0.281690140845
    ));
#2078 = ORIENTED_EDGE('',*,*,#500,.T.);
#2079 = ORIENTED_EDGE('',*,*,#2004,.T.);
#2080 = ORIENTED_EDGE('',*,*,#2081,.T.);
#2081 = EDGE_CURVE('',#2005,#2082,#2084,.T.);
#2082 = VERTEX_POINT('',#2083);
#2083 = CARTESIAN_POINT('',(-4.331860018001,139.05,1.));
#2084 = LINE('',#2085,#2086);
#2085 = CARTESIAN_POINT('',(-6.059930009001,139.05,2.728069990999));
#2086 = VECTOR('',#2087,1.);
#2087 = DIRECTION('',(0.707106781187,0.,-0.707106781187));
#2088 = ORIENTED_EDGE('',*,*,#2089,.T.);
#2089 = EDGE_CURVE('',#2082,#2054,#2090,.T.);
#2090 = LINE('',#2091,#2092);
#2091 = CARTESIAN_POINT('',(-3.331860018001,139.05,1.));
#2092 = VECTOR('',#2093,1.);
#2093 = DIRECTION('',(1.,0.,0.));
#2094 = FACE_BOUND('',#2095,.T.);
#2095 = EDGE_LOOP('',(#2096));
#2096 = ORIENTED_EDGE('',*,*,#2097,.F.);
#2097 = EDGE_CURVE('',#2098,#2098,#2100,.T.);
#2098 = VERTEX_POINT('',#2099);
#2099 = CARTESIAN_POINT('',(-4.631029250663,139.05,7.551179663189));
#2100 = CIRCLE('',#2101,0.95);
#2101 = AXIS2_PLACEMENT_3D('',#2102,#2103,#2104);
#2102 = CARTESIAN_POINT('',(-5.581029250663,139.05,7.551179663189));
#2103 = DIRECTION('',(0.,-1.,0.));
#2104 = DIRECTION('',(1.,0.,0.));
#2105 = FACE_BOUND('',#2106,.T.);
#2106 = EDGE_LOOP('',(#2107));
#2107 = ORIENTED_EDGE('',*,*,#2108,.F.);
#2108 = EDGE_CURVE('',#2109,#2109,#2111,.T.);
#2109 = VERTEX_POINT('',#2110);
#2110 = CARTESIAN_POINT('',(-3.810667316398,139.05,9.31045275608));
#2111 = CIRCLE('',#2112,0.95);
#2112 = AXIS2_PLACEMENT_3D('',#2113,#2114,#2115);
#2113 = CARTESIAN_POINT('',(-4.760667316398,139.05,9.31045275608));
#2114 = DIRECTION('',(0.,-1.,0.));
#2115 = DIRECTION('',(1.,0.,0.));
#2116 = FACE_BOUND('',#2117,.T.);
#2117 = EDGE_LOOP('',(#2118));
#2118 = ORIENTED_EDGE('',*,*,#2119,.F.);
#2119 = EDGE_CURVE('',#2120,#2120,#2122,.T.);
#2120 = VERTEX_POINT('',#2121);
#2121 = CARTESIAN_POINT('',(2.585846979587,139.05,8.182576494584));
#2122 = CIRCLE('',#2123,0.95);
#2123 = AXIS2_PLACEMENT_3D('',#2124,#2125,#2126);
#2124 = CARTESIAN_POINT('',(1.635846979587,139.05,8.182576494584));
#2125 = DIRECTION('',(0.,-1.,0.));
#2126 = DIRECTION('',(1.,0.,0.));
#2127 = FACE_BOUND('',#2128,.T.);
#2128 = EDGE_LOOP('',(#2129));
#2129 = ORIENTED_EDGE('',*,*,#2130,.F.);
#2130 = EDGE_CURVE('',#2131,#2131,#2133,.T.);
#2131 = VERTEX_POINT('',#2132);
#2132 = CARTESIAN_POINT('',(-0.286820336811,139.05,10.593029250663));
#2133 = CIRCLE('',#2134,0.95);
#2134 = AXIS2_PLACEMENT_3D('',#2135,#2136,#2137);
#2135 = CARTESIAN_POINT('',(-1.236820336811,139.05,10.593029250663));
#2136 = DIRECTION('',(0.,-1.,0.));
#2137 = DIRECTION('',(1.,0.,0.));
#2138 = FACE_BOUND('',#2139,.T.);
#2139 = EDGE_LOOP('',(#2140));
#2140 = ORIENTED_EDGE('',*,*,#2141,.F.);
#2141 = EDGE_CURVE('',#2142,#2142,#2144,.T.);
#2142 = VERTEX_POINT('',#2143);
#2143 = CARTESIAN_POINT('',(1.47245275608,139.05,9.772667316398));
#2144 = CIRCLE('',#2145,0.95);
#2145 = AXIS2_PLACEMENT_3D('',#2146,#2147,#2148);
#2146 = CARTESIAN_POINT('',(0.52245275608,139.05,9.772667316398));
#2147 = DIRECTION('',(0.,-1.,0.));
#2148 = DIRECTION('',(1.,0.,0.));
#2149 = FACE_BOUND('',#2150,.T.);
#2150 = EDGE_LOOP('',(#2151));
#2151 = ORIENTED_EDGE('',*,*,#2152,.F.);
#2152 = EDGE_CURVE('',#2153,#2153,#2155,.T.);
#2153 = VERTEX_POINT('',#2154);
#2154 = CARTESIAN_POINT('',(-2.220576494582,139.05,10.423846979587));
#2155 = CIRCLE('',#2156,0.95);
#2156 = AXIS2_PLACEMENT_3D('',#2157,#2158,#2159);
#2157 = CARTESIAN_POINT('',(-3.170576494582,139.05,10.423846979587));
#2158 = DIRECTION('',(0.,-1.,0.));
#2159 = DIRECTION('',(1.,0.,0.));
#2160 = FACE_BOUND('',#2161,.T.);
#2161 = EDGE_LOOP('',(#2162));
#2162 = ORIENTED_EDGE('',*,*,#2163,.F.);
#2163 = EDGE_CURVE('',#2164,#2164,#2166,.T.);
#2164 = VERTEX_POINT('',#2165);
#2165 = CARTESIAN_POINT('',(-0.588,139.05,6.9));
#2166 = CIRCLE('',#2167,1.3);
#2167 = AXIS2_PLACEMENT_3D('',#2168,#2169,#2170);
#2168 = CARTESIAN_POINT('',(-1.888,139.05,6.9));
#2169 = DIRECTION('',(0.,-1.,0.));
#2170 = DIRECTION('',(1.,0.,0.));
#2171 = PLANE('',#2172);
#2172 = AXIS2_PLACEMENT_3D('',#2173,#2174,#2175);
#2173 = CARTESIAN_POINT('',(-1.519453552202,139.05,6.348856146282));
#2174 = DIRECTION('',(-0.,-1.,-0.));
#2175 = DIRECTION('',(0.,0.,-1.));
#2176 = ADVANCED_FACE('',(#2177,#2221),#2232,.T.);
#2177 = FACE_BOUND('',#2178,.T.);
#2178 = EDGE_LOOP('',(#2179,#2189,#2196,#2197,#2198,#2207,#2215));
#2179 = ORIENTED_EDGE('',*,*,#2180,.T.);
#2180 = EDGE_CURVE('',#2181,#2183,#2185,.T.);
#2181 = VERTEX_POINT('',#2182);
#2182 = CARTESIAN_POINT('',(1.262050671379,22.05,1.));
#2183 = VERTEX_POINT('',#2184);
#2184 = CARTESIAN_POINT('',(2.636566981517,22.05,2.374515860954));
#2185 = LINE('',#2186,#2187);
#2186 = CARTESIAN_POINT('',(0.757025334047,22.05,0.494974827708));
#2187 = VECTOR('',#2188,1.);
#2188 = DIRECTION('',(0.707106896726,0.,0.707106665647));
#2189 = ORIENTED_EDGE('',*,*,#2190,.T.);
#2190 = EDGE_CURVE('',#2183,#2029,#2191,.T.);
#2191 = CIRCLE('',#2192,6.4);
#2192 = AXIS2_PLACEMENT_3D('',#2193,#2194,#2195);
#2193 = CARTESIAN_POINT('',(-1.888915678624,22.05,6.9));
#2194 = DIRECTION('',(0.,-1.,0.));
#2195 = DIRECTION('',(0.707106665647,0.,-0.707106896726));
#2196 = ORIENTED_EDGE('',*,*,#2038,.T.);
#2197 = ORIENTED_EDGE('',*,*,#815,.T.);
#2198 = ORIENTED_EDGE('',*,*,#2199,.T.);
#2199 = EDGE_CURVE('',#807,#2200,#2202,.T.);
#2200 = VERTEX_POINT('',#2201);
#2201 = CARTESIAN_POINT('',(-6.059930009001,22.05,2.728069990999));
#2202 = CIRCLE('',#2203,5.9);
#2203 = AXIS2_PLACEMENT_3D('',#2204,#2205,#2206);
#2204 = CARTESIAN_POINT('',(-1.888,22.05,6.9));
#2205 = DIRECTION('',(0.,-1.,0.));
#2206 = DIRECTION('',(0.999894974531,0.,-1.449275362319E-02));
#2207 = ORIENTED_EDGE('',*,*,#2208,.T.);
#2208 = EDGE_CURVE('',#2200,#2209,#2211,.T.);
#2209 = VERTEX_POINT('',#2210);
#2210 = CARTESIAN_POINT('',(-4.331860018001,22.05,1.));
#2211 = LINE('',#2212,#2213);
#2212 = CARTESIAN_POINT('',(-6.059930009001,22.05,2.728069990999));
#2213 = VECTOR('',#2214,1.);
#2214 = DIRECTION('',(0.707106781187,0.,-0.707106781187));
#2215 = ORIENTED_EDGE('',*,*,#2216,.F.);
#2216 = EDGE_CURVE('',#2181,#2209,#2217,.T.);
#2217 = LINE('',#2218,#2219);
#2218 = CARTESIAN_POINT('',(0.262050344584,22.05,1.));
#2219 = VECTOR('',#2220,1.);
#2220 = DIRECTION('',(-1.,-0.,-9.4E-16));
#2221 = FACE_BOUND('',#2222,.T.);
#2222 = EDGE_LOOP('',(#2223));
#2223 = ORIENTED_EDGE('',*,*,#2224,.F.);
#2224 = EDGE_CURVE('',#2225,#2225,#2227,.T.);
#2225 = VERTEX_POINT('',#2226);
#2226 = CARTESIAN_POINT('',(-0.588,22.05,6.9));
#2227 = CIRCLE('',#2228,1.3);
#2228 = AXIS2_PLACEMENT_3D('',#2229,#2230,#2231);
#2229 = CARTESIAN_POINT('',(-1.888,22.05,6.9));
#2230 = DIRECTION('',(0.,-1.,0.));
#2231 = DIRECTION('',(1.,0.,0.));
#2232 = PLANE('',#2233);
#2233 = AXIS2_PLACEMENT_3D('',#2234,#2235,#2236);
#2234 = CARTESIAN_POINT('',(-1.519453552202,22.05,6.348856146282));
#2235 = DIRECTION('',(-0.,-1.,-0.));
#2236 = DIRECTION('',(0.,0.,-1.));
#2237 = ADVANCED_FACE('',(#2238),#2257,.F.);
#2238 = FACE_BOUND('',#2239,.F.);
#2239 = EDGE_LOOP('',(#2240,#2248,#2249,#2250));
#2240 = ORIENTED_EDGE('',*,*,#2241,.F.);
#2241 = EDGE_CURVE('',#2064,#2242,#2244,.T.);
#2242 = VERTEX_POINT('',#2243);
#2243 = CARTESIAN_POINT('',(4.923572853476,138.35,4.9));
#2244 = LINE('',#2245,#2246);
#2245 = CARTESIAN_POINT('',(4.923572853476,138.35,4.9));
#2246 = VECTOR('',#2247,1.);
#2247 = DIRECTION('',(0.678472794057,-0.707106781187,-0.199185008785));
#2248 = ORIENTED_EDGE('',*,*,#2072,.T.);
#2249 = ORIENTED_EDGE('',*,*,#508,.T.);
#2250 = ORIENTED_EDGE('',*,*,#2251,.F.);
#2251 = EDGE_CURVE('',#2242,#509,#2252,.T.);
#2252 = CIRCLE('',#2253,7.1);
#2253 = AXIS2_PLACEMENT_3D('',#2254,#2255,#2256);
#2254 = CARTESIAN_POINT('',(-1.888915678624,138.35,6.9));
#2255 = DIRECTION('',(0.,-1.,4.4E-16));
#2256 = DIRECTION('',(0.959505427056,-1.239436619718E-16,-0.281690140845
    ));
#2257 = CONICAL_SURFACE('',#2258,7.1,0.785398163397);
#2258 = AXIS2_PLACEMENT_3D('',#2259,#2260,#2261);
#2259 = CARTESIAN_POINT('',(-1.888915678624,138.35,6.9));
#2260 = DIRECTION('',(0.,-1.,4.4E-16));
#2261 = DIRECTION('',(0.959505427056,-1.239436619718E-16,-0.281690140845
    ));
#2262 = ADVANCED_FACE('',(#2263),#2282,.T.);
#2263 = FACE_BOUND('',#2264,.F.);
#2264 = EDGE_LOOP('',(#2265,#2266,#2267,#2275));
#2265 = ORIENTED_EDGE('',*,*,#806,.F.);
#2266 = ORIENTED_EDGE('',*,*,#2199,.T.);
#2267 = ORIENTED_EDGE('',*,*,#2268,.T.);
#2268 = EDGE_CURVE('',#2200,#2269,#2271,.T.);
#2269 = VERTEX_POINT('',#2270);
#2270 = CARTESIAN_POINT('',(-6.767036790187,23.05,2.020963209813));
#2271 = LINE('',#2272,#2273);
#2272 = CARTESIAN_POINT('',(-6.767036790187,23.05,2.020963209813));
#2273 = VECTOR('',#2274,1.);
#2274 = DIRECTION('',(-0.5,0.707106781187,-0.5));
#2275 = ORIENTED_EDGE('',*,*,#2276,.F.);
#2276 = EDGE_CURVE('',#799,#2269,#2277,.T.);
#2277 = CIRCLE('',#2278,6.9);
#2278 = AXIS2_PLACEMENT_3D('',#2279,#2280,#2281);
#2279 = CARTESIAN_POINT('',(-1.888,23.05,6.9));
#2280 = DIRECTION('',(0.,-1.,0.));
#2281 = DIRECTION('',(0.999894974531,0.,-1.449275362319E-02));
#2282 = CONICAL_SURFACE('',#2283,6.9,0.785398163397);
#2283 = AXIS2_PLACEMENT_3D('',#2284,#2285,#2286);
#2284 = CARTESIAN_POINT('',(-1.888,23.05,6.9));
#2285 = DIRECTION('',(0.,1.,0.));
#2286 = DIRECTION('',(0.999894974531,0.,-1.449275362319E-02));
#2287 = ADVANCED_FACE('',(#2288),#2325,.F.);
#2288 = FACE_BOUND('',#2289,.F.);
#2289 = EDGE_LOOP('',(#2290,#2300,#2307,#2308,#2309,#2318));
#2290 = ORIENTED_EDGE('',*,*,#2291,.T.);
#2291 = EDGE_CURVE('',#2292,#2294,#2296,.T.);
#2292 = VERTEX_POINT('',#2293);
#2293 = CARTESIAN_POINT('',(3.13154164747,128.65,1.879541033246));
#2294 = VERTEX_POINT('',#2295);
#2295 = CARTESIAN_POINT('',(3.13154164747,138.35,1.879541033246));
#2296 = LINE('',#2297,#2298);
#2297 = CARTESIAN_POINT('',(3.13154164747,4.2E-16,1.879541033246));
#2298 = VECTOR('',#2299,1.);
#2299 = DIRECTION('',(0.,1.,-2.2E-16));
#2300 = ORIENTED_EDGE('',*,*,#2301,.T.);
#2301 = EDGE_CURVE('',#2294,#2242,#2302,.T.);
#2302 = CIRCLE('',#2303,7.1);
#2303 = AXIS2_PLACEMENT_3D('',#2304,#2305,#2306);
#2304 = CARTESIAN_POINT('',(-1.888915678624,138.35,6.9));
#2305 = DIRECTION('',(-2.465190328816E-32,-1.,4.4E-16));
#2306 = DIRECTION('',(0.707106665647,-3.111270345594E-16,-0.707106896726
    ));
#2307 = ORIENTED_EDGE('',*,*,#2251,.T.);
#2308 = ORIENTED_EDGE('',*,*,#517,.F.);
#2309 = ORIENTED_EDGE('',*,*,#2310,.F.);
#2310 = EDGE_CURVE('',#2311,#518,#2313,.T.);
#2311 = VERTEX_POINT('',#2312);
#2312 = CARTESIAN_POINT('',(4.923572853476,128.65,4.9));
#2313 = CIRCLE('',#2314,7.1);
#2314 = AXIS2_PLACEMENT_3D('',#2315,#2316,#2317);
#2315 = CARTESIAN_POINT('',(-1.888915678624,128.65,6.9));
#2316 = DIRECTION('',(0.,-1.,4.4E-16));
#2317 = DIRECTION('',(0.959505427056,-1.239436619718E-16,-0.281690140845
    ));
#2318 = ORIENTED_EDGE('',*,*,#2319,.F.);
#2319 = EDGE_CURVE('',#2292,#2311,#2320,.T.);
#2320 = CIRCLE('',#2321,7.1);
#2321 = AXIS2_PLACEMENT_3D('',#2322,#2323,#2324);
#2322 = CARTESIAN_POINT('',(-1.888915678624,128.65,6.9));
#2323 = DIRECTION('',(-2.465190328816E-32,-1.,4.4E-16));
#2324 = DIRECTION('',(0.707106665647,-3.111270345594E-16,-0.707106896726
    ));
#2325 = CYLINDRICAL_SURFACE('',#2326,7.1);
#2326 = AXIS2_PLACEMENT_3D('',#2327,#2328,#2329);
#2327 = CARTESIAN_POINT('',(-1.888915678624,1.53E-15,6.9));
#2328 = DIRECTION('',(0.,-1.,2.2E-16));
#2329 = DIRECTION('',(1.,0.,0.));
#2330 = ADVANCED_FACE('',(#2331),#2350,.T.);
#2331 = FACE_BOUND('',#2332,.F.);
#2332 = EDGE_LOOP('',(#2333,#2334,#2335,#2343));
#2333 = ORIENTED_EDGE('',*,*,#798,.T.);
#2334 = ORIENTED_EDGE('',*,*,#2276,.T.);
#2335 = ORIENTED_EDGE('',*,*,#2336,.F.);
#2336 = EDGE_CURVE('',#2337,#2269,#2339,.T.);
#2337 = VERTEX_POINT('',#2338);
#2338 = CARTESIAN_POINT('',(-6.767036790187,31.95,2.020963209813));
#2339 = LINE('',#2340,#2341);
#2340 = CARTESIAN_POINT('',(-6.767036790187,32.95,2.020963209813));
#2341 = VECTOR('',#2342,1.);
#2342 = DIRECTION('',(0.,-1.,2.2E-16));
#2343 = ORIENTED_EDGE('',*,*,#2344,.F.);
#2344 = EDGE_CURVE('',#790,#2337,#2345,.T.);
#2345 = CIRCLE('',#2346,6.9);
#2346 = AXIS2_PLACEMENT_3D('',#2347,#2348,#2349);
#2347 = CARTESIAN_POINT('',(-1.888,31.95,6.9));
#2348 = DIRECTION('',(0.,-1.,0.));
#2349 = DIRECTION('',(0.999894974531,0.,-1.449275362319E-02));
#2350 = CYLINDRICAL_SURFACE('',#2351,6.9);
#2351 = AXIS2_PLACEMENT_3D('',#2352,#2353,#2354);
#2352 = CARTESIAN_POINT('',(-1.888,32.95,6.9));
#2353 = DIRECTION('',(0.,1.,-2.2E-16));
#2354 = DIRECTION('',(1.,0.,0.));
#2355 = ADVANCED_FACE('',(#2356),#2375,.F.);
#2356 = FACE_BOUND('',#2357,.F.);
#2357 = EDGE_LOOP('',(#2358,#2366,#2367,#2368));
#2358 = ORIENTED_EDGE('',*,*,#2359,.F.);
#2359 = EDGE_CURVE('',#2311,#2360,#2362,.T.);
#2360 = VERTEX_POINT('',#2361);
#2361 = CARTESIAN_POINT('',(4.251919054537,127.95,5.097183098592));
#2362 = LINE('',#2363,#2364);
#2363 = CARTESIAN_POINT('',(4.923572853476,128.65,4.9));
#2364 = VECTOR('',#2365,1.);
#2365 = DIRECTION('',(-0.678472794057,-0.707106781187,0.199185008785));
#2366 = ORIENTED_EDGE('',*,*,#2310,.T.);
#2367 = ORIENTED_EDGE('',*,*,#525,.T.);
#2368 = ORIENTED_EDGE('',*,*,#2369,.F.);
#2369 = EDGE_CURVE('',#2360,#526,#2370,.T.);
#2370 = CIRCLE('',#2371,6.4);
#2371 = AXIS2_PLACEMENT_3D('',#2372,#2373,#2374);
#2372 = CARTESIAN_POINT('',(-1.888915678624,127.95,6.9));
#2373 = DIRECTION('',(0.,-1.,4.4E-16));
#2374 = DIRECTION('',(0.959505427056,-1.239436619718E-16,-0.281690140845
    ));
#2375 = CONICAL_SURFACE('',#2376,7.1,0.785398163397);
#2376 = AXIS2_PLACEMENT_3D('',#2377,#2378,#2379);
#2377 = CARTESIAN_POINT('',(-1.888915678624,128.65,6.9));
#2378 = DIRECTION('',(0.,1.,-4.4E-16));
#2379 = DIRECTION('',(0.959505427056,-1.239436619718E-16,-0.281690140845
    ));
#2380 = ADVANCED_FACE('',(#2381),#2400,.T.);
#2381 = FACE_BOUND('',#2382,.T.);
#2382 = EDGE_LOOP('',(#2383,#2384,#2393,#2399));
#2383 = ORIENTED_EDGE('',*,*,#789,.F.);
#2384 = ORIENTED_EDGE('',*,*,#2385,.T.);
#2385 = EDGE_CURVE('',#782,#2386,#2388,.T.);
#2386 = VERTEX_POINT('',#2387);
#2387 = CARTESIAN_POINT('',(-6.059930009001,32.95,2.728069990999));
#2388 = CIRCLE('',#2389,5.9);
#2389 = AXIS2_PLACEMENT_3D('',#2390,#2391,#2392);
#2390 = CARTESIAN_POINT('',(-1.888,32.95,6.9));
#2391 = DIRECTION('',(0.,-1.,0.));
#2392 = DIRECTION('',(0.999894974531,0.,-1.449275362319E-02));
#2393 = ORIENTED_EDGE('',*,*,#2394,.T.);
#2394 = EDGE_CURVE('',#2386,#2337,#2395,.T.);
#2395 = LINE('',#2396,#2397);
#2396 = CARTESIAN_POINT('',(-6.767036790187,31.95,2.020963209813));
#2397 = VECTOR('',#2398,1.);
#2398 = DIRECTION('',(-0.5,-0.707106781187,-0.5));
#2399 = ORIENTED_EDGE('',*,*,#2344,.F.);
#2400 = CONICAL_SURFACE('',#2401,6.9,0.785398163397);
#2401 = AXIS2_PLACEMENT_3D('',#2402,#2403,#2404);
#2402 = CARTESIAN_POINT('',(-1.888,31.95,6.9));
#2403 = DIRECTION('',(-0.,-1.,-0.));
#2404 = DIRECTION('',(0.999894974531,0.,-1.449275362319E-02));
#2405 = ADVANCED_FACE('',(#2406,#2450),#2461,.T.);
#2406 = FACE_BOUND('',#2407,.T.);
#2407 = EDGE_LOOP('',(#2408,#2418,#2426,#2434,#2441,#2442,#2443));
#2408 = ORIENTED_EDGE('',*,*,#2409,.F.);
#2409 = EDGE_CURVE('',#2410,#2412,#2414,.T.);
#2410 = VERTEX_POINT('',#2411);
#2411 = CARTESIAN_POINT('',(1.262050671379,127.95,1.));
#2412 = VERTEX_POINT('',#2413);
#2413 = CARTESIAN_POINT('',(2.636566981517,127.95,2.374515860954));
#2414 = LINE('',#2415,#2416);
#2415 = CARTESIAN_POINT('',(0.757025334047,127.95,0.494974827708));
#2416 = VECTOR('',#2417,1.);
#2417 = DIRECTION('',(0.707106896726,3.1E-16,0.707106665647));
#2418 = ORIENTED_EDGE('',*,*,#2419,.T.);
#2419 = EDGE_CURVE('',#2410,#2420,#2422,.T.);
#2420 = VERTEX_POINT('',#2421);
#2421 = CARTESIAN_POINT('',(-4.331860018001,127.95,1.));
#2422 = LINE('',#2423,#2424);
#2423 = CARTESIAN_POINT('',(0.262050344584,127.95,1.));
#2424 = VECTOR('',#2425,1.);
#2425 = DIRECTION('',(-1.,-0.,-9.4E-16));
#2426 = ORIENTED_EDGE('',*,*,#2427,.F.);
#2427 = EDGE_CURVE('',#2428,#2420,#2430,.T.);
#2428 = VERTEX_POINT('',#2429);
#2429 = CARTESIAN_POINT('',(-6.059930009001,127.95,2.728069990999));
#2430 = LINE('',#2431,#2432);
#2431 = CARTESIAN_POINT('',(-6.059930009001,127.95,2.728069990999));
#2432 = VECTOR('',#2433,1.);
#2433 = DIRECTION('',(0.707106781187,0.,-0.707106781187));
#2434 = ORIENTED_EDGE('',*,*,#2435,.F.);
#2435 = EDGE_CURVE('',#535,#2428,#2436,.T.);
#2436 = CIRCLE('',#2437,5.9);
#2437 = AXIS2_PLACEMENT_3D('',#2438,#2439,#2440);
#2438 = CARTESIAN_POINT('',(-1.888,127.95,6.9));
#2439 = DIRECTION('',(0.,-1.,4.4E-16));
#2440 = DIRECTION('',(0.999894974531,-6.376811594201E-18,
    -1.449275362318E-02));
#2441 = ORIENTED_EDGE('',*,*,#534,.F.);
#2442 = ORIENTED_EDGE('',*,*,#2369,.F.);
#2443 = ORIENTED_EDGE('',*,*,#2444,.F.);
#2444 = EDGE_CURVE('',#2412,#2360,#2445,.T.);
#2445 = CIRCLE('',#2446,6.4);
#2446 = AXIS2_PLACEMENT_3D('',#2447,#2448,#2449);
#2447 = CARTESIAN_POINT('',(-1.888915678624,127.95,6.9));
#2448 = DIRECTION('',(-2.465190328816E-32,-1.,4.4E-16));
#2449 = DIRECTION('',(0.707106665647,-3.111270345594E-16,-0.707106896726
    ));
#2450 = FACE_BOUND('',#2451,.T.);
#2451 = EDGE_LOOP('',(#2452));
#2452 = ORIENTED_EDGE('',*,*,#2453,.F.);
#2453 = EDGE_CURVE('',#2454,#2454,#2456,.T.);
#2454 = VERTEX_POINT('',#2455);
#2455 = CARTESIAN_POINT('',(-3.188,127.95,6.9));
#2456 = CIRCLE('',#2457,1.3);
#2457 = AXIS2_PLACEMENT_3D('',#2458,#2459,#2460);
#2458 = CARTESIAN_POINT('',(-1.888,127.95,6.9));
#2459 = DIRECTION('',(0.,1.,-0.));
#2460 = DIRECTION('',(-1.,0.,0.));
#2461 = PLANE('',#2462);
#2462 = AXIS2_PLACEMENT_3D('',#2463,#2464,#2465);
#2463 = CARTESIAN_POINT('',(-1.519453552202,127.95,6.348856146282));
#2464 = DIRECTION('',(0.,1.,0.));
#2465 = DIRECTION('',(0.,0.,1.));
#2466 = ADVANCED_FACE('',(#2467,#2511),#2522,.T.);
#2467 = FACE_BOUND('',#2468,.T.);
#2468 = EDGE_LOOP('',(#2469,#2479,#2487,#2493,#2494,#2495,#2504));
#2469 = ORIENTED_EDGE('',*,*,#2470,.F.);
#2470 = EDGE_CURVE('',#2471,#2473,#2475,.T.);
#2471 = VERTEX_POINT('',#2472);
#2472 = CARTESIAN_POINT('',(1.262050671379,32.95,1.));
#2473 = VERTEX_POINT('',#2474);
#2474 = CARTESIAN_POINT('',(2.636566981517,32.95,2.374515860954));
#2475 = LINE('',#2476,#2477);
#2476 = CARTESIAN_POINT('',(0.757025334047,32.95,0.494974827708));
#2477 = VECTOR('',#2478,1.);
#2478 = DIRECTION('',(0.707106896726,0.,0.707106665647));
#2479 = ORIENTED_EDGE('',*,*,#2480,.F.);
#2480 = EDGE_CURVE('',#2481,#2471,#2483,.T.);
#2481 = VERTEX_POINT('',#2482);
#2482 = CARTESIAN_POINT('',(-4.331860018001,32.95,1.));
#2483 = LINE('',#2484,#2485);
#2484 = CARTESIAN_POINT('',(-3.331860018001,32.95,1.));
#2485 = VECTOR('',#2486,1.);
#2486 = DIRECTION('',(1.,0.,0.));
#2487 = ORIENTED_EDGE('',*,*,#2488,.F.);
#2488 = EDGE_CURVE('',#2386,#2481,#2489,.T.);
#2489 = LINE('',#2490,#2491);
#2490 = CARTESIAN_POINT('',(-6.059930009001,32.95,2.728069990999));
#2491 = VECTOR('',#2492,1.);
#2492 = DIRECTION('',(0.707106781187,0.,-0.707106781187));
#2493 = ORIENTED_EDGE('',*,*,#2385,.F.);
#2494 = ORIENTED_EDGE('',*,*,#781,.F.);
#2495 = ORIENTED_EDGE('',*,*,#2496,.F.);
#2496 = EDGE_CURVE('',#2497,#773,#2499,.T.);
#2497 = VERTEX_POINT('',#2498);
#2498 = CARTESIAN_POINT('',(4.251919054537,32.95,5.097183098592));
#2499 = CIRCLE('',#2500,6.4);
#2500 = AXIS2_PLACEMENT_3D('',#2501,#2502,#2503);
#2501 = CARTESIAN_POINT('',(-1.888915678624,32.95,6.9));
#2502 = DIRECTION('',(0.,-1.,0.));
#2503 = DIRECTION('',(0.959505427056,0.,-0.281690140845));
#2504 = ORIENTED_EDGE('',*,*,#2505,.F.);
#2505 = EDGE_CURVE('',#2473,#2497,#2506,.T.);
#2506 = CIRCLE('',#2507,6.4);
#2507 = AXIS2_PLACEMENT_3D('',#2508,#2509,#2510);
#2508 = CARTESIAN_POINT('',(-1.888915678624,32.95,6.9));
#2509 = DIRECTION('',(0.,-1.,0.));
#2510 = DIRECTION('',(0.707106665647,0.,-0.707106896726));
#2511 = FACE_BOUND('',#2512,.T.);
#2512 = EDGE_LOOP('',(#2513));
#2513 = ORIENTED_EDGE('',*,*,#2514,.T.);
#2514 = EDGE_CURVE('',#2515,#2515,#2517,.T.);
#2515 = VERTEX_POINT('',#2516);
#2516 = CARTESIAN_POINT('',(-0.588,32.95,6.9));
#2517 = CIRCLE('',#2518,1.3);
#2518 = AXIS2_PLACEMENT_3D('',#2519,#2520,#2521);
#2519 = CARTESIAN_POINT('',(-1.888,32.95,6.9));
#2520 = DIRECTION('',(0.,-1.,0.));
#2521 = DIRECTION('',(1.,0.,0.));
#2522 = PLANE('',#2523);
#2523 = AXIS2_PLACEMENT_3D('',#2524,#2525,#2526);
#2524 = CARTESIAN_POINT('',(-1.519453552202,32.95,6.348856146282));
#2525 = DIRECTION('',(0.,1.,0.));
#2526 = DIRECTION('',(0.,0.,1.));
#2527 = ADVANCED_FACE('',(#2528),#2547,.T.);
#2528 = FACE_BOUND('',#2529,.T.);
#2529 = EDGE_LOOP('',(#2530,#2531,#2532,#2540));
#2530 = ORIENTED_EDGE('',*,*,#542,.F.);
#2531 = ORIENTED_EDGE('',*,*,#2435,.T.);
#2532 = ORIENTED_EDGE('',*,*,#2533,.T.);
#2533 = EDGE_CURVE('',#2428,#2534,#2536,.T.);
#2534 = VERTEX_POINT('',#2535);
#2535 = CARTESIAN_POINT('',(-6.767036790187,126.95,2.020963209813));
#2536 = LINE('',#2537,#2538);
#2537 = CARTESIAN_POINT('',(-6.767036790187,126.95,2.020963209813));
#2538 = VECTOR('',#2539,1.);
#2539 = DIRECTION('',(-0.5,-0.707106781187,-0.5));
#2540 = ORIENTED_EDGE('',*,*,#2541,.F.);
#2541 = EDGE_CURVE('',#543,#2534,#2542,.T.);
#2542 = CIRCLE('',#2543,6.9);
#2543 = AXIS2_PLACEMENT_3D('',#2544,#2545,#2546);
#2544 = CARTESIAN_POINT('',(-1.888,126.95,6.9));
#2545 = DIRECTION('',(0.,-1.,4.4E-16));
#2546 = DIRECTION('',(0.999894974531,-6.376811594201E-18,
    -1.449275362318E-02));
#2547 = CONICAL_SURFACE('',#2548,6.9,0.785398163397);
#2548 = AXIS2_PLACEMENT_3D('',#2549,#2550,#2551);
#2549 = CARTESIAN_POINT('',(-1.888,126.95,6.9));
#2550 = DIRECTION('',(0.,-1.,4.4E-16));
#2551 = DIRECTION('',(0.999894974531,-6.376811594201E-18,
    -1.449275362318E-02));
#2552 = ADVANCED_FACE('',(#2553),#2572,.F.);
#2553 = FACE_BOUND('',#2554,.T.);
#2554 = EDGE_LOOP('',(#2555,#2563,#2564,#2565));
#2555 = ORIENTED_EDGE('',*,*,#2556,.F.);
#2556 = EDGE_CURVE('',#2497,#2557,#2559,.T.);
#2557 = VERTEX_POINT('',#2558);
#2558 = CARTESIAN_POINT('',(4.923572853476,33.65,4.9));
#2559 = LINE('',#2560,#2561);
#2560 = CARTESIAN_POINT('',(4.923572853476,33.65,4.9));
#2561 = VECTOR('',#2562,1.);
#2562 = DIRECTION('',(0.678472794057,0.707106781187,-0.199185008785));
#2563 = ORIENTED_EDGE('',*,*,#2496,.T.);
#2564 = ORIENTED_EDGE('',*,*,#772,.T.);
#2565 = ORIENTED_EDGE('',*,*,#2566,.F.);
#2566 = EDGE_CURVE('',#2557,#765,#2567,.T.);
#2567 = CIRCLE('',#2568,7.1);
#2568 = AXIS2_PLACEMENT_3D('',#2569,#2570,#2571);
#2569 = CARTESIAN_POINT('',(-1.888915678624,33.65,6.9));
#2570 = DIRECTION('',(0.,-1.,0.));
#2571 = DIRECTION('',(0.959505427056,0.,-0.281690140845));
#2572 = CONICAL_SURFACE('',#2573,7.1,0.785398163397);
#2573 = AXIS2_PLACEMENT_3D('',#2574,#2575,#2576);
#2574 = CARTESIAN_POINT('',(-1.888915678624,33.65,6.9));
#2575 = DIRECTION('',(0.,1.,0.));
#2576 = DIRECTION('',(0.959505427056,0.,-0.281690140845));
#2577 = ADVANCED_FACE('',(#2578),#2597,.T.);
#2578 = FACE_BOUND('',#2579,.T.);
#2579 = EDGE_LOOP('',(#2580,#2581,#2582,#2590));
#2580 = ORIENTED_EDGE('',*,*,#551,.T.);
#2581 = ORIENTED_EDGE('',*,*,#2541,.T.);
#2582 = ORIENTED_EDGE('',*,*,#2583,.F.);
#2583 = EDGE_CURVE('',#2584,#2534,#2586,.T.);
#2584 = VERTEX_POINT('',#2585);
#2585 = CARTESIAN_POINT('',(-6.767036790187,118.05,2.020963209813));
#2586 = LINE('',#2587,#2588);
#2587 = CARTESIAN_POINT('',(-6.767036790187,117.05,2.020963209813));
#2588 = VECTOR('',#2589,1.);
#2589 = DIRECTION('',(0.,1.,-2.2E-16));
#2590 = ORIENTED_EDGE('',*,*,#2591,.F.);
#2591 = EDGE_CURVE('',#552,#2584,#2592,.T.);
#2592 = CIRCLE('',#2593,6.9);
#2593 = AXIS2_PLACEMENT_3D('',#2594,#2595,#2596);
#2594 = CARTESIAN_POINT('',(-1.888,118.05,6.9));
#2595 = DIRECTION('',(0.,-1.,4.4E-16));
#2596 = DIRECTION('',(0.999894974531,-6.376811594202E-18,
    -1.449275362319E-02));
#2597 = CYLINDRICAL_SURFACE('',#2598,6.9);
#2598 = AXIS2_PLACEMENT_3D('',#2599,#2600,#2601);
#2599 = CARTESIAN_POINT('',(-1.888,117.05,6.9));
#2600 = DIRECTION('',(0.,-1.,2.2E-16));
#2601 = DIRECTION('',(1.,0.,0.));
#2602 = ADVANCED_FACE('',(#2603),#2640,.F.);
#2603 = FACE_BOUND('',#2604,.F.);
#2604 = EDGE_LOOP('',(#2605,#2615,#2624,#2631,#2632,#2633));
#2605 = ORIENTED_EDGE('',*,*,#2606,.T.);
#2606 = EDGE_CURVE('',#2607,#2609,#2611,.T.);
#2607 = VERTEX_POINT('',#2608);
#2608 = CARTESIAN_POINT('',(3.13154164747,33.65,1.879541033246));
#2609 = VERTEX_POINT('',#2610);
#2610 = CARTESIAN_POINT('',(3.13154164747,43.35,1.879541033246));
#2611 = LINE('',#2612,#2613);
#2612 = CARTESIAN_POINT('',(3.13154164747,4.2E-16,1.879541033246));
#2613 = VECTOR('',#2614,1.);
#2614 = DIRECTION('',(0.,1.,-2.2E-16));
#2615 = ORIENTED_EDGE('',*,*,#2616,.T.);
#2616 = EDGE_CURVE('',#2609,#2617,#2619,.T.);
#2617 = VERTEX_POINT('',#2618);
#2618 = CARTESIAN_POINT('',(4.923572853476,43.35,4.9));
#2619 = CIRCLE('',#2620,7.1);
#2620 = AXIS2_PLACEMENT_3D('',#2621,#2622,#2623);
#2621 = CARTESIAN_POINT('',(-1.888915678624,43.35,6.9));
#2622 = DIRECTION('',(0.,-1.,0.));
#2623 = DIRECTION('',(0.707106665647,0.,-0.707106896726));
#2624 = ORIENTED_EDGE('',*,*,#2625,.T.);
#2625 = EDGE_CURVE('',#2617,#756,#2626,.T.);
#2626 = CIRCLE('',#2627,7.1);
#2627 = AXIS2_PLACEMENT_3D('',#2628,#2629,#2630);
#2628 = CARTESIAN_POINT('',(-1.888915678624,43.35,6.9));
#2629 = DIRECTION('',(0.,-1.,0.));
#2630 = DIRECTION('',(0.959505427056,0.,-0.281690140845));
#2631 = ORIENTED_EDGE('',*,*,#764,.F.);
#2632 = ORIENTED_EDGE('',*,*,#2566,.F.);
#2633 = ORIENTED_EDGE('',*,*,#2634,.F.);
#2634 = EDGE_CURVE('',#2607,#2557,#2635,.T.);
#2635 = CIRCLE('',#2636,7.1);
#2636 = AXIS2_PLACEMENT_3D('',#2637,#2638,#2639);
#2637 = CARTESIAN_POINT('',(-1.888915678624,33.65,6.9));
#2638 = DIRECTION('',(0.,-1.,0.));
#2639 = DIRECTION('',(0.707106665647,0.,-0.707106896726));
#2640 = CYLINDRICAL_SURFACE('',#2641,7.1);
#2641 = AXIS2_PLACEMENT_3D('',#2642,#2643,#2644);
#2642 = CARTESIAN_POINT('',(-1.888915678624,1.53E-15,6.9));
#2643 = DIRECTION('',(0.,-1.,2.2E-16));
#2644 = DIRECTION('',(1.,0.,0.));
#2645 = ADVANCED_FACE('',(#2646),#2665,.T.);
#2646 = FACE_BOUND('',#2647,.F.);
#2647 = EDGE_LOOP('',(#2648,#2649,#2658,#2664));
#2648 = ORIENTED_EDGE('',*,*,#559,.F.);
#2649 = ORIENTED_EDGE('',*,*,#2650,.T.);
#2650 = EDGE_CURVE('',#560,#2651,#2653,.T.);
#2651 = VERTEX_POINT('',#2652);
#2652 = CARTESIAN_POINT('',(-6.059930009001,117.05,2.728069990999));
#2653 = CIRCLE('',#2654,5.9);
#2654 = AXIS2_PLACEMENT_3D('',#2655,#2656,#2657);
#2655 = CARTESIAN_POINT('',(-1.888,117.05,6.9));
#2656 = DIRECTION('',(0.,-1.,4.4E-16));
#2657 = DIRECTION('',(0.999894974531,-6.376811594202E-18,
    -1.449275362319E-02));
#2658 = ORIENTED_EDGE('',*,*,#2659,.T.);
#2659 = EDGE_CURVE('',#2651,#2584,#2660,.T.);
#2660 = LINE('',#2661,#2662);
#2661 = CARTESIAN_POINT('',(-6.767036790187,118.05,2.020963209813));
#2662 = VECTOR('',#2663,1.);
#2663 = DIRECTION('',(-0.5,0.707106781187,-0.5));
#2664 = ORIENTED_EDGE('',*,*,#2591,.F.);
#2665 = CONICAL_SURFACE('',#2666,6.9,0.785398163397);
#2666 = AXIS2_PLACEMENT_3D('',#2667,#2668,#2669);
#2667 = CARTESIAN_POINT('',(-1.888,118.05,6.9));
#2668 = DIRECTION('',(0.,1.,-4.4E-16));
#2669 = DIRECTION('',(0.999894974531,-6.376811594202E-18,
    -1.449275362319E-02));
#2670 = ADVANCED_FACE('',(#2671),#2690,.F.);
#2671 = FACE_BOUND('',#2672,.T.);
#2672 = EDGE_LOOP('',(#2673,#2681,#2682,#2683));
#2673 = ORIENTED_EDGE('',*,*,#2674,.F.);
#2674 = EDGE_CURVE('',#2617,#2675,#2677,.T.);
#2675 = VERTEX_POINT('',#2676);
#2676 = CARTESIAN_POINT('',(4.251919054537,44.05,5.097183098592));
#2677 = LINE('',#2678,#2679);
#2678 = CARTESIAN_POINT('',(4.923572853476,43.35,4.9));
#2679 = VECTOR('',#2680,1.);
#2680 = DIRECTION('',(-0.678472794057,0.707106781187,0.199185008785));
#2681 = ORIENTED_EDGE('',*,*,#2625,.T.);
#2682 = ORIENTED_EDGE('',*,*,#755,.T.);
#2683 = ORIENTED_EDGE('',*,*,#2684,.F.);
#2684 = EDGE_CURVE('',#2675,#748,#2685,.T.);
#2685 = CIRCLE('',#2686,6.4);
#2686 = AXIS2_PLACEMENT_3D('',#2687,#2688,#2689);
#2687 = CARTESIAN_POINT('',(-1.888915678624,44.05,6.9));
#2688 = DIRECTION('',(0.,-1.,0.));
#2689 = DIRECTION('',(0.959505427056,0.,-0.281690140845));
#2690 = CONICAL_SURFACE('',#2691,7.1,0.785398163397);
#2691 = AXIS2_PLACEMENT_3D('',#2692,#2693,#2694);
#2692 = CARTESIAN_POINT('',(-1.888915678624,43.35,6.9));
#2693 = DIRECTION('',(-0.,-1.,-0.));
#2694 = DIRECTION('',(0.959505427056,0.,-0.281690140845));
#2695 = ADVANCED_FACE('',(#2696,#2740),#2751,.T.);
#2696 = FACE_BOUND('',#2697,.T.);
#2697 = EDGE_LOOP('',(#2698,#2708,#2717,#2724,#2725,#2726,#2734));
#2698 = ORIENTED_EDGE('',*,*,#2699,.T.);
#2699 = EDGE_CURVE('',#2700,#2702,#2704,.T.);
#2700 = VERTEX_POINT('',#2701);
#2701 = CARTESIAN_POINT('',(1.262050671379,117.05,1.));
#2702 = VERTEX_POINT('',#2703);
#2703 = CARTESIAN_POINT('',(2.636566981517,117.05,2.374515860954));
#2704 = LINE('',#2705,#2706);
#2705 = CARTESIAN_POINT('',(0.757025334047,117.05,0.494974827708));
#2706 = VECTOR('',#2707,1.);
#2707 = DIRECTION('',(0.707106896726,3.1E-16,0.707106665647));
#2708 = ORIENTED_EDGE('',*,*,#2709,.T.);
#2709 = EDGE_CURVE('',#2702,#2710,#2712,.T.);
#2710 = VERTEX_POINT('',#2711);
#2711 = CARTESIAN_POINT('',(4.251919054537,117.05,5.097183098592));
#2712 = CIRCLE('',#2713,6.4);
#2713 = AXIS2_PLACEMENT_3D('',#2714,#2715,#2716);
#2714 = CARTESIAN_POINT('',(-1.888915678624,117.05,6.9));
#2715 = DIRECTION('',(-2.465190328816E-32,-1.,4.4E-16));
#2716 = DIRECTION('',(0.707106665647,-3.111270345594E-16,-0.707106896726
    ));
#2717 = ORIENTED_EDGE('',*,*,#2718,.T.);
#2718 = EDGE_CURVE('',#2710,#569,#2719,.T.);
#2719 = CIRCLE('',#2720,6.4);
#2720 = AXIS2_PLACEMENT_3D('',#2721,#2722,#2723);
#2721 = CARTESIAN_POINT('',(-1.888915678624,117.05,6.9));
#2722 = DIRECTION('',(0.,-1.,4.4E-16));
#2723 = DIRECTION('',(0.959505427056,-1.239436619718E-16,-0.281690140845
    ));
#2724 = ORIENTED_EDGE('',*,*,#568,.T.);
#2725 = ORIENTED_EDGE('',*,*,#2650,.T.);
#2726 = ORIENTED_EDGE('',*,*,#2727,.T.);
#2727 = EDGE_CURVE('',#2651,#2728,#2730,.T.);
#2728 = VERTEX_POINT('',#2729);
#2729 = CARTESIAN_POINT('',(-4.331860018001,117.05,1.));
#2730 = LINE('',#2731,#2732);
#2731 = CARTESIAN_POINT('',(-6.059930009001,117.05,2.728069990999));
#2732 = VECTOR('',#2733,1.);
#2733 = DIRECTION('',(0.707106781187,0.,-0.707106781187));
#2734 = ORIENTED_EDGE('',*,*,#2735,.T.);
#2735 = EDGE_CURVE('',#2728,#2700,#2736,.T.);
#2736 = LINE('',#2737,#2738);
#2737 = CARTESIAN_POINT('',(-3.331860018001,117.05,1.));
#2738 = VECTOR('',#2739,1.);
#2739 = DIRECTION('',(1.,0.,0.));
#2740 = FACE_BOUND('',#2741,.T.);
#2741 = EDGE_LOOP('',(#2742));
#2742 = ORIENTED_EDGE('',*,*,#2743,.T.);
#2743 = EDGE_CURVE('',#2744,#2744,#2746,.T.);
#2744 = VERTEX_POINT('',#2745);
#2745 = CARTESIAN_POINT('',(-3.188,117.05,6.9));
#2746 = CIRCLE('',#2747,1.3);
#2747 = AXIS2_PLACEMENT_3D('',#2748,#2749,#2750);
#2748 = CARTESIAN_POINT('',(-1.888,117.05,6.9));
#2749 = DIRECTION('',(0.,1.,-0.));
#2750 = DIRECTION('',(-1.,0.,0.));
#2751 = PLANE('',#2752);
#2752 = AXIS2_PLACEMENT_3D('',#2753,#2754,#2755);
#2753 = CARTESIAN_POINT('',(-1.519453552202,117.05,6.348856146282));
#2754 = DIRECTION('',(-0.,-1.,-0.));
#2755 = DIRECTION('',(0.,0.,-1.));
#2756 = ADVANCED_FACE('',(#2757),#2801,.F.);
#2757 = FACE_BOUND('',#2758,.T.);
#2758 = EDGE_LOOP('',(#2759,#2769,#2776,#2777,#2778,#2787,#2795));
#2759 = ORIENTED_EDGE('',*,*,#2760,.T.);
#2760 = EDGE_CURVE('',#2761,#2763,#2765,.T.);
#2761 = VERTEX_POINT('',#2762);
#2762 = CARTESIAN_POINT('',(1.262050671379,44.05,1.));
#2763 = VERTEX_POINT('',#2764);
#2764 = CARTESIAN_POINT('',(2.636566981517,44.05,2.374515860954));
#2765 = LINE('',#2766,#2767);
#2766 = CARTESIAN_POINT('',(0.757025334047,44.05,0.494974827708));
#2767 = VECTOR('',#2768,1.);
#2768 = DIRECTION('',(0.707106896726,0.,0.707106665647));
#2769 = ORIENTED_EDGE('',*,*,#2770,.T.);
#2770 = EDGE_CURVE('',#2763,#2675,#2771,.T.);
#2771 = CIRCLE('',#2772,6.4);
#2772 = AXIS2_PLACEMENT_3D('',#2773,#2774,#2775);
#2773 = CARTESIAN_POINT('',(-1.888915678624,44.05,6.9));
#2774 = DIRECTION('',(0.,-1.,0.));
#2775 = DIRECTION('',(0.707106665647,0.,-0.707106896726));
#2776 = ORIENTED_EDGE('',*,*,#2684,.T.);
#2777 = ORIENTED_EDGE('',*,*,#747,.T.);
#2778 = ORIENTED_EDGE('',*,*,#2779,.T.);
#2779 = EDGE_CURVE('',#739,#2780,#2782,.T.);
#2780 = VERTEX_POINT('',#2781);
#2781 = CARTESIAN_POINT('',(-6.059930009001,44.05,2.728069990999));
#2782 = CIRCLE('',#2783,5.9);
#2783 = AXIS2_PLACEMENT_3D('',#2784,#2785,#2786);
#2784 = CARTESIAN_POINT('',(-1.888,44.05,6.9));
#2785 = DIRECTION('',(0.,-1.,0.));
#2786 = DIRECTION('',(0.999894974531,0.,-1.449275362319E-02));
#2787 = ORIENTED_EDGE('',*,*,#2788,.T.);
#2788 = EDGE_CURVE('',#2780,#2789,#2791,.T.);
#2789 = VERTEX_POINT('',#2790);
#2790 = CARTESIAN_POINT('',(-4.331860018001,44.05,1.));
#2791 = LINE('',#2792,#2793);
#2792 = CARTESIAN_POINT('',(-6.059930009001,44.05,2.728069990999));
#2793 = VECTOR('',#2794,1.);
#2794 = DIRECTION('',(0.707106781187,0.,-0.707106781187));
#2795 = ORIENTED_EDGE('',*,*,#2796,.F.);
#2796 = EDGE_CURVE('',#2761,#2789,#2797,.T.);
#2797 = LINE('',#2798,#2799);
#2798 = CARTESIAN_POINT('',(0.262050344584,44.05,1.));
#2799 = VECTOR('',#2800,1.);
#2800 = DIRECTION('',(-1.,0.,0.));
#2801 = PLANE('',#2802);
#2802 = AXIS2_PLACEMENT_3D('',#2803,#2804,#2805);
#2803 = CARTESIAN_POINT('',(-1.23973484642,44.05,6.411013710369));
#2804 = DIRECTION('',(0.,1.,0.));
#2805 = DIRECTION('',(0.,0.,1.));
#2806 = ADVANCED_FACE('',(#2807),#2826,.F.);
#2807 = FACE_BOUND('',#2808,.F.);
#2808 = EDGE_LOOP('',(#2809,#2817,#2818,#2819));
#2809 = ORIENTED_EDGE('',*,*,#2810,.F.);
#2810 = EDGE_CURVE('',#2710,#2811,#2813,.T.);
#2811 = VERTEX_POINT('',#2812);
#2812 = CARTESIAN_POINT('',(4.923572853476,116.35,4.9));
#2813 = LINE('',#2814,#2815);
#2814 = CARTESIAN_POINT('',(4.923572853476,116.35,4.9));
#2815 = VECTOR('',#2816,1.);
#2816 = DIRECTION('',(0.678472794057,-0.707106781187,-0.199185008785));
#2817 = ORIENTED_EDGE('',*,*,#2718,.T.);
#2818 = ORIENTED_EDGE('',*,*,#576,.T.);
#2819 = ORIENTED_EDGE('',*,*,#2820,.F.);
#2820 = EDGE_CURVE('',#2811,#577,#2821,.T.);
#2821 = CIRCLE('',#2822,7.1);
#2822 = AXIS2_PLACEMENT_3D('',#2823,#2824,#2825);
#2823 = CARTESIAN_POINT('',(-1.888915678624,116.35,6.9));
#2824 = DIRECTION('',(0.,-1.,4.4E-16));
#2825 = DIRECTION('',(0.959505427056,-1.239436619718E-16,-0.281690140845
    ));
#2826 = CONICAL_SURFACE('',#2827,7.1,0.785398163397);
#2827 = AXIS2_PLACEMENT_3D('',#2828,#2829,#2830);
#2828 = CARTESIAN_POINT('',(-1.888915678624,116.35,6.9));
#2829 = DIRECTION('',(0.,-1.,4.4E-16));
#2830 = DIRECTION('',(0.959505427056,-1.239436619718E-16,-0.281690140845
    ));
#2831 = ADVANCED_FACE('',(#2832),#2851,.T.);
#2832 = FACE_BOUND('',#2833,.F.);
#2833 = EDGE_LOOP('',(#2834,#2835,#2836,#2844));
#2834 = ORIENTED_EDGE('',*,*,#738,.F.);
#2835 = ORIENTED_EDGE('',*,*,#2779,.T.);
#2836 = ORIENTED_EDGE('',*,*,#2837,.T.);
#2837 = EDGE_CURVE('',#2780,#2838,#2840,.T.);
#2838 = VERTEX_POINT('',#2839);
#2839 = CARTESIAN_POINT('',(-6.767036790187,45.05,2.020963209813));
#2840 = LINE('',#2841,#2842);
#2841 = CARTESIAN_POINT('',(-6.767036790187,45.05,2.020963209813));
#2842 = VECTOR('',#2843,1.);
#2843 = DIRECTION('',(-0.5,0.707106781187,-0.5));
#2844 = ORIENTED_EDGE('',*,*,#2845,.F.);
#2845 = EDGE_CURVE('',#731,#2838,#2846,.T.);
#2846 = CIRCLE('',#2847,6.9);
#2847 = AXIS2_PLACEMENT_3D('',#2848,#2849,#2850);
#2848 = CARTESIAN_POINT('',(-1.888,45.05,6.9));
#2849 = DIRECTION('',(0.,-1.,0.));
#2850 = DIRECTION('',(0.999894974531,0.,-1.449275362319E-02));
#2851 = CONICAL_SURFACE('',#2852,6.9,0.785398163397);
#2852 = AXIS2_PLACEMENT_3D('',#2853,#2854,#2855);
#2853 = CARTESIAN_POINT('',(-1.888,45.05,6.9));
#2854 = DIRECTION('',(0.,1.,0.));
#2855 = DIRECTION('',(0.999894974531,0.,-1.449275362319E-02));
#2856 = ADVANCED_FACE('',(#2857),#2894,.F.);
#2857 = FACE_BOUND('',#2858,.F.);
#2858 = EDGE_LOOP('',(#2859,#2869,#2876,#2877,#2878,#2887));
#2859 = ORIENTED_EDGE('',*,*,#2860,.T.);
#2860 = EDGE_CURVE('',#2861,#2863,#2865,.T.);
#2861 = VERTEX_POINT('',#2862);
#2862 = CARTESIAN_POINT('',(3.13154164747,106.65,1.879541033246));
#2863 = VERTEX_POINT('',#2864);
#2864 = CARTESIAN_POINT('',(3.13154164747,116.35,1.879541033246));
#2865 = LINE('',#2866,#2867);
#2866 = CARTESIAN_POINT('',(3.13154164747,4.2E-16,1.879541033246));
#2867 = VECTOR('',#2868,1.);
#2868 = DIRECTION('',(0.,1.,-2.2E-16));
#2869 = ORIENTED_EDGE('',*,*,#2870,.T.);
#2870 = EDGE_CURVE('',#2863,#2811,#2871,.T.);
#2871 = CIRCLE('',#2872,7.1);
#2872 = AXIS2_PLACEMENT_3D('',#2873,#2874,#2875);
#2873 = CARTESIAN_POINT('',(-1.888915678624,116.35,6.9));
#2874 = DIRECTION('',(-2.465190328816E-32,-1.,4.4E-16));
#2875 = DIRECTION('',(0.707106665647,-3.111270345594E-16,-0.707106896726
    ));
#2876 = ORIENTED_EDGE('',*,*,#2820,.T.);
#2877 = ORIENTED_EDGE('',*,*,#585,.F.);
#2878 = ORIENTED_EDGE('',*,*,#2879,.F.);
#2879 = EDGE_CURVE('',#2880,#586,#2882,.T.);
#2880 = VERTEX_POINT('',#2881);
#2881 = CARTESIAN_POINT('',(4.923572853476,106.65,4.9));
#2882 = CIRCLE('',#2883,7.1);
#2883 = AXIS2_PLACEMENT_3D('',#2884,#2885,#2886);
#2884 = CARTESIAN_POINT('',(-1.888915678624,106.65,6.9));
#2885 = DIRECTION('',(0.,-1.,4.4E-16));
#2886 = DIRECTION('',(0.959505427056,-1.239436619718E-16,-0.281690140845
    ));
#2887 = ORIENTED_EDGE('',*,*,#2888,.F.);
#2888 = EDGE_CURVE('',#2861,#2880,#2889,.T.);
#2889 = CIRCLE('',#2890,7.1);
#2890 = AXIS2_PLACEMENT_3D('',#2891,#2892,#2893);
#2891 = CARTESIAN_POINT('',(-1.888915678624,106.65,6.9));
#2892 = DIRECTION('',(-2.465190328816E-32,-1.,4.4E-16));
#2893 = DIRECTION('',(0.707106665647,-3.111270345594E-16,-0.707106896726
    ));
#2894 = CYLINDRICAL_SURFACE('',#2895,7.1);
#2895 = AXIS2_PLACEMENT_3D('',#2896,#2897,#2898);
#2896 = CARTESIAN_POINT('',(-1.888915678624,1.53E-15,6.9));
#2897 = DIRECTION('',(0.,-1.,2.2E-16));
#2898 = DIRECTION('',(1.,0.,0.));
#2899 = ADVANCED_FACE('',(#2900),#2919,.T.);
#2900 = FACE_BOUND('',#2901,.F.);
#2901 = EDGE_LOOP('',(#2902,#2903,#2904,#2912));
#2902 = ORIENTED_EDGE('',*,*,#730,.T.);
#2903 = ORIENTED_EDGE('',*,*,#2845,.T.);
#2904 = ORIENTED_EDGE('',*,*,#2905,.F.);
#2905 = EDGE_CURVE('',#2906,#2838,#2908,.T.);
#2906 = VERTEX_POINT('',#2907);
#2907 = CARTESIAN_POINT('',(-6.767036790187,55.35,2.020963209813));
#2908 = LINE('',#2909,#2910);
#2909 = CARTESIAN_POINT('',(-6.767036790187,56.35,2.020963209813));
#2910 = VECTOR('',#2911,1.);
#2911 = DIRECTION('',(0.,-1.,2.2E-16));
#2912 = ORIENTED_EDGE('',*,*,#2913,.F.);
#2913 = EDGE_CURVE('',#722,#2906,#2914,.T.);
#2914 = CIRCLE('',#2915,6.9);
#2915 = AXIS2_PLACEMENT_3D('',#2916,#2917,#2918);
#2916 = CARTESIAN_POINT('',(-1.888,55.35,6.9));
#2917 = DIRECTION('',(0.,-1.,0.));
#2918 = DIRECTION('',(0.999894974531,0.,-1.449275362319E-02));
#2919 = CYLINDRICAL_SURFACE('',#2920,6.9);
#2920 = AXIS2_PLACEMENT_3D('',#2921,#2922,#2923);
#2921 = CARTESIAN_POINT('',(-1.888,56.35,6.9));
#2922 = DIRECTION('',(0.,1.,-2.2E-16));
#2923 = DIRECTION('',(1.,0.,0.));
#2924 = ADVANCED_FACE('',(#2925),#2944,.F.);
#2925 = FACE_BOUND('',#2926,.F.);
#2926 = EDGE_LOOP('',(#2927,#2935,#2936,#2937));
#2927 = ORIENTED_EDGE('',*,*,#2928,.F.);
#2928 = EDGE_CURVE('',#2880,#2929,#2931,.T.);
#2929 = VERTEX_POINT('',#2930);
#2930 = CARTESIAN_POINT('',(4.251919054537,105.95,5.097183098592));
#2931 = LINE('',#2932,#2933);
#2932 = CARTESIAN_POINT('',(4.923572853476,106.65,4.9));
#2933 = VECTOR('',#2934,1.);
#2934 = DIRECTION('',(-0.678472794057,-0.707106781187,0.199185008785));
#2935 = ORIENTED_EDGE('',*,*,#2879,.T.);
#2936 = ORIENTED_EDGE('',*,*,#593,.T.);
#2937 = ORIENTED_EDGE('',*,*,#2938,.F.);
#2938 = EDGE_CURVE('',#2929,#594,#2939,.T.);
#2939 = CIRCLE('',#2940,6.4);
#2940 = AXIS2_PLACEMENT_3D('',#2941,#2942,#2943);
#2941 = CARTESIAN_POINT('',(-1.888915678624,105.95,6.9));
#2942 = DIRECTION('',(0.,-1.,4.4E-16));
#2943 = DIRECTION('',(0.959505427056,-1.239436619718E-16,-0.281690140845
    ));
#2944 = CONICAL_SURFACE('',#2945,7.1,0.785398163397);
#2945 = AXIS2_PLACEMENT_3D('',#2946,#2947,#2948);
#2946 = CARTESIAN_POINT('',(-1.888915678624,106.65,6.9));
#2947 = DIRECTION('',(0.,1.,-4.4E-16));
#2948 = DIRECTION('',(0.959505427056,-1.239436619718E-16,-0.281690140845
    ));
#2949 = ADVANCED_FACE('',(#2950),#2969,.T.);
#2950 = FACE_BOUND('',#2951,.T.);
#2951 = EDGE_LOOP('',(#2952,#2953,#2962,#2968));
#2952 = ORIENTED_EDGE('',*,*,#721,.F.);
#2953 = ORIENTED_EDGE('',*,*,#2954,.T.);
#2954 = EDGE_CURVE('',#714,#2955,#2957,.T.);
#2955 = VERTEX_POINT('',#2956);
#2956 = CARTESIAN_POINT('',(-6.059930009001,56.35,2.728069990999));
#2957 = CIRCLE('',#2958,5.9);
#2958 = AXIS2_PLACEMENT_3D('',#2959,#2960,#2961);
#2959 = CARTESIAN_POINT('',(-1.888,56.35,6.9));
#2960 = DIRECTION('',(0.,-1.,0.));
#2961 = DIRECTION('',(0.999894974531,0.,-1.449275362319E-02));
#2962 = ORIENTED_EDGE('',*,*,#2963,.T.);
#2963 = EDGE_CURVE('',#2955,#2906,#2964,.T.);
#2964 = LINE('',#2965,#2966);
#2965 = CARTESIAN_POINT('',(-6.767036790187,55.35,2.020963209813));
#2966 = VECTOR('',#2967,1.);
#2967 = DIRECTION('',(-0.5,-0.707106781187,-0.5));
#2968 = ORIENTED_EDGE('',*,*,#2913,.F.);
#2969 = CONICAL_SURFACE('',#2970,6.9,0.785398163397);
#2970 = AXIS2_PLACEMENT_3D('',#2971,#2972,#2973);
#2971 = CARTESIAN_POINT('',(-1.888,55.35,6.9));
#2972 = DIRECTION('',(-0.,-1.,-0.));
#2973 = DIRECTION('',(0.999894974531,0.,-1.449275362319E-02));
#2974 = ADVANCED_FACE('',(#2975),#3019,.F.);
#2975 = FACE_BOUND('',#2976,.T.);
#2976 = EDGE_LOOP('',(#2977,#2987,#2995,#3003,#3010,#3011,#3012));
#2977 = ORIENTED_EDGE('',*,*,#2978,.F.);
#2978 = EDGE_CURVE('',#2979,#2981,#2983,.T.);
#2979 = VERTEX_POINT('',#2980);
#2980 = CARTESIAN_POINT('',(1.262050671379,105.95,1.));
#2981 = VERTEX_POINT('',#2982);
#2982 = CARTESIAN_POINT('',(2.636566981517,105.95,2.374515860954));
#2983 = LINE('',#2984,#2985);
#2984 = CARTESIAN_POINT('',(0.757025334047,105.95,0.494974827708));
#2985 = VECTOR('',#2986,1.);
#2986 = DIRECTION('',(0.707106896726,3.1E-16,0.707106665647));
#2987 = ORIENTED_EDGE('',*,*,#2988,.T.);
#2988 = EDGE_CURVE('',#2979,#2989,#2991,.T.);
#2989 = VERTEX_POINT('',#2990);
#2990 = CARTESIAN_POINT('',(-4.331860018001,105.95,1.));
#2991 = LINE('',#2992,#2993);
#2992 = CARTESIAN_POINT('',(0.262050344584,105.95,1.));
#2993 = VECTOR('',#2994,1.);
#2994 = DIRECTION('',(-1.,0.,0.));
#2995 = ORIENTED_EDGE('',*,*,#2996,.F.);
#2996 = EDGE_CURVE('',#2997,#2989,#2999,.T.);
#2997 = VERTEX_POINT('',#2998);
#2998 = CARTESIAN_POINT('',(-6.059930009001,105.95,2.728069990999));
#2999 = LINE('',#3000,#3001);
#3000 = CARTESIAN_POINT('',(-6.059930009001,105.95,2.728069990999));
#3001 = VECTOR('',#3002,1.);
#3002 = DIRECTION('',(0.707106781187,0.,-0.707106781187));
#3003 = ORIENTED_EDGE('',*,*,#3004,.F.);
#3004 = EDGE_CURVE('',#603,#2997,#3005,.T.);
#3005 = CIRCLE('',#3006,5.9);
#3006 = AXIS2_PLACEMENT_3D('',#3007,#3008,#3009);
#3007 = CARTESIAN_POINT('',(-1.888,105.95,6.9));
#3008 = DIRECTION('',(0.,-1.,4.4E-16));
#3009 = DIRECTION('',(0.999894974531,-6.376811594202E-18,
    -1.449275362319E-02));
#3010 = ORIENTED_EDGE('',*,*,#602,.F.);
#3011 = ORIENTED_EDGE('',*,*,#2938,.F.);
#3012 = ORIENTED_EDGE('',*,*,#3013,.F.);
#3013 = EDGE_CURVE('',#2981,#2929,#3014,.T.);
#3014 = CIRCLE('',#3015,6.4);
#3015 = AXIS2_PLACEMENT_3D('',#3016,#3017,#3018);
#3016 = CARTESIAN_POINT('',(-1.888915678624,105.95,6.9));
#3017 = DIRECTION('',(-2.465190328816E-32,-1.,4.4E-16));
#3018 = DIRECTION('',(0.707106665647,-3.111270345594E-16,-0.707106896726
    ));
#3019 = PLANE('',#3020);
#3020 = AXIS2_PLACEMENT_3D('',#3021,#3022,#3023);
#3021 = CARTESIAN_POINT('',(-1.23973484642,105.95,6.411013710369));
#3022 = DIRECTION('',(0.,-1.,4.4E-16));
#3023 = DIRECTION('',(-0.,-4.4E-16,-1.));
#3024 = ADVANCED_FACE('',(#3025,#3069),#3096,.T.);
#3025 = FACE_BOUND('',#3026,.T.);
#3026 = EDGE_LOOP('',(#3027,#3037,#3045,#3051,#3052,#3053,#3062));
#3027 = ORIENTED_EDGE('',*,*,#3028,.F.);
#3028 = EDGE_CURVE('',#3029,#3031,#3033,.T.);
#3029 = VERTEX_POINT('',#3030);
#3030 = CARTESIAN_POINT('',(1.262050671379,56.35,1.));
#3031 = VERTEX_POINT('',#3032);
#3032 = CARTESIAN_POINT('',(2.636566981517,56.35,2.374515860954));
#3033 = LINE('',#3034,#3035);
#3034 = CARTESIAN_POINT('',(0.757025334047,56.35,0.494974827708));
#3035 = VECTOR('',#3036,1.);
#3036 = DIRECTION('',(0.707106896726,0.,0.707106665647));
#3037 = ORIENTED_EDGE('',*,*,#3038,.F.);
#3038 = EDGE_CURVE('',#3039,#3029,#3041,.T.);
#3039 = VERTEX_POINT('',#3040);
#3040 = CARTESIAN_POINT('',(-4.331860018001,56.35,1.));
#3041 = LINE('',#3042,#3043);
#3042 = CARTESIAN_POINT('',(-3.331860018001,56.35,1.));
#3043 = VECTOR('',#3044,1.);
#3044 = DIRECTION('',(1.,0.,0.));
#3045 = ORIENTED_EDGE('',*,*,#3046,.F.);
#3046 = EDGE_CURVE('',#2955,#3039,#3047,.T.);
#3047 = LINE('',#3048,#3049);
#3048 = CARTESIAN_POINT('',(-6.059930009001,56.35,2.728069990999));
#3049 = VECTOR('',#3050,1.);
#3050 = DIRECTION('',(0.707106781187,0.,-0.707106781187));
#3051 = ORIENTED_EDGE('',*,*,#2954,.F.);
#3052 = ORIENTED_EDGE('',*,*,#713,.F.);
#3053 = ORIENTED_EDGE('',*,*,#3054,.F.);
#3054 = EDGE_CURVE('',#3055,#705,#3057,.T.);
#3055 = VERTEX_POINT('',#3056);
#3056 = CARTESIAN_POINT('',(4.251919054537,56.35,5.097183098592));
#3057 = CIRCLE('',#3058,6.4);
#3058 = AXIS2_PLACEMENT_3D('',#3059,#3060,#3061);
#3059 = CARTESIAN_POINT('',(-1.888915678624,56.35,6.9));
#3060 = DIRECTION('',(0.,-1.,0.));
#3061 = DIRECTION('',(0.959505427056,0.,-0.281690140845));
#3062 = ORIENTED_EDGE('',*,*,#3063,.F.);
#3063 = EDGE_CURVE('',#3031,#3055,#3064,.T.);
#3064 = CIRCLE('',#3065,6.4);
#3065 = AXIS2_PLACEMENT_3D('',#3066,#3067,#3068);
#3066 = CARTESIAN_POINT('',(-1.888915678624,56.35,6.9));
#3067 = DIRECTION('',(0.,-1.,0.));
#3068 = DIRECTION('',(0.707106665647,0.,-0.707106896726));
#3069 = FACE_BOUND('',#3070,.T.);
#3070 = EDGE_LOOP('',(#3071,#3082,#3090));
#3071 = ORIENTED_EDGE('',*,*,#3072,.T.);
#3072 = EDGE_CURVE('',#3073,#3075,#3077,.T.);
#3073 = VERTEX_POINT('',#3074);
#3074 = CARTESIAN_POINT('',(-4.388,56.35,11.230127018922));
#3075 = VERTEX_POINT('',#3076);
#3076 = CARTESIAN_POINT('',(0.612,56.35,11.230127018922));
#3077 = CIRCLE('',#3078,5.);
#3078 = AXIS2_PLACEMENT_3D('',#3079,#3080,#3081);
#3079 = CARTESIAN_POINT('',(-1.888,56.35,6.9));
#3080 = DIRECTION('',(0.,-1.,0.));
#3081 = DIRECTION('',(1.,0.,0.));
#3082 = ORIENTED_EDGE('',*,*,#3083,.F.);
#3083 = EDGE_CURVE('',#3084,#3075,#3086,.T.);
#3084 = VERTEX_POINT('',#3085);
#3085 = CARTESIAN_POINT('',(-1.888,56.35,12.673502691896));
#3086 = LINE('',#3087,#3088);
#3087 = CARTESIAN_POINT('',(-1.888,56.35,12.673502691896));
#3088 = VECTOR('',#3089,1.);
#3089 = DIRECTION('',(0.866025403784,0.,-0.5));
#3090 = ORIENTED_EDGE('',*,*,#3091,.T.);
#3091 = EDGE_CURVE('',#3084,#3073,#3092,.T.);
#3092 = LINE('',#3093,#3094);
#3093 = CARTESIAN_POINT('',(-1.888,56.35,12.673502691896));
#3094 = VECTOR('',#3095,1.);
#3095 = DIRECTION('',(-0.866025403784,-0.,-0.5));
#3096 = PLANE('',#3097);
#3097 = AXIS2_PLACEMENT_3D('',#3098,#3099,#3100);
#3098 = CARTESIAN_POINT('',(-1.23973484642,56.35,6.411013710369));
#3099 = DIRECTION('',(0.,1.,0.));
#3100 = DIRECTION('',(0.,0.,1.));
#3101 = ADVANCED_FACE('',(#3102),#3121,.T.);
#3102 = FACE_BOUND('',#3103,.T.);
#3103 = EDGE_LOOP('',(#3104,#3105,#3106,#3114));
#3104 = ORIENTED_EDGE('',*,*,#610,.F.);
#3105 = ORIENTED_EDGE('',*,*,#3004,.T.);
#3106 = ORIENTED_EDGE('',*,*,#3107,.T.);
#3107 = EDGE_CURVE('',#2997,#3108,#3110,.T.);
#3108 = VERTEX_POINT('',#3109);
#3109 = CARTESIAN_POINT('',(-6.767036790187,104.95,2.020963209813));
#3110 = LINE('',#3111,#3112);
#3111 = CARTESIAN_POINT('',(-6.767036790187,104.95,2.020963209813));
#3112 = VECTOR('',#3113,1.);
#3113 = DIRECTION('',(-0.5,-0.707106781187,-0.5));
#3114 = ORIENTED_EDGE('',*,*,#3115,.F.);
#3115 = EDGE_CURVE('',#611,#3108,#3116,.T.);
#3116 = CIRCLE('',#3117,6.9);
#3117 = AXIS2_PLACEMENT_3D('',#3118,#3119,#3120);
#3118 = CARTESIAN_POINT('',(-1.888,104.95,6.9));
#3119 = DIRECTION('',(0.,-1.,4.4E-16));
#3120 = DIRECTION('',(0.999894974531,-6.376811594202E-18,
    -1.449275362319E-02));
#3121 = CONICAL_SURFACE('',#3122,6.9,0.785398163397);
#3122 = AXIS2_PLACEMENT_3D('',#3123,#3124,#3125);
#3123 = CARTESIAN_POINT('',(-1.888,104.95,6.9));
#3124 = DIRECTION('',(0.,-1.,4.4E-16));
#3125 = DIRECTION('',(0.999894974531,-6.376811594202E-18,
    -1.449275362319E-02));
#3126 = ADVANCED_FACE('',(#3127),#3138,.F.);
#3127 = FACE_BOUND('',#3128,.T.);
#3128 = EDGE_LOOP('',(#3129,#3135,#3136,#3137));
#3129 = ORIENTED_EDGE('',*,*,#3130,.F.);
#3130 = EDGE_CURVE('',#3055,#1339,#3131,.T.);
#3131 = LINE('',#3132,#3133);
#3132 = CARTESIAN_POINT('',(4.923572853476,57.05,4.9));
#3133 = VECTOR('',#3134,1.);
#3134 = DIRECTION('',(0.678472794057,0.707106781187,-0.199185008785));
#3135 = ORIENTED_EDGE('',*,*,#3054,.T.);
#3136 = ORIENTED_EDGE('',*,*,#704,.T.);
#3137 = ORIENTED_EDGE('',*,*,#1338,.F.);
#3138 = CONICAL_SURFACE('',#3139,7.1,0.785398163397);
#3139 = AXIS2_PLACEMENT_3D('',#3140,#3141,#3142);
#3140 = CARTESIAN_POINT('',(-1.888915678624,57.05,6.9));
#3141 = DIRECTION('',(0.,1.,0.));
#3142 = DIRECTION('',(0.959505427056,0.,-0.281690140845));
#3143 = ADVANCED_FACE('',(#3144),#3163,.T.);
#3144 = FACE_BOUND('',#3145,.T.);
#3145 = EDGE_LOOP('',(#3146,#3147,#3148,#3156));
#3146 = ORIENTED_EDGE('',*,*,#619,.T.);
#3147 = ORIENTED_EDGE('',*,*,#3115,.T.);
#3148 = ORIENTED_EDGE('',*,*,#3149,.F.);
#3149 = EDGE_CURVE('',#3150,#3108,#3152,.T.);
#3150 = VERTEX_POINT('',#3151);
#3151 = CARTESIAN_POINT('',(-6.767036790187,94.65,2.020963209813));
#3152 = LINE('',#3153,#3154);
#3153 = CARTESIAN_POINT('',(-6.767036790187,93.65,2.020963209813));
#3154 = VECTOR('',#3155,1.);
#3155 = DIRECTION('',(0.,1.,-2.2E-16));
#3156 = ORIENTED_EDGE('',*,*,#3157,.F.);
#3157 = EDGE_CURVE('',#620,#3150,#3158,.T.);
#3158 = CIRCLE('',#3159,6.9);
#3159 = AXIS2_PLACEMENT_3D('',#3160,#3161,#3162);
#3160 = CARTESIAN_POINT('',(-1.888,94.65,6.9));
#3161 = DIRECTION('',(0.,-1.,4.4E-16));
#3162 = DIRECTION('',(0.999894974531,-6.376811594202E-18,
    -1.449275362319E-02));
#3163 = CYLINDRICAL_SURFACE('',#3164,6.9);
#3164 = AXIS2_PLACEMENT_3D('',#3165,#3166,#3167);
#3165 = CARTESIAN_POINT('',(-1.888,93.65,6.9));
#3166 = DIRECTION('',(0.,-1.,2.2E-16));
#3167 = DIRECTION('',(1.,0.,0.));
#3168 = ADVANCED_FACE('',(#3169),#3188,.T.);
#3169 = FACE_BOUND('',#3170,.F.);
#3170 = EDGE_LOOP('',(#3171,#3172,#3181,#3187));
#3171 = ORIENTED_EDGE('',*,*,#627,.F.);
#3172 = ORIENTED_EDGE('',*,*,#3173,.T.);
#3173 = EDGE_CURVE('',#628,#3174,#3176,.T.);
#3174 = VERTEX_POINT('',#3175);
#3175 = CARTESIAN_POINT('',(-6.059930009001,93.65,2.728069990999));
#3176 = CIRCLE('',#3177,5.9);
#3177 = AXIS2_PLACEMENT_3D('',#3178,#3179,#3180);
#3178 = CARTESIAN_POINT('',(-1.888,93.65,6.9));
#3179 = DIRECTION('',(0.,-1.,4.4E-16));
#3180 = DIRECTION('',(0.999894974531,-6.376811594202E-18,
    -1.449275362319E-02));
#3181 = ORIENTED_EDGE('',*,*,#3182,.T.);
#3182 = EDGE_CURVE('',#3174,#3150,#3183,.T.);
#3183 = LINE('',#3184,#3185);
#3184 = CARTESIAN_POINT('',(-6.767036790187,94.65,2.020963209813));
#3185 = VECTOR('',#3186,1.);
#3186 = DIRECTION('',(-0.5,0.707106781187,-0.5));
#3187 = ORIENTED_EDGE('',*,*,#3157,.F.);
#3188 = CONICAL_SURFACE('',#3189,6.9,0.785398163397);
#3189 = AXIS2_PLACEMENT_3D('',#3190,#3191,#3192);
#3190 = CARTESIAN_POINT('',(-1.888,94.65,6.9));
#3191 = DIRECTION('',(0.,1.,-4.4E-16));
#3192 = DIRECTION('',(0.999894974531,-6.376811594202E-18,
    -1.449275362319E-02));
#3193 = ADVANCED_FACE('',(#3194,#3238),#3265,.T.);
#3194 = FACE_BOUND('',#3195,.F.);
#3195 = EDGE_LOOP('',(#3196,#3206,#3214,#3220,#3221,#3222,#3231));
#3196 = ORIENTED_EDGE('',*,*,#3197,.F.);
#3197 = EDGE_CURVE('',#3198,#3200,#3202,.T.);
#3198 = VERTEX_POINT('',#3199);
#3199 = CARTESIAN_POINT('',(1.262050671379,93.65,1.));
#3200 = VERTEX_POINT('',#3201);
#3201 = CARTESIAN_POINT('',(2.636566981517,93.65,2.374515860954));
#3202 = LINE('',#3203,#3204);
#3203 = CARTESIAN_POINT('',(0.757025334047,93.65,0.494974827708));
#3204 = VECTOR('',#3205,1.);
#3205 = DIRECTION('',(0.707106896726,3.1E-16,0.707106665647));
#3206 = ORIENTED_EDGE('',*,*,#3207,.F.);
#3207 = EDGE_CURVE('',#3208,#3198,#3210,.T.);
#3208 = VERTEX_POINT('',#3209);
#3209 = CARTESIAN_POINT('',(-4.331860018001,93.65,1.));
#3210 = LINE('',#3211,#3212);
#3211 = CARTESIAN_POINT('',(-3.331860018001,93.65,1.));
#3212 = VECTOR('',#3213,1.);
#3213 = DIRECTION('',(1.,0.,0.));
#3214 = ORIENTED_EDGE('',*,*,#3215,.F.);
#3215 = EDGE_CURVE('',#3174,#3208,#3216,.T.);
#3216 = LINE('',#3217,#3218);
#3217 = CARTESIAN_POINT('',(-6.059930009001,93.65,2.728069990999));
#3218 = VECTOR('',#3219,1.);
#3219 = DIRECTION('',(0.707106781187,0.,-0.707106781187));
#3220 = ORIENTED_EDGE('',*,*,#3173,.F.);
#3221 = ORIENTED_EDGE('',*,*,#636,.F.);
#3222 = ORIENTED_EDGE('',*,*,#3223,.F.);
#3223 = EDGE_CURVE('',#3224,#637,#3226,.T.);
#3224 = VERTEX_POINT('',#3225);
#3225 = CARTESIAN_POINT('',(4.251919054537,93.65,5.097183098592));
#3226 = CIRCLE('',#3227,6.4);
#3227 = AXIS2_PLACEMENT_3D('',#3228,#3229,#3230);
#3228 = CARTESIAN_POINT('',(-1.888915678624,93.65,6.9));
#3229 = DIRECTION('',(0.,-1.,4.4E-16));
#3230 = DIRECTION('',(0.959505427056,-1.239436619718E-16,-0.281690140845
    ));
#3231 = ORIENTED_EDGE('',*,*,#3232,.F.);
#3232 = EDGE_CURVE('',#3200,#3224,#3233,.T.);
#3233 = CIRCLE('',#3234,6.4);
#3234 = AXIS2_PLACEMENT_3D('',#3235,#3236,#3237);
#3235 = CARTESIAN_POINT('',(-1.888915678624,93.65,6.9));
#3236 = DIRECTION('',(-2.465190328816E-32,-1.,4.4E-16));
#3237 = DIRECTION('',(0.707106665647,-3.111270345594E-16,-0.707106896726
    ));
#3238 = FACE_BOUND('',#3239,.F.);
#3239 = EDGE_LOOP('',(#3240,#3251,#3259));
#3240 = ORIENTED_EDGE('',*,*,#3241,.T.);
#3241 = EDGE_CURVE('',#3242,#3244,#3246,.T.);
#3242 = VERTEX_POINT('',#3243);
#3243 = CARTESIAN_POINT('',(-4.388,93.65,11.230127018922));
#3244 = VERTEX_POINT('',#3245);
#3245 = CARTESIAN_POINT('',(0.612,93.65,11.230127018922));
#3246 = CIRCLE('',#3247,5.);
#3247 = AXIS2_PLACEMENT_3D('',#3248,#3249,#3250);
#3248 = CARTESIAN_POINT('',(-1.888,93.65,6.9));
#3249 = DIRECTION('',(0.,-1.,0.));
#3250 = DIRECTION('',(1.,0.,0.));
#3251 = ORIENTED_EDGE('',*,*,#3252,.F.);
#3252 = EDGE_CURVE('',#3253,#3244,#3255,.T.);
#3253 = VERTEX_POINT('',#3254);
#3254 = CARTESIAN_POINT('',(-1.888,93.65,12.673502691896));
#3255 = LINE('',#3256,#3257);
#3256 = CARTESIAN_POINT('',(-1.888,93.65,12.673502691896));
#3257 = VECTOR('',#3258,1.);
#3258 = DIRECTION('',(0.866025403784,0.,-0.5));
#3259 = ORIENTED_EDGE('',*,*,#3260,.T.);
#3260 = EDGE_CURVE('',#3253,#3242,#3261,.T.);
#3261 = LINE('',#3262,#3263);
#3262 = CARTESIAN_POINT('',(-1.888,93.65,12.673502691896));
#3263 = VECTOR('',#3264,1.);
#3264 = DIRECTION('',(-0.866025403784,0.,-0.5));
#3265 = PLANE('',#3266);
#3266 = AXIS2_PLACEMENT_3D('',#3267,#3268,#3269);
#3267 = CARTESIAN_POINT('',(-1.23973484642,93.65,6.411013710369));
#3268 = DIRECTION('',(0.,-1.,4.4E-16));
#3269 = DIRECTION('',(-0.,-4.4E-16,-1.));
#3270 = ADVANCED_FACE('',(#3271),#3290,.F.);
#3271 = FACE_BOUND('',#3272,.F.);
#3272 = EDGE_LOOP('',(#3273,#3281,#3282,#3283));
#3273 = ORIENTED_EDGE('',*,*,#3274,.F.);
#3274 = EDGE_CURVE('',#3224,#3275,#3277,.T.);
#3275 = VERTEX_POINT('',#3276);
#3276 = CARTESIAN_POINT('',(4.923572853476,92.95,4.9));
#3277 = LINE('',#3278,#3279);
#3278 = CARTESIAN_POINT('',(4.923572853476,92.95,4.9));
#3279 = VECTOR('',#3280,1.);
#3280 = DIRECTION('',(0.678472794057,-0.707106781187,-0.199185008785));
#3281 = ORIENTED_EDGE('',*,*,#3223,.T.);
#3282 = ORIENTED_EDGE('',*,*,#644,.T.);
#3283 = ORIENTED_EDGE('',*,*,#3284,.F.);
#3284 = EDGE_CURVE('',#3275,#645,#3285,.T.);
#3285 = CIRCLE('',#3286,7.1);
#3286 = AXIS2_PLACEMENT_3D('',#3287,#3288,#3289);
#3287 = CARTESIAN_POINT('',(-1.888915678624,92.95,6.9));
#3288 = DIRECTION('',(0.,-1.,4.4E-16));
#3289 = DIRECTION('',(0.959505427056,-1.239436619718E-16,-0.281690140845
    ));
#3290 = CONICAL_SURFACE('',#3291,7.1,0.785398163397);
#3291 = AXIS2_PLACEMENT_3D('',#3292,#3293,#3294);
#3292 = CARTESIAN_POINT('',(-1.888915678624,92.95,6.9));
#3293 = DIRECTION('',(0.,-1.,4.4E-16));
#3294 = DIRECTION('',(0.959505427056,-1.239436619718E-16,-0.281690140845
    ));
#3295 = ADVANCED_FACE('',(#3296),#3333,.F.);
#3296 = FACE_BOUND('',#3297,.F.);
#3297 = EDGE_LOOP('',(#3298,#3308,#3315,#3316,#3317,#3326));
#3298 = ORIENTED_EDGE('',*,*,#3299,.T.);
#3299 = EDGE_CURVE('',#3300,#3302,#3304,.T.);
#3300 = VERTEX_POINT('',#3301);
#3301 = CARTESIAN_POINT('',(3.13154164747,81.85,1.879541033246));
#3302 = VERTEX_POINT('',#3303);
#3303 = CARTESIAN_POINT('',(3.13154164747,92.95,1.879541033246));
#3304 = LINE('',#3305,#3306);
#3305 = CARTESIAN_POINT('',(3.13154164747,4.2E-16,1.879541033246));
#3306 = VECTOR('',#3307,1.);
#3307 = DIRECTION('',(0.,1.,-2.2E-16));
#3308 = ORIENTED_EDGE('',*,*,#3309,.T.);
#3309 = EDGE_CURVE('',#3302,#3275,#3310,.T.);
#3310 = CIRCLE('',#3311,7.1);
#3311 = AXIS2_PLACEMENT_3D('',#3312,#3313,#3314);
#3312 = CARTESIAN_POINT('',(-1.888915678624,92.95,6.9));
#3313 = DIRECTION('',(-2.465190328816E-32,-1.,4.4E-16));
#3314 = DIRECTION('',(0.707106665647,-3.111270345594E-16,-0.707106896726
    ));
#3315 = ORIENTED_EDGE('',*,*,#3284,.T.);
#3316 = ORIENTED_EDGE('',*,*,#653,.F.);
#3317 = ORIENTED_EDGE('',*,*,#3318,.F.);
#3318 = EDGE_CURVE('',#3319,#654,#3321,.T.);
#3319 = VERTEX_POINT('',#3320);
#3320 = CARTESIAN_POINT('',(4.923572853476,81.85,4.9));
#3321 = CIRCLE('',#3322,7.1);
#3322 = AXIS2_PLACEMENT_3D('',#3323,#3324,#3325);
#3323 = CARTESIAN_POINT('',(-1.888915678624,81.85,6.9));
#3324 = DIRECTION('',(0.,-1.,0.));
#3325 = DIRECTION('',(0.959505427056,0.,-0.281690140845));
#3326 = ORIENTED_EDGE('',*,*,#3327,.F.);
#3327 = EDGE_CURVE('',#3300,#3319,#3328,.T.);
#3328 = CIRCLE('',#3329,7.1);
#3329 = AXIS2_PLACEMENT_3D('',#3330,#3331,#3332);
#3330 = CARTESIAN_POINT('',(-1.888915678624,81.85,6.9));
#3331 = DIRECTION('',(0.,-1.,0.));
#3332 = DIRECTION('',(0.707106665647,0.,-0.707106896726));
#3333 = CYLINDRICAL_SURFACE('',#3334,7.1);
#3334 = AXIS2_PLACEMENT_3D('',#3335,#3336,#3337);
#3335 = CARTESIAN_POINT('',(-1.888915678624,1.53E-15,6.9));
#3336 = DIRECTION('',(0.,-1.,2.2E-16));
#3337 = DIRECTION('',(1.,0.,0.));
#3338 = ADVANCED_FACE('',(#3339),#3358,.F.);
#3339 = FACE_BOUND('',#3340,.T.);
#3340 = EDGE_LOOP('',(#3341,#3349,#3356,#3357));
#3341 = ORIENTED_EDGE('',*,*,#3342,.F.);
#3342 = EDGE_CURVE('',#3343,#3319,#3345,.T.);
#3343 = VERTEX_POINT('',#3344);
#3344 = CARTESIAN_POINT('',(4.251919054537,81.15,5.097183098592));
#3345 = LINE('',#3346,#3347);
#3346 = CARTESIAN_POINT('',(4.923572853476,81.85,4.9));
#3347 = VECTOR('',#3348,1.);
#3348 = DIRECTION('',(0.678472794057,0.707106781187,-0.199185008785));
#3349 = ORIENTED_EDGE('',*,*,#3350,.T.);
#3350 = EDGE_CURVE('',#3343,#662,#3351,.T.);
#3351 = CIRCLE('',#3352,6.4);
#3352 = AXIS2_PLACEMENT_3D('',#3353,#3354,#3355);
#3353 = CARTESIAN_POINT('',(-1.888915678624,81.15,6.9));
#3354 = DIRECTION('',(0.,-1.,0.));
#3355 = DIRECTION('',(0.959505427056,0.,-0.281690140845));
#3356 = ORIENTED_EDGE('',*,*,#661,.T.);
#3357 = ORIENTED_EDGE('',*,*,#3318,.F.);
#3358 = CONICAL_SURFACE('',#3359,7.1,0.785398163397);
#3359 = AXIS2_PLACEMENT_3D('',#3360,#3361,#3362);
#3360 = CARTESIAN_POINT('',(-1.888915678624,81.85,6.9));
#3361 = DIRECTION('',(0.,1.,0.));
#3362 = DIRECTION('',(0.959505427056,0.,-0.281690140845));
#3363 = ADVANCED_FACE('',(#3364),#3383,.T.);
#3364 = FACE_BOUND('',#3365,.T.);
#3365 = EDGE_LOOP('',(#3366,#3367,#3376,#3382));
#3366 = ORIENTED_EDGE('',*,*,#678,.F.);
#3367 = ORIENTED_EDGE('',*,*,#3368,.T.);
#3368 = EDGE_CURVE('',#671,#3369,#3371,.T.);
#3369 = VERTEX_POINT('',#3370);
#3370 = CARTESIAN_POINT('',(-6.059930009001,81.15,2.728069990999));
#3371 = CIRCLE('',#3372,5.9);
#3372 = AXIS2_PLACEMENT_3D('',#3373,#3374,#3375);
#3373 = CARTESIAN_POINT('',(-1.888,81.15,6.9));
#3374 = DIRECTION('',(0.,-1.,0.));
#3375 = DIRECTION('',(0.999894974531,0.,-1.449275362319E-02));
#3376 = ORIENTED_EDGE('',*,*,#3377,.T.);
#3377 = EDGE_CURVE('',#3369,#1365,#3378,.T.);
#3378 = LINE('',#3379,#3380);
#3379 = CARTESIAN_POINT('',(-6.767036790187,80.15,2.020963209813));
#3380 = VECTOR('',#3381,1.);
#3381 = DIRECTION('',(-0.5,-0.707106781187,-0.5));
#3382 = ORIENTED_EDGE('',*,*,#1389,.F.);
#3383 = CONICAL_SURFACE('',#3384,6.9,0.785398163397);
#3384 = AXIS2_PLACEMENT_3D('',#3385,#3386,#3387);
#3385 = CARTESIAN_POINT('',(-1.888,80.15,6.9));
#3386 = DIRECTION('',(-0.,-1.,-0.));
#3387 = DIRECTION('',(0.999894974531,0.,-1.449275362319E-02));
#3388 = ADVANCED_FACE('',(#3389,#3425),#3452,.T.);
#3389 = FACE_BOUND('',#3390,.T.);
#3390 = EDGE_LOOP('',(#3391,#3401,#3409,#3415,#3416,#3417,#3418));
#3391 = ORIENTED_EDGE('',*,*,#3392,.F.);
#3392 = EDGE_CURVE('',#3393,#3395,#3397,.T.);
#3393 = VERTEX_POINT('',#3394);
#3394 = CARTESIAN_POINT('',(1.262050671379,81.15,1.));
#3395 = VERTEX_POINT('',#3396);
#3396 = CARTESIAN_POINT('',(2.636566981517,81.15,2.374515860954));
#3397 = LINE('',#3398,#3399);
#3398 = CARTESIAN_POINT('',(0.757025334047,81.15,0.494974827708));
#3399 = VECTOR('',#3400,1.);
#3400 = DIRECTION('',(0.707106896726,0.,0.707106665647));
#3401 = ORIENTED_EDGE('',*,*,#3402,.F.);
#3402 = EDGE_CURVE('',#3403,#3393,#3405,.T.);
#3403 = VERTEX_POINT('',#3404);
#3404 = CARTESIAN_POINT('',(-4.331860018001,81.15,1.));
#3405 = LINE('',#3406,#3407);
#3406 = CARTESIAN_POINT('',(-3.331860018001,81.15,1.));
#3407 = VECTOR('',#3408,1.);
#3408 = DIRECTION('',(1.,0.,0.));
#3409 = ORIENTED_EDGE('',*,*,#3410,.F.);
#3410 = EDGE_CURVE('',#3369,#3403,#3411,.T.);
#3411 = LINE('',#3412,#3413);
#3412 = CARTESIAN_POINT('',(-6.059930009001,81.15,2.728069990999));
#3413 = VECTOR('',#3414,1.);
#3414 = DIRECTION('',(0.707106781187,0.,-0.707106781187));
#3415 = ORIENTED_EDGE('',*,*,#3368,.F.);
#3416 = ORIENTED_EDGE('',*,*,#670,.F.);
#3417 = ORIENTED_EDGE('',*,*,#3350,.F.);
#3418 = ORIENTED_EDGE('',*,*,#3419,.F.);
#3419 = EDGE_CURVE('',#3395,#3343,#3420,.T.);
#3420 = CIRCLE('',#3421,6.4);
#3421 = AXIS2_PLACEMENT_3D('',#3422,#3423,#3424);
#3422 = CARTESIAN_POINT('',(-1.888915678624,81.15,6.9));
#3423 = DIRECTION('',(0.,-1.,0.));
#3424 = DIRECTION('',(0.707106665647,0.,-0.707106896726));
#3425 = FACE_BOUND('',#3426,.T.);
#3426 = EDGE_LOOP('',(#3427,#3438,#3446));
#3427 = ORIENTED_EDGE('',*,*,#3428,.T.);
#3428 = EDGE_CURVE('',#3429,#3431,#3433,.T.);
#3429 = VERTEX_POINT('',#3430);
#3430 = CARTESIAN_POINT('',(-4.388,81.15,11.230127018922));
#3431 = VERTEX_POINT('',#3432);
#3432 = CARTESIAN_POINT('',(0.612,81.15,11.230127018922));
#3433 = CIRCLE('',#3434,5.);
#3434 = AXIS2_PLACEMENT_3D('',#3435,#3436,#3437);
#3435 = CARTESIAN_POINT('',(-1.888,81.15,6.9));
#3436 = DIRECTION('',(0.,-1.,0.));
#3437 = DIRECTION('',(1.,0.,0.));
#3438 = ORIENTED_EDGE('',*,*,#3439,.F.);
#3439 = EDGE_CURVE('',#3440,#3431,#3442,.T.);
#3440 = VERTEX_POINT('',#3441);
#3441 = CARTESIAN_POINT('',(-1.888,81.15,12.673502691896));
#3442 = LINE('',#3443,#3444);
#3443 = CARTESIAN_POINT('',(-1.888,81.15,12.673502691896));
#3444 = VECTOR('',#3445,1.);
#3445 = DIRECTION('',(0.866025403784,0.,-0.5));
#3446 = ORIENTED_EDGE('',*,*,#3447,.T.);
#3447 = EDGE_CURVE('',#3440,#3429,#3448,.T.);
#3448 = LINE('',#3449,#3450);
#3449 = CARTESIAN_POINT('',(-1.888,81.15,12.673502691896));
#3450 = VECTOR('',#3451,1.);
#3451 = DIRECTION('',(-0.866025403784,-0.,-0.5));
#3452 = PLANE('',#3453);
#3453 = AXIS2_PLACEMENT_3D('',#3454,#3455,#3456);
#3454 = CARTESIAN_POINT('',(-1.23973484642,81.15,6.411013710369));
#3455 = DIRECTION('',(0.,1.,0.));
#3456 = DIRECTION('',(0.,0.,1.));
#3457 = ADVANCED_FACE('',(#3458),#3475,.T.);
#3458 = FACE_BOUND('',#3459,.T.);
#3459 = EDGE_LOOP('',(#3460,#3461,#3467,#3468,#3469));
#3460 = ORIENTED_EDGE('',*,*,#3028,.T.);
#3461 = ORIENTED_EDGE('',*,*,#3462,.T.);
#3462 = EDGE_CURVE('',#3031,#881,#3463,.T.);
#3463 = LINE('',#3464,#3465);
#3464 = CARTESIAN_POINT('',(2.884054314494,56.7,2.1270284471));
#3465 = VECTOR('',#3466,1.);
#3466 = DIRECTION('',(0.499999918301,0.707106781187,-0.500000081699));
#3467 = ORIENTED_EDGE('',*,*,#888,.F.);
#3468 = ORIENTED_EDGE('',*,*,#1009,.T.);
#3469 = ORIENTED_EDGE('',*,*,#3470,.T.);
#3470 = EDGE_CURVE('',#1002,#3029,#3471,.T.);
#3471 = LINE('',#3472,#3473);
#3472 = CARTESIAN_POINT('',(-0.760212710474,55.512351274109,
    0.162351274109));
#3473 = VECTOR('',#3474,1.);
#3474 = DIRECTION('',(0.8628562604,0.357406682847,0.357406682847));
#3475 = PLANE('',#3476);
#3476 = AXIS2_PLACEMENT_3D('',#3477,#3478,#3479);
#3477 = CARTESIAN_POINT('',(1.004512667024,56.7,0.247487413854));
#3478 = DIRECTION('',(-0.499999918301,0.707106781187,0.500000081699));
#3479 = DIRECTION('',(0.707106896726,0.,0.707106665647));
#3480 = ADVANCED_FACE('',(#3481),#3503,.T.);
#3481 = FACE_BOUND('',#3482,.T.);
#3482 = EDGE_LOOP('',(#3483,#3484,#3490,#3496,#3497));
#3483 = ORIENTED_EDGE('',*,*,#1739,.T.);
#3484 = ORIENTED_EDGE('',*,*,#3485,.T.);
#3485 = EDGE_CURVE('',#1742,#1961,#3486,.T.);
#3486 = LINE('',#3487,#3488);
#3487 = CARTESIAN_POINT('',(2.884054314494,11.3,2.1270284471));
#3488 = VECTOR('',#3489,1.);
#3489 = DIRECTION('',(0.499999918301,0.707106781187,-0.500000081699));
#3490 = ORIENTED_EDGE('',*,*,#3491,.F.);
#3491 = EDGE_CURVE('',#912,#1961,#3492,.T.);
#3492 = LINE('',#3493,#3494);
#3493 = CARTESIAN_POINT('',(1.252,11.65,-3.3E-15));
#3494 = VECTOR('',#3495,1.);
#3495 = DIRECTION('',(0.707106896726,0.,0.707106665647));
#3496 = ORIENTED_EDGE('',*,*,#911,.T.);
#3497 = ORIENTED_EDGE('',*,*,#3498,.T.);
#3498 = EDGE_CURVE('',#914,#1740,#3499,.T.);
#3499 = LINE('',#3500,#3501);
#3500 = CARTESIAN_POINT('',(-0.760212710474,10.112351274109,
    0.162351274109));
#3501 = VECTOR('',#3502,1.);
#3502 = DIRECTION('',(0.8628562604,0.357406682847,0.357406682847));
#3503 = PLANE('',#3504);
#3504 = AXIS2_PLACEMENT_3D('',#3505,#3506,#3507);
#3505 = CARTESIAN_POINT('',(1.004512667024,11.3,0.247487413854));
#3506 = DIRECTION('',(-0.499999918301,0.707106781187,0.500000081699));
#3507 = DIRECTION('',(0.707106896726,8.326672684689E-17,0.707106665647)
  );
#3508 = ADVANCED_FACE('',(#3509),#3520,.T.);
#3509 = FACE_BOUND('',#3510,.F.);
#3510 = EDGE_LOOP('',(#3511,#3517,#3518,#3519));
#3511 = ORIENTED_EDGE('',*,*,#3512,.F.);
#3512 = EDGE_CURVE('',#1313,#1750,#3513,.T.);
#3513 = LINE('',#3514,#3515);
#3514 = CARTESIAN_POINT('',(-4.386556354052,10.817951363695,
    0.867951363695));
#3515 = VECTOR('',#3516,1.);
#3516 = DIRECTION('',(0.281084637715,0.678598344546,0.678598344546));
#3517 = ORIENTED_EDGE('',*,*,#1320,.T.);
#3518 = ORIENTED_EDGE('',*,*,#3498,.T.);
#3519 = ORIENTED_EDGE('',*,*,#1749,.F.);
#3520 = PLANE('',#3521);
#3521 = AXIS2_PLACEMENT_3D('',#3522,#3523,#3524);
#3522 = CARTESIAN_POINT('',(-3.331860018001,10.45,0.5));
#3523 = DIRECTION('',(2.9E-16,0.707106781187,-0.707106781187));
#3524 = DIRECTION('',(-1.,2.050609665441E-16,-2.050609665441E-16));
#3525 = ADVANCED_FACE('',(#3526),#3551,.F.);
#3526 = FACE_BOUND('',#3527,.F.);
#3527 = EDGE_LOOP('',(#3528,#3529,#3535,#3536,#3544));
#3528 = ORIENTED_EDGE('',*,*,#1312,.T.);
#3529 = ORIENTED_EDGE('',*,*,#3530,.F.);
#3530 = EDGE_CURVE('',#1482,#1313,#3531,.T.);
#3531 = LINE('',#3532,#3533);
#3532 = CARTESIAN_POINT('',(-6.767036790187,9.95,2.020963209813));
#3533 = VECTOR('',#3534,1.);
#3534 = DIRECTION('',(0.707106781187,0.,-0.707106781187));
#3535 = ORIENTED_EDGE('',*,*,#1490,.F.);
#3536 = ORIENTED_EDGE('',*,*,#3537,.T.);
#3537 = EDGE_CURVE('',#1434,#3538,#3540,.T.);
#3538 = VERTEX_POINT('',#3539);
#3539 = CARTESIAN_POINT('',(-6.278663761155,1.6,1.53259018078));
#3540 = LINE('',#3541,#3542);
#3541 = CARTESIAN_POINT('',(-6.767036790187,1.6,2.020963209813));
#3542 = VECTOR('',#3543,1.);
#3543 = DIRECTION('',(0.707106781187,0.,-0.707106781187));
#3544 = ORIENTED_EDGE('',*,*,#3545,.F.);
#3545 = EDGE_CURVE('',#1304,#3538,#3546,.T.);
#3546 = ELLIPSE('',#3547,10.904830610738,7.4);
#3547 = AXIS2_PLACEMENT_3D('',#3548,#3549,#3550);
#3548 = CARTESIAN_POINT('',(-4.746073580374,12.065180361561,-8.9E-16));
#3549 = DIRECTION('',(-0.707106781187,-1.665334536938E-16,
    -0.707106781187));
#3550 = DIRECTION('',(0.270598050073,0.923879532511,-0.270598050073));
#3551 = PLANE('',#3552);
#3552 = AXIS2_PLACEMENT_3D('',#3553,#3554,#3555);
#3553 = CARTESIAN_POINT('',(-4.746073580374,0.,0.));
#3554 = DIRECTION('',(0.707106781187,1.6E-16,0.707106781187));
#3555 = DIRECTION('',(-0.707106781187,1.6E-16,0.707106781187));
#3556 = ADVANCED_FACE('',(#3557),#3584,.T.);
#3557 = FACE_BOUND('',#3558,.T.);
#3558 = EDGE_LOOP('',(#3559,#3560,#3568,#3577,#3583));
#3559 = ORIENTED_EDGE('',*,*,#1303,.F.);
#3560 = ORIENTED_EDGE('',*,*,#3561,.F.);
#3561 = EDGE_CURVE('',#3562,#1296,#3564,.T.);
#3562 = VERTEX_POINT('',#3563);
#3563 = CARTESIAN_POINT('',(-1.915922061358,2.7E-14,1.6));
#3564 = LINE('',#3565,#3566);
#3565 = CARTESIAN_POINT('',(-2.087166019493,0.413419486204,
    1.186580513796));
#3566 = VECTOR('',#3567,1.);
#3567 = DIRECTION('',(-0.281084637715,0.678598344546,-0.678598344546));
#3568 = ORIENTED_EDGE('',*,*,#3569,.T.);
#3569 = EDGE_CURVE('',#3562,#3570,#3572,.T.);
#3570 = VERTEX_POINT('',#3571);
#3571 = CARTESIAN_POINT('',(-5.615922061358,-1.1E-14,3.13259018078));
#3572 = ELLIPSE('',#3573,10.904830610738,7.4);
#3573 = AXIS2_PLACEMENT_3D('',#3574,#3575,#3576);
#3574 = CARTESIAN_POINT('',(0.251487757862,8.9E-16,12.065180361561));
#3575 = DIRECTION('',(0.,1.,0.));
#3576 = DIRECTION('',(-0.382683432365,0.,-0.923879532511));
#3577 = ORIENTED_EDGE('',*,*,#3578,.T.);
#3578 = EDGE_CURVE('',#3570,#3538,#3579,.T.);
#3579 = LINE('',#3580,#3581);
#3580 = CARTESIAN_POINT('',(-5.787166019493,0.413419486204,
    2.719170694577));
#3581 = VECTOR('',#3582,1.);
#3582 = DIRECTION('',(-0.281084637715,0.678598344546,-0.678598344546));
#3583 = ORIENTED_EDGE('',*,*,#3545,.F.);
#3584 = CYLINDRICAL_SURFACE('',#3585,7.4);
#3585 = AXIS2_PLACEMENT_3D('',#3586,#3587,#3588);
#3586 = CARTESIAN_POINT('',(-2.087166019493,5.646009666984,
    6.419170694577));
#3587 = DIRECTION('',(-0.281084637715,0.678598344546,-0.678598344546));
#3588 = DIRECTION('',(2.775557561563E-16,-0.707106781187,-0.707106781187
    ));
#3589 = ADVANCED_FACE('',(#3590),#3663,.T.);
#3590 = FACE_BOUND('',#3591,.F.);
#3591 = EDGE_LOOP('',(#3592,#3602,#3610,#3618,#3626,#3632,#3633,#3641,
    #3649,#3655,#3656,#3657));
#3592 = ORIENTED_EDGE('',*,*,#3593,.F.);
#3593 = EDGE_CURVE('',#3594,#3596,#3598,.T.);
#3594 = VERTEX_POINT('',#3595);
#3595 = CARTESIAN_POINT('',(42.9226,1.E-15,1.6));
#3596 = VERTEX_POINT('',#3597);
#3597 = CARTESIAN_POINT('',(34.9226,1.E-15,1.6));
#3598 = LINE('',#3599,#3600);
#3599 = CARTESIAN_POINT('',(100.527,1.1E-16,1.6));
#3600 = VECTOR('',#3601,1.);
#3601 = DIRECTION('',(-1.,-0.,-9.4E-16));
#3602 = ORIENTED_EDGE('',*,*,#3603,.F.);
#3603 = EDGE_CURVE('',#3604,#3594,#3606,.T.);
#3604 = VERTEX_POINT('',#3605);
#3605 = CARTESIAN_POINT('',(53.727,1.E-15,1.6));
#3606 = LINE('',#3607,#3608);
#3607 = CARTESIAN_POINT('',(100.527,1.1E-16,1.6));
#3608 = VECTOR('',#3609,1.);
#3609 = DIRECTION('',(-1.,-0.,-9.4E-16));
#3610 = ORIENTED_EDGE('',*,*,#3611,.F.);
#3611 = EDGE_CURVE('',#3612,#3604,#3614,.T.);
#3612 = VERTEX_POINT('',#3613);
#3613 = CARTESIAN_POINT('',(60.127,1.E-15,1.6));
#3614 = LINE('',#3615,#3616);
#3615 = CARTESIAN_POINT('',(100.527,1.1E-16,1.6));
#3616 = VECTOR('',#3617,1.);
#3617 = DIRECTION('',(-1.,-0.,-9.4E-16));
#3618 = ORIENTED_EDGE('',*,*,#3619,.F.);
#3619 = EDGE_CURVE('',#3620,#3612,#3622,.T.);
#3620 = VERTEX_POINT('',#3621);
#3621 = CARTESIAN_POINT('',(100.527,0.,1.6));
#3622 = LINE('',#3623,#3624);
#3623 = CARTESIAN_POINT('',(100.527,1.1E-16,1.6));
#3624 = VECTOR('',#3625,1.);
#3625 = DIRECTION('',(-1.,-0.,-9.4E-16));
#3626 = ORIENTED_EDGE('',*,*,#3627,.F.);
#3627 = EDGE_CURVE('',#1205,#3620,#3628,.T.);
#3628 = LINE('',#3629,#3630);
#3629 = CARTESIAN_POINT('',(100.527,0.,1.6));
#3630 = VECTOR('',#3631,1.);
#3631 = DIRECTION('',(-4.5E-16,-0.707106781187,0.707106781187));
#3632 = ORIENTED_EDGE('',*,*,#1213,.T.);
#3633 = ORIENTED_EDGE('',*,*,#3634,.F.);
#3634 = EDGE_CURVE('',#3635,#1214,#3637,.T.);
#3635 = VERTEX_POINT('',#3636);
#3636 = CARTESIAN_POINT('',(62.527,1.5,9.999999999999E-02));
#3637 = LINE('',#3638,#3639);
#3638 = CARTESIAN_POINT('',(62.527,1.275,0.325));
#3639 = VECTOR('',#3640,1.);
#3640 = DIRECTION('',(0.,0.707106781187,-0.707106781187));
#3641 = ORIENTED_EDGE('',*,*,#3642,.T.);
#3642 = EDGE_CURVE('',#3635,#3643,#3645,.T.);
#3643 = VERTEX_POINT('',#3644);
#3644 = CARTESIAN_POINT('',(51.327,1.5,9.999999999999E-02));
#3645 = LINE('',#3646,#3647);
#3646 = CARTESIAN_POINT('',(51.527,1.5,9.999999999999E-02));
#3647 = VECTOR('',#3648,1.);
#3648 = DIRECTION('',(-1.,0.,0.));
#3649 = ORIENTED_EDGE('',*,*,#3650,.T.);
#3650 = EDGE_CURVE('',#3643,#1288,#3651,.T.);
#3651 = LINE('',#3652,#3653);
#3652 = CARTESIAN_POINT('',(51.327,1.275,0.325));
#3653 = VECTOR('',#3654,1.);
#3654 = DIRECTION('',(0.,0.707106781187,-0.707106781187));
#3655 = ORIENTED_EDGE('',*,*,#1295,.T.);
#3656 = ORIENTED_EDGE('',*,*,#3561,.F.);
#3657 = ORIENTED_EDGE('',*,*,#3658,.F.);
#3658 = EDGE_CURVE('',#3596,#3562,#3659,.T.);
#3659 = LINE('',#3660,#3661);
#3660 = CARTESIAN_POINT('',(100.527,1.1E-16,1.6));
#3661 = VECTOR('',#3662,1.);
#3662 = DIRECTION('',(-1.,-0.,-9.4E-16));
#3663 = PLANE('',#3664);
#3664 = AXIS2_PLACEMENT_3D('',#3665,#3666,#3667);
#3665 = CARTESIAN_POINT('',(100.527,0.8,0.8));
#3666 = DIRECTION('',(3.E-16,-0.707106781187,-0.707106781187));
#3667 = DIRECTION('',(1.,-2.57867965644E-16,6.82132034356E-16));
#3668 = ADVANCED_FACE('',(#3669),#3703,.T.);
#3669 = FACE_BOUND('',#3670,.T.);
#3670 = EDGE_LOOP('',(#3671,#3672,#3680,#3688,#3696,#3702));
#3671 = ORIENTED_EDGE('',*,*,#1287,.T.);
#3672 = ORIENTED_EDGE('',*,*,#3673,.T.);
#3673 = EDGE_CURVE('',#1280,#3674,#3676,.T.);
#3674 = VERTEX_POINT('',#3675);
#3675 = CARTESIAN_POINT('',(51.327,5.9,1.8));
#3676 = LINE('',#3677,#3678);
#3677 = CARTESIAN_POINT('',(51.327,5.9,-1.395E-14));
#3678 = VECTOR('',#3679,1.);
#3679 = DIRECTION('',(0.,0.,1.));
#3680 = ORIENTED_EDGE('',*,*,#3681,.F.);
#3681 = EDGE_CURVE('',#3682,#3674,#3684,.T.);
#3682 = VERTEX_POINT('',#3683);
#3683 = CARTESIAN_POINT('',(51.327,1.9,1.8));
#3684 = LINE('',#3685,#3686);
#3685 = CARTESIAN_POINT('',(51.327,1.9,1.8));
#3686 = VECTOR('',#3687,1.);
#3687 = DIRECTION('',(0.,1.,0.));
#3688 = ORIENTED_EDGE('',*,*,#3689,.F.);
#3689 = EDGE_CURVE('',#3690,#3682,#3692,.T.);
#3690 = VERTEX_POINT('',#3691);
#3691 = CARTESIAN_POINT('',(51.327,1.9,9.999999999999E-02));
#3692 = LINE('',#3693,#3694);
#3693 = CARTESIAN_POINT('',(51.327,1.9,-1.395E-14));
#3694 = VECTOR('',#3695,1.);
#3695 = DIRECTION('',(0.,0.,1.));
#3696 = ORIENTED_EDGE('',*,*,#3697,.T.);
#3697 = EDGE_CURVE('',#3690,#3643,#3698,.T.);
#3698 = LINE('',#3699,#3700);
#3699 = CARTESIAN_POINT('',(51.327,1.9,9.999999999999E-02));
#3700 = VECTOR('',#3701,1.);
#3701 = DIRECTION('',(0.,-1.,0.));
#3702 = ORIENTED_EDGE('',*,*,#3650,.T.);
#3703 = PLANE('',#3704);
#3704 = AXIS2_PLACEMENT_3D('',#3705,#3706,#3707);
#3705 = CARTESIAN_POINT('',(51.327,3.765709131929,0.849340668732));
#3706 = DIRECTION('',(1.,0.,0.));
#3707 = DIRECTION('',(0.,0.,1.));
#3708 = ADVANCED_FACE('',(#3709),#3759,.F.);
#3709 = FACE_BOUND('',#3710,.F.);
#3710 = EDGE_LOOP('',(#3711,#3712,#3713,#3721,#3729,#3737,#3745,#3753));
#3711 = ORIENTED_EDGE('',*,*,#1279,.F.);
#3712 = ORIENTED_EDGE('',*,*,#3673,.T.);
#3713 = ORIENTED_EDGE('',*,*,#3714,.T.);
#3714 = EDGE_CURVE('',#3674,#3715,#3717,.T.);
#3715 = VERTEX_POINT('',#3716);
#3716 = CARTESIAN_POINT('',(41.9226,5.9,1.8));
#3717 = LINE('',#3718,#3719);
#3718 = CARTESIAN_POINT('',(100.527,5.9,1.8));
#3719 = VECTOR('',#3720,1.);
#3720 = DIRECTION('',(-1.,0.,0.));
#3721 = ORIENTED_EDGE('',*,*,#3722,.T.);
#3722 = EDGE_CURVE('',#3715,#3723,#3725,.T.);
#3723 = VERTEX_POINT('',#3724);
#3724 = CARTESIAN_POINT('',(41.9226,5.9,1.6));
#3725 = LINE('',#3726,#3727);
#3726 = CARTESIAN_POINT('',(41.9226,5.9,2.45));
#3727 = VECTOR('',#3728,1.);
#3728 = DIRECTION('',(-0.,-0.,-1.));
#3729 = ORIENTED_EDGE('',*,*,#3730,.T.);
#3730 = EDGE_CURVE('',#3723,#3731,#3733,.T.);
#3731 = VERTEX_POINT('',#3732);
#3732 = CARTESIAN_POINT('',(35.9226,5.9,1.6));
#3733 = LINE('',#3734,#3735);
#3734 = CARTESIAN_POINT('',(69.7248,5.9,1.6));
#3735 = VECTOR('',#3736,1.);
#3736 = DIRECTION('',(-1.,0.,0.));
#3737 = ORIENTED_EDGE('',*,*,#3738,.F.);
#3738 = EDGE_CURVE('',#3739,#3731,#3741,.T.);
#3739 = VERTEX_POINT('',#3740);
#3740 = CARTESIAN_POINT('',(35.9226,5.9,1.8));
#3741 = LINE('',#3742,#3743);
#3742 = CARTESIAN_POINT('',(35.9226,5.9,2.45));
#3743 = VECTOR('',#3744,1.);
#3744 = DIRECTION('',(-0.,-0.,-1.));
#3745 = ORIENTED_EDGE('',*,*,#3746,.T.);
#3746 = EDGE_CURVE('',#3739,#3747,#3749,.T.);
#3747 = VERTEX_POINT('',#3748);
#3748 = CARTESIAN_POINT('',(8.127,5.9,1.8));
#3749 = LINE('',#3750,#3751);
#3750 = CARTESIAN_POINT('',(100.527,5.9,1.8));
#3751 = VECTOR('',#3752,1.);
#3752 = DIRECTION('',(-1.,0.,0.));
#3753 = ORIENTED_EDGE('',*,*,#3754,.F.);
#3754 = EDGE_CURVE('',#1272,#3747,#3755,.T.);
#3755 = LINE('',#3756,#3757);
#3756 = CARTESIAN_POINT('',(8.127,5.9,-1.377E-14));
#3757 = VECTOR('',#3758,1.);
#3758 = DIRECTION('',(0.,0.,1.));
#3759 = PLANE('',#3760);
#3760 = AXIS2_PLACEMENT_3D('',#3761,#3762,#3763);
#3761 = CARTESIAN_POINT('',(100.527,5.9,-1.377E-14));
#3762 = DIRECTION('',(0.,-1.,0.));
#3763 = DIRECTION('',(-1.,0.,0.));
#3764 = ADVANCED_FACE('',(#3765),#3799,.F.);
#3765 = FACE_BOUND('',#3766,.F.);
#3766 = EDGE_LOOP('',(#3767,#3768,#3769,#3777,#3785,#3793));
#3767 = ORIENTED_EDGE('',*,*,#1271,.F.);
#3768 = ORIENTED_EDGE('',*,*,#3754,.T.);
#3769 = ORIENTED_EDGE('',*,*,#3770,.T.);
#3770 = EDGE_CURVE('',#3747,#3771,#3773,.T.);
#3771 = VERTEX_POINT('',#3772);
#3772 = CARTESIAN_POINT('',(8.127,141.18665256697,1.8));
#3773 = LINE('',#3774,#3775);
#3774 = CARTESIAN_POINT('',(8.127,5.9,1.8));
#3775 = VECTOR('',#3776,1.);
#3776 = DIRECTION('',(0.,1.,0.));
#3777 = ORIENTED_EDGE('',*,*,#3778,.T.);
#3778 = EDGE_CURVE('',#3771,#3779,#3781,.T.);
#3779 = VERTEX_POINT('',#3780);
#3780 = CARTESIAN_POINT('',(8.127,141.18665256697,1.6));
#3781 = LINE('',#3782,#3783);
#3782 = CARTESIAN_POINT('',(8.127,141.18665256697,2.45));
#3783 = VECTOR('',#3784,1.);
#3784 = DIRECTION('',(0.,0.,-1.));
#3785 = ORIENTED_EDGE('',*,*,#3786,.F.);
#3786 = EDGE_CURVE('',#3787,#3779,#3789,.T.);
#3787 = VERTEX_POINT('',#3788);
#3788 = CARTESIAN_POINT('',(8.127,144.1,1.6));
#3789 = LINE('',#3790,#3791);
#3790 = CARTESIAN_POINT('',(8.127,73.305667136889,1.6));
#3791 = VECTOR('',#3792,1.);
#3792 = DIRECTION('',(0.,-1.,0.));
#3793 = ORIENTED_EDGE('',*,*,#3794,.F.);
#3794 = EDGE_CURVE('',#1264,#3787,#3795,.T.);
#3795 = LINE('',#3796,#3797);
#3796 = CARTESIAN_POINT('',(8.127,144.1,-1.377E-14));
#3797 = VECTOR('',#3798,1.);
#3798 = DIRECTION('',(0.,0.,1.));
#3799 = PLANE('',#3800);
#3800 = AXIS2_PLACEMENT_3D('',#3801,#3802,#3803);
#3801 = CARTESIAN_POINT('',(8.127,5.9,-1.377E-14));
#3802 = DIRECTION('',(-1.,0.,0.));
#3803 = DIRECTION('',(0.,1.,0.));
#3804 = ADVANCED_FACE('',(#3805),#3855,.F.);
#3805 = FACE_BOUND('',#3806,.F.);
#3806 = EDGE_LOOP('',(#3807,#3808,#3809,#3817,#3825,#3833,#3841,#3849));
#3807 = ORIENTED_EDGE('',*,*,#1263,.F.);
#3808 = ORIENTED_EDGE('',*,*,#3794,.T.);
#3809 = ORIENTED_EDGE('',*,*,#3810,.F.);
#3810 = EDGE_CURVE('',#3811,#3787,#3813,.T.);
#3811 = VERTEX_POINT('',#3812);
#3812 = CARTESIAN_POINT('',(17.51,144.1,1.6));
#3813 = LINE('',#3814,#3815);
#3814 = CARTESIAN_POINT('',(31.685947527901,144.1,1.6));
#3815 = VECTOR('',#3816,1.);
#3816 = DIRECTION('',(-1.,0.,0.));
#3817 = ORIENTED_EDGE('',*,*,#3818,.F.);
#3818 = EDGE_CURVE('',#3819,#3811,#3821,.T.);
#3819 = VERTEX_POINT('',#3820);
#3820 = CARTESIAN_POINT('',(17.51,144.1,1.8));
#3821 = LINE('',#3822,#3823);
#3822 = CARTESIAN_POINT('',(17.51,144.1,2.45));
#3823 = VECTOR('',#3824,1.);
#3824 = DIRECTION('',(0.,0.,-1.));
#3825 = ORIENTED_EDGE('',*,*,#3826,.T.);
#3826 = EDGE_CURVE('',#3819,#3827,#3829,.T.);
#3827 = VERTEX_POINT('',#3828);
#3828 = CARTESIAN_POINT('',(96.227,144.1,1.8));
#3829 = LINE('',#3830,#3831);
#3830 = CARTESIAN_POINT('',(8.127,144.1,1.8));
#3831 = VECTOR('',#3832,1.);
#3832 = DIRECTION('',(1.,0.,0.));
#3833 = ORIENTED_EDGE('',*,*,#3834,.T.);
#3834 = EDGE_CURVE('',#3827,#3835,#3837,.T.);
#3835 = VERTEX_POINT('',#3836);
#3836 = CARTESIAN_POINT('',(96.227,144.1,1.6));
#3837 = LINE('',#3838,#3839);
#3838 = CARTESIAN_POINT('',(96.227,144.1,2.45));
#3839 = VECTOR('',#3840,1.);
#3840 = DIRECTION('',(0.,0.,-1.));
#3841 = ORIENTED_EDGE('',*,*,#3842,.F.);
#3842 = EDGE_CURVE('',#3843,#3835,#3845,.T.);
#3843 = VERTEX_POINT('',#3844);
#3844 = CARTESIAN_POINT('',(100.527,144.1,1.6));
#3845 = LINE('',#3846,#3847);
#3846 = CARTESIAN_POINT('',(31.685947527901,144.1,1.6));
#3847 = VECTOR('',#3848,1.);
#3848 = DIRECTION('',(-1.,0.,0.));
#3849 = ORIENTED_EDGE('',*,*,#3850,.F.);
#3850 = EDGE_CURVE('',#1255,#3843,#3851,.T.);
#3851 = LINE('',#3852,#3853);
#3852 = CARTESIAN_POINT('',(100.527,144.1,-1.377E-14));
#3853 = VECTOR('',#3854,1.);
#3854 = DIRECTION('',(0.,0.,1.));
#3855 = PLANE('',#3856);
#3856 = AXIS2_PLACEMENT_3D('',#3857,#3858,#3859);
#3857 = CARTESIAN_POINT('',(8.127,144.1,-1.377E-14));
#3858 = DIRECTION('',(0.,1.,0.));
#3859 = DIRECTION('',(1.,0.,0.));
#3860 = ADVANCED_FACE('',(#3861),#3880,.F.);
#3861 = FACE_BOUND('',#3862,.F.);
#3862 = EDGE_LOOP('',(#3863,#3864,#3865,#3874));
#3863 = ORIENTED_EDGE('',*,*,#1254,.F.);
#3864 = ORIENTED_EDGE('',*,*,#3850,.T.);
#3865 = ORIENTED_EDGE('',*,*,#3866,.T.);
#3866 = EDGE_CURVE('',#3843,#3867,#3869,.T.);
#3867 = VERTEX_POINT('',#3868);
#3868 = CARTESIAN_POINT('',(105.627,139.,1.6));
#3869 = CIRCLE('',#3870,5.1);
#3870 = AXIS2_PLACEMENT_3D('',#3871,#3872,#3873);
#3871 = CARTESIAN_POINT('',(100.527,139.,1.6));
#3872 = DIRECTION('',(0.,0.,-1.));
#3873 = DIRECTION('',(1.,0.,0.));
#3874 = ORIENTED_EDGE('',*,*,#3875,.F.);
#3875 = EDGE_CURVE('',#1247,#3867,#3876,.T.);
#3876 = LINE('',#3877,#3878);
#3877 = CARTESIAN_POINT('',(105.627,139.,-1.377E-14));
#3878 = VECTOR('',#3879,1.);
#3879 = DIRECTION('',(0.,0.,1.));
#3880 = CYLINDRICAL_SURFACE('',#3881,5.1);
#3881 = AXIS2_PLACEMENT_3D('',#3882,#3883,#3884);
#3882 = CARTESIAN_POINT('',(100.527,139.,-1.377E-14));
#3883 = DIRECTION('',(0.,0.,-1.));
#3884 = DIRECTION('',(1.,0.,0.));
#3885 = ADVANCED_FACE('',(#3886),#3920,.F.);
#3886 = FACE_BOUND('',#3887,.F.);
#3887 = EDGE_LOOP('',(#3888,#3889,#3890,#3898,#3906,#3914));
#3888 = ORIENTED_EDGE('',*,*,#1246,.F.);
#3889 = ORIENTED_EDGE('',*,*,#3875,.T.);
#3890 = ORIENTED_EDGE('',*,*,#3891,.F.);
#3891 = EDGE_CURVE('',#3892,#3867,#3894,.T.);
#3892 = VERTEX_POINT('',#3893);
#3893 = CARTESIAN_POINT('',(105.627,134.69999999999,1.6));
#3894 = LINE('',#3895,#3896);
#3895 = CARTESIAN_POINT('',(105.627,139.85566713688,1.6));
#3896 = VECTOR('',#3897,1.);
#3897 = DIRECTION('',(0.,1.,0.));
#3898 = ORIENTED_EDGE('',*,*,#3899,.T.);
#3899 = EDGE_CURVE('',#3892,#3900,#3902,.T.);
#3900 = VERTEX_POINT('',#3901);
#3901 = CARTESIAN_POINT('',(105.627,134.69999999999,1.8));
#3902 = LINE('',#3903,#3904);
#3903 = CARTESIAN_POINT('',(105.627,134.69999999999,2.45));
#3904 = VECTOR('',#3905,1.);
#3905 = DIRECTION('',(0.,0.,1.));
#3906 = ORIENTED_EDGE('',*,*,#3907,.T.);
#3907 = EDGE_CURVE('',#3900,#3908,#3910,.T.);
#3908 = VERTEX_POINT('',#3909);
#3909 = CARTESIAN_POINT('',(105.627,11.,1.8));
#3910 = LINE('',#3911,#3912);
#3911 = CARTESIAN_POINT('',(105.627,139.,1.8));
#3912 = VECTOR('',#3913,1.);
#3913 = DIRECTION('',(0.,-1.,0.));
#3914 = ORIENTED_EDGE('',*,*,#3915,.F.);
#3915 = EDGE_CURVE('',#1238,#3908,#3916,.T.);
#3916 = LINE('',#3917,#3918);
#3917 = CARTESIAN_POINT('',(105.627,11.,-1.377E-14));
#3918 = VECTOR('',#3919,1.);
#3919 = DIRECTION('',(0.,0.,1.));
#3920 = PLANE('',#3921);
#3921 = AXIS2_PLACEMENT_3D('',#3922,#3923,#3924);
#3922 = CARTESIAN_POINT('',(105.627,139.,-1.377E-14));
#3923 = DIRECTION('',(1.,0.,0.));
#3924 = DIRECTION('',(0.,-1.,0.));
#3925 = ADVANCED_FACE('',(#3926),#3945,.F.);
#3926 = FACE_BOUND('',#3927,.F.);
#3927 = EDGE_LOOP('',(#3928,#3929,#3938,#3944));
#3928 = ORIENTED_EDGE('',*,*,#3915,.T.);
#3929 = ORIENTED_EDGE('',*,*,#3930,.T.);
#3930 = EDGE_CURVE('',#3908,#3931,#3933,.T.);
#3931 = VERTEX_POINT('',#3932);
#3932 = CARTESIAN_POINT('',(100.527,5.9,1.8));
#3933 = CIRCLE('',#3934,5.1);
#3934 = AXIS2_PLACEMENT_3D('',#3935,#3936,#3937);
#3935 = CARTESIAN_POINT('',(100.527,11.,1.8));
#3936 = DIRECTION('',(0.,0.,-1.));
#3937 = DIRECTION('',(1.,0.,0.));
#3938 = ORIENTED_EDGE('',*,*,#3939,.F.);
#3939 = EDGE_CURVE('',#1230,#3931,#3940,.T.);
#3940 = LINE('',#3941,#3942);
#3941 = CARTESIAN_POINT('',(100.527,5.9,-1.377E-14));
#3942 = VECTOR('',#3943,1.);
#3943 = DIRECTION('',(0.,0.,1.));
#3944 = ORIENTED_EDGE('',*,*,#1237,.F.);
#3945 = CYLINDRICAL_SURFACE('',#3946,5.1);
#3946 = AXIS2_PLACEMENT_3D('',#3947,#3948,#3949);
#3947 = CARTESIAN_POINT('',(100.527,11.,-1.377E-14));
#3948 = DIRECTION('',(0.,0.,-1.));
#3949 = DIRECTION('',(1.,0.,0.));
#3950 = ADVANCED_FACE('',(#3951),#3969,.F.);
#3951 = FACE_BOUND('',#3952,.F.);
#3952 = EDGE_LOOP('',(#3953,#3954,#3955,#3963));
#3953 = ORIENTED_EDGE('',*,*,#1229,.F.);
#3954 = ORIENTED_EDGE('',*,*,#3939,.T.);
#3955 = ORIENTED_EDGE('',*,*,#3956,.T.);
#3956 = EDGE_CURVE('',#3931,#3957,#3959,.T.);
#3957 = VERTEX_POINT('',#3958);
#3958 = CARTESIAN_POINT('',(62.527,5.9,1.8));
#3959 = LINE('',#3960,#3961);
#3960 = CARTESIAN_POINT('',(100.527,5.9,1.8));
#3961 = VECTOR('',#3962,1.);
#3962 = DIRECTION('',(-1.,0.,0.));
#3963 = ORIENTED_EDGE('',*,*,#3964,.F.);
#3964 = EDGE_CURVE('',#1222,#3957,#3965,.T.);
#3965 = LINE('',#3966,#3967);
#3966 = CARTESIAN_POINT('',(62.527,5.9,-1.395E-14));
#3967 = VECTOR('',#3968,1.);
#3968 = DIRECTION('',(0.,0.,1.));
#3969 = PLANE('',#3970);
#3970 = AXIS2_PLACEMENT_3D('',#3971,#3972,#3973);
#3971 = CARTESIAN_POINT('',(100.527,5.9,-1.377E-14));
#3972 = DIRECTION('',(0.,-1.,0.));
#3973 = DIRECTION('',(-1.,0.,0.));
#3974 = ADVANCED_FACE('',(#3975),#4002,.T.);
#3975 = FACE_BOUND('',#3976,.T.);
#3976 = EDGE_LOOP('',(#3977,#3978,#3979,#3980,#3988,#3996));
#3977 = ORIENTED_EDGE('',*,*,#3964,.F.);
#3978 = ORIENTED_EDGE('',*,*,#1221,.T.);
#3979 = ORIENTED_EDGE('',*,*,#3634,.F.);
#3980 = ORIENTED_EDGE('',*,*,#3981,.F.);
#3981 = EDGE_CURVE('',#3982,#3635,#3984,.T.);
#3982 = VERTEX_POINT('',#3983);
#3983 = CARTESIAN_POINT('',(62.527,1.9,9.999999999999E-02));
#3984 = LINE('',#3985,#3986);
#3985 = CARTESIAN_POINT('',(62.527,1.9,9.999999999999E-02));
#3986 = VECTOR('',#3987,1.);
#3987 = DIRECTION('',(0.,-1.,0.));
#3988 = ORIENTED_EDGE('',*,*,#3989,.T.);
#3989 = EDGE_CURVE('',#3982,#3990,#3992,.T.);
#3990 = VERTEX_POINT('',#3991);
#3991 = CARTESIAN_POINT('',(62.527,1.9,1.8));
#3992 = LINE('',#3993,#3994);
#3993 = CARTESIAN_POINT('',(62.527,1.9,-1.395E-14));
#3994 = VECTOR('',#3995,1.);
#3995 = DIRECTION('',(0.,0.,1.));
#3996 = ORIENTED_EDGE('',*,*,#3997,.F.);
#3997 = EDGE_CURVE('',#3957,#3990,#3998,.T.);
#3998 = LINE('',#3999,#4000);
#3999 = CARTESIAN_POINT('',(62.527,5.9,1.8));
#4000 = VECTOR('',#4001,1.);
#4001 = DIRECTION('',(0.,-1.,0.));
#4002 = PLANE('',#4003);
#4003 = AXIS2_PLACEMENT_3D('',#4004,#4005,#4006);
#4004 = CARTESIAN_POINT('',(62.527,3.765709131929,0.849340668732));
#4005 = DIRECTION('',(-1.,-0.,-0.));
#4006 = DIRECTION('',(0.,0.,-1.));
#4007 = ADVANCED_FACE('',(#4008),#4027,.T.);
#4008 = FACE_BOUND('',#4009,.F.);
#4009 = EDGE_LOOP('',(#4010,#4018,#4019,#4020));
#4010 = ORIENTED_EDGE('',*,*,#4011,.F.);
#4011 = EDGE_CURVE('',#1197,#4012,#4014,.T.);
#4012 = VERTEX_POINT('',#4013);
#4013 = CARTESIAN_POINT('',(111.527,11.,1.6));
#4014 = LINE('',#4015,#4016);
#4015 = CARTESIAN_POINT('',(110.727,11.,0.8));
#4016 = VECTOR('',#4017,1.);
#4017 = DIRECTION('',(0.707106781187,0.,0.707106781187));
#4018 = ORIENTED_EDGE('',*,*,#1204,.T.);
#4019 = ORIENTED_EDGE('',*,*,#3627,.T.);
#4020 = ORIENTED_EDGE('',*,*,#4021,.F.);
#4021 = EDGE_CURVE('',#4012,#3620,#4022,.T.);
#4022 = CIRCLE('',#4023,11.);
#4023 = AXIS2_PLACEMENT_3D('',#4024,#4025,#4026);
#4024 = CARTESIAN_POINT('',(100.527,11.,1.6));
#4025 = DIRECTION('',(4.2E-16,0.,-1.));
#4026 = DIRECTION('',(1.,1.6E-16,4.2E-16));
#4027 = CONICAL_SURFACE('',#4028,11.,0.785398163397);
#4028 = AXIS2_PLACEMENT_3D('',#4029,#4030,#4031);
#4029 = CARTESIAN_POINT('',(100.527,11.,1.6));
#4030 = DIRECTION('',(-4.2E-16,0.,1.));
#4031 = DIRECTION('',(1.,1.6E-16,4.2E-16));
#4032 = ADVANCED_FACE('',(#4033),#4051,.F.);
#4033 = FACE_BOUND('',#4034,.F.);
#4034 = EDGE_LOOP('',(#4035,#4043,#4044,#4045));
#4035 = ORIENTED_EDGE('',*,*,#4036,.F.);
#4036 = EDGE_CURVE('',#1188,#4037,#4039,.T.);
#4037 = VERTEX_POINT('',#4038);
#4038 = CARTESIAN_POINT('',(111.527,139.,1.6));
#4039 = LINE('',#4040,#4041);
#4040 = CARTESIAN_POINT('',(111.527,139.,1.6));
#4041 = VECTOR('',#4042,1.);
#4042 = DIRECTION('',(0.707106781187,4.E-17,0.707106781187));
#4043 = ORIENTED_EDGE('',*,*,#1196,.T.);
#4044 = ORIENTED_EDGE('',*,*,#4011,.T.);
#4045 = ORIENTED_EDGE('',*,*,#4046,.F.);
#4046 = EDGE_CURVE('',#4037,#4012,#4047,.T.);
#4047 = LINE('',#4048,#4049);
#4048 = CARTESIAN_POINT('',(111.527,139.,1.6));
#4049 = VECTOR('',#4050,1.);
#4050 = DIRECTION('',(-0.,-1.,-0.));
#4051 = PLANE('',#4052);
#4052 = AXIS2_PLACEMENT_3D('',#4053,#4054,#4055);
#4053 = CARTESIAN_POINT('',(110.727,139.,0.8));
#4054 = DIRECTION('',(-0.707106781187,0.,0.707106781187));
#4055 = DIRECTION('',(0.,-1.,0.));
#4056 = ADVANCED_FACE('',(#4057),#4076,.T.);
#4057 = FACE_BOUND('',#4058,.F.);
#4058 = EDGE_LOOP('',(#4059,#4067,#4068,#4069));
#4059 = ORIENTED_EDGE('',*,*,#4060,.F.);
#4060 = EDGE_CURVE('',#1180,#4061,#4063,.T.);
#4061 = VERTEX_POINT('',#4062);
#4062 = CARTESIAN_POINT('',(100.527,150.,1.6));
#4063 = LINE('',#4064,#4065);
#4064 = CARTESIAN_POINT('',(100.527,149.2,0.8));
#4065 = VECTOR('',#4066,1.);
#4066 = DIRECTION('',(-6.6E-16,0.707106781187,0.707106781187));
#4067 = ORIENTED_EDGE('',*,*,#1187,.T.);
#4068 = ORIENTED_EDGE('',*,*,#4036,.T.);
#4069 = ORIENTED_EDGE('',*,*,#4070,.F.);
#4070 = EDGE_CURVE('',#4061,#4037,#4071,.T.);
#4071 = CIRCLE('',#4072,11.);
#4072 = AXIS2_PLACEMENT_3D('',#4073,#4074,#4075);
#4073 = CARTESIAN_POINT('',(100.527,139.,1.6));
#4074 = DIRECTION('',(4.2E-16,0.,-1.));
#4075 = DIRECTION('',(0.,1.,0.));
#4076 = CONICAL_SURFACE('',#4077,11.,0.785398163397);
#4077 = AXIS2_PLACEMENT_3D('',#4078,#4079,#4080);
#4078 = CARTESIAN_POINT('',(100.527,139.,1.6));
#4079 = DIRECTION('',(-4.2E-16,0.,1.));
#4080 = DIRECTION('',(0.,1.,0.));
#4081 = ADVANCED_FACE('',(#4082),#4100,.T.);
#4082 = FACE_BOUND('',#4083,.F.);
#4083 = EDGE_LOOP('',(#4084,#4085,#4086,#4094));
#4084 = ORIENTED_EDGE('',*,*,#1179,.T.);
#4085 = ORIENTED_EDGE('',*,*,#4060,.T.);
#4086 = ORIENTED_EDGE('',*,*,#4087,.F.);
#4087 = EDGE_CURVE('',#4088,#4061,#4090,.T.);
#4088 = VERTEX_POINT('',#4089);
#4089 = CARTESIAN_POINT('',(-1.915922061358,150.,1.6));
#4090 = LINE('',#4091,#4092);
#4091 = CARTESIAN_POINT('',(-4.746073580374,150.,1.6));
#4092 = VECTOR('',#4093,1.);
#4093 = DIRECTION('',(1.,0.,9.4E-16));
#4094 = ORIENTED_EDGE('',*,*,#4095,.F.);
#4095 = EDGE_CURVE('',#1171,#4088,#4096,.T.);
#4096 = LINE('',#4097,#4098);
#4097 = CARTESIAN_POINT('',(-2.74990771929,147.98658051379,
    -0.413419486204));
#4098 = VECTOR('',#4099,1.);
#4099 = DIRECTION('',(0.281084637715,0.678598344546,0.678598344546));
#4100 = PLANE('',#4101);
#4101 = AXIS2_PLACEMENT_3D('',#4102,#4103,#4104);
#4102 = CARTESIAN_POINT('',(-4.746073580374,149.2,0.8));
#4103 = DIRECTION('',(2.8E-16,0.707106781187,-0.707106781187));
#4104 = DIRECTION('',(-1.,-2.720101012678E-16,-6.679898987322E-16));
#4105 = ADVANCED_FACE('',(#4106),#4134,.T.);
#4106 = FACE_BOUND('',#4107,.T.);
#4107 = EDGE_LOOP('',(#4108,#4109,#4118,#4126,#4133));
#4108 = ORIENTED_EDGE('',*,*,#1170,.T.);
#4109 = ORIENTED_EDGE('',*,*,#4110,.T.);
#4110 = EDGE_CURVE('',#1163,#4111,#4113,.T.);
#4111 = VERTEX_POINT('',#4112);
#4112 = CARTESIAN_POINT('',(-6.278663761155,148.4,1.53259018078));
#4113 = ELLIPSE('',#4114,10.904830610738,7.4);
#4114 = AXIS2_PLACEMENT_3D('',#4115,#4116,#4117);
#4115 = CARTESIAN_POINT('',(-4.746073580374,137.93481963843,-1.599E-14)
  );
#4116 = DIRECTION('',(0.707106781187,8.326672684689E-17,0.707106781187)
  );
#4117 = DIRECTION('',(-0.270598050073,0.923879532511,0.270598050073));
#4118 = ORIENTED_EDGE('',*,*,#4119,.T.);
#4119 = EDGE_CURVE('',#4111,#4120,#4122,.T.);
#4120 = VERTEX_POINT('',#4121);
#4121 = CARTESIAN_POINT('',(-5.615922061358,150.,3.13259018078));
#4122 = LINE('',#4123,#4124);
#4123 = CARTESIAN_POINT('',(-6.44990771929,147.98658051379,
    1.119170694577));
#4124 = VECTOR('',#4125,1.);
#4125 = DIRECTION('',(0.281084637715,0.678598344546,0.678598344546));
#4126 = ORIENTED_EDGE('',*,*,#4127,.F.);
#4127 = EDGE_CURVE('',#4088,#4120,#4128,.T.);
#4128 = ELLIPSE('',#4129,10.904830610738,7.4);
#4129 = AXIS2_PLACEMENT_3D('',#4130,#4131,#4132);
#4130 = CARTESIAN_POINT('',(0.251487757862,150.,12.065180361561));
#4131 = DIRECTION('',(-0.,1.,0.));
#4132 = DIRECTION('',(0.382683432365,0.,0.923879532511));
#4133 = ORIENTED_EDGE('',*,*,#4095,.F.);
#4134 = CYLINDRICAL_SURFACE('',#4135,7.4);
#4135 = AXIS2_PLACEMENT_3D('',#4136,#4137,#4138);
#4136 = CARTESIAN_POINT('',(-2.74990771929,142.75399033301,
    4.819170694577));
#4137 = DIRECTION('',(0.281084637715,0.678598344546,0.678598344546));
#4138 = DIRECTION('',(3.053113317719E-16,0.707106781187,-0.707106781187)
  );
#4139 = ADVANCED_FACE('',(#4140),#4157,.F.);
#4140 = FACE_BOUND('',#4141,.T.);
#4141 = EDGE_LOOP('',(#4142,#4143,#4149,#4150,#4156));
#4142 = ORIENTED_EDGE('',*,*,#1162,.T.);
#4143 = ORIENTED_EDGE('',*,*,#4144,.F.);
#4144 = EDGE_CURVE('',#1937,#1155,#4145,.T.);
#4145 = LINE('',#4146,#4147);
#4146 = CARTESIAN_POINT('',(-6.767036790187,140.05,2.020963209813));
#4147 = VECTOR('',#4148,1.);
#4148 = DIRECTION('',(0.707106781187,0.,-0.707106781187));
#4149 = ORIENTED_EDGE('',*,*,#1945,.F.);
#4150 = ORIENTED_EDGE('',*,*,#4151,.T.);
#4151 = EDGE_CURVE('',#1888,#4111,#4152,.T.);
#4152 = LINE('',#4153,#4154);
#4153 = CARTESIAN_POINT('',(-6.767036790187,148.4,2.020963209813));
#4154 = VECTOR('',#4155,1.);
#4155 = DIRECTION('',(0.707106781187,0.,-0.707106781187));
#4156 = ORIENTED_EDGE('',*,*,#4110,.F.);
#4157 = PLANE('',#4158);
#4158 = AXIS2_PLACEMENT_3D('',#4159,#4160,#4161);
#4159 = CARTESIAN_POINT('',(-4.746073580374,150.,-3.331E-14));
#4160 = DIRECTION('',(0.707106781187,1.6E-16,0.707106781187));
#4161 = DIRECTION('',(0.707106781187,-1.6E-16,-0.707106781187));
#4162 = ADVANCED_FACE('',(#4163),#4179,.F.);
#4163 = FACE_BOUND('',#4164,.T.);
#4164 = EDGE_LOOP('',(#4165,#4171,#4172,#4178));
#4165 = ORIENTED_EDGE('',*,*,#4166,.F.);
#4166 = EDGE_CURVE('',#1155,#2082,#4167,.T.);
#4167 = LINE('',#4168,#4169);
#4168 = CARTESIAN_POINT('',(-4.386556354052,139.1820486363,
    0.867951363695));
#4169 = VECTOR('',#4170,1.);
#4170 = DIRECTION('',(0.281084637715,-0.678598344546,0.678598344546));
#4171 = ORIENTED_EDGE('',*,*,#1154,.T.);
#4172 = ORIENTED_EDGE('',*,*,#4173,.T.);
#4173 = EDGE_CURVE('',#1147,#2054,#4174,.T.);
#4174 = LINE('',#4175,#4176);
#4175 = CARTESIAN_POINT('',(-0.760212710474,139.88764872589,
    0.162351274109));
#4176 = VECTOR('',#4177,1.);
#4177 = DIRECTION('',(0.8628562604,-0.357406682847,0.357406682847));
#4178 = ORIENTED_EDGE('',*,*,#2089,.F.);
#4179 = PLANE('',#4180);
#4180 = AXIS2_PLACEMENT_3D('',#4181,#4182,#4183);
#4181 = CARTESIAN_POINT('',(-3.331860018001,139.55,0.5));
#4182 = DIRECTION('',(-2.9E-16,0.707106781187,0.707106781187));
#4183 = DIRECTION('',(-1.,-2.050609665441E-16,-2.050609665441E-16));
#4184 = ADVANCED_FACE('',(#4185),#4202,.F.);
#4185 = FACE_BOUND('',#4186,.F.);
#4186 = EDGE_LOOP('',(#4187,#4188,#4194,#4200,#4201));
#4187 = ORIENTED_EDGE('',*,*,#2053,.T.);
#4188 = ORIENTED_EDGE('',*,*,#4189,.T.);
#4189 = EDGE_CURVE('',#2056,#2294,#4190,.T.);
#4190 = LINE('',#4191,#4192);
#4191 = CARTESIAN_POINT('',(2.884054314494,138.7,2.1270284471));
#4192 = VECTOR('',#4193,1.);
#4193 = DIRECTION('',(0.499999918301,-0.707106781187,-0.500000081699));
#4194 = ORIENTED_EDGE('',*,*,#4195,.F.);
#4195 = EDGE_CURVE('',#1139,#2294,#4196,.T.);
#4196 = LINE('',#4197,#4198);
#4197 = CARTESIAN_POINT('',(1.252,138.35,-3.141E-14));
#4198 = VECTOR('',#4199,1.);
#4199 = DIRECTION('',(0.707106896726,3.1E-16,0.707106665647));
#4200 = ORIENTED_EDGE('',*,*,#1146,.F.);
#4201 = ORIENTED_EDGE('',*,*,#4173,.T.);
#4202 = PLANE('',#4203);
#4203 = AXIS2_PLACEMENT_3D('',#4204,#4205,#4206);
#4204 = CARTESIAN_POINT('',(1.004512667024,138.7,0.247487413854));
#4205 = DIRECTION('',(0.499999918301,0.707106781187,-0.500000081699));
#4206 = DIRECTION('',(0.707106896726,1.110223024625E-16,0.707106665647)
  );
#4207 = ADVANCED_FACE('',(#4208),#4219,.F.);
#4208 = FACE_BOUND('',#4209,.F.);
#4209 = EDGE_LOOP('',(#4210,#4211,#4217,#4218));
#4210 = ORIENTED_EDGE('',*,*,#2291,.F.);
#4211 = ORIENTED_EDGE('',*,*,#4212,.F.);
#4212 = EDGE_CURVE('',#1131,#2292,#4213,.T.);
#4213 = LINE('',#4214,#4215);
#4214 = CARTESIAN_POINT('',(1.252,128.65,-2.921E-14));
#4215 = VECTOR('',#4216,1.);
#4216 = DIRECTION('',(0.707106896726,3.1E-16,0.707106665647));
#4217 = ORIENTED_EDGE('',*,*,#1138,.T.);
#4218 = ORIENTED_EDGE('',*,*,#4195,.T.);
#4219 = PLANE('',#4220);
#4220 = AXIS2_PLACEMENT_3D('',#4221,#4222,#4223);
#4221 = CARTESIAN_POINT('',(1.252,0.,0.));
#4222 = DIRECTION('',(0.707106665647,-1.6E-16,-0.707106896726));
#4223 = DIRECTION('',(0.707106896726,1.6E-16,0.707106665647));
#4224 = ADVANCED_FACE('',(#4225),#4242,.T.);
#4225 = FACE_BOUND('',#4226,.F.);
#4226 = EDGE_LOOP('',(#4227,#4228,#4234,#4235,#4236));
#4227 = ORIENTED_EDGE('',*,*,#2409,.F.);
#4228 = ORIENTED_EDGE('',*,*,#4229,.F.);
#4229 = EDGE_CURVE('',#1123,#2410,#4230,.T.);
#4230 = LINE('',#4231,#4232);
#4231 = CARTESIAN_POINT('',(0.577658025284,127.6665153495,0.716515349507
    ));
#4232 = VECTOR('',#4233,1.);
#4233 = DIRECTION('',(0.8628562604,0.357406682847,0.357406682847));
#4234 = ORIENTED_EDGE('',*,*,#1130,.F.);
#4235 = ORIENTED_EDGE('',*,*,#4212,.T.);
#4236 = ORIENTED_EDGE('',*,*,#4237,.T.);
#4237 = EDGE_CURVE('',#2292,#2412,#4238,.T.);
#4238 = LINE('',#4239,#4240);
#4239 = CARTESIAN_POINT('',(2.884054314494,128.3,2.1270284471));
#4240 = VECTOR('',#4241,1.);
#4241 = DIRECTION('',(-0.499999918301,-0.707106781187,0.500000081699));
#4242 = PLANE('',#4243);
#4243 = AXIS2_PLACEMENT_3D('',#4244,#4245,#4246);
#4244 = CARTESIAN_POINT('',(1.004512667024,128.3,0.247487413854));
#4245 = DIRECTION('',(-0.499999918301,0.707106781187,0.500000081699));
#4246 = DIRECTION('',(-0.707106896726,-8.326672684689E-17,
    -0.707106665647));
#4247 = ADVANCED_FACE('',(#4248),#4259,.T.);
#4248 = FACE_BOUND('',#4249,.T.);
#4249 = EDGE_LOOP('',(#4250,#4251,#4252,#4258));
#4250 = ORIENTED_EDGE('',*,*,#4229,.F.);
#4251 = ORIENTED_EDGE('',*,*,#1122,.T.);
#4252 = ORIENTED_EDGE('',*,*,#4253,.T.);
#4253 = EDGE_CURVE('',#1115,#2420,#4254,.T.);
#4254 = LINE('',#4255,#4256);
#4255 = CARTESIAN_POINT('',(-4.244581488428,128.1607090098,1.2107090098)
  );
#4256 = VECTOR('',#4257,1.);
#4257 = DIRECTION('',(0.281084637715,0.678598344546,0.678598344546));
#4258 = ORIENTED_EDGE('',*,*,#2419,.F.);
#4259 = PLANE('',#4260);
#4260 = AXIS2_PLACEMENT_3D('',#4261,#4262,#4263);
#4261 = CARTESIAN_POINT('',(0.262050344584,127.45,0.5));
#4262 = DIRECTION('',(2.9E-16,0.707106781187,-0.707106781187));
#4263 = DIRECTION('',(-1.,-2.649390334559E-16,-6.750609665441E-16));
#4264 = ADVANCED_FACE('',(#4265),#4281,.T.);
#4265 = FACE_BOUND('',#4266,.F.);
#4266 = EDGE_LOOP('',(#4267,#4268,#4274,#4275));
#4267 = ORIENTED_EDGE('',*,*,#1114,.T.);
#4268 = ORIENTED_EDGE('',*,*,#4269,.F.);
#4269 = EDGE_CURVE('',#2534,#1115,#4270,.T.);
#4270 = LINE('',#4271,#4272);
#4271 = CARTESIAN_POINT('',(-6.767036790187,126.95,2.020963209813));
#4272 = VECTOR('',#4273,1.);
#4273 = DIRECTION('',(0.707106781187,0.,-0.707106781187));
#4274 = ORIENTED_EDGE('',*,*,#2583,.F.);
#4275 = ORIENTED_EDGE('',*,*,#4276,.T.);
#4276 = EDGE_CURVE('',#2584,#1107,#4277,.T.);
#4277 = LINE('',#4278,#4279);
#4278 = CARTESIAN_POINT('',(-6.767036790187,118.05,2.020963209813));
#4279 = VECTOR('',#4280,1.);
#4280 = DIRECTION('',(0.707106781187,0.,-0.707106781187));
#4281 = PLANE('',#4282);
#4282 = AXIS2_PLACEMENT_3D('',#4283,#4284,#4285);
#4283 = CARTESIAN_POINT('',(-4.746073580374,117.05,-2.599E-14));
#4284 = DIRECTION('',(-0.707106781187,-1.6E-16,-0.707106781187));
#4285 = DIRECTION('',(0.707106781187,-1.6E-16,-0.707106781187));
#4286 = ADVANCED_FACE('',(#4287),#4303,.F.);
#4287 = FACE_BOUND('',#4288,.T.);
#4288 = EDGE_LOOP('',(#4289,#4295,#4296,#4302));
#4289 = ORIENTED_EDGE('',*,*,#4290,.F.);
#4290 = EDGE_CURVE('',#1107,#2728,#4291,.T.);
#4291 = LINE('',#4292,#4293);
#4292 = CARTESIAN_POINT('',(-4.386556354052,117.1820486363,
    0.867951363695));
#4293 = VECTOR('',#4294,1.);
#4294 = DIRECTION('',(0.281084637715,-0.678598344546,0.678598344546));
#4295 = ORIENTED_EDGE('',*,*,#1106,.T.);
#4296 = ORIENTED_EDGE('',*,*,#4297,.T.);
#4297 = EDGE_CURVE('',#1099,#2700,#4298,.T.);
#4298 = LINE('',#4299,#4300);
#4299 = CARTESIAN_POINT('',(-0.760212710474,117.88764872589,
    0.162351274109));
#4300 = VECTOR('',#4301,1.);
#4301 = DIRECTION('',(0.8628562604,-0.357406682847,0.357406682847));
#4302 = ORIENTED_EDGE('',*,*,#2735,.F.);
#4303 = PLANE('',#4304);
#4304 = AXIS2_PLACEMENT_3D('',#4305,#4306,#4307);
#4305 = CARTESIAN_POINT('',(-3.331860018001,117.55,0.5));
#4306 = DIRECTION('',(-2.9E-16,0.707106781187,0.707106781187));
#4307 = DIRECTION('',(-1.,-2.050609665441E-16,-2.050609665441E-16));
#4308 = ADVANCED_FACE('',(#4309),#4326,.F.);
#4309 = FACE_BOUND('',#4310,.F.);
#4310 = EDGE_LOOP('',(#4311,#4312,#4318,#4324,#4325));
#4311 = ORIENTED_EDGE('',*,*,#2699,.T.);
#4312 = ORIENTED_EDGE('',*,*,#4313,.T.);
#4313 = EDGE_CURVE('',#2702,#2863,#4314,.T.);
#4314 = LINE('',#4315,#4316);
#4315 = CARTESIAN_POINT('',(2.884054314494,116.7,2.1270284471));
#4316 = VECTOR('',#4317,1.);
#4317 = DIRECTION('',(0.499999918301,-0.707106781187,-0.500000081699));
#4318 = ORIENTED_EDGE('',*,*,#4319,.F.);
#4319 = EDGE_CURVE('',#1091,#2863,#4320,.T.);
#4320 = LINE('',#4321,#4322);
#4321 = CARTESIAN_POINT('',(1.252,116.35,-2.697E-14));
#4322 = VECTOR('',#4323,1.);
#4323 = DIRECTION('',(0.707106896726,3.1E-16,0.707106665647));
#4324 = ORIENTED_EDGE('',*,*,#1098,.F.);
#4325 = ORIENTED_EDGE('',*,*,#4297,.T.);
#4326 = PLANE('',#4327);
#4327 = AXIS2_PLACEMENT_3D('',#4328,#4329,#4330);
#4328 = CARTESIAN_POINT('',(1.004512667024,116.7,0.247487413854));
#4329 = DIRECTION('',(0.499999918301,0.707106781187,-0.500000081699));
#4330 = DIRECTION('',(0.707106896726,1.110223024625E-16,0.707106665647)
  );
#4331 = ADVANCED_FACE('',(#4332),#4343,.F.);
#4332 = FACE_BOUND('',#4333,.F.);
#4333 = EDGE_LOOP('',(#4334,#4335,#4341,#4342));
#4334 = ORIENTED_EDGE('',*,*,#2860,.F.);
#4335 = ORIENTED_EDGE('',*,*,#4336,.F.);
#4336 = EDGE_CURVE('',#1083,#2861,#4337,.T.);
#4337 = LINE('',#4338,#4339);
#4338 = CARTESIAN_POINT('',(1.252,106.65,-2.321E-14));
#4339 = VECTOR('',#4340,1.);
#4340 = DIRECTION('',(0.707106896726,3.1E-16,0.707106665647));
#4341 = ORIENTED_EDGE('',*,*,#1090,.T.);
#4342 = ORIENTED_EDGE('',*,*,#4319,.T.);
#4343 = PLANE('',#4344);
#4344 = AXIS2_PLACEMENT_3D('',#4345,#4346,#4347);
#4345 = CARTESIAN_POINT('',(1.252,0.,0.));
#4346 = DIRECTION('',(0.707106665647,-1.6E-16,-0.707106896726));
#4347 = DIRECTION('',(0.707106896726,1.6E-16,0.707106665647));
#4348 = ADVANCED_FACE('',(#4349),#4366,.T.);
#4349 = FACE_BOUND('',#4350,.F.);
#4350 = EDGE_LOOP('',(#4351,#4352,#4358,#4359,#4360));
#4351 = ORIENTED_EDGE('',*,*,#2978,.F.);
#4352 = ORIENTED_EDGE('',*,*,#4353,.F.);
#4353 = EDGE_CURVE('',#1075,#2979,#4354,.T.);
#4354 = LINE('',#4355,#4356);
#4355 = CARTESIAN_POINT('',(0.577658025284,105.6665153495,0.716515349507
    ));
#4356 = VECTOR('',#4357,1.);
#4357 = DIRECTION('',(0.8628562604,0.357406682847,0.357406682847));
#4358 = ORIENTED_EDGE('',*,*,#1082,.F.);
#4359 = ORIENTED_EDGE('',*,*,#4336,.T.);
#4360 = ORIENTED_EDGE('',*,*,#4361,.T.);
#4361 = EDGE_CURVE('',#2861,#2981,#4362,.T.);
#4362 = LINE('',#4363,#4364);
#4363 = CARTESIAN_POINT('',(2.884054314494,106.3,2.1270284471));
#4364 = VECTOR('',#4365,1.);
#4365 = DIRECTION('',(-0.499999918301,-0.707106781187,0.500000081699));
#4366 = PLANE('',#4367);
#4367 = AXIS2_PLACEMENT_3D('',#4368,#4369,#4370);
#4368 = CARTESIAN_POINT('',(1.004512667024,106.3,0.247487413854));
#4369 = DIRECTION('',(-0.499999918301,0.707106781187,0.500000081699));
#4370 = DIRECTION('',(-0.707106896726,-1.942890293094E-16,
    -0.707106665647));
#4371 = ADVANCED_FACE('',(#4372),#4383,.T.);
#4372 = FACE_BOUND('',#4373,.T.);
#4373 = EDGE_LOOP('',(#4374,#4375,#4376,#4382));
#4374 = ORIENTED_EDGE('',*,*,#4353,.F.);
#4375 = ORIENTED_EDGE('',*,*,#1074,.T.);
#4376 = ORIENTED_EDGE('',*,*,#4377,.T.);
#4377 = EDGE_CURVE('',#1067,#2989,#4378,.T.);
#4378 = LINE('',#4379,#4380);
#4379 = CARTESIAN_POINT('',(-4.244581488428,106.1607090098,1.2107090098)
  );
#4380 = VECTOR('',#4381,1.);
#4381 = DIRECTION('',(0.281084637715,0.678598344546,0.678598344546));
#4382 = ORIENTED_EDGE('',*,*,#2988,.F.);
#4383 = PLANE('',#4384);
#4384 = AXIS2_PLACEMENT_3D('',#4385,#4386,#4387);
#4385 = CARTESIAN_POINT('',(0.262050344584,105.45,0.5));
#4386 = DIRECTION('',(2.9E-16,0.707106781187,-0.707106781187));
#4387 = DIRECTION('',(-1.,2.050609665441E-16,-2.050609665441E-16));
#4388 = ADVANCED_FACE('',(#4389),#4405,.T.);
#4389 = FACE_BOUND('',#4390,.F.);
#4390 = EDGE_LOOP('',(#4391,#4392,#4398,#4399));
#4391 = ORIENTED_EDGE('',*,*,#1066,.T.);
#4392 = ORIENTED_EDGE('',*,*,#4393,.F.);
#4393 = EDGE_CURVE('',#3108,#1067,#4394,.T.);
#4394 = LINE('',#4395,#4396);
#4395 = CARTESIAN_POINT('',(-6.767036790187,104.95,2.020963209813));
#4396 = VECTOR('',#4397,1.);
#4397 = DIRECTION('',(0.707106781187,0.,-0.707106781187));
#4398 = ORIENTED_EDGE('',*,*,#3149,.F.);
#4399 = ORIENTED_EDGE('',*,*,#4400,.T.);
#4400 = EDGE_CURVE('',#3150,#1059,#4401,.T.);
#4401 = LINE('',#4402,#4403);
#4402 = CARTESIAN_POINT('',(-6.767036790187,94.65,2.020963209813));
#4403 = VECTOR('',#4404,1.);
#4404 = DIRECTION('',(0.707106781187,0.,-0.707106781187));
#4405 = PLANE('',#4406);
#4406 = AXIS2_PLACEMENT_3D('',#4407,#4408,#4409);
#4407 = CARTESIAN_POINT('',(-4.746073580374,93.65,-2.079E-14));
#4408 = DIRECTION('',(-0.707106781187,-1.6E-16,-0.707106781187));
#4409 = DIRECTION('',(0.707106781187,-1.6E-16,-0.707106781187));
#4410 = ADVANCED_FACE('',(#4411),#4427,.F.);
#4411 = FACE_BOUND('',#4412,.T.);
#4412 = EDGE_LOOP('',(#4413,#4419,#4420,#4426));
#4413 = ORIENTED_EDGE('',*,*,#4414,.F.);
#4414 = EDGE_CURVE('',#1059,#3208,#4415,.T.);
#4415 = LINE('',#4416,#4417);
#4416 = CARTESIAN_POINT('',(-4.386556354052,93.782048636305,
    0.867951363695));
#4417 = VECTOR('',#4418,1.);
#4418 = DIRECTION('',(0.281084637715,-0.678598344546,0.678598344546));
#4419 = ORIENTED_EDGE('',*,*,#1058,.T.);
#4420 = ORIENTED_EDGE('',*,*,#4421,.T.);
#4421 = EDGE_CURVE('',#1051,#3198,#4422,.T.);
#4422 = LINE('',#4423,#4424);
#4423 = CARTESIAN_POINT('',(-0.760212710474,94.487648725891,
    0.162351274109));
#4424 = VECTOR('',#4425,1.);
#4425 = DIRECTION('',(0.8628562604,-0.357406682847,0.357406682847));
#4426 = ORIENTED_EDGE('',*,*,#3207,.F.);
#4427 = PLANE('',#4428);
#4428 = AXIS2_PLACEMENT_3D('',#4429,#4430,#4431);
#4429 = CARTESIAN_POINT('',(-3.331860018001,94.15,0.5));
#4430 = DIRECTION('',(-2.9E-16,0.707106781187,0.707106781187));
#4431 = DIRECTION('',(-1.,-2.050609665441E-16,-2.050609665441E-16));
#4432 = ADVANCED_FACE('',(#4433),#4450,.F.);
#4433 = FACE_BOUND('',#4434,.F.);
#4434 = EDGE_LOOP('',(#4435,#4436,#4442,#4448,#4449));
#4435 = ORIENTED_EDGE('',*,*,#3197,.T.);
#4436 = ORIENTED_EDGE('',*,*,#4437,.T.);
#4437 = EDGE_CURVE('',#3200,#3302,#4438,.T.);
#4438 = LINE('',#4439,#4440);
#4439 = CARTESIAN_POINT('',(2.884054314494,93.3,2.1270284471));
#4440 = VECTOR('',#4441,1.);
#4441 = DIRECTION('',(0.499999918301,-0.707106781187,-0.500000081699));
#4442 = ORIENTED_EDGE('',*,*,#4443,.F.);
#4443 = EDGE_CURVE('',#1043,#3302,#4444,.T.);
#4444 = LINE('',#4445,#4446);
#4445 = CARTESIAN_POINT('',(1.252,92.95,-2.108E-14));
#4446 = VECTOR('',#4447,1.);
#4447 = DIRECTION('',(0.707106896726,3.1E-16,0.707106665647));
#4448 = ORIENTED_EDGE('',*,*,#1050,.F.);
#4449 = ORIENTED_EDGE('',*,*,#4421,.T.);
#4450 = PLANE('',#4451);
#4451 = AXIS2_PLACEMENT_3D('',#4452,#4453,#4454);
#4452 = CARTESIAN_POINT('',(1.004512667024,93.3,0.247487413854));
#4453 = DIRECTION('',(0.499999918301,0.707106781187,-0.500000081699));
#4454 = DIRECTION('',(0.707106896726,2.498001805407E-16,0.707106665647)
  );
#4455 = ADVANCED_FACE('',(#4456),#4467,.F.);
#4456 = FACE_BOUND('',#4457,.F.);
#4457 = EDGE_LOOP('',(#4458,#4459,#4465,#4466));
#4458 = ORIENTED_EDGE('',*,*,#3299,.F.);
#4459 = ORIENTED_EDGE('',*,*,#4460,.F.);
#4460 = EDGE_CURVE('',#1035,#3300,#4461,.T.);
#4461 = LINE('',#4462,#4463);
#4462 = CARTESIAN_POINT('',(1.252,81.85,-1.873E-14));
#4463 = VECTOR('',#4464,1.);
#4464 = DIRECTION('',(0.707106896726,0.,0.707106665647));
#4465 = ORIENTED_EDGE('',*,*,#1042,.T.);
#4466 = ORIENTED_EDGE('',*,*,#4443,.T.);
#4467 = PLANE('',#4468);
#4468 = AXIS2_PLACEMENT_3D('',#4469,#4470,#4471);
#4469 = CARTESIAN_POINT('',(1.252,0.,0.));
#4470 = DIRECTION('',(0.707106665647,-1.6E-16,-0.707106896726));
#4471 = DIRECTION('',(0.707106896726,1.6E-16,0.707106665647));
#4472 = ADVANCED_FACE('',(#4473),#4490,.T.);
#4473 = FACE_BOUND('',#4474,.T.);
#4474 = EDGE_LOOP('',(#4475,#4476,#4482,#4483,#4484));
#4475 = ORIENTED_EDGE('',*,*,#3392,.T.);
#4476 = ORIENTED_EDGE('',*,*,#4477,.T.);
#4477 = EDGE_CURVE('',#3395,#3300,#4478,.T.);
#4478 = LINE('',#4479,#4480);
#4479 = CARTESIAN_POINT('',(2.884054314494,81.5,2.1270284471));
#4480 = VECTOR('',#4481,1.);
#4481 = DIRECTION('',(0.499999918301,0.707106781187,-0.500000081699));
#4482 = ORIENTED_EDGE('',*,*,#4460,.F.);
#4483 = ORIENTED_EDGE('',*,*,#1034,.T.);
#4484 = ORIENTED_EDGE('',*,*,#4485,.T.);
#4485 = EDGE_CURVE('',#1027,#3393,#4486,.T.);
#4486 = LINE('',#4487,#4488);
#4487 = CARTESIAN_POINT('',(-0.760212710474,80.312351274109,
    0.162351274109));
#4488 = VECTOR('',#4489,1.);
#4489 = DIRECTION('',(0.8628562604,0.357406682847,0.357406682847));
#4490 = PLANE('',#4491);
#4491 = AXIS2_PLACEMENT_3D('',#4492,#4493,#4494);
#4492 = CARTESIAN_POINT('',(1.004512667024,81.5,0.247487413854));
#4493 = DIRECTION('',(-0.499999918301,0.707106781187,0.500000081699));
#4494 = DIRECTION('',(0.707106896726,0.,0.707106665647));
#4495 = ADVANCED_FACE('',(#4496),#4507,.T.);
#4496 = FACE_BOUND('',#4497,.F.);
#4497 = EDGE_LOOP('',(#4498,#4504,#4505,#4506));
#4498 = ORIENTED_EDGE('',*,*,#4499,.F.);
#4499 = EDGE_CURVE('',#1019,#3403,#4500,.T.);
#4500 = LINE('',#4501,#4502);
#4501 = CARTESIAN_POINT('',(-4.386556354052,81.017951363695,
    0.867951363695));
#4502 = VECTOR('',#4503,1.);
#4503 = DIRECTION('',(0.281084637715,0.678598344546,0.678598344546));
#4504 = ORIENTED_EDGE('',*,*,#1026,.T.);
#4505 = ORIENTED_EDGE('',*,*,#4485,.T.);
#4506 = ORIENTED_EDGE('',*,*,#3402,.F.);
#4507 = PLANE('',#4508);
#4508 = AXIS2_PLACEMENT_3D('',#4509,#4510,#4511);
#4509 = CARTESIAN_POINT('',(-3.331860018001,80.65,0.5));
#4510 = DIRECTION('',(2.9E-16,0.707106781187,-0.707106781187));
#4511 = DIRECTION('',(-1.,2.050609665441E-16,-2.050609665441E-16));
#4512 = ADVANCED_FACE('',(#4513),#4524,.T.);
#4513 = FACE_BOUND('',#4514,.F.);
#4514 = EDGE_LOOP('',(#4515,#4521,#4522,#4523));
#4515 = ORIENTED_EDGE('',*,*,#4516,.F.);
#4516 = EDGE_CURVE('',#994,#3039,#4517,.T.);
#4517 = LINE('',#4518,#4519);
#4518 = CARTESIAN_POINT('',(-4.386556354052,56.217951363695,
    0.867951363695));
#4519 = VECTOR('',#4520,1.);
#4520 = DIRECTION('',(0.281084637715,0.678598344546,0.678598344546));
#4521 = ORIENTED_EDGE('',*,*,#1001,.T.);
#4522 = ORIENTED_EDGE('',*,*,#3470,.T.);
#4523 = ORIENTED_EDGE('',*,*,#3038,.F.);
#4524 = PLANE('',#4525);
#4525 = AXIS2_PLACEMENT_3D('',#4526,#4527,#4528);
#4526 = CARTESIAN_POINT('',(-3.331860018001,55.85,0.5));
#4527 = DIRECTION('',(2.9E-16,0.707106781187,-0.707106781187));
#4528 = DIRECTION('',(-1.,2.050609665441E-16,-2.050609665441E-16));
#4529 = ADVANCED_FACE('',(#4530),#4546,.T.);
#4530 = FACE_BOUND('',#4531,.T.);
#4531 = EDGE_LOOP('',(#4532,#4533,#4539,#4540));
#4532 = ORIENTED_EDGE('',*,*,#993,.T.);
#4533 = ORIENTED_EDGE('',*,*,#4534,.F.);
#4534 = EDGE_CURVE('',#2838,#986,#4535,.T.);
#4535 = LINE('',#4536,#4537);
#4536 = CARTESIAN_POINT('',(-6.767036790187,45.05,2.020963209813));
#4537 = VECTOR('',#4538,1.);
#4538 = DIRECTION('',(0.707106781187,0.,-0.707106781187));
#4539 = ORIENTED_EDGE('',*,*,#2905,.F.);
#4540 = ORIENTED_EDGE('',*,*,#4541,.T.);
#4541 = EDGE_CURVE('',#2906,#994,#4542,.T.);
#4542 = LINE('',#4543,#4544);
#4543 = CARTESIAN_POINT('',(-6.767036790187,55.35,2.020963209813));
#4544 = VECTOR('',#4545,1.);
#4545 = DIRECTION('',(0.707106781187,0.,-0.707106781187));
#4546 = PLANE('',#4547);
#4547 = AXIS2_PLACEMENT_3D('',#4548,#4549,#4550);
#4548 = CARTESIAN_POINT('',(-4.746073580374,56.35,-1.251E-14));
#4549 = DIRECTION('',(-0.707106781187,-1.6E-16,-0.707106781187));
#4550 = DIRECTION('',(-0.707106781187,1.6E-16,0.707106781187));
#4551 = ADVANCED_FACE('',(#4552),#4568,.F.);
#4552 = FACE_BOUND('',#4553,.F.);
#4553 = EDGE_LOOP('',(#4554,#4560,#4561,#4567));
#4554 = ORIENTED_EDGE('',*,*,#4555,.F.);
#4555 = EDGE_CURVE('',#978,#2761,#4556,.T.);
#4556 = LINE('',#4557,#4558);
#4557 = CARTESIAN_POINT('',(0.577658025284,44.333484650493,
    0.716515349507));
#4558 = VECTOR('',#4559,1.);
#4559 = DIRECTION('',(0.8628562604,-0.357406682847,0.357406682847));
#4560 = ORIENTED_EDGE('',*,*,#985,.T.);
#4561 = ORIENTED_EDGE('',*,*,#4562,.T.);
#4562 = EDGE_CURVE('',#986,#2789,#4563,.T.);
#4563 = LINE('',#4564,#4565);
#4564 = CARTESIAN_POINT('',(-4.244581488428,43.8392909902,1.2107090098)
  );
#4565 = VECTOR('',#4566,1.);
#4566 = DIRECTION('',(0.281084637715,-0.678598344546,0.678598344546));
#4567 = ORIENTED_EDGE('',*,*,#2796,.F.);
#4568 = PLANE('',#4569);
#4569 = AXIS2_PLACEMENT_3D('',#4570,#4571,#4572);
#4570 = CARTESIAN_POINT('',(0.262050344584,44.55,0.5));
#4571 = DIRECTION('',(-2.9E-16,0.707106781187,0.707106781187));
#4572 = DIRECTION('',(-1.,-2.050609665441E-16,-2.050609665441E-16));
#4573 = ADVANCED_FACE('',(#4574),#4591,.F.);
#4574 = FACE_BOUND('',#4575,.T.);
#4575 = EDGE_LOOP('',(#4576,#4577,#4578,#4579,#4585));
#4576 = ORIENTED_EDGE('',*,*,#2760,.F.);
#4577 = ORIENTED_EDGE('',*,*,#4555,.F.);
#4578 = ORIENTED_EDGE('',*,*,#977,.F.);
#4579 = ORIENTED_EDGE('',*,*,#4580,.T.);
#4580 = EDGE_CURVE('',#970,#2609,#4581,.T.);
#4581 = LINE('',#4582,#4583);
#4582 = CARTESIAN_POINT('',(1.252,43.35,-9.36E-15));
#4583 = VECTOR('',#4584,1.);
#4584 = DIRECTION('',(0.707106896726,0.,0.707106665647));
#4585 = ORIENTED_EDGE('',*,*,#4586,.T.);
#4586 = EDGE_CURVE('',#2609,#2763,#4587,.T.);
#4587 = LINE('',#4588,#4589);
#4588 = CARTESIAN_POINT('',(2.884054314494,43.7,2.1270284471));
#4589 = VECTOR('',#4590,1.);
#4590 = DIRECTION('',(-0.499999918301,0.707106781187,0.500000081699));
#4591 = PLANE('',#4592);
#4592 = AXIS2_PLACEMENT_3D('',#4593,#4594,#4595);
#4593 = CARTESIAN_POINT('',(1.004512667024,43.7,0.247487413854));
#4594 = DIRECTION('',(0.499999918301,0.707106781187,-0.500000081699));
#4595 = DIRECTION('',(-0.707106896726,2.775557561563E-17,-0.707106665647
    ));
#4596 = ADVANCED_FACE('',(#4597),#4608,.F.);
#4597 = FACE_BOUND('',#4598,.F.);
#4598 = EDGE_LOOP('',(#4599,#4600,#4606,#4607));
#4599 = ORIENTED_EDGE('',*,*,#2606,.F.);
#4600 = ORIENTED_EDGE('',*,*,#4601,.F.);
#4601 = EDGE_CURVE('',#962,#2607,#4602,.T.);
#4602 = LINE('',#4603,#4604);
#4603 = CARTESIAN_POINT('',(1.252,33.65,-7.96E-15));
#4604 = VECTOR('',#4605,1.);
#4605 = DIRECTION('',(0.707106896726,0.,0.707106665647));
#4606 = ORIENTED_EDGE('',*,*,#969,.T.);
#4607 = ORIENTED_EDGE('',*,*,#4580,.T.);
#4608 = PLANE('',#4609);
#4609 = AXIS2_PLACEMENT_3D('',#4610,#4611,#4612);
#4610 = CARTESIAN_POINT('',(1.252,0.,0.));
#4611 = DIRECTION('',(0.707106665647,-1.6E-16,-0.707106896726));
#4612 = DIRECTION('',(0.707106896726,1.6E-16,0.707106665647));
#4613 = ADVANCED_FACE('',(#4614),#4631,.T.);
#4614 = FACE_BOUND('',#4615,.T.);
#4615 = EDGE_LOOP('',(#4616,#4617,#4623,#4624,#4625));
#4616 = ORIENTED_EDGE('',*,*,#2470,.T.);
#4617 = ORIENTED_EDGE('',*,*,#4618,.T.);
#4618 = EDGE_CURVE('',#2473,#2607,#4619,.T.);
#4619 = LINE('',#4620,#4621);
#4620 = CARTESIAN_POINT('',(2.884054314494,33.3,2.1270284471));
#4621 = VECTOR('',#4622,1.);
#4622 = DIRECTION('',(0.499999918301,0.707106781187,-0.500000081699));
#4623 = ORIENTED_EDGE('',*,*,#4601,.F.);
#4624 = ORIENTED_EDGE('',*,*,#961,.T.);
#4625 = ORIENTED_EDGE('',*,*,#4626,.T.);
#4626 = EDGE_CURVE('',#954,#2471,#4627,.T.);
#4627 = LINE('',#4628,#4629);
#4628 = CARTESIAN_POINT('',(-0.760212710474,32.112351274109,
    0.162351274109));
#4629 = VECTOR('',#4630,1.);
#4630 = DIRECTION('',(0.8628562604,0.357406682847,0.357406682847));
#4631 = PLANE('',#4632);
#4632 = AXIS2_PLACEMENT_3D('',#4633,#4634,#4635);
#4633 = CARTESIAN_POINT('',(1.004512667024,33.3,0.247487413854));
#4634 = DIRECTION('',(-0.499999918301,0.707106781187,0.500000081699));
#4635 = DIRECTION('',(0.707106896726,0.,0.707106665647));
#4636 = ADVANCED_FACE('',(#4637),#4648,.T.);
#4637 = FACE_BOUND('',#4638,.F.);
#4638 = EDGE_LOOP('',(#4639,#4645,#4646,#4647));
#4639 = ORIENTED_EDGE('',*,*,#4640,.F.);
#4640 = EDGE_CURVE('',#946,#2481,#4641,.T.);
#4641 = LINE('',#4642,#4643);
#4642 = CARTESIAN_POINT('',(-4.386556354052,32.817951363695,
    0.867951363695));
#4643 = VECTOR('',#4644,1.);
#4644 = DIRECTION('',(0.281084637715,0.678598344546,0.678598344546));
#4645 = ORIENTED_EDGE('',*,*,#953,.T.);
#4646 = ORIENTED_EDGE('',*,*,#4626,.T.);
#4647 = ORIENTED_EDGE('',*,*,#2480,.F.);
#4648 = PLANE('',#4649);
#4649 = AXIS2_PLACEMENT_3D('',#4650,#4651,#4652);
#4650 = CARTESIAN_POINT('',(-3.331860018001,32.45,0.5));
#4651 = DIRECTION('',(2.9E-16,0.707106781187,-0.707106781187));
#4652 = DIRECTION('',(-1.,2.050609665441E-16,-2.050609665441E-16));
#4653 = ADVANCED_FACE('',(#4654),#4670,.T.);
#4654 = FACE_BOUND('',#4655,.T.);
#4655 = EDGE_LOOP('',(#4656,#4657,#4663,#4664));
#4656 = ORIENTED_EDGE('',*,*,#945,.T.);
#4657 = ORIENTED_EDGE('',*,*,#4658,.F.);
#4658 = EDGE_CURVE('',#2269,#938,#4659,.T.);
#4659 = LINE('',#4660,#4661);
#4660 = CARTESIAN_POINT('',(-6.767036790187,23.05,2.020963209813));
#4661 = VECTOR('',#4662,1.);
#4662 = DIRECTION('',(0.707106781187,0.,-0.707106781187));
#4663 = ORIENTED_EDGE('',*,*,#2336,.F.);
#4664 = ORIENTED_EDGE('',*,*,#4665,.T.);
#4665 = EDGE_CURVE('',#2337,#946,#4666,.T.);
#4666 = LINE('',#4667,#4668);
#4667 = CARTESIAN_POINT('',(-6.767036790187,31.95,2.020963209813));
#4668 = VECTOR('',#4669,1.);
#4669 = DIRECTION('',(0.707106781187,0.,-0.707106781187));
#4670 = PLANE('',#4671);
#4671 = AXIS2_PLACEMENT_3D('',#4672,#4673,#4674);
#4672 = CARTESIAN_POINT('',(-4.746073580374,32.95,-7.32E-15));
#4673 = DIRECTION('',(-0.707106781187,-1.6E-16,-0.707106781187));
#4674 = DIRECTION('',(-0.707106781187,1.6E-16,0.707106781187));
#4675 = ADVANCED_FACE('',(#4676),#4692,.F.);
#4676 = FACE_BOUND('',#4677,.F.);
#4677 = EDGE_LOOP('',(#4678,#4684,#4685,#4691));
#4678 = ORIENTED_EDGE('',*,*,#4679,.F.);
#4679 = EDGE_CURVE('',#930,#2181,#4680,.T.);
#4680 = LINE('',#4681,#4682);
#4681 = CARTESIAN_POINT('',(0.577658025284,22.333484650493,
    0.716515349507));
#4682 = VECTOR('',#4683,1.);
#4683 = DIRECTION('',(0.8628562604,-0.357406682847,0.357406682847));
#4684 = ORIENTED_EDGE('',*,*,#937,.T.);
#4685 = ORIENTED_EDGE('',*,*,#4686,.T.);
#4686 = EDGE_CURVE('',#938,#2209,#4687,.T.);
#4687 = LINE('',#4688,#4689);
#4688 = CARTESIAN_POINT('',(-4.244581488428,21.8392909902,1.2107090098)
  );
#4689 = VECTOR('',#4690,1.);
#4690 = DIRECTION('',(0.281084637715,-0.678598344546,0.678598344546));
#4691 = ORIENTED_EDGE('',*,*,#2216,.F.);
#4692 = PLANE('',#4693);
#4693 = AXIS2_PLACEMENT_3D('',#4694,#4695,#4696);
#4694 = CARTESIAN_POINT('',(0.262050344584,22.55,0.5));
#4695 = DIRECTION('',(-2.9E-16,0.707106781187,0.707106781187));
#4696 = DIRECTION('',(-1.,2.649390334559E-16,-6.750609665441E-16));
#4697 = ADVANCED_FACE('',(#4698),#4715,.F.);
#4698 = FACE_BOUND('',#4699,.T.);
#4699 = EDGE_LOOP('',(#4700,#4701,#4702,#4703,#4709));
#4700 = ORIENTED_EDGE('',*,*,#2180,.F.);
#4701 = ORIENTED_EDGE('',*,*,#4679,.F.);
#4702 = ORIENTED_EDGE('',*,*,#929,.F.);
#4703 = ORIENTED_EDGE('',*,*,#4704,.T.);
#4704 = EDGE_CURVE('',#922,#1963,#4705,.T.);
#4705 = LINE('',#4706,#4707);
#4706 = CARTESIAN_POINT('',(1.252,21.35,-5.58E-15));
#4707 = VECTOR('',#4708,1.);
#4708 = DIRECTION('',(0.707106896726,0.,0.707106665647));
#4709 = ORIENTED_EDGE('',*,*,#4710,.T.);
#4710 = EDGE_CURVE('',#1963,#2183,#4711,.T.);
#4711 = LINE('',#4712,#4713);
#4712 = CARTESIAN_POINT('',(2.884054314494,21.7,2.1270284471));
#4713 = VECTOR('',#4714,1.);
#4714 = DIRECTION('',(-0.499999918301,0.707106781187,0.500000081699));
#4715 = PLANE('',#4716);
#4716 = AXIS2_PLACEMENT_3D('',#4717,#4718,#4719);
#4717 = CARTESIAN_POINT('',(1.004512667024,21.7,0.247487413854));
#4718 = DIRECTION('',(0.499999918301,0.707106781187,-0.500000081699));
#4719 = DIRECTION('',(-0.707106896726,2.775557561563E-17,-0.707106665647
    ));
#4720 = ADVANCED_FACE('',(#4721),#4727,.F.);
#4721 = FACE_BOUND('',#4722,.F.);
#4722 = EDGE_LOOP('',(#4723,#4724,#4725,#4726));
#4723 = ORIENTED_EDGE('',*,*,#1960,.F.);
#4724 = ORIENTED_EDGE('',*,*,#3491,.F.);
#4725 = ORIENTED_EDGE('',*,*,#921,.T.);
#4726 = ORIENTED_EDGE('',*,*,#4704,.T.);
#4727 = PLANE('',#4728);
#4728 = AXIS2_PLACEMENT_3D('',#4729,#4730,#4731);
#4729 = CARTESIAN_POINT('',(1.252,0.,0.));
#4730 = DIRECTION('',(0.707106665647,-1.6E-16,-0.707106896726));
#4731 = DIRECTION('',(0.707106896726,1.6E-16,0.707106665647));
#4732 = ADVANCED_FACE('',(#4733),#4739,.F.);
#4733 = FACE_BOUND('',#4734,.T.);
#4734 = EDGE_LOOP('',(#4735,#4736,#4737,#4738));
#4735 = ORIENTED_EDGE('',*,*,#3462,.F.);
#4736 = ORIENTED_EDGE('',*,*,#3063,.T.);
#4737 = ORIENTED_EDGE('',*,*,#3130,.T.);
#4738 = ORIENTED_EDGE('',*,*,#1347,.F.);
#4739 = CONICAL_SURFACE('',#4740,7.1,0.785398163397);
#4740 = AXIS2_PLACEMENT_3D('',#4741,#4742,#4743);
#4741 = CARTESIAN_POINT('',(-1.888915678624,57.05,6.9));
#4742 = DIRECTION('',(0.,1.,0.));
#4743 = DIRECTION('',(0.707106665647,0.,-0.707106896726));
#4744 = ADVANCED_FACE('',(#4745),#4751,.T.);
#4745 = FACE_BOUND('',#4746,.T.);
#4746 = EDGE_LOOP('',(#4747,#4748,#4749,#4750));
#4747 = ORIENTED_EDGE('',*,*,#3410,.T.);
#4748 = ORIENTED_EDGE('',*,*,#4499,.F.);
#4749 = ORIENTED_EDGE('',*,*,#1372,.F.);
#4750 = ORIENTED_EDGE('',*,*,#3377,.F.);
#4751 = PLANE('',#4752);
#4752 = AXIS2_PLACEMENT_3D('',#4753,#4754,#4755);
#4753 = CARTESIAN_POINT('',(-6.413483399594,80.65,2.374516600406));
#4754 = DIRECTION('',(-0.5,0.707106781187,-0.5));
#4755 = DIRECTION('',(0.707106781187,5.551115123126E-17,-0.707106781187)
  );
#4756 = ADVANCED_FACE('',(#4757,#4785),#4796,.T.);
#4757 = FACE_BOUND('',#4758,.T.);
#4758 = EDGE_LOOP('',(#4759,#4760,#4761,#4762,#4763,#4769,#4770,#4771,
    #4779));
#4759 = ORIENTED_EDGE('',*,*,#1507,.F.);
#4760 = ORIENTED_EDGE('',*,*,#1466,.F.);
#4761 = ORIENTED_EDGE('',*,*,#1414,.F.);
#4762 = ORIENTED_EDGE('',*,*,#1424,.T.);
#4763 = ORIENTED_EDGE('',*,*,#4764,.T.);
#4764 = EDGE_CURVE('',#1425,#3570,#4765,.T.);
#4765 = LINE('',#4766,#4767);
#4766 = CARTESIAN_POINT('',(-5.635665940289,2.1E-16,3.152334059711));
#4767 = VECTOR('',#4768,1.);
#4768 = DIRECTION('',(0.707106781187,0.,-0.707106781187));
#4769 = ORIENTED_EDGE('',*,*,#3569,.F.);
#4770 = ORIENTED_EDGE('',*,*,#3658,.F.);
#4771 = ORIENTED_EDGE('',*,*,#4772,.F.);
#4772 = EDGE_CURVE('',#4773,#3596,#4775,.T.);
#4773 = VERTEX_POINT('',#4774);
#4774 = CARTESIAN_POINT('',(34.9226,1.E-15,4.9));
#4775 = LINE('',#4776,#4777);
#4776 = CARTESIAN_POINT('',(34.9226,1.1E-16,4.9));
#4777 = VECTOR('',#4778,1.);
#4778 = DIRECTION('',(-0.,-0.,-1.));
#4779 = ORIENTED_EDGE('',*,*,#4780,.F.);
#4780 = EDGE_CURVE('',#1508,#4773,#4781,.T.);
#4781 = LINE('',#4782,#4783);
#4782 = CARTESIAN_POINT('',(0.,0.,4.9));
#4783 = VECTOR('',#4784,1.);
#4784 = DIRECTION('',(1.,0.,0.));
#4785 = FACE_BOUND('',#4786,.T.);
#4786 = EDGE_LOOP('',(#4787));
#4787 = ORIENTED_EDGE('',*,*,#4788,.F.);
#4788 = EDGE_CURVE('',#4789,#4789,#4791,.T.);
#4789 = VERTEX_POINT('',#4790);
#4790 = CARTESIAN_POINT('',(1.612,0.,6.9));
#4791 = CIRCLE('',#4792,3.5);
#4792 = AXIS2_PLACEMENT_3D('',#4793,#4794,#4795);
#4793 = CARTESIAN_POINT('',(-1.888,2.1E-16,6.9));
#4794 = DIRECTION('',(0.,-1.,0.));
#4795 = DIRECTION('',(1.,0.,0.));
#4796 = PLANE('',#4797);
#4797 = AXIS2_PLACEMENT_3D('',#4798,#4799,#4800);
#4798 = CARTESIAN_POINT('',(44.523069477813,2.1E-16,3.116057941773));
#4799 = DIRECTION('',(-0.,-1.,-0.));
#4800 = DIRECTION('',(0.,0.,-1.));
#4801 = ADVANCED_FACE('',(#4802),#4808,.F.);
#4802 = FACE_BOUND('',#4803,.F.);
#4803 = EDGE_LOOP('',(#4804,#4805,#4806,#4807));
#4804 = ORIENTED_EDGE('',*,*,#4764,.T.);
#4805 = ORIENTED_EDGE('',*,*,#3578,.T.);
#4806 = ORIENTED_EDGE('',*,*,#3537,.F.);
#4807 = ORIENTED_EDGE('',*,*,#1433,.F.);
#4808 = PLANE('',#4809);
#4809 = AXIS2_PLACEMENT_3D('',#4810,#4811,#4812);
#4810 = CARTESIAN_POINT('',(-6.201351365238,0.8,2.586648634762));
#4811 = DIRECTION('',(0.5,0.707106781187,0.5));
#4812 = DIRECTION('',(0.707106781187,5.551115123126E-17,-0.707106781187)
  );
#4813 = ADVANCED_FACE('',(#4814,#4842),#4853,.T.);
#4814 = FACE_BOUND('',#4815,.T.);
#4815 = EDGE_LOOP('',(#4816,#4817,#4825,#4831,#4832,#4833,#4839,#4840,
    #4841));
#4816 = ORIENTED_EDGE('',*,*,#1667,.T.);
#4817 = ORIENTED_EDGE('',*,*,#4818,.F.);
#4818 = EDGE_CURVE('',#4819,#1660,#4821,.T.);
#4819 = VERTEX_POINT('',#4820);
#4820 = CARTESIAN_POINT('',(100.527,150.,4.9));
#4821 = LINE('',#4822,#4823);
#4822 = CARTESIAN_POINT('',(111.527,150.,4.9));
#4823 = VECTOR('',#4824,1.);
#4824 = DIRECTION('',(-1.,0.,0.));
#4825 = ORIENTED_EDGE('',*,*,#4826,.F.);
#4826 = EDGE_CURVE('',#4061,#4819,#4827,.T.);
#4827 = LINE('',#4828,#4829);
#4828 = CARTESIAN_POINT('',(100.527,150.,0.));
#4829 = VECTOR('',#4830,1.);
#4830 = DIRECTION('',(0.,0.,1.));
#4831 = ORIENTED_EDGE('',*,*,#4087,.F.);
#4832 = ORIENTED_EDGE('',*,*,#4127,.T.);
#4833 = ORIENTED_EDGE('',*,*,#4834,.F.);
#4834 = EDGE_CURVE('',#1879,#4120,#4835,.T.);
#4835 = LINE('',#4836,#4837);
#4836 = CARTESIAN_POINT('',(-5.635665940289,150.,3.152334059711));
#4837 = VECTOR('',#4838,1.);
#4838 = DIRECTION('',(0.707106781187,0.,-0.707106781187));
#4839 = ORIENTED_EDGE('',*,*,#1878,.F.);
#4840 = ORIENTED_EDGE('',*,*,#1868,.T.);
#4841 = ORIENTED_EDGE('',*,*,#1725,.T.);
#4842 = FACE_BOUND('',#4843,.T.);
#4843 = EDGE_LOOP('',(#4844));
#4844 = ORIENTED_EDGE('',*,*,#4845,.T.);
#4845 = EDGE_CURVE('',#4846,#4846,#4848,.T.);
#4846 = VERTEX_POINT('',#4847);
#4847 = CARTESIAN_POINT('',(1.612,150.,6.9));
#4848 = CIRCLE('',#4849,3.5);
#4849 = AXIS2_PLACEMENT_3D('',#4850,#4851,#4852);
#4850 = CARTESIAN_POINT('',(-1.888,150.,6.9));
#4851 = DIRECTION('',(0.,-1.,0.));
#4852 = DIRECTION('',(1.,0.,2.347E-14));
#4853 = PLANE('',#4854);
#4854 = AXIS2_PLACEMENT_3D('',#4855,#4856,#4857);
#4855 = CARTESIAN_POINT('',(44.523069477813,150.,3.116057941773));
#4856 = DIRECTION('',(0.,1.,0.));
#4857 = DIRECTION('',(0.,0.,1.));
#4858 = ADVANCED_FACE('',(#4859),#4885,.T.);
#4859 = FACE_BOUND('',#4860,.T.);
#4860 = EDGE_LOOP('',(#4861,#4871,#4877,#4878,#4879));
#4861 = ORIENTED_EDGE('',*,*,#4862,.F.);
#4862 = EDGE_CURVE('',#4863,#4865,#4867,.T.);
#4863 = VERTEX_POINT('',#4864);
#4864 = CARTESIAN_POINT('',(35.9226,1.5,4.9));
#4865 = VERTEX_POINT('',#4866);
#4866 = CARTESIAN_POINT('',(35.9226,1.,4.9));
#4867 = LINE('',#4868,#4869);
#4868 = CARTESIAN_POINT('',(35.9226,8.0977,4.9));
#4869 = VECTOR('',#4870,1.);
#4870 = DIRECTION('',(0.,-1.,0.));
#4871 = ORIENTED_EDGE('',*,*,#4872,.F.);
#4872 = EDGE_CURVE('',#1516,#4863,#4873,.T.);
#4873 = LINE('',#4874,#4875);
#4874 = CARTESIAN_POINT('',(5.91,1.5,4.9));
#4875 = VECTOR('',#4876,1.);
#4876 = DIRECTION('',(1.,0.,0.));
#4877 = ORIENTED_EDGE('',*,*,#1515,.T.);
#4878 = ORIENTED_EDGE('',*,*,#4780,.T.);
#4879 = ORIENTED_EDGE('',*,*,#4880,.F.);
#4880 = EDGE_CURVE('',#4865,#4773,#4881,.T.);
#4881 = LINE('',#4882,#4883);
#4882 = CARTESIAN_POINT('',(59.132825,24.210225,4.9));
#4883 = VECTOR('',#4884,1.);
#4884 = DIRECTION('',(-0.707106781187,-0.707106781187,0.));
#4885 = PLANE('',#4886);
#4886 = AXIS2_PLACEMENT_3D('',#4887,#4888,#4889);
#4887 = CARTESIAN_POINT('',(55.7635,75.,4.9));
#4888 = DIRECTION('',(0.,0.,1.));
#4889 = DIRECTION('',(1.,0.,0.));
#4890 = ADVANCED_FACE('',(#4891),#4977,.T.);
#4891 = FACE_BOUND('',#4892,.T.);
#4892 = EDGE_LOOP('',(#4893,#4903,#4910,#4911,#4912,#4920,#4929,#4937,
    #4946,#4954,#4962,#4970));
#4893 = ORIENTED_EDGE('',*,*,#4894,.T.);
#4894 = EDGE_CURVE('',#4895,#4897,#4899,.T.);
#4895 = VERTEX_POINT('',#4896);
#4896 = CARTESIAN_POINT('',(111.527,11.,4.9));
#4897 = VERTEX_POINT('',#4898);
#4898 = CARTESIAN_POINT('',(111.527,139.,4.9));
#4899 = LINE('',#4900,#4901);
#4900 = CARTESIAN_POINT('',(111.527,0.,4.9));
#4901 = VECTOR('',#4902,1.);
#4902 = DIRECTION('',(0.,1.,0.));
#4903 = ORIENTED_EDGE('',*,*,#4904,.T.);
#4904 = EDGE_CURVE('',#4897,#4819,#4905,.T.);
#4905 = CIRCLE('',#4906,11.);
#4906 = AXIS2_PLACEMENT_3D('',#4907,#4908,#4909);
#4907 = CARTESIAN_POINT('',(100.527,139.,4.9));
#4908 = DIRECTION('',(-0.,0.,1.));
#4909 = DIRECTION('',(0.,-1.,0.));
#4910 = ORIENTED_EDGE('',*,*,#4818,.T.);
#4911 = ORIENTED_EDGE('',*,*,#1659,.T.);
#4912 = ORIENTED_EDGE('',*,*,#4913,.F.);
#4913 = EDGE_CURVE('',#4914,#1652,#4916,.T.);
#4914 = VERTEX_POINT('',#4915);
#4915 = CARTESIAN_POINT('',(100.52698821237,148.49999999998,4.9));
#4916 = LINE('',#4917,#4918);
#4917 = CARTESIAN_POINT('',(100.52700310455,148.49999999999,4.9));
#4918 = VECTOR('',#4919,1.);
#4919 = DIRECTION('',(-1.,0.,0.));
#4920 = ORIENTED_EDGE('',*,*,#4921,.F.);
#4921 = EDGE_CURVE('',#4922,#4914,#4924,.T.);
#4922 = VERTEX_POINT('',#4923);
#4923 = CARTESIAN_POINT('',(110.02699999999,139.,4.9));
#4924 = CIRCLE('',#4925,9.499999999999);
#4925 = AXIS2_PLACEMENT_3D('',#4926,#4927,#4928);
#4926 = CARTESIAN_POINT('',(100.527,139.,4.9));
#4927 = DIRECTION('',(0.,0.,1.));
#4928 = DIRECTION('',(1.,0.,0.));
#4929 = ORIENTED_EDGE('',*,*,#4930,.F.);
#4930 = EDGE_CURVE('',#4931,#4922,#4933,.T.);
#4931 = VERTEX_POINT('',#4932);
#4932 = CARTESIAN_POINT('',(110.02699999999,10.999996895448,4.9));
#4933 = LINE('',#4934,#4935);
#4934 = CARTESIAN_POINT('',(110.02699999999,10.999996895448,4.9));
#4935 = VECTOR('',#4936,1.);
#4936 = DIRECTION('',(0.,1.,0.));
#4937 = ORIENTED_EDGE('',*,*,#4938,.F.);
#4938 = EDGE_CURVE('',#4939,#4931,#4941,.T.);
#4939 = VERTEX_POINT('',#4940);
#4940 = CARTESIAN_POINT('',(100.527,1.5,4.9));
#4941 = CIRCLE('',#4942,9.5);
#4942 = AXIS2_PLACEMENT_3D('',#4943,#4944,#4945);
#4943 = CARTESIAN_POINT('',(100.527,11.,4.9));
#4944 = DIRECTION('',(0.,0.,1.));
#4945 = DIRECTION('',(1.,0.,0.));
#4946 = ORIENTED_EDGE('',*,*,#4947,.F.);
#4947 = EDGE_CURVE('',#4948,#4939,#4950,.T.);
#4948 = VERTEX_POINT('',#4949);
#4949 = CARTESIAN_POINT('',(61.727,1.5,4.9));
#4950 = LINE('',#4951,#4952);
#4951 = CARTESIAN_POINT('',(5.91,1.5,4.9));
#4952 = VECTOR('',#4953,1.);
#4953 = DIRECTION('',(1.,0.,0.));
#4954 = ORIENTED_EDGE('',*,*,#4955,.F.);
#4955 = EDGE_CURVE('',#4956,#4948,#4958,.T.);
#4956 = VERTEX_POINT('',#4957);
#4957 = CARTESIAN_POINT('',(61.727,1.E-15,4.9));
#4958 = LINE('',#4959,#4960);
#4959 = CARTESIAN_POINT('',(61.727,1.3E-15,4.9));
#4960 = VECTOR('',#4961,1.);
#4961 = DIRECTION('',(0.,1.,-2.2E-16));
#4962 = ORIENTED_EDGE('',*,*,#4963,.T.);
#4963 = EDGE_CURVE('',#4956,#4964,#4966,.T.);
#4964 = VERTEX_POINT('',#4965);
#4965 = CARTESIAN_POINT('',(100.527,-2.E-15,4.9));
#4966 = LINE('',#4967,#4968);
#4967 = CARTESIAN_POINT('',(0.,0.,4.9));
#4968 = VECTOR('',#4969,1.);
#4969 = DIRECTION('',(1.,0.,0.));
#4970 = ORIENTED_EDGE('',*,*,#4971,.T.);
#4971 = EDGE_CURVE('',#4964,#4895,#4972,.T.);
#4972 = CIRCLE('',#4973,11.);
#4973 = AXIS2_PLACEMENT_3D('',#4974,#4975,#4976);
#4974 = CARTESIAN_POINT('',(100.527,11.,4.9));
#4975 = DIRECTION('',(-0.,0.,1.));
#4976 = DIRECTION('',(0.,-1.,0.));
#4977 = PLANE('',#4978);
#4978 = AXIS2_PLACEMENT_3D('',#4979,#4980,#4981);
#4979 = CARTESIAN_POINT('',(55.7635,75.,4.9));
#4980 = DIRECTION('',(0.,0.,1.));
#4981 = DIRECTION('',(1.,0.,0.));
#4982 = ADVANCED_FACE('',(#4983),#5009,.F.);
#4983 = FACE_BOUND('',#4984,.F.);
#4984 = EDGE_LOOP('',(#4985,#4986,#4987,#4995,#5003));
#4985 = ORIENTED_EDGE('',*,*,#4872,.F.);
#4986 = ORIENTED_EDGE('',*,*,#1523,.T.);
#4987 = ORIENTED_EDGE('',*,*,#4988,.T.);
#4988 = EDGE_CURVE('',#1524,#4989,#4991,.T.);
#4989 = VERTEX_POINT('',#4990);
#4990 = CARTESIAN_POINT('',(24.027,1.5,3.7));
#4991 = LINE('',#4992,#4993);
#4992 = CARTESIAN_POINT('',(5.91,1.5,3.7));
#4993 = VECTOR('',#4994,1.);
#4994 = DIRECTION('',(1.,0.,0.));
#4995 = ORIENTED_EDGE('',*,*,#4996,.T.);
#4996 = EDGE_CURVE('',#4989,#4997,#4999,.T.);
#4997 = VERTEX_POINT('',#4998);
#4998 = CARTESIAN_POINT('',(35.9226,1.5,3.7));
#4999 = LINE('',#5000,#5001);
#5000 = CARTESIAN_POINT('',(5.91,1.5,3.7));
#5001 = VECTOR('',#5002,1.);
#5002 = DIRECTION('',(1.,0.,0.));
#5003 = ORIENTED_EDGE('',*,*,#5004,.F.);
#5004 = EDGE_CURVE('',#4863,#4997,#5005,.T.);
#5005 = LINE('',#5006,#5007);
#5006 = CARTESIAN_POINT('',(35.9226,1.5,4.9));
#5007 = VECTOR('',#5008,1.);
#5008 = DIRECTION('',(-0.,-0.,-1.));
#5009 = PLANE('',#5010);
#5010 = AXIS2_PLACEMENT_3D('',#5011,#5012,#5013);
#5011 = CARTESIAN_POINT('',(5.91,1.5,4.9));
#5012 = DIRECTION('',(0.,-1.,0.));
#5013 = DIRECTION('',(1.,0.,0.));
#5014 = ADVANCED_FACE('',(#5015),#5113,.T.);
#5015 = FACE_BOUND('',#5016,.T.);
#5016 = EDGE_LOOP('',(#5017,#5018,#5019,#5027,#5035,#5043,#5051,#5059,
    #5067,#5075,#5083,#5091,#5099,#5107));
#5017 = ORIENTED_EDGE('',*,*,#4913,.T.);
#5018 = ORIENTED_EDGE('',*,*,#1651,.T.);
#5019 = ORIENTED_EDGE('',*,*,#5020,.T.);
#5020 = EDGE_CURVE('',#1644,#5021,#5023,.T.);
#5021 = VERTEX_POINT('',#5022);
#5022 = CARTESIAN_POINT('',(17.51,148.49999999999,1.6));
#5023 = LINE('',#5024,#5025);
#5024 = CARTESIAN_POINT('',(5.91,148.49999999999,1.6));
#5025 = VECTOR('',#5026,1.);
#5026 = DIRECTION('',(1.,0.,0.));
#5027 = ORIENTED_EDGE('',*,*,#5028,.F.);
#5028 = EDGE_CURVE('',#5029,#5021,#5031,.T.);
#5029 = VERTEX_POINT('',#5030);
#5030 = CARTESIAN_POINT('',(17.51,148.49999999999,3.7));
#5031 = LINE('',#5032,#5033);
#5032 = CARTESIAN_POINT('',(17.51,148.49999999999,4.9));
#5033 = VECTOR('',#5034,1.);
#5034 = DIRECTION('',(-0.,-0.,-1.));
#5035 = ORIENTED_EDGE('',*,*,#5036,.F.);
#5036 = EDGE_CURVE('',#5037,#5029,#5039,.T.);
#5037 = VERTEX_POINT('',#5038);
#5038 = CARTESIAN_POINT('',(24.027,148.5,3.7));
#5039 = LINE('',#5040,#5041);
#5040 = CARTESIAN_POINT('',(100.52700310455,148.49999999999,3.7));
#5041 = VECTOR('',#5042,1.);
#5042 = DIRECTION('',(-1.,0.,0.));
#5043 = ORIENTED_EDGE('',*,*,#5044,.F.);
#5044 = EDGE_CURVE('',#5045,#5037,#5047,.T.);
#5045 = VERTEX_POINT('',#5046);
#5046 = CARTESIAN_POINT('',(40.027,148.5,3.7));
#5047 = LINE('',#5048,#5049);
#5048 = CARTESIAN_POINT('',(100.52700310455,148.49999999999,3.7));
#5049 = VECTOR('',#5050,1.);
#5050 = DIRECTION('',(-1.,0.,0.));
#5051 = ORIENTED_EDGE('',*,*,#5052,.F.);
#5052 = EDGE_CURVE('',#5053,#5045,#5055,.T.);
#5053 = VERTEX_POINT('',#5054);
#5054 = CARTESIAN_POINT('',(51.027,148.5,3.7));
#5055 = LINE('',#5056,#5057);
#5056 = CARTESIAN_POINT('',(100.52700310455,148.49999999999,3.7));
#5057 = VECTOR('',#5058,1.);
#5058 = DIRECTION('',(-1.,0.,0.));
#5059 = ORIENTED_EDGE('',*,*,#5060,.F.);
#5060 = EDGE_CURVE('',#5061,#5053,#5063,.T.);
#5061 = VERTEX_POINT('',#5062);
#5062 = CARTESIAN_POINT('',(67.027,148.5,3.7));
#5063 = LINE('',#5064,#5065);
#5064 = CARTESIAN_POINT('',(100.52700310455,148.49999999999,3.7));
#5065 = VECTOR('',#5066,1.);
#5066 = DIRECTION('',(-1.,0.,0.));
#5067 = ORIENTED_EDGE('',*,*,#5068,.F.);
#5068 = EDGE_CURVE('',#5069,#5061,#5071,.T.);
#5069 = VERTEX_POINT('',#5070);
#5070 = CARTESIAN_POINT('',(78.027,148.5,3.7));
#5071 = LINE('',#5072,#5073);
#5072 = CARTESIAN_POINT('',(100.52700310455,148.49999999999,3.7));
#5073 = VECTOR('',#5074,1.);
#5074 = DIRECTION('',(-1.,0.,0.));
#5075 = ORIENTED_EDGE('',*,*,#5076,.F.);
#5076 = EDGE_CURVE('',#5077,#5069,#5079,.T.);
#5077 = VERTEX_POINT('',#5078);
#5078 = CARTESIAN_POINT('',(94.027,148.5,3.7));
#5079 = LINE('',#5080,#5081);
#5080 = CARTESIAN_POINT('',(100.52700310455,148.49999999999,3.7));
#5081 = VECTOR('',#5082,1.);
#5082 = DIRECTION('',(-1.,0.,0.));
#5083 = ORIENTED_EDGE('',*,*,#5084,.F.);
#5084 = EDGE_CURVE('',#5085,#5077,#5087,.T.);
#5085 = VERTEX_POINT('',#5086);
#5086 = CARTESIAN_POINT('',(96.227,148.49999999999,3.7));
#5087 = LINE('',#5088,#5089);
#5088 = CARTESIAN_POINT('',(100.52700310455,148.49999999999,3.7));
#5089 = VECTOR('',#5090,1.);
#5090 = DIRECTION('',(-1.,0.,0.));
#5091 = ORIENTED_EDGE('',*,*,#5092,.T.);
#5092 = EDGE_CURVE('',#5085,#5093,#5095,.T.);
#5093 = VERTEX_POINT('',#5094);
#5094 = CARTESIAN_POINT('',(96.227,148.49999999999,1.6));
#5095 = LINE('',#5096,#5097);
#5096 = CARTESIAN_POINT('',(96.227,148.49999999999,4.9));
#5097 = VECTOR('',#5098,1.);
#5098 = DIRECTION('',(-0.,-0.,-1.));
#5099 = ORIENTED_EDGE('',*,*,#5100,.T.);
#5100 = EDGE_CURVE('',#5093,#5101,#5103,.T.);
#5101 = VERTEX_POINT('',#5102);
#5102 = CARTESIAN_POINT('',(100.52697332019,148.49999999996,1.6));
#5103 = LINE('',#5104,#5105);
#5104 = CARTESIAN_POINT('',(96.227,148.49999999999,1.6));
#5105 = VECTOR('',#5106,1.);
#5106 = DIRECTION('',(1.,-8.59266E-12,0.));
#5107 = ORIENTED_EDGE('',*,*,#5108,.F.);
#5108 = EDGE_CURVE('',#4914,#5101,#5109,.T.);
#5109 = LINE('',#5110,#5111);
#5110 = CARTESIAN_POINT('',(100.52697332019,148.49999999996,4.9));
#5111 = VECTOR('',#5112,1.);
#5112 = DIRECTION('',(-0.,-0.,-1.));
#5113 = PLANE('',#5114);
#5114 = AXIS2_PLACEMENT_3D('',#5115,#5116,#5117);
#5115 = CARTESIAN_POINT('',(53.29513114368,148.49999999999,
    4.063790497263));
#5116 = DIRECTION('',(-2.564E-14,-1.,1.60049E-12));
#5117 = DIRECTION('',(0.,-1.60049E-12,-1.));
#5118 = ADVANCED_FACE('',(#5119),#5270,.T.);
#5119 = FACE_BOUND('',#5120,.T.);
#5120 = EDGE_LOOP('',(#5121,#5131,#5137,#5138,#5139,#5147,#5155,#5163,
    #5171,#5179,#5186,#5194,#5202,#5210,#5217,#5225,#5233,#5241,#5248,
    #5257,#5264));
#5121 = ORIENTED_EDGE('',*,*,#5122,.T.);
#5122 = EDGE_CURVE('',#5123,#5125,#5127,.T.);
#5123 = VERTEX_POINT('',#5124);
#5124 = CARTESIAN_POINT('',(8.227,15.,3.7));
#5125 = VERTEX_POINT('',#5126);
#5126 = CARTESIAN_POINT('',(8.227,19.,3.7));
#5127 = LINE('',#5128,#5129);
#5128 = CARTESIAN_POINT('',(8.227,28.286022310006,3.7));
#5129 = VECTOR('',#5130,1.);
#5130 = DIRECTION('',(0.,1.,0.));
#5131 = ORIENTED_EDGE('',*,*,#5132,.F.);
#5132 = EDGE_CURVE('',#1532,#5125,#5133,.T.);
#5133 = LINE('',#5134,#5135);
#5134 = CARTESIAN_POINT('',(5.91,19.,3.7));
#5135 = VECTOR('',#5136,1.);
#5136 = DIRECTION('',(1.,0.,0.));
#5137 = ORIENTED_EDGE('',*,*,#1531,.T.);
#5138 = ORIENTED_EDGE('',*,*,#4988,.T.);
#5139 = ORIENTED_EDGE('',*,*,#5140,.T.);
#5140 = EDGE_CURVE('',#4989,#5141,#5143,.T.);
#5141 = VERTEX_POINT('',#5142);
#5142 = CARTESIAN_POINT('',(24.027,3.9,3.7));
#5143 = LINE('',#5144,#5145);
#5144 = CARTESIAN_POINT('',(24.027,1.5,3.7));
#5145 = VECTOR('',#5146,1.);
#5146 = DIRECTION('',(0.,1.,0.));
#5147 = ORIENTED_EDGE('',*,*,#5148,.T.);
#5148 = EDGE_CURVE('',#5141,#5149,#5151,.T.);
#5149 = VERTEX_POINT('',#5150);
#5150 = CARTESIAN_POINT('',(35.9226,3.9,3.7));
#5151 = LINE('',#5152,#5153);
#5152 = CARTESIAN_POINT('',(24.027,3.9,3.7));
#5153 = VECTOR('',#5154,1.);
#5154 = DIRECTION('',(1.,0.,0.));
#5155 = ORIENTED_EDGE('',*,*,#5156,.F.);
#5156 = EDGE_CURVE('',#5157,#5149,#5159,.T.);
#5157 = VERTEX_POINT('',#5158);
#5158 = CARTESIAN_POINT('',(35.9226,8.0977,3.7));
#5159 = LINE('',#5160,#5161);
#5160 = CARTESIAN_POINT('',(35.9226,42.428343350515,3.7));
#5161 = VECTOR('',#5162,1.);
#5162 = DIRECTION('',(0.,-1.,0.));
#5163 = ORIENTED_EDGE('',*,*,#5164,.F.);
#5164 = EDGE_CURVE('',#5165,#5157,#5167,.T.);
#5165 = VERTEX_POINT('',#5166);
#5166 = CARTESIAN_POINT('',(32.9226,8.0977,3.7));
#5167 = LINE('',#5168,#5169);
#5168 = CARTESIAN_POINT('',(53.920508816324,8.0977,3.7));
#5169 = VECTOR('',#5170,1.);
#5170 = DIRECTION('',(1.,0.,0.));
#5171 = ORIENTED_EDGE('',*,*,#5172,.F.);
#5172 = EDGE_CURVE('',#5173,#5165,#5175,.T.);
#5173 = VERTEX_POINT('',#5174);
#5174 = CARTESIAN_POINT('',(32.9226,8.19,3.7));
#5175 = LINE('',#5176,#5177);
#5176 = CARTESIAN_POINT('',(32.9226,44.428343350515,3.7));
#5177 = VECTOR('',#5178,1.);
#5178 = DIRECTION('',(0.,-1.,0.));
#5179 = ORIENTED_EDGE('',*,*,#5180,.T.);
#5180 = EDGE_CURVE('',#5173,#5181,#5183,.T.);
#5181 = VERTEX_POINT('',#5182);
#5182 = CARTESIAN_POINT('',(30.937,8.19,3.7));
#5183 = B_SPLINE_CURVE_WITH_KNOTS('',1,(#5184,#5185),.UNSPECIFIED.,.F.,
  .F.,(2,2),(0.,1.),.PIECEWISE_BEZIER_KNOTS.);
#5184 = CARTESIAN_POINT('',(81.168542354323,8.19,3.7));
#5185 = CARTESIAN_POINT('',(28.76184705523,8.19,3.7));
#5186 = ORIENTED_EDGE('',*,*,#5187,.F.);
#5187 = EDGE_CURVE('',#5188,#5181,#5190,.T.);
#5188 = VERTEX_POINT('',#5189);
#5189 = CARTESIAN_POINT('',(33.127,6.,3.7));
#5190 = LINE('',#5191,#5192);
#5191 = CARTESIAN_POINT('',(35.693533840225,3.433466159775,3.7));
#5192 = VECTOR('',#5193,1.);
#5193 = DIRECTION('',(-0.707106781187,0.707106781187,0.));
#5194 = ORIENTED_EDGE('',*,*,#5195,.F.);
#5195 = EDGE_CURVE('',#5196,#5188,#5198,.T.);
#5196 = VERTEX_POINT('',#5197);
#5197 = CARTESIAN_POINT('',(26.227,6.,3.7));
#5198 = LINE('',#5199,#5200);
#5199 = CARTESIAN_POINT('',(52.596089990456,6.,3.7));
#5200 = VECTOR('',#5201,1.);
#5201 = DIRECTION('',(1.,0.,-0.));
#5202 = ORIENTED_EDGE('',*,*,#5203,.F.);
#5203 = EDGE_CURVE('',#5204,#5196,#5206,.T.);
#5204 = VERTEX_POINT('',#5205);
#5205 = CARTESIAN_POINT('',(28.417,8.19,3.7));
#5206 = LINE('',#5207,#5208);
#5207 = CARTESIAN_POINT('',(50.004556150231,29.777556150231,3.7));
#5208 = VECTOR('',#5209,1.);
#5209 = DIRECTION('',(-0.707106781187,-0.707106781187,0.));
#5210 = ORIENTED_EDGE('',*,*,#5211,.T.);
#5211 = EDGE_CURVE('',#5204,#5212,#5214,.T.);
#5212 = VERTEX_POINT('',#5213);
#5213 = CARTESIAN_POINT('',(20.937,8.19,3.7));
#5214 = B_SPLINE_CURVE_WITH_KNOTS('',1,(#5215,#5216),.UNSPECIFIED.,.F.,
  .F.,(2,2),(0.,1.),.PIECEWISE_BEZIER_KNOTS.);
#5215 = CARTESIAN_POINT('',(28.663502727853,8.19,3.7));
#5216 = CARTESIAN_POINT('',(18.625739082077,8.19,3.7));
#5217 = ORIENTED_EDGE('',*,*,#5218,.F.);
#5218 = EDGE_CURVE('',#5219,#5212,#5221,.T.);
#5219 = VERTEX_POINT('',#5220);
#5220 = CARTESIAN_POINT('',(23.127,6.,3.7));
#5221 = LINE('',#5222,#5223);
#5222 = CARTESIAN_POINT('',(28.193533840225,0.933466159775,3.7));
#5223 = VECTOR('',#5224,1.);
#5224 = DIRECTION('',(-0.707106781187,0.707106781187,0.));
#5225 = ORIENTED_EDGE('',*,*,#5226,.F.);
#5226 = EDGE_CURVE('',#5227,#5219,#5229,.T.);
#5227 = VERTEX_POINT('',#5228);
#5228 = CARTESIAN_POINT('',(16.227,6.,3.7));
#5229 = LINE('',#5230,#5231);
#5230 = CARTESIAN_POINT('',(47.596089990456,6.,3.7));
#5231 = VECTOR('',#5232,1.);
#5232 = DIRECTION('',(1.,0.,-0.));
#5233 = ORIENTED_EDGE('',*,*,#5234,.F.);
#5234 = EDGE_CURVE('',#5235,#5227,#5237,.T.);
#5235 = VERTEX_POINT('',#5236);
#5236 = CARTESIAN_POINT('',(18.417,8.19,3.7));
#5237 = LINE('',#5238,#5239);
#5238 = CARTESIAN_POINT('',(42.504556150231,32.277556150231,3.7));
#5239 = VECTOR('',#5240,1.);
#5240 = DIRECTION('',(-0.707106781187,-0.707106781187,0.));
#5241 = ORIENTED_EDGE('',*,*,#5242,.T.);
#5242 = EDGE_CURVE('',#5235,#5243,#5245,.T.);
#5243 = VERTEX_POINT('',#5244);
#5244 = CARTESIAN_POINT('',(16.212615514429,8.19,3.7));
#5245 = B_SPLINE_CURVE_WITH_KNOTS('',1,(#5246,#5247),.UNSPECIFIED.,.F.,
  .F.,(2,2),(0.,1.),.PIECEWISE_BEZIER_KNOTS.);
#5246 = CARTESIAN_POINT('',(18.5273947547,8.19,3.7));
#5247 = CARTESIAN_POINT('',(10.417,8.19,3.7));
#5248 = ORIENTED_EDGE('',*,*,#5249,.F.);
#5249 = EDGE_CURVE('',#5250,#5243,#5252,.T.);
#5250 = VERTEX_POINT('',#5251);
#5251 = CARTESIAN_POINT('',(10.417,13.985615514429,3.7));
#5252 = CIRCLE('',#5253,4.1);
#5253 = AXIS2_PLACEMENT_3D('',#5254,#5255,#5256);
#5254 = CARTESIAN_POINT('',(13.227,11.,3.7));
#5255 = DIRECTION('',(0.,0.,1.));
#5256 = DIRECTION('',(1.,0.,0.));
#5257 = ORIENTED_EDGE('',*,*,#5258,.T.);
#5258 = EDGE_CURVE('',#5250,#5259,#5261,.T.);
#5259 = VERTEX_POINT('',#5260);
#5260 = CARTESIAN_POINT('',(10.417,17.19,3.7));
#5261 = B_SPLINE_CURVE_WITH_KNOTS('',1,(#5262,#5263),.UNSPECIFIED.,.F.,
  .F.,(2,2),(0.,1.),.PIECEWISE_BEZIER_KNOTS.);
#5262 = CARTESIAN_POINT('',(10.417,8.19,3.7));
#5263 = CARTESIAN_POINT('',(10.417,17.357502094676,3.7));
#5264 = ORIENTED_EDGE('',*,*,#5265,.T.);
#5265 = EDGE_CURVE('',#5259,#5123,#5266,.T.);
#5266 = LINE('',#5267,#5268);
#5267 = CARTESIAN_POINT('',(34.254556150231,41.027556150231,3.7));
#5268 = VECTOR('',#5269,1.);
#5269 = DIRECTION('',(-0.707106781187,-0.707106781187,0.));
#5270 = PLANE('',#5271);
#5271 = AXIS2_PLACEMENT_3D('',#5272,#5273,#5274);
#5272 = CARTESIAN_POINT('',(78.965179980912,41.572044620012,3.7));
#5273 = DIRECTION('',(0.,0.,1.));
#5274 = DIRECTION('',(1.,0.,0.));
#5275 = ADVANCED_FACE('',(#5276),#5294,.T.);
#5276 = FACE_BOUND('',#5277,.T.);
#5277 = EDGE_LOOP('',(#5278,#5279,#5280,#5286,#5287,#5288));
#5278 = ORIENTED_EDGE('',*,*,#5020,.F.);
#5279 = ORIENTED_EDGE('',*,*,#1643,.T.);
#5280 = ORIENTED_EDGE('',*,*,#5281,.T.);
#5281 = EDGE_CURVE('',#1636,#3779,#5282,.T.);
#5282 = LINE('',#5283,#5284);
#5283 = CARTESIAN_POINT('',(5.91,144.99999999999,1.6));
#5284 = VECTOR('',#5285,1.);
#5285 = DIRECTION('',(0.502609874261,-0.86451333957,0.));
#5286 = ORIENTED_EDGE('',*,*,#3786,.F.);
#5287 = ORIENTED_EDGE('',*,*,#3810,.F.);
#5288 = ORIENTED_EDGE('',*,*,#5289,.F.);
#5289 = EDGE_CURVE('',#5021,#3811,#5290,.T.);
#5290 = LINE('',#5291,#5292);
#5291 = CARTESIAN_POINT('',(17.51,148.49999999999,1.6));
#5292 = VECTOR('',#5293,1.);
#5293 = DIRECTION('',(0.,-1.,0.));
#5294 = PLANE('',#5295);
#5295 = AXIS2_PLACEMENT_3D('',#5296,#5297,#5298);
#5296 = CARTESIAN_POINT('',(55.244895055803,140.71133427377,1.6));
#5297 = DIRECTION('',(0.,0.,1.));
#5298 = DIRECTION('',(1.,0.,0.));
#5299 = ADVANCED_FACE('',(#5300),#5318,.T.);
#5300 = FACE_BOUND('',#5301,.T.);
#5301 = EDGE_LOOP('',(#5302,#5310,#5311,#5312));
#5302 = ORIENTED_EDGE('',*,*,#5303,.F.);
#5303 = EDGE_CURVE('',#1540,#5304,#5306,.T.);
#5304 = VERTEX_POINT('',#5305);
#5305 = CARTESIAN_POINT('',(8.227,19.,4.9));
#5306 = LINE('',#5307,#5308);
#5307 = CARTESIAN_POINT('',(5.91,19.,4.9));
#5308 = VECTOR('',#5309,1.);
#5309 = DIRECTION('',(1.,0.,0.));
#5310 = ORIENTED_EDGE('',*,*,#1539,.T.);
#5311 = ORIENTED_EDGE('',*,*,#5132,.T.);
#5312 = ORIENTED_EDGE('',*,*,#5313,.T.);
#5313 = EDGE_CURVE('',#5125,#5304,#5314,.T.);
#5314 = LINE('',#5315,#5316);
#5315 = CARTESIAN_POINT('',(8.227,19.,4.905));
#5316 = VECTOR('',#5317,1.);
#5317 = DIRECTION('',(-0.,0.,1.));
#5318 = PLANE('',#5319);
#5319 = AXIS2_PLACEMENT_3D('',#5320,#5321,#5322);
#5320 = CARTESIAN_POINT('',(5.91,19.,4.9));
#5321 = DIRECTION('',(0.,-1.,0.));
#5322 = DIRECTION('',(1.,0.,0.));
#5323 = ADVANCED_FACE('',(#5324),#5362,.F.);
#5324 = FACE_BOUND('',#5325,.F.);
#5325 = EDGE_LOOP('',(#5326,#5334,#5335,#5336,#5337,#5345));
#5326 = ORIENTED_EDGE('',*,*,#5327,.F.);
#5327 = EDGE_CURVE('',#1628,#5328,#5330,.T.);
#5328 = VERTEX_POINT('',#5329);
#5329 = CARTESIAN_POINT('',(11.617,135.18368344597,4.9));
#5330 = LINE('',#5331,#5332);
#5331 = CARTESIAN_POINT('',(5.91,144.99999999999,4.9));
#5332 = VECTOR('',#5333,1.);
#5333 = DIRECTION('',(0.502609874261,-0.86451333957,0.));
#5334 = ORIENTED_EDGE('',*,*,#1635,.T.);
#5335 = ORIENTED_EDGE('',*,*,#5281,.T.);
#5336 = ORIENTED_EDGE('',*,*,#3778,.F.);
#5337 = ORIENTED_EDGE('',*,*,#5338,.F.);
#5338 = EDGE_CURVE('',#5339,#3771,#5341,.T.);
#5339 = VERTEX_POINT('',#5340);
#5340 = CARTESIAN_POINT('',(8.517,140.51583366806,1.8));
#5341 = LINE('',#5342,#5343);
#5342 = CARTESIAN_POINT('',(27.494136721518,107.87423889893,1.8));
#5343 = VECTOR('',#5344,1.);
#5344 = DIRECTION('',(-0.502609874261,0.86451333957,0.));
#5345 = ORIENTED_EDGE('',*,*,#5346,.T.);
#5346 = EDGE_CURVE('',#5339,#5328,#5347,.T.);
#5347 = B_SPLINE_CURVE_WITH_KNOTS('',4,(#5348,#5349,#5350,#5351,#5352,
    #5353,#5354,#5355,#5356,#5357,#5358,#5359,#5360,#5361),
  .UNSPECIFIED.,.F.,.F.,(5,3,3,3,5),(0.,0.249870005347,0.49882660193,
    0.74847492905,1.),.UNSPECIFIED.);
#5348 = CARTESIAN_POINT('',(8.317,140.85984335981,1.6));
#5349 = CARTESIAN_POINT('',(8.524253795363,140.50335678853,
    1.807253795363));
#5350 = CARTESIAN_POINT('',(8.731334698175,140.14716760081,
    2.014334698175));
#5351 = CARTESIAN_POINT('',(8.938238352105,139.79128328976,
    2.221238352105));
#5352 = CARTESIAN_POINT('',(9.350926399877,139.08143984925,
    2.633926399877));
#5353 = CARTESIAN_POINT('',(9.556712115563,138.72747844616,
    2.839712115563));
#5354 = CARTESIAN_POINT('',(9.76231285275,138.37383521504,3.04531285275)
  );
#5355 = CARTESIAN_POINT('',(10.173705625007,137.66621971118,
    3.456705625007));
#5356 = CARTESIAN_POINT('',(10.379496603847,137.31224925521,
    3.662496603847));
#5357 = CARTESIAN_POINT('',(10.585092024855,136.95861516818,
    3.868092024855));
#5358 = CARTESIAN_POINT('',(10.997425767387,136.24938114985,
    4.280425767387));
#5359 = CARTESIAN_POINT('',(11.204161064317,135.893786421,4.487161064317
    ));
#5360 = CARTESIAN_POINT('',(11.410687604039,135.53855076466,
    4.693687604039));
#5361 = CARTESIAN_POINT('',(11.617,135.18368344597,4.9));
#5362 = PLANE('',#5363);
#5363 = AXIS2_PLACEMENT_3D('',#5364,#5365,#5366);
#5364 = CARTESIAN_POINT('',(5.91,144.99999999999,4.9));
#5365 = DIRECTION('',(-0.86451333957,-0.502609874261,0.));
#5366 = DIRECTION('',(0.502609874261,-0.86451333957,0.));
#5367 = ADVANCED_FACE('',(#5368),#5432,.T.);
#5368 = FACE_BOUND('',#5369,.T.);
#5369 = EDGE_LOOP('',(#5370,#5371,#5379,#5387,#5394,#5402,#5410,#5418,
    #5425,#5431));
#5370 = ORIENTED_EDGE('',*,*,#5303,.T.);
#5371 = ORIENTED_EDGE('',*,*,#5372,.T.);
#5372 = EDGE_CURVE('',#5304,#5373,#5375,.T.);
#5373 = VERTEX_POINT('',#5374);
#5374 = CARTESIAN_POINT('',(8.227,24.2,4.9));
#5375 = LINE('',#5376,#5377);
#5376 = CARTESIAN_POINT('',(8.227,52.361147925662,4.9));
#5377 = VECTOR('',#5378,1.);
#5378 = DIRECTION('',(0.,1.,0.));
#5379 = ORIENTED_EDGE('',*,*,#5380,.T.);
#5380 = EDGE_CURVE('',#5373,#5381,#5383,.T.);
#5381 = VERTEX_POINT('',#5382);
#5382 = CARTESIAN_POINT('',(11.617,20.81,4.9));
#5383 = LINE('',#5384,#5385);
#5384 = CARTESIAN_POINT('',(3.534837184451,28.892162815549,4.9));
#5385 = VECTOR('',#5386,1.);
#5386 = DIRECTION('',(0.707106781187,-0.707106781187,0.));
#5387 = ORIENTED_EDGE('',*,*,#5388,.T.);
#5388 = EDGE_CURVE('',#5381,#5389,#5391,.T.);
#5389 = VERTEX_POINT('',#5390);
#5390 = CARTESIAN_POINT('',(11.617,31.79,4.9));
#5391 = B_SPLINE_CURVE_WITH_KNOTS('',1,(#5392,#5393),.UNSPECIFIED.,.F.,
  .F.,(2,2),(0.,1.),.PIECEWISE_BEZIER_KNOTS.);
#5392 = CARTESIAN_POINT('',(11.617,20.79026867794,4.9));
#5393 = CARTESIAN_POINT('',(11.617,31.794883761084,4.9));
#5394 = ORIENTED_EDGE('',*,*,#5395,.T.);
#5395 = EDGE_CURVE('',#5389,#5396,#5398,.T.);
#5396 = VERTEX_POINT('',#5397);
#5397 = CARTESIAN_POINT('',(8.227,28.4,4.9));
#5398 = LINE('',#5399,#5400);
#5399 = CARTESIAN_POINT('',(36.945985110113,57.118985110113,4.9));
#5400 = VECTOR('',#5401,1.);
#5401 = DIRECTION('',(-0.707106781187,-0.707106781187,0.));
#5402 = ORIENTED_EDGE('',*,*,#5403,.T.);
#5403 = EDGE_CURVE('',#5396,#5404,#5406,.T.);
#5404 = VERTEX_POINT('',#5405);
#5405 = CARTESIAN_POINT('',(8.227,37.6,4.9));
#5406 = LINE('',#5407,#5408);
#5407 = CARTESIAN_POINT('',(8.227,59.061147925662,4.9));
#5408 = VECTOR('',#5409,1.);
#5409 = DIRECTION('',(0.,1.,0.));
#5410 = ORIENTED_EDGE('',*,*,#5411,.T.);
#5411 = EDGE_CURVE('',#5404,#5412,#5414,.T.);
#5412 = VERTEX_POINT('',#5413);
#5413 = CARTESIAN_POINT('',(11.617,34.21,4.9));
#5414 = LINE('',#5415,#5416);
#5415 = CARTESIAN_POINT('',(6.884837184451,38.942162815549,4.9));
#5416 = VECTOR('',#5417,1.);
#5417 = DIRECTION('',(0.707106781187,-0.707106781187,0.));
#5418 = ORIENTED_EDGE('',*,*,#5419,.T.);
#5419 = EDGE_CURVE('',#5412,#5420,#5422,.T.);
#5420 = VERTEX_POINT('',#5421);
#5421 = CARTESIAN_POINT('',(11.617,45.55,4.9));
#5422 = B_SPLINE_CURVE_WITH_KNOTS('',1,(#5423,#5424),.UNSPECIFIED.,.F.,
  .F.,(2,2),(0.,1.),.PIECEWISE_BEZIER_KNOTS.);
#5423 = CARTESIAN_POINT('',(11.617,34.192311360867,4.9));
#5424 = CARTESIAN_POINT('',(11.617,66.200127663523,4.9));
#5425 = ORIENTED_EDGE('',*,*,#5426,.F.);
#5426 = EDGE_CURVE('',#1548,#5420,#5427,.T.);
#5427 = LINE('',#5428,#5429);
#5428 = CARTESIAN_POINT('',(5.210380061095,45.55,4.9));
#5429 = VECTOR('',#5430,1.);
#5430 = DIRECTION('',(1.,0.,0.));
#5431 = ORIENTED_EDGE('',*,*,#1547,.T.);
#5432 = PLANE('',#5433);
#5433 = AXIS2_PLACEMENT_3D('',#5434,#5435,#5436);
#5434 = CARTESIAN_POINT('',(54.980644589127,89.722295851324,4.9));
#5435 = DIRECTION('',(0.,0.,1.));
#5436 = DIRECTION('',(1.,0.,0.));
#5437 = ADVANCED_FACE('',(#5438),#5559,.T.);
#5438 = FACE_BOUND('',#5439,.T.);
#5439 = EDGE_LOOP('',(#5440,#5447,#5448,#5449,#5457,#5466,#5474,#5482,
    #5490,#5498,#5506,#5514,#5522,#5530,#5537,#5545,#5553));
#5440 = ORIENTED_EDGE('',*,*,#5441,.T.);
#5441 = EDGE_CURVE('',#5442,#5328,#5444,.T.);
#5442 = VERTEX_POINT('',#5443);
#5443 = CARTESIAN_POINT('',(11.617,132.41,4.9));
#5444 = B_SPLINE_CURVE_WITH_KNOTS('',1,(#5445,#5446),.UNSPECIFIED.,.F.,
  .F.,(2,2),(0.,1.),.PIECEWISE_BEZIER_KNOTS.);
#5445 = CARTESIAN_POINT('',(11.617,132.40728087306,4.9));
#5446 = CARTESIAN_POINT('',(11.617,140.61,4.9));
#5447 = ORIENTED_EDGE('',*,*,#5327,.F.);
#5448 = ORIENTED_EDGE('',*,*,#1627,.T.);
#5449 = ORIENTED_EDGE('',*,*,#5450,.T.);
#5450 = EDGE_CURVE('',#1620,#5451,#5453,.T.);
#5451 = VERTEX_POINT('',#5452);
#5452 = CARTESIAN_POINT('',(9.35931,104.45,4.9));
#5453 = LINE('',#5454,#5455);
#5454 = CARTESIAN_POINT('',(5.011275324264,104.45,4.9));
#5455 = VECTOR('',#5456,1.);
#5456 = DIRECTION('',(1.,0.,0.));
#5457 = ORIENTED_EDGE('',*,*,#5458,.T.);
#5458 = EDGE_CURVE('',#5451,#5459,#5461,.T.);
#5459 = VERTEX_POINT('',#5460);
#5460 = CARTESIAN_POINT('',(11.15931,106.25,4.9));
#5461 = CIRCLE('',#5462,1.8);
#5462 = AXIS2_PLACEMENT_3D('',#5463,#5464,#5465);
#5463 = CARTESIAN_POINT('',(9.35931,106.25,4.9));
#5464 = DIRECTION('',(0.,0.,1.));
#5465 = DIRECTION('',(1.,0.,0.));
#5466 = ORIENTED_EDGE('',*,*,#5467,.F.);
#5467 = EDGE_CURVE('',#5468,#5459,#5470,.T.);
#5468 = VERTEX_POINT('',#5469);
#5469 = CARTESIAN_POINT('',(11.15931,107.7299790526,4.9));
#5470 = LINE('',#5471,#5472);
#5471 = CARTESIAN_POINT('',(11.15931,109.59687298107,4.9));
#5472 = VECTOR('',#5473,1.);
#5473 = DIRECTION('',(0.,-1.,0.));
#5474 = ORIENTED_EDGE('',*,*,#5475,.T.);
#5475 = EDGE_CURVE('',#5468,#5476,#5478,.T.);
#5476 = VERTEX_POINT('',#5477);
#5477 = CARTESIAN_POINT('',(8.227,106.03700908478,4.9));
#5478 = LINE('',#5479,#5480);
#5479 = CARTESIAN_POINT('',(23.927377692153,115.1016263716,4.9));
#5480 = VECTOR('',#5481,1.);
#5481 = DIRECTION('',(-0.866025403787,-0.499999999995,0.));
#5482 = ORIENTED_EDGE('',*,*,#5483,.T.);
#5483 = EDGE_CURVE('',#5476,#5484,#5486,.T.);
#5484 = VERTEX_POINT('',#5485);
#5485 = CARTESIAN_POINT('',(8.227,110.96299091524,4.9));
#5486 = LINE('',#5487,#5488);
#5487 = CARTESIAN_POINT('',(8.227,97.879652468052,4.9));
#5488 = VECTOR('',#5489,1.);
#5489 = DIRECTION('',(0.,1.,0.));
#5490 = ORIENTED_EDGE('',*,*,#5491,.T.);
#5491 = EDGE_CURVE('',#5484,#5492,#5494,.T.);
#5492 = VERTEX_POINT('',#5493);
#5493 = CARTESIAN_POINT('',(11.15931,109.27002094739,4.9));
#5494 = LINE('',#5495,#5496);
#5495 = CARTESIAN_POINT('',(30.358362100771,98.185443048832,4.9));
#5496 = VECTOR('',#5497,1.);
#5497 = DIRECTION('',(0.866025403784,-0.5,0.));
#5498 = ORIENTED_EDGE('',*,*,#5499,.F.);
#5499 = EDGE_CURVE('',#5500,#5492,#5502,.T.);
#5500 = VERTEX_POINT('',#5501);
#5501 = CARTESIAN_POINT('',(11.15931,109.59687298107,4.9));
#5502 = LINE('',#5503,#5504);
#5503 = CARTESIAN_POINT('',(11.15931,109.59687298107,4.9));
#5504 = VECTOR('',#5505,1.);
#5505 = DIRECTION('',(0.,-1.,0.));
#5506 = ORIENTED_EDGE('',*,*,#5507,.F.);
#5507 = EDGE_CURVE('',#5508,#5500,#5510,.T.);
#5508 = VERTEX_POINT('',#5509);
#5509 = CARTESIAN_POINT('',(8.65931,113.927,4.9));
#5510 = LINE('',#5511,#5512);
#5511 = CARTESIAN_POINT('',(8.65931,113.927,4.9));
#5512 = VECTOR('',#5513,1.);
#5513 = DIRECTION('',(0.5,-0.866025403784,0.));
#5514 = ORIENTED_EDGE('',*,*,#5515,.F.);
#5515 = EDGE_CURVE('',#5516,#5508,#5518,.T.);
#5516 = VERTEX_POINT('',#5517);
#5517 = CARTESIAN_POINT('',(8.65931,122.927,4.9));
#5518 = LINE('',#5519,#5520);
#5519 = CARTESIAN_POINT('',(8.65931,122.927,4.9));
#5520 = VECTOR('',#5521,1.);
#5521 = DIRECTION('',(0.,-1.,0.));
#5522 = ORIENTED_EDGE('',*,*,#5523,.F.);
#5523 = EDGE_CURVE('',#5524,#5516,#5526,.T.);
#5524 = VERTEX_POINT('',#5525);
#5525 = CARTESIAN_POINT('',(11.617,122.927,4.9));
#5526 = LINE('',#5527,#5528);
#5527 = CARTESIAN_POINT('',(19.65931,122.927,4.9));
#5528 = VECTOR('',#5529,1.);
#5529 = DIRECTION('',(-1.,0.,0.));
#5530 = ORIENTED_EDGE('',*,*,#5531,.T.);
#5531 = EDGE_CURVE('',#5524,#5532,#5534,.T.);
#5532 = VERTEX_POINT('',#5533);
#5533 = CARTESIAN_POINT('',(11.617,129.99,4.9));
#5534 = B_SPLINE_CURVE_WITH_KNOTS('',1,(#5535,#5536),.UNSPECIFIED.,.F.,
  .F.,(2,2),(0.,1.),.PIECEWISE_BEZIER_KNOTS.);
#5535 = CARTESIAN_POINT('',(11.617,109.00371379989,4.9));
#5536 = CARTESIAN_POINT('',(11.617,130.00985327327,4.9));
#5537 = ORIENTED_EDGE('',*,*,#5538,.F.);
#5538 = EDGE_CURVE('',#5539,#5532,#5541,.T.);
#5539 = VERTEX_POINT('',#5540);
#5540 = CARTESIAN_POINT('',(8.227,126.6,4.9));
#5541 = LINE('',#5542,#5543);
#5542 = CARTESIAN_POINT('',(10.695985110113,129.06898511011,4.9));
#5543 = VECTOR('',#5544,1.);
#5544 = DIRECTION('',(0.707106781187,0.707106781187,-0.));
#5545 = ORIENTED_EDGE('',*,*,#5546,.F.);
#5546 = EDGE_CURVE('',#5547,#5539,#5549,.T.);
#5547 = VERTEX_POINT('',#5548);
#5548 = CARTESIAN_POINT('',(8.227,135.8,4.9));
#5549 = LINE('',#5550,#5551);
#5550 = CARTESIAN_POINT('',(8.227,112.76114792566,4.9));
#5551 = VECTOR('',#5552,1.);
#5552 = DIRECTION('',(0.,-1.,0.));
#5553 = ORIENTED_EDGE('',*,*,#5554,.F.);
#5554 = EDGE_CURVE('',#5442,#5547,#5555,.T.);
#5555 = LINE('',#5556,#5557);
#5556 = CARTESIAN_POINT('',(33.134837184451,110.89216281554,4.9));
#5557 = VECTOR('',#5558,1.);
#5558 = DIRECTION('',(-0.707106781187,0.707106781187,0.));
#5559 = PLANE('',#5560);
#5560 = AXIS2_PLACEMENT_3D('',#5561,#5562,#5563);
#5561 = CARTESIAN_POINT('',(54.980644589127,89.722295851324,4.9));
#5562 = DIRECTION('',(0.,0.,1.));
#5563 = DIRECTION('',(1.,0.,0.));
#5564 = ADVANCED_FACE('',(#5565),#5677,.T.);
#5565 = FACE_BOUND('',#5566,.T.);
#5566 = EDGE_LOOP('',(#5567,#5578,#5586,#5592,#5593,#5594,#5613,#5621,
    #5629,#5637,#5645,#5654,#5662,#5670));
#5567 = ORIENTED_EDGE('',*,*,#5568,.F.);
#5568 = EDGE_CURVE('',#5569,#5571,#5573,.T.);
#5569 = VERTEX_POINT('',#5570);
#5570 = CARTESIAN_POINT('',(4.108665740226,45.55,5.7));
#5571 = VERTEX_POINT('',#5572);
#5572 = CARTESIAN_POINT('',(3.109221450188,45.55,6.733333333333));
#5573 = CIRCLE('',#5574,1.);
#5574 = AXIS2_PLACEMENT_3D('',#5575,#5576,#5577);
#5575 = CARTESIAN_POINT('',(4.108665740226,45.55,6.7));
#5576 = DIRECTION('',(0.,1.,-2.2E-16));
#5577 = DIRECTION('',(0.,2.2E-16,1.));
#5578 = ORIENTED_EDGE('',*,*,#5579,.T.);
#5579 = EDGE_CURVE('',#5569,#5580,#5582,.T.);
#5580 = VERTEX_POINT('',#5581);
#5581 = CARTESIAN_POINT('',(5.51,45.55,5.7));
#5582 = LINE('',#5583,#5584);
#5583 = CARTESIAN_POINT('',(0.91,45.55,5.7));
#5584 = VECTOR('',#5585,1.);
#5585 = DIRECTION('',(1.,0.,0.));
#5586 = ORIENTED_EDGE('',*,*,#5587,.F.);
#5587 = EDGE_CURVE('',#1556,#5580,#5588,.T.);
#5588 = LINE('',#5589,#5590);
#5589 = CARTESIAN_POINT('',(5.91,45.55,6.1));
#5590 = VECTOR('',#5591,1.);
#5591 = DIRECTION('',(-0.707106781187,0.,-0.707106781187));
#5592 = ORIENTED_EDGE('',*,*,#1555,.T.);
#5593 = ORIENTED_EDGE('',*,*,#5426,.T.);
#5594 = ORIENTED_EDGE('',*,*,#5595,.F.);
#5595 = EDGE_CURVE('',#5596,#5420,#5598,.T.);
#5596 = VERTEX_POINT('',#5597);
#5597 = CARTESIAN_POINT('',(8.517,45.55,1.8));
#5598 = B_SPLINE_CURVE_WITH_KNOTS('',4,(#5599,#5600,#5601,#5602,#5603,
    #5604,#5605,#5606,#5607,#5608,#5609,#5610,#5611,#5612),
  .UNSPECIFIED.,.F.,.F.,(5,3,3,3,5),(0.,0.251445566294,0.50043065831,
    0.749926074573,1.),.UNSPECIFIED.);
#5599 = CARTESIAN_POINT('',(8.517,45.55,1.8));
#5600 = CARTESIAN_POINT('',(8.71327682919,45.55,1.99627682919));
#5601 = CARTESIAN_POINT('',(8.909431733691,45.55,2.192431733691));
#5602 = CARTESIAN_POINT('',(9.105461670843,45.55,2.388461670843));
#5603 = CARTESIAN_POINT('',(9.495348289368,45.55,2.778348289368));
#5604 = CARTESIAN_POINT('',(9.689207463171,45.55,2.972207463171));
#5605 = CARTESIAN_POINT('',(9.882937882668,45.55,3.165937882668));
#5606 = CARTESIAN_POINT('',(10.270531485412,45.55,3.553531485412));
#5607 = CARTESIAN_POINT('',(10.464394126523,45.55,3.747394126523));
#5608 = CARTESIAN_POINT('',(10.658120920749,45.55,3.941120920749));
#5609 = CARTESIAN_POINT('',(11.045744768715,45.55,4.328744768715));
#5610 = CARTESIAN_POINT('',(11.23964117526,45.55,4.52264117526));
#5611 = CARTESIAN_POINT('',(11.433394142376,45.55,4.716394142376));
#5612 = CARTESIAN_POINT('',(11.627,45.55,4.91));
#5613 = ORIENTED_EDGE('',*,*,#5614,.F.);
#5614 = EDGE_CURVE('',#5615,#5596,#5617,.T.);
#5615 = VERTEX_POINT('',#5616);
#5616 = CARTESIAN_POINT('',(8.31,45.55,1.8));
#5617 = LINE('',#5618,#5619);
#5618 = CARTESIAN_POINT('',(35.491490669964,45.55,1.8));
#5619 = VECTOR('',#5620,1.);
#5620 = DIRECTION('',(1.,0.,0.));
#5621 = ORIENTED_EDGE('',*,*,#5622,.F.);
#5622 = EDGE_CURVE('',#5623,#5615,#5625,.T.);
#5623 = VERTEX_POINT('',#5624);
#5624 = CARTESIAN_POINT('',(8.31,45.55,1.89));
#5625 = LINE('',#5626,#5627);
#5626 = CARTESIAN_POINT('',(8.31,45.55,1.89));
#5627 = VECTOR('',#5628,1.);
#5628 = DIRECTION('',(-0.,-0.,-1.));
#5629 = ORIENTED_EDGE('',*,*,#5630,.F.);
#5630 = EDGE_CURVE('',#5631,#5623,#5633,.T.);
#5631 = VERTEX_POINT('',#5632);
#5632 = CARTESIAN_POINT('',(-1.689619938905,45.55,1.89));
#5633 = LINE('',#5634,#5635);
#5634 = CARTESIAN_POINT('',(-1.689619938905,45.55,1.89));
#5635 = VECTOR('',#5636,1.);
#5636 = DIRECTION('',(1.,0.,0.));
#5637 = ORIENTED_EDGE('',*,*,#5638,.F.);
#5638 = EDGE_CURVE('',#5639,#5631,#5641,.T.);
#5639 = VERTEX_POINT('',#5640);
#5640 = CARTESIAN_POINT('',(-1.689619938905,45.55,1.903937014873));
#5641 = LINE('',#5642,#5643);
#5642 = CARTESIAN_POINT('',(-1.689619938905,45.55,4.9));
#5643 = VECTOR('',#5644,1.);
#5644 = DIRECTION('',(-0.,-0.,-1.));
#5645 = ORIENTED_EDGE('',*,*,#5646,.F.);
#5646 = EDGE_CURVE('',#5647,#5639,#5649,.T.);
#5647 = VERTEX_POINT('',#5648);
#5648 = CARTESIAN_POINT('',(-4.388,45.55,11.230127018922));
#5649 = CIRCLE('',#5650,5.);
#5650 = AXIS2_PLACEMENT_3D('',#5651,#5652,#5653);
#5651 = CARTESIAN_POINT('',(-1.888,45.55,6.9));
#5652 = DIRECTION('',(0.,-1.,-2.2E-16));
#5653 = DIRECTION('',(1.,0.,0.));
#5654 = ORIENTED_EDGE('',*,*,#5655,.F.);
#5655 = EDGE_CURVE('',#5656,#5647,#5658,.T.);
#5656 = VERTEX_POINT('',#5657);
#5657 = CARTESIAN_POINT('',(-1.888,45.55,12.673502691896));
#5658 = LINE('',#5659,#5660);
#5659 = CARTESIAN_POINT('',(-1.888,45.55,12.673502691896));
#5660 = VECTOR('',#5661,1.);
#5661 = DIRECTION('',(-0.866025403784,-0.,-0.5));
#5662 = ORIENTED_EDGE('',*,*,#5663,.T.);
#5663 = EDGE_CURVE('',#5656,#5664,#5666,.T.);
#5664 = VERTEX_POINT('',#5665);
#5665 = CARTESIAN_POINT('',(0.612,45.55,11.230127018922));
#5666 = LINE('',#5667,#5668);
#5667 = CARTESIAN_POINT('',(-1.888,45.55,12.673502691896));
#5668 = VECTOR('',#5669,1.);
#5669 = DIRECTION('',(0.866025403784,0.,-0.5));
#5670 = ORIENTED_EDGE('',*,*,#5671,.F.);
#5671 = EDGE_CURVE('',#5571,#5664,#5672,.T.);
#5672 = CIRCLE('',#5673,5.);
#5673 = AXIS2_PLACEMENT_3D('',#5674,#5675,#5676);
#5674 = CARTESIAN_POINT('',(-1.888,45.55,6.9));
#5675 = DIRECTION('',(0.,-1.,-2.2E-16));
#5676 = DIRECTION('',(1.,0.,0.));
#5677 = PLANE('',#5678);
#5678 = AXIS2_PLACEMENT_3D('',#5679,#5680,#5681);
#5679 = CARTESIAN_POINT('',(3.915224503337,45.55,5.301928661386));
#5680 = DIRECTION('',(2.2E-16,1.,-5.2E-16));
#5681 = DIRECTION('',(0.,5.2E-16,1.));
#5682 = ADVANCED_FACE('',(#5683),#5794,.T.);
#5683 = FACE_BOUND('',#5684,.T.);
#5684 = EDGE_LOOP('',(#5685,#5695,#5704,#5713,#5721,#5729,#5738,#5746,
    #5754,#5762,#5770,#5780,#5786,#5787,#5788));
#5685 = ORIENTED_EDGE('',*,*,#5686,.F.);
#5686 = EDGE_CURVE('',#5687,#5689,#5691,.T.);
#5687 = VERTEX_POINT('',#5688);
#5688 = CARTESIAN_POINT('',(4.108665740226,104.45,5.7));
#5689 = VERTEX_POINT('',#5690);
#5690 = CARTESIAN_POINT('',(5.51,104.45,5.7));
#5691 = LINE('',#5692,#5693);
#5692 = CARTESIAN_POINT('',(0.91,104.45,5.7));
#5693 = VECTOR('',#5694,1.);
#5694 = DIRECTION('',(1.,0.,0.));
#5695 = ORIENTED_EDGE('',*,*,#5696,.T.);
#5696 = EDGE_CURVE('',#5687,#5697,#5699,.T.);
#5697 = VERTEX_POINT('',#5698);
#5698 = CARTESIAN_POINT('',(3.109221450188,104.45,6.733333333333));
#5699 = CIRCLE('',#5700,1.);
#5700 = AXIS2_PLACEMENT_3D('',#5701,#5702,#5703);
#5701 = CARTESIAN_POINT('',(4.108665740226,104.45,6.7));
#5702 = DIRECTION('',(0.,1.,-2.2E-16));
#5703 = DIRECTION('',(0.,-2.2E-16,-1.));
#5704 = ORIENTED_EDGE('',*,*,#5705,.T.);
#5705 = EDGE_CURVE('',#5697,#5706,#5708,.T.);
#5706 = VERTEX_POINT('',#5707);
#5707 = CARTESIAN_POINT('',(0.612,104.45,11.230127018922));
#5708 = CIRCLE('',#5709,5.);
#5709 = AXIS2_PLACEMENT_3D('',#5710,#5711,#5712);
#5710 = CARTESIAN_POINT('',(-1.888,104.45,6.9));
#5711 = DIRECTION('',(0.,-1.,2.2E-16));
#5712 = DIRECTION('',(1.,0.,0.));
#5713 = ORIENTED_EDGE('',*,*,#5714,.F.);
#5714 = EDGE_CURVE('',#5715,#5706,#5717,.T.);
#5715 = VERTEX_POINT('',#5716);
#5716 = CARTESIAN_POINT('',(-1.888,104.45,12.673502691896));
#5717 = LINE('',#5718,#5719);
#5718 = CARTESIAN_POINT('',(-1.888,104.45,12.673502691896));
#5719 = VECTOR('',#5720,1.);
#5720 = DIRECTION('',(0.866025403784,0.,-0.5));
#5721 = ORIENTED_EDGE('',*,*,#5722,.T.);
#5722 = EDGE_CURVE('',#5715,#5723,#5725,.T.);
#5723 = VERTEX_POINT('',#5724);
#5724 = CARTESIAN_POINT('',(-4.388,104.45,11.230127018922));
#5725 = LINE('',#5726,#5727);
#5726 = CARTESIAN_POINT('',(-1.888,104.45,12.673502691896));
#5727 = VECTOR('',#5728,1.);
#5728 = DIRECTION('',(-0.866025403784,0.,-0.5));
#5729 = ORIENTED_EDGE('',*,*,#5730,.T.);
#5730 = EDGE_CURVE('',#5723,#5731,#5733,.T.);
#5731 = VERTEX_POINT('',#5732);
#5732 = CARTESIAN_POINT('',(-1.888724675736,104.45,1.900000052515));
#5733 = CIRCLE('',#5734,5.);
#5734 = AXIS2_PLACEMENT_3D('',#5735,#5736,#5737);
#5735 = CARTESIAN_POINT('',(-1.888,104.45,6.9));
#5736 = DIRECTION('',(0.,-1.,2.2E-16));
#5737 = DIRECTION('',(1.,0.,0.));
#5738 = ORIENTED_EDGE('',*,*,#5739,.T.);
#5739 = EDGE_CURVE('',#5731,#5740,#5742,.T.);
#5740 = VERTEX_POINT('',#5741);
#5741 = CARTESIAN_POINT('',(-1.888724675736,104.45,1.89));
#5742 = LINE('',#5743,#5744);
#5743 = CARTESIAN_POINT('',(-1.888724675736,104.45,4.9));
#5744 = VECTOR('',#5745,1.);
#5745 = DIRECTION('',(-0.,-0.,-1.));
#5746 = ORIENTED_EDGE('',*,*,#5747,.T.);
#5747 = EDGE_CURVE('',#5740,#5748,#5750,.T.);
#5748 = VERTEX_POINT('',#5749);
#5749 = CARTESIAN_POINT('',(8.21,104.45,1.89));
#5750 = LINE('',#5751,#5752);
#5751 = CARTESIAN_POINT('',(5.011275324264,104.45,1.89));
#5752 = VECTOR('',#5753,1.);
#5753 = DIRECTION('',(1.,0.,0.));
#5754 = ORIENTED_EDGE('',*,*,#5755,.T.);
#5755 = EDGE_CURVE('',#5748,#5756,#5758,.T.);
#5756 = VERTEX_POINT('',#5757);
#5757 = CARTESIAN_POINT('',(8.21,104.45,1.8));
#5758 = LINE('',#5759,#5760);
#5759 = CARTESIAN_POINT('',(8.21,104.45,1.89));
#5760 = VECTOR('',#5761,1.);
#5761 = DIRECTION('',(-0.,-0.,-1.));
#5762 = ORIENTED_EDGE('',*,*,#5763,.T.);
#5763 = EDGE_CURVE('',#5756,#5764,#5766,.T.);
#5764 = VERTEX_POINT('',#5765);
#5765 = CARTESIAN_POINT('',(8.517,104.45,1.8));
#5766 = LINE('',#5767,#5768);
#5767 = CARTESIAN_POINT('',(32.391938301548,104.45,1.8));
#5768 = VECTOR('',#5769,1.);
#5769 = DIRECTION('',(1.,1.578E-14,0.));
#5770 = ORIENTED_EDGE('',*,*,#5771,.T.);
#5771 = EDGE_CURVE('',#5764,#5772,#5774,.T.);
#5772 = VERTEX_POINT('',#5773);
#5773 = CARTESIAN_POINT('',(9.35931,104.45,2.64231));
#5774 = B_SPLINE_CURVE_WITH_KNOTS('',4,(#5775,#5776,#5777,#5778,#5779),
  .UNSPECIFIED.,.F.,.F.,(5,5),(0.,1.),.PIECEWISE_BEZIER_KNOTS.);
#5775 = CARTESIAN_POINT('',(8.517,104.45,1.8));
#5776 = CARTESIAN_POINT('',(8.727792252375,104.45,2.010792252375));
#5777 = CARTESIAN_POINT('',(8.938443879554,104.45,2.221443879554));
#5778 = CARTESIAN_POINT('',(9.148951113277,104.45,2.431951113277));
#5779 = CARTESIAN_POINT('',(9.35931,104.45,2.64231));
#5780 = ORIENTED_EDGE('',*,*,#5781,.F.);
#5781 = EDGE_CURVE('',#5451,#5772,#5782,.T.);
#5782 = LINE('',#5783,#5784);
#5783 = CARTESIAN_POINT('',(9.35931,104.45,4.9));
#5784 = VECTOR('',#5785,1.);
#5785 = DIRECTION('',(-0.,-0.,-1.));
#5786 = ORIENTED_EDGE('',*,*,#5450,.F.);
#5787 = ORIENTED_EDGE('',*,*,#1619,.F.);
#5788 = ORIENTED_EDGE('',*,*,#5789,.T.);
#5789 = EDGE_CURVE('',#1612,#5689,#5790,.T.);
#5790 = LINE('',#5791,#5792);
#5791 = CARTESIAN_POINT('',(5.91,104.45,6.1));
#5792 = VECTOR('',#5793,1.);
#5793 = DIRECTION('',(-0.707106781187,-0.,-0.707106781187));
#5794 = PLANE('',#5795);
#5795 = AXIS2_PLACEMENT_3D('',#5796,#5797,#5798);
#5796 = CARTESIAN_POINT('',(1.209497728953,104.45,5.821851629743));
#5797 = DIRECTION('',(-8.E-16,-1.,1.E-15));
#5798 = DIRECTION('',(0.,-1.E-15,-1.));
#5799 = ADVANCED_FACE('',(#5800),#5818,.T.);
#5800 = FACE_BOUND('',#5801,.F.);
#5801 = EDGE_LOOP('',(#5802,#5803,#5811,#5817));
#5802 = ORIENTED_EDGE('',*,*,#1563,.T.);
#5803 = ORIENTED_EDGE('',*,*,#5804,.T.);
#5804 = EDGE_CURVE('',#1564,#5805,#5807,.T.);
#5805 = VERTEX_POINT('',#5806);
#5806 = CARTESIAN_POINT('',(5.51,54.85,5.7));
#5807 = LINE('',#5808,#5809);
#5808 = CARTESIAN_POINT('',(5.91,54.85,6.1));
#5809 = VECTOR('',#5810,1.);
#5810 = DIRECTION('',(-0.707106781187,0.,-0.707106781187));
#5811 = ORIENTED_EDGE('',*,*,#5812,.F.);
#5812 = EDGE_CURVE('',#5580,#5805,#5813,.T.);
#5813 = LINE('',#5814,#5815);
#5814 = CARTESIAN_POINT('',(5.51,45.55,5.7));
#5815 = VECTOR('',#5816,1.);
#5816 = DIRECTION('',(0.,1.,-2.2E-16));
#5817 = ORIENTED_EDGE('',*,*,#5587,.F.);
#5818 = PLANE('',#5819);
#5819 = AXIS2_PLACEMENT_3D('',#5820,#5821,#5822);
#5820 = CARTESIAN_POINT('',(5.91,45.55,6.1));
#5821 = DIRECTION('',(0.707106781187,-1.6E-16,-0.707106781187));
#5822 = DIRECTION('',(0.707106781187,1.6E-16,0.707106781187));
#5823 = ADVANCED_FACE('',(#5824),#5842,.T.);
#5824 = FACE_BOUND('',#5825,.T.);
#5825 = EDGE_LOOP('',(#5826,#5827,#5835,#5841));
#5826 = ORIENTED_EDGE('',*,*,#1611,.T.);
#5827 = ORIENTED_EDGE('',*,*,#5828,.T.);
#5828 = EDGE_CURVE('',#1604,#5829,#5831,.T.);
#5829 = VERTEX_POINT('',#5830);
#5830 = CARTESIAN_POINT('',(5.51,95.15,5.7));
#5831 = LINE('',#5832,#5833);
#5832 = CARTESIAN_POINT('',(5.91,95.15,6.1));
#5833 = VECTOR('',#5834,1.);
#5834 = DIRECTION('',(-0.707106781187,-0.,-0.707106781187));
#5835 = ORIENTED_EDGE('',*,*,#5836,.F.);
#5836 = EDGE_CURVE('',#5689,#5829,#5837,.T.);
#5837 = LINE('',#5838,#5839);
#5838 = CARTESIAN_POINT('',(5.51,104.45,5.7));
#5839 = VECTOR('',#5840,1.);
#5840 = DIRECTION('',(0.,-1.,2.2E-16));
#5841 = ORIENTED_EDGE('',*,*,#5789,.F.);
#5842 = PLANE('',#5843);
#5843 = AXIS2_PLACEMENT_3D('',#5844,#5845,#5846);
#5844 = CARTESIAN_POINT('',(5.91,104.45,6.1));
#5845 = DIRECTION('',(0.707106781187,-1.6E-16,-0.707106781187));
#5846 = DIRECTION('',(-0.707106781187,-1.6E-16,-0.707106781187));
#5847 = ADVANCED_FACE('',(#5848),#5918,.T.);
#5848 = FACE_BOUND('',#5849,.T.);
#5849 = EDGE_LOOP('',(#5850,#5858,#5867,#5876,#5885,#5894,#5902,#5910,
    #5916,#5917));
#5850 = ORIENTED_EDGE('',*,*,#5851,.F.);
#5851 = EDGE_CURVE('',#5852,#5805,#5854,.T.);
#5852 = VERTEX_POINT('',#5853);
#5853 = CARTESIAN_POINT('',(4.108665740226,54.85,5.7));
#5854 = LINE('',#5855,#5856);
#5855 = CARTESIAN_POINT('',(0.91,54.85,5.7));
#5856 = VECTOR('',#5857,1.);
#5857 = DIRECTION('',(1.,0.,0.));
#5858 = ORIENTED_EDGE('',*,*,#5859,.T.);
#5859 = EDGE_CURVE('',#5852,#5860,#5862,.T.);
#5860 = VERTEX_POINT('',#5861);
#5861 = CARTESIAN_POINT('',(3.109221450188,54.85,6.733333333333));
#5862 = CIRCLE('',#5863,1.);
#5863 = AXIS2_PLACEMENT_3D('',#5864,#5865,#5866);
#5864 = CARTESIAN_POINT('',(4.108665740226,54.85,6.7));
#5865 = DIRECTION('',(0.,1.,-2.2E-16));
#5866 = DIRECTION('',(0.,2.2E-16,1.));
#5867 = ORIENTED_EDGE('',*,*,#5868,.F.);
#5868 = EDGE_CURVE('',#5869,#5860,#5871,.T.);
#5869 = VERTEX_POINT('',#5870);
#5870 = CARTESIAN_POINT('',(2.965864439805,54.85,5.7));
#5871 = CIRCLE('',#5872,5.);
#5872 = AXIS2_PLACEMENT_3D('',#5873,#5874,#5875);
#5873 = CARTESIAN_POINT('',(-1.888,54.85,6.9));
#5874 = DIRECTION('',(0.,-1.,2.2E-16));
#5875 = DIRECTION('',(0.,2.2E-16,1.));
#5876 = ORIENTED_EDGE('',*,*,#5877,.T.);
#5877 = EDGE_CURVE('',#5869,#5878,#5880,.T.);
#5878 = VERTEX_POINT('',#5879);
#5879 = CARTESIAN_POINT('',(2.694575694956,54.85,4.9));
#5880 = CIRCLE('',#5881,5.);
#5881 = AXIS2_PLACEMENT_3D('',#5882,#5883,#5884);
#5882 = CARTESIAN_POINT('',(-1.888,54.85,6.9));
#5883 = DIRECTION('',(0.,1.,-2.2E-16));
#5884 = DIRECTION('',(1.,0.,0.));
#5885 = ORIENTED_EDGE('',*,*,#5886,.T.);
#5886 = EDGE_CURVE('',#5878,#5887,#5889,.T.);
#5887 = VERTEX_POINT('',#5888);
#5888 = CARTESIAN_POINT('',(-1.689619938905,54.85,1.903937014873));
#5889 = CIRCLE('',#5890,5.);
#5890 = AXIS2_PLACEMENT_3D('',#5891,#5892,#5893);
#5891 = CARTESIAN_POINT('',(-1.888,54.85,6.9));
#5892 = DIRECTION('',(0.,1.,-2.2E-16));
#5893 = DIRECTION('',(1.,0.,0.));
#5894 = ORIENTED_EDGE('',*,*,#5895,.T.);
#5895 = EDGE_CURVE('',#5887,#5896,#5898,.T.);
#5896 = VERTEX_POINT('',#5897);
#5897 = CARTESIAN_POINT('',(-1.689619938905,54.85,1.89));
#5898 = LINE('',#5899,#5900);
#5899 = CARTESIAN_POINT('',(-1.689619938905,54.85,4.9));
#5900 = VECTOR('',#5901,1.);
#5901 = DIRECTION('',(-0.,-0.,-1.));
#5902 = ORIENTED_EDGE('',*,*,#5903,.T.);
#5903 = EDGE_CURVE('',#5896,#5904,#5906,.T.);
#5904 = VERTEX_POINT('',#5905);
#5905 = CARTESIAN_POINT('',(5.91,54.85,1.89));
#5906 = LINE('',#5907,#5908);
#5907 = CARTESIAN_POINT('',(5.210380061095,54.85,1.89));
#5908 = VECTOR('',#5909,1.);
#5909 = DIRECTION('',(1.,0.,0.));
#5910 = ORIENTED_EDGE('',*,*,#5911,.F.);
#5911 = EDGE_CURVE('',#1572,#5904,#5912,.T.);
#5912 = LINE('',#5913,#5914);
#5913 = CARTESIAN_POINT('',(5.91,54.85,4.9));
#5914 = VECTOR('',#5915,1.);
#5915 = DIRECTION('',(-0.,-0.,-1.));
#5916 = ORIENTED_EDGE('',*,*,#1571,.F.);
#5917 = ORIENTED_EDGE('',*,*,#5804,.T.);
#5918 = PLANE('',#5919);
#5919 = AXIS2_PLACEMENT_3D('',#5920,#5921,#5922);
#5920 = CARTESIAN_POINT('',(2.882257438567,54.85,3.29772907883));
#5921 = DIRECTION('',(-2.3E-16,-1.,1.02E-15));
#5922 = DIRECTION('',(0.,-1.02E-15,-1.));
#5923 = ADVANCED_FACE('',(#5924),#6045,.T.);
#5924 = FACE_BOUND('',#5925,.T.);
#5925 = EDGE_LOOP('',(#5926,#5937,#5943,#5944,#5945,#5953,#5961,#5969,
    #5988,#5996,#6004,#6012,#6020,#6029,#6038));
#5926 = ORIENTED_EDGE('',*,*,#5927,.F.);
#5927 = EDGE_CURVE('',#5928,#5930,#5932,.T.);
#5928 = VERTEX_POINT('',#5929);
#5929 = CARTESIAN_POINT('',(4.108665740226,95.15,5.7));
#5930 = VERTEX_POINT('',#5931);
#5931 = CARTESIAN_POINT('',(3.109221450188,95.149999999982,
    6.733333333333));
#5932 = CIRCLE('',#5933,1.);
#5933 = AXIS2_PLACEMENT_3D('',#5934,#5935,#5936);
#5934 = CARTESIAN_POINT('',(4.108665740226,95.149999999968,6.7));
#5935 = DIRECTION('',(0.,1.,-2.2E-16));
#5936 = DIRECTION('',(0.,-2.2E-16,-1.));
#5937 = ORIENTED_EDGE('',*,*,#5938,.T.);
#5938 = EDGE_CURVE('',#5928,#5829,#5939,.T.);
#5939 = LINE('',#5940,#5941);
#5940 = CARTESIAN_POINT('',(0.91,95.15,5.7));
#5941 = VECTOR('',#5942,1.);
#5942 = DIRECTION('',(1.,0.,0.));
#5943 = ORIENTED_EDGE('',*,*,#5828,.F.);
#5944 = ORIENTED_EDGE('',*,*,#1603,.T.);
#5945 = ORIENTED_EDGE('',*,*,#5946,.T.);
#5946 = EDGE_CURVE('',#1596,#5947,#5949,.T.);
#5947 = VERTEX_POINT('',#5948);
#5948 = CARTESIAN_POINT('',(5.51,95.15,4.900000130718));
#5949 = LINE('',#5950,#5951);
#5950 = CARTESIAN_POINT('',(5.91,95.15,5.3));
#5951 = VECTOR('',#5952,1.);
#5952 = DIRECTION('',(-0.707106896726,0.,-0.707106665647));
#5953 = ORIENTED_EDGE('',*,*,#5954,.T.);
#5954 = EDGE_CURVE('',#5947,#5955,#5957,.T.);
#5955 = VERTEX_POINT('',#5956);
#5956 = CARTESIAN_POINT('',(5.51,95.15,3.8));
#5957 = LINE('',#5958,#5959);
#5958 = CARTESIAN_POINT('',(5.51,95.15,4.900000130718));
#5959 = VECTOR('',#5960,1.);
#5960 = DIRECTION('',(0.,0.,-1.));
#5961 = ORIENTED_EDGE('',*,*,#5962,.T.);
#5962 = EDGE_CURVE('',#5955,#5963,#5965,.T.);
#5963 = VERTEX_POINT('',#5964);
#5964 = CARTESIAN_POINT('',(10.517,95.1499999998,3.8));
#5965 = LINE('',#5966,#5967);
#5966 = CARTESIAN_POINT('',(11.824684582968,95.1499999998,3.8));
#5967 = VECTOR('',#5968,1.);
#5968 = DIRECTION('',(1.,0.,0.));
#5969 = ORIENTED_EDGE('',*,*,#5970,.F.);
#5970 = EDGE_CURVE('',#5971,#5963,#5973,.T.);
#5971 = VERTEX_POINT('',#5972);
#5972 = CARTESIAN_POINT('',(8.517,95.1499999998,1.8));
#5973 = B_SPLINE_CURVE_WITH_KNOTS('',4,(#5974,#5975,#5976,#5977,#5978,
    #5979,#5980,#5981,#5982,#5983,#5984,#5985,#5986,#5987),
  .UNSPECIFIED.,.F.,.F.,(5,3,3,3,5),(0.,0.251836029529,0.500958850322,
    0.750332309636,1.),.UNSPECIFIED.);
#5974 = CARTESIAN_POINT('',(8.517,95.149999999874,1.8));
#5975 = CARTESIAN_POINT('',(8.713184310187,95.149999999872,
    1.996184310187));
#5976 = CARTESIAN_POINT('',(8.909309010321,95.149999999871,
    2.192309010321));
#5977 = CARTESIAN_POINT('',(9.10537250043,95.149999999869,2.38837250043)
  );
#5978 = CARTESIAN_POINT('',(9.495262032105,95.149999999866,
    2.778262032105));
#5979 = CARTESIAN_POINT('',(9.689089419972,95.149999999865,
    2.972089419972));
#5980 = CARTESIAN_POINT('',(9.882853617816,95.149999999863,
    3.165853617816));
#5981 = CARTESIAN_POINT('',(10.270447027858,95.14999999986,
    3.553447027858));
#5982 = CARTESIAN_POINT('',(10.464276109011,95.149999999858,
    3.747276109011));
#5983 = CARTESIAN_POINT('',(10.658038380521,95.149999999857,
    3.941038380521));
#5984 = CARTESIAN_POINT('',(11.045654125739,95.149999999854,
    4.328654125739));
#5985 = CARTESIAN_POINT('',(11.239507436964,95.149999999852,
    4.522507436964));
#5986 = CARTESIAN_POINT('',(11.433290055578,95.149999999851,
    4.716290055578));
#5987 = CARTESIAN_POINT('',(11.627,95.149999999849,4.91));
#5988 = ORIENTED_EDGE('',*,*,#5989,.F.);
#5989 = EDGE_CURVE('',#5990,#5971,#5992,.T.);
#5990 = VERTEX_POINT('',#5991);
#5991 = CARTESIAN_POINT('',(8.21,95.1499999998,1.8));
#5992 = LINE('',#5993,#5994);
#5993 = CARTESIAN_POINT('',(32.785144639416,95.1499999998,1.8));
#5994 = VECTOR('',#5995,1.);
#5995 = DIRECTION('',(1.,0.,0.));
#5996 = ORIENTED_EDGE('',*,*,#5997,.F.);
#5997 = EDGE_CURVE('',#5998,#5990,#6000,.T.);
#5998 = VERTEX_POINT('',#5999);
#5999 = CARTESIAN_POINT('',(8.21,95.1499999998,1.89));
#6000 = LINE('',#6001,#6002);
#6001 = CARTESIAN_POINT('',(8.21,95.1499999998,1.89));
#6002 = VECTOR('',#6003,1.);
#6003 = DIRECTION('',(-0.,-0.,-1.));
#6004 = ORIENTED_EDGE('',*,*,#6005,.F.);
#6005 = EDGE_CURVE('',#6006,#5998,#6008,.T.);
#6006 = VERTEX_POINT('',#6007);
#6007 = CARTESIAN_POINT('',(-1.888724675736,95.15,1.89));
#6008 = LINE('',#6009,#6010);
#6009 = CARTESIAN_POINT('',(-1.888724675736,95.15,1.89));
#6010 = VECTOR('',#6011,1.);
#6011 = DIRECTION('',(1.,0.,0.));
#6012 = ORIENTED_EDGE('',*,*,#6013,.F.);
#6013 = EDGE_CURVE('',#6014,#6006,#6016,.T.);
#6014 = VERTEX_POINT('',#6015);
#6015 = CARTESIAN_POINT('',(-1.888724675736,95.15,1.900000052515));
#6016 = LINE('',#6017,#6018);
#6017 = CARTESIAN_POINT('',(-1.888724675736,95.15,4.9));
#6018 = VECTOR('',#6019,1.);
#6019 = DIRECTION('',(-0.,-0.,-1.));
#6020 = ORIENTED_EDGE('',*,*,#6021,.T.);
#6021 = EDGE_CURVE('',#6014,#6022,#6024,.T.);
#6022 = VERTEX_POINT('',#6023);
#6023 = CARTESIAN_POINT('',(2.694575694956,95.15,4.9));
#6024 = CIRCLE('',#6025,5.);
#6025 = AXIS2_PLACEMENT_3D('',#6026,#6027,#6028);
#6026 = CARTESIAN_POINT('',(-1.888,95.15,6.9));
#6027 = DIRECTION('',(0.,-1.,2.2E-16));
#6028 = DIRECTION('',(1.,0.,0.));
#6029 = ORIENTED_EDGE('',*,*,#6030,.T.);
#6030 = EDGE_CURVE('',#6022,#6031,#6033,.T.);
#6031 = VERTEX_POINT('',#6032);
#6032 = CARTESIAN_POINT('',(2.965864439805,95.15,5.7));
#6033 = CIRCLE('',#6034,5.);
#6034 = AXIS2_PLACEMENT_3D('',#6035,#6036,#6037);
#6035 = CARTESIAN_POINT('',(-1.888,95.15,6.9));
#6036 = DIRECTION('',(0.,-1.,2.2E-16));
#6037 = DIRECTION('',(1.,0.,0.));
#6038 = ORIENTED_EDGE('',*,*,#6039,.T.);
#6039 = EDGE_CURVE('',#6031,#5930,#6040,.T.);
#6040 = CIRCLE('',#6041,5.);
#6041 = AXIS2_PLACEMENT_3D('',#6042,#6043,#6044);
#6042 = CARTESIAN_POINT('',(-1.888,95.150000000055,6.9));
#6043 = DIRECTION('',(0.,-1.,2.2E-16));
#6044 = DIRECTION('',(0.,-2.2E-16,-1.));
#6045 = PLANE('',#6046);
#6046 = AXIS2_PLACEMENT_3D('',#6047,#6048,#6049);
#6047 = CARTESIAN_POINT('',(6.256299636341,95.149999999915,
    3.161323722075));
#6048 = DIRECTION('',(1.432906E-11,1.,-6.28824E-12));
#6049 = DIRECTION('',(1.,-1.432906E-11,0.));
#6050 = ADVANCED_FACE('',(#6051),#6101,.T.);
#6051 = FACE_BOUND('',#6052,.T.);
#6052 = EDGE_LOOP('',(#6053,#6063,#6069,#6070,#6078,#6087,#6095));
#6053 = ORIENTED_EDGE('',*,*,#6054,.T.);
#6054 = EDGE_CURVE('',#6055,#6057,#6059,.T.);
#6055 = VERTEX_POINT('',#6056);
#6056 = CARTESIAN_POINT('',(8.227,62.8,4.9));
#6057 = VERTEX_POINT('',#6058);
#6058 = CARTESIAN_POINT('',(8.227,67.313042,4.9));
#6059 = LINE('',#6060,#6061);
#6060 = CARTESIAN_POINT('',(8.227,68.9,4.9));
#6061 = VECTOR('',#6062,1.);
#6062 = DIRECTION('',(0.,1.,0.));
#6063 = ORIENTED_EDGE('',*,*,#6064,.T.);
#6064 = EDGE_CURVE('',#6057,#1580,#6065,.T.);
#6065 = LINE('',#6066,#6067);
#6066 = CARTESIAN_POINT('',(10.797688,67.313042,4.9));
#6067 = VECTOR('',#6068,1.);
#6068 = DIRECTION('',(-1.,0.,0.));
#6069 = ORIENTED_EDGE('',*,*,#1579,.T.);
#6070 = ORIENTED_EDGE('',*,*,#6071,.T.);
#6071 = EDGE_CURVE('',#1572,#6072,#6074,.T.);
#6072 = VERTEX_POINT('',#6073);
#6073 = CARTESIAN_POINT('',(10.568787172041,60.492063711221,4.9));
#6074 = LINE('',#6075,#6076);
#6075 = CARTESIAN_POINT('',(5.91,54.85,4.9));
#6076 = VECTOR('',#6077,1.);
#6077 = DIRECTION('',(0.636715059408,0.771099172041,0.));
#6078 = ORIENTED_EDGE('',*,*,#6079,.T.);
#6079 = EDGE_CURVE('',#6072,#6080,#6082,.T.);
#6080 = VERTEX_POINT('',#6081);
#6081 = CARTESIAN_POINT('',(10.797688,61.12877877063,4.9));
#6082 = CIRCLE('',#6083,1.);
#6083 = AXIS2_PLACEMENT_3D('',#6084,#6085,#6086);
#6084 = CARTESIAN_POINT('',(9.797688,61.12877877063,4.9));
#6085 = DIRECTION('',(0.,-0.,1.));
#6086 = DIRECTION('',(0.,1.,0.));
#6087 = ORIENTED_EDGE('',*,*,#6088,.T.);
#6088 = EDGE_CURVE('',#6080,#6089,#6091,.T.);
#6089 = VERTEX_POINT('',#6090);
#6090 = CARTESIAN_POINT('',(10.797688,65.370688,4.9));
#6091 = LINE('',#6092,#6093);
#6092 = CARTESIAN_POINT('',(10.797688,60.769276,4.9));
#6093 = VECTOR('',#6094,1.);
#6094 = DIRECTION('',(0.,1.,0.));
#6095 = ORIENTED_EDGE('',*,*,#6096,.T.);
#6096 = EDGE_CURVE('',#6089,#6055,#6097,.T.);
#6097 = LINE('',#6098,#6099);
#6098 = CARTESIAN_POINT('',(24.861125,79.434125,4.9));
#6099 = VECTOR('',#6100,1.);
#6100 = DIRECTION('',(-0.707106781187,-0.707106781187,0.));
#6101 = PLANE('',#6102);
#6102 = AXIS2_PLACEMENT_3D('',#6103,#6104,#6105);
#6103 = CARTESIAN_POINT('',(55.7635,75.,4.9));
#6104 = DIRECTION('',(0.,0.,1.));
#6105 = DIRECTION('',(1.,0.,0.));
#6106 = ADVANCED_FACE('',(#6107),#6125,.T.);
#6107 = FACE_BOUND('',#6108,.T.);
#6108 = EDGE_LOOP('',(#6109,#6110,#6111,#6119));
#6109 = ORIENTED_EDGE('',*,*,#5946,.F.);
#6110 = ORIENTED_EDGE('',*,*,#1595,.T.);
#6111 = ORIENTED_EDGE('',*,*,#6112,.F.);
#6112 = EDGE_CURVE('',#6113,#1588,#6115,.T.);
#6113 = VERTEX_POINT('',#6114);
#6114 = CARTESIAN_POINT('',(5.51,67.313042,4.900000130718));
#6115 = LINE('',#6116,#6117);
#6116 = CARTESIAN_POINT('',(7.031922399318,67.313042,6.421922032679));
#6117 = VECTOR('',#6118,1.);
#6118 = DIRECTION('',(0.707106896726,0.,0.707106665647));
#6119 = ORIENTED_EDGE('',*,*,#6120,.F.);
#6120 = EDGE_CURVE('',#5947,#6113,#6121,.T.);
#6121 = LINE('',#6122,#6123);
#6122 = CARTESIAN_POINT('',(5.51,95.15,4.900000130718));
#6123 = VECTOR('',#6124,1.);
#6124 = DIRECTION('',(0.,-1.,2.2E-16));
#6125 = PLANE('',#6126);
#6126 = AXIS2_PLACEMENT_3D('',#6127,#6128,#6129);
#6127 = CARTESIAN_POINT('',(5.91,95.15,5.3));
#6128 = DIRECTION('',(0.707106665647,-1.6E-16,-0.707106896726));
#6129 = DIRECTION('',(-0.707106896726,-1.6E-16,-0.707106665647));
#6130 = ADVANCED_FACE('',(#6131),#6158,.T.);
#6131 = FACE_BOUND('',#6132,.T.);
#6132 = EDGE_LOOP('',(#6133,#6143,#6149,#6150,#6151,#6152));
#6133 = ORIENTED_EDGE('',*,*,#6134,.F.);
#6134 = EDGE_CURVE('',#6135,#6137,#6139,.T.);
#6135 = VERTEX_POINT('',#6136);
#6136 = CARTESIAN_POINT('',(5.51,67.313042,3.8));
#6137 = VERTEX_POINT('',#6138);
#6138 = CARTESIAN_POINT('',(8.227,67.313042,3.8));
#6139 = LINE('',#6140,#6141);
#6140 = CARTESIAN_POINT('',(5.51,67.313042,3.8));
#6141 = VECTOR('',#6142,1.);
#6142 = DIRECTION('',(1.,0.,0.));
#6143 = ORIENTED_EDGE('',*,*,#6144,.T.);
#6144 = EDGE_CURVE('',#6135,#6113,#6145,.T.);
#6145 = LINE('',#6146,#6147);
#6146 = CARTESIAN_POINT('',(5.51,67.313042,4.900000065359));
#6147 = VECTOR('',#6148,1.);
#6148 = DIRECTION('',(0.,0.,1.));
#6149 = ORIENTED_EDGE('',*,*,#6112,.T.);
#6150 = ORIENTED_EDGE('',*,*,#1587,.T.);
#6151 = ORIENTED_EDGE('',*,*,#6064,.F.);
#6152 = ORIENTED_EDGE('',*,*,#6153,.T.);
#6153 = EDGE_CURVE('',#6057,#6137,#6154,.T.);
#6154 = LINE('',#6155,#6156);
#6155 = CARTESIAN_POINT('',(8.227,67.313042,4.371788237002));
#6156 = VECTOR('',#6157,1.);
#6157 = DIRECTION('',(0.,0.,-1.));
#6158 = PLANE('',#6159);
#6159 = AXIS2_PLACEMENT_3D('',#6160,#6161,#6162);
#6160 = CARTESIAN_POINT('',(7.744296943769,67.313042,3.833576474003));
#6161 = DIRECTION('',(0.,1.,0.));
#6162 = DIRECTION('',(0.,0.,1.));
#6163 = ADVANCED_FACE('',(#6164),#6170,.F.);
#6164 = FACE_BOUND('',#6165,.T.);
#6165 = EDGE_LOOP('',(#6166,#6167,#6168,#6169));
#6166 = ORIENTED_EDGE('',*,*,#1757,.T.);
#6167 = ORIENTED_EDGE('',*,*,#3512,.F.);
#6168 = ORIENTED_EDGE('',*,*,#3530,.F.);
#6169 = ORIENTED_EDGE('',*,*,#1699,.F.);
#6170 = PLANE('',#6171);
#6171 = AXIS2_PLACEMENT_3D('',#6172,#6173,#6174);
#6172 = CARTESIAN_POINT('',(-6.413483399594,10.45,2.374516600406));
#6173 = DIRECTION('',(0.5,-0.707106781187,0.5));
#6174 = DIRECTION('',(-0.707106781187,-5.551115123126E-17,0.707106781187
    ));
#6175 = ADVANCED_FACE('',(#6176),#6182,.F.);
#6176 = FACE_BOUND('',#6177,.T.);
#6177 = EDGE_LOOP('',(#6178,#6179,#6180,#6181));
#6178 = ORIENTED_EDGE('',*,*,#3485,.F.);
#6179 = ORIENTED_EDGE('',*,*,#1774,.T.);
#6180 = ORIENTED_EDGE('',*,*,#1910,.T.);
#6181 = ORIENTED_EDGE('',*,*,#1988,.F.);
#6182 = CONICAL_SURFACE('',#6183,7.1,0.785398163397);
#6183 = AXIS2_PLACEMENT_3D('',#6184,#6185,#6186);
#6184 = CARTESIAN_POINT('',(-1.888915678624,11.65,6.9));
#6185 = DIRECTION('',(0.,1.,0.));
#6186 = DIRECTION('',(0.707106665647,0.,-0.707106896726));
#6187 = ADVANCED_FACE('',(#6188),#6207,.F.);
#6188 = FACE_BOUND('',#6189,.T.);
#6189 = EDGE_LOOP('',(#6190,#6198,#6205,#6206));
#6190 = ORIENTED_EDGE('',*,*,#6191,.T.);
#6191 = EDGE_CURVE('',#1784,#6192,#6194,.T.);
#6192 = VERTEX_POINT('',#6193);
#6193 = CARTESIAN_POINT('',(-4.631029250663,10.9,7.551179663189));
#6194 = LINE('',#6195,#6196);
#6195 = CARTESIAN_POINT('',(-4.631029250663,10.95,7.551179663189));
#6196 = VECTOR('',#6197,1.);
#6197 = DIRECTION('',(0.,-1.,2.2E-16));
#6198 = ORIENTED_EDGE('',*,*,#6199,.T.);
#6199 = EDGE_CURVE('',#6192,#6192,#6200,.T.);
#6200 = CIRCLE('',#6201,0.95);
#6201 = AXIS2_PLACEMENT_3D('',#6202,#6203,#6204);
#6202 = CARTESIAN_POINT('',(-5.581029250663,10.9,7.551179663189));
#6203 = DIRECTION('',(0.,-1.,4.4E-16));
#6204 = DIRECTION('',(1.,4.092E-31,9.3E-16));
#6205 = ORIENTED_EDGE('',*,*,#6191,.F.);
#6206 = ORIENTED_EDGE('',*,*,#1783,.F.);
#6207 = CYLINDRICAL_SURFACE('',#6208,0.95);
#6208 = AXIS2_PLACEMENT_3D('',#6209,#6210,#6211);
#6209 = CARTESIAN_POINT('',(-5.581029250663,10.95,7.551179663189));
#6210 = DIRECTION('',(0.,1.,-2.2E-16));
#6211 = DIRECTION('',(1.,0.,0.));
#6212 = ADVANCED_FACE('',(#6213),#6232,.F.);
#6213 = FACE_BOUND('',#6214,.T.);
#6214 = EDGE_LOOP('',(#6215,#6223,#6230,#6231));
#6215 = ORIENTED_EDGE('',*,*,#6216,.T.);
#6216 = EDGE_CURVE('',#1795,#6217,#6219,.T.);
#6217 = VERTEX_POINT('',#6218);
#6218 = CARTESIAN_POINT('',(-3.810667316398,10.9,9.310452756081));
#6219 = LINE('',#6220,#6221);
#6220 = CARTESIAN_POINT('',(-3.810667316398,10.95,9.310452756081));
#6221 = VECTOR('',#6222,1.);
#6222 = DIRECTION('',(0.,-1.,2.2E-16));
#6223 = ORIENTED_EDGE('',*,*,#6224,.T.);
#6224 = EDGE_CURVE('',#6217,#6217,#6225,.T.);
#6225 = CIRCLE('',#6226,0.95);
#6226 = AXIS2_PLACEMENT_3D('',#6227,#6228,#6229);
#6227 = CARTESIAN_POINT('',(-4.760667316398,10.9,9.310452756081));
#6228 = DIRECTION('',(0.,-1.,4.4E-16));
#6229 = DIRECTION('',(1.,-8.228E-31,-1.87E-15));
#6230 = ORIENTED_EDGE('',*,*,#6216,.F.);
#6231 = ORIENTED_EDGE('',*,*,#1794,.F.);
#6232 = CYLINDRICAL_SURFACE('',#6233,0.95);
#6233 = AXIS2_PLACEMENT_3D('',#6234,#6235,#6236);
#6234 = CARTESIAN_POINT('',(-4.760667316398,10.95,9.310452756081));
#6235 = DIRECTION('',(0.,1.,-2.2E-16));
#6236 = DIRECTION('',(1.,0.,0.));
#6237 = ADVANCED_FACE('',(#6238),#6257,.F.);
#6238 = FACE_BOUND('',#6239,.T.);
#6239 = EDGE_LOOP('',(#6240,#6248,#6255,#6256));
#6240 = ORIENTED_EDGE('',*,*,#6241,.T.);
#6241 = EDGE_CURVE('',#1806,#6242,#6244,.T.);
#6242 = VERTEX_POINT('',#6243);
#6243 = CARTESIAN_POINT('',(2.585846979587,10.9,8.182576494584));
#6244 = LINE('',#6245,#6246);
#6245 = CARTESIAN_POINT('',(2.585846979587,10.95,8.182576494584));
#6246 = VECTOR('',#6247,1.);
#6247 = DIRECTION('',(0.,-1.,2.2E-16));
#6248 = ORIENTED_EDGE('',*,*,#6249,.T.);
#6249 = EDGE_CURVE('',#6242,#6242,#6250,.T.);
#6250 = CIRCLE('',#6251,0.95);
#6251 = AXIS2_PLACEMENT_3D('',#6252,#6253,#6254);
#6252 = CARTESIAN_POINT('',(1.635846979587,10.9,8.182576494584));
#6253 = DIRECTION('',(0.,-1.,4.4E-16));
#6254 = DIRECTION('',(1.,-8.228E-31,-1.87E-15));
#6255 = ORIENTED_EDGE('',*,*,#6241,.F.);
#6256 = ORIENTED_EDGE('',*,*,#1805,.F.);
#6257 = CYLINDRICAL_SURFACE('',#6258,0.95);
#6258 = AXIS2_PLACEMENT_3D('',#6259,#6260,#6261);
#6259 = CARTESIAN_POINT('',(1.635846979587,10.95,8.182576494584));
#6260 = DIRECTION('',(0.,1.,-2.2E-16));
#6261 = DIRECTION('',(1.,0.,0.));
#6262 = ADVANCED_FACE('',(#6263),#6282,.F.);
#6263 = FACE_BOUND('',#6264,.T.);
#6264 = EDGE_LOOP('',(#6265,#6273,#6280,#6281));
#6265 = ORIENTED_EDGE('',*,*,#6266,.T.);
#6266 = EDGE_CURVE('',#1817,#6267,#6269,.T.);
#6267 = VERTEX_POINT('',#6268);
#6268 = CARTESIAN_POINT('',(-0.286820336811,10.9,10.593029250663));
#6269 = LINE('',#6270,#6271);
#6270 = CARTESIAN_POINT('',(-0.286820336811,10.95,10.593029250663));
#6271 = VECTOR('',#6272,1.);
#6272 = DIRECTION('',(0.,-1.,2.2E-16));
#6273 = ORIENTED_EDGE('',*,*,#6274,.T.);
#6274 = EDGE_CURVE('',#6267,#6267,#6275,.T.);
#6275 = CIRCLE('',#6276,0.95);
#6276 = AXIS2_PLACEMENT_3D('',#6277,#6278,#6279);
#6277 = CARTESIAN_POINT('',(-1.236820336811,10.9,10.593029250663));
#6278 = DIRECTION('',(0.,-1.,4.4E-16));
#6279 = DIRECTION('',(1.,-8.228E-31,-1.87E-15));
#6280 = ORIENTED_EDGE('',*,*,#6266,.F.);
#6281 = ORIENTED_EDGE('',*,*,#1816,.F.);
#6282 = CYLINDRICAL_SURFACE('',#6283,0.95);
#6283 = AXIS2_PLACEMENT_3D('',#6284,#6285,#6286);
#6284 = CARTESIAN_POINT('',(-1.236820336811,10.95,10.593029250663));
#6285 = DIRECTION('',(0.,1.,-2.2E-16));
#6286 = DIRECTION('',(1.,0.,0.));
#6287 = ADVANCED_FACE('',(#6288),#6307,.F.);
#6288 = FACE_BOUND('',#6289,.T.);
#6289 = EDGE_LOOP('',(#6290,#6298,#6305,#6306));
#6290 = ORIENTED_EDGE('',*,*,#6291,.T.);
#6291 = EDGE_CURVE('',#1828,#6292,#6294,.T.);
#6292 = VERTEX_POINT('',#6293);
#6293 = CARTESIAN_POINT('',(1.47245275608,10.9,9.772667316399));
#6294 = LINE('',#6295,#6296);
#6295 = CARTESIAN_POINT('',(1.47245275608,10.95,9.772667316399));
#6296 = VECTOR('',#6297,1.);
#6297 = DIRECTION('',(0.,-1.,2.2E-16));
#6298 = ORIENTED_EDGE('',*,*,#6299,.T.);
#6299 = EDGE_CURVE('',#6292,#6292,#6300,.T.);
#6300 = CIRCLE('',#6301,0.95);
#6301 = AXIS2_PLACEMENT_3D('',#6302,#6303,#6304);
#6302 = CARTESIAN_POINT('',(0.52245275608,10.9,9.772667316399));
#6303 = DIRECTION('',(0.,-1.,4.4E-16));
#6304 = DIRECTION('',(1.,-8.228E-31,-1.87E-15));
#6305 = ORIENTED_EDGE('',*,*,#6291,.F.);
#6306 = ORIENTED_EDGE('',*,*,#1827,.F.);
#6307 = CYLINDRICAL_SURFACE('',#6308,0.95);
#6308 = AXIS2_PLACEMENT_3D('',#6309,#6310,#6311);
#6309 = CARTESIAN_POINT('',(0.52245275608,10.95,9.772667316399));
#6310 = DIRECTION('',(0.,1.,-2.2E-16));
#6311 = DIRECTION('',(1.,0.,0.));
#6312 = ADVANCED_FACE('',(#6313),#6332,.F.);
#6313 = FACE_BOUND('',#6314,.T.);
#6314 = EDGE_LOOP('',(#6315,#6323,#6330,#6331));
#6315 = ORIENTED_EDGE('',*,*,#6316,.T.);
#6316 = EDGE_CURVE('',#1839,#6317,#6319,.T.);
#6317 = VERTEX_POINT('',#6318);
#6318 = CARTESIAN_POINT('',(-2.220576494582,10.9,10.423846979587));
#6319 = LINE('',#6320,#6321);
#6320 = CARTESIAN_POINT('',(-2.220576494582,10.95,10.423846979587));
#6321 = VECTOR('',#6322,1.);
#6322 = DIRECTION('',(0.,-1.,2.2E-16));
#6323 = ORIENTED_EDGE('',*,*,#6324,.T.);
#6324 = EDGE_CURVE('',#6317,#6317,#6325,.T.);
#6325 = CIRCLE('',#6326,0.95);
#6326 = AXIS2_PLACEMENT_3D('',#6327,#6328,#6329);
#6327 = CARTESIAN_POINT('',(-3.170576494582,10.9,10.423846979587));
#6328 = DIRECTION('',(0.,-1.,4.4E-16));
#6329 = DIRECTION('',(1.,-8.228E-31,-1.87E-15));
#6330 = ORIENTED_EDGE('',*,*,#6316,.F.);
#6331 = ORIENTED_EDGE('',*,*,#1838,.F.);
#6332 = CYLINDRICAL_SURFACE('',#6333,0.95);
#6333 = AXIS2_PLACEMENT_3D('',#6334,#6335,#6336);
#6334 = CARTESIAN_POINT('',(-3.170576494582,10.95,10.423846979587));
#6335 = DIRECTION('',(0.,1.,-2.2E-16));
#6336 = DIRECTION('',(1.,0.,0.));
#6337 = ADVANCED_FACE('',(#6338),#6357,.F.);
#6338 = FACE_BOUND('',#6339,.F.);
#6339 = EDGE_LOOP('',(#6340,#6348,#6355,#6356));
#6340 = ORIENTED_EDGE('',*,*,#6341,.T.);
#6341 = EDGE_CURVE('',#1850,#6342,#6344,.T.);
#6342 = VERTEX_POINT('',#6343);
#6343 = CARTESIAN_POINT('',(-3.188,2.15,6.9));
#6344 = LINE('',#6345,#6346);
#6345 = CARTESIAN_POINT('',(-3.188,10.95,6.9));
#6346 = VECTOR('',#6347,1.);
#6347 = DIRECTION('',(0.,-1.,2.2E-16));
#6348 = ORIENTED_EDGE('',*,*,#6349,.T.);
#6349 = EDGE_CURVE('',#6342,#6342,#6350,.T.);
#6350 = CIRCLE('',#6351,1.3);
#6351 = AXIS2_PLACEMENT_3D('',#6352,#6353,#6354);
#6352 = CARTESIAN_POINT('',(-1.888,2.15,6.9));
#6353 = DIRECTION('',(0.,1.,-0.));
#6354 = DIRECTION('',(-1.,0.,0.));
#6355 = ORIENTED_EDGE('',*,*,#6341,.F.);
#6356 = ORIENTED_EDGE('',*,*,#1849,.F.);
#6357 = CYLINDRICAL_SURFACE('',#6358,1.3);
#6358 = AXIS2_PLACEMENT_3D('',#6359,#6360,#6361);
#6359 = CARTESIAN_POINT('',(-1.888,10.95,6.9));
#6360 = DIRECTION('',(0.,1.,-2.2E-16));
#6361 = DIRECTION('',(-1.,0.,0.));
#6362 = ADVANCED_FACE('',(#6363),#6369,.T.);
#6363 = FACE_BOUND('',#6364,.T.);
#6364 = EDGE_LOOP('',(#6365,#6366,#6367,#6368));
#6365 = ORIENTED_EDGE('',*,*,#4834,.T.);
#6366 = ORIENTED_EDGE('',*,*,#4119,.F.);
#6367 = ORIENTED_EDGE('',*,*,#4151,.F.);
#6368 = ORIENTED_EDGE('',*,*,#1887,.F.);
#6369 = PLANE('',#6370);
#6370 = AXIS2_PLACEMENT_3D('',#6371,#6372,#6373);
#6371 = CARTESIAN_POINT('',(-6.201351365238,149.2,2.586648634762));
#6372 = DIRECTION('',(-0.5,0.707106781187,-0.5));
#6373 = DIRECTION('',(0.707106781187,0.,-0.707106781187));
#6374 = ADVANCED_FACE('',(#6375),#6381,.F.);
#6375 = FACE_BOUND('',#6376,.T.);
#6376 = EDGE_LOOP('',(#6377,#6378,#6379,#6380));
#6377 = ORIENTED_EDGE('',*,*,#4710,.F.);
#6378 = ORIENTED_EDGE('',*,*,#1970,.T.);
#6379 = ORIENTED_EDGE('',*,*,#2028,.T.);
#6380 = ORIENTED_EDGE('',*,*,#2190,.F.);
#6381 = CONICAL_SURFACE('',#6382,7.1,0.785398163397);
#6382 = AXIS2_PLACEMENT_3D('',#6383,#6384,#6385);
#6383 = CARTESIAN_POINT('',(-1.888915678624,21.35,6.9));
#6384 = DIRECTION('',(-0.,-1.,-0.));
#6385 = DIRECTION('',(0.707106665647,0.,-0.707106896726));
#6386 = ADVANCED_FACE('',(#6387),#6393,.F.);
#6387 = FACE_BOUND('',#6388,.F.);
#6388 = EDGE_LOOP('',(#6389,#6390,#6391,#6392));
#6389 = ORIENTED_EDGE('',*,*,#2081,.T.);
#6390 = ORIENTED_EDGE('',*,*,#4166,.F.);
#6391 = ORIENTED_EDGE('',*,*,#4144,.F.);
#6392 = ORIENTED_EDGE('',*,*,#2013,.F.);
#6393 = PLANE('',#6394);
#6394 = AXIS2_PLACEMENT_3D('',#6395,#6396,#6397);
#6395 = CARTESIAN_POINT('',(-6.413483399594,139.55,2.374516600406));
#6396 = DIRECTION('',(0.5,0.707106781187,0.5));
#6397 = DIRECTION('',(0.707106781187,0.,-0.707106781187));
#6398 = ADVANCED_FACE('',(#6399),#6405,.F.);
#6399 = FACE_BOUND('',#6400,.F.);
#6400 = EDGE_LOOP('',(#6401,#6402,#6403,#6404));
#6401 = ORIENTED_EDGE('',*,*,#4189,.F.);
#6402 = ORIENTED_EDGE('',*,*,#2063,.T.);
#6403 = ORIENTED_EDGE('',*,*,#2241,.T.);
#6404 = ORIENTED_EDGE('',*,*,#2301,.F.);
#6405 = CONICAL_SURFACE('',#6406,7.1,0.785398163397);
#6406 = AXIS2_PLACEMENT_3D('',#6407,#6408,#6409);
#6407 = CARTESIAN_POINT('',(-1.888915678624,138.35,6.9));
#6408 = DIRECTION('',(0.,-1.,4.4E-16));
#6409 = DIRECTION('',(0.707106665647,-3.111270345594E-16,-0.707106896726
    ));
#6410 = ADVANCED_FACE('',(#6411),#6430,.F.);
#6411 = FACE_BOUND('',#6412,.F.);
#6412 = EDGE_LOOP('',(#6413,#6421,#6428,#6429));
#6413 = ORIENTED_EDGE('',*,*,#6414,.T.);
#6414 = EDGE_CURVE('',#2098,#6415,#6417,.T.);
#6415 = VERTEX_POINT('',#6416);
#6416 = CARTESIAN_POINT('',(-4.631029250663,139.1,7.551179663189));
#6417 = LINE('',#6418,#6419);
#6418 = CARTESIAN_POINT('',(-4.631029250663,139.05,7.551179663189));
#6419 = VECTOR('',#6420,1.);
#6420 = DIRECTION('',(0.,1.,-2.2E-16));
#6421 = ORIENTED_EDGE('',*,*,#6422,.T.);
#6422 = EDGE_CURVE('',#6415,#6415,#6423,.T.);
#6423 = CIRCLE('',#6424,0.95);
#6424 = AXIS2_PLACEMENT_3D('',#6425,#6426,#6427);
#6425 = CARTESIAN_POINT('',(-5.581029250663,139.1,7.551179663189));
#6426 = DIRECTION('',(0.,-1.,0.));
#6427 = DIRECTION('',(1.,0.,0.));
#6428 = ORIENTED_EDGE('',*,*,#6414,.F.);
#6429 = ORIENTED_EDGE('',*,*,#2097,.F.);
#6430 = CYLINDRICAL_SURFACE('',#6431,0.95);
#6431 = AXIS2_PLACEMENT_3D('',#6432,#6433,#6434);
#6432 = CARTESIAN_POINT('',(-5.581029250663,139.05,7.551179663189));
#6433 = DIRECTION('',(0.,-1.,2.2E-16));
#6434 = DIRECTION('',(1.,0.,0.));
#6435 = ADVANCED_FACE('',(#6436),#6455,.F.);
#6436 = FACE_BOUND('',#6437,.F.);
#6437 = EDGE_LOOP('',(#6438,#6446,#6453,#6454));
#6438 = ORIENTED_EDGE('',*,*,#6439,.T.);
#6439 = EDGE_CURVE('',#2109,#6440,#6442,.T.);
#6440 = VERTEX_POINT('',#6441);
#6441 = CARTESIAN_POINT('',(-3.810667316398,139.1,9.31045275608));
#6442 = LINE('',#6443,#6444);
#6443 = CARTESIAN_POINT('',(-3.810667316398,139.05,9.31045275608));
#6444 = VECTOR('',#6445,1.);
#6445 = DIRECTION('',(0.,1.,-2.2E-16));
#6446 = ORIENTED_EDGE('',*,*,#6447,.T.);
#6447 = EDGE_CURVE('',#6440,#6440,#6448,.T.);
#6448 = CIRCLE('',#6449,0.95);
#6449 = AXIS2_PLACEMENT_3D('',#6450,#6451,#6452);
#6450 = CARTESIAN_POINT('',(-4.760667316398,139.1,9.31045275608));
#6451 = DIRECTION('',(0.,-1.,0.));
#6452 = DIRECTION('',(1.,0.,-1.87E-15));
#6453 = ORIENTED_EDGE('',*,*,#6439,.F.);
#6454 = ORIENTED_EDGE('',*,*,#2108,.F.);
#6455 = CYLINDRICAL_SURFACE('',#6456,0.95);
#6456 = AXIS2_PLACEMENT_3D('',#6457,#6458,#6459);
#6457 = CARTESIAN_POINT('',(-4.760667316398,139.05,9.31045275608));
#6458 = DIRECTION('',(0.,-1.,2.2E-16));
#6459 = DIRECTION('',(1.,0.,0.));
#6460 = ADVANCED_FACE('',(#6461),#6480,.F.);
#6461 = FACE_BOUND('',#6462,.F.);
#6462 = EDGE_LOOP('',(#6463,#6471,#6478,#6479));
#6463 = ORIENTED_EDGE('',*,*,#6464,.T.);
#6464 = EDGE_CURVE('',#2120,#6465,#6467,.T.);
#6465 = VERTEX_POINT('',#6466);
#6466 = CARTESIAN_POINT('',(2.585846979587,139.1,8.182576494584));
#6467 = LINE('',#6468,#6469);
#6468 = CARTESIAN_POINT('',(2.585846979587,139.05,8.182576494584));
#6469 = VECTOR('',#6470,1.);
#6470 = DIRECTION('',(0.,1.,-2.2E-16));
#6471 = ORIENTED_EDGE('',*,*,#6472,.T.);
#6472 = EDGE_CURVE('',#6465,#6465,#6473,.T.);
#6473 = CIRCLE('',#6474,0.95);
#6474 = AXIS2_PLACEMENT_3D('',#6475,#6476,#6477);
#6475 = CARTESIAN_POINT('',(1.635846979587,139.1,8.182576494584));
#6476 = DIRECTION('',(0.,-1.,0.));
#6477 = DIRECTION('',(1.,0.,-1.87E-15));
#6478 = ORIENTED_EDGE('',*,*,#6464,.F.);
#6479 = ORIENTED_EDGE('',*,*,#2119,.F.);
#6480 = CYLINDRICAL_SURFACE('',#6481,0.95);
#6481 = AXIS2_PLACEMENT_3D('',#6482,#6483,#6484);
#6482 = CARTESIAN_POINT('',(1.635846979587,139.05,8.182576494584));
#6483 = DIRECTION('',(0.,-1.,2.2E-16));
#6484 = DIRECTION('',(1.,0.,0.));
#6485 = ADVANCED_FACE('',(#6486),#6505,.F.);
#6486 = FACE_BOUND('',#6487,.F.);
#6487 = EDGE_LOOP('',(#6488,#6496,#6503,#6504));
#6488 = ORIENTED_EDGE('',*,*,#6489,.T.);
#6489 = EDGE_CURVE('',#2131,#6490,#6492,.T.);
#6490 = VERTEX_POINT('',#6491);
#6491 = CARTESIAN_POINT('',(-0.286820336811,139.1,10.593029250663));
#6492 = LINE('',#6493,#6494);
#6493 = CARTESIAN_POINT('',(-0.286820336811,139.05,10.593029250663));
#6494 = VECTOR('',#6495,1.);
#6495 = DIRECTION('',(0.,1.,-2.2E-16));
#6496 = ORIENTED_EDGE('',*,*,#6497,.T.);
#6497 = EDGE_CURVE('',#6490,#6490,#6498,.T.);
#6498 = CIRCLE('',#6499,0.95);
#6499 = AXIS2_PLACEMENT_3D('',#6500,#6501,#6502);
#6500 = CARTESIAN_POINT('',(-1.236820336811,139.1,10.593029250663));
#6501 = DIRECTION('',(0.,-1.,0.));
#6502 = DIRECTION('',(1.,0.,-1.87E-15));
#6503 = ORIENTED_EDGE('',*,*,#6489,.F.);
#6504 = ORIENTED_EDGE('',*,*,#2130,.F.);
#6505 = CYLINDRICAL_SURFACE('',#6506,0.95);
#6506 = AXIS2_PLACEMENT_3D('',#6507,#6508,#6509);
#6507 = CARTESIAN_POINT('',(-1.236820336811,139.05,10.593029250663));
#6508 = DIRECTION('',(0.,-1.,2.2E-16));
#6509 = DIRECTION('',(1.,0.,0.));
#6510 = ADVANCED_FACE('',(#6511),#6530,.F.);
#6511 = FACE_BOUND('',#6512,.F.);
#6512 = EDGE_LOOP('',(#6513,#6521,#6528,#6529));
#6513 = ORIENTED_EDGE('',*,*,#6514,.T.);
#6514 = EDGE_CURVE('',#2142,#6515,#6517,.T.);
#6515 = VERTEX_POINT('',#6516);
#6516 = CARTESIAN_POINT('',(1.47245275608,139.1,9.772667316398));
#6517 = LINE('',#6518,#6519);
#6518 = CARTESIAN_POINT('',(1.47245275608,139.05,9.772667316398));
#6519 = VECTOR('',#6520,1.);
#6520 = DIRECTION('',(0.,1.,-2.2E-16));
#6521 = ORIENTED_EDGE('',*,*,#6522,.T.);
#6522 = EDGE_CURVE('',#6515,#6515,#6523,.T.);
#6523 = CIRCLE('',#6524,0.95);
#6524 = AXIS2_PLACEMENT_3D('',#6525,#6526,#6527);
#6525 = CARTESIAN_POINT('',(0.52245275608,139.1,9.772667316398));
#6526 = DIRECTION('',(0.,-1.,0.));
#6527 = DIRECTION('',(1.,0.,-1.87E-15));
#6528 = ORIENTED_EDGE('',*,*,#6514,.F.);
#6529 = ORIENTED_EDGE('',*,*,#2141,.F.);
#6530 = CYLINDRICAL_SURFACE('',#6531,0.95);
#6531 = AXIS2_PLACEMENT_3D('',#6532,#6533,#6534);
#6532 = CARTESIAN_POINT('',(0.52245275608,139.05,9.772667316398));
#6533 = DIRECTION('',(0.,-1.,2.2E-16));
#6534 = DIRECTION('',(1.,0.,0.));
#6535 = ADVANCED_FACE('',(#6536),#6555,.F.);
#6536 = FACE_BOUND('',#6537,.F.);
#6537 = EDGE_LOOP('',(#6538,#6546,#6553,#6554));
#6538 = ORIENTED_EDGE('',*,*,#6539,.T.);
#6539 = EDGE_CURVE('',#2153,#6540,#6542,.T.);
#6540 = VERTEX_POINT('',#6541);
#6541 = CARTESIAN_POINT('',(-2.220576494582,139.1,10.423846979587));
#6542 = LINE('',#6543,#6544);
#6543 = CARTESIAN_POINT('',(-2.220576494582,139.05,10.423846979587));
#6544 = VECTOR('',#6545,1.);
#6545 = DIRECTION('',(0.,1.,-2.2E-16));
#6546 = ORIENTED_EDGE('',*,*,#6547,.T.);
#6547 = EDGE_CURVE('',#6540,#6540,#6548,.T.);
#6548 = CIRCLE('',#6549,0.95);
#6549 = AXIS2_PLACEMENT_3D('',#6550,#6551,#6552);
#6550 = CARTESIAN_POINT('',(-3.170576494582,139.1,10.423846979587));
#6551 = DIRECTION('',(0.,-1.,0.));
#6552 = DIRECTION('',(1.,0.,-1.87E-15));
#6553 = ORIENTED_EDGE('',*,*,#6539,.F.);
#6554 = ORIENTED_EDGE('',*,*,#2152,.F.);
#6555 = CYLINDRICAL_SURFACE('',#6556,0.95);
#6556 = AXIS2_PLACEMENT_3D('',#6557,#6558,#6559);
#6557 = CARTESIAN_POINT('',(-3.170576494582,139.05,10.423846979587));
#6558 = DIRECTION('',(0.,-1.,2.2E-16));
#6559 = DIRECTION('',(1.,0.,0.));
#6560 = ADVANCED_FACE('',(#6561),#6580,.F.);
#6561 = FACE_BOUND('',#6562,.F.);
#6562 = EDGE_LOOP('',(#6563,#6571,#6578,#6579));
#6563 = ORIENTED_EDGE('',*,*,#6564,.T.);
#6564 = EDGE_CURVE('',#2164,#6565,#6567,.T.);
#6565 = VERTEX_POINT('',#6566);
#6566 = CARTESIAN_POINT('',(-0.588,147.85,6.9));
#6567 = LINE('',#6568,#6569);
#6568 = CARTESIAN_POINT('',(-0.588,139.05,6.9));
#6569 = VECTOR('',#6570,1.);
#6570 = DIRECTION('',(0.,1.,-2.2E-16));
#6571 = ORIENTED_EDGE('',*,*,#6572,.T.);
#6572 = EDGE_CURVE('',#6565,#6565,#6573,.T.);
#6573 = CIRCLE('',#6574,1.3);
#6574 = AXIS2_PLACEMENT_3D('',#6575,#6576,#6577);
#6575 = CARTESIAN_POINT('',(-1.888,147.85,6.9));
#6576 = DIRECTION('',(0.,-1.,0.));
#6577 = DIRECTION('',(1.,0.,0.));
#6578 = ORIENTED_EDGE('',*,*,#6564,.F.);
#6579 = ORIENTED_EDGE('',*,*,#2163,.F.);
#6580 = CYLINDRICAL_SURFACE('',#6581,1.3);
#6581 = AXIS2_PLACEMENT_3D('',#6582,#6583,#6584);
#6582 = CARTESIAN_POINT('',(-1.888,139.05,6.9));
#6583 = DIRECTION('',(0.,-1.,2.2E-16));
#6584 = DIRECTION('',(1.,0.,0.));
#6585 = ADVANCED_FACE('',(#6586),#6592,.F.);
#6586 = FACE_BOUND('',#6587,.F.);
#6587 = EDGE_LOOP('',(#6588,#6589,#6590,#6591));
#6588 = ORIENTED_EDGE('',*,*,#2208,.T.);
#6589 = ORIENTED_EDGE('',*,*,#4686,.F.);
#6590 = ORIENTED_EDGE('',*,*,#4658,.F.);
#6591 = ORIENTED_EDGE('',*,*,#2268,.F.);
#6592 = PLANE('',#6593);
#6593 = AXIS2_PLACEMENT_3D('',#6594,#6595,#6596);
#6594 = CARTESIAN_POINT('',(-6.413483399594,22.55,2.374516600406));
#6595 = DIRECTION('',(0.5,0.707106781187,0.5));
#6596 = DIRECTION('',(0.707106781187,-1.110223024625E-16,-0.707106781187
    ));
#6597 = ADVANCED_FACE('',(#6598),#6609,.F.);
#6598 = FACE_BOUND('',#6599,.F.);
#6599 = EDGE_LOOP('',(#6600,#6606,#6607,#6608));
#6600 = ORIENTED_EDGE('',*,*,#6601,.T.);
#6601 = EDGE_CURVE('',#2225,#2515,#6602,.T.);
#6602 = LINE('',#6603,#6604);
#6603 = CARTESIAN_POINT('',(-0.588,22.05,6.9));
#6604 = VECTOR('',#6605,1.);
#6605 = DIRECTION('',(0.,1.,-2.2E-16));
#6606 = ORIENTED_EDGE('',*,*,#2514,.T.);
#6607 = ORIENTED_EDGE('',*,*,#6601,.F.);
#6608 = ORIENTED_EDGE('',*,*,#2224,.F.);
#6609 = CYLINDRICAL_SURFACE('',#6610,1.3);
#6610 = AXIS2_PLACEMENT_3D('',#6611,#6612,#6613);
#6611 = CARTESIAN_POINT('',(-1.888,22.05,6.9));
#6612 = DIRECTION('',(0.,-1.,2.2E-16));
#6613 = DIRECTION('',(1.,0.,0.));
#6614 = ADVANCED_FACE('',(#6615),#6621,.F.);
#6615 = FACE_BOUND('',#6616,.F.);
#6616 = EDGE_LOOP('',(#6617,#6618,#6619,#6620));
#6617 = ORIENTED_EDGE('',*,*,#4237,.F.);
#6618 = ORIENTED_EDGE('',*,*,#2319,.T.);
#6619 = ORIENTED_EDGE('',*,*,#2359,.T.);
#6620 = ORIENTED_EDGE('',*,*,#2444,.F.);
#6621 = CONICAL_SURFACE('',#6622,7.1,0.785398163397);
#6622 = AXIS2_PLACEMENT_3D('',#6623,#6624,#6625);
#6623 = CARTESIAN_POINT('',(-1.888915678624,128.65,6.9));
#6624 = DIRECTION('',(0.,1.,-4.4E-16));
#6625 = DIRECTION('',(0.707106665647,-3.111270345594E-16,-0.707106896726
    ));
#6626 = ADVANCED_FACE('',(#6627),#6633,.T.);
#6627 = FACE_BOUND('',#6628,.T.);
#6628 = EDGE_LOOP('',(#6629,#6630,#6631,#6632));
#6629 = ORIENTED_EDGE('',*,*,#2488,.T.);
#6630 = ORIENTED_EDGE('',*,*,#4640,.F.);
#6631 = ORIENTED_EDGE('',*,*,#4665,.F.);
#6632 = ORIENTED_EDGE('',*,*,#2394,.F.);
#6633 = PLANE('',#6634);
#6634 = AXIS2_PLACEMENT_3D('',#6635,#6636,#6637);
#6635 = CARTESIAN_POINT('',(-6.413483399594,32.45,2.374516600406));
#6636 = DIRECTION('',(-0.5,0.707106781187,-0.5));
#6637 = DIRECTION('',(0.707106781187,0.,-0.707106781187));
#6638 = ADVANCED_FACE('',(#6639),#6645,.F.);
#6639 = FACE_BOUND('',#6640,.T.);
#6640 = EDGE_LOOP('',(#6641,#6642,#6643,#6644));
#6641 = ORIENTED_EDGE('',*,*,#2427,.T.);
#6642 = ORIENTED_EDGE('',*,*,#4253,.F.);
#6643 = ORIENTED_EDGE('',*,*,#4269,.F.);
#6644 = ORIENTED_EDGE('',*,*,#2533,.F.);
#6645 = PLANE('',#6646);
#6646 = AXIS2_PLACEMENT_3D('',#6647,#6648,#6649);
#6647 = CARTESIAN_POINT('',(-6.413483399594,127.45,2.374516600406));
#6648 = DIRECTION('',(0.5,-0.707106781187,0.5));
#6649 = DIRECTION('',(-0.707106781187,-5.551115123126E-17,0.707106781187
    ));
#6650 = ADVANCED_FACE('',(#6651),#6662,.F.);
#6651 = FACE_BOUND('',#6652,.F.);
#6652 = EDGE_LOOP('',(#6653,#6659,#6660,#6661));
#6653 = ORIENTED_EDGE('',*,*,#6654,.T.);
#6654 = EDGE_CURVE('',#2454,#2744,#6655,.T.);
#6655 = LINE('',#6656,#6657);
#6656 = CARTESIAN_POINT('',(-3.188,127.95,6.9));
#6657 = VECTOR('',#6658,1.);
#6658 = DIRECTION('',(0.,-1.,2.2E-16));
#6659 = ORIENTED_EDGE('',*,*,#2743,.T.);
#6660 = ORIENTED_EDGE('',*,*,#6654,.F.);
#6661 = ORIENTED_EDGE('',*,*,#2453,.F.);
#6662 = CYLINDRICAL_SURFACE('',#6663,1.3);
#6663 = AXIS2_PLACEMENT_3D('',#6664,#6665,#6666);
#6664 = CARTESIAN_POINT('',(-1.888,127.95,6.9));
#6665 = DIRECTION('',(0.,1.,-2.2E-16));
#6666 = DIRECTION('',(-1.,0.,0.));
#6667 = ADVANCED_FACE('',(#6668),#6674,.F.);
#6668 = FACE_BOUND('',#6669,.T.);
#6669 = EDGE_LOOP('',(#6670,#6671,#6672,#6673));
#6670 = ORIENTED_EDGE('',*,*,#4618,.F.);
#6671 = ORIENTED_EDGE('',*,*,#2505,.T.);
#6672 = ORIENTED_EDGE('',*,*,#2556,.T.);
#6673 = ORIENTED_EDGE('',*,*,#2634,.F.);
#6674 = CONICAL_SURFACE('',#6675,7.1,0.785398163397);
#6675 = AXIS2_PLACEMENT_3D('',#6676,#6677,#6678);
#6676 = CARTESIAN_POINT('',(-1.888915678624,33.65,6.9));
#6677 = DIRECTION('',(0.,1.,0.));
#6678 = DIRECTION('',(0.707106665647,0.,-0.707106896726));
#6679 = ADVANCED_FACE('',(#6680),#6686,.F.);
#6680 = FACE_BOUND('',#6681,.T.);
#6681 = EDGE_LOOP('',(#6682,#6683,#6684,#6685));
#6682 = ORIENTED_EDGE('',*,*,#4586,.F.);
#6683 = ORIENTED_EDGE('',*,*,#2616,.T.);
#6684 = ORIENTED_EDGE('',*,*,#2674,.T.);
#6685 = ORIENTED_EDGE('',*,*,#2770,.F.);
#6686 = CONICAL_SURFACE('',#6687,7.1,0.785398163397);
#6687 = AXIS2_PLACEMENT_3D('',#6688,#6689,#6690);
#6688 = CARTESIAN_POINT('',(-1.888915678624,43.35,6.9));
#6689 = DIRECTION('',(-0.,-1.,-0.));
#6690 = DIRECTION('',(0.707106665647,0.,-0.707106896726));
#6691 = ADVANCED_FACE('',(#6692),#6698,.T.);
#6692 = FACE_BOUND('',#6693,.F.);
#6693 = EDGE_LOOP('',(#6694,#6695,#6696,#6697));
#6694 = ORIENTED_EDGE('',*,*,#2727,.T.);
#6695 = ORIENTED_EDGE('',*,*,#4290,.F.);
#6696 = ORIENTED_EDGE('',*,*,#4276,.F.);
#6697 = ORIENTED_EDGE('',*,*,#2659,.F.);
#6698 = PLANE('',#6699);
#6699 = AXIS2_PLACEMENT_3D('',#6700,#6701,#6702);
#6700 = CARTESIAN_POINT('',(-6.413483399594,117.55,2.374516600406));
#6701 = DIRECTION('',(-0.5,-0.707106781187,-0.5));
#6702 = DIRECTION('',(-0.707106781187,5.551115123126E-17,0.707106781187)
  );
#6703 = ADVANCED_FACE('',(#6704),#6710,.F.);
#6704 = FACE_BOUND('',#6705,.F.);
#6705 = EDGE_LOOP('',(#6706,#6707,#6708,#6709));
#6706 = ORIENTED_EDGE('',*,*,#4313,.F.);
#6707 = ORIENTED_EDGE('',*,*,#2709,.T.);
#6708 = ORIENTED_EDGE('',*,*,#2810,.T.);
#6709 = ORIENTED_EDGE('',*,*,#2870,.F.);
#6710 = CONICAL_SURFACE('',#6711,7.1,0.785398163397);
#6711 = AXIS2_PLACEMENT_3D('',#6712,#6713,#6714);
#6712 = CARTESIAN_POINT('',(-1.888915678624,116.35,6.9));
#6713 = DIRECTION('',(0.,-1.,4.4E-16));
#6714 = DIRECTION('',(0.707106665647,-3.111270345594E-16,-0.707106896726
    ));
#6715 = ADVANCED_FACE('',(#6716),#6722,.F.);
#6716 = FACE_BOUND('',#6717,.F.);
#6717 = EDGE_LOOP('',(#6718,#6719,#6720,#6721));
#6718 = ORIENTED_EDGE('',*,*,#2788,.T.);
#6719 = ORIENTED_EDGE('',*,*,#4562,.F.);
#6720 = ORIENTED_EDGE('',*,*,#4534,.F.);
#6721 = ORIENTED_EDGE('',*,*,#2837,.F.);
#6722 = PLANE('',#6723);
#6723 = AXIS2_PLACEMENT_3D('',#6724,#6725,#6726);
#6724 = CARTESIAN_POINT('',(-6.413483399594,44.55,2.374516600406));
#6725 = DIRECTION('',(0.5,0.707106781187,0.5));
#6726 = DIRECTION('',(0.707106781187,5.551115123126E-17,-0.707106781187)
  );
#6727 = ADVANCED_FACE('',(#6728),#6734,.F.);
#6728 = FACE_BOUND('',#6729,.F.);
#6729 = EDGE_LOOP('',(#6730,#6731,#6732,#6733));
#6730 = ORIENTED_EDGE('',*,*,#4361,.F.);
#6731 = ORIENTED_EDGE('',*,*,#2888,.T.);
#6732 = ORIENTED_EDGE('',*,*,#2928,.T.);
#6733 = ORIENTED_EDGE('',*,*,#3013,.F.);
#6734 = CONICAL_SURFACE('',#6735,7.1,0.785398163397);
#6735 = AXIS2_PLACEMENT_3D('',#6736,#6737,#6738);
#6736 = CARTESIAN_POINT('',(-1.888915678624,106.65,6.9));
#6737 = DIRECTION('',(0.,1.,-4.4E-16));
#6738 = DIRECTION('',(0.707106665647,-3.111270345594E-16,-0.707106896726
    ));
#6739 = ADVANCED_FACE('',(#6740),#6746,.T.);
#6740 = FACE_BOUND('',#6741,.T.);
#6741 = EDGE_LOOP('',(#6742,#6743,#6744,#6745));
#6742 = ORIENTED_EDGE('',*,*,#3046,.T.);
#6743 = ORIENTED_EDGE('',*,*,#4516,.F.);
#6744 = ORIENTED_EDGE('',*,*,#4541,.F.);
#6745 = ORIENTED_EDGE('',*,*,#2963,.F.);
#6746 = PLANE('',#6747);
#6747 = AXIS2_PLACEMENT_3D('',#6748,#6749,#6750);
#6748 = CARTESIAN_POINT('',(-6.413483399594,55.85,2.374516600406));
#6749 = DIRECTION('',(-0.5,0.707106781187,-0.5));
#6750 = DIRECTION('',(0.707106781187,5.551115123126E-17,-0.707106781187)
  );
#6751 = ADVANCED_FACE('',(#6752),#6758,.F.);
#6752 = FACE_BOUND('',#6753,.T.);
#6753 = EDGE_LOOP('',(#6754,#6755,#6756,#6757));
#6754 = ORIENTED_EDGE('',*,*,#2996,.T.);
#6755 = ORIENTED_EDGE('',*,*,#4377,.F.);
#6756 = ORIENTED_EDGE('',*,*,#4393,.F.);
#6757 = ORIENTED_EDGE('',*,*,#3107,.F.);
#6758 = PLANE('',#6759);
#6759 = AXIS2_PLACEMENT_3D('',#6760,#6761,#6762);
#6760 = CARTESIAN_POINT('',(-6.413483399594,105.45,2.374516600406));
#6761 = DIRECTION('',(0.5,-0.707106781187,0.5));
#6762 = DIRECTION('',(-0.707106781187,-2.775557561563E-17,0.707106781187
    ));
#6763 = ADVANCED_FACE('',(#6764),#6796,.F.);
#6764 = FACE_BOUND('',#6765,.T.);
#6765 = EDGE_LOOP('',(#6766,#6767,#6773,#6774,#6780,#6781,#6787,#6788,
    #6789,#6790));
#6766 = ORIENTED_EDGE('',*,*,#5671,.T.);
#6767 = ORIENTED_EDGE('',*,*,#6768,.F.);
#6768 = EDGE_CURVE('',#3075,#5664,#6769,.T.);
#6769 = LINE('',#6770,#6771);
#6770 = CARTESIAN_POINT('',(0.612,56.35,11.230127018922));
#6771 = VECTOR('',#6772,1.);
#6772 = DIRECTION('',(0.,-1.,2.2E-16));
#6773 = ORIENTED_EDGE('',*,*,#3072,.F.);
#6774 = ORIENTED_EDGE('',*,*,#6775,.T.);
#6775 = EDGE_CURVE('',#3073,#5647,#6776,.T.);
#6776 = LINE('',#6777,#6778);
#6777 = CARTESIAN_POINT('',(-4.388,56.35,11.230127018922));
#6778 = VECTOR('',#6779,1.);
#6779 = DIRECTION('',(0.,-1.,2.2E-16));
#6780 = ORIENTED_EDGE('',*,*,#5646,.T.);
#6781 = ORIENTED_EDGE('',*,*,#6782,.T.);
#6782 = EDGE_CURVE('',#5639,#5887,#6783,.T.);
#6783 = LINE('',#6784,#6785);
#6784 = CARTESIAN_POINT('',(-1.689619938905,56.35,1.903937014873));
#6785 = VECTOR('',#6786,1.);
#6786 = DIRECTION('',(0.,1.,-2.2E-16));
#6787 = ORIENTED_EDGE('',*,*,#5886,.F.);
#6788 = ORIENTED_EDGE('',*,*,#5877,.F.);
#6789 = ORIENTED_EDGE('',*,*,#5868,.T.);
#6790 = ORIENTED_EDGE('',*,*,#6791,.F.);
#6791 = EDGE_CURVE('',#5571,#5860,#6792,.T.);
#6792 = LINE('',#6793,#6794);
#6793 = CARTESIAN_POINT('',(3.109221450188,45.55,6.733333333333));
#6794 = VECTOR('',#6795,1.);
#6795 = DIRECTION('',(0.,1.,-2.2E-16));
#6796 = CYLINDRICAL_SURFACE('',#6797,5.);
#6797 = AXIS2_PLACEMENT_3D('',#6798,#6799,#6800);
#6798 = CARTESIAN_POINT('',(-1.888,56.35,6.9));
#6799 = DIRECTION('',(0.,1.,-2.2E-16));
#6800 = DIRECTION('',(1.,0.,0.));
#6801 = ADVANCED_FACE('',(#6802),#6813,.T.);
#6802 = FACE_BOUND('',#6803,.T.);
#6803 = EDGE_LOOP('',(#6804,#6805,#6811,#6812));
#6804 = ORIENTED_EDGE('',*,*,#3091,.F.);
#6805 = ORIENTED_EDGE('',*,*,#6806,.T.);
#6806 = EDGE_CURVE('',#3084,#5656,#6807,.T.);
#6807 = LINE('',#6808,#6809);
#6808 = CARTESIAN_POINT('',(-1.888,56.35,12.673502691896));
#6809 = VECTOR('',#6810,1.);
#6810 = DIRECTION('',(0.,-1.,2.2E-16));
#6811 = ORIENTED_EDGE('',*,*,#5655,.T.);
#6812 = ORIENTED_EDGE('',*,*,#6775,.F.);
#6813 = PLANE('',#6814);
#6814 = AXIS2_PLACEMENT_3D('',#6815,#6816,#6817);
#6815 = CARTESIAN_POINT('',(-1.888,56.35,12.673502691896));
#6816 = DIRECTION('',(0.5,-1.9E-16,-0.866025403784));
#6817 = DIRECTION('',(-0.866025403784,-1.1E-16,-0.5));
#6818 = ADVANCED_FACE('',(#6819),#6825,.F.);
#6819 = FACE_BOUND('',#6820,.F.);
#6820 = EDGE_LOOP('',(#6821,#6822,#6823,#6824));
#6821 = ORIENTED_EDGE('',*,*,#3083,.F.);
#6822 = ORIENTED_EDGE('',*,*,#6806,.T.);
#6823 = ORIENTED_EDGE('',*,*,#5663,.T.);
#6824 = ORIENTED_EDGE('',*,*,#6768,.F.);
#6825 = PLANE('',#6826);
#6826 = AXIS2_PLACEMENT_3D('',#6827,#6828,#6829);
#6827 = CARTESIAN_POINT('',(-1.888,56.35,12.673502691896));
#6828 = DIRECTION('',(0.5,1.9E-16,0.866025403784));
#6829 = DIRECTION('',(0.866025403784,-1.1E-16,-0.5));
#6830 = ADVANCED_FACE('',(#6831),#6837,.T.);
#6831 = FACE_BOUND('',#6832,.F.);
#6832 = EDGE_LOOP('',(#6833,#6834,#6835,#6836));
#6833 = ORIENTED_EDGE('',*,*,#3215,.T.);
#6834 = ORIENTED_EDGE('',*,*,#4414,.F.);
#6835 = ORIENTED_EDGE('',*,*,#4400,.F.);
#6836 = ORIENTED_EDGE('',*,*,#3182,.F.);
#6837 = PLANE('',#6838);
#6838 = AXIS2_PLACEMENT_3D('',#6839,#6840,#6841);
#6839 = CARTESIAN_POINT('',(-6.413483399594,94.15,2.374516600406));
#6840 = DIRECTION('',(-0.5,-0.707106781187,-0.5));
#6841 = DIRECTION('',(-0.707106781187,2.775557561563E-17,0.707106781187)
  );
#6842 = ADVANCED_FACE('',(#6843),#6849,.F.);
#6843 = FACE_BOUND('',#6844,.F.);
#6844 = EDGE_LOOP('',(#6845,#6846,#6847,#6848));
#6845 = ORIENTED_EDGE('',*,*,#4437,.F.);
#6846 = ORIENTED_EDGE('',*,*,#3232,.T.);
#6847 = ORIENTED_EDGE('',*,*,#3274,.T.);
#6848 = ORIENTED_EDGE('',*,*,#3309,.F.);
#6849 = CONICAL_SURFACE('',#6850,7.1,0.785398163397);
#6850 = AXIS2_PLACEMENT_3D('',#6851,#6852,#6853);
#6851 = CARTESIAN_POINT('',(-1.888915678624,92.95,6.9));
#6852 = DIRECTION('',(0.,-1.,4.4E-16));
#6853 = DIRECTION('',(0.707106665647,-3.111270345594E-16,-0.707106896726
    ));
#6854 = ADVANCED_FACE('',(#6855),#6887,.F.);
#6855 = FACE_BOUND('',#6856,.F.);
#6856 = EDGE_LOOP('',(#6857,#6858,#6864,#6865,#6871,#6872,#6878,#6879,
    #6880,#6881));
#6857 = ORIENTED_EDGE('',*,*,#5705,.T.);
#6858 = ORIENTED_EDGE('',*,*,#6859,.F.);
#6859 = EDGE_CURVE('',#3244,#5706,#6860,.T.);
#6860 = LINE('',#6861,#6862);
#6861 = CARTESIAN_POINT('',(0.612,93.65,11.230127018922));
#6862 = VECTOR('',#6863,1.);
#6863 = DIRECTION('',(0.,1.,-2.2E-16));
#6864 = ORIENTED_EDGE('',*,*,#3241,.F.);
#6865 = ORIENTED_EDGE('',*,*,#6866,.T.);
#6866 = EDGE_CURVE('',#3242,#5723,#6867,.T.);
#6867 = LINE('',#6868,#6869);
#6868 = CARTESIAN_POINT('',(-4.388,93.65,11.230127018922));
#6869 = VECTOR('',#6870,1.);
#6870 = DIRECTION('',(0.,1.,-2.2E-16));
#6871 = ORIENTED_EDGE('',*,*,#5730,.T.);
#6872 = ORIENTED_EDGE('',*,*,#6873,.T.);
#6873 = EDGE_CURVE('',#5731,#6014,#6874,.T.);
#6874 = LINE('',#6875,#6876);
#6875 = CARTESIAN_POINT('',(-1.888724675736,93.65,1.900000052515));
#6876 = VECTOR('',#6877,1.);
#6877 = DIRECTION('',(0.,-1.,2.2E-16));
#6878 = ORIENTED_EDGE('',*,*,#6021,.T.);
#6879 = ORIENTED_EDGE('',*,*,#6030,.T.);
#6880 = ORIENTED_EDGE('',*,*,#6039,.T.);
#6881 = ORIENTED_EDGE('',*,*,#6882,.F.);
#6882 = EDGE_CURVE('',#5697,#5930,#6883,.T.);
#6883 = LINE('',#6884,#6885);
#6884 = CARTESIAN_POINT('',(3.109221450188,104.45,6.733333333333));
#6885 = VECTOR('',#6886,1.);
#6886 = DIRECTION('',(0.,-1.,2.2E-16));
#6887 = CYLINDRICAL_SURFACE('',#6888,5.);
#6888 = AXIS2_PLACEMENT_3D('',#6889,#6890,#6891);
#6889 = CARTESIAN_POINT('',(-1.888,93.65,6.9));
#6890 = DIRECTION('',(0.,-1.,2.2E-16));
#6891 = DIRECTION('',(1.,0.,0.));
#6892 = ADVANCED_FACE('',(#6893),#6904,.T.);
#6893 = FACE_BOUND('',#6894,.F.);
#6894 = EDGE_LOOP('',(#6895,#6896,#6902,#6903));
#6895 = ORIENTED_EDGE('',*,*,#3260,.F.);
#6896 = ORIENTED_EDGE('',*,*,#6897,.T.);
#6897 = EDGE_CURVE('',#3253,#5715,#6898,.T.);
#6898 = LINE('',#6899,#6900);
#6899 = CARTESIAN_POINT('',(-1.888,93.65,12.673502691896));
#6900 = VECTOR('',#6901,1.);
#6901 = DIRECTION('',(0.,1.,-2.2E-16));
#6902 = ORIENTED_EDGE('',*,*,#5722,.T.);
#6903 = ORIENTED_EDGE('',*,*,#6866,.F.);
#6904 = PLANE('',#6905);
#6905 = AXIS2_PLACEMENT_3D('',#6906,#6907,#6908);
#6906 = CARTESIAN_POINT('',(-1.888,93.65,12.673502691896));
#6907 = DIRECTION('',(0.5,-1.9E-16,-0.866025403784));
#6908 = DIRECTION('',(0.866025403784,1.1E-16,0.5));
#6909 = ADVANCED_FACE('',(#6910),#6916,.F.);
#6910 = FACE_BOUND('',#6911,.T.);
#6911 = EDGE_LOOP('',(#6912,#6913,#6914,#6915));
#6912 = ORIENTED_EDGE('',*,*,#3252,.F.);
#6913 = ORIENTED_EDGE('',*,*,#6897,.T.);
#6914 = ORIENTED_EDGE('',*,*,#5714,.T.);
#6915 = ORIENTED_EDGE('',*,*,#6859,.F.);
#6916 = PLANE('',#6917);
#6917 = AXIS2_PLACEMENT_3D('',#6918,#6919,#6920);
#6918 = CARTESIAN_POINT('',(-1.888,93.65,12.673502691896));
#6919 = DIRECTION('',(0.5,1.9E-16,0.866025403784));
#6920 = DIRECTION('',(-0.866025403784,1.1E-16,0.5));
#6921 = ADVANCED_FACE('',(#6922),#6928,.F.);
#6922 = FACE_BOUND('',#6923,.T.);
#6923 = EDGE_LOOP('',(#6924,#6925,#6926,#6927));
#6924 = ORIENTED_EDGE('',*,*,#4477,.F.);
#6925 = ORIENTED_EDGE('',*,*,#3419,.T.);
#6926 = ORIENTED_EDGE('',*,*,#3342,.T.);
#6927 = ORIENTED_EDGE('',*,*,#3327,.F.);
#6928 = CONICAL_SURFACE('',#6929,7.1,0.785398163397);
#6929 = AXIS2_PLACEMENT_3D('',#6930,#6931,#6932);
#6930 = CARTESIAN_POINT('',(-1.888915678624,81.85,6.9));
#6931 = DIRECTION('',(0.,1.,0.));
#6932 = DIRECTION('',(0.707106665647,0.,-0.707106896726));
#6933 = ADVANCED_FACE('',(#6934),#6960,.F.);
#6934 = FACE_BOUND('',#6935,.T.);
#6935 = EDGE_LOOP('',(#6936,#6944,#6945,#6953));
#6936 = ORIENTED_EDGE('',*,*,#6937,.F.);
#6937 = EDGE_CURVE('',#3431,#6938,#6940,.T.);
#6938 = VERTEX_POINT('',#6939);
#6939 = CARTESIAN_POINT('',(0.612,77.,11.230127018922));
#6940 = LINE('',#6941,#6942);
#6941 = CARTESIAN_POINT('',(0.612,81.15,11.230127018922));
#6942 = VECTOR('',#6943,1.);
#6943 = DIRECTION('',(0.,-1.,2.2E-16));
#6944 = ORIENTED_EDGE('',*,*,#3428,.F.);
#6945 = ORIENTED_EDGE('',*,*,#6946,.T.);
#6946 = EDGE_CURVE('',#3429,#6947,#6949,.T.);
#6947 = VERTEX_POINT('',#6948);
#6948 = CARTESIAN_POINT('',(-4.388,77.,11.230127018922));
#6949 = LINE('',#6950,#6951);
#6950 = CARTESIAN_POINT('',(-4.388,81.15,11.230127018922));
#6951 = VECTOR('',#6952,1.);
#6952 = DIRECTION('',(0.,-1.,2.2E-16));
#6953 = ORIENTED_EDGE('',*,*,#6954,.T.);
#6954 = EDGE_CURVE('',#6947,#6938,#6955,.T.);
#6955 = CIRCLE('',#6956,5.);
#6956 = AXIS2_PLACEMENT_3D('',#6957,#6958,#6959);
#6957 = CARTESIAN_POINT('',(-1.888,77.,6.9));
#6958 = DIRECTION('',(-0.,-1.,0.));
#6959 = DIRECTION('',(-0.5,0.,0.866025403784));
#6960 = CYLINDRICAL_SURFACE('',#6961,5.);
#6961 = AXIS2_PLACEMENT_3D('',#6962,#6963,#6964);
#6962 = CARTESIAN_POINT('',(-1.888,81.15,6.9));
#6963 = DIRECTION('',(0.,1.,-2.2E-16));
#6964 = DIRECTION('',(1.,0.,0.));
#6965 = ADVANCED_FACE('',(#6966),#6984,.T.);
#6966 = FACE_BOUND('',#6967,.T.);
#6967 = EDGE_LOOP('',(#6968,#6969,#6970,#6978));
#6968 = ORIENTED_EDGE('',*,*,#6946,.F.);
#6969 = ORIENTED_EDGE('',*,*,#3447,.F.);
#6970 = ORIENTED_EDGE('',*,*,#6971,.T.);
#6971 = EDGE_CURVE('',#3440,#6972,#6974,.T.);
#6972 = VERTEX_POINT('',#6973);
#6973 = CARTESIAN_POINT('',(-1.888,77.,12.673502691896));
#6974 = LINE('',#6975,#6976);
#6975 = CARTESIAN_POINT('',(-1.888,81.15,12.673502691896));
#6976 = VECTOR('',#6977,1.);
#6977 = DIRECTION('',(0.,-1.,2.2E-16));
#6978 = ORIENTED_EDGE('',*,*,#6979,.T.);
#6979 = EDGE_CURVE('',#6972,#6947,#6980,.T.);
#6980 = LINE('',#6981,#6982);
#6981 = CARTESIAN_POINT('',(-1.888,77.,12.673502691896));
#6982 = VECTOR('',#6983,1.);
#6983 = DIRECTION('',(-0.866025403784,-1.1E-16,-0.5));
#6984 = PLANE('',#6985);
#6985 = AXIS2_PLACEMENT_3D('',#6986,#6987,#6988);
#6986 = CARTESIAN_POINT('',(-1.888,81.15,12.673502691896));
#6987 = DIRECTION('',(0.5,-1.9E-16,-0.866025403784));
#6988 = DIRECTION('',(-0.866025403784,-1.1E-16,-0.5));
#6989 = ADVANCED_FACE('',(#6990),#7001,.F.);
#6990 = FACE_BOUND('',#6991,.F.);
#6991 = EDGE_LOOP('',(#6992,#6993,#6994,#6995));
#6992 = ORIENTED_EDGE('',*,*,#6937,.F.);
#6993 = ORIENTED_EDGE('',*,*,#3439,.F.);
#6994 = ORIENTED_EDGE('',*,*,#6971,.T.);
#6995 = ORIENTED_EDGE('',*,*,#6996,.F.);
#6996 = EDGE_CURVE('',#6938,#6972,#6997,.T.);
#6997 = LINE('',#6998,#6999);
#6998 = CARTESIAN_POINT('',(0.612,77.,11.230127018922));
#6999 = VECTOR('',#7000,1.);
#7000 = DIRECTION('',(-0.866025403784,1.1E-16,0.5));
#7001 = PLANE('',#7002);
#7002 = AXIS2_PLACEMENT_3D('',#7003,#7004,#7005);
#7003 = CARTESIAN_POINT('',(-1.888,81.15,12.673502691896));
#7004 = DIRECTION('',(0.5,1.9E-16,0.866025403784));
#7005 = DIRECTION('',(0.866025403784,-1.1E-16,-0.5));
#7006 = ADVANCED_FACE('',(#7007),#7039,.T.);
#7007 = FACE_BOUND('',#7008,.T.);
#7008 = EDGE_LOOP('',(#7009,#7017,#7018,#7026,#7032,#7033));
#7009 = ORIENTED_EDGE('',*,*,#7010,.F.);
#7010 = EDGE_CURVE('',#3723,#7011,#7013,.T.);
#7011 = VERTEX_POINT('',#7012);
#7012 = CARTESIAN_POINT('',(41.9226,1.,1.6));
#7013 = LINE('',#7014,#7015);
#7014 = CARTESIAN_POINT('',(41.9226,8.0977,1.6));
#7015 = VECTOR('',#7016,1.);
#7016 = DIRECTION('',(0.,-1.,0.));
#7017 = ORIENTED_EDGE('',*,*,#3730,.T.);
#7018 = ORIENTED_EDGE('',*,*,#7019,.T.);
#7019 = EDGE_CURVE('',#3731,#7020,#7022,.T.);
#7020 = VERTEX_POINT('',#7021);
#7021 = CARTESIAN_POINT('',(35.9226,1.,1.6));
#7022 = LINE('',#7023,#7024);
#7023 = CARTESIAN_POINT('',(35.9226,8.0977,1.6));
#7024 = VECTOR('',#7025,1.);
#7025 = DIRECTION('',(0.,-1.,0.));
#7026 = ORIENTED_EDGE('',*,*,#7027,.T.);
#7027 = EDGE_CURVE('',#7020,#3596,#7028,.T.);
#7028 = LINE('',#7029,#7030);
#7029 = CARTESIAN_POINT('',(38.28909516607,3.36649516607,1.6));
#7030 = VECTOR('',#7031,1.);
#7031 = DIRECTION('',(-0.707106781187,-0.707106781187,0.));
#7032 = ORIENTED_EDGE('',*,*,#3593,.F.);
#7033 = ORIENTED_EDGE('',*,*,#7034,.F.);
#7034 = EDGE_CURVE('',#7011,#3594,#7035,.T.);
#7035 = LINE('',#7036,#7037);
#7036 = CARTESIAN_POINT('',(39.55610483393,3.36649516607,1.6));
#7037 = VECTOR('',#7038,1.);
#7038 = DIRECTION('',(0.707106781187,-0.707106781187,0.));
#7039 = PLANE('',#7040);
#7040 = AXIS2_PLACEMENT_3D('',#7041,#7042,#7043);
#7041 = CARTESIAN_POINT('',(38.9226,8.465980664279,1.6));
#7042 = DIRECTION('',(0.,0.,1.));
#7043 = DIRECTION('',(1.,0.,0.));
#7044 = ADVANCED_FACE('',(#7045),#7056,.T.);
#7045 = FACE_BOUND('',#7046,.T.);
#7046 = EDGE_LOOP('',(#7047,#7053,#7054,#7055));
#7047 = ORIENTED_EDGE('',*,*,#7048,.F.);
#7048 = EDGE_CURVE('',#3982,#3690,#7049,.T.);
#7049 = LINE('',#7050,#7051);
#7050 = CARTESIAN_POINT('',(51.527,1.9,9.999999999999E-02));
#7051 = VECTOR('',#7052,1.);
#7052 = DIRECTION('',(-1.,0.,0.));
#7053 = ORIENTED_EDGE('',*,*,#3981,.T.);
#7054 = ORIENTED_EDGE('',*,*,#3642,.T.);
#7055 = ORIENTED_EDGE('',*,*,#3697,.F.);
#7056 = PLANE('',#7057);
#7057 = AXIS2_PLACEMENT_3D('',#7058,#7059,#7060);
#7058 = CARTESIAN_POINT('',(56.927,1.7,9.999999999999E-02));
#7059 = DIRECTION('',(-0.,-0.,-1.));
#7060 = DIRECTION('',(-1.,0.,0.));
#7061 = ADVANCED_FACE('',(#7062),#7087,.T.);
#7062 = FACE_BOUND('',#7063,.T.);
#7063 = EDGE_LOOP('',(#7064,#7065,#7071,#7072,#7080));
#7064 = ORIENTED_EDGE('',*,*,#3619,.F.);
#7065 = ORIENTED_EDGE('',*,*,#7066,.T.);
#7066 = EDGE_CURVE('',#3620,#4964,#7067,.T.);
#7067 = LINE('',#7068,#7069);
#7068 = CARTESIAN_POINT('',(100.527,-1.78E-15,0.));
#7069 = VECTOR('',#7070,1.);
#7070 = DIRECTION('',(0.,0.,1.));
#7071 = ORIENTED_EDGE('',*,*,#4963,.F.);
#7072 = ORIENTED_EDGE('',*,*,#7073,.F.);
#7073 = EDGE_CURVE('',#7074,#4956,#7076,.T.);
#7074 = VERTEX_POINT('',#7075);
#7075 = CARTESIAN_POINT('',(61.727,1.E-15,3.199999477128));
#7076 = LINE('',#7077,#7078);
#7077 = CARTESIAN_POINT('',(61.727,0.,3.199999477128));
#7078 = VECTOR('',#7079,1.);
#7079 = DIRECTION('',(0.,0.,1.));
#7080 = ORIENTED_EDGE('',*,*,#7081,.F.);
#7081 = EDGE_CURVE('',#3612,#7074,#7082,.T.);
#7082 = CIRCLE('',#7083,1.6);
#7083 = AXIS2_PLACEMENT_3D('',#7084,#7085,#7086);
#7084 = CARTESIAN_POINT('',(60.127,0.,3.2));
#7085 = DIRECTION('',(0.,-1.,0.));
#7086 = DIRECTION('',(1.,0.,0.));
#7087 = PLANE('',#7088);
#7088 = AXIS2_PLACEMENT_3D('',#7089,#7090,#7091);
#7089 = CARTESIAN_POINT('',(44.523069477813,2.1E-16,3.116057941773));
#7090 = DIRECTION('',(-0.,-1.,-0.));
#7091 = DIRECTION('',(0.,0.,-1.));
#7092 = ADVANCED_FACE('',(#7093),#7118,.T.);
#7093 = FACE_BOUND('',#7094,.T.);
#7094 = EDGE_LOOP('',(#7095,#7096,#7104,#7112));
#7095 = ORIENTED_EDGE('',*,*,#3611,.F.);
#7096 = ORIENTED_EDGE('',*,*,#7097,.T.);
#7097 = EDGE_CURVE('',#3612,#7098,#7100,.T.);
#7098 = VERTEX_POINT('',#7099);
#7099 = CARTESIAN_POINT('',(60.127,1.9,1.6));
#7100 = LINE('',#7101,#7102);
#7101 = CARTESIAN_POINT('',(60.127,5.7E-16,1.6));
#7102 = VECTOR('',#7103,1.);
#7103 = DIRECTION('',(0.,1.,-2.2E-16));
#7104 = ORIENTED_EDGE('',*,*,#7105,.F.);
#7105 = EDGE_CURVE('',#7106,#7098,#7108,.T.);
#7106 = VERTEX_POINT('',#7107);
#7107 = CARTESIAN_POINT('',(53.727,1.9,1.6));
#7108 = LINE('',#7109,#7110);
#7109 = CARTESIAN_POINT('',(55.427,1.9,1.6));
#7110 = VECTOR('',#7111,1.);
#7111 = DIRECTION('',(1.,0.,0.));
#7112 = ORIENTED_EDGE('',*,*,#7113,.F.);
#7113 = EDGE_CURVE('',#3604,#7106,#7114,.T.);
#7114 = LINE('',#7115,#7116);
#7115 = CARTESIAN_POINT('',(53.727,5.7E-16,1.6));
#7116 = VECTOR('',#7117,1.);
#7117 = DIRECTION('',(0.,1.,-2.2E-16));
#7118 = PLANE('',#7119);
#7119 = AXIS2_PLACEMENT_3D('',#7120,#7121,#7122);
#7120 = CARTESIAN_POINT('',(56.927,0.95,1.6));
#7121 = DIRECTION('',(-3.5E-16,-1.44E-15,1.));
#7122 = DIRECTION('',(0.,1.,1.44E-15));
#7123 = ADVANCED_FACE('',(#7124),#7158,.T.);
#7124 = FACE_BOUND('',#7125,.T.);
#7125 = EDGE_LOOP('',(#7126,#7127,#7136,#7144,#7152));
#7126 = ORIENTED_EDGE('',*,*,#3603,.F.);
#7127 = ORIENTED_EDGE('',*,*,#7128,.F.);
#7128 = EDGE_CURVE('',#7129,#3604,#7131,.T.);
#7129 = VERTEX_POINT('',#7130);
#7130 = CARTESIAN_POINT('',(52.127,1.E-15,3.199999477128));
#7131 = CIRCLE('',#7132,1.6);
#7132 = AXIS2_PLACEMENT_3D('',#7133,#7134,#7135);
#7133 = CARTESIAN_POINT('',(53.727,0.,3.2));
#7134 = DIRECTION('',(0.,-1.,0.));
#7135 = DIRECTION('',(1.,0.,0.));
#7136 = ORIENTED_EDGE('',*,*,#7137,.T.);
#7137 = EDGE_CURVE('',#7129,#7138,#7140,.T.);
#7138 = VERTEX_POINT('',#7139);
#7139 = CARTESIAN_POINT('',(52.127,1.E-15,4.9));
#7140 = LINE('',#7141,#7142);
#7141 = CARTESIAN_POINT('',(52.127,0.,3.199999477128));
#7142 = VECTOR('',#7143,1.);
#7143 = DIRECTION('',(0.,0.,1.));
#7144 = ORIENTED_EDGE('',*,*,#7145,.F.);
#7145 = EDGE_CURVE('',#7146,#7138,#7148,.T.);
#7146 = VERTEX_POINT('',#7147);
#7147 = CARTESIAN_POINT('',(42.9226,1.E-15,4.9));
#7148 = LINE('',#7149,#7150);
#7149 = CARTESIAN_POINT('',(0.,0.,4.9));
#7150 = VECTOR('',#7151,1.);
#7151 = DIRECTION('',(1.,0.,0.));
#7152 = ORIENTED_EDGE('',*,*,#7153,.T.);
#7153 = EDGE_CURVE('',#7146,#3594,#7154,.T.);
#7154 = LINE('',#7155,#7156);
#7155 = CARTESIAN_POINT('',(42.9226,1.1E-16,4.9));
#7156 = VECTOR('',#7157,1.);
#7157 = DIRECTION('',(-0.,-0.,-1.));
#7158 = PLANE('',#7159);
#7159 = AXIS2_PLACEMENT_3D('',#7160,#7161,#7162);
#7160 = CARTESIAN_POINT('',(44.523069477813,2.1E-16,3.116057941773));
#7161 = DIRECTION('',(-0.,-1.,-0.));
#7162 = DIRECTION('',(0.,0.,-1.));
#7163 = ADVANCED_FACE('',(#7164),#7228,.T.);
#7164 = FACE_BOUND('',#7165,.T.);
#7165 = EDGE_LOOP('',(#7166,#7176,#7182,#7183,#7184,#7192,#7199,#7207,
    #7215,#7223));
#7166 = ORIENTED_EDGE('',*,*,#7167,.T.);
#7167 = EDGE_CURVE('',#7168,#7170,#7172,.T.);
#7168 = VERTEX_POINT('',#7169);
#7169 = CARTESIAN_POINT('',(52.127,6.29,1.8));
#7170 = VERTEX_POINT('',#7171);
#7171 = CARTESIAN_POINT('',(52.127,1.9,1.8));
#7172 = LINE('',#7173,#7174);
#7173 = CARTESIAN_POINT('',(52.127,7.02670717,1.8));
#7174 = VECTOR('',#7175,1.);
#7175 = DIRECTION('',(0.,-1.,0.));
#7176 = ORIENTED_EDGE('',*,*,#7177,.T.);
#7177 = EDGE_CURVE('',#7170,#3682,#7178,.T.);
#7178 = LINE('',#7179,#7180);
#7179 = CARTESIAN_POINT('',(62.327,1.9,1.8));
#7180 = VECTOR('',#7181,1.);
#7181 = DIRECTION('',(-1.,0.,0.));
#7182 = ORIENTED_EDGE('',*,*,#3681,.T.);
#7183 = ORIENTED_EDGE('',*,*,#3714,.T.);
#7184 = ORIENTED_EDGE('',*,*,#7185,.T.);
#7185 = EDGE_CURVE('',#3715,#7186,#7188,.T.);
#7186 = VERTEX_POINT('',#7187);
#7187 = CARTESIAN_POINT('',(41.9226,6.29,1.8));
#7188 = LINE('',#7189,#7190);
#7189 = CARTESIAN_POINT('',(41.9226,41.947705325737,1.8));
#7190 = VECTOR('',#7191,1.);
#7191 = DIRECTION('',(0.,1.,0.));
#7192 = ORIENTED_EDGE('',*,*,#7193,.F.);
#7193 = EDGE_CURVE('',#7194,#7186,#7196,.T.);
#7194 = VERTEX_POINT('',#7195);
#7195 = CARTESIAN_POINT('',(44.294431578065,6.29,1.8));
#7196 = B_SPLINE_CURVE_WITH_KNOTS('',1,(#7197,#7198),.UNSPECIFIED.,.F.,
  .F.,(2,2),(0.,1.),.PIECEWISE_BEZIER_KNOTS.);
#7197 = CARTESIAN_POINT('',(80.760555259163,6.29,1.8));
#7198 = CARTESIAN_POINT('',(27.248461644553,6.29,1.8));
#7199 = ORIENTED_EDGE('',*,*,#7200,.F.);
#7200 = EDGE_CURVE('',#7201,#7194,#7203,.T.);
#7201 = VERTEX_POINT('',#7202);
#7202 = CARTESIAN_POINT('',(44.127,6.,1.8));
#7203 = LINE('',#7204,#7205);
#7204 = CARTESIAN_POINT('',(59.534869705376,32.687213166113,1.8));
#7205 = VECTOR('',#7206,1.);
#7206 = DIRECTION('',(0.5,0.866025403784,-0.));
#7207 = ORIENTED_EDGE('',*,*,#7208,.F.);
#7208 = EDGE_CURVE('',#7209,#7201,#7211,.T.);
#7209 = VERTEX_POINT('',#7210);
#7210 = CARTESIAN_POINT('',(46.867341184306,6.,1.8));
#7211 = LINE('',#7212,#7213);
#7212 = CARTESIAN_POINT('',(48.954968433129,6.,1.8));
#7213 = VECTOR('',#7214,1.);
#7214 = DIRECTION('',(-1.,0.,0.));
#7215 = ORIENTED_EDGE('',*,*,#7216,.F.);
#7216 = EDGE_CURVE('',#7217,#7209,#7219,.T.);
#7217 = VERTEX_POINT('',#7218);
#7218 = CARTESIAN_POINT('',(46.699909606258,6.29,1.8));
#7219 = LINE('',#7220,#7221);
#7220 = CARTESIAN_POINT('',(34.165998344118,27.999371125775,1.8));
#7221 = VECTOR('',#7222,1.);
#7222 = DIRECTION('',(0.499999999962,-0.866025403806,0.));
#7223 = ORIENTED_EDGE('',*,*,#7224,.F.);
#7224 = EDGE_CURVE('',#7168,#7217,#7225,.T.);
#7225 = B_SPLINE_CURVE_WITH_KNOTS('',1,(#7226,#7227),.UNSPECIFIED.,.F.,
  .F.,(2,2),(0.,1.),.PIECEWISE_BEZIER_KNOTS.);
#7226 = CARTESIAN_POINT('',(80.760555259163,6.29,1.8));
#7227 = CARTESIAN_POINT('',(27.248461644553,6.29,1.8));
#7228 = PLANE('',#7229);
#7229 = AXIS2_PLACEMENT_3D('',#7230,#7231,#7232);
#7230 = CARTESIAN_POINT('',(53.782936866258,68.657710693955,1.8));
#7231 = DIRECTION('',(-0.,-0.,-1.));
#7232 = DIRECTION('',(-1.,0.,0.));
#7233 = ADVANCED_FACE('',(#7234),#7313,.T.);
#7234 = FACE_BOUND('',#7235,.T.);
#7235 = EDGE_LOOP('',(#7236,#7237,#7238,#7239,#7247,#7255,#7264,#7271,
    #7272,#7281,#7290,#7298,#7306,#7312));
#7236 = ORIENTED_EDGE('',*,*,#7048,.T.);
#7237 = ORIENTED_EDGE('',*,*,#3689,.T.);
#7238 = ORIENTED_EDGE('',*,*,#7177,.F.);
#7239 = ORIENTED_EDGE('',*,*,#7240,.T.);
#7240 = EDGE_CURVE('',#7170,#7241,#7243,.T.);
#7241 = VERTEX_POINT('',#7242);
#7242 = CARTESIAN_POINT('',(52.127,1.9,3.1));
#7243 = LINE('',#7244,#7245);
#7244 = CARTESIAN_POINT('',(52.127,1.9,1.8));
#7245 = VECTOR('',#7246,1.);
#7246 = DIRECTION('',(0.,0.,1.));
#7247 = ORIENTED_EDGE('',*,*,#7248,.F.);
#7248 = EDGE_CURVE('',#7249,#7241,#7251,.T.);
#7249 = VERTEX_POINT('',#7250);
#7250 = CARTESIAN_POINT('',(52.130128057733,1.9,3.1));
#7251 = LINE('',#7252,#7253);
#7252 = CARTESIAN_POINT('',(49.626231849841,1.9,3.1));
#7253 = VECTOR('',#7254,1.);
#7254 = DIRECTION('',(-1.,0.,0.));
#7255 = ORIENTED_EDGE('',*,*,#7256,.T.);
#7256 = EDGE_CURVE('',#7249,#7257,#7259,.T.);
#7257 = VERTEX_POINT('',#7258);
#7258 = CARTESIAN_POINT('',(52.327,1.9,2.425403330758));
#7259 = CIRCLE('',#7260,1.6);
#7260 = AXIS2_PLACEMENT_3D('',#7261,#7262,#7263);
#7261 = CARTESIAN_POINT('',(53.727,1.9,3.2));
#7262 = DIRECTION('',(0.,-1.,2.2E-16));
#7263 = DIRECTION('',(1.,0.,0.));
#7264 = ORIENTED_EDGE('',*,*,#7265,.T.);
#7265 = EDGE_CURVE('',#7257,#7106,#7266,.T.);
#7266 = CIRCLE('',#7267,1.6);
#7267 = AXIS2_PLACEMENT_3D('',#7268,#7269,#7270);
#7268 = CARTESIAN_POINT('',(53.727,1.9,3.2));
#7269 = DIRECTION('',(0.,-1.,2.2E-16));
#7270 = DIRECTION('',(1.,0.,0.));
#7271 = ORIENTED_EDGE('',*,*,#7105,.T.);
#7272 = ORIENTED_EDGE('',*,*,#7273,.T.);
#7273 = EDGE_CURVE('',#7098,#7274,#7276,.T.);
#7274 = VERTEX_POINT('',#7275);
#7275 = CARTESIAN_POINT('',(61.527,1.9,2.425403330759));
#7276 = CIRCLE('',#7277,1.6);
#7277 = AXIS2_PLACEMENT_3D('',#7278,#7279,#7280);
#7278 = CARTESIAN_POINT('',(60.127,1.9,3.2));
#7279 = DIRECTION('',(0.,-1.,2.2E-16));
#7280 = DIRECTION('',(1.,0.,0.));
#7281 = ORIENTED_EDGE('',*,*,#7282,.T.);
#7282 = EDGE_CURVE('',#7274,#7283,#7285,.T.);
#7283 = VERTEX_POINT('',#7284);
#7284 = CARTESIAN_POINT('',(61.723871942267,1.9,3.1));
#7285 = CIRCLE('',#7286,1.6);
#7286 = AXIS2_PLACEMENT_3D('',#7287,#7288,#7289);
#7287 = CARTESIAN_POINT('',(60.127,1.9,3.2));
#7288 = DIRECTION('',(0.,-1.,2.2E-16));
#7289 = DIRECTION('',(1.,0.,0.));
#7290 = ORIENTED_EDGE('',*,*,#7291,.T.);
#7291 = EDGE_CURVE('',#7283,#7292,#7294,.T.);
#7292 = VERTEX_POINT('',#7293);
#7293 = CARTESIAN_POINT('',(61.727,1.9,3.1));
#7294 = LINE('',#7295,#7296);
#7295 = CARTESIAN_POINT('',(64.377,1.9,3.1));
#7296 = VECTOR('',#7297,1.);
#7297 = DIRECTION('',(1.,0.,0.));
#7298 = ORIENTED_EDGE('',*,*,#7299,.F.);
#7299 = EDGE_CURVE('',#7300,#7292,#7302,.T.);
#7300 = VERTEX_POINT('',#7301);
#7301 = CARTESIAN_POINT('',(61.727,1.9,1.8));
#7302 = LINE('',#7303,#7304);
#7303 = CARTESIAN_POINT('',(61.727,1.9,1.8));
#7304 = VECTOR('',#7305,1.);
#7305 = DIRECTION('',(0.,0.,1.));
#7306 = ORIENTED_EDGE('',*,*,#7307,.T.);
#7307 = EDGE_CURVE('',#7300,#3990,#7308,.T.);
#7308 = LINE('',#7309,#7310);
#7309 = CARTESIAN_POINT('',(62.327,1.9,1.8));
#7310 = VECTOR('',#7311,1.);
#7311 = DIRECTION('',(1.,0.,0.));
#7312 = ORIENTED_EDGE('',*,*,#3989,.F.);
#7313 = PLANE('',#7314);
#7314 = AXIS2_PLACEMENT_3D('',#7315,#7316,#7317);
#7315 = CARTESIAN_POINT('',(56.927,1.9,1.139645245379));
#7316 = DIRECTION('',(0.,1.,0.));
#7317 = DIRECTION('',(0.,0.,1.));
#7318 = ADVANCED_FACE('',(#7319),#7627,.T.);
#7319 = FACE_BOUND('',#7320,.T.);
#7320 = EDGE_LOOP('',(#7321,#7330,#7336,#7337,#7338,#7339,#7346,#7354,
    #7362,#7370,#7377,#7385,#7393,#7401,#7406,#7407,#7413,#7414,#7421,
    #7429,#7437,#7445,#7452,#7460,#7468,#7476,#7483,#7491,#7497,#7498,
    #7505,#7513,#7521,#7529,#7536,#7544,#7552,#7560,#7567,#7574,#7582,
    #7590,#7598,#7605,#7613,#7621));
#7321 = ORIENTED_EDGE('',*,*,#7322,.F.);
#7322 = EDGE_CURVE('',#7323,#7325,#7327,.T.);
#7323 = VERTEX_POINT('',#7324);
#7324 = CARTESIAN_POINT('',(35.9226,6.29,1.8));
#7325 = VERTEX_POINT('',#7326);
#7326 = CARTESIAN_POINT('',(32.837,6.29,1.8));
#7327 = B_SPLINE_CURVE_WITH_KNOTS('',1,(#7328,#7329),.UNSPECIFIED.,.F.,
  .F.,(2,2),(0.,1.),.PIECEWISE_BEZIER_KNOTS.);
#7328 = CARTESIAN_POINT('',(80.760555259163,6.29,1.8));
#7329 = CARTESIAN_POINT('',(27.248461644553,6.29,1.8));
#7330 = ORIENTED_EDGE('',*,*,#7331,.F.);
#7331 = EDGE_CURVE('',#3739,#7323,#7332,.T.);
#7332 = LINE('',#7333,#7334);
#7333 = CARTESIAN_POINT('',(35.9226,41.947705325737,1.8));
#7334 = VECTOR('',#7335,1.);
#7335 = DIRECTION('',(0.,1.,0.));
#7336 = ORIENTED_EDGE('',*,*,#3746,.T.);
#7337 = ORIENTED_EDGE('',*,*,#3770,.T.);
#7338 = ORIENTED_EDGE('',*,*,#5338,.F.);
#7339 = ORIENTED_EDGE('',*,*,#7340,.F.);
#7340 = EDGE_CURVE('',#7341,#5339,#7343,.T.);
#7341 = VERTEX_POINT('',#7342);
#7342 = CARTESIAN_POINT('',(8.517,135.51,1.8));
#7343 = B_SPLINE_CURVE_WITH_KNOTS('',1,(#7344,#7345),.UNSPECIFIED.,.F.,
  .F.,(2,2),(0.,1.),.PIECEWISE_BEZIER_KNOTS.);
#7344 = CARTESIAN_POINT('',(8.517,135.11951895032,1.8));
#7345 = CARTESIAN_POINT('',(8.517,143.71,1.8));
#7346 = ORIENTED_EDGE('',*,*,#7347,.F.);
#7347 = EDGE_CURVE('',#7348,#7341,#7350,.T.);
#7348 = VERTEX_POINT('',#7349);
#7349 = CARTESIAN_POINT('',(8.227,135.8,1.8));
#7350 = LINE('',#7351,#7352);
#7351 = CARTESIAN_POINT('',(38.101556543076,105.92544345692,1.8));
#7352 = VECTOR('',#7353,1.);
#7353 = DIRECTION('',(0.707106781187,-0.707106781187,0.));
#7354 = ORIENTED_EDGE('',*,*,#7355,.F.);
#7355 = EDGE_CURVE('',#7356,#7348,#7358,.T.);
#7356 = VERTEX_POINT('',#7357);
#7357 = CARTESIAN_POINT('',(8.227,126.6,1.8));
#7358 = LINE('',#7359,#7360);
#7359 = CARTESIAN_POINT('',(8.227,102.22885534697,1.8));
#7360 = VECTOR('',#7361,1.);
#7361 = DIRECTION('',(0.,1.,-0.));
#7362 = ORIENTED_EDGE('',*,*,#7363,.F.);
#7363 = EDGE_CURVE('',#7364,#7356,#7366,.T.);
#7364 = VERTEX_POINT('',#7365);
#7365 = CARTESIAN_POINT('',(8.517,126.89,1.8));
#7366 = LINE('',#7367,#7368);
#7367 = CARTESIAN_POINT('',(5.130411890053,123.50341189005,1.8));
#7368 = VECTOR('',#7369,1.);
#7369 = DIRECTION('',(-0.707106781187,-0.707106781187,0.));
#7370 = ORIENTED_EDGE('',*,*,#7371,.F.);
#7371 = EDGE_CURVE('',#7372,#7364,#7374,.T.);
#7372 = VERTEX_POINT('',#7373);
#7373 = CARTESIAN_POINT('',(8.517,110.79555933718,1.8));
#7374 = B_SPLINE_CURVE_WITH_KNOTS('',1,(#7375,#7376),.UNSPECIFIED.,.F.,
  .F.,(2,2),(0.,1.),.PIECEWISE_BEZIER_KNOTS.);
#7375 = CARTESIAN_POINT('',(8.517,110.61015919422,1.8));
#7376 = CARTESIAN_POINT('',(8.517,132.60920056187,1.8));
#7377 = ORIENTED_EDGE('',*,*,#7378,.T.);
#7378 = EDGE_CURVE('',#7372,#7379,#7381,.T.);
#7379 = VERTEX_POINT('',#7380);
#7380 = CARTESIAN_POINT('',(8.227,110.96299091524,1.8));
#7381 = LINE('',#7382,#7383);
#7382 = CARTESIAN_POINT('',(34.469838171311,95.811681232739,1.8));
#7383 = VECTOR('',#7384,1.);
#7384 = DIRECTION('',(-0.866025403784,0.5,0.));
#7385 = ORIENTED_EDGE('',*,*,#7386,.T.);
#7386 = EDGE_CURVE('',#7379,#7387,#7389,.T.);
#7387 = VERTEX_POINT('',#7388);
#7388 = CARTESIAN_POINT('',(8.227,106.03700908478,1.8));
#7389 = LINE('',#7390,#7391);
#7390 = CARTESIAN_POINT('',(8.227,87.347359889368,1.8));
#7391 = VECTOR('',#7392,1.);
#7392 = DIRECTION('',(0.,-1.,0.));
#7393 = ORIENTED_EDGE('',*,*,#7394,.T.);
#7394 = EDGE_CURVE('',#7387,#7395,#7397,.T.);
#7395 = VERTEX_POINT('',#7396);
#7396 = CARTESIAN_POINT('',(8.517,106.20444066284,1.8));
#7397 = LINE('',#7398,#7399);
#7398 = CARTESIAN_POINT('',(18.917620829489,112.20924189841,1.8));
#7399 = VECTOR('',#7400,1.);
#7400 = DIRECTION('',(0.866025403787,0.499999999995,-0.));
#7401 = ORIENTED_EDGE('',*,*,#7402,.F.);
#7402 = EDGE_CURVE('',#5764,#7395,#7403,.T.);
#7403 = B_SPLINE_CURVE_WITH_KNOTS('',1,(#7404,#7405),.UNSPECIFIED.,.F.,
  .F.,(2,2),(0.,1.),.PIECEWISE_BEZIER_KNOTS.);
#7404 = CARTESIAN_POINT('',(8.517,88.614579925931,1.8));
#7405 = CARTESIAN_POINT('',(8.517,109.56621275699,1.8));
#7406 = ORIENTED_EDGE('',*,*,#5763,.F.);
#7407 = ORIENTED_EDGE('',*,*,#7408,.T.);
#7408 = EDGE_CURVE('',#5756,#5990,#7409,.T.);
#7409 = LINE('',#7410,#7411);
#7410 = CARTESIAN_POINT('',(8.21,85.473855325637,1.8));
#7411 = VECTOR('',#7412,1.);
#7412 = DIRECTION('',(0.,-1.,0.));
#7413 = ORIENTED_EDGE('',*,*,#5989,.T.);
#7414 = ORIENTED_EDGE('',*,*,#7415,.F.);
#7415 = EDGE_CURVE('',#7416,#5971,#7418,.T.);
#7416 = VERTEX_POINT('',#7417);
#7417 = CARTESIAN_POINT('',(8.517,91.109999999939,1.8));
#7418 = B_SPLINE_CURVE_WITH_KNOTS('',1,(#7419,#7420),.UNSPECIFIED.,.F.,
  .F.,(2,2),(0.,1.),.PIECEWISE_BEZIER_KNOTS.);
#7419 = CARTESIAN_POINT('',(8.517,88.614579925931,1.8));
#7420 = CARTESIAN_POINT('',(8.517,109.56621275699,1.8));
#7421 = ORIENTED_EDGE('',*,*,#7422,.F.);
#7422 = EDGE_CURVE('',#7423,#7416,#7425,.T.);
#7423 = VERTEX_POINT('',#7424);
#7424 = CARTESIAN_POINT('',(8.227,91.399999999934,1.8));
#7425 = LINE('',#7426,#7427);
#7426 = CARTESIAN_POINT('',(27.001556543281,72.625443457019,1.8));
#7427 = VECTOR('',#7428,1.);
#7428 = DIRECTION('',(0.707106781193,-0.70710678118,0.));
#7429 = ORIENTED_EDGE('',*,*,#7430,.F.);
#7430 = EDGE_CURVE('',#7431,#7423,#7433,.T.);
#7431 = VERTEX_POINT('',#7432);
#7432 = CARTESIAN_POINT('',(8.227,82.2,1.8));
#7433 = LINE('',#7434,#7435);
#7434 = CARTESIAN_POINT('',(8.227,80.028855346945,1.8));
#7435 = VECTOR('',#7436,1.);
#7436 = DIRECTION('',(0.,1.,-0.));
#7437 = ORIENTED_EDGE('',*,*,#7438,.F.);
#7438 = EDGE_CURVE('',#7439,#7431,#7441,.T.);
#7439 = VERTEX_POINT('',#7440);
#7440 = CARTESIAN_POINT('',(8.517,82.49,1.8));
#7441 = LINE('',#7442,#7443);
#7442 = CARTESIAN_POINT('',(16.230411890054,90.203411890054,1.8));
#7443 = VECTOR('',#7444,1.);
#7444 = DIRECTION('',(-0.707106781187,-0.707106781187,0.));
#7445 = ORIENTED_EDGE('',*,*,#7446,.F.);
#7446 = EDGE_CURVE('',#7447,#7439,#7449,.T.);
#7447 = VERTEX_POINT('',#7448);
#7448 = CARTESIAN_POINT('',(8.517,71.71,1.8));
#7449 = B_SPLINE_CURVE_WITH_KNOTS('',1,(#7450,#7451),.UNSPECIFIED.,.F.,
  .F.,(2,2),(0.,1.),.PIECEWISE_BEZIER_KNOTS.);
#7450 = CARTESIAN_POINT('',(8.517,68.294854316175,1.8));
#7451 = CARTESIAN_POINT('',(8.517,86.104261537484,1.8));
#7452 = ORIENTED_EDGE('',*,*,#7453,.T.);
#7453 = EDGE_CURVE('',#7447,#7454,#7456,.T.);
#7454 = VERTEX_POINT('',#7455);
#7455 = CARTESIAN_POINT('',(8.227,72.,1.8));
#7456 = LINE('',#7457,#7458);
#7457 = CARTESIAN_POINT('',(20.451556543076,59.775443456924,1.8));
#7458 = VECTOR('',#7459,1.);
#7459 = DIRECTION('',(-0.707106781187,0.707106781187,0.));
#7460 = ORIENTED_EDGE('',*,*,#7461,.T.);
#7461 = EDGE_CURVE('',#7454,#7462,#7464,.T.);
#7462 = VERTEX_POINT('',#7463);
#7463 = CARTESIAN_POINT('',(8.227,62.8,1.8));
#7464 = LINE('',#7465,#7466);
#7465 = CARTESIAN_POINT('',(8.227,65.728855346978,1.8));
#7466 = VECTOR('',#7467,1.);
#7467 = DIRECTION('',(0.,-1.,0.));
#7468 = ORIENTED_EDGE('',*,*,#7469,.T.);
#7469 = EDGE_CURVE('',#7462,#7470,#7472,.T.);
#7470 = VERTEX_POINT('',#7471);
#7471 = CARTESIAN_POINT('',(8.517,63.09,1.8));
#7472 = LINE('',#7473,#7474);
#7473 = CARTESIAN_POINT('',(22.780411890053,77.353411890053,1.8));
#7474 = VECTOR('',#7475,1.);
#7475 = DIRECTION('',(0.707106781187,0.707106781187,-0.));
#7476 = ORIENTED_EDGE('',*,*,#7477,.F.);
#7477 = EDGE_CURVE('',#7478,#7470,#7480,.T.);
#7478 = VERTEX_POINT('',#7479);
#7479 = CARTESIAN_POINT('',(8.517,58.007229457363,1.8));
#7480 = B_SPLINE_CURVE_WITH_KNOTS('',1,(#7481,#7482),.UNSPECIFIED.,.F.,
  .F.,(2,2),(0.,1.),.PIECEWISE_BEZIER_KNOTS.);
#7481 = CARTESIAN_POINT('',(8.517,32.264000657638,1.8));
#7482 = CARTESIAN_POINT('',(8.517,65.784535927727,1.8));
#7483 = ORIENTED_EDGE('',*,*,#7484,.F.);
#7484 = EDGE_CURVE('',#7485,#7478,#7487,.T.);
#7485 = VERTEX_POINT('',#7486);
#7486 = CARTESIAN_POINT('',(8.31,57.756540352003,1.8));
#7487 = LINE('',#7488,#7489);
#7488 = CARTESIAN_POINT('',(23.400795017234,76.032375627583,1.8));
#7489 = VECTOR('',#7490,1.);
#7490 = DIRECTION('',(0.636715059408,0.771099172041,0.));
#7491 = ORIENTED_EDGE('',*,*,#7492,.T.);
#7492 = EDGE_CURVE('',#7485,#5615,#7493,.T.);
#7493 = LINE('',#7494,#7495);
#7494 = CARTESIAN_POINT('',(8.31,60.673855325736,1.8));
#7495 = VECTOR('',#7496,1.);
#7496 = DIRECTION('',(0.,-1.,0.));
#7497 = ORIENTED_EDGE('',*,*,#5614,.T.);
#7498 = ORIENTED_EDGE('',*,*,#7499,.F.);
#7499 = EDGE_CURVE('',#7500,#5596,#7502,.T.);
#7500 = VERTEX_POINT('',#7501);
#7501 = CARTESIAN_POINT('',(8.517,37.31,1.8));
#7502 = B_SPLINE_CURVE_WITH_KNOTS('',1,(#7503,#7504),.UNSPECIFIED.,.F.,
  .F.,(2,2),(0.,1.),.PIECEWISE_BEZIER_KNOTS.);
#7503 = CARTESIAN_POINT('',(8.517,32.264000657638,1.8));
#7504 = CARTESIAN_POINT('',(8.517,65.784535927727,1.8));
#7505 = ORIENTED_EDGE('',*,*,#7506,.T.);
#7506 = EDGE_CURVE('',#7500,#7507,#7509,.T.);
#7507 = VERTEX_POINT('',#7508);
#7508 = CARTESIAN_POINT('',(8.227,37.6,1.8));
#7509 = LINE('',#7510,#7511);
#7510 = CARTESIAN_POINT('',(11.851556543076,33.975443456924,1.8));
#7511 = VECTOR('',#7512,1.);
#7512 = DIRECTION('',(-0.707106781187,0.707106781187,0.));
#7513 = ORIENTED_EDGE('',*,*,#7514,.T.);
#7514 = EDGE_CURVE('',#7507,#7515,#7517,.T.);
#7515 = VERTEX_POINT('',#7516);
#7516 = CARTESIAN_POINT('',(8.227,28.4,1.8));
#7517 = LINE('',#7518,#7519);
#7518 = CARTESIAN_POINT('',(8.227,48.528855346978,1.8));
#7519 = VECTOR('',#7520,1.);
#7520 = DIRECTION('',(0.,-1.,0.));
#7521 = ORIENTED_EDGE('',*,*,#7522,.T.);
#7522 = EDGE_CURVE('',#7515,#7523,#7525,.T.);
#7523 = VERTEX_POINT('',#7524);
#7524 = CARTESIAN_POINT('',(8.517,28.69,1.8));
#7525 = LINE('',#7526,#7527);
#7526 = CARTESIAN_POINT('',(31.380411890053,51.553411890053,1.8));
#7527 = VECTOR('',#7528,1.);
#7528 = DIRECTION('',(0.707106781187,0.707106781187,-0.));
#7529 = ORIENTED_EDGE('',*,*,#7530,.F.);
#7530 = EDGE_CURVE('',#7531,#7523,#7533,.T.);
#7531 = VERTEX_POINT('',#7532);
#7532 = CARTESIAN_POINT('',(8.517,23.91,1.8));
#7533 = B_SPLINE_CURVE_WITH_KNOTS('',1,(#7534,#7535),.UNSPECIFIED.,.F.,
  .F.,(2,2),(0.,1.),.PIECEWISE_BEZIER_KNOTS.);
#7534 = CARTESIAN_POINT('',(8.517,18.228726267394,1.8));
#7535 = CARTESIAN_POINT('',(8.517,29.753682269191,1.8));
#7536 = ORIENTED_EDGE('',*,*,#7537,.T.);
#7537 = EDGE_CURVE('',#7531,#7538,#7540,.T.);
#7538 = VERTEX_POINT('',#7539);
#7539 = CARTESIAN_POINT('',(8.227,24.2,1.8));
#7540 = LINE('',#7541,#7542);
#7541 = CARTESIAN_POINT('',(8.501556543076,23.925443456924,1.8));
#7542 = VECTOR('',#7543,1.);
#7543 = DIRECTION('',(-0.707106781187,0.707106781187,0.));
#7544 = ORIENTED_EDGE('',*,*,#7545,.T.);
#7545 = EDGE_CURVE('',#7538,#7546,#7548,.T.);
#7546 = VERTEX_POINT('',#7547);
#7547 = CARTESIAN_POINT('',(8.227,15.,1.8));
#7548 = LINE('',#7549,#7550);
#7549 = CARTESIAN_POINT('',(8.227,41.828855346978,1.8));
#7550 = VECTOR('',#7551,1.);
#7551 = DIRECTION('',(0.,-1.,0.));
#7552 = ORIENTED_EDGE('',*,*,#7553,.T.);
#7553 = EDGE_CURVE('',#7546,#7554,#7556,.T.);
#7554 = VERTEX_POINT('',#7555);
#7555 = CARTESIAN_POINT('',(8.517,15.29,1.8));
#7556 = LINE('',#7557,#7558);
#7557 = CARTESIAN_POINT('',(34.730411890053,41.503411890053,1.8));
#7558 = VECTOR('',#7559,1.);
#7559 = DIRECTION('',(0.707106781187,0.707106781187,-0.));
#7560 = ORIENTED_EDGE('',*,*,#7561,.F.);
#7561 = EDGE_CURVE('',#7562,#7554,#7564,.T.);
#7562 = VERTEX_POINT('',#7563);
#7563 = CARTESIAN_POINT('',(8.517,6.29,1.8));
#7564 = B_SPLINE_CURVE_WITH_KNOTS('',1,(#7565,#7566),.UNSPECIFIED.,.F.,
  .F.,(2,2),(0.,1.),.PIECEWISE_BEZIER_KNOTS.);
#7565 = CARTESIAN_POINT('',(8.517,6.29,1.8));
#7566 = CARTESIAN_POINT('',(8.517,15.718407878947,1.8));
#7567 = ORIENTED_EDGE('',*,*,#7568,.F.);
#7568 = EDGE_CURVE('',#7569,#7562,#7571,.T.);
#7569 = VERTEX_POINT('',#7570);
#7570 = CARTESIAN_POINT('',(16.517,6.29,1.8));
#7571 = B_SPLINE_CURVE_WITH_KNOTS('',1,(#7572,#7573),.UNSPECIFIED.,.F.,
  .F.,(2,2),(0.,1.),.PIECEWISE_BEZIER_KNOTS.);
#7572 = CARTESIAN_POINT('',(16.798597883448,6.29,1.8));
#7573 = CARTESIAN_POINT('',(8.517,6.29,1.8));
#7574 = ORIENTED_EDGE('',*,*,#7575,.F.);
#7575 = EDGE_CURVE('',#7576,#7569,#7578,.T.);
#7576 = VERTEX_POINT('',#7577);
#7577 = CARTESIAN_POINT('',(16.227,6.,1.8));
#7578 = LINE('',#7579,#7580);
#7579 = CARTESIAN_POINT('',(42.980411890053,32.753411890053,1.8));
#7580 = VECTOR('',#7581,1.);
#7581 = DIRECTION('',(0.707106781187,0.707106781187,-0.));
#7582 = ORIENTED_EDGE('',*,*,#7583,.F.);
#7583 = EDGE_CURVE('',#7584,#7576,#7586,.T.);
#7584 = VERTEX_POINT('',#7585);
#7585 = CARTESIAN_POINT('',(23.127,6.,1.8));
#7586 = LINE('',#7587,#7588);
#7587 = CARTESIAN_POINT('',(35.004968433129,6.,1.8));
#7588 = VECTOR('',#7589,1.);
#7589 = DIRECTION('',(-1.,0.,0.));
#7590 = ORIENTED_EDGE('',*,*,#7591,.F.);
#7591 = EDGE_CURVE('',#7592,#7584,#7594,.T.);
#7592 = VERTEX_POINT('',#7593);
#7593 = CARTESIAN_POINT('',(22.837,6.29,1.8));
#7594 = LINE('',#7595,#7596);
#7595 = CARTESIAN_POINT('',(15.126556543076,14.000443456924,1.8));
#7596 = VECTOR('',#7597,1.);
#7597 = DIRECTION('',(0.707106781187,-0.707106781187,0.));
#7598 = ORIENTED_EDGE('',*,*,#7599,.F.);
#7599 = EDGE_CURVE('',#7600,#7592,#7602,.T.);
#7600 = VERTEX_POINT('',#7601);
#7601 = CARTESIAN_POINT('',(26.517,6.29,1.8));
#7602 = B_SPLINE_CURVE_WITH_KNOTS('',1,(#7603,#7604),.UNSPECIFIED.,.F.,
  .F.,(2,2),(0.,1.),.PIECEWISE_BEZIER_KNOTS.);
#7603 = CARTESIAN_POINT('',(27.14842912023,6.29,1.8));
#7604 = CARTESIAN_POINT('',(16.898630407771,6.29,1.8));
#7605 = ORIENTED_EDGE('',*,*,#7606,.F.);
#7606 = EDGE_CURVE('',#7607,#7600,#7609,.T.);
#7607 = VERTEX_POINT('',#7608);
#7608 = CARTESIAN_POINT('',(26.227,6.,1.8));
#7609 = LINE('',#7610,#7611);
#7610 = CARTESIAN_POINT('',(50.480411890053,30.253411890053,1.8));
#7611 = VECTOR('',#7612,1.);
#7612 = DIRECTION('',(0.707106781187,0.707106781187,-0.));
#7613 = ORIENTED_EDGE('',*,*,#7614,.F.);
#7614 = EDGE_CURVE('',#7615,#7607,#7617,.T.);
#7615 = VERTEX_POINT('',#7616);
#7616 = CARTESIAN_POINT('',(33.127,6.,1.8));
#7617 = LINE('',#7618,#7619);
#7618 = CARTESIAN_POINT('',(40.004968433129,6.,1.8));
#7619 = VECTOR('',#7620,1.);
#7620 = DIRECTION('',(-1.,0.,0.));
#7621 = ORIENTED_EDGE('',*,*,#7622,.F.);
#7622 = EDGE_CURVE('',#7325,#7615,#7623,.T.);
#7623 = LINE('',#7624,#7625);
#7624 = CARTESIAN_POINT('',(22.626556543076,16.500443456924,1.8));
#7625 = VECTOR('',#7626,1.);
#7626 = DIRECTION('',(0.707106781187,-0.707106781187,0.));
#7627 = PLANE('',#7628);
#7628 = AXIS2_PLACEMENT_3D('',#7629,#7630,#7631);
#7629 = CARTESIAN_POINT('',(53.782936866258,68.657710693955,1.8));
#7630 = DIRECTION('',(-0.,-0.,-1.));
#7631 = DIRECTION('',(-1.,0.,0.));
#7632 = ADVANCED_FACE('',(#7633),#7701,.F.);
#7633 = FACE_BOUND('',#7634,.F.);
#7634 = EDGE_LOOP('',(#7635,#7641,#7642,#7643,#7651,#7659,#7667,#7675,
    #7681,#7682,#7690,#7698,#7699,#7700));
#7635 = ORIENTED_EDGE('',*,*,#7636,.F.);
#7636 = EDGE_CURVE('',#4865,#7020,#7637,.T.);
#7637 = LINE('',#7638,#7639);
#7638 = CARTESIAN_POINT('',(35.9226,1.,4.9));
#7639 = VECTOR('',#7640,1.);
#7640 = DIRECTION('',(-0.,-0.,-1.));
#7641 = ORIENTED_EDGE('',*,*,#4862,.F.);
#7642 = ORIENTED_EDGE('',*,*,#5004,.T.);
#7643 = ORIENTED_EDGE('',*,*,#7644,.T.);
#7644 = EDGE_CURVE('',#4997,#7645,#7647,.T.);
#7645 = VERTEX_POINT('',#7646);
#7646 = CARTESIAN_POINT('',(35.9226,2.7,1.9));
#7647 = LINE('',#7648,#7649);
#7648 = CARTESIAN_POINT('',(35.9226,2.838107692308,1.692838461538));
#7649 = VECTOR('',#7650,1.);
#7650 = DIRECTION('',(0.,0.554700196225,-0.832050294338));
#7651 = ORIENTED_EDGE('',*,*,#7652,.T.);
#7652 = EDGE_CURVE('',#7645,#7653,#7655,.T.);
#7653 = VERTEX_POINT('',#7654);
#7654 = CARTESIAN_POINT('',(35.9226,3.9,1.9));
#7655 = LINE('',#7656,#7657);
#7656 = CARTESIAN_POINT('',(35.9226,5.99885,1.9));
#7657 = VECTOR('',#7658,1.);
#7658 = DIRECTION('',(0.,1.,0.));
#7659 = ORIENTED_EDGE('',*,*,#7660,.T.);
#7660 = EDGE_CURVE('',#7653,#7661,#7663,.T.);
#7661 = VERTEX_POINT('',#7662);
#7662 = CARTESIAN_POINT('',(35.9226,4.34999999117,2.350000155882));
#7663 = LINE('',#7664,#7665);
#7664 = CARTESIAN_POINT('',(35.9226,5.924424611469,3.92442535246));
#7665 = VECTOR('',#7666,1.);
#7666 = DIRECTION('',(0.,0.707106651777,0.707106910596));
#7667 = ORIENTED_EDGE('',*,*,#7668,.T.);
#7668 = EDGE_CURVE('',#7661,#7669,#7671,.T.);
#7669 = VERTEX_POINT('',#7670);
#7670 = CARTESIAN_POINT('',(35.9226,3.9,2.8));
#7671 = LINE('',#7672,#7673);
#7672 = CARTESIAN_POINT('',(35.9226,4.424425342933,2.27557482844));
#7673 = VECTOR('',#7674,1.);
#7674 = DIRECTION('',(0.,-0.707106896721,0.707106665652));
#7675 = ORIENTED_EDGE('',*,*,#7676,.T.);
#7676 = EDGE_CURVE('',#7669,#5149,#7677,.T.);
#7677 = LINE('',#7678,#7679);
#7678 = CARTESIAN_POINT('',(35.9226,3.9,4.3));
#7679 = VECTOR('',#7680,1.);
#7680 = DIRECTION('',(0.,0.,1.));
#7681 = ORIENTED_EDGE('',*,*,#5156,.F.);
#7682 = ORIENTED_EDGE('',*,*,#7683,.T.);
#7683 = EDGE_CURVE('',#5157,#7684,#7686,.T.);
#7684 = VERTEX_POINT('',#7685);
#7685 = CARTESIAN_POINT('',(35.9226,8.0977,3.6077));
#7686 = LINE('',#7687,#7688);
#7687 = CARTESIAN_POINT('',(35.9226,8.0977,4.9));
#7688 = VECTOR('',#7689,1.);
#7689 = DIRECTION('',(-0.,-0.,-1.));
#7690 = ORIENTED_EDGE('',*,*,#7691,.F.);
#7691 = EDGE_CURVE('',#7323,#7684,#7692,.T.);
#7692 = B_SPLINE_CURVE_WITH_KNOTS('',4,(#7693,#7694,#7695,#7696,#7697),
  .UNSPECIFIED.,.F.,.F.,(5,5),(0.,1.),.PIECEWISE_BEZIER_KNOTS.);
#7693 = CARTESIAN_POINT('',(35.9226,6.09,1.6));
#7694 = CARTESIAN_POINT('',(35.9226,6.594081628368,2.104081628368));
#7695 = CARTESIAN_POINT('',(35.9226,7.096761525863,2.606761525863));
#7696 = CARTESIAN_POINT('',(35.9226,7.597986412109,3.107986412109));
#7697 = CARTESIAN_POINT('',(35.9226,8.0977,3.6077));
#7698 = ORIENTED_EDGE('',*,*,#7331,.F.);
#7699 = ORIENTED_EDGE('',*,*,#3738,.T.);
#7700 = ORIENTED_EDGE('',*,*,#7019,.T.);
#7701 = PLANE('',#7702);
#7702 = AXIS2_PLACEMENT_3D('',#7703,#7704,#7705);
#7703 = CARTESIAN_POINT('',(35.9226,8.0977,4.9));
#7704 = DIRECTION('',(-1.,0.,0.));
#7705 = DIRECTION('',(0.,-1.,0.));
#7706 = ADVANCED_FACE('',(#7707),#7800,.T.);
#7707 = FACE_BOUND('',#7708,.T.);
#7708 = EDGE_LOOP('',(#7709,#7717,#7725,#7733,#7741,#7749,#7757,#7765,
    #7773,#7781,#7789,#7797,#7798,#7799));
#7709 = ORIENTED_EDGE('',*,*,#7710,.F.);
#7710 = EDGE_CURVE('',#7711,#7011,#7713,.T.);
#7711 = VERTEX_POINT('',#7712);
#7712 = CARTESIAN_POINT('',(41.9226,1.,4.9));
#7713 = LINE('',#7714,#7715);
#7714 = CARTESIAN_POINT('',(41.9226,1.,4.9));
#7715 = VECTOR('',#7716,1.);
#7716 = DIRECTION('',(-0.,-0.,-1.));
#7717 = ORIENTED_EDGE('',*,*,#7718,.F.);
#7718 = EDGE_CURVE('',#7719,#7711,#7721,.T.);
#7719 = VERTEX_POINT('',#7720);
#7720 = CARTESIAN_POINT('',(41.9226,1.5,4.9));
#7721 = LINE('',#7722,#7723);
#7722 = CARTESIAN_POINT('',(41.9226,8.0977,4.9));
#7723 = VECTOR('',#7724,1.);
#7724 = DIRECTION('',(0.,-1.,0.));
#7725 = ORIENTED_EDGE('',*,*,#7726,.T.);
#7726 = EDGE_CURVE('',#7719,#7727,#7729,.T.);
#7727 = VERTEX_POINT('',#7728);
#7728 = CARTESIAN_POINT('',(41.9226,1.5,3.7));
#7729 = LINE('',#7730,#7731);
#7730 = CARTESIAN_POINT('',(41.9226,1.5,4.9));
#7731 = VECTOR('',#7732,1.);
#7732 = DIRECTION('',(-0.,-0.,-1.));
#7733 = ORIENTED_EDGE('',*,*,#7734,.T.);
#7734 = EDGE_CURVE('',#7727,#7735,#7737,.T.);
#7735 = VERTEX_POINT('',#7736);
#7736 = CARTESIAN_POINT('',(41.9226,2.7,1.9));
#7737 = LINE('',#7738,#7739);
#7738 = CARTESIAN_POINT('',(41.9226,2.838107692308,1.692838461538));
#7739 = VECTOR('',#7740,1.);
#7740 = DIRECTION('',(0.,0.554700196225,-0.832050294338));
#7741 = ORIENTED_EDGE('',*,*,#7742,.T.);
#7742 = EDGE_CURVE('',#7735,#7743,#7745,.T.);
#7743 = VERTEX_POINT('',#7744);
#7744 = CARTESIAN_POINT('',(41.9226,3.9,1.9));
#7745 = LINE('',#7746,#7747);
#7746 = CARTESIAN_POINT('',(41.9226,5.99885,1.9));
#7747 = VECTOR('',#7748,1.);
#7748 = DIRECTION('',(0.,1.,0.));
#7749 = ORIENTED_EDGE('',*,*,#7750,.T.);
#7750 = EDGE_CURVE('',#7743,#7751,#7753,.T.);
#7751 = VERTEX_POINT('',#7752);
#7752 = CARTESIAN_POINT('',(41.9226,4.34999999117,2.350000155882));
#7753 = LINE('',#7754,#7755);
#7754 = CARTESIAN_POINT('',(41.9226,5.924424611469,3.92442535246));
#7755 = VECTOR('',#7756,1.);
#7756 = DIRECTION('',(0.,0.707106651777,0.707106910596));
#7757 = ORIENTED_EDGE('',*,*,#7758,.T.);
#7758 = EDGE_CURVE('',#7751,#7759,#7761,.T.);
#7759 = VERTEX_POINT('',#7760);
#7760 = CARTESIAN_POINT('',(41.9226,3.9,2.8));
#7761 = LINE('',#7762,#7763);
#7762 = CARTESIAN_POINT('',(41.9226,4.424425342933,2.27557482844));
#7763 = VECTOR('',#7764,1.);
#7764 = DIRECTION('',(0.,-0.707106896721,0.707106665652));
#7765 = ORIENTED_EDGE('',*,*,#7766,.T.);
#7766 = EDGE_CURVE('',#7759,#7767,#7769,.T.);
#7767 = VERTEX_POINT('',#7768);
#7768 = CARTESIAN_POINT('',(41.9226,3.9,3.7));
#7769 = LINE('',#7770,#7771);
#7770 = CARTESIAN_POINT('',(41.9226,3.9,4.3));
#7771 = VECTOR('',#7772,1.);
#7772 = DIRECTION('',(0.,0.,1.));
#7773 = ORIENTED_EDGE('',*,*,#7774,.F.);
#7774 = EDGE_CURVE('',#7775,#7767,#7777,.T.);
#7775 = VERTEX_POINT('',#7776);
#7776 = CARTESIAN_POINT('',(41.9226,8.0977,3.7));
#7777 = LINE('',#7778,#7779);
#7778 = CARTESIAN_POINT('',(41.9226,42.428343350515,3.7));
#7779 = VECTOR('',#7780,1.);
#7780 = DIRECTION('',(0.,-1.,0.));
#7781 = ORIENTED_EDGE('',*,*,#7782,.T.);
#7782 = EDGE_CURVE('',#7775,#7783,#7785,.T.);
#7783 = VERTEX_POINT('',#7784);
#7784 = CARTESIAN_POINT('',(41.9226,8.0977,3.6077));
#7785 = LINE('',#7786,#7787);
#7786 = CARTESIAN_POINT('',(41.9226,8.0977,4.9));
#7787 = VECTOR('',#7788,1.);
#7788 = DIRECTION('',(-0.,-0.,-1.));
#7789 = ORIENTED_EDGE('',*,*,#7790,.F.);
#7790 = EDGE_CURVE('',#7186,#7783,#7791,.T.);
#7791 = B_SPLINE_CURVE_WITH_KNOTS('',4,(#7792,#7793,#7794,#7795,#7796),
  .UNSPECIFIED.,.F.,.F.,(5,5),(0.,1.),.PIECEWISE_BEZIER_KNOTS.);
#7792 = CARTESIAN_POINT('',(41.9226,6.09,1.6));
#7793 = CARTESIAN_POINT('',(41.9226,6.593762484506,2.103762484506));
#7794 = CARTESIAN_POINT('',(41.9226,7.096332687858,2.606332687858));
#7795 = CARTESIAN_POINT('',(41.9226,7.597662382755,3.107662382755));
#7796 = CARTESIAN_POINT('',(41.9226,8.0977,3.6077));
#7797 = ORIENTED_EDGE('',*,*,#7185,.F.);
#7798 = ORIENTED_EDGE('',*,*,#3722,.T.);
#7799 = ORIENTED_EDGE('',*,*,#7010,.T.);
#7800 = PLANE('',#7801);
#7801 = AXIS2_PLACEMENT_3D('',#7802,#7803,#7804);
#7802 = CARTESIAN_POINT('',(41.9226,8.0977,4.9));
#7803 = DIRECTION('',(-1.,0.,0.));
#7804 = DIRECTION('',(0.,-1.,0.));
#7805 = ADVANCED_FACE('',(#7806),#7841,.T.);
#7806 = FACE_BOUND('',#7807,.T.);
#7807 = EDGE_LOOP('',(#7808,#7818,#7825,#7826,#7832,#7833,#7834,#7835));
#7808 = ORIENTED_EDGE('',*,*,#7809,.T.);
#7809 = EDGE_CURVE('',#7810,#7812,#7814,.T.);
#7810 = VERTEX_POINT('',#7811);
#7811 = CARTESIAN_POINT('',(110.02699999999,134.69999999999,1.6));
#7812 = VERTEX_POINT('',#7813);
#7813 = CARTESIAN_POINT('',(110.02699999999,139.,1.6));
#7814 = LINE('',#7815,#7816);
#7815 = CARTESIAN_POINT('',(110.02699999999,134.69999999999,1.6));
#7816 = VECTOR('',#7817,1.);
#7817 = DIRECTION('',(0.,1.,0.));
#7818 = ORIENTED_EDGE('',*,*,#7819,.T.);
#7819 = EDGE_CURVE('',#7812,#5101,#7820,.T.);
#7820 = CIRCLE('',#7821,9.499999999999);
#7821 = AXIS2_PLACEMENT_3D('',#7822,#7823,#7824);
#7822 = CARTESIAN_POINT('',(100.527,139.,1.6));
#7823 = DIRECTION('',(0.,0.,1.));
#7824 = DIRECTION('',(1.,0.,0.));
#7825 = ORIENTED_EDGE('',*,*,#5100,.F.);
#7826 = ORIENTED_EDGE('',*,*,#7827,.T.);
#7827 = EDGE_CURVE('',#5093,#3835,#7828,.T.);
#7828 = LINE('',#7829,#7830);
#7829 = CARTESIAN_POINT('',(96.227,148.49999999999,1.6));
#7830 = VECTOR('',#7831,1.);
#7831 = DIRECTION('',(0.,-1.,0.));
#7832 = ORIENTED_EDGE('',*,*,#3842,.F.);
#7833 = ORIENTED_EDGE('',*,*,#3866,.T.);
#7834 = ORIENTED_EDGE('',*,*,#3891,.F.);
#7835 = ORIENTED_EDGE('',*,*,#7836,.T.);
#7836 = EDGE_CURVE('',#3892,#7810,#7837,.T.);
#7837 = LINE('',#7838,#7839);
#7838 = CARTESIAN_POINT('',(100.527,134.69999999999,1.6));
#7839 = VECTOR('',#7840,1.);
#7840 = DIRECTION('',(1.,0.,0.));
#7841 = PLANE('',#7842);
#7842 = AXIS2_PLACEMENT_3D('',#7843,#7844,#7845);
#7843 = CARTESIAN_POINT('',(55.244895055803,140.71133427377,1.6));
#7844 = DIRECTION('',(0.,0.,1.));
#7845 = DIRECTION('',(1.,0.,0.));
#7846 = ADVANCED_FACE('',(#7847),#7890,.F.);
#7847 = FACE_BOUND('',#7848,.F.);
#7848 = EDGE_LOOP('',(#7849,#7857,#7858,#7859,#7860,#7868,#7876,#7884));
#7849 = ORIENTED_EDGE('',*,*,#7850,.F.);
#7850 = EDGE_CURVE('',#5085,#7851,#7853,.T.);
#7851 = VERTEX_POINT('',#7852);
#7852 = CARTESIAN_POINT('',(96.227,144.99999999999,3.7));
#7853 = LINE('',#7854,#7855);
#7854 = CARTESIAN_POINT('',(96.227,112.62949335051,3.7));
#7855 = VECTOR('',#7856,1.);
#7856 = DIRECTION('',(0.,-1.,0.));
#7857 = ORIENTED_EDGE('',*,*,#5092,.T.);
#7858 = ORIENTED_EDGE('',*,*,#7827,.T.);
#7859 = ORIENTED_EDGE('',*,*,#3834,.F.);
#7860 = ORIENTED_EDGE('',*,*,#7861,.F.);
#7861 = EDGE_CURVE('',#7862,#3827,#7864,.T.);
#7862 = VERTEX_POINT('',#7863);
#7863 = CARTESIAN_POINT('',(96.227,143.83256842193,1.8));
#7864 = LINE('',#7865,#7866);
#7865 = CARTESIAN_POINT('',(96.227,111.74999999999,1.8));
#7866 = VECTOR('',#7867,1.);
#7867 = DIRECTION('',(0.,1.,0.));
#7868 = ORIENTED_EDGE('',*,*,#7869,.F.);
#7869 = EDGE_CURVE('',#7870,#7862,#7872,.T.);
#7870 = VERTEX_POINT('',#7871);
#7871 = CARTESIAN_POINT('',(96.227,142.04278258744,4.9));
#7872 = LINE('',#7873,#7874);
#7873 = CARTESIAN_POINT('',(96.227,143.82854347029,1.806971420743));
#7874 = VECTOR('',#7875,1.);
#7875 = DIRECTION('',(0.,0.5,-0.866025403784));
#7876 = ORIENTED_EDGE('',*,*,#7877,.F.);
#7877 = EDGE_CURVE('',#7878,#7870,#7880,.T.);
#7878 = VERTEX_POINT('',#7879);
#7879 = CARTESIAN_POINT('',(96.227,144.99999999999,4.9));
#7880 = LINE('',#7881,#7882);
#7881 = CARTESIAN_POINT('',(96.227,148.49999999999,4.9));
#7882 = VECTOR('',#7883,1.);
#7883 = DIRECTION('',(0.,-1.,0.));
#7884 = ORIENTED_EDGE('',*,*,#7885,.F.);
#7885 = EDGE_CURVE('',#7851,#7878,#7886,.T.);
#7886 = LINE('',#7887,#7888);
#7887 = CARTESIAN_POINT('',(96.227,144.99999999999,4.9));
#7888 = VECTOR('',#7889,1.);
#7889 = DIRECTION('',(0.,0.,1.));
#7890 = PLANE('',#7891);
#7891 = AXIS2_PLACEMENT_3D('',#7892,#7893,#7894);
#7892 = CARTESIAN_POINT('',(96.227,148.49999999999,4.9));
#7893 = DIRECTION('',(-1.,0.,0.));
#7894 = DIRECTION('',(0.,-1.,0.));
#7895 = ADVANCED_FACE('',(#7896),#8170,.T.);
#7896 = FACE_BOUND('',#7897,.T.);
#7897 = EDGE_LOOP('',(#7898,#7899,#7907,#7915,#7923,#7931,#7939,#7947,
    #7955,#7963,#7971,#7979,#7987,#7995,#8003,#8011,#8019,#8027,#8035,
    #8043,#8051,#8059,#8067,#8075,#8083,#8091,#8099,#8107,#8115,#8123,
    #8131,#8139,#8147,#8155,#8163,#8169));
#7898 = ORIENTED_EDGE('',*,*,#7861,.F.);
#7899 = ORIENTED_EDGE('',*,*,#7900,.F.);
#7900 = EDGE_CURVE('',#7901,#7862,#7903,.T.);
#7901 = VERTEX_POINT('',#7902);
#7902 = CARTESIAN_POINT('',(94.322559658346,143.83256842193,1.8));
#7903 = LINE('',#7904,#7905);
#7904 = CARTESIAN_POINT('',(77.154968593712,143.83256842193,1.8));
#7905 = VECTOR('',#7906,1.);
#7906 = DIRECTION('',(1.,0.,-0.));
#7907 = ORIENTED_EDGE('',*,*,#7908,.F.);
#7908 = EDGE_CURVE('',#7909,#7901,#7911,.T.);
#7909 = VERTEX_POINT('',#7910);
#7910 = CARTESIAN_POINT('',(94.477000321166,143.98700908475,1.8));
#7911 = LINE('',#7912,#7913);
#7912 = CARTESIAN_POINT('',(64.496159859739,114.00616862332,1.8));
#7913 = VECTOR('',#7914,1.);
#7914 = DIRECTION('',(-0.707106781187,-0.707106781187,0.));
#7915 = ORIENTED_EDGE('',*,*,#7916,.F.);
#7916 = EDGE_CURVE('',#7917,#7909,#7919,.T.);
#7917 = VERTEX_POINT('',#7918);
#7918 = CARTESIAN_POINT('',(88.177000321166,143.98700908475,1.8));
#7919 = LINE('',#7920,#7921);
#7920 = CARTESIAN_POINT('',(74.129968593712,143.98700908475,1.8));
#7921 = VECTOR('',#7922,1.);
#7922 = DIRECTION('',(1.,0.,0.));
#7923 = ORIENTED_EDGE('',*,*,#7924,.F.);
#7924 = EDGE_CURVE('',#7925,#7917,#7927,.T.);
#7925 = VERTEX_POINT('',#7926);
#7926 = CARTESIAN_POINT('',(88.331440983986,143.83256842193,1.8));
#7927 = LINE('',#7928,#7929);
#7928 = CARTESIAN_POINT('',(98.410809055139,133.75320035078,1.8));
#7929 = VECTOR('',#7930,1.);
#7930 = DIRECTION('',(-0.707106781187,0.707106781187,0.));
#7931 = ORIENTED_EDGE('',*,*,#7932,.F.);
#7932 = EDGE_CURVE('',#7933,#7925,#7935,.T.);
#7933 = VERTEX_POINT('',#7934);
#7934 = CARTESIAN_POINT('',(84.751131086917,143.83256842193,1.8));
#7935 = LINE('',#7936,#7937);
#7936 = CARTESIAN_POINT('',(77.154968593712,143.83256842193,1.8));
#7937 = VECTOR('',#7938,1.);
#7938 = DIRECTION('',(1.,0.,-0.));
#7939 = ORIENTED_EDGE('',*,*,#7940,.F.);
#7940 = EDGE_CURVE('',#7941,#7933,#7943,.T.);
#7941 = VERTEX_POINT('',#7942);
#7942 = CARTESIAN_POINT('',(84.905571749738,143.98700908475,1.8));
#7943 = LINE('',#7944,#7945);
#7944 = CARTESIAN_POINT('',(57.317588431168,116.39902576618,1.8));
#7945 = VECTOR('',#7946,1.);
#7946 = DIRECTION('',(-0.707106781187,-0.707106781187,0.));
#7947 = ORIENTED_EDGE('',*,*,#7948,.F.);
#7948 = EDGE_CURVE('',#7949,#7941,#7951,.T.);
#7949 = VERTEX_POINT('',#7950);
#7950 = CARTESIAN_POINT('',(78.605571749737,143.98700908475,1.8));
#7951 = LINE('',#7952,#7953);
#7952 = CARTESIAN_POINT('',(69.344254307998,143.98700908475,1.8));
#7953 = VECTOR('',#7954,1.);
#7954 = DIRECTION('',(1.,0.,0.));
#7955 = ORIENTED_EDGE('',*,*,#7956,.F.);
#7956 = EDGE_CURVE('',#7957,#7949,#7959,.T.);
#7957 = VERTEX_POINT('',#7958);
#7958 = CARTESIAN_POINT('',(78.760012412558,143.83256842193,1.8));
#7959 = LINE('',#7960,#7961);
#7960 = CARTESIAN_POINT('',(91.232237626567,131.36034320792,1.8));
#7961 = VECTOR('',#7962,1.);
#7962 = DIRECTION('',(-0.707106781187,0.707106781187,0.));
#7963 = ORIENTED_EDGE('',*,*,#7964,.F.);
#7964 = EDGE_CURVE('',#7965,#7957,#7967,.T.);
#7965 = VERTEX_POINT('',#7966);
#7966 = CARTESIAN_POINT('',(75.179702515489,143.83256842193,1.8));
#7967 = LINE('',#7968,#7969);
#7968 = CARTESIAN_POINT('',(77.154968593712,143.83256842193,1.8));
#7969 = VECTOR('',#7970,1.);
#7970 = DIRECTION('',(1.,0.,-0.));
#7971 = ORIENTED_EDGE('',*,*,#7972,.F.);
#7972 = EDGE_CURVE('',#7973,#7965,#7975,.T.);
#7973 = VERTEX_POINT('',#7974);
#7974 = CARTESIAN_POINT('',(75.334143178309,143.98700908475,1.8));
#7975 = LINE('',#7976,#7977);
#7976 = CARTESIAN_POINT('',(50.139017002596,118.79188290904,1.8));
#7977 = VECTOR('',#7978,1.);
#7978 = DIRECTION('',(-0.707106781187,-0.707106781187,0.));
#7979 = ORIENTED_EDGE('',*,*,#7980,.F.);
#7980 = EDGE_CURVE('',#7981,#7973,#7983,.T.);
#7981 = VERTEX_POINT('',#7982);
#7982 = CARTESIAN_POINT('',(69.034143178308,143.98700908475,1.8));
#7983 = LINE('',#7984,#7985);
#7984 = CARTESIAN_POINT('',(64.558540022284,143.98700908475,1.8));
#7985 = VECTOR('',#7986,1.);
#7986 = DIRECTION('',(1.,0.,0.));
#7987 = ORIENTED_EDGE('',*,*,#7988,.F.);
#7988 = EDGE_CURVE('',#7989,#7981,#7991,.T.);
#7989 = VERTEX_POINT('',#7990);
#7990 = CARTESIAN_POINT('',(69.188583841129,143.83256842193,1.8));
#7991 = LINE('',#7992,#7993);
#7992 = CARTESIAN_POINT('',(84.053666197996,128.96748606506,1.8));
#7993 = VECTOR('',#7994,1.);
#7994 = DIRECTION('',(-0.707106781187,0.707106781187,0.));
#7995 = ORIENTED_EDGE('',*,*,#7996,.F.);
#7996 = EDGE_CURVE('',#7997,#7989,#7999,.T.);
#7997 = VERTEX_POINT('',#7998);
#7998 = CARTESIAN_POINT('',(65.60827394406,143.83256842193,1.8));
#7999 = LINE('',#8000,#8001);
#8000 = CARTESIAN_POINT('',(77.154968593712,143.83256842193,1.8));
#8001 = VECTOR('',#8002,1.);
#8002 = DIRECTION('',(1.,0.,-0.));
#8003 = ORIENTED_EDGE('',*,*,#8004,.F.);
#8004 = EDGE_CURVE('',#8005,#7997,#8007,.T.);
#8005 = VERTEX_POINT('',#8006);
#8006 = CARTESIAN_POINT('',(65.762714606881,143.98700908475,1.8));
#8007 = LINE('',#8008,#8009);
#8008 = CARTESIAN_POINT('',(42.960445574025,121.1847400519,1.8));
#8009 = VECTOR('',#8010,1.);
#8010 = DIRECTION('',(-0.707106781187,-0.707106781187,0.));
#8011 = ORIENTED_EDGE('',*,*,#8012,.F.);
#8012 = EDGE_CURVE('',#8013,#8005,#8015,.T.);
#8013 = VERTEX_POINT('',#8014);
#8014 = CARTESIAN_POINT('',(59.46271460688,143.98700908475,1.8));
#8015 = LINE('',#8016,#8017);
#8016 = CARTESIAN_POINT('',(59.772825736569,143.98700908475,1.8));
#8017 = VECTOR('',#8018,1.);
#8018 = DIRECTION('',(1.,0.,0.));
#8019 = ORIENTED_EDGE('',*,*,#8020,.F.);
#8020 = EDGE_CURVE('',#8021,#8013,#8023,.T.);
#8021 = VERTEX_POINT('',#8022);
#8022 = CARTESIAN_POINT('',(59.617155269701,143.83256842193,1.8));
#8023 = LINE('',#8024,#8025);
#8024 = CARTESIAN_POINT('',(76.875094769424,126.57462892221,1.8));
#8025 = VECTOR('',#8026,1.);
#8026 = DIRECTION('',(-0.707106781187,0.707106781187,0.));
#8027 = ORIENTED_EDGE('',*,*,#8028,.F.);
#8028 = EDGE_CURVE('',#8029,#8021,#8031,.T.);
#8029 = VERTEX_POINT('',#8030);
#8030 = CARTESIAN_POINT('',(56.036845372631,143.83256842193,1.8));
#8031 = LINE('',#8032,#8033);
#8032 = CARTESIAN_POINT('',(77.154968593712,143.83256842193,1.8));
#8033 = VECTOR('',#8034,1.);
#8034 = DIRECTION('',(1.,0.,-0.));
#8035 = ORIENTED_EDGE('',*,*,#8036,.F.);
#8036 = EDGE_CURVE('',#8037,#8029,#8039,.T.);
#8037 = VERTEX_POINT('',#8038);
#8038 = CARTESIAN_POINT('',(56.191286035452,143.98700908475,1.8));
#8039 = LINE('',#8040,#8041);
#8040 = CARTESIAN_POINT('',(35.781874145453,123.57759719475,1.8));
#8041 = VECTOR('',#8042,1.);
#8042 = DIRECTION('',(-0.707106781187,-0.707106781187,0.));
#8043 = ORIENTED_EDGE('',*,*,#8044,.F.);
#8044 = EDGE_CURVE('',#8045,#8037,#8047,.T.);
#8045 = VERTEX_POINT('',#8046);
#8046 = CARTESIAN_POINT('',(49.891286035451,143.98700908475,1.8));
#8047 = LINE('',#8048,#8049);
#8048 = CARTESIAN_POINT('',(54.987111450855,143.98700908475,1.8));
#8049 = VECTOR('',#8050,1.);
#8050 = DIRECTION('',(1.,0.,0.));
#8051 = ORIENTED_EDGE('',*,*,#8052,.F.);
#8052 = EDGE_CURVE('',#8053,#8045,#8055,.T.);
#8053 = VERTEX_POINT('',#8054);
#8054 = CARTESIAN_POINT('',(50.045726698272,143.83256842193,1.8));
#8055 = LINE('',#8056,#8057);
#8056 = CARTESIAN_POINT('',(69.696523340853,124.18177177935,1.8));
#8057 = VECTOR('',#8058,1.);
#8058 = DIRECTION('',(-0.707106781187,0.707106781187,0.));
#8059 = ORIENTED_EDGE('',*,*,#8060,.F.);
#8060 = EDGE_CURVE('',#8061,#8053,#8063,.T.);
#8061 = VERTEX_POINT('',#8062);
#8062 = CARTESIAN_POINT('',(46.465416801203,143.83256842193,1.8));
#8063 = LINE('',#8064,#8065);
#8064 = CARTESIAN_POINT('',(77.154968593712,143.83256842193,1.8));
#8065 = VECTOR('',#8066,1.);
#8066 = DIRECTION('',(1.,0.,-0.));
#8067 = ORIENTED_EDGE('',*,*,#8068,.F.);
#8068 = EDGE_CURVE('',#8069,#8061,#8071,.T.);
#8069 = VERTEX_POINT('',#8070);
#8070 = CARTESIAN_POINT('',(46.619857464024,143.98700908475,1.8));
#8071 = LINE('',#8072,#8073);
#8072 = CARTESIAN_POINT('',(28.603302716882,125.97045433761,1.8));
#8073 = VECTOR('',#8074,1.);
#8074 = DIRECTION('',(-0.707106781187,-0.707106781187,0.));
#8075 = ORIENTED_EDGE('',*,*,#8076,.F.);
#8076 = EDGE_CURVE('',#8077,#8069,#8079,.T.);
#8077 = VERTEX_POINT('',#8078);
#8078 = CARTESIAN_POINT('',(40.319857464023,143.98700908475,1.8));
#8079 = LINE('',#8080,#8081);
#8080 = CARTESIAN_POINT('',(50.201397165141,143.98700908475,1.8));
#8081 = VECTOR('',#8082,1.);
#8082 = DIRECTION('',(1.,0.,0.));
#8083 = ORIENTED_EDGE('',*,*,#8084,.F.);
#8084 = EDGE_CURVE('',#8085,#8077,#8087,.T.);
#8085 = VERTEX_POINT('',#8086);
#8086 = CARTESIAN_POINT('',(40.474298126843,143.83256842193,1.8));
#8087 = LINE('',#8088,#8089);
#8088 = CARTESIAN_POINT('',(62.517951912282,121.78891463649,1.8));
#8089 = VECTOR('',#8090,1.);
#8090 = DIRECTION('',(-0.707106781187,0.707106781187,0.));
#8091 = ORIENTED_EDGE('',*,*,#8092,.F.);
#8092 = EDGE_CURVE('',#8093,#8085,#8095,.T.);
#8093 = VERTEX_POINT('',#8094);
#8094 = CARTESIAN_POINT('',(36.893988229774,143.83256842193,1.8));
#8095 = LINE('',#8096,#8097);
#8096 = CARTESIAN_POINT('',(77.154968593712,143.83256842193,1.8));
#8097 = VECTOR('',#8098,1.);
#8098 = DIRECTION('',(1.,0.,-0.));
#8099 = ORIENTED_EDGE('',*,*,#8100,.F.);
#8100 = EDGE_CURVE('',#8101,#8093,#8103,.T.);
#8101 = VERTEX_POINT('',#8102);
#8102 = CARTESIAN_POINT('',(37.048428892595,143.98700908475,1.8));
#8103 = LINE('',#8104,#8105);
#8104 = CARTESIAN_POINT('',(21.424731288311,128.36331148047,1.8));
#8105 = VECTOR('',#8106,1.);
#8106 = DIRECTION('',(-0.707106781187,-0.707106781187,0.));
#8107 = ORIENTED_EDGE('',*,*,#8108,.F.);
#8108 = EDGE_CURVE('',#8109,#8101,#8111,.T.);
#8109 = VERTEX_POINT('',#8110);
#8110 = CARTESIAN_POINT('',(30.748428892594,143.98700908475,1.8));
#8111 = LINE('',#8112,#8113);
#8112 = CARTESIAN_POINT('',(45.415682879427,143.98700908475,1.8));
#8113 = VECTOR('',#8114,1.);
#8114 = DIRECTION('',(1.,0.,0.));
#8115 = ORIENTED_EDGE('',*,*,#8116,.F.);
#8116 = EDGE_CURVE('',#8117,#8109,#8119,.T.);
#8117 = VERTEX_POINT('',#8118);
#8118 = CARTESIAN_POINT('',(30.902869555415,143.83256842193,1.8));
#8119 = LINE('',#8120,#8121);
#8120 = CARTESIAN_POINT('',(55.33938048371,119.39605749364,1.8));
#8121 = VECTOR('',#8122,1.);
#8122 = DIRECTION('',(-0.707106781187,0.707106781187,0.));
#8123 = ORIENTED_EDGE('',*,*,#8124,.F.);
#8124 = EDGE_CURVE('',#8125,#8117,#8127,.T.);
#8125 = VERTEX_POINT('',#8126);
#8126 = CARTESIAN_POINT('',(27.322559658346,143.83256842193,1.8));
#8127 = LINE('',#8128,#8129);
#8128 = CARTESIAN_POINT('',(77.154968593712,143.83256842193,1.8));
#8129 = VECTOR('',#8130,1.);
#8130 = DIRECTION('',(1.,0.,-0.));
#8131 = ORIENTED_EDGE('',*,*,#8132,.F.);
#8132 = EDGE_CURVE('',#8133,#8125,#8135,.T.);
#8133 = VERTEX_POINT('',#8134);
#8134 = CARTESIAN_POINT('',(27.477000321166,143.98700908475,1.8));
#8135 = LINE('',#8136,#8137);
#8136 = CARTESIAN_POINT('',(14.246159859739,130.75616862332,1.8));
#8137 = VECTOR('',#8138,1.);
#8138 = DIRECTION('',(-0.707106781187,-0.707106781187,0.));
#8139 = ORIENTED_EDGE('',*,*,#8140,.F.);
#8140 = EDGE_CURVE('',#8141,#8133,#8143,.T.);
#8141 = VERTEX_POINT('',#8142);
#8142 = CARTESIAN_POINT('',(21.177000321166,143.98700908475,1.8));
#8143 = LINE('',#8144,#8145);
#8144 = CARTESIAN_POINT('',(40.629968593712,143.98700908475,1.8));
#8145 = VECTOR('',#8146,1.);
#8146 = DIRECTION('',(1.,0.,0.));
#8147 = ORIENTED_EDGE('',*,*,#8148,.F.);
#8148 = EDGE_CURVE('',#8149,#8141,#8151,.T.);
#8149 = VERTEX_POINT('',#8150);
#8150 = CARTESIAN_POINT('',(21.331440983986,143.83256842193,1.8));
#8151 = LINE('',#8152,#8153);
#8152 = CARTESIAN_POINT('',(48.160809055139,117.00320035078,1.8));
#8153 = VECTOR('',#8154,1.);
#8154 = DIRECTION('',(-0.707106781187,0.707106781187,0.));
#8155 = ORIENTED_EDGE('',*,*,#8156,.F.);
#8156 = EDGE_CURVE('',#8157,#8149,#8159,.T.);
#8157 = VERTEX_POINT('',#8158);
#8158 = CARTESIAN_POINT('',(17.51,143.83256842193,1.8));
#8159 = LINE('',#8160,#8161);
#8160 = CARTESIAN_POINT('',(77.154968593712,143.83256842193,1.8));
#8161 = VECTOR('',#8162,1.);
#8162 = DIRECTION('',(1.,0.,-0.));
#8163 = ORIENTED_EDGE('',*,*,#8164,.T.);
#8164 = EDGE_CURVE('',#8157,#3819,#8165,.T.);
#8165 = LINE('',#8166,#8167);
#8166 = CARTESIAN_POINT('',(17.51,111.74999999999,1.8));
#8167 = VECTOR('',#8168,1.);
#8168 = DIRECTION('',(0.,1.,0.));
#8169 = ORIENTED_EDGE('',*,*,#3826,.T.);
#8170 = PLANE('',#8171);
#8171 = AXIS2_PLACEMENT_3D('',#8172,#8173,#8174);
#8172 = CARTESIAN_POINT('',(53.782936866258,68.657710693955,1.8));
#8173 = DIRECTION('',(-0.,-0.,-1.));
#8174 = DIRECTION('',(-1.,0.,0.));
#8175 = ADVANCED_FACE('',(#8176),#8212,.T.);
#8176 = FACE_BOUND('',#8177,.T.);
#8177 = EDGE_LOOP('',(#8178,#8186,#8187,#8188,#8189,#8190,#8198,#8206));
#8178 = ORIENTED_EDGE('',*,*,#8179,.F.);
#8179 = EDGE_CURVE('',#5029,#8180,#8182,.T.);
#8180 = VERTEX_POINT('',#8181);
#8181 = CARTESIAN_POINT('',(17.51,144.99999999999,3.7));
#8182 = LINE('',#8183,#8184);
#8183 = CARTESIAN_POINT('',(17.51,112.62949335051,3.7));
#8184 = VECTOR('',#8185,1.);
#8185 = DIRECTION('',(0.,-1.,0.));
#8186 = ORIENTED_EDGE('',*,*,#5028,.T.);
#8187 = ORIENTED_EDGE('',*,*,#5289,.T.);
#8188 = ORIENTED_EDGE('',*,*,#3818,.F.);
#8189 = ORIENTED_EDGE('',*,*,#8164,.F.);
#8190 = ORIENTED_EDGE('',*,*,#8191,.F.);
#8191 = EDGE_CURVE('',#8192,#8157,#8194,.T.);
#8192 = VERTEX_POINT('',#8193);
#8193 = CARTESIAN_POINT('',(17.51,142.04278258744,4.9));
#8194 = LINE('',#8195,#8196);
#8195 = CARTESIAN_POINT('',(17.51,143.82854347029,1.806971420743));
#8196 = VECTOR('',#8197,1.);
#8197 = DIRECTION('',(0.,0.5,-0.866025403784));
#8198 = ORIENTED_EDGE('',*,*,#8199,.F.);
#8199 = EDGE_CURVE('',#8200,#8192,#8202,.T.);
#8200 = VERTEX_POINT('',#8201);
#8201 = CARTESIAN_POINT('',(17.51,144.99999999999,4.9));
#8202 = LINE('',#8203,#8204);
#8203 = CARTESIAN_POINT('',(17.51,148.49999999999,4.9));
#8204 = VECTOR('',#8205,1.);
#8205 = DIRECTION('',(0.,-1.,0.));
#8206 = ORIENTED_EDGE('',*,*,#8207,.F.);
#8207 = EDGE_CURVE('',#8180,#8200,#8208,.T.);
#8208 = LINE('',#8209,#8210);
#8209 = CARTESIAN_POINT('',(17.51,144.99999999999,4.9));
#8210 = VECTOR('',#8211,1.);
#8211 = DIRECTION('',(0.,0.,1.));
#8212 = PLANE('',#8213);
#8213 = AXIS2_PLACEMENT_3D('',#8214,#8215,#8216);
#8214 = CARTESIAN_POINT('',(17.51,148.49999999999,4.9));
#8215 = DIRECTION('',(-1.,0.,0.));
#8216 = DIRECTION('',(0.,-1.,0.));
#8217 = ADVANCED_FACE('',(#8218),#8683,.T.);
#8218 = FACE_BOUND('',#8219,.T.);
#8219 = EDGE_LOOP('',(#8220,#8228,#8235,#8243,#8251,#8259,#8266,#8274,
    #8282,#8290,#8297,#8305,#8313,#8321,#8328,#8355,#8362,#8370,#8378,
    #8386,#8393,#8401,#8409,#8417,#8424,#8432,#8440,#8448,#8455,#8463,
    #8471,#8479,#8486,#8494,#8502,#8510,#8517,#8525,#8533,#8541,#8548,
    #8556,#8564,#8572,#8579,#8587,#8595,#8603,#8610,#8618,#8626,#8634,
    #8641,#8649,#8657,#8665,#8672,#8678,#8679,#8680,#8681,#8682));
#8220 = ORIENTED_EDGE('',*,*,#8221,.F.);
#8221 = EDGE_CURVE('',#8222,#7300,#8224,.T.);
#8222 = VERTEX_POINT('',#8223);
#8223 = CARTESIAN_POINT('',(61.727,6.29,1.8));
#8224 = LINE('',#8225,#8226);
#8225 = CARTESIAN_POINT('',(61.727,10.05,1.8));
#8226 = VECTOR('',#8227,1.);
#8227 = DIRECTION('',(0.,-1.,0.));
#8228 = ORIENTED_EDGE('',*,*,#8229,.F.);
#8229 = EDGE_CURVE('',#8230,#8222,#8232,.T.);
#8230 = VERTEX_POINT('',#8231);
#8231 = CARTESIAN_POINT('',(63.034772762355,6.29,1.8));
#8232 = B_SPLINE_CURVE_WITH_KNOTS('',1,(#8233,#8234),.UNSPECIFIED.,.F.,
  .F.,(2,2),(0.,1.),.PIECEWISE_BEZIER_KNOTS.);
#8233 = CARTESIAN_POINT('',(80.760555259163,6.29,1.8));
#8234 = CARTESIAN_POINT('',(27.248461644553,6.29,1.8));
#8235 = ORIENTED_EDGE('',*,*,#8236,.F.);
#8236 = EDGE_CURVE('',#8237,#8230,#8239,.T.);
#8237 = VERTEX_POINT('',#8238);
#8238 = CARTESIAN_POINT('',(62.867341184306,6.,1.8));
#8239 = LINE('',#8240,#8241);
#8240 = CARTESIAN_POINT('',(75.932668241068,28.629810282097,1.8));
#8241 = VECTOR('',#8242,1.);
#8242 = DIRECTION('',(0.499999999962,0.866025403806,-0.));
#8243 = ORIENTED_EDGE('',*,*,#8244,.F.);
#8244 = EDGE_CURVE('',#8245,#8237,#8247,.T.);
#8245 = VERTEX_POINT('',#8246);
#8246 = CARTESIAN_POINT('',(65.507682368613,6.,1.8));
#8247 = LINE('',#8248,#8249);
#8248 = CARTESIAN_POINT('',(58.325139025282,6.,1.8));
#8249 = VECTOR('',#8250,1.);
#8250 = DIRECTION('',(-1.,0.,0.));
#8251 = ORIENTED_EDGE('',*,*,#8252,.F.);
#8252 = EDGE_CURVE('',#8253,#8245,#8255,.T.);
#8253 = VERTEX_POINT('',#8254);
#8254 = CARTESIAN_POINT('',(65.340250790548,6.29,1.8));
#8255 = LINE('',#8256,#8257);
#8256 = CARTESIAN_POINT('',(50.476296879833,32.03512337472,1.8));
#8257 = VECTOR('',#8258,1.);
#8258 = DIRECTION('',(0.5,-0.866025403784,0.));
#8259 = ORIENTED_EDGE('',*,*,#8260,.F.);
#8260 = EDGE_CURVE('',#8261,#8253,#8263,.T.);
#8261 = VERTEX_POINT('',#8262);
#8262 = CARTESIAN_POINT('',(78.317000321166,6.29,1.8));
#8263 = B_SPLINE_CURVE_WITH_KNOTS('',1,(#8264,#8265),.UNSPECIFIED.,.F.,
  .F.,(2,2),(0.,1.),.PIECEWISE_BEZIER_KNOTS.);
#8264 = CARTESIAN_POINT('',(80.760555259163,6.29,1.8));
#8265 = CARTESIAN_POINT('',(27.248461644553,6.29,1.8));
#8266 = ORIENTED_EDGE('',*,*,#8267,.T.);
#8267 = EDGE_CURVE('',#8261,#8268,#8270,.T.);
#8268 = VERTEX_POINT('',#8269);
#8269 = CARTESIAN_POINT('',(78.027000321166,6.,1.8));
#8270 = LINE('',#8271,#8272);
#8271 = CARTESIAN_POINT('',(87.630412130928,15.603411809762,1.8));
#8272 = VECTOR('',#8273,1.);
#8273 = DIRECTION('',(-0.707106781187,-0.707106781187,0.));
#8274 = ORIENTED_EDGE('',*,*,#8275,.T.);
#8275 = EDGE_CURVE('',#8268,#8276,#8278,.T.);
#8276 = VERTEX_POINT('',#8277);
#8277 = CARTESIAN_POINT('',(84.927000321166,6.,1.8));
#8278 = LINE('',#8279,#8280);
#8279 = CARTESIAN_POINT('',(69.354968593712,6.,1.8));
#8280 = VECTOR('',#8281,1.);
#8281 = DIRECTION('',(1.,0.,0.));
#8282 = ORIENTED_EDGE('',*,*,#8283,.T.);
#8283 = EDGE_CURVE('',#8276,#8284,#8286,.T.);
#8284 = VERTEX_POINT('',#8285);
#8285 = CARTESIAN_POINT('',(84.637000321166,6.29,1.8));
#8286 = LINE('',#8287,#8288);
#8287 = CARTESIAN_POINT('',(59.77655678395,31.150443537216,1.8));
#8288 = VECTOR('',#8289,1.);
#8289 = DIRECTION('',(-0.707106781187,0.707106781187,0.));
#8290 = ORIENTED_EDGE('',*,*,#8291,.F.);
#8291 = EDGE_CURVE('',#8292,#8284,#8294,.T.);
#8292 = VERTEX_POINT('',#8293);
#8293 = CARTESIAN_POINT('',(90.317000321166,6.29,1.8));
#8294 = B_SPLINE_CURVE_WITH_KNOTS('',1,(#8295,#8296),.UNSPECIFIED.,.F.,
  .F.,(2,2),(0.,1.),.PIECEWISE_BEZIER_KNOTS.);
#8295 = CARTESIAN_POINT('',(93.180352743301,6.29,1.8));
#8296 = CARTESIAN_POINT('',(80.860587783485,6.29,1.8));
#8297 = ORIENTED_EDGE('',*,*,#8298,.T.);
#8298 = EDGE_CURVE('',#8292,#8299,#8301,.T.);
#8299 = VERTEX_POINT('',#8300);
#8300 = CARTESIAN_POINT('',(90.027000321166,6.,1.8));
#8301 = LINE('',#8302,#8303);
#8302 = CARTESIAN_POINT('',(96.630412130928,12.603411809762,1.8));
#8303 = VECTOR('',#8304,1.);
#8304 = DIRECTION('',(-0.707106781187,-0.707106781187,0.));
#8305 = ORIENTED_EDGE('',*,*,#8306,.T.);
#8306 = EDGE_CURVE('',#8299,#8307,#8309,.T.);
#8307 = VERTEX_POINT('',#8308);
#8308 = CARTESIAN_POINT('',(96.927000321166,6.,1.8));
#8309 = LINE('',#8310,#8311);
#8310 = CARTESIAN_POINT('',(75.354968593712,6.,1.8));
#8311 = VECTOR('',#8312,1.);
#8312 = DIRECTION('',(1.,0.,0.));
#8313 = ORIENTED_EDGE('',*,*,#8314,.T.);
#8314 = EDGE_CURVE('',#8307,#8315,#8317,.T.);
#8315 = VERTEX_POINT('',#8316);
#8316 = CARTESIAN_POINT('',(96.637000321166,6.29,1.8));
#8317 = LINE('',#8318,#8319);
#8318 = CARTESIAN_POINT('',(68.776556783952,34.150443537218,1.8));
#8319 = VECTOR('',#8320,1.);
#8320 = DIRECTION('',(-0.707106781186,0.707106781187,0.));
#8321 = ORIENTED_EDGE('',*,*,#8322,.F.);
#8322 = EDGE_CURVE('',#8323,#8315,#8325,.T.);
#8323 = VERTEX_POINT('',#8324);
#8324 = CARTESIAN_POINT('',(100.52700002739,6.29,1.8));
#8325 = B_SPLINE_CURVE_WITH_KNOTS('',1,(#8326,#8327),.UNSPECIFIED.,.F.,
  .F.,(2,2),(0.,1.),.PIECEWISE_BEZIER_KNOTS.);
#8326 = CARTESIAN_POINT('',(100.52700002739,6.29,1.8));
#8327 = CARTESIAN_POINT('',(93.280385267623,6.29,1.8));
#8328 = ORIENTED_EDGE('',*,*,#8329,.F.);
#8329 = EDGE_CURVE('',#8330,#8323,#8332,.T.);
#8330 = VERTEX_POINT('',#8331);
#8331 = CARTESIAN_POINT('',(105.237,10.999999972612,1.8));
#8332 = B_SPLINE_CURVE_WITH_KNOTS('',6,(#8333,#8334,#8335,#8336,#8337,
    #8338,#8339,#8340,#8341,#8342,#8343,#8344,#8345,#8346,#8347,#8348,
    #8349,#8350,#8351,#8352,#8353,#8354),.UNSPECIFIED.,.F.,.F.,(7,5,5,5,
    7),(0.,0.2509999386,0.499999999408,0.7499999999,1.),.UNSPECIFIED.);
#8333 = CARTESIAN_POINT('',(105.237,10.999999972612,1.8));
#8334 = CARTESIAN_POINT('',(105.2370000193,10.690502963877,1.8));
#8335 = CARTESIAN_POINT('',(105.21259530348,10.380988330864,1.8));
#8336 = CARTESIAN_POINT('',(105.16378088784,10.073900506763,1.8));
#8337 = CARTESIAN_POINT('',(105.09088725478,9.771621997221,1.8));
#8338 = CARTESIAN_POINT('',(104.99452443006,9.476479491358,1.8));
#8339 = CARTESIAN_POINT('',(104.75769493901,8.907253130255,1.8));
#8340 = CARTESIAN_POINT('',(104.61757263519,8.632988591702,1.8));
#8341 = CARTESIAN_POINT('',(104.45618118757,8.370138965213,1.8));
#8342 = CARTESIAN_POINT('',(104.27470964406,8.120729254787,1.8));
#8343 = CARTESIAN_POINT('',(104.07457677265,7.886630706306,1.8));
#8344 = CARTESIAN_POINT('',(103.63949744395,7.451551377607,1.8));
#8345 = CARTESIAN_POINT('',(103.40439013042,7.250683089628,1.8));
#8346 = CARTESIAN_POINT('',(103.15385528144,7.068633267901,1.8));
#8347 = CARTESIAN_POINT('',(102.8897876349,6.906836707484,1.8));
#8348 = CARTESIAN_POINT('',(102.61423785718,6.766494844491,1.8));
#8349 = CARTESIAN_POINT('',(102.04464018618,6.530559783556,1.8));
#8350 = CARTESIAN_POINT('',(101.75056038722,6.434953371036,1.8));
#8351 = CARTESIAN_POINT('',(101.4494289197,6.362636811978,1.8));
#8352 = CARTESIAN_POINT('',(101.1435453622,6.314210635555,1.8));
#8353 = CARTESIAN_POINT('',(100.8352640559,6.289999980839,1.8));
#8354 = CARTESIAN_POINT('',(100.52700002739,6.290000000066,1.8));
#8355 = ORIENTED_EDGE('',*,*,#8356,.F.);
#8356 = EDGE_CURVE('',#8357,#8330,#8359,.T.);
#8357 = VERTEX_POINT('',#8358);
#8358 = CARTESIAN_POINT('',(105.237,16.49000032117,1.8));
#8359 = B_SPLINE_CURVE_WITH_KNOTS('',1,(#8360,#8361),.UNSPECIFIED.,.F.,
  .F.,(2,2),(0.,1.),.PIECEWISE_BEZIER_KNOTS.);
#8360 = CARTESIAN_POINT('',(105.237,19.601738931214,1.8));
#8361 = CARTESIAN_POINT('',(105.237,10.999999972612,1.8));
#8362 = ORIENTED_EDGE('',*,*,#8363,.T.);
#8363 = EDGE_CURVE('',#8357,#8364,#8366,.T.);
#8364 = VERTEX_POINT('',#8365);
#8365 = CARTESIAN_POINT('',(105.52699999999,16.200000321171,1.8));
#8366 = LINE('',#8367,#8368);
#8367 = CARTESIAN_POINT('',(79.476556623368,42.250443697802,1.8));
#8368 = VECTOR('',#8369,1.);
#8369 = DIRECTION('',(0.707106781187,-0.707106781187,0.));
#8370 = ORIENTED_EDGE('',*,*,#8371,.T.);
#8371 = EDGE_CURVE('',#8364,#8372,#8374,.T.);
#8372 = VERTEX_POINT('',#8373);
#8373 = CARTESIAN_POINT('',(105.52699999999,25.400000321169,1.8));
#8374 = LINE('',#8375,#8376);
#8375 = CARTESIAN_POINT('',(105.52699999999,47.028855507562,1.8));
#8376 = VECTOR('',#8377,1.);
#8377 = DIRECTION('',(0.,1.,0.));
#8378 = ORIENTED_EDGE('',*,*,#8379,.T.);
#8379 = EDGE_CURVE('',#8372,#8380,#8382,.T.);
#8380 = VERTEX_POINT('',#8381);
#8381 = CARTESIAN_POINT('',(105.237,25.11000032117,1.8));
#8382 = LINE('',#8383,#8384);
#8383 = CARTESIAN_POINT('',(101.70541180976,21.578412130931,1.8));
#8384 = VECTOR('',#8385,1.);
#8385 = DIRECTION('',(-0.707106781187,-0.707106781187,0.));
#8386 = ORIENTED_EDGE('',*,*,#8387,.F.);
#8387 = EDGE_CURVE('',#8388,#8380,#8390,.T.);
#8388 = VERTEX_POINT('',#8389);
#8389 = CARTESIAN_POINT('',(105.237,28.267778098948,1.8));
#8390 = B_SPLINE_CURVE_WITH_KNOTS('',1,(#8391,#8392),.UNSPECIFIED.,.F.,
  .F.,(2,2),(0.,1.),.PIECEWISE_BEZIER_KNOTS.);
#8391 = CARTESIAN_POINT('',(105.237,31.379516654935,1.8));
#8392 = CARTESIAN_POINT('',(105.237,21.998262208591,1.8));
#8393 = ORIENTED_EDGE('',*,*,#8394,.T.);
#8394 = EDGE_CURVE('',#8388,#8395,#8397,.T.);
#8395 = VERTEX_POINT('',#8396);
#8396 = CARTESIAN_POINT('',(105.52699999999,27.977778098948,1.8));
#8397 = LINE('',#8398,#8399);
#8398 = CARTESIAN_POINT('',(82.421001067812,51.083777031135,1.8));
#8399 = VECTOR('',#8400,1.);
#8400 = DIRECTION('',(0.707106781187,-0.707106781187,0.));
#8401 = ORIENTED_EDGE('',*,*,#8402,.T.);
#8402 = EDGE_CURVE('',#8395,#8403,#8405,.T.);
#8403 = VERTEX_POINT('',#8404);
#8404 = CARTESIAN_POINT('',(105.52699999999,37.177778098947,1.8));
#8405 = LINE('',#8406,#8407);
#8406 = CARTESIAN_POINT('',(105.52699999999,52.917744396451,1.8));
#8407 = VECTOR('',#8408,1.);
#8408 = DIRECTION('',(0.,1.,0.));
#8409 = ORIENTED_EDGE('',*,*,#8410,.T.);
#8410 = EDGE_CURVE('',#8403,#8411,#8413,.T.);
#8411 = VERTEX_POINT('',#8412);
#8412 = CARTESIAN_POINT('',(105.237,36.887778098948,1.8));
#8413 = LINE('',#8414,#8415);
#8414 = CARTESIAN_POINT('',(98.760967365316,30.411745464264,1.8));
#8415 = VECTOR('',#8416,1.);
#8416 = DIRECTION('',(-0.707106781187,-0.707106781187,0.));
#8417 = ORIENTED_EDGE('',*,*,#8418,.F.);
#8418 = EDGE_CURVE('',#8419,#8411,#8421,.T.);
#8419 = VERTEX_POINT('',#8420);
#8420 = CARTESIAN_POINT('',(105.237,40.045555876726,1.8));
#8421 = B_SPLINE_CURVE_WITH_KNOTS('',1,(#8422,#8423),.UNSPECIFIED.,.F.,
  .F.,(2,2),(0.,1.),.PIECEWISE_BEZIER_KNOTS.);
#8422 = CARTESIAN_POINT('',(105.237,43.157294378655,1.8));
#8423 = CARTESIAN_POINT('',(105.237,33.776039932312,1.8));
#8424 = ORIENTED_EDGE('',*,*,#8425,.T.);
#8425 = EDGE_CURVE('',#8419,#8426,#8428,.T.);
#8426 = VERTEX_POINT('',#8427);
#8427 = CARTESIAN_POINT('',(105.52699999999,39.755555876726,1.8));
#8428 = LINE('',#8429,#8430);
#8429 = CARTESIAN_POINT('',(85.365445512257,59.917110364469,1.8));
#8430 = VECTOR('',#8431,1.);
#8431 = DIRECTION('',(0.707106781187,-0.707106781187,0.));
#8432 = ORIENTED_EDGE('',*,*,#8433,.T.);
#8433 = EDGE_CURVE('',#8426,#8434,#8436,.T.);
#8434 = VERTEX_POINT('',#8435);
#8435 = CARTESIAN_POINT('',(105.52699999999,48.955555876725,1.8));
#8436 = LINE('',#8437,#8438);
#8437 = CARTESIAN_POINT('',(105.52699999999,58.80663328534,1.8));
#8438 = VECTOR('',#8439,1.);
#8439 = DIRECTION('',(0.,1.,0.));
#8440 = ORIENTED_EDGE('',*,*,#8441,.T.);
#8441 = EDGE_CURVE('',#8434,#8442,#8444,.T.);
#8442 = VERTEX_POINT('',#8443);
#8443 = CARTESIAN_POINT('',(105.237,48.665555876726,1.8));
#8444 = LINE('',#8445,#8446);
#8445 = CARTESIAN_POINT('',(95.816522920872,39.245078797598,1.8));
#8446 = VECTOR('',#8447,1.);
#8447 = DIRECTION('',(-0.707106781187,-0.707106781187,0.));
#8448 = ORIENTED_EDGE('',*,*,#8449,.F.);
#8449 = EDGE_CURVE('',#8450,#8442,#8452,.T.);
#8450 = VERTEX_POINT('',#8451);
#8451 = CARTESIAN_POINT('',(105.237,51.823333654503,1.8));
#8452 = B_SPLINE_CURVE_WITH_KNOTS('',1,(#8453,#8454),.UNSPECIFIED.,.F.,
  .F.,(2,2),(0.,1.),.PIECEWISE_BEZIER_KNOTS.);
#8453 = CARTESIAN_POINT('',(105.237,54.935072102376,1.8));
#8454 = CARTESIAN_POINT('',(105.237,45.553817656032,1.8));
#8455 = ORIENTED_EDGE('',*,*,#8456,.T.);
#8456 = EDGE_CURVE('',#8450,#8457,#8459,.T.);
#8457 = VERTEX_POINT('',#8458);
#8458 = CARTESIAN_POINT('',(105.52699999999,51.533333654504,1.8));
#8459 = LINE('',#8460,#8461);
#8460 = CARTESIAN_POINT('',(88.309889956701,68.750443697802,1.8));
#8461 = VECTOR('',#8462,1.);
#8462 = DIRECTION('',(0.707106781187,-0.707106781187,0.));
#8463 = ORIENTED_EDGE('',*,*,#8464,.T.);
#8464 = EDGE_CURVE('',#8457,#8465,#8467,.T.);
#8465 = VERTEX_POINT('',#8466);
#8466 = CARTESIAN_POINT('',(105.52699999999,60.733333654503,1.8));
#8467 = LINE('',#8468,#8469);
#8468 = CARTESIAN_POINT('',(105.52699999999,64.695522174229,1.8));
#8469 = VECTOR('',#8470,1.);
#8470 = DIRECTION('',(0.,1.,0.));
#8471 = ORIENTED_EDGE('',*,*,#8472,.T.);
#8472 = EDGE_CURVE('',#8465,#8473,#8475,.T.);
#8473 = VERTEX_POINT('',#8474);
#8474 = CARTESIAN_POINT('',(105.237,60.443333654503,1.8));
#8475 = LINE('',#8476,#8477);
#8476 = CARTESIAN_POINT('',(92.872078476428,48.078412130931,1.8));
#8477 = VECTOR('',#8478,1.);
#8478 = DIRECTION('',(-0.707106781187,-0.707106781187,0.));
#8479 = ORIENTED_EDGE('',*,*,#8480,.F.);
#8480 = EDGE_CURVE('',#8481,#8473,#8483,.T.);
#8481 = VERTEX_POINT('',#8482);
#8482 = CARTESIAN_POINT('',(105.237,63.601111432281,1.8));
#8483 = B_SPLINE_CURVE_WITH_KNOTS('',1,(#8484,#8485),.UNSPECIFIED.,.F.,
  .F.,(2,2),(0.,1.),.PIECEWISE_BEZIER_KNOTS.);
#8484 = CARTESIAN_POINT('',(105.237,66.712849826097,1.8));
#8485 = CARTESIAN_POINT('',(105.237,57.331595379753,1.8));
#8486 = ORIENTED_EDGE('',*,*,#8487,.T.);
#8487 = EDGE_CURVE('',#8481,#8488,#8490,.T.);
#8488 = VERTEX_POINT('',#8489);
#8489 = CARTESIAN_POINT('',(105.52699999999,63.311111432282,1.8));
#8490 = LINE('',#8491,#8492);
#8491 = CARTESIAN_POINT('',(91.254334401146,77.583777031135,1.8));
#8492 = VECTOR('',#8493,1.);
#8493 = DIRECTION('',(0.707106781187,-0.707106781187,0.));
#8494 = ORIENTED_EDGE('',*,*,#8495,.T.);
#8495 = EDGE_CURVE('',#8488,#8496,#8498,.T.);
#8496 = VERTEX_POINT('',#8497);
#8497 = CARTESIAN_POINT('',(105.52699999999,72.511111432281,1.8));
#8498 = LINE('',#8499,#8500);
#8499 = CARTESIAN_POINT('',(105.52699999999,70.584411063118,1.8));
#8500 = VECTOR('',#8501,1.);
#8501 = DIRECTION('',(0.,1.,0.));
#8502 = ORIENTED_EDGE('',*,*,#8503,.T.);
#8503 = EDGE_CURVE('',#8496,#8504,#8506,.T.);
#8504 = VERTEX_POINT('',#8505);
#8505 = CARTESIAN_POINT('',(105.237,72.221111432281,1.8));
#8506 = LINE('',#8507,#8508);
#8507 = CARTESIAN_POINT('',(89.927634031983,56.911745464264,1.8));
#8508 = VECTOR('',#8509,1.);
#8509 = DIRECTION('',(-0.707106781187,-0.707106781187,0.));
#8510 = ORIENTED_EDGE('',*,*,#8511,.F.);
#8511 = EDGE_CURVE('',#8512,#8504,#8514,.T.);
#8512 = VERTEX_POINT('',#8513);
#8513 = CARTESIAN_POINT('',(105.237,75.378889210059,1.8));
#8514 = B_SPLINE_CURVE_WITH_KNOTS('',1,(#8515,#8516),.UNSPECIFIED.,.F.,
  .F.,(2,2),(0.,1.),.PIECEWISE_BEZIER_KNOTS.);
#8515 = CARTESIAN_POINT('',(105.237,78.490627549818,1.8));
#8516 = CARTESIAN_POINT('',(105.237,69.109373103474,1.8));
#8517 = ORIENTED_EDGE('',*,*,#8518,.T.);
#8518 = EDGE_CURVE('',#8512,#8519,#8521,.T.);
#8519 = VERTEX_POINT('',#8520);
#8520 = CARTESIAN_POINT('',(105.52699999999,75.088889210059,1.8));
#8521 = LINE('',#8522,#8523);
#8522 = CARTESIAN_POINT('',(94.19877884559,86.417110364469,1.8));
#8523 = VECTOR('',#8524,1.);
#8524 = DIRECTION('',(0.707106781187,-0.707106781187,0.));
#8525 = ORIENTED_EDGE('',*,*,#8526,.T.);
#8526 = EDGE_CURVE('',#8519,#8527,#8529,.T.);
#8527 = VERTEX_POINT('',#8528);
#8528 = CARTESIAN_POINT('',(105.52699999999,84.288889210058,1.8));
#8529 = LINE('',#8530,#8531);
#8530 = CARTESIAN_POINT('',(105.52699999999,76.473299952007,1.8));
#8531 = VECTOR('',#8532,1.);
#8532 = DIRECTION('',(0.,1.,0.));
#8533 = ORIENTED_EDGE('',*,*,#8534,.T.);
#8534 = EDGE_CURVE('',#8527,#8535,#8537,.T.);
#8535 = VERTEX_POINT('',#8536);
#8536 = CARTESIAN_POINT('',(105.237,83.998889210059,1.8));
#8537 = LINE('',#8538,#8539);
#8538 = CARTESIAN_POINT('',(86.983189587539,65.745078797598,1.8));
#8539 = VECTOR('',#8540,1.);
#8540 = DIRECTION('',(-0.707106781187,-0.707106781187,0.));
#8541 = ORIENTED_EDGE('',*,*,#8542,.F.);
#8542 = EDGE_CURVE('',#8543,#8535,#8545,.T.);
#8543 = VERTEX_POINT('',#8544);
#8544 = CARTESIAN_POINT('',(105.237,87.156666987837,1.8));
#8545 = B_SPLINE_CURVE_WITH_KNOTS('',1,(#8546,#8547),.UNSPECIFIED.,.F.,
  .F.,(2,2),(0.,1.),.PIECEWISE_BEZIER_KNOTS.);
#8546 = CARTESIAN_POINT('',(105.237,90.268405273538,1.8));
#8547 = CARTESIAN_POINT('',(105.237,80.887150827194,1.8));
#8548 = ORIENTED_EDGE('',*,*,#8549,.T.);
#8549 = EDGE_CURVE('',#8543,#8550,#8552,.T.);
#8550 = VERTEX_POINT('',#8551);
#8551 = CARTESIAN_POINT('',(105.52699999999,86.866666987837,1.8));
#8552 = LINE('',#8553,#8554);
#8553 = CARTESIAN_POINT('',(97.143223290034,95.250443697802,1.8));
#8554 = VECTOR('',#8555,1.);
#8555 = DIRECTION('',(0.707106781187,-0.707106781187,0.));
#8556 = ORIENTED_EDGE('',*,*,#8557,.T.);
#8557 = EDGE_CURVE('',#8550,#8558,#8560,.T.);
#8558 = VERTEX_POINT('',#8559);
#8559 = CARTESIAN_POINT('',(105.52699999999,96.066666987836,1.8));
#8560 = LINE('',#8561,#8562);
#8561 = CARTESIAN_POINT('',(105.52699999999,82.362188840896,1.8));
#8562 = VECTOR('',#8563,1.);
#8563 = DIRECTION('',(0.,1.,0.));
#8564 = ORIENTED_EDGE('',*,*,#8565,.T.);
#8565 = EDGE_CURVE('',#8558,#8566,#8568,.T.);
#8566 = VERTEX_POINT('',#8567);
#8567 = CARTESIAN_POINT('',(105.237,95.776666987837,1.8));
#8568 = LINE('',#8569,#8570);
#8569 = CARTESIAN_POINT('',(84.038745143094,74.578412130931,1.8));
#8570 = VECTOR('',#8571,1.);
#8571 = DIRECTION('',(-0.707106781187,-0.707106781187,0.));
#8572 = ORIENTED_EDGE('',*,*,#8573,.F.);
#8573 = EDGE_CURVE('',#8574,#8566,#8576,.T.);
#8574 = VERTEX_POINT('',#8575);
#8575 = CARTESIAN_POINT('',(105.237,98.934444765614,1.8));
#8576 = B_SPLINE_CURVE_WITH_KNOTS('',1,(#8577,#8578),.UNSPECIFIED.,.F.,
  .F.,(2,2),(0.,1.),.PIECEWISE_BEZIER_KNOTS.);
#8577 = CARTESIAN_POINT('',(105.237,102.04618299725,1.8));
#8578 = CARTESIAN_POINT('',(105.237,92.664928550915,1.8));
#8579 = ORIENTED_EDGE('',*,*,#8580,.T.);
#8580 = EDGE_CURVE('',#8574,#8581,#8583,.T.);
#8581 = VERTEX_POINT('',#8582);
#8582 = CARTESIAN_POINT('',(105.52699999999,98.644444765615,1.8));
#8583 = LINE('',#8584,#8585);
#8584 = CARTESIAN_POINT('',(100.08766773447,104.08377703113,1.8));
#8585 = VECTOR('',#8586,1.);
#8586 = DIRECTION('',(0.707106781187,-0.707106781187,0.));
#8587 = ORIENTED_EDGE('',*,*,#8588,.T.);
#8588 = EDGE_CURVE('',#8581,#8589,#8591,.T.);
#8589 = VERTEX_POINT('',#8590);
#8590 = CARTESIAN_POINT('',(105.52699999999,107.84444476561,1.8));
#8591 = LINE('',#8592,#8593);
#8592 = CARTESIAN_POINT('',(105.52699999999,88.251077729785,1.8));
#8593 = VECTOR('',#8594,1.);
#8594 = DIRECTION('',(0.,1.,0.));
#8595 = ORIENTED_EDGE('',*,*,#8596,.T.);
#8596 = EDGE_CURVE('',#8589,#8597,#8599,.T.);
#8597 = VERTEX_POINT('',#8598);
#8598 = CARTESIAN_POINT('',(105.237,107.55444476561,1.8));
#8599 = LINE('',#8600,#8601);
#8600 = CARTESIAN_POINT('',(81.09430069865,83.411745464264,1.8));
#8601 = VECTOR('',#8602,1.);
#8602 = DIRECTION('',(-0.707106781187,-0.707106781187,0.));
#8603 = ORIENTED_EDGE('',*,*,#8604,.F.);
#8604 = EDGE_CURVE('',#8605,#8597,#8607,.T.);
#8605 = VERTEX_POINT('',#8606);
#8606 = CARTESIAN_POINT('',(105.237,110.71222254339,1.8));
#8607 = B_SPLINE_CURVE_WITH_KNOTS('',1,(#8608,#8609),.UNSPECIFIED.,.F.,
  .F.,(2,2),(0.,1.),.PIECEWISE_BEZIER_KNOTS.);
#8608 = CARTESIAN_POINT('',(105.237,113.82396072098,1.8));
#8609 = CARTESIAN_POINT('',(105.237,104.44270627463,1.8));
#8610 = ORIENTED_EDGE('',*,*,#8611,.T.);
#8611 = EDGE_CURVE('',#8605,#8612,#8614,.T.);
#8612 = VERTEX_POINT('',#8613);
#8613 = CARTESIAN_POINT('',(105.52699999999,110.42222254339,1.8));
#8614 = LINE('',#8615,#8616);
#8615 = CARTESIAN_POINT('',(103.03211217892,112.91711036446,1.8));
#8616 = VECTOR('',#8617,1.);
#8617 = DIRECTION('',(0.707106781187,-0.707106781187,0.));
#8618 = ORIENTED_EDGE('',*,*,#8619,.T.);
#8619 = EDGE_CURVE('',#8612,#8620,#8622,.T.);
#8620 = VERTEX_POINT('',#8621);
#8621 = CARTESIAN_POINT('',(105.52699999999,119.62222254339,1.8));
#8622 = LINE('',#8623,#8624);
#8623 = CARTESIAN_POINT('',(105.52699999999,94.139966618674,1.8));
#8624 = VECTOR('',#8625,1.);
#8625 = DIRECTION('',(0.,1.,0.));
#8626 = ORIENTED_EDGE('',*,*,#8627,.T.);
#8627 = EDGE_CURVE('',#8620,#8628,#8630,.T.);
#8628 = VERTEX_POINT('',#8629);
#8629 = CARTESIAN_POINT('',(105.237,119.33222254339,1.8));
#8630 = LINE('',#8631,#8632);
#8631 = CARTESIAN_POINT('',(78.149856254205,92.245078797598,1.8));
#8632 = VECTOR('',#8633,1.);
#8633 = DIRECTION('',(-0.707106781187,-0.707106781187,0.));
#8634 = ORIENTED_EDGE('',*,*,#8635,.F.);
#8635 = EDGE_CURVE('',#8636,#8628,#8638,.T.);
#8636 = VERTEX_POINT('',#8637);
#8637 = CARTESIAN_POINT('',(105.237,122.49000032117,1.8));
#8638 = B_SPLINE_CURVE_WITH_KNOTS('',1,(#8639,#8640),.UNSPECIFIED.,.F.,
  .F.,(2,2),(0.,1.),.PIECEWISE_BEZIER_KNOTS.);
#8639 = CARTESIAN_POINT('',(105.237,125.6017384447,1.8));
#8640 = CARTESIAN_POINT('',(105.237,116.22048399835,1.8));
#8641 = ORIENTED_EDGE('',*,*,#8642,.T.);
#8642 = EDGE_CURVE('',#8636,#8643,#8645,.T.);
#8643 = VERTEX_POINT('',#8644);
#8644 = CARTESIAN_POINT('',(105.52699999999,122.20000032117,1.8));
#8645 = LINE('',#8646,#8647);
#8646 = CARTESIAN_POINT('',(105.97655662336,121.7504436978,1.8));
#8647 = VECTOR('',#8648,1.);
#8648 = DIRECTION('',(0.707106781187,-0.707106781187,0.));
#8649 = ORIENTED_EDGE('',*,*,#8650,.T.);
#8650 = EDGE_CURVE('',#8643,#8651,#8653,.T.);
#8651 = VERTEX_POINT('',#8652);
#8652 = CARTESIAN_POINT('',(105.52699999999,131.40000032116,1.8));
#8653 = LINE('',#8654,#8655);
#8654 = CARTESIAN_POINT('',(105.52699999999,100.02885550756,1.8));
#8655 = VECTOR('',#8656,1.);
#8656 = DIRECTION('',(0.,1.,0.));
#8657 = ORIENTED_EDGE('',*,*,#8658,.T.);
#8658 = EDGE_CURVE('',#8651,#8659,#8661,.T.);
#8659 = VERTEX_POINT('',#8660);
#8660 = CARTESIAN_POINT('',(105.237,131.11000032117,1.8));
#8661 = LINE('',#8662,#8663);
#8662 = CARTESIAN_POINT('',(75.205411809761,101.07841213093,1.8));
#8663 = VECTOR('',#8664,1.);
#8664 = DIRECTION('',(-0.707106781187,-0.707106781187,0.));
#8665 = ORIENTED_EDGE('',*,*,#8666,.F.);
#8666 = EDGE_CURVE('',#8667,#8659,#8669,.T.);
#8667 = VERTEX_POINT('',#8668);
#8668 = CARTESIAN_POINT('',(105.237,134.69999999999,1.8));
#8669 = B_SPLINE_CURVE_WITH_KNOTS('',1,(#8670,#8671),.UNSPECIFIED.,.F.,
  .F.,(2,2),(0.,1.),.PIECEWISE_BEZIER_KNOTS.);
#8670 = CARTESIAN_POINT('',(105.237,139.00000002739,1.8));
#8671 = CARTESIAN_POINT('',(105.237,127.99826172207,1.8));
#8672 = ORIENTED_EDGE('',*,*,#8673,.F.);
#8673 = EDGE_CURVE('',#3900,#8667,#8674,.T.);
#8674 = LINE('',#8675,#8676);
#8675 = CARTESIAN_POINT('',(78.459048827048,134.69999999999,1.8));
#8676 = VECTOR('',#8677,1.);
#8677 = DIRECTION('',(-1.,0.,0.));
#8678 = ORIENTED_EDGE('',*,*,#3907,.T.);
#8679 = ORIENTED_EDGE('',*,*,#3930,.T.);
#8680 = ORIENTED_EDGE('',*,*,#3956,.T.);
#8681 = ORIENTED_EDGE('',*,*,#3997,.T.);
#8682 = ORIENTED_EDGE('',*,*,#7307,.F.);
#8683 = PLANE('',#8684);
#8684 = AXIS2_PLACEMENT_3D('',#8685,#8686,#8687);
#8685 = CARTESIAN_POINT('',(53.782936866258,68.657710693955,1.8));
#8686 = DIRECTION('',(-0.,-0.,-1.));
#8687 = DIRECTION('',(-1.,0.,0.));
#8688 = ADVANCED_FACE('',(#8689),#8731,.F.);
#8689 = FACE_BOUND('',#8690,.F.);
#8690 = EDGE_LOOP('',(#8691,#8701,#8706,#8707,#8708,#8709,#8717,#8725));
#8691 = ORIENTED_EDGE('',*,*,#8692,.F.);
#8692 = EDGE_CURVE('',#8693,#8695,#8697,.T.);
#8693 = VERTEX_POINT('',#8694);
#8694 = CARTESIAN_POINT('',(102.137,134.69999999999,4.9));
#8695 = VERTEX_POINT('',#8696);
#8696 = CARTESIAN_POINT('',(106.52699999999,134.69999999999,4.9));
#8697 = LINE('',#8698,#8699);
#8698 = CARTESIAN_POINT('',(100.527,134.69999999999,4.9));
#8699 = VECTOR('',#8700,1.);
#8700 = DIRECTION('',(1.,0.,0.));
#8701 = ORIENTED_EDGE('',*,*,#8702,.F.);
#8702 = EDGE_CURVE('',#8667,#8693,#8703,.T.);
#8703 = B_SPLINE_CURVE_WITH_KNOTS('',1,(#8704,#8705),.UNSPECIFIED.,.F.,
  .F.,(2,2),(0.,1.),.PIECEWISE_BEZIER_KNOTS.);
#8704 = CARTESIAN_POINT('',(105.437,134.69999999999,1.6));
#8705 = CARTESIAN_POINT('',(102.137,134.69999999999,4.9));
#8706 = ORIENTED_EDGE('',*,*,#8673,.F.);
#8707 = ORIENTED_EDGE('',*,*,#3899,.F.);
#8708 = ORIENTED_EDGE('',*,*,#7836,.T.);
#8709 = ORIENTED_EDGE('',*,*,#8710,.F.);
#8710 = EDGE_CURVE('',#8711,#7810,#8713,.T.);
#8711 = VERTEX_POINT('',#8712);
#8712 = CARTESIAN_POINT('',(110.02699999999,134.69999999999,3.7));
#8713 = LINE('',#8714,#8715);
#8714 = CARTESIAN_POINT('',(110.02699999999,134.69999999999,4.9));
#8715 = VECTOR('',#8716,1.);
#8716 = DIRECTION('',(-0.,-0.,-1.));
#8717 = ORIENTED_EDGE('',*,*,#8718,.F.);
#8718 = EDGE_CURVE('',#8719,#8711,#8721,.T.);
#8719 = VERTEX_POINT('',#8720);
#8720 = CARTESIAN_POINT('',(106.52699999999,134.69999999999,3.7));
#8721 = LINE('',#8722,#8723);
#8722 = CARTESIAN_POINT('',(87.722708816324,134.69999999999,3.7));
#8723 = VECTOR('',#8724,1.);
#8724 = DIRECTION('',(1.,0.,0.));
#8725 = ORIENTED_EDGE('',*,*,#8726,.F.);
#8726 = EDGE_CURVE('',#8695,#8719,#8727,.T.);
#8727 = LINE('',#8728,#8729);
#8728 = CARTESIAN_POINT('',(106.52699999999,134.69999999999,4.9));
#8729 = VECTOR('',#8730,1.);
#8730 = DIRECTION('',(0.,0.,-1.));
#8731 = PLANE('',#8732);
#8732 = AXIS2_PLACEMENT_3D('',#8733,#8734,#8735);
#8733 = CARTESIAN_POINT('',(100.527,134.69999999999,4.9));
#8734 = DIRECTION('',(0.,-1.,0.));
#8735 = DIRECTION('',(1.,0.,0.));
#8736 = ADVANCED_FACE('',(#8737),#8748,.T.);
#8737 = FACE_BOUND('',#8738,.T.);
#8738 = EDGE_LOOP('',(#8739,#8740,#8741,#8747));
#8739 = ORIENTED_EDGE('',*,*,#7066,.F.);
#8740 = ORIENTED_EDGE('',*,*,#4021,.F.);
#8741 = ORIENTED_EDGE('',*,*,#8742,.T.);
#8742 = EDGE_CURVE('',#4012,#4895,#8743,.T.);
#8743 = LINE('',#8744,#8745);
#8744 = CARTESIAN_POINT('',(111.527,11.,0.));
#8745 = VECTOR('',#8746,1.);
#8746 = DIRECTION('',(0.,0.,1.));
#8747 = ORIENTED_EDGE('',*,*,#4971,.F.);
#8748 = CYLINDRICAL_SURFACE('',#8749,11.);
#8749 = AXIS2_PLACEMENT_3D('',#8750,#8751,#8752);
#8750 = CARTESIAN_POINT('',(100.527,11.,0.));
#8751 = DIRECTION('',(0.,0.,1.));
#8752 = DIRECTION('',(0.,-1.,0.));
#8753 = ADVANCED_FACE('',(#8754),#8765,.F.);
#8754 = FACE_BOUND('',#8755,.F.);
#8755 = EDGE_LOOP('',(#8756,#8757,#8758,#8764));
#8756 = ORIENTED_EDGE('',*,*,#8742,.T.);
#8757 = ORIENTED_EDGE('',*,*,#4894,.T.);
#8758 = ORIENTED_EDGE('',*,*,#8759,.F.);
#8759 = EDGE_CURVE('',#4037,#4897,#8760,.T.);
#8760 = LINE('',#8761,#8762);
#8761 = CARTESIAN_POINT('',(111.527,139.,0.));
#8762 = VECTOR('',#8763,1.);
#8763 = DIRECTION('',(0.,0.,1.));
#8764 = ORIENTED_EDGE('',*,*,#4046,.T.);
#8765 = PLANE('',#8766);
#8766 = AXIS2_PLACEMENT_3D('',#8767,#8768,#8769);
#8767 = CARTESIAN_POINT('',(111.527,0.,0.));
#8768 = DIRECTION('',(-1.,0.,0.));
#8769 = DIRECTION('',(0.,1.,0.));
#8770 = ADVANCED_FACE('',(#8771),#8777,.T.);
#8771 = FACE_BOUND('',#8772,.T.);
#8772 = EDGE_LOOP('',(#8773,#8774,#8775,#8776));
#8773 = ORIENTED_EDGE('',*,*,#8759,.F.);
#8774 = ORIENTED_EDGE('',*,*,#4070,.F.);
#8775 = ORIENTED_EDGE('',*,*,#4826,.T.);
#8776 = ORIENTED_EDGE('',*,*,#4904,.F.);
#8777 = CYLINDRICAL_SURFACE('',#8778,11.);
#8778 = AXIS2_PLACEMENT_3D('',#8779,#8780,#8781);
#8779 = CARTESIAN_POINT('',(100.527,139.,0.));
#8780 = DIRECTION('',(0.,0.,1.));
#8781 = DIRECTION('',(1.,0.,0.));
#8782 = ADVANCED_FACE('',(#8783),#8789,.F.);
#8783 = FACE_BOUND('',#8784,.F.);
#8784 = EDGE_LOOP('',(#8785,#8786,#8787,#8788));
#8785 = ORIENTED_EDGE('',*,*,#7027,.T.);
#8786 = ORIENTED_EDGE('',*,*,#4772,.F.);
#8787 = ORIENTED_EDGE('',*,*,#4880,.F.);
#8788 = ORIENTED_EDGE('',*,*,#7636,.T.);
#8789 = PLANE('',#8790);
#8790 = AXIS2_PLACEMENT_3D('',#8791,#8792,#8793);
#8791 = CARTESIAN_POINT('',(35.4226,0.5,4.9));
#8792 = DIRECTION('',(-0.707106781187,0.707106781187,0.));
#8793 = DIRECTION('',(0.,0.,-1.));
#8794 = ADVANCED_FACE('',(#8795),#8814,.F.);
#8795 = FACE_BOUND('',#8796,.T.);
#8796 = EDGE_LOOP('',(#8797,#8805,#8806,#8807));
#8797 = ORIENTED_EDGE('',*,*,#8798,.F.);
#8798 = EDGE_CURVE('',#4789,#8799,#8801,.T.);
#8799 = VERTEX_POINT('',#8800);
#8800 = CARTESIAN_POINT('',(-0.488,2.1,6.9));
#8801 = LINE('',#8802,#8803);
#8802 = CARTESIAN_POINT('',(-0.488,2.1,6.9));
#8803 = VECTOR('',#8804,1.);
#8804 = DIRECTION('',(-0.707106781187,0.707106781187,4.5E-16));
#8805 = ORIENTED_EDGE('',*,*,#4788,.T.);
#8806 = ORIENTED_EDGE('',*,*,#8798,.T.);
#8807 = ORIENTED_EDGE('',*,*,#8808,.F.);
#8808 = EDGE_CURVE('',#8799,#8799,#8809,.T.);
#8809 = CIRCLE('',#8810,1.4);
#8810 = AXIS2_PLACEMENT_3D('',#8811,#8812,#8813);
#8811 = CARTESIAN_POINT('',(-1.888,2.1,6.9));
#8812 = DIRECTION('',(0.,-1.,0.));
#8813 = DIRECTION('',(1.,0.,0.));
#8814 = CONICAL_SURFACE('',#8815,1.4,0.785398163397);
#8815 = AXIS2_PLACEMENT_3D('',#8816,#8817,#8818);
#8816 = CARTESIAN_POINT('',(-1.888,2.1,6.9));
#8817 = DIRECTION('',(-0.,-1.,-0.));
#8818 = DIRECTION('',(1.,0.,0.));
#8819 = ADVANCED_FACE('',(#8820),#8839,.F.);
#8820 = FACE_BOUND('',#8821,.F.);
#8821 = EDGE_LOOP('',(#8822,#8830,#8831,#8832));
#8822 = ORIENTED_EDGE('',*,*,#8823,.F.);
#8823 = EDGE_CURVE('',#4846,#8824,#8826,.T.);
#8824 = VERTEX_POINT('',#8825);
#8825 = CARTESIAN_POINT('',(-0.488,147.9,6.9));
#8826 = LINE('',#8827,#8828);
#8827 = CARTESIAN_POINT('',(-0.488,147.9,6.9));
#8828 = VECTOR('',#8829,1.);
#8829 = DIRECTION('',(-0.707106781187,-0.707106781187,-0.));
#8830 = ORIENTED_EDGE('',*,*,#4845,.T.);
#8831 = ORIENTED_EDGE('',*,*,#8823,.T.);
#8832 = ORIENTED_EDGE('',*,*,#8833,.F.);
#8833 = EDGE_CURVE('',#8824,#8824,#8834,.T.);
#8834 = CIRCLE('',#8835,1.4);
#8835 = AXIS2_PLACEMENT_3D('',#8836,#8837,#8838);
#8836 = CARTESIAN_POINT('',(-1.888,147.9,6.9));
#8837 = DIRECTION('',(0.,-1.,0.));
#8838 = DIRECTION('',(1.,0.,2.347E-14));
#8839 = CONICAL_SURFACE('',#8840,1.4,0.785398163397);
#8840 = AXIS2_PLACEMENT_3D('',#8841,#8842,#8843);
#8841 = CARTESIAN_POINT('',(-1.888,147.9,6.9));
#8842 = DIRECTION('',(0.,1.,0.));
#8843 = DIRECTION('',(1.,0.,2.347E-14));
#8844 = ADVANCED_FACE('',(#8845),#8871,.F.);
#8845 = FACE_BOUND('',#8846,.F.);
#8846 = EDGE_LOOP('',(#8847,#8848,#8856,#8864,#8870));
#8847 = ORIENTED_EDGE('',*,*,#7073,.F.);
#8848 = ORIENTED_EDGE('',*,*,#8849,.T.);
#8849 = EDGE_CURVE('',#7074,#8850,#8852,.T.);
#8850 = VERTEX_POINT('',#8851);
#8851 = CARTESIAN_POINT('',(61.727,1.833333681915,3.199999477128));
#8852 = LINE('',#8853,#8854);
#8853 = CARTESIAN_POINT('',(61.727,9.2E-16,3.199999477128));
#8854 = VECTOR('',#8855,1.);
#8855 = DIRECTION('',(0.,1.,-2.2E-16));
#8856 = ORIENTED_EDGE('',*,*,#8857,.F.);
#8857 = EDGE_CURVE('',#8858,#8850,#8860,.T.);
#8858 = VERTEX_POINT('',#8859);
#8859 = CARTESIAN_POINT('',(61.727,1.5,3.7));
#8860 = LINE('',#8861,#8862);
#8861 = CARTESIAN_POINT('',(61.727,1.984615505278,2.973076742083));
#8862 = VECTOR('',#8863,1.);
#8863 = DIRECTION('',(0.,0.554700196225,-0.832050294338));
#8864 = ORIENTED_EDGE('',*,*,#8865,.T.);
#8865 = EDGE_CURVE('',#8858,#4948,#8866,.T.);
#8866 = LINE('',#8867,#8868);
#8867 = CARTESIAN_POINT('',(61.727,1.5,4.049999738564));
#8868 = VECTOR('',#8869,1.);
#8869 = DIRECTION('',(0.,0.,1.));
#8870 = ORIENTED_EDGE('',*,*,#4955,.F.);
#8871 = PLANE('',#8872);
#8872 = AXIS2_PLACEMENT_3D('',#8873,#8874,#8875);
#8873 = CARTESIAN_POINT('',(61.727,9.2E-16,3.199999477128));
#8874 = DIRECTION('',(1.,0.,0.));
#8875 = DIRECTION('',(0.,2.2E-16,1.));
#8876 = ADVANCED_FACE('',(#8877),#8919,.F.);
#8877 = FACE_BOUND('',#8878,.F.);
#8878 = EDGE_LOOP('',(#8879,#8880,#8881,#8889,#8897,#8905,#8913));
#8879 = ORIENTED_EDGE('',*,*,#4947,.F.);
#8880 = ORIENTED_EDGE('',*,*,#8865,.F.);
#8881 = ORIENTED_EDGE('',*,*,#8882,.T.);
#8882 = EDGE_CURVE('',#8858,#8883,#8885,.T.);
#8883 = VERTEX_POINT('',#8884);
#8884 = CARTESIAN_POINT('',(67.027,1.5,3.7));
#8885 = LINE('',#8886,#8887);
#8886 = CARTESIAN_POINT('',(5.91,1.5,3.7));
#8887 = VECTOR('',#8888,1.);
#8888 = DIRECTION('',(1.,0.,0.));
#8889 = ORIENTED_EDGE('',*,*,#8890,.T.);
#8890 = EDGE_CURVE('',#8883,#8891,#8893,.T.);
#8891 = VERTEX_POINT('',#8892);
#8892 = CARTESIAN_POINT('',(78.027,1.5,3.7));
#8893 = LINE('',#8894,#8895);
#8894 = CARTESIAN_POINT('',(5.91,1.5,3.7));
#8895 = VECTOR('',#8896,1.);
#8896 = DIRECTION('',(1.,0.,0.));
#8897 = ORIENTED_EDGE('',*,*,#8898,.T.);
#8898 = EDGE_CURVE('',#8891,#8899,#8901,.T.);
#8899 = VERTEX_POINT('',#8900);
#8900 = CARTESIAN_POINT('',(94.027,1.5,3.7));
#8901 = LINE('',#8902,#8903);
#8902 = CARTESIAN_POINT('',(5.91,1.5,3.7));
#8903 = VECTOR('',#8904,1.);
#8904 = DIRECTION('',(1.,0.,0.));
#8905 = ORIENTED_EDGE('',*,*,#8906,.T.);
#8906 = EDGE_CURVE('',#8899,#8907,#8909,.T.);
#8907 = VERTEX_POINT('',#8908);
#8908 = CARTESIAN_POINT('',(100.527,1.5,3.7));
#8909 = LINE('',#8910,#8911);
#8910 = CARTESIAN_POINT('',(5.91,1.5,3.7));
#8911 = VECTOR('',#8912,1.);
#8912 = DIRECTION('',(1.,0.,0.));
#8913 = ORIENTED_EDGE('',*,*,#8914,.F.);
#8914 = EDGE_CURVE('',#4939,#8907,#8915,.T.);
#8915 = LINE('',#8916,#8917);
#8916 = CARTESIAN_POINT('',(100.527,1.5,4.9));
#8917 = VECTOR('',#8918,1.);
#8918 = DIRECTION('',(-0.,-0.,-1.));
#8919 = PLANE('',#8920);
#8920 = AXIS2_PLACEMENT_3D('',#8921,#8922,#8923);
#8921 = CARTESIAN_POINT('',(5.91,1.5,4.9));
#8922 = DIRECTION('',(0.,-1.,0.));
#8923 = DIRECTION('',(1.,0.,0.));
#8924 = ADVANCED_FACE('',(#8925),#8944,.F.);
#8925 = FACE_BOUND('',#8926,.F.);
#8926 = EDGE_LOOP('',(#8927,#8928,#8937,#8943));
#8927 = ORIENTED_EDGE('',*,*,#8914,.T.);
#8928 = ORIENTED_EDGE('',*,*,#8929,.T.);
#8929 = EDGE_CURVE('',#8907,#8930,#8932,.T.);
#8930 = VERTEX_POINT('',#8931);
#8931 = CARTESIAN_POINT('',(110.02699999999,10.999996895448,3.7));
#8932 = CIRCLE('',#8933,9.5);
#8933 = AXIS2_PLACEMENT_3D('',#8934,#8935,#8936);
#8934 = CARTESIAN_POINT('',(100.527,11.,3.7));
#8935 = DIRECTION('',(0.,0.,1.));
#8936 = DIRECTION('',(1.,0.,0.));
#8937 = ORIENTED_EDGE('',*,*,#8938,.F.);
#8938 = EDGE_CURVE('',#4931,#8930,#8939,.T.);
#8939 = LINE('',#8940,#8941);
#8940 = CARTESIAN_POINT('',(110.02699999999,10.999996895448,4.9));
#8941 = VECTOR('',#8942,1.);
#8942 = DIRECTION('',(-0.,-0.,-1.));
#8943 = ORIENTED_EDGE('',*,*,#4938,.F.);
#8944 = CYLINDRICAL_SURFACE('',#8945,9.5);
#8945 = AXIS2_PLACEMENT_3D('',#8946,#8947,#8948);
#8946 = CARTESIAN_POINT('',(100.527,11.,4.9));
#8947 = DIRECTION('',(0.,0.,1.));
#8948 = DIRECTION('',(1.,0.,0.));
#8949 = ADVANCED_FACE('',(#8950),#9016,.T.);
#8950 = FACE_BOUND('',#8951,.T.);
#8951 = EDGE_LOOP('',(#8952,#8953,#8959,#8960,#8961,#8969,#8977,#8985,
    #8993,#9001,#9009,#9015));
#8952 = ORIENTED_EDGE('',*,*,#4930,.T.);
#8953 = ORIENTED_EDGE('',*,*,#8954,.T.);
#8954 = EDGE_CURVE('',#4922,#7812,#8955,.T.);
#8955 = LINE('',#8956,#8957);
#8956 = CARTESIAN_POINT('',(110.02699999999,139.,4.9));
#8957 = VECTOR('',#8958,1.);
#8958 = DIRECTION('',(-0.,-0.,-1.));
#8959 = ORIENTED_EDGE('',*,*,#7809,.F.);
#8960 = ORIENTED_EDGE('',*,*,#8710,.F.);
#8961 = ORIENTED_EDGE('',*,*,#8962,.F.);
#8962 = EDGE_CURVE('',#8963,#8711,#8965,.T.);
#8963 = VERTEX_POINT('',#8964);
#8964 = CARTESIAN_POINT('',(110.02699999999,129.5,3.7));
#8965 = LINE('',#8966,#8967);
#8966 = CARTESIAN_POINT('',(110.02699999999,10.999996895448,3.7));
#8967 = VECTOR('',#8968,1.);
#8968 = DIRECTION('',(0.,1.,0.));
#8969 = ORIENTED_EDGE('',*,*,#8970,.F.);
#8970 = EDGE_CURVE('',#8971,#8963,#8973,.T.);
#8971 = VERTEX_POINT('',#8972);
#8972 = CARTESIAN_POINT('',(110.02699999999,108.5,3.7));
#8973 = LINE('',#8974,#8975);
#8974 = CARTESIAN_POINT('',(110.02699999999,10.999996895448,3.7));
#8975 = VECTOR('',#8976,1.);
#8976 = DIRECTION('',(0.,1.,0.));
#8977 = ORIENTED_EDGE('',*,*,#8978,.F.);
#8978 = EDGE_CURVE('',#8979,#8971,#8981,.T.);
#8979 = VERTEX_POINT('',#8980);
#8980 = CARTESIAN_POINT('',(110.02699999999,85.5,3.7));
#8981 = LINE('',#8982,#8983);
#8982 = CARTESIAN_POINT('',(110.02699999999,10.999996895448,3.7));
#8983 = VECTOR('',#8984,1.);
#8984 = DIRECTION('',(0.,1.,0.));
#8985 = ORIENTED_EDGE('',*,*,#8986,.F.);
#8986 = EDGE_CURVE('',#8987,#8979,#8989,.T.);
#8987 = VERTEX_POINT('',#8988);
#8988 = CARTESIAN_POINT('',(110.02699999999,64.5,3.7));
#8989 = LINE('',#8990,#8991);
#8990 = CARTESIAN_POINT('',(110.02699999999,10.999996895448,3.7));
#8991 = VECTOR('',#8992,1.);
#8992 = DIRECTION('',(0.,1.,0.));
#8993 = ORIENTED_EDGE('',*,*,#8994,.F.);
#8994 = EDGE_CURVE('',#8995,#8987,#8997,.T.);
#8995 = VERTEX_POINT('',#8996);
#8996 = CARTESIAN_POINT('',(110.02699999999,41.5,3.7));
#8997 = LINE('',#8998,#8999);
#8998 = CARTESIAN_POINT('',(110.02699999999,10.999996895448,3.7));
#8999 = VECTOR('',#9000,1.);
#9000 = DIRECTION('',(0.,1.,0.));
#9001 = ORIENTED_EDGE('',*,*,#9002,.F.);
#9002 = EDGE_CURVE('',#9003,#8995,#9005,.T.);
#9003 = VERTEX_POINT('',#9004);
#9004 = CARTESIAN_POINT('',(110.02699999999,20.5,3.7));
#9005 = LINE('',#9006,#9007);
#9006 = CARTESIAN_POINT('',(110.02699999999,10.999996895448,3.7));
#9007 = VECTOR('',#9008,1.);
#9008 = DIRECTION('',(0.,1.,0.));
#9009 = ORIENTED_EDGE('',*,*,#9010,.F.);
#9010 = EDGE_CURVE('',#8930,#9003,#9011,.T.);
#9011 = LINE('',#9012,#9013);
#9012 = CARTESIAN_POINT('',(110.02699999999,10.999996895448,3.7));
#9013 = VECTOR('',#9014,1.);
#9014 = DIRECTION('',(0.,1.,0.));
#9015 = ORIENTED_EDGE('',*,*,#8938,.F.);
#9016 = PLANE('',#9017);
#9017 = AXIS2_PLACEMENT_3D('',#9018,#9019,#9020);
#9018 = CARTESIAN_POINT('',(110.02699999999,75.989221602246,
    4.239223154522));
#9019 = DIRECTION('',(-1.,-0.,-0.));
#9020 = DIRECTION('',(0.,0.,-1.));
#9021 = ADVANCED_FACE('',(#9022),#9028,.F.);
#9022 = FACE_BOUND('',#9023,.F.);
#9023 = EDGE_LOOP('',(#9024,#9025,#9026,#9027));
#9024 = ORIENTED_EDGE('',*,*,#7819,.T.);
#9025 = ORIENTED_EDGE('',*,*,#5108,.F.);
#9026 = ORIENTED_EDGE('',*,*,#4921,.F.);
#9027 = ORIENTED_EDGE('',*,*,#8954,.T.);
#9028 = CYLINDRICAL_SURFACE('',#9029,9.499999999999);
#9029 = AXIS2_PLACEMENT_3D('',#9030,#9031,#9032);
#9030 = CARTESIAN_POINT('',(100.527,139.,4.9));
#9031 = DIRECTION('',(0.,0.,1.));
#9032 = DIRECTION('',(1.,0.,0.));
#9033 = ADVANCED_FACE('',(#9034),#9052,.F.);
#9034 = FACE_BOUND('',#9035,.F.);
#9035 = EDGE_LOOP('',(#9036,#9044,#9050,#9051));
#9036 = ORIENTED_EDGE('',*,*,#9037,.F.);
#9037 = EDGE_CURVE('',#9038,#4989,#9040,.T.);
#9038 = VERTEX_POINT('',#9039);
#9039 = CARTESIAN_POINT('',(24.027,2.7,1.9));
#9040 = LINE('',#9041,#9042);
#9041 = CARTESIAN_POINT('',(24.027,2.7,1.9));
#9042 = VECTOR('',#9043,1.);
#9043 = DIRECTION('',(0.,-0.554700196225,0.832050294338));
#9044 = ORIENTED_EDGE('',*,*,#9045,.T.);
#9045 = EDGE_CURVE('',#9038,#7645,#9046,.T.);
#9046 = LINE('',#9047,#9048);
#9047 = CARTESIAN_POINT('',(24.027,2.7,1.9));
#9048 = VECTOR('',#9049,1.);
#9049 = DIRECTION('',(1.,0.,0.));
#9050 = ORIENTED_EDGE('',*,*,#7644,.F.);
#9051 = ORIENTED_EDGE('',*,*,#4996,.F.);
#9052 = PLANE('',#9053);
#9053 = AXIS2_PLACEMENT_3D('',#9054,#9055,#9056);
#9054 = CARTESIAN_POINT('',(24.027,2.7,1.9));
#9055 = DIRECTION('',(-0.,-0.832050294338,-0.554700196225));
#9056 = DIRECTION('',(0.,-0.554700196225,0.832050294338));
#9057 = ADVANCED_FACE('',(#9058),#9138,.T.);
#9058 = FACE_BOUND('',#9059,.T.);
#9059 = EDGE_LOOP('',(#9060,#9066,#9067,#9068,#9076,#9084,#9090,#9091,
    #9099,#9107,#9113,#9114,#9122,#9130,#9136,#9137));
#9060 = ORIENTED_EDGE('',*,*,#9061,.F.);
#9061 = EDGE_CURVE('',#7851,#8180,#9062,.T.);
#9062 = LINE('',#9063,#9064);
#9063 = CARTESIAN_POINT('',(100.527,144.99999999999,3.7));
#9064 = VECTOR('',#9065,1.);
#9065 = DIRECTION('',(-1.,0.,0.));
#9066 = ORIENTED_EDGE('',*,*,#7850,.F.);
#9067 = ORIENTED_EDGE('',*,*,#5084,.T.);
#9068 = ORIENTED_EDGE('',*,*,#9069,.T.);
#9069 = EDGE_CURVE('',#5077,#9070,#9072,.T.);
#9070 = VERTEX_POINT('',#9071);
#9071 = CARTESIAN_POINT('',(94.027,146.1,3.7));
#9072 = LINE('',#9073,#9074);
#9073 = CARTESIAN_POINT('',(94.027,148.5,3.7));
#9074 = VECTOR('',#9075,1.);
#9075 = DIRECTION('',(0.,-1.,4.4E-16));
#9076 = ORIENTED_EDGE('',*,*,#9077,.T.);
#9077 = EDGE_CURVE('',#9070,#9078,#9080,.T.);
#9078 = VERTEX_POINT('',#9079);
#9079 = CARTESIAN_POINT('',(78.027,146.1,3.7));
#9080 = LINE('',#9081,#9082);
#9081 = CARTESIAN_POINT('',(94.027,146.1,3.7));
#9082 = VECTOR('',#9083,1.);
#9083 = DIRECTION('',(-1.,-0.,-0.));
#9084 = ORIENTED_EDGE('',*,*,#9085,.F.);
#9085 = EDGE_CURVE('',#5069,#9078,#9086,.T.);
#9086 = LINE('',#9087,#9088);
#9087 = CARTESIAN_POINT('',(78.027,148.5,3.7));
#9088 = VECTOR('',#9089,1.);
#9089 = DIRECTION('',(0.,-1.,4.4E-16));
#9090 = ORIENTED_EDGE('',*,*,#5068,.T.);
#9091 = ORIENTED_EDGE('',*,*,#9092,.T.);
#9092 = EDGE_CURVE('',#5061,#9093,#9095,.T.);
#9093 = VERTEX_POINT('',#9094);
#9094 = CARTESIAN_POINT('',(67.027,146.1,3.7));
#9095 = LINE('',#9096,#9097);
#9096 = CARTESIAN_POINT('',(67.027,148.5,3.7));
#9097 = VECTOR('',#9098,1.);
#9098 = DIRECTION('',(0.,-1.,4.4E-16));
#9099 = ORIENTED_EDGE('',*,*,#9100,.T.);
#9100 = EDGE_CURVE('',#9093,#9101,#9103,.T.);
#9101 = VERTEX_POINT('',#9102);
#9102 = CARTESIAN_POINT('',(51.027,146.1,3.7));
#9103 = LINE('',#9104,#9105);
#9104 = CARTESIAN_POINT('',(67.027,146.1,3.7));
#9105 = VECTOR('',#9106,1.);
#9106 = DIRECTION('',(-1.,-0.,-0.));
#9107 = ORIENTED_EDGE('',*,*,#9108,.F.);
#9108 = EDGE_CURVE('',#5053,#9101,#9109,.T.);
#9109 = LINE('',#9110,#9111);
#9110 = CARTESIAN_POINT('',(51.027,148.5,3.7));
#9111 = VECTOR('',#9112,1.);
#9112 = DIRECTION('',(0.,-1.,4.4E-16));
#9113 = ORIENTED_EDGE('',*,*,#5052,.T.);
#9114 = ORIENTED_EDGE('',*,*,#9115,.T.);
#9115 = EDGE_CURVE('',#5045,#9116,#9118,.T.);
#9116 = VERTEX_POINT('',#9117);
#9117 = CARTESIAN_POINT('',(40.027,146.1,3.7));
#9118 = LINE('',#9119,#9120);
#9119 = CARTESIAN_POINT('',(40.027,148.5,3.7));
#9120 = VECTOR('',#9121,1.);
#9121 = DIRECTION('',(0.,-1.,4.4E-16));
#9122 = ORIENTED_EDGE('',*,*,#9123,.F.);
#9123 = EDGE_CURVE('',#9124,#9116,#9126,.T.);
#9124 = VERTEX_POINT('',#9125);
#9125 = CARTESIAN_POINT('',(24.027,146.1,3.7));
#9126 = LINE('',#9127,#9128);
#9127 = CARTESIAN_POINT('',(24.027,146.1,3.7));
#9128 = VECTOR('',#9129,1.);
#9129 = DIRECTION('',(1.,0.,0.));
#9130 = ORIENTED_EDGE('',*,*,#9131,.F.);
#9131 = EDGE_CURVE('',#5037,#9124,#9132,.T.);
#9132 = LINE('',#9133,#9134);
#9133 = CARTESIAN_POINT('',(24.027,148.5,3.7));
#9134 = VECTOR('',#9135,1.);
#9135 = DIRECTION('',(0.,-1.,4.4E-16));
#9136 = ORIENTED_EDGE('',*,*,#5036,.T.);
#9137 = ORIENTED_EDGE('',*,*,#8179,.T.);
#9138 = PLANE('',#9139);
#9139 = AXIS2_PLACEMENT_3D('',#9140,#9141,#9142);
#9140 = CARTESIAN_POINT('',(74.918417632648,76.75898670103,3.7));
#9141 = DIRECTION('',(0.,0.,1.));
#9142 = DIRECTION('',(1.,0.,0.));
#9143 = ADVANCED_FACE('',(#9144),#9169,.T.);
#9144 = FACE_BOUND('',#9145,.F.);
#9145 = EDGE_LOOP('',(#9146,#9156,#9162,#9163));
#9146 = ORIENTED_EDGE('',*,*,#9147,.T.);
#9147 = EDGE_CURVE('',#9148,#9150,#9152,.T.);
#9148 = VERTEX_POINT('',#9149);
#9149 = CARTESIAN_POINT('',(94.027,147.3,1.9));
#9150 = VERTEX_POINT('',#9151);
#9151 = CARTESIAN_POINT('',(78.027,147.3,1.9));
#9152 = LINE('',#9153,#9154);
#9153 = CARTESIAN_POINT('',(94.027,147.3,1.9));
#9154 = VECTOR('',#9155,1.);
#9155 = DIRECTION('',(-1.,-0.,-0.));
#9156 = ORIENTED_EDGE('',*,*,#9157,.T.);
#9157 = EDGE_CURVE('',#9150,#5069,#9158,.T.);
#9158 = LINE('',#9159,#9160);
#9159 = CARTESIAN_POINT('',(78.027,147.3,1.9));
#9160 = VECTOR('',#9161,1.);
#9161 = DIRECTION('',(0.,0.554700196225,0.832050294338));
#9162 = ORIENTED_EDGE('',*,*,#5076,.F.);
#9163 = ORIENTED_EDGE('',*,*,#9164,.F.);
#9164 = EDGE_CURVE('',#9148,#5077,#9165,.T.);
#9165 = LINE('',#9166,#9167);
#9166 = CARTESIAN_POINT('',(94.027,147.3,1.9));
#9167 = VECTOR('',#9168,1.);
#9168 = DIRECTION('',(0.,0.554700196225,0.832050294338));
#9169 = PLANE('',#9170);
#9170 = AXIS2_PLACEMENT_3D('',#9171,#9172,#9173);
#9171 = CARTESIAN_POINT('',(94.027,147.3,1.9));
#9172 = DIRECTION('',(0.,-0.832050294338,0.554700196225));
#9173 = DIRECTION('',(-0.,-0.554700196225,-0.832050294338));
#9174 = ADVANCED_FACE('',(#9175),#9200,.T.);
#9175 = FACE_BOUND('',#9176,.F.);
#9176 = EDGE_LOOP('',(#9177,#9187,#9193,#9194));
#9177 = ORIENTED_EDGE('',*,*,#9178,.T.);
#9178 = EDGE_CURVE('',#9179,#9181,#9183,.T.);
#9179 = VERTEX_POINT('',#9180);
#9180 = CARTESIAN_POINT('',(67.027,147.3,1.9));
#9181 = VERTEX_POINT('',#9182);
#9182 = CARTESIAN_POINT('',(51.027,147.3,1.9));
#9183 = LINE('',#9184,#9185);
#9184 = CARTESIAN_POINT('',(67.027,147.3,1.9));
#9185 = VECTOR('',#9186,1.);
#9186 = DIRECTION('',(-1.,-0.,-0.));
#9187 = ORIENTED_EDGE('',*,*,#9188,.T.);
#9188 = EDGE_CURVE('',#9181,#5053,#9189,.T.);
#9189 = LINE('',#9190,#9191);
#9190 = CARTESIAN_POINT('',(51.027,147.3,1.9));
#9191 = VECTOR('',#9192,1.);
#9192 = DIRECTION('',(0.,0.554700196225,0.832050294338));
#9193 = ORIENTED_EDGE('',*,*,#5060,.F.);
#9194 = ORIENTED_EDGE('',*,*,#9195,.F.);
#9195 = EDGE_CURVE('',#9179,#5061,#9196,.T.);
#9196 = LINE('',#9197,#9198);
#9197 = CARTESIAN_POINT('',(67.027,147.3,1.9));
#9198 = VECTOR('',#9199,1.);
#9199 = DIRECTION('',(0.,0.554700196225,0.832050294338));
#9200 = PLANE('',#9201);
#9201 = AXIS2_PLACEMENT_3D('',#9202,#9203,#9204);
#9202 = CARTESIAN_POINT('',(67.027,147.3,1.9));
#9203 = DIRECTION('',(0.,-0.832050294338,0.554700196225));
#9204 = DIRECTION('',(-0.,-0.554700196225,-0.832050294338));
#9205 = ADVANCED_FACE('',(#9206),#9231,.F.);
#9206 = FACE_BOUND('',#9207,.T.);
#9207 = EDGE_LOOP('',(#9208,#9218,#9224,#9225));
#9208 = ORIENTED_EDGE('',*,*,#9209,.T.);
#9209 = EDGE_CURVE('',#9210,#9212,#9214,.T.);
#9210 = VERTEX_POINT('',#9211);
#9211 = CARTESIAN_POINT('',(24.027,147.3,1.9));
#9212 = VERTEX_POINT('',#9213);
#9213 = CARTESIAN_POINT('',(40.027,147.3,1.9));
#9214 = LINE('',#9215,#9216);
#9215 = CARTESIAN_POINT('',(24.027,147.3,1.9));
#9216 = VECTOR('',#9217,1.);
#9217 = DIRECTION('',(1.,0.,0.));
#9218 = ORIENTED_EDGE('',*,*,#9219,.T.);
#9219 = EDGE_CURVE('',#9212,#5045,#9220,.T.);
#9220 = LINE('',#9221,#9222);
#9221 = CARTESIAN_POINT('',(40.027,147.3,1.9));
#9222 = VECTOR('',#9223,1.);
#9223 = DIRECTION('',(0.,0.554700196225,0.832050294338));
#9224 = ORIENTED_EDGE('',*,*,#5044,.T.);
#9225 = ORIENTED_EDGE('',*,*,#9226,.F.);
#9226 = EDGE_CURVE('',#9210,#5037,#9227,.T.);
#9227 = LINE('',#9228,#9229);
#9228 = CARTESIAN_POINT('',(24.027,147.3,1.9));
#9229 = VECTOR('',#9230,1.);
#9230 = DIRECTION('',(0.,0.554700196225,0.832050294338));
#9231 = PLANE('',#9232);
#9232 = AXIS2_PLACEMENT_3D('',#9233,#9234,#9235);
#9233 = CARTESIAN_POINT('',(24.027,147.3,1.9));
#9234 = DIRECTION('',(0.,0.832050294338,-0.554700196225));
#9235 = DIRECTION('',(-0.,-0.554700196225,-0.832050294338));
#9236 = ADVANCED_FACE('',(#9237),#9255,.T.);
#9237 = FACE_BOUND('',#9238,.T.);
#9238 = EDGE_LOOP('',(#9239,#9240,#9246,#9247,#9253,#9254));
#9239 = ORIENTED_EDGE('',*,*,#5122,.F.);
#9240 = ORIENTED_EDGE('',*,*,#9241,.T.);
#9241 = EDGE_CURVE('',#5123,#7546,#9242,.T.);
#9242 = LINE('',#9243,#9244);
#9243 = CARTESIAN_POINT('',(8.227,15.,4.91));
#9244 = VECTOR('',#9245,1.);
#9245 = DIRECTION('',(-0.,-0.,-1.));
#9246 = ORIENTED_EDGE('',*,*,#7545,.F.);
#9247 = ORIENTED_EDGE('',*,*,#9248,.F.);
#9248 = EDGE_CURVE('',#5373,#7538,#9249,.T.);
#9249 = LINE('',#9250,#9251);
#9250 = CARTESIAN_POINT('',(8.227,24.2,4.91));
#9251 = VECTOR('',#9252,1.);
#9252 = DIRECTION('',(-0.,-0.,-1.));
#9253 = ORIENTED_EDGE('',*,*,#5372,.F.);
#9254 = ORIENTED_EDGE('',*,*,#5313,.F.);
#9255 = PLANE('',#9256);
#9256 = AXIS2_PLACEMENT_3D('',#9257,#9258,#9259);
#9257 = CARTESIAN_POINT('',(8.227,15.,4.91));
#9258 = DIRECTION('',(1.,0.,0.));
#9259 = DIRECTION('',(0.,1.,0.));
#9260 = ADVANCED_FACE('',(#9261),#9277,.T.);
#9261 = FACE_BOUND('',#9262,.T.);
#9262 = EDGE_LOOP('',(#9263,#9264,#9275,#9276));
#9263 = ORIENTED_EDGE('',*,*,#5265,.F.);
#9264 = ORIENTED_EDGE('',*,*,#9265,.F.);
#9265 = EDGE_CURVE('',#7554,#5259,#9266,.T.);
#9266 = B_SPLINE_CURVE_WITH_KNOTS('',4,(#9267,#9268,#9269,#9270,#9271,
    #9272,#9273,#9274),.UNSPECIFIED.,.F.,.F.,(5,3,5),(0.,0.499919146426,
    1.),.UNSPECIFIED.);
#9267 = CARTESIAN_POINT('',(8.227,15.,1.51));
#9268 = CARTESIAN_POINT('',(8.652056208475,15.425056208475,
    1.935056208475));
#9269 = CARTESIAN_POINT('',(9.077074137876,15.850074137876,
    2.360074137876));
#9270 = CARTESIAN_POINT('',(9.502051457544,16.275051457544,
    2.785051457544));
#9271 = CARTESIAN_POINT('',(10.352056926302,17.125056926302,
    3.635056926302));
#9272 = CARTESIAN_POINT('',(10.777085044183,17.550085044183,
    4.060085044183));
#9273 = CARTESIAN_POINT('',(11.202067116761,17.975067116761,
    4.485067116761));
#9274 = CARTESIAN_POINT('',(11.627,18.4,4.91));
#9275 = ORIENTED_EDGE('',*,*,#7553,.F.);
#9276 = ORIENTED_EDGE('',*,*,#9241,.F.);
#9277 = PLANE('',#9278);
#9278 = AXIS2_PLACEMENT_3D('',#9279,#9280,#9281);
#9279 = CARTESIAN_POINT('',(11.627,18.4,4.91));
#9280 = DIRECTION('',(-0.707106781187,0.707106781187,0.));
#9281 = DIRECTION('',(-0.707106781187,-0.707106781187,0.));
#9282 = ADVANCED_FACE('',(#9283),#9372,.F.);
#9283 = FACE_BOUND('',#9284,.F.);
#9284 = EDGE_LOOP('',(#9285,#9286,#9287,#9294,#9371));
#9285 = ORIENTED_EDGE('',*,*,#9265,.F.);
#9286 = ORIENTED_EDGE('',*,*,#7561,.F.);
#9287 = ORIENTED_EDGE('',*,*,#9288,.T.);
#9288 = EDGE_CURVE('',#7562,#9289,#9291,.T.);
#9289 = VERTEX_POINT('',#9290);
#9290 = CARTESIAN_POINT('',(10.327862197135,8.100862197135,
    3.610862197135));
#9291 = B_SPLINE_CURVE_WITH_KNOTS('',1,(#9292,#9293),.UNSPECIFIED.,.F.,
  .F.,(2,2),(0.,1.),.PIECEWISE_BEZIER_KNOTS.);
#9292 = CARTESIAN_POINT('',(8.227,6.,1.51));
#9293 = CARTESIAN_POINT('',(11.627,9.4,4.91));
#9294 = ORIENTED_EDGE('',*,*,#9295,.T.);
#9295 = EDGE_CURVE('',#9289,#5250,#9296,.T.);
#9296 = B_SPLINE_CURVE_WITH_KNOTS('',7,(#9297,#9298,#9299,#9300,#9301,
    #9302,#9303,#9304,#9305,#9306,#9307,#9308,#9309,#9310,#9311,#9312,
    #9313,#9314,#9315,#9316,#9317,#9318,#9319,#9320,#9321,#9322,#9323,
    #9324,#9325,#9326,#9327,#9328,#9329,#9330,#9331,#9332,#9333,#9334,
    #9335,#9336,#9337,#9338,#9339,#9340,#9341,#9342,#9343,#9344,#9345,
    #9346,#9347,#9348,#9349,#9350,#9351,#9352,#9353,#9354,#9355,#9356,
    #9357,#9358,#9359,#9360,#9361,#9362,#9363,#9364,#9365,#9366,#9367,
    #9368,#9369,#9370),.UNSPECIFIED.,.F.,.F.,(8,6,6,6,6,6,6,6,6,6,6,6,8)
  ,(0.,0.22610549243,0.485236143379,0.594942634591,0.650695550969,
    0.686304648556,0.763074347778,0.862041913222,0.910820235979,
    0.98017031583,0.990411178913,0.995167272131,1.),.UNSPECIFIED.);
#9297 = CARTESIAN_POINT('',(10.327862197135,8.100862197135,
    3.610862197135));
#9298 = CARTESIAN_POINT('',(10.214572657334,8.214151736936,
    3.497572657334));
#9299 = CARTESIAN_POINT('',(10.104962027801,8.33409231722,3.387962027801
    ));
#9300 = CARTESIAN_POINT('',(9.999320164696,8.460880512953,3.282320164696
    ));
#9301 = CARTESIAN_POINT('',(9.898021373431,8.594732849178,3.181021373431
    ));
#9302 = CARTESIAN_POINT('',(9.801520956751,8.735878033503,3.084520956751
    ));
#9303 = CARTESIAN_POINT('',(9.71036676048,8.884569341011,2.99336676048)
  );
#9304 = CARTESIAN_POINT('',(9.527648900921,9.22053046709,2.810648900921)
  );
#9305 = CARTESIAN_POINT('',(9.438051431617,9.410113688394,2.721051431617
    ));
#9306 = CARTESIAN_POINT('',(9.357332720842,9.610458182669,2.640332720842
    ));
#9307 = CARTESIAN_POINT('',(9.286798579669,9.82200039072,2.569798579669)
  );
#9308 = CARTESIAN_POINT('',(9.228124706769,10.04496151548,2.511124706769
    ));
#9309 = CARTESIAN_POINT('',(9.183291854388,10.27927446782,2.466291854388
    ));
#9310 = CARTESIAN_POINT('',(9.142525615052,10.62850817006,2.425525615052
    ));
#9311 = CARTESIAN_POINT('',(9.133307748924,10.734319755011,
    2.416307748924));
#9312 = CARTESIAN_POINT('',(9.127173861401,10.84201376721,2.410173861401
    ));
#9313 = CARTESIAN_POINT('',(9.124312090951,10.951500786198,
    2.407312090951));
#9314 = CARTESIAN_POINT('',(9.124912557405,11.062651080505,
    2.407912557405));
#9315 = CARTESIAN_POINT('',(9.129157586718,11.175290226213,
    2.412157586718));
#9316 = CARTESIAN_POINT('',(9.141305161573,11.347081072558,
    2.424305161573));
#9317 = CARTESIAN_POINT('',(9.146382056503,11.405292871887,
    2.429382056503));
#9318 = CARTESIAN_POINT('',(9.152463906533,11.463799482956,
    2.435463906533));
#9319 = CARTESIAN_POINT('',(9.159570574916,11.522566683016,
    2.442570574916));
#9320 = CARTESIAN_POINT('',(9.167719885423,11.581556555096,
    2.450719885423));
#9321 = CARTESIAN_POINT('',(9.176927005641,11.640727375985,
    2.459927005641));
#9322 = CARTESIAN_POINT('',(9.193767584685,11.737912019732,
    2.476767584685));
#9323 = CARTESIAN_POINT('',(9.200767683929,11.775845816087,
    2.483767683929));
#9324 = CARTESIAN_POINT('',(9.208207294202,11.813822974925,
    2.491207294201));
#9325 = CARTESIAN_POINT('',(9.216088954604,11.851831072456,
    2.499088954604));
#9326 = CARTESIAN_POINT('',(9.224414577132,11.889857179461,
    2.507414577132));
#9327 = CARTESIAN_POINT('',(9.233185446681,11.927887861296,
    2.516185446681));
#9328 = CARTESIAN_POINT('',(9.262272676724,12.04787938315,2.545272676724
    ));
#9329 = CARTESIAN_POINT('',(9.284216537646,12.129810212109,
    2.567216537646));
#9330 = CARTESIAN_POINT('',(9.30823847351,12.211556251655,2.59123847351)
  );
#9331 = CARTESIAN_POINT('',(9.334328869592,12.292969890941,
    2.617328869592));
#9332 = CARTESIAN_POINT('',(9.362462385415,12.373901778346,
    2.645462385415));
#9333 = CARTESIAN_POINT('',(9.392596513425,12.454201278429,
    2.675596513425));
#9334 = CARTESIAN_POINT('',(9.466017811788,12.636224434094,
    2.749017811788));
#9335 = CARTESIAN_POINT('',(9.510595138838,12.737444793515,
    2.793595138838));
#9336 = CARTESIAN_POINT('',(9.558269297507,12.837046022717,
    2.841269297507));
#9337 = CARTESIAN_POINT('',(9.608874322024,12.934740959205,
    2.891874322024));
#9338 = CARTESIAN_POINT('',(9.662217046442,13.030283409143,
    2.945217046441));
#9339 = CARTESIAN_POINT('',(9.718083048928,13.123464294054,
    3.001083048928));
#9340 = CARTESIAN_POINT('',(9.804907797105,13.258783424836,
    3.087907797105));
#9341 = CARTESIAN_POINT('',(9.834131850753,13.302845370563,
    3.117131850753));
#9342 = CARTESIAN_POINT('',(9.863888489985,13.346274343137,
    3.146888489985));
#9343 = CARTESIAN_POINT('',(9.894151413106,13.389054081034,
    3.177151413106));
#9344 = CARTESIAN_POINT('',(9.924894480555,13.431171093141,
    3.207894480555));
#9345 = CARTESIAN_POINT('',(9.956091911736,13.4726143991,3.239091911736)
  );
#9346 = CARTESIAN_POINT('',(10.03268323336,13.57132661911,3.31568323336)
  );
#9347 = CARTESIAN_POINT('',(10.07851540298,13.627898478709,3.36151540298
    ));
#9348 = CARTESIAN_POINT('',(10.125142926986,13.683066541382,
    3.408142926986));
#9349 = CARTESIAN_POINT('',(10.172496499842,13.736815992253,
    3.455496499842));
#9350 = CARTESIAN_POINT('',(10.220510228626,13.78914019739,
    3.503510228626));
#9351 = CARTESIAN_POINT('',(10.269122287449,13.840039392567,
    3.552122287449));
#9352 = CARTESIAN_POINT('',(10.325533992591,13.896826035483,
    3.608533992591));
#9353 = CARTESIAN_POINT('',(10.332804215365,13.904101751982,
    3.615804215365));
#9354 = CARTESIAN_POINT('',(10.340086055763,13.911346540122,
    3.623086055763));
#9355 = CARTESIAN_POINT('',(10.34737933139,13.918560420942,3.63037933139
    ));
#9356 = CARTESIAN_POINT('',(10.354683861895,13.925743417915,
    3.637683861895));
#9357 = CARTESIAN_POINT('',(10.361999468969,13.932895556945,
    3.644999468969));
#9358 = CARTESIAN_POINT('',(10.372728575499,13.943324166855,
    3.655728575499));
#9359 = CARTESIAN_POINT('',(10.376131056095,13.946622417273,
    3.659131056095));
#9360 = CARTESIAN_POINT('',(10.379533418275,13.949911661084,
    3.662533418275));
#9361 = CARTESIAN_POINT('',(10.382935662268,13.953191941328,
    3.665935662268));
#9362 = CARTESIAN_POINT('',(10.386337788388,13.956463300625,
    3.669337788388));
#9363 = CARTESIAN_POINT('',(10.389739797033,13.95972578117,
    3.672739797033));
#9364 = CARTESIAN_POINT('',(10.396598394828,13.966285494073,
    3.679598394828));
#9365 = CARTESIAN_POINT('',(10.400057420266,13.969584773208,
    3.683057420266));
#9366 = CARTESIAN_POINT('',(10.403518746257,13.97287726452,
    3.686518746257));
#9367 = CARTESIAN_POINT('',(10.406982354417,13.976162970849,
    3.689982354417));
#9368 = CARTESIAN_POINT('',(10.410448226733,13.979441895499,
    3.693448226733));
#9369 = CARTESIAN_POINT('',(10.413916345557,13.982714042237,
    3.696916345557));
#9370 = CARTESIAN_POINT('',(10.417386693608,13.985979415292,
    3.700386693608));
#9371 = ORIENTED_EDGE('',*,*,#5258,.T.);
#9372 = B_SPLINE_SURFACE_WITH_KNOTS('',1,1,(
    (#9373,#9374)
    ,(#9375,#9376
    )),.UNSPECIFIED.,.F.,.F.,.F.,(2,2),(2,2),(0.,138.),(0.,1.),
  .PIECEWISE_BEZIER_KNOTS.);
#9373 = CARTESIAN_POINT('',(8.227,144.,1.51));
#9374 = CARTESIAN_POINT('',(11.627,140.6,4.91));
#9375 = CARTESIAN_POINT('',(8.227,6.,1.51));
#9376 = CARTESIAN_POINT('',(11.627,9.4,4.91));
#9377 = ADVANCED_FACE('',(#9378),#9441,.F.);
#9378 = FACE_BOUND('',#9379,.F.);
#9379 = EDGE_LOOP('',(#9380,#9381,#9382));
#9380 = ORIENTED_EDGE('',*,*,#5249,.F.);
#9381 = ORIENTED_EDGE('',*,*,#9295,.F.);
#9382 = ORIENTED_EDGE('',*,*,#9383,.F.);
#9383 = EDGE_CURVE('',#5243,#9289,#9384,.T.);
#9384 = B_SPLINE_CURVE_WITH_KNOTS('',7,(#9385,#9386,#9387,#9388,#9389,
    #9390,#9391,#9392,#9393,#9394,#9395,#9396,#9397,#9398,#9399,#9400,
    #9401,#9402,#9403,#9404,#9405,#9406,#9407,#9408,#9409,#9410,#9411,
    #9412,#9413,#9414,#9415,#9416,#9417,#9418,#9419,#9420,#9421,#9422,
    #9423,#9424,#9425,#9426,#9427,#9428,#9429,#9430,#9431,#9432,#9433,
    #9434,#9435,#9436,#9437,#9438,#9439,#9440),.UNSPECIFIED.,.F.,.F.,(8,
    6,6,6,6,6,6,6,6,8),(0.,4.941509408749E-03,8.978000416553E-02,
    0.138272729389,0.237443466493,0.345619974981,0.40141281557,
    0.510203809306,0.759107297178,1.),.UNSPECIFIED.);
#9385 = CARTESIAN_POINT('',(16.212979415292,8.190386693608,
    3.700386693608));
#9386 = CARTESIAN_POINT('',(16.209633052151,8.18683027171,3.69683027171)
  );
#9387 = CARTESIAN_POINT('',(16.206279526856,8.183276139411,
    3.693276139411));
#9388 = CARTESIAN_POINT('',(16.202918831495,8.17972431248,3.68972431248)
  );
#9389 = CARTESIAN_POINT('',(16.19955096005,8.176174808484,3.686174808484
    ));
#9390 = CARTESIAN_POINT('',(16.196175908397,8.17262764679,3.68262764679)
  );
#9391 = CARTESIAN_POINT('',(16.192793674301,8.169082848562,
    3.679082848562));
#9392 = CARTESIAN_POINT('',(16.131212923064,8.104722403275,
    3.614722403275));
#9393 = CARTESIAN_POINT('',(16.070903161768,8.044606647375,
    3.554606647375));
#9394 = CARTESIAN_POINT('',(16.008453775501,7.985289982043,
    3.495289982043));
#9395 = CARTESIAN_POINT('',(15.943854281304,7.926880872442,
    3.436880872442));
#9396 = CARTESIAN_POINT('',(15.877108448983,7.869497770948,
    3.379497770948));
#9397 = CARTESIAN_POINT('',(15.808237838794,7.813267452175,
    3.323267452175));
#9398 = CARTESIAN_POINT('',(15.696729691843,7.726917918728,
    3.236917918728));
#9399 = CARTESIAN_POINT('',(15.655494098095,7.695932866757,
    3.205932866757));
#9400 = CARTESIAN_POINT('',(15.613586988471,7.665393325476,
    3.175393325476));
#9401 = CARTESIAN_POINT('',(15.571019071948,7.635325030738,
    3.145325030738));
#9402 = CARTESIAN_POINT('',(15.527803602596,7.605754120513,
    3.115754120513));
#9403 = CARTESIAN_POINT('',(15.483956646276,7.576706934548,
    3.086706934548));
#9404 = CARTESIAN_POINT('',(15.348575226011,7.489931372571,
    2.999931372571));
#9405 = CARTESIAN_POINT('',(15.255080160932,7.433945963686,
    2.943945963686));
#9406 = CARTESIAN_POINT('',(15.159191725487,7.380490047956,
    2.890490047956));
#9407 = CARTESIAN_POINT('',(15.061124186432,7.329784428391,
    2.839784428391));
#9408 = CARTESIAN_POINT('',(14.961130580346,7.28202795708,2.79202795708)
  );
#9409 = CARTESIAN_POINT('',(14.85950679007,7.237391241833,2.747391241833
    ));
#9410 = CARTESIAN_POINT('',(14.644339009336,7.150871633277,
    2.660871633277));
#9411 = CARTESIAN_POINT('',(14.530521863834,7.109595431068,
    2.619595431068));
#9412 = CARTESIAN_POINT('',(14.415592156855,7.072361693632,
    2.582361693632));
#9413 = CARTESIAN_POINT('',(14.29998261176,7.039267992083,2.549267992083
    ));
#9414 = CARTESIAN_POINT('',(14.184108193542,7.0103411417,2.5203411417));
#9415 = CARTESIAN_POINT('',(14.06836359931,6.985548822395,2.495548822395
    ));
#9416 = CARTESIAN_POINT('',(13.89368338959,6.954115615441,2.464115615441
    ));
#9417 = CARTESIAN_POINT('',(13.834373790963,6.944497519372,
    2.454497519372));
#9418 = CARTESIAN_POINT('',(13.775238894073,6.935945424826,
    2.445945424826));
#9419 = CARTESIAN_POINT('',(13.716321566467,6.928444400607,
    2.438444400607));
#9420 = CARTESIAN_POINT('',(13.657660722262,6.921976720779,
    2.431976720779));
#9421 = CARTESIAN_POINT('',(13.599291442357,6.916522514972,
    2.426522514972));
#9422 = CARTESIAN_POINT('',(13.4280599658,6.903359734435,2.413359734435)
  );
#9423 = CARTESIAN_POINT('',(13.316107927057,6.898431837615,
    2.408431837615));
#9424 = CARTESIAN_POINT('',(13.205611348551,6.897115652708,
    2.407115652708));
#9425 = CARTESIAN_POINT('',(13.096743586991,6.899232325202,
    2.409232325202));
#9426 = CARTESIAN_POINT('',(12.989633389817,6.904595009116,
    2.414595009116));
#9427 = CARTESIAN_POINT('',(12.884369299372,6.913018654532,
    2.423018654532));
#9428 = CARTESIAN_POINT('',(12.544514174455,6.950208613307,
    2.460208613307));
#9429 = CARTESIAN_POINT('',(12.318177919277,6.991177218851,
    2.501177218851));
#9430 = CARTESIAN_POINT('',(12.102285240533,7.045132888533,
    2.555132888533));
#9431 = CARTESIAN_POINT('',(11.896908222404,7.110291628313,
    2.620291628313));
#9432 = CARTESIAN_POINT('',(11.701864140058,7.18513748879,2.69513748879)
  );
#9433 = CARTESIAN_POINT('',(11.516773916965,7.268476972057,
    2.778476972057));
#9434 = CARTESIAN_POINT('',(11.17110488733,7.447542544794,2.957542544794
    ));
#9435 = CARTESIAN_POINT('',(11.01005975437,7.54271558984,3.05271558984)
  );
#9436 = CARTESIAN_POINT('',(10.857593502311,7.644158359286,
    3.154158359286));
#9437 = CARTESIAN_POINT('',(10.713403435173,7.751196008928,
    3.261196008928));
#9438 = CARTESIAN_POINT('',(10.577218659505,7.863274135208,
    3.373274135208));
#9439 = CARTESIAN_POINT('',(10.448781875984,7.979942518286,
    3.489942518286));
#9440 = CARTESIAN_POINT('',(10.327862197135,8.100862197135,
    3.610862197135));
#9441 = CYLINDRICAL_SURFACE('',#9442,4.1);
#9442 = AXIS2_PLACEMENT_3D('',#9443,#9444,#9445);
#9443 = CARTESIAN_POINT('',(13.227,11.,3.7));
#9444 = DIRECTION('',(0.,0.,1.));
#9445 = DIRECTION('',(1.,0.,0.));
#9446 = ADVANCED_FACE('',(#9447),#9461,.F.);
#9447 = FACE_BOUND('',#9448,.F.);
#9448 = EDGE_LOOP('',(#9449,#9450,#9451,#9459,#9460));
#9449 = ORIENTED_EDGE('',*,*,#9288,.F.);
#9450 = ORIENTED_EDGE('',*,*,#7568,.F.);
#9451 = ORIENTED_EDGE('',*,*,#9452,.T.);
#9452 = EDGE_CURVE('',#7569,#5235,#9453,.T.);
#9453 = B_SPLINE_CURVE_WITH_KNOTS('',4,(#9454,#9455,#9456,#9457,#9458),
  .UNSPECIFIED.,.F.,.F.,(5,5),(0.,1.),.PIECEWISE_BEZIER_KNOTS.);
#9454 = CARTESIAN_POINT('',(16.227,6.,1.51));
#9455 = CARTESIAN_POINT('',(17.077080958891,6.850080958891,
    2.360080958891));
#9456 = CARTESIAN_POINT('',(17.927111218536,7.700111218536,
    3.210111218536));
#9457 = CARTESIAN_POINT('',(18.777086160033,8.550086160033,
    4.060086160033));
#9458 = CARTESIAN_POINT('',(19.627,9.4,4.91));
#9459 = ORIENTED_EDGE('',*,*,#5242,.T.);
#9460 = ORIENTED_EDGE('',*,*,#9383,.T.);
#9461 = B_SPLINE_SURFACE_WITH_KNOTS('',1,1,(
    (#9462,#9463)
    ,(#9464,#9465
    )),.UNSPECIFIED.,.F.,.F.,.F.,(2,2),(2,2),(0.,92.3),(0.,1.),
  .PIECEWISE_BEZIER_KNOTS.);
#9462 = CARTESIAN_POINT('',(8.227,6.,1.51));
#9463 = CARTESIAN_POINT('',(11.627,9.4,4.91));
#9464 = CARTESIAN_POINT('',(100.527,6.,1.51));
#9465 = CARTESIAN_POINT('',(100.52700032116,9.4,4.91));
#9466 = ADVANCED_FACE('',(#9467),#9478,.F.);
#9467 = FACE_BOUND('',#9468,.F.);
#9468 = EDGE_LOOP('',(#9469,#9470,#9471,#9472));
#9469 = ORIENTED_EDGE('',*,*,#5234,.F.);
#9470 = ORIENTED_EDGE('',*,*,#9452,.F.);
#9471 = ORIENTED_EDGE('',*,*,#7575,.F.);
#9472 = ORIENTED_EDGE('',*,*,#9473,.F.);
#9473 = EDGE_CURVE('',#5227,#7576,#9474,.T.);
#9474 = LINE('',#9475,#9476);
#9475 = CARTESIAN_POINT('',(16.227,6.,4.91));
#9476 = VECTOR('',#9477,1.);
#9477 = DIRECTION('',(-0.,-0.,-1.));
#9478 = PLANE('',#9479);
#9479 = AXIS2_PLACEMENT_3D('',#9480,#9481,#9482);
#9480 = CARTESIAN_POINT('',(19.627,9.4,4.91));
#9481 = DIRECTION('',(-0.707106781187,0.707106781187,0.));
#9482 = DIRECTION('',(-0.707106781187,-0.707106781187,0.));
#9483 = ADVANCED_FACE('',(#9484),#9495,.F.);
#9484 = FACE_BOUND('',#9485,.F.);
#9485 = EDGE_LOOP('',(#9486,#9487,#9488,#9489));
#9486 = ORIENTED_EDGE('',*,*,#5226,.F.);
#9487 = ORIENTED_EDGE('',*,*,#9473,.T.);
#9488 = ORIENTED_EDGE('',*,*,#7583,.F.);
#9489 = ORIENTED_EDGE('',*,*,#9490,.F.);
#9490 = EDGE_CURVE('',#5219,#7584,#9491,.T.);
#9491 = LINE('',#9492,#9493);
#9492 = CARTESIAN_POINT('',(23.127,6.,4.91));
#9493 = VECTOR('',#9494,1.);
#9494 = DIRECTION('',(-0.,-0.,-1.));
#9495 = PLANE('',#9496);
#9496 = AXIS2_PLACEMENT_3D('',#9497,#9498,#9499);
#9497 = CARTESIAN_POINT('',(16.227,6.,4.91));
#9498 = DIRECTION('',(0.,-1.,0.));
#9499 = DIRECTION('',(1.,0.,0.));
#9500 = ADVANCED_FACE('',(#9501),#9523,.F.);
#9501 = FACE_BOUND('',#9502,.F.);
#9502 = EDGE_LOOP('',(#9503,#9504,#9505,#9506));
#9503 = ORIENTED_EDGE('',*,*,#5218,.F.);
#9504 = ORIENTED_EDGE('',*,*,#9490,.T.);
#9505 = ORIENTED_EDGE('',*,*,#7591,.F.);
#9506 = ORIENTED_EDGE('',*,*,#9507,.T.);
#9507 = EDGE_CURVE('',#7592,#5212,#9508,.T.);
#9508 = B_SPLINE_CURVE_WITH_KNOTS('',4,(#9509,#9510,#9511,#9512,#9513,
    #9514,#9515,#9516,#9517,#9518,#9519,#9520,#9521,#9522),
  .UNSPECIFIED.,.F.,.F.,(5,3,3,3,5),(0.,0.246227944645,0.494902785609,
    0.746115912974,1.),.UNSPECIFIED.);
#9509 = CARTESIAN_POINT('',(23.127,6.,1.51));
#9510 = CARTESIAN_POINT('',(22.913472274621,6.213527725379,
    1.723527725379));
#9511 = CARTESIAN_POINT('',(22.700633111683,6.426366888317,
    1.936366888317));
#9512 = CARTESIAN_POINT('',(22.488485118542,6.638514881458,
    2.148514881458));
#9513 = CARTESIAN_POINT('',(22.063474914659,7.063525085341,
    2.573525085341));
#9514 = CARTESIAN_POINT('',(21.850626556657,7.276373443343,
    2.786373443343));
#9515 = CARTESIAN_POINT('',(21.638488069559,7.488511930441,
    2.998511930441));
#9516 = CARTESIAN_POINT('',(21.213477210584,7.913522789416,
    3.423522789416));
#9517 = CARTESIAN_POINT('',(21.000619449803,8.126380550197,
    3.636380550197));
#9518 = CARTESIAN_POINT('',(20.788490695402,8.338509304598,
    3.848509304598));
#9519 = CARTESIAN_POINT('',(20.363447668827,8.763552331173,
    4.273552331172));
#9520 = CARTESIAN_POINT('',(20.15054902464,8.97645097536,4.48645097536)
  );
#9521 = CARTESIAN_POINT('',(19.938399182557,9.188600817443,
    4.698600817443));
#9522 = CARTESIAN_POINT('',(19.727,9.4,4.91));
#9523 = PLANE('',#9524);
#9524 = AXIS2_PLACEMENT_3D('',#9525,#9526,#9527);
#9525 = CARTESIAN_POINT('',(23.127,6.,4.91));
#9526 = DIRECTION('',(0.707106781187,0.707106781187,0.));
#9527 = DIRECTION('',(-0.707106781187,0.707106781187,0.));
#9528 = ADVANCED_FACE('',(#9529),#9545,.F.);
#9529 = FACE_BOUND('',#9530,.F.);
#9530 = EDGE_LOOP('',(#9531,#9532,#9533,#9544));
#9531 = ORIENTED_EDGE('',*,*,#9507,.F.);
#9532 = ORIENTED_EDGE('',*,*,#7599,.F.);
#9533 = ORIENTED_EDGE('',*,*,#9534,.T.);
#9534 = EDGE_CURVE('',#7600,#5204,#9535,.T.);
#9535 = B_SPLINE_CURVE_WITH_KNOTS('',4,(#9536,#9537,#9538,#9539,#9540,
    #9541,#9542,#9543),.UNSPECIFIED.,.F.,.F.,(5,3,5),(0.,0.499871174527,
    1.),.UNSPECIFIED.);
#9536 = CARTESIAN_POINT('',(26.227,6.,1.51));
#9537 = CARTESIAN_POINT('',(26.652093316814,6.425093316814,
    1.935093316814));
#9538 = CARTESIAN_POINT('',(27.077123086227,6.850123086227,
    2.360123086227));
#9539 = CARTESIAN_POINT('',(27.502086442803,7.275086442803,
    2.785086442803));
#9540 = CARTESIAN_POINT('',(28.352092951999,8.125092951999,
    3.635092951999));
#9541 = CARTESIAN_POINT('',(28.777136030874,8.550136030874,
    4.060136030874));
#9542 = CARTESIAN_POINT('',(29.202106235551,8.975106235551,
    4.485106235551));
#9543 = CARTESIAN_POINT('',(29.627,9.4,4.91));
#9544 = ORIENTED_EDGE('',*,*,#5211,.T.);
#9545 = B_SPLINE_SURFACE_WITH_KNOTS('',1,1,(
    (#9546,#9547)
    ,(#9548,#9549
    )),.UNSPECIFIED.,.F.,.F.,.F.,(2,2),(2,2),(0.,92.3),(0.,1.),
  .PIECEWISE_BEZIER_KNOTS.);
#9546 = CARTESIAN_POINT('',(8.227,6.,1.51));
#9547 = CARTESIAN_POINT('',(11.627,9.4,4.91));
#9548 = CARTESIAN_POINT('',(100.527,6.,1.51));
#9549 = CARTESIAN_POINT('',(100.52700032116,9.4,4.91));
#9550 = ADVANCED_FACE('',(#9551),#9562,.F.);
#9551 = FACE_BOUND('',#9552,.F.);
#9552 = EDGE_LOOP('',(#9553,#9554,#9555,#9556));
#9553 = ORIENTED_EDGE('',*,*,#5203,.F.);
#9554 = ORIENTED_EDGE('',*,*,#9534,.F.);
#9555 = ORIENTED_EDGE('',*,*,#7606,.F.);
#9556 = ORIENTED_EDGE('',*,*,#9557,.F.);
#9557 = EDGE_CURVE('',#5196,#7607,#9558,.T.);
#9558 = LINE('',#9559,#9560);
#9559 = CARTESIAN_POINT('',(26.227,6.,4.91));
#9560 = VECTOR('',#9561,1.);
#9561 = DIRECTION('',(-0.,-0.,-1.));
#9562 = PLANE('',#9563);
#9563 = AXIS2_PLACEMENT_3D('',#9564,#9565,#9566);
#9564 = CARTESIAN_POINT('',(29.627,9.4,4.91));
#9565 = DIRECTION('',(-0.707106781187,0.707106781187,0.));
#9566 = DIRECTION('',(-0.707106781187,-0.707106781187,0.));
#9567 = ADVANCED_FACE('',(#9568),#9579,.F.);
#9568 = FACE_BOUND('',#9569,.F.);
#9569 = EDGE_LOOP('',(#9570,#9571,#9572,#9573));
#9570 = ORIENTED_EDGE('',*,*,#5195,.F.);
#9571 = ORIENTED_EDGE('',*,*,#9557,.T.);
#9572 = ORIENTED_EDGE('',*,*,#7614,.F.);
#9573 = ORIENTED_EDGE('',*,*,#9574,.F.);
#9574 = EDGE_CURVE('',#5188,#7615,#9575,.T.);
#9575 = LINE('',#9576,#9577);
#9576 = CARTESIAN_POINT('',(33.127,6.,4.91));
#9577 = VECTOR('',#9578,1.);
#9578 = DIRECTION('',(-0.,-0.,-1.));
#9579 = PLANE('',#9580);
#9580 = AXIS2_PLACEMENT_3D('',#9581,#9582,#9583);
#9581 = CARTESIAN_POINT('',(26.227,6.,4.91));
#9582 = DIRECTION('',(0.,-1.,0.));
#9583 = DIRECTION('',(1.,0.,0.));
#9584 = ADVANCED_FACE('',(#9585),#9607,.F.);
#9585 = FACE_BOUND('',#9586,.F.);
#9586 = EDGE_LOOP('',(#9587,#9588,#9589,#9590));
#9587 = ORIENTED_EDGE('',*,*,#5187,.F.);
#9588 = ORIENTED_EDGE('',*,*,#9574,.T.);
#9589 = ORIENTED_EDGE('',*,*,#7622,.F.);
#9590 = ORIENTED_EDGE('',*,*,#9591,.T.);
#9591 = EDGE_CURVE('',#7325,#5181,#9592,.T.);
#9592 = B_SPLINE_CURVE_WITH_KNOTS('',4,(#9593,#9594,#9595,#9596,#9597,
    #9598,#9599,#9600,#9601,#9602,#9603,#9604,#9605,#9606),
  .UNSPECIFIED.,.F.,.F.,(5,3,3,3,5),(0.,0.246439045777,0.495186833013,
    0.746330947717,1.),.UNSPECIFIED.);
#9593 = CARTESIAN_POINT('',(33.127,6.,1.51));
#9594 = CARTESIAN_POINT('',(32.913532186553,6.213467813447,
    1.723467813447));
#9595 = CARTESIAN_POINT('',(32.700712590668,6.426287409332,
    1.936287409332));
#9596 = CARTESIAN_POINT('',(32.488544394504,6.638455605496,
    2.148455605496));
#9597 = CARTESIAN_POINT('',(32.063535231196,7.063464768804,
    2.573464768804));
#9598 = CARTESIAN_POINT('',(31.85070658231,7.27629341769,2.78629341769)
  );
#9599 = CARTESIAN_POINT('',(31.638547713318,7.488452286682,
    2.998452286682));
#9600 = CARTESIAN_POINT('',(31.213537900833,7.913462099167,
    3.423462099167));
#9601 = CARTESIAN_POINT('',(31.000699979393,8.126300020607,
    3.636300020607));
#9602 = CARTESIAN_POINT('',(30.788550675034,8.338449324966,
    3.848449324966));
#9603 = CARTESIAN_POINT('',(30.363508812105,8.763491187895,
    4.273491187895));
#9604 = CARTESIAN_POINT('',(30.150630224304,8.976369775696,
    4.486369775696));
#9605 = CARTESIAN_POINT('',(29.938459762325,9.188540237675,
    4.698540237675));
#9606 = CARTESIAN_POINT('',(29.727,9.4,4.91));
#9607 = PLANE('',#9608);
#9608 = AXIS2_PLACEMENT_3D('',#9609,#9610,#9611);
#9609 = CARTESIAN_POINT('',(33.127,6.,4.91));
#9610 = DIRECTION('',(0.707106781187,0.707106781187,0.));
#9611 = DIRECTION('',(-0.707106781187,0.707106781187,0.));
#9612 = ADVANCED_FACE('',(#9613),#9634,.F.);
#9613 = FACE_BOUND('',#9614,.F.);
#9614 = EDGE_LOOP('',(#9615,#9616,#9617,#9618,#9625,#9633));
#9615 = ORIENTED_EDGE('',*,*,#9591,.F.);
#9616 = ORIENTED_EDGE('',*,*,#7322,.F.);
#9617 = ORIENTED_EDGE('',*,*,#7691,.T.);
#9618 = ORIENTED_EDGE('',*,*,#9619,.T.);
#9619 = EDGE_CURVE('',#7684,#9620,#9622,.T.);
#9620 = VERTEX_POINT('',#9621);
#9621 = CARTESIAN_POINT('',(32.9226,8.0977,3.6077));
#9622 = B_SPLINE_CURVE_WITH_KNOTS('',1,(#9623,#9624),.UNSPECIFIED.,.F.,
  .F.,(2,2),(0.,1.),.PIECEWISE_BEZIER_KNOTS.);
#9623 = CARTESIAN_POINT('',(35.9226,8.0977,3.6077));
#9624 = CARTESIAN_POINT('',(32.9226,8.0977,3.6077));
#9625 = ORIENTED_EDGE('',*,*,#9626,.T.);
#9626 = EDGE_CURVE('',#9620,#5173,#9627,.T.);
#9627 = B_SPLINE_CURVE_WITH_KNOTS('',4,(#9628,#9629,#9630,#9631,#9632),
  .UNSPECIFIED.,.F.,.F.,(5,5),(0.,1.),.PIECEWISE_BEZIER_KNOTS.);
#9628 = CARTESIAN_POINT('',(32.9226,8.0977,3.6077));
#9629 = CARTESIAN_POINT('',(32.9226,8.120780200936,3.630780200936));
#9630 = CARTESIAN_POINT('',(32.9226,8.143856943792,3.653856943792));
#9631 = CARTESIAN_POINT('',(32.9226,8.166930205134,3.676930205134));
#9632 = CARTESIAN_POINT('',(32.9226,8.19,3.7));
#9633 = ORIENTED_EDGE('',*,*,#5180,.T.);
#9634 = B_SPLINE_SURFACE_WITH_KNOTS('',1,1,(
    (#9635,#9636)
    ,(#9637,#9638
    )),.UNSPECIFIED.,.F.,.F.,.F.,(2,2),(2,2),(0.,92.3),(0.,1.),
  .PIECEWISE_BEZIER_KNOTS.);
#9635 = CARTESIAN_POINT('',(8.227,6.,1.51));
#9636 = CARTESIAN_POINT('',(11.627,9.4,4.91));
#9637 = CARTESIAN_POINT('',(100.527,6.,1.51));
#9638 = CARTESIAN_POINT('',(100.52700032116,9.4,4.91));
#9639 = ADVANCED_FACE('',(#9640),#9650,.F.);
#9640 = FACE_BOUND('',#9641,.F.);
#9641 = EDGE_LOOP('',(#9642,#9643,#9644));
#9642 = ORIENTED_EDGE('',*,*,#5172,.F.);
#9643 = ORIENTED_EDGE('',*,*,#9626,.F.);
#9644 = ORIENTED_EDGE('',*,*,#9645,.F.);
#9645 = EDGE_CURVE('',#5165,#9620,#9646,.T.);
#9646 = LINE('',#9647,#9648);
#9647 = CARTESIAN_POINT('',(32.9226,8.0977,4.9));
#9648 = VECTOR('',#9649,1.);
#9649 = DIRECTION('',(-0.,-0.,-1.));
#9650 = PLANE('',#9651);
#9651 = AXIS2_PLACEMENT_3D('',#9652,#9653,#9654);
#9652 = CARTESIAN_POINT('',(32.9226,12.0977,4.9));
#9653 = DIRECTION('',(-1.,0.,0.));
#9654 = DIRECTION('',(0.,-1.,0.));
#9655 = ADVANCED_FACE('',(#9656),#9662,.F.);
#9656 = FACE_BOUND('',#9657,.F.);
#9657 = EDGE_LOOP('',(#9658,#9659,#9660,#9661));
#9658 = ORIENTED_EDGE('',*,*,#5164,.F.);
#9659 = ORIENTED_EDGE('',*,*,#9645,.T.);
#9660 = ORIENTED_EDGE('',*,*,#9619,.F.);
#9661 = ORIENTED_EDGE('',*,*,#7683,.F.);
#9662 = PLANE('',#9663);
#9663 = AXIS2_PLACEMENT_3D('',#9664,#9665,#9666);
#9664 = CARTESIAN_POINT('',(32.9226,8.0977,4.9));
#9665 = DIRECTION('',(0.,-1.,0.));
#9666 = DIRECTION('',(1.,0.,0.));
#9667 = ADVANCED_FACE('',(#9668),#9686,.F.);
#9668 = FACE_BOUND('',#9669,.F.);
#9669 = EDGE_LOOP('',(#9670,#9678,#9679,#9680));
#9670 = ORIENTED_EDGE('',*,*,#9671,.F.);
#9671 = EDGE_CURVE('',#5141,#9672,#9674,.T.);
#9672 = VERTEX_POINT('',#9673);
#9673 = CARTESIAN_POINT('',(24.027,3.9,2.8));
#9674 = LINE('',#9675,#9676);
#9675 = CARTESIAN_POINT('',(24.027,3.9,3.7));
#9676 = VECTOR('',#9677,1.);
#9677 = DIRECTION('',(0.,0.,-1.));
#9678 = ORIENTED_EDGE('',*,*,#5148,.T.);
#9679 = ORIENTED_EDGE('',*,*,#7676,.F.);
#9680 = ORIENTED_EDGE('',*,*,#9681,.F.);
#9681 = EDGE_CURVE('',#9672,#7669,#9682,.T.);
#9682 = LINE('',#9683,#9684);
#9683 = CARTESIAN_POINT('',(24.027,3.9,2.8));
#9684 = VECTOR('',#9685,1.);
#9685 = DIRECTION('',(1.,0.,0.));
#9686 = PLANE('',#9687);
#9687 = AXIS2_PLACEMENT_3D('',#9688,#9689,#9690);
#9688 = CARTESIAN_POINT('',(24.027,3.9,3.7));
#9689 = DIRECTION('',(0.,1.,0.));
#9690 = DIRECTION('',(0.,0.,-1.));
#9691 = ADVANCED_FACE('',(#9692),#9719,.T.);
#9692 = FACE_BOUND('',#9693,.F.);
#9693 = EDGE_LOOP('',(#9694,#9695,#9696,#9704,#9712,#9718));
#9694 = ORIENTED_EDGE('',*,*,#5140,.T.);
#9695 = ORIENTED_EDGE('',*,*,#9671,.T.);
#9696 = ORIENTED_EDGE('',*,*,#9697,.T.);
#9697 = EDGE_CURVE('',#9672,#9698,#9700,.T.);
#9698 = VERTEX_POINT('',#9699);
#9699 = CARTESIAN_POINT('',(24.027,4.34999999117,2.350000155882));
#9700 = LINE('',#9701,#9702);
#9701 = CARTESIAN_POINT('',(24.027,3.9,2.8));
#9702 = VECTOR('',#9703,1.);
#9703 = DIRECTION('',(0.,0.707106896721,-0.707106665652));
#9704 = ORIENTED_EDGE('',*,*,#9705,.T.);
#9705 = EDGE_CURVE('',#9698,#9706,#9708,.T.);
#9706 = VERTEX_POINT('',#9707);
#9707 = CARTESIAN_POINT('',(24.027,3.9,1.9));
#9708 = LINE('',#9709,#9710);
#9709 = CARTESIAN_POINT('',(24.027,4.34999999117,2.350000155882));
#9710 = VECTOR('',#9711,1.);
#9711 = DIRECTION('',(0.,-0.707106651777,-0.707106910596));
#9712 = ORIENTED_EDGE('',*,*,#9713,.T.);
#9713 = EDGE_CURVE('',#9706,#9038,#9714,.T.);
#9714 = LINE('',#9715,#9716);
#9715 = CARTESIAN_POINT('',(24.027,3.9,1.9));
#9716 = VECTOR('',#9717,1.);
#9717 = DIRECTION('',(0.,-1.,0.));
#9718 = ORIENTED_EDGE('',*,*,#9037,.T.);
#9719 = PLANE('',#9720);
#9720 = AXIS2_PLACEMENT_3D('',#9721,#9722,#9723);
#9721 = CARTESIAN_POINT('',(24.027,2.991796186015,2.914948264686));
#9722 = DIRECTION('',(1.,0.,0.));
#9723 = DIRECTION('',(0.,0.,1.));
#9724 = ADVANCED_FACE('',(#9725),#9741,.F.);
#9725 = FACE_BOUND('',#9726,.F.);
#9726 = EDGE_LOOP('',(#9727,#9728,#9739,#9740));
#9727 = ORIENTED_EDGE('',*,*,#7340,.F.);
#9728 = ORIENTED_EDGE('',*,*,#9729,.T.);
#9729 = EDGE_CURVE('',#7341,#5442,#9730,.T.);
#9730 = B_SPLINE_CURVE_WITH_KNOTS('',4,(#9731,#9732,#9733,#9734,#9735,
    #9736,#9737,#9738),.UNSPECIFIED.,.F.,.F.,(5,3,5),(0.,0.499932709467,
    1.),.UNSPECIFIED.);
#9731 = CARTESIAN_POINT('',(8.227,135.8,1.51));
#9732 = CARTESIAN_POINT('',(8.652046616705,135.37495338329,
    1.935046616705));
#9733 = CARTESIAN_POINT('',(9.07706142886,134.94993857114,2.36006142886)
  );
#9734 = CARTESIAN_POINT('',(9.502042497198,134.5249575028,2.785042497198
    ));
#9735 = CARTESIAN_POINT('',(10.352047043223,133.67495295677,
    3.635047043223));
#9736 = CARTESIAN_POINT('',(10.77707049886,133.24992950114,4.06007049886
    ));
#9737 = CARTESIAN_POINT('',(11.202055690405,132.82494430959,
    4.485055690405));
#9738 = CARTESIAN_POINT('',(11.627,132.4,4.91));
#9739 = ORIENTED_EDGE('',*,*,#5441,.T.);
#9740 = ORIENTED_EDGE('',*,*,#5346,.F.);
#9741 = B_SPLINE_SURFACE_WITH_KNOTS('',1,1,(
    (#9742,#9743)
    ,(#9744,#9745
    )),.UNSPECIFIED.,.F.,.F.,.F.,(2,2),(2,2),(0.,138.),(0.,1.),
  .PIECEWISE_BEZIER_KNOTS.);
#9742 = CARTESIAN_POINT('',(8.227,144.,1.51));
#9743 = CARTESIAN_POINT('',(11.627,140.6,4.91));
#9744 = CARTESIAN_POINT('',(8.227,6.,1.51));
#9745 = CARTESIAN_POINT('',(11.627,9.4,4.91));
#9746 = ADVANCED_FACE('',(#9747),#9769,.F.);
#9747 = FACE_BOUND('',#9748,.F.);
#9748 = EDGE_LOOP('',(#9749,#9750,#9767,#9768));
#9749 = ORIENTED_EDGE('',*,*,#7499,.F.);
#9750 = ORIENTED_EDGE('',*,*,#9751,.T.);
#9751 = EDGE_CURVE('',#7500,#5412,#9752,.T.);
#9752 = B_SPLINE_CURVE_WITH_KNOTS('',4,(#9753,#9754,#9755,#9756,#9757,
    #9758,#9759,#9760,#9761,#9762,#9763,#9764,#9765,#9766),
  .UNSPECIFIED.,.F.,.F.,(5,3,3,3,5),(0.,0.245703668775,0.494164861103,
    0.74552892906,1.),.UNSPECIFIED.);
#9753 = CARTESIAN_POINT('',(8.227,37.6,1.51));
#9754 = CARTESIAN_POINT('',(8.440648444806,37.386351555194,
    1.723648444806));
#9755 = CARTESIAN_POINT('',(8.653529237198,37.173470762802,
    1.936529237198));
#9756 = CARTESIAN_POINT('',(8.865635154126,36.961364845874,
    2.148635154126));
#9757 = CARTESIAN_POINT('',(9.290655135782,36.536344864218,
    2.573655135782));
#9758 = CARTESIAN_POINT('',(9.503551555881,36.323448444119,
    2.786551555881));
#9759 = CARTESIAN_POINT('',(9.715641436523,36.111358563477,
    2.998641436523));
#9760 = CARTESIAN_POINT('',(10.14066304974,35.68633695026,3.42366304974)
  );
#9761 = CARTESIAN_POINT('',(10.353575668648,35.473424331352,
    3.636575668648));
#9762 = CARTESIAN_POINT('',(10.565648893496,35.261351106504,
    3.848648893496));
#9763 = CARTESIAN_POINT('',(10.990714313049,34.836285686951,
    4.273714313049));
#9764 = CARTESIAN_POINT('',(11.203685466795,34.623314533205,
    4.486685466795));
#9765 = CARTESIAN_POINT('',(11.415782807847,34.411217192153,
    4.698782807847));
#9766 = CARTESIAN_POINT('',(11.627,34.2,4.91));
#9767 = ORIENTED_EDGE('',*,*,#5419,.T.);
#9768 = ORIENTED_EDGE('',*,*,#5595,.F.);
#9769 = B_SPLINE_SURFACE_WITH_KNOTS('',1,1,(
    (#9770,#9771)
    ,(#9772,#9773
    )),.UNSPECIFIED.,.F.,.F.,.F.,(2,2),(2,2),(0.,138.),(0.,1.),
  .PIECEWISE_BEZIER_KNOTS.);
#9770 = CARTESIAN_POINT('',(8.227,144.,1.51));
#9771 = CARTESIAN_POINT('',(11.627,140.6,4.91));
#9772 = CARTESIAN_POINT('',(8.227,6.,1.51));
#9773 = CARTESIAN_POINT('',(11.627,9.4,4.91));
#9774 = ADVANCED_FACE('',(#9775),#9786,.T.);
#9775 = FACE_BOUND('',#9776,.T.);
#9776 = EDGE_LOOP('',(#9777,#9778,#9784,#9785));
#9777 = ORIENTED_EDGE('',*,*,#5411,.F.);
#9778 = ORIENTED_EDGE('',*,*,#9779,.T.);
#9779 = EDGE_CURVE('',#5404,#7507,#9780,.T.);
#9780 = LINE('',#9781,#9782);
#9781 = CARTESIAN_POINT('',(8.227,37.6,4.91));
#9782 = VECTOR('',#9783,1.);
#9783 = DIRECTION('',(-0.,-0.,-1.));
#9784 = ORIENTED_EDGE('',*,*,#7506,.F.);
#9785 = ORIENTED_EDGE('',*,*,#9751,.T.);
#9786 = PLANE('',#9787);
#9787 = AXIS2_PLACEMENT_3D('',#9788,#9789,#9790);
#9788 = CARTESIAN_POINT('',(8.227,37.6,4.91));
#9789 = DIRECTION('',(-0.707106781187,-0.707106781187,0.));
#9790 = DIRECTION('',(0.707106781187,-0.707106781187,0.));
#9791 = ADVANCED_FACE('',(#9792),#9803,.T.);
#9792 = FACE_BOUND('',#9793,.T.);
#9793 = EDGE_LOOP('',(#9794,#9795,#9801,#9802));
#9794 = ORIENTED_EDGE('',*,*,#5403,.F.);
#9795 = ORIENTED_EDGE('',*,*,#9796,.T.);
#9796 = EDGE_CURVE('',#5396,#7515,#9797,.T.);
#9797 = LINE('',#9798,#9799);
#9798 = CARTESIAN_POINT('',(8.227,28.4,4.91));
#9799 = VECTOR('',#9800,1.);
#9800 = DIRECTION('',(-0.,-0.,-1.));
#9801 = ORIENTED_EDGE('',*,*,#7514,.F.);
#9802 = ORIENTED_EDGE('',*,*,#9779,.F.);
#9803 = PLANE('',#9804);
#9804 = AXIS2_PLACEMENT_3D('',#9805,#9806,#9807);
#9805 = CARTESIAN_POINT('',(8.227,28.4,4.91));
#9806 = DIRECTION('',(1.,0.,0.));
#9807 = DIRECTION('',(0.,1.,0.));
#9808 = ADVANCED_FACE('',(#9809),#9831,.T.);
#9809 = FACE_BOUND('',#9810,.T.);
#9810 = EDGE_LOOP('',(#9811,#9812,#9829,#9830));
#9811 = ORIENTED_EDGE('',*,*,#5395,.F.);
#9812 = ORIENTED_EDGE('',*,*,#9813,.F.);
#9813 = EDGE_CURVE('',#7523,#5389,#9814,.T.);
#9814 = B_SPLINE_CURVE_WITH_KNOTS('',4,(#9815,#9816,#9817,#9818,#9819,
    #9820,#9821,#9822,#9823,#9824,#9825,#9826,#9827,#9828),
  .UNSPECIFIED.,.F.,.F.,(5,3,3,3,5),(0.,0.249655240077,0.499526119431,
    0.74962640888,1.),.UNSPECIFIED.);
#9815 = CARTESIAN_POINT('',(8.227,28.4,1.51));
#9816 = CARTESIAN_POINT('',(8.439582360401,28.612582360401,
    1.722582360401));
#9817 = CARTESIAN_POINT('',(8.652107054128,28.825107054128,
    1.935107054128));
#9818 = CARTESIAN_POINT('',(8.864572399314,29.037572399314,
    2.147572399314));
#9819 = CARTESIAN_POINT('',(9.289564257839,29.462564257839,
    2.572564257839));
#9820 = CARTESIAN_POINT('',(9.502090665079,29.675090665079,
    2.785090665079));
#9821 = CARTESIAN_POINT('',(9.714554014566,29.887554014566,
    2.997554014566));
#9822 = CARTESIAN_POINT('',(10.139545742618,30.312545742618,
    3.422545742618));
#9823 = CARTESIAN_POINT('',(10.352074001339,30.525074001339,
    3.635074001339));
#9824 = CARTESIAN_POINT('',(10.564535215772,30.737535215772,
    3.847535215772));
#9825 = CARTESIAN_POINT('',(10.989551505146,31.162551505146,
    4.272551505146));
#9826 = CARTESIAN_POINT('',(11.202106428449,31.375106428449,
    4.485106428449));
#9827 = CARTESIAN_POINT('',(11.414590002834,31.587590002834,
    4.697590002834));
#9828 = CARTESIAN_POINT('',(11.627,31.8,4.91));
#9829 = ORIENTED_EDGE('',*,*,#7522,.F.);
#9830 = ORIENTED_EDGE('',*,*,#9796,.F.);
#9831 = PLANE('',#9832);
#9832 = AXIS2_PLACEMENT_3D('',#9833,#9834,#9835);
#9833 = CARTESIAN_POINT('',(11.627,31.8,4.91));
#9834 = DIRECTION('',(-0.707106781187,0.707106781187,0.));
#9835 = DIRECTION('',(-0.707106781187,-0.707106781187,0.));
#9836 = ADVANCED_FACE('',(#9837),#9859,.F.);
#9837 = FACE_BOUND('',#9838,.F.);
#9838 = EDGE_LOOP('',(#9839,#9840,#9841,#9858));
#9839 = ORIENTED_EDGE('',*,*,#9813,.F.);
#9840 = ORIENTED_EDGE('',*,*,#7530,.F.);
#9841 = ORIENTED_EDGE('',*,*,#9842,.T.);
#9842 = EDGE_CURVE('',#7531,#5381,#9843,.T.);
#9843 = B_SPLINE_CURVE_WITH_KNOTS('',4,(#9844,#9845,#9846,#9847,#9848,
    #9849,#9850,#9851,#9852,#9853,#9854,#9855,#9856,#9857),
  .UNSPECIFIED.,.F.,.F.,(5,3,3,3,5),(0.,0.245149952214,0.493417010184,
    0.744960608487,1.),.UNSPECIFIED.);
#9844 = CARTESIAN_POINT('',(8.227,24.2,1.51));
#9845 = CARTESIAN_POINT('',(8.440804660389,23.986195339611,
    1.723804660389));
#9846 = CARTESIAN_POINT('',(8.653736414348,23.773263585652,
    1.936736414348));
#9847 = CARTESIAN_POINT('',(8.865789594595,23.561210405405,
    2.148789594595));
#9848 = CARTESIAN_POINT('',(9.290813458302,23.136186541698,
    2.573813458302));
#9849 = CARTESIAN_POINT('',(9.503761525513,22.923238474487,
    2.786761525513));
#9850 = CARTESIAN_POINT('',(9.715797813049,22.711202186951,
    2.998797813049));
#9851 = CARTESIAN_POINT('',(10.140823355797,22.286176644203,
    3.423823355797));
#9852 = CARTESIAN_POINT('',(10.353788256906,22.073211743094,
    3.636788256906));
#9853 = CARTESIAN_POINT('',(10.565807074013,21.861192925987,
    3.848807074013));
#9854 = CARTESIAN_POINT('',(10.990876815032,21.436123184968,
    4.273876815032));
#9855 = CARTESIAN_POINT('',(11.203901134797,21.223098865203,
    4.486901134797));
#9856 = CARTESIAN_POINT('',(11.415943558725,21.011056441275,
    4.698943558725));
#9857 = CARTESIAN_POINT('',(11.627,20.8,4.91));
#9858 = ORIENTED_EDGE('',*,*,#5388,.T.);
#9859 = B_SPLINE_SURFACE_WITH_KNOTS('',1,1,(
    (#9860,#9861)
    ,(#9862,#9863
    )),.UNSPECIFIED.,.F.,.F.,.F.,(2,2),(2,2),(0.,138.),(0.,1.),
  .PIECEWISE_BEZIER_KNOTS.);
#9860 = CARTESIAN_POINT('',(8.227,144.,1.51));
#9861 = CARTESIAN_POINT('',(11.627,140.6,4.91));
#9862 = CARTESIAN_POINT('',(8.227,6.,1.51));
#9863 = CARTESIAN_POINT('',(11.627,9.4,4.91));
#9864 = ADVANCED_FACE('',(#9865),#9871,.T.);
#9865 = FACE_BOUND('',#9866,.T.);
#9866 = EDGE_LOOP('',(#9867,#9868,#9869,#9870));
#9867 = ORIENTED_EDGE('',*,*,#5380,.F.);
#9868 = ORIENTED_EDGE('',*,*,#9248,.T.);
#9869 = ORIENTED_EDGE('',*,*,#7537,.F.);
#9870 = ORIENTED_EDGE('',*,*,#9842,.T.);
#9871 = PLANE('',#9872);
#9872 = AXIS2_PLACEMENT_3D('',#9873,#9874,#9875);
#9873 = CARTESIAN_POINT('',(8.227,24.2,4.91));
#9874 = DIRECTION('',(-0.707106781187,-0.707106781187,0.));
#9875 = DIRECTION('',(0.707106781187,-0.707106781187,0.));
#9876 = ADVANCED_FACE('',(#9877),#9888,.F.);
#9877 = FACE_BOUND('',#9878,.F.);
#9878 = EDGE_LOOP('',(#9879,#9880,#9881,#9882));
#9879 = ORIENTED_EDGE('',*,*,#5554,.F.);
#9880 = ORIENTED_EDGE('',*,*,#9729,.F.);
#9881 = ORIENTED_EDGE('',*,*,#7347,.F.);
#9882 = ORIENTED_EDGE('',*,*,#9883,.F.);
#9883 = EDGE_CURVE('',#5547,#7348,#9884,.T.);
#9884 = LINE('',#9885,#9886);
#9885 = CARTESIAN_POINT('',(8.227,135.8,4.91));
#9886 = VECTOR('',#9887,1.);
#9887 = DIRECTION('',(-0.,-0.,-1.));
#9888 = PLANE('',#9889);
#9889 = AXIS2_PLACEMENT_3D('',#9890,#9891,#9892);
#9890 = CARTESIAN_POINT('',(11.627,132.4,4.91));
#9891 = DIRECTION('',(0.707106781187,0.707106781187,0.));
#9892 = DIRECTION('',(-0.707106781187,0.707106781187,0.));
#9893 = ADVANCED_FACE('',(#9894),#9905,.F.);
#9894 = FACE_BOUND('',#9895,.F.);
#9895 = EDGE_LOOP('',(#9896,#9897,#9898,#9899));
#9896 = ORIENTED_EDGE('',*,*,#5546,.F.);
#9897 = ORIENTED_EDGE('',*,*,#9883,.T.);
#9898 = ORIENTED_EDGE('',*,*,#7355,.F.);
#9899 = ORIENTED_EDGE('',*,*,#9900,.F.);
#9900 = EDGE_CURVE('',#5539,#7356,#9901,.T.);
#9901 = LINE('',#9902,#9903);
#9902 = CARTESIAN_POINT('',(8.227,126.6,4.91));
#9903 = VECTOR('',#9904,1.);
#9904 = DIRECTION('',(-0.,-0.,-1.));
#9905 = PLANE('',#9906);
#9906 = AXIS2_PLACEMENT_3D('',#9907,#9908,#9909);
#9907 = CARTESIAN_POINT('',(8.227,135.8,4.91));
#9908 = DIRECTION('',(-1.,0.,0.));
#9909 = DIRECTION('',(0.,-1.,0.));
#9910 = ADVANCED_FACE('',(#9911),#9933,.F.);
#9911 = FACE_BOUND('',#9912,.F.);
#9912 = EDGE_LOOP('',(#9913,#9914,#9915,#9916));
#9913 = ORIENTED_EDGE('',*,*,#5538,.F.);
#9914 = ORIENTED_EDGE('',*,*,#9900,.T.);
#9915 = ORIENTED_EDGE('',*,*,#7363,.F.);
#9916 = ORIENTED_EDGE('',*,*,#9917,.T.);
#9917 = EDGE_CURVE('',#7364,#5532,#9918,.T.);
#9918 = B_SPLINE_CURVE_WITH_KNOTS('',4,(#9919,#9920,#9921,#9922,#9923,
    #9924,#9925,#9926,#9927,#9928,#9929,#9930,#9931,#9932),
  .UNSPECIFIED.,.F.,.F.,(5,3,3,3,5),(0.,0.245118872905,0.49337505667,
    0.744928744051,1.),.UNSPECIFIED.);
#9919 = CARTESIAN_POINT('',(8.227,126.6,1.51));
#9920 = CARTESIAN_POINT('',(8.44081347542,126.81381347542,1.72381347542)
  );
#9921 = CARTESIAN_POINT('',(8.653748093272,127.02674809327,
    1.936748093272));
#9922 = CARTESIAN_POINT('',(8.865798292482,127.23879829248,
    2.148798292482));
#9923 = CARTESIAN_POINT('',(9.290822366468,127.66382236646,
    2.573822366468));
#9924 = CARTESIAN_POINT('',(9.503773326869,127.87677332686,
    2.786773326869));
#9925 = CARTESIAN_POINT('',(9.715806594244,128.08880659424,
    2.998806594244));
#9926 = CARTESIAN_POINT('',(10.140832348963,128.51383234896,
    3.423832348963));
#9927 = CARTESIAN_POINT('',(10.353800169406,128.7268001694,
    3.636800169406));
#9928 = CARTESIAN_POINT('',(10.56581592999,128.93881592999,3.84881592999
    ));
#9929 = CARTESIAN_POINT('',(10.990885902183,129.36388590218,
    4.273885902183));
#9930 = CARTESIAN_POINT('',(11.203913179288,129.57691317928,
    4.486913179288));
#9931 = CARTESIAN_POINT('',(11.415952526056,129.78895252605,
    4.698952526056));
#9932 = CARTESIAN_POINT('',(11.627,130.,4.91));
#9933 = PLANE('',#9934);
#9934 = AXIS2_PLACEMENT_3D('',#9935,#9936,#9937);
#9935 = CARTESIAN_POINT('',(8.227,126.6,4.91));
#9936 = DIRECTION('',(0.707106781187,-0.707106781187,0.));
#9937 = DIRECTION('',(0.707106781187,0.707106781187,0.));
#9938 = ADVANCED_FACE('',(#9939),#10009,.F.);
#9939 = FACE_BOUND('',#9940,.F.);
#9940 = EDGE_LOOP('',(#9941,#9942,#9943,#9953,#9960,#9973,#9980,#9990,
    #9997,#10008));
#9941 = ORIENTED_EDGE('',*,*,#9917,.F.);
#9942 = ORIENTED_EDGE('',*,*,#7371,.F.);
#9943 = ORIENTED_EDGE('',*,*,#9944,.T.);
#9944 = EDGE_CURVE('',#7372,#9945,#9947,.T.);
#9945 = VERTEX_POINT('',#9946);
#9946 = CARTESIAN_POINT('',(11.15931,109.27002094739,4.44231));
#9947 = B_SPLINE_CURVE_WITH_KNOTS('',4,(#9948,#9949,#9950,#9951,#9952),
  .UNSPECIFIED.,.F.,.F.,(5,5),(0.,1.),.PIECEWISE_BEZIER_KNOTS.);
#9948 = CARTESIAN_POINT('',(8.227,110.96299091524,1.51));
#9949 = CARTESIAN_POINT('',(9.077059324826,110.47220893522,
    2.360059324826));
#9950 = CARTESIAN_POINT('',(9.927082301543,109.9814479408,3.210082301543
    ));
#9951 = CARTESIAN_POINT('',(10.777064520757,109.49071047773,
    4.060064520757));
#9952 = CARTESIAN_POINT('',(11.627,109.,4.91));
#9953 = ORIENTED_EDGE('',*,*,#9954,.T.);
#9954 = EDGE_CURVE('',#9945,#9955,#9957,.T.);
#9955 = VERTEX_POINT('',#9956);
#9956 = CARTESIAN_POINT('',(11.15931,109.59687298107,4.44231));
#9957 = B_SPLINE_CURVE_WITH_KNOTS('',1,(#9958,#9959),.UNSPECIFIED.,.F.,
  .F.,(2,2),(0.,1.),.PIECEWISE_BEZIER_KNOTS.);
#9958 = CARTESIAN_POINT('',(11.15931,109.24203004468,4.44231));
#9959 = CARTESIAN_POINT('',(11.15931,109.59687298107,4.44231));
#9960 = ORIENTED_EDGE('',*,*,#9961,.F.);
#9961 = EDGE_CURVE('',#9962,#9955,#9964,.T.);
#9962 = VERTEX_POINT('',#9963);
#9963 = CARTESIAN_POINT('',(9.117,113.13425766588,2.4));
#9964 = B_SPLINE_CURVE_WITH_KNOTS('',4,(#9965,#9966,#9967,#9968,#9969,
    #9970,#9971,#9972),.UNSPECIFIED.,.F.,.F.,(5,3,5),(0.,0.498050129259,
    1.),.UNSPECIFIED.);
#9965 = CARTESIAN_POINT('',(9.117,113.13425766588,2.4));
#9966 = CARTESIAN_POINT('',(9.373026852177,112.69080614981,
    2.656026852177));
#9967 = CARTESIAN_POINT('',(9.628496670751,112.24831944424,
    2.911496670751));
#9968 = CARTESIAN_POINT('',(9.883395752665,111.80682128356,
    3.166395752665));
#9969 = CARTESIAN_POINT('',(10.394015576885,110.92240180466,
    3.677015576885));
#9970 = CARTESIAN_POINT('',(10.649727135439,110.47949639316,
    3.932727135439));
#9971 = CARTESIAN_POINT('',(10.904830205052,110.03764491542,
    4.187830205052));
#9972 = CARTESIAN_POINT('',(11.15931,109.59687298107,4.44231));
#9973 = ORIENTED_EDGE('',*,*,#9974,.T.);
#9974 = EDGE_CURVE('',#9962,#9975,#9977,.T.);
#9975 = VERTEX_POINT('',#9976);
#9976 = CARTESIAN_POINT('',(9.117,113.927,2.4));
#9977 = B_SPLINE_CURVE_WITH_KNOTS('',1,(#9978,#9979),.UNSPECIFIED.,.F.,
  .F.,(2,2),(0.,1.),.PIECEWISE_BEZIER_KNOTS.);
#9978 = CARTESIAN_POINT('',(9.117,110.29881704647,2.4));
#9979 = CARTESIAN_POINT('',(9.117,113.927,2.4));
#9980 = ORIENTED_EDGE('',*,*,#9981,.F.);
#9981 = EDGE_CURVE('',#9982,#9975,#9984,.T.);
#9982 = VERTEX_POINT('',#9983);
#9983 = CARTESIAN_POINT('',(8.65931,113.927,1.94231));
#9984 = B_SPLINE_CURVE_WITH_KNOTS('',4,(#9985,#9986,#9987,#9988,#9989),
  .UNSPECIFIED.,.F.,.F.,(5,5),(0.,1.),.PIECEWISE_BEZIER_KNOTS.);
#9985 = CARTESIAN_POINT('',(8.65931,113.927,1.94231));
#9986 = CARTESIAN_POINT('',(8.773836909036,113.927,2.056836909036));
#9987 = CARTESIAN_POINT('',(8.888294829983,113.927,2.171294829983));
#9988 = CARTESIAN_POINT('',(9.00268282279,113.927,2.28568282279));
#9989 = CARTESIAN_POINT('',(9.117,113.927,2.4));
#9990 = ORIENTED_EDGE('',*,*,#9991,.T.);
#9991 = EDGE_CURVE('',#9982,#9992,#9994,.T.);
#9992 = VERTEX_POINT('',#9993);
#9993 = CARTESIAN_POINT('',(8.65931,122.927,1.94231));
#9994 = B_SPLINE_CURVE_WITH_KNOTS('',1,(#9995,#9996),.UNSPECIFIED.,.F.,
  .F.,(2,2),(0.,1.),.PIECEWISE_BEZIER_KNOTS.);
#9995 = CARTESIAN_POINT('',(8.65931,113.927,1.94231));
#9996 = CARTESIAN_POINT('',(8.65931,122.927,1.94231));
#9997 = ORIENTED_EDGE('',*,*,#9998,.T.);
#9998 = EDGE_CURVE('',#9992,#5524,#9999,.T.);
#9999 = B_SPLINE_CURVE_WITH_KNOTS('',4,(#10000,#10001,#10002,#10003,
    #10004,#10005,#10006,#10007),.UNSPECIFIED.,.F.,.F.,(5,3,5),(0.,
    0.498734411651,1.),.UNSPECIFIED.);
#10000 = CARTESIAN_POINT('',(8.65931,122.927,1.94231));
#10001 = CARTESIAN_POINT('',(9.031349056847,122.927,2.314349056847));
#10002 = CARTESIAN_POINT('',(9.402356366715,122.927,2.685356366715));
#10003 = CARTESIAN_POINT('',(9.772293087659,122.927,3.055293087659));
#10004 = CARTESIAN_POINT('',(10.511815206584,122.927,3.794815206584));
#10005 = CARTESIAN_POINT('',(10.881389297332,122.927,4.164389297332));
#10006 = CARTESIAN_POINT('',(11.249798815077,122.927,4.532798815077));
#10007 = CARTESIAN_POINT('',(11.617,122.927,4.9));
#10008 = ORIENTED_EDGE('',*,*,#5531,.T.);
#10009 = B_SPLINE_SURFACE_WITH_KNOTS('',1,1,(
    (#10010,#10011)
    ,(#10012,#10013
    )),.UNSPECIFIED.,.F.,.F.,.F.,(2,2),(2,2),(0.,138.),(0.,1.),
  .PIECEWISE_BEZIER_KNOTS.);
#10010 = CARTESIAN_POINT('',(8.227,144.,1.51));
#10011 = CARTESIAN_POINT('',(11.627,140.6,4.91));
#10012 = CARTESIAN_POINT('',(8.227,6.,1.51));
#10013 = CARTESIAN_POINT('',(11.627,9.4,4.91));
#10014 = ADVANCED_FACE('',(#10015),#10025,.F.);
#10015 = FACE_BOUND('',#10016,.F.);
#10016 = EDGE_LOOP('',(#10017,#10018,#10019));
#10017 = ORIENTED_EDGE('',*,*,#5523,.F.);
#10018 = ORIENTED_EDGE('',*,*,#9998,.F.);
#10019 = ORIENTED_EDGE('',*,*,#10020,.F.);
#10020 = EDGE_CURVE('',#5516,#9992,#10021,.T.);
#10021 = LINE('',#10022,#10023);
#10022 = CARTESIAN_POINT('',(8.65931,122.927,4.9));
#10023 = VECTOR('',#10024,1.);
#10024 = DIRECTION('',(-0.,-0.,-1.));
#10025 = PLANE('',#10026);
#10026 = AXIS2_PLACEMENT_3D('',#10027,#10028,#10029);
#10027 = CARTESIAN_POINT('',(19.65931,122.927,4.9));
#10028 = DIRECTION('',(0.,1.,0.));
#10029 = DIRECTION('',(-1.,0.,0.));
#10030 = ADVANCED_FACE('',(#10031),#10050,.F.);
#10031 = FACE_BOUND('',#10032,.F.);
#10032 = EDGE_LOOP('',(#10033,#10034,#10035,#10036,#10044));
#10033 = ORIENTED_EDGE('',*,*,#5515,.F.);
#10034 = ORIENTED_EDGE('',*,*,#10020,.T.);
#10035 = ORIENTED_EDGE('',*,*,#9991,.F.);
#10036 = ORIENTED_EDGE('',*,*,#10037,.F.);
#10037 = EDGE_CURVE('',#10038,#9982,#10040,.T.);
#10038 = VERTEX_POINT('',#10039);
#10039 = CARTESIAN_POINT('',(8.65931,113.927,2.4));
#10040 = LINE('',#10041,#10042);
#10041 = CARTESIAN_POINT('',(8.65931,113.927,4.9));
#10042 = VECTOR('',#10043,1.);
#10043 = DIRECTION('',(-0.,-0.,-1.));
#10044 = ORIENTED_EDGE('',*,*,#10045,.F.);
#10045 = EDGE_CURVE('',#5508,#10038,#10046,.T.);
#10046 = LINE('',#10047,#10048);
#10047 = CARTESIAN_POINT('',(8.65931,113.927,4.9));
#10048 = VECTOR('',#10049,1.);
#10049 = DIRECTION('',(-0.,-0.,-1.));
#10050 = PLANE('',#10051);
#10051 = AXIS2_PLACEMENT_3D('',#10052,#10053,#10054);
#10052 = CARTESIAN_POINT('',(8.65931,122.927,4.9));
#10053 = DIRECTION('',(-1.,0.,0.));
#10054 = DIRECTION('',(0.,-1.,0.));
#10055 = ADVANCED_FACE('',(#10056),#10073,.F.);
#10056 = FACE_BOUND('',#10057,.F.);
#10057 = EDGE_LOOP('',(#10058,#10059,#10060,#10066,#10067));
#10058 = ORIENTED_EDGE('',*,*,#5507,.F.);
#10059 = ORIENTED_EDGE('',*,*,#10045,.T.);
#10060 = ORIENTED_EDGE('',*,*,#10061,.T.);
#10061 = EDGE_CURVE('',#10038,#9962,#10062,.T.);
#10062 = LINE('',#10063,#10064);
#10063 = CARTESIAN_POINT('',(8.65931,113.927,2.4));
#10064 = VECTOR('',#10065,1.);
#10065 = DIRECTION('',(0.5,-0.866025403784,0.));
#10066 = ORIENTED_EDGE('',*,*,#9961,.T.);
#10067 = ORIENTED_EDGE('',*,*,#10068,.F.);
#10068 = EDGE_CURVE('',#5500,#9955,#10069,.T.);
#10069 = LINE('',#10070,#10071);
#10070 = CARTESIAN_POINT('',(11.15931,109.59687298107,4.9));
#10071 = VECTOR('',#10072,1.);
#10072 = DIRECTION('',(-0.,-0.,-1.));
#10073 = PLANE('',#10074);
#10074 = AXIS2_PLACEMENT_3D('',#10075,#10076,#10077);
#10075 = CARTESIAN_POINT('',(8.65931,113.927,4.9));
#10076 = DIRECTION('',(-0.866025403784,-0.5,0.));
#10077 = DIRECTION('',(0.5,-0.866025403784,0.));
#10078 = ADVANCED_FACE('',(#10079),#10090,.F.);
#10079 = FACE_BOUND('',#10080,.F.);
#10080 = EDGE_LOOP('',(#10081,#10082,#10083,#10084));
#10081 = ORIENTED_EDGE('',*,*,#5499,.F.);
#10082 = ORIENTED_EDGE('',*,*,#10068,.T.);
#10083 = ORIENTED_EDGE('',*,*,#9954,.F.);
#10084 = ORIENTED_EDGE('',*,*,#10085,.T.);
#10085 = EDGE_CURVE('',#9945,#5492,#10086,.T.);
#10086 = LINE('',#10087,#10088);
#10087 = CARTESIAN_POINT('',(11.15931,109.27002094739,4.905));
#10088 = VECTOR('',#10089,1.);
#10089 = DIRECTION('',(0.,0.,1.));
#10090 = PLANE('',#10091);
#10091 = AXIS2_PLACEMENT_3D('',#10092,#10093,#10094);
#10092 = CARTESIAN_POINT('',(11.15931,109.59687298107,4.9));
#10093 = DIRECTION('',(-1.,0.,0.));
#10094 = DIRECTION('',(0.,-1.,0.));
#10095 = ADVANCED_FACE('',(#10096),#10108,.T.);
#10096 = FACE_BOUND('',#10097,.T.);
#10097 = EDGE_LOOP('',(#10098,#10099,#10105,#10106,#10107));
#10098 = ORIENTED_EDGE('',*,*,#5491,.F.);
#10099 = ORIENTED_EDGE('',*,*,#10100,.T.);
#10100 = EDGE_CURVE('',#5484,#7379,#10101,.T.);
#10101 = LINE('',#10102,#10103);
#10102 = CARTESIAN_POINT('',(8.227,110.96299091524,4.91));
#10103 = VECTOR('',#10104,1.);
#10104 = DIRECTION('',(-0.,-0.,-1.));
#10105 = ORIENTED_EDGE('',*,*,#7378,.F.);
#10106 = ORIENTED_EDGE('',*,*,#9944,.T.);
#10107 = ORIENTED_EDGE('',*,*,#10085,.T.);
#10108 = PLANE('',#10109);
#10109 = AXIS2_PLACEMENT_3D('',#10110,#10111,#10112);
#10110 = CARTESIAN_POINT('',(8.227,110.96299091524,4.91));
#10111 = DIRECTION('',(-0.5,-0.866025403784,0.));
#10112 = DIRECTION('',(0.866025403784,-0.5,0.));
#10113 = ADVANCED_FACE('',(#10114),#10125,.T.);
#10114 = FACE_BOUND('',#10115,.T.);
#10115 = EDGE_LOOP('',(#10116,#10117,#10123,#10124));
#10116 = ORIENTED_EDGE('',*,*,#5483,.F.);
#10117 = ORIENTED_EDGE('',*,*,#10118,.T.);
#10118 = EDGE_CURVE('',#5476,#7387,#10119,.T.);
#10119 = LINE('',#10120,#10121);
#10120 = CARTESIAN_POINT('',(8.227,106.03700908478,4.91));
#10121 = VECTOR('',#10122,1.);
#10122 = DIRECTION('',(-0.,-0.,-1.));
#10123 = ORIENTED_EDGE('',*,*,#7386,.F.);
#10124 = ORIENTED_EDGE('',*,*,#10100,.F.);
#10125 = PLANE('',#10126);
#10126 = AXIS2_PLACEMENT_3D('',#10127,#10128,#10129);
#10127 = CARTESIAN_POINT('',(8.227,106.03700908478,4.91));
#10128 = DIRECTION('',(1.,0.,0.));
#10129 = DIRECTION('',(0.,1.,0.));
#10130 = ADVANCED_FACE('',(#10131),#10161,.T.);
#10131 = FACE_BOUND('',#10132,.T.);
#10132 = EDGE_LOOP('',(#10133,#10141,#10158,#10159,#10160));
#10133 = ORIENTED_EDGE('',*,*,#10134,.T.);
#10134 = EDGE_CURVE('',#5468,#10135,#10137,.T.);
#10135 = VERTEX_POINT('',#10136);
#10136 = CARTESIAN_POINT('',(11.15931,107.7299790526,4.44231));
#10137 = LINE('',#10138,#10139);
#10138 = CARTESIAN_POINT('',(11.15931,107.7299790526,4.905));
#10139 = VECTOR('',#10140,1.);
#10140 = DIRECTION('',(0.,0.,-1.));
#10141 = ORIENTED_EDGE('',*,*,#10142,.F.);
#10142 = EDGE_CURVE('',#7395,#10135,#10143,.T.);
#10143 = B_SPLINE_CURVE_WITH_KNOTS('',4,(#10144,#10145,#10146,#10147,
    #10148,#10149,#10150,#10151,#10152,#10153,#10154,#10155,#10156,
    #10157),.UNSPECIFIED.,.F.,.F.,(5,3,3,3,5),(0.,0.246961828228,
    0.495867067097,0.746825050697,1.),.UNSPECIFIED.);
#10144 = CARTESIAN_POINT('',(8.227,106.03700908478,1.51));
#10145 = CARTESIAN_POINT('',(8.440299542611,106.16015763312,
    1.723299542611));
#10146 = CARTESIAN_POINT('',(8.653065216333,106.28299795212,
    1.936065216333));
#10147 = CARTESIAN_POINT('',(8.86528853236,106.40552514075,2.14828853236
    ));
#10148 = CARTESIAN_POINT('',(9.290299136189,106.65090512728,
    2.573299136189));
#10149 = CARTESIAN_POINT('',(9.503077721062,106.77375290053,
    2.786077721062));
#10150 = CARTESIAN_POINT('',(9.715288020909,106.89627257427,
    2.998288020909));
#10151 = CARTESIAN_POINT('',(10.140299993053,107.14165335079,
    3.423299993053));
#10152 = CARTESIAN_POINT('',(10.353092110252,107.26450893694,
    3.636092110252));
#10153 = CARTESIAN_POINT('',(10.565288752681,107.38702072556,
    3.848288752681));
#10154 = CARTESIAN_POINT('',(10.990342516196,107.63242563034,
    4.273342516196));
#10155 = CARTESIAN_POINT('',(11.203188913502,107.75531255512,
    4.486188913502));
#10156 = CARTESIAN_POINT('',(11.415411093869,107.87783908808,
    4.698411093869));
#10157 = CARTESIAN_POINT('',(11.627,108.,4.91));
#10158 = ORIENTED_EDGE('',*,*,#7394,.F.);
#10159 = ORIENTED_EDGE('',*,*,#10118,.F.);
#10160 = ORIENTED_EDGE('',*,*,#5475,.F.);
#10161 = PLANE('',#10162);
#10162 = AXIS2_PLACEMENT_3D('',#10163,#10164,#10165);
#10163 = CARTESIAN_POINT('',(11.627,108.,4.91));
#10164 = DIRECTION('',(-0.499999999995,0.866025403787,0.));
#10165 = DIRECTION('',(-0.866025403787,-0.499999999995,0.));
#10166 = ADVANCED_FACE('',(#10167),#10184,.F.);
#10167 = FACE_BOUND('',#10168,.F.);
#10168 = EDGE_LOOP('',(#10169,#10170,#10171,#10178));
#10169 = ORIENTED_EDGE('',*,*,#5467,.F.);
#10170 = ORIENTED_EDGE('',*,*,#10134,.T.);
#10171 = ORIENTED_EDGE('',*,*,#10172,.F.);
#10172 = EDGE_CURVE('',#10173,#10135,#10175,.T.);
#10173 = VERTEX_POINT('',#10174);
#10174 = CARTESIAN_POINT('',(11.15931,106.25,4.44231));
#10175 = B_SPLINE_CURVE_WITH_KNOTS('',1,(#10176,#10177),.UNSPECIFIED.,
  .F.,.F.,(2,2),(0.,1.),.PIECEWISE_BEZIER_KNOTS.);
#10176 = CARTESIAN_POINT('',(11.15931,106.25,4.44231));
#10177 = CARTESIAN_POINT('',(11.15931,108.23564114434,4.44231));
#10178 = ORIENTED_EDGE('',*,*,#10179,.F.);
#10179 = EDGE_CURVE('',#5459,#10173,#10180,.T.);
#10180 = LINE('',#10181,#10182);
#10181 = CARTESIAN_POINT('',(11.15931,106.25,4.9));
#10182 = VECTOR('',#10183,1.);
#10183 = DIRECTION('',(-0.,-0.,-1.));
#10184 = PLANE('',#10185);
#10185 = AXIS2_PLACEMENT_3D('',#10186,#10187,#10188);
#10186 = CARTESIAN_POINT('',(11.15931,109.59687298107,4.9));
#10187 = DIRECTION('',(-1.,0.,0.));
#10188 = DIRECTION('',(0.,-1.,0.));
#10189 = ADVANCED_FACE('',(#10190),#10254,.T.);
#10190 = FACE_BOUND('',#10191,.T.);
#10191 = EDGE_LOOP('',(#10192,#10193,#10194,#10253));
#10192 = ORIENTED_EDGE('',*,*,#5458,.F.);
#10193 = ORIENTED_EDGE('',*,*,#5781,.T.);
#10194 = ORIENTED_EDGE('',*,*,#10195,.F.);
#10195 = EDGE_CURVE('',#10173,#5772,#10196,.T.);
#10196 = B_SPLINE_CURVE_WITH_KNOTS('',7,(#10197,#10198,#10199,#10200,
    #10201,#10202,#10203,#10204,#10205,#10206,#10207,#10208,#10209,
    #10210,#10211,#10212,#10213,#10214,#10215,#10216,#10217,#10218,
    #10219,#10220,#10221,#10222,#10223,#10224,#10225,#10226,#10227,
    #10228,#10229,#10230,#10231,#10232,#10233,#10234,#10235,#10236,
    #10237,#10238,#10239,#10240,#10241,#10242,#10243,#10244,#10245,
    #10246,#10247,#10248,#10249,#10250,#10251,#10252),.UNSPECIFIED.,.F.,
  .F.,(8,6,6,6,6,6,6,6,6,8),(0.,5.188748247025E-02,0.203507848379,
    0.354254577731,0.780600078923,0.891580907029,0.945426913736,
    0.972052329526,0.984690806434,1.),.UNSPECIFIED.);
#10197 = CARTESIAN_POINT('',(11.15931,106.25,4.44231));
#10198 = CARTESIAN_POINT('',(11.159310000235,106.23056720385,
    4.442310000235));
#10199 = CARTESIAN_POINT('',(11.159058825052,106.21290757159,
    4.442058825052));
#10200 = CARTESIAN_POINT('',(11.15865919904,106.19138708629,
    4.44165919904));
#10201 = CARTESIAN_POINT('',(11.157772311355,106.16389121217,
    4.440772311355));
#10202 = CARTESIAN_POINT('',(11.155946373163,106.13181625817,
    4.438946373163));
#10203 = CARTESIAN_POINT('',(11.153202973506,106.09991692203,
    4.436202973506));
#10204 = CARTESIAN_POINT('',(11.144096879511,106.00615166285,
    4.427096879511));
#10205 = CARTESIAN_POINT('',(11.134210569997,105.93738653921,
    4.417210569997));
#10206 = CARTESIAN_POINT('',(11.121369849774,105.86989089834,
    4.404369849774));
#10207 = CARTESIAN_POINT('',(11.105731187142,105.80380631969,
    4.388731187142));
#10208 = CARTESIAN_POINT('',(11.087453048337,105.73924349561,
    4.370453048337));
#10209 = CARTESIAN_POINT('',(11.066688971873,105.67628601917,
    4.349688971873));
#10210 = CARTESIAN_POINT('',(11.020605464098,105.55405548859,
    4.303605464098));
#10211 = CARTESIAN_POINT('',(10.995314605846,105.49476720185,
    4.278314605846));
#10212 = CARTESIAN_POINT('',(10.967847841935,105.43718694513,
    4.250847841935));
#10213 = CARTESIAN_POINT('',(10.938337943817,105.38135945051,
    4.221337943817));
#10214 = CARTESIAN_POINT('',(10.906909222466,105.32731807325,
    4.189909222466));
#10215 = CARTESIAN_POINT('',(10.873676070255,105.27508631605,
    4.156676070255));
#10216 = CARTESIAN_POINT('',(10.739938724699,105.0821171773,
    4.022938724699));
#10217 = CARTESIAN_POINT('',(10.627641379962,104.95431581201,
    3.910641379962));
#10218 = CARTESIAN_POINT('',(10.504076676048,104.8413411661,
    3.787076676048));
#10219 = CARTESIAN_POINT('',(10.371032123831,104.7434642111,
    3.654032123831));
#10220 = CARTESIAN_POINT('',(10.230093208524,104.66088478357,
    3.513093208524));
#10221 = CARTESIAN_POINT('',(10.082577071572,104.59381844934,
    3.365577071572));
#10222 = CARTESIAN_POINT('',(9.889628492302,104.52938161799,
    3.172628492302));
#10223 = CARTESIAN_POINT('',(9.849406657941,104.51715549433,
    3.132406657941));
#10224 = CARTESIAN_POINT('',(9.808836433602,104.50602013942,
    3.091836433602));
#10225 = CARTESIAN_POINT('',(9.767939202946,104.49598437232,
    3.050939202946));
#10226 = CARTESIAN_POINT('',(9.726736408457,104.48705789549,
    3.009736408457));
#10227 = CARTESIAN_POINT('',(9.685249551439,104.47925129483,
    2.968249551439));
#10228 = CARTESIAN_POINT('',(9.623244114225,104.4693373196,
    2.906244114225));
#10229 = CARTESIAN_POINT('',(9.602926279357,104.46636492892,
    2.885926279357));
#10230 = CARTESIAN_POINT('',(9.582549170656,104.46366018257,
    2.865549170656));
#10231 = CARTESIAN_POINT('',(9.562115299418,104.46122444952,
    2.845115299418));
#10232 = CARTESIAN_POINT('',(9.541627204989,104.45905915278,
    2.824627204989));
#10233 = CARTESIAN_POINT('',(9.521087454767,104.45716576938,
    2.804087454767));
#10234 = CARTESIAN_POINT('',(9.490318025889,104.45474481374,
    2.773318025889));
#10235 = CARTESIAN_POINT('',(9.480125413326,104.45401065544,
    2.763125413326));
#10236 = CARTESIAN_POINT('',(9.469921120991,104.4533435407,
    2.752921120991));
#10237 = CARTESIAN_POINT('',(9.459705465868,104.45274365804,
    2.742705465868));
#10238 = CARTESIAN_POINT('',(9.449478767448,104.4522111993,
    2.732478767448));
#10239 = CARTESIAN_POINT('',(9.439241347727,104.45174635965,
    2.722241347727));
#10240 = CARTESIAN_POINT('',(9.42412912671,104.45116088024,2.70712912671
    ));
#10241 = CARTESIAN_POINT('',(9.419264703992,104.45098779352,
    2.702264703992));
#10242 = CARTESIAN_POINT('',(9.414400262901,104.45083007083,
    2.697400262901));
#10243 = CARTESIAN_POINT('',(9.40953580329,104.45068770645,2.69253580329
    ));
#10244 = CARTESIAN_POINT('',(9.404671325019,104.45056069548,
    2.687671325019));
#10245 = CARTESIAN_POINT('',(9.399806827955,104.45044903386,
    2.682806827955));
#10246 = CARTESIAN_POINT('',(9.389049844287,104.45023604979,
    2.672049844287));
#10247 = CARTESIAN_POINT('',(9.384428263545,104.45016648222,
    2.667428263545));
#10248 = CARTESIAN_POINT('',(9.379556462861,104.4501007091,
    2.662556462861));
#10249 = CARTESIAN_POINT('',(9.373789311766,104.45003328362,
    2.656789311766));
#10250 = CARTESIAN_POINT('',(9.367433341529,104.4500033638,
    2.650433341529));
#10251 = CARTESIAN_POINT('',(9.361805503817,104.45,2.644805503817));
#10252 = CARTESIAN_POINT('',(9.35931,104.45,2.64231));
#10253 = ORIENTED_EDGE('',*,*,#10179,.F.);
#10254 = CYLINDRICAL_SURFACE('',#10255,1.8);
#10255 = AXIS2_PLACEMENT_3D('',#10256,#10257,#10258);
#10256 = CARTESIAN_POINT('',(9.35931,106.25,4.9));
#10257 = DIRECTION('',(0.,0.,1.));
#10258 = DIRECTION('',(1.,0.,0.));
#10259 = ADVANCED_FACE('',(#10260),#10271,.T.);
#10260 = FACE_BOUND('',#10261,.T.);
#10261 = EDGE_LOOP('',(#10262,#10263,#10264,#10265));
#10262 = ORIENTED_EDGE('',*,*,#5568,.T.);
#10263 = ORIENTED_EDGE('',*,*,#6791,.T.);
#10264 = ORIENTED_EDGE('',*,*,#5859,.F.);
#10265 = ORIENTED_EDGE('',*,*,#10266,.F.);
#10266 = EDGE_CURVE('',#5569,#5852,#10267,.T.);
#10267 = LINE('',#10268,#10269);
#10268 = CARTESIAN_POINT('',(4.108665740226,45.55,5.7));
#10269 = VECTOR('',#10270,1.);
#10270 = DIRECTION('',(0.,1.,-2.2E-16));
#10271 = CYLINDRICAL_SURFACE('',#10272,1.);
#10272 = AXIS2_PLACEMENT_3D('',#10273,#10274,#10275);
#10273 = CARTESIAN_POINT('',(4.108665740226,45.55,6.7));
#10274 = DIRECTION('',(0.,1.,-2.2E-16));
#10275 = DIRECTION('',(0.,-2.2E-16,-1.));
#10276 = ADVANCED_FACE('',(#10277),#10288,.F.);
#10277 = FACE_BOUND('',#10278,.F.);
#10278 = EDGE_LOOP('',(#10279,#10280,#10281,#10287));
#10279 = ORIENTED_EDGE('',*,*,#6782,.T.);
#10280 = ORIENTED_EDGE('',*,*,#5895,.T.);
#10281 = ORIENTED_EDGE('',*,*,#10282,.T.);
#10282 = EDGE_CURVE('',#5896,#5631,#10283,.T.);
#10283 = LINE('',#10284,#10285);
#10284 = CARTESIAN_POINT('',(-1.689619938905,54.85,1.89));
#10285 = VECTOR('',#10286,1.);
#10286 = DIRECTION('',(0.,-1.,0.));
#10287 = ORIENTED_EDGE('',*,*,#5638,.F.);
#10288 = PLANE('',#10289);
#10289 = AXIS2_PLACEMENT_3D('',#10290,#10291,#10292);
#10290 = CARTESIAN_POINT('',(-1.689619938905,54.85,4.9));
#10291 = DIRECTION('',(-1.,0.,0.));
#10292 = DIRECTION('',(0.,-1.,0.));
#10293 = ADVANCED_FACE('',(#10294),#10313,.T.);
#10294 = FACE_BOUND('',#10295,.T.);
#10295 = EDGE_LOOP('',(#10296,#10297,#10298,#10299,#10307));
#10296 = ORIENTED_EDGE('',*,*,#5903,.F.);
#10297 = ORIENTED_EDGE('',*,*,#10282,.T.);
#10298 = ORIENTED_EDGE('',*,*,#5630,.T.);
#10299 = ORIENTED_EDGE('',*,*,#10300,.T.);
#10300 = EDGE_CURVE('',#5623,#10301,#10303,.T.);
#10301 = VERTEX_POINT('',#10302);
#10302 = CARTESIAN_POINT('',(8.31,57.756540352003,1.89));
#10303 = LINE('',#10304,#10305);
#10304 = CARTESIAN_POINT('',(8.31,45.55,1.89));
#10305 = VECTOR('',#10306,1.);
#10306 = DIRECTION('',(0.,1.,0.));
#10307 = ORIENTED_EDGE('',*,*,#10308,.F.);
#10308 = EDGE_CURVE('',#5904,#10301,#10309,.T.);
#10309 = LINE('',#10310,#10311);
#10310 = CARTESIAN_POINT('',(5.91,54.85,1.89));
#10311 = VECTOR('',#10312,1.);
#10312 = DIRECTION('',(0.636715059408,0.771099172041,0.));
#10313 = PLANE('',#10314);
#10314 = AXIS2_PLACEMENT_3D('',#10315,#10316,#10317);
#10315 = CARTESIAN_POINT('',(14.41229715197,76.399311283969,1.89));
#10316 = DIRECTION('',(0.,0.,1.));
#10317 = DIRECTION('',(1.,0.,0.));
#10318 = ADVANCED_FACE('',(#10319),#10330,.T.);
#10319 = FACE_BOUND('',#10320,.T.);
#10320 = EDGE_LOOP('',(#10321,#10322,#10323,#10324));
#10321 = ORIENTED_EDGE('',*,*,#10300,.F.);
#10322 = ORIENTED_EDGE('',*,*,#5622,.T.);
#10323 = ORIENTED_EDGE('',*,*,#7492,.F.);
#10324 = ORIENTED_EDGE('',*,*,#10325,.F.);
#10325 = EDGE_CURVE('',#10301,#7485,#10326,.T.);
#10326 = LINE('',#10327,#10328);
#10327 = CARTESIAN_POINT('',(8.31,57.756540352003,1.89));
#10328 = VECTOR('',#10329,1.);
#10329 = DIRECTION('',(-0.,-0.,-1.));
#10330 = PLANE('',#10331);
#10331 = AXIS2_PLACEMENT_3D('',#10332,#10333,#10334);
#10332 = CARTESIAN_POINT('',(8.31,45.55,1.89));
#10333 = DIRECTION('',(1.,0.,0.));
#10334 = DIRECTION('',(0.,1.,0.));
#10335 = ADVANCED_FACE('',(#10336),#10342,.F.);
#10336 = FACE_BOUND('',#10337,.T.);
#10337 = EDGE_LOOP('',(#10338,#10339,#10340,#10341));
#10338 = ORIENTED_EDGE('',*,*,#5579,.F.);
#10339 = ORIENTED_EDGE('',*,*,#10266,.T.);
#10340 = ORIENTED_EDGE('',*,*,#5851,.T.);
#10341 = ORIENTED_EDGE('',*,*,#5812,.F.);
#10342 = PLANE('',#10343);
#10343 = AXIS2_PLACEMENT_3D('',#10344,#10345,#10346);
#10344 = CARTESIAN_POINT('',(0.91,45.55,5.7));
#10345 = DIRECTION('',(0.,2.2E-16,1.));
#10346 = DIRECTION('',(-1.,0.,0.));
#10347 = ADVANCED_FACE('',(#10348),#10359,.F.);
#10348 = FACE_BOUND('',#10349,.F.);
#10349 = EDGE_LOOP('',(#10350,#10351,#10357,#10358));
#10350 = ORIENTED_EDGE('',*,*,#5686,.F.);
#10351 = ORIENTED_EDGE('',*,*,#10352,.T.);
#10352 = EDGE_CURVE('',#5687,#5928,#10353,.T.);
#10353 = LINE('',#10354,#10355);
#10354 = CARTESIAN_POINT('',(4.108665740226,104.45,5.7));
#10355 = VECTOR('',#10356,1.);
#10356 = DIRECTION('',(0.,-1.,2.2E-16));
#10357 = ORIENTED_EDGE('',*,*,#5938,.T.);
#10358 = ORIENTED_EDGE('',*,*,#5836,.F.);
#10359 = PLANE('',#10360);
#10360 = AXIS2_PLACEMENT_3D('',#10361,#10362,#10363);
#10361 = CARTESIAN_POINT('',(0.91,104.45,5.7));
#10362 = DIRECTION('',(0.,2.2E-16,1.));
#10363 = DIRECTION('',(1.,0.,0.));
#10364 = ADVANCED_FACE('',(#10365),#10372,.F.);
#10365 = FACE_BOUND('',#10366,.F.);
#10366 = EDGE_LOOP('',(#10367,#10368,#10369,#10370,#10371));
#10367 = ORIENTED_EDGE('',*,*,#10142,.F.);
#10368 = ORIENTED_EDGE('',*,*,#7402,.F.);
#10369 = ORIENTED_EDGE('',*,*,#5771,.T.);
#10370 = ORIENTED_EDGE('',*,*,#10195,.F.);
#10371 = ORIENTED_EDGE('',*,*,#10172,.T.);
#10372 = B_SPLINE_SURFACE_WITH_KNOTS('',1,1,(
    (#10373,#10374)
    ,(#10375,#10376
    )),.UNSPECIFIED.,.F.,.F.,.F.,(2,2),(2,2),(0.,138.),(0.,1.),
  .PIECEWISE_BEZIER_KNOTS.);
#10373 = CARTESIAN_POINT('',(8.227,144.,1.51));
#10374 = CARTESIAN_POINT('',(11.627,140.6,4.91));
#10375 = CARTESIAN_POINT('',(8.227,6.,1.51));
#10376 = CARTESIAN_POINT('',(11.627,9.4,4.91));
#10377 = ADVANCED_FACE('',(#10378),#10389,.T.);
#10378 = FACE_BOUND('',#10379,.T.);
#10379 = EDGE_LOOP('',(#10380,#10386,#10387,#10388));
#10380 = ORIENTED_EDGE('',*,*,#10381,.F.);
#10381 = EDGE_CURVE('',#5998,#5748,#10382,.T.);
#10382 = LINE('',#10383,#10384);
#10383 = CARTESIAN_POINT('',(8.21,95.1499999998,1.89));
#10384 = VECTOR('',#10385,1.);
#10385 = DIRECTION('',(0.,1.,0.));
#10386 = ORIENTED_EDGE('',*,*,#5997,.T.);
#10387 = ORIENTED_EDGE('',*,*,#7408,.F.);
#10388 = ORIENTED_EDGE('',*,*,#5755,.F.);
#10389 = PLANE('',#10390);
#10390 = AXIS2_PLACEMENT_3D('',#10391,#10392,#10393);
#10391 = CARTESIAN_POINT('',(8.21,95.1499999998,1.89));
#10392 = DIRECTION('',(1.,0.,0.));
#10393 = DIRECTION('',(0.,1.,0.));
#10394 = ADVANCED_FACE('',(#10395),#10406,.T.);
#10395 = FACE_BOUND('',#10396,.T.);
#10396 = EDGE_LOOP('',(#10397,#10398,#10399,#10400));
#10397 = ORIENTED_EDGE('',*,*,#6005,.T.);
#10398 = ORIENTED_EDGE('',*,*,#10381,.T.);
#10399 = ORIENTED_EDGE('',*,*,#5747,.F.);
#10400 = ORIENTED_EDGE('',*,*,#10401,.T.);
#10401 = EDGE_CURVE('',#5740,#6006,#10402,.T.);
#10402 = LINE('',#10403,#10404);
#10403 = CARTESIAN_POINT('',(-1.888724675736,104.45,1.89));
#10404 = VECTOR('',#10405,1.);
#10405 = DIRECTION('',(0.,-1.,0.));
#10406 = PLANE('',#10407);
#10407 = AXIS2_PLACEMENT_3D('',#10408,#10409,#10410);
#10408 = CARTESIAN_POINT('',(14.41229715197,76.399311283969,1.89));
#10409 = DIRECTION('',(0.,0.,1.));
#10410 = DIRECTION('',(1.,0.,0.));
#10411 = ADVANCED_FACE('',(#10412),#10418,.F.);
#10412 = FACE_BOUND('',#10413,.F.);
#10413 = EDGE_LOOP('',(#10414,#10415,#10416,#10417));
#10414 = ORIENTED_EDGE('',*,*,#6873,.F.);
#10415 = ORIENTED_EDGE('',*,*,#5739,.T.);
#10416 = ORIENTED_EDGE('',*,*,#10401,.T.);
#10417 = ORIENTED_EDGE('',*,*,#6013,.F.);
#10418 = PLANE('',#10419);
#10419 = AXIS2_PLACEMENT_3D('',#10420,#10421,#10422);
#10420 = CARTESIAN_POINT('',(-1.888724675736,104.45,4.9));
#10421 = DIRECTION('',(-1.,0.,0.));
#10422 = DIRECTION('',(0.,-1.,0.));
#10423 = ADVANCED_FACE('',(#10424),#10430,.T.);
#10424 = FACE_BOUND('',#10425,.F.);
#10425 = EDGE_LOOP('',(#10426,#10427,#10428,#10429));
#10426 = ORIENTED_EDGE('',*,*,#5696,.T.);
#10427 = ORIENTED_EDGE('',*,*,#6882,.T.);
#10428 = ORIENTED_EDGE('',*,*,#5927,.F.);
#10429 = ORIENTED_EDGE('',*,*,#10352,.F.);
#10430 = CYLINDRICAL_SURFACE('',#10431,1.);
#10431 = AXIS2_PLACEMENT_3D('',#10432,#10433,#10434);
#10432 = CARTESIAN_POINT('',(4.108665740226,104.45,6.7));
#10433 = DIRECTION('',(0.,-1.,2.2E-16));
#10434 = DIRECTION('',(0.,-2.2E-16,-1.));
#10435 = ADVANCED_FACE('',(#10436),#10462,.T.);
#10436 = FACE_BOUND('',#10437,.T.);
#10437 = EDGE_LOOP('',(#10438,#10446,#10447,#10448,#10449,#10450,#10451)
  );
#10438 = ORIENTED_EDGE('',*,*,#10439,.F.);
#10439 = EDGE_CURVE('',#6072,#10440,#10442,.T.);
#10440 = VERTEX_POINT('',#10441);
#10441 = CARTESIAN_POINT('',(10.568787172041,60.492063711221,
    3.851787172041));
#10442 = LINE('',#10443,#10444);
#10443 = CARTESIAN_POINT('',(10.568787172041,60.492063711221,1.89));
#10444 = VECTOR('',#10445,1.);
#10445 = DIRECTION('',(-0.,-0.,-1.));
#10446 = ORIENTED_EDGE('',*,*,#6071,.F.);
#10447 = ORIENTED_EDGE('',*,*,#5911,.T.);
#10448 = ORIENTED_EDGE('',*,*,#10308,.T.);
#10449 = ORIENTED_EDGE('',*,*,#10325,.T.);
#10450 = ORIENTED_EDGE('',*,*,#7484,.T.);
#10451 = ORIENTED_EDGE('',*,*,#10452,.T.);
#10452 = EDGE_CURVE('',#7478,#10440,#10453,.T.);
#10453 = B_SPLINE_CURVE_WITH_KNOTS('',4,(#10454,#10455,#10456,#10457,
    #10458,#10459,#10460,#10461),.UNSPECIFIED.,.F.,.F.,(5,3,5),(0.,
    0.499923764106,1.),.UNSPECIFIED.);
#10454 = CARTESIAN_POINT('',(8.517,58.007229457363,1.8));
#10455 = CARTESIAN_POINT('',(8.775107655763,58.319812922628,
    2.058107655763));
#10456 = CARTESIAN_POINT('',(9.03267593432,58.631743170554,2.31567593432
    ));
#10457 = CARTESIAN_POINT('',(9.289691296961,58.943003804971,
    2.572691296961));
#10458 = CARTESIAN_POINT('',(9.802666539461,59.564246822432,
    3.085666539461));
#10459 = CARTESIAN_POINT('',(10.058626076861,59.874228790736,
    3.341626076861));
#10460 = CARTESIAN_POINT('',(10.31400441188,60.18350688897,3.59700441188
    ));
#10461 = CARTESIAN_POINT('',(10.568787172041,60.492063711221,
    3.851787172041));
#10462 = PLANE('',#10463);
#10463 = AXIS2_PLACEMENT_3D('',#10464,#10465,#10466);
#10464 = CARTESIAN_POINT('',(8.249761343225,57.683587815892,
    3.366283197722));
#10465 = DIRECTION('',(0.771099172041,-0.636715059408,5.E-16));
#10466 = DIRECTION('',(0.636715059408,0.771099172041,-4.930380657631E-32
    ));
#10467 = ADVANCED_FACE('',(#10468),#10496,.F.);
#10468 = FACE_BOUND('',#10469,.F.);
#10469 = EDGE_LOOP('',(#10470,#10471,#10490,#10495));
#10470 = ORIENTED_EDGE('',*,*,#7415,.F.);
#10471 = ORIENTED_EDGE('',*,*,#10472,.T.);
#10472 = EDGE_CURVE('',#7416,#10473,#10475,.T.);
#10473 = VERTEX_POINT('',#10474);
#10474 = CARTESIAN_POINT('',(10.517,89.109999999978,3.8));
#10475 = B_SPLINE_CURVE_WITH_KNOTS('',4,(#10476,#10477,#10478,#10479,
    #10480,#10481,#10482,#10483,#10484,#10485,#10486,#10487,#10488,
    #10489),.UNSPECIFIED.,.F.,.F.,(5,3,3,3,5),(0.,0.248387505207,
    0.497800577886,0.748301035497,1.),.UNSPECIFIED.);
#10476 = CARTESIAN_POINT('',(8.227,91.399999999934,1.51));
#10477 = CARTESIAN_POINT('',(8.439913654167,91.18708634577,
    1.722913654167));
#10478 = CARTESIAN_POINT('',(8.652549711812,90.97445028813,
    1.935549711812));
#10479 = CARTESIAN_POINT('',(8.864901779032,90.762098220914,
    2.147901779032));
#10480 = CARTESIAN_POINT('',(9.289900206267,90.337099793687,
    2.572900206267));
#10481 = CARTESIAN_POINT('',(9.502544161028,90.12445583893,
    2.785544161028));
#10482 = CARTESIAN_POINT('',(9.714888330192,89.91211166977,
    2.997888330192));
#10483 = CARTESIAN_POINT('',(10.139887528125,89.487112471846,
    3.422887528125));
#10484 = CARTESIAN_POINT('',(10.352539875839,89.274460124136,
    3.635539875839));
#10485 = CARTESIAN_POINT('',(10.564875660231,89.062124339748,
    3.847875660231));
#10486 = CARTESIAN_POINT('',(10.989913731516,88.637086268472,
    4.272913731516));
#10487 = CARTESIAN_POINT('',(11.20261291124,88.424387088752,
    4.485612911239));
#10488 = CARTESIAN_POINT('',(11.414977583095,88.212022416901,
    4.697977583095));
#10489 = CARTESIAN_POINT('',(11.627,88.,4.91));
#10490 = ORIENTED_EDGE('',*,*,#10491,.T.);
#10491 = EDGE_CURVE('',#10473,#5963,#10492,.T.);
#10492 = B_SPLINE_CURVE_WITH_KNOTS('',1,(#10493,#10494),.UNSPECIFIED.,
  .F.,.F.,(2,2),(0.,1.),.PIECEWISE_BEZIER_KNOTS.);
#10493 = CARTESIAN_POINT('',(10.517,88.218101945021,3.8));
#10494 = CARTESIAN_POINT('',(10.517,105.80570189158,3.8));
#10495 = ORIENTED_EDGE('',*,*,#5970,.F.);
#10496 = B_SPLINE_SURFACE_WITH_KNOTS('',1,1,(
    (#10497,#10498)
    ,(#10499,#10500
    )),.UNSPECIFIED.,.F.,.F.,.F.,(2,2),(2,2),(0.,138.),(0.,1.),
  .PIECEWISE_BEZIER_KNOTS.);
#10497 = CARTESIAN_POINT('',(8.227,144.,1.51));
#10498 = CARTESIAN_POINT('',(11.627,140.6,4.91));
#10499 = CARTESIAN_POINT('',(8.227,6.,1.51));
#10500 = CARTESIAN_POINT('',(11.627,9.4,4.91));
#10501 = ADVANCED_FACE('',(#10502),#10558,.T.);
#10502 = FACE_BOUND('',#10503,.T.);
#10503 = EDGE_LOOP('',(#10504,#10505,#10511,#10512,#10520,#10528,#10535,
    #10543,#10551,#10557));
#10504 = ORIENTED_EDGE('',*,*,#5962,.F.);
#10505 = ORIENTED_EDGE('',*,*,#10506,.T.);
#10506 = EDGE_CURVE('',#5955,#6135,#10507,.T.);
#10507 = LINE('',#10508,#10509);
#10508 = CARTESIAN_POINT('',(5.51,95.15,3.8));
#10509 = VECTOR('',#10510,1.);
#10510 = DIRECTION('',(0.,-1.,0.));
#10511 = ORIENTED_EDGE('',*,*,#6134,.T.);
#10512 = ORIENTED_EDGE('',*,*,#10513,.T.);
#10513 = EDGE_CURVE('',#6137,#10514,#10516,.T.);
#10514 = VERTEX_POINT('',#10515);
#10515 = CARTESIAN_POINT('',(8.227,72.,3.8));
#10516 = LINE('',#10517,#10518);
#10517 = CARTESIAN_POINT('',(8.227,75.753070700616,3.8));
#10518 = VECTOR('',#10519,1.);
#10519 = DIRECTION('',(0.,1.,0.));
#10520 = ORIENTED_EDGE('',*,*,#10521,.T.);
#10521 = EDGE_CURVE('',#10514,#10522,#10524,.T.);
#10522 = VERTEX_POINT('',#10523);
#10523 = CARTESIAN_POINT('',(10.517,69.71,3.8));
#10524 = LINE('',#10525,#10526);
#10525 = CARTESIAN_POINT('',(5.447393191176,74.779606808824,3.8));
#10526 = VECTOR('',#10527,1.);
#10527 = DIRECTION('',(0.707106781187,-0.707106781187,0.));
#10528 = ORIENTED_EDGE('',*,*,#10529,.T.);
#10529 = EDGE_CURVE('',#10522,#10530,#10532,.T.);
#10530 = VERTEX_POINT('',#10531);
#10531 = CARTESIAN_POINT('',(10.517,84.49,3.8));
#10532 = B_SPLINE_CURVE_WITH_KNOTS('',1,(#10533,#10534),.UNSPECIFIED.,
  .F.,.F.,(2,2),(0.,1.),.PIECEWISE_BEZIER_KNOTS.);
#10533 = CARTESIAN_POINT('',(10.517,68.489839749899,3.8));
#10534 = CARTESIAN_POINT('',(10.517,85.781227323271,3.8));
#10535 = ORIENTED_EDGE('',*,*,#10536,.F.);
#10536 = EDGE_CURVE('',#10537,#10530,#10539,.T.);
#10537 = VERTEX_POINT('',#10538);
#10538 = CARTESIAN_POINT('',(8.227,82.2,3.8));
#10539 = LINE('',#10540,#10541);
#10540 = CARTESIAN_POINT('',(11.250463891792,85.223463891792,3.8));
#10541 = VECTOR('',#10542,1.);
#10542 = DIRECTION('',(0.707106781187,0.707106781187,-0.));
#10543 = ORIENTED_EDGE('',*,*,#10544,.F.);
#10544 = EDGE_CURVE('',#10545,#10537,#10547,.T.);
#10545 = VERTEX_POINT('',#10546);
#10546 = CARTESIAN_POINT('',(8.227,91.399999999934,3.8));
#10547 = LINE('',#10548,#10549);
#10548 = CARTESIAN_POINT('',(8.227,90.053070700582,3.8));
#10549 = VECTOR('',#10550,1.);
#10550 = DIRECTION('',(0.,-1.,0.));
#10551 = ORIENTED_EDGE('',*,*,#10552,.F.);
#10552 = EDGE_CURVE('',#10473,#10545,#10553,.T.);
#10553 = LINE('',#10554,#10555);
#10554 = CARTESIAN_POINT('',(11.997393191187,87.62960680882,3.8));
#10555 = VECTOR('',#10556,1.);
#10556 = DIRECTION('',(-0.707106781193,0.70710678118,0.));
#10557 = ORIENTED_EDGE('',*,*,#10491,.T.);
#10558 = PLANE('',#10559);
#10559 = AXIS2_PLACEMENT_3D('',#10560,#10561,#10562);
#10560 = CARTESIAN_POINT('',(13.814714165936,88.706141401231,3.8));
#10561 = DIRECTION('',(0.,0.,1.));
#10562 = DIRECTION('',(1.,0.,0.));
#10563 = ADVANCED_FACE('',(#10564),#10570,.T.);
#10564 = FACE_BOUND('',#10565,.T.);
#10565 = EDGE_LOOP('',(#10566,#10567,#10568,#10569));
#10566 = ORIENTED_EDGE('',*,*,#5954,.F.);
#10567 = ORIENTED_EDGE('',*,*,#6120,.T.);
#10568 = ORIENTED_EDGE('',*,*,#6144,.F.);
#10569 = ORIENTED_EDGE('',*,*,#10506,.F.);
#10570 = PLANE('',#10571);
#10571 = AXIS2_PLACEMENT_3D('',#10572,#10573,#10574);
#10572 = CARTESIAN_POINT('',(5.51,95.15,4.900000130718));
#10573 = DIRECTION('',(1.,0.,0.));
#10574 = DIRECTION('',(0.,-2.2E-16,-1.));
#10575 = ADVANCED_FACE('',(#10576),#10594,.T.);
#10576 = FACE_BOUND('',#10577,.T.);
#10577 = EDGE_LOOP('',(#10578,#10579,#10585,#10586,#10592,#10593));
#10578 = ORIENTED_EDGE('',*,*,#6054,.F.);
#10579 = ORIENTED_EDGE('',*,*,#10580,.T.);
#10580 = EDGE_CURVE('',#6055,#7462,#10581,.T.);
#10581 = LINE('',#10582,#10583);
#10582 = CARTESIAN_POINT('',(8.227,62.8,4.91));
#10583 = VECTOR('',#10584,1.);
#10584 = DIRECTION('',(-0.,-0.,-1.));
#10585 = ORIENTED_EDGE('',*,*,#7461,.F.);
#10586 = ORIENTED_EDGE('',*,*,#10587,.F.);
#10587 = EDGE_CURVE('',#10514,#7454,#10588,.T.);
#10588 = LINE('',#10589,#10590);
#10589 = CARTESIAN_POINT('',(8.227,72.,4.91));
#10590 = VECTOR('',#10591,1.);
#10591 = DIRECTION('',(-0.,-0.,-1.));
#10592 = ORIENTED_EDGE('',*,*,#10513,.F.);
#10593 = ORIENTED_EDGE('',*,*,#6153,.F.);
#10594 = PLANE('',#10595);
#10595 = AXIS2_PLACEMENT_3D('',#10596,#10597,#10598);
#10596 = CARTESIAN_POINT('',(8.227,62.8,4.91));
#10597 = DIRECTION('',(1.,0.,0.));
#10598 = DIRECTION('',(0.,1.,0.));
#10599 = ADVANCED_FACE('',(#10600),#10630,.T.);
#10600 = FACE_BOUND('',#10601,.T.);
#10601 = EDGE_LOOP('',(#10602,#10610,#10627,#10628,#10629));
#10602 = ORIENTED_EDGE('',*,*,#10603,.F.);
#10603 = EDGE_CURVE('',#10604,#6089,#10606,.T.);
#10604 = VERTEX_POINT('',#10605);
#10605 = CARTESIAN_POINT('',(10.797688,65.370688,4.080688));
#10606 = LINE('',#10607,#10608);
#10607 = CARTESIAN_POINT('',(10.797688,65.370688,4.062861493043));
#10608 = VECTOR('',#10609,1.);
#10609 = DIRECTION('',(-3.2E-16,-3.2E-16,1.));
#10610 = ORIENTED_EDGE('',*,*,#10611,.F.);
#10611 = EDGE_CURVE('',#7470,#10604,#10612,.T.);
#10612 = B_SPLINE_CURVE_WITH_KNOTS('',4,(#10613,#10614,#10615,#10616,
    #10617,#10618,#10619,#10620,#10621,#10622,#10623,#10624,#10625,
    #10626),.UNSPECIFIED.,.F.,.F.,(5,3,3,3,5),(0.,0.248172994268,
    0.497509281751,0.748078278399,1.),.UNSPECIFIED.);
#10613 = CARTESIAN_POINT('',(8.227,62.8,1.51));
#10614 = CARTESIAN_POINT('',(8.439970979169,63.012970979169,
    1.722970979169));
#10615 = CARTESIAN_POINT('',(8.652626390487,63.225626390487,
    1.935626390487));
#10616 = CARTESIAN_POINT('',(8.864959299257,63.437959299257,
    2.147959299257));
#10617 = CARTESIAN_POINT('',(9.289959501956,63.862959501956,
    2.572959501956));
#10618 = CARTESIAN_POINT('',(9.502623697884,64.075623697884,
    2.785623697884));
#10619 = CARTESIAN_POINT('',(9.714947831886,64.287947831886,
    2.997947831886));
#10620 = CARTESIAN_POINT('',(10.139948922772,64.712948922772,
    3.422948922772));
#10621 = CARTESIAN_POINT('',(10.352622434249,64.925622434249,
    3.635622434249));
#10622 = CARTESIAN_POINT('',(10.564937268688,65.137937268688,
    3.847937268688));
#10623 = CARTESIAN_POINT('',(10.989978032991,65.562978032991,
    4.272978032991));
#10624 = CARTESIAN_POINT('',(11.202699994401,65.775699994401,
    4.485699994401));
#10625 = CARTESIAN_POINT('',(11.415043404517,65.988043404517,
    4.698043404517));
#10626 = CARTESIAN_POINT('',(11.627,66.2,4.91));
#10627 = ORIENTED_EDGE('',*,*,#7469,.F.);
#10628 = ORIENTED_EDGE('',*,*,#10580,.F.);
#10629 = ORIENTED_EDGE('',*,*,#6096,.F.);
#10630 = PLANE('',#10631);
#10631 = AXIS2_PLACEMENT_3D('',#10632,#10633,#10634);
#10632 = CARTESIAN_POINT('',(11.627,66.2,4.91));
#10633 = DIRECTION('',(-0.707106781187,0.707106781187,0.));
#10634 = DIRECTION('',(-0.707106781187,-0.707106781187,0.));
#10635 = ADVANCED_FACE('',(#10636),#10653,.T.);
#10636 = FACE_BOUND('',#10637,.T.);
#10637 = EDGE_LOOP('',(#10638,#10639,#10647,#10652));
#10638 = ORIENTED_EDGE('',*,*,#6088,.F.);
#10639 = ORIENTED_EDGE('',*,*,#10640,.T.);
#10640 = EDGE_CURVE('',#6080,#10641,#10643,.T.);
#10641 = VERTEX_POINT('',#10642);
#10642 = CARTESIAN_POINT('',(10.797688,61.12877877063,4.080688));
#10643 = LINE('',#10644,#10645);
#10644 = CARTESIAN_POINT('',(10.797688,61.12877877063,4.9));
#10645 = VECTOR('',#10646,1.);
#10646 = DIRECTION('',(-0.,-0.,-1.));
#10647 = ORIENTED_EDGE('',*,*,#10648,.T.);
#10648 = EDGE_CURVE('',#10641,#10604,#10649,.T.);
#10649 = B_SPLINE_CURVE_WITH_KNOTS('',1,(#10650,#10651),.UNSPECIFIED.,
  .F.,.F.,(2,2),(0.,1.),.PIECEWISE_BEZIER_KNOTS.);
#10650 = CARTESIAN_POINT('',(10.797688,61.12877877063,4.080688));
#10651 = CARTESIAN_POINT('',(10.797688,66.090610538494,4.080688));
#10652 = ORIENTED_EDGE('',*,*,#10603,.T.);
#10653 = PLANE('',#10654);
#10654 = AXIS2_PLACEMENT_3D('',#10655,#10656,#10657);
#10655 = CARTESIAN_POINT('',(10.797688,77.705112371301,3.215722986086));
#10656 = DIRECTION('',(1.,0.,3.2E-16));
#10657 = DIRECTION('',(-3.2E-16,0.,1.));
#10658 = ADVANCED_FACE('',(#10659),#10693,.T.);
#10659 = FACE_BOUND('',#10660,.F.);
#10660 = EDGE_LOOP('',(#10661,#10662,#10691,#10692));
#10661 = ORIENTED_EDGE('',*,*,#10640,.T.);
#10662 = ORIENTED_EDGE('',*,*,#10663,.T.);
#10663 = EDGE_CURVE('',#10641,#10440,#10664,.T.);
#10664 = B_SPLINE_CURVE_WITH_KNOTS('',5,(#10665,#10666,#10667,#10668,
    #10669,#10670,#10671,#10672,#10673,#10674,#10675,#10676,#10677,
    #10678,#10679,#10680,#10681,#10682,#10683,#10684,#10685,#10686,
    #10687,#10688,#10689,#10690),.UNSPECIFIED.,.F.,.F.,(6,4,4,4,4,4,6),(
    0.,6.411265012081E-02,0.302578668586,0.767888363142,0.887529914603,
    0.94843220244,1.),.UNSPECIFIED.);
#10665 = CARTESIAN_POINT('',(10.797688,61.12877877063,4.080688));
#10666 = CARTESIAN_POINT('',(10.797687999847,61.119870166152,
    4.080687999847));
#10667 = CARTESIAN_POINT('',(10.79758900258,61.110967971783,
    4.08058900258));
#10668 = CARTESIAN_POINT('',(10.797390424807,61.102051605156,
    4.080390424807));
#10669 = CARTESIAN_POINT('',(10.797091985799,61.09312093937,
    4.080091985799));
#10670 = CARTESIAN_POINT('',(10.795212317389,61.051001254912,
    4.078212317389));
#10671 = CARTESIAN_POINT('',(10.792348501356,61.017784602572,
    4.075348501356));
#10672 = CARTESIAN_POINT('',(10.788092978086,60.984651743783,
    4.071092978086));
#10673 = CARTESIAN_POINT('',(10.782452422011,60.951708010595,
    4.065452422011));
#10674 = CARTESIAN_POINT('',(10.761784855631,60.85535124833,
    4.044784855631));
#10675 = CARTESIAN_POINT('',(10.74292965499,60.792749786352,
    4.02592965499));
#10676 = CARTESIAN_POINT('',(10.7190574195,60.732062197395,4.0020574195)
  );
#10677 = CARTESIAN_POINT('',(10.690561662932,60.673954189445,
    3.973561662932));
#10678 = CARTESIAN_POINT('',(10.649578763494,60.60480124814,
    3.932578763494));
#10679 = CARTESIAN_POINT('',(10.640924633767,60.590861383225,
    3.923924633767));
#10680 = CARTESIAN_POINT('',(10.632007250389,60.577134044753,
    3.915007250389));
#10681 = CARTESIAN_POINT('',(10.622835410174,60.563626746663,
    3.905835410174));
#10682 = CARTESIAN_POINT('',(10.608624416225,60.543585801428,
    3.891624416225));
#10683 = CARTESIAN_POINT('',(10.603831360173,60.536974828591,
    3.886831360173));
#10684 = CARTESIAN_POINT('',(10.599038937726,60.530504493124,
    3.882038937726));
#10685 = CARTESIAN_POINT('',(10.594247096648,60.52416721413,
    3.877247096648));
#10686 = CARTESIAN_POINT('',(10.585398852003,60.512697828908,
    3.868398852003));
#10687 = CARTESIAN_POINT('',(10.581302927295,60.507478828388,
    3.864302927295));
#10688 = CARTESIAN_POINT('',(10.577168560385,60.50229986231,
    3.860168560385));
#10689 = CARTESIAN_POINT('',(10.572996394013,60.497161325216,
    3.855996394013));
#10690 = CARTESIAN_POINT('',(10.568787172041,60.492063711221,
    3.851787172041));
#10691 = ORIENTED_EDGE('',*,*,#10439,.F.);
#10692 = ORIENTED_EDGE('',*,*,#6079,.T.);
#10693 = CYLINDRICAL_SURFACE('',#10694,1.);
#10694 = AXIS2_PLACEMENT_3D('',#10695,#10696,#10697);
#10695 = CARTESIAN_POINT('',(9.797688,61.12877877063,1.89));
#10696 = DIRECTION('',(-0.,-0.,-1.));
#10697 = DIRECTION('',(0.771099172041,-0.636715059408,0.));
#10698 = ADVANCED_FACE('',(#10699),#10718,.F.);
#10699 = FACE_BOUND('',#10700,.F.);
#10700 = EDGE_LOOP('',(#10701,#10709,#10710,#10711));
#10701 = ORIENTED_EDGE('',*,*,#10702,.F.);
#10702 = EDGE_CURVE('',#6192,#10703,#10705,.T.);
#10703 = VERTEX_POINT('',#10704);
#10704 = CARTESIAN_POINT('',(-5.381029250663,10.15,7.551179663189));
#10705 = LINE('',#10706,#10707);
#10706 = CARTESIAN_POINT('',(-4.631029250663,10.9,7.551179663189));
#10707 = VECTOR('',#10708,1.);
#10708 = DIRECTION('',(-0.707106781187,-0.707106781187,-3.5E-16));
#10709 = ORIENTED_EDGE('',*,*,#6199,.T.);
#10710 = ORIENTED_EDGE('',*,*,#10702,.T.);
#10711 = ORIENTED_EDGE('',*,*,#10712,.F.);
#10712 = EDGE_CURVE('',#10703,#10703,#10713,.T.);
#10713 = CIRCLE('',#10714,0.2);
#10714 = AXIS2_PLACEMENT_3D('',#10715,#10716,#10717);
#10715 = CARTESIAN_POINT('',(-5.581029250663,10.15,7.551179663189));
#10716 = DIRECTION('',(0.,-1.,4.4E-16));
#10717 = DIRECTION('',(1.,4.092E-31,9.3E-16));
#10718 = CONICAL_SURFACE('',#10719,0.95,0.785398163397);
#10719 = AXIS2_PLACEMENT_3D('',#10720,#10721,#10722);
#10720 = CARTESIAN_POINT('',(-5.581029250663,10.9,7.551179663189));
#10721 = DIRECTION('',(0.,1.,-4.4E-16));
#10722 = DIRECTION('',(1.,4.092E-31,9.3E-16));
#10723 = ADVANCED_FACE('',(#10724),#10743,.F.);
#10724 = FACE_BOUND('',#10725,.F.);
#10725 = EDGE_LOOP('',(#10726,#10734,#10735,#10736));
#10726 = ORIENTED_EDGE('',*,*,#10727,.F.);
#10727 = EDGE_CURVE('',#6217,#10728,#10730,.T.);
#10728 = VERTEX_POINT('',#10729);
#10729 = CARTESIAN_POINT('',(-4.560667316398,10.15,9.310452756081));
#10730 = LINE('',#10731,#10732);
#10731 = CARTESIAN_POINT('',(-3.810667316398,10.9,9.310452756081));
#10732 = VECTOR('',#10733,1.);
#10733 = DIRECTION('',(-0.707106781187,-0.707106781187,1.64E-15));
#10734 = ORIENTED_EDGE('',*,*,#6224,.T.);
#10735 = ORIENTED_EDGE('',*,*,#10727,.T.);
#10736 = ORIENTED_EDGE('',*,*,#10737,.F.);
#10737 = EDGE_CURVE('',#10728,#10728,#10738,.T.);
#10738 = CIRCLE('',#10739,0.2);
#10739 = AXIS2_PLACEMENT_3D('',#10740,#10741,#10742);
#10740 = CARTESIAN_POINT('',(-4.760667316398,10.15,9.310452756081));
#10741 = DIRECTION('',(0.,-1.,4.4E-16));
#10742 = DIRECTION('',(1.,-8.228E-31,-1.87E-15));
#10743 = CONICAL_SURFACE('',#10744,0.95,0.785398163397);
#10744 = AXIS2_PLACEMENT_3D('',#10745,#10746,#10747);
#10745 = CARTESIAN_POINT('',(-4.760667316398,10.9,9.310452756081));
#10746 = DIRECTION('',(0.,1.,-4.4E-16));
#10747 = DIRECTION('',(1.,-8.228E-31,-1.87E-15));
#10748 = ADVANCED_FACE('',(#10749),#10768,.F.);
#10749 = FACE_BOUND('',#10750,.F.);
#10750 = EDGE_LOOP('',(#10751,#10759,#10760,#10761));
#10751 = ORIENTED_EDGE('',*,*,#10752,.F.);
#10752 = EDGE_CURVE('',#6242,#10753,#10755,.T.);
#10753 = VERTEX_POINT('',#10754);
#10754 = CARTESIAN_POINT('',(1.835846979587,10.15,8.182576494584));
#10755 = LINE('',#10756,#10757);
#10756 = CARTESIAN_POINT('',(2.585846979587,10.9,8.182576494584));
#10757 = VECTOR('',#10758,1.);
#10758 = DIRECTION('',(-0.707106781187,-0.707106781187,1.64E-15));
#10759 = ORIENTED_EDGE('',*,*,#6249,.T.);
#10760 = ORIENTED_EDGE('',*,*,#10752,.T.);
#10761 = ORIENTED_EDGE('',*,*,#10762,.F.);
#10762 = EDGE_CURVE('',#10753,#10753,#10763,.T.);
#10763 = CIRCLE('',#10764,0.2);
#10764 = AXIS2_PLACEMENT_3D('',#10765,#10766,#10767);
#10765 = CARTESIAN_POINT('',(1.635846979587,10.15,8.182576494584));
#10766 = DIRECTION('',(0.,-1.,4.4E-16));
#10767 = DIRECTION('',(1.,-8.228E-31,-1.87E-15));
#10768 = CONICAL_SURFACE('',#10769,0.95,0.785398163397);
#10769 = AXIS2_PLACEMENT_3D('',#10770,#10771,#10772);
#10770 = CARTESIAN_POINT('',(1.635846979587,10.9,8.182576494584));
#10771 = DIRECTION('',(0.,1.,-4.4E-16));
#10772 = DIRECTION('',(1.,-8.228E-31,-1.87E-15));
#10773 = ADVANCED_FACE('',(#10774),#10793,.F.);
#10774 = FACE_BOUND('',#10775,.F.);
#10775 = EDGE_LOOP('',(#10776,#10784,#10785,#10786));
#10776 = ORIENTED_EDGE('',*,*,#10777,.F.);
#10777 = EDGE_CURVE('',#6267,#10778,#10780,.T.);
#10778 = VERTEX_POINT('',#10779);
#10779 = CARTESIAN_POINT('',(-1.036820336811,10.15,10.593029250663));
#10780 = LINE('',#10781,#10782);
#10781 = CARTESIAN_POINT('',(-0.286820336811,10.9,10.593029250663));
#10782 = VECTOR('',#10783,1.);
#10783 = DIRECTION('',(-0.707106781187,-0.707106781187,1.64E-15));
#10784 = ORIENTED_EDGE('',*,*,#6274,.T.);
#10785 = ORIENTED_EDGE('',*,*,#10777,.T.);
#10786 = ORIENTED_EDGE('',*,*,#10787,.F.);
#10787 = EDGE_CURVE('',#10778,#10778,#10788,.T.);
#10788 = CIRCLE('',#10789,0.2);
#10789 = AXIS2_PLACEMENT_3D('',#10790,#10791,#10792);
#10790 = CARTESIAN_POINT('',(-1.236820336811,10.15,10.593029250663));
#10791 = DIRECTION('',(0.,-1.,4.4E-16));
#10792 = DIRECTION('',(1.,-8.228E-31,-1.87E-15));
#10793 = CONICAL_SURFACE('',#10794,0.95,0.785398163397);
#10794 = AXIS2_PLACEMENT_3D('',#10795,#10796,#10797);
#10795 = CARTESIAN_POINT('',(-1.236820336811,10.9,10.593029250663));
#10796 = DIRECTION('',(0.,1.,-4.4E-16));
#10797 = DIRECTION('',(1.,-8.228E-31,-1.87E-15));
#10798 = ADVANCED_FACE('',(#10799),#10818,.F.);
#10799 = FACE_BOUND('',#10800,.F.);
#10800 = EDGE_LOOP('',(#10801,#10809,#10810,#10811));
#10801 = ORIENTED_EDGE('',*,*,#10802,.F.);
#10802 = EDGE_CURVE('',#6292,#10803,#10805,.T.);
#10803 = VERTEX_POINT('',#10804);
#10804 = CARTESIAN_POINT('',(0.72245275608,10.15,9.772667316399));
#10805 = LINE('',#10806,#10807);
#10806 = CARTESIAN_POINT('',(1.47245275608,10.9,9.772667316399));
#10807 = VECTOR('',#10808,1.);
#10808 = DIRECTION('',(-0.707106781187,-0.707106781187,1.64E-15));
#10809 = ORIENTED_EDGE('',*,*,#6299,.T.);
#10810 = ORIENTED_EDGE('',*,*,#10802,.T.);
#10811 = ORIENTED_EDGE('',*,*,#10812,.F.);
#10812 = EDGE_CURVE('',#10803,#10803,#10813,.T.);
#10813 = CIRCLE('',#10814,0.2);
#10814 = AXIS2_PLACEMENT_3D('',#10815,#10816,#10817);
#10815 = CARTESIAN_POINT('',(0.52245275608,10.15,9.772667316399));
#10816 = DIRECTION('',(0.,-1.,4.4E-16));
#10817 = DIRECTION('',(1.,-8.228E-31,-1.87E-15));
#10818 = CONICAL_SURFACE('',#10819,0.95,0.785398163397);
#10819 = AXIS2_PLACEMENT_3D('',#10820,#10821,#10822);
#10820 = CARTESIAN_POINT('',(0.52245275608,10.9,9.772667316399));
#10821 = DIRECTION('',(0.,1.,-4.4E-16));
#10822 = DIRECTION('',(1.,-8.228E-31,-1.87E-15));
#10823 = ADVANCED_FACE('',(#10824),#10843,.F.);
#10824 = FACE_BOUND('',#10825,.F.);
#10825 = EDGE_LOOP('',(#10826,#10834,#10835,#10836));
#10826 = ORIENTED_EDGE('',*,*,#10827,.F.);
#10827 = EDGE_CURVE('',#6317,#10828,#10830,.T.);
#10828 = VERTEX_POINT('',#10829);
#10829 = CARTESIAN_POINT('',(-2.970576494582,10.15,10.423846979587));
#10830 = LINE('',#10831,#10832);
#10831 = CARTESIAN_POINT('',(-2.220576494582,10.9,10.423846979587));
#10832 = VECTOR('',#10833,1.);
#10833 = DIRECTION('',(-0.707106781187,-0.707106781187,1.64E-15));
#10834 = ORIENTED_EDGE('',*,*,#6324,.T.);
#10835 = ORIENTED_EDGE('',*,*,#10827,.T.);
#10836 = ORIENTED_EDGE('',*,*,#10837,.F.);
#10837 = EDGE_CURVE('',#10828,#10828,#10838,.T.);
#10838 = CIRCLE('',#10839,0.2);
#10839 = AXIS2_PLACEMENT_3D('',#10840,#10841,#10842);
#10840 = CARTESIAN_POINT('',(-3.170576494582,10.15,10.423846979587));
#10841 = DIRECTION('',(0.,-1.,4.4E-16));
#10842 = DIRECTION('',(1.,-8.228E-31,-1.87E-15));
#10843 = CONICAL_SURFACE('',#10844,0.95,0.785398163397);
#10844 = AXIS2_PLACEMENT_3D('',#10845,#10846,#10847);
#10845 = CARTESIAN_POINT('',(-3.170576494582,10.9,10.423846979587));
#10846 = DIRECTION('',(0.,1.,-4.4E-16));
#10847 = DIRECTION('',(1.,-8.228E-31,-1.87E-15));
#10848 = ADVANCED_FACE('',(#10849,#10869),#10872,.F.);
#10849 = FACE_BOUND('',#10850,.F.);
#10850 = EDGE_LOOP('',(#10851,#10862));
#10851 = ORIENTED_EDGE('',*,*,#10852,.T.);
#10852 = EDGE_CURVE('',#10853,#10855,#10857,.T.);
#10853 = VERTEX_POINT('',#10854);
#10854 = CARTESIAN_POINT('',(-3.288,2.15,6.9));
#10855 = VERTEX_POINT('',#10856);
#10856 = CARTESIAN_POINT('',(-0.488,2.15,6.9));
#10857 = CIRCLE('',#10858,1.4);
#10858 = AXIS2_PLACEMENT_3D('',#10859,#10860,#10861);
#10859 = CARTESIAN_POINT('',(-1.888,2.15,6.9));
#10860 = DIRECTION('',(0.,1.,-0.));
#10861 = DIRECTION('',(-1.,0.,0.));
#10862 = ORIENTED_EDGE('',*,*,#10863,.T.);
#10863 = EDGE_CURVE('',#10855,#10853,#10864,.T.);
#10864 = CIRCLE('',#10865,1.4);
#10865 = AXIS2_PLACEMENT_3D('',#10866,#10867,#10868);
#10866 = CARTESIAN_POINT('',(-1.888,2.15,6.9));
#10867 = DIRECTION('',(0.,1.,-0.));
#10868 = DIRECTION('',(-1.,0.,0.));
#10869 = FACE_BOUND('',#10870,.T.);
#10870 = EDGE_LOOP('',(#10871));
#10871 = ORIENTED_EDGE('',*,*,#6349,.T.);
#10872 = PLANE('',#10873);
#10873 = AXIS2_PLACEMENT_3D('',#10874,#10875,#10876);
#10874 = CARTESIAN_POINT('',(-1.888,2.15,6.9));
#10875 = DIRECTION('',(0.,1.,0.));
#10876 = DIRECTION('',(0.,0.,1.));
#10877 = ADVANCED_FACE('',(#10878),#10897,.F.);
#10878 = FACE_BOUND('',#10879,.T.);
#10879 = EDGE_LOOP('',(#10880,#10888,#10889,#10890));
#10880 = ORIENTED_EDGE('',*,*,#10881,.F.);
#10881 = EDGE_CURVE('',#6415,#10882,#10884,.T.);
#10882 = VERTEX_POINT('',#10883);
#10883 = CARTESIAN_POINT('',(-5.381029250663,139.85,7.551179663189));
#10884 = LINE('',#10885,#10886);
#10885 = CARTESIAN_POINT('',(-4.631029250663,139.1,7.551179663189));
#10886 = VECTOR('',#10887,1.);
#10887 = DIRECTION('',(-0.707106781187,0.707106781187,0.));
#10888 = ORIENTED_EDGE('',*,*,#6422,.T.);
#10889 = ORIENTED_EDGE('',*,*,#10881,.T.);
#10890 = ORIENTED_EDGE('',*,*,#10891,.F.);
#10891 = EDGE_CURVE('',#10882,#10882,#10892,.T.);
#10892 = CIRCLE('',#10893,0.2);
#10893 = AXIS2_PLACEMENT_3D('',#10894,#10895,#10896);
#10894 = CARTESIAN_POINT('',(-5.581029250663,139.85,7.551179663189));
#10895 = DIRECTION('',(0.,-1.,0.));
#10896 = DIRECTION('',(1.,0.,0.));
#10897 = CONICAL_SURFACE('',#10898,0.95,0.785398163397);
#10898 = AXIS2_PLACEMENT_3D('',#10899,#10900,#10901);
#10899 = CARTESIAN_POINT('',(-5.581029250663,139.1,7.551179663189));
#10900 = DIRECTION('',(-0.,-1.,-0.));
#10901 = DIRECTION('',(1.,0.,0.));
#10902 = ADVANCED_FACE('',(#10903),#10922,.F.);
#10903 = FACE_BOUND('',#10904,.T.);
#10904 = EDGE_LOOP('',(#10905,#10913,#10914,#10915));
#10905 = ORIENTED_EDGE('',*,*,#10906,.F.);
#10906 = EDGE_CURVE('',#6440,#10907,#10909,.T.);
#10907 = VERTEX_POINT('',#10908);
#10908 = CARTESIAN_POINT('',(-4.560667316398,139.85,9.31045275608));
#10909 = LINE('',#10910,#10911);
#10910 = CARTESIAN_POINT('',(-3.810667316398,139.1,9.31045275608));
#10911 = VECTOR('',#10912,1.);
#10912 = DIRECTION('',(-0.707106781187,0.707106781187,1.32E-15));
#10913 = ORIENTED_EDGE('',*,*,#6447,.T.);
#10914 = ORIENTED_EDGE('',*,*,#10906,.T.);
#10915 = ORIENTED_EDGE('',*,*,#10916,.F.);
#10916 = EDGE_CURVE('',#10907,#10907,#10917,.T.);
#10917 = CIRCLE('',#10918,0.2);
#10918 = AXIS2_PLACEMENT_3D('',#10919,#10920,#10921);
#10919 = CARTESIAN_POINT('',(-4.760667316398,139.85,9.31045275608));
#10920 = DIRECTION('',(0.,-1.,0.));
#10921 = DIRECTION('',(1.,0.,-1.87E-15));
#10922 = CONICAL_SURFACE('',#10923,0.95,0.785398163397);
#10923 = AXIS2_PLACEMENT_3D('',#10924,#10925,#10926);
#10924 = CARTESIAN_POINT('',(-4.760667316398,139.1,9.31045275608));
#10925 = DIRECTION('',(-0.,-1.,-0.));
#10926 = DIRECTION('',(1.,0.,-1.87E-15));
#10927 = ADVANCED_FACE('',(#10928),#10947,.F.);
#10928 = FACE_BOUND('',#10929,.T.);
#10929 = EDGE_LOOP('',(#10930,#10938,#10939,#10940));
#10930 = ORIENTED_EDGE('',*,*,#10931,.F.);
#10931 = EDGE_CURVE('',#6465,#10932,#10934,.T.);
#10932 = VERTEX_POINT('',#10933);
#10933 = CARTESIAN_POINT('',(1.835846979587,139.85,8.182576494584));
#10934 = LINE('',#10935,#10936);
#10935 = CARTESIAN_POINT('',(2.585846979587,139.1,8.182576494584));
#10936 = VECTOR('',#10937,1.);
#10937 = DIRECTION('',(-0.707106781187,0.707106781187,1.32E-15));
#10938 = ORIENTED_EDGE('',*,*,#6472,.T.);
#10939 = ORIENTED_EDGE('',*,*,#10931,.T.);
#10940 = ORIENTED_EDGE('',*,*,#10941,.F.);
#10941 = EDGE_CURVE('',#10932,#10932,#10942,.T.);
#10942 = CIRCLE('',#10943,0.2);
#10943 = AXIS2_PLACEMENT_3D('',#10944,#10945,#10946);
#10944 = CARTESIAN_POINT('',(1.635846979587,139.85,8.182576494584));
#10945 = DIRECTION('',(0.,-1.,0.));
#10946 = DIRECTION('',(1.,0.,-1.87E-15));
#10947 = CONICAL_SURFACE('',#10948,0.95,0.785398163397);
#10948 = AXIS2_PLACEMENT_3D('',#10949,#10950,#10951);
#10949 = CARTESIAN_POINT('',(1.635846979587,139.1,8.182576494584));
#10950 = DIRECTION('',(-0.,-1.,-0.));
#10951 = DIRECTION('',(1.,0.,-1.87E-15));
#10952 = ADVANCED_FACE('',(#10953),#10972,.F.);
#10953 = FACE_BOUND('',#10954,.T.);
#10954 = EDGE_LOOP('',(#10955,#10963,#10964,#10965));
#10955 = ORIENTED_EDGE('',*,*,#10956,.F.);
#10956 = EDGE_CURVE('',#6490,#10957,#10959,.T.);
#10957 = VERTEX_POINT('',#10958);
#10958 = CARTESIAN_POINT('',(-1.036820336811,139.85,10.593029250663));
#10959 = LINE('',#10960,#10961);
#10960 = CARTESIAN_POINT('',(-0.286820336811,139.1,10.593029250663));
#10961 = VECTOR('',#10962,1.);
#10962 = DIRECTION('',(-0.707106781187,0.707106781187,1.32E-15));
#10963 = ORIENTED_EDGE('',*,*,#6497,.T.);
#10964 = ORIENTED_EDGE('',*,*,#10956,.T.);
#10965 = ORIENTED_EDGE('',*,*,#10966,.F.);
#10966 = EDGE_CURVE('',#10957,#10957,#10967,.T.);
#10967 = CIRCLE('',#10968,0.2);
#10968 = AXIS2_PLACEMENT_3D('',#10969,#10970,#10971);
#10969 = CARTESIAN_POINT('',(-1.236820336811,139.85,10.593029250663));
#10970 = DIRECTION('',(0.,-1.,0.));
#10971 = DIRECTION('',(1.,0.,-1.87E-15));
#10972 = CONICAL_SURFACE('',#10973,0.95,0.785398163397);
#10973 = AXIS2_PLACEMENT_3D('',#10974,#10975,#10976);
#10974 = CARTESIAN_POINT('',(-1.236820336811,139.1,10.593029250663));
#10975 = DIRECTION('',(-0.,-1.,-0.));
#10976 = DIRECTION('',(1.,0.,-1.87E-15));
#10977 = ADVANCED_FACE('',(#10978),#10997,.F.);
#10978 = FACE_BOUND('',#10979,.T.);
#10979 = EDGE_LOOP('',(#10980,#10988,#10989,#10990));
#10980 = ORIENTED_EDGE('',*,*,#10981,.F.);
#10981 = EDGE_CURVE('',#6515,#10982,#10984,.T.);
#10982 = VERTEX_POINT('',#10983);
#10983 = CARTESIAN_POINT('',(0.72245275608,139.85,9.772667316398));
#10984 = LINE('',#10985,#10986);
#10985 = CARTESIAN_POINT('',(1.47245275608,139.1,9.772667316398));
#10986 = VECTOR('',#10987,1.);
#10987 = DIRECTION('',(-0.707106781187,0.707106781187,1.32E-15));
#10988 = ORIENTED_EDGE('',*,*,#6522,.T.);
#10989 = ORIENTED_EDGE('',*,*,#10981,.T.);
#10990 = ORIENTED_EDGE('',*,*,#10991,.F.);
#10991 = EDGE_CURVE('',#10982,#10982,#10992,.T.);
#10992 = CIRCLE('',#10993,0.2);
#10993 = AXIS2_PLACEMENT_3D('',#10994,#10995,#10996);
#10994 = CARTESIAN_POINT('',(0.52245275608,139.85,9.772667316398));
#10995 = DIRECTION('',(0.,-1.,0.));
#10996 = DIRECTION('',(1.,0.,-1.87E-15));
#10997 = CONICAL_SURFACE('',#10998,0.95,0.785398163397);
#10998 = AXIS2_PLACEMENT_3D('',#10999,#11000,#11001);
#10999 = CARTESIAN_POINT('',(0.52245275608,139.1,9.772667316398));
#11000 = DIRECTION('',(-0.,-1.,-0.));
#11001 = DIRECTION('',(1.,0.,-1.87E-15));
#11002 = ADVANCED_FACE('',(#11003),#11022,.F.);
#11003 = FACE_BOUND('',#11004,.T.);
#11004 = EDGE_LOOP('',(#11005,#11013,#11014,#11015));
#11005 = ORIENTED_EDGE('',*,*,#11006,.F.);
#11006 = EDGE_CURVE('',#6540,#11007,#11009,.T.);
#11007 = VERTEX_POINT('',#11008);
#11008 = CARTESIAN_POINT('',(-2.970576494582,139.85,10.423846979587));
#11009 = LINE('',#11010,#11011);
#11010 = CARTESIAN_POINT('',(-2.220576494582,139.1,10.423846979587));
#11011 = VECTOR('',#11012,1.);
#11012 = DIRECTION('',(-0.707106781187,0.707106781187,1.32E-15));
#11013 = ORIENTED_EDGE('',*,*,#6547,.T.);
#11014 = ORIENTED_EDGE('',*,*,#11006,.T.);
#11015 = ORIENTED_EDGE('',*,*,#11016,.F.);
#11016 = EDGE_CURVE('',#11007,#11007,#11017,.T.);
#11017 = CIRCLE('',#11018,0.2);
#11018 = AXIS2_PLACEMENT_3D('',#11019,#11020,#11021);
#11019 = CARTESIAN_POINT('',(-3.170576494582,139.85,10.423846979587));
#11020 = DIRECTION('',(0.,-1.,0.));
#11021 = DIRECTION('',(1.,0.,-1.87E-15));
#11022 = CONICAL_SURFACE('',#11023,0.95,0.785398163397);
#11023 = AXIS2_PLACEMENT_3D('',#11024,#11025,#11026);
#11024 = CARTESIAN_POINT('',(-3.170576494582,139.1,10.423846979587));
#11025 = DIRECTION('',(-0.,-1.,-0.));
#11026 = DIRECTION('',(1.,0.,-1.87E-15));
#11027 = ADVANCED_FACE('',(#11028,#11039),#11042,.T.);
#11028 = FACE_BOUND('',#11029,.T.);
#11029 = EDGE_LOOP('',(#11030));
#11030 = ORIENTED_EDGE('',*,*,#11031,.F.);
#11031 = EDGE_CURVE('',#11032,#11032,#11034,.T.);
#11032 = VERTEX_POINT('',#11033);
#11033 = CARTESIAN_POINT('',(-0.488,147.85,6.9));
#11034 = CIRCLE('',#11035,1.4);
#11035 = AXIS2_PLACEMENT_3D('',#11036,#11037,#11038);
#11036 = CARTESIAN_POINT('',(-1.888,147.85,6.9));
#11037 = DIRECTION('',(0.,-1.,0.));
#11038 = DIRECTION('',(1.,0.,0.));
#11039 = FACE_BOUND('',#11040,.T.);
#11040 = EDGE_LOOP('',(#11041));
#11041 = ORIENTED_EDGE('',*,*,#6572,.T.);
#11042 = PLANE('',#11043);
#11043 = AXIS2_PLACEMENT_3D('',#11044,#11045,#11046);
#11044 = CARTESIAN_POINT('',(-1.888,147.85,6.9));
#11045 = DIRECTION('',(0.,1.,0.));
#11046 = DIRECTION('',(0.,0.,1.));
#11047 = ADVANCED_FACE('',(#11048),#11076,.F.);
#11048 = FACE_BOUND('',#11049,.F.);
#11049 = EDGE_LOOP('',(#11050,#11059,#11060,#11069));
#11050 = ORIENTED_EDGE('',*,*,#11051,.F.);
#11051 = EDGE_CURVE('',#6947,#11052,#11054,.T.);
#11052 = VERTEX_POINT('',#11053);
#11053 = CARTESIAN_POINT('',(-3.888,76.,10.364101615138));
#11054 = CIRCLE('',#11055,1.);
#11055 = AXIS2_PLACEMENT_3D('',#11056,#11057,#11058);
#11056 = CARTESIAN_POINT('',(-3.888,77.,10.364101615138));
#11057 = DIRECTION('',(0.866025403784,1.1E-16,0.5));
#11058 = DIRECTION('',(-0.5,1.9E-16,0.866025403784));
#11059 = ORIENTED_EDGE('',*,*,#6954,.T.);
#11060 = ORIENTED_EDGE('',*,*,#11061,.T.);
#11061 = EDGE_CURVE('',#6938,#11062,#11064,.T.);
#11062 = VERTEX_POINT('',#11063);
#11063 = CARTESIAN_POINT('',(0.112,76.,10.364101615138));
#11064 = CIRCLE('',#11065,1.);
#11065 = AXIS2_PLACEMENT_3D('',#11066,#11067,#11068);
#11066 = CARTESIAN_POINT('',(0.112,77.,10.364101615138));
#11067 = DIRECTION('',(0.866025403784,0.,-0.5));
#11068 = DIRECTION('',(0.5,0.,0.866025403784));
#11069 = ORIENTED_EDGE('',*,*,#11070,.F.);
#11070 = EDGE_CURVE('',#11052,#11062,#11071,.T.);
#11071 = CIRCLE('',#11072,4.);
#11072 = AXIS2_PLACEMENT_3D('',#11073,#11074,#11075);
#11073 = CARTESIAN_POINT('',(-1.888,76.,6.9));
#11074 = DIRECTION('',(-0.,-1.,0.));
#11075 = DIRECTION('',(-0.5,0.,0.866025403784));
#11076 = TOROIDAL_SURFACE('',#11077,4.,1.);
#11077 = AXIS2_PLACEMENT_3D('',#11078,#11079,#11080);
#11078 = CARTESIAN_POINT('',(-1.888,77.,6.9));
#11079 = DIRECTION('',(-0.,-1.,-0.));
#11080 = DIRECTION('',(-0.5,0.,0.866025403784));
#11081 = ADVANCED_FACE('',(#11082),#11101,.F.);
#11082 = FACE_BOUND('',#11083,.T.);
#11083 = EDGE_LOOP('',(#11084,#11093,#11099,#11100));
#11084 = ORIENTED_EDGE('',*,*,#11085,.T.);
#11085 = EDGE_CURVE('',#6972,#11086,#11088,.T.);
#11086 = VERTEX_POINT('',#11087);
#11087 = CARTESIAN_POINT('',(-1.888,76.,11.518802153517));
#11088 = ELLIPSE('',#11089,1.154700538379,1.);
#11089 = AXIS2_PLACEMENT_3D('',#11090,#11091,#11092);
#11090 = CARTESIAN_POINT('',(-1.888,77.,11.518802153517));
#11091 = DIRECTION('',(1.,0.,3.8E-16));
#11092 = DIRECTION('',(3.8E-16,-2.2E-16,-1.));
#11093 = ORIENTED_EDGE('',*,*,#11094,.T.);
#11094 = EDGE_CURVE('',#11086,#11052,#11095,.T.);
#11095 = LINE('',#11096,#11097);
#11096 = CARTESIAN_POINT('',(-1.388,76.,11.807477288112));
#11097 = VECTOR('',#11098,1.);
#11098 = DIRECTION('',(-0.866025403784,-1.1E-16,-0.5));
#11099 = ORIENTED_EDGE('',*,*,#11051,.F.);
#11100 = ORIENTED_EDGE('',*,*,#6979,.F.);
#11101 = CYLINDRICAL_SURFACE('',#11102,1.);
#11102 = AXIS2_PLACEMENT_3D('',#11103,#11104,#11105);
#11103 = CARTESIAN_POINT('',(-1.388,77.,11.807477288112));
#11104 = DIRECTION('',(-0.866025403784,-1.1E-16,-0.5));
#11105 = DIRECTION('',(-0.5,1.9E-16,0.866025403784));
#11106 = ADVANCED_FACE('',(#11107),#11118,.F.);
#11107 = FACE_BOUND('',#11108,.T.);
#11108 = EDGE_LOOP('',(#11109,#11110,#11116,#11117));
#11109 = ORIENTED_EDGE('',*,*,#11061,.T.);
#11110 = ORIENTED_EDGE('',*,*,#11111,.T.);
#11111 = EDGE_CURVE('',#11062,#11086,#11112,.T.);
#11112 = LINE('',#11113,#11114);
#11113 = CARTESIAN_POINT('',(0.112,76.,10.364101615138));
#11114 = VECTOR('',#11115,1.);
#11115 = DIRECTION('',(-0.866025403784,1.1E-16,0.5));
#11116 = ORIENTED_EDGE('',*,*,#11085,.F.);
#11117 = ORIENTED_EDGE('',*,*,#6996,.F.);
#11118 = CYLINDRICAL_SURFACE('',#11119,1.);
#11119 = AXIS2_PLACEMENT_3D('',#11120,#11121,#11122);
#11120 = CARTESIAN_POINT('',(0.112,77.,10.364101615138));
#11121 = DIRECTION('',(-0.866025403784,1.1E-16,0.5));
#11122 = DIRECTION('',(0.5,1.9E-16,0.866025403784));
#11123 = ADVANCED_FACE('',(#11124),#11135,.T.);
#11124 = FACE_BOUND('',#11125,.T.);
#11125 = EDGE_LOOP('',(#11126,#11127,#11128,#11134));
#11126 = ORIENTED_EDGE('',*,*,#7034,.T.);
#11127 = ORIENTED_EDGE('',*,*,#7153,.F.);
#11128 = ORIENTED_EDGE('',*,*,#11129,.F.);
#11129 = EDGE_CURVE('',#7711,#7146,#11130,.T.);
#11130 = LINE('',#11131,#11132);
#11131 = CARTESIAN_POINT('',(27.132825,15.789775,4.9));
#11132 = VECTOR('',#11133,1.);
#11133 = DIRECTION('',(0.707106781187,-0.707106781187,0.));
#11134 = ORIENTED_EDGE('',*,*,#7710,.T.);
#11135 = PLANE('',#11136);
#11136 = AXIS2_PLACEMENT_3D('',#11137,#11138,#11139);
#11137 = CARTESIAN_POINT('',(42.4226,0.5,4.9));
#11138 = DIRECTION('',(-0.707106781187,-0.707106781187,0.));
#11139 = DIRECTION('',(0.,0.,-1.));
#11140 = ADVANCED_FACE('',(#11141),#11155,.F.);
#11141 = FACE_BOUND('',#11142,.F.);
#11142 = EDGE_LOOP('',(#11143,#11144,#11145,#11146,#11147,#11154));
#11143 = ORIENTED_EDGE('',*,*,#7081,.F.);
#11144 = ORIENTED_EDGE('',*,*,#7097,.T.);
#11145 = ORIENTED_EDGE('',*,*,#7273,.T.);
#11146 = ORIENTED_EDGE('',*,*,#7282,.T.);
#11147 = ORIENTED_EDGE('',*,*,#11148,.F.);
#11148 = EDGE_CURVE('',#8850,#7283,#11149,.T.);
#11149 = ELLIPSE('',#11150,1.922960680247,1.6);
#11150 = AXIS2_PLACEMENT_3D('',#11151,#11152,#11153);
#11151 = CARTESIAN_POINT('',(60.127,1.833333333333,3.2));
#11152 = DIRECTION('',(-0.,0.832050294338,0.554700196225));
#11153 = DIRECTION('',(0.,-0.554700196225,0.832050294338));
#11154 = ORIENTED_EDGE('',*,*,#8849,.F.);
#11155 = CYLINDRICAL_SURFACE('',#11156,1.6);
#11156 = AXIS2_PLACEMENT_3D('',#11157,#11158,#11159);
#11157 = CARTESIAN_POINT('',(60.127,9.2E-16,3.2));
#11158 = DIRECTION('',(0.,-1.,2.2E-16));
#11159 = DIRECTION('',(1.,0.,0.));
#11160 = ADVANCED_FACE('',(#11161),#11182,.F.);
#11161 = FACE_BOUND('',#11162,.F.);
#11162 = EDGE_LOOP('',(#11163,#11164,#11172,#11179,#11180,#11181));
#11163 = ORIENTED_EDGE('',*,*,#7128,.F.);
#11164 = ORIENTED_EDGE('',*,*,#11165,.T.);
#11165 = EDGE_CURVE('',#7129,#11166,#11168,.T.);
#11166 = VERTEX_POINT('',#11167);
#11167 = CARTESIAN_POINT('',(52.127,1.833333681915,3.199999477128));
#11168 = LINE('',#11169,#11170);
#11169 = CARTESIAN_POINT('',(52.127,9.2E-16,3.199999477128));
#11170 = VECTOR('',#11171,1.);
#11171 = DIRECTION('',(0.,1.,-2.2E-16));
#11172 = ORIENTED_EDGE('',*,*,#11173,.F.);
#11173 = EDGE_CURVE('',#7249,#11166,#11174,.T.);
#11174 = ELLIPSE('',#11175,1.922960680247,1.6);
#11175 = AXIS2_PLACEMENT_3D('',#11176,#11177,#11178);
#11176 = CARTESIAN_POINT('',(53.727,1.833333333333,3.2));
#11177 = DIRECTION('',(-0.,0.832050294338,0.554700196225));
#11178 = DIRECTION('',(0.,-0.554700196225,0.832050294338));
#11179 = ORIENTED_EDGE('',*,*,#7256,.T.);
#11180 = ORIENTED_EDGE('',*,*,#7265,.T.);
#11181 = ORIENTED_EDGE('',*,*,#7113,.F.);
#11182 = CYLINDRICAL_SURFACE('',#11183,1.6);
#11183 = AXIS2_PLACEMENT_3D('',#11184,#11185,#11186);
#11184 = CARTESIAN_POINT('',(53.727,9.2E-16,3.2));
#11185 = DIRECTION('',(0.,-1.,2.2E-16));
#11186 = DIRECTION('',(1.,0.,0.));
#11187 = ADVANCED_FACE('',(#11188),#11207,.T.);
#11188 = FACE_BOUND('',#11189,.T.);
#11189 = EDGE_LOOP('',(#11190,#11191,#11192,#11193,#11201));
#11190 = ORIENTED_EDGE('',*,*,#7718,.T.);
#11191 = ORIENTED_EDGE('',*,*,#11129,.T.);
#11192 = ORIENTED_EDGE('',*,*,#7145,.T.);
#11193 = ORIENTED_EDGE('',*,*,#11194,.T.);
#11194 = EDGE_CURVE('',#7138,#11195,#11197,.T.);
#11195 = VERTEX_POINT('',#11196);
#11196 = CARTESIAN_POINT('',(52.127,1.5,4.9));
#11197 = LINE('',#11198,#11199);
#11198 = CARTESIAN_POINT('',(52.127,1.3E-15,4.9));
#11199 = VECTOR('',#11200,1.);
#11200 = DIRECTION('',(0.,1.,-2.2E-16));
#11201 = ORIENTED_EDGE('',*,*,#11202,.F.);
#11202 = EDGE_CURVE('',#7719,#11195,#11203,.T.);
#11203 = LINE('',#11204,#11205);
#11204 = CARTESIAN_POINT('',(5.91,1.5,4.9));
#11205 = VECTOR('',#11206,1.);
#11206 = DIRECTION('',(1.,0.,0.));
#11207 = PLANE('',#11208);
#11208 = AXIS2_PLACEMENT_3D('',#11209,#11210,#11211);
#11209 = CARTESIAN_POINT('',(55.7635,75.,4.9));
#11210 = DIRECTION('',(0.,0.,1.));
#11211 = DIRECTION('',(1.,0.,0.));
#11212 = ADVANCED_FACE('',(#11213),#11232,.T.);
#11213 = FACE_BOUND('',#11214,.T.);
#11214 = EDGE_LOOP('',(#11215,#11216,#11217,#11225,#11231));
#11215 = ORIENTED_EDGE('',*,*,#7137,.F.);
#11216 = ORIENTED_EDGE('',*,*,#11165,.T.);
#11217 = ORIENTED_EDGE('',*,*,#11218,.F.);
#11218 = EDGE_CURVE('',#11219,#11166,#11221,.T.);
#11219 = VERTEX_POINT('',#11220);
#11220 = CARTESIAN_POINT('',(52.127,1.5,3.7));
#11221 = LINE('',#11222,#11223);
#11222 = CARTESIAN_POINT('',(52.127,1.68460283317,3.423095750245));
#11223 = VECTOR('',#11224,1.);
#11224 = DIRECTION('',(0.,0.554700196225,-0.832050294338));
#11225 = ORIENTED_EDGE('',*,*,#11226,.T.);
#11226 = EDGE_CURVE('',#11219,#11195,#11227,.T.);
#11227 = LINE('',#11228,#11229);
#11228 = CARTESIAN_POINT('',(52.127,1.5,4.049999738564));
#11229 = VECTOR('',#11230,1.);
#11230 = DIRECTION('',(0.,0.,1.));
#11231 = ORIENTED_EDGE('',*,*,#11194,.F.);
#11232 = PLANE('',#11233);
#11233 = AXIS2_PLACEMENT_3D('',#11234,#11235,#11236);
#11234 = CARTESIAN_POINT('',(52.127,9.2E-16,3.199999477128));
#11235 = DIRECTION('',(1.,0.,0.));
#11236 = DIRECTION('',(0.,2.2E-16,1.));
#11237 = ADVANCED_FACE('',(#11238),#11306,.T.);
#11238 = FACE_BOUND('',#11239,.T.);
#11239 = EDGE_LOOP('',(#11240,#11250,#11258,#11266,#11274,#11280,#11281,
    #11282,#11292,#11300));
#11240 = ORIENTED_EDGE('',*,*,#11241,.F.);
#11241 = EDGE_CURVE('',#11242,#11244,#11246,.T.);
#11242 = VERTEX_POINT('',#11243);
#11243 = CARTESIAN_POINT('',(52.127,3.9,2.8));
#11244 = VERTEX_POINT('',#11245);
#11245 = CARTESIAN_POINT('',(52.127,3.9,3.7));
#11246 = LINE('',#11247,#11248);
#11247 = CARTESIAN_POINT('',(52.127,3.9,2.525));
#11248 = VECTOR('',#11249,1.);
#11249 = DIRECTION('',(0.,0.,1.));
#11250 = ORIENTED_EDGE('',*,*,#11251,.F.);
#11251 = EDGE_CURVE('',#11252,#11242,#11254,.T.);
#11252 = VERTEX_POINT('',#11253);
#11253 = CARTESIAN_POINT('',(52.127,4.34999999117,2.350000155882));
#11254 = LINE('',#11255,#11256);
#11255 = CARTESIAN_POINT('',(52.127,5.04417704573,1.655823328166));
#11256 = VECTOR('',#11257,1.);
#11257 = DIRECTION('',(0.,-0.707106896721,0.707106665652));
#11258 = ORIENTED_EDGE('',*,*,#11259,.F.);
#11259 = EDGE_CURVE('',#11260,#11252,#11262,.T.);
#11260 = VERTEX_POINT('',#11261);
#11261 = CARTESIAN_POINT('',(52.127,3.9,1.9));
#11262 = LINE('',#11263,#11264);
#11263 = CARTESIAN_POINT('',(52.127,4.769176504179,2.76917682232));
#11264 = VECTOR('',#11265,1.);
#11265 = DIRECTION('',(0.,0.707106651777,0.707106910596));
#11266 = ORIENTED_EDGE('',*,*,#11267,.F.);
#11267 = EDGE_CURVE('',#11268,#11260,#11270,.T.);
#11268 = VERTEX_POINT('',#11269);
#11269 = CARTESIAN_POINT('',(52.127,2.7,1.9));
#11270 = LINE('',#11271,#11272);
#11271 = CARTESIAN_POINT('',(52.127,5.163353585,1.9));
#11272 = VECTOR('',#11273,1.);
#11273 = DIRECTION('',(0.,1.,0.));
#11274 = ORIENTED_EDGE('',*,*,#11275,.F.);
#11275 = EDGE_CURVE('',#7241,#11268,#11276,.T.);
#11276 = LINE('',#11277,#11278);
#11277 = CARTESIAN_POINT('',(52.127,3.088711507892,1.316932738162));
#11278 = VECTOR('',#11279,1.);
#11279 = DIRECTION('',(0.,0.554700196225,-0.832050294338));
#11280 = ORIENTED_EDGE('',*,*,#7240,.F.);
#11281 = ORIENTED_EDGE('',*,*,#7167,.F.);
#11282 = ORIENTED_EDGE('',*,*,#11283,.T.);
#11283 = EDGE_CURVE('',#7168,#11284,#11286,.T.);
#11284 = VERTEX_POINT('',#11285);
#11285 = CARTESIAN_POINT('',(52.127,7.02670717,2.53670717));
#11286 = B_SPLINE_CURVE_WITH_KNOTS('',4,(#11287,#11288,#11289,#11290,
    #11291),.UNSPECIFIED.,.F.,.F.,(5,5),(0.,1.),
  .PIECEWISE_BEZIER_KNOTS.);
#11287 = CARTESIAN_POINT('',(52.127,6.29,1.8));
#11288 = CARTESIAN_POINT('',(52.127,6.474352654901,1.984352654901));
#11289 = CARTESIAN_POINT('',(52.127,6.658589342097,2.168589342097));
#11290 = CARTESIAN_POINT('',(52.127,6.842708157728,2.352708157728));
#11291 = CARTESIAN_POINT('',(52.127,7.02670717,2.53670717));
#11292 = ORIENTED_EDGE('',*,*,#11293,.T.);
#11293 = EDGE_CURVE('',#11284,#11294,#11296,.T.);
#11294 = VERTEX_POINT('',#11295);
#11295 = CARTESIAN_POINT('',(52.127,7.02670717,3.7));
#11296 = LINE('',#11297,#11298);
#11297 = CARTESIAN_POINT('',(52.127,7.02670717,4.049999738564));
#11298 = VECTOR('',#11299,1.);
#11299 = DIRECTION('',(0.,0.,1.));
#11300 = ORIENTED_EDGE('',*,*,#11301,.F.);
#11301 = EDGE_CURVE('',#11244,#11294,#11302,.T.);
#11302 = LINE('',#11303,#11304);
#11303 = CARTESIAN_POINT('',(52.127,20.786022310006,3.7));
#11304 = VECTOR('',#11305,1.);
#11305 = DIRECTION('',(0.,1.,0.));
#11306 = PLANE('',#11307);
#11307 = AXIS2_PLACEMENT_3D('',#11308,#11309,#11310);
#11308 = CARTESIAN_POINT('',(52.127,4.414854125049,2.5207416983));
#11309 = DIRECTION('',(1.,-2.71E-15,-4.262E-14));
#11310 = DIRECTION('',(4.262E-14,0.,1.));
#11311 = ADVANCED_FACE('',(#11312),#11351,.F.);
#11312 = FACE_BOUND('',#11313,.F.);
#11313 = EDGE_LOOP('',(#11314,#11323,#11334,#11335,#11336,#11343));
#11314 = ORIENTED_EDGE('',*,*,#11315,.T.);
#11315 = EDGE_CURVE('',#11316,#11318,#11320,.T.);
#11316 = VERTEX_POINT('',#11317);
#11317 = CARTESIAN_POINT('',(47.06884384,8.19,3.7));
#11318 = VERTEX_POINT('',#11319);
#11319 = CARTESIAN_POINT('',(45.602944094908,8.19,3.7));
#11320 = B_SPLINE_CURVE_WITH_KNOTS('',1,(#11321,#11322),.UNSPECIFIED.,
  .F.,.F.,(2,2),(0.,1.),.PIECEWISE_BEZIER_KNOTS.);
#11321 = CARTESIAN_POINT('',(81.168542354323,8.19,3.7));
#11322 = CARTESIAN_POINT('',(28.76184705523,8.19,3.7));
#11323 = ORIENTED_EDGE('',*,*,#11324,.F.);
#11324 = EDGE_CURVE('',#7217,#11318,#11325,.T.);
#11325 = B_SPLINE_CURVE_WITH_KNOTS('',4,(#11326,#11327,#11328,#11329,
    #11330,#11331,#11332,#11333),.UNSPECIFIED.,.F.,.F.,(5,3,5),(0.,
    0.496945250223,1.),.UNSPECIFIED.);
#11326 = CARTESIAN_POINT('',(46.867341184306,6.,1.51));
#11327 = CARTESIAN_POINT('',(46.708150625438,6.275726136074,
    1.785726136074));
#11328 = CARTESIAN_POINT('',(46.549412590694,6.550668477371,
    2.060668477371));
#11329 = CARTESIAN_POINT('',(46.391132882133,6.824816974434,
    2.334816974434));
#11330 = CARTESIAN_POINT('',(46.073561360712,7.374866984627,
    2.884866984627));
#11331 = CARTESIAN_POINT('',(45.914281024281,7.650748619999,
    3.160748619999));
#11332 = CARTESIAN_POINT('',(45.75548216154,7.925796318479,
    3.435796318479));
#11333 = CARTESIAN_POINT('',(45.597170592217,8.2,3.71));
#11334 = ORIENTED_EDGE('',*,*,#7224,.F.);
#11335 = ORIENTED_EDGE('',*,*,#11283,.T.);
#11336 = ORIENTED_EDGE('',*,*,#11337,.T.);
#11337 = EDGE_CURVE('',#11284,#11338,#11340,.T.);
#11338 = VERTEX_POINT('',#11339);
#11339 = CARTESIAN_POINT('',(47.06884384,7.02670717,2.53670717));
#11340 = B_SPLINE_CURVE_WITH_KNOTS('',1,(#11341,#11342),.UNSPECIFIED.,
  .F.,.F.,(2,2),(0.,1.),.PIECEWISE_BEZIER_KNOTS.);
#11341 = CARTESIAN_POINT('',(52.127,7.02670717,2.53670717));
#11342 = CARTESIAN_POINT('',(47.06884384,7.02670717,2.53670717));
#11343 = ORIENTED_EDGE('',*,*,#11344,.T.);
#11344 = EDGE_CURVE('',#11338,#11316,#11345,.T.);
#11345 = B_SPLINE_CURVE_WITH_KNOTS('',4,(#11346,#11347,#11348,#11349,
    #11350),.UNSPECIFIED.,.F.,.F.,(5,5),(0.,1.),
  .PIECEWISE_BEZIER_KNOTS.);
#11346 = CARTESIAN_POINT('',(47.06884384,7.02670717,2.53670717));
#11347 = CARTESIAN_POINT('',(47.06884384,7.318074732015,2.828074732015)
  );
#11348 = CARTESIAN_POINT('',(47.06884384,7.609085309172,3.119085309172)
  );
#11349 = CARTESIAN_POINT('',(47.06884384,7.899730116908,3.409730116908)
  );
#11350 = CARTESIAN_POINT('',(47.06884384,8.19,3.7));
#11351 = B_SPLINE_SURFACE_WITH_KNOTS('',1,1,(
    (#11352,#11353)
    ,(#11354,#11355
    )),.UNSPECIFIED.,.F.,.F.,.F.,(2,2),(2,2),(0.,92.3),(0.,1.),
  .PIECEWISE_BEZIER_KNOTS.);
#11352 = CARTESIAN_POINT('',(8.227,6.,1.51));
#11353 = CARTESIAN_POINT('',(11.627,9.4,4.91));
#11354 = CARTESIAN_POINT('',(100.527,6.,1.51));
#11355 = CARTESIAN_POINT('',(100.52700032116,9.4,4.91));
#11356 = ADVANCED_FACE('',(#11357),#11375,.F.);
#11357 = FACE_BOUND('',#11358,.F.);
#11358 = EDGE_LOOP('',(#11359,#11367,#11373,#11374));
#11359 = ORIENTED_EDGE('',*,*,#11360,.F.);
#11360 = EDGE_CURVE('',#11361,#11318,#11363,.T.);
#11361 = VERTEX_POINT('',#11362);
#11362 = CARTESIAN_POINT('',(46.867341184306,6.,3.7));
#11363 = LINE('',#11364,#11365);
#11364 = CARTESIAN_POINT('',(43.177997457293,12.390130782417,3.7));
#11365 = VECTOR('',#11366,1.);
#11366 = DIRECTION('',(-0.499999999962,0.866025403806,0.));
#11367 = ORIENTED_EDGE('',*,*,#11368,.T.);
#11368 = EDGE_CURVE('',#11361,#7209,#11369,.T.);
#11369 = LINE('',#11370,#11371);
#11370 = CARTESIAN_POINT('',(46.867341184306,6.,4.91));
#11371 = VECTOR('',#11372,1.);
#11372 = DIRECTION('',(-0.,-0.,-1.));
#11373 = ORIENTED_EDGE('',*,*,#7216,.F.);
#11374 = ORIENTED_EDGE('',*,*,#11324,.T.);
#11375 = PLANE('',#11376);
#11376 = AXIS2_PLACEMENT_3D('',#11377,#11378,#11379);
#11377 = CARTESIAN_POINT('',(46.867341184306,6.,4.91));
#11378 = DIRECTION('',(0.866025403806,0.499999999962,0.));
#11379 = DIRECTION('',(-0.499999999962,0.866025403806,0.));
#11380 = ADVANCED_FACE('',(#11381),#11399,.F.);
#11381 = FACE_BOUND('',#11382,.F.);
#11382 = EDGE_LOOP('',(#11383,#11391,#11397,#11398));
#11383 = ORIENTED_EDGE('',*,*,#11384,.F.);
#11384 = EDGE_CURVE('',#11385,#11361,#11387,.T.);
#11385 = VERTEX_POINT('',#11386);
#11386 = CARTESIAN_POINT('',(44.127,6.,3.7));
#11387 = LINE('',#11388,#11389);
#11388 = CARTESIAN_POINT('',(61.546089990456,6.,3.7));
#11389 = VECTOR('',#11390,1.);
#11390 = DIRECTION('',(1.,0.,-0.));
#11391 = ORIENTED_EDGE('',*,*,#11392,.T.);
#11392 = EDGE_CURVE('',#11385,#7201,#11393,.T.);
#11393 = LINE('',#11394,#11395);
#11394 = CARTESIAN_POINT('',(44.127,6.,4.91));
#11395 = VECTOR('',#11396,1.);
#11396 = DIRECTION('',(-0.,-0.,-1.));
#11397 = ORIENTED_EDGE('',*,*,#7208,.F.);
#11398 = ORIENTED_EDGE('',*,*,#11368,.F.);
#11399 = PLANE('',#11400);
#11400 = AXIS2_PLACEMENT_3D('',#11401,#11402,#11403);
#11401 = CARTESIAN_POINT('',(44.127,6.,4.91));
#11402 = DIRECTION('',(0.,-1.,0.));
#11403 = DIRECTION('',(1.,0.,0.));
#11404 = ADVANCED_FACE('',(#11405),#11425,.F.);
#11405 = FACE_BOUND('',#11406,.F.);
#11406 = EDGE_LOOP('',(#11407,#11408,#11416,#11424));
#11407 = ORIENTED_EDGE('',*,*,#11392,.F.);
#11408 = ORIENTED_EDGE('',*,*,#11409,.F.);
#11409 = EDGE_CURVE('',#11410,#11385,#11412,.T.);
#11410 = VERTEX_POINT('',#11411);
#11411 = CARTESIAN_POINT('',(45.391397089525,8.19,3.7));
#11412 = LINE('',#11413,#11414);
#11413 = CARTESIAN_POINT('',(56.818431370094,27.982203953776,3.7));
#11414 = VECTOR('',#11415,1.);
#11415 = DIRECTION('',(-0.5,-0.866025403784,0.));
#11416 = ORIENTED_EDGE('',*,*,#11417,.F.);
#11417 = EDGE_CURVE('',#7194,#11410,#11418,.T.);
#11418 = B_SPLINE_CURVE_WITH_KNOTS('',4,(#11419,#11420,#11421,#11422,
    #11423),.UNSPECIFIED.,.F.,.F.,(5,5),(0.,1.),
  .PIECEWISE_BEZIER_KNOTS.);
#11419 = CARTESIAN_POINT('',(44.127,6.,1.51));
#11420 = CARTESIAN_POINT('',(44.444546344977,6.550006403257,
    2.060006403257));
#11421 = CARTESIAN_POINT('',(44.762090322704,7.100008706318,
    2.610008706318));
#11422 = CARTESIAN_POINT('',(45.079631792605,7.650006665697,
    3.160006665697));
#11423 = CARTESIAN_POINT('',(45.397170592217,8.2,3.71));
#11424 = ORIENTED_EDGE('',*,*,#7200,.F.);
#11425 = PLANE('',#11426);
#11426 = AXIS2_PLACEMENT_3D('',#11427,#11428,#11429);
#11427 = CARTESIAN_POINT('',(45.397170592217,8.2,4.91));
#11428 = DIRECTION('',(-0.866025403784,0.5,0.));
#11429 = DIRECTION('',(-0.5,-0.866025403784,0.));
#11430 = ADVANCED_FACE('',(#11431),#11458,.F.);
#11431 = FACE_BOUND('',#11432,.F.);
#11432 = EDGE_LOOP('',(#11433,#11434,#11435,#11442,#11452,#11457));
#11433 = ORIENTED_EDGE('',*,*,#7193,.F.);
#11434 = ORIENTED_EDGE('',*,*,#11417,.T.);
#11435 = ORIENTED_EDGE('',*,*,#11436,.T.);
#11436 = EDGE_CURVE('',#11410,#11437,#11439,.T.);
#11437 = VERTEX_POINT('',#11438);
#11438 = CARTESIAN_POINT('',(44.9226,8.19,3.7));
#11439 = B_SPLINE_CURVE_WITH_KNOTS('',1,(#11440,#11441),.UNSPECIFIED.,
  .F.,.F.,(2,2),(0.,1.),.PIECEWISE_BEZIER_KNOTS.);
#11440 = CARTESIAN_POINT('',(81.168542354323,8.19,3.7));
#11441 = CARTESIAN_POINT('',(28.76184705523,8.19,3.7));
#11442 = ORIENTED_EDGE('',*,*,#11443,.F.);
#11443 = EDGE_CURVE('',#11444,#11437,#11446,.T.);
#11444 = VERTEX_POINT('',#11445);
#11445 = CARTESIAN_POINT('',(44.9226,8.0977,3.6077));
#11446 = B_SPLINE_CURVE_WITH_KNOTS('',4,(#11447,#11448,#11449,#11450,
    #11451),.UNSPECIFIED.,.F.,.F.,(5,5),(0.,1.),
  .PIECEWISE_BEZIER_KNOTS.);
#11447 = CARTESIAN_POINT('',(44.9226,8.0977,3.6077));
#11448 = CARTESIAN_POINT('',(44.9226,8.120778788037,3.630778788037));
#11449 = CARTESIAN_POINT('',(44.9226,8.143855057863,3.653855057863));
#11450 = CARTESIAN_POINT('',(44.9226,8.166928791736,3.676928791736));
#11451 = CARTESIAN_POINT('',(44.9226,8.19,3.7));
#11452 = ORIENTED_EDGE('',*,*,#11453,.T.);
#11453 = EDGE_CURVE('',#11444,#7783,#11454,.T.);
#11454 = B_SPLINE_CURVE_WITH_KNOTS('',1,(#11455,#11456),.UNSPECIFIED.,
  .F.,.F.,(2,2),(0.,1.),.PIECEWISE_BEZIER_KNOTS.);
#11455 = CARTESIAN_POINT('',(44.9226,8.0977,3.6077));
#11456 = CARTESIAN_POINT('',(41.9226,8.0977,3.6077));
#11457 = ORIENTED_EDGE('',*,*,#7790,.F.);
#11458 = B_SPLINE_SURFACE_WITH_KNOTS('',1,1,(
    (#11459,#11460)
    ,(#11461,#11462
    )),.UNSPECIFIED.,.F.,.F.,.F.,(2,2),(2,2),(0.,92.3),(0.,1.),
  .PIECEWISE_BEZIER_KNOTS.);
#11459 = CARTESIAN_POINT('',(8.227,6.,1.51));
#11460 = CARTESIAN_POINT('',(11.627,9.4,4.91));
#11461 = CARTESIAN_POINT('',(100.527,6.,1.51));
#11462 = CARTESIAN_POINT('',(100.52700032116,9.4,4.91));
#11463 = ADVANCED_FACE('',(#11464),#11483,.T.);
#11464 = FACE_BOUND('',#11465,.T.);
#11465 = EDGE_LOOP('',(#11466,#11467,#11468,#11469,#11475,#11476,#11482)
  );
#11466 = ORIENTED_EDGE('',*,*,#11173,.F.);
#11467 = ORIENTED_EDGE('',*,*,#7248,.T.);
#11468 = ORIENTED_EDGE('',*,*,#11275,.T.);
#11469 = ORIENTED_EDGE('',*,*,#11470,.T.);
#11470 = EDGE_CURVE('',#11268,#7735,#11471,.T.);
#11471 = LINE('',#11472,#11473);
#11472 = CARTESIAN_POINT('',(67.027,2.7,1.9));
#11473 = VECTOR('',#11474,1.);
#11474 = DIRECTION('',(-1.,-0.,-0.));
#11475 = ORIENTED_EDGE('',*,*,#7734,.F.);
#11476 = ORIENTED_EDGE('',*,*,#11477,.T.);
#11477 = EDGE_CURVE('',#7727,#11219,#11478,.T.);
#11478 = LINE('',#11479,#11480);
#11479 = CARTESIAN_POINT('',(5.91,1.5,3.7));
#11480 = VECTOR('',#11481,1.);
#11481 = DIRECTION('',(1.,0.,0.));
#11482 = ORIENTED_EDGE('',*,*,#11218,.T.);
#11483 = PLANE('',#11484);
#11484 = AXIS2_PLACEMENT_3D('',#11485,#11486,#11487);
#11485 = CARTESIAN_POINT('',(47.125463699682,2.099974655784,
    2.800038016325));
#11486 = DIRECTION('',(0.,0.832050294338,0.554700196225));
#11487 = DIRECTION('',(0.,-0.554700196225,0.832050294338));
#11488 = ADVANCED_FACE('',(#11489),#11517,.T.);
#11489 = FACE_BOUND('',#11490,.T.);
#11490 = EDGE_LOOP('',(#11491,#11499,#11507,#11513,#11514,#11515,#11516)
  );
#11491 = ORIENTED_EDGE('',*,*,#11492,.F.);
#11492 = EDGE_CURVE('',#11493,#8883,#11495,.T.);
#11493 = VERTEX_POINT('',#11494);
#11494 = CARTESIAN_POINT('',(67.027,2.7,1.9));
#11495 = LINE('',#11496,#11497);
#11496 = CARTESIAN_POINT('',(67.027,2.7,1.9));
#11497 = VECTOR('',#11498,1.);
#11498 = DIRECTION('',(0.,-0.554700196225,0.832050294338));
#11499 = ORIENTED_EDGE('',*,*,#11500,.T.);
#11500 = EDGE_CURVE('',#11493,#11501,#11503,.T.);
#11501 = VERTEX_POINT('',#11502);
#11502 = CARTESIAN_POINT('',(61.727,2.7,1.9));
#11503 = LINE('',#11504,#11505);
#11504 = CARTESIAN_POINT('',(67.027,2.7,1.9));
#11505 = VECTOR('',#11506,1.);
#11506 = DIRECTION('',(-1.,-0.,-0.));
#11507 = ORIENTED_EDGE('',*,*,#11508,.F.);
#11508 = EDGE_CURVE('',#7292,#11501,#11509,.T.);
#11509 = LINE('',#11510,#11511);
#11510 = CARTESIAN_POINT('',(61.727,3.853846153846,0.169230769231));
#11511 = VECTOR('',#11512,1.);
#11512 = DIRECTION('',(0.,0.554700196225,-0.832050294338));
#11513 = ORIENTED_EDGE('',*,*,#7291,.F.);
#11514 = ORIENTED_EDGE('',*,*,#11148,.F.);
#11515 = ORIENTED_EDGE('',*,*,#8857,.F.);
#11516 = ORIENTED_EDGE('',*,*,#8882,.T.);
#11517 = PLANE('',#11518);
#11518 = AXIS2_PLACEMENT_3D('',#11519,#11520,#11521);
#11519 = CARTESIAN_POINT('',(67.027,2.7,1.9));
#11520 = DIRECTION('',(0.,0.832050294338,0.554700196225));
#11521 = DIRECTION('',(0.,-0.554700196225,0.832050294338));
#11522 = ADVANCED_FACE('',(#11523),#11576,.T.);
#11523 = FACE_BOUND('',#11524,.T.);
#11524 = EDGE_LOOP('',(#11525,#11535,#11543,#11551,#11559,#11560,#11561,
    #11562,#11570));
#11525 = ORIENTED_EDGE('',*,*,#11526,.T.);
#11526 = EDGE_CURVE('',#11527,#11529,#11531,.T.);
#11527 = VERTEX_POINT('',#11528);
#11528 = CARTESIAN_POINT('',(61.727,4.34999999117,2.350000155882));
#11529 = VERTEX_POINT('',#11530);
#11530 = CARTESIAN_POINT('',(61.727,3.9,2.8));
#11531 = LINE('',#11532,#11533);
#11532 = CARTESIAN_POINT('',(61.727,5.687500502427,1.012500081696));
#11533 = VECTOR('',#11534,1.);
#11534 = DIRECTION('',(0.,-0.707106896721,0.707106665652));
#11535 = ORIENTED_EDGE('',*,*,#11536,.T.);
#11536 = EDGE_CURVE('',#11529,#11537,#11539,.T.);
#11537 = VERTEX_POINT('',#11538);
#11538 = CARTESIAN_POINT('',(61.727,3.9,3.7));
#11539 = LINE('',#11540,#11541);
#11540 = CARTESIAN_POINT('',(61.727,3.9,3.449999738564));
#11541 = VECTOR('',#11542,1.);
#11542 = DIRECTION('',(0.,0.,1.));
#11543 = ORIENTED_EDGE('',*,*,#11544,.T.);
#11544 = EDGE_CURVE('',#11537,#11545,#11547,.T.);
#11545 = VERTEX_POINT('',#11546);
#11546 = CARTESIAN_POINT('',(61.727,8.19,3.7));
#11547 = LINE('',#11548,#11549);
#11548 = CARTESIAN_POINT('',(61.727,25.811022310006,3.7));
#11549 = VECTOR('',#11550,1.);
#11550 = DIRECTION('',(0.,1.,0.));
#11551 = ORIENTED_EDGE('',*,*,#11552,.F.);
#11552 = EDGE_CURVE('',#8222,#11545,#11553,.T.);
#11553 = B_SPLINE_CURVE_WITH_KNOTS('',4,(#11554,#11555,#11556,#11557,
    #11558),.UNSPECIFIED.,.F.,.F.,(5,5),(0.,1.),
  .PIECEWISE_BEZIER_KNOTS.);
#11554 = CARTESIAN_POINT('',(61.727,6.29,1.8));
#11555 = CARTESIAN_POINT('',(61.727,6.765801397479,2.275801397479));
#11556 = CARTESIAN_POINT('',(61.727,7.241084524777,2.751084524777));
#11557 = CARTESIAN_POINT('',(61.727,7.715825974172,3.225825974172));
#11558 = CARTESIAN_POINT('',(61.727,8.19,3.7));
#11559 = ORIENTED_EDGE('',*,*,#8221,.T.);
#11560 = ORIENTED_EDGE('',*,*,#7299,.T.);
#11561 = ORIENTED_EDGE('',*,*,#11508,.T.);
#11562 = ORIENTED_EDGE('',*,*,#11563,.T.);
#11563 = EDGE_CURVE('',#11501,#11564,#11566,.T.);
#11564 = VERTEX_POINT('',#11565);
#11565 = CARTESIAN_POINT('',(61.727,3.9,1.9));
#11566 = LINE('',#11567,#11568);
#11567 = CARTESIAN_POINT('',(61.727,6.975,1.9));
#11568 = VECTOR('',#11569,1.);
#11569 = DIRECTION('',(0.,1.,0.));
#11570 = ORIENTED_EDGE('',*,*,#11571,.T.);
#11571 = EDGE_CURVE('',#11564,#11527,#11572,.T.);
#11572 = LINE('',#11573,#11574);
#11573 = CARTESIAN_POINT('',(61.727,5.637499432821,3.63750006879));
#11574 = VECTOR('',#11575,1.);
#11575 = DIRECTION('',(0.,0.707106651777,0.707106910596));
#11576 = PLANE('',#11577);
#11577 = AXIS2_PLACEMENT_3D('',#11578,#11579,#11580);
#11578 = CARTESIAN_POINT('',(61.727,5.78959450668,2.582862655966));
#11579 = DIRECTION('',(-1.,9.4E-16,-2.181E-14));
#11580 = DIRECTION('',(2.181E-14,0.,-1.));
#11581 = ADVANCED_FACE('',(#11582),#11589,.F.);
#11582 = FACE_BOUND('',#11583,.F.);
#11583 = EDGE_LOOP('',(#11584,#11585,#11586,#11587,#11588));
#11584 = ORIENTED_EDGE('',*,*,#10611,.F.);
#11585 = ORIENTED_EDGE('',*,*,#7477,.F.);
#11586 = ORIENTED_EDGE('',*,*,#10452,.T.);
#11587 = ORIENTED_EDGE('',*,*,#10663,.F.);
#11588 = ORIENTED_EDGE('',*,*,#10648,.T.);
#11589 = B_SPLINE_SURFACE_WITH_KNOTS('',1,1,(
    (#11590,#11591)
    ,(#11592,#11593
    )),.UNSPECIFIED.,.F.,.F.,.F.,(2,2),(2,2),(0.,138.),(0.,1.),
  .PIECEWISE_BEZIER_KNOTS.);
#11590 = CARTESIAN_POINT('',(8.227,144.,1.51));
#11591 = CARTESIAN_POINT('',(11.627,140.6,4.91));
#11592 = CARTESIAN_POINT('',(8.227,6.,1.51));
#11593 = CARTESIAN_POINT('',(11.627,9.4,4.91));
#11594 = ADVANCED_FACE('',(#11595),#11617,.T.);
#11595 = FACE_BOUND('',#11596,.T.);
#11596 = EDGE_LOOP('',(#11597,#11598,#11599,#11600));
#11597 = ORIENTED_EDGE('',*,*,#10521,.F.);
#11598 = ORIENTED_EDGE('',*,*,#10587,.T.);
#11599 = ORIENTED_EDGE('',*,*,#7453,.F.);
#11600 = ORIENTED_EDGE('',*,*,#11601,.T.);
#11601 = EDGE_CURVE('',#7447,#10522,#11602,.T.);
#11602 = B_SPLINE_CURVE_WITH_KNOTS('',4,(#11603,#11604,#11605,#11606,
    #11607,#11608,#11609,#11610,#11611,#11612,#11613,#11614,#11615,
    #11616),.UNSPECIFIED.,.F.,.F.,(5,3,3,3,5),(0.,0.247378248616,
    0.496431177269,0.747254967503,1.),.UNSPECIFIED.);
#11603 = CARTESIAN_POINT('',(8.227,72.,1.51));
#11604 = CARTESIAN_POINT('',(8.44018556998,71.78681443002,1.72318556998)
  );
#11605 = CARTESIAN_POINT('',(8.652913094443,71.574086905557,
    1.935913094443));
#11606 = CARTESIAN_POINT('',(8.865174324376,71.361825675624,
    2.148174324376));
#11607 = CARTESIAN_POINT('',(9.290181190163,70.936818809837,
    2.573181190163));
#11608 = CARTESIAN_POINT('',(9.502920378301,70.724079621699,
    2.785920378301));
#11609 = CARTESIAN_POINT('',(9.715169913234,70.511830086766,
    2.998169913234));
#11610 = CARTESIAN_POINT('',(10.140178019271,70.086821980729,
    3.423178019271));
#11611 = CARTESIAN_POINT('',(10.35292947985,69.87407052015,3.63592947985
    ));
#11612 = CARTESIAN_POINT('',(10.565166700971,69.661833299029,
    3.848166700971));
#11613 = CARTESIAN_POINT('',(10.99021650852,69.23678349148,4.27321650852
    ));
#11614 = CARTESIAN_POINT('',(11.203021050809,69.023978949191,
    4.486021050809));
#11615 = CARTESIAN_POINT('',(11.415285274599,68.811714725401,
    4.698285274599));
#11616 = CARTESIAN_POINT('',(11.627,68.6,4.91));
#11617 = PLANE('',#11618);
#11618 = AXIS2_PLACEMENT_3D('',#11619,#11620,#11621);
#11619 = CARTESIAN_POINT('',(8.227,72.,4.91));
#11620 = DIRECTION('',(-0.707106781187,-0.707106781187,0.));
#11621 = DIRECTION('',(0.707106781187,-0.707106781187,0.));
#11622 = ADVANCED_FACE('',(#11623),#11645,.F.);
#11623 = FACE_BOUND('',#11624,.F.);
#11624 = EDGE_LOOP('',(#11625,#11642,#11643,#11644));
#11625 = ORIENTED_EDGE('',*,*,#11626,.F.);
#11626 = EDGE_CURVE('',#7439,#10530,#11627,.T.);
#11627 = B_SPLINE_CURVE_WITH_KNOTS('',4,(#11628,#11629,#11630,#11631,
    #11632,#11633,#11634,#11635,#11636,#11637,#11638,#11639,#11640,
    #11641),.UNSPECIFIED.,.F.,.F.,(5,3,3,3,5),(0.,0.24715958465,
    0.496134844149,0.747028938949,1.),.UNSPECIFIED.);
#11628 = CARTESIAN_POINT('',(8.227,82.2,1.51));
#11629 = CARTESIAN_POINT('',(8.44024519545,82.41324519545,1.72324519545)
  );
#11630 = CARTESIAN_POINT('',(8.652992646364,82.625992646364,
    1.935992646364));
#11631 = CARTESIAN_POINT('',(8.865233938402,82.838233938402,
    2.148233938402));
#11632 = CARTESIAN_POINT('',(9.290242612519,83.263242612519,
    2.573242612519));
#11633 = CARTESIAN_POINT('',(9.50300240641,83.47600240641,2.78600240641)
  );
#11634 = CARTESIAN_POINT('',(9.715231293676,83.688231293676,
    2.998231293676));
#11635 = CARTESIAN_POINT('',(10.140241284025,84.113241284025,
    3.423241284025));
#11636 = CARTESIAN_POINT('',(10.353014038318,84.326014038318,
    3.636014038318));
#11637 = CARTESIAN_POINT('',(10.565229888088,84.538229888088,
    3.848229888088));
#11638 = CARTESIAN_POINT('',(10.990281974184,84.963281974184,
    4.273281974184));
#11639 = CARTESIAN_POINT('',(11.203108804345,85.176108804345,
    4.486108804345));
#11640 = CARTESIAN_POINT('',(11.415351201572,85.388351201572,
    4.698351201572));
#11641 = CARTESIAN_POINT('',(11.627,85.6,4.91));
#11642 = ORIENTED_EDGE('',*,*,#7446,.F.);
#11643 = ORIENTED_EDGE('',*,*,#11601,.T.);
#11644 = ORIENTED_EDGE('',*,*,#10529,.T.);
#11645 = B_SPLINE_SURFACE_WITH_KNOTS('',1,1,(
    (#11646,#11647)
    ,(#11648,#11649
    )),.UNSPECIFIED.,.F.,.F.,.F.,(2,2),(2,2),(0.,138.),(0.,1.),
  .PIECEWISE_BEZIER_KNOTS.);
#11646 = CARTESIAN_POINT('',(8.227,144.,1.51));
#11647 = CARTESIAN_POINT('',(11.627,140.6,4.91));
#11648 = CARTESIAN_POINT('',(8.227,6.,1.51));
#11649 = CARTESIAN_POINT('',(11.627,9.4,4.91));
#11650 = ADVANCED_FACE('',(#11651),#11662,.F.);
#11651 = FACE_BOUND('',#11652,.F.);
#11652 = EDGE_LOOP('',(#11653,#11654,#11660,#11661));
#11653 = ORIENTED_EDGE('',*,*,#10536,.F.);
#11654 = ORIENTED_EDGE('',*,*,#11655,.T.);
#11655 = EDGE_CURVE('',#10537,#7431,#11656,.T.);
#11656 = LINE('',#11657,#11658);
#11657 = CARTESIAN_POINT('',(8.227,82.2,4.91));
#11658 = VECTOR('',#11659,1.);
#11659 = DIRECTION('',(-0.,-0.,-1.));
#11660 = ORIENTED_EDGE('',*,*,#7438,.F.);
#11661 = ORIENTED_EDGE('',*,*,#11626,.T.);
#11662 = PLANE('',#11663);
#11663 = AXIS2_PLACEMENT_3D('',#11664,#11665,#11666);
#11664 = CARTESIAN_POINT('',(8.227,82.2,4.91));
#11665 = DIRECTION('',(0.707106781187,-0.707106781187,0.));
#11666 = DIRECTION('',(0.707106781187,0.707106781187,0.));
#11667 = ADVANCED_FACE('',(#11668),#11679,.F.);
#11668 = FACE_BOUND('',#11669,.F.);
#11669 = EDGE_LOOP('',(#11670,#11671,#11677,#11678));
#11670 = ORIENTED_EDGE('',*,*,#10544,.F.);
#11671 = ORIENTED_EDGE('',*,*,#11672,.T.);
#11672 = EDGE_CURVE('',#10545,#7423,#11673,.T.);
#11673 = LINE('',#11674,#11675);
#11674 = CARTESIAN_POINT('',(8.227,91.399999999934,4.91));
#11675 = VECTOR('',#11676,1.);
#11676 = DIRECTION('',(-0.,-0.,-1.));
#11677 = ORIENTED_EDGE('',*,*,#7430,.F.);
#11678 = ORIENTED_EDGE('',*,*,#11655,.F.);
#11679 = PLANE('',#11680);
#11680 = AXIS2_PLACEMENT_3D('',#11681,#11682,#11683);
#11681 = CARTESIAN_POINT('',(8.227,91.399999999934,4.91));
#11682 = DIRECTION('',(-1.,0.,0.));
#11683 = DIRECTION('',(0.,-1.,0.));
#11684 = ADVANCED_FACE('',(#11685),#11691,.F.);
#11685 = FACE_BOUND('',#11686,.F.);
#11686 = EDGE_LOOP('',(#11687,#11688,#11689,#11690));
#11687 = ORIENTED_EDGE('',*,*,#10552,.F.);
#11688 = ORIENTED_EDGE('',*,*,#10472,.F.);
#11689 = ORIENTED_EDGE('',*,*,#7422,.F.);
#11690 = ORIENTED_EDGE('',*,*,#11672,.F.);
#11691 = PLANE('',#11692);
#11692 = AXIS2_PLACEMENT_3D('',#11693,#11694,#11695);
#11693 = CARTESIAN_POINT('',(11.627,88.,4.91));
#11694 = DIRECTION('',(0.70710678118,0.707106781193,0.));
#11695 = DIRECTION('',(-0.707106781193,0.70710678118,0.));
#11696 = ADVANCED_FACE('',(#11697),#11708,.F.);
#11697 = FACE_BOUND('',#11698,.F.);
#11698 = EDGE_LOOP('',(#11699,#11700,#11701,#11702));
#11699 = ORIENTED_EDGE('',*,*,#9697,.F.);
#11700 = ORIENTED_EDGE('',*,*,#9681,.T.);
#11701 = ORIENTED_EDGE('',*,*,#7668,.F.);
#11702 = ORIENTED_EDGE('',*,*,#11703,.F.);
#11703 = EDGE_CURVE('',#9698,#7661,#11704,.T.);
#11704 = LINE('',#11705,#11706);
#11705 = CARTESIAN_POINT('',(24.027,4.34999999117,2.350000155882));
#11706 = VECTOR('',#11707,1.);
#11707 = DIRECTION('',(1.,0.,0.));
#11708 = PLANE('',#11709);
#11709 = AXIS2_PLACEMENT_3D('',#11710,#11711,#11712);
#11710 = CARTESIAN_POINT('',(24.027,3.9,2.8));
#11711 = DIRECTION('',(0.,0.707106665652,0.707106896721));
#11712 = DIRECTION('',(0.,0.707106896721,-0.707106665652));
#11713 = ADVANCED_FACE('',(#11714),#11725,.F.);
#11714 = FACE_BOUND('',#11715,.F.);
#11715 = EDGE_LOOP('',(#11716,#11717,#11718,#11719));
#11716 = ORIENTED_EDGE('',*,*,#9705,.F.);
#11717 = ORIENTED_EDGE('',*,*,#11703,.T.);
#11718 = ORIENTED_EDGE('',*,*,#7660,.F.);
#11719 = ORIENTED_EDGE('',*,*,#11720,.F.);
#11720 = EDGE_CURVE('',#9706,#7653,#11721,.T.);
#11721 = LINE('',#11722,#11723);
#11722 = CARTESIAN_POINT('',(24.027,3.9,1.9));
#11723 = VECTOR('',#11724,1.);
#11724 = DIRECTION('',(1.,0.,0.));
#11725 = PLANE('',#11726);
#11726 = AXIS2_PLACEMENT_3D('',#11727,#11728,#11729);
#11727 = CARTESIAN_POINT('',(24.027,4.34999999117,2.350000155882));
#11728 = DIRECTION('',(0.,0.707106910596,-0.707106651777));
#11729 = DIRECTION('',(0.,-0.707106651777,-0.707106910596));
#11730 = ADVANCED_FACE('',(#11731),#11737,.F.);
#11731 = FACE_BOUND('',#11732,.F.);
#11732 = EDGE_LOOP('',(#11733,#11734,#11735,#11736));
#11733 = ORIENTED_EDGE('',*,*,#9713,.F.);
#11734 = ORIENTED_EDGE('',*,*,#11720,.T.);
#11735 = ORIENTED_EDGE('',*,*,#7652,.F.);
#11736 = ORIENTED_EDGE('',*,*,#9045,.F.);
#11737 = PLANE('',#11738);
#11738 = AXIS2_PLACEMENT_3D('',#11739,#11740,#11741);
#11739 = CARTESIAN_POINT('',(24.027,3.9,1.9));
#11740 = DIRECTION('',(-0.,-0.,-1.));
#11741 = DIRECTION('',(0.,-1.,0.));
#11742 = ADVANCED_FACE('',(#11743),#11761,.T.);
#11743 = FACE_BOUND('',#11744,.T.);
#11744 = EDGE_LOOP('',(#11745,#11753,#11759,#11760));
#11745 = ORIENTED_EDGE('',*,*,#11746,.F.);
#11746 = EDGE_CURVE('',#11747,#7775,#11749,.T.);
#11747 = VERTEX_POINT('',#11748);
#11748 = CARTESIAN_POINT('',(44.9226,8.0977,3.7));
#11749 = LINE('',#11750,#11751);
#11750 = CARTESIAN_POINT('',(59.920508816324,8.0977,3.7));
#11751 = VECTOR('',#11752,1.);
#11752 = DIRECTION('',(-1.,0.,0.));
#11753 = ORIENTED_EDGE('',*,*,#11754,.T.);
#11754 = EDGE_CURVE('',#11747,#11444,#11755,.T.);
#11755 = LINE('',#11756,#11757);
#11756 = CARTESIAN_POINT('',(44.9226,8.0977,4.9));
#11757 = VECTOR('',#11758,1.);
#11758 = DIRECTION('',(-0.,-0.,-1.));
#11759 = ORIENTED_EDGE('',*,*,#11453,.T.);
#11760 = ORIENTED_EDGE('',*,*,#7782,.F.);
#11761 = PLANE('',#11762);
#11762 = AXIS2_PLACEMENT_3D('',#11763,#11764,#11765);
#11763 = CARTESIAN_POINT('',(44.9226,8.0977,4.9));
#11764 = DIRECTION('',(0.,1.,0.));
#11765 = DIRECTION('',(-1.,0.,0.));
#11766 = ADVANCED_FACE('',(#11767),#11803,.T.);
#11767 = FACE_BOUND('',#11768,.T.);
#11768 = EDGE_LOOP('',(#11769,#11770,#11776,#11777,#11778,#11784,#11785,
    #11793,#11799,#11800,#11801,#11802));
#11769 = ORIENTED_EDGE('',*,*,#11436,.T.);
#11770 = ORIENTED_EDGE('',*,*,#11771,.T.);
#11771 = EDGE_CURVE('',#11437,#11747,#11772,.T.);
#11772 = LINE('',#11773,#11774);
#11773 = CARTESIAN_POINT('',(44.9226,44.428343350515,3.7));
#11774 = VECTOR('',#11775,1.);
#11775 = DIRECTION('',(0.,-1.,0.));
#11776 = ORIENTED_EDGE('',*,*,#11746,.T.);
#11777 = ORIENTED_EDGE('',*,*,#7774,.T.);
#11778 = ORIENTED_EDGE('',*,*,#11779,.F.);
#11779 = EDGE_CURVE('',#11244,#7767,#11780,.T.);
#11780 = LINE('',#11781,#11782);
#11781 = CARTESIAN_POINT('',(51.027,3.9,3.7));
#11782 = VECTOR('',#11783,1.);
#11783 = DIRECTION('',(-1.,0.,0.));
#11784 = ORIENTED_EDGE('',*,*,#11301,.T.);
#11785 = ORIENTED_EDGE('',*,*,#11786,.F.);
#11786 = EDGE_CURVE('',#11787,#11294,#11789,.T.);
#11787 = VERTEX_POINT('',#11788);
#11788 = CARTESIAN_POINT('',(47.06884384,7.02670717,3.7));
#11789 = LINE('',#11790,#11791);
#11790 = CARTESIAN_POINT('',(63.017011910456,7.02670717,3.7));
#11791 = VECTOR('',#11792,1.);
#11792 = DIRECTION('',(1.,0.,0.));
#11793 = ORIENTED_EDGE('',*,*,#11794,.F.);
#11794 = EDGE_CURVE('',#11316,#11787,#11795,.T.);
#11795 = LINE('',#11796,#11797);
#11796 = CARTESIAN_POINT('',(47.06884384,26.627902630006,3.7));
#11797 = VECTOR('',#11798,1.);
#11798 = DIRECTION('',(0.,-1.,0.));
#11799 = ORIENTED_EDGE('',*,*,#11315,.T.);
#11800 = ORIENTED_EDGE('',*,*,#11360,.F.);
#11801 = ORIENTED_EDGE('',*,*,#11384,.F.);
#11802 = ORIENTED_EDGE('',*,*,#11409,.F.);
#11803 = PLANE('',#11804);
#11804 = AXIS2_PLACEMENT_3D('',#11805,#11806,#11807);
#11805 = CARTESIAN_POINT('',(78.965179980912,41.572044620012,3.7));
#11806 = DIRECTION('',(0.,0.,1.));
#11807 = DIRECTION('',(1.,0.,0.));
#11808 = ADVANCED_FACE('',(#11809),#11820,.T.);
#11809 = FACE_BOUND('',#11810,.T.);
#11810 = EDGE_LOOP('',(#11811,#11817,#11818,#11819));
#11811 = ORIENTED_EDGE('',*,*,#11812,.F.);
#11812 = EDGE_CURVE('',#11242,#7759,#11813,.T.);
#11813 = LINE('',#11814,#11815);
#11814 = CARTESIAN_POINT('',(51.027,3.9,2.8));
#11815 = VECTOR('',#11816,1.);
#11816 = DIRECTION('',(-1.,0.,0.));
#11817 = ORIENTED_EDGE('',*,*,#11241,.T.);
#11818 = ORIENTED_EDGE('',*,*,#11779,.T.);
#11819 = ORIENTED_EDGE('',*,*,#7766,.F.);
#11820 = PLANE('',#11821);
#11821 = AXIS2_PLACEMENT_3D('',#11822,#11823,#11824);
#11822 = CARTESIAN_POINT('',(47.1248,3.9,3.25));
#11823 = DIRECTION('',(-0.,-1.,-0.));
#11824 = DIRECTION('',(0.,0.,-1.));
#11825 = ADVANCED_FACE('',(#11826),#11837,.T.);
#11826 = FACE_BOUND('',#11827,.T.);
#11827 = EDGE_LOOP('',(#11828,#11834,#11835,#11836));
#11828 = ORIENTED_EDGE('',*,*,#11829,.F.);
#11829 = EDGE_CURVE('',#11252,#7751,#11830,.T.);
#11830 = LINE('',#11831,#11832);
#11831 = CARTESIAN_POINT('',(51.027,4.34999999117,2.350000155882));
#11832 = VECTOR('',#11833,1.);
#11833 = DIRECTION('',(-1.,0.,0.));
#11834 = ORIENTED_EDGE('',*,*,#11251,.T.);
#11835 = ORIENTED_EDGE('',*,*,#11812,.T.);
#11836 = ORIENTED_EDGE('',*,*,#7758,.F.);
#11837 = PLANE('',#11838);
#11838 = AXIS2_PLACEMENT_3D('',#11839,#11840,#11841);
#11839 = CARTESIAN_POINT('',(47.1248,4.124999995585,2.575000077941));
#11840 = DIRECTION('',(-0.,-0.707106665652,-0.707106896721));
#11841 = DIRECTION('',(0.,-0.707106896721,0.707106665652));
#11842 = ADVANCED_FACE('',(#11843),#11854,.T.);
#11843 = FACE_BOUND('',#11844,.T.);
#11844 = EDGE_LOOP('',(#11845,#11851,#11852,#11853));
#11845 = ORIENTED_EDGE('',*,*,#11846,.F.);
#11846 = EDGE_CURVE('',#11260,#7743,#11847,.T.);
#11847 = LINE('',#11848,#11849);
#11848 = CARTESIAN_POINT('',(51.027,3.9,1.9));
#11849 = VECTOR('',#11850,1.);
#11850 = DIRECTION('',(-1.,0.,0.));
#11851 = ORIENTED_EDGE('',*,*,#11259,.T.);
#11852 = ORIENTED_EDGE('',*,*,#11829,.T.);
#11853 = ORIENTED_EDGE('',*,*,#7750,.F.);
#11854 = PLANE('',#11855);
#11855 = AXIS2_PLACEMENT_3D('',#11856,#11857,#11858);
#11856 = CARTESIAN_POINT('',(47.1248,4.124999995585,2.125000077941));
#11857 = DIRECTION('',(0.,-0.707106910596,0.707106651777));
#11858 = DIRECTION('',(0.,-0.707106651777,-0.707106910596));
#11859 = ADVANCED_FACE('',(#11860),#11866,.T.);
#11860 = FACE_BOUND('',#11861,.T.);
#11861 = EDGE_LOOP('',(#11862,#11863,#11864,#11865));
#11862 = ORIENTED_EDGE('',*,*,#11470,.F.);
#11863 = ORIENTED_EDGE('',*,*,#11267,.T.);
#11864 = ORIENTED_EDGE('',*,*,#11846,.T.);
#11865 = ORIENTED_EDGE('',*,*,#7742,.F.);
#11866 = PLANE('',#11867);
#11867 = AXIS2_PLACEMENT_3D('',#11868,#11869,#11870);
#11868 = CARTESIAN_POINT('',(47.1248,3.3,1.9));
#11869 = DIRECTION('',(0.,0.,1.));
#11870 = DIRECTION('',(1.,0.,0.));
#11871 = ADVANCED_FACE('',(#11872),#11878,.F.);
#11872 = FACE_BOUND('',#11873,.F.);
#11873 = EDGE_LOOP('',(#11874,#11875,#11876,#11877));
#11874 = ORIENTED_EDGE('',*,*,#11202,.F.);
#11875 = ORIENTED_EDGE('',*,*,#7726,.T.);
#11876 = ORIENTED_EDGE('',*,*,#11477,.T.);
#11877 = ORIENTED_EDGE('',*,*,#11226,.T.);
#11878 = PLANE('',#11879);
#11879 = AXIS2_PLACEMENT_3D('',#11880,#11881,#11882);
#11880 = CARTESIAN_POINT('',(5.91,1.5,4.9));
#11881 = DIRECTION('',(0.,-1.,0.));
#11882 = DIRECTION('',(1.,0.,0.));
#11883 = ADVANCED_FACE('',(#11884),#11895,.T.);
#11884 = FACE_BOUND('',#11885,.T.);
#11885 = EDGE_LOOP('',(#11886,#11892,#11893,#11894));
#11886 = ORIENTED_EDGE('',*,*,#11887,.F.);
#11887 = EDGE_CURVE('',#7878,#8200,#11888,.T.);
#11888 = LINE('',#11889,#11890);
#11889 = CARTESIAN_POINT('',(100.527,144.99999999999,4.9));
#11890 = VECTOR('',#11891,1.);
#11891 = DIRECTION('',(-1.,0.,0.));
#11892 = ORIENTED_EDGE('',*,*,#7885,.F.);
#11893 = ORIENTED_EDGE('',*,*,#9061,.T.);
#11894 = ORIENTED_EDGE('',*,*,#8207,.T.);
#11895 = PLANE('',#11896);
#11896 = AXIS2_PLACEMENT_3D('',#11897,#11898,#11899);
#11897 = CARTESIAN_POINT('',(100.527,144.99999999999,4.9));
#11898 = DIRECTION('',(0.,1.,0.));
#11899 = DIRECTION('',(-1.,0.,0.));
#11900 = ADVANCED_FACE('',(#11901),#12200,.T.);
#11901 = FACE_BOUND('',#11902,.T.);
#11902 = EDGE_LOOP('',(#11903,#11911,#11912,#11913,#11914,#11922,#11930,
    #11938,#11946,#11954,#11962,#11970,#11978,#11986,#11994,#12002,
    #12010,#12018,#12026,#12034,#12042,#12050,#12058,#12066,#12074,
    #12082,#12090,#12098,#12106,#12114,#12122,#12130,#12138,#12146,
    #12154,#12162,#12170,#12178,#12186,#12194));
#11903 = ORIENTED_EDGE('',*,*,#11904,.F.);
#11904 = EDGE_CURVE('',#7870,#11905,#11907,.T.);
#11905 = VERTEX_POINT('',#11906);
#11906 = CARTESIAN_POINT('',(94.51,142.04278258744,4.9));
#11907 = LINE('',#11908,#11909);
#11908 = CARTESIAN_POINT('',(77.753822455146,142.04278258744,4.9));
#11909 = VECTOR('',#11910,1.);
#11910 = DIRECTION('',(-1.,-0.,0.));
#11911 = ORIENTED_EDGE('',*,*,#7877,.F.);
#11912 = ORIENTED_EDGE('',*,*,#11887,.T.);
#11913 = ORIENTED_EDGE('',*,*,#8199,.T.);
#11914 = ORIENTED_EDGE('',*,*,#11915,.F.);
#11915 = EDGE_CURVE('',#11916,#8192,#11918,.T.);
#11916 = VERTEX_POINT('',#11917);
#11917 = CARTESIAN_POINT('',(21.51,142.04278258744,4.9));
#11918 = LINE('',#11919,#11920);
#11919 = CARTESIAN_POINT('',(77.753822455146,142.04278258744,4.9));
#11920 = VECTOR('',#11921,1.);
#11921 = DIRECTION('',(-1.,-0.,0.));
#11922 = ORIENTED_EDGE('',*,*,#11923,.F.);
#11923 = EDGE_CURVE('',#11924,#11916,#11926,.T.);
#11924 = VERTEX_POINT('',#11925);
#11925 = CARTESIAN_POINT('',(21.51,142.29999999999,4.9));
#11926 = LINE('',#11927,#11928);
#11927 = CARTESIAN_POINT('',(21.51,142.29999999999,4.9));
#11928 = VECTOR('',#11929,1.);
#11929 = DIRECTION('',(0.,-1.,0.));
#11930 = ORIENTED_EDGE('',*,*,#11931,.F.);
#11931 = EDGE_CURVE('',#11932,#11924,#11934,.T.);
#11932 = VERTEX_POINT('',#11933);
#11933 = CARTESIAN_POINT('',(22.864009405922,142.29999999999,4.9));
#11934 = LINE('',#11935,#11936);
#11935 = CARTESIAN_POINT('',(94.51,142.29999999999,4.9));
#11936 = VECTOR('',#11937,1.);
#11937 = DIRECTION('',(-1.,0.,0.));
#11938 = ORIENTED_EDGE('',*,*,#11939,.F.);
#11939 = EDGE_CURVE('',#11940,#11932,#11942,.T.);
#11940 = VERTEX_POINT('',#11941);
#11941 = CARTESIAN_POINT('',(21.177000321166,143.98700908475,4.9));
#11942 = LINE('',#11943,#11944);
#11943 = CARTESIAN_POINT('',(43.194089696514,121.9699197094,4.9));
#11944 = VECTOR('',#11945,1.);
#11945 = DIRECTION('',(0.707106781187,-0.707106781187,0.));
#11946 = ORIENTED_EDGE('',*,*,#11947,.F.);
#11947 = EDGE_CURVE('',#11948,#11940,#11950,.T.);
#11948 = VERTEX_POINT('',#11949);
#11949 = CARTESIAN_POINT('',(27.477000321166,143.98700908475,4.9));
#11950 = LINE('',#11951,#11952);
#11951 = CARTESIAN_POINT('',(41.228822455147,143.98700908475,4.9));
#11952 = VECTOR('',#11953,1.);
#11953 = DIRECTION('',(-1.,0.,0.));
#11954 = ORIENTED_EDGE('',*,*,#11955,.F.);
#11955 = EDGE_CURVE('',#11956,#11948,#11958,.T.);
#11956 = VERTEX_POINT('',#11957);
#11957 = CARTESIAN_POINT('',(25.78999123641,142.29999999999,4.9));
#11958 = LINE('',#11959,#11960);
#11959 = CARTESIAN_POINT('',(19.811733079798,136.32174184338,4.9));
#11960 = VECTOR('',#11961,1.);
#11961 = DIRECTION('',(0.707106781187,0.707106781187,-0.));
#11962 = ORIENTED_EDGE('',*,*,#11963,.F.);
#11963 = EDGE_CURVE('',#11964,#11956,#11966,.T.);
#11964 = VERTEX_POINT('',#11965);
#11965 = CARTESIAN_POINT('',(32.43543797735,142.29999999999,4.9));
#11966 = LINE('',#11967,#11968);
#11967 = CARTESIAN_POINT('',(94.51,142.29999999999,4.9));
#11968 = VECTOR('',#11969,1.);
#11969 = DIRECTION('',(-1.,0.,0.));
#11970 = ORIENTED_EDGE('',*,*,#11971,.F.);
#11971 = EDGE_CURVE('',#11972,#11964,#11974,.T.);
#11972 = VERTEX_POINT('',#11973);
#11973 = CARTESIAN_POINT('',(30.748428892594,143.98700908475,4.9));
#11974 = LINE('',#11975,#11976);
#11975 = CARTESIAN_POINT('',(50.372661125085,124.36277685226,4.9));
#11976 = VECTOR('',#11977,1.);
#11977 = DIRECTION('',(0.707106781187,-0.707106781187,0.));
#11978 = ORIENTED_EDGE('',*,*,#11979,.F.);
#11979 = EDGE_CURVE('',#11980,#11972,#11982,.T.);
#11980 = VERTEX_POINT('',#11981);
#11981 = CARTESIAN_POINT('',(37.048428892595,143.98700908475,4.9));
#11982 = LINE('',#11983,#11984);
#11983 = CARTESIAN_POINT('',(46.014536740861,143.98700908475,4.9));
#11984 = VECTOR('',#11985,1.);
#11985 = DIRECTION('',(-1.,0.,0.));
#11986 = ORIENTED_EDGE('',*,*,#11987,.F.);
#11987 = EDGE_CURVE('',#11988,#11980,#11990,.T.);
#11988 = VERTEX_POINT('',#11989);
#11989 = CARTESIAN_POINT('',(35.361419807839,142.29999999999,4.9));
#11990 = LINE('',#11991,#11992);
#11991 = CARTESIAN_POINT('',(26.99030450837,133.92888470053,4.9));
#11992 = VECTOR('',#11993,1.);
#11993 = DIRECTION('',(0.707106781187,0.707106781187,-0.));
#11994 = ORIENTED_EDGE('',*,*,#11995,.F.);
#11995 = EDGE_CURVE('',#11996,#11988,#11998,.T.);
#11996 = VERTEX_POINT('',#11997);
#11997 = CARTESIAN_POINT('',(42.006866548779,142.29999999999,4.9));
#11998 = LINE('',#11999,#12000);
#11999 = CARTESIAN_POINT('',(94.51,142.29999999999,4.9));
#12000 = VECTOR('',#12001,1.);
#12001 = DIRECTION('',(-1.,0.,0.));
#12002 = ORIENTED_EDGE('',*,*,#12003,.F.);
#12003 = EDGE_CURVE('',#12004,#11996,#12006,.T.);
#12004 = VERTEX_POINT('',#12005);
#12005 = CARTESIAN_POINT('',(40.319857464023,143.98700908475,4.9));
#12006 = LINE('',#12007,#12008);
#12007 = CARTESIAN_POINT('',(57.551232553657,126.75563399512,4.9));
#12008 = VECTOR('',#12009,1.);
#12009 = DIRECTION('',(0.707106781187,-0.707106781187,0.));
#12010 = ORIENTED_EDGE('',*,*,#12011,.F.);
#12011 = EDGE_CURVE('',#12012,#12004,#12014,.T.);
#12012 = VERTEX_POINT('',#12013);
#12013 = CARTESIAN_POINT('',(46.619857464024,143.98700908475,4.9));
#12014 = LINE('',#12015,#12016);
#12015 = CARTESIAN_POINT('',(50.800251026575,143.98700908475,4.9));
#12016 = VECTOR('',#12017,1.);
#12017 = DIRECTION('',(-1.,0.,0.));
#12018 = ORIENTED_EDGE('',*,*,#12019,.F.);
#12019 = EDGE_CURVE('',#12020,#12012,#12022,.T.);
#12020 = VERTEX_POINT('',#12021);
#12021 = CARTESIAN_POINT('',(44.932848379267,142.29999999999,4.9));
#12022 = LINE('',#12023,#12024);
#12023 = CARTESIAN_POINT('',(34.168875936941,131.53602755767,4.9));
#12024 = VECTOR('',#12025,1.);
#12025 = DIRECTION('',(0.707106781187,0.707106781187,-0.));
#12026 = ORIENTED_EDGE('',*,*,#12027,.F.);
#12027 = EDGE_CURVE('',#12028,#12020,#12030,.T.);
#12028 = VERTEX_POINT('',#12029);
#12029 = CARTESIAN_POINT('',(51.578295120207,142.29999999999,4.9));
#12030 = LINE('',#12031,#12032);
#12031 = CARTESIAN_POINT('',(94.51,142.29999999999,4.9));
#12032 = VECTOR('',#12033,1.);
#12033 = DIRECTION('',(-1.,0.,0.));
#12034 = ORIENTED_EDGE('',*,*,#12035,.F.);
#12035 = EDGE_CURVE('',#12036,#12028,#12038,.T.);
#12036 = VERTEX_POINT('',#12037);
#12037 = CARTESIAN_POINT('',(49.891286035451,143.98700908475,4.9));
#12038 = LINE('',#12039,#12040);
#12039 = CARTESIAN_POINT('',(64.729803982228,129.14849113797,4.9));
#12040 = VECTOR('',#12041,1.);
#12041 = DIRECTION('',(0.707106781187,-0.707106781187,0.));
#12042 = ORIENTED_EDGE('',*,*,#12043,.F.);
#12043 = EDGE_CURVE('',#12044,#12036,#12046,.T.);
#12044 = VERTEX_POINT('',#12045);
#12045 = CARTESIAN_POINT('',(56.191286035452,143.98700908475,4.9));
#12046 = LINE('',#12047,#12048);
#12047 = CARTESIAN_POINT('',(55.585965312289,143.98700908475,4.9));
#12048 = VECTOR('',#12049,1.);
#12049 = DIRECTION('',(-1.,0.,0.));
#12050 = ORIENTED_EDGE('',*,*,#12051,.F.);
#12051 = EDGE_CURVE('',#12052,#12044,#12054,.T.);
#12052 = VERTEX_POINT('',#12053);
#12053 = CARTESIAN_POINT('',(54.504276950696,142.29999999999,4.9));
#12054 = LINE('',#12055,#12056);
#12055 = CARTESIAN_POINT('',(41.347447365513,129.14317041481,4.9));
#12056 = VECTOR('',#12057,1.);
#12057 = DIRECTION('',(0.707106781187,0.707106781187,-0.));
#12058 = ORIENTED_EDGE('',*,*,#12059,.F.);
#12059 = EDGE_CURVE('',#12060,#12052,#12062,.T.);
#12060 = VERTEX_POINT('',#12061);
#12061 = CARTESIAN_POINT('',(61.149723691636,142.29999999999,4.9));
#12062 = LINE('',#12063,#12064);
#12063 = CARTESIAN_POINT('',(94.51,142.29999999999,4.9));
#12064 = VECTOR('',#12065,1.);
#12065 = DIRECTION('',(-1.,0.,0.));
#12066 = ORIENTED_EDGE('',*,*,#12067,.F.);
#12067 = EDGE_CURVE('',#12068,#12060,#12070,.T.);
#12068 = VERTEX_POINT('',#12069);
#12069 = CARTESIAN_POINT('',(59.46271460688,143.98700908475,4.9));
#12070 = LINE('',#12071,#12072);
#12071 = CARTESIAN_POINT('',(71.9083754108,131.54134828083,4.9));
#12072 = VECTOR('',#12073,1.);
#12073 = DIRECTION('',(0.707106781187,-0.707106781187,0.));
#12074 = ORIENTED_EDGE('',*,*,#12075,.F.);
#12075 = EDGE_CURVE('',#12076,#12068,#12078,.T.);
#12076 = VERTEX_POINT('',#12077);
#12077 = CARTESIAN_POINT('',(65.762714606881,143.98700908475,4.9));
#12078 = LINE('',#12079,#12080);
#12079 = CARTESIAN_POINT('',(60.371679598004,143.98700908475,4.9));
#12080 = VECTOR('',#12081,1.);
#12081 = DIRECTION('',(-1.,0.,0.));
#12082 = ORIENTED_EDGE('',*,*,#12083,.F.);
#12083 = EDGE_CURVE('',#12084,#12076,#12086,.T.);
#12084 = VERTEX_POINT('',#12085);
#12085 = CARTESIAN_POINT('',(64.075705522124,142.29999999999,4.9));
#12086 = LINE('',#12087,#12088);
#12087 = CARTESIAN_POINT('',(48.526018794084,126.75031327195,4.9));
#12088 = VECTOR('',#12089,1.);
#12089 = DIRECTION('',(0.707106781187,0.707106781187,-0.));
#12090 = ORIENTED_EDGE('',*,*,#12091,.F.);
#12091 = EDGE_CURVE('',#12092,#12084,#12094,.T.);
#12092 = VERTEX_POINT('',#12093);
#12093 = CARTESIAN_POINT('',(70.721152263065,142.29999999999,4.9));
#12094 = LINE('',#12095,#12096);
#12095 = CARTESIAN_POINT('',(94.51,142.29999999999,4.9));
#12096 = VECTOR('',#12097,1.);
#12097 = DIRECTION('',(-1.,0.,0.));
#12098 = ORIENTED_EDGE('',*,*,#12099,.F.);
#12099 = EDGE_CURVE('',#12100,#12092,#12102,.T.);
#12100 = VERTEX_POINT('',#12101);
#12101 = CARTESIAN_POINT('',(69.034143178308,143.98700908475,4.9));
#12102 = LINE('',#12103,#12104);
#12103 = CARTESIAN_POINT('',(79.086946839371,133.93420542369,4.9));
#12104 = VECTOR('',#12105,1.);
#12105 = DIRECTION('',(0.707106781187,-0.707106781187,0.));
#12106 = ORIENTED_EDGE('',*,*,#12107,.F.);
#12107 = EDGE_CURVE('',#12108,#12100,#12110,.T.);
#12108 = VERTEX_POINT('',#12109);
#12109 = CARTESIAN_POINT('',(75.334143178309,143.98700908475,4.9));
#12110 = LINE('',#12111,#12112);
#12111 = CARTESIAN_POINT('',(65.157393883718,143.98700908475,4.9));
#12112 = VECTOR('',#12113,1.);
#12113 = DIRECTION('',(-1.,0.,0.));
#12114 = ORIENTED_EDGE('',*,*,#12115,.F.);
#12115 = EDGE_CURVE('',#12116,#12108,#12118,.T.);
#12116 = VERTEX_POINT('',#12117);
#12117 = CARTESIAN_POINT('',(73.647134093553,142.29999999999,4.9));
#12118 = LINE('',#12119,#12120);
#12119 = CARTESIAN_POINT('',(55.704590222655,124.3574561291,4.9));
#12120 = VECTOR('',#12121,1.);
#12121 = DIRECTION('',(0.707106781187,0.707106781187,-0.));
#12122 = ORIENTED_EDGE('',*,*,#12123,.F.);
#12123 = EDGE_CURVE('',#12124,#12116,#12126,.T.);
#12124 = VERTEX_POINT('',#12125);
#12125 = CARTESIAN_POINT('',(80.292580834493,142.29999999999,4.9));
#12126 = LINE('',#12127,#12128);
#12127 = CARTESIAN_POINT('',(94.51,142.29999999999,4.9));
#12128 = VECTOR('',#12129,1.);
#12129 = DIRECTION('',(-1.,0.,0.));
#12130 = ORIENTED_EDGE('',*,*,#12131,.F.);
#12131 = EDGE_CURVE('',#12132,#12124,#12134,.T.);
#12132 = VERTEX_POINT('',#12133);
#12133 = CARTESIAN_POINT('',(78.605571749737,143.98700908475,4.9));
#12134 = LINE('',#12135,#12136);
#12135 = CARTESIAN_POINT('',(86.265518267942,136.32706256655,4.9));
#12136 = VECTOR('',#12137,1.);
#12137 = DIRECTION('',(0.707106781187,-0.707106781187,0.));
#12138 = ORIENTED_EDGE('',*,*,#12139,.F.);
#12139 = EDGE_CURVE('',#12140,#12132,#12142,.T.);
#12140 = VERTEX_POINT('',#12141);
#12141 = CARTESIAN_POINT('',(84.905571749738,143.98700908475,4.9));
#12142 = LINE('',#12143,#12144);
#12143 = CARTESIAN_POINT('',(69.943108169432,143.98700908475,4.9));
#12144 = VECTOR('',#12145,1.);
#12145 = DIRECTION('',(-1.,0.,0.));
#12146 = ORIENTED_EDGE('',*,*,#12147,.F.);
#12147 = EDGE_CURVE('',#12148,#12140,#12150,.T.);
#12148 = VERTEX_POINT('',#12149);
#12149 = CARTESIAN_POINT('',(83.218562664982,142.29999999999,4.9));
#12150 = LINE('',#12151,#12152);
#12151 = CARTESIAN_POINT('',(62.883161651227,121.96459898624,4.9));
#12152 = VECTOR('',#12153,1.);
#12153 = DIRECTION('',(0.707106781187,0.707106781187,-0.));
#12154 = ORIENTED_EDGE('',*,*,#12155,.F.);
#12155 = EDGE_CURVE('',#12156,#12148,#12158,.T.);
#12156 = VERTEX_POINT('',#12157);
#12157 = CARTESIAN_POINT('',(89.864009405922,142.29999999999,4.9));
#12158 = LINE('',#12159,#12160);
#12159 = CARTESIAN_POINT('',(94.51,142.29999999999,4.9));
#12160 = VECTOR('',#12161,1.);
#12161 = DIRECTION('',(-1.,0.,0.));
#12162 = ORIENTED_EDGE('',*,*,#12163,.F.);
#12163 = EDGE_CURVE('',#12164,#12156,#12166,.T.);
#12164 = VERTEX_POINT('',#12165);
#12165 = CARTESIAN_POINT('',(88.177000321166,143.98700908475,4.9));
#12166 = LINE('',#12167,#12168);
#12167 = CARTESIAN_POINT('',(93.444089696514,138.7199197094,4.9));
#12168 = VECTOR('',#12169,1.);
#12169 = DIRECTION('',(0.707106781187,-0.707106781187,0.));
#12170 = ORIENTED_EDGE('',*,*,#12171,.F.);
#12171 = EDGE_CURVE('',#12172,#12164,#12174,.T.);
#12172 = VERTEX_POINT('',#12173);
#12173 = CARTESIAN_POINT('',(94.477000321166,143.98700908475,4.9));
#12174 = LINE('',#12175,#12176);
#12175 = CARTESIAN_POINT('',(74.728822455147,143.98700908475,4.9));
#12176 = VECTOR('',#12177,1.);
#12177 = DIRECTION('',(-1.,0.,0.));
#12178 = ORIENTED_EDGE('',*,*,#12179,.F.);
#12179 = EDGE_CURVE('',#12180,#12172,#12182,.T.);
#12180 = VERTEX_POINT('',#12181);
#12181 = CARTESIAN_POINT('',(92.78999123641,142.29999999999,4.9));
#12182 = LINE('',#12183,#12184);
#12183 = CARTESIAN_POINT('',(70.061733079798,119.57174184338,4.9));
#12184 = VECTOR('',#12185,1.);
#12185 = DIRECTION('',(0.707106781187,0.707106781187,-0.));
#12186 = ORIENTED_EDGE('',*,*,#12187,.F.);
#12187 = EDGE_CURVE('',#12188,#12180,#12190,.T.);
#12188 = VERTEX_POINT('',#12189);
#12189 = CARTESIAN_POINT('',(94.51,142.29999999999,4.9));
#12190 = LINE('',#12191,#12192);
#12191 = CARTESIAN_POINT('',(94.51,142.29999999999,4.9));
#12192 = VECTOR('',#12193,1.);
#12193 = DIRECTION('',(-1.,0.,0.));
#12194 = ORIENTED_EDGE('',*,*,#12195,.F.);
#12195 = EDGE_CURVE('',#11905,#12188,#12196,.T.);
#12196 = LINE('',#12197,#12198);
#12197 = CARTESIAN_POINT('',(94.51,91.299999999999,4.9));
#12198 = VECTOR('',#12199,1.);
#12199 = DIRECTION('',(0.,1.,0.));
#12200 = PLANE('',#12201);
#12201 = AXIS2_PLACEMENT_3D('',#12202,#12203,#12204);
#12202 = CARTESIAN_POINT('',(54.980644589127,89.722295851324,4.9));
#12203 = DIRECTION('',(0.,0.,1.));
#12204 = DIRECTION('',(1.,0.,0.));
#12205 = ADVANCED_FACE('',(#12206),#12233,.T.);
#12206 = FACE_BOUND('',#12207,.F.);
#12207 = EDGE_LOOP('',(#12208,#12216,#12224,#12230,#12231,#12232));
#12208 = ORIENTED_EDGE('',*,*,#12209,.T.);
#12209 = EDGE_CURVE('',#7901,#12210,#12212,.T.);
#12210 = VERTEX_POINT('',#12211);
#12211 = CARTESIAN_POINT('',(92.78999123641,142.29999999999,
    4.454486372868));
#12212 = LINE('',#12213,#12214);
#12213 = CARTESIAN_POINT('',(94.112196687264,143.62220545085,
    2.164359353945));
#12214 = VECTOR('',#12215,1.);
#12215 = DIRECTION('',(-0.4472135955,-0.4472135955,0.774596669241));
#12216 = ORIENTED_EDGE('',*,*,#12217,.T.);
#12217 = EDGE_CURVE('',#12210,#12218,#12220,.T.);
#12218 = VERTEX_POINT('',#12219);
#12219 = CARTESIAN_POINT('',(94.51,142.29999999999,4.454486372868));
#12220 = LINE('',#12221,#12222);
#12221 = CARTESIAN_POINT('',(97.518500160583,142.29999999999,
    4.454486372868));
#12222 = VECTOR('',#12223,1.);
#12223 = DIRECTION('',(1.,-0.,0.));
#12224 = ORIENTED_EDGE('',*,*,#12225,.F.);
#12225 = EDGE_CURVE('',#11905,#12218,#12226,.T.);
#12226 = LINE('',#12227,#12228);
#12227 = CARTESIAN_POINT('',(94.51,138.35856152717,11.281258062709));
#12228 = VECTOR('',#12229,1.);
#12229 = DIRECTION('',(0.,0.5,-0.866025403784));
#12230 = ORIENTED_EDGE('',*,*,#11904,.F.);
#12231 = ORIENTED_EDGE('',*,*,#7869,.T.);
#12232 = ORIENTED_EDGE('',*,*,#7900,.F.);
#12233 = PLANE('',#12234);
#12234 = AXIS2_PLACEMENT_3D('',#12235,#12236,#12237);
#12235 = CARTESIAN_POINT('',(100.52700032116,144.,1.51));
#12236 = DIRECTION('',(0.,-0.866025403784,-0.5));
#12237 = DIRECTION('',(0.,0.5,-0.866025403784));
#12238 = ADVANCED_FACE('',(#12239),#12266,.T.);
#12239 = FACE_BOUND('',#12240,.F.);
#12240 = EDGE_LOOP('',(#12241,#12251,#12257,#12258,#12259,#12260));
#12241 = ORIENTED_EDGE('',*,*,#12242,.T.);
#12242 = EDGE_CURVE('',#12243,#12245,#12247,.T.);
#12243 = VERTEX_POINT('',#12244);
#12244 = CARTESIAN_POINT('',(21.51,142.29999999999,4.454486372868));
#12245 = VERTEX_POINT('',#12246);
#12246 = CARTESIAN_POINT('',(22.864009405922,142.29999999999,
    4.454486372868));
#12247 = LINE('',#12248,#12249);
#12248 = CARTESIAN_POINT('',(97.518500160583,142.29999999999,
    4.454486372868));
#12249 = VECTOR('',#12250,1.);
#12250 = DIRECTION('',(1.,-0.,0.));
#12251 = ORIENTED_EDGE('',*,*,#12252,.T.);
#12252 = EDGE_CURVE('',#12245,#8149,#12253,.T.);
#12253 = LINE('',#12254,#12255);
#12254 = CARTESIAN_POINT('',(29.691803955068,135.47220545085,
    16.280573435631));
#12255 = VECTOR('',#12256,1.);
#12256 = DIRECTION('',(-0.4472135955,0.4472135955,-0.774596669241));
#12257 = ORIENTED_EDGE('',*,*,#8156,.F.);
#12258 = ORIENTED_EDGE('',*,*,#8191,.F.);
#12259 = ORIENTED_EDGE('',*,*,#11915,.F.);
#12260 = ORIENTED_EDGE('',*,*,#12261,.F.);
#12261 = EDGE_CURVE('',#12243,#11916,#12262,.T.);
#12262 = LINE('',#12263,#12264);
#12263 = CARTESIAN_POINT('',(21.51,140.2519903129,8.001743205317));
#12264 = VECTOR('',#12265,1.);
#12265 = DIRECTION('',(0.,-0.5,0.866025403784));
#12266 = PLANE('',#12267);
#12267 = AXIS2_PLACEMENT_3D('',#12268,#12269,#12270);
#12268 = CARTESIAN_POINT('',(100.52700032116,144.,1.51));
#12269 = DIRECTION('',(0.,-0.866025403784,-0.5));
#12270 = DIRECTION('',(0.,0.5,-0.866025403784));
#12271 = ADVANCED_FACE('',(#12272),#12289,.T.);
#12272 = FACE_BOUND('',#12273,.F.);
#12273 = EDGE_LOOP('',(#12274,#12275,#12281,#12282,#12283));
#12274 = ORIENTED_EDGE('',*,*,#11939,.F.);
#12275 = ORIENTED_EDGE('',*,*,#12276,.T.);
#12276 = EDGE_CURVE('',#11940,#8141,#12277,.T.);
#12277 = LINE('',#12278,#12279);
#12278 = CARTESIAN_POINT('',(21.177000321166,143.98700908475,4.91));
#12279 = VECTOR('',#12280,1.);
#12280 = DIRECTION('',(0.,0.,-1.));
#12281 = ORIENTED_EDGE('',*,*,#8148,.F.);
#12282 = ORIENTED_EDGE('',*,*,#12252,.F.);
#12283 = ORIENTED_EDGE('',*,*,#12284,.T.);
#12284 = EDGE_CURVE('',#12245,#11932,#12285,.T.);
#12285 = LINE('',#12286,#12287);
#12286 = CARTESIAN_POINT('',(22.864009405922,142.29999999999,4.905));
#12287 = VECTOR('',#12288,1.);
#12288 = DIRECTION('',(0.,0.,1.));
#12289 = PLANE('',#12290);
#12290 = AXIS2_PLACEMENT_3D('',#12291,#12292,#12293);
#12291 = CARTESIAN_POINT('',(21.177000321166,143.98700908475,4.91));
#12292 = DIRECTION('',(0.707106781187,0.707106781187,0.));
#12293 = DIRECTION('',(-0.707106781187,0.707106781187,0.));
#12294 = ADVANCED_FACE('',(#12295),#12306,.T.);
#12295 = FACE_BOUND('',#12296,.F.);
#12296 = EDGE_LOOP('',(#12297,#12298,#12304,#12305));
#12297 = ORIENTED_EDGE('',*,*,#11947,.F.);
#12298 = ORIENTED_EDGE('',*,*,#12299,.T.);
#12299 = EDGE_CURVE('',#11948,#8133,#12300,.T.);
#12300 = LINE('',#12301,#12302);
#12301 = CARTESIAN_POINT('',(27.477000321166,143.98700908475,4.91));
#12302 = VECTOR('',#12303,1.);
#12303 = DIRECTION('',(0.,0.,-1.));
#12304 = ORIENTED_EDGE('',*,*,#8140,.F.);
#12305 = ORIENTED_EDGE('',*,*,#12276,.F.);
#12306 = PLANE('',#12307);
#12307 = AXIS2_PLACEMENT_3D('',#12308,#12309,#12310);
#12308 = CARTESIAN_POINT('',(27.477000321166,143.98700908475,4.91));
#12309 = DIRECTION('',(-0.,-1.,-0.));
#12310 = DIRECTION('',(1.,0.,0.));
#12311 = ADVANCED_FACE('',(#12312),#12331,.T.);
#12312 = FACE_BOUND('',#12313,.F.);
#12313 = EDGE_LOOP('',(#12314,#12322,#12328,#12329,#12330));
#12314 = ORIENTED_EDGE('',*,*,#12315,.T.);
#12315 = EDGE_CURVE('',#11956,#12316,#12318,.T.);
#12316 = VERTEX_POINT('',#12317);
#12317 = CARTESIAN_POINT('',(25.78999123641,142.29999999999,
    4.454486372868));
#12318 = LINE('',#12319,#12320);
#12319 = CARTESIAN_POINT('',(25.78999123641,142.29999999999,4.905));
#12320 = VECTOR('',#12321,1.);
#12321 = DIRECTION('',(0.,0.,-1.));
#12322 = ORIENTED_EDGE('',*,*,#12323,.F.);
#12323 = EDGE_CURVE('',#8125,#12316,#12324,.T.);
#12324 = LINE('',#12325,#12326);
#12325 = CARTESIAN_POINT('',(33.812196687264,150.32220545085,
    -9.440381056767));
#12326 = VECTOR('',#12327,1.);
#12327 = DIRECTION('',(-0.4472135955,-0.4472135955,0.774596669241));
#12328 = ORIENTED_EDGE('',*,*,#8132,.F.);
#12329 = ORIENTED_EDGE('',*,*,#12299,.F.);
#12330 = ORIENTED_EDGE('',*,*,#11955,.F.);
#12331 = PLANE('',#12332);
#12332 = AXIS2_PLACEMENT_3D('',#12333,#12334,#12335);
#12333 = CARTESIAN_POINT('',(25.527000321166,142.03700908475,4.91));
#12334 = DIRECTION('',(-0.707106781187,0.707106781187,0.));
#12335 = DIRECTION('',(-0.707106781187,-0.707106781187,-0.));
#12336 = ADVANCED_FACE('',(#12337),#12355,.T.);
#12337 = FACE_BOUND('',#12338,.F.);
#12338 = EDGE_LOOP('',(#12339,#12340,#12341,#12349));
#12339 = ORIENTED_EDGE('',*,*,#8124,.F.);
#12340 = ORIENTED_EDGE('',*,*,#12323,.T.);
#12341 = ORIENTED_EDGE('',*,*,#12342,.T.);
#12342 = EDGE_CURVE('',#12316,#12343,#12345,.T.);
#12343 = VERTEX_POINT('',#12344);
#12344 = CARTESIAN_POINT('',(32.43543797735,142.29999999999,
    4.454486372868));
#12345 = LINE('',#12346,#12347);
#12346 = CARTESIAN_POINT('',(97.518500160583,142.29999999999,
    4.454486372868));
#12347 = VECTOR('',#12348,1.);
#12348 = DIRECTION('',(1.,-0.,0.));
#12349 = ORIENTED_EDGE('',*,*,#12350,.T.);
#12350 = EDGE_CURVE('',#12343,#8117,#12351,.T.);
#12351 = LINE('',#12352,#12353);
#12352 = CARTESIAN_POINT('',(38.306089669354,136.42934830799,
    14.622753376958));
#12353 = VECTOR('',#12354,1.);
#12354 = DIRECTION('',(-0.4472135955,0.4472135955,-0.774596669241));
#12355 = PLANE('',#12356);
#12356 = AXIS2_PLACEMENT_3D('',#12357,#12358,#12359);
#12357 = CARTESIAN_POINT('',(100.52700032116,144.,1.51));
#12358 = DIRECTION('',(0.,-0.866025403784,-0.5));
#12359 = DIRECTION('',(0.,0.5,-0.866025403784));
#12360 = ADVANCED_FACE('',(#12361),#12378,.T.);
#12361 = FACE_BOUND('',#12362,.F.);
#12362 = EDGE_LOOP('',(#12363,#12364,#12370,#12371,#12372));
#12363 = ORIENTED_EDGE('',*,*,#11971,.F.);
#12364 = ORIENTED_EDGE('',*,*,#12365,.T.);
#12365 = EDGE_CURVE('',#11972,#8109,#12366,.T.);
#12366 = LINE('',#12367,#12368);
#12367 = CARTESIAN_POINT('',(30.748428892594,143.98700908475,4.91));
#12368 = VECTOR('',#12369,1.);
#12369 = DIRECTION('',(0.,0.,-1.));
#12370 = ORIENTED_EDGE('',*,*,#8116,.F.);
#12371 = ORIENTED_EDGE('',*,*,#12350,.F.);
#12372 = ORIENTED_EDGE('',*,*,#12373,.T.);
#12373 = EDGE_CURVE('',#12343,#11964,#12374,.T.);
#12374 = LINE('',#12375,#12376);
#12375 = CARTESIAN_POINT('',(32.43543797735,142.29999999999,4.905));
#12376 = VECTOR('',#12377,1.);
#12377 = DIRECTION('',(0.,0.,1.));
#12378 = PLANE('',#12379);
#12379 = AXIS2_PLACEMENT_3D('',#12380,#12381,#12382);
#12380 = CARTESIAN_POINT('',(30.748428892594,143.98700908475,4.91));
#12381 = DIRECTION('',(0.707106781187,0.707106781187,0.));
#12382 = DIRECTION('',(-0.707106781187,0.707106781187,0.));
#12383 = ADVANCED_FACE('',(#12384),#12395,.T.);
#12384 = FACE_BOUND('',#12385,.F.);
#12385 = EDGE_LOOP('',(#12386,#12387,#12393,#12394));
#12386 = ORIENTED_EDGE('',*,*,#11979,.F.);
#12387 = ORIENTED_EDGE('',*,*,#12388,.T.);
#12388 = EDGE_CURVE('',#11980,#8101,#12389,.T.);
#12389 = LINE('',#12390,#12391);
#12390 = CARTESIAN_POINT('',(37.048428892595,143.98700908475,4.91));
#12391 = VECTOR('',#12392,1.);
#12392 = DIRECTION('',(0.,0.,-1.));
#12393 = ORIENTED_EDGE('',*,*,#8108,.F.);
#12394 = ORIENTED_EDGE('',*,*,#12365,.F.);
#12395 = PLANE('',#12396);
#12396 = AXIS2_PLACEMENT_3D('',#12397,#12398,#12399);
#12397 = CARTESIAN_POINT('',(37.048428892595,143.98700908475,4.91));
#12398 = DIRECTION('',(-0.,-1.,-0.));
#12399 = DIRECTION('',(1.,0.,0.));
#12400 = ADVANCED_FACE('',(#12401),#12420,.T.);
#12401 = FACE_BOUND('',#12402,.F.);
#12402 = EDGE_LOOP('',(#12403,#12411,#12417,#12418,#12419));
#12403 = ORIENTED_EDGE('',*,*,#12404,.T.);
#12404 = EDGE_CURVE('',#11988,#12405,#12407,.T.);
#12405 = VERTEX_POINT('',#12406);
#12406 = CARTESIAN_POINT('',(35.361419807839,142.29999999999,
    4.454486372868));
#12407 = LINE('',#12408,#12409);
#12408 = CARTESIAN_POINT('',(35.361419807839,142.29999999999,4.905));
#12409 = VECTOR('',#12410,1.);
#12410 = DIRECTION('',(0.,0.,-1.));
#12411 = ORIENTED_EDGE('',*,*,#12412,.F.);
#12412 = EDGE_CURVE('',#8093,#12405,#12413,.T.);
#12413 = LINE('',#12414,#12415);
#12414 = CARTESIAN_POINT('',(42.42648240155,149.36506259371,
    -7.782560998094));
#12415 = VECTOR('',#12416,1.);
#12416 = DIRECTION('',(-0.4472135955,-0.4472135955,0.774596669241));
#12417 = ORIENTED_EDGE('',*,*,#8100,.F.);
#12418 = ORIENTED_EDGE('',*,*,#12388,.F.);
#12419 = ORIENTED_EDGE('',*,*,#11987,.F.);
#12420 = PLANE('',#12421);
#12421 = AXIS2_PLACEMENT_3D('',#12422,#12423,#12424);
#12422 = CARTESIAN_POINT('',(35.098428892595,142.03700908475,4.91));
#12423 = DIRECTION('',(-0.707106781187,0.707106781187,0.));
#12424 = DIRECTION('',(-0.707106781187,-0.707106781187,-0.));
#12425 = ADVANCED_FACE('',(#12426),#12444,.T.);
#12426 = FACE_BOUND('',#12427,.F.);
#12427 = EDGE_LOOP('',(#12428,#12429,#12430,#12438));
#12428 = ORIENTED_EDGE('',*,*,#8092,.F.);
#12429 = ORIENTED_EDGE('',*,*,#12412,.T.);
#12430 = ORIENTED_EDGE('',*,*,#12431,.T.);
#12431 = EDGE_CURVE('',#12405,#12432,#12434,.T.);
#12432 = VERTEX_POINT('',#12433);
#12433 = CARTESIAN_POINT('',(42.006866548779,142.29999999999,
    4.454486372868));
#12434 = LINE('',#12435,#12436);
#12435 = CARTESIAN_POINT('',(97.518500160583,142.29999999999,
    4.454486372868));
#12436 = VECTOR('',#12437,1.);
#12437 = DIRECTION('',(1.,-0.,0.));
#12438 = ORIENTED_EDGE('',*,*,#12439,.T.);
#12439 = EDGE_CURVE('',#12432,#8085,#12440,.T.);
#12440 = LINE('',#12441,#12442);
#12441 = CARTESIAN_POINT('',(46.92037538364,137.38649116513,
    12.964933318285));
#12442 = VECTOR('',#12443,1.);
#12443 = DIRECTION('',(-0.4472135955,0.4472135955,-0.774596669241));
#12444 = PLANE('',#12445);
#12445 = AXIS2_PLACEMENT_3D('',#12446,#12447,#12448);
#12446 = CARTESIAN_POINT('',(100.52700032116,144.,1.51));
#12447 = DIRECTION('',(0.,-0.866025403784,-0.5));
#12448 = DIRECTION('',(0.,0.5,-0.866025403784));
#12449 = ADVANCED_FACE('',(#12450),#12467,.T.);
#12450 = FACE_BOUND('',#12451,.F.);
#12451 = EDGE_LOOP('',(#12452,#12453,#12459,#12460,#12461));
#12452 = ORIENTED_EDGE('',*,*,#12003,.F.);
#12453 = ORIENTED_EDGE('',*,*,#12454,.T.);
#12454 = EDGE_CURVE('',#12004,#8077,#12455,.T.);
#12455 = LINE('',#12456,#12457);
#12456 = CARTESIAN_POINT('',(40.319857464023,143.98700908475,4.91));
#12457 = VECTOR('',#12458,1.);
#12458 = DIRECTION('',(0.,0.,-1.));
#12459 = ORIENTED_EDGE('',*,*,#8084,.F.);
#12460 = ORIENTED_EDGE('',*,*,#12439,.F.);
#12461 = ORIENTED_EDGE('',*,*,#12462,.T.);
#12462 = EDGE_CURVE('',#12432,#11996,#12463,.T.);
#12463 = LINE('',#12464,#12465);
#12464 = CARTESIAN_POINT('',(42.006866548779,142.29999999999,4.905));
#12465 = VECTOR('',#12466,1.);
#12466 = DIRECTION('',(0.,0.,1.));
#12467 = PLANE('',#12468);
#12468 = AXIS2_PLACEMENT_3D('',#12469,#12470,#12471);
#12469 = CARTESIAN_POINT('',(40.319857464023,143.98700908475,4.91));
#12470 = DIRECTION('',(0.707106781187,0.707106781187,0.));
#12471 = DIRECTION('',(-0.707106781187,0.707106781187,0.));
#12472 = ADVANCED_FACE('',(#12473),#12484,.T.);
#12473 = FACE_BOUND('',#12474,.F.);
#12474 = EDGE_LOOP('',(#12475,#12476,#12482,#12483));
#12475 = ORIENTED_EDGE('',*,*,#12011,.F.);
#12476 = ORIENTED_EDGE('',*,*,#12477,.T.);
#12477 = EDGE_CURVE('',#12012,#8069,#12478,.T.);
#12478 = LINE('',#12479,#12480);
#12479 = CARTESIAN_POINT('',(46.619857464024,143.98700908475,4.91));
#12480 = VECTOR('',#12481,1.);
#12481 = DIRECTION('',(0.,0.,-1.));
#12482 = ORIENTED_EDGE('',*,*,#8076,.F.);
#12483 = ORIENTED_EDGE('',*,*,#12454,.F.);
#12484 = PLANE('',#12485);
#12485 = AXIS2_PLACEMENT_3D('',#12486,#12487,#12488);
#12486 = CARTESIAN_POINT('',(46.619857464024,143.98700908475,4.91));
#12487 = DIRECTION('',(-0.,-1.,-0.));
#12488 = DIRECTION('',(1.,0.,0.));
#12489 = ADVANCED_FACE('',(#12490),#12509,.T.);
#12490 = FACE_BOUND('',#12491,.F.);
#12491 = EDGE_LOOP('',(#12492,#12500,#12506,#12507,#12508));
#12492 = ORIENTED_EDGE('',*,*,#12493,.T.);
#12493 = EDGE_CURVE('',#12020,#12494,#12496,.T.);
#12494 = VERTEX_POINT('',#12495);
#12495 = CARTESIAN_POINT('',(44.932848379267,142.29999999999,
    4.454486372868));
#12496 = LINE('',#12497,#12498);
#12497 = CARTESIAN_POINT('',(44.932848379267,142.29999999999,4.905));
#12498 = VECTOR('',#12499,1.);
#12499 = DIRECTION('',(0.,0.,-1.));
#12500 = ORIENTED_EDGE('',*,*,#12501,.F.);
#12501 = EDGE_CURVE('',#8061,#12494,#12502,.T.);
#12502 = LINE('',#12503,#12504);
#12503 = CARTESIAN_POINT('',(51.040768115835,148.40791973656,
    -6.124740939421));
#12504 = VECTOR('',#12505,1.);
#12505 = DIRECTION('',(-0.4472135955,-0.4472135955,0.774596669241));
#12506 = ORIENTED_EDGE('',*,*,#8068,.F.);
#12507 = ORIENTED_EDGE('',*,*,#12477,.F.);
#12508 = ORIENTED_EDGE('',*,*,#12019,.F.);
#12509 = PLANE('',#12510);
#12510 = AXIS2_PLACEMENT_3D('',#12511,#12512,#12513);
#12511 = CARTESIAN_POINT('',(44.669857464023,142.03700908475,4.91));
#12512 = DIRECTION('',(-0.707106781187,0.707106781187,0.));
#12513 = DIRECTION('',(-0.707106781187,-0.707106781187,-0.));
#12514 = ADVANCED_FACE('',(#12515),#12533,.T.);
#12515 = FACE_BOUND('',#12516,.F.);
#12516 = EDGE_LOOP('',(#12517,#12518,#12519,#12527));
#12517 = ORIENTED_EDGE('',*,*,#8060,.F.);
#12518 = ORIENTED_EDGE('',*,*,#12501,.T.);
#12519 = ORIENTED_EDGE('',*,*,#12520,.T.);
#12520 = EDGE_CURVE('',#12494,#12521,#12523,.T.);
#12521 = VERTEX_POINT('',#12522);
#12522 = CARTESIAN_POINT('',(51.578295120207,142.29999999999,
    4.454486372868));
#12523 = LINE('',#12524,#12525);
#12524 = CARTESIAN_POINT('',(97.518500160583,142.29999999999,
    4.454486372868));
#12525 = VECTOR('',#12526,1.);
#12526 = DIRECTION('',(1.,-0.,0.));
#12527 = ORIENTED_EDGE('',*,*,#12528,.T.);
#12528 = EDGE_CURVE('',#12521,#8053,#12529,.T.);
#12529 = LINE('',#12530,#12531);
#12530 = CARTESIAN_POINT('',(55.534661097925,138.34363402228,
    11.307113259612));
#12531 = VECTOR('',#12532,1.);
#12532 = DIRECTION('',(-0.4472135955,0.4472135955,-0.774596669241));
#12533 = PLANE('',#12534);
#12534 = AXIS2_PLACEMENT_3D('',#12535,#12536,#12537);
#12535 = CARTESIAN_POINT('',(100.52700032116,144.,1.51));
#12536 = DIRECTION('',(0.,-0.866025403784,-0.5));
#12537 = DIRECTION('',(0.,0.5,-0.866025403784));
#12538 = ADVANCED_FACE('',(#12539),#12556,.T.);
#12539 = FACE_BOUND('',#12540,.F.);
#12540 = EDGE_LOOP('',(#12541,#12542,#12548,#12549,#12550));
#12541 = ORIENTED_EDGE('',*,*,#12035,.F.);
#12542 = ORIENTED_EDGE('',*,*,#12543,.T.);
#12543 = EDGE_CURVE('',#12036,#8045,#12544,.T.);
#12544 = LINE('',#12545,#12546);
#12545 = CARTESIAN_POINT('',(49.891286035451,143.98700908475,4.91));
#12546 = VECTOR('',#12547,1.);
#12547 = DIRECTION('',(0.,0.,-1.));
#12548 = ORIENTED_EDGE('',*,*,#8052,.F.);
#12549 = ORIENTED_EDGE('',*,*,#12528,.F.);
#12550 = ORIENTED_EDGE('',*,*,#12551,.T.);
#12551 = EDGE_CURVE('',#12521,#12028,#12552,.T.);
#12552 = LINE('',#12553,#12554);
#12553 = CARTESIAN_POINT('',(51.578295120207,142.29999999999,4.905));
#12554 = VECTOR('',#12555,1.);
#12555 = DIRECTION('',(0.,0.,1.));
#12556 = PLANE('',#12557);
#12557 = AXIS2_PLACEMENT_3D('',#12558,#12559,#12560);
#12558 = CARTESIAN_POINT('',(49.891286035451,143.98700908475,4.91));
#12559 = DIRECTION('',(0.707106781187,0.707106781187,0.));
#12560 = DIRECTION('',(-0.707106781187,0.707106781187,0.));
#12561 = ADVANCED_FACE('',(#12562),#12573,.T.);
#12562 = FACE_BOUND('',#12563,.F.);
#12563 = EDGE_LOOP('',(#12564,#12565,#12571,#12572));
#12564 = ORIENTED_EDGE('',*,*,#12043,.F.);
#12565 = ORIENTED_EDGE('',*,*,#12566,.T.);
#12566 = EDGE_CURVE('',#12044,#8037,#12567,.T.);
#12567 = LINE('',#12568,#12569);
#12568 = CARTESIAN_POINT('',(56.191286035452,143.98700908475,4.91));
#12569 = VECTOR('',#12570,1.);
#12570 = DIRECTION('',(0.,0.,-1.));
#12571 = ORIENTED_EDGE('',*,*,#8044,.F.);
#12572 = ORIENTED_EDGE('',*,*,#12543,.F.);
#12573 = PLANE('',#12574);
#12574 = AXIS2_PLACEMENT_3D('',#12575,#12576,#12577);
#12575 = CARTESIAN_POINT('',(56.191286035452,143.98700908475,4.91));
#12576 = DIRECTION('',(-0.,-1.,-0.));
#12577 = DIRECTION('',(1.,0.,0.));
#12578 = ADVANCED_FACE('',(#12579),#12598,.T.);
#12579 = FACE_BOUND('',#12580,.F.);
#12580 = EDGE_LOOP('',(#12581,#12589,#12595,#12596,#12597));
#12581 = ORIENTED_EDGE('',*,*,#12582,.T.);
#12582 = EDGE_CURVE('',#12052,#12583,#12585,.T.);
#12583 = VERTEX_POINT('',#12584);
#12584 = CARTESIAN_POINT('',(54.504276950696,142.29999999999,
    4.454486372868));
#12585 = LINE('',#12586,#12587);
#12586 = CARTESIAN_POINT('',(54.504276950696,142.29999999999,4.905));
#12587 = VECTOR('',#12588,1.);
#12588 = DIRECTION('',(0.,0.,-1.));
#12589 = ORIENTED_EDGE('',*,*,#12590,.F.);
#12590 = EDGE_CURVE('',#8029,#12583,#12591,.T.);
#12591 = LINE('',#12592,#12593);
#12592 = CARTESIAN_POINT('',(59.655053830121,147.45077687942,
    -4.466920880747));
#12593 = VECTOR('',#12594,1.);
#12594 = DIRECTION('',(-0.4472135955,-0.4472135955,0.774596669241));
#12595 = ORIENTED_EDGE('',*,*,#8036,.F.);
#12596 = ORIENTED_EDGE('',*,*,#12566,.F.);
#12597 = ORIENTED_EDGE('',*,*,#12051,.F.);
#12598 = PLANE('',#12599);
#12599 = AXIS2_PLACEMENT_3D('',#12600,#12601,#12602);
#12600 = CARTESIAN_POINT('',(54.241286035452,142.03700908475,4.91));
#12601 = DIRECTION('',(-0.707106781187,0.707106781187,0.));
#12602 = DIRECTION('',(-0.707106781187,-0.707106781187,-0.));
#12603 = ADVANCED_FACE('',(#12604),#12622,.T.);
#12604 = FACE_BOUND('',#12605,.F.);
#12605 = EDGE_LOOP('',(#12606,#12614,#12615,#12616));
#12606 = ORIENTED_EDGE('',*,*,#12607,.T.);
#12607 = EDGE_CURVE('',#12608,#8021,#12610,.T.);
#12608 = VERTEX_POINT('',#12609);
#12609 = CARTESIAN_POINT('',(61.149723691636,142.29999999999,
    4.454486372868));
#12610 = LINE('',#12611,#12612);
#12611 = CARTESIAN_POINT('',(64.148946812211,139.30077687942,
    9.649293200939));
#12612 = VECTOR('',#12613,1.);
#12613 = DIRECTION('',(-0.4472135955,0.4472135955,-0.774596669241));
#12614 = ORIENTED_EDGE('',*,*,#8028,.F.);
#12615 = ORIENTED_EDGE('',*,*,#12590,.T.);
#12616 = ORIENTED_EDGE('',*,*,#12617,.T.);
#12617 = EDGE_CURVE('',#12583,#12608,#12618,.T.);
#12618 = LINE('',#12619,#12620);
#12619 = CARTESIAN_POINT('',(97.518500160583,142.29999999999,
    4.454486372868));
#12620 = VECTOR('',#12621,1.);
#12621 = DIRECTION('',(1.,-0.,0.));
#12622 = PLANE('',#12623);
#12623 = AXIS2_PLACEMENT_3D('',#12624,#12625,#12626);
#12624 = CARTESIAN_POINT('',(100.52700032116,144.,1.51));
#12625 = DIRECTION('',(0.,-0.866025403784,-0.5));
#12626 = DIRECTION('',(0.,0.5,-0.866025403784));
#12627 = ADVANCED_FACE('',(#12628),#12645,.T.);
#12628 = FACE_BOUND('',#12629,.F.);
#12629 = EDGE_LOOP('',(#12630,#12631,#12637,#12638,#12639));
#12630 = ORIENTED_EDGE('',*,*,#12067,.F.);
#12631 = ORIENTED_EDGE('',*,*,#12632,.T.);
#12632 = EDGE_CURVE('',#12068,#8013,#12633,.T.);
#12633 = LINE('',#12634,#12635);
#12634 = CARTESIAN_POINT('',(59.46271460688,143.98700908475,4.91));
#12635 = VECTOR('',#12636,1.);
#12636 = DIRECTION('',(0.,0.,-1.));
#12637 = ORIENTED_EDGE('',*,*,#8020,.F.);
#12638 = ORIENTED_EDGE('',*,*,#12607,.F.);
#12639 = ORIENTED_EDGE('',*,*,#12640,.T.);
#12640 = EDGE_CURVE('',#12608,#12060,#12641,.T.);
#12641 = LINE('',#12642,#12643);
#12642 = CARTESIAN_POINT('',(61.149723691636,142.29999999999,4.905));
#12643 = VECTOR('',#12644,1.);
#12644 = DIRECTION('',(0.,0.,1.));
#12645 = PLANE('',#12646);
#12646 = AXIS2_PLACEMENT_3D('',#12647,#12648,#12649);
#12647 = CARTESIAN_POINT('',(59.46271460688,143.98700908475,4.91));
#12648 = DIRECTION('',(0.707106781187,0.707106781187,0.));
#12649 = DIRECTION('',(-0.707106781187,0.707106781187,0.));
#12650 = ADVANCED_FACE('',(#12651),#12662,.T.);
#12651 = FACE_BOUND('',#12652,.F.);
#12652 = EDGE_LOOP('',(#12653,#12654,#12660,#12661));
#12653 = ORIENTED_EDGE('',*,*,#12075,.F.);
#12654 = ORIENTED_EDGE('',*,*,#12655,.T.);
#12655 = EDGE_CURVE('',#12076,#8005,#12656,.T.);
#12656 = LINE('',#12657,#12658);
#12657 = CARTESIAN_POINT('',(65.762714606881,143.98700908475,4.91));
#12658 = VECTOR('',#12659,1.);
#12659 = DIRECTION('',(0.,0.,-1.));
#12660 = ORIENTED_EDGE('',*,*,#8012,.F.);
#12661 = ORIENTED_EDGE('',*,*,#12632,.F.);
#12662 = PLANE('',#12663);
#12663 = AXIS2_PLACEMENT_3D('',#12664,#12665,#12666);
#12664 = CARTESIAN_POINT('',(65.762714606881,143.98700908475,4.91));
#12665 = DIRECTION('',(-0.,-1.,-0.));
#12666 = DIRECTION('',(1.,0.,0.));
#12667 = ADVANCED_FACE('',(#12668),#12687,.T.);
#12668 = FACE_BOUND('',#12669,.F.);
#12669 = EDGE_LOOP('',(#12670,#12678,#12684,#12685,#12686));
#12670 = ORIENTED_EDGE('',*,*,#12671,.T.);
#12671 = EDGE_CURVE('',#12084,#12672,#12674,.T.);
#12672 = VERTEX_POINT('',#12673);
#12673 = CARTESIAN_POINT('',(64.075705522124,142.29999999999,
    4.454486372868));
#12674 = LINE('',#12675,#12676);
#12675 = CARTESIAN_POINT('',(64.075705522124,142.29999999999,4.905));
#12676 = VECTOR('',#12677,1.);
#12677 = DIRECTION('',(0.,0.,-1.));
#12678 = ORIENTED_EDGE('',*,*,#12679,.F.);
#12679 = EDGE_CURVE('',#7997,#12672,#12680,.T.);
#12680 = LINE('',#12681,#12682);
#12681 = CARTESIAN_POINT('',(68.269339544407,146.49363402228,
    -2.809100822074));
#12682 = VECTOR('',#12683,1.);
#12683 = DIRECTION('',(-0.4472135955,-0.4472135955,0.774596669241));
#12684 = ORIENTED_EDGE('',*,*,#8004,.F.);
#12685 = ORIENTED_EDGE('',*,*,#12655,.F.);
#12686 = ORIENTED_EDGE('',*,*,#12083,.F.);
#12687 = PLANE('',#12688);
#12688 = AXIS2_PLACEMENT_3D('',#12689,#12690,#12691);
#12689 = CARTESIAN_POINT('',(63.81271460688,142.03700908475,4.91));
#12690 = DIRECTION('',(-0.707106781187,0.707106781187,0.));
#12691 = DIRECTION('',(-0.707106781187,-0.707106781187,-0.));
#12692 = ADVANCED_FACE('',(#12693),#12711,.T.);
#12693 = FACE_BOUND('',#12694,.F.);
#12694 = EDGE_LOOP('',(#12695,#12703,#12704,#12705));
#12695 = ORIENTED_EDGE('',*,*,#12696,.T.);
#12696 = EDGE_CURVE('',#12697,#7989,#12699,.T.);
#12697 = VERTEX_POINT('',#12698);
#12698 = CARTESIAN_POINT('',(70.721152263065,142.29999999999,
    4.454486372868));
#12699 = LINE('',#12700,#12701);
#12700 = CARTESIAN_POINT('',(72.763232526497,140.25791973656,
    7.991473142266));
#12701 = VECTOR('',#12702,1.);
#12702 = DIRECTION('',(-0.4472135955,0.4472135955,-0.774596669241));
#12703 = ORIENTED_EDGE('',*,*,#7996,.F.);
#12704 = ORIENTED_EDGE('',*,*,#12679,.T.);
#12705 = ORIENTED_EDGE('',*,*,#12706,.T.);
#12706 = EDGE_CURVE('',#12672,#12697,#12707,.T.);
#12707 = LINE('',#12708,#12709);
#12708 = CARTESIAN_POINT('',(97.518500160583,142.29999999999,
    4.454486372868));
#12709 = VECTOR('',#12710,1.);
#12710 = DIRECTION('',(1.,-0.,0.));
#12711 = PLANE('',#12712);
#12712 = AXIS2_PLACEMENT_3D('',#12713,#12714,#12715);
#12713 = CARTESIAN_POINT('',(100.52700032116,144.,1.51));
#12714 = DIRECTION('',(0.,-0.866025403784,-0.5));
#12715 = DIRECTION('',(0.,0.5,-0.866025403784));
#12716 = ADVANCED_FACE('',(#12717),#12734,.T.);
#12717 = FACE_BOUND('',#12718,.F.);
#12718 = EDGE_LOOP('',(#12719,#12720,#12726,#12727,#12728));
#12719 = ORIENTED_EDGE('',*,*,#12099,.F.);
#12720 = ORIENTED_EDGE('',*,*,#12721,.T.);
#12721 = EDGE_CURVE('',#12100,#7981,#12722,.T.);
#12722 = LINE('',#12723,#12724);
#12723 = CARTESIAN_POINT('',(69.034143178308,143.98700908475,4.91));
#12724 = VECTOR('',#12725,1.);
#12725 = DIRECTION('',(0.,0.,-1.));
#12726 = ORIENTED_EDGE('',*,*,#7988,.F.);
#12727 = ORIENTED_EDGE('',*,*,#12696,.F.);
#12728 = ORIENTED_EDGE('',*,*,#12729,.T.);
#12729 = EDGE_CURVE('',#12697,#12092,#12730,.T.);
#12730 = LINE('',#12731,#12732);
#12731 = CARTESIAN_POINT('',(70.721152263065,142.29999999999,4.905));
#12732 = VECTOR('',#12733,1.);
#12733 = DIRECTION('',(0.,0.,1.));
#12734 = PLANE('',#12735);
#12735 = AXIS2_PLACEMENT_3D('',#12736,#12737,#12738);
#12736 = CARTESIAN_POINT('',(69.034143178308,143.98700908475,4.91));
#12737 = DIRECTION('',(0.707106781187,0.707106781187,0.));
#12738 = DIRECTION('',(-0.707106781187,0.707106781187,0.));
#12739 = ADVANCED_FACE('',(#12740),#12751,.T.);
#12740 = FACE_BOUND('',#12741,.F.);
#12741 = EDGE_LOOP('',(#12742,#12743,#12749,#12750));
#12742 = ORIENTED_EDGE('',*,*,#12107,.F.);
#12743 = ORIENTED_EDGE('',*,*,#12744,.T.);
#12744 = EDGE_CURVE('',#12108,#7973,#12745,.T.);
#12745 = LINE('',#12746,#12747);
#12746 = CARTESIAN_POINT('',(75.334143178309,143.98700908475,4.91));
#12747 = VECTOR('',#12748,1.);
#12748 = DIRECTION('',(0.,0.,-1.));
#12749 = ORIENTED_EDGE('',*,*,#7980,.F.);
#12750 = ORIENTED_EDGE('',*,*,#12721,.F.);
#12751 = PLANE('',#12752);
#12752 = AXIS2_PLACEMENT_3D('',#12753,#12754,#12755);
#12753 = CARTESIAN_POINT('',(75.334143178309,143.98700908475,4.91));
#12754 = DIRECTION('',(-0.,-1.,-0.));
#12755 = DIRECTION('',(1.,0.,0.));
#12756 = ADVANCED_FACE('',(#12757),#12776,.T.);
#12757 = FACE_BOUND('',#12758,.F.);
#12758 = EDGE_LOOP('',(#12759,#12767,#12773,#12774,#12775));
#12759 = ORIENTED_EDGE('',*,*,#12760,.T.);
#12760 = EDGE_CURVE('',#12116,#12761,#12763,.T.);
#12761 = VERTEX_POINT('',#12762);
#12762 = CARTESIAN_POINT('',(73.647134093553,142.29999999999,
    4.454486372868));
#12763 = LINE('',#12764,#12765);
#12764 = CARTESIAN_POINT('',(73.647134093553,142.29999999999,4.905));
#12765 = VECTOR('',#12766,1.);
#12766 = DIRECTION('',(0.,0.,-1.));
#12767 = ORIENTED_EDGE('',*,*,#12768,.F.);
#12768 = EDGE_CURVE('',#7965,#12761,#12769,.T.);
#12769 = LINE('',#12770,#12771);
#12770 = CARTESIAN_POINT('',(76.883625258692,145.53649116513,
    -1.151280763401));
#12771 = VECTOR('',#12772,1.);
#12772 = DIRECTION('',(-0.4472135955,-0.4472135955,0.774596669241));
#12773 = ORIENTED_EDGE('',*,*,#7972,.F.);
#12774 = ORIENTED_EDGE('',*,*,#12744,.F.);
#12775 = ORIENTED_EDGE('',*,*,#12115,.F.);
#12776 = PLANE('',#12777);
#12777 = AXIS2_PLACEMENT_3D('',#12778,#12779,#12780);
#12778 = CARTESIAN_POINT('',(73.384143178309,142.03700908475,4.91));
#12779 = DIRECTION('',(-0.707106781187,0.707106781187,0.));
#12780 = DIRECTION('',(-0.707106781187,-0.707106781187,-0.));
#12781 = ADVANCED_FACE('',(#12782),#12800,.T.);
#12782 = FACE_BOUND('',#12783,.F.);
#12783 = EDGE_LOOP('',(#12784,#12792,#12793,#12794));
#12784 = ORIENTED_EDGE('',*,*,#12785,.T.);
#12785 = EDGE_CURVE('',#12786,#7957,#12788,.T.);
#12786 = VERTEX_POINT('',#12787);
#12787 = CARTESIAN_POINT('',(80.292580834493,142.29999999999,
    4.454486372868));
#12788 = LINE('',#12789,#12790);
#12789 = CARTESIAN_POINT('',(81.377518240782,141.21506259371,
    6.333653083593));
#12790 = VECTOR('',#12791,1.);
#12791 = DIRECTION('',(-0.4472135955,0.4472135955,-0.774596669241));
#12792 = ORIENTED_EDGE('',*,*,#7964,.F.);
#12793 = ORIENTED_EDGE('',*,*,#12768,.T.);
#12794 = ORIENTED_EDGE('',*,*,#12795,.T.);
#12795 = EDGE_CURVE('',#12761,#12786,#12796,.T.);
#12796 = LINE('',#12797,#12798);
#12797 = CARTESIAN_POINT('',(97.518500160583,142.29999999999,
    4.454486372868));
#12798 = VECTOR('',#12799,1.);
#12799 = DIRECTION('',(1.,-0.,0.));
#12800 = PLANE('',#12801);
#12801 = AXIS2_PLACEMENT_3D('',#12802,#12803,#12804);
#12802 = CARTESIAN_POINT('',(100.52700032116,144.,1.51));
#12803 = DIRECTION('',(0.,-0.866025403784,-0.5));
#12804 = DIRECTION('',(0.,0.5,-0.866025403784));
#12805 = ADVANCED_FACE('',(#12806),#12823,.T.);
#12806 = FACE_BOUND('',#12807,.F.);
#12807 = EDGE_LOOP('',(#12808,#12809,#12815,#12816,#12817));
#12808 = ORIENTED_EDGE('',*,*,#12131,.F.);
#12809 = ORIENTED_EDGE('',*,*,#12810,.T.);
#12810 = EDGE_CURVE('',#12132,#7949,#12811,.T.);
#12811 = LINE('',#12812,#12813);
#12812 = CARTESIAN_POINT('',(78.605571749737,143.98700908475,4.91));
#12813 = VECTOR('',#12814,1.);
#12814 = DIRECTION('',(0.,0.,-1.));
#12815 = ORIENTED_EDGE('',*,*,#7956,.F.);
#12816 = ORIENTED_EDGE('',*,*,#12785,.F.);
#12817 = ORIENTED_EDGE('',*,*,#12818,.T.);
#12818 = EDGE_CURVE('',#12786,#12124,#12819,.T.);
#12819 = LINE('',#12820,#12821);
#12820 = CARTESIAN_POINT('',(80.292580834493,142.29999999999,4.905));
#12821 = VECTOR('',#12822,1.);
#12822 = DIRECTION('',(0.,0.,1.));
#12823 = PLANE('',#12824);
#12824 = AXIS2_PLACEMENT_3D('',#12825,#12826,#12827);
#12825 = CARTESIAN_POINT('',(78.605571749737,143.98700908475,4.91));
#12826 = DIRECTION('',(0.707106781187,0.707106781187,0.));
#12827 = DIRECTION('',(-0.707106781187,0.707106781187,0.));
#12828 = ADVANCED_FACE('',(#12829),#12840,.T.);
#12829 = FACE_BOUND('',#12830,.F.);
#12830 = EDGE_LOOP('',(#12831,#12832,#12838,#12839));
#12831 = ORIENTED_EDGE('',*,*,#12139,.F.);
#12832 = ORIENTED_EDGE('',*,*,#12833,.T.);
#12833 = EDGE_CURVE('',#12140,#7941,#12834,.T.);
#12834 = LINE('',#12835,#12836);
#12835 = CARTESIAN_POINT('',(84.905571749738,143.98700908475,4.91));
#12836 = VECTOR('',#12837,1.);
#12837 = DIRECTION('',(0.,0.,-1.));
#12838 = ORIENTED_EDGE('',*,*,#7948,.F.);
#12839 = ORIENTED_EDGE('',*,*,#12810,.F.);
#12840 = PLANE('',#12841);
#12841 = AXIS2_PLACEMENT_3D('',#12842,#12843,#12844);
#12842 = CARTESIAN_POINT('',(84.905571749738,143.98700908475,4.91));
#12843 = DIRECTION('',(-0.,-1.,-0.));
#12844 = DIRECTION('',(1.,0.,0.));
#12845 = ADVANCED_FACE('',(#12846),#12865,.T.);
#12846 = FACE_BOUND('',#12847,.F.);
#12847 = EDGE_LOOP('',(#12848,#12856,#12862,#12863,#12864));
#12848 = ORIENTED_EDGE('',*,*,#12849,.T.);
#12849 = EDGE_CURVE('',#12148,#12850,#12852,.T.);
#12850 = VERTEX_POINT('',#12851);
#12851 = CARTESIAN_POINT('',(83.218562664982,142.29999999999,
    4.454486372868));
#12852 = LINE('',#12853,#12854);
#12853 = CARTESIAN_POINT('',(83.218562664982,142.29999999999,4.905));
#12854 = VECTOR('',#12855,1.);
#12855 = DIRECTION('',(0.,0.,-1.));
#12856 = ORIENTED_EDGE('',*,*,#12857,.F.);
#12857 = EDGE_CURVE('',#7933,#12850,#12858,.T.);
#12858 = LINE('',#12859,#12860);
#12859 = CARTESIAN_POINT('',(85.497910972978,144.57934830799,
    0.506539295272));
#12860 = VECTOR('',#12861,1.);
#12861 = DIRECTION('',(-0.4472135955,-0.4472135955,0.774596669241));
#12862 = ORIENTED_EDGE('',*,*,#7940,.F.);
#12863 = ORIENTED_EDGE('',*,*,#12833,.F.);
#12864 = ORIENTED_EDGE('',*,*,#12147,.F.);
#12865 = PLANE('',#12866);
#12866 = AXIS2_PLACEMENT_3D('',#12867,#12868,#12869);
#12867 = CARTESIAN_POINT('',(82.955571749737,142.03700908475,4.91));
#12868 = DIRECTION('',(-0.707106781187,0.707106781187,0.));
#12869 = DIRECTION('',(-0.707106781187,-0.707106781187,-0.));
#12870 = ADVANCED_FACE('',(#12871),#12889,.T.);
#12871 = FACE_BOUND('',#12872,.F.);
#12872 = EDGE_LOOP('',(#12873,#12881,#12882,#12883));
#12873 = ORIENTED_EDGE('',*,*,#12874,.T.);
#12874 = EDGE_CURVE('',#12875,#7925,#12877,.T.);
#12875 = VERTEX_POINT('',#12876);
#12876 = CARTESIAN_POINT('',(89.864009405922,142.29999999999,
    4.454486372868));
#12877 = LINE('',#12878,#12879);
#12878 = CARTESIAN_POINT('',(89.991803955068,142.17220545085,
    4.67583302492));
#12879 = VECTOR('',#12880,1.);
#12880 = DIRECTION('',(-0.4472135955,0.4472135955,-0.774596669241));
#12881 = ORIENTED_EDGE('',*,*,#7932,.F.);
#12882 = ORIENTED_EDGE('',*,*,#12857,.T.);
#12883 = ORIENTED_EDGE('',*,*,#12884,.T.);
#12884 = EDGE_CURVE('',#12850,#12875,#12885,.T.);
#12885 = LINE('',#12886,#12887);
#12886 = CARTESIAN_POINT('',(97.518500160583,142.29999999999,
    4.454486372868));
#12887 = VECTOR('',#12888,1.);
#12888 = DIRECTION('',(1.,-0.,0.));
#12889 = PLANE('',#12890);
#12890 = AXIS2_PLACEMENT_3D('',#12891,#12892,#12893);
#12891 = CARTESIAN_POINT('',(100.52700032116,144.,1.51));
#12892 = DIRECTION('',(0.,-0.866025403784,-0.5));
#12893 = DIRECTION('',(0.,0.5,-0.866025403784));
#12894 = ADVANCED_FACE('',(#12895),#12912,.T.);
#12895 = FACE_BOUND('',#12896,.F.);
#12896 = EDGE_LOOP('',(#12897,#12898,#12904,#12905,#12906));
#12897 = ORIENTED_EDGE('',*,*,#12163,.F.);
#12898 = ORIENTED_EDGE('',*,*,#12899,.T.);
#12899 = EDGE_CURVE('',#12164,#7917,#12900,.T.);
#12900 = LINE('',#12901,#12902);
#12901 = CARTESIAN_POINT('',(88.177000321166,143.98700908475,4.91));
#12902 = VECTOR('',#12903,1.);
#12903 = DIRECTION('',(0.,0.,-1.));
#12904 = ORIENTED_EDGE('',*,*,#7924,.F.);
#12905 = ORIENTED_EDGE('',*,*,#12874,.F.);
#12906 = ORIENTED_EDGE('',*,*,#12907,.T.);
#12907 = EDGE_CURVE('',#12875,#12156,#12908,.T.);
#12908 = LINE('',#12909,#12910);
#12909 = CARTESIAN_POINT('',(89.864009405922,142.29999999999,4.905));
#12910 = VECTOR('',#12911,1.);
#12911 = DIRECTION('',(0.,0.,1.));
#12912 = PLANE('',#12913);
#12913 = AXIS2_PLACEMENT_3D('',#12914,#12915,#12916);
#12914 = CARTESIAN_POINT('',(88.177000321166,143.98700908475,4.91));
#12915 = DIRECTION('',(0.707106781187,0.707106781187,0.));
#12916 = DIRECTION('',(-0.707106781187,0.707106781187,0.));
#12917 = ADVANCED_FACE('',(#12918),#12929,.T.);
#12918 = FACE_BOUND('',#12919,.F.);
#12919 = EDGE_LOOP('',(#12920,#12921,#12927,#12928));
#12920 = ORIENTED_EDGE('',*,*,#12171,.F.);
#12921 = ORIENTED_EDGE('',*,*,#12922,.T.);
#12922 = EDGE_CURVE('',#12172,#7909,#12923,.T.);
#12923 = LINE('',#12924,#12925);
#12924 = CARTESIAN_POINT('',(94.477000321166,143.98700908475,4.91));
#12925 = VECTOR('',#12926,1.);
#12926 = DIRECTION('',(0.,0.,-1.));
#12927 = ORIENTED_EDGE('',*,*,#7916,.F.);
#12928 = ORIENTED_EDGE('',*,*,#12899,.F.);
#12929 = PLANE('',#12930);
#12930 = AXIS2_PLACEMENT_3D('',#12931,#12932,#12933);
#12931 = CARTESIAN_POINT('',(94.477000321166,143.98700908475,4.91));
#12932 = DIRECTION('',(-0.,-1.,-0.));
#12933 = DIRECTION('',(1.,0.,0.));
#12934 = ADVANCED_FACE('',(#12935),#12947,.T.);
#12935 = FACE_BOUND('',#12936,.F.);
#12936 = EDGE_LOOP('',(#12937,#12943,#12944,#12945,#12946));
#12937 = ORIENTED_EDGE('',*,*,#12938,.T.);
#12938 = EDGE_CURVE('',#12180,#12210,#12939,.T.);
#12939 = LINE('',#12940,#12941);
#12940 = CARTESIAN_POINT('',(92.78999123641,142.29999999999,4.905));
#12941 = VECTOR('',#12942,1.);
#12942 = DIRECTION('',(0.,0.,-1.));
#12943 = ORIENTED_EDGE('',*,*,#12209,.F.);
#12944 = ORIENTED_EDGE('',*,*,#7908,.F.);
#12945 = ORIENTED_EDGE('',*,*,#12922,.F.);
#12946 = ORIENTED_EDGE('',*,*,#12179,.F.);
#12947 = PLANE('',#12948);
#12948 = AXIS2_PLACEMENT_3D('',#12949,#12950,#12951);
#12949 = CARTESIAN_POINT('',(92.527000321166,142.03700908475,4.91));
#12950 = DIRECTION('',(-0.707106781187,0.707106781187,0.));
#12951 = DIRECTION('',(-0.707106781187,-0.707106781187,-0.));
#12952 = ADVANCED_FACE('',(#12953),#12969,.F.);
#12953 = FACE_BOUND('',#12954,.F.);
#12954 = EDGE_LOOP('',(#12955,#12962,#12963,#12964));
#12955 = ORIENTED_EDGE('',*,*,#12956,.F.);
#12956 = EDGE_CURVE('',#8659,#12957,#12959,.T.);
#12957 = VERTEX_POINT('',#12958);
#12958 = CARTESIAN_POINT('',(102.137,128.01000032117,4.9));
#12959 = B_SPLINE_CURVE_WITH_KNOTS('',1,(#12960,#12961),.UNSPECIFIED.,
  .F.,.F.,(2,2),(0.,1.),.PIECEWISE_BEZIER_KNOTS.);
#12960 = CARTESIAN_POINT('',(105.527,131.40000032117,1.51));
#12961 = CARTESIAN_POINT('',(102.127,128.00000032117,4.91));
#12962 = ORIENTED_EDGE('',*,*,#8666,.F.);
#12963 = ORIENTED_EDGE('',*,*,#8702,.T.);
#12964 = ORIENTED_EDGE('',*,*,#12965,.T.);
#12965 = EDGE_CURVE('',#8693,#12957,#12966,.T.);
#12966 = B_SPLINE_CURVE_WITH_KNOTS('',1,(#12967,#12968),.UNSPECIFIED.,
  .F.,.F.,(2,2),(0.,1.),.PIECEWISE_BEZIER_KNOTS.);
#12967 = CARTESIAN_POINT('',(102.137,139.00000032022,4.9));
#12968 = CARTESIAN_POINT('',(102.137,127.99845528519,4.9));
#12969 = B_SPLINE_SURFACE_WITH_KNOTS('',1,1,(
    (#12970,#12971)
    ,(#12972,#12973
    )),.UNSPECIFIED.,.F.,.F.,.F.,(2,2),(2,2),(-3.2109997505E-07,
    128.00000032117),(0.,1.),.PIECEWISE_BEZIER_KNOTS.);
#12970 = CARTESIAN_POINT('',(105.527,11.,1.51));
#12971 = CARTESIAN_POINT('',(102.127,10.9999996789,4.91));
#12972 = CARTESIAN_POINT('',(105.527,139.,1.51));
#12973 = CARTESIAN_POINT('',(102.127,139.00000032117,4.91));
#12974 = ADVANCED_FACE('',(#12975),#12993,.F.);
#12975 = FACE_BOUND('',#12976,.T.);
#12976 = EDGE_LOOP('',(#12977,#12985,#12986,#12987));
#12977 = ORIENTED_EDGE('',*,*,#12978,.F.);
#12978 = EDGE_CURVE('',#12957,#12979,#12981,.T.);
#12979 = VERTEX_POINT('',#12980);
#12980 = CARTESIAN_POINT('',(105.52699999999,131.40000032116,4.9));
#12981 = LINE('',#12982,#12983);
#12982 = CARTESIAN_POINT('',(80.77098502982,106.64398535099,4.9));
#12983 = VECTOR('',#12984,1.);
#12984 = DIRECTION('',(0.707106781187,0.707106781187,-0.));
#12985 = ORIENTED_EDGE('',*,*,#12956,.F.);
#12986 = ORIENTED_EDGE('',*,*,#8658,.F.);
#12987 = ORIENTED_EDGE('',*,*,#12988,.F.);
#12988 = EDGE_CURVE('',#12979,#8651,#12989,.T.);
#12989 = LINE('',#12990,#12991);
#12990 = CARTESIAN_POINT('',(105.52699999999,131.40000032116,4.91));
#12991 = VECTOR('',#12992,1.);
#12992 = DIRECTION('',(0.,0.,-1.));
#12993 = PLANE('',#12994);
#12994 = AXIS2_PLACEMENT_3D('',#12995,#12996,#12997);
#12995 = CARTESIAN_POINT('',(102.127,128.00000032117,4.91));
#12996 = DIRECTION('',(-0.707106781187,0.707106781187,0.));
#12997 = DIRECTION('',(-0.707106781187,-0.707106781187,-0.));
#12998 = ADVANCED_FACE('',(#12999),#13017,.F.);
#12999 = FACE_BOUND('',#13000,.T.);
#13000 = EDGE_LOOP('',(#13001,#13009,#13010,#13011));
#13001 = ORIENTED_EDGE('',*,*,#13002,.F.);
#13002 = EDGE_CURVE('',#12979,#13003,#13005,.T.);
#13003 = VERTEX_POINT('',#13004);
#13004 = CARTESIAN_POINT('',(105.52699999999,122.20000032117,4.9));
#13005 = LINE('',#13006,#13007);
#13006 = CARTESIAN_POINT('',(105.52699999999,110.56114808624,4.9));
#13007 = VECTOR('',#13008,1.);
#13008 = DIRECTION('',(0.,-1.,0.));
#13009 = ORIENTED_EDGE('',*,*,#12988,.T.);
#13010 = ORIENTED_EDGE('',*,*,#8650,.F.);
#13011 = ORIENTED_EDGE('',*,*,#13012,.F.);
#13012 = EDGE_CURVE('',#13003,#8643,#13013,.T.);
#13013 = LINE('',#13014,#13015);
#13014 = CARTESIAN_POINT('',(105.52699999999,122.20000032117,4.91));
#13015 = VECTOR('',#13016,1.);
#13016 = DIRECTION('',(0.,0.,-1.));
#13017 = PLANE('',#13018);
#13018 = AXIS2_PLACEMENT_3D('',#13019,#13020,#13021);
#13019 = CARTESIAN_POINT('',(105.52699999999,131.40000032116,4.91));
#13020 = DIRECTION('',(1.,0.,0.));
#13021 = DIRECTION('',(0.,1.,0.));
#13022 = ADVANCED_FACE('',(#13023),#13040,.F.);
#13023 = FACE_BOUND('',#13024,.T.);
#13024 = EDGE_LOOP('',(#13025,#13033,#13034,#13035));
#13025 = ORIENTED_EDGE('',*,*,#13026,.F.);
#13026 = EDGE_CURVE('',#13003,#13027,#13029,.T.);
#13027 = VERTEX_POINT('',#13028);
#13028 = CARTESIAN_POINT('',(102.137,125.59000032117,4.9));
#13029 = LINE('',#13030,#13031);
#13030 = CARTESIAN_POINT('',(101.00983726474,126.71716305642,4.9));
#13031 = VECTOR('',#13032,1.);
#13032 = DIRECTION('',(-0.707106781187,0.707106781187,0.));
#13033 = ORIENTED_EDGE('',*,*,#13012,.T.);
#13034 = ORIENTED_EDGE('',*,*,#8642,.F.);
#13035 = ORIENTED_EDGE('',*,*,#13036,.T.);
#13036 = EDGE_CURVE('',#8636,#13027,#13037,.T.);
#13037 = B_SPLINE_CURVE_WITH_KNOTS('',1,(#13038,#13039),.UNSPECIFIED.,
  .F.,.F.,(2,2),(0.,1.),.PIECEWISE_BEZIER_KNOTS.);
#13038 = CARTESIAN_POINT('',(105.527,122.20000032117,1.51));
#13039 = CARTESIAN_POINT('',(102.127,125.60000032117,4.91));
#13040 = PLANE('',#13041);
#13041 = AXIS2_PLACEMENT_3D('',#13042,#13043,#13044);
#13042 = CARTESIAN_POINT('',(105.52699999999,122.20000032117,4.91));
#13043 = DIRECTION('',(-0.707106781187,-0.707106781187,-0.));
#13044 = DIRECTION('',(0.707106781187,-0.707106781187,0.));
#13045 = ADVANCED_FACE('',(#13046),#13062,.F.);
#13046 = FACE_BOUND('',#13047,.F.);
#13047 = EDGE_LOOP('',(#13048,#13055,#13056,#13057));
#13048 = ORIENTED_EDGE('',*,*,#13049,.F.);
#13049 = EDGE_CURVE('',#8628,#13050,#13052,.T.);
#13050 = VERTEX_POINT('',#13051);
#13051 = CARTESIAN_POINT('',(102.137,116.23222254339,4.9));
#13052 = B_SPLINE_CURVE_WITH_KNOTS('',1,(#13053,#13054),.UNSPECIFIED.,
  .F.,.F.,(2,2),(0.,1.),.PIECEWISE_BEZIER_KNOTS.);
#13053 = CARTESIAN_POINT('',(105.527,119.62222254339,1.51));
#13054 = CARTESIAN_POINT('',(102.127,116.22222254339,4.91));
#13055 = ORIENTED_EDGE('',*,*,#8635,.F.);
#13056 = ORIENTED_EDGE('',*,*,#13036,.T.);
#13057 = ORIENTED_EDGE('',*,*,#13058,.T.);
#13058 = EDGE_CURVE('',#13027,#13050,#13059,.T.);
#13059 = B_SPLINE_CURVE_WITH_KNOTS('',1,(#13060,#13061),.UNSPECIFIED.,
  .F.,.F.,(2,2),(0.,1.),.PIECEWISE_BEZIER_KNOTS.);
#13060 = CARTESIAN_POINT('',(102.137,125.60154535561,4.9));
#13061 = CARTESIAN_POINT('',(102.137,116.22067750759,4.9));
#13062 = B_SPLINE_SURFACE_WITH_KNOTS('',1,1,(
    (#13063,#13064)
    ,(#13065,#13066
    )),.UNSPECIFIED.,.F.,.F.,.F.,(2,2),(2,2),(-3.2109997505E-07,
    128.00000032117),(0.,1.),.PIECEWISE_BEZIER_KNOTS.);
#13063 = CARTESIAN_POINT('',(105.527,11.,1.51));
#13064 = CARTESIAN_POINT('',(102.127,10.9999996789,4.91));
#13065 = CARTESIAN_POINT('',(105.527,139.,1.51));
#13066 = CARTESIAN_POINT('',(102.127,139.00000032117,4.91));
#13067 = ADVANCED_FACE('',(#13068),#13086,.F.);
#13068 = FACE_BOUND('',#13069,.T.);
#13069 = EDGE_LOOP('',(#13070,#13078,#13079,#13080));
#13070 = ORIENTED_EDGE('',*,*,#13071,.F.);
#13071 = EDGE_CURVE('',#13050,#13072,#13074,.T.);
#13072 = VERTEX_POINT('',#13073);
#13073 = CARTESIAN_POINT('',(105.52699999999,119.62222254339,4.9));
#13074 = LINE('',#13075,#13076);
#13075 = CARTESIAN_POINT('',(83.715429474265,97.810652017657,4.9));
#13076 = VECTOR('',#13077,1.);
#13077 = DIRECTION('',(0.707106781187,0.707106781187,-0.));
#13078 = ORIENTED_EDGE('',*,*,#13049,.F.);
#13079 = ORIENTED_EDGE('',*,*,#8627,.F.);
#13080 = ORIENTED_EDGE('',*,*,#13081,.F.);
#13081 = EDGE_CURVE('',#13072,#8620,#13082,.T.);
#13082 = LINE('',#13083,#13084);
#13083 = CARTESIAN_POINT('',(105.52699999999,119.62222254339,4.91));
#13084 = VECTOR('',#13085,1.);
#13085 = DIRECTION('',(0.,0.,-1.));
#13086 = PLANE('',#13087);
#13087 = AXIS2_PLACEMENT_3D('',#13088,#13089,#13090);
#13088 = CARTESIAN_POINT('',(102.127,116.22222254339,4.91));
#13089 = DIRECTION('',(-0.707106781187,0.707106781187,0.));
#13090 = DIRECTION('',(-0.707106781187,-0.707106781187,-0.));
#13091 = ADVANCED_FACE('',(#13092),#13110,.F.);
#13092 = FACE_BOUND('',#13093,.T.);
#13093 = EDGE_LOOP('',(#13094,#13102,#13103,#13104));
#13094 = ORIENTED_EDGE('',*,*,#13095,.F.);
#13095 = EDGE_CURVE('',#13072,#13096,#13098,.T.);
#13096 = VERTEX_POINT('',#13097);
#13097 = CARTESIAN_POINT('',(105.52699999999,110.42222254339,4.9));
#13098 = LINE('',#13099,#13100);
#13099 = CARTESIAN_POINT('',(105.52699999999,104.67225919735,4.9));
#13100 = VECTOR('',#13101,1.);
#13101 = DIRECTION('',(0.,-1.,0.));
#13102 = ORIENTED_EDGE('',*,*,#13081,.T.);
#13103 = ORIENTED_EDGE('',*,*,#8619,.F.);
#13104 = ORIENTED_EDGE('',*,*,#13105,.F.);
#13105 = EDGE_CURVE('',#13096,#8612,#13106,.T.);
#13106 = LINE('',#13107,#13108);
#13107 = CARTESIAN_POINT('',(105.52699999999,110.42222254339,4.91));
#13108 = VECTOR('',#13109,1.);
#13109 = DIRECTION('',(0.,0.,-1.));
#13110 = PLANE('',#13111);
#13111 = AXIS2_PLACEMENT_3D('',#13112,#13113,#13114);
#13112 = CARTESIAN_POINT('',(105.52699999999,119.62222254339,4.91));
#13113 = DIRECTION('',(1.,0.,0.));
#13114 = DIRECTION('',(0.,1.,0.));
#13115 = ADVANCED_FACE('',(#13116),#13133,.F.);
#13116 = FACE_BOUND('',#13117,.T.);
#13117 = EDGE_LOOP('',(#13118,#13126,#13127,#13128));
#13118 = ORIENTED_EDGE('',*,*,#13119,.F.);
#13119 = EDGE_CURVE('',#13096,#13120,#13122,.T.);
#13120 = VERTEX_POINT('',#13121);
#13121 = CARTESIAN_POINT('',(102.137,113.81222254339,4.9));
#13122 = LINE('',#13123,#13124);
#13123 = CARTESIAN_POINT('',(98.065392820298,117.88382972309,4.9));
#13124 = VECTOR('',#13125,1.);
#13125 = DIRECTION('',(-0.707106781187,0.707106781187,0.));
#13126 = ORIENTED_EDGE('',*,*,#13105,.T.);
#13127 = ORIENTED_EDGE('',*,*,#8611,.F.);
#13128 = ORIENTED_EDGE('',*,*,#13129,.T.);
#13129 = EDGE_CURVE('',#8605,#13120,#13130,.T.);
#13130 = B_SPLINE_CURVE_WITH_KNOTS('',1,(#13131,#13132),.UNSPECIFIED.,
  .F.,.F.,(2,2),(0.,1.),.PIECEWISE_BEZIER_KNOTS.);
#13131 = CARTESIAN_POINT('',(105.527,110.42222254339,1.51));
#13132 = CARTESIAN_POINT('',(102.127,113.82222254339,4.91));
#13133 = PLANE('',#13134);
#13134 = AXIS2_PLACEMENT_3D('',#13135,#13136,#13137);
#13135 = CARTESIAN_POINT('',(105.52699999999,110.42222254339,4.91));
#13136 = DIRECTION('',(-0.707106781187,-0.707106781187,-0.));
#13137 = DIRECTION('',(0.707106781187,-0.707106781187,0.));
#13138 = ADVANCED_FACE('',(#13139),#13155,.F.);
#13139 = FACE_BOUND('',#13140,.F.);
#13140 = EDGE_LOOP('',(#13141,#13148,#13149,#13150));
#13141 = ORIENTED_EDGE('',*,*,#13142,.F.);
#13142 = EDGE_CURVE('',#8597,#13143,#13145,.T.);
#13143 = VERTEX_POINT('',#13144);
#13144 = CARTESIAN_POINT('',(102.137,104.45444476561,4.9));
#13145 = B_SPLINE_CURVE_WITH_KNOTS('',1,(#13146,#13147),.UNSPECIFIED.,
  .F.,.F.,(2,2),(0.,1.),.PIECEWISE_BEZIER_KNOTS.);
#13146 = CARTESIAN_POINT('',(105.527,107.84444476561,1.51));
#13147 = CARTESIAN_POINT('',(102.127,104.44444476561,4.91));
#13148 = ORIENTED_EDGE('',*,*,#8604,.F.);
#13149 = ORIENTED_EDGE('',*,*,#13129,.T.);
#13150 = ORIENTED_EDGE('',*,*,#13151,.T.);
#13151 = EDGE_CURVE('',#13120,#13143,#13152,.T.);
#13152 = B_SPLINE_CURVE_WITH_KNOTS('',1,(#13153,#13154),.UNSPECIFIED.,
  .F.,.F.,(2,2),(0.,1.),.PIECEWISE_BEZIER_KNOTS.);
#13153 = CARTESIAN_POINT('',(102.137,113.823767578,4.9));
#13154 = CARTESIAN_POINT('',(102.137,104.44289972999,4.9));
#13155 = B_SPLINE_SURFACE_WITH_KNOTS('',1,1,(
    (#13156,#13157)
    ,(#13158,#13159
    )),.UNSPECIFIED.,.F.,.F.,.F.,(2,2),(2,2),(-3.2109997505E-07,
    128.00000032117),(0.,1.),.PIECEWISE_BEZIER_KNOTS.);
#13156 = CARTESIAN_POINT('',(105.527,11.,1.51));
#13157 = CARTESIAN_POINT('',(102.127,10.9999996789,4.91));
#13158 = CARTESIAN_POINT('',(105.527,139.,1.51));
#13159 = CARTESIAN_POINT('',(102.127,139.00000032117,4.91));
#13160 = ADVANCED_FACE('',(#13161),#13179,.F.);
#13161 = FACE_BOUND('',#13162,.T.);
#13162 = EDGE_LOOP('',(#13163,#13171,#13172,#13173));
#13163 = ORIENTED_EDGE('',*,*,#13164,.F.);
#13164 = EDGE_CURVE('',#13143,#13165,#13167,.T.);
#13165 = VERTEX_POINT('',#13166);
#13166 = CARTESIAN_POINT('',(105.52699999999,107.84444476561,4.9));
#13167 = LINE('',#13168,#13169);
#13168 = CARTESIAN_POINT('',(86.659873918709,88.977318684324,4.9));
#13169 = VECTOR('',#13170,1.);
#13170 = DIRECTION('',(0.707106781187,0.707106781187,-0.));
#13171 = ORIENTED_EDGE('',*,*,#13142,.F.);
#13172 = ORIENTED_EDGE('',*,*,#8596,.F.);
#13173 = ORIENTED_EDGE('',*,*,#13174,.F.);
#13174 = EDGE_CURVE('',#13165,#8589,#13175,.T.);
#13175 = LINE('',#13176,#13177);
#13176 = CARTESIAN_POINT('',(105.52699999999,107.84444476561,4.91));
#13177 = VECTOR('',#13178,1.);
#13178 = DIRECTION('',(0.,0.,-1.));
#13179 = PLANE('',#13180);
#13180 = AXIS2_PLACEMENT_3D('',#13181,#13182,#13183);
#13181 = CARTESIAN_POINT('',(102.127,104.44444476561,4.91));
#13182 = DIRECTION('',(-0.707106781187,0.707106781187,0.));
#13183 = DIRECTION('',(-0.707106781187,-0.707106781187,-0.));
#13184 = ADVANCED_FACE('',(#13185),#13203,.F.);
#13185 = FACE_BOUND('',#13186,.T.);
#13186 = EDGE_LOOP('',(#13187,#13195,#13196,#13197));
#13187 = ORIENTED_EDGE('',*,*,#13188,.F.);
#13188 = EDGE_CURVE('',#13165,#13189,#13191,.T.);
#13189 = VERTEX_POINT('',#13190);
#13190 = CARTESIAN_POINT('',(105.52699999999,98.644444765615,4.9));
#13191 = LINE('',#13192,#13193);
#13192 = CARTESIAN_POINT('',(105.52699999999,98.783370308469,4.9));
#13193 = VECTOR('',#13194,1.);
#13194 = DIRECTION('',(0.,-1.,0.));
#13195 = ORIENTED_EDGE('',*,*,#13174,.T.);
#13196 = ORIENTED_EDGE('',*,*,#8588,.F.);
#13197 = ORIENTED_EDGE('',*,*,#13198,.F.);
#13198 = EDGE_CURVE('',#13189,#8581,#13199,.T.);
#13199 = LINE('',#13200,#13201);
#13200 = CARTESIAN_POINT('',(105.52699999999,98.644444765615,4.91));
#13201 = VECTOR('',#13202,1.);
#13202 = DIRECTION('',(0.,0.,-1.));
#13203 = PLANE('',#13204);
#13204 = AXIS2_PLACEMENT_3D('',#13205,#13206,#13207);
#13205 = CARTESIAN_POINT('',(105.52699999999,107.84444476561,4.91));
#13206 = DIRECTION('',(1.,0.,0.));
#13207 = DIRECTION('',(0.,1.,0.));
#13208 = ADVANCED_FACE('',(#13209),#13226,.F.);
#13209 = FACE_BOUND('',#13210,.T.);
#13210 = EDGE_LOOP('',(#13211,#13219,#13220,#13221));
#13211 = ORIENTED_EDGE('',*,*,#13212,.F.);
#13212 = EDGE_CURVE('',#13189,#13213,#13215,.T.);
#13213 = VERTEX_POINT('',#13214);
#13214 = CARTESIAN_POINT('',(102.137,102.03444476561,4.9));
#13215 = LINE('',#13216,#13217);
#13216 = CARTESIAN_POINT('',(95.120948375854,109.05049638976,4.9));
#13217 = VECTOR('',#13218,1.);
#13218 = DIRECTION('',(-0.707106781187,0.707106781187,0.));
#13219 = ORIENTED_EDGE('',*,*,#13198,.T.);
#13220 = ORIENTED_EDGE('',*,*,#8580,.F.);
#13221 = ORIENTED_EDGE('',*,*,#13222,.T.);
#13222 = EDGE_CURVE('',#8574,#13213,#13223,.T.);
#13223 = B_SPLINE_CURVE_WITH_KNOTS('',1,(#13224,#13225),.UNSPECIFIED.,
  .F.,.F.,(2,2),(0.,1.),.PIECEWISE_BEZIER_KNOTS.);
#13224 = CARTESIAN_POINT('',(105.527,98.644444765614,1.51));
#13225 = CARTESIAN_POINT('',(102.127,102.04444476561,4.91));
#13226 = PLANE('',#13227);
#13227 = AXIS2_PLACEMENT_3D('',#13228,#13229,#13230);
#13228 = CARTESIAN_POINT('',(105.52699999999,98.644444765615,4.91));
#13229 = DIRECTION('',(-0.707106781187,-0.707106781187,-0.));
#13230 = DIRECTION('',(0.707106781187,-0.707106781187,0.));
#13231 = ADVANCED_FACE('',(#13232),#13248,.F.);
#13232 = FACE_BOUND('',#13233,.F.);
#13233 = EDGE_LOOP('',(#13234,#13241,#13242,#13243));
#13234 = ORIENTED_EDGE('',*,*,#13235,.F.);
#13235 = EDGE_CURVE('',#8566,#13236,#13238,.T.);
#13236 = VERTEX_POINT('',#13237);
#13237 = CARTESIAN_POINT('',(102.137,92.676666987837,4.9));
#13238 = B_SPLINE_CURVE_WITH_KNOTS('',1,(#13239,#13240),.UNSPECIFIED.,
  .F.,.F.,(2,2),(0.,1.),.PIECEWISE_BEZIER_KNOTS.);
#13239 = CARTESIAN_POINT('',(105.527,96.066666987837,1.51));
#13240 = CARTESIAN_POINT('',(102.127,92.666666987837,4.91));
#13241 = ORIENTED_EDGE('',*,*,#8573,.F.);
#13242 = ORIENTED_EDGE('',*,*,#13222,.T.);
#13243 = ORIENTED_EDGE('',*,*,#13244,.T.);
#13244 = EDGE_CURVE('',#13213,#13236,#13245,.T.);
#13245 = B_SPLINE_CURVE_WITH_KNOTS('',1,(#13246,#13247),.UNSPECIFIED.,
  .F.,.F.,(2,2),(0.,1.),.PIECEWISE_BEZIER_KNOTS.);
#13246 = CARTESIAN_POINT('',(102.137,102.0459898004,4.9));
#13247 = CARTESIAN_POINT('',(102.137,92.665121952387,4.9));
#13248 = B_SPLINE_SURFACE_WITH_KNOTS('',1,1,(
    (#13249,#13250)
    ,(#13251,#13252
    )),.UNSPECIFIED.,.F.,.F.,.F.,(2,2),(2,2),(-3.2109997505E-07,
    128.00000032117),(0.,1.),.PIECEWISE_BEZIER_KNOTS.);
#13249 = CARTESIAN_POINT('',(105.527,11.,1.51));
#13250 = CARTESIAN_POINT('',(102.127,10.9999996789,4.91));
#13251 = CARTESIAN_POINT('',(105.527,139.,1.51));
#13252 = CARTESIAN_POINT('',(102.127,139.00000032117,4.91));
#13253 = ADVANCED_FACE('',(#13254),#13272,.F.);
#13254 = FACE_BOUND('',#13255,.T.);
#13255 = EDGE_LOOP('',(#13256,#13264,#13265,#13266));
#13256 = ORIENTED_EDGE('',*,*,#13257,.F.);
#13257 = EDGE_CURVE('',#13236,#13258,#13260,.T.);
#13258 = VERTEX_POINT('',#13259);
#13259 = CARTESIAN_POINT('',(105.52699999999,96.066666987836,4.9));
#13260 = LINE('',#13261,#13262);
#13261 = CARTESIAN_POINT('',(89.604318363154,80.14398535099,4.9));
#13262 = VECTOR('',#13263,1.);
#13263 = DIRECTION('',(0.707106781187,0.707106781187,-0.));
#13264 = ORIENTED_EDGE('',*,*,#13235,.F.);
#13265 = ORIENTED_EDGE('',*,*,#8565,.F.);
#13266 = ORIENTED_EDGE('',*,*,#13267,.F.);
#13267 = EDGE_CURVE('',#13258,#8558,#13268,.T.);
#13268 = LINE('',#13269,#13270);
#13269 = CARTESIAN_POINT('',(105.52699999999,96.066666987836,4.91));
#13270 = VECTOR('',#13271,1.);
#13271 = DIRECTION('',(0.,0.,-1.));
#13272 = PLANE('',#13273);
#13273 = AXIS2_PLACEMENT_3D('',#13274,#13275,#13276);
#13274 = CARTESIAN_POINT('',(102.127,92.666666987837,4.91));
#13275 = DIRECTION('',(-0.707106781187,0.707106781187,0.));
#13276 = DIRECTION('',(-0.707106781187,-0.707106781187,-0.));
#13277 = ADVANCED_FACE('',(#13278),#13296,.F.);
#13278 = FACE_BOUND('',#13279,.T.);
#13279 = EDGE_LOOP('',(#13280,#13288,#13289,#13290));
#13280 = ORIENTED_EDGE('',*,*,#13281,.F.);
#13281 = EDGE_CURVE('',#13258,#13282,#13284,.T.);
#13282 = VERTEX_POINT('',#13283);
#13283 = CARTESIAN_POINT('',(105.52699999999,86.866666987837,4.9));
#13284 = LINE('',#13285,#13286);
#13285 = CARTESIAN_POINT('',(105.52699999999,92.89448141958,4.9));
#13286 = VECTOR('',#13287,1.);
#13287 = DIRECTION('',(0.,-1.,0.));
#13288 = ORIENTED_EDGE('',*,*,#13267,.T.);
#13289 = ORIENTED_EDGE('',*,*,#8557,.F.);
#13290 = ORIENTED_EDGE('',*,*,#13291,.F.);
#13291 = EDGE_CURVE('',#13282,#8550,#13292,.T.);
#13292 = LINE('',#13293,#13294);
#13293 = CARTESIAN_POINT('',(105.52699999999,86.866666987837,4.91));
#13294 = VECTOR('',#13295,1.);
#13295 = DIRECTION('',(0.,0.,-1.));
#13296 = PLANE('',#13297);
#13297 = AXIS2_PLACEMENT_3D('',#13298,#13299,#13300);
#13298 = CARTESIAN_POINT('',(105.52699999999,96.066666987836,4.91));
#13299 = DIRECTION('',(1.,0.,0.));
#13300 = DIRECTION('',(0.,1.,0.));
#13301 = ADVANCED_FACE('',(#13302),#13319,.F.);
#13302 = FACE_BOUND('',#13303,.T.);
#13303 = EDGE_LOOP('',(#13304,#13312,#13313,#13314));
#13304 = ORIENTED_EDGE('',*,*,#13305,.F.);
#13305 = EDGE_CURVE('',#13282,#13306,#13308,.T.);
#13306 = VERTEX_POINT('',#13307);
#13307 = CARTESIAN_POINT('',(102.137,90.256666987837,4.9));
#13308 = LINE('',#13309,#13310);
#13309 = CARTESIAN_POINT('',(92.17650393141,100.21716305642,4.9));
#13310 = VECTOR('',#13311,1.);
#13311 = DIRECTION('',(-0.707106781187,0.707106781187,0.));
#13312 = ORIENTED_EDGE('',*,*,#13291,.T.);
#13313 = ORIENTED_EDGE('',*,*,#8549,.F.);
#13314 = ORIENTED_EDGE('',*,*,#13315,.T.);
#13315 = EDGE_CURVE('',#8543,#13306,#13316,.T.);
#13316 = B_SPLINE_CURVE_WITH_KNOTS('',1,(#13317,#13318),.UNSPECIFIED.,
  .F.,.F.,(2,2),(0.,1.),.PIECEWISE_BEZIER_KNOTS.);
#13317 = CARTESIAN_POINT('',(105.527,86.866666987837,1.51));
#13318 = CARTESIAN_POINT('',(102.127,90.266666987837,4.91));
#13319 = PLANE('',#13320);
#13320 = AXIS2_PLACEMENT_3D('',#13321,#13322,#13323);
#13321 = CARTESIAN_POINT('',(105.52699999999,86.866666987837,4.91));
#13322 = DIRECTION('',(-0.707106781187,-0.707106781187,-0.));
#13323 = DIRECTION('',(0.707106781187,-0.707106781187,0.));
#13324 = ADVANCED_FACE('',(#13325),#13341,.F.);
#13325 = FACE_BOUND('',#13326,.F.);
#13326 = EDGE_LOOP('',(#13327,#13334,#13335,#13336));
#13327 = ORIENTED_EDGE('',*,*,#13328,.F.);
#13328 = EDGE_CURVE('',#8535,#13329,#13331,.T.);
#13329 = VERTEX_POINT('',#13330);
#13330 = CARTESIAN_POINT('',(102.137,80.898889210059,4.9));
#13331 = B_SPLINE_CURVE_WITH_KNOTS('',1,(#13332,#13333),.UNSPECIFIED.,
  .F.,.F.,(2,2),(0.,1.),.PIECEWISE_BEZIER_KNOTS.);
#13332 = CARTESIAN_POINT('',(105.527,84.288889210059,1.51));
#13333 = CARTESIAN_POINT('',(102.127,80.888889210059,4.91));
#13334 = ORIENTED_EDGE('',*,*,#8542,.F.);
#13335 = ORIENTED_EDGE('',*,*,#13315,.T.);
#13336 = ORIENTED_EDGE('',*,*,#13337,.T.);
#13337 = EDGE_CURVE('',#13306,#13329,#13338,.T.);
#13338 = B_SPLINE_CURVE_WITH_KNOTS('',1,(#13339,#13340),.UNSPECIFIED.,
  .F.,.F.,(2,2),(0.,1.),.PIECEWISE_BEZIER_KNOTS.);
#13339 = CARTESIAN_POINT('',(102.137,90.2682120228,4.9));
#13340 = CARTESIAN_POINT('',(102.137,80.887344174783,4.9));
#13341 = B_SPLINE_SURFACE_WITH_KNOTS('',1,1,(
    (#13342,#13343)
    ,(#13344,#13345
    )),.UNSPECIFIED.,.F.,.F.,.F.,(2,2),(2,2),(-3.2109997505E-07,
    128.00000032117),(0.,1.),.PIECEWISE_BEZIER_KNOTS.);
#13342 = CARTESIAN_POINT('',(105.527,11.,1.51));
#13343 = CARTESIAN_POINT('',(102.127,10.9999996789,4.91));
#13344 = CARTESIAN_POINT('',(105.527,139.,1.51));
#13345 = CARTESIAN_POINT('',(102.127,139.00000032117,4.91));
#13346 = ADVANCED_FACE('',(#13347),#13365,.F.);
#13347 = FACE_BOUND('',#13348,.T.);
#13348 = EDGE_LOOP('',(#13349,#13357,#13358,#13359));
#13349 = ORIENTED_EDGE('',*,*,#13350,.F.);
#13350 = EDGE_CURVE('',#13329,#13351,#13353,.T.);
#13351 = VERTEX_POINT('',#13352);
#13352 = CARTESIAN_POINT('',(105.52699999999,84.288889210058,4.9));
#13353 = LINE('',#13354,#13355);
#13354 = CARTESIAN_POINT('',(92.548762807598,71.310652017657,4.9));
#13355 = VECTOR('',#13356,1.);
#13356 = DIRECTION('',(0.707106781187,0.707106781187,-0.));
#13357 = ORIENTED_EDGE('',*,*,#13328,.F.);
#13358 = ORIENTED_EDGE('',*,*,#8534,.F.);
#13359 = ORIENTED_EDGE('',*,*,#13360,.F.);
#13360 = EDGE_CURVE('',#13351,#8527,#13361,.T.);
#13361 = LINE('',#13362,#13363);
#13362 = CARTESIAN_POINT('',(105.52699999999,84.288889210058,4.91));
#13363 = VECTOR('',#13364,1.);
#13364 = DIRECTION('',(0.,0.,-1.));
#13365 = PLANE('',#13366);
#13366 = AXIS2_PLACEMENT_3D('',#13367,#13368,#13369);
#13367 = CARTESIAN_POINT('',(102.127,80.888889210059,4.91));
#13368 = DIRECTION('',(-0.707106781187,0.707106781187,0.));
#13369 = DIRECTION('',(-0.707106781187,-0.707106781187,-0.));
#13370 = ADVANCED_FACE('',(#13371),#13389,.F.);
#13371 = FACE_BOUND('',#13372,.T.);
#13372 = EDGE_LOOP('',(#13373,#13381,#13382,#13383));
#13373 = ORIENTED_EDGE('',*,*,#13374,.F.);
#13374 = EDGE_CURVE('',#13351,#13375,#13377,.T.);
#13375 = VERTEX_POINT('',#13376);
#13376 = CARTESIAN_POINT('',(105.52699999999,75.088889210059,4.9));
#13377 = LINE('',#13378,#13379);
#13378 = CARTESIAN_POINT('',(105.52699999999,87.005592530691,4.9));
#13379 = VECTOR('',#13380,1.);
#13380 = DIRECTION('',(0.,-1.,0.));
#13381 = ORIENTED_EDGE('',*,*,#13360,.T.);
#13382 = ORIENTED_EDGE('',*,*,#8526,.F.);
#13383 = ORIENTED_EDGE('',*,*,#13384,.F.);
#13384 = EDGE_CURVE('',#13375,#8519,#13385,.T.);
#13385 = LINE('',#13386,#13387);
#13386 = CARTESIAN_POINT('',(105.52699999999,75.088889210059,4.91));
#13387 = VECTOR('',#13388,1.);
#13388 = DIRECTION('',(0.,0.,-1.));
#13389 = PLANE('',#13390);
#13390 = AXIS2_PLACEMENT_3D('',#13391,#13392,#13393);
#13391 = CARTESIAN_POINT('',(105.52699999999,84.288889210058,4.91));
#13392 = DIRECTION('',(1.,0.,0.));
#13393 = DIRECTION('',(0.,1.,0.));
#13394 = ADVANCED_FACE('',(#13395),#13412,.F.);
#13395 = FACE_BOUND('',#13396,.T.);
#13396 = EDGE_LOOP('',(#13397,#13405,#13406,#13407));
#13397 = ORIENTED_EDGE('',*,*,#13398,.F.);
#13398 = EDGE_CURVE('',#13375,#13399,#13401,.T.);
#13399 = VERTEX_POINT('',#13400);
#13400 = CARTESIAN_POINT('',(102.137,78.478889210059,4.9));
#13401 = LINE('',#13402,#13403);
#13402 = CARTESIAN_POINT('',(89.232059486965,91.383829723094,4.9));
#13403 = VECTOR('',#13404,1.);
#13404 = DIRECTION('',(-0.707106781187,0.707106781187,0.));
#13405 = ORIENTED_EDGE('',*,*,#13384,.T.);
#13406 = ORIENTED_EDGE('',*,*,#8518,.F.);
#13407 = ORIENTED_EDGE('',*,*,#13408,.T.);
#13408 = EDGE_CURVE('',#8512,#13399,#13409,.T.);
#13409 = B_SPLINE_CURVE_WITH_KNOTS('',1,(#13410,#13411),.UNSPECIFIED.,
  .F.,.F.,(2,2),(0.,1.),.PIECEWISE_BEZIER_KNOTS.);
#13410 = CARTESIAN_POINT('',(105.527,75.088889210059,1.51));
#13411 = CARTESIAN_POINT('',(102.127,78.488889210059,4.91));
#13412 = PLANE('',#13413);
#13413 = AXIS2_PLACEMENT_3D('',#13414,#13415,#13416);
#13414 = CARTESIAN_POINT('',(105.52699999999,75.088889210059,4.91));
#13415 = DIRECTION('',(-0.707106781187,-0.707106781187,-0.));
#13416 = DIRECTION('',(0.707106781187,-0.707106781187,0.));
#13417 = ADVANCED_FACE('',(#13418),#13434,.F.);
#13418 = FACE_BOUND('',#13419,.F.);
#13419 = EDGE_LOOP('',(#13420,#13427,#13428,#13429));
#13420 = ORIENTED_EDGE('',*,*,#13421,.F.);
#13421 = EDGE_CURVE('',#8504,#13422,#13424,.T.);
#13422 = VERTEX_POINT('',#13423);
#13423 = CARTESIAN_POINT('',(102.137,69.121111432281,4.9));
#13424 = B_SPLINE_CURVE_WITH_KNOTS('',1,(#13425,#13426),.UNSPECIFIED.,
  .F.,.F.,(2,2),(0.,1.),.PIECEWISE_BEZIER_KNOTS.);
#13425 = CARTESIAN_POINT('',(105.527,72.511111432281,1.51));
#13426 = CARTESIAN_POINT('',(102.127,69.111111432281,4.91));
#13427 = ORIENTED_EDGE('',*,*,#8511,.F.);
#13428 = ORIENTED_EDGE('',*,*,#13408,.T.);
#13429 = ORIENTED_EDGE('',*,*,#13430,.T.);
#13430 = EDGE_CURVE('',#13399,#13422,#13431,.T.);
#13431 = B_SPLINE_CURVE_WITH_KNOTS('',1,(#13432,#13433),.UNSPECIFIED.,
  .F.,.F.,(2,2),(0.,1.),.PIECEWISE_BEZIER_KNOTS.);
#13432 = CARTESIAN_POINT('',(102.137,78.490434245196,4.9));
#13433 = CARTESIAN_POINT('',(102.137,69.109566397179,4.9));
#13434 = B_SPLINE_SURFACE_WITH_KNOTS('',1,1,(
    (#13435,#13436)
    ,(#13437,#13438
    )),.UNSPECIFIED.,.F.,.F.,.F.,(2,2),(2,2),(-3.2109997505E-07,
    128.00000032117),(0.,1.),.PIECEWISE_BEZIER_KNOTS.);
#13435 = CARTESIAN_POINT('',(105.527,11.,1.51));
#13436 = CARTESIAN_POINT('',(102.127,10.9999996789,4.91));
#13437 = CARTESIAN_POINT('',(105.527,139.,1.51));
#13438 = CARTESIAN_POINT('',(102.127,139.00000032117,4.91));
#13439 = ADVANCED_FACE('',(#13440),#13458,.F.);
#13440 = FACE_BOUND('',#13441,.T.);
#13441 = EDGE_LOOP('',(#13442,#13450,#13451,#13452));
#13442 = ORIENTED_EDGE('',*,*,#13443,.F.);
#13443 = EDGE_CURVE('',#13422,#13444,#13446,.T.);
#13444 = VERTEX_POINT('',#13445);
#13445 = CARTESIAN_POINT('',(105.52699999999,72.511111432281,4.9));
#13446 = LINE('',#13447,#13448);
#13447 = CARTESIAN_POINT('',(95.493207252042,62.477318684324,4.9));
#13448 = VECTOR('',#13449,1.);
#13449 = DIRECTION('',(0.707106781187,0.707106781187,-0.));
#13450 = ORIENTED_EDGE('',*,*,#13421,.F.);
#13451 = ORIENTED_EDGE('',*,*,#8503,.F.);
#13452 = ORIENTED_EDGE('',*,*,#13453,.F.);
#13453 = EDGE_CURVE('',#13444,#8496,#13454,.T.);
#13454 = LINE('',#13455,#13456);
#13455 = CARTESIAN_POINT('',(105.52699999999,72.511111432281,4.91));
#13456 = VECTOR('',#13457,1.);
#13457 = DIRECTION('',(0.,0.,-1.));
#13458 = PLANE('',#13459);
#13459 = AXIS2_PLACEMENT_3D('',#13460,#13461,#13462);
#13460 = CARTESIAN_POINT('',(102.127,69.111111432281,4.91));
#13461 = DIRECTION('',(-0.707106781187,0.707106781187,0.));
#13462 = DIRECTION('',(-0.707106781187,-0.707106781187,-0.));
#13463 = ADVANCED_FACE('',(#13464),#13482,.F.);
#13464 = FACE_BOUND('',#13465,.T.);
#13465 = EDGE_LOOP('',(#13466,#13474,#13475,#13476));
#13466 = ORIENTED_EDGE('',*,*,#13467,.F.);
#13467 = EDGE_CURVE('',#13444,#13468,#13470,.T.);
#13468 = VERTEX_POINT('',#13469);
#13469 = CARTESIAN_POINT('',(105.52699999999,63.311111432282,4.9));
#13470 = LINE('',#13471,#13472);
#13471 = CARTESIAN_POINT('',(105.52699999999,81.116703641802,4.9));
#13472 = VECTOR('',#13473,1.);
#13473 = DIRECTION('',(0.,-1.,0.));
#13474 = ORIENTED_EDGE('',*,*,#13453,.T.);
#13475 = ORIENTED_EDGE('',*,*,#8495,.F.);
#13476 = ORIENTED_EDGE('',*,*,#13477,.F.);
#13477 = EDGE_CURVE('',#13468,#8488,#13478,.T.);
#13478 = LINE('',#13479,#13480);
#13479 = CARTESIAN_POINT('',(105.52699999999,63.311111432282,4.91));
#13480 = VECTOR('',#13481,1.);
#13481 = DIRECTION('',(0.,0.,-1.));
#13482 = PLANE('',#13483);
#13483 = AXIS2_PLACEMENT_3D('',#13484,#13485,#13486);
#13484 = CARTESIAN_POINT('',(105.52699999999,72.511111432281,4.91));
#13485 = DIRECTION('',(1.,0.,0.));
#13486 = DIRECTION('',(0.,1.,0.));
#13487 = ADVANCED_FACE('',(#13488),#13505,.F.);
#13488 = FACE_BOUND('',#13489,.T.);
#13489 = EDGE_LOOP('',(#13490,#13498,#13499,#13500));
#13490 = ORIENTED_EDGE('',*,*,#13491,.F.);
#13491 = EDGE_CURVE('',#13468,#13492,#13494,.T.);
#13492 = VERTEX_POINT('',#13493);
#13493 = CARTESIAN_POINT('',(102.137,66.701111432281,4.9));
#13494 = LINE('',#13495,#13496);
#13495 = CARTESIAN_POINT('',(86.287615042521,82.55049638976,4.9));
#13496 = VECTOR('',#13497,1.);
#13497 = DIRECTION('',(-0.707106781187,0.707106781187,0.));
#13498 = ORIENTED_EDGE('',*,*,#13477,.T.);
#13499 = ORIENTED_EDGE('',*,*,#8487,.F.);
#13500 = ORIENTED_EDGE('',*,*,#13501,.T.);
#13501 = EDGE_CURVE('',#8481,#13492,#13502,.T.);
#13502 = B_SPLINE_CURVE_WITH_KNOTS('',1,(#13503,#13504),.UNSPECIFIED.,
  .F.,.F.,(2,2),(0.,1.),.PIECEWISE_BEZIER_KNOTS.);
#13503 = CARTESIAN_POINT('',(105.527,63.311111432281,1.51));
#13504 = CARTESIAN_POINT('',(102.127,66.711111432281,4.91));
#13505 = PLANE('',#13506);
#13506 = AXIS2_PLACEMENT_3D('',#13507,#13508,#13509);
#13507 = CARTESIAN_POINT('',(105.52699999999,63.311111432282,4.91));
#13508 = DIRECTION('',(-0.707106781187,-0.707106781187,-0.));
#13509 = DIRECTION('',(0.707106781187,-0.707106781187,0.));
#13510 = ADVANCED_FACE('',(#13511),#13527,.F.);
#13511 = FACE_BOUND('',#13512,.F.);
#13512 = EDGE_LOOP('',(#13513,#13520,#13521,#13522));
#13513 = ORIENTED_EDGE('',*,*,#13514,.F.);
#13514 = EDGE_CURVE('',#8473,#13515,#13517,.T.);
#13515 = VERTEX_POINT('',#13516);
#13516 = CARTESIAN_POINT('',(102.137,57.343333654503,4.9));
#13517 = B_SPLINE_CURVE_WITH_KNOTS('',1,(#13518,#13519),.UNSPECIFIED.,
  .F.,.F.,(2,2),(0.,1.),.PIECEWISE_BEZIER_KNOTS.);
#13518 = CARTESIAN_POINT('',(105.527,60.733333654503,1.51));
#13519 = CARTESIAN_POINT('',(102.127,57.333333654503,4.91));
#13520 = ORIENTED_EDGE('',*,*,#8480,.F.);
#13521 = ORIENTED_EDGE('',*,*,#13501,.T.);
#13522 = ORIENTED_EDGE('',*,*,#13523,.T.);
#13523 = EDGE_CURVE('',#13492,#13515,#13524,.T.);
#13524 = B_SPLINE_CURVE_WITH_KNOTS('',1,(#13525,#13526),.UNSPECIFIED.,
  .F.,.F.,(2,2),(0.,1.),.PIECEWISE_BEZIER_KNOTS.);
#13525 = CARTESIAN_POINT('',(102.137,66.712656467592,4.9));
#13526 = CARTESIAN_POINT('',(102.137,57.331788619575,4.9));
#13527 = B_SPLINE_SURFACE_WITH_KNOTS('',1,1,(
    (#13528,#13529)
    ,(#13530,#13531
    )),.UNSPECIFIED.,.F.,.F.,.F.,(2,2),(2,2),(-3.2109997505E-07,
    128.00000032117),(0.,1.),.PIECEWISE_BEZIER_KNOTS.);
#13528 = CARTESIAN_POINT('',(105.527,11.,1.51));
#13529 = CARTESIAN_POINT('',(102.127,10.9999996789,4.91));
#13530 = CARTESIAN_POINT('',(105.527,139.,1.51));
#13531 = CARTESIAN_POINT('',(102.127,139.00000032117,4.91));
#13532 = ADVANCED_FACE('',(#13533),#13551,.F.);
#13533 = FACE_BOUND('',#13534,.T.);
#13534 = EDGE_LOOP('',(#13535,#13543,#13544,#13545));
#13535 = ORIENTED_EDGE('',*,*,#13536,.F.);
#13536 = EDGE_CURVE('',#13515,#13537,#13539,.T.);
#13537 = VERTEX_POINT('',#13538);
#13538 = CARTESIAN_POINT('',(105.52699999999,60.733333654503,4.9));
#13539 = LINE('',#13540,#13541);
#13540 = CARTESIAN_POINT('',(98.437651696487,53.64398535099,4.9));
#13541 = VECTOR('',#13542,1.);
#13542 = DIRECTION('',(0.707106781187,0.707106781187,-0.));
#13543 = ORIENTED_EDGE('',*,*,#13514,.F.);
#13544 = ORIENTED_EDGE('',*,*,#8472,.F.);
#13545 = ORIENTED_EDGE('',*,*,#13546,.F.);
#13546 = EDGE_CURVE('',#13537,#8465,#13547,.T.);
#13547 = LINE('',#13548,#13549);
#13548 = CARTESIAN_POINT('',(105.52699999999,60.733333654503,4.91));
#13549 = VECTOR('',#13550,1.);
#13550 = DIRECTION('',(0.,0.,-1.));
#13551 = PLANE('',#13552);
#13552 = AXIS2_PLACEMENT_3D('',#13553,#13554,#13555);
#13553 = CARTESIAN_POINT('',(102.127,57.333333654503,4.91));
#13554 = DIRECTION('',(-0.707106781187,0.707106781187,0.));
#13555 = DIRECTION('',(-0.707106781187,-0.707106781187,-0.));
#13556 = ADVANCED_FACE('',(#13557),#13575,.F.);
#13557 = FACE_BOUND('',#13558,.T.);
#13558 = EDGE_LOOP('',(#13559,#13567,#13568,#13569));
#13559 = ORIENTED_EDGE('',*,*,#13560,.F.);
#13560 = EDGE_CURVE('',#13537,#13561,#13563,.T.);
#13561 = VERTEX_POINT('',#13562);
#13562 = CARTESIAN_POINT('',(105.52699999999,51.533333654504,4.9));
#13563 = LINE('',#13564,#13565);
#13564 = CARTESIAN_POINT('',(105.52699999999,75.227814752913,4.9));
#13565 = VECTOR('',#13566,1.);
#13566 = DIRECTION('',(0.,-1.,0.));
#13567 = ORIENTED_EDGE('',*,*,#13546,.T.);
#13568 = ORIENTED_EDGE('',*,*,#8464,.F.);
#13569 = ORIENTED_EDGE('',*,*,#13570,.F.);
#13570 = EDGE_CURVE('',#13561,#8457,#13571,.T.);
#13571 = LINE('',#13572,#13573);
#13572 = CARTESIAN_POINT('',(105.52699999999,51.533333654504,4.91));
#13573 = VECTOR('',#13574,1.);
#13574 = DIRECTION('',(0.,0.,-1.));
#13575 = PLANE('',#13576);
#13576 = AXIS2_PLACEMENT_3D('',#13577,#13578,#13579);
#13577 = CARTESIAN_POINT('',(105.52699999999,60.733333654503,4.91));
#13578 = DIRECTION('',(1.,0.,0.));
#13579 = DIRECTION('',(0.,1.,0.));
#13580 = ADVANCED_FACE('',(#13581),#13598,.F.);
#13581 = FACE_BOUND('',#13582,.T.);
#13582 = EDGE_LOOP('',(#13583,#13591,#13592,#13593));
#13583 = ORIENTED_EDGE('',*,*,#13584,.F.);
#13584 = EDGE_CURVE('',#13561,#13585,#13587,.T.);
#13585 = VERTEX_POINT('',#13586);
#13586 = CARTESIAN_POINT('',(102.137,54.923333654503,4.9));
#13587 = LINE('',#13588,#13589);
#13588 = CARTESIAN_POINT('',(83.343170598076,73.717163056427,4.9));
#13589 = VECTOR('',#13590,1.);
#13590 = DIRECTION('',(-0.707106781187,0.707106781187,0.));
#13591 = ORIENTED_EDGE('',*,*,#13570,.T.);
#13592 = ORIENTED_EDGE('',*,*,#8456,.F.);
#13593 = ORIENTED_EDGE('',*,*,#13594,.T.);
#13594 = EDGE_CURVE('',#8450,#13585,#13595,.T.);
#13595 = B_SPLINE_CURVE_WITH_KNOTS('',1,(#13596,#13597),.UNSPECIFIED.,
  .F.,.F.,(2,2),(0.,1.),.PIECEWISE_BEZIER_KNOTS.);
#13596 = CARTESIAN_POINT('',(105.527,51.533333654503,1.51));
#13597 = CARTESIAN_POINT('',(102.127,54.933333654503,4.91));
#13598 = PLANE('',#13599);
#13599 = AXIS2_PLACEMENT_3D('',#13600,#13601,#13602);
#13600 = CARTESIAN_POINT('',(105.52699999999,51.533333654504,4.91));
#13601 = DIRECTION('',(-0.707106781187,-0.707106781187,-0.));
#13602 = DIRECTION('',(0.707106781187,-0.707106781187,0.));
#13603 = ADVANCED_FACE('',(#13604),#13620,.F.);
#13604 = FACE_BOUND('',#13605,.F.);
#13605 = EDGE_LOOP('',(#13606,#13613,#13614,#13615));
#13606 = ORIENTED_EDGE('',*,*,#13607,.F.);
#13607 = EDGE_CURVE('',#8442,#13608,#13610,.T.);
#13608 = VERTEX_POINT('',#13609);
#13609 = CARTESIAN_POINT('',(102.137,45.565555876726,4.9));
#13610 = B_SPLINE_CURVE_WITH_KNOTS('',1,(#13611,#13612),.UNSPECIFIED.,
  .F.,.F.,(2,2),(0.,1.),.PIECEWISE_BEZIER_KNOTS.);
#13611 = CARTESIAN_POINT('',(105.527,48.955555876726,1.51));
#13612 = CARTESIAN_POINT('',(102.127,45.555555876726,4.91));
#13613 = ORIENTED_EDGE('',*,*,#8449,.F.);
#13614 = ORIENTED_EDGE('',*,*,#13594,.T.);
#13615 = ORIENTED_EDGE('',*,*,#13616,.T.);
#13616 = EDGE_CURVE('',#13585,#13608,#13617,.T.);
#13617 = B_SPLINE_CURVE_WITH_KNOTS('',1,(#13618,#13619),.UNSPECIFIED.,
  .F.,.F.,(2,2),(0.,1.),.PIECEWISE_BEZIER_KNOTS.);
#13618 = CARTESIAN_POINT('',(102.137,54.934878689988,4.9));
#13619 = CARTESIAN_POINT('',(102.137,45.554010841972,4.9));
#13620 = B_SPLINE_SURFACE_WITH_KNOTS('',1,1,(
    (#13621,#13622)
    ,(#13623,#13624
    )),.UNSPECIFIED.,.F.,.F.,.F.,(2,2),(2,2),(-3.2109997505E-07,
    128.00000032117),(0.,1.),.PIECEWISE_BEZIER_KNOTS.);
#13621 = CARTESIAN_POINT('',(105.527,11.,1.51));
#13622 = CARTESIAN_POINT('',(102.127,10.9999996789,4.91));
#13623 = CARTESIAN_POINT('',(105.527,139.,1.51));
#13624 = CARTESIAN_POINT('',(102.127,139.00000032117,4.91));
#13625 = ADVANCED_FACE('',(#13626),#13644,.F.);
#13626 = FACE_BOUND('',#13627,.T.);
#13627 = EDGE_LOOP('',(#13628,#13636,#13637,#13638));
#13628 = ORIENTED_EDGE('',*,*,#13629,.F.);
#13629 = EDGE_CURVE('',#13608,#13630,#13632,.T.);
#13630 = VERTEX_POINT('',#13631);
#13631 = CARTESIAN_POINT('',(105.52699999999,48.955555876725,4.9));
#13632 = LINE('',#13633,#13634);
#13633 = CARTESIAN_POINT('',(101.38209614093,44.810652017657,4.9));
#13634 = VECTOR('',#13635,1.);
#13635 = DIRECTION('',(0.707106781187,0.707106781187,-0.));
#13636 = ORIENTED_EDGE('',*,*,#13607,.F.);
#13637 = ORIENTED_EDGE('',*,*,#8441,.F.);
#13638 = ORIENTED_EDGE('',*,*,#13639,.F.);
#13639 = EDGE_CURVE('',#13630,#8434,#13640,.T.);
#13640 = LINE('',#13641,#13642);
#13641 = CARTESIAN_POINT('',(105.52699999999,48.955555876725,4.91));
#13642 = VECTOR('',#13643,1.);
#13643 = DIRECTION('',(0.,0.,-1.));
#13644 = PLANE('',#13645);
#13645 = AXIS2_PLACEMENT_3D('',#13646,#13647,#13648);
#13646 = CARTESIAN_POINT('',(102.127,45.555555876726,4.91));
#13647 = DIRECTION('',(-0.707106781187,0.707106781187,0.));
#13648 = DIRECTION('',(-0.707106781187,-0.707106781187,-0.));
#13649 = ADVANCED_FACE('',(#13650),#13668,.F.);
#13650 = FACE_BOUND('',#13651,.T.);
#13651 = EDGE_LOOP('',(#13652,#13660,#13661,#13662));
#13652 = ORIENTED_EDGE('',*,*,#13653,.F.);
#13653 = EDGE_CURVE('',#13630,#13654,#13656,.T.);
#13654 = VERTEX_POINT('',#13655);
#13655 = CARTESIAN_POINT('',(105.52699999999,39.755555876726,4.9));
#13656 = LINE('',#13657,#13658);
#13657 = CARTESIAN_POINT('',(105.52699999999,69.338925864024,4.9));
#13658 = VECTOR('',#13659,1.);
#13659 = DIRECTION('',(0.,-1.,0.));
#13660 = ORIENTED_EDGE('',*,*,#13639,.T.);
#13661 = ORIENTED_EDGE('',*,*,#8433,.F.);
#13662 = ORIENTED_EDGE('',*,*,#13663,.F.);
#13663 = EDGE_CURVE('',#13654,#8426,#13664,.T.);
#13664 = LINE('',#13665,#13666);
#13665 = CARTESIAN_POINT('',(105.52699999999,39.755555876726,4.91));
#13666 = VECTOR('',#13667,1.);
#13667 = DIRECTION('',(0.,0.,-1.));
#13668 = PLANE('',#13669);
#13669 = AXIS2_PLACEMENT_3D('',#13670,#13671,#13672);
#13670 = CARTESIAN_POINT('',(105.52699999999,48.955555876725,4.91));
#13671 = DIRECTION('',(1.,0.,0.));
#13672 = DIRECTION('',(0.,1.,0.));
#13673 = ADVANCED_FACE('',(#13674),#13691,.F.);
#13674 = FACE_BOUND('',#13675,.T.);
#13675 = EDGE_LOOP('',(#13676,#13684,#13685,#13686));
#13676 = ORIENTED_EDGE('',*,*,#13677,.F.);
#13677 = EDGE_CURVE('',#13654,#13678,#13680,.T.);
#13678 = VERTEX_POINT('',#13679);
#13679 = CARTESIAN_POINT('',(102.137,43.145555876726,4.9));
#13680 = LINE('',#13681,#13682);
#13681 = CARTESIAN_POINT('',(80.398726153632,64.883829723094,4.9));
#13682 = VECTOR('',#13683,1.);
#13683 = DIRECTION('',(-0.707106781187,0.707106781187,0.));
#13684 = ORIENTED_EDGE('',*,*,#13663,.T.);
#13685 = ORIENTED_EDGE('',*,*,#8425,.F.);
#13686 = ORIENTED_EDGE('',*,*,#13687,.T.);
#13687 = EDGE_CURVE('',#8419,#13678,#13688,.T.);
#13688 = B_SPLINE_CURVE_WITH_KNOTS('',1,(#13689,#13690),.UNSPECIFIED.,
  .F.,.F.,(2,2),(0.,1.),.PIECEWISE_BEZIER_KNOTS.);
#13689 = CARTESIAN_POINT('',(105.527,39.755555876726,1.51));
#13690 = CARTESIAN_POINT('',(102.127,43.155555876726,4.91));
#13691 = PLANE('',#13692);
#13692 = AXIS2_PLACEMENT_3D('',#13693,#13694,#13695);
#13693 = CARTESIAN_POINT('',(105.52699999999,39.755555876726,4.91));
#13694 = DIRECTION('',(-0.707106781187,-0.707106781187,-0.));
#13695 = DIRECTION('',(0.707106781187,-0.707106781187,0.));
#13696 = ADVANCED_FACE('',(#13697),#13713,.F.);
#13697 = FACE_BOUND('',#13698,.F.);
#13698 = EDGE_LOOP('',(#13699,#13706,#13707,#13708));
#13699 = ORIENTED_EDGE('',*,*,#13700,.F.);
#13700 = EDGE_CURVE('',#8411,#13701,#13703,.T.);
#13701 = VERTEX_POINT('',#13702);
#13702 = CARTESIAN_POINT('',(102.137,33.787778098948,4.9));
#13703 = B_SPLINE_CURVE_WITH_KNOTS('',1,(#13704,#13705),.UNSPECIFIED.,
  .F.,.F.,(2,2),(0.,1.),.PIECEWISE_BEZIER_KNOTS.);
#13704 = CARTESIAN_POINT('',(105.527,37.177778098948,1.51));
#13705 = CARTESIAN_POINT('',(102.127,33.777778098948,4.91));
#13706 = ORIENTED_EDGE('',*,*,#8418,.F.);
#13707 = ORIENTED_EDGE('',*,*,#13687,.T.);
#13708 = ORIENTED_EDGE('',*,*,#13709,.T.);
#13709 = EDGE_CURVE('',#13678,#13701,#13710,.T.);
#13710 = B_SPLINE_CURVE_WITH_KNOTS('',1,(#13711,#13712),.UNSPECIFIED.,
  .F.,.F.,(2,2),(0.,1.),.PIECEWISE_BEZIER_KNOTS.);
#13711 = CARTESIAN_POINT('',(102.137,43.157100912384,4.9));
#13712 = CARTESIAN_POINT('',(102.137,33.776233064368,4.9));
#13713 = B_SPLINE_SURFACE_WITH_KNOTS('',1,1,(
    (#13714,#13715)
    ,(#13716,#13717
    )),.UNSPECIFIED.,.F.,.F.,.F.,(2,2),(2,2),(-3.2109997505E-07,
    128.00000032117),(0.,1.),.PIECEWISE_BEZIER_KNOTS.);
#13714 = CARTESIAN_POINT('',(105.527,11.,1.51));
#13715 = CARTESIAN_POINT('',(102.127,10.9999996789,4.91));
#13716 = CARTESIAN_POINT('',(105.527,139.,1.51));
#13717 = CARTESIAN_POINT('',(102.127,139.00000032117,4.91));
#13718 = ADVANCED_FACE('',(#13719),#13737,.F.);
#13719 = FACE_BOUND('',#13720,.T.);
#13720 = EDGE_LOOP('',(#13721,#13729,#13730,#13731));
#13721 = ORIENTED_EDGE('',*,*,#13722,.F.);
#13722 = EDGE_CURVE('',#13701,#13723,#13725,.T.);
#13723 = VERTEX_POINT('',#13724);
#13724 = CARTESIAN_POINT('',(105.52699999999,37.177778098947,4.9));
#13725 = LINE('',#13726,#13727);
#13726 = CARTESIAN_POINT('',(104.32654058537,35.977318684323,4.9));
#13727 = VECTOR('',#13728,1.);
#13728 = DIRECTION('',(0.707106781187,0.707106781187,-0.));
#13729 = ORIENTED_EDGE('',*,*,#13700,.F.);
#13730 = ORIENTED_EDGE('',*,*,#8410,.F.);
#13731 = ORIENTED_EDGE('',*,*,#13732,.F.);
#13732 = EDGE_CURVE('',#13723,#8403,#13733,.T.);
#13733 = LINE('',#13734,#13735);
#13734 = CARTESIAN_POINT('',(105.52699999999,37.177778098947,4.91));
#13735 = VECTOR('',#13736,1.);
#13736 = DIRECTION('',(0.,0.,-1.));
#13737 = PLANE('',#13738);
#13738 = AXIS2_PLACEMENT_3D('',#13739,#13740,#13741);
#13739 = CARTESIAN_POINT('',(102.127,33.777778098948,4.91));
#13740 = DIRECTION('',(-0.707106781187,0.707106781187,0.));
#13741 = DIRECTION('',(-0.707106781187,-0.707106781187,-0.));
#13742 = ADVANCED_FACE('',(#13743),#13761,.F.);
#13743 = FACE_BOUND('',#13744,.T.);
#13744 = EDGE_LOOP('',(#13745,#13753,#13754,#13755));
#13745 = ORIENTED_EDGE('',*,*,#13746,.F.);
#13746 = EDGE_CURVE('',#13723,#13747,#13749,.T.);
#13747 = VERTEX_POINT('',#13748);
#13748 = CARTESIAN_POINT('',(105.52699999999,27.977778098948,4.9));
#13749 = LINE('',#13750,#13751);
#13750 = CARTESIAN_POINT('',(105.52699999999,63.450036975135,4.9));
#13751 = VECTOR('',#13752,1.);
#13752 = DIRECTION('',(0.,-1.,0.));
#13753 = ORIENTED_EDGE('',*,*,#13732,.T.);
#13754 = ORIENTED_EDGE('',*,*,#8402,.F.);
#13755 = ORIENTED_EDGE('',*,*,#13756,.F.);
#13756 = EDGE_CURVE('',#13747,#8395,#13757,.T.);
#13757 = LINE('',#13758,#13759);
#13758 = CARTESIAN_POINT('',(105.52699999999,27.977778098948,4.91));
#13759 = VECTOR('',#13760,1.);
#13760 = DIRECTION('',(0.,0.,-1.));
#13761 = PLANE('',#13762);
#13762 = AXIS2_PLACEMENT_3D('',#13763,#13764,#13765);
#13763 = CARTESIAN_POINT('',(105.52699999999,37.177778098947,4.91));
#13764 = DIRECTION('',(1.,0.,0.));
#13765 = DIRECTION('',(0.,1.,0.));
#13766 = ADVANCED_FACE('',(#13767),#13784,.F.);
#13767 = FACE_BOUND('',#13768,.T.);
#13768 = EDGE_LOOP('',(#13769,#13777,#13778,#13779));
#13769 = ORIENTED_EDGE('',*,*,#13770,.F.);
#13770 = EDGE_CURVE('',#13747,#13771,#13773,.T.);
#13771 = VERTEX_POINT('',#13772);
#13772 = CARTESIAN_POINT('',(102.137,31.367778098948,4.9));
#13773 = LINE('',#13774,#13775);
#13774 = CARTESIAN_POINT('',(77.454281709187,56.05049638976,4.9));
#13775 = VECTOR('',#13776,1.);
#13776 = DIRECTION('',(-0.707106781187,0.707106781187,0.));
#13777 = ORIENTED_EDGE('',*,*,#13756,.T.);
#13778 = ORIENTED_EDGE('',*,*,#8394,.F.);
#13779 = ORIENTED_EDGE('',*,*,#13780,.T.);
#13780 = EDGE_CURVE('',#8388,#13771,#13781,.T.);
#13781 = B_SPLINE_CURVE_WITH_KNOTS('',1,(#13782,#13783),.UNSPECIFIED.,
  .F.,.F.,(2,2),(0.,1.),.PIECEWISE_BEZIER_KNOTS.);
#13782 = CARTESIAN_POINT('',(105.527,27.977778098948,1.51));
#13783 = CARTESIAN_POINT('',(102.127,31.377778098948,4.91));
#13784 = PLANE('',#13785);
#13785 = AXIS2_PLACEMENT_3D('',#13786,#13787,#13788);
#13786 = CARTESIAN_POINT('',(105.52699999999,27.977778098948,4.91));
#13787 = DIRECTION('',(-0.707106781187,-0.707106781187,-0.));
#13788 = DIRECTION('',(0.707106781187,-0.707106781187,0.));
#13789 = ADVANCED_FACE('',(#13790),#13806,.F.);
#13790 = FACE_BOUND('',#13791,.F.);
#13791 = EDGE_LOOP('',(#13792,#13799,#13800,#13801));
#13792 = ORIENTED_EDGE('',*,*,#13793,.F.);
#13793 = EDGE_CURVE('',#8380,#13794,#13796,.T.);
#13794 = VERTEX_POINT('',#13795);
#13795 = CARTESIAN_POINT('',(102.137,22.01000032117,4.9));
#13796 = B_SPLINE_CURVE_WITH_KNOTS('',1,(#13797,#13798),.UNSPECIFIED.,
  .F.,.F.,(2,2),(0.,1.),.PIECEWISE_BEZIER_KNOTS.);
#13797 = CARTESIAN_POINT('',(105.527,25.40000032117,1.51));
#13798 = CARTESIAN_POINT('',(102.127,22.00000032117,4.91));
#13799 = ORIENTED_EDGE('',*,*,#8387,.F.);
#13800 = ORIENTED_EDGE('',*,*,#13780,.T.);
#13801 = ORIENTED_EDGE('',*,*,#13802,.T.);
#13802 = EDGE_CURVE('',#13771,#13794,#13803,.T.);
#13803 = B_SPLINE_CURVE_WITH_KNOTS('',1,(#13804,#13805),.UNSPECIFIED.,
  .F.,.F.,(2,2),(0.,1.),.PIECEWISE_BEZIER_KNOTS.);
#13804 = CARTESIAN_POINT('',(102.137,31.37932313478,4.9));
#13805 = CARTESIAN_POINT('',(102.137,21.998455286764,4.9));
#13806 = B_SPLINE_SURFACE_WITH_KNOTS('',1,1,(
    (#13807,#13808)
    ,(#13809,#13810
    )),.UNSPECIFIED.,.F.,.F.,.F.,(2,2),(2,2),(-3.2109997505E-07,
    128.00000032117),(0.,1.),.PIECEWISE_BEZIER_KNOTS.);
#13807 = CARTESIAN_POINT('',(105.527,11.,1.51));
#13808 = CARTESIAN_POINT('',(102.127,10.9999996789,4.91));
#13809 = CARTESIAN_POINT('',(105.527,139.,1.51));
#13810 = CARTESIAN_POINT('',(102.127,139.00000032117,4.91));
#13811 = ADVANCED_FACE('',(#13812),#13830,.F.);
#13812 = FACE_BOUND('',#13813,.T.);
#13813 = EDGE_LOOP('',(#13814,#13822,#13823,#13824));
#13814 = ORIENTED_EDGE('',*,*,#13815,.F.);
#13815 = EDGE_CURVE('',#13794,#13816,#13818,.T.);
#13816 = VERTEX_POINT('',#13817);
#13817 = CARTESIAN_POINT('',(105.52699999999,25.400000321169,4.9));
#13818 = LINE('',#13819,#13820);
#13819 = CARTESIAN_POINT('',(107.27098502982,27.14398535099,4.9));
#13820 = VECTOR('',#13821,1.);
#13821 = DIRECTION('',(0.707106781187,0.707106781187,-0.));
#13822 = ORIENTED_EDGE('',*,*,#13793,.F.);
#13823 = ORIENTED_EDGE('',*,*,#8379,.F.);
#13824 = ORIENTED_EDGE('',*,*,#13825,.F.);
#13825 = EDGE_CURVE('',#13816,#8372,#13826,.T.);
#13826 = LINE('',#13827,#13828);
#13827 = CARTESIAN_POINT('',(105.52699999999,25.400000321169,4.91));
#13828 = VECTOR('',#13829,1.);
#13829 = DIRECTION('',(0.,0.,-1.));
#13830 = PLANE('',#13831);
#13831 = AXIS2_PLACEMENT_3D('',#13832,#13833,#13834);
#13832 = CARTESIAN_POINT('',(102.127,22.00000032117,4.91));
#13833 = DIRECTION('',(-0.707106781187,0.707106781187,0.));
#13834 = DIRECTION('',(-0.707106781187,-0.707106781187,-0.));
#13835 = ADVANCED_FACE('',(#13836),#13870,.F.);
#13836 = FACE_BOUND('',#13837,.T.);
#13837 = EDGE_LOOP('',(#13838,#13846,#13847,#13848,#13856,#13864));
#13838 = ORIENTED_EDGE('',*,*,#13839,.F.);
#13839 = EDGE_CURVE('',#13816,#13840,#13842,.T.);
#13840 = VERTEX_POINT('',#13841);
#13841 = CARTESIAN_POINT('',(105.52699999999,19.,4.9));
#13842 = LINE('',#13843,#13844);
#13843 = CARTESIAN_POINT('',(105.52699999999,57.561148086247,4.9));
#13844 = VECTOR('',#13845,1.);
#13845 = DIRECTION('',(0.,-1.,0.));
#13846 = ORIENTED_EDGE('',*,*,#13825,.T.);
#13847 = ORIENTED_EDGE('',*,*,#8371,.F.);
#13848 = ORIENTED_EDGE('',*,*,#13849,.F.);
#13849 = EDGE_CURVE('',#13850,#8364,#13852,.T.);
#13850 = VERTEX_POINT('',#13851);
#13851 = CARTESIAN_POINT('',(105.52699999999,16.200000321171,3.7));
#13852 = LINE('',#13853,#13854);
#13853 = CARTESIAN_POINT('',(105.52699999999,16.200000321171,4.91));
#13854 = VECTOR('',#13855,1.);
#13855 = DIRECTION('',(0.,0.,-1.));
#13856 = ORIENTED_EDGE('',*,*,#13857,.F.);
#13857 = EDGE_CURVE('',#13858,#13850,#13860,.T.);
#13858 = VERTEX_POINT('',#13859);
#13859 = CARTESIAN_POINT('',(105.52699999999,19.,3.7));
#13860 = LINE('',#13861,#13862);
#13861 = CARTESIAN_POINT('',(105.52699999999,33.486022470591,3.7));
#13862 = VECTOR('',#13863,1.);
#13863 = DIRECTION('',(0.,-1.,0.));
#13864 = ORIENTED_EDGE('',*,*,#13865,.F.);
#13865 = EDGE_CURVE('',#13840,#13858,#13866,.T.);
#13866 = LINE('',#13867,#13868);
#13867 = CARTESIAN_POINT('',(105.52699999999,19.,4.605));
#13868 = VECTOR('',#13869,1.);
#13869 = DIRECTION('',(0.,0.,-1.));
#13870 = PLANE('',#13871);
#13871 = AXIS2_PLACEMENT_3D('',#13872,#13873,#13874);
#13872 = CARTESIAN_POINT('',(105.52699999999,25.400000321169,4.91));
#13873 = DIRECTION('',(1.,0.,0.));
#13874 = DIRECTION('',(0.,1.,0.));
#13875 = ADVANCED_FACE('',(#13876),#13893,.F.);
#13876 = FACE_BOUND('',#13877,.T.);
#13877 = EDGE_LOOP('',(#13878,#13886,#13887,#13888));
#13878 = ORIENTED_EDGE('',*,*,#13879,.F.);
#13879 = EDGE_CURVE('',#13850,#13880,#13882,.T.);
#13880 = VERTEX_POINT('',#13881);
#13881 = CARTESIAN_POINT('',(103.337,18.39000032117,3.7));
#13882 = LINE('',#13883,#13884);
#13883 = CARTESIAN_POINT('',(92.543533920517,29.183466400653,3.7));
#13884 = VECTOR('',#13885,1.);
#13885 = DIRECTION('',(-0.707106781187,0.707106781187,0.));
#13886 = ORIENTED_EDGE('',*,*,#13849,.T.);
#13887 = ORIENTED_EDGE('',*,*,#8363,.F.);
#13888 = ORIENTED_EDGE('',*,*,#13889,.T.);
#13889 = EDGE_CURVE('',#8357,#13880,#13890,.T.);
#13890 = B_SPLINE_CURVE_WITH_KNOTS('',1,(#13891,#13892),.UNSPECIFIED.,
  .F.,.F.,(2,2),(0.,1.),.PIECEWISE_BEZIER_KNOTS.);
#13891 = CARTESIAN_POINT('',(105.527,16.20000032117,1.51));
#13892 = CARTESIAN_POINT('',(102.127,19.60000032117,4.91));
#13893 = PLANE('',#13894);
#13894 = AXIS2_PLACEMENT_3D('',#13895,#13896,#13897);
#13895 = CARTESIAN_POINT('',(105.52699999999,16.200000321171,4.91));
#13896 = DIRECTION('',(-0.707106781187,-0.707106781187,-0.));
#13897 = DIRECTION('',(0.707106781187,-0.707106781187,0.));
#13898 = ADVANCED_FACE('',(#13899),#13940,.F.);
#13899 = FACE_BOUND('',#13900,.F.);
#13900 = EDGE_LOOP('',(#13901,#13928,#13933,#13934,#13935));
#13901 = ORIENTED_EDGE('',*,*,#13902,.T.);
#13902 = EDGE_CURVE('',#13903,#13905,#13907,.T.);
#13903 = VERTEX_POINT('',#13904);
#13904 = CARTESIAN_POINT('',(103.337,13.985615514429,3.7));
#13905 = VERTEX_POINT('',#13906);
#13906 = CARTESIAN_POINT('',(104.627,10.999999957501,2.41));
#13907 = B_SPLINE_CURVE_WITH_KNOTS('',7,(#13908,#13909,#13910,#13911,
    #13912,#13913,#13914,#13915,#13916,#13917,#13918,#13919,#13920,
    #13921,#13922,#13923,#13924,#13925,#13926,#13927),.UNSPECIFIED.,.F.,
  .F.,(8,6,6,8),(0.,1.041858710606E-02,0.411889252381,1.),
  .UNSPECIFIED.);
#13908 = CARTESIAN_POINT('',(103.33661330639,13.985979415292,
    3.700386693608));
#13909 = CARTESIAN_POINT('',(103.33997472417,13.982816538624,
    3.697025275822));
#13910 = CARTESIAN_POINT('',(103.34333293271,13.979648358342,
    3.693667067282));
#13911 = CARTESIAN_POINT('',(103.34668788507,13.976474910467,
    3.690312114927));
#13912 = CARTESIAN_POINT('',(103.35003955125,13.973296215098,
    3.686960448749));
#13913 = CARTESIAN_POINT('',(103.3533879182,13.970112276416,
    3.683612081795));
#13914 = CARTESIAN_POINT('',(103.35673298983,13.966923082677,
    3.680267010163));
#13915 = CARTESIAN_POINT('',(103.48884786471,13.840632395933,
    3.548152135286));
#13916 = CARTESIAN_POINT('',(103.61272848534,13.709720587902,
    3.424271514651));
#13917 = CARTESIAN_POINT('',(103.73116576979,13.571048526305,
    3.305834230208));
#13918 = CARTESIAN_POINT('',(103.84354589064,13.424736894694,
    3.193454109351));
#13919 = CARTESIAN_POINT('',(103.94920620393,13.270989433379,
    3.087793796069));
#13920 = CARTESIAN_POINT('',(104.04745561946,13.110116579757,
    2.989544380534));
#13921 = CARTESIAN_POINT('',(104.26965467064,12.697120283621,
    2.767345329358));
#13922 = CARTESIAN_POINT('',(104.38446026336,12.437079420272,
    2.652539736633));
#13923 = CARTESIAN_POINT('',(104.47954057339,12.1642294122,
    2.557459426609));
#13924 = CARTESIAN_POINT('',(104.55271790393,11.88088795331,
    2.484282096064));
#13925 = CARTESIAN_POINT('',(104.60225729376,11.589938104953,
    2.434742706234));
#13926 = CARTESIAN_POINT('',(104.627,11.294876149982,2.41));
#13927 = CARTESIAN_POINT('',(104.627,11.,2.41));
#13928 = ORIENTED_EDGE('',*,*,#13929,.F.);
#13929 = EDGE_CURVE('',#8330,#13905,#13930,.T.);
#13930 = B_SPLINE_CURVE_WITH_KNOTS('',1,(#13931,#13932),.UNSPECIFIED.,
  .F.,.F.,(2,2),(0.,1.),.PIECEWISE_BEZIER_KNOTS.);
#13931 = CARTESIAN_POINT('',(105.527,11.,1.51));
#13932 = CARTESIAN_POINT('',(102.127,10.9999996789,4.91));
#13933 = ORIENTED_EDGE('',*,*,#8356,.F.);
#13934 = ORIENTED_EDGE('',*,*,#13889,.T.);
#13935 = ORIENTED_EDGE('',*,*,#13936,.T.);
#13936 = EDGE_CURVE('',#13880,#13903,#13937,.T.);
#13937 = B_SPLINE_CURVE_WITH_KNOTS('',1,(#13938,#13939),.UNSPECIFIED.,
  .F.,.F.,(2,2),(0.,1.),.PIECEWISE_BEZIER_KNOTS.);
#13938 = CARTESIAN_POINT('',(103.337,19.601545455272,3.7));
#13939 = CARTESIAN_POINT('',(103.337,10.999999793174,3.7));
#13940 = B_SPLINE_SURFACE_WITH_KNOTS('',1,1,(
    (#13941,#13942)
    ,(#13943,#13944
    )),.UNSPECIFIED.,.F.,.F.,.F.,(2,2),(2,2),(-3.2109997505E-07,
    128.00000032117),(0.,1.),.PIECEWISE_BEZIER_KNOTS.);
#13941 = CARTESIAN_POINT('',(105.527,11.,1.51));
#13942 = CARTESIAN_POINT('',(102.127,10.9999996789,4.91));
#13943 = CARTESIAN_POINT('',(105.527,139.,1.51));
#13944 = CARTESIAN_POINT('',(102.127,139.00000032117,4.91));
#13945 = ADVANCED_FACE('',(#13946),#14007,.F.);
#13946 = FACE_BOUND('',#13947,.F.);
#13947 = EDGE_LOOP('',(#13948,#13955,#13956,#13957));
#13948 = ORIENTED_EDGE('',*,*,#13949,.F.);
#13949 = EDGE_CURVE('',#8323,#13950,#13952,.T.);
#13950 = VERTEX_POINT('',#13951);
#13951 = CARTESIAN_POINT('',(100.52700008501,6.9,2.41));
#13952 = B_SPLINE_CURVE_WITH_KNOTS('',1,(#13953,#13954),.UNSPECIFIED.,
  .F.,.F.,(2,2),(0.,1.),.PIECEWISE_BEZIER_KNOTS.);
#13953 = CARTESIAN_POINT('',(100.527,6.,1.51));
#13954 = CARTESIAN_POINT('',(100.52700032116,9.4,4.91));
#13955 = ORIENTED_EDGE('',*,*,#8329,.F.);
#13956 = ORIENTED_EDGE('',*,*,#13929,.T.);
#13957 = ORIENTED_EDGE('',*,*,#13958,.T.);
#13958 = EDGE_CURVE('',#13905,#13950,#13959,.T.);
#13959 = B_SPLINE_CURVE_WITH_KNOTS('',6,(#13960,#13961,#13962,#13963,
    #13964,#13965,#13966,#13967,#13968,#13969,#13970,#13971,#13972,
    #13973,#13974,#13975,#13976,#13977,#13978,#13979,#13980,#13981,
    #13982,#13983,#13984,#13985,#13986,#13987,#13988,#13989,#13990,
    #13991,#13992,#13993,#13994,#13995,#13996,#13997,#13998,#13999,
    #14000,#14001,#14002,#14003,#14004,#14005,#14006),.UNSPECIFIED.,.F.,
  .F.,(7,5,5,5,5,5,5,5,5,7),(0.,5.000062754484E-02,8.500106692304E-02,
    0.142001778556,0.249003065068,0.268003303345,0.329004065687,
    0.442005412301,0.721002704385,1.),.UNSPECIFIED.);
#13960 = CARTESIAN_POINT('',(104.627,10.999999915003,2.41));
#13961 = CARTESIAN_POINT('',(104.62699999888,10.946331040975,
    2.410000004203));
#13962 = CARTESIAN_POINT('',(104.62615696897,10.892662161981,
    2.41000000731));
#13963 = CARTESIAN_POINT('',(104.62447091046,10.839009841855,
    2.41000000994));
#13964 = CARTESIAN_POINT('',(104.62194225661,10.785390627406,
    2.410000012515));
#13965 = CARTESIAN_POINT('',(104.61857187373,10.731821048419,
    2.410000015258));
#13966 = CARTESIAN_POINT('',(104.61141349247,10.640865216018,
    2.410000020249));
#13967 = CARTESIAN_POINT('',(104.60805411297,10.603445223776,
    2.41000002241));
#13968 = CARTESIAN_POINT('',(104.60428336836,10.566063302889,
    2.410000024701));
#13969 = CARTESIAN_POINT('',(104.60010180774,10.528725104298,
    2.410000027128));
#13970 = CARTESIAN_POINT('',(104.59551008367,10.491436267936,
    2.410000029684));
#13971 = CARTESIAN_POINT('',(104.58236425293,10.393564450405,
    2.410000036683));
#13972 = CARTESIAN_POINT('',(104.57313370336,10.33307231651,
    2.410000041314));
#13973 = CARTESIAN_POINT('',(104.56282057136,10.272750347383,
    2.410000046134));
#13974 = CARTESIAN_POINT('',(104.55142884521,10.212622739552,
    2.410000051038));
#13975 = CARTESIAN_POINT('',(104.53896323362,10.152713559726,
    2.410000055922));
#13976 = CARTESIAN_POINT('',(104.50002312,9.9810406702,2.410000069611));
#13977 = CARTESIAN_POINT('',(104.47085192904,9.869888407079,
    2.410000078094));
#13978 = CARTESIAN_POINT('',(104.4379516053,9.759748635708,
    2.410000085612));
#13979 = CARTESIAN_POINT('',(104.40136682871,9.650777287753,
    2.41000009194));
#13980 = CARTESIAN_POINT('',(104.36115094662,9.54312754627,
    2.410000097145));
#13981 = CARTESIAN_POINT('',(104.30959106803,9.418095851745,
    2.410000102372));
#13982 = CARTESIAN_POINT('',(104.30170362229,9.399288266354,
    2.410000103135));
#13983 = CARTESIAN_POINT('',(104.29370398286,9.380527929313,
    2.410000103873));
#13984 = CARTESIAN_POINT('',(104.28559250434,9.361815676824,
    2.410000104589));
#13985 = CARTESIAN_POINT('',(104.27736954963,9.343152341523,
    2.410000105284));
#13986 = CARTESIAN_POINT('',(104.24227877316,9.264779337605,
    2.410000108123));
#13987 = CARTESIAN_POINT('',(104.2143768383,9.205532668781,
    2.410000110081));
#13988 = CARTESIAN_POINT('',(104.18534198099,9.146826205955,
    2.41000011188));
#13989 = CARTESIAN_POINT('',(104.15518735343,9.088686975191,
    2.410000113561));
#13990 = CARTESIAN_POINT('',(104.12392696435,9.031141568664,
    2.410000115155));
#13991 = CARTESIAN_POINT('',(104.03164628358,8.868764190908,
    2.41000011951));
#13992 = CARTESIAN_POINT('',(103.96797319117,8.765439483492,
    2.410000122125));
#13993 = CARTESIAN_POINT('',(103.90065115171,8.664408691276,
    2.410000124585));
#13994 = CARTESIAN_POINT('',(103.82978421491,8.565832044831,
    2.410000126861));
#13995 = CARTESIAN_POINT('',(103.75548573027,8.469863336427,
    2.410000128837));
#13996 = CARTESIAN_POINT('',(103.48626780071,8.146508496618,
    2.410000133948));
#13997 = CARTESIAN_POINT('',(103.27447014451,7.933142806161,
    2.410000134888));
#13998 = CARTESIAN_POINT('',(103.04435400393,7.738809236775,
    2.410000129803));
#13999 = CARTESIAN_POINT('',(102.79807836836,7.565410026142,
    2.410000122516));
#14000 = CARTESIAN_POINT('',(102.53803023182,7.414552038683,
    2.410000117299));
#14001 = CARTESIAN_POINT('',(101.99570108099,7.160391059813,
    2.410000099048));
#14002 = CARTESIAN_POINT('',(101.71337608871,7.057067458914,
    2.410000084046));
#14003 = CARTESIAN_POINT('',(101.42254022733,6.978750930595,
    2.410000073708));
#14004 = CARTESIAN_POINT('',(101.12595568154,6.92624775664,
    2.410000014856));
#14005 = CARTESIAN_POINT('',(100.82646574083,6.90000000621,
    2.410000023392));
#14006 = CARTESIAN_POINT('',(100.52700008501,6.9,2.409999999934));
#14007 = B_SPLINE_SURFACE_WITH_KNOTS('',8,1,(
    (#14008,#14009)
    ,(#14010,#14011)
    ,(#14012,#14013)
    ,(#14014,#14015)
    ,(#14016,#14017)
    ,(#14018,#14019)
    ,(#14020,#14021)
    ,(#14022,#14023)
    ,(#14024,#14025
    )),.UNSPECIFIED.,.F.,.F.,.F.,(9,9),(2,2),(0.,1.570796455248),(0.,1.)
  ,.PIECEWISE_BEZIER_KNOTS.);
#14008 = CARTESIAN_POINT('',(100.527,6.000000000066,1.51));
#14009 = CARTESIAN_POINT('',(100.52700032116,9.400000000066,4.91));
#14010 = CARTESIAN_POINT('',(101.50874772147,5.999999937005,1.51));
#14011 = CARTESIAN_POINT('',(100.84115952346,9.400000000066,4.91));
#14012 = CARTESIAN_POINT('',(102.49049576611,6.220303840631,1.51));
#14013 = CARTESIAN_POINT('',(101.15531882465,9.470497248253,4.91));
#14014 = CARTESIAN_POINT('',(103.41456625535,6.660909550871,1.51));
#14015 = CARTESIAN_POINT('',(101.45102131062,9.61149105222,4.91));
#14016 = CARTESIAN_POINT('',(104.22329388975,7.303706110263,1.51));
#14017 = CARTESIAN_POINT('',(101.70981409298,9.817185907077,4.91));
#14018 = CARTESIAN_POINT('',(104.86609044915,8.112433744659,1.51));
#14019 = CARTESIAN_POINT('',(101.91550894784,10.075978689442,4.91));
#14020 = CARTESIAN_POINT('',(105.3066961594,9.036504233886,1.51));
#14021 = CARTESIAN_POINT('',(102.05650275181,10.371681175415,4.91));
#14022 = CARTESIAN_POINT('',(105.52700006304,10.018252278531,1.51));
#14023 = CARTESIAN_POINT('',(102.127,10.685840476602,4.91));
#14024 = CARTESIAN_POINT('',(105.527,11.,1.51));
#14025 = CARTESIAN_POINT('',(102.127,10.9999996789,4.91));
#14026 = ADVANCED_FACE('',(#14027),#14092,.F.);
#14027 = FACE_BOUND('',#14028,.F.);
#14028 = EDGE_LOOP('',(#14029,#14038,#14055,#14056,#14057));
#14029 = ORIENTED_EDGE('',*,*,#14030,.T.);
#14030 = EDGE_CURVE('',#14031,#14033,#14035,.T.);
#14031 = VERTEX_POINT('',#14032);
#14032 = CARTESIAN_POINT('',(97.541384485571,8.19,3.7));
#14033 = VERTEX_POINT('',#14034);
#14034 = CARTESIAN_POINT('',(94.737000321166,8.19,3.7));
#14035 = B_SPLINE_CURVE_WITH_KNOTS('',1,(#14036,#14037),.UNSPECIFIED.,
  .F.,.F.,(2,2),(0.,1.),.PIECEWISE_BEZIER_KNOTS.);
#14036 = CARTESIAN_POINT('',(100.52700020686,8.19,3.7));
#14037 = CARTESIAN_POINT('',(93.430216249484,8.19,3.7));
#14038 = ORIENTED_EDGE('',*,*,#14039,.F.);
#14039 = EDGE_CURVE('',#8315,#14033,#14040,.T.);
#14040 = B_SPLINE_CURVE_WITH_KNOTS('',4,(#14041,#14042,#14043,#14044,
    #14045,#14046,#14047,#14048,#14049,#14050,#14051,#14052,#14053,
    #14054),.UNSPECIFIED.,.F.,.F.,(5,3,3,3,5),(0.,0.248091412889,
    0.497413998723,0.748020119097,1.),.UNSPECIFIED.);
#14041 = CARTESIAN_POINT('',(96.927000321165,6.,1.51));
#14042 = CARTESIAN_POINT('',(96.713993494388,6.213006826778,
    1.723006826778));
#14043 = CARTESIAN_POINT('',(96.501326343774,6.425673977392,
    1.935673977392));
#14044 = CARTESIAN_POINT('',(96.289003458793,6.637996862373,
    2.147996862373));
#14045 = CARTESIAN_POINT('',(95.864003567081,7.062996754084,
    2.572996754084));
#14046 = CARTESIAN_POINT('',(95.651330031697,7.275670289468,
    2.785670289468));
#14047 = CARTESIAN_POINT('',(95.439013587158,7.487986734008,
    2.997986734008));
#14048 = CARTESIAN_POINT('',(95.014013237785,7.912987083381,
    3.422987083381));
#14049 = CARTESIAN_POINT('',(94.801333067977,8.125667253189,
    3.635667253189));
#14050 = CARTESIAN_POINT('',(94.589023316853,8.337977004313,
    3.847977004313));
#14051 = CARTESIAN_POINT('',(94.163992630719,8.763007690446,
    4.273007690446));
#14052 = CARTESIAN_POINT('',(93.951275821256,8.97572449991,4.48572449991
    ));
#14053 = CARTESIAN_POINT('',(93.738943387531,9.188056933635,
    4.698056933635));
#14054 = CARTESIAN_POINT('',(93.527000321166,9.4,4.91));
#14055 = ORIENTED_EDGE('',*,*,#8322,.F.);
#14056 = ORIENTED_EDGE('',*,*,#13949,.T.);
#14057 = ORIENTED_EDGE('',*,*,#14058,.T.);
#14058 = EDGE_CURVE('',#13950,#14031,#14059,.T.);
#14059 = B_SPLINE_CURVE_WITH_KNOTS('',7,(#14060,#14061,#14062,#14063,
    #14064,#14065,#14066,#14067,#14068,#14069,#14070,#14071,#14072,
    #14073,#14074,#14075,#14076,#14077,#14078,#14079,#14080,#14081,
    #14082,#14083,#14084,#14085,#14086,#14087,#14088,#14089,#14090,
    #14091),.UNSPECIFIED.,.F.,.F.,(8,6,6,6,6,8),(0.,0.571517794476,
    0.954919886976,0.978026262205,0.988736172239,1.),.UNSPECIFIED.);
#14060 = CARTESIAN_POINT('',(100.52700008501,6.9,2.41));
#14061 = CARTESIAN_POINT('',(100.23945111712,6.899999994038,
    2.409999994038));
#14062 = CARTESIAN_POINT('',(99.951744283258,6.92352827451,2.43352827451
    ));
#14063 = CARTESIAN_POINT('',(99.667973008944,6.97062980525,2.48062980525
    ));
#14064 = CARTESIAN_POINT('',(99.391481963465,7.04019796124,2.55019796124
    ));
#14065 = CARTESIAN_POINT('',(99.124998074997,7.130561663475,
    2.640561663475));
#14066 = CARTESIAN_POINT('',(98.870677276666,7.239653757378,
    2.749653757378));
#14067 = CARTESIAN_POINT('',(98.468792190529,7.449379293343,
    2.959379293343));
#14068 = CARTESIAN_POINT('',(98.313527945585,7.541037404157,
    3.051037404157));
#14069 = CARTESIAN_POINT('',(98.164739463321,7.639537427774,
    3.149537427774));
#14070 = CARTESIAN_POINT('',(98.022691998752,7.74427397523,3.25427397523
    ));
#14071 = CARTESIAN_POINT('',(97.887558770432,7.854670154355,
    3.364670154355));
#14072 = CARTESIAN_POINT('',(97.759441490012,7.970195099235,
    3.480195099235));
#14073 = CARTESIAN_POINT('',(97.631090711855,8.09761906698,3.60761906698
    ));
#14074 = CARTESIAN_POINT('',(97.623820775402,8.104878884362,
    3.614878884362));
#14075 = CARTESIAN_POINT('',(97.616576509441,8.112155499644,
    3.622155499644));
#14076 = CARTESIAN_POINT('',(97.609357925121,8.119448808278,
    3.629448808278));
#14077 = CARTESIAN_POINT('',(97.602165033027,8.126758706304,
    3.636758706304));
#14078 = CARTESIAN_POINT('',(97.594997843182,8.134085090349,
    3.644085090349));
#14079 = CARTESIAN_POINT('',(97.584546257443,8.144831263673,
    3.654831263673));
#14080 = CARTESIAN_POINT('',(97.58124510286,8.148234663563,
    3.658234663563));
#14081 = CARTESIAN_POINT('',(97.577952858874,8.151638057362,
    3.661638057362));
#14082 = CARTESIAN_POINT('',(97.574669483552,8.15504144513,3.66504144513
    ));
#14083 = CARTESIAN_POINT('',(97.571394935455,8.158444826924,
    3.668444826924));
#14084 = CARTESIAN_POINT('',(97.568129173632,8.1618482028,3.6718482028)
  );
#14085 = CARTESIAN_POINT('',(97.561446688389,8.168830965505,
    3.678830965505));
#14086 = CARTESIAN_POINT('',(97.558027313471,8.172414091082,
    3.682414091082));
#14087 = CARTESIAN_POINT('',(97.554613950277,8.176001026886,
    3.686001026886));
#14088 = CARTESIAN_POINT('',(97.551206562552,8.179591800954,
    3.689591800954));
#14089 = CARTESIAN_POINT('',(97.547805160377,8.183186392023,
    3.693186392023));
#14090 = CARTESIAN_POINT('',(97.544409800176,8.18678472953,3.69678472953
    ));
#14091 = CARTESIAN_POINT('',(97.541020584708,8.190386693608,
    3.700386693608));
#14092 = B_SPLINE_SURFACE_WITH_KNOTS('',1,1,(
    (#14093,#14094)
    ,(#14095,#14096
    )),.UNSPECIFIED.,.F.,.F.,.F.,(2,2),(2,2),(0.,92.3),(0.,1.),
  .PIECEWISE_BEZIER_KNOTS.);
#14093 = CARTESIAN_POINT('',(8.227,6.,1.51));
#14094 = CARTESIAN_POINT('',(11.627,9.4,4.91));
#14095 = CARTESIAN_POINT('',(100.527,6.,1.51));
#14096 = CARTESIAN_POINT('',(100.52700032116,9.4,4.91));
#14097 = ADVANCED_FACE('',(#14098),#14116,.T.);
#14098 = FACE_BOUND('',#14099,.T.);
#14099 = EDGE_LOOP('',(#14100,#14108,#14109,#14110));
#14100 = ORIENTED_EDGE('',*,*,#14101,.F.);
#14101 = EDGE_CURVE('',#14033,#14102,#14104,.T.);
#14102 = VERTEX_POINT('',#14103);
#14103 = CARTESIAN_POINT('',(96.927000321166,6.,3.7));
#14104 = LINE('',#14105,#14106);
#14105 = CARTESIAN_POINT('',(81.8435340811,21.083466240068,3.7));
#14106 = VECTOR('',#14107,1.);
#14107 = DIRECTION('',(0.707106781186,-0.707106781187,0.));
#14108 = ORIENTED_EDGE('',*,*,#14039,.F.);
#14109 = ORIENTED_EDGE('',*,*,#8314,.F.);
#14110 = ORIENTED_EDGE('',*,*,#14111,.F.);
#14111 = EDGE_CURVE('',#14102,#8307,#14112,.T.);
#14112 = LINE('',#14113,#14114);
#14113 = CARTESIAN_POINT('',(96.927000321166,6.,4.91));
#14114 = VECTOR('',#14115,1.);
#14115 = DIRECTION('',(-0.,-0.,-1.));
#14116 = PLANE('',#14117);
#14117 = AXIS2_PLACEMENT_3D('',#14118,#14119,#14120);
#14118 = CARTESIAN_POINT('',(93.527000321166,9.4,4.91));
#14119 = DIRECTION('',(-0.707106781187,-0.707106781186,0.));
#14120 = DIRECTION('',(0.707106781186,-0.707106781187,0.));
#14121 = ADVANCED_FACE('',(#14122),#14140,.T.);
#14122 = FACE_BOUND('',#14123,.T.);
#14123 = EDGE_LOOP('',(#14124,#14132,#14133,#14134));
#14124 = ORIENTED_EDGE('',*,*,#14125,.F.);
#14125 = EDGE_CURVE('',#14102,#14126,#14128,.T.);
#14126 = VERTEX_POINT('',#14127);
#14127 = CARTESIAN_POINT('',(90.027000321166,6.,3.7));
#14128 = LINE('',#14129,#14130);
#14129 = CARTESIAN_POINT('',(87.946090151039,6.,3.7));
#14130 = VECTOR('',#14131,1.);
#14131 = DIRECTION('',(-1.,0.,0.));
#14132 = ORIENTED_EDGE('',*,*,#14111,.T.);
#14133 = ORIENTED_EDGE('',*,*,#8306,.F.);
#14134 = ORIENTED_EDGE('',*,*,#14135,.F.);
#14135 = EDGE_CURVE('',#14126,#8299,#14136,.T.);
#14136 = LINE('',#14137,#14138);
#14137 = CARTESIAN_POINT('',(90.027000321166,6.,4.91));
#14138 = VECTOR('',#14139,1.);
#14139 = DIRECTION('',(-0.,-0.,-1.));
#14140 = PLANE('',#14141);
#14141 = AXIS2_PLACEMENT_3D('',#14142,#14143,#14144);
#14142 = CARTESIAN_POINT('',(96.927000321166,6.,4.91));
#14143 = DIRECTION('',(0.,1.,0.));
#14144 = DIRECTION('',(-1.,0.,0.));
#14145 = ADVANCED_FACE('',(#14146),#14175,.T.);
#14146 = FACE_BOUND('',#14147,.T.);
#14147 = EDGE_LOOP('',(#14148,#14156,#14157,#14158));
#14148 = ORIENTED_EDGE('',*,*,#14149,.F.);
#14149 = EDGE_CURVE('',#14126,#14150,#14152,.T.);
#14150 = VERTEX_POINT('',#14151);
#14151 = CARTESIAN_POINT('',(92.217000321166,8.19,3.7));
#14152 = LINE('',#14153,#14154);
#14153 = CARTESIAN_POINT('',(96.154556391105,12.127556069939,3.7));
#14154 = VECTOR('',#14155,1.);
#14155 = DIRECTION('',(0.707106781187,0.707106781187,-0.));
#14156 = ORIENTED_EDGE('',*,*,#14135,.T.);
#14157 = ORIENTED_EDGE('',*,*,#8298,.F.);
#14158 = ORIENTED_EDGE('',*,*,#14159,.T.);
#14159 = EDGE_CURVE('',#8292,#14150,#14160,.T.);
#14160 = B_SPLINE_CURVE_WITH_KNOTS('',4,(#14161,#14162,#14163,#14164,
    #14165,#14166,#14167,#14168,#14169,#14170,#14171,#14172,#14173,
    #14174),.UNSPECIFIED.,.F.,.F.,(5,3,3,3,5),(0.,0.24849834834,
    0.497963576202,0.748437897695,1.),.UNSPECIFIED.);
#14161 = CARTESIAN_POINT('',(90.027000321166,6.,1.51));
#14162 = CARTESIAN_POINT('',(90.239895830277,6.212895509111,
    1.722895509111));
#14163 = CARTESIAN_POINT('',(90.452525710143,6.425525388977,
    1.935525388977));
#14164 = CARTESIAN_POINT('',(90.66488582223,6.637885501064,
    2.147885501064));
#14165 = CARTESIAN_POINT('',(91.089883252985,7.062882931819,
    2.572882931819));
#14166 = CARTESIAN_POINT('',(91.302518435358,7.275518114192,
    2.785518114192));
#14167 = CARTESIAN_POINT('',(91.514873202616,7.48787288145,2.99787288145
    ));
#14168 = CARTESIAN_POINT('',(91.939870992357,7.912870671191,
    3.422870671191));
#14169 = CARTESIAN_POINT('',(92.15251170631,8.125511385144,
    3.635511385144));
#14170 = CARTESIAN_POINT('',(92.364860899913,8.337860578747,
    3.847860578747));
#14171 = CARTESIAN_POINT('',(92.789888138452,8.762887817287,
    4.272887817286));
#14172 = CARTESIAN_POINT('',(93.002563606603,8.975563285437,
    4.485563285437));
#14173 = CARTESIAN_POINT('',(93.214935888334,9.187935567168,
    4.697935567168));
#14174 = CARTESIAN_POINT('',(93.427000321166,9.4,4.91));
#14175 = PLANE('',#14176);
#14176 = AXIS2_PLACEMENT_3D('',#14177,#14178,#14179);
#14177 = CARTESIAN_POINT('',(90.027000321166,6.,4.91));
#14178 = DIRECTION('',(0.707106781187,-0.707106781187,0.));
#14179 = DIRECTION('',(0.707106781187,0.707106781187,0.));
#14180 = ADVANCED_FACE('',(#14181),#14209,.F.);
#14181 = FACE_BOUND('',#14182,.F.);
#14182 = EDGE_LOOP('',(#14183,#14190,#14207,#14208));
#14183 = ORIENTED_EDGE('',*,*,#14184,.T.);
#14184 = EDGE_CURVE('',#14150,#14185,#14187,.T.);
#14185 = VERTEX_POINT('',#14186);
#14186 = CARTESIAN_POINT('',(82.737000321166,8.19,3.7));
#14187 = B_SPLINE_CURVE_WITH_KNOTS('',1,(#14188,#14189),.UNSPECIFIED.,
  .F.,.F.,(2,2),(0.,1.),.PIECEWISE_BEZIER_KNOTS.);
#14188 = CARTESIAN_POINT('',(93.331871922107,8.19,3.7));
#14189 = CARTESIAN_POINT('',(81.266886681701,8.19,3.7));
#14190 = ORIENTED_EDGE('',*,*,#14191,.F.);
#14191 = EDGE_CURVE('',#8284,#14185,#14192,.T.);
#14192 = B_SPLINE_CURVE_WITH_KNOTS('',4,(#14193,#14194,#14195,#14196,
    #14197,#14198,#14199,#14200,#14201,#14202,#14203,#14204,#14205,
    #14206),.UNSPECIFIED.,.F.,.F.,(5,3,3,3,5),(0.,0.24774863177,
    0.49695140854,0.747668790063,1.),.UNSPECIFIED.);
#14193 = CARTESIAN_POINT('',(84.927000321166,6.,1.51));
#14194 = CARTESIAN_POINT('',(84.713899031594,6.213101289572,
    1.723101289572));
#14195 = CARTESIAN_POINT('',(84.5012003813,6.425799939866,1.935799939866
    ));
#14196 = CARTESIAN_POINT('',(84.288909102669,6.638091218497,
    2.148091218497));
#14197 = CARTESIAN_POINT('',(83.863907156416,7.06309316475,2.57309316475
    ));
#14198 = CARTESIAN_POINT('',(83.651201340385,7.275798980781,
    2.785798980781));
#14199 = CARTESIAN_POINT('',(83.438917310735,7.488083010431,
    2.998083010431));
#14200 = CARTESIAN_POINT('',(83.013914841789,7.913085479377,
    3.423085479377));
#14201 = CARTESIAN_POINT('',(82.801201603582,8.125798717584,
    3.635798717584));
#14202 = CARTESIAN_POINT('',(82.588925086095,8.338075235071,
    3.848075235071));
#14203 = CARTESIAN_POINT('',(82.163891745481,8.763108575685,
    4.273108575685));
#14204 = CARTESIAN_POINT('',(81.951140625557,8.975859695609,
    4.485859695609));
#14205 = CARTESIAN_POINT('',(81.738841825745,9.188158495421,
    4.698158495421));
#14206 = CARTESIAN_POINT('',(81.527000321166,9.4,4.91));
#14207 = ORIENTED_EDGE('',*,*,#8291,.F.);
#14208 = ORIENTED_EDGE('',*,*,#14159,.T.);
#14209 = B_SPLINE_SURFACE_WITH_KNOTS('',1,1,(
    (#14210,#14211)
    ,(#14212,#14213
    )),.UNSPECIFIED.,.F.,.F.,.F.,(2,2),(2,2),(0.,92.3),(0.,1.),
  .PIECEWISE_BEZIER_KNOTS.);
#14210 = CARTESIAN_POINT('',(8.227,6.,1.51));
#14211 = CARTESIAN_POINT('',(11.627,9.4,4.91));
#14212 = CARTESIAN_POINT('',(100.527,6.,1.51));
#14213 = CARTESIAN_POINT('',(100.52700032116,9.4,4.91));
#14214 = ADVANCED_FACE('',(#14215),#14233,.T.);
#14215 = FACE_BOUND('',#14216,.T.);
#14216 = EDGE_LOOP('',(#14217,#14225,#14226,#14227));
#14217 = ORIENTED_EDGE('',*,*,#14218,.F.);
#14218 = EDGE_CURVE('',#14185,#14219,#14221,.T.);
#14219 = VERTEX_POINT('',#14220);
#14220 = CARTESIAN_POINT('',(84.927000321166,6.,3.7));
#14221 = LINE('',#14222,#14223);
#14222 = CARTESIAN_POINT('',(72.8435340811,18.083466240066,3.7));
#14223 = VECTOR('',#14224,1.);
#14224 = DIRECTION('',(0.707106781187,-0.707106781187,0.));
#14225 = ORIENTED_EDGE('',*,*,#14191,.F.);
#14226 = ORIENTED_EDGE('',*,*,#8283,.F.);
#14227 = ORIENTED_EDGE('',*,*,#14228,.F.);
#14228 = EDGE_CURVE('',#14219,#8276,#14229,.T.);
#14229 = LINE('',#14230,#14231);
#14230 = CARTESIAN_POINT('',(84.927000321166,6.,4.91));
#14231 = VECTOR('',#14232,1.);
#14232 = DIRECTION('',(-0.,-0.,-1.));
#14233 = PLANE('',#14234);
#14234 = AXIS2_PLACEMENT_3D('',#14235,#14236,#14237);
#14235 = CARTESIAN_POINT('',(81.527000321166,9.4,4.91));
#14236 = DIRECTION('',(-0.707106781187,-0.707106781187,0.));
#14237 = DIRECTION('',(0.707106781187,-0.707106781187,0.));
#14238 = ADVANCED_FACE('',(#14239),#14257,.T.);
#14239 = FACE_BOUND('',#14240,.T.);
#14240 = EDGE_LOOP('',(#14241,#14249,#14250,#14251));
#14241 = ORIENTED_EDGE('',*,*,#14242,.F.);
#14242 = EDGE_CURVE('',#14219,#14243,#14245,.T.);
#14243 = VERTEX_POINT('',#14244);
#14244 = CARTESIAN_POINT('',(78.027000321166,6.,3.7));
#14245 = LINE('',#14246,#14247);
#14246 = CARTESIAN_POINT('',(81.946090151039,6.,3.7));
#14247 = VECTOR('',#14248,1.);
#14248 = DIRECTION('',(-1.,0.,0.));
#14249 = ORIENTED_EDGE('',*,*,#14228,.T.);
#14250 = ORIENTED_EDGE('',*,*,#8275,.F.);
#14251 = ORIENTED_EDGE('',*,*,#14252,.F.);
#14252 = EDGE_CURVE('',#14243,#8268,#14253,.T.);
#14253 = LINE('',#14254,#14255);
#14254 = CARTESIAN_POINT('',(78.027000321166,6.,4.91));
#14255 = VECTOR('',#14256,1.);
#14256 = DIRECTION('',(-0.,-0.,-1.));
#14257 = PLANE('',#14258);
#14258 = AXIS2_PLACEMENT_3D('',#14259,#14260,#14261);
#14259 = CARTESIAN_POINT('',(84.927000321166,6.,4.91));
#14260 = DIRECTION('',(0.,1.,0.));
#14261 = DIRECTION('',(-1.,0.,0.));
#14262 = ADVANCED_FACE('',(#14263),#14286,.T.);
#14263 = FACE_BOUND('',#14264,.T.);
#14264 = EDGE_LOOP('',(#14265,#14273,#14274,#14275));
#14265 = ORIENTED_EDGE('',*,*,#14266,.F.);
#14266 = EDGE_CURVE('',#14243,#14267,#14269,.T.);
#14267 = VERTEX_POINT('',#14268);
#14268 = CARTESIAN_POINT('',(80.217000321166,8.19,3.7));
#14269 = LINE('',#14270,#14271);
#14270 = CARTESIAN_POINT('',(87.154556391106,15.12755606994,3.7));
#14271 = VECTOR('',#14272,1.);
#14272 = DIRECTION('',(0.707106781187,0.707106781187,-0.));
#14273 = ORIENTED_EDGE('',*,*,#14252,.T.);
#14274 = ORIENTED_EDGE('',*,*,#8267,.F.);
#14275 = ORIENTED_EDGE('',*,*,#14276,.T.);
#14276 = EDGE_CURVE('',#8261,#14267,#14277,.T.);
#14277 = B_SPLINE_CURVE_WITH_KNOTS('',4,(#14278,#14279,#14280,#14281,
    #14282,#14283,#14284,#14285),.UNSPECIFIED.,.F.,.F.,(5,3,5),(0.,
    0.550432261488,1.),.UNSPECIFIED.);
#14278 = CARTESIAN_POINT('',(78.027000321166,6.,1.51));
#14279 = CARTESIAN_POINT('',(78.497725096614,6.470724775448,
    1.980724775448));
#14280 = CARTESIAN_POINT('',(78.967449136027,6.940448814861,
    2.450448814861));
#14281 = CARTESIAN_POINT('',(79.436134173271,7.409133852105,
    2.919133852105));
#14282 = CARTESIAN_POINT('',(80.285657706978,8.258657385812,
    3.768657385812));
#14283 = CARTESIAN_POINT('',(80.666855706781,8.639855385615,
    4.149855385615));
#14284 = CARTESIAN_POINT('',(81.047311059633,9.020310738467,
    4.530310738467));
#14285 = CARTESIAN_POINT('',(81.427000321166,9.4,4.91));
#14286 = PLANE('',#14287);
#14287 = AXIS2_PLACEMENT_3D('',#14288,#14289,#14290);
#14288 = CARTESIAN_POINT('',(78.027000321166,6.,4.91));
#14289 = DIRECTION('',(0.707106781187,-0.707106781187,0.));
#14290 = DIRECTION('',(0.707106781187,0.707106781187,0.));
#14291 = ADVANCED_FACE('',(#14292),#14416,.F.);
#14292 = FACE_BOUND('',#14293,.F.);
#14293 = EDGE_LOOP('',(#14294,#14295,#14302,#14312,#14319,#14329,#14336,
    #14346,#14353,#14363,#14370,#14380,#14387,#14397,#14404,#14415));
#14294 = ORIENTED_EDGE('',*,*,#14276,.T.);
#14295 = ORIENTED_EDGE('',*,*,#14296,.T.);
#14296 = EDGE_CURVE('',#14267,#14297,#14299,.T.);
#14297 = VERTEX_POINT('',#14298);
#14298 = CARTESIAN_POINT('',(76.504997,8.19,3.7));
#14299 = B_SPLINE_CURVE_WITH_KNOTS('',1,(#14300,#14301),.UNSPECIFIED.,
  .F.,.F.,(2,2),(0.,1.),.PIECEWISE_BEZIER_KNOTS.);
#14300 = CARTESIAN_POINT('',(81.168542354323,8.19,3.7));
#14301 = CARTESIAN_POINT('',(28.76184705523,8.19,3.7));
#14302 = ORIENTED_EDGE('',*,*,#14303,.F.);
#14303 = EDGE_CURVE('',#14304,#14297,#14306,.T.);
#14304 = VERTEX_POINT('',#14305);
#14305 = CARTESIAN_POINT('',(76.504997,6.831024,2.341024));
#14306 = B_SPLINE_CURVE_WITH_KNOTS('',4,(#14307,#14308,#14309,#14310,
    #14311),.UNSPECIFIED.,.F.,.F.,(5,5),(0.,1.),
  .PIECEWISE_BEZIER_KNOTS.);
#14307 = CARTESIAN_POINT('',(76.504997,6.831024,2.341024));
#14308 = CARTESIAN_POINT('',(76.504997,7.170936475561,2.680936475561));
#14309 = CARTESIAN_POINT('',(76.504997,7.510739265239,3.020739265239));
#14310 = CARTESIAN_POINT('',(76.504997,7.85042850059,3.36042850059));
#14311 = CARTESIAN_POINT('',(76.504997,8.19,3.7));
#14312 = ORIENTED_EDGE('',*,*,#14313,.T.);
#14313 = EDGE_CURVE('',#14304,#14314,#14316,.T.);
#14314 = VERTEX_POINT('',#14315);
#14315 = CARTESIAN_POINT('',(74.151718,6.831024,2.341024));
#14316 = B_SPLINE_CURVE_WITH_KNOTS('',1,(#14317,#14318),.UNSPECIFIED.,
  .F.,.F.,(2,2),(0.,1.),.PIECEWISE_BEZIER_KNOTS.);
#14317 = CARTESIAN_POINT('',(76.504997,6.831024,2.341024));
#14318 = CARTESIAN_POINT('',(74.151718,6.831024,2.341024));
#14319 = ORIENTED_EDGE('',*,*,#14320,.T.);
#14320 = EDGE_CURVE('',#14314,#14321,#14323,.T.);
#14321 = VERTEX_POINT('',#14322);
#14322 = CARTESIAN_POINT('',(74.151718,8.19,3.7));
#14323 = B_SPLINE_CURVE_WITH_KNOTS('',4,(#14324,#14325,#14326,#14327,
    #14328),.UNSPECIFIED.,.F.,.F.,(5,5),(0.,1.),
  .PIECEWISE_BEZIER_KNOTS.);
#14324 = CARTESIAN_POINT('',(74.151718,6.831024,2.341024));
#14325 = CARTESIAN_POINT('',(74.151718,7.170969737807,2.680969737807));
#14326 = CARTESIAN_POINT('',(74.151718,7.510784100097,3.020784100097));
#14327 = CARTESIAN_POINT('',(74.151718,7.850462502988,3.360462502988));
#14328 = CARTESIAN_POINT('',(74.151718,8.19,3.7));
#14329 = ORIENTED_EDGE('',*,*,#14330,.T.);
#14330 = EDGE_CURVE('',#14321,#14331,#14333,.T.);
#14331 = VERTEX_POINT('',#14332);
#14332 = CARTESIAN_POINT('',(72.631142,8.19,3.7));
#14333 = B_SPLINE_CURVE_WITH_KNOTS('',1,(#14334,#14335),.UNSPECIFIED.,
  .F.,.F.,(2,2),(0.,1.),.PIECEWISE_BEZIER_KNOTS.);
#14334 = CARTESIAN_POINT('',(81.168542354323,8.19,3.7));
#14335 = CARTESIAN_POINT('',(28.76184705523,8.19,3.7));
#14336 = ORIENTED_EDGE('',*,*,#14337,.F.);
#14337 = EDGE_CURVE('',#14338,#14331,#14340,.T.);
#14338 = VERTEX_POINT('',#14339);
#14339 = CARTESIAN_POINT('',(72.631142,6.831024,2.341024));
#14340 = B_SPLINE_CURVE_WITH_KNOTS('',4,(#14341,#14342,#14343,#14344,
    #14345),.UNSPECIFIED.,.F.,.F.,(5,5),(0.,1.),
  .PIECEWISE_BEZIER_KNOTS.);
#14341 = CARTESIAN_POINT('',(72.631142,6.831024,2.341024));
#14342 = CARTESIAN_POINT('',(72.631142,7.170992620059,2.680992620059));
#14343 = CARTESIAN_POINT('',(72.631142,7.510814936981,3.020814936981));
#14344 = CARTESIAN_POINT('',(72.631142,7.850485883998,3.360485883998));
#14345 = CARTESIAN_POINT('',(72.631142,8.19,3.7));
#14346 = ORIENTED_EDGE('',*,*,#14347,.T.);
#14347 = EDGE_CURVE('',#14338,#14348,#14350,.T.);
#14348 = VERTEX_POINT('',#14349);
#14349 = CARTESIAN_POINT('',(70.676109,6.831024,2.341024));
#14350 = B_SPLINE_CURVE_WITH_KNOTS('',1,(#14351,#14352),.UNSPECIFIED.,
  .F.,.F.,(2,2),(0.,1.),.PIECEWISE_BEZIER_KNOTS.);
#14351 = CARTESIAN_POINT('',(72.631142,6.831024,2.341024));
#14352 = CARTESIAN_POINT('',(70.676109,6.831024,2.341024));
#14353 = ORIENTED_EDGE('',*,*,#14354,.T.);
#14354 = EDGE_CURVE('',#14348,#14355,#14357,.T.);
#14355 = VERTEX_POINT('',#14356);
#14356 = CARTESIAN_POINT('',(70.676109,8.19,3.7));
#14357 = B_SPLINE_CURVE_WITH_KNOTS('',4,(#14358,#14359,#14360,#14361,
    #14362),.UNSPECIFIED.,.F.,.F.,(5,5),(0.,1.),
  .PIECEWISE_BEZIER_KNOTS.);
#14358 = CARTESIAN_POINT('',(70.676109,6.831024,2.341024));
#14359 = CARTESIAN_POINT('',(70.676109,7.17102358182,2.68102358182));
#14360 = CARTESIAN_POINT('',(70.676109,7.510856653556,3.020856653556));
#14361 = CARTESIAN_POINT('',(70.676109,7.850517507115,3.360517507115));
#14362 = CARTESIAN_POINT('',(70.676109,8.19,3.7));
#14363 = ORIENTED_EDGE('',*,*,#14364,.T.);
#14364 = EDGE_CURVE('',#14355,#14365,#14367,.T.);
#14365 = VERTEX_POINT('',#14366);
#14366 = CARTESIAN_POINT('',(68.938301,8.19,3.7));
#14367 = B_SPLINE_CURVE_WITH_KNOTS('',1,(#14368,#14369),.UNSPECIFIED.,
  .F.,.F.,(2,2),(0.,1.),.PIECEWISE_BEZIER_KNOTS.);
#14368 = CARTESIAN_POINT('',(81.168542354323,8.19,3.7));
#14369 = CARTESIAN_POINT('',(28.76184705523,8.19,3.7));
#14370 = ORIENTED_EDGE('',*,*,#14371,.F.);
#14371 = EDGE_CURVE('',#14372,#14365,#14374,.T.);
#14372 = VERTEX_POINT('',#14373);
#14373 = CARTESIAN_POINT('',(68.938301,6.831024,2.341024));
#14374 = B_SPLINE_CURVE_WITH_KNOTS('',4,(#14375,#14376,#14377,#14378,
    #14379),.UNSPECIFIED.,.F.,.F.,(5,5),(0.,1.),
  .PIECEWISE_BEZIER_KNOTS.);
#14375 = CARTESIAN_POINT('',(68.938301,6.831024,2.341024));
#14376 = CARTESIAN_POINT('',(68.938301,7.171052505406,2.681052505406));
#14377 = CARTESIAN_POINT('',(68.938301,7.51089561512,3.02089561512));
#14378 = CARTESIAN_POINT('',(68.938301,7.850547034493,3.360547034493));
#14379 = CARTESIAN_POINT('',(68.938301,8.19,3.7));
#14380 = ORIENTED_EDGE('',*,*,#14381,.T.);
#14381 = EDGE_CURVE('',#14372,#14382,#14384,.T.);
#14382 = VERTEX_POINT('',#14383);
#14383 = CARTESIAN_POINT('',(66.874664,6.831024,2.341024));
#14384 = B_SPLINE_CURVE_WITH_KNOTS('',1,(#14385,#14386),.UNSPECIFIED.,
  .F.,.F.,(2,2),(0.,1.),.PIECEWISE_BEZIER_KNOTS.);
#14385 = CARTESIAN_POINT('',(68.938301,6.831024,2.341024));
#14386 = CARTESIAN_POINT('',(66.874664,6.831024,2.341024));
#14387 = ORIENTED_EDGE('',*,*,#14388,.T.);
#14388 = EDGE_CURVE('',#14382,#14389,#14391,.T.);
#14389 = VERTEX_POINT('',#14390);
#14390 = CARTESIAN_POINT('',(66.874664,8.19,3.7));
#14391 = B_SPLINE_CURVE_WITH_KNOTS('',4,(#14392,#14393,#14394,#14395,
    #14396),.UNSPECIFIED.,.F.,.F.,(5,5),(0.,1.),
  .PIECEWISE_BEZIER_KNOTS.);
#14392 = CARTESIAN_POINT('',(66.874664,6.831024,2.341024));
#14393 = CARTESIAN_POINT('',(66.874664,7.171088490777,2.681088490777));
#14394 = CARTESIAN_POINT('',(66.874664,7.510944077323,3.020944077323));
#14395 = CARTESIAN_POINT('',(66.874664,7.850583752173,3.360583752173));
#14396 = CARTESIAN_POINT('',(66.874664,8.19,3.7));
#14397 = ORIENTED_EDGE('',*,*,#14398,.T.);
#14398 = EDGE_CURVE('',#14389,#14399,#14401,.T.);
#14399 = VERTEX_POINT('',#14400);
#14400 = CARTESIAN_POINT('',(64.243285279087,8.19,3.7));
#14401 = B_SPLINE_CURVE_WITH_KNOTS('',1,(#14402,#14403),.UNSPECIFIED.,
  .F.,.F.,(2,2),(0.,1.),.PIECEWISE_BEZIER_KNOTS.);
#14402 = CARTESIAN_POINT('',(81.168542354323,8.19,3.7));
#14403 = CARTESIAN_POINT('',(28.76184705523,8.19,3.7));
#14404 = ORIENTED_EDGE('',*,*,#14405,.F.);
#14405 = EDGE_CURVE('',#8253,#14399,#14406,.T.);
#14406 = B_SPLINE_CURVE_WITH_KNOTS('',4,(#14407,#14408,#14409,#14410,
    #14411,#14412,#14413,#14414),.UNSPECIFIED.,.F.,.F.,(5,3,5),(0.,
    0.497451180588,1.),.UNSPECIFIED.);
#14407 = CARTESIAN_POINT('',(65.507682368613,6.,1.51));
#14408 = CARTESIAN_POINT('',(65.348649357475,6.275453255372,
    1.785453255372));
#14409 = CARTESIAN_POINT('',(65.189963707236,6.550304864017,
    2.060304864017));
#14410 = CARTESIAN_POINT('',(65.031631233434,6.82454475313,2.33454475313
    ));
#14411 = CARTESIAN_POINT('',(64.714065557552,7.374584638498,
    2.884584638498));
#14412 = CARTESIAN_POINT('',(64.554839749101,7.650371828611,
    3.160371828611));
#14413 = CARTESIAN_POINT('',(64.395986455846,7.925513803479,
    3.435513803479));
#14414 = CARTESIAN_POINT('',(64.237511776396,8.2,3.71));
#14415 = ORIENTED_EDGE('',*,*,#8260,.F.);
#14416 = B_SPLINE_SURFACE_WITH_KNOTS('',1,1,(
    (#14417,#14418)
    ,(#14419,#14420
    )),.UNSPECIFIED.,.F.,.F.,.F.,(2,2),(2,2),(0.,92.3),(0.,1.),
  .PIECEWISE_BEZIER_KNOTS.);
#14417 = CARTESIAN_POINT('',(8.227,6.,1.51));
#14418 = CARTESIAN_POINT('',(11.627,9.4,4.91));
#14419 = CARTESIAN_POINT('',(100.527,6.,1.51));
#14420 = CARTESIAN_POINT('',(100.52700032116,9.4,4.91));
#14421 = ADVANCED_FACE('',(#14422),#14440,.F.);
#14422 = FACE_BOUND('',#14423,.F.);
#14423 = EDGE_LOOP('',(#14424,#14432,#14438,#14439));
#14424 = ORIENTED_EDGE('',*,*,#14425,.F.);
#14425 = EDGE_CURVE('',#14426,#14399,#14428,.T.);
#14426 = VERTEX_POINT('',#14427);
#14427 = CARTESIAN_POINT('',(65.507682368613,6.,3.7));
#14428 = LINE('',#14429,#14430);
#14429 = CARTESIAN_POINT('',(59.488295993779,16.425883031599,3.7));
#14430 = VECTOR('',#14431,1.);
#14431 = DIRECTION('',(-0.5,0.866025403784,0.));
#14432 = ORIENTED_EDGE('',*,*,#14433,.T.);
#14433 = EDGE_CURVE('',#14426,#8245,#14434,.T.);
#14434 = LINE('',#14435,#14436);
#14435 = CARTESIAN_POINT('',(65.507682368613,6.,4.91));
#14436 = VECTOR('',#14437,1.);
#14437 = DIRECTION('',(-0.,-0.,-1.));
#14438 = ORIENTED_EDGE('',*,*,#8252,.F.);
#14439 = ORIENTED_EDGE('',*,*,#14405,.T.);
#14440 = PLANE('',#14441);
#14441 = AXIS2_PLACEMENT_3D('',#14442,#14443,#14444);
#14442 = CARTESIAN_POINT('',(65.507682368613,6.,4.91));
#14443 = DIRECTION('',(0.866025403784,0.5,0.));
#14444 = DIRECTION('',(-0.5,0.866025403784,0.));
#14445 = ADVANCED_FACE('',(#14446),#14464,.F.);
#14446 = FACE_BOUND('',#14447,.F.);
#14447 = EDGE_LOOP('',(#14448,#14456,#14462,#14463));
#14448 = ORIENTED_EDGE('',*,*,#14449,.F.);
#14449 = EDGE_CURVE('',#14450,#14426,#14452,.T.);
#14450 = VERTEX_POINT('',#14451);
#14451 = CARTESIAN_POINT('',(62.867341184306,6.,3.7));
#14452 = LINE('',#14453,#14454);
#14453 = CARTESIAN_POINT('',(70.916260582609,6.,3.7));
#14454 = VECTOR('',#14455,1.);
#14455 = DIRECTION('',(1.,0.,-0.));
#14456 = ORIENTED_EDGE('',*,*,#14457,.T.);
#14457 = EDGE_CURVE('',#14450,#8237,#14458,.T.);
#14458 = LINE('',#14459,#14460);
#14459 = CARTESIAN_POINT('',(62.867341184306,6.,4.91));
#14460 = VECTOR('',#14461,1.);
#14461 = DIRECTION('',(-0.,-0.,-1.));
#14462 = ORIENTED_EDGE('',*,*,#8244,.F.);
#14463 = ORIENTED_EDGE('',*,*,#14433,.F.);
#14464 = PLANE('',#14465);
#14465 = AXIS2_PLACEMENT_3D('',#14466,#14467,#14468);
#14466 = CARTESIAN_POINT('',(62.867341184306,6.,4.91));
#14467 = DIRECTION('',(0.,-1.,0.));
#14468 = DIRECTION('',(1.,0.,0.));
#14469 = ADVANCED_FACE('',(#14470),#14490,.F.);
#14470 = FACE_BOUND('',#14471,.F.);
#14471 = EDGE_LOOP('',(#14472,#14473,#14481,#14489));
#14472 = ORIENTED_EDGE('',*,*,#14457,.F.);
#14473 = ORIENTED_EDGE('',*,*,#14474,.F.);
#14474 = EDGE_CURVE('',#14475,#14450,#14477,.T.);
#14475 = VERTEX_POINT('',#14476);
#14476 = CARTESIAN_POINT('',(64.131738273704,8.19,3.7));
#14477 = LINE('',#14478,#14479);
#14478 = CARTESIAN_POINT('',(73.216229905605,23.924801068973,3.7));
#14479 = VECTOR('',#14480,1.);
#14480 = DIRECTION('',(-0.499999999962,-0.866025403806,0.));
#14481 = ORIENTED_EDGE('',*,*,#14482,.F.);
#14482 = EDGE_CURVE('',#8230,#14475,#14483,.T.);
#14483 = B_SPLINE_CURVE_WITH_KNOTS('',4,(#14484,#14485,#14486,#14487,
    #14488),.UNSPECIFIED.,.F.,.F.,(5,5),(0.,1.),
  .PIECEWISE_BEZIER_KNOTS.);
#14484 = CARTESIAN_POINT('',(62.867341184307,6.,1.51));
#14485 = CARTESIAN_POINT('',(63.184976104415,6.550159819942,
    2.060159819942));
#14486 = CARTESIAN_POINT('',(63.502551896071,7.100217226399,
    2.610217226399));
#14487 = CARTESIAN_POINT('',(63.820065109439,7.650166244082,
    3.160166244082));
#14488 = CARTESIAN_POINT('',(64.137511776396,8.2,3.71));
#14489 = ORIENTED_EDGE('',*,*,#8236,.F.);
#14490 = PLANE('',#14491);
#14491 = AXIS2_PLACEMENT_3D('',#14492,#14493,#14494);
#14492 = CARTESIAN_POINT('',(64.137511776396,8.2,4.91));
#14493 = DIRECTION('',(-0.866025403806,0.499999999962,0.));
#14494 = DIRECTION('',(-0.499999999962,-0.866025403806,0.));
#14495 = ADVANCED_FACE('',(#14496),#14506,.F.);
#14496 = FACE_BOUND('',#14497,.F.);
#14497 = EDGE_LOOP('',(#14498,#14499,#14500,#14505));
#14498 = ORIENTED_EDGE('',*,*,#8229,.F.);
#14499 = ORIENTED_EDGE('',*,*,#14482,.T.);
#14500 = ORIENTED_EDGE('',*,*,#14501,.T.);
#14501 = EDGE_CURVE('',#14475,#11545,#14502,.T.);
#14502 = B_SPLINE_CURVE_WITH_KNOTS('',1,(#14503,#14504),.UNSPECIFIED.,
  .F.,.F.,(2,2),(0.,1.),.PIECEWISE_BEZIER_KNOTS.);
#14503 = CARTESIAN_POINT('',(81.168542354323,8.19,3.7));
#14504 = CARTESIAN_POINT('',(28.76184705523,8.19,3.7));
#14505 = ORIENTED_EDGE('',*,*,#11552,.F.);
#14506 = B_SPLINE_SURFACE_WITH_KNOTS('',1,1,(
    (#14507,#14508)
    ,(#14509,#14510
    )),.UNSPECIFIED.,.F.,.F.,.F.,(2,2),(2,2),(0.,92.3),(0.,1.),
  .PIECEWISE_BEZIER_KNOTS.);
#14507 = CARTESIAN_POINT('',(8.227,6.,1.51));
#14508 = CARTESIAN_POINT('',(11.627,9.4,4.91));
#14509 = CARTESIAN_POINT('',(100.527,6.,1.51));
#14510 = CARTESIAN_POINT('',(100.52700032116,9.4,4.91));
#14511 = ADVANCED_FACE('',(#14512),#14568,.T.);
#14512 = FACE_BOUND('',#14513,.T.);
#14513 = EDGE_LOOP('',(#14514,#14515,#14516,#14517,#14518,#14519,#14520,
    #14521,#14522,#14523,#14524,#14525,#14526,#14527,#14528,#14529,
    #14530,#14531,#14532,#14533,#14534,#14535,#14536,#14537,#14538,
    #14539,#14540,#14541,#14542,#14543,#14544,#14545,#14546,#14547,
    #14548,#14549,#14550,#14551,#14552,#14553,#14554,#14562));
#14514 = ORIENTED_EDGE('',*,*,#8692,.F.);
#14515 = ORIENTED_EDGE('',*,*,#12965,.T.);
#14516 = ORIENTED_EDGE('',*,*,#12978,.T.);
#14517 = ORIENTED_EDGE('',*,*,#13002,.T.);
#14518 = ORIENTED_EDGE('',*,*,#13026,.T.);
#14519 = ORIENTED_EDGE('',*,*,#13058,.T.);
#14520 = ORIENTED_EDGE('',*,*,#13071,.T.);
#14521 = ORIENTED_EDGE('',*,*,#13095,.T.);
#14522 = ORIENTED_EDGE('',*,*,#13119,.T.);
#14523 = ORIENTED_EDGE('',*,*,#13151,.T.);
#14524 = ORIENTED_EDGE('',*,*,#13164,.T.);
#14525 = ORIENTED_EDGE('',*,*,#13188,.T.);
#14526 = ORIENTED_EDGE('',*,*,#13212,.T.);
#14527 = ORIENTED_EDGE('',*,*,#13244,.T.);
#14528 = ORIENTED_EDGE('',*,*,#13257,.T.);
#14529 = ORIENTED_EDGE('',*,*,#13281,.T.);
#14530 = ORIENTED_EDGE('',*,*,#13305,.T.);
#14531 = ORIENTED_EDGE('',*,*,#13337,.T.);
#14532 = ORIENTED_EDGE('',*,*,#13350,.T.);
#14533 = ORIENTED_EDGE('',*,*,#13374,.T.);
#14534 = ORIENTED_EDGE('',*,*,#13398,.T.);
#14535 = ORIENTED_EDGE('',*,*,#13430,.T.);
#14536 = ORIENTED_EDGE('',*,*,#13443,.T.);
#14537 = ORIENTED_EDGE('',*,*,#13467,.T.);
#14538 = ORIENTED_EDGE('',*,*,#13491,.T.);
#14539 = ORIENTED_EDGE('',*,*,#13523,.T.);
#14540 = ORIENTED_EDGE('',*,*,#13536,.T.);
#14541 = ORIENTED_EDGE('',*,*,#13560,.T.);
#14542 = ORIENTED_EDGE('',*,*,#13584,.T.);
#14543 = ORIENTED_EDGE('',*,*,#13616,.T.);
#14544 = ORIENTED_EDGE('',*,*,#13629,.T.);
#14545 = ORIENTED_EDGE('',*,*,#13653,.T.);
#14546 = ORIENTED_EDGE('',*,*,#13677,.T.);
#14547 = ORIENTED_EDGE('',*,*,#13709,.T.);
#14548 = ORIENTED_EDGE('',*,*,#13722,.T.);
#14549 = ORIENTED_EDGE('',*,*,#13746,.T.);
#14550 = ORIENTED_EDGE('',*,*,#13770,.T.);
#14551 = ORIENTED_EDGE('',*,*,#13802,.T.);
#14552 = ORIENTED_EDGE('',*,*,#13815,.T.);
#14553 = ORIENTED_EDGE('',*,*,#13839,.T.);
#14554 = ORIENTED_EDGE('',*,*,#14555,.T.);
#14555 = EDGE_CURVE('',#13840,#14556,#14558,.T.);
#14556 = VERTEX_POINT('',#14557);
#14557 = CARTESIAN_POINT('',(106.527,19.,4.9));
#14558 = LINE('',#14559,#14560);
#14559 = CARTESIAN_POINT('',(5.91,19.,4.9));
#14560 = VECTOR('',#14561,1.);
#14561 = DIRECTION('',(1.,0.,0.));
#14562 = ORIENTED_EDGE('',*,*,#14563,.T.);
#14563 = EDGE_CURVE('',#14556,#8695,#14564,.T.);
#14564 = LINE('',#14565,#14566);
#14565 = CARTESIAN_POINT('',(106.52699999999,11.,4.9));
#14566 = VECTOR('',#14567,1.);
#14567 = DIRECTION('',(0.,1.,0.));
#14568 = PLANE('',#14569);
#14569 = AXIS2_PLACEMENT_3D('',#14570,#14571,#14572);
#14570 = CARTESIAN_POINT('',(54.980644589127,89.722295851324,4.9));
#14571 = DIRECTION('',(0.,0.,1.));
#14572 = DIRECTION('',(1.,0.,0.));
#14573 = ADVANCED_FACE('',(#14574),#14592,.T.);
#14574 = FACE_BOUND('',#14575,.T.);
#14575 = EDGE_LOOP('',(#14576,#14577,#14585,#14591));
#14576 = ORIENTED_EDGE('',*,*,#14563,.F.);
#14577 = ORIENTED_EDGE('',*,*,#14578,.T.);
#14578 = EDGE_CURVE('',#14556,#14579,#14581,.T.);
#14579 = VERTEX_POINT('',#14580);
#14580 = CARTESIAN_POINT('',(106.527,19.,3.7));
#14581 = LINE('',#14582,#14583);
#14582 = CARTESIAN_POINT('',(106.527,19.,4.9));
#14583 = VECTOR('',#14584,1.);
#14584 = DIRECTION('',(-0.,-0.,-1.));
#14585 = ORIENTED_EDGE('',*,*,#14586,.T.);
#14586 = EDGE_CURVE('',#14579,#8719,#14587,.T.);
#14587 = LINE('',#14588,#14589);
#14588 = CARTESIAN_POINT('',(106.52699999999,11.,3.7));
#14589 = VECTOR('',#14590,1.);
#14590 = DIRECTION('',(0.,1.,0.));
#14591 = ORIENTED_EDGE('',*,*,#8726,.F.);
#14592 = PLANE('',#14593);
#14593 = AXIS2_PLACEMENT_3D('',#14594,#14595,#14596);
#14594 = CARTESIAN_POINT('',(106.52699999999,11.,4.9));
#14595 = DIRECTION('',(1.,0.,0.));
#14596 = DIRECTION('',(0.,1.,0.));
#14597 = ADVANCED_FACE('',(#14598),#14819,.T.);
#14598 = FACE_BOUND('',#14599,.T.);
#14599 = EDGE_LOOP('',(#14600,#14606,#14607,#14608,#14609,#14618,#14625,
    #14626,#14627,#14628,#14629,#14630,#14631,#14632,#14633,#14634,
    #14642,#14650,#14656,#14657,#14665,#14673,#14679,#14680,#14688,
    #14696,#14702,#14703,#14704,#14705,#14706,#14707,#14708,#14716,
    #14722,#14723,#14731,#14739,#14745,#14746,#14747,#14748,#14756,
    #14764,#14770,#14771,#14779,#14787,#14793,#14794,#14802,#14810,
    #14816,#14817,#14818));
#14600 = ORIENTED_EDGE('',*,*,#14601,.F.);
#14601 = EDGE_CURVE('',#13858,#14579,#14602,.T.);
#14602 = LINE('',#14603,#14604);
#14603 = CARTESIAN_POINT('',(5.91,19.,3.7));
#14604 = VECTOR('',#14605,1.);
#14605 = DIRECTION('',(1.,0.,0.));
#14606 = ORIENTED_EDGE('',*,*,#13857,.T.);
#14607 = ORIENTED_EDGE('',*,*,#13879,.T.);
#14608 = ORIENTED_EDGE('',*,*,#13936,.T.);
#14609 = ORIENTED_EDGE('',*,*,#14610,.F.);
#14610 = EDGE_CURVE('',#14611,#13903,#14613,.T.);
#14611 = VERTEX_POINT('',#14612);
#14612 = CARTESIAN_POINT('',(104.627,11.,3.7));
#14613 = CIRCLE('',#14614,4.1);
#14614 = AXIS2_PLACEMENT_3D('',#14615,#14616,#14617);
#14615 = CARTESIAN_POINT('',(100.527,11.,3.7));
#14616 = DIRECTION('',(0.,0.,1.));
#14617 = DIRECTION('',(1.,0.,0.));
#14618 = ORIENTED_EDGE('',*,*,#14619,.F.);
#14619 = EDGE_CURVE('',#14031,#14611,#14620,.T.);
#14620 = CIRCLE('',#14621,4.1);
#14621 = AXIS2_PLACEMENT_3D('',#14622,#14623,#14624);
#14622 = CARTESIAN_POINT('',(100.527,11.,3.7));
#14623 = DIRECTION('',(0.,0.,1.));
#14624 = DIRECTION('',(1.,0.,0.));
#14625 = ORIENTED_EDGE('',*,*,#14030,.T.);
#14626 = ORIENTED_EDGE('',*,*,#14101,.T.);
#14627 = ORIENTED_EDGE('',*,*,#14125,.T.);
#14628 = ORIENTED_EDGE('',*,*,#14149,.T.);
#14629 = ORIENTED_EDGE('',*,*,#14184,.T.);
#14630 = ORIENTED_EDGE('',*,*,#14218,.T.);
#14631 = ORIENTED_EDGE('',*,*,#14242,.T.);
#14632 = ORIENTED_EDGE('',*,*,#14266,.T.);
#14633 = ORIENTED_EDGE('',*,*,#14296,.T.);
#14634 = ORIENTED_EDGE('',*,*,#14635,.F.);
#14635 = EDGE_CURVE('',#14636,#14297,#14638,.T.);
#14636 = VERTEX_POINT('',#14637);
#14637 = CARTESIAN_POINT('',(76.504997,6.831024,3.7));
#14638 = LINE('',#14639,#14640);
#14639 = CARTESIAN_POINT('',(76.504997,41.795005350515,3.7));
#14640 = VECTOR('',#14641,1.);
#14641 = DIRECTION('',(0.,1.,0.));
#14642 = ORIENTED_EDGE('',*,*,#14643,.F.);
#14643 = EDGE_CURVE('',#14644,#14636,#14646,.T.);
#14644 = VERTEX_POINT('',#14645);
#14645 = CARTESIAN_POINT('',(74.151718,6.831024,3.7));
#14646 = LINE('',#14647,#14648);
#14647 = CARTESIAN_POINT('',(74.535067816324,6.831024,3.7));
#14648 = VECTOR('',#14649,1.);
#14649 = DIRECTION('',(1.,0.,0.));
#14650 = ORIENTED_EDGE('',*,*,#14651,.F.);
#14651 = EDGE_CURVE('',#14321,#14644,#14652,.T.);
#14652 = LINE('',#14653,#14654);
#14653 = CARTESIAN_POINT('',(74.151718,45.614553350515,3.7));
#14654 = VECTOR('',#14655,1.);
#14655 = DIRECTION('',(0.,-1.,0.));
#14656 = ORIENTED_EDGE('',*,*,#14330,.T.);
#14657 = ORIENTED_EDGE('',*,*,#14658,.F.);
#14658 = EDGE_CURVE('',#14659,#14331,#14661,.T.);
#14659 = VERTEX_POINT('',#14660);
#14660 = CARTESIAN_POINT('',(72.631142,6.831024,3.7));
#14661 = LINE('',#14662,#14663);
#14662 = CARTESIAN_POINT('',(72.631142,41.795005350515,3.7));
#14663 = VECTOR('',#14664,1.);
#14664 = DIRECTION('',(0.,1.,0.));
#14665 = ORIENTED_EDGE('',*,*,#14666,.F.);
#14666 = EDGE_CURVE('',#14667,#14659,#14669,.T.);
#14667 = VERTEX_POINT('',#14668);
#14668 = CARTESIAN_POINT('',(70.676109,6.831024,3.7));
#14669 = LINE('',#14670,#14671);
#14670 = CARTESIAN_POINT('',(72.797263316324,6.831024,3.7));
#14671 = VECTOR('',#14672,1.);
#14672 = DIRECTION('',(1.,0.,0.));
#14673 = ORIENTED_EDGE('',*,*,#14674,.F.);
#14674 = EDGE_CURVE('',#14355,#14667,#14675,.T.);
#14675 = LINE('',#14676,#14677);
#14676 = CARTESIAN_POINT('',(70.676109,45.614553350515,3.7));
#14677 = VECTOR('',#14678,1.);
#14678 = DIRECTION('',(0.,-1.,0.));
#14679 = ORIENTED_EDGE('',*,*,#14364,.T.);
#14680 = ORIENTED_EDGE('',*,*,#14681,.F.);
#14681 = EDGE_CURVE('',#14682,#14365,#14684,.T.);
#14682 = VERTEX_POINT('',#14683);
#14683 = CARTESIAN_POINT('',(68.938301,6.831024,3.7));
#14684 = LINE('',#14685,#14686);
#14685 = CARTESIAN_POINT('',(68.938301,41.795005350515,3.7));
#14686 = VECTOR('',#14687,1.);
#14687 = DIRECTION('',(0.,1.,0.));
#14688 = ORIENTED_EDGE('',*,*,#14689,.F.);
#14689 = EDGE_CURVE('',#14690,#14682,#14692,.T.);
#14690 = VERTEX_POINT('',#14691);
#14691 = CARTESIAN_POINT('',(66.874664,6.831024,3.7));
#14692 = LINE('',#14693,#14694);
#14693 = CARTESIAN_POINT('',(70.896540816324,6.831024,3.7));
#14694 = VECTOR('',#14695,1.);
#14695 = DIRECTION('',(1.,0.,0.));
#14696 = ORIENTED_EDGE('',*,*,#14697,.F.);
#14697 = EDGE_CURVE('',#14389,#14690,#14698,.T.);
#14698 = LINE('',#14699,#14700);
#14699 = CARTESIAN_POINT('',(66.874664,45.614553350515,3.7));
#14700 = VECTOR('',#14701,1.);
#14701 = DIRECTION('',(0.,-1.,0.));
#14702 = ORIENTED_EDGE('',*,*,#14398,.T.);
#14703 = ORIENTED_EDGE('',*,*,#14425,.F.);
#14704 = ORIENTED_EDGE('',*,*,#14449,.F.);
#14705 = ORIENTED_EDGE('',*,*,#14474,.F.);
#14706 = ORIENTED_EDGE('',*,*,#14501,.T.);
#14707 = ORIENTED_EDGE('',*,*,#11544,.F.);
#14708 = ORIENTED_EDGE('',*,*,#14709,.F.);
#14709 = EDGE_CURVE('',#14710,#11537,#14712,.T.);
#14710 = VERTEX_POINT('',#14711);
#14711 = CARTESIAN_POINT('',(67.027,3.9,3.7));
#14712 = LINE('',#14713,#14714);
#14713 = CARTESIAN_POINT('',(67.027,3.9,3.7));
#14714 = VECTOR('',#14715,1.);
#14715 = DIRECTION('',(-1.,-0.,-0.));
#14716 = ORIENTED_EDGE('',*,*,#14717,.F.);
#14717 = EDGE_CURVE('',#8883,#14710,#14718,.T.);
#14718 = LINE('',#14719,#14720);
#14719 = CARTESIAN_POINT('',(67.027,1.5,3.7));
#14720 = VECTOR('',#14721,1.);
#14721 = DIRECTION('',(0.,1.,0.));
#14722 = ORIENTED_EDGE('',*,*,#8890,.T.);
#14723 = ORIENTED_EDGE('',*,*,#14724,.T.);
#14724 = EDGE_CURVE('',#8891,#14725,#14727,.T.);
#14725 = VERTEX_POINT('',#14726);
#14726 = CARTESIAN_POINT('',(78.027,3.9,3.7));
#14727 = LINE('',#14728,#14729);
#14728 = CARTESIAN_POINT('',(78.027,1.5,3.7));
#14729 = VECTOR('',#14730,1.);
#14730 = DIRECTION('',(0.,1.,0.));
#14731 = ORIENTED_EDGE('',*,*,#14732,.F.);
#14732 = EDGE_CURVE('',#14733,#14725,#14735,.T.);
#14733 = VERTEX_POINT('',#14734);
#14734 = CARTESIAN_POINT('',(94.027,3.9,3.7));
#14735 = LINE('',#14736,#14737);
#14736 = CARTESIAN_POINT('',(94.027,3.9,3.7));
#14737 = VECTOR('',#14738,1.);
#14738 = DIRECTION('',(-1.,-0.,-0.));
#14739 = ORIENTED_EDGE('',*,*,#14740,.F.);
#14740 = EDGE_CURVE('',#8899,#14733,#14741,.T.);
#14741 = LINE('',#14742,#14743);
#14742 = CARTESIAN_POINT('',(94.027,1.5,3.7));
#14743 = VECTOR('',#14744,1.);
#14744 = DIRECTION('',(0.,1.,0.));
#14745 = ORIENTED_EDGE('',*,*,#8906,.T.);
#14746 = ORIENTED_EDGE('',*,*,#8929,.T.);
#14747 = ORIENTED_EDGE('',*,*,#9010,.T.);
#14748 = ORIENTED_EDGE('',*,*,#14749,.T.);
#14749 = EDGE_CURVE('',#9003,#14750,#14752,.T.);
#14750 = VERTEX_POINT('',#14751);
#14751 = CARTESIAN_POINT('',(107.62699999999,20.5,3.7));
#14752 = LINE('',#14753,#14754);
#14753 = CARTESIAN_POINT('',(110.02699999999,20.5,3.7));
#14754 = VECTOR('',#14755,1.);
#14755 = DIRECTION('',(-1.,0.,-0.));
#14756 = ORIENTED_EDGE('',*,*,#14757,.T.);
#14757 = EDGE_CURVE('',#14750,#14758,#14760,.T.);
#14758 = VERTEX_POINT('',#14759);
#14759 = CARTESIAN_POINT('',(107.62699999999,41.5,3.7));
#14760 = LINE('',#14761,#14762);
#14761 = CARTESIAN_POINT('',(107.62699999999,20.5,3.7));
#14762 = VECTOR('',#14763,1.);
#14763 = DIRECTION('',(0.,1.,-4.4E-16));
#14764 = ORIENTED_EDGE('',*,*,#14765,.F.);
#14765 = EDGE_CURVE('',#8995,#14758,#14766,.T.);
#14766 = LINE('',#14767,#14768);
#14767 = CARTESIAN_POINT('',(110.02699999999,41.5,3.7));
#14768 = VECTOR('',#14769,1.);
#14769 = DIRECTION('',(-1.,0.,-0.));
#14770 = ORIENTED_EDGE('',*,*,#8994,.T.);
#14771 = ORIENTED_EDGE('',*,*,#14772,.T.);
#14772 = EDGE_CURVE('',#8987,#14773,#14775,.T.);
#14773 = VERTEX_POINT('',#14774);
#14774 = CARTESIAN_POINT('',(107.62699999999,64.5,3.7));
#14775 = LINE('',#14776,#14777);
#14776 = CARTESIAN_POINT('',(110.02699999999,64.5,3.7));
#14777 = VECTOR('',#14778,1.);
#14778 = DIRECTION('',(-1.,0.,0.));
#14779 = ORIENTED_EDGE('',*,*,#14780,.T.);
#14780 = EDGE_CURVE('',#14773,#14781,#14783,.T.);
#14781 = VERTEX_POINT('',#14782);
#14782 = CARTESIAN_POINT('',(107.62699999999,85.5,3.7));
#14783 = LINE('',#14784,#14785);
#14784 = CARTESIAN_POINT('',(107.62699999999,64.5,3.7));
#14785 = VECTOR('',#14786,1.);
#14786 = DIRECTION('',(0.,1.,-2.2E-16));
#14787 = ORIENTED_EDGE('',*,*,#14788,.F.);
#14788 = EDGE_CURVE('',#8979,#14781,#14789,.T.);
#14789 = LINE('',#14790,#14791);
#14790 = CARTESIAN_POINT('',(110.02699999999,85.5,3.7));
#14791 = VECTOR('',#14792,1.);
#14792 = DIRECTION('',(-1.,0.,0.));
#14793 = ORIENTED_EDGE('',*,*,#8978,.T.);
#14794 = ORIENTED_EDGE('',*,*,#14795,.T.);
#14795 = EDGE_CURVE('',#8971,#14796,#14798,.T.);
#14796 = VERTEX_POINT('',#14797);
#14797 = CARTESIAN_POINT('',(107.62699999999,108.5,3.7));
#14798 = LINE('',#14799,#14800);
#14799 = CARTESIAN_POINT('',(110.02699999999,108.5,3.7));
#14800 = VECTOR('',#14801,1.);
#14801 = DIRECTION('',(-1.,0.,0.));
#14802 = ORIENTED_EDGE('',*,*,#14803,.F.);
#14803 = EDGE_CURVE('',#14804,#14796,#14806,.T.);
#14804 = VERTEX_POINT('',#14805);
#14805 = CARTESIAN_POINT('',(107.62699999999,129.5,3.7));
#14806 = LINE('',#14807,#14808);
#14807 = CARTESIAN_POINT('',(107.62699999999,129.5,3.7));
#14808 = VECTOR('',#14809,1.);
#14809 = DIRECTION('',(-0.,-1.,-0.));
#14810 = ORIENTED_EDGE('',*,*,#14811,.F.);
#14811 = EDGE_CURVE('',#8963,#14804,#14812,.T.);
#14812 = LINE('',#14813,#14814);
#14813 = CARTESIAN_POINT('',(110.02699999999,129.5,3.7));
#14814 = VECTOR('',#14815,1.);
#14815 = DIRECTION('',(-1.,0.,0.));
#14816 = ORIENTED_EDGE('',*,*,#8962,.T.);
#14817 = ORIENTED_EDGE('',*,*,#8718,.F.);
#14818 = ORIENTED_EDGE('',*,*,#14586,.F.);
#14819 = PLANE('',#14820);
#14820 = AXIS2_PLACEMENT_3D('',#14821,#14822,#14823);
#14821 = CARTESIAN_POINT('',(78.965179980912,41.572044620012,3.7));
#14822 = DIRECTION('',(0.,0.,1.));
#14823 = DIRECTION('',(1.,0.,0.));
#14824 = ADVANCED_FACE('',(#14825),#14837,.F.);
#14825 = FACE_BOUND('',#14826,.F.);
#14826 = EDGE_LOOP('',(#14827,#14828,#14834,#14835,#14836));
#14827 = ORIENTED_EDGE('',*,*,#8808,.F.);
#14828 = ORIENTED_EDGE('',*,*,#14829,.T.);
#14829 = EDGE_CURVE('',#8799,#10855,#14830,.T.);
#14830 = LINE('',#14831,#14832);
#14831 = CARTESIAN_POINT('',(-0.488,1.53E-15,6.9));
#14832 = VECTOR('',#14833,1.);
#14833 = DIRECTION('',(0.,1.,-2.2E-16));
#14834 = ORIENTED_EDGE('',*,*,#10852,.F.);
#14835 = ORIENTED_EDGE('',*,*,#10863,.F.);
#14836 = ORIENTED_EDGE('',*,*,#14829,.F.);
#14837 = CYLINDRICAL_SURFACE('',#14838,1.4);
#14838 = AXIS2_PLACEMENT_3D('',#14839,#14840,#14841);
#14839 = CARTESIAN_POINT('',(-1.888,1.53E-15,6.9));
#14840 = DIRECTION('',(0.,-1.,2.2E-16));
#14841 = DIRECTION('',(1.,0.,0.));
#14842 = ADVANCED_FACE('',(#14843),#14854,.F.);
#14843 = FACE_BOUND('',#14844,.T.);
#14844 = EDGE_LOOP('',(#14845,#14846,#14852,#14853));
#14845 = ORIENTED_EDGE('',*,*,#8833,.F.);
#14846 = ORIENTED_EDGE('',*,*,#14847,.T.);
#14847 = EDGE_CURVE('',#8824,#11032,#14848,.T.);
#14848 = LINE('',#14849,#14850);
#14849 = CARTESIAN_POINT('',(-0.488,150.,6.9));
#14850 = VECTOR('',#14851,1.);
#14851 = DIRECTION('',(0.,-1.,2.2E-16));
#14852 = ORIENTED_EDGE('',*,*,#11031,.T.);
#14853 = ORIENTED_EDGE('',*,*,#14847,.F.);
#14854 = CYLINDRICAL_SURFACE('',#14855,1.4);
#14855 = AXIS2_PLACEMENT_3D('',#14856,#14857,#14858);
#14856 = CARTESIAN_POINT('',(-1.888,150.,6.9));
#14857 = DIRECTION('',(0.,1.,-2.2E-16));
#14858 = DIRECTION('',(1.,0.,0.));
#14859 = ADVANCED_FACE('',(#14860),#14885,.T.);
#14860 = FACE_BOUND('',#14861,.T.);
#14861 = EDGE_LOOP('',(#14862,#14872,#14878,#14879));
#14862 = ORIENTED_EDGE('',*,*,#14863,.T.);
#14863 = EDGE_CURVE('',#14864,#14866,#14868,.T.);
#14864 = VERTEX_POINT('',#14865);
#14865 = CARTESIAN_POINT('',(94.027,2.7,1.9));
#14866 = VERTEX_POINT('',#14867);
#14867 = CARTESIAN_POINT('',(78.027,2.7,1.9));
#14868 = LINE('',#14869,#14870);
#14869 = CARTESIAN_POINT('',(94.027,2.7,1.9));
#14870 = VECTOR('',#14871,1.);
#14871 = DIRECTION('',(-1.,-0.,-0.));
#14872 = ORIENTED_EDGE('',*,*,#14873,.T.);
#14873 = EDGE_CURVE('',#14866,#8891,#14874,.T.);
#14874 = LINE('',#14875,#14876);
#14875 = CARTESIAN_POINT('',(78.027,2.7,1.9));
#14876 = VECTOR('',#14877,1.);
#14877 = DIRECTION('',(0.,-0.554700196225,0.832050294338));
#14878 = ORIENTED_EDGE('',*,*,#8898,.T.);
#14879 = ORIENTED_EDGE('',*,*,#14880,.F.);
#14880 = EDGE_CURVE('',#14864,#8899,#14881,.T.);
#14881 = LINE('',#14882,#14883);
#14882 = CARTESIAN_POINT('',(94.027,2.7,1.9));
#14883 = VECTOR('',#14884,1.);
#14884 = DIRECTION('',(0.,-0.554700196225,0.832050294338));
#14885 = PLANE('',#14886);
#14886 = AXIS2_PLACEMENT_3D('',#14887,#14888,#14889);
#14887 = CARTESIAN_POINT('',(94.027,2.7,1.9));
#14888 = DIRECTION('',(0.,0.832050294338,0.554700196225));
#14889 = DIRECTION('',(0.,-0.554700196225,0.832050294338));
#14890 = ADVANCED_FACE('',(#14891),#14916,.T.);
#14891 = FACE_BOUND('',#14892,.F.);
#14892 = EDGE_LOOP('',(#14893,#14903,#14909,#14910));
#14893 = ORIENTED_EDGE('',*,*,#14894,.T.);
#14894 = EDGE_CURVE('',#14895,#14897,#14899,.T.);
#14895 = VERTEX_POINT('',#14896);
#14896 = CARTESIAN_POINT('',(108.82699999999,20.5,1.9));
#14897 = VERTEX_POINT('',#14898);
#14898 = CARTESIAN_POINT('',(108.82699999999,41.5,1.9));
#14899 = LINE('',#14900,#14901);
#14900 = CARTESIAN_POINT('',(108.82699999999,20.5,1.9));
#14901 = VECTOR('',#14902,1.);
#14902 = DIRECTION('',(0.,1.,-4.4E-16));
#14903 = ORIENTED_EDGE('',*,*,#14904,.T.);
#14904 = EDGE_CURVE('',#14897,#8995,#14905,.T.);
#14905 = LINE('',#14906,#14907);
#14906 = CARTESIAN_POINT('',(108.82699999999,41.5,1.9));
#14907 = VECTOR('',#14908,1.);
#14908 = DIRECTION('',(0.554700196225,0.,0.832050294338));
#14909 = ORIENTED_EDGE('',*,*,#9002,.F.);
#14910 = ORIENTED_EDGE('',*,*,#14911,.F.);
#14911 = EDGE_CURVE('',#14895,#9003,#14912,.T.);
#14912 = LINE('',#14913,#14914);
#14913 = CARTESIAN_POINT('',(108.82699999999,20.5,1.9));
#14914 = VECTOR('',#14915,1.);
#14915 = DIRECTION('',(0.554700196225,0.,0.832050294338));
#14916 = PLANE('',#14917);
#14917 = AXIS2_PLACEMENT_3D('',#14918,#14919,#14920);
#14918 = CARTESIAN_POINT('',(108.82699999999,20.5,1.9));
#14919 = DIRECTION('',(-0.832050294338,2.5E-16,0.554700196225));
#14920 = DIRECTION('',(-0.554700196225,-1.8E-16,-0.832050294338));
#14921 = ADVANCED_FACE('',(#14922),#14947,.F.);
#14922 = FACE_BOUND('',#14923,.F.);
#14923 = EDGE_LOOP('',(#14924,#14934,#14940,#14941));
#14924 = ORIENTED_EDGE('',*,*,#14925,.T.);
#14925 = EDGE_CURVE('',#14926,#14928,#14930,.T.);
#14926 = VERTEX_POINT('',#14927);
#14927 = CARTESIAN_POINT('',(108.82699999999,64.5,1.9));
#14928 = VERTEX_POINT('',#14929);
#14929 = CARTESIAN_POINT('',(108.82699999999,85.5,1.9));
#14930 = LINE('',#14931,#14932);
#14931 = CARTESIAN_POINT('',(108.82699999999,64.5,1.9));
#14932 = VECTOR('',#14933,1.);
#14933 = DIRECTION('',(0.,1.,-2.2E-16));
#14934 = ORIENTED_EDGE('',*,*,#14935,.T.);
#14935 = EDGE_CURVE('',#14928,#8979,#14936,.T.);
#14936 = LINE('',#14937,#14938);
#14937 = CARTESIAN_POINT('',(108.82699999999,85.5,1.9));
#14938 = VECTOR('',#14939,1.);
#14939 = DIRECTION('',(0.554700196225,0.,0.832050294338));
#14940 = ORIENTED_EDGE('',*,*,#8986,.F.);
#14941 = ORIENTED_EDGE('',*,*,#14942,.F.);
#14942 = EDGE_CURVE('',#14926,#8987,#14943,.T.);
#14943 = LINE('',#14944,#14945);
#14944 = CARTESIAN_POINT('',(108.82699999999,64.5,1.9));
#14945 = VECTOR('',#14946,1.);
#14946 = DIRECTION('',(0.554700196225,0.,0.832050294338));
#14947 = PLANE('',#14948);
#14948 = AXIS2_PLACEMENT_3D('',#14949,#14950,#14951);
#14949 = CARTESIAN_POINT('',(108.82699999999,64.5,1.9));
#14950 = DIRECTION('',(0.832050294338,-1.2E-16,-0.554700196225));
#14951 = DIRECTION('',(0.554700196225,1.8E-16,0.832050294338));
#14952 = ADVANCED_FACE('',(#14953),#14978,.T.);
#14953 = FACE_BOUND('',#14954,.T.);
#14954 = EDGE_LOOP('',(#14955,#14965,#14971,#14972));
#14955 = ORIENTED_EDGE('',*,*,#14956,.T.);
#14956 = EDGE_CURVE('',#14957,#14959,#14961,.T.);
#14957 = VERTEX_POINT('',#14958);
#14958 = CARTESIAN_POINT('',(108.82699999999,129.5,1.9));
#14959 = VERTEX_POINT('',#14960);
#14960 = CARTESIAN_POINT('',(108.82699999999,108.5,1.9));
#14961 = LINE('',#14962,#14963);
#14962 = CARTESIAN_POINT('',(108.82699999999,129.5,1.9));
#14963 = VECTOR('',#14964,1.);
#14964 = DIRECTION('',(-0.,-1.,-0.));
#14965 = ORIENTED_EDGE('',*,*,#14966,.T.);
#14966 = EDGE_CURVE('',#14959,#8971,#14967,.T.);
#14967 = LINE('',#14968,#14969);
#14968 = CARTESIAN_POINT('',(108.82699999999,108.5,1.9));
#14969 = VECTOR('',#14970,1.);
#14970 = DIRECTION('',(0.554700196225,0.,0.832050294338));
#14971 = ORIENTED_EDGE('',*,*,#8970,.T.);
#14972 = ORIENTED_EDGE('',*,*,#14973,.F.);
#14973 = EDGE_CURVE('',#14957,#8963,#14974,.T.);
#14974 = LINE('',#14975,#14976);
#14975 = CARTESIAN_POINT('',(108.82699999999,129.5,1.9));
#14976 = VECTOR('',#14977,1.);
#14977 = DIRECTION('',(0.554700196225,0.,0.832050294338));
#14978 = PLANE('',#14979);
#14979 = AXIS2_PLACEMENT_3D('',#14980,#14981,#14982);
#14980 = CARTESIAN_POINT('',(108.82699999999,129.5,1.9));
#14981 = DIRECTION('',(-0.832050294338,0.,0.554700196225));
#14982 = DIRECTION('',(0.554700196225,1.8E-16,0.832050294338));
#14983 = ADVANCED_FACE('',(#14984),#15018,.T.);
#14984 = FACE_BOUND('',#14985,.T.);
#14985 = EDGE_LOOP('',(#14986,#14987,#14995,#15003,#15011,#15017));
#14986 = ORIENTED_EDGE('',*,*,#9131,.T.);
#14987 = ORIENTED_EDGE('',*,*,#14988,.T.);
#14988 = EDGE_CURVE('',#9124,#14989,#14991,.T.);
#14989 = VERTEX_POINT('',#14990);
#14990 = CARTESIAN_POINT('',(24.027,146.1,2.8));
#14991 = LINE('',#14992,#14993);
#14992 = CARTESIAN_POINT('',(24.027,146.1,3.7));
#14993 = VECTOR('',#14994,1.);
#14994 = DIRECTION('',(-0.,-4.4E-16,-1.));
#14995 = ORIENTED_EDGE('',*,*,#14996,.T.);
#14996 = EDGE_CURVE('',#14989,#14997,#14999,.T.);
#14997 = VERTEX_POINT('',#14998);
#14998 = CARTESIAN_POINT('',(24.027,145.65000000883,2.350000155882));
#14999 = LINE('',#15000,#15001);
#15000 = CARTESIAN_POINT('',(24.027,146.1,2.8));
#15001 = VECTOR('',#15002,1.);
#15002 = DIRECTION('',(-0.,-0.707106896721,-0.707106665652));
#15003 = ORIENTED_EDGE('',*,*,#15004,.T.);
#15004 = EDGE_CURVE('',#14997,#15005,#15007,.T.);
#15005 = VERTEX_POINT('',#15006);
#15006 = CARTESIAN_POINT('',(24.027,146.1,1.9));
#15007 = LINE('',#15008,#15009);
#15008 = CARTESIAN_POINT('',(24.027,145.65000000883,2.350000155882));
#15009 = VECTOR('',#15010,1.);
#15010 = DIRECTION('',(0.,0.707106651777,-0.707106910596));
#15011 = ORIENTED_EDGE('',*,*,#15012,.T.);
#15012 = EDGE_CURVE('',#15005,#9210,#15013,.T.);
#15013 = LINE('',#15014,#15015);
#15014 = CARTESIAN_POINT('',(24.027,146.1,1.9));
#15015 = VECTOR('',#15016,1.);
#15016 = DIRECTION('',(0.,1.,-4.4E-16));
#15017 = ORIENTED_EDGE('',*,*,#9226,.T.);
#15018 = PLANE('',#15019);
#15019 = AXIS2_PLACEMENT_3D('',#15020,#15021,#15022);
#15020 = CARTESIAN_POINT('',(24.027,147.00820381398,2.914948264685));
#15021 = DIRECTION('',(1.,0.,0.));
#15022 = DIRECTION('',(0.,-4.4E-16,-1.));
#15023 = ADVANCED_FACE('',(#15024),#15042,.F.);
#15024 = FACE_BOUND('',#15025,.T.);
#15025 = EDGE_LOOP('',(#15026,#15027,#15035,#15041));
#15026 = ORIENTED_EDGE('',*,*,#9123,.T.);
#15027 = ORIENTED_EDGE('',*,*,#15028,.T.);
#15028 = EDGE_CURVE('',#9116,#15029,#15031,.T.);
#15029 = VERTEX_POINT('',#15030);
#15030 = CARTESIAN_POINT('',(40.027,146.1,2.8));
#15031 = LINE('',#15032,#15033);
#15032 = CARTESIAN_POINT('',(40.027,146.1,3.7));
#15033 = VECTOR('',#15034,1.);
#15034 = DIRECTION('',(-0.,-4.4E-16,-1.));
#15035 = ORIENTED_EDGE('',*,*,#15036,.F.);
#15036 = EDGE_CURVE('',#14989,#15029,#15037,.T.);
#15037 = LINE('',#15038,#15039);
#15038 = CARTESIAN_POINT('',(24.027,146.1,2.8));
#15039 = VECTOR('',#15040,1.);
#15040 = DIRECTION('',(1.,0.,0.));
#15041 = ORIENTED_EDGE('',*,*,#14988,.F.);
#15042 = PLANE('',#15043);
#15043 = AXIS2_PLACEMENT_3D('',#15044,#15045,#15046);
#15044 = CARTESIAN_POINT('',(24.027,146.1,3.7));
#15045 = DIRECTION('',(0.,-1.,4.4E-16));
#15046 = DIRECTION('',(0.,4.4E-16,1.));
#15047 = ADVANCED_FACE('',(#15048),#15075,.F.);
#15048 = FACE_BOUND('',#15049,.F.);
#15049 = EDGE_LOOP('',(#15050,#15051,#15052,#15060,#15068,#15074));
#15050 = ORIENTED_EDGE('',*,*,#9115,.T.);
#15051 = ORIENTED_EDGE('',*,*,#15028,.T.);
#15052 = ORIENTED_EDGE('',*,*,#15053,.T.);
#15053 = EDGE_CURVE('',#15029,#15054,#15056,.T.);
#15054 = VERTEX_POINT('',#15055);
#15055 = CARTESIAN_POINT('',(40.027,145.65000000883,2.350000155882));
#15056 = LINE('',#15057,#15058);
#15057 = CARTESIAN_POINT('',(40.027,146.1,2.8));
#15058 = VECTOR('',#15059,1.);
#15059 = DIRECTION('',(-0.,-0.707106896721,-0.707106665652));
#15060 = ORIENTED_EDGE('',*,*,#15061,.T.);
#15061 = EDGE_CURVE('',#15054,#15062,#15064,.T.);
#15062 = VERTEX_POINT('',#15063);
#15063 = CARTESIAN_POINT('',(40.027,146.1,1.9));
#15064 = LINE('',#15065,#15066);
#15065 = CARTESIAN_POINT('',(40.027,145.65000000883,2.350000155882));
#15066 = VECTOR('',#15067,1.);
#15067 = DIRECTION('',(0.,0.707106651777,-0.707106910596));
#15068 = ORIENTED_EDGE('',*,*,#15069,.T.);
#15069 = EDGE_CURVE('',#15062,#9212,#15070,.T.);
#15070 = LINE('',#15071,#15072);
#15071 = CARTESIAN_POINT('',(40.027,146.1,1.9));
#15072 = VECTOR('',#15073,1.);
#15073 = DIRECTION('',(0.,1.,-4.4E-16));
#15074 = ORIENTED_EDGE('',*,*,#9219,.T.);
#15075 = PLANE('',#15076);
#15076 = AXIS2_PLACEMENT_3D('',#15077,#15078,#15079);
#15077 = CARTESIAN_POINT('',(40.027,147.00820381398,2.914948264685));
#15078 = DIRECTION('',(1.,0.,0.));
#15079 = DIRECTION('',(0.,-4.4E-16,-1.));
#15080 = ADVANCED_FACE('',(#15081),#15115,.T.);
#15081 = FACE_BOUND('',#15082,.T.);
#15082 = EDGE_LOOP('',(#15083,#15084,#15092,#15100,#15108,#15114));
#15083 = ORIENTED_EDGE('',*,*,#9108,.T.);
#15084 = ORIENTED_EDGE('',*,*,#15085,.T.);
#15085 = EDGE_CURVE('',#9101,#15086,#15088,.T.);
#15086 = VERTEX_POINT('',#15087);
#15087 = CARTESIAN_POINT('',(51.027,146.1,2.8));
#15088 = LINE('',#15089,#15090);
#15089 = CARTESIAN_POINT('',(51.027,146.1,3.7));
#15090 = VECTOR('',#15091,1.);
#15091 = DIRECTION('',(-0.,-4.4E-16,-1.));
#15092 = ORIENTED_EDGE('',*,*,#15093,.T.);
#15093 = EDGE_CURVE('',#15086,#15094,#15096,.T.);
#15094 = VERTEX_POINT('',#15095);
#15095 = CARTESIAN_POINT('',(51.027,145.65000000883,2.350000155882));
#15096 = LINE('',#15097,#15098);
#15097 = CARTESIAN_POINT('',(51.027,146.1,2.8));
#15098 = VECTOR('',#15099,1.);
#15099 = DIRECTION('',(-0.,-0.707106896721,-0.707106665652));
#15100 = ORIENTED_EDGE('',*,*,#15101,.T.);
#15101 = EDGE_CURVE('',#15094,#15102,#15104,.T.);
#15102 = VERTEX_POINT('',#15103);
#15103 = CARTESIAN_POINT('',(51.027,146.1,1.9));
#15104 = LINE('',#15105,#15106);
#15105 = CARTESIAN_POINT('',(51.027,145.65000000883,2.350000155882));
#15106 = VECTOR('',#15107,1.);
#15107 = DIRECTION('',(0.,0.707106651777,-0.707106910596));
#15108 = ORIENTED_EDGE('',*,*,#15109,.T.);
#15109 = EDGE_CURVE('',#15102,#9181,#15110,.T.);
#15110 = LINE('',#15111,#15112);
#15111 = CARTESIAN_POINT('',(51.027,146.1,1.9));
#15112 = VECTOR('',#15113,1.);
#15113 = DIRECTION('',(0.,1.,-4.4E-16));
#15114 = ORIENTED_EDGE('',*,*,#9188,.T.);
#15115 = PLANE('',#15116);
#15116 = AXIS2_PLACEMENT_3D('',#15117,#15118,#15119);
#15117 = CARTESIAN_POINT('',(51.027,147.00820381398,2.914948264685));
#15118 = DIRECTION('',(1.,0.,0.));
#15119 = DIRECTION('',(0.,-4.4E-16,-1.));
#15120 = ADVANCED_FACE('',(#15121),#15139,.T.);
#15121 = FACE_BOUND('',#15122,.F.);
#15122 = EDGE_LOOP('',(#15123,#15124,#15125,#15133));
#15123 = ORIENTED_EDGE('',*,*,#9100,.T.);
#15124 = ORIENTED_EDGE('',*,*,#15085,.T.);
#15125 = ORIENTED_EDGE('',*,*,#15126,.F.);
#15126 = EDGE_CURVE('',#15127,#15086,#15129,.T.);
#15127 = VERTEX_POINT('',#15128);
#15128 = CARTESIAN_POINT('',(67.027,146.1,2.8));
#15129 = LINE('',#15130,#15131);
#15130 = CARTESIAN_POINT('',(67.027,146.1,2.8));
#15131 = VECTOR('',#15132,1.);
#15132 = DIRECTION('',(-1.,-0.,-0.));
#15133 = ORIENTED_EDGE('',*,*,#15134,.F.);
#15134 = EDGE_CURVE('',#9093,#15127,#15135,.T.);
#15135 = LINE('',#15136,#15137);
#15136 = CARTESIAN_POINT('',(67.027,146.1,3.7));
#15137 = VECTOR('',#15138,1.);
#15138 = DIRECTION('',(-0.,-4.4E-16,-1.));
#15139 = PLANE('',#15140);
#15140 = AXIS2_PLACEMENT_3D('',#15141,#15142,#15143);
#15141 = CARTESIAN_POINT('',(67.027,146.1,3.7));
#15142 = DIRECTION('',(0.,1.,-4.4E-16));
#15143 = DIRECTION('',(0.,4.4E-16,1.));
#15144 = ADVANCED_FACE('',(#15145),#15172,.F.);
#15145 = FACE_BOUND('',#15146,.F.);
#15146 = EDGE_LOOP('',(#15147,#15148,#15149,#15157,#15165,#15171));
#15147 = ORIENTED_EDGE('',*,*,#9092,.T.);
#15148 = ORIENTED_EDGE('',*,*,#15134,.T.);
#15149 = ORIENTED_EDGE('',*,*,#15150,.T.);
#15150 = EDGE_CURVE('',#15127,#15151,#15153,.T.);
#15151 = VERTEX_POINT('',#15152);
#15152 = CARTESIAN_POINT('',(67.027,145.65000000883,2.350000155882));
#15153 = LINE('',#15154,#15155);
#15154 = CARTESIAN_POINT('',(67.027,146.1,2.8));
#15155 = VECTOR('',#15156,1.);
#15156 = DIRECTION('',(-0.,-0.707106896721,-0.707106665652));
#15157 = ORIENTED_EDGE('',*,*,#15158,.T.);
#15158 = EDGE_CURVE('',#15151,#15159,#15161,.T.);
#15159 = VERTEX_POINT('',#15160);
#15160 = CARTESIAN_POINT('',(67.027,146.1,1.9));
#15161 = LINE('',#15162,#15163);
#15162 = CARTESIAN_POINT('',(67.027,145.65000000883,2.350000155882));
#15163 = VECTOR('',#15164,1.);
#15164 = DIRECTION('',(0.,0.707106651777,-0.707106910596));
#15165 = ORIENTED_EDGE('',*,*,#15166,.T.);
#15166 = EDGE_CURVE('',#15159,#9179,#15167,.T.);
#15167 = LINE('',#15168,#15169);
#15168 = CARTESIAN_POINT('',(67.027,146.1,1.9));
#15169 = VECTOR('',#15170,1.);
#15170 = DIRECTION('',(0.,1.,-4.4E-16));
#15171 = ORIENTED_EDGE('',*,*,#9195,.T.);
#15172 = PLANE('',#15173);
#15173 = AXIS2_PLACEMENT_3D('',#15174,#15175,#15176);
#15174 = CARTESIAN_POINT('',(67.027,147.00820381398,2.914948264685));
#15175 = DIRECTION('',(1.,0.,0.));
#15176 = DIRECTION('',(0.,-4.4E-16,-1.));
#15177 = ADVANCED_FACE('',(#15178),#15212,.T.);
#15178 = FACE_BOUND('',#15179,.T.);
#15179 = EDGE_LOOP('',(#15180,#15181,#15189,#15197,#15205,#15211));
#15180 = ORIENTED_EDGE('',*,*,#9085,.T.);
#15181 = ORIENTED_EDGE('',*,*,#15182,.T.);
#15182 = EDGE_CURVE('',#9078,#15183,#15185,.T.);
#15183 = VERTEX_POINT('',#15184);
#15184 = CARTESIAN_POINT('',(78.027,146.1,2.8));
#15185 = LINE('',#15186,#15187);
#15186 = CARTESIAN_POINT('',(78.027,146.1,3.7));
#15187 = VECTOR('',#15188,1.);
#15188 = DIRECTION('',(-0.,-4.4E-16,-1.));
#15189 = ORIENTED_EDGE('',*,*,#15190,.T.);
#15190 = EDGE_CURVE('',#15183,#15191,#15193,.T.);
#15191 = VERTEX_POINT('',#15192);
#15192 = CARTESIAN_POINT('',(78.027,145.65000000883,2.350000155882));
#15193 = LINE('',#15194,#15195);
#15194 = CARTESIAN_POINT('',(78.027,146.1,2.8));
#15195 = VECTOR('',#15196,1.);
#15196 = DIRECTION('',(-0.,-0.707106896721,-0.707106665652));
#15197 = ORIENTED_EDGE('',*,*,#15198,.T.);
#15198 = EDGE_CURVE('',#15191,#15199,#15201,.T.);
#15199 = VERTEX_POINT('',#15200);
#15200 = CARTESIAN_POINT('',(78.027,146.1,1.9));
#15201 = LINE('',#15202,#15203);
#15202 = CARTESIAN_POINT('',(78.027,145.65000000883,2.350000155882));
#15203 = VECTOR('',#15204,1.);
#15204 = DIRECTION('',(0.,0.707106651777,-0.707106910596));
#15205 = ORIENTED_EDGE('',*,*,#15206,.T.);
#15206 = EDGE_CURVE('',#15199,#9150,#15207,.T.);
#15207 = LINE('',#15208,#15209);
#15208 = CARTESIAN_POINT('',(78.027,146.1,1.9));
#15209 = VECTOR('',#15210,1.);
#15210 = DIRECTION('',(0.,1.,-4.4E-16));
#15211 = ORIENTED_EDGE('',*,*,#9157,.T.);
#15212 = PLANE('',#15213);
#15213 = AXIS2_PLACEMENT_3D('',#15214,#15215,#15216);
#15214 = CARTESIAN_POINT('',(78.027,147.00820381398,2.914948264685));
#15215 = DIRECTION('',(1.,0.,0.));
#15216 = DIRECTION('',(0.,-4.4E-16,-1.));
#15217 = ADVANCED_FACE('',(#15218),#15236,.T.);
#15218 = FACE_BOUND('',#15219,.F.);
#15219 = EDGE_LOOP('',(#15220,#15221,#15222,#15230));
#15220 = ORIENTED_EDGE('',*,*,#9077,.T.);
#15221 = ORIENTED_EDGE('',*,*,#15182,.T.);
#15222 = ORIENTED_EDGE('',*,*,#15223,.F.);
#15223 = EDGE_CURVE('',#15224,#15183,#15226,.T.);
#15224 = VERTEX_POINT('',#15225);
#15225 = CARTESIAN_POINT('',(94.027,146.1,2.8));
#15226 = LINE('',#15227,#15228);
#15227 = CARTESIAN_POINT('',(94.027,146.1,2.8));
#15228 = VECTOR('',#15229,1.);
#15229 = DIRECTION('',(-1.,-0.,-0.));
#15230 = ORIENTED_EDGE('',*,*,#15231,.F.);
#15231 = EDGE_CURVE('',#9070,#15224,#15232,.T.);
#15232 = LINE('',#15233,#15234);
#15233 = CARTESIAN_POINT('',(94.027,146.1,3.7));
#15234 = VECTOR('',#15235,1.);
#15235 = DIRECTION('',(-0.,-4.4E-16,-1.));
#15236 = PLANE('',#15237);
#15237 = AXIS2_PLACEMENT_3D('',#15238,#15239,#15240);
#15238 = CARTESIAN_POINT('',(94.027,146.1,3.7));
#15239 = DIRECTION('',(0.,1.,-4.4E-16));
#15240 = DIRECTION('',(0.,4.4E-16,1.));
#15241 = ADVANCED_FACE('',(#15242),#15269,.F.);
#15242 = FACE_BOUND('',#15243,.F.);
#15243 = EDGE_LOOP('',(#15244,#15245,#15246,#15254,#15262,#15268));
#15244 = ORIENTED_EDGE('',*,*,#9069,.T.);
#15245 = ORIENTED_EDGE('',*,*,#15231,.T.);
#15246 = ORIENTED_EDGE('',*,*,#15247,.T.);
#15247 = EDGE_CURVE('',#15224,#15248,#15250,.T.);
#15248 = VERTEX_POINT('',#15249);
#15249 = CARTESIAN_POINT('',(94.027,145.65000000883,2.350000155882));
#15250 = LINE('',#15251,#15252);
#15251 = CARTESIAN_POINT('',(94.027,146.1,2.8));
#15252 = VECTOR('',#15253,1.);
#15253 = DIRECTION('',(-0.,-0.707106896721,-0.707106665652));
#15254 = ORIENTED_EDGE('',*,*,#15255,.T.);
#15255 = EDGE_CURVE('',#15248,#15256,#15258,.T.);
#15256 = VERTEX_POINT('',#15257);
#15257 = CARTESIAN_POINT('',(94.027,146.1,1.9));
#15258 = LINE('',#15259,#15260);
#15259 = CARTESIAN_POINT('',(94.027,145.65000000883,2.350000155882));
#15260 = VECTOR('',#15261,1.);
#15261 = DIRECTION('',(0.,0.707106651777,-0.707106910596));
#15262 = ORIENTED_EDGE('',*,*,#15263,.T.);
#15263 = EDGE_CURVE('',#15256,#9148,#15264,.T.);
#15264 = LINE('',#15265,#15266);
#15265 = CARTESIAN_POINT('',(94.027,146.1,1.9));
#15266 = VECTOR('',#15267,1.);
#15267 = DIRECTION('',(0.,1.,-4.4E-16));
#15268 = ORIENTED_EDGE('',*,*,#9164,.T.);
#15269 = PLANE('',#15270);
#15270 = AXIS2_PLACEMENT_3D('',#15271,#15272,#15273);
#15271 = CARTESIAN_POINT('',(94.027,147.00820381398,2.914948264685));
#15272 = DIRECTION('',(1.,0.,0.));
#15273 = DIRECTION('',(0.,-4.4E-16,-1.));
#15274 = ADVANCED_FACE('',(#15275),#15286,.T.);
#15275 = FACE_BOUND('',#15276,.F.);
#15276 = EDGE_LOOP('',(#15277,#15283,#15284,#15285));
#15277 = ORIENTED_EDGE('',*,*,#15278,.T.);
#15278 = EDGE_CURVE('',#15256,#15199,#15279,.T.);
#15279 = LINE('',#15280,#15281);
#15280 = CARTESIAN_POINT('',(94.027,146.1,1.9));
#15281 = VECTOR('',#15282,1.);
#15282 = DIRECTION('',(-1.,-0.,-0.));
#15283 = ORIENTED_EDGE('',*,*,#15206,.T.);
#15284 = ORIENTED_EDGE('',*,*,#9147,.F.);
#15285 = ORIENTED_EDGE('',*,*,#15263,.F.);
#15286 = PLANE('',#15287);
#15287 = AXIS2_PLACEMENT_3D('',#15288,#15289,#15290);
#15288 = CARTESIAN_POINT('',(94.027,146.1,1.9));
#15289 = DIRECTION('',(0.,4.4E-16,1.));
#15290 = DIRECTION('',(0.,-1.,4.4E-16));
#15291 = ADVANCED_FACE('',(#15292),#15303,.T.);
#15292 = FACE_BOUND('',#15293,.F.);
#15293 = EDGE_LOOP('',(#15294,#15300,#15301,#15302));
#15294 = ORIENTED_EDGE('',*,*,#15295,.T.);
#15295 = EDGE_CURVE('',#15159,#15102,#15296,.T.);
#15296 = LINE('',#15297,#15298);
#15297 = CARTESIAN_POINT('',(67.027,146.1,1.9));
#15298 = VECTOR('',#15299,1.);
#15299 = DIRECTION('',(-1.,-0.,-0.));
#15300 = ORIENTED_EDGE('',*,*,#15109,.T.);
#15301 = ORIENTED_EDGE('',*,*,#9178,.F.);
#15302 = ORIENTED_EDGE('',*,*,#15166,.F.);
#15303 = PLANE('',#15304);
#15304 = AXIS2_PLACEMENT_3D('',#15305,#15306,#15307);
#15305 = CARTESIAN_POINT('',(67.027,146.1,1.9));
#15306 = DIRECTION('',(0.,4.4E-16,1.));
#15307 = DIRECTION('',(0.,-1.,4.4E-16));
#15308 = ADVANCED_FACE('',(#15309),#15320,.F.);
#15309 = FACE_BOUND('',#15310,.T.);
#15310 = EDGE_LOOP('',(#15311,#15317,#15318,#15319));
#15311 = ORIENTED_EDGE('',*,*,#15312,.T.);
#15312 = EDGE_CURVE('',#15005,#15062,#15313,.T.);
#15313 = LINE('',#15314,#15315);
#15314 = CARTESIAN_POINT('',(24.027,146.1,1.9));
#15315 = VECTOR('',#15316,1.);
#15316 = DIRECTION('',(1.,0.,0.));
#15317 = ORIENTED_EDGE('',*,*,#15069,.T.);
#15318 = ORIENTED_EDGE('',*,*,#9209,.F.);
#15319 = ORIENTED_EDGE('',*,*,#15012,.F.);
#15320 = PLANE('',#15321);
#15321 = AXIS2_PLACEMENT_3D('',#15322,#15323,#15324);
#15322 = CARTESIAN_POINT('',(24.027,146.1,1.9));
#15323 = DIRECTION('',(-0.,-4.4E-16,-1.));
#15324 = DIRECTION('',(0.,-1.,4.4E-16));
#15325 = ADVANCED_FACE('',(#15326),#15336,.F.);
#15326 = FACE_BOUND('',#15327,.F.);
#15327 = EDGE_LOOP('',(#15328,#15334,#15335));
#15328 = ORIENTED_EDGE('',*,*,#15329,.F.);
#15329 = EDGE_CURVE('',#10038,#9975,#15330,.T.);
#15330 = LINE('',#15331,#15332);
#15331 = CARTESIAN_POINT('',(8.65931,113.927,2.4));
#15332 = VECTOR('',#15333,1.);
#15333 = DIRECTION('',(1.,0.,0.));
#15334 = ORIENTED_EDGE('',*,*,#10037,.T.);
#15335 = ORIENTED_EDGE('',*,*,#9981,.T.);
#15336 = PLANE('',#15337);
#15337 = AXIS2_PLACEMENT_3D('',#15338,#15339,#15340);
#15338 = CARTESIAN_POINT('',(8.65931,113.927,4.9));
#15339 = DIRECTION('',(0.,-1.,0.));
#15340 = DIRECTION('',(1.,0.,0.));
#15341 = ADVANCED_FACE('',(#15342),#15347,.T.);
#15342 = FACE_BOUND('',#15343,.T.);
#15343 = EDGE_LOOP('',(#15344,#15345,#15346));
#15344 = ORIENTED_EDGE('',*,*,#15329,.F.);
#15345 = ORIENTED_EDGE('',*,*,#10061,.T.);
#15346 = ORIENTED_EDGE('',*,*,#9974,.T.);
#15347 = PLANE('',#15348);
#15348 = AXIS2_PLACEMENT_3D('',#15349,#15350,#15351);
#15349 = CARTESIAN_POINT('',(13.529634455036,105.43838017294,2.4));
#15350 = DIRECTION('',(-3.8E-16,0.,1.));
#15351 = DIRECTION('',(1.,0.,3.8E-16));
#15352 = ADVANCED_FACE('',(#15353),#15356,.F.);
#15353 = FACE_BOUND('',#15354,.T.);
#15354 = EDGE_LOOP('',(#15355));
#15355 = ORIENTED_EDGE('',*,*,#10712,.F.);
#15356 = PLANE('',#15357);
#15357 = AXIS2_PLACEMENT_3D('',#15358,#15359,#15360);
#15358 = CARTESIAN_POINT('',(-2.098465610465,10.15,9.305625410084));
#15359 = DIRECTION('',(0.,-1.,4.4E-16));
#15360 = DIRECTION('',(-0.,-4.4E-16,-1.));
#15361 = ADVANCED_FACE('',(#15362),#15365,.F.);
#15362 = FACE_BOUND('',#15363,.T.);
#15363 = EDGE_LOOP('',(#15364));
#15364 = ORIENTED_EDGE('',*,*,#10737,.F.);
#15365 = PLANE('',#15366);
#15366 = AXIS2_PLACEMENT_3D('',#15367,#15368,#15369);
#15367 = CARTESIAN_POINT('',(-2.098465610465,10.15,9.305625410084));
#15368 = DIRECTION('',(0.,-1.,4.4E-16));
#15369 = DIRECTION('',(-0.,-4.4E-16,-1.));
#15370 = ADVANCED_FACE('',(#15371),#15374,.F.);
#15371 = FACE_BOUND('',#15372,.T.);
#15372 = EDGE_LOOP('',(#15373));
#15373 = ORIENTED_EDGE('',*,*,#10762,.F.);
#15374 = PLANE('',#15375);
#15375 = AXIS2_PLACEMENT_3D('',#15376,#15377,#15378);
#15376 = CARTESIAN_POINT('',(-2.098465610465,10.15,9.305625410084));
#15377 = DIRECTION('',(0.,-1.,4.4E-16));
#15378 = DIRECTION('',(-0.,-4.4E-16,-1.));
#15379 = ADVANCED_FACE('',(#15380),#15383,.F.);
#15380 = FACE_BOUND('',#15381,.T.);
#15381 = EDGE_LOOP('',(#15382));
#15382 = ORIENTED_EDGE('',*,*,#10787,.F.);
#15383 = PLANE('',#15384);
#15384 = AXIS2_PLACEMENT_3D('',#15385,#15386,#15387);
#15385 = CARTESIAN_POINT('',(-2.098465610465,10.15,9.305625410084));
#15386 = DIRECTION('',(0.,-1.,4.4E-16));
#15387 = DIRECTION('',(-0.,-4.4E-16,-1.));
#15388 = ADVANCED_FACE('',(#15389),#15392,.F.);
#15389 = FACE_BOUND('',#15390,.T.);
#15390 = EDGE_LOOP('',(#15391));
#15391 = ORIENTED_EDGE('',*,*,#10812,.F.);
#15392 = PLANE('',#15393);
#15393 = AXIS2_PLACEMENT_3D('',#15394,#15395,#15396);
#15394 = CARTESIAN_POINT('',(-2.098465610465,10.15,9.305625410084));
#15395 = DIRECTION('',(0.,-1.,4.4E-16));
#15396 = DIRECTION('',(-0.,-4.4E-16,-1.));
#15397 = ADVANCED_FACE('',(#15398),#15401,.F.);
#15398 = FACE_BOUND('',#15399,.T.);
#15399 = EDGE_LOOP('',(#15400));
#15400 = ORIENTED_EDGE('',*,*,#10837,.F.);
#15401 = PLANE('',#15402);
#15402 = AXIS2_PLACEMENT_3D('',#15403,#15404,#15405);
#15403 = CARTESIAN_POINT('',(-2.098465610465,10.15,9.305625410084));
#15404 = DIRECTION('',(0.,-1.,4.4E-16));
#15405 = DIRECTION('',(-0.,-4.4E-16,-1.));
#15406 = ADVANCED_FACE('',(#15407),#15410,.F.);
#15407 = FACE_BOUND('',#15408,.F.);
#15408 = EDGE_LOOP('',(#15409));
#15409 = ORIENTED_EDGE('',*,*,#10891,.F.);
#15410 = PLANE('',#15411);
#15411 = AXIS2_PLACEMENT_3D('',#15412,#15413,#15414);
#15412 = CARTESIAN_POINT('',(-2.098465610465,139.85,9.305625410084));
#15413 = DIRECTION('',(0.,1.,0.));
#15414 = DIRECTION('',(0.,0.,1.));
#15415 = ADVANCED_FACE('',(#15416),#15419,.F.);
#15416 = FACE_BOUND('',#15417,.F.);
#15417 = EDGE_LOOP('',(#15418));
#15418 = ORIENTED_EDGE('',*,*,#10916,.F.);
#15419 = PLANE('',#15420);
#15420 = AXIS2_PLACEMENT_3D('',#15421,#15422,#15423);
#15421 = CARTESIAN_POINT('',(-2.098465610465,139.85,9.305625410084));
#15422 = DIRECTION('',(0.,1.,0.));
#15423 = DIRECTION('',(0.,0.,1.));
#15424 = ADVANCED_FACE('',(#15425),#15428,.F.);
#15425 = FACE_BOUND('',#15426,.F.);
#15426 = EDGE_LOOP('',(#15427));
#15427 = ORIENTED_EDGE('',*,*,#10941,.F.);
#15428 = PLANE('',#15429);
#15429 = AXIS2_PLACEMENT_3D('',#15430,#15431,#15432);
#15430 = CARTESIAN_POINT('',(-2.098465610465,139.85,9.305625410084));
#15431 = DIRECTION('',(0.,1.,0.));
#15432 = DIRECTION('',(0.,0.,1.));
#15433 = ADVANCED_FACE('',(#15434),#15437,.F.);
#15434 = FACE_BOUND('',#15435,.F.);
#15435 = EDGE_LOOP('',(#15436));
#15436 = ORIENTED_EDGE('',*,*,#10966,.F.);
#15437 = PLANE('',#15438);
#15438 = AXIS2_PLACEMENT_3D('',#15439,#15440,#15441);
#15439 = CARTESIAN_POINT('',(-2.098465610465,139.85,9.305625410084));
#15440 = DIRECTION('',(0.,1.,0.));
#15441 = DIRECTION('',(0.,0.,1.));
#15442 = ADVANCED_FACE('',(#15443),#15446,.F.);
#15443 = FACE_BOUND('',#15444,.F.);
#15444 = EDGE_LOOP('',(#15445));
#15445 = ORIENTED_EDGE('',*,*,#10991,.F.);
#15446 = PLANE('',#15447);
#15447 = AXIS2_PLACEMENT_3D('',#15448,#15449,#15450);
#15448 = CARTESIAN_POINT('',(-2.098465610465,139.85,9.305625410084));
#15449 = DIRECTION('',(0.,1.,0.));
#15450 = DIRECTION('',(0.,0.,1.));
#15451 = ADVANCED_FACE('',(#15452),#15455,.F.);
#15452 = FACE_BOUND('',#15453,.F.);
#15453 = EDGE_LOOP('',(#15454));
#15454 = ORIENTED_EDGE('',*,*,#11016,.F.);
#15455 = PLANE('',#15456);
#15456 = AXIS2_PLACEMENT_3D('',#15457,#15458,#15459);
#15457 = CARTESIAN_POINT('',(-2.098465610465,139.85,9.305625410084));
#15458 = DIRECTION('',(0.,1.,0.));
#15459 = DIRECTION('',(0.,0.,1.));
#15460 = ADVANCED_FACE('',(#15461),#15466,.T.);
#15461 = FACE_BOUND('',#15462,.T.);
#15462 = EDGE_LOOP('',(#15463,#15464,#15465));
#15463 = ORIENTED_EDGE('',*,*,#11094,.F.);
#15464 = ORIENTED_EDGE('',*,*,#11111,.F.);
#15465 = ORIENTED_EDGE('',*,*,#11070,.F.);
#15466 = PLANE('',#15467);
#15467 = AXIS2_PLACEMENT_3D('',#15468,#15469,#15470);
#15468 = CARTESIAN_POINT('',(-1.888,76.,7.355470392219));
#15469 = DIRECTION('',(0.,1.,0.));
#15470 = DIRECTION('',(0.,0.,1.));
#15471 = ADVANCED_FACE('',(#15472),#15483,.F.);
#15472 = FACE_BOUND('',#15473,.F.);
#15473 = EDGE_LOOP('',(#15474,#15475,#15481,#15482));
#15474 = ORIENTED_EDGE('',*,*,#11786,.F.);
#15475 = ORIENTED_EDGE('',*,*,#15476,.T.);
#15476 = EDGE_CURVE('',#11787,#11338,#15477,.T.);
#15477 = LINE('',#15478,#15479);
#15478 = CARTESIAN_POINT('',(47.06884384,7.02670717,4.9));
#15479 = VECTOR('',#15480,1.);
#15480 = DIRECTION('',(-0.,-0.,-1.));
#15481 = ORIENTED_EDGE('',*,*,#11337,.F.);
#15482 = ORIENTED_EDGE('',*,*,#11293,.T.);
#15483 = PLANE('',#15484);
#15484 = AXIS2_PLACEMENT_3D('',#15485,#15486,#15487);
#15485 = CARTESIAN_POINT('',(47.06884384,7.02670717,4.9));
#15486 = DIRECTION('',(0.,-1.,0.));
#15487 = DIRECTION('',(1.,0.,0.));
#15488 = ADVANCED_FACE('',(#15489),#15494,.F.);
#15489 = FACE_BOUND('',#15490,.F.);
#15490 = EDGE_LOOP('',(#15491,#15492,#15493));
#15491 = ORIENTED_EDGE('',*,*,#11794,.F.);
#15492 = ORIENTED_EDGE('',*,*,#11344,.F.);
#15493 = ORIENTED_EDGE('',*,*,#15476,.F.);
#15494 = PLANE('',#15495);
#15495 = AXIS2_PLACEMENT_3D('',#15496,#15497,#15498);
#15496 = CARTESIAN_POINT('',(47.06884384,11.68376064,4.9));
#15497 = DIRECTION('',(-1.,0.,0.));
#15498 = DIRECTION('',(0.,-1.,0.));
#15499 = ADVANCED_FACE('',(#15500),#15505,.T.);
#15500 = FACE_BOUND('',#15501,.T.);
#15501 = EDGE_LOOP('',(#15502,#15503,#15504));
#15502 = ORIENTED_EDGE('',*,*,#11771,.F.);
#15503 = ORIENTED_EDGE('',*,*,#11443,.F.);
#15504 = ORIENTED_EDGE('',*,*,#11754,.F.);
#15505 = PLANE('',#15506);
#15506 = AXIS2_PLACEMENT_3D('',#15507,#15508,#15509);
#15507 = CARTESIAN_POINT('',(44.9226,12.0977,4.9));
#15508 = DIRECTION('',(-1.,0.,0.));
#15509 = DIRECTION('',(0.,-1.,0.));
#15510 = ADVANCED_FACE('',(#15511),#15545,.F.);
#15511 = FACE_BOUND('',#15512,.T.);
#15512 = EDGE_LOOP('',(#15513,#15514,#15522,#15530,#15538,#15544));
#15513 = ORIENTED_EDGE('',*,*,#14717,.T.);
#15514 = ORIENTED_EDGE('',*,*,#15515,.T.);
#15515 = EDGE_CURVE('',#14710,#15516,#15518,.T.);
#15516 = VERTEX_POINT('',#15517);
#15517 = CARTESIAN_POINT('',(67.027,3.9,2.8));
#15518 = LINE('',#15519,#15520);
#15519 = CARTESIAN_POINT('',(67.027,3.9,3.7));
#15520 = VECTOR('',#15521,1.);
#15521 = DIRECTION('',(0.,0.,-1.));
#15522 = ORIENTED_EDGE('',*,*,#15523,.T.);
#15523 = EDGE_CURVE('',#15516,#15524,#15526,.T.);
#15524 = VERTEX_POINT('',#15525);
#15525 = CARTESIAN_POINT('',(67.027,4.34999999117,2.350000155882));
#15526 = LINE('',#15527,#15528);
#15527 = CARTESIAN_POINT('',(67.027,3.9,2.8));
#15528 = VECTOR('',#15529,1.);
#15529 = DIRECTION('',(0.,0.707106896721,-0.707106665652));
#15530 = ORIENTED_EDGE('',*,*,#15531,.T.);
#15531 = EDGE_CURVE('',#15524,#15532,#15534,.T.);
#15532 = VERTEX_POINT('',#15533);
#15533 = CARTESIAN_POINT('',(67.027,3.9,1.9));
#15534 = LINE('',#15535,#15536);
#15535 = CARTESIAN_POINT('',(67.027,4.34999999117,2.350000155882));
#15536 = VECTOR('',#15537,1.);
#15537 = DIRECTION('',(0.,-0.707106651777,-0.707106910596));
#15538 = ORIENTED_EDGE('',*,*,#15539,.T.);
#15539 = EDGE_CURVE('',#15532,#11493,#15540,.T.);
#15540 = LINE('',#15541,#15542);
#15541 = CARTESIAN_POINT('',(67.027,3.9,1.9));
#15542 = VECTOR('',#15543,1.);
#15543 = DIRECTION('',(0.,-1.,0.));
#15544 = ORIENTED_EDGE('',*,*,#11492,.T.);
#15545 = PLANE('',#15546);
#15546 = AXIS2_PLACEMENT_3D('',#15547,#15548,#15549);
#15547 = CARTESIAN_POINT('',(67.027,2.991796186015,2.914948264686));
#15548 = DIRECTION('',(1.,0.,0.));
#15549 = DIRECTION('',(0.,0.,1.));
#15550 = ADVANCED_FACE('',(#15551),#15562,.T.);
#15551 = FACE_BOUND('',#15552,.T.);
#15552 = EDGE_LOOP('',(#15553,#15554,#15560,#15561));
#15553 = ORIENTED_EDGE('',*,*,#15539,.F.);
#15554 = ORIENTED_EDGE('',*,*,#15555,.T.);
#15555 = EDGE_CURVE('',#15532,#11564,#15556,.T.);
#15556 = LINE('',#15557,#15558);
#15557 = CARTESIAN_POINT('',(67.027,3.9,1.9));
#15558 = VECTOR('',#15559,1.);
#15559 = DIRECTION('',(-1.,-0.,-0.));
#15560 = ORIENTED_EDGE('',*,*,#11563,.F.);
#15561 = ORIENTED_EDGE('',*,*,#11500,.F.);
#15562 = PLANE('',#15563);
#15563 = AXIS2_PLACEMENT_3D('',#15564,#15565,#15566);
#15564 = CARTESIAN_POINT('',(67.027,3.9,1.9));
#15565 = DIRECTION('',(0.,0.,1.));
#15566 = DIRECTION('',(0.,-1.,0.));
#15567 = ADVANCED_FACE('',(#15568),#15584,.T.);
#15568 = FACE_BOUND('',#15569,.T.);
#15569 = EDGE_LOOP('',(#15570,#15571,#15577,#15578));
#15570 = ORIENTED_EDGE('',*,*,#15523,.F.);
#15571 = ORIENTED_EDGE('',*,*,#15572,.T.);
#15572 = EDGE_CURVE('',#15516,#11529,#15573,.T.);
#15573 = LINE('',#15574,#15575);
#15574 = CARTESIAN_POINT('',(67.027,3.9,2.8));
#15575 = VECTOR('',#15576,1.);
#15576 = DIRECTION('',(-1.,-0.,-0.));
#15577 = ORIENTED_EDGE('',*,*,#11526,.F.);
#15578 = ORIENTED_EDGE('',*,*,#15579,.F.);
#15579 = EDGE_CURVE('',#15524,#11527,#15580,.T.);
#15580 = LINE('',#15581,#15582);
#15581 = CARTESIAN_POINT('',(67.027,4.34999999117,2.350000155882));
#15582 = VECTOR('',#15583,1.);
#15583 = DIRECTION('',(-1.,-0.,-0.));
#15584 = PLANE('',#15585);
#15585 = AXIS2_PLACEMENT_3D('',#15586,#15587,#15588);
#15586 = CARTESIAN_POINT('',(67.027,3.9,2.8));
#15587 = DIRECTION('',(0.,-0.707106665652,-0.707106896721));
#15588 = DIRECTION('',(0.,0.707106896721,-0.707106665652));
#15589 = ADVANCED_FACE('',(#15590),#15596,.T.);
#15590 = FACE_BOUND('',#15591,.T.);
#15591 = EDGE_LOOP('',(#15592,#15593,#15594,#15595));
#15592 = ORIENTED_EDGE('',*,*,#15531,.F.);
#15593 = ORIENTED_EDGE('',*,*,#15579,.T.);
#15594 = ORIENTED_EDGE('',*,*,#11571,.F.);
#15595 = ORIENTED_EDGE('',*,*,#15555,.F.);
#15596 = PLANE('',#15597);
#15597 = AXIS2_PLACEMENT_3D('',#15598,#15599,#15600);
#15598 = CARTESIAN_POINT('',(67.027,4.34999999117,2.350000155882));
#15599 = DIRECTION('',(0.,-0.707106910596,0.707106651777));
#15600 = DIRECTION('',(0.,-0.707106651777,-0.707106910596));
#15601 = ADVANCED_FACE('',(#15602),#15608,.T.);
#15602 = FACE_BOUND('',#15603,.T.);
#15603 = EDGE_LOOP('',(#15604,#15605,#15606,#15607));
#15604 = ORIENTED_EDGE('',*,*,#15515,.F.);
#15605 = ORIENTED_EDGE('',*,*,#14709,.T.);
#15606 = ORIENTED_EDGE('',*,*,#11536,.F.);
#15607 = ORIENTED_EDGE('',*,*,#15572,.F.);
#15608 = PLANE('',#15609);
#15609 = AXIS2_PLACEMENT_3D('',#15610,#15611,#15612);
#15610 = CARTESIAN_POINT('',(67.027,3.9,3.7));
#15611 = DIRECTION('',(0.,-1.,0.));
#15612 = DIRECTION('',(0.,0.,-1.));
#15613 = ADVANCED_FACE('',(#15614),#15624,.T.);
#15614 = FACE_BOUND('',#15615,.T.);
#15615 = EDGE_LOOP('',(#15616,#15617,#15618));
#15616 = ORIENTED_EDGE('',*,*,#12225,.F.);
#15617 = ORIENTED_EDGE('',*,*,#12195,.T.);
#15618 = ORIENTED_EDGE('',*,*,#15619,.T.);
#15619 = EDGE_CURVE('',#12188,#12218,#15620,.T.);
#15620 = LINE('',#15621,#15622);
#15621 = CARTESIAN_POINT('',(94.51,142.29999999999,4.9));
#15622 = VECTOR('',#15623,1.);
#15623 = DIRECTION('',(-0.,-0.,-1.));
#15624 = PLANE('',#15625);
#15625 = AXIS2_PLACEMENT_3D('',#15626,#15627,#15628);
#15626 = CARTESIAN_POINT('',(94.51,102.38945025102,3.542826068524));
#15627 = DIRECTION('',(-1.,-0.,-0.));
#15628 = DIRECTION('',(0.,0.,-1.));
#15629 = ADVANCED_FACE('',(#15630),#15636,.F.);
#15630 = FACE_BOUND('',#15631,.F.);
#15631 = EDGE_LOOP('',(#15632,#15633,#15634,#15635));
#15632 = ORIENTED_EDGE('',*,*,#12187,.F.);
#15633 = ORIENTED_EDGE('',*,*,#15619,.T.);
#15634 = ORIENTED_EDGE('',*,*,#12217,.F.);
#15635 = ORIENTED_EDGE('',*,*,#12938,.F.);
#15636 = PLANE('',#15637);
#15637 = AXIS2_PLACEMENT_3D('',#15638,#15639,#15640);
#15638 = CARTESIAN_POINT('',(94.51,142.29999999999,4.9));
#15639 = DIRECTION('',(0.,1.,0.));
#15640 = DIRECTION('',(-1.,0.,0.));
#15641 = ADVANCED_FACE('',(#15642),#15648,.F.);
#15642 = FACE_BOUND('',#15643,.F.);
#15643 = EDGE_LOOP('',(#15644,#15645,#15646,#15647));
#15644 = ORIENTED_EDGE('',*,*,#12155,.F.);
#15645 = ORIENTED_EDGE('',*,*,#12907,.F.);
#15646 = ORIENTED_EDGE('',*,*,#12884,.F.);
#15647 = ORIENTED_EDGE('',*,*,#12849,.F.);
#15648 = PLANE('',#15649);
#15649 = AXIS2_PLACEMENT_3D('',#15650,#15651,#15652);
#15650 = CARTESIAN_POINT('',(94.51,142.29999999999,4.9));
#15651 = DIRECTION('',(0.,1.,0.));
#15652 = DIRECTION('',(-1.,0.,0.));
#15653 = ADVANCED_FACE('',(#15654),#15660,.F.);
#15654 = FACE_BOUND('',#15655,.F.);
#15655 = EDGE_LOOP('',(#15656,#15657,#15658,#15659));
#15656 = ORIENTED_EDGE('',*,*,#12123,.F.);
#15657 = ORIENTED_EDGE('',*,*,#12818,.F.);
#15658 = ORIENTED_EDGE('',*,*,#12795,.F.);
#15659 = ORIENTED_EDGE('',*,*,#12760,.F.);
#15660 = PLANE('',#15661);
#15661 = AXIS2_PLACEMENT_3D('',#15662,#15663,#15664);
#15662 = CARTESIAN_POINT('',(94.51,142.29999999999,4.9));
#15663 = DIRECTION('',(0.,1.,0.));
#15664 = DIRECTION('',(-1.,0.,0.));
#15665 = ADVANCED_FACE('',(#15666),#15672,.F.);
#15666 = FACE_BOUND('',#15667,.F.);
#15667 = EDGE_LOOP('',(#15668,#15669,#15670,#15671));
#15668 = ORIENTED_EDGE('',*,*,#12091,.F.);
#15669 = ORIENTED_EDGE('',*,*,#12729,.F.);
#15670 = ORIENTED_EDGE('',*,*,#12706,.F.);
#15671 = ORIENTED_EDGE('',*,*,#12671,.F.);
#15672 = PLANE('',#15673);
#15673 = AXIS2_PLACEMENT_3D('',#15674,#15675,#15676);
#15674 = CARTESIAN_POINT('',(94.51,142.29999999999,4.9));
#15675 = DIRECTION('',(0.,1.,0.));
#15676 = DIRECTION('',(-1.,0.,0.));
#15677 = ADVANCED_FACE('',(#15678),#15684,.F.);
#15678 = FACE_BOUND('',#15679,.F.);
#15679 = EDGE_LOOP('',(#15680,#15681,#15682,#15683));
#15680 = ORIENTED_EDGE('',*,*,#12059,.F.);
#15681 = ORIENTED_EDGE('',*,*,#12640,.F.);
#15682 = ORIENTED_EDGE('',*,*,#12617,.F.);
#15683 = ORIENTED_EDGE('',*,*,#12582,.F.);
#15684 = PLANE('',#15685);
#15685 = AXIS2_PLACEMENT_3D('',#15686,#15687,#15688);
#15686 = CARTESIAN_POINT('',(94.51,142.29999999999,4.9));
#15687 = DIRECTION('',(0.,1.,0.));
#15688 = DIRECTION('',(-1.,0.,0.));
#15689 = ADVANCED_FACE('',(#15690),#15696,.F.);
#15690 = FACE_BOUND('',#15691,.F.);
#15691 = EDGE_LOOP('',(#15692,#15693,#15694,#15695));
#15692 = ORIENTED_EDGE('',*,*,#12027,.F.);
#15693 = ORIENTED_EDGE('',*,*,#12551,.F.);
#15694 = ORIENTED_EDGE('',*,*,#12520,.F.);
#15695 = ORIENTED_EDGE('',*,*,#12493,.F.);
#15696 = PLANE('',#15697);
#15697 = AXIS2_PLACEMENT_3D('',#15698,#15699,#15700);
#15698 = CARTESIAN_POINT('',(94.51,142.29999999999,4.9));
#15699 = DIRECTION('',(0.,1.,0.));
#15700 = DIRECTION('',(-1.,0.,0.));
#15701 = ADVANCED_FACE('',(#15702),#15708,.F.);
#15702 = FACE_BOUND('',#15703,.F.);
#15703 = EDGE_LOOP('',(#15704,#15705,#15706,#15707));
#15704 = ORIENTED_EDGE('',*,*,#12404,.F.);
#15705 = ORIENTED_EDGE('',*,*,#11995,.F.);
#15706 = ORIENTED_EDGE('',*,*,#12462,.F.);
#15707 = ORIENTED_EDGE('',*,*,#12431,.F.);
#15708 = PLANE('',#15709);
#15709 = AXIS2_PLACEMENT_3D('',#15710,#15711,#15712);
#15710 = CARTESIAN_POINT('',(94.51,142.29999999999,4.9));
#15711 = DIRECTION('',(0.,1.,0.));
#15712 = DIRECTION('',(-1.,0.,0.));
#15713 = ADVANCED_FACE('',(#15714),#15720,.F.);
#15714 = FACE_BOUND('',#15715,.F.);
#15715 = EDGE_LOOP('',(#15716,#15717,#15718,#15719));
#15716 = ORIENTED_EDGE('',*,*,#12315,.F.);
#15717 = ORIENTED_EDGE('',*,*,#11963,.F.);
#15718 = ORIENTED_EDGE('',*,*,#12373,.F.);
#15719 = ORIENTED_EDGE('',*,*,#12342,.F.);
#15720 = PLANE('',#15721);
#15721 = AXIS2_PLACEMENT_3D('',#15722,#15723,#15724);
#15722 = CARTESIAN_POINT('',(94.51,142.29999999999,4.9));
#15723 = DIRECTION('',(0.,1.,0.));
#15724 = DIRECTION('',(-1.,0.,0.));
#15725 = ADVANCED_FACE('',(#15726),#15737,.F.);
#15726 = FACE_BOUND('',#15727,.F.);
#15727 = EDGE_LOOP('',(#15728,#15729,#15735,#15736));
#15728 = ORIENTED_EDGE('',*,*,#12242,.F.);
#15729 = ORIENTED_EDGE('',*,*,#15730,.F.);
#15730 = EDGE_CURVE('',#11924,#12243,#15731,.T.);
#15731 = LINE('',#15732,#15733);
#15732 = CARTESIAN_POINT('',(21.51,142.29999999999,4.9));
#15733 = VECTOR('',#15734,1.);
#15734 = DIRECTION('',(-0.,-0.,-1.));
#15735 = ORIENTED_EDGE('',*,*,#11931,.F.);
#15736 = ORIENTED_EDGE('',*,*,#12284,.F.);
#15737 = PLANE('',#15738);
#15738 = AXIS2_PLACEMENT_3D('',#15739,#15740,#15741);
#15739 = CARTESIAN_POINT('',(94.51,142.29999999999,4.9));
#15740 = DIRECTION('',(0.,1.,0.));
#15741 = DIRECTION('',(-1.,0.,0.));
#15742 = ADVANCED_FACE('',(#15743),#15748,.T.);
#15743 = FACE_BOUND('',#15744,.T.);
#15744 = EDGE_LOOP('',(#15745,#15746,#15747));
#15745 = ORIENTED_EDGE('',*,*,#15730,.F.);
#15746 = ORIENTED_EDGE('',*,*,#11923,.T.);
#15747 = ORIENTED_EDGE('',*,*,#12261,.F.);
#15748 = PLANE('',#15749);
#15749 = AXIS2_PLACEMENT_3D('',#15750,#15751,#15752);
#15750 = CARTESIAN_POINT('',(21.51,116.9474701671,3.202529832895));
#15751 = DIRECTION('',(1.,0.,0.));
#15752 = DIRECTION('',(0.,0.,1.));
#15753 = ADVANCED_FACE('',(#15754),#15760,.T.);
#15754 = FACE_BOUND('',#15755,.T.);
#15755 = EDGE_LOOP('',(#15756,#15757,#15758,#15759));
#15756 = ORIENTED_EDGE('',*,*,#13865,.T.);
#15757 = ORIENTED_EDGE('',*,*,#14601,.T.);
#15758 = ORIENTED_EDGE('',*,*,#14578,.F.);
#15759 = ORIENTED_EDGE('',*,*,#14555,.F.);
#15760 = PLANE('',#15761);
#15761 = AXIS2_PLACEMENT_3D('',#15762,#15763,#15764);
#15762 = CARTESIAN_POINT('',(74.3059975,19.,4.3));
#15763 = DIRECTION('',(-0.,-1.,-0.));
#15764 = DIRECTION('',(0.,0.,-1.));
#15765 = ADVANCED_FACE('',(#15766),#15776,.F.);
#15766 = FACE_BOUND('',#15767,.F.);
#15767 = EDGE_LOOP('',(#15768,#15769,#15775));
#15768 = ORIENTED_EDGE('',*,*,#14610,.F.);
#15769 = ORIENTED_EDGE('',*,*,#15770,.T.);
#15770 = EDGE_CURVE('',#14611,#13905,#15771,.T.);
#15771 = LINE('',#15772,#15773);
#15772 = CARTESIAN_POINT('',(104.627,11.,3.7));
#15773 = VECTOR('',#15774,1.);
#15774 = DIRECTION('',(-0.,-0.,-1.));
#15775 = ORIENTED_EDGE('',*,*,#13902,.F.);
#15776 = CYLINDRICAL_SURFACE('',#15777,4.1);
#15777 = AXIS2_PLACEMENT_3D('',#15778,#15779,#15780);
#15778 = CARTESIAN_POINT('',(100.527,11.,3.7));
#15779 = DIRECTION('',(0.,0.,1.));
#15780 = DIRECTION('',(1.,0.,0.));
#15781 = ADVANCED_FACE('',(#15782),#15788,.F.);
#15782 = FACE_BOUND('',#15783,.F.);
#15783 = EDGE_LOOP('',(#15784,#15785,#15786,#15787));
#15784 = ORIENTED_EDGE('',*,*,#15770,.F.);
#15785 = ORIENTED_EDGE('',*,*,#14619,.F.);
#15786 = ORIENTED_EDGE('',*,*,#14058,.F.);
#15787 = ORIENTED_EDGE('',*,*,#13958,.F.);
#15788 = CYLINDRICAL_SURFACE('',#15789,4.1);
#15789 = AXIS2_PLACEMENT_3D('',#15790,#15791,#15792);
#15790 = CARTESIAN_POINT('',(100.527,11.,3.7));
#15791 = DIRECTION('',(0.,0.,1.));
#15792 = DIRECTION('',(1.,0.,0.));
#15793 = ADVANCED_FACE('',(#15794),#15804,.F.);
#15794 = FACE_BOUND('',#15795,.F.);
#15795 = EDGE_LOOP('',(#15796,#15797,#15798));
#15796 = ORIENTED_EDGE('',*,*,#14697,.F.);
#15797 = ORIENTED_EDGE('',*,*,#14388,.F.);
#15798 = ORIENTED_EDGE('',*,*,#15799,.F.);
#15799 = EDGE_CURVE('',#14690,#14382,#15800,.T.);
#15800 = LINE('',#15801,#15802);
#15801 = CARTESIAN_POINT('',(66.874664,6.831024,4.9));
#15802 = VECTOR('',#15803,1.);
#15803 = DIRECTION('',(-0.,-0.,-1.));
#15804 = PLANE('',#15805);
#15805 = AXIS2_PLACEMENT_3D('',#15806,#15807,#15808);
#15806 = CARTESIAN_POINT('',(66.874664,14.47012,4.9));
#15807 = DIRECTION('',(-1.,0.,0.));
#15808 = DIRECTION('',(0.,-1.,0.));
#15809 = ADVANCED_FACE('',(#15810),#15821,.F.);
#15810 = FACE_BOUND('',#15811,.F.);
#15811 = EDGE_LOOP('',(#15812,#15813,#15814,#15815));
#15812 = ORIENTED_EDGE('',*,*,#14689,.F.);
#15813 = ORIENTED_EDGE('',*,*,#15799,.T.);
#15814 = ORIENTED_EDGE('',*,*,#14381,.F.);
#15815 = ORIENTED_EDGE('',*,*,#15816,.F.);
#15816 = EDGE_CURVE('',#14682,#14372,#15817,.T.);
#15817 = LINE('',#15818,#15819);
#15818 = CARTESIAN_POINT('',(68.938301,6.831024,4.9));
#15819 = VECTOR('',#15820,1.);
#15820 = DIRECTION('',(-0.,-0.,-1.));
#15821 = PLANE('',#15822);
#15822 = AXIS2_PLACEMENT_3D('',#15823,#15824,#15825);
#15823 = CARTESIAN_POINT('',(66.874664,6.831024,4.9));
#15824 = DIRECTION('',(0.,-1.,0.));
#15825 = DIRECTION('',(1.,0.,0.));
#15826 = ADVANCED_FACE('',(#15827),#15832,.F.);
#15827 = FACE_BOUND('',#15828,.F.);
#15828 = EDGE_LOOP('',(#15829,#15830,#15831));
#15829 = ORIENTED_EDGE('',*,*,#14681,.F.);
#15830 = ORIENTED_EDGE('',*,*,#15816,.T.);
#15831 = ORIENTED_EDGE('',*,*,#14371,.T.);
#15832 = PLANE('',#15833);
#15833 = AXIS2_PLACEMENT_3D('',#15834,#15835,#15836);
#15834 = CARTESIAN_POINT('',(68.938301,6.831024,4.9));
#15835 = DIRECTION('',(1.,0.,0.));
#15836 = DIRECTION('',(0.,1.,0.));
#15837 = ADVANCED_FACE('',(#15838),#15848,.F.);
#15838 = FACE_BOUND('',#15839,.F.);
#15839 = EDGE_LOOP('',(#15840,#15841,#15842));
#15840 = ORIENTED_EDGE('',*,*,#14674,.F.);
#15841 = ORIENTED_EDGE('',*,*,#14354,.F.);
#15842 = ORIENTED_EDGE('',*,*,#15843,.F.);
#15843 = EDGE_CURVE('',#14667,#14348,#15844,.T.);
#15844 = LINE('',#15845,#15846);
#15845 = CARTESIAN_POINT('',(70.676109,6.831024,4.9));
#15846 = VECTOR('',#15847,1.);
#15847 = DIRECTION('',(-0.,-0.,-1.));
#15848 = PLANE('',#15849);
#15849 = AXIS2_PLACEMENT_3D('',#15850,#15851,#15852);
#15850 = CARTESIAN_POINT('',(70.676109,14.47012,4.9));
#15851 = DIRECTION('',(-1.,0.,0.));
#15852 = DIRECTION('',(0.,-1.,0.));
#15853 = ADVANCED_FACE('',(#15854),#15865,.F.);
#15854 = FACE_BOUND('',#15855,.F.);
#15855 = EDGE_LOOP('',(#15856,#15857,#15858,#15859));
#15856 = ORIENTED_EDGE('',*,*,#14666,.F.);
#15857 = ORIENTED_EDGE('',*,*,#15843,.T.);
#15858 = ORIENTED_EDGE('',*,*,#14347,.F.);
#15859 = ORIENTED_EDGE('',*,*,#15860,.F.);
#15860 = EDGE_CURVE('',#14659,#14338,#15861,.T.);
#15861 = LINE('',#15862,#15863);
#15862 = CARTESIAN_POINT('',(72.631142,6.831024,4.9));
#15863 = VECTOR('',#15864,1.);
#15864 = DIRECTION('',(-0.,-0.,-1.));
#15865 = PLANE('',#15866);
#15866 = AXIS2_PLACEMENT_3D('',#15867,#15868,#15869);
#15867 = CARTESIAN_POINT('',(70.676109,6.831024,4.9));
#15868 = DIRECTION('',(0.,-1.,0.));
#15869 = DIRECTION('',(1.,0.,0.));
#15870 = ADVANCED_FACE('',(#15871),#15876,.F.);
#15871 = FACE_BOUND('',#15872,.F.);
#15872 = EDGE_LOOP('',(#15873,#15874,#15875));
#15873 = ORIENTED_EDGE('',*,*,#14658,.F.);
#15874 = ORIENTED_EDGE('',*,*,#15860,.T.);
#15875 = ORIENTED_EDGE('',*,*,#14337,.T.);
#15876 = PLANE('',#15877);
#15877 = AXIS2_PLACEMENT_3D('',#15878,#15879,#15880);
#15878 = CARTESIAN_POINT('',(72.631142,6.831024,4.9));
#15879 = DIRECTION('',(1.,0.,0.));
#15880 = DIRECTION('',(0.,1.,0.));
#15881 = ADVANCED_FACE('',(#15882),#15892,.F.);
#15882 = FACE_BOUND('',#15883,.F.);
#15883 = EDGE_LOOP('',(#15884,#15885,#15886));
#15884 = ORIENTED_EDGE('',*,*,#14651,.F.);
#15885 = ORIENTED_EDGE('',*,*,#14320,.F.);
#15886 = ORIENTED_EDGE('',*,*,#15887,.F.);
#15887 = EDGE_CURVE('',#14644,#14314,#15888,.T.);
#15888 = LINE('',#15889,#15890);
#15889 = CARTESIAN_POINT('',(74.151718,6.831024,4.9));
#15890 = VECTOR('',#15891,1.);
#15891 = DIRECTION('',(-0.,-0.,-1.));
#15892 = PLANE('',#15893);
#15893 = AXIS2_PLACEMENT_3D('',#15894,#15895,#15896);
#15894 = CARTESIAN_POINT('',(74.151718,14.47012,4.9));
#15895 = DIRECTION('',(-1.,0.,0.));
#15896 = DIRECTION('',(0.,-1.,0.));
#15897 = ADVANCED_FACE('',(#15898),#15909,.F.);
#15898 = FACE_BOUND('',#15899,.F.);
#15899 = EDGE_LOOP('',(#15900,#15901,#15902,#15903));
#15900 = ORIENTED_EDGE('',*,*,#14643,.F.);
#15901 = ORIENTED_EDGE('',*,*,#15887,.T.);
#15902 = ORIENTED_EDGE('',*,*,#14313,.F.);
#15903 = ORIENTED_EDGE('',*,*,#15904,.F.);
#15904 = EDGE_CURVE('',#14636,#14304,#15905,.T.);
#15905 = LINE('',#15906,#15907);
#15906 = CARTESIAN_POINT('',(76.504997,6.831024,4.9));
#15907 = VECTOR('',#15908,1.);
#15908 = DIRECTION('',(-0.,-0.,-1.));
#15909 = PLANE('',#15910);
#15910 = AXIS2_PLACEMENT_3D('',#15911,#15912,#15913);
#15911 = CARTESIAN_POINT('',(74.151718,6.831024,4.9));
#15912 = DIRECTION('',(0.,-1.,0.));
#15913 = DIRECTION('',(1.,0.,0.));
#15914 = ADVANCED_FACE('',(#15915),#15920,.F.);
#15915 = FACE_BOUND('',#15916,.F.);
#15916 = EDGE_LOOP('',(#15917,#15918,#15919));
#15917 = ORIENTED_EDGE('',*,*,#14635,.F.);
#15918 = ORIENTED_EDGE('',*,*,#15904,.T.);
#15919 = ORIENTED_EDGE('',*,*,#14303,.T.);
#15920 = PLANE('',#15921);
#15921 = AXIS2_PLACEMENT_3D('',#15922,#15923,#15924);
#15922 = CARTESIAN_POINT('',(76.504997,6.831024,4.9));
#15923 = DIRECTION('',(1.,0.,0.));
#15924 = DIRECTION('',(0.,1.,0.));
#15925 = ADVANCED_FACE('',(#15926),#15960,.F.);
#15926 = FACE_BOUND('',#15927,.T.);
#15927 = EDGE_LOOP('',(#15928,#15929,#15937,#15945,#15953,#15959));
#15928 = ORIENTED_EDGE('',*,*,#14811,.T.);
#15929 = ORIENTED_EDGE('',*,*,#15930,.T.);
#15930 = EDGE_CURVE('',#14804,#15931,#15933,.T.);
#15931 = VERTEX_POINT('',#15932);
#15932 = CARTESIAN_POINT('',(107.62699999999,129.5,2.8));
#15933 = LINE('',#15934,#15935);
#15934 = CARTESIAN_POINT('',(107.62699999999,129.5,3.7));
#15935 = VECTOR('',#15936,1.);
#15936 = DIRECTION('',(0.,0.,-1.));
#15937 = ORIENTED_EDGE('',*,*,#15938,.T.);
#15938 = EDGE_CURVE('',#15931,#15939,#15941,.T.);
#15939 = VERTEX_POINT('',#15940);
#15940 = CARTESIAN_POINT('',(107.17700014705,129.5,2.349999705885));
#15941 = LINE('',#15942,#15943);
#15942 = CARTESIAN_POINT('',(107.62699999999,129.5,2.8));
#15943 = VECTOR('',#15944,1.);
#15944 = DIRECTION('',(-0.707106434567,-0.,-0.707107127806));
#15945 = ORIENTED_EDGE('',*,*,#15946,.T.);
#15946 = EDGE_CURVE('',#15939,#15947,#15949,.T.);
#15947 = VERTEX_POINT('',#15948);
#15948 = CARTESIAN_POINT('',(107.62699999999,129.5,1.9));
#15949 = LINE('',#15950,#15951);
#15950 = CARTESIAN_POINT('',(107.17700014705,129.5,2.349999705885));
#15951 = VECTOR('',#15952,1.);
#15952 = DIRECTION('',(0.707106896725,0.,-0.707106665648));
#15953 = ORIENTED_EDGE('',*,*,#15954,.T.);
#15954 = EDGE_CURVE('',#15947,#14957,#15955,.T.);
#15955 = LINE('',#15956,#15957);
#15956 = CARTESIAN_POINT('',(107.62699999999,129.5,1.9));
#15957 = VECTOR('',#15958,1.);
#15958 = DIRECTION('',(1.,0.,0.));
#15959 = ORIENTED_EDGE('',*,*,#14973,.T.);
#15960 = PLANE('',#15961);
#15961 = AXIS2_PLACEMENT_3D('',#15962,#15963,#15964);
#15962 = CARTESIAN_POINT('',(108.53520385298,129.5,2.914948260559));
#15963 = DIRECTION('',(0.,1.,0.));
#15964 = DIRECTION('',(0.,0.,1.));
#15965 = ADVANCED_FACE('',(#15966),#15984,.T.);
#15966 = FACE_BOUND('',#15967,.T.);
#15967 = EDGE_LOOP('',(#15968,#15969,#15977,#15983));
#15968 = ORIENTED_EDGE('',*,*,#14803,.T.);
#15969 = ORIENTED_EDGE('',*,*,#15970,.T.);
#15970 = EDGE_CURVE('',#14796,#15971,#15973,.T.);
#15971 = VERTEX_POINT('',#15972);
#15972 = CARTESIAN_POINT('',(107.62699999999,108.5,2.8));
#15973 = LINE('',#15974,#15975);
#15974 = CARTESIAN_POINT('',(107.62699999999,108.5,3.7));
#15975 = VECTOR('',#15976,1.);
#15976 = DIRECTION('',(0.,0.,-1.));
#15977 = ORIENTED_EDGE('',*,*,#15978,.F.);
#15978 = EDGE_CURVE('',#15931,#15971,#15979,.T.);
#15979 = LINE('',#15980,#15981);
#15980 = CARTESIAN_POINT('',(107.62699999999,129.5,2.8));
#15981 = VECTOR('',#15982,1.);
#15982 = DIRECTION('',(-0.,-1.,-0.));
#15983 = ORIENTED_EDGE('',*,*,#15930,.F.);
#15984 = PLANE('',#15985);
#15985 = AXIS2_PLACEMENT_3D('',#15986,#15987,#15988);
#15986 = CARTESIAN_POINT('',(107.62699999999,129.5,3.7));
#15987 = DIRECTION('',(1.,0.,0.));
#15988 = DIRECTION('',(0.,-2.2E-16,-1.));
#15989 = ADVANCED_FACE('',(#15990),#16017,.T.);
#15990 = FACE_BOUND('',#15991,.F.);
#15991 = EDGE_LOOP('',(#15992,#15993,#15994,#16002,#16010,#16016));
#15992 = ORIENTED_EDGE('',*,*,#14795,.T.);
#15993 = ORIENTED_EDGE('',*,*,#15970,.T.);
#15994 = ORIENTED_EDGE('',*,*,#15995,.T.);
#15995 = EDGE_CURVE('',#15971,#15996,#15998,.T.);
#15996 = VERTEX_POINT('',#15997);
#15997 = CARTESIAN_POINT('',(107.17700014705,108.5,2.349999705885));
#15998 = LINE('',#15999,#16000);
#15999 = CARTESIAN_POINT('',(107.62699999999,108.5,2.8));
#16000 = VECTOR('',#16001,1.);
#16001 = DIRECTION('',(-0.707106434567,-0.,-0.707107127806));
#16002 = ORIENTED_EDGE('',*,*,#16003,.T.);
#16003 = EDGE_CURVE('',#15996,#16004,#16006,.T.);
#16004 = VERTEX_POINT('',#16005);
#16005 = CARTESIAN_POINT('',(107.62699999999,108.5,1.9));
#16006 = LINE('',#16007,#16008);
#16007 = CARTESIAN_POINT('',(107.17700014705,108.5,2.349999705885));
#16008 = VECTOR('',#16009,1.);
#16009 = DIRECTION('',(0.707106896725,0.,-0.707106665648));
#16010 = ORIENTED_EDGE('',*,*,#16011,.T.);
#16011 = EDGE_CURVE('',#16004,#14959,#16012,.T.);
#16012 = LINE('',#16013,#16014);
#16013 = CARTESIAN_POINT('',(107.62699999999,108.5,1.9));
#16014 = VECTOR('',#16015,1.);
#16015 = DIRECTION('',(1.,0.,0.));
#16016 = ORIENTED_EDGE('',*,*,#14966,.T.);
#16017 = PLANE('',#16018);
#16018 = AXIS2_PLACEMENT_3D('',#16019,#16020,#16021);
#16019 = CARTESIAN_POINT('',(108.53520385298,108.5,2.914948260559));
#16020 = DIRECTION('',(0.,1.,0.));
#16021 = DIRECTION('',(0.,0.,1.));
#16022 = ADVANCED_FACE('',(#16023),#16057,.F.);
#16023 = FACE_BOUND('',#16024,.T.);
#16024 = EDGE_LOOP('',(#16025,#16026,#16034,#16042,#16050,#16056));
#16025 = ORIENTED_EDGE('',*,*,#14788,.T.);
#16026 = ORIENTED_EDGE('',*,*,#16027,.T.);
#16027 = EDGE_CURVE('',#14781,#16028,#16030,.T.);
#16028 = VERTEX_POINT('',#16029);
#16029 = CARTESIAN_POINT('',(107.62699999999,85.5,2.8));
#16030 = LINE('',#16031,#16032);
#16031 = CARTESIAN_POINT('',(107.62699999999,85.5,3.7));
#16032 = VECTOR('',#16033,1.);
#16033 = DIRECTION('',(0.,0.,-1.));
#16034 = ORIENTED_EDGE('',*,*,#16035,.T.);
#16035 = EDGE_CURVE('',#16028,#16036,#16038,.T.);
#16036 = VERTEX_POINT('',#16037);
#16037 = CARTESIAN_POINT('',(107.17700014705,85.5,2.349999705885));
#16038 = LINE('',#16039,#16040);
#16039 = CARTESIAN_POINT('',(107.62699999999,85.5,2.8));
#16040 = VECTOR('',#16041,1.);
#16041 = DIRECTION('',(-0.707106434567,-0.,-0.707107127806));
#16042 = ORIENTED_EDGE('',*,*,#16043,.T.);
#16043 = EDGE_CURVE('',#16036,#16044,#16046,.T.);
#16044 = VERTEX_POINT('',#16045);
#16045 = CARTESIAN_POINT('',(107.62699999999,85.5,1.9));
#16046 = LINE('',#16047,#16048);
#16047 = CARTESIAN_POINT('',(107.17700014705,85.5,2.349999705885));
#16048 = VECTOR('',#16049,1.);
#16049 = DIRECTION('',(0.707106896725,0.,-0.707106665648));
#16050 = ORIENTED_EDGE('',*,*,#16051,.T.);
#16051 = EDGE_CURVE('',#16044,#14928,#16052,.T.);
#16052 = LINE('',#16053,#16054);
#16053 = CARTESIAN_POINT('',(107.62699999999,85.5,1.9));
#16054 = VECTOR('',#16055,1.);
#16055 = DIRECTION('',(1.,0.,0.));
#16056 = ORIENTED_EDGE('',*,*,#14935,.T.);
#16057 = PLANE('',#16058);
#16058 = AXIS2_PLACEMENT_3D('',#16059,#16060,#16061);
#16059 = CARTESIAN_POINT('',(108.53520385298,85.5,2.914948260559));
#16060 = DIRECTION('',(0.,1.,0.));
#16061 = DIRECTION('',(0.,0.,1.));
#16062 = ADVANCED_FACE('',(#16063),#16081,.F.);
#16063 = FACE_BOUND('',#16064,.F.);
#16064 = EDGE_LOOP('',(#16065,#16066,#16067,#16075));
#16065 = ORIENTED_EDGE('',*,*,#14780,.T.);
#16066 = ORIENTED_EDGE('',*,*,#16027,.T.);
#16067 = ORIENTED_EDGE('',*,*,#16068,.F.);
#16068 = EDGE_CURVE('',#16069,#16028,#16071,.T.);
#16069 = VERTEX_POINT('',#16070);
#16070 = CARTESIAN_POINT('',(107.62699999999,64.5,2.8));
#16071 = LINE('',#16072,#16073);
#16072 = CARTESIAN_POINT('',(107.62699999999,64.5,2.8));
#16073 = VECTOR('',#16074,1.);
#16074 = DIRECTION('',(0.,1.,-2.2E-16));
#16075 = ORIENTED_EDGE('',*,*,#16076,.F.);
#16076 = EDGE_CURVE('',#14773,#16069,#16077,.T.);
#16077 = LINE('',#16078,#16079);
#16078 = CARTESIAN_POINT('',(107.62699999999,64.5,3.7));
#16079 = VECTOR('',#16080,1.);
#16080 = DIRECTION('',(0.,0.,-1.));
#16081 = PLANE('',#16082);
#16082 = AXIS2_PLACEMENT_3D('',#16083,#16084,#16085);
#16083 = CARTESIAN_POINT('',(107.62699999999,64.5,3.7));
#16084 = DIRECTION('',(-1.,0.,0.));
#16085 = DIRECTION('',(-0.,-2.2E-16,-1.));
#16086 = ADVANCED_FACE('',(#16087),#16114,.T.);
#16087 = FACE_BOUND('',#16088,.F.);
#16088 = EDGE_LOOP('',(#16089,#16090,#16091,#16099,#16107,#16113));
#16089 = ORIENTED_EDGE('',*,*,#14772,.T.);
#16090 = ORIENTED_EDGE('',*,*,#16076,.T.);
#16091 = ORIENTED_EDGE('',*,*,#16092,.T.);
#16092 = EDGE_CURVE('',#16069,#16093,#16095,.T.);
#16093 = VERTEX_POINT('',#16094);
#16094 = CARTESIAN_POINT('',(107.17700014705,64.5,2.349999705885));
#16095 = LINE('',#16096,#16097);
#16096 = CARTESIAN_POINT('',(107.62699999999,64.5,2.8));
#16097 = VECTOR('',#16098,1.);
#16098 = DIRECTION('',(-0.707106434567,-0.,-0.707107127806));
#16099 = ORIENTED_EDGE('',*,*,#16100,.T.);
#16100 = EDGE_CURVE('',#16093,#16101,#16103,.T.);
#16101 = VERTEX_POINT('',#16102);
#16102 = CARTESIAN_POINT('',(107.62699999999,64.5,1.9));
#16103 = LINE('',#16104,#16105);
#16104 = CARTESIAN_POINT('',(107.17700014705,64.5,2.349999705885));
#16105 = VECTOR('',#16106,1.);
#16106 = DIRECTION('',(0.707106896725,0.,-0.707106665648));
#16107 = ORIENTED_EDGE('',*,*,#16108,.T.);
#16108 = EDGE_CURVE('',#16101,#14926,#16109,.T.);
#16109 = LINE('',#16110,#16111);
#16110 = CARTESIAN_POINT('',(107.62699999999,64.5,1.9));
#16111 = VECTOR('',#16112,1.);
#16112 = DIRECTION('',(1.,0.,0.));
#16113 = ORIENTED_EDGE('',*,*,#14942,.T.);
#16114 = PLANE('',#16115);
#16115 = AXIS2_PLACEMENT_3D('',#16116,#16117,#16118);
#16116 = CARTESIAN_POINT('',(108.53520385298,64.5,2.914948260559));
#16117 = DIRECTION('',(0.,1.,0.));
#16118 = DIRECTION('',(0.,0.,1.));
#16119 = ADVANCED_FACE('',(#16120),#16154,.T.);
#16120 = FACE_BOUND('',#16121,.T.);
#16121 = EDGE_LOOP('',(#16122,#16123,#16131,#16139,#16147,#16153));
#16122 = ORIENTED_EDGE('',*,*,#14765,.T.);
#16123 = ORIENTED_EDGE('',*,*,#16124,.T.);
#16124 = EDGE_CURVE('',#14758,#16125,#16127,.T.);
#16125 = VERTEX_POINT('',#16126);
#16126 = CARTESIAN_POINT('',(107.62699999999,41.5,2.8));
#16127 = LINE('',#16128,#16129);
#16128 = CARTESIAN_POINT('',(107.62699999999,41.5,3.7));
#16129 = VECTOR('',#16130,1.);
#16130 = DIRECTION('',(-0.,0.,-1.));
#16131 = ORIENTED_EDGE('',*,*,#16132,.T.);
#16132 = EDGE_CURVE('',#16125,#16133,#16135,.T.);
#16133 = VERTEX_POINT('',#16134);
#16134 = CARTESIAN_POINT('',(107.17700014705,41.5,2.349999705885));
#16135 = LINE('',#16136,#16137);
#16136 = CARTESIAN_POINT('',(107.62699999999,41.5,2.8));
#16137 = VECTOR('',#16138,1.);
#16138 = DIRECTION('',(-0.707106434567,0.,-0.707107127806));
#16139 = ORIENTED_EDGE('',*,*,#16140,.T.);
#16140 = EDGE_CURVE('',#16133,#16141,#16143,.T.);
#16141 = VERTEX_POINT('',#16142);
#16142 = CARTESIAN_POINT('',(107.62699999999,41.5,1.9));
#16143 = LINE('',#16144,#16145);
#16144 = CARTESIAN_POINT('',(107.17700014705,41.5,2.349999705885));
#16145 = VECTOR('',#16146,1.);
#16146 = DIRECTION('',(0.707106896725,0.,-0.707106665648));
#16147 = ORIENTED_EDGE('',*,*,#16148,.T.);
#16148 = EDGE_CURVE('',#16141,#14897,#16149,.T.);
#16149 = LINE('',#16150,#16151);
#16150 = CARTESIAN_POINT('',(107.62699999999,41.5,1.9));
#16151 = VECTOR('',#16152,1.);
#16152 = DIRECTION('',(1.,0.,0.));
#16153 = ORIENTED_EDGE('',*,*,#14904,.T.);
#16154 = PLANE('',#16155);
#16155 = AXIS2_PLACEMENT_3D('',#16156,#16157,#16158);
#16156 = CARTESIAN_POINT('',(108.53520385298,41.5,2.914948260559));
#16157 = DIRECTION('',(0.,-1.,4.4E-16));
#16158 = DIRECTION('',(-0.,-4.4E-16,-1.));
#16159 = ADVANCED_FACE('',(#16160),#16178,.T.);
#16160 = FACE_BOUND('',#16161,.F.);
#16161 = EDGE_LOOP('',(#16162,#16163,#16164,#16172));
#16162 = ORIENTED_EDGE('',*,*,#14757,.T.);
#16163 = ORIENTED_EDGE('',*,*,#16124,.T.);
#16164 = ORIENTED_EDGE('',*,*,#16165,.F.);
#16165 = EDGE_CURVE('',#16166,#16125,#16168,.T.);
#16166 = VERTEX_POINT('',#16167);
#16167 = CARTESIAN_POINT('',(107.62699999999,20.5,2.8));
#16168 = LINE('',#16169,#16170);
#16169 = CARTESIAN_POINT('',(107.62699999999,20.5,2.8));
#16170 = VECTOR('',#16171,1.);
#16171 = DIRECTION('',(0.,1.,-4.4E-16));
#16172 = ORIENTED_EDGE('',*,*,#16173,.F.);
#16173 = EDGE_CURVE('',#14750,#16166,#16174,.T.);
#16174 = LINE('',#16175,#16176);
#16175 = CARTESIAN_POINT('',(107.62699999999,20.5,3.7));
#16176 = VECTOR('',#16177,1.);
#16177 = DIRECTION('',(-0.,0.,-1.));
#16178 = PLANE('',#16179);
#16179 = AXIS2_PLACEMENT_3D('',#16180,#16181,#16182);
#16180 = CARTESIAN_POINT('',(107.62699999999,20.5,3.7));
#16181 = DIRECTION('',(1.,0.,0.));
#16182 = DIRECTION('',(0.,2.2E-16,1.));
#16183 = ADVANCED_FACE('',(#16184),#16211,.F.);
#16184 = FACE_BOUND('',#16185,.F.);
#16185 = EDGE_LOOP('',(#16186,#16187,#16188,#16196,#16204,#16210));
#16186 = ORIENTED_EDGE('',*,*,#14749,.T.);
#16187 = ORIENTED_EDGE('',*,*,#16173,.T.);
#16188 = ORIENTED_EDGE('',*,*,#16189,.T.);
#16189 = EDGE_CURVE('',#16166,#16190,#16192,.T.);
#16190 = VERTEX_POINT('',#16191);
#16191 = CARTESIAN_POINT('',(107.17700014705,20.5,2.349999705885));
#16192 = LINE('',#16193,#16194);
#16193 = CARTESIAN_POINT('',(107.62699999999,20.5,2.8));
#16194 = VECTOR('',#16195,1.);
#16195 = DIRECTION('',(-0.707106434567,0.,-0.707107127806));
#16196 = ORIENTED_EDGE('',*,*,#16197,.T.);
#16197 = EDGE_CURVE('',#16190,#16198,#16200,.T.);
#16198 = VERTEX_POINT('',#16199);
#16199 = CARTESIAN_POINT('',(107.62699999999,20.5,1.9));
#16200 = LINE('',#16201,#16202);
#16201 = CARTESIAN_POINT('',(107.17700014705,20.5,2.349999705885));
#16202 = VECTOR('',#16203,1.);
#16203 = DIRECTION('',(0.707106896725,0.,-0.707106665648));
#16204 = ORIENTED_EDGE('',*,*,#16205,.T.);
#16205 = EDGE_CURVE('',#16198,#14895,#16206,.T.);
#16206 = LINE('',#16207,#16208);
#16207 = CARTESIAN_POINT('',(107.62699999999,20.5,1.9));
#16208 = VECTOR('',#16209,1.);
#16209 = DIRECTION('',(1.,0.,0.));
#16210 = ORIENTED_EDGE('',*,*,#14911,.T.);
#16211 = PLANE('',#16212);
#16212 = AXIS2_PLACEMENT_3D('',#16213,#16214,#16215);
#16213 = CARTESIAN_POINT('',(108.53520385298,20.5,2.914948260559));
#16214 = DIRECTION('',(0.,-1.,4.4E-16));
#16215 = DIRECTION('',(-0.,-4.4E-16,-1.));
#16216 = ADVANCED_FACE('',(#16217),#16251,.F.);
#16217 = FACE_BOUND('',#16218,.T.);
#16218 = EDGE_LOOP('',(#16219,#16220,#16228,#16236,#16244,#16250));
#16219 = ORIENTED_EDGE('',*,*,#14740,.T.);
#16220 = ORIENTED_EDGE('',*,*,#16221,.T.);
#16221 = EDGE_CURVE('',#14733,#16222,#16224,.T.);
#16222 = VERTEX_POINT('',#16223);
#16223 = CARTESIAN_POINT('',(94.027,3.9,2.8));
#16224 = LINE('',#16225,#16226);
#16225 = CARTESIAN_POINT('',(94.027,3.9,3.7));
#16226 = VECTOR('',#16227,1.);
#16227 = DIRECTION('',(0.,0.,-1.));
#16228 = ORIENTED_EDGE('',*,*,#16229,.T.);
#16229 = EDGE_CURVE('',#16222,#16230,#16232,.T.);
#16230 = VERTEX_POINT('',#16231);
#16231 = CARTESIAN_POINT('',(94.027,4.34999999117,2.350000155882));
#16232 = LINE('',#16233,#16234);
#16233 = CARTESIAN_POINT('',(94.027,3.9,2.8));
#16234 = VECTOR('',#16235,1.);
#16235 = DIRECTION('',(0.,0.707106896721,-0.707106665652));
#16236 = ORIENTED_EDGE('',*,*,#16237,.T.);
#16237 = EDGE_CURVE('',#16230,#16238,#16240,.T.);
#16238 = VERTEX_POINT('',#16239);
#16239 = CARTESIAN_POINT('',(94.027,3.9,1.9));
#16240 = LINE('',#16241,#16242);
#16241 = CARTESIAN_POINT('',(94.027,4.34999999117,2.350000155882));
#16242 = VECTOR('',#16243,1.);
#16243 = DIRECTION('',(0.,-0.707106651777,-0.707106910596));
#16244 = ORIENTED_EDGE('',*,*,#16245,.T.);
#16245 = EDGE_CURVE('',#16238,#14864,#16246,.T.);
#16246 = LINE('',#16247,#16248);
#16247 = CARTESIAN_POINT('',(94.027,3.9,1.9));
#16248 = VECTOR('',#16249,1.);
#16249 = DIRECTION('',(0.,-1.,0.));
#16250 = ORIENTED_EDGE('',*,*,#14880,.T.);
#16251 = PLANE('',#16252);
#16252 = AXIS2_PLACEMENT_3D('',#16253,#16254,#16255);
#16253 = CARTESIAN_POINT('',(94.027,2.991796186015,2.914948264686));
#16254 = DIRECTION('',(1.,0.,0.));
#16255 = DIRECTION('',(0.,0.,1.));
#16256 = ADVANCED_FACE('',(#16257),#16275,.T.);
#16257 = FACE_BOUND('',#16258,.T.);
#16258 = EDGE_LOOP('',(#16259,#16260,#16268,#16274));
#16259 = ORIENTED_EDGE('',*,*,#14732,.T.);
#16260 = ORIENTED_EDGE('',*,*,#16261,.T.);
#16261 = EDGE_CURVE('',#14725,#16262,#16264,.T.);
#16262 = VERTEX_POINT('',#16263);
#16263 = CARTESIAN_POINT('',(78.027,3.9,2.8));
#16264 = LINE('',#16265,#16266);
#16265 = CARTESIAN_POINT('',(78.027,3.9,3.7));
#16266 = VECTOR('',#16267,1.);
#16267 = DIRECTION('',(0.,0.,-1.));
#16268 = ORIENTED_EDGE('',*,*,#16269,.F.);
#16269 = EDGE_CURVE('',#16222,#16262,#16270,.T.);
#16270 = LINE('',#16271,#16272);
#16271 = CARTESIAN_POINT('',(94.027,3.9,2.8));
#16272 = VECTOR('',#16273,1.);
#16273 = DIRECTION('',(-1.,-0.,-0.));
#16274 = ORIENTED_EDGE('',*,*,#16221,.F.);
#16275 = PLANE('',#16276);
#16276 = AXIS2_PLACEMENT_3D('',#16277,#16278,#16279);
#16277 = CARTESIAN_POINT('',(94.027,3.9,3.7));
#16278 = DIRECTION('',(0.,-1.,0.));
#16279 = DIRECTION('',(0.,0.,-1.));
#16280 = ADVANCED_FACE('',(#16281),#16308,.T.);
#16281 = FACE_BOUND('',#16282,.F.);
#16282 = EDGE_LOOP('',(#16283,#16284,#16285,#16293,#16301,#16307));
#16283 = ORIENTED_EDGE('',*,*,#14724,.T.);
#16284 = ORIENTED_EDGE('',*,*,#16261,.T.);
#16285 = ORIENTED_EDGE('',*,*,#16286,.T.);
#16286 = EDGE_CURVE('',#16262,#16287,#16289,.T.);
#16287 = VERTEX_POINT('',#16288);
#16288 = CARTESIAN_POINT('',(78.027,4.34999999117,2.350000155882));
#16289 = LINE('',#16290,#16291);
#16290 = CARTESIAN_POINT('',(78.027,3.9,2.8));
#16291 = VECTOR('',#16292,1.);
#16292 = DIRECTION('',(0.,0.707106896721,-0.707106665652));
#16293 = ORIENTED_EDGE('',*,*,#16294,.T.);
#16294 = EDGE_CURVE('',#16287,#16295,#16297,.T.);
#16295 = VERTEX_POINT('',#16296);
#16296 = CARTESIAN_POINT('',(78.027,3.9,1.9));
#16297 = LINE('',#16298,#16299);
#16298 = CARTESIAN_POINT('',(78.027,4.34999999117,2.350000155882));
#16299 = VECTOR('',#16300,1.);
#16300 = DIRECTION('',(0.,-0.707106651777,-0.707106910596));
#16301 = ORIENTED_EDGE('',*,*,#16302,.T.);
#16302 = EDGE_CURVE('',#16295,#14866,#16303,.T.);
#16303 = LINE('',#16304,#16305);
#16304 = CARTESIAN_POINT('',(78.027,3.9,1.9));
#16305 = VECTOR('',#16306,1.);
#16306 = DIRECTION('',(0.,-1.,0.));
#16307 = ORIENTED_EDGE('',*,*,#14873,.T.);
#16308 = PLANE('',#16309);
#16309 = AXIS2_PLACEMENT_3D('',#16310,#16311,#16312);
#16310 = CARTESIAN_POINT('',(78.027,2.991796186015,2.914948264686));
#16311 = DIRECTION('',(1.,0.,0.));
#16312 = DIRECTION('',(0.,0.,1.));
#16313 = ADVANCED_FACE('',(#16314),#16325,.T.);
#16314 = FACE_BOUND('',#16315,.T.);
#16315 = EDGE_LOOP('',(#16316,#16322,#16323,#16324));
#16316 = ORIENTED_EDGE('',*,*,#16317,.T.);
#16317 = EDGE_CURVE('',#16238,#16295,#16318,.T.);
#16318 = LINE('',#16319,#16320);
#16319 = CARTESIAN_POINT('',(94.027,3.9,1.9));
#16320 = VECTOR('',#16321,1.);
#16321 = DIRECTION('',(-1.,-0.,-0.));
#16322 = ORIENTED_EDGE('',*,*,#16302,.T.);
#16323 = ORIENTED_EDGE('',*,*,#14863,.F.);
#16324 = ORIENTED_EDGE('',*,*,#16245,.F.);
#16325 = PLANE('',#16326);
#16326 = AXIS2_PLACEMENT_3D('',#16327,#16328,#16329);
#16327 = CARTESIAN_POINT('',(94.027,3.9,1.9));
#16328 = DIRECTION('',(0.,0.,1.));
#16329 = DIRECTION('',(0.,-1.,0.));
#16330 = ADVANCED_FACE('',(#16331),#16342,.T.);
#16331 = FACE_BOUND('',#16332,.F.);
#16332 = EDGE_LOOP('',(#16333,#16339,#16340,#16341));
#16333 = ORIENTED_EDGE('',*,*,#16334,.T.);
#16334 = EDGE_CURVE('',#16198,#16141,#16335,.T.);
#16335 = LINE('',#16336,#16337);
#16336 = CARTESIAN_POINT('',(107.62699999999,20.5,1.9));
#16337 = VECTOR('',#16338,1.);
#16338 = DIRECTION('',(0.,1.,-4.4E-16));
#16339 = ORIENTED_EDGE('',*,*,#16148,.T.);
#16340 = ORIENTED_EDGE('',*,*,#14894,.F.);
#16341 = ORIENTED_EDGE('',*,*,#16205,.F.);
#16342 = PLANE('',#16343);
#16343 = AXIS2_PLACEMENT_3D('',#16344,#16345,#16346);
#16344 = CARTESIAN_POINT('',(107.62699999999,20.5,1.9));
#16345 = DIRECTION('',(0.,4.4E-16,1.));
#16346 = DIRECTION('',(-1.,0.,0.));
#16347 = ADVANCED_FACE('',(#16348),#16359,.F.);
#16348 = FACE_BOUND('',#16349,.F.);
#16349 = EDGE_LOOP('',(#16350,#16356,#16357,#16358));
#16350 = ORIENTED_EDGE('',*,*,#16351,.T.);
#16351 = EDGE_CURVE('',#16101,#16044,#16352,.T.);
#16352 = LINE('',#16353,#16354);
#16353 = CARTESIAN_POINT('',(107.62699999999,64.5,1.9));
#16354 = VECTOR('',#16355,1.);
#16355 = DIRECTION('',(0.,1.,-2.2E-16));
#16356 = ORIENTED_EDGE('',*,*,#16051,.T.);
#16357 = ORIENTED_EDGE('',*,*,#14925,.F.);
#16358 = ORIENTED_EDGE('',*,*,#16108,.F.);
#16359 = PLANE('',#16360);
#16360 = AXIS2_PLACEMENT_3D('',#16361,#16362,#16363);
#16361 = CARTESIAN_POINT('',(107.62699999999,64.5,1.9));
#16362 = DIRECTION('',(0.,-2.2E-16,-1.));
#16363 = DIRECTION('',(1.,0.,0.));
#16364 = ADVANCED_FACE('',(#16365),#16376,.T.);
#16365 = FACE_BOUND('',#16366,.T.);
#16366 = EDGE_LOOP('',(#16367,#16373,#16374,#16375));
#16367 = ORIENTED_EDGE('',*,*,#16368,.T.);
#16368 = EDGE_CURVE('',#15947,#16004,#16369,.T.);
#16369 = LINE('',#16370,#16371);
#16370 = CARTESIAN_POINT('',(107.62699999999,129.5,1.9));
#16371 = VECTOR('',#16372,1.);
#16372 = DIRECTION('',(-0.,-1.,-0.));
#16373 = ORIENTED_EDGE('',*,*,#16011,.T.);
#16374 = ORIENTED_EDGE('',*,*,#14956,.F.);
#16375 = ORIENTED_EDGE('',*,*,#15954,.F.);
#16376 = PLANE('',#16377);
#16377 = AXIS2_PLACEMENT_3D('',#16378,#16379,#16380);
#16378 = CARTESIAN_POINT('',(107.62699999999,129.5,1.9));
#16379 = DIRECTION('',(0.,0.,1.));
#16380 = DIRECTION('',(1.,0.,0.));
#16381 = ADVANCED_FACE('',(#16382),#16393,.F.);
#16382 = FACE_BOUND('',#16383,.T.);
#16383 = EDGE_LOOP('',(#16384,#16385,#16386,#16392));
#16384 = ORIENTED_EDGE('',*,*,#15036,.T.);
#16385 = ORIENTED_EDGE('',*,*,#15053,.T.);
#16386 = ORIENTED_EDGE('',*,*,#16387,.F.);
#16387 = EDGE_CURVE('',#14997,#15054,#16388,.T.);
#16388 = LINE('',#16389,#16390);
#16389 = CARTESIAN_POINT('',(24.027,145.65000000883,2.350000155882));
#16390 = VECTOR('',#16391,1.);
#16391 = DIRECTION('',(1.,0.,0.));
#16392 = ORIENTED_EDGE('',*,*,#14996,.F.);
#16393 = PLANE('',#16394);
#16394 = AXIS2_PLACEMENT_3D('',#16395,#16396,#16397);
#16395 = CARTESIAN_POINT('',(24.027,146.1,2.8));
#16396 = DIRECTION('',(0.,-0.707106665652,0.707106896721));
#16397 = DIRECTION('',(0.,0.707106896721,0.707106665652));
#16398 = ADVANCED_FACE('',(#16399),#16405,.F.);
#16399 = FACE_BOUND('',#16400,.T.);
#16400 = EDGE_LOOP('',(#16401,#16402,#16403,#16404));
#16401 = ORIENTED_EDGE('',*,*,#16387,.T.);
#16402 = ORIENTED_EDGE('',*,*,#15061,.T.);
#16403 = ORIENTED_EDGE('',*,*,#15312,.F.);
#16404 = ORIENTED_EDGE('',*,*,#15004,.F.);
#16405 = PLANE('',#16406);
#16406 = AXIS2_PLACEMENT_3D('',#16407,#16408,#16409);
#16407 = CARTESIAN_POINT('',(24.027,145.65000000883,2.350000155882));
#16408 = DIRECTION('',(-0.,-0.707106910596,-0.707106651777));
#16409 = DIRECTION('',(0.,-0.707106651777,0.707106910596));
#16410 = ADVANCED_FACE('',(#16411),#16422,.T.);
#16411 = FACE_BOUND('',#16412,.F.);
#16412 = EDGE_LOOP('',(#16413,#16414,#16415,#16421));
#16413 = ORIENTED_EDGE('',*,*,#15126,.T.);
#16414 = ORIENTED_EDGE('',*,*,#15093,.T.);
#16415 = ORIENTED_EDGE('',*,*,#16416,.F.);
#16416 = EDGE_CURVE('',#15151,#15094,#16417,.T.);
#16417 = LINE('',#16418,#16419);
#16418 = CARTESIAN_POINT('',(67.027,145.65000000883,2.350000155882));
#16419 = VECTOR('',#16420,1.);
#16420 = DIRECTION('',(-1.,-0.,-0.));
#16421 = ORIENTED_EDGE('',*,*,#15150,.F.);
#16422 = PLANE('',#16423);
#16423 = AXIS2_PLACEMENT_3D('',#16424,#16425,#16426);
#16424 = CARTESIAN_POINT('',(67.027,146.1,2.8));
#16425 = DIRECTION('',(0.,0.707106665652,-0.707106896721));
#16426 = DIRECTION('',(0.,0.707106896721,0.707106665652));
#16427 = ADVANCED_FACE('',(#16428),#16434,.T.);
#16428 = FACE_BOUND('',#16429,.F.);
#16429 = EDGE_LOOP('',(#16430,#16431,#16432,#16433));
#16430 = ORIENTED_EDGE('',*,*,#16416,.T.);
#16431 = ORIENTED_EDGE('',*,*,#15101,.T.);
#16432 = ORIENTED_EDGE('',*,*,#15295,.F.);
#16433 = ORIENTED_EDGE('',*,*,#15158,.F.);
#16434 = PLANE('',#16435);
#16435 = AXIS2_PLACEMENT_3D('',#16436,#16437,#16438);
#16436 = CARTESIAN_POINT('',(67.027,145.65000000883,2.350000155882));
#16437 = DIRECTION('',(0.,0.707106910596,0.707106651777));
#16438 = DIRECTION('',(0.,-0.707106651777,0.707106910596));
#16439 = ADVANCED_FACE('',(#16440),#16451,.T.);
#16440 = FACE_BOUND('',#16441,.F.);
#16441 = EDGE_LOOP('',(#16442,#16443,#16444,#16450));
#16442 = ORIENTED_EDGE('',*,*,#15223,.T.);
#16443 = ORIENTED_EDGE('',*,*,#15190,.T.);
#16444 = ORIENTED_EDGE('',*,*,#16445,.F.);
#16445 = EDGE_CURVE('',#15248,#15191,#16446,.T.);
#16446 = LINE('',#16447,#16448);
#16447 = CARTESIAN_POINT('',(94.027,145.65000000883,2.350000155882));
#16448 = VECTOR('',#16449,1.);
#16449 = DIRECTION('',(-1.,-0.,-0.));
#16450 = ORIENTED_EDGE('',*,*,#15247,.F.);
#16451 = PLANE('',#16452);
#16452 = AXIS2_PLACEMENT_3D('',#16453,#16454,#16455);
#16453 = CARTESIAN_POINT('',(94.027,146.1,2.8));
#16454 = DIRECTION('',(0.,0.707106665652,-0.707106896721));
#16455 = DIRECTION('',(0.,0.707106896721,0.707106665652));
#16456 = ADVANCED_FACE('',(#16457),#16463,.T.);
#16457 = FACE_BOUND('',#16458,.F.);
#16458 = EDGE_LOOP('',(#16459,#16460,#16461,#16462));
#16459 = ORIENTED_EDGE('',*,*,#16445,.T.);
#16460 = ORIENTED_EDGE('',*,*,#15198,.T.);
#16461 = ORIENTED_EDGE('',*,*,#15278,.F.);
#16462 = ORIENTED_EDGE('',*,*,#15255,.F.);
#16463 = PLANE('',#16464);
#16464 = AXIS2_PLACEMENT_3D('',#16465,#16466,#16467);
#16465 = CARTESIAN_POINT('',(94.027,145.65000000883,2.350000155882));
#16466 = DIRECTION('',(0.,0.707106910596,0.707106651777));
#16467 = DIRECTION('',(0.,-0.707106651777,0.707106910596));
#16468 = ADVANCED_FACE('',(#16469),#16480,.T.);
#16469 = FACE_BOUND('',#16470,.T.);
#16470 = EDGE_LOOP('',(#16471,#16472,#16473,#16479));
#16471 = ORIENTED_EDGE('',*,*,#15978,.T.);
#16472 = ORIENTED_EDGE('',*,*,#15995,.T.);
#16473 = ORIENTED_EDGE('',*,*,#16474,.F.);
#16474 = EDGE_CURVE('',#15939,#15996,#16475,.T.);
#16475 = LINE('',#16476,#16477);
#16476 = CARTESIAN_POINT('',(107.17700014705,129.5,2.349999705885));
#16477 = VECTOR('',#16478,1.);
#16478 = DIRECTION('',(-0.,-1.,-0.));
#16479 = ORIENTED_EDGE('',*,*,#15938,.F.);
#16480 = PLANE('',#16481);
#16481 = AXIS2_PLACEMENT_3D('',#16482,#16483,#16484);
#16482 = CARTESIAN_POINT('',(107.62699999999,129.5,2.8));
#16483 = DIRECTION('',(0.707107127806,0.,-0.707106434567));
#16484 = DIRECTION('',(-0.707106434567,-1.6E-16,-0.707107127806));
#16485 = ADVANCED_FACE('',(#16486),#16492,.T.);
#16486 = FACE_BOUND('',#16487,.T.);
#16487 = EDGE_LOOP('',(#16488,#16489,#16490,#16491));
#16488 = ORIENTED_EDGE('',*,*,#16474,.T.);
#16489 = ORIENTED_EDGE('',*,*,#16003,.T.);
#16490 = ORIENTED_EDGE('',*,*,#16368,.F.);
#16491 = ORIENTED_EDGE('',*,*,#15946,.F.);
#16492 = PLANE('',#16493);
#16493 = AXIS2_PLACEMENT_3D('',#16494,#16495,#16496);
#16494 = CARTESIAN_POINT('',(107.17700014705,129.5,2.349999705885));
#16495 = DIRECTION('',(0.707106665648,0.,0.707106896725));
#16496 = DIRECTION('',(0.707106896725,-1.6E-16,-0.707106665648));
#16497 = ADVANCED_FACE('',(#16498),#16509,.F.);
#16498 = FACE_BOUND('',#16499,.F.);
#16499 = EDGE_LOOP('',(#16500,#16501,#16502,#16508));
#16500 = ORIENTED_EDGE('',*,*,#16068,.T.);
#16501 = ORIENTED_EDGE('',*,*,#16035,.T.);
#16502 = ORIENTED_EDGE('',*,*,#16503,.F.);
#16503 = EDGE_CURVE('',#16093,#16036,#16504,.T.);
#16504 = LINE('',#16505,#16506);
#16505 = CARTESIAN_POINT('',(107.17700014705,64.5,2.349999705885));
#16506 = VECTOR('',#16507,1.);
#16507 = DIRECTION('',(0.,1.,-2.2E-16));
#16508 = ORIENTED_EDGE('',*,*,#16092,.F.);
#16509 = PLANE('',#16510);
#16510 = AXIS2_PLACEMENT_3D('',#16511,#16512,#16513);
#16511 = CARTESIAN_POINT('',(107.62699999999,64.5,2.8));
#16512 = DIRECTION('',(-0.707107127806,1.6E-16,0.707106434567));
#16513 = DIRECTION('',(-0.707106434567,-1.6E-16,-0.707107127806));
#16514 = ADVANCED_FACE('',(#16515),#16521,.F.);
#16515 = FACE_BOUND('',#16516,.F.);
#16516 = EDGE_LOOP('',(#16517,#16518,#16519,#16520));
#16517 = ORIENTED_EDGE('',*,*,#16503,.T.);
#16518 = ORIENTED_EDGE('',*,*,#16043,.T.);
#16519 = ORIENTED_EDGE('',*,*,#16351,.F.);
#16520 = ORIENTED_EDGE('',*,*,#16100,.F.);
#16521 = PLANE('',#16522);
#16522 = AXIS2_PLACEMENT_3D('',#16523,#16524,#16525);
#16523 = CARTESIAN_POINT('',(107.17700014705,64.5,2.349999705885));
#16524 = DIRECTION('',(-0.707106665648,-1.6E-16,-0.707106896725));
#16525 = DIRECTION('',(0.707106896725,-1.6E-16,-0.707106665648));
#16526 = ADVANCED_FACE('',(#16527),#16538,.T.);
#16527 = FACE_BOUND('',#16528,.F.);
#16528 = EDGE_LOOP('',(#16529,#16530,#16531,#16537));
#16529 = ORIENTED_EDGE('',*,*,#16165,.T.);
#16530 = ORIENTED_EDGE('',*,*,#16132,.T.);
#16531 = ORIENTED_EDGE('',*,*,#16532,.F.);
#16532 = EDGE_CURVE('',#16190,#16133,#16533,.T.);
#16533 = LINE('',#16534,#16535);
#16534 = CARTESIAN_POINT('',(107.17700014705,20.5,2.349999705885));
#16535 = VECTOR('',#16536,1.);
#16536 = DIRECTION('',(0.,1.,-4.4E-16));
#16537 = ORIENTED_EDGE('',*,*,#16189,.F.);
#16538 = PLANE('',#16539);
#16539 = AXIS2_PLACEMENT_3D('',#16540,#16541,#16542);
#16540 = CARTESIAN_POINT('',(107.62699999999,20.5,2.8));
#16541 = DIRECTION('',(0.707107127806,-3.1E-16,-0.707106434567));
#16542 = DIRECTION('',(0.707106434567,1.6E-16,0.707107127806));
#16543 = ADVANCED_FACE('',(#16544),#16550,.T.);
#16544 = FACE_BOUND('',#16545,.F.);
#16545 = EDGE_LOOP('',(#16546,#16547,#16548,#16549));
#16546 = ORIENTED_EDGE('',*,*,#16532,.T.);
#16547 = ORIENTED_EDGE('',*,*,#16140,.T.);
#16548 = ORIENTED_EDGE('',*,*,#16334,.F.);
#16549 = ORIENTED_EDGE('',*,*,#16197,.F.);
#16550 = PLANE('',#16551);
#16551 = AXIS2_PLACEMENT_3D('',#16552,#16553,#16554);
#16552 = CARTESIAN_POINT('',(107.17700014705,20.5,2.349999705885));
#16553 = DIRECTION('',(0.707106665648,3.1E-16,0.707106896725));
#16554 = DIRECTION('',(-0.707106896725,1.6E-16,0.707106665648));
#16555 = ADVANCED_FACE('',(#16556),#16567,.T.);
#16556 = FACE_BOUND('',#16557,.T.);
#16557 = EDGE_LOOP('',(#16558,#16559,#16560,#16566));
#16558 = ORIENTED_EDGE('',*,*,#16269,.T.);
#16559 = ORIENTED_EDGE('',*,*,#16286,.T.);
#16560 = ORIENTED_EDGE('',*,*,#16561,.F.);
#16561 = EDGE_CURVE('',#16230,#16287,#16562,.T.);
#16562 = LINE('',#16563,#16564);
#16563 = CARTESIAN_POINT('',(94.027,4.34999999117,2.350000155882));
#16564 = VECTOR('',#16565,1.);
#16565 = DIRECTION('',(-1.,-0.,-0.));
#16566 = ORIENTED_EDGE('',*,*,#16229,.F.);
#16567 = PLANE('',#16568);
#16568 = AXIS2_PLACEMENT_3D('',#16569,#16570,#16571);
#16569 = CARTESIAN_POINT('',(94.027,3.9,2.8));
#16570 = DIRECTION('',(0.,-0.707106665652,-0.707106896721));
#16571 = DIRECTION('',(0.,0.707106896721,-0.707106665652));
#16572 = ADVANCED_FACE('',(#16573),#16579,.T.);
#16573 = FACE_BOUND('',#16574,.T.);
#16574 = EDGE_LOOP('',(#16575,#16576,#16577,#16578));
#16575 = ORIENTED_EDGE('',*,*,#16561,.T.);
#16576 = ORIENTED_EDGE('',*,*,#16294,.T.);
#16577 = ORIENTED_EDGE('',*,*,#16317,.F.);
#16578 = ORIENTED_EDGE('',*,*,#16237,.F.);
#16579 = PLANE('',#16580);
#16580 = AXIS2_PLACEMENT_3D('',#16581,#16582,#16583);
#16581 = CARTESIAN_POINT('',(94.027,4.34999999117,2.350000155882));
#16582 = DIRECTION('',(0.,-0.707106910596,0.707106651777));
#16583 = DIRECTION('',(0.,-0.707106651777,-0.707106910596));
#16584 = MANIFOLD_SOLID_BREP('',#16585);
#16585 = CLOSED_SHELL('',(#16586,#16617,#16639,#16654));
#16586 = ADVANCED_FACE('',(#16587),#16612,.T.);
#16587 = FACE_BOUND('',#16588,.T.);
#16588 = EDGE_LOOP('',(#16589,#16599,#16607));
#16589 = ORIENTED_EDGE('',*,*,#16590,.T.);
#16590 = EDGE_CURVE('',#16591,#16593,#16595,.T.);
#16591 = VERTEX_POINT('',#16592);
#16592 = CARTESIAN_POINT('',(102.137,19.,4.9));
#16593 = VERTEX_POINT('',#16594);
#16594 = CARTESIAN_POINT('',(102.72700032117,19.,4.9));
#16595 = LINE('',#16596,#16597);
#16596 = CARTESIAN_POINT('',(5.91,19.,4.9));
#16597 = VECTOR('',#16598,1.);
#16598 = DIRECTION('',(1.,0.,0.));
#16599 = ORIENTED_EDGE('',*,*,#16600,.T.);
#16600 = EDGE_CURVE('',#16593,#16601,#16603,.T.);
#16601 = VERTEX_POINT('',#16602);
#16602 = CARTESIAN_POINT('',(102.137,19.59000032117,4.9));
#16603 = LINE('',#16604,#16605);
#16604 = CARTESIAN_POINT('',(74.509837264743,47.217163056427,4.9));
#16605 = VECTOR('',#16606,1.);
#16606 = DIRECTION('',(-0.707106781187,0.707106781187,0.));
#16607 = ORIENTED_EDGE('',*,*,#16608,.T.);
#16608 = EDGE_CURVE('',#16601,#16591,#16609,.T.);
#16609 = B_SPLINE_CURVE_WITH_KNOTS('',1,(#16610,#16611),.UNSPECIFIED.,
  .F.,.F.,(2,2),(0.,1.),.PIECEWISE_BEZIER_KNOTS.);
#16610 = CARTESIAN_POINT('',(102.137,19.601545357176,4.9));
#16611 = CARTESIAN_POINT('',(102.137,19.,4.9));
#16612 = PLANE('',#16613);
#16613 = AXIS2_PLACEMENT_3D('',#16614,#16615,#16616);
#16614 = CARTESIAN_POINT('',(54.980644589127,89.722295851324,4.9));
#16615 = DIRECTION('',(0.,0.,1.));
#16616 = DIRECTION('',(1.,0.,0.));
#16617 = ADVANCED_FACE('',(#16618),#16634,.T.);
#16618 = FACE_BOUND('',#16619,.T.);
#16619 = EDGE_LOOP('',(#16620,#16621,#16628));
#16620 = ORIENTED_EDGE('',*,*,#16590,.F.);
#16621 = ORIENTED_EDGE('',*,*,#16622,.F.);
#16622 = EDGE_CURVE('',#16623,#16591,#16625,.T.);
#16623 = VERTEX_POINT('',#16624);
#16624 = CARTESIAN_POINT('',(102.72700032117,19.,4.30999967883));
#16625 = B_SPLINE_CURVE_WITH_KNOTS('',1,(#16626,#16627),.UNSPECIFIED.,
  .F.,.F.,(2,2),(0.,1.),.PIECEWISE_BEZIER_KNOTS.);
#16626 = CARTESIAN_POINT('',(103.337,19.,3.7));
#16627 = CARTESIAN_POINT('',(102.137,19.,4.9));
#16628 = ORIENTED_EDGE('',*,*,#16629,.T.);
#16629 = EDGE_CURVE('',#16623,#16593,#16630,.T.);
#16630 = LINE('',#16631,#16632);
#16631 = CARTESIAN_POINT('',(102.72700032117,19.,4.605));
#16632 = VECTOR('',#16633,1.);
#16633 = DIRECTION('',(0.,0.,1.));
#16634 = PLANE('',#16635);
#16635 = AXIS2_PLACEMENT_3D('',#16636,#16637,#16638);
#16636 = CARTESIAN_POINT('',(74.3059975,19.,4.3));
#16637 = DIRECTION('',(-0.,-1.,-0.));
#16638 = DIRECTION('',(0.,0.,-1.));
#16639 = ADVANCED_FACE('',(#16640),#16649,.F.);
#16640 = FACE_BOUND('',#16641,.F.);
#16641 = EDGE_LOOP('',(#16642,#16647,#16648));
#16642 = ORIENTED_EDGE('',*,*,#16643,.T.);
#16643 = EDGE_CURVE('',#16623,#16601,#16644,.T.);
#16644 = B_SPLINE_CURVE_WITH_KNOTS('',1,(#16645,#16646),.UNSPECIFIED.,
  .F.,.F.,(2,2),(0.,1.),.PIECEWISE_BEZIER_KNOTS.);
#16645 = CARTESIAN_POINT('',(105.527,16.20000032117,1.51));
#16646 = CARTESIAN_POINT('',(102.127,19.60000032117,4.91));
#16647 = ORIENTED_EDGE('',*,*,#16608,.T.);
#16648 = ORIENTED_EDGE('',*,*,#16622,.F.);
#16649 = B_SPLINE_SURFACE_WITH_KNOTS('',1,1,(
    (#16650,#16651)
    ,(#16652,#16653
    )),.UNSPECIFIED.,.F.,.F.,.F.,(2,2),(2,2),(-3.2109997505E-07,
    128.00000032117),(0.,1.),.PIECEWISE_BEZIER_KNOTS.);
#16650 = CARTESIAN_POINT('',(105.527,11.,1.51));
#16651 = CARTESIAN_POINT('',(102.127,10.9999996789,4.91));
#16652 = CARTESIAN_POINT('',(105.527,139.,1.51));
#16653 = CARTESIAN_POINT('',(102.127,139.00000032117,4.91));
#16654 = ADVANCED_FACE('',(#16655),#16660,.F.);
#16655 = FACE_BOUND('',#16656,.T.);
#16656 = EDGE_LOOP('',(#16657,#16658,#16659));
#16657 = ORIENTED_EDGE('',*,*,#16643,.T.);
#16658 = ORIENTED_EDGE('',*,*,#16600,.F.);
#16659 = ORIENTED_EDGE('',*,*,#16629,.F.);
#16660 = PLANE('',#16661);
#16661 = AXIS2_PLACEMENT_3D('',#16662,#16663,#16664);
#16662 = CARTESIAN_POINT('',(105.52699999999,16.200000321171,4.91));
#16663 = DIRECTION('',(-0.707106781187,-0.707106781187,-0.));
#16664 = DIRECTION('',(0.707106781187,-0.707106781187,0.));
#16665 = ( GEOMETRIC_REPRESENTATION_CONTEXT(3) 
GLOBAL_UNCERTAINTY_ASSIGNED_CONTEXT((#16669)) 
GLOBAL_UNIT_ASSIGNED_CONTEXT((#16666,#16667,#16668)) 
REPRESENTATION_CONTEXT('Context #1',
  '3D Context with UNIT and UNCERTAINTY') );
#16666 = ( LENGTH_UNIT() NAMED_UNIT(*) SI_UNIT(.MILLI.,.METRE.) );
#16667 = ( NAMED_UNIT(*) PLANE_ANGLE_UNIT() SI_UNIT($,.RADIAN.) );
#16668 = ( NAMED_UNIT(*) SI_UNIT($,.STERADIAN.) SOLID_ANGLE_UNIT() );
#16669 = UNCERTAINTY_MEASURE_WITH_UNIT(LENGTH_MEASURE(5.E-04),#16666,
  'distance_accuracy_value','confusion accuracy');
#16670 = PRODUCT_RELATED_PRODUCT_CATEGORY('part',$,(#7));
#16671 = MECHANICAL_DESIGN_GEOMETRIC_PRESENTATION_REPRESENTATION('',(
    #16672,#16683),#16665);
#16672 = STYLED_ITEM('color',(#16673),#15);
#16673 = PRESENTATION_STYLE_ASSIGNMENT((#16674,#16680));
#16674 = SURFACE_STYLE_USAGE(.BOTH.,#16675);
#16675 = SURFACE_SIDE_STYLE('',(#16676));
#16676 = SURFACE_STYLE_FILL_AREA(#16677);
#16677 = FILL_AREA_STYLE('',(#16678));
#16678 = FILL_AREA_STYLE_COLOUR('',#16679);
#16679 = COLOUR_RGB('',0.447058818107,0.474509808674,0.501960817233);
#16680 = CURVE_STYLE('',#16681,POSITIVE_LENGTH_MEASURE(0.1),#16682);
#16681 = DRAUGHTING_PRE_DEFINED_CURVE_FONT('continuous');
#16682 = COLOUR_RGB('',9.803921802644E-02,9.803921802644E-02,
  9.803921802644E-02);
#16683 = STYLED_ITEM('color',(#16684),#16584);
#16684 = PRESENTATION_STYLE_ASSIGNMENT((#16685,#16690));
#16685 = SURFACE_STYLE_USAGE(.BOTH.,#16686);
#16686 = SURFACE_SIDE_STYLE('',(#16687));
#16687 = SURFACE_STYLE_FILL_AREA(#16688);
#16688 = FILL_AREA_STYLE('',(#16689));
#16689 = FILL_AREA_STYLE_COLOUR('',#16679);
#16690 = CURVE_STYLE('',#16691,POSITIVE_LENGTH_MEASURE(0.1),#16682);
#16691 = DRAUGHTING_PRE_DEFINED_CURVE_FONT('continuous');
ENDSEC;
END-ISO-10303-21;
