ISO-10303-21;
HEADER;
FILE_DESCRIPTION(('FreeCAD Model'),'2;1');
FILE_NAME('Open CASCADE Shape Model','2026-08-29T12:41:27',(''),(''),
  'Open CASCADE STEP processor 7.8','FreeCAD','Unknown');
FILE_SCHEMA(('AUTOMOTIVE_DESIGN { 1 0 10303 214 1 1 1 1 }'));
ENDSEC;
DATA;
#1 = APPLICATION_PROTOCOL_DEFINITION('international standard',
  'automotive_design',2000,#2);
#2 = APPLICATION_CONTEXT(
  'core data for automotive mechanical design processes');
#3 = SHAPE_DEFINITION_REPRESENTATION(#4,#10);
#4 = PRODUCT_DEFINITION_SHAPE('','',#5);
#5 = PRODUCT_DEFINITION('design','',#6,#9);
#6 = PRODUCT_DEFINITION_FORMATION('','',#7);
#7 = PRODUCT('_1_13','_1_13','',(#8));
#8 = PRODUCT_CONTEXT('',#2,'mechanical');
#9 = PRODUCT_DEFINITION_CONTEXT('part definition',#2,'design');
#10 = SHAPE_REPRESENTATION('',(#11,#15,#19),#23);
#11 = AXIS2_PLACEMENT_3D('',#12,#13,#14);
#12 = CARTESIAN_POINT('',(0.,0.,0.));
#13 = DIRECTION('',(0.,0.,1.));
#14 = DIRECTION('',(1.,0.,-0.));
#15 = AXIS2_PLACEMENT_3D('',#16,#17,#18);
#16 = CARTESIAN_POINT('',(0.,0.,0.));
#17 = DIRECTION('',(0.,0.,1.));
#18 = DIRECTION('',(1.,0.,0.));
#19 = AXIS2_PLACEMENT_3D('',#20,#21,#22);
#20 = CARTESIAN_POINT('',(0.,0.,0.));
#21 = DIRECTION('',(0.,0.,1.));
#22 = DIRECTION('',(1.,0.,0.));
#23 = ( GEOMETRIC_REPRESENTATION_CONTEXT(3) 
GLOBAL_UNCERTAINTY_ASSIGNED_CONTEXT((#27)) GLOBAL_UNIT_ASSIGNED_CONTEXT(
(#24,#25,#26)) REPRESENTATION_CONTEXT('Context #1',
  '3D Context with UNIT and UNCERTAINTY') );
#24 = ( LENGTH_UNIT() NAMED_UNIT(*) SI_UNIT(.MILLI.,.METRE.) );
#25 = ( NAMED_UNIT(*) PLANE_ANGLE_UNIT() SI_UNIT($,.RADIAN.) );
#26 = ( NAMED_UNIT(*) SI_UNIT($,.STERADIAN.) SOLID_ANGLE_UNIT() );
#27 = UNCERTAINTY_MEASURE_WITH_UNIT(LENGTH_MEASURE(5.E-05),#24,
  'distance_accuracy_value','confusion accuracy');
#28 = PRODUCT_RELATED_PRODUCT_CATEGORY('part',$,(#7));
#29 = SHAPE_DEFINITION_REPRESENTATION(#30,#36);
#30 = PRODUCT_DEFINITION_SHAPE('','',#31);
#31 = PRODUCT_DEFINITION('design','',#32,#35);
#32 = PRODUCT_DEFINITION_FORMATION('','',#33);
#33 = PRODUCT('right_cover','right_cover','',(#34));
#34 = PRODUCT_CONTEXT('',#2,'mechanical');
#35 = PRODUCT_DEFINITION_CONTEXT('part definition',#2,'design');
#36 = ADVANCED_BREP_SHAPE_REPRESENTATION('',(#11,#37),#10170);
#37 = MANIFOLD_SOLID_BREP('',#38);
#38 = CLOSED_SHELL('',(#39,#215,#270,#294,#500,#574,#599,#623,#639,#672,
    #794,#827,#867,#891,#915,#964,#1054,#1094,#1141,#1807,#1831,#1848,
    #1874,#1891,#1923,#1954,#1988,#2180,#2220,#2244,#2277,#2317,#2341,
    #2374,#2406,#2430,#2455,#2479,#2504,#2528,#2553,#2570,#2594,#2619,
    #2644,#2723,#2754,#2770,#2803,#2843,#2867,#2883,#2895,#2935,#3079,
    #3112,#3129,#3141,#3182,#3213,#3231,#3255,#3273,#3298,#3322,#3346,
    #3386,#3405,#3417,#3442,#3466,#3529,#3553,#3593,#3610,#3634,#3697,
    #3721,#3761,#3778,#3802,#3826,#3850,#3874,#3898,#3930,#3954,#3986,
    #4010,#4034,#4058,#4089,#4128,#4168,#4200,#4224,#4242,#4267,#4298,
    #4323,#4348,#4372,#4396,#4421,#4446,#4463,#4494,#4519,#4544,#4568,
    #4592,#4617,#4642,#4659,#4690,#4715,#4740,#4764,#4788,#4813,#4838,
    #4855,#4902,#4926,#4950,#4983,#5008,#5039,#5079,#5119,#5136,#5183,
    #5207,#5231,#5264,#5311,#5335,#5359,#5392,#5533,#5550,#5567,#6069,
    #6087,#6104,#6135,#6159,#6176,#6193,#6210,#6234,#6296,#6313,#6337,
    #6361,#6385,#6402,#6419,#6436,#6448,#6465,#6477,#6499,#6516,#6533,
    #6550,#6567,#6584,#6601,#6613,#6638,#6663,#6681,#6705,#6722,#6756,
    #6777,#6824,#6848,#6872,#6905,#6936,#6976,#7016,#7033,#7064,#7104,
    #7128,#7161,#7193,#7210,#7228,#7266,#7283,#7300,#7312,#7329,#7346,
    #7358,#7375,#7387,#7404,#7428,#7454,#7471,#7483,#7508,#7594,#7680,
    #7766,#7783,#7800,#7812,#7837,#7854,#7871,#7883,#7900,#7917,#7929,
    #7946,#7963,#7975,#8000,#8032,#8080,#8104,#8152,#8184,#8202,#8227,
    #8252,#8276,#8300,#8322,#8344,#8361,#8378,#8395,#8426,#8473,#8519,
    #8542,#8566,#8613,#8659,#8676,#8698,#8715,#8732,#8749,#8766,#8783,
    #8800,#8812,#8834,#8851,#8868,#8885,#8902,#8919,#8936,#8948,#8970,
    #8987,#9004,#9021,#9038,#9055,#9072,#9084,#9096,#9121,#9138,#9150,
    #9174,#9199,#9216,#9233,#9246,#9263,#9280,#9292,#9309,#9326,#9338,
    #9355,#9372,#9384,#9408,#9428,#9448,#9472,#9489,#9506,#9518,#9542,
    #9559,#9576,#9588,#9600,#9631,#9659,#9687,#9711,#9735,#9763,#9791,
    #9808,#9817,#9826,#9850,#9874,#9921,#9946,#9971,#9995,#10019,#10044,
    #10069,#10102,#10111,#10120,#10139,#10156));
#39 = ADVANCED_FACE('',(#40),#210,.T.);
#40 = FACE_BOUND('',#41,.T.);
#41 = EDGE_LOOP('',(#42,#52,#60,#68,#76,#84,#92,#100,#108,#116,#124,#132
    ,#140,#148,#156,#164,#172,#180,#188,#196,#204));
#42 = ORIENTED_EDGE('',*,*,#43,.F.);
#43 = EDGE_CURVE('',#44,#46,#48,.T.);
#44 = VERTEX_POINT('',#45);
#45 = CARTESIAN_POINT('',(106.527,137.,6.3));
#46 = VERTEX_POINT('',#47);
#47 = CARTESIAN_POINT('',(106.527,137.,4.8));
#48 = LINE('',#49,#50);
#49 = CARTESIAN_POINT('',(106.527,137.,4.8));
#50 = VECTOR('',#51,1.);
#51 = DIRECTION('',(-0.,-0.,-1.));
#52 = ORIENTED_EDGE('',*,*,#53,.F.);
#53 = EDGE_CURVE('',#54,#44,#56,.T.);
#54 = VERTEX_POINT('',#55);
#55 = CARTESIAN_POINT('',(106.527,144.5,6.3));
#56 = LINE('',#57,#58);
#57 = CARTESIAN_POINT('',(106.527,144.5,6.3));
#58 = VECTOR('',#59,1.);
#59 = DIRECTION('',(0.,-1.,0.));
#60 = ORIENTED_EDGE('',*,*,#61,.F.);
#61 = EDGE_CURVE('',#62,#54,#64,.T.);
#62 = VERTEX_POINT('',#63);
#63 = CARTESIAN_POINT('',(106.527,144.5,4.9));
#64 = LINE('',#65,#66);
#65 = CARTESIAN_POINT('',(106.527,144.5,6.1));
#66 = VECTOR('',#67,1.);
#67 = DIRECTION('',(0.,0.,1.));
#68 = ORIENTED_EDGE('',*,*,#69,.T.);
#69 = EDGE_CURVE('',#62,#70,#72,.T.);
#70 = VERTEX_POINT('',#71);
#71 = CARTESIAN_POINT('',(106.527,145.,4.9));
#72 = LINE('',#73,#74);
#73 = CARTESIAN_POINT('',(106.527,144.5,4.9));
#74 = VECTOR('',#75,1.);
#75 = DIRECTION('',(0.,1.,0.));
#76 = ORIENTED_EDGE('',*,*,#77,.T.);
#77 = EDGE_CURVE('',#70,#78,#80,.T.);
#78 = VERTEX_POINT('',#79);
#79 = CARTESIAN_POINT('',(106.527,145.,4.2));
#80 = LINE('',#81,#82);
#81 = CARTESIAN_POINT('',(106.527,145.,3.8));
#82 = VECTOR('',#83,1.);
#83 = DIRECTION('',(-0.,-0.,-1.));
#84 = ORIENTED_EDGE('',*,*,#85,.T.);
#85 = EDGE_CURVE('',#78,#86,#88,.T.);
#86 = VERTEX_POINT('',#87);
#87 = CARTESIAN_POINT('',(106.527,137.60000000005,4.2));
#88 = LINE('',#89,#90);
#89 = CARTESIAN_POINT('',(106.527,145.,4.2));
#90 = VECTOR('',#91,1.);
#91 = DIRECTION('',(-1.92E-15,-1.,0.));
#92 = ORIENTED_EDGE('',*,*,#93,.F.);
#93 = EDGE_CURVE('',#94,#86,#96,.T.);
#94 = VERTEX_POINT('',#95);
#95 = CARTESIAN_POINT('',(106.527,137.60000000005,4.5));
#96 = LINE('',#97,#98);
#97 = CARTESIAN_POINT('',(106.527,137.60000000005,3.8));
#98 = VECTOR('',#99,1.);
#99 = DIRECTION('',(-0.,-0.,-1.));
#100 = ORIENTED_EDGE('',*,*,#101,.F.);
#101 = EDGE_CURVE('',#102,#94,#104,.T.);
#102 = VERTEX_POINT('',#103);
#103 = CARTESIAN_POINT('',(106.527,135.,4.5));
#104 = LINE('',#105,#106);
#105 = CARTESIAN_POINT('',(106.527,19.,4.5));
#106 = VECTOR('',#107,1.);
#107 = DIRECTION('',(0.,1.,0.));
#108 = ORIENTED_EDGE('',*,*,#109,.F.);
#109 = EDGE_CURVE('',#110,#102,#112,.T.);
#110 = VERTEX_POINT('',#111);
#111 = CARTESIAN_POINT('',(106.527,135.,3.8));
#112 = LINE('',#113,#114);
#113 = CARTESIAN_POINT('',(106.527,135.,3.8));
#114 = VECTOR('',#115,1.);
#115 = DIRECTION('',(0.,0.,1.));
#116 = ORIENTED_EDGE('',*,*,#117,.T.);
#117 = EDGE_CURVE('',#110,#118,#120,.T.);
#118 = VERTEX_POINT('',#119);
#119 = CARTESIAN_POINT('',(106.527,13.,3.8));
#120 = LINE('',#121,#122);
#121 = CARTESIAN_POINT('',(106.527,19.,3.8));
#122 = VECTOR('',#123,1.);
#123 = DIRECTION('',(0.,-1.,0.));
#124 = ORIENTED_EDGE('',*,*,#125,.T.);
#125 = EDGE_CURVE('',#118,#126,#128,.T.);
#126 = VERTEX_POINT('',#127);
#127 = CARTESIAN_POINT('',(106.527,13.,4.8));
#128 = LINE('',#129,#130);
#129 = CARTESIAN_POINT('',(106.527,13.,3.8));
#130 = VECTOR('',#131,1.);
#131 = DIRECTION('',(0.,0.,1.));
#132 = ORIENTED_EDGE('',*,*,#133,.F.);
#133 = EDGE_CURVE('',#134,#126,#136,.T.);
#134 = VERTEX_POINT('',#135);
#135 = CARTESIAN_POINT('',(106.527,19.,4.8));
#136 = LINE('',#137,#138);
#137 = CARTESIAN_POINT('',(106.527,19.,4.8));
#138 = VECTOR('',#139,1.);
#139 = DIRECTION('',(0.,-1.,0.));
#140 = ORIENTED_EDGE('',*,*,#141,.T.);
#141 = EDGE_CURVE('',#134,#142,#144,.T.);
#142 = VERTEX_POINT('',#143);
#143 = CARTESIAN_POINT('',(106.527,19.,4.6));
#144 = LINE('',#145,#146);
#145 = CARTESIAN_POINT('',(106.527,19.,4.8));
#146 = VECTOR('',#147,1.);
#147 = DIRECTION('',(-0.,-0.,-1.));
#148 = ORIENTED_EDGE('',*,*,#149,.F.);
#149 = EDGE_CURVE('',#150,#142,#152,.T.);
#150 = VERTEX_POINT('',#151);
#151 = CARTESIAN_POINT('',(106.527,23.1,4.6));
#152 = LINE('',#153,#154);
#153 = CARTESIAN_POINT('',(106.527,23.,4.6));
#154 = VECTOR('',#155,1.);
#155 = DIRECTION('',(0.,-1.,0.));
#156 = ORIENTED_EDGE('',*,*,#157,.T.);
#157 = EDGE_CURVE('',#150,#158,#160,.T.);
#158 = VERTEX_POINT('',#159);
#159 = CARTESIAN_POINT('',(106.527,23.3,4.8));
#160 = LINE('',#161,#162);
#161 = CARTESIAN_POINT('',(106.527,37.401513206163,18.901513206163));
#162 = VECTOR('',#163,1.);
#163 = DIRECTION('',(0.,0.707106781187,0.707106781187));
#164 = ORIENTED_EDGE('',*,*,#165,.F.);
#165 = EDGE_CURVE('',#166,#158,#168,.T.);
#166 = VERTEX_POINT('',#167);
#167 = CARTESIAN_POINT('',(106.527,23.3,6.3));
#168 = LINE('',#169,#170);
#169 = CARTESIAN_POINT('',(106.527,23.3,4.8));
#170 = VECTOR('',#171,1.);
#171 = DIRECTION('',(-0.,-0.,-1.));
#172 = ORIENTED_EDGE('',*,*,#173,.F.);
#173 = EDGE_CURVE('',#174,#166,#176,.T.);
#174 = VERTEX_POINT('',#175);
#175 = CARTESIAN_POINT('',(106.527,126.7,6.3));
#176 = LINE('',#177,#178);
#177 = CARTESIAN_POINT('',(106.527,144.5,6.3));
#178 = VECTOR('',#179,1.);
#179 = DIRECTION('',(0.,-1.,0.));
#180 = ORIENTED_EDGE('',*,*,#181,.F.);
#181 = EDGE_CURVE('',#182,#174,#184,.T.);
#182 = VERTEX_POINT('',#183);
#183 = CARTESIAN_POINT('',(106.527,126.7,4.8));
#184 = LINE('',#185,#186);
#185 = CARTESIAN_POINT('',(106.527,126.7,4.8));
#186 = VECTOR('',#187,1.);
#187 = DIRECTION('',(0.,0.,1.));
#188 = ORIENTED_EDGE('',*,*,#189,.F.);
#189 = EDGE_CURVE('',#190,#182,#192,.T.);
#190 = VERTEX_POINT('',#191);
#191 = CARTESIAN_POINT('',(106.527,126.9,4.6));
#192 = LINE('',#193,#194);
#193 = CARTESIAN_POINT('',(106.527,114.97207446808,16.527925531915));
#194 = VECTOR('',#195,1.);
#195 = DIRECTION('',(0.,-0.707106781187,0.707106781187));
#196 = ORIENTED_EDGE('',*,*,#197,.F.);
#197 = EDGE_CURVE('',#198,#190,#200,.T.);
#198 = VERTEX_POINT('',#199);
#199 = CARTESIAN_POINT('',(106.527,136.8,4.6));
#200 = LINE('',#201,#202);
#201 = CARTESIAN_POINT('',(106.527,127.,4.6));
#202 = VECTOR('',#203,1.);
#203 = DIRECTION('',(1.64E-15,-1.,2.5E-16));
#204 = ORIENTED_EDGE('',*,*,#205,.T.);
#205 = EDGE_CURVE('',#198,#46,#206,.T.);
#206 = LINE('',#207,#208);
#207 = CARTESIAN_POINT('',(106.527,122.67651320616,-9.523486793837));
#208 = VECTOR('',#209,1.);
#209 = DIRECTION('',(0.,0.707106781187,0.707106781187));
#210 = PLANE('',#211);
#211 = AXIS2_PLACEMENT_3D('',#212,#213,#214);
#212 = CARTESIAN_POINT('',(106.527,79.747175348496,4.958877476156));
#213 = DIRECTION('',(-1.,-0.,-0.));
#214 = DIRECTION('',(0.,0.,-1.));
#215 = ADVANCED_FACE('',(#216),#265,.T.);
#216 = FACE_BOUND('',#217,.T.);
#217 = EDGE_LOOP('',(#218,#219,#227,#235,#243,#251,#259));
#218 = ORIENTED_EDGE('',*,*,#43,.T.);
#219 = ORIENTED_EDGE('',*,*,#220,.T.);
#220 = EDGE_CURVE('',#46,#221,#223,.T.);
#221 = VERTEX_POINT('',#222);
#222 = CARTESIAN_POINT('',(109.727,137.,4.8));
#223 = LINE('',#224,#225);
#224 = CARTESIAN_POINT('',(106.527,137.,4.8));
#225 = VECTOR('',#226,1.);
#226 = DIRECTION('',(1.,0.,0.));
#227 = ORIENTED_EDGE('',*,*,#228,.F.);
#228 = EDGE_CURVE('',#229,#221,#231,.T.);
#229 = VERTEX_POINT('',#230);
#230 = CARTESIAN_POINT('',(109.727,137.,4.9));
#231 = LINE('',#232,#233);
#232 = CARTESIAN_POINT('',(109.727,137.,4.8));
#233 = VECTOR('',#234,1.);
#234 = DIRECTION('',(-0.,-0.,-1.));
#235 = ORIENTED_EDGE('',*,*,#236,.T.);
#236 = EDGE_CURVE('',#229,#237,#239,.T.);
#237 = VERTEX_POINT('',#238);
#238 = CARTESIAN_POINT('',(109.727,137.,6.6));
#239 = LINE('',#240,#241);
#240 = CARTESIAN_POINT('',(109.727,137.,6.6));
#241 = VECTOR('',#242,1.);
#242 = DIRECTION('',(0.,0.,1.));
#243 = ORIENTED_EDGE('',*,*,#244,.T.);
#244 = EDGE_CURVE('',#237,#245,#247,.T.);
#245 = VERTEX_POINT('',#246);
#246 = CARTESIAN_POINT('',(106.827,137.,6.6));
#247 = LINE('',#248,#249);
#248 = CARTESIAN_POINT('',(109.727,137.,6.6));
#249 = VECTOR('',#250,1.);
#250 = DIRECTION('',(-1.,0.,0.));
#251 = ORIENTED_EDGE('',*,*,#252,.T.);
#252 = EDGE_CURVE('',#245,#253,#255,.T.);
#253 = VERTEX_POINT('',#254);
#254 = CARTESIAN_POINT('',(106.827,137.,6.3));
#255 = LINE('',#256,#257);
#256 = CARTESIAN_POINT('',(106.827,137.,6.6));
#257 = VECTOR('',#258,1.);
#258 = DIRECTION('',(-0.,-0.,-1.));
#259 = ORIENTED_EDGE('',*,*,#260,.F.);
#260 = EDGE_CURVE('',#44,#253,#261,.T.);
#261 = LINE('',#262,#263);
#262 = CARTESIAN_POINT('',(106.527,137.,6.3));
#263 = VECTOR('',#264,1.);
#264 = DIRECTION('',(1.,0.,0.));
#265 = PLANE('',#266);
#266 = AXIS2_PLACEMENT_3D('',#267,#268,#269);
#267 = CARTESIAN_POINT('',(108.13565384615,137.,5.591346153846));
#268 = DIRECTION('',(-3.9E-16,-1.,-9.26E-15));
#269 = DIRECTION('',(0.,9.26E-15,-1.));
#270 = ADVANCED_FACE('',(#271),#289,.F.);
#271 = FACE_BOUND('',#272,.T.);
#272 = EDGE_LOOP('',(#273,#274,#282,#288));
#273 = ORIENTED_EDGE('',*,*,#205,.F.);
#274 = ORIENTED_EDGE('',*,*,#275,.T.);
#275 = EDGE_CURVE('',#198,#276,#278,.T.);
#276 = VERTEX_POINT('',#277);
#277 = CARTESIAN_POINT('',(109.69173452104,136.8,4.6));
#278 = LINE('',#279,#280);
#279 = CARTESIAN_POINT('',(106.527,136.8,4.6));
#280 = VECTOR('',#281,1.);
#281 = DIRECTION('',(1.,0.,0.));
#282 = ORIENTED_EDGE('',*,*,#283,.T.);
#283 = EDGE_CURVE('',#276,#221,#284,.T.);
#284 = LINE('',#285,#286);
#285 = CARTESIAN_POINT('',(109.72394561591,136.98267776772,4.78267776772
    ));
#286 = VECTOR('',#287,1.);
#287 = DIRECTION('',(0.123724316309,0.701673817936,0.701673817936));
#288 = ORIENTED_EDGE('',*,*,#220,.F.);
#289 = PLANE('',#290);
#290 = AXIS2_PLACEMENT_3D('',#291,#292,#293);
#291 = CARTESIAN_POINT('',(106.527,136.9,4.7));
#292 = DIRECTION('',(-0.,0.707106781187,-0.707106781187));
#293 = DIRECTION('',(-1.,-0.,0.));
#294 = ADVANCED_FACE('',(#295,#425),#495,.T.);
#295 = FACE_BOUND('',#296,.T.);
#296 = EDGE_LOOP('',(#297,#307,#315,#323,#331,#339,#347,#355,#363,#371,
    #379,#387,#395,#402,#403,#404,#412,#418,#419));
#297 = ORIENTED_EDGE('',*,*,#298,.F.);
#298 = EDGE_CURVE('',#299,#301,#303,.T.);
#299 = VERTEX_POINT('',#300);
#300 = CARTESIAN_POINT('',(106.827,19.,6.3));
#301 = VERTEX_POINT('',#302);
#302 = CARTESIAN_POINT('',(106.827,23.3,6.3));
#303 = LINE('',#304,#305);
#304 = CARTESIAN_POINT('',(106.827,21.,6.3));
#305 = VECTOR('',#306,1.);
#306 = DIRECTION('',(0.,1.,0.));
#307 = ORIENTED_EDGE('',*,*,#308,.T.);
#308 = EDGE_CURVE('',#299,#309,#311,.T.);
#309 = VERTEX_POINT('',#310);
#310 = CARTESIAN_POINT('',(5.91,19.,6.3));
#311 = LINE('',#312,#313);
#312 = CARTESIAN_POINT('',(106.527,19.,6.3));
#313 = VECTOR('',#314,1.);
#314 = DIRECTION('',(-1.,0.,0.));
#315 = ORIENTED_EDGE('',*,*,#316,.T.);
#316 = EDGE_CURVE('',#309,#317,#319,.T.);
#317 = VERTEX_POINT('',#318);
#318 = CARTESIAN_POINT('',(5.91,45.85,6.3));
#319 = LINE('',#320,#321);
#320 = CARTESIAN_POINT('',(5.91,41.07609257209,6.3));
#321 = VECTOR('',#322,1.);
#322 = DIRECTION('',(0.,1.,0.));
#323 = ORIENTED_EDGE('',*,*,#324,.T.);
#324 = EDGE_CURVE('',#317,#325,#327,.T.);
#325 = VERTEX_POINT('',#326);
#326 = CARTESIAN_POINT('',(6.71,45.85,6.3));
#327 = LINE('',#328,#329);
#328 = CARTESIAN_POINT('',(5.91,45.85,6.3));
#329 = VECTOR('',#330,1.);
#330 = DIRECTION('',(1.,0.,1.11E-15));
#331 = ORIENTED_EDGE('',*,*,#332,.F.);
#332 = EDGE_CURVE('',#333,#325,#335,.T.);
#333 = VERTEX_POINT('',#334);
#334 = CARTESIAN_POINT('',(6.71,54.35,6.3));
#335 = LINE('',#336,#337);
#336 = CARTESIAN_POINT('',(6.71,54.35,6.3));
#337 = VECTOR('',#338,1.);
#338 = DIRECTION('',(0.,-1.,0.));
#339 = ORIENTED_EDGE('',*,*,#340,.F.);
#340 = EDGE_CURVE('',#341,#333,#343,.T.);
#341 = VERTEX_POINT('',#342);
#342 = CARTESIAN_POINT('',(5.91,54.35,6.3));
#343 = LINE('',#344,#345);
#344 = CARTESIAN_POINT('',(5.91,54.35,6.3));
#345 = VECTOR('',#346,1.);
#346 = DIRECTION('',(1.,0.,1.11E-15));
#347 = ORIENTED_EDGE('',*,*,#348,.T.);
#348 = EDGE_CURVE('',#341,#349,#351,.T.);
#349 = VERTEX_POINT('',#350);
#350 = CARTESIAN_POINT('',(5.91,95.65,6.3));
#351 = LINE('',#352,#353);
#352 = CARTESIAN_POINT('',(5.91,41.07609257209,6.3));
#353 = VECTOR('',#354,1.);
#354 = DIRECTION('',(0.,1.,0.));
#355 = ORIENTED_EDGE('',*,*,#356,.T.);
#356 = EDGE_CURVE('',#349,#357,#359,.T.);
#357 = VERTEX_POINT('',#358);
#358 = CARTESIAN_POINT('',(6.71,95.65,6.3));
#359 = LINE('',#360,#361);
#360 = CARTESIAN_POINT('',(5.91,95.65,6.3));
#361 = VECTOR('',#362,1.);
#362 = DIRECTION('',(1.,0.,1.11E-15));
#363 = ORIENTED_EDGE('',*,*,#364,.T.);
#364 = EDGE_CURVE('',#357,#365,#367,.T.);
#365 = VERTEX_POINT('',#366);
#366 = CARTESIAN_POINT('',(6.71,104.15,6.3));
#367 = LINE('',#368,#369);
#368 = CARTESIAN_POINT('',(6.71,95.65,6.3));
#369 = VECTOR('',#370,1.);
#370 = DIRECTION('',(0.,1.,-4.4E-16));
#371 = ORIENTED_EDGE('',*,*,#372,.F.);
#372 = EDGE_CURVE('',#373,#365,#375,.T.);
#373 = VERTEX_POINT('',#374);
#374 = CARTESIAN_POINT('',(5.91,104.15,6.3));
#375 = LINE('',#376,#377);
#376 = CARTESIAN_POINT('',(5.91,104.15,6.3));
#377 = VECTOR('',#378,1.);
#378 = DIRECTION('',(1.,0.,1.11E-15));
#379 = ORIENTED_EDGE('',*,*,#380,.T.);
#380 = EDGE_CURVE('',#373,#381,#383,.T.);
#381 = VERTEX_POINT('',#382);
#382 = CARTESIAN_POINT('',(5.91,145.,6.3));
#383 = LINE('',#384,#385);
#384 = CARTESIAN_POINT('',(5.91,41.07609257209,6.3));
#385 = VECTOR('',#386,1.);
#386 = DIRECTION('',(0.,1.,0.));
#387 = ORIENTED_EDGE('',*,*,#388,.T.);
#388 = EDGE_CURVE('',#381,#389,#391,.T.);
#389 = VERTEX_POINT('',#390);
#390 = CARTESIAN_POINT('',(106.027,145.,6.3));
#391 = LINE('',#392,#393);
#392 = CARTESIAN_POINT('',(0.,145.,6.3));
#393 = VECTOR('',#394,1.);
#394 = DIRECTION('',(1.,0.,0.));
#395 = ORIENTED_EDGE('',*,*,#396,.T.);
#396 = EDGE_CURVE('',#389,#54,#397,.T.);
#397 = CIRCLE('',#398,0.5);
#398 = AXIS2_PLACEMENT_3D('',#399,#400,#401);
#399 = CARTESIAN_POINT('',(106.527,145.,6.3));
#400 = DIRECTION('',(0.,0.,-1.));
#401 = DIRECTION('',(1.,0.,0.));
#402 = ORIENTED_EDGE('',*,*,#53,.T.);
#403 = ORIENTED_EDGE('',*,*,#260,.T.);
#404 = ORIENTED_EDGE('',*,*,#405,.T.);
#405 = EDGE_CURVE('',#253,#406,#408,.T.);
#406 = VERTEX_POINT('',#407);
#407 = CARTESIAN_POINT('',(106.827,126.7,6.3));
#408 = LINE('',#409,#410);
#409 = CARTESIAN_POINT('',(106.827,127.,6.3));
#410 = VECTOR('',#411,1.);
#411 = DIRECTION('',(1.64E-15,-1.,2.5E-16));
#412 = ORIENTED_EDGE('',*,*,#413,.F.);
#413 = EDGE_CURVE('',#174,#406,#414,.T.);
#414 = LINE('',#415,#416);
#415 = CARTESIAN_POINT('',(106.527,126.7,6.3));
#416 = VECTOR('',#417,1.);
#417 = DIRECTION('',(1.,0.,0.));
#418 = ORIENTED_EDGE('',*,*,#173,.T.);
#419 = ORIENTED_EDGE('',*,*,#420,.T.);
#420 = EDGE_CURVE('',#166,#301,#421,.T.);
#421 = LINE('',#422,#423);
#422 = CARTESIAN_POINT('',(106.527,23.3,6.3));
#423 = VECTOR('',#424,1.);
#424 = DIRECTION('',(1.,0.,0.));
#425 = FACE_BOUND('',#426,.T.);
#426 = EDGE_LOOP('',(#427,#438,#446,#455,#463,#472,#480,#489));
#427 = ORIENTED_EDGE('',*,*,#428,.T.);
#428 = EDGE_CURVE('',#429,#431,#433,.T.);
#429 = VERTEX_POINT('',#430);
#430 = CARTESIAN_POINT('',(15.03,24.5,6.3));
#431 = VERTEX_POINT('',#432);
#432 = CARTESIAN_POINT('',(17.03,22.5,6.3));
#433 = CIRCLE('',#434,2.);
#434 = AXIS2_PLACEMENT_3D('',#435,#436,#437);
#435 = CARTESIAN_POINT('',(17.03,24.5,6.3));
#436 = DIRECTION('',(0.,0.,1.));
#437 = DIRECTION('',(1.,0.,0.));
#438 = ORIENTED_EDGE('',*,*,#439,.F.);
#439 = EDGE_CURVE('',#440,#431,#442,.T.);
#440 = VERTEX_POINT('',#441);
#441 = CARTESIAN_POINT('',(101.027,22.5,6.3));
#442 = LINE('',#443,#444);
#443 = CARTESIAN_POINT('',(35.211132669132,22.5,6.3));
#444 = VECTOR('',#445,1.);
#445 = DIRECTION('',(-1.,0.,0.));
#446 = ORIENTED_EDGE('',*,*,#447,.T.);
#447 = EDGE_CURVE('',#440,#448,#450,.T.);
#448 = VERTEX_POINT('',#449);
#449 = CARTESIAN_POINT('',(103.027,24.5,6.3));
#450 = CIRCLE('',#451,2.);
#451 = AXIS2_PLACEMENT_3D('',#452,#453,#454);
#452 = CARTESIAN_POINT('',(101.027,24.5,6.3));
#453 = DIRECTION('',(0.,0.,1.));
#454 = DIRECTION('',(1.,0.,0.));
#455 = ORIENTED_EDGE('',*,*,#456,.F.);
#456 = EDGE_CURVE('',#457,#448,#459,.T.);
#457 = VERTEX_POINT('',#458);
#458 = CARTESIAN_POINT('',(103.027,139.5,6.3));
#459 = LINE('',#460,#461);
#460 = CARTESIAN_POINT('',(103.027,53.32609257209,6.3));
#461 = VECTOR('',#462,1.);
#462 = DIRECTION('',(0.,-1.,0.));
#463 = ORIENTED_EDGE('',*,*,#464,.T.);
#464 = EDGE_CURVE('',#457,#465,#467,.T.);
#465 = VERTEX_POINT('',#466);
#466 = CARTESIAN_POINT('',(101.027,141.5,6.3));
#467 = CIRCLE('',#468,2.);
#468 = AXIS2_PLACEMENT_3D('',#469,#470,#471);
#469 = CARTESIAN_POINT('',(101.027,139.5,6.3));
#470 = DIRECTION('',(0.,0.,1.));
#471 = DIRECTION('',(1.,0.,0.));
#472 = ORIENTED_EDGE('',*,*,#473,.F.);
#473 = EDGE_CURVE('',#474,#465,#476,.T.);
#474 = VERTEX_POINT('',#475);
#475 = CARTESIAN_POINT('',(17.03,141.5,6.3));
#476 = LINE('',#477,#478);
#477 = CARTESIAN_POINT('',(77.209632669132,141.5,6.3));
#478 = VECTOR('',#479,1.);
#479 = DIRECTION('',(1.,0.,0.));
#480 = ORIENTED_EDGE('',*,*,#481,.T.);
#481 = EDGE_CURVE('',#474,#482,#484,.T.);
#482 = VERTEX_POINT('',#483);
#483 = CARTESIAN_POINT('',(15.03,139.5,6.3));
#484 = CIRCLE('',#485,2.);
#485 = AXIS2_PLACEMENT_3D('',#486,#487,#488);
#486 = CARTESIAN_POINT('',(17.03,139.5,6.3));
#487 = DIRECTION('',(0.,0.,1.));
#488 = DIRECTION('',(1.,0.,0.));
#489 = ORIENTED_EDGE('',*,*,#490,.F.);
#490 = EDGE_CURVE('',#429,#482,#491,.T.);
#491 = LINE('',#492,#493);
#492 = CARTESIAN_POINT('',(15.03,110.82609257209,6.3));
#493 = VECTOR('',#494,1.);
#494 = DIRECTION('',(0.,1.,0.));
#495 = PLANE('',#496);
#496 = AXIS2_PLACEMENT_3D('',#497,#498,#499);
#497 = CARTESIAN_POINT('',(56.1651746701,82.091432091312,6.3));
#498 = DIRECTION('',(-0.,-0.,-1.));
#499 = DIRECTION('',(-1.,0.,0.));
#500 = ADVANCED_FACE('',(#501),#569,.T.);
#501 = FACE_BOUND('',#502,.T.);
#502 = EDGE_LOOP('',(#503,#504,#512,#520,#528,#537,#545,#554,#562,#568)
  );
#503 = ORIENTED_EDGE('',*,*,#197,.T.);
#504 = ORIENTED_EDGE('',*,*,#505,.T.);
#505 = EDGE_CURVE('',#190,#506,#508,.T.);
#506 = VERTEX_POINT('',#507);
#507 = CARTESIAN_POINT('',(109.727,126.9,4.6));
#508 = LINE('',#509,#510);
#509 = CARTESIAN_POINT('',(106.527,126.9,4.6));
#510 = VECTOR('',#511,1.);
#511 = DIRECTION('',(1.,0.,0.));
#512 = ORIENTED_EDGE('',*,*,#513,.F.);
#513 = EDGE_CURVE('',#514,#506,#516,.T.);
#514 = VERTEX_POINT('',#515);
#515 = CARTESIAN_POINT('',(109.727,127.,4.6));
#516 = LINE('',#517,#518);
#517 = CARTESIAN_POINT('',(109.727,127.,4.6));
#518 = VECTOR('',#519,1.);
#519 = DIRECTION('',(1.64E-15,-1.,2.5E-16));
#520 = ORIENTED_EDGE('',*,*,#521,.T.);
#521 = EDGE_CURVE('',#514,#522,#524,.T.);
#522 = VERTEX_POINT('',#523);
#523 = CARTESIAN_POINT('',(109.98142304982,125.55709857153,4.6));
#524 = LINE('',#525,#526);
#525 = CARTESIAN_POINT('',(109.727,127.,4.6));
#526 = VECTOR('',#527,1.);
#527 = DIRECTION('',(0.173648573165,-0.984807683275,0.));
#528 = ORIENTED_EDGE('',*,*,#529,.F.);
#529 = EDGE_CURVE('',#530,#522,#532,.T.);
#530 = VERTEX_POINT('',#531);
#531 = CARTESIAN_POINT('',(110.027,125.03615285204,4.6));
#532 = CIRCLE('',#533,3.);
#533 = AXIS2_PLACEMENT_3D('',#534,#535,#536);
#534 = CARTESIAN_POINT('',(107.027,125.03615285204,4.6));
#535 = DIRECTION('',(0.,-0.,1.));
#536 = DIRECTION('',(0.,1.,0.));
#537 = ORIENTED_EDGE('',*,*,#538,.F.);
#538 = EDGE_CURVE('',#539,#530,#541,.T.);
#539 = VERTEX_POINT('',#540);
#540 = CARTESIAN_POINT('',(110.027,138.96384714799,4.6));
#541 = LINE('',#542,#543);
#542 = CARTESIAN_POINT('',(110.027,103.97292143402,4.6));
#543 = VECTOR('',#544,1.);
#544 = DIRECTION('',(0.,-1.,0.));
#545 = ORIENTED_EDGE('',*,*,#546,.T.);
#546 = EDGE_CURVE('',#539,#547,#549,.T.);
#547 = VERTEX_POINT('',#548);
#548 = CARTESIAN_POINT('',(109.98142304982,138.4429014285,4.6));
#549 = CIRCLE('',#550,3.);
#550 = AXIS2_PLACEMENT_3D('',#551,#552,#553);
#551 = CARTESIAN_POINT('',(107.027,138.96384714799,4.6));
#552 = DIRECTION('',(0.,0.,-1.));
#553 = DIRECTION('',(0.,1.,0.));
#554 = ORIENTED_EDGE('',*,*,#555,.F.);
#555 = EDGE_CURVE('',#556,#547,#558,.T.);
#556 = VERTEX_POINT('',#557);
#557 = CARTESIAN_POINT('',(109.727,137.,4.6));
#558 = LINE('',#559,#560);
#559 = CARTESIAN_POINT('',(109.727,137.,4.6));
#560 = VECTOR('',#561,1.);
#561 = DIRECTION('',(0.173648573161,0.984807683276,0.));
#562 = ORIENTED_EDGE('',*,*,#563,.T.);
#563 = EDGE_CURVE('',#556,#276,#564,.T.);
#564 = LINE('',#565,#566);
#565 = CARTESIAN_POINT('',(109.33659293958,134.78589673558,4.6));
#566 = VECTOR('',#567,1.);
#567 = DIRECTION('',(-0.173648573161,-0.984807683276,0.));
#568 = ORIENTED_EDGE('',*,*,#275,.F.);
#569 = PLANE('',#570);
#570 = AXIS2_PLACEMENT_3D('',#571,#572,#573);
#571 = CARTESIAN_POINT('',(108.62825954016,131.88397100322,4.6));
#572 = DIRECTION('',(0.,0.,1.));
#573 = DIRECTION('',(1.,0.,0.));
#574 = ADVANCED_FACE('',(#575),#594,.F.);
#575 = FACE_BOUND('',#576,.F.);
#576 = EDGE_LOOP('',(#577,#585,#586,#587));
#577 = ORIENTED_EDGE('',*,*,#578,.T.);
#578 = EDGE_CURVE('',#579,#389,#581,.T.);
#579 = VERTEX_POINT('',#580);
#580 = CARTESIAN_POINT('',(106.027,145.,4.9));
#581 = LINE('',#582,#583);
#582 = CARTESIAN_POINT('',(106.027,145.,4.9));
#583 = VECTOR('',#584,1.);
#584 = DIRECTION('',(0.,0.,1.));
#585 = ORIENTED_EDGE('',*,*,#396,.T.);
#586 = ORIENTED_EDGE('',*,*,#61,.F.);
#587 = ORIENTED_EDGE('',*,*,#588,.F.);
#588 = EDGE_CURVE('',#579,#62,#589,.T.);
#589 = CIRCLE('',#590,0.5);
#590 = AXIS2_PLACEMENT_3D('',#591,#592,#593);
#591 = CARTESIAN_POINT('',(106.527,145.,4.9));
#592 = DIRECTION('',(0.,0.,-1.));
#593 = DIRECTION('',(1.,0.,0.));
#594 = CYLINDRICAL_SURFACE('',#595,0.5);
#595 = AXIS2_PLACEMENT_3D('',#596,#597,#598);
#596 = CARTESIAN_POINT('',(106.527,145.,6.1));
#597 = DIRECTION('',(0.,0.,-1.));
#598 = DIRECTION('',(1.,0.,0.));
#599 = ADVANCED_FACE('',(#600),#618,.F.);
#600 = FACE_BOUND('',#601,.F.);
#601 = EDGE_LOOP('',(#602,#603,#604,#612));
#602 = ORIENTED_EDGE('',*,*,#189,.F.);
#603 = ORIENTED_EDGE('',*,*,#505,.T.);
#604 = ORIENTED_EDGE('',*,*,#605,.T.);
#605 = EDGE_CURVE('',#506,#606,#608,.T.);
#606 = VERTEX_POINT('',#607);
#607 = CARTESIAN_POINT('',(109.727,126.7,4.8));
#608 = LINE('',#609,#610);
#609 = CARTESIAN_POINT('',(109.727,127.77652439024,3.723475609756));
#610 = VECTOR('',#611,1.);
#611 = DIRECTION('',(-4.98E-15,-0.707106781187,0.707106781187));
#612 = ORIENTED_EDGE('',*,*,#613,.F.);
#613 = EDGE_CURVE('',#182,#606,#614,.T.);
#614 = LINE('',#615,#616);
#615 = CARTESIAN_POINT('',(106.527,126.7,4.8));
#616 = VECTOR('',#617,1.);
#617 = DIRECTION('',(1.,0.,0.));
#618 = PLANE('',#619);
#619 = AXIS2_PLACEMENT_3D('',#620,#621,#622);
#620 = CARTESIAN_POINT('',(106.527,126.8,4.7));
#621 = DIRECTION('',(2.01E-15,-0.707106781187,-0.707106781187));
#622 = DIRECTION('',(1.,1.421284630185E-15,1.421284630185E-15));
#623 = ADVANCED_FACE('',(#624),#634,.T.);
#624 = FACE_BOUND('',#625,.T.);
#625 = EDGE_LOOP('',(#626,#627,#628));
#626 = ORIENTED_EDGE('',*,*,#69,.F.);
#627 = ORIENTED_EDGE('',*,*,#588,.F.);
#628 = ORIENTED_EDGE('',*,*,#629,.F.);
#629 = EDGE_CURVE('',#70,#579,#630,.T.);
#630 = LINE('',#631,#632);
#631 = CARTESIAN_POINT('',(106.027,145.,4.9));
#632 = VECTOR('',#633,1.);
#633 = DIRECTION('',(-1.,0.,0.));
#634 = PLANE('',#635);
#635 = AXIS2_PLACEMENT_3D('',#636,#637,#638);
#636 = CARTESIAN_POINT('',(75.044929029047,77.026894926472,4.9));
#637 = DIRECTION('',(0.,0.,1.));
#638 = DIRECTION('',(1.,0.,0.));
#639 = ADVANCED_FACE('',(#640),#667,.T.);
#640 = FACE_BOUND('',#641,.T.);
#641 = EDGE_LOOP('',(#642,#650,#651,#652,#653,#661));
#642 = ORIENTED_EDGE('',*,*,#643,.T.);
#643 = EDGE_CURVE('',#644,#606,#646,.T.);
#644 = VERTEX_POINT('',#645);
#645 = CARTESIAN_POINT('',(109.727,126.7,6.6));
#646 = LINE('',#647,#648);
#647 = CARTESIAN_POINT('',(109.727,126.7,4.8));
#648 = VECTOR('',#649,1.);
#649 = DIRECTION('',(-0.,-0.,-1.));
#650 = ORIENTED_EDGE('',*,*,#613,.F.);
#651 = ORIENTED_EDGE('',*,*,#181,.T.);
#652 = ORIENTED_EDGE('',*,*,#413,.T.);
#653 = ORIENTED_EDGE('',*,*,#654,.T.);
#654 = EDGE_CURVE('',#406,#655,#657,.T.);
#655 = VERTEX_POINT('',#656);
#656 = CARTESIAN_POINT('',(106.827,126.7,6.6));
#657 = LINE('',#658,#659);
#658 = CARTESIAN_POINT('',(106.827,126.7,6.6));
#659 = VECTOR('',#660,1.);
#660 = DIRECTION('',(0.,0.,1.));
#661 = ORIENTED_EDGE('',*,*,#662,.T.);
#662 = EDGE_CURVE('',#655,#644,#663,.T.);
#663 = LINE('',#664,#665);
#664 = CARTESIAN_POINT('',(106.827,126.7,6.6));
#665 = VECTOR('',#666,1.);
#666 = DIRECTION('',(1.,0.,0.));
#667 = PLANE('',#668);
#668 = AXIS2_PLACEMENT_3D('',#669,#670,#671);
#669 = CARTESIAN_POINT('',(108.13565384615,126.7,5.591346153846));
#670 = DIRECTION('',(-1.81E-15,1.,0.));
#671 = DIRECTION('',(1.,1.81E-15,0.));
#672 = ADVANCED_FACE('',(#673),#789,.T.);
#673 = FACE_BOUND('',#674,.T.);
#674 = EDGE_LOOP('',(#675,#683,#691,#699,#707,#715,#723,#731,#739,#747,
    #755,#763,#771,#779,#785,#786,#787,#788));
#675 = ORIENTED_EDGE('',*,*,#676,.T.);
#676 = EDGE_CURVE('',#381,#677,#679,.T.);
#677 = VERTEX_POINT('',#678);
#678 = CARTESIAN_POINT('',(5.91,145.,3.8));
#679 = LINE('',#680,#681);
#680 = CARTESIAN_POINT('',(5.91,145.,4.9));
#681 = VECTOR('',#682,1.);
#682 = DIRECTION('',(0.,0.,-1.));
#683 = ORIENTED_EDGE('',*,*,#684,.T.);
#684 = EDGE_CURVE('',#677,#685,#687,.T.);
#685 = VERTEX_POINT('',#686);
#686 = CARTESIAN_POINT('',(6.263851118223,145.,3.8));
#687 = LINE('',#688,#689);
#688 = CARTESIAN_POINT('',(106.027,145.,3.8));
#689 = VECTOR('',#690,1.);
#690 = DIRECTION('',(1.,0.,0.));
#691 = ORIENTED_EDGE('',*,*,#692,.T.);
#692 = EDGE_CURVE('',#685,#693,#695,.T.);
#693 = VERTEX_POINT('',#694);
#694 = CARTESIAN_POINT('',(6.263851118223,145.,4.5));
#695 = LINE('',#696,#697);
#696 = CARTESIAN_POINT('',(6.263851118223,145.,3.8));
#697 = VECTOR('',#698,1.);
#698 = DIRECTION('',(0.,0.,1.));
#699 = ORIENTED_EDGE('',*,*,#700,.T.);
#700 = EDGE_CURVE('',#693,#701,#703,.T.);
#701 = VERTEX_POINT('',#702);
#702 = CARTESIAN_POINT('',(7.999393676494,145.,4.5));
#703 = LINE('',#704,#705);
#704 = CARTESIAN_POINT('',(106.027,145.,4.5));
#705 = VECTOR('',#706,1.);
#706 = DIRECTION('',(1.,0.,0.));
#707 = ORIENTED_EDGE('',*,*,#708,.F.);
#708 = EDGE_CURVE('',#709,#701,#711,.T.);
#709 = VERTEX_POINT('',#710);
#710 = CARTESIAN_POINT('',(7.999393676494,145.,4.2));
#711 = LINE('',#712,#713);
#712 = CARTESIAN_POINT('',(7.999393676494,145.,3.8));
#713 = VECTOR('',#714,1.);
#714 = DIRECTION('',(0.,0.,1.));
#715 = ORIENTED_EDGE('',*,*,#716,.T.);
#716 = EDGE_CURVE('',#709,#717,#719,.T.);
#717 = VERTEX_POINT('',#718);
#718 = CARTESIAN_POINT('',(15.727,145.,4.2));
#719 = LINE('',#720,#721);
#720 = CARTESIAN_POINT('',(7.999393676494,145.,4.2));
#721 = VECTOR('',#722,1.);
#722 = DIRECTION('',(1.,0.,0.));
#723 = ORIENTED_EDGE('',*,*,#724,.F.);
#724 = EDGE_CURVE('',#725,#717,#727,.T.);
#725 = VERTEX_POINT('',#726);
#726 = CARTESIAN_POINT('',(15.727,145.,4.5));
#727 = LINE('',#728,#729);
#728 = CARTESIAN_POINT('',(15.727,145.,3.8));
#729 = VECTOR('',#730,1.);
#730 = DIRECTION('',(-0.,-0.,-1.));
#731 = ORIENTED_EDGE('',*,*,#732,.T.);
#732 = EDGE_CURVE('',#725,#733,#735,.T.);
#733 = VERTEX_POINT('',#734);
#734 = CARTESIAN_POINT('',(17.227,145.,4.5));
#735 = LINE('',#736,#737);
#736 = CARTESIAN_POINT('',(106.027,145.,4.5));
#737 = VECTOR('',#738,1.);
#738 = DIRECTION('',(1.,0.,0.));
#739 = ORIENTED_EDGE('',*,*,#740,.F.);
#740 = EDGE_CURVE('',#741,#733,#743,.T.);
#741 = VERTEX_POINT('',#742);
#742 = CARTESIAN_POINT('',(17.227,145.,3.8));
#743 = LINE('',#744,#745);
#744 = CARTESIAN_POINT('',(17.227,145.,3.8));
#745 = VECTOR('',#746,1.);
#746 = DIRECTION('',(0.,0.,1.));
#747 = ORIENTED_EDGE('',*,*,#748,.T.);
#748 = EDGE_CURVE('',#741,#749,#751,.T.);
#749 = VERTEX_POINT('',#750);
#750 = CARTESIAN_POINT('',(96.527000000059,145.,3.8));
#751 = LINE('',#752,#753);
#752 = CARTESIAN_POINT('',(106.027,145.,3.8));
#753 = VECTOR('',#754,1.);
#754 = DIRECTION('',(1.,0.,0.));
#755 = ORIENTED_EDGE('',*,*,#756,.T.);
#756 = EDGE_CURVE('',#749,#757,#759,.T.);
#757 = VERTEX_POINT('',#758);
#758 = CARTESIAN_POINT('',(96.527000000059,145.,4.5));
#759 = LINE('',#760,#761);
#760 = CARTESIAN_POINT('',(96.527000000059,145.,3.8));
#761 = VECTOR('',#762,1.);
#762 = DIRECTION('',(0.,0.,1.));
#763 = ORIENTED_EDGE('',*,*,#764,.T.);
#764 = EDGE_CURVE('',#757,#765,#767,.T.);
#765 = VERTEX_POINT('',#766);
#766 = CARTESIAN_POINT('',(99.127000000059,145.,4.5));
#767 = LINE('',#768,#769);
#768 = CARTESIAN_POINT('',(106.027,145.,4.5));
#769 = VECTOR('',#770,1.);
#770 = DIRECTION('',(1.,0.,0.));
#771 = ORIENTED_EDGE('',*,*,#772,.F.);
#772 = EDGE_CURVE('',#773,#765,#775,.T.);
#773 = VERTEX_POINT('',#774);
#774 = CARTESIAN_POINT('',(99.127000000059,145.,4.2));
#775 = LINE('',#776,#777);
#776 = CARTESIAN_POINT('',(99.127000000059,145.,3.8));
#777 = VECTOR('',#778,1.);
#778 = DIRECTION('',(0.,0.,1.));
#779 = ORIENTED_EDGE('',*,*,#780,.F.);
#780 = EDGE_CURVE('',#78,#773,#781,.T.);
#781 = LINE('',#782,#783);
#782 = CARTESIAN_POINT('',(106.527,145.,4.2));
#783 = VECTOR('',#784,1.);
#784 = DIRECTION('',(-1.,0.,0.));
#785 = ORIENTED_EDGE('',*,*,#77,.F.);
#786 = ORIENTED_EDGE('',*,*,#629,.T.);
#787 = ORIENTED_EDGE('',*,*,#578,.T.);
#788 = ORIENTED_EDGE('',*,*,#388,.F.);
#789 = PLANE('',#790);
#790 = AXIS2_PLACEMENT_3D('',#791,#792,#793);
#791 = CARTESIAN_POINT('',(55.889959694713,145.,5.085128007509));
#792 = DIRECTION('',(-0.,-1.,-0.));
#793 = DIRECTION('',(0.,0.,-1.));
#794 = ADVANCED_FACE('',(#795),#822,.T.);
#795 = FACE_BOUND('',#796,.T.);
#796 = EDGE_LOOP('',(#797,#798,#799,#807,#816));
#797 = ORIENTED_EDGE('',*,*,#85,.F.);
#798 = ORIENTED_EDGE('',*,*,#780,.T.);
#799 = ORIENTED_EDGE('',*,*,#800,.T.);
#800 = EDGE_CURVE('',#773,#801,#803,.T.);
#801 = VERTEX_POINT('',#802);
#802 = CARTESIAN_POINT('',(99.127000000059,139.,4.2));
#803 = LINE('',#804,#805);
#804 = CARTESIAN_POINT('',(99.127000000059,145.,4.2));
#805 = VECTOR('',#806,1.);
#806 = DIRECTION('',(0.,-1.,0.));
#807 = ORIENTED_EDGE('',*,*,#808,.T.);
#808 = EDGE_CURVE('',#801,#809,#811,.T.);
#809 = VERTEX_POINT('',#810);
#810 = CARTESIAN_POINT('',(100.527,137.60000000005,4.2));
#811 = CIRCLE('',#812,1.4);
#812 = AXIS2_PLACEMENT_3D('',#813,#814,#815);
#813 = CARTESIAN_POINT('',(100.527,139.,4.2));
#814 = DIRECTION('',(0.,0.,1.));
#815 = DIRECTION('',(1.,0.,0.));
#816 = ORIENTED_EDGE('',*,*,#817,.F.);
#817 = EDGE_CURVE('',#86,#809,#818,.T.);
#818 = LINE('',#819,#820);
#819 = CARTESIAN_POINT('',(106.527,137.60000000005,4.2));
#820 = VECTOR('',#821,1.);
#821 = DIRECTION('',(-1.,0.,0.));
#822 = PLANE('',#823);
#823 = AXIS2_PLACEMENT_3D('',#824,#825,#826);
#824 = CARTESIAN_POINT('',(102.91281468095,141.38581468095,4.2));
#825 = DIRECTION('',(0.,0.,1.));
#826 = DIRECTION('',(1.,0.,0.));
#827 = ADVANCED_FACE('',(#828),#862,.T.);
#828 = FACE_BOUND('',#829,.T.);
#829 = EDGE_LOOP('',(#830,#831,#839,#847,#855,#861));
#830 = ORIENTED_EDGE('',*,*,#165,.T.);
#831 = ORIENTED_EDGE('',*,*,#832,.T.);
#832 = EDGE_CURVE('',#158,#833,#835,.T.);
#833 = VERTEX_POINT('',#834);
#834 = CARTESIAN_POINT('',(109.727,23.3,4.8));
#835 = LINE('',#836,#837);
#836 = CARTESIAN_POINT('',(106.527,23.3,4.8));
#837 = VECTOR('',#838,1.);
#838 = DIRECTION('',(1.,0.,0.));
#839 = ORIENTED_EDGE('',*,*,#840,.F.);
#840 = EDGE_CURVE('',#841,#833,#843,.T.);
#841 = VERTEX_POINT('',#842);
#842 = CARTESIAN_POINT('',(109.727,23.3,6.6));
#843 = LINE('',#844,#845);
#844 = CARTESIAN_POINT('',(109.727,23.3,4.8));
#845 = VECTOR('',#846,1.);
#846 = DIRECTION('',(-0.,-0.,-1.));
#847 = ORIENTED_EDGE('',*,*,#848,.T.);
#848 = EDGE_CURVE('',#841,#849,#851,.T.);
#849 = VERTEX_POINT('',#850);
#850 = CARTESIAN_POINT('',(106.827,23.3,6.6));
#851 = LINE('',#852,#853);
#852 = CARTESIAN_POINT('',(109.727,23.3,6.6));
#853 = VECTOR('',#854,1.);
#854 = DIRECTION('',(-1.,0.,0.));
#855 = ORIENTED_EDGE('',*,*,#856,.F.);
#856 = EDGE_CURVE('',#301,#849,#857,.T.);
#857 = LINE('',#858,#859);
#858 = CARTESIAN_POINT('',(106.827,23.3,6.6));
#859 = VECTOR('',#860,1.);
#860 = DIRECTION('',(0.,0.,1.));
#861 = ORIENTED_EDGE('',*,*,#420,.F.);
#862 = PLANE('',#863);
#863 = AXIS2_PLACEMENT_3D('',#864,#865,#866);
#864 = CARTESIAN_POINT('',(108.13565384615,23.3,5.591346153846));
#865 = DIRECTION('',(-0.,-1.,-1.14E-15));
#866 = DIRECTION('',(0.,1.14E-15,-1.));
#867 = ADVANCED_FACE('',(#868),#886,.T.);
#868 = FACE_BOUND('',#869,.T.);
#869 = EDGE_LOOP('',(#870,#878,#879,#880));
#870 = ORIENTED_EDGE('',*,*,#871,.F.);
#871 = EDGE_CURVE('',#94,#872,#874,.T.);
#872 = VERTEX_POINT('',#873);
#873 = CARTESIAN_POINT('',(100.527,137.60000000005,4.5));
#874 = LINE('',#875,#876);
#875 = CARTESIAN_POINT('',(106.527,137.60000000005,4.5));
#876 = VECTOR('',#877,1.);
#877 = DIRECTION('',(-1.,0.,0.));
#878 = ORIENTED_EDGE('',*,*,#93,.T.);
#879 = ORIENTED_EDGE('',*,*,#817,.T.);
#880 = ORIENTED_EDGE('',*,*,#881,.F.);
#881 = EDGE_CURVE('',#872,#809,#882,.T.);
#882 = LINE('',#883,#884);
#883 = CARTESIAN_POINT('',(100.527,137.60000000005,3.8));
#884 = VECTOR('',#885,1.);
#885 = DIRECTION('',(-0.,-0.,-1.));
#886 = PLANE('',#887);
#887 = AXIS2_PLACEMENT_3D('',#888,#889,#890);
#888 = CARTESIAN_POINT('',(103.527,137.60000000005,4.05));
#889 = DIRECTION('',(0.,1.,0.));
#890 = DIRECTION('',(0.,0.,1.));
#891 = ADVANCED_FACE('',(#892),#910,.F.);
#892 = FACE_BOUND('',#893,.T.);
#893 = EDGE_LOOP('',(#894,#895,#903,#909));
#894 = ORIENTED_EDGE('',*,*,#157,.F.);
#895 = ORIENTED_EDGE('',*,*,#896,.T.);
#896 = EDGE_CURVE('',#150,#897,#899,.T.);
#897 = VERTEX_POINT('',#898);
#898 = CARTESIAN_POINT('',(109.727,23.1,4.6));
#899 = LINE('',#900,#901);
#900 = CARTESIAN_POINT('',(106.527,23.1,4.6));
#901 = VECTOR('',#902,1.);
#902 = DIRECTION('',(1.,0.,0.));
#903 = ORIENTED_EDGE('',*,*,#904,.T.);
#904 = EDGE_CURVE('',#897,#833,#905,.T.);
#905 = LINE('',#906,#907);
#906 = CARTESIAN_POINT('',(109.727,22.223475609756,3.723475609756));
#907 = VECTOR('',#908,1.);
#908 = DIRECTION('',(-4.98E-15,0.707106781187,0.707106781187));
#909 = ORIENTED_EDGE('',*,*,#832,.F.);
#910 = PLANE('',#911);
#911 = AXIS2_PLACEMENT_3D('',#912,#913,#914);
#912 = CARTESIAN_POINT('',(106.527,23.2,4.7));
#913 = DIRECTION('',(0.,0.707106781187,-0.707106781187));
#914 = DIRECTION('',(-1.,-0.,-0.));
#915 = ADVANCED_FACE('',(#916),#959,.T.);
#916 = FACE_BOUND('',#917,.T.);
#917 = EDGE_LOOP('',(#918,#929,#935,#936,#937,#946,#952,#953));
#918 = ORIENTED_EDGE('',*,*,#919,.F.);
#919 = EDGE_CURVE('',#920,#922,#924,.T.);
#920 = VERTEX_POINT('',#921);
#921 = CARTESIAN_POINT('',(100.527,135.,4.5));
#922 = VERTEX_POINT('',#923);
#923 = CARTESIAN_POINT('',(96.527000000059,139.00002174202,4.5));
#924 = CIRCLE('',#925,4.);
#925 = AXIS2_PLACEMENT_3D('',#926,#927,#928);
#926 = CARTESIAN_POINT('',(100.527,139.,4.5));
#927 = DIRECTION('',(0.,0.,-1.));
#928 = DIRECTION('',(1.,0.,0.));
#929 = ORIENTED_EDGE('',*,*,#930,.T.);
#930 = EDGE_CURVE('',#920,#102,#931,.T.);
#931 = LINE('',#932,#933);
#932 = CARTESIAN_POINT('',(100.527,135.,4.5));
#933 = VECTOR('',#934,1.);
#934 = DIRECTION('',(1.,0.,0.));
#935 = ORIENTED_EDGE('',*,*,#101,.T.);
#936 = ORIENTED_EDGE('',*,*,#871,.T.);
#937 = ORIENTED_EDGE('',*,*,#938,.T.);
#938 = EDGE_CURVE('',#872,#939,#941,.T.);
#939 = VERTEX_POINT('',#940);
#940 = CARTESIAN_POINT('',(99.127000000059,139.,4.5));
#941 = CIRCLE('',#942,1.4);
#942 = AXIS2_PLACEMENT_3D('',#943,#944,#945);
#943 = CARTESIAN_POINT('',(100.527,139.,4.5));
#944 = DIRECTION('',(0.,0.,-1.));
#945 = DIRECTION('',(1.,0.,0.));
#946 = ORIENTED_EDGE('',*,*,#947,.F.);
#947 = EDGE_CURVE('',#765,#939,#948,.T.);
#948 = LINE('',#949,#950);
#949 = CARTESIAN_POINT('',(99.127000000059,145.,4.5));
#950 = VECTOR('',#951,1.);
#951 = DIRECTION('',(0.,-1.,0.));
#952 = ORIENTED_EDGE('',*,*,#764,.F.);
#953 = ORIENTED_EDGE('',*,*,#954,.F.);
#954 = EDGE_CURVE('',#922,#757,#955,.T.);
#955 = LINE('',#956,#957);
#956 = CARTESIAN_POINT('',(96.527000000059,139.00002174202,4.5));
#957 = VECTOR('',#958,1.);
#958 = DIRECTION('',(0.,1.,0.));
#959 = PLANE('',#960);
#960 = AXIS2_PLACEMENT_3D('',#961,#962,#963);
#961 = CARTESIAN_POINT('',(55.905620266614,98.528687041931,4.5));
#962 = DIRECTION('',(0.,0.,1.));
#963 = DIRECTION('',(1.,0.,0.));
#964 = ADVANCED_FACE('',(#965),#1049,.T.);
#965 = FACE_BOUND('',#966,.T.);
#966 = EDGE_LOOP('',(#967,#975,#976,#977,#985,#993,#1001,#1009,#1017,
    #1026,#1034,#1043));
#967 = ORIENTED_EDGE('',*,*,#968,.T.);
#968 = EDGE_CURVE('',#969,#897,#971,.T.);
#969 = VERTEX_POINT('',#970);
#970 = CARTESIAN_POINT('',(109.727,23.,4.6));
#971 = LINE('',#972,#973);
#972 = CARTESIAN_POINT('',(109.727,23.,4.6));
#973 = VECTOR('',#974,1.);
#974 = DIRECTION('',(0.,1.,0.));
#975 = ORIENTED_EDGE('',*,*,#896,.F.);
#976 = ORIENTED_EDGE('',*,*,#149,.T.);
#977 = ORIENTED_EDGE('',*,*,#978,.T.);
#978 = EDGE_CURVE('',#142,#979,#981,.T.);
#979 = VERTEX_POINT('',#980);
#980 = CARTESIAN_POINT('',(106.827,19.,4.6));
#981 = LINE('',#982,#983);
#982 = CARTESIAN_POINT('',(106.527,19.,4.6));
#983 = VECTOR('',#984,1.);
#984 = DIRECTION('',(1.,0.,0.));
#985 = ORIENTED_EDGE('',*,*,#986,.T.);
#986 = EDGE_CURVE('',#979,#987,#989,.T.);
#987 = VERTEX_POINT('',#988);
#988 = CARTESIAN_POINT('',(106.827,13.2,4.6));
#989 = LINE('',#990,#991);
#990 = CARTESIAN_POINT('',(106.827,23.,4.6));
#991 = VECTOR('',#992,1.);
#992 = DIRECTION('',(0.,-1.,0.));
#993 = ORIENTED_EDGE('',*,*,#994,.T.);
#994 = EDGE_CURVE('',#987,#995,#997,.T.);
#995 = VERTEX_POINT('',#996);
#996 = CARTESIAN_POINT('',(109.69173452104,13.2,4.6));
#997 = LINE('',#998,#999);
#998 = CARTESIAN_POINT('',(106.827,13.2,4.6));
#999 = VECTOR('',#1000,1.);
#1000 = DIRECTION('',(1.,0.,0.));
#1001 = ORIENTED_EDGE('',*,*,#1002,.F.);
#1002 = EDGE_CURVE('',#1003,#995,#1005,.T.);
#1003 = VERTEX_POINT('',#1004);
#1004 = CARTESIAN_POINT('',(109.727,13.,4.6));
#1005 = LINE('',#1006,#1007);
#1006 = CARTESIAN_POINT('',(109.33296106124,15.234700621674,4.6));
#1007 = VECTOR('',#1008,1.);
#1008 = DIRECTION('',(-0.173648573161,0.984807683276,0.));
#1009 = ORIENTED_EDGE('',*,*,#1010,.T.);
#1010 = EDGE_CURVE('',#1003,#1011,#1013,.T.);
#1011 = VERTEX_POINT('',#1012);
#1012 = CARTESIAN_POINT('',(109.98142304982,11.557098571494,4.6));
#1013 = LINE('',#1014,#1015);
#1014 = CARTESIAN_POINT('',(109.727,13.,4.6));
#1015 = VECTOR('',#1016,1.);
#1016 = DIRECTION('',(0.173648573161,-0.984807683276,0.));
#1017 = ORIENTED_EDGE('',*,*,#1018,.F.);
#1018 = EDGE_CURVE('',#1019,#1011,#1021,.T.);
#1019 = VERTEX_POINT('',#1020);
#1020 = CARTESIAN_POINT('',(110.027,11.03615285201,4.6));
#1021 = CIRCLE('',#1022,3.);
#1022 = AXIS2_PLACEMENT_3D('',#1023,#1024,#1025);
#1023 = CARTESIAN_POINT('',(107.027,11.03615285201,4.6));
#1024 = DIRECTION('',(0.,-0.,1.));
#1025 = DIRECTION('',(0.,1.,0.));
#1026 = ORIENTED_EDGE('',*,*,#1027,.F.);
#1027 = EDGE_CURVE('',#1028,#1019,#1030,.T.);
#1028 = VERTEX_POINT('',#1029);
#1029 = CARTESIAN_POINT('',(110.027,24.96384714796,4.6));
#1030 = LINE('',#1031,#1032);
#1031 = CARTESIAN_POINT('',(110.027,46.999982579601,4.6));
#1032 = VECTOR('',#1033,1.);
#1033 = DIRECTION('',(0.,-1.,0.));
#1034 = ORIENTED_EDGE('',*,*,#1035,.T.);
#1035 = EDGE_CURVE('',#1028,#1036,#1038,.T.);
#1036 = VERTEX_POINT('',#1037);
#1037 = CARTESIAN_POINT('',(109.98142304982,24.442901428465,4.6));
#1038 = CIRCLE('',#1039,3.);
#1039 = AXIS2_PLACEMENT_3D('',#1040,#1041,#1042);
#1040 = CARTESIAN_POINT('',(107.027,24.96384714796,4.6));
#1041 = DIRECTION('',(0.,0.,-1.));
#1042 = DIRECTION('',(0.,1.,0.));
#1043 = ORIENTED_EDGE('',*,*,#1044,.F.);
#1044 = EDGE_CURVE('',#969,#1036,#1045,.T.);
#1045 = LINE('',#1046,#1047);
#1046 = CARTESIAN_POINT('',(109.727,23.,4.6));
#1047 = VECTOR('',#1048,1.);
#1048 = DIRECTION('',(0.173648573165,0.984807683275,0.));
#1049 = PLANE('',#1050);
#1050 = AXIS2_PLACEMENT_3D('',#1051,#1052,#1053);
#1051 = CARTESIAN_POINT('',(108.67982798317,18.167597439786,4.6));
#1052 = DIRECTION('',(0.,0.,1.));
#1053 = DIRECTION('',(1.,0.,0.));
#1054 = ADVANCED_FACE('',(#1055),#1089,.T.);
#1055 = FACE_BOUND('',#1056,.T.);
#1056 = EDGE_LOOP('',(#1057,#1067,#1075,#1081,#1082,#1083));
#1057 = ORIENTED_EDGE('',*,*,#1058,.F.);
#1058 = EDGE_CURVE('',#1059,#1061,#1063,.T.);
#1059 = VERTEX_POINT('',#1060);
#1060 = CARTESIAN_POINT('',(109.027,135.,2.3));
#1061 = VERTEX_POINT('',#1062);
#1062 = CARTESIAN_POINT('',(100.527,135.,2.3));
#1063 = LINE('',#1064,#1065);
#1064 = CARTESIAN_POINT('',(110.027,135.,2.3));
#1065 = VECTOR('',#1066,1.);
#1066 = DIRECTION('',(-1.,-0.,-0.));
#1067 = ORIENTED_EDGE('',*,*,#1068,.F.);
#1068 = EDGE_CURVE('',#1069,#1059,#1071,.T.);
#1069 = VERTEX_POINT('',#1070);
#1070 = CARTESIAN_POINT('',(109.027,135.,3.8));
#1071 = LINE('',#1072,#1073);
#1072 = CARTESIAN_POINT('',(109.027,135.,3.8));
#1073 = VECTOR('',#1074,1.);
#1074 = DIRECTION('',(0.,0.,-1.));
#1075 = ORIENTED_EDGE('',*,*,#1076,.F.);
#1076 = EDGE_CURVE('',#110,#1069,#1077,.T.);
#1077 = LINE('',#1078,#1079);
#1078 = CARTESIAN_POINT('',(100.527,135.,3.8));
#1079 = VECTOR('',#1080,1.);
#1080 = DIRECTION('',(1.,0.,0.));
#1081 = ORIENTED_EDGE('',*,*,#109,.T.);
#1082 = ORIENTED_EDGE('',*,*,#930,.F.);
#1083 = ORIENTED_EDGE('',*,*,#1084,.F.);
#1084 = EDGE_CURVE('',#1061,#920,#1085,.T.);
#1085 = LINE('',#1086,#1087);
#1086 = CARTESIAN_POINT('',(100.527,135.,3.8));
#1087 = VECTOR('',#1088,1.);
#1088 = DIRECTION('',(0.,0.,1.));
#1089 = PLANE('',#1090);
#1090 = AXIS2_PLACEMENT_3D('',#1091,#1092,#1093);
#1091 = CARTESIAN_POINT('',(105.17229914529,135.,3.295299145299));
#1092 = DIRECTION('',(-0.,-1.,-0.));
#1093 = DIRECTION('',(0.,0.,-1.));
#1094 = ADVANCED_FACE('',(#1095),#1136,.T.);
#1095 = FACE_BOUND('',#1096,.T.);
#1096 = EDGE_LOOP('',(#1097,#1107,#1113,#1114,#1120,#1121,#1122,#1130));
#1097 = ORIENTED_EDGE('',*,*,#1098,.F.);
#1098 = EDGE_CURVE('',#1099,#1101,#1103,.T.);
#1099 = VERTEX_POINT('',#1100);
#1100 = CARTESIAN_POINT('',(5.91,19.,3.8));
#1101 = VERTEX_POINT('',#1102);
#1102 = CARTESIAN_POINT('',(106.027,19.,3.8));
#1103 = LINE('',#1104,#1105);
#1104 = CARTESIAN_POINT('',(5.91,19.,3.8));
#1105 = VECTOR('',#1106,1.);
#1106 = DIRECTION('',(1.,0.,0.));
#1107 = ORIENTED_EDGE('',*,*,#1108,.T.);
#1108 = EDGE_CURVE('',#1099,#309,#1109,.T.);
#1109 = LINE('',#1110,#1111);
#1110 = CARTESIAN_POINT('',(5.91,19.,6.1));
#1111 = VECTOR('',#1112,1.);
#1112 = DIRECTION('',(0.,0.,1.));
#1113 = ORIENTED_EDGE('',*,*,#308,.F.);
#1114 = ORIENTED_EDGE('',*,*,#1115,.T.);
#1115 = EDGE_CURVE('',#299,#979,#1116,.T.);
#1116 = LINE('',#1117,#1118);
#1117 = CARTESIAN_POINT('',(106.827,19.,4.8));
#1118 = VECTOR('',#1119,1.);
#1119 = DIRECTION('',(-0.,-0.,-1.));
#1120 = ORIENTED_EDGE('',*,*,#978,.F.);
#1121 = ORIENTED_EDGE('',*,*,#141,.F.);
#1122 = ORIENTED_EDGE('',*,*,#1123,.F.);
#1123 = EDGE_CURVE('',#1124,#134,#1126,.T.);
#1124 = VERTEX_POINT('',#1125);
#1125 = CARTESIAN_POINT('',(106.027,19.,4.8));
#1126 = LINE('',#1127,#1128);
#1127 = CARTESIAN_POINT('',(106.027,19.,4.8));
#1128 = VECTOR('',#1129,1.);
#1129 = DIRECTION('',(1.,0.,0.));
#1130 = ORIENTED_EDGE('',*,*,#1131,.F.);
#1131 = EDGE_CURVE('',#1101,#1124,#1132,.T.);
#1132 = LINE('',#1133,#1134);
#1133 = CARTESIAN_POINT('',(106.027,19.,4.6));
#1134 = VECTOR('',#1135,1.);
#1135 = DIRECTION('',(0.,0.,1.));
#1136 = PLANE('',#1137);
#1137 = AXIS2_PLACEMENT_3D('',#1138,#1139,#1140);
#1138 = CARTESIAN_POINT('',(56.461744351796,19.,5.052895277802));
#1139 = DIRECTION('',(0.,1.,0.));
#1140 = DIRECTION('',(0.,0.,1.));
#1141 = ADVANCED_FACE('',(#1142,#1434,#1445,#1515,#1585,#1655,#1689,
    #1700,#1734,#1768),#1802,.F.);
#1142 = FACE_BOUND('',#1143,.F.);
#1143 = EDGE_LOOP('',(#1144,#1155,#1163,#1170,#1171,#1172,#1180,#1186,
    #1187,#1195,#1204,#1212,#1220,#1228,#1236,#1244,#1252,#1260,#1268,
    #1276,#1284,#1292,#1300,#1308,#1316,#1324,#1332,#1340,#1348,#1356,
    #1364,#1372,#1380,#1388,#1396,#1404,#1412,#1420,#1428));
#1144 = ORIENTED_EDGE('',*,*,#1145,.F.);
#1145 = EDGE_CURVE('',#1146,#1148,#1150,.T.);
#1146 = VERTEX_POINT('',#1147);
#1147 = CARTESIAN_POINT('',(110.027,11.,3.8));
#1148 = VERTEX_POINT('',#1149);
#1149 = CARTESIAN_POINT('',(100.527,1.5,3.8));
#1150 = CIRCLE('',#1151,9.5);
#1151 = AXIS2_PLACEMENT_3D('',#1152,#1153,#1154);
#1152 = CARTESIAN_POINT('',(100.527,11.,3.8));
#1153 = DIRECTION('',(0.,0.,-1.));
#1154 = DIRECTION('',(1.,0.,0.));
#1155 = ORIENTED_EDGE('',*,*,#1156,.T.);
#1156 = EDGE_CURVE('',#1146,#1157,#1159,.T.);
#1157 = VERTEX_POINT('',#1158);
#1158 = CARTESIAN_POINT('',(110.027,136.,3.8));
#1159 = LINE('',#1160,#1161);
#1160 = CARTESIAN_POINT('',(110.027,76.486368897256,3.8));
#1161 = VECTOR('',#1162,1.);
#1162 = DIRECTION('',(0.,1.,0.));
#1163 = ORIENTED_EDGE('',*,*,#1164,.T.);
#1164 = EDGE_CURVE('',#1157,#1069,#1165,.T.);
#1165 = CIRCLE('',#1166,1.);
#1166 = AXIS2_PLACEMENT_3D('',#1167,#1168,#1169);
#1167 = CARTESIAN_POINT('',(109.027,136.,3.8));
#1168 = DIRECTION('',(0.,0.,-1.));
#1169 = DIRECTION('',(0.,1.,0.));
#1170 = ORIENTED_EDGE('',*,*,#1076,.F.);
#1171 = ORIENTED_EDGE('',*,*,#117,.T.);
#1172 = ORIENTED_EDGE('',*,*,#1173,.T.);
#1173 = EDGE_CURVE('',#118,#1174,#1176,.T.);
#1174 = VERTEX_POINT('',#1175);
#1175 = CARTESIAN_POINT('',(106.027,13.,3.8));
#1176 = LINE('',#1177,#1178);
#1177 = CARTESIAN_POINT('',(106.527,13.,3.8));
#1178 = VECTOR('',#1179,1.);
#1179 = DIRECTION('',(-1.,0.,0.));
#1180 = ORIENTED_EDGE('',*,*,#1181,.T.);
#1181 = EDGE_CURVE('',#1174,#1101,#1182,.T.);
#1182 = LINE('',#1183,#1184);
#1183 = CARTESIAN_POINT('',(106.027,13.,3.8));
#1184 = VECTOR('',#1185,1.);
#1185 = DIRECTION('',(0.,1.,0.));
#1186 = ORIENTED_EDGE('',*,*,#1098,.F.);
#1187 = ORIENTED_EDGE('',*,*,#1188,.F.);
#1188 = EDGE_CURVE('',#1189,#1099,#1191,.T.);
#1189 = VERTEX_POINT('',#1190);
#1190 = CARTESIAN_POINT('',(5.91,2.5,3.8));
#1191 = LINE('',#1192,#1193);
#1192 = CARTESIAN_POINT('',(5.91,1.5,3.8));
#1193 = VECTOR('',#1194,1.);
#1194 = DIRECTION('',(0.,1.,0.));
#1195 = ORIENTED_EDGE('',*,*,#1196,.T.);
#1196 = EDGE_CURVE('',#1189,#1197,#1199,.T.);
#1197 = VERTEX_POINT('',#1198);
#1198 = CARTESIAN_POINT('',(6.91,1.5,3.8));
#1199 = CIRCLE('',#1200,1.);
#1200 = AXIS2_PLACEMENT_3D('',#1201,#1202,#1203);
#1201 = CARTESIAN_POINT('',(6.91,2.5,3.8));
#1202 = DIRECTION('',(0.,-0.,1.));
#1203 = DIRECTION('',(0.,1.,0.));
#1204 = ORIENTED_EDGE('',*,*,#1205,.T.);
#1205 = EDGE_CURVE('',#1197,#1206,#1208,.T.);
#1206 = VERTEX_POINT('',#1207);
#1207 = CARTESIAN_POINT('',(35.9226,1.5,3.8));
#1208 = LINE('',#1209,#1210);
#1209 = CARTESIAN_POINT('',(5.91,1.5,3.8));
#1210 = VECTOR('',#1211,1.);
#1211 = DIRECTION('',(1.,0.,0.));
#1212 = ORIENTED_EDGE('',*,*,#1213,.F.);
#1213 = EDGE_CURVE('',#1214,#1206,#1216,.T.);
#1214 = VERTEX_POINT('',#1215);
#1215 = CARTESIAN_POINT('',(35.9226,1.7,3.8));
#1216 = LINE('',#1217,#1218);
#1217 = CARTESIAN_POINT('',(35.9226,5.9,3.8));
#1218 = VECTOR('',#1219,1.);
#1219 = DIRECTION('',(0.,-1.,0.));
#1220 = ORIENTED_EDGE('',*,*,#1221,.F.);
#1221 = EDGE_CURVE('',#1222,#1214,#1224,.T.);
#1222 = VERTEX_POINT('',#1223);
#1223 = CARTESIAN_POINT('',(24.527,1.7,3.8));
#1224 = LINE('',#1225,#1226);
#1225 = CARTESIAN_POINT('',(24.527,1.7,3.8));
#1226 = VECTOR('',#1227,1.);
#1227 = DIRECTION('',(1.,0.,0.));
#1228 = ORIENTED_EDGE('',*,*,#1229,.T.);
#1229 = EDGE_CURVE('',#1222,#1230,#1232,.T.);
#1230 = VERTEX_POINT('',#1231);
#1231 = CARTESIAN_POINT('',(24.527,3.8,3.8));
#1232 = LINE('',#1233,#1234);
#1233 = CARTESIAN_POINT('',(24.527,1.7,3.8));
#1234 = VECTOR('',#1235,1.);
#1235 = DIRECTION('',(0.,1.,0.));
#1236 = ORIENTED_EDGE('',*,*,#1237,.T.);
#1237 = EDGE_CURVE('',#1230,#1238,#1240,.T.);
#1238 = VERTEX_POINT('',#1239);
#1239 = CARTESIAN_POINT('',(35.9226,3.8,3.8));
#1240 = LINE('',#1241,#1242);
#1241 = CARTESIAN_POINT('',(24.527,3.8,3.8));
#1242 = VECTOR('',#1243,1.);
#1243 = DIRECTION('',(1.,0.,0.));
#1244 = ORIENTED_EDGE('',*,*,#1245,.T.);
#1245 = EDGE_CURVE('',#1238,#1246,#1248,.T.);
#1246 = VERTEX_POINT('',#1247);
#1247 = CARTESIAN_POINT('',(35.9226,8.0977,3.8));
#1248 = LINE('',#1249,#1250);
#1249 = CARTESIAN_POINT('',(35.9226,5.9,3.8));
#1250 = VECTOR('',#1251,1.);
#1251 = DIRECTION('',(0.,1.,0.));
#1252 = ORIENTED_EDGE('',*,*,#1253,.T.);
#1253 = EDGE_CURVE('',#1246,#1254,#1256,.T.);
#1254 = VERTEX_POINT('',#1255);
#1255 = CARTESIAN_POINT('',(32.9226,8.0977,3.8));
#1256 = LINE('',#1257,#1258);
#1257 = CARTESIAN_POINT('',(35.9226,8.0977,3.8));
#1258 = VECTOR('',#1259,1.);
#1259 = DIRECTION('',(-1.,0.,0.));
#1260 = ORIENTED_EDGE('',*,*,#1261,.T.);
#1261 = EDGE_CURVE('',#1254,#1262,#1264,.T.);
#1262 = VERTEX_POINT('',#1263);
#1263 = CARTESIAN_POINT('',(32.9226,12.0977,3.8));
#1264 = LINE('',#1265,#1266);
#1265 = CARTESIAN_POINT('',(32.9226,8.0977,3.8));
#1266 = VECTOR('',#1267,1.);
#1267 = DIRECTION('',(0.,1.,0.));
#1268 = ORIENTED_EDGE('',*,*,#1269,.T.);
#1269 = EDGE_CURVE('',#1262,#1270,#1272,.T.);
#1270 = VERTEX_POINT('',#1271);
#1271 = CARTESIAN_POINT('',(34.9226,12.0977,3.8));
#1272 = LINE('',#1273,#1274);
#1273 = CARTESIAN_POINT('',(32.9226,12.0977,3.8));
#1274 = VECTOR('',#1275,1.);
#1275 = DIRECTION('',(1.,0.,0.));
#1276 = ORIENTED_EDGE('',*,*,#1277,.T.);
#1277 = EDGE_CURVE('',#1270,#1278,#1280,.T.);
#1278 = VERTEX_POINT('',#1279);
#1279 = CARTESIAN_POINT('',(34.9226,15.6977,3.8));
#1280 = LINE('',#1281,#1282);
#1281 = CARTESIAN_POINT('',(34.9226,12.0977,3.8));
#1282 = VECTOR('',#1283,1.);
#1283 = DIRECTION('',(0.,1.,0.));
#1284 = ORIENTED_EDGE('',*,*,#1285,.T.);
#1285 = EDGE_CURVE('',#1278,#1286,#1288,.T.);
#1286 = VERTEX_POINT('',#1287);
#1287 = CARTESIAN_POINT('',(42.9226,15.6977,3.8));
#1288 = LINE('',#1289,#1290);
#1289 = CARTESIAN_POINT('',(34.9226,15.6977,3.8));
#1290 = VECTOR('',#1291,1.);
#1291 = DIRECTION('',(1.,0.,0.));
#1292 = ORIENTED_EDGE('',*,*,#1293,.F.);
#1293 = EDGE_CURVE('',#1294,#1286,#1296,.T.);
#1294 = VERTEX_POINT('',#1295);
#1295 = CARTESIAN_POINT('',(42.9226,12.0977,3.8));
#1296 = LINE('',#1297,#1298);
#1297 = CARTESIAN_POINT('',(42.9226,12.0977,3.8));
#1298 = VECTOR('',#1299,1.);
#1299 = DIRECTION('',(0.,1.,0.));
#1300 = ORIENTED_EDGE('',*,*,#1301,.F.);
#1301 = EDGE_CURVE('',#1302,#1294,#1304,.T.);
#1302 = VERTEX_POINT('',#1303);
#1303 = CARTESIAN_POINT('',(44.9226,12.0977,3.8));
#1304 = LINE('',#1305,#1306);
#1305 = CARTESIAN_POINT('',(44.9226,12.0977,3.8));
#1306 = VECTOR('',#1307,1.);
#1307 = DIRECTION('',(-1.,0.,0.));
#1308 = ORIENTED_EDGE('',*,*,#1309,.F.);
#1309 = EDGE_CURVE('',#1310,#1302,#1312,.T.);
#1310 = VERTEX_POINT('',#1311);
#1311 = CARTESIAN_POINT('',(44.9226,8.0977,3.8));
#1312 = LINE('',#1313,#1314);
#1313 = CARTESIAN_POINT('',(44.9226,8.0977,3.8));
#1314 = VECTOR('',#1315,1.);
#1315 = DIRECTION('',(0.,1.,0.));
#1316 = ORIENTED_EDGE('',*,*,#1317,.F.);
#1317 = EDGE_CURVE('',#1318,#1310,#1320,.T.);
#1318 = VERTEX_POINT('',#1319);
#1319 = CARTESIAN_POINT('',(41.9226,8.0977,3.8));
#1320 = LINE('',#1321,#1322);
#1321 = CARTESIAN_POINT('',(41.9226,8.0977,3.8));
#1322 = VECTOR('',#1323,1.);
#1323 = DIRECTION('',(1.,0.,0.));
#1324 = ORIENTED_EDGE('',*,*,#1325,.T.);
#1325 = EDGE_CURVE('',#1318,#1326,#1328,.T.);
#1326 = VERTEX_POINT('',#1327);
#1327 = CARTESIAN_POINT('',(41.9226,1.5,3.8));
#1328 = LINE('',#1329,#1330);
#1329 = CARTESIAN_POINT('',(41.9226,5.9,3.8));
#1330 = VECTOR('',#1331,1.);
#1331 = DIRECTION('',(0.,-1.,0.));
#1332 = ORIENTED_EDGE('',*,*,#1333,.T.);
#1333 = EDGE_CURVE('',#1326,#1334,#1336,.T.);
#1334 = VERTEX_POINT('',#1335);
#1335 = CARTESIAN_POINT('',(52.327,1.5,3.8));
#1336 = LINE('',#1337,#1338);
#1337 = CARTESIAN_POINT('',(5.91,1.5,3.8));
#1338 = VECTOR('',#1339,1.);
#1339 = DIRECTION('',(1.,0.,0.));
#1340 = ORIENTED_EDGE('',*,*,#1341,.T.);
#1341 = EDGE_CURVE('',#1334,#1342,#1344,.T.);
#1342 = VERTEX_POINT('',#1343);
#1343 = CARTESIAN_POINT('',(52.327,1.7,3.8));
#1344 = LINE('',#1345,#1346);
#1345 = CARTESIAN_POINT('',(52.327,1.5,3.8));
#1346 = VECTOR('',#1347,1.);
#1347 = DIRECTION('',(0.,1.,-2.2E-16));
#1348 = ORIENTED_EDGE('',*,*,#1349,.F.);
#1349 = EDGE_CURVE('',#1350,#1342,#1352,.T.);
#1350 = VERTEX_POINT('',#1351);
#1351 = CARTESIAN_POINT('',(41.927,1.7,3.8));
#1352 = LINE('',#1353,#1354);
#1353 = CARTESIAN_POINT('',(41.927,1.7,3.8));
#1354 = VECTOR('',#1355,1.);
#1355 = DIRECTION('',(1.,0.,0.));
#1356 = ORIENTED_EDGE('',*,*,#1357,.T.);
#1357 = EDGE_CURVE('',#1350,#1358,#1360,.T.);
#1358 = VERTEX_POINT('',#1359);
#1359 = CARTESIAN_POINT('',(41.927,3.8,3.8));
#1360 = LINE('',#1361,#1362);
#1361 = CARTESIAN_POINT('',(41.927,1.7,3.8));
#1362 = VECTOR('',#1363,1.);
#1363 = DIRECTION('',(0.,1.,0.));
#1364 = ORIENTED_EDGE('',*,*,#1365,.F.);
#1365 = EDGE_CURVE('',#1366,#1358,#1368,.T.);
#1366 = VERTEX_POINT('',#1367);
#1367 = CARTESIAN_POINT('',(52.327,3.8,3.8));
#1368 = LINE('',#1369,#1370);
#1369 = CARTESIAN_POINT('',(66.527,3.8,3.8));
#1370 = VECTOR('',#1371,1.);
#1371 = DIRECTION('',(-1.,0.,0.));
#1372 = ORIENTED_EDGE('',*,*,#1373,.F.);
#1373 = EDGE_CURVE('',#1374,#1366,#1376,.T.);
#1374 = VERTEX_POINT('',#1375);
#1375 = CARTESIAN_POINT('',(52.327,9.,3.8));
#1376 = LINE('',#1377,#1378);
#1377 = CARTESIAN_POINT('',(52.327,38.513447463236,3.8));
#1378 = VECTOR('',#1379,1.);
#1379 = DIRECTION('',(0.,-1.,0.));
#1380 = ORIENTED_EDGE('',*,*,#1381,.F.);
#1381 = EDGE_CURVE('',#1382,#1374,#1384,.T.);
#1382 = VERTEX_POINT('',#1383);
#1383 = CARTESIAN_POINT('',(61.527,9.,3.8));
#1384 = LINE('',#1385,#1386);
#1385 = CARTESIAN_POINT('',(65.985964514524,9.,3.8));
#1386 = VECTOR('',#1387,1.);
#1387 = DIRECTION('',(-1.,0.,0.));
#1388 = ORIENTED_EDGE('',*,*,#1389,.F.);
#1389 = EDGE_CURVE('',#1390,#1382,#1392,.T.);
#1390 = VERTEX_POINT('',#1391);
#1391 = CARTESIAN_POINT('',(61.527,3.8,3.8));
#1392 = LINE('',#1393,#1394);
#1393 = CARTESIAN_POINT('',(61.527,1.5,3.8));
#1394 = VECTOR('',#1395,1.);
#1395 = DIRECTION('',(0.,1.,-2.2E-16));
#1396 = ORIENTED_EDGE('',*,*,#1397,.F.);
#1397 = EDGE_CURVE('',#1398,#1390,#1400,.T.);
#1398 = VERTEX_POINT('',#1399);
#1399 = CARTESIAN_POINT('',(66.527,3.8,3.8));
#1400 = LINE('',#1401,#1402);
#1401 = CARTESIAN_POINT('',(66.527,3.8,3.8));
#1402 = VECTOR('',#1403,1.);
#1403 = DIRECTION('',(-1.,0.,0.));
#1404 = ORIENTED_EDGE('',*,*,#1405,.F.);
#1405 = EDGE_CURVE('',#1406,#1398,#1408,.T.);
#1406 = VERTEX_POINT('',#1407);
#1407 = CARTESIAN_POINT('',(66.527,1.7,3.8));
#1408 = LINE('',#1409,#1410);
#1409 = CARTESIAN_POINT('',(66.527,1.7,3.8));
#1410 = VECTOR('',#1411,1.);
#1411 = DIRECTION('',(0.,1.,0.));
#1412 = ORIENTED_EDGE('',*,*,#1413,.T.);
#1413 = EDGE_CURVE('',#1406,#1414,#1416,.T.);
#1414 = VERTEX_POINT('',#1415);
#1415 = CARTESIAN_POINT('',(61.527,1.7,3.8));
#1416 = LINE('',#1417,#1418);
#1417 = CARTESIAN_POINT('',(66.527,1.7,3.8));
#1418 = VECTOR('',#1419,1.);
#1419 = DIRECTION('',(-1.,0.,0.));
#1420 = ORIENTED_EDGE('',*,*,#1421,.F.);
#1421 = EDGE_CURVE('',#1422,#1414,#1424,.T.);
#1422 = VERTEX_POINT('',#1423);
#1423 = CARTESIAN_POINT('',(61.527,1.5,3.8));
#1424 = LINE('',#1425,#1426);
#1425 = CARTESIAN_POINT('',(61.527,1.5,3.8));
#1426 = VECTOR('',#1427,1.);
#1427 = DIRECTION('',(0.,1.,-2.2E-16));
#1428 = ORIENTED_EDGE('',*,*,#1429,.T.);
#1429 = EDGE_CURVE('',#1422,#1148,#1430,.T.);
#1430 = LINE('',#1431,#1432);
#1431 = CARTESIAN_POINT('',(5.91,1.5,3.8));
#1432 = VECTOR('',#1433,1.);
#1433 = DIRECTION('',(1.,0.,0.));
#1434 = FACE_BOUND('',#1435,.F.);
#1435 = EDGE_LOOP('',(#1436));
#1436 = ORIENTED_EDGE('',*,*,#1437,.T.);
#1437 = EDGE_CURVE('',#1438,#1438,#1440,.T.);
#1438 = VERTEX_POINT('',#1439);
#1439 = CARTESIAN_POINT('',(17.227,11.,3.8));
#1440 = CIRCLE('',#1441,4.);
#1441 = AXIS2_PLACEMENT_3D('',#1442,#1443,#1444);
#1442 = CARTESIAN_POINT('',(13.227,11.,3.8));
#1443 = DIRECTION('',(0.,0.,-1.));
#1444 = DIRECTION('',(1.,0.,0.));
#1445 = FACE_BOUND('',#1446,.F.);
#1446 = EDGE_LOOP('',(#1447,#1457,#1466,#1474,#1483,#1491,#1500,#1508));
#1447 = ORIENTED_EDGE('',*,*,#1448,.F.);
#1448 = EDGE_CURVE('',#1449,#1451,#1453,.T.);
#1449 = VERTEX_POINT('',#1450);
#1450 = CARTESIAN_POINT('',(68.927,7.8,3.8));
#1451 = VERTEX_POINT('',#1452);
#1452 = CARTESIAN_POINT('',(68.927,9.8,3.8));
#1453 = LINE('',#1454,#1455);
#1454 = CARTESIAN_POINT('',(68.927,42.413447463236,3.8));
#1455 = VECTOR('',#1456,1.);
#1456 = DIRECTION('',(0.,1.,0.));
#1457 = ORIENTED_EDGE('',*,*,#1458,.F.);
#1458 = EDGE_CURVE('',#1459,#1449,#1461,.T.);
#1459 = VERTEX_POINT('',#1460);
#1460 = CARTESIAN_POINT('',(68.427,7.3,3.8));
#1461 = CIRCLE('',#1462,0.5);
#1462 = AXIS2_PLACEMENT_3D('',#1463,#1464,#1465);
#1463 = CARTESIAN_POINT('',(68.427,7.8,3.8));
#1464 = DIRECTION('',(0.,0.,1.));
#1465 = DIRECTION('',(1.,0.,0.));
#1466 = ORIENTED_EDGE('',*,*,#1467,.F.);
#1467 = EDGE_CURVE('',#1468,#1459,#1470,.T.);
#1468 = VERTEX_POINT('',#1469);
#1469 = CARTESIAN_POINT('',(67.427,7.3,3.8));
#1470 = LINE('',#1471,#1472);
#1471 = CARTESIAN_POINT('',(71.235964514524,7.3,3.8));
#1472 = VECTOR('',#1473,1.);
#1473 = DIRECTION('',(1.,0.,0.));
#1474 = ORIENTED_EDGE('',*,*,#1475,.F.);
#1475 = EDGE_CURVE('',#1476,#1468,#1478,.T.);
#1476 = VERTEX_POINT('',#1477);
#1477 = CARTESIAN_POINT('',(66.927,7.8,3.8));
#1478 = CIRCLE('',#1479,0.5);
#1479 = AXIS2_PLACEMENT_3D('',#1480,#1481,#1482);
#1480 = CARTESIAN_POINT('',(67.427,7.8,3.8));
#1481 = DIRECTION('',(0.,0.,1.));
#1482 = DIRECTION('',(1.,0.,0.));
#1483 = ORIENTED_EDGE('',*,*,#1484,.F.);
#1484 = EDGE_CURVE('',#1485,#1476,#1487,.T.);
#1485 = VERTEX_POINT('',#1486);
#1486 = CARTESIAN_POINT('',(66.927,9.8,3.8));
#1487 = LINE('',#1488,#1489);
#1488 = CARTESIAN_POINT('',(66.927,43.413447463236,3.8));
#1489 = VECTOR('',#1490,1.);
#1490 = DIRECTION('',(0.,-1.,0.));
#1491 = ORIENTED_EDGE('',*,*,#1492,.F.);
#1492 = EDGE_CURVE('',#1493,#1485,#1495,.T.);
#1493 = VERTEX_POINT('',#1494);
#1494 = CARTESIAN_POINT('',(67.427,10.3,3.8));
#1495 = CIRCLE('',#1496,0.5);
#1496 = AXIS2_PLACEMENT_3D('',#1497,#1498,#1499);
#1497 = CARTESIAN_POINT('',(67.427,9.8,3.8));
#1498 = DIRECTION('',(0.,0.,1.));
#1499 = DIRECTION('',(1.,0.,0.));
#1500 = ORIENTED_EDGE('',*,*,#1501,.F.);
#1501 = EDGE_CURVE('',#1502,#1493,#1504,.T.);
#1502 = VERTEX_POINT('',#1503);
#1503 = CARTESIAN_POINT('',(68.427,10.3,3.8));
#1504 = LINE('',#1505,#1506);
#1505 = CARTESIAN_POINT('',(71.735964514524,10.3,3.8));
#1506 = VECTOR('',#1507,1.);
#1507 = DIRECTION('',(-1.,0.,0.));
#1508 = ORIENTED_EDGE('',*,*,#1509,.F.);
#1509 = EDGE_CURVE('',#1451,#1502,#1510,.T.);
#1510 = CIRCLE('',#1511,0.5);
#1511 = AXIS2_PLACEMENT_3D('',#1512,#1513,#1514);
#1512 = CARTESIAN_POINT('',(68.427,9.8,3.8));
#1513 = DIRECTION('',(0.,0.,1.));
#1514 = DIRECTION('',(1.,0.,0.));
#1515 = FACE_BOUND('',#1516,.F.);
#1516 = EDGE_LOOP('',(#1517,#1527,#1536,#1544,#1553,#1561,#1570,#1578));
#1517 = ORIENTED_EDGE('',*,*,#1518,.F.);
#1518 = EDGE_CURVE('',#1519,#1521,#1523,.T.);
#1519 = VERTEX_POINT('',#1520);
#1520 = CARTESIAN_POINT('',(72.627,7.8,3.8));
#1521 = VERTEX_POINT('',#1522);
#1522 = CARTESIAN_POINT('',(72.627,9.8,3.8));
#1523 = LINE('',#1524,#1525);
#1524 = CARTESIAN_POINT('',(72.627,42.413447463236,3.8));
#1525 = VECTOR('',#1526,1.);
#1526 = DIRECTION('',(0.,1.,0.));
#1527 = ORIENTED_EDGE('',*,*,#1528,.F.);
#1528 = EDGE_CURVE('',#1529,#1519,#1531,.T.);
#1529 = VERTEX_POINT('',#1530);
#1530 = CARTESIAN_POINT('',(72.127,7.3,3.8));
#1531 = CIRCLE('',#1532,0.5);
#1532 = AXIS2_PLACEMENT_3D('',#1533,#1534,#1535);
#1533 = CARTESIAN_POINT('',(72.127,7.8,3.8));
#1534 = DIRECTION('',(0.,0.,1.));
#1535 = DIRECTION('',(1.,0.,0.));
#1536 = ORIENTED_EDGE('',*,*,#1537,.F.);
#1537 = EDGE_CURVE('',#1538,#1529,#1540,.T.);
#1538 = VERTEX_POINT('',#1539);
#1539 = CARTESIAN_POINT('',(71.127,7.3,3.8));
#1540 = LINE('',#1541,#1542);
#1541 = CARTESIAN_POINT('',(73.08596451452,7.3,3.8));
#1542 = VECTOR('',#1543,1.);
#1543 = DIRECTION('',(1.,-9.948E-14,0.));
#1544 = ORIENTED_EDGE('',*,*,#1545,.F.);
#1545 = EDGE_CURVE('',#1546,#1538,#1548,.T.);
#1546 = VERTEX_POINT('',#1547);
#1547 = CARTESIAN_POINT('',(70.627,7.8,3.8));
#1548 = CIRCLE('',#1549,0.5);
#1549 = AXIS2_PLACEMENT_3D('',#1550,#1551,#1552);
#1550 = CARTESIAN_POINT('',(71.127,7.8,3.8));
#1551 = DIRECTION('',(0.,0.,1.));
#1552 = DIRECTION('',(1.,0.,0.));
#1553 = ORIENTED_EDGE('',*,*,#1554,.F.);
#1554 = EDGE_CURVE('',#1555,#1546,#1557,.T.);
#1555 = VERTEX_POINT('',#1556);
#1556 = CARTESIAN_POINT('',(70.627,9.8,3.8));
#1557 = LINE('',#1558,#1559);
#1558 = CARTESIAN_POINT('',(70.627,43.413447463236,3.8));
#1559 = VECTOR('',#1560,1.);
#1560 = DIRECTION('',(0.,-1.,0.));
#1561 = ORIENTED_EDGE('',*,*,#1562,.F.);
#1562 = EDGE_CURVE('',#1563,#1555,#1565,.T.);
#1563 = VERTEX_POINT('',#1564);
#1564 = CARTESIAN_POINT('',(71.127,10.3,3.8));
#1565 = CIRCLE('',#1566,0.5);
#1566 = AXIS2_PLACEMENT_3D('',#1567,#1568,#1569);
#1567 = CARTESIAN_POINT('',(71.127,9.8,3.8));
#1568 = DIRECTION('',(0.,0.,1.));
#1569 = DIRECTION('',(1.,0.,0.));
#1570 = ORIENTED_EDGE('',*,*,#1571,.F.);
#1571 = EDGE_CURVE('',#1572,#1563,#1574,.T.);
#1572 = VERTEX_POINT('',#1573);
#1573 = CARTESIAN_POINT('',(72.127,10.3,3.8));
#1574 = LINE('',#1575,#1576);
#1575 = CARTESIAN_POINT('',(73.585964514524,10.3,3.8));
#1576 = VECTOR('',#1577,1.);
#1577 = DIRECTION('',(-1.,0.,0.));
#1578 = ORIENTED_EDGE('',*,*,#1579,.F.);
#1579 = EDGE_CURVE('',#1521,#1572,#1580,.T.);
#1580 = CIRCLE('',#1581,0.5);
#1581 = AXIS2_PLACEMENT_3D('',#1582,#1583,#1584);
#1582 = CARTESIAN_POINT('',(72.127,9.8,3.8));
#1583 = DIRECTION('',(0.,0.,1.));
#1584 = DIRECTION('',(1.,0.,0.));
#1585 = FACE_BOUND('',#1586,.F.);
#1586 = EDGE_LOOP('',(#1587,#1597,#1606,#1614,#1623,#1631,#1640,#1648));
#1587 = ORIENTED_EDGE('',*,*,#1588,.F.);
#1588 = EDGE_CURVE('',#1589,#1591,#1593,.T.);
#1589 = VERTEX_POINT('',#1590);
#1590 = CARTESIAN_POINT('',(76.327,7.8,3.8));
#1591 = VERTEX_POINT('',#1592);
#1592 = CARTESIAN_POINT('',(76.327,9.8,3.8));
#1593 = LINE('',#1594,#1595);
#1594 = CARTESIAN_POINT('',(76.327,42.413447463236,3.8));
#1595 = VECTOR('',#1596,1.);
#1596 = DIRECTION('',(0.,1.,0.));
#1597 = ORIENTED_EDGE('',*,*,#1598,.F.);
#1598 = EDGE_CURVE('',#1599,#1589,#1601,.T.);
#1599 = VERTEX_POINT('',#1600);
#1600 = CARTESIAN_POINT('',(75.827,7.3,3.8));
#1601 = CIRCLE('',#1602,0.5);
#1602 = AXIS2_PLACEMENT_3D('',#1603,#1604,#1605);
#1603 = CARTESIAN_POINT('',(75.827,7.8,3.8));
#1604 = DIRECTION('',(0.,0.,1.));
#1605 = DIRECTION('',(1.,0.,0.));
#1606 = ORIENTED_EDGE('',*,*,#1607,.F.);
#1607 = EDGE_CURVE('',#1608,#1599,#1610,.T.);
#1608 = VERTEX_POINT('',#1609);
#1609 = CARTESIAN_POINT('',(74.827,7.3,3.8));
#1610 = LINE('',#1611,#1612);
#1611 = CARTESIAN_POINT('',(74.935964514524,7.3,3.8));
#1612 = VECTOR('',#1613,1.);
#1613 = DIRECTION('',(1.,5.33E-15,0.));
#1614 = ORIENTED_EDGE('',*,*,#1615,.F.);
#1615 = EDGE_CURVE('',#1616,#1608,#1618,.T.);
#1616 = VERTEX_POINT('',#1617);
#1617 = CARTESIAN_POINT('',(74.327,7.8,3.8));
#1618 = CIRCLE('',#1619,0.5);
#1619 = AXIS2_PLACEMENT_3D('',#1620,#1621,#1622);
#1620 = CARTESIAN_POINT('',(74.827,7.8,3.8));
#1621 = DIRECTION('',(0.,0.,1.));
#1622 = DIRECTION('',(1.,0.,0.));
#1623 = ORIENTED_EDGE('',*,*,#1624,.F.);
#1624 = EDGE_CURVE('',#1625,#1616,#1627,.T.);
#1625 = VERTEX_POINT('',#1626);
#1626 = CARTESIAN_POINT('',(74.327,9.8,3.8));
#1627 = LINE('',#1628,#1629);
#1628 = CARTESIAN_POINT('',(74.327,43.413447463236,3.8));
#1629 = VECTOR('',#1630,1.);
#1630 = DIRECTION('',(0.,-1.,0.));
#1631 = ORIENTED_EDGE('',*,*,#1632,.F.);
#1632 = EDGE_CURVE('',#1633,#1625,#1635,.T.);
#1633 = VERTEX_POINT('',#1634);
#1634 = CARTESIAN_POINT('',(74.827,10.3,3.8));
#1635 = CIRCLE('',#1636,0.5);
#1636 = AXIS2_PLACEMENT_3D('',#1637,#1638,#1639);
#1637 = CARTESIAN_POINT('',(74.827,9.8,3.8));
#1638 = DIRECTION('',(0.,0.,1.));
#1639 = DIRECTION('',(1.,0.,0.));
#1640 = ORIENTED_EDGE('',*,*,#1641,.F.);
#1641 = EDGE_CURVE('',#1642,#1633,#1644,.T.);
#1642 = VERTEX_POINT('',#1643);
#1643 = CARTESIAN_POINT('',(75.827,10.3,3.8));
#1644 = LINE('',#1645,#1646);
#1645 = CARTESIAN_POINT('',(75.435964514524,10.3,3.8));
#1646 = VECTOR('',#1647,1.);
#1647 = DIRECTION('',(-1.,0.,0.));
#1648 = ORIENTED_EDGE('',*,*,#1649,.F.);
#1649 = EDGE_CURVE('',#1591,#1642,#1650,.T.);
#1650 = CIRCLE('',#1651,0.5);
#1651 = AXIS2_PLACEMENT_3D('',#1652,#1653,#1654);
#1652 = CARTESIAN_POINT('',(75.827,9.8,3.8));
#1653 = DIRECTION('',(0.,0.,1.));
#1654 = DIRECTION('',(1.,0.,0.));
#1655 = FACE_BOUND('',#1656,.F.);
#1656 = EDGE_LOOP('',(#1657,#1667,#1675,#1683));
#1657 = ORIENTED_EDGE('',*,*,#1658,.F.);
#1658 = EDGE_CURVE('',#1659,#1661,#1663,.T.);
#1659 = VERTEX_POINT('',#1660);
#1660 = CARTESIAN_POINT('',(93.527,1.7,3.8));
#1661 = VERTEX_POINT('',#1662);
#1662 = CARTESIAN_POINT('',(93.527,3.8,3.8));
#1663 = LINE('',#1664,#1665);
#1664 = CARTESIAN_POINT('',(93.527,1.7,3.8));
#1665 = VECTOR('',#1666,1.);
#1666 = DIRECTION('',(0.,1.,0.));
#1667 = ORIENTED_EDGE('',*,*,#1668,.T.);
#1668 = EDGE_CURVE('',#1659,#1669,#1671,.T.);
#1669 = VERTEX_POINT('',#1670);
#1670 = CARTESIAN_POINT('',(78.527,1.7,3.8));
#1671 = LINE('',#1672,#1673);
#1672 = CARTESIAN_POINT('',(93.527,1.7,3.8));
#1673 = VECTOR('',#1674,1.);
#1674 = DIRECTION('',(-1.,-0.,-0.));
#1675 = ORIENTED_EDGE('',*,*,#1676,.T.);
#1676 = EDGE_CURVE('',#1669,#1677,#1679,.T.);
#1677 = VERTEX_POINT('',#1678);
#1678 = CARTESIAN_POINT('',(78.527,3.8,3.8));
#1679 = LINE('',#1680,#1681);
#1680 = CARTESIAN_POINT('',(78.527,1.7,3.8));
#1681 = VECTOR('',#1682,1.);
#1682 = DIRECTION('',(0.,1.,0.));
#1683 = ORIENTED_EDGE('',*,*,#1684,.F.);
#1684 = EDGE_CURVE('',#1661,#1677,#1685,.T.);
#1685 = LINE('',#1686,#1687);
#1686 = CARTESIAN_POINT('',(93.527,3.8,3.8));
#1687 = VECTOR('',#1688,1.);
#1688 = DIRECTION('',(-1.,-0.,-0.));
#1689 = FACE_BOUND('',#1690,.F.);
#1690 = EDGE_LOOP('',(#1691));
#1691 = ORIENTED_EDGE('',*,*,#1692,.T.);
#1692 = EDGE_CURVE('',#1693,#1693,#1695,.T.);
#1693 = VERTEX_POINT('',#1694);
#1694 = CARTESIAN_POINT('',(104.527,11.,3.8));
#1695 = CIRCLE('',#1696,4.);
#1696 = AXIS2_PLACEMENT_3D('',#1697,#1698,#1699);
#1697 = CARTESIAN_POINT('',(100.527,11.,3.8));
#1698 = DIRECTION('',(0.,0.,-1.));
#1699 = DIRECTION('',(1.,0.,0.));
#1700 = FACE_BOUND('',#1701,.F.);
#1701 = EDGE_LOOP('',(#1702,#1712,#1720,#1728));
#1702 = ORIENTED_EDGE('',*,*,#1703,.F.);
#1703 = EDGE_CURVE('',#1704,#1706,#1708,.T.);
#1704 = VERTEX_POINT('',#1705);
#1705 = CARTESIAN_POINT('',(109.827,21.,3.8));
#1706 = VERTEX_POINT('',#1707);
#1707 = CARTESIAN_POINT('',(109.827,41.,3.8));
#1708 = LINE('',#1709,#1710);
#1709 = CARTESIAN_POINT('',(109.827,21.,3.8));
#1710 = VECTOR('',#1711,1.);
#1711 = DIRECTION('',(0.,1.,0.));
#1712 = ORIENTED_EDGE('',*,*,#1713,.T.);
#1713 = EDGE_CURVE('',#1704,#1714,#1716,.T.);
#1714 = VERTEX_POINT('',#1715);
#1715 = CARTESIAN_POINT('',(107.727,21.,3.8));
#1716 = LINE('',#1717,#1718);
#1717 = CARTESIAN_POINT('',(109.827,21.,3.8));
#1718 = VECTOR('',#1719,1.);
#1719 = DIRECTION('',(-1.,0.,0.));
#1720 = ORIENTED_EDGE('',*,*,#1721,.T.);
#1721 = EDGE_CURVE('',#1714,#1722,#1724,.T.);
#1722 = VERTEX_POINT('',#1723);
#1723 = CARTESIAN_POINT('',(107.727,41.,3.8));
#1724 = LINE('',#1725,#1726);
#1725 = CARTESIAN_POINT('',(107.727,21.,3.8));
#1726 = VECTOR('',#1727,1.);
#1727 = DIRECTION('',(0.,1.,0.));
#1728 = ORIENTED_EDGE('',*,*,#1729,.F.);
#1729 = EDGE_CURVE('',#1706,#1722,#1730,.T.);
#1730 = LINE('',#1731,#1732);
#1731 = CARTESIAN_POINT('',(109.827,41.,3.8));
#1732 = VECTOR('',#1733,1.);
#1733 = DIRECTION('',(-1.,0.,0.));
#1734 = FACE_BOUND('',#1735,.F.);
#1735 = EDGE_LOOP('',(#1736,#1746,#1754,#1762));
#1736 = ORIENTED_EDGE('',*,*,#1737,.F.);
#1737 = EDGE_CURVE('',#1738,#1740,#1742,.T.);
#1738 = VERTEX_POINT('',#1739);
#1739 = CARTESIAN_POINT('',(109.827,85.,3.8));
#1740 = VERTEX_POINT('',#1741);
#1741 = CARTESIAN_POINT('',(107.727,85.,3.8));
#1742 = LINE('',#1743,#1744);
#1743 = CARTESIAN_POINT('',(109.827,85.,3.8));
#1744 = VECTOR('',#1745,1.);
#1745 = DIRECTION('',(-1.,0.,0.));
#1746 = ORIENTED_EDGE('',*,*,#1747,.T.);
#1747 = EDGE_CURVE('',#1738,#1748,#1750,.T.);
#1748 = VERTEX_POINT('',#1749);
#1749 = CARTESIAN_POINT('',(109.827,65.,3.8));
#1750 = LINE('',#1751,#1752);
#1751 = CARTESIAN_POINT('',(109.827,85.,3.8));
#1752 = VECTOR('',#1753,1.);
#1753 = DIRECTION('',(0.,-1.,2.2E-16));
#1754 = ORIENTED_EDGE('',*,*,#1755,.T.);
#1755 = EDGE_CURVE('',#1748,#1756,#1758,.T.);
#1756 = VERTEX_POINT('',#1757);
#1757 = CARTESIAN_POINT('',(107.727,65.,3.8));
#1758 = LINE('',#1759,#1760);
#1759 = CARTESIAN_POINT('',(109.827,65.,3.8));
#1760 = VECTOR('',#1761,1.);
#1761 = DIRECTION('',(-1.,0.,0.));
#1762 = ORIENTED_EDGE('',*,*,#1763,.F.);
#1763 = EDGE_CURVE('',#1740,#1756,#1764,.T.);
#1764 = LINE('',#1765,#1766);
#1765 = CARTESIAN_POINT('',(107.727,85.,3.8));
#1766 = VECTOR('',#1767,1.);
#1767 = DIRECTION('',(0.,-1.,2.2E-16));
#1768 = FACE_BOUND('',#1769,.F.);
#1769 = EDGE_LOOP('',(#1770,#1780,#1788,#1796));
#1770 = ORIENTED_EDGE('',*,*,#1771,.F.);
#1771 = EDGE_CURVE('',#1772,#1774,#1776,.T.);
#1772 = VERTEX_POINT('',#1773);
#1773 = CARTESIAN_POINT('',(109.827,129.,3.8));
#1774 = VERTEX_POINT('',#1775);
#1775 = CARTESIAN_POINT('',(107.727,129.,3.8));
#1776 = LINE('',#1777,#1778);
#1777 = CARTESIAN_POINT('',(109.827,129.,3.8));
#1778 = VECTOR('',#1779,1.);
#1779 = DIRECTION('',(-1.,0.,0.));
#1780 = ORIENTED_EDGE('',*,*,#1781,.T.);
#1781 = EDGE_CURVE('',#1772,#1782,#1784,.T.);
#1782 = VERTEX_POINT('',#1783);
#1783 = CARTESIAN_POINT('',(109.827,109.,3.8));
#1784 = LINE('',#1785,#1786);
#1785 = CARTESIAN_POINT('',(109.827,129.,3.8));
#1786 = VECTOR('',#1787,1.);
#1787 = DIRECTION('',(-0.,-1.,-0.));
#1788 = ORIENTED_EDGE('',*,*,#1789,.T.);
#1789 = EDGE_CURVE('',#1782,#1790,#1792,.T.);
#1790 = VERTEX_POINT('',#1791);
#1791 = CARTESIAN_POINT('',(107.727,109.,3.8));
#1792 = LINE('',#1793,#1794);
#1793 = CARTESIAN_POINT('',(109.827,109.,3.8));
#1794 = VECTOR('',#1795,1.);
#1795 = DIRECTION('',(-1.,0.,0.));
#1796 = ORIENTED_EDGE('',*,*,#1797,.F.);
#1797 = EDGE_CURVE('',#1774,#1790,#1798,.T.);
#1798 = LINE('',#1799,#1800);
#1799 = CARTESIAN_POINT('',(107.727,129.,3.8));
#1800 = VECTOR('',#1801,1.);
#1801 = DIRECTION('',(-0.,-1.,-0.));
#1802 = PLANE('',#1803);
#1803 = AXIS2_PLACEMENT_3D('',#1804,#1805,#1806);
#1804 = CARTESIAN_POINT('',(75.044929029047,77.026894926472,3.8));
#1805 = DIRECTION('',(0.,0.,1.));
#1806 = DIRECTION('',(1.,0.,0.));
#1807 = ADVANCED_FACE('',(#1808),#1826,.F.);
#1808 = FACE_BOUND('',#1809,.T.);
#1809 = EDGE_LOOP('',(#1810,#1811,#1819,#1825));
#1810 = ORIENTED_EDGE('',*,*,#133,.T.);
#1811 = ORIENTED_EDGE('',*,*,#1812,.T.);
#1812 = EDGE_CURVE('',#126,#1813,#1815,.T.);
#1813 = VERTEX_POINT('',#1814);
#1814 = CARTESIAN_POINT('',(106.027,13.,4.8));
#1815 = LINE('',#1816,#1817);
#1816 = CARTESIAN_POINT('',(106.527,13.,4.8));
#1817 = VECTOR('',#1818,1.);
#1818 = DIRECTION('',(-1.,0.,0.));
#1819 = ORIENTED_EDGE('',*,*,#1820,.T.);
#1820 = EDGE_CURVE('',#1813,#1124,#1821,.T.);
#1821 = LINE('',#1822,#1823);
#1822 = CARTESIAN_POINT('',(106.027,13.,4.8));
#1823 = VECTOR('',#1824,1.);
#1824 = DIRECTION('',(0.,1.,0.));
#1825 = ORIENTED_EDGE('',*,*,#1123,.T.);
#1826 = PLANE('',#1827);
#1827 = AXIS2_PLACEMENT_3D('',#1828,#1829,#1830);
#1828 = CARTESIAN_POINT('',(106.277,16.,4.8));
#1829 = DIRECTION('',(0.,0.,1.));
#1830 = DIRECTION('',(1.,0.,0.));
#1831 = ADVANCED_FACE('',(#1832),#1843,.T.);
#1832 = FACE_BOUND('',#1833,.T.);
#1833 = EDGE_LOOP('',(#1834,#1835,#1836,#1842));
#1834 = ORIENTED_EDGE('',*,*,#125,.F.);
#1835 = ORIENTED_EDGE('',*,*,#1173,.T.);
#1836 = ORIENTED_EDGE('',*,*,#1837,.T.);
#1837 = EDGE_CURVE('',#1174,#1813,#1838,.T.);
#1838 = LINE('',#1839,#1840);
#1839 = CARTESIAN_POINT('',(106.027,13.,3.8));
#1840 = VECTOR('',#1841,1.);
#1841 = DIRECTION('',(0.,0.,1.));
#1842 = ORIENTED_EDGE('',*,*,#1812,.F.);
#1843 = PLANE('',#1844);
#1844 = AXIS2_PLACEMENT_3D('',#1845,#1846,#1847);
#1845 = CARTESIAN_POINT('',(106.277,13.,4.3));
#1846 = DIRECTION('',(0.,1.,0.));
#1847 = DIRECTION('',(0.,0.,1.));
#1848 = ADVANCED_FACE('',(#1849),#1869,.T.);
#1849 = FACE_BOUND('',#1850,.T.);
#1850 = EDGE_LOOP('',(#1851,#1852,#1853,#1854,#1855,#1863));
#1851 = ORIENTED_EDGE('',*,*,#228,.T.);
#1852 = ORIENTED_EDGE('',*,*,#283,.F.);
#1853 = ORIENTED_EDGE('',*,*,#563,.F.);
#1854 = ORIENTED_EDGE('',*,*,#555,.T.);
#1855 = ORIENTED_EDGE('',*,*,#1856,.F.);
#1856 = EDGE_CURVE('',#1857,#547,#1859,.T.);
#1857 = VERTEX_POINT('',#1858);
#1858 = CARTESIAN_POINT('',(109.98142304982,138.4429014285,4.9));
#1859 = LINE('',#1860,#1861);
#1860 = CARTESIAN_POINT('',(109.98142304982,138.4429014285,4.8));
#1861 = VECTOR('',#1862,1.);
#1862 = DIRECTION('',(-0.,-0.,-1.));
#1863 = ORIENTED_EDGE('',*,*,#1864,.F.);
#1864 = EDGE_CURVE('',#229,#1857,#1865,.T.);
#1865 = LINE('',#1866,#1867);
#1866 = CARTESIAN_POINT('',(109.727,137.,4.9));
#1867 = VECTOR('',#1868,1.);
#1868 = DIRECTION('',(0.173648573161,0.984807683276,0.));
#1869 = PLANE('',#1870);
#1870 = AXIS2_PLACEMENT_3D('',#1871,#1872,#1873);
#1871 = CARTESIAN_POINT('',(109.85421152491,137.72145071425,4.75));
#1872 = DIRECTION('',(0.984807683276,-0.173648573161,0.));
#1873 = DIRECTION('',(0.173648573161,0.984807683276,0.));
#1874 = ADVANCED_FACE('',(#1875),#1886,.T.);
#1875 = FACE_BOUND('',#1876,.T.);
#1876 = EDGE_LOOP('',(#1877,#1878,#1884,#1885));
#1877 = ORIENTED_EDGE('',*,*,#252,.F.);
#1878 = ORIENTED_EDGE('',*,*,#1879,.T.);
#1879 = EDGE_CURVE('',#245,#655,#1880,.T.);
#1880 = LINE('',#1881,#1882);
#1881 = CARTESIAN_POINT('',(106.827,137.,6.6));
#1882 = VECTOR('',#1883,1.);
#1883 = DIRECTION('',(1.64E-15,-1.,2.5E-16));
#1884 = ORIENTED_EDGE('',*,*,#654,.F.);
#1885 = ORIENTED_EDGE('',*,*,#405,.F.);
#1886 = PLANE('',#1887);
#1887 = AXIS2_PLACEMENT_3D('',#1888,#1889,#1890);
#1888 = CARTESIAN_POINT('',(106.827,131.85,6.55));
#1889 = DIRECTION('',(1.,0.,0.));
#1890 = DIRECTION('',(0.,0.,1.));
#1891 = ADVANCED_FACE('',(#1892),#1918,.T.);
#1892 = FACE_BOUND('',#1893,.T.);
#1893 = EDGE_LOOP('',(#1894,#1895,#1896,#1897,#1903,#1904,#1912));
#1894 = ORIENTED_EDGE('',*,*,#513,.T.);
#1895 = ORIENTED_EDGE('',*,*,#605,.T.);
#1896 = ORIENTED_EDGE('',*,*,#643,.F.);
#1897 = ORIENTED_EDGE('',*,*,#1898,.T.);
#1898 = EDGE_CURVE('',#644,#237,#1899,.T.);
#1899 = LINE('',#1900,#1901);
#1900 = CARTESIAN_POINT('',(109.727,126.7,6.6));
#1901 = VECTOR('',#1902,1.);
#1902 = DIRECTION('',(0.,1.,0.));
#1903 = ORIENTED_EDGE('',*,*,#236,.F.);
#1904 = ORIENTED_EDGE('',*,*,#1905,.T.);
#1905 = EDGE_CURVE('',#229,#1906,#1908,.T.);
#1906 = VERTEX_POINT('',#1907);
#1907 = CARTESIAN_POINT('',(109.727,127.,4.9));
#1908 = LINE('',#1909,#1910);
#1909 = CARTESIAN_POINT('',(109.727,137.,4.9));
#1910 = VECTOR('',#1911,1.);
#1911 = DIRECTION('',(0.,-1.,0.));
#1912 = ORIENTED_EDGE('',*,*,#1913,.T.);
#1913 = EDGE_CURVE('',#1906,#514,#1914,.T.);
#1914 = LINE('',#1915,#1916);
#1915 = CARTESIAN_POINT('',(109.727,127.,6.6));
#1916 = VECTOR('',#1917,1.);
#1917 = DIRECTION('',(-0.,-0.,-1.));
#1918 = PLANE('',#1919);
#1919 = AXIS2_PLACEMENT_3D('',#1920,#1921,#1922);
#1920 = CARTESIAN_POINT('',(109.727,131.72804878048,5.721951219512));
#1921 = DIRECTION('',(-1.,-0.,-7.04E-15));
#1922 = DIRECTION('',(7.04E-15,0.,-1.));
#1923 = ADVANCED_FACE('',(#1924),#1949,.T.);
#1924 = FACE_BOUND('',#1925,.T.);
#1925 = EDGE_LOOP('',(#1926,#1934,#1942,#1948));
#1926 = ORIENTED_EDGE('',*,*,#1927,.F.);
#1927 = EDGE_CURVE('',#1928,#237,#1930,.T.);
#1928 = VERTEX_POINT('',#1929);
#1929 = CARTESIAN_POINT('',(109.927,137.2,6.8));
#1930 = LINE('',#1931,#1932);
#1931 = CARTESIAN_POINT('',(108.077,135.35,4.95));
#1932 = VECTOR('',#1933,1.);
#1933 = DIRECTION('',(-0.57735026919,-0.57735026919,-0.57735026919));
#1934 = ORIENTED_EDGE('',*,*,#1935,.T.);
#1935 = EDGE_CURVE('',#1928,#1936,#1938,.T.);
#1936 = VERTEX_POINT('',#1937);
#1937 = CARTESIAN_POINT('',(106.627,137.2,6.8));
#1938 = LINE('',#1939,#1940);
#1939 = CARTESIAN_POINT('',(109.727,137.2,6.8));
#1940 = VECTOR('',#1941,1.);
#1941 = DIRECTION('',(-1.,0.,0.));
#1942 = ORIENTED_EDGE('',*,*,#1943,.T.);
#1943 = EDGE_CURVE('',#1936,#245,#1944,.T.);
#1944 = LINE('',#1945,#1946);
#1945 = CARTESIAN_POINT('',(107.24366666666,136.58333333333,
    6.183333333333));
#1946 = VECTOR('',#1947,1.);
#1947 = DIRECTION('',(0.57735026919,-0.57735026919,-0.57735026919));
#1948 = ORIENTED_EDGE('',*,*,#244,.F.);
#1949 = PLANE('',#1950);
#1950 = AXIS2_PLACEMENT_3D('',#1951,#1952,#1953);
#1951 = CARTESIAN_POINT('',(109.727,137.1,6.7));
#1952 = DIRECTION('',(0.,-0.707106781187,0.707106781187));
#1953 = DIRECTION('',(-1.,0.,0.));
#1954 = ADVANCED_FACE('',(#1955),#1983,.T.);
#1955 = FACE_BOUND('',#1956,.T.);
#1956 = EDGE_LOOP('',(#1957,#1967,#1973,#1974,#1975,#1976,#1977));
#1957 = ORIENTED_EDGE('',*,*,#1958,.T.);
#1958 = EDGE_CURVE('',#1959,#1961,#1963,.T.);
#1959 = VERTEX_POINT('',#1960);
#1960 = CARTESIAN_POINT('',(106.827,13.,6.6));
#1961 = VERTEX_POINT('',#1962);
#1962 = CARTESIAN_POINT('',(106.827,13.,4.8));
#1963 = LINE('',#1964,#1965);
#1964 = CARTESIAN_POINT('',(106.827,13.,6.6));
#1965 = VECTOR('',#1966,1.);
#1966 = DIRECTION('',(-0.,-0.,-1.));
#1967 = ORIENTED_EDGE('',*,*,#1968,.F.);
#1968 = EDGE_CURVE('',#987,#1961,#1969,.T.);
#1969 = LINE('',#1970,#1971);
#1970 = CARTESIAN_POINT('',(106.827,13.988922764228,3.811077235772));
#1971 = VECTOR('',#1972,1.);
#1972 = DIRECTION('',(-4.E-15,-0.707106781187,0.707106781187));
#1973 = ORIENTED_EDGE('',*,*,#986,.F.);
#1974 = ORIENTED_EDGE('',*,*,#1115,.F.);
#1975 = ORIENTED_EDGE('',*,*,#298,.T.);
#1976 = ORIENTED_EDGE('',*,*,#856,.T.);
#1977 = ORIENTED_EDGE('',*,*,#1978,.T.);
#1978 = EDGE_CURVE('',#849,#1959,#1979,.T.);
#1979 = LINE('',#1980,#1981);
#1980 = CARTESIAN_POINT('',(106.827,23.3,6.6));
#1981 = VECTOR('',#1982,1.);
#1982 = DIRECTION('',(0.,-1.,0.));
#1983 = PLANE('',#1984);
#1984 = AXIS2_PLACEMENT_3D('',#1985,#1986,#1987);
#1985 = CARTESIAN_POINT('',(106.827,17.852845528455,5.897154471545));
#1986 = DIRECTION('',(1.,0.,5.66E-15));
#1987 = DIRECTION('',(-5.66E-15,0.,1.));
#1988 = ADVANCED_FACE('',(#1989),#2175,.T.);
#1989 = FACE_BOUND('',#1990,.T.);
#1990 = EDGE_LOOP('',(#1991,#2001,#2009,#2017,#2025,#2033,#2041,#2049,
    #2057,#2065,#2073,#2081,#2089,#2095,#2096,#2097,#2105,#2113,#2119,
    #2120,#2128,#2136,#2142,#2143,#2144,#2145,#2153,#2161,#2169));
#1991 = ORIENTED_EDGE('',*,*,#1992,.T.);
#1992 = EDGE_CURVE('',#1993,#1995,#1997,.T.);
#1993 = VERTEX_POINT('',#1994);
#1994 = CARTESIAN_POINT('',(5.91,1.,6.6));
#1995 = VERTEX_POINT('',#1996);
#1996 = CARTESIAN_POINT('',(5.91,1.,6.61));
#1997 = LINE('',#1998,#1999);
#1998 = CARTESIAN_POINT('',(5.91,1.,6.6));
#1999 = VECTOR('',#2000,1.);
#2000 = DIRECTION('',(0.,0.,1.));
#2001 = ORIENTED_EDGE('',*,*,#2002,.F.);
#2002 = EDGE_CURVE('',#2003,#1995,#2005,.T.);
#2003 = VERTEX_POINT('',#2004);
#2004 = CARTESIAN_POINT('',(5.91,1.19,6.8));
#2005 = LINE('',#2006,#2007);
#2006 = CARTESIAN_POINT('',(5.91,19.675687402584,25.285687402584));
#2007 = VECTOR('',#2008,1.);
#2008 = DIRECTION('',(5.4E-16,-0.707106781187,-0.707106781187));
#2009 = ORIENTED_EDGE('',*,*,#2010,.T.);
#2010 = EDGE_CURVE('',#2003,#2011,#2013,.T.);
#2011 = VERTEX_POINT('',#2012);
#2012 = CARTESIAN_POINT('',(5.91,148.81,6.8));
#2013 = LINE('',#2014,#2015);
#2014 = CARTESIAN_POINT('',(5.91,0.,6.8));
#2015 = VECTOR('',#2016,1.);
#2016 = DIRECTION('',(0.,1.,0.));
#2017 = ORIENTED_EDGE('',*,*,#2018,.T.);
#2018 = EDGE_CURVE('',#2011,#2019,#2021,.T.);
#2019 = VERTEX_POINT('',#2020);
#2020 = CARTESIAN_POINT('',(5.91,149.,6.61));
#2021 = LINE('',#2022,#2023);
#2022 = CARTESIAN_POINT('',(5.91,130.78997718699,24.820022813008));
#2023 = VECTOR('',#2024,1.);
#2024 = DIRECTION('',(5.4E-16,0.707106781187,-0.707106781187));
#2025 = ORIENTED_EDGE('',*,*,#2026,.F.);
#2026 = EDGE_CURVE('',#2027,#2019,#2029,.T.);
#2027 = VERTEX_POINT('',#2028);
#2028 = CARTESIAN_POINT('',(5.91,149.,6.6));
#2029 = LINE('',#2030,#2031);
#2030 = CARTESIAN_POINT('',(5.91,149.,6.6));
#2031 = VECTOR('',#2032,1.);
#2032 = DIRECTION('',(0.,0.,1.));
#2033 = ORIENTED_EDGE('',*,*,#2034,.T.);
#2034 = EDGE_CURVE('',#2027,#2035,#2037,.T.);
#2035 = VERTEX_POINT('',#2036);
#2036 = CARTESIAN_POINT('',(5.91,150.,5.6));
#2037 = LINE('',#2038,#2039);
#2038 = CARTESIAN_POINT('',(5.91,131.13489019732,24.465109802673));
#2039 = VECTOR('',#2040,1.);
#2040 = DIRECTION('',(6.4E-16,0.707106781187,-0.707106781187));
#2041 = ORIENTED_EDGE('',*,*,#2042,.F.);
#2042 = EDGE_CURVE('',#2043,#2035,#2045,.T.);
#2043 = VERTEX_POINT('',#2044);
#2044 = CARTESIAN_POINT('',(5.91,150.,4.9));
#2045 = LINE('',#2046,#2047);
#2046 = CARTESIAN_POINT('',(5.91,150.,4.9));
#2047 = VECTOR('',#2048,1.);
#2048 = DIRECTION('',(0.,0.,1.));
#2049 = ORIENTED_EDGE('',*,*,#2050,.F.);
#2050 = EDGE_CURVE('',#2051,#2043,#2053,.T.);
#2051 = VERTEX_POINT('',#2052);
#2052 = CARTESIAN_POINT('',(5.91,147.5,4.9));
#2053 = LINE('',#2054,#2055);
#2054 = CARTESIAN_POINT('',(5.91,0.,4.9));
#2055 = VECTOR('',#2056,1.);
#2056 = DIRECTION('',(0.,1.,0.));
#2057 = ORIENTED_EDGE('',*,*,#2058,.T.);
#2058 = EDGE_CURVE('',#2051,#2059,#2061,.T.);
#2059 = VERTEX_POINT('',#2060);
#2060 = CARTESIAN_POINT('',(5.91,147.5,1.8));
#2061 = LINE('',#2062,#2063);
#2062 = CARTESIAN_POINT('',(5.91,147.5,4.9));
#2063 = VECTOR('',#2064,1.);
#2064 = DIRECTION('',(0.,0.,-1.));
#2065 = ORIENTED_EDGE('',*,*,#2066,.F.);
#2066 = EDGE_CURVE('',#2067,#2059,#2069,.T.);
#2067 = VERTEX_POINT('',#2068);
#2068 = CARTESIAN_POINT('',(5.91,146.60202434252,1.8));
#2069 = LINE('',#2070,#2071);
#2070 = CARTESIAN_POINT('',(5.91,145.608,1.8));
#2071 = VECTOR('',#2072,1.);
#2072 = DIRECTION('',(1.54E-15,1.,0.));
#2073 = ORIENTED_EDGE('',*,*,#2074,.T.);
#2074 = EDGE_CURVE('',#2067,#2075,#2077,.T.);
#2075 = VERTEX_POINT('',#2076);
#2076 = CARTESIAN_POINT('',(5.91,145.608,2.3));
#2077 = LINE('',#2078,#2079);
#2078 = CARTESIAN_POINT('',(5.91,110.70011562489,19.858867968208));
#2079 = VECTOR('',#2080,1.);
#2080 = DIRECTION('',(-4.1E-16,-0.893350521577,0.449360485131));
#2081 = ORIENTED_EDGE('',*,*,#2082,.F.);
#2082 = EDGE_CURVE('',#2083,#2075,#2085,.T.);
#2083 = VERTEX_POINT('',#2084);
#2084 = CARTESIAN_POINT('',(5.91,145.608,3.8));
#2085 = LINE('',#2086,#2087);
#2086 = CARTESIAN_POINT('',(5.91,145.608,3.8));
#2087 = VECTOR('',#2088,1.);
#2088 = DIRECTION('',(0.,0.,-1.));
#2089 = ORIENTED_EDGE('',*,*,#2090,.F.);
#2090 = EDGE_CURVE('',#677,#2083,#2091,.T.);
#2091 = LINE('',#2092,#2093);
#2092 = CARTESIAN_POINT('',(5.91,145.,3.8));
#2093 = VECTOR('',#2094,1.);
#2094 = DIRECTION('',(7.61E-15,1.,0.));
#2095 = ORIENTED_EDGE('',*,*,#676,.F.);
#2096 = ORIENTED_EDGE('',*,*,#380,.F.);
#2097 = ORIENTED_EDGE('',*,*,#2098,.F.);
#2098 = EDGE_CURVE('',#2099,#373,#2101,.T.);
#2099 = VERTEX_POINT('',#2100);
#2100 = CARTESIAN_POINT('',(5.91,104.15,6.1));
#2101 = LINE('',#2102,#2103);
#2102 = CARTESIAN_POINT('',(5.91,104.15,6.1));
#2103 = VECTOR('',#2104,1.);
#2104 = DIRECTION('',(0.,0.,1.));
#2105 = ORIENTED_EDGE('',*,*,#2106,.F.);
#2106 = EDGE_CURVE('',#2107,#2099,#2109,.T.);
#2107 = VERTEX_POINT('',#2108);
#2108 = CARTESIAN_POINT('',(5.91,95.65,6.1));
#2109 = LINE('',#2110,#2111);
#2110 = CARTESIAN_POINT('',(5.91,41.07609257209,6.1));
#2111 = VECTOR('',#2112,1.);
#2112 = DIRECTION('',(0.,1.,0.));
#2113 = ORIENTED_EDGE('',*,*,#2114,.T.);
#2114 = EDGE_CURVE('',#2107,#349,#2115,.T.);
#2115 = LINE('',#2116,#2117);
#2116 = CARTESIAN_POINT('',(5.91,95.65,6.1));
#2117 = VECTOR('',#2118,1.);
#2118 = DIRECTION('',(0.,0.,1.));
#2119 = ORIENTED_EDGE('',*,*,#348,.F.);
#2120 = ORIENTED_EDGE('',*,*,#2121,.F.);
#2121 = EDGE_CURVE('',#2122,#341,#2124,.T.);
#2122 = VERTEX_POINT('',#2123);
#2123 = CARTESIAN_POINT('',(5.91,54.35,6.1));
#2124 = LINE('',#2125,#2126);
#2125 = CARTESIAN_POINT('',(5.91,54.35,6.1));
#2126 = VECTOR('',#2127,1.);
#2127 = DIRECTION('',(0.,0.,1.));
#2128 = ORIENTED_EDGE('',*,*,#2129,.F.);
#2129 = EDGE_CURVE('',#2130,#2122,#2132,.T.);
#2130 = VERTEX_POINT('',#2131);
#2131 = CARTESIAN_POINT('',(5.91,45.85,6.1));
#2132 = LINE('',#2133,#2134);
#2133 = CARTESIAN_POINT('',(5.91,41.07609257209,6.1));
#2134 = VECTOR('',#2135,1.);
#2135 = DIRECTION('',(0.,1.,0.));
#2136 = ORIENTED_EDGE('',*,*,#2137,.T.);
#2137 = EDGE_CURVE('',#2130,#317,#2138,.T.);
#2138 = LINE('',#2139,#2140);
#2139 = CARTESIAN_POINT('',(5.91,45.85,6.1));
#2140 = VECTOR('',#2141,1.);
#2141 = DIRECTION('',(0.,0.,1.));
#2142 = ORIENTED_EDGE('',*,*,#316,.F.);
#2143 = ORIENTED_EDGE('',*,*,#1108,.F.);
#2144 = ORIENTED_EDGE('',*,*,#1188,.F.);
#2145 = ORIENTED_EDGE('',*,*,#2146,.F.);
#2146 = EDGE_CURVE('',#2147,#1189,#2149,.T.);
#2147 = VERTEX_POINT('',#2148);
#2148 = CARTESIAN_POINT('',(5.91,2.5,4.9));
#2149 = LINE('',#2150,#2151);
#2150 = CARTESIAN_POINT('',(5.91,2.5,4.9));
#2151 = VECTOR('',#2152,1.);
#2152 = DIRECTION('',(0.,0.,-1.));
#2153 = ORIENTED_EDGE('',*,*,#2154,.F.);
#2154 = EDGE_CURVE('',#2155,#2147,#2157,.T.);
#2155 = VERTEX_POINT('',#2156);
#2156 = CARTESIAN_POINT('',(5.91,0.,4.9));
#2157 = LINE('',#2158,#2159);
#2158 = CARTESIAN_POINT('',(5.91,75.50989178867,4.9));
#2159 = VECTOR('',#2160,1.);
#2160 = DIRECTION('',(0.,1.,0.));
#2161 = ORIENTED_EDGE('',*,*,#2162,.T.);
#2162 = EDGE_CURVE('',#2155,#2163,#2165,.T.);
#2163 = VERTEX_POINT('',#2164);
#2164 = CARTESIAN_POINT('',(5.91,0.,5.6));
#2165 = LINE('',#2166,#2167);
#2166 = CARTESIAN_POINT('',(5.91,0.,4.9));
#2167 = VECTOR('',#2168,1.);
#2168 = DIRECTION('',(0.,0.,1.));
#2169 = ORIENTED_EDGE('',*,*,#2170,.F.);
#2170 = EDGE_CURVE('',#1993,#2163,#2171,.T.);
#2171 = LINE('',#2172,#2173);
#2172 = CARTESIAN_POINT('',(5.91,19.375001591343,24.975001591343));
#2173 = VECTOR('',#2174,1.);
#2174 = DIRECTION('',(6.4E-16,-0.707106781187,-0.707106781187));
#2175 = PLANE('',#2176);
#2176 = AXIS2_PLACEMENT_3D('',#2177,#2178,#2179);
#2177 = CARTESIAN_POINT('',(5.91,75.931329179152,6.191420431183));
#2178 = DIRECTION('',(-1.,-0.,-7.6E-16));
#2179 = DIRECTION('',(7.6E-16,0.,-1.));
#2180 = ADVANCED_FACE('',(#2181),#2215,.T.);
#2181 = FACE_BOUND('',#2182,.T.);
#2182 = EDGE_LOOP('',(#2183,#2184,#2192,#2200,#2208,#2214));
#2183 = ORIENTED_EDGE('',*,*,#2137,.F.);
#2184 = ORIENTED_EDGE('',*,*,#2185,.T.);
#2185 = EDGE_CURVE('',#2130,#2186,#2188,.T.);
#2186 = VERTEX_POINT('',#2187);
#2187 = CARTESIAN_POINT('',(5.11,45.85,5.3));
#2188 = LINE('',#2189,#2190);
#2189 = CARTESIAN_POINT('',(5.91,45.85,6.1));
#2190 = VECTOR('',#2191,1.);
#2191 = DIRECTION('',(-0.707106781187,-0.,-0.707106781187));
#2192 = ORIENTED_EDGE('',*,*,#2193,.T.);
#2193 = EDGE_CURVE('',#2186,#2194,#2196,.T.);
#2194 = VERTEX_POINT('',#2195);
#2195 = CARTESIAN_POINT('',(5.91,45.85,5.3));
#2196 = LINE('',#2197,#2198);
#2197 = CARTESIAN_POINT('',(5.11,45.85,5.3));
#2198 = VECTOR('',#2199,1.);
#2199 = DIRECTION('',(1.,0.,0.));
#2200 = ORIENTED_EDGE('',*,*,#2201,.T.);
#2201 = EDGE_CURVE('',#2194,#2202,#2204,.T.);
#2202 = VERTEX_POINT('',#2203);
#2203 = CARTESIAN_POINT('',(6.71,45.85,6.1));
#2204 = LINE('',#2205,#2206);
#2205 = CARTESIAN_POINT('',(5.91,45.85,5.3));
#2206 = VECTOR('',#2207,1.);
#2207 = DIRECTION('',(0.707106781187,0.,0.707106781187));
#2208 = ORIENTED_EDGE('',*,*,#2209,.T.);
#2209 = EDGE_CURVE('',#2202,#325,#2210,.T.);
#2210 = LINE('',#2211,#2212);
#2211 = CARTESIAN_POINT('',(6.71,45.85,6.1));
#2212 = VECTOR('',#2213,1.);
#2213 = DIRECTION('',(0.,0.,1.));
#2214 = ORIENTED_EDGE('',*,*,#324,.F.);
#2215 = PLANE('',#2216);
#2216 = AXIS2_PLACEMENT_3D('',#2217,#2218,#2219);
#2217 = CARTESIAN_POINT('',(5.947534528542,45.85,5.78445268922));
#2218 = DIRECTION('',(-0.,-1.,-0.));
#2219 = DIRECTION('',(0.,0.,-1.));
#2220 = ADVANCED_FACE('',(#2221),#2239,.T.);
#2221 = FACE_BOUND('',#2222,.T.);
#2222 = EDGE_LOOP('',(#2223,#2231,#2232,#2233));
#2223 = ORIENTED_EDGE('',*,*,#2224,.T.);
#2224 = EDGE_CURVE('',#2225,#333,#2227,.T.);
#2225 = VERTEX_POINT('',#2226);
#2226 = CARTESIAN_POINT('',(6.71,54.35,6.1));
#2227 = LINE('',#2228,#2229);
#2228 = CARTESIAN_POINT('',(6.71,54.35,6.1));
#2229 = VECTOR('',#2230,1.);
#2230 = DIRECTION('',(0.,0.,1.));
#2231 = ORIENTED_EDGE('',*,*,#332,.T.);
#2232 = ORIENTED_EDGE('',*,*,#2209,.F.);
#2233 = ORIENTED_EDGE('',*,*,#2234,.F.);
#2234 = EDGE_CURVE('',#2225,#2202,#2235,.T.);
#2235 = LINE('',#2236,#2237);
#2236 = CARTESIAN_POINT('',(6.71,54.35,6.1));
#2237 = VECTOR('',#2238,1.);
#2238 = DIRECTION('',(0.,-1.,0.));
#2239 = PLANE('',#2240);
#2240 = AXIS2_PLACEMENT_3D('',#2241,#2242,#2243);
#2241 = CARTESIAN_POINT('',(6.71,54.35,6.1));
#2242 = DIRECTION('',(1.,0.,0.));
#2243 = DIRECTION('',(0.,-1.,0.));
#2244 = ADVANCED_FACE('',(#2245),#2272,.T.);
#2245 = FACE_BOUND('',#2246,.T.);
#2246 = EDGE_LOOP('',(#2247,#2248,#2249,#2250,#2258,#2266));
#2247 = ORIENTED_EDGE('',*,*,#2121,.T.);
#2248 = ORIENTED_EDGE('',*,*,#340,.T.);
#2249 = ORIENTED_EDGE('',*,*,#2224,.F.);
#2250 = ORIENTED_EDGE('',*,*,#2251,.F.);
#2251 = EDGE_CURVE('',#2252,#2225,#2254,.T.);
#2252 = VERTEX_POINT('',#2253);
#2253 = CARTESIAN_POINT('',(5.91,54.35,5.3));
#2254 = LINE('',#2255,#2256);
#2255 = CARTESIAN_POINT('',(5.91,54.35,5.3));
#2256 = VECTOR('',#2257,1.);
#2257 = DIRECTION('',(0.707106781187,0.,0.707106781187));
#2258 = ORIENTED_EDGE('',*,*,#2259,.F.);
#2259 = EDGE_CURVE('',#2260,#2252,#2262,.T.);
#2260 = VERTEX_POINT('',#2261);
#2261 = CARTESIAN_POINT('',(5.11,54.35,5.3));
#2262 = LINE('',#2263,#2264);
#2263 = CARTESIAN_POINT('',(5.11,54.35,5.3));
#2264 = VECTOR('',#2265,1.);
#2265 = DIRECTION('',(1.,0.,0.));
#2266 = ORIENTED_EDGE('',*,*,#2267,.F.);
#2267 = EDGE_CURVE('',#2122,#2260,#2268,.T.);
#2268 = LINE('',#2269,#2270);
#2269 = CARTESIAN_POINT('',(5.91,54.35,6.1));
#2270 = VECTOR('',#2271,1.);
#2271 = DIRECTION('',(-0.707106781187,-0.,-0.707106781187));
#2272 = PLANE('',#2273);
#2273 = AXIS2_PLACEMENT_3D('',#2274,#2275,#2276);
#2274 = CARTESIAN_POINT('',(5.947534528542,54.35,5.78445268922));
#2275 = DIRECTION('',(0.,1.,0.));
#2276 = DIRECTION('',(0.,0.,1.));
#2277 = ADVANCED_FACE('',(#2278),#2312,.T.);
#2278 = FACE_BOUND('',#2279,.T.);
#2279 = EDGE_LOOP('',(#2280,#2281,#2289,#2297,#2305,#2311));
#2280 = ORIENTED_EDGE('',*,*,#2114,.F.);
#2281 = ORIENTED_EDGE('',*,*,#2282,.T.);
#2282 = EDGE_CURVE('',#2107,#2283,#2285,.T.);
#2283 = VERTEX_POINT('',#2284);
#2284 = CARTESIAN_POINT('',(5.11,95.65,5.3));
#2285 = LINE('',#2286,#2287);
#2286 = CARTESIAN_POINT('',(5.91,95.65,6.1));
#2287 = VECTOR('',#2288,1.);
#2288 = DIRECTION('',(-0.707106781187,-6.3E-16,-0.707106781187));
#2289 = ORIENTED_EDGE('',*,*,#2290,.T.);
#2290 = EDGE_CURVE('',#2283,#2291,#2293,.T.);
#2291 = VERTEX_POINT('',#2292);
#2292 = CARTESIAN_POINT('',(5.91,95.65,5.3));
#2293 = LINE('',#2294,#2295);
#2294 = CARTESIAN_POINT('',(5.11,95.65,5.3));
#2295 = VECTOR('',#2296,1.);
#2296 = DIRECTION('',(1.,0.,0.));
#2297 = ORIENTED_EDGE('',*,*,#2298,.T.);
#2298 = EDGE_CURVE('',#2291,#2299,#2301,.T.);
#2299 = VERTEX_POINT('',#2300);
#2300 = CARTESIAN_POINT('',(6.71,95.65,6.1));
#2301 = LINE('',#2302,#2303);
#2302 = CARTESIAN_POINT('',(5.91,95.65,5.3));
#2303 = VECTOR('',#2304,1.);
#2304 = DIRECTION('',(0.707106781187,6.3E-16,0.707106781187));
#2305 = ORIENTED_EDGE('',*,*,#2306,.T.);
#2306 = EDGE_CURVE('',#2299,#357,#2307,.T.);
#2307 = LINE('',#2308,#2309);
#2308 = CARTESIAN_POINT('',(6.71,95.65,6.1));
#2309 = VECTOR('',#2310,1.);
#2310 = DIRECTION('',(0.,0.,1.));
#2311 = ORIENTED_EDGE('',*,*,#356,.F.);
#2312 = PLANE('',#2313);
#2313 = AXIS2_PLACEMENT_3D('',#2314,#2315,#2316);
#2314 = CARTESIAN_POINT('',(5.947534528542,95.65,5.78445268922));
#2315 = DIRECTION('',(-0.,-1.,-0.));
#2316 = DIRECTION('',(0.,0.,-1.));
#2317 = ADVANCED_FACE('',(#2318),#2336,.F.);
#2318 = FACE_BOUND('',#2319,.F.);
#2319 = EDGE_LOOP('',(#2320,#2321,#2322,#2330));
#2320 = ORIENTED_EDGE('',*,*,#2306,.T.);
#2321 = ORIENTED_EDGE('',*,*,#364,.T.);
#2322 = ORIENTED_EDGE('',*,*,#2323,.F.);
#2323 = EDGE_CURVE('',#2324,#365,#2326,.T.);
#2324 = VERTEX_POINT('',#2325);
#2325 = CARTESIAN_POINT('',(6.71,104.15,6.1));
#2326 = LINE('',#2327,#2328);
#2327 = CARTESIAN_POINT('',(6.71,104.15,6.1));
#2328 = VECTOR('',#2329,1.);
#2329 = DIRECTION('',(0.,0.,1.));
#2330 = ORIENTED_EDGE('',*,*,#2331,.F.);
#2331 = EDGE_CURVE('',#2299,#2324,#2332,.T.);
#2332 = LINE('',#2333,#2334);
#2333 = CARTESIAN_POINT('',(6.71,95.65,6.1));
#2334 = VECTOR('',#2335,1.);
#2335 = DIRECTION('',(0.,1.,-4.4E-16));
#2336 = PLANE('',#2337);
#2337 = AXIS2_PLACEMENT_3D('',#2338,#2339,#2340);
#2338 = CARTESIAN_POINT('',(6.71,95.65,6.1));
#2339 = DIRECTION('',(-1.,0.,0.));
#2340 = DIRECTION('',(0.,1.,-4.4E-16));
#2341 = ADVANCED_FACE('',(#2342),#2369,.T.);
#2342 = FACE_BOUND('',#2343,.T.);
#2343 = EDGE_LOOP('',(#2344,#2345,#2346,#2347,#2355,#2363));
#2344 = ORIENTED_EDGE('',*,*,#2098,.T.);
#2345 = ORIENTED_EDGE('',*,*,#372,.T.);
#2346 = ORIENTED_EDGE('',*,*,#2323,.F.);
#2347 = ORIENTED_EDGE('',*,*,#2348,.F.);
#2348 = EDGE_CURVE('',#2349,#2324,#2351,.T.);
#2349 = VERTEX_POINT('',#2350);
#2350 = CARTESIAN_POINT('',(5.91,104.15,5.3));
#2351 = LINE('',#2352,#2353);
#2352 = CARTESIAN_POINT('',(5.91,104.15,5.3));
#2353 = VECTOR('',#2354,1.);
#2354 = DIRECTION('',(0.707106781187,6.3E-16,0.707106781187));
#2355 = ORIENTED_EDGE('',*,*,#2356,.F.);
#2356 = EDGE_CURVE('',#2357,#2349,#2359,.T.);
#2357 = VERTEX_POINT('',#2358);
#2358 = CARTESIAN_POINT('',(5.11,104.15,5.3));
#2359 = LINE('',#2360,#2361);
#2360 = CARTESIAN_POINT('',(5.11,104.15,5.3));
#2361 = VECTOR('',#2362,1.);
#2362 = DIRECTION('',(1.,0.,0.));
#2363 = ORIENTED_EDGE('',*,*,#2364,.F.);
#2364 = EDGE_CURVE('',#2099,#2357,#2365,.T.);
#2365 = LINE('',#2366,#2367);
#2366 = CARTESIAN_POINT('',(5.91,104.15,6.1));
#2367 = VECTOR('',#2368,1.);
#2368 = DIRECTION('',(-0.707106781187,-6.3E-16,-0.707106781187));
#2369 = PLANE('',#2370);
#2370 = AXIS2_PLACEMENT_3D('',#2371,#2372,#2373);
#2371 = CARTESIAN_POINT('',(5.947534528542,104.15,5.78445268922));
#2372 = DIRECTION('',(0.,1.,0.));
#2373 = DIRECTION('',(0.,0.,1.));
#2374 = ADVANCED_FACE('',(#2375),#2401,.F.);
#2375 = FACE_BOUND('',#2376,.T.);
#2376 = EDGE_LOOP('',(#2377,#2385,#2386,#2394));
#2377 = ORIENTED_EDGE('',*,*,#2378,.T.);
#2378 = EDGE_CURVE('',#2379,#431,#2381,.T.);
#2379 = VERTEX_POINT('',#2380);
#2380 = CARTESIAN_POINT('',(17.03,22.5,6.6));
#2381 = LINE('',#2382,#2383);
#2382 = CARTESIAN_POINT('',(17.03,22.5,6.6));
#2383 = VECTOR('',#2384,1.);
#2384 = DIRECTION('',(-0.,-0.,-1.));
#2385 = ORIENTED_EDGE('',*,*,#428,.F.);
#2386 = ORIENTED_EDGE('',*,*,#2387,.T.);
#2387 = EDGE_CURVE('',#429,#2388,#2390,.T.);
#2388 = VERTEX_POINT('',#2389);
#2389 = CARTESIAN_POINT('',(15.03,24.5,6.6));
#2390 = LINE('',#2391,#2392);
#2391 = CARTESIAN_POINT('',(15.03,24.5,6.6));
#2392 = VECTOR('',#2393,1.);
#2393 = DIRECTION('',(0.,0.,1.));
#2394 = ORIENTED_EDGE('',*,*,#2395,.T.);
#2395 = EDGE_CURVE('',#2388,#2379,#2396,.T.);
#2396 = CIRCLE('',#2397,2.);
#2397 = AXIS2_PLACEMENT_3D('',#2398,#2399,#2400);
#2398 = CARTESIAN_POINT('',(17.03,24.5,6.6));
#2399 = DIRECTION('',(0.,0.,1.));
#2400 = DIRECTION('',(-1.,-9.059E-14,0.));
#2401 = CYLINDRICAL_SURFACE('',#2402,2.);
#2402 = AXIS2_PLACEMENT_3D('',#2403,#2404,#2405);
#2403 = CARTESIAN_POINT('',(17.03,24.5,6.6));
#2404 = DIRECTION('',(-0.,-0.,-1.));
#2405 = DIRECTION('',(1.,0.,0.));
#2406 = ADVANCED_FACE('',(#2407),#2425,.T.);
#2407 = FACE_BOUND('',#2408,.T.);
#2408 = EDGE_LOOP('',(#2409,#2410,#2418,#2424));
#2409 = ORIENTED_EDGE('',*,*,#2378,.F.);
#2410 = ORIENTED_EDGE('',*,*,#2411,.T.);
#2411 = EDGE_CURVE('',#2379,#2412,#2414,.T.);
#2412 = VERTEX_POINT('',#2413);
#2413 = CARTESIAN_POINT('',(101.027,22.5,6.6));
#2414 = LINE('',#2415,#2416);
#2415 = CARTESIAN_POINT('',(17.03,22.5,6.6));
#2416 = VECTOR('',#2417,1.);
#2417 = DIRECTION('',(1.,0.,0.));
#2418 = ORIENTED_EDGE('',*,*,#2419,.F.);
#2419 = EDGE_CURVE('',#440,#2412,#2420,.T.);
#2420 = LINE('',#2421,#2422);
#2421 = CARTESIAN_POINT('',(101.027,22.5,6.6));
#2422 = VECTOR('',#2423,1.);
#2423 = DIRECTION('',(0.,0.,1.));
#2424 = ORIENTED_EDGE('',*,*,#439,.T.);
#2425 = PLANE('',#2426);
#2426 = AXIS2_PLACEMENT_3D('',#2427,#2428,#2429);
#2427 = CARTESIAN_POINT('',(59.0285,22.5,6.45));
#2428 = DIRECTION('',(0.,1.,5.05E-15));
#2429 = DIRECTION('',(0.,-5.05E-15,1.));
#2430 = ADVANCED_FACE('',(#2431),#2450,.F.);
#2431 = FACE_BOUND('',#2432,.T.);
#2432 = EDGE_LOOP('',(#2433,#2441,#2442,#2443));
#2433 = ORIENTED_EDGE('',*,*,#2434,.T.);
#2434 = EDGE_CURVE('',#2435,#448,#2437,.T.);
#2435 = VERTEX_POINT('',#2436);
#2436 = CARTESIAN_POINT('',(103.027,24.5,6.6));
#2437 = LINE('',#2438,#2439);
#2438 = CARTESIAN_POINT('',(103.027,24.5,6.6));
#2439 = VECTOR('',#2440,1.);
#2440 = DIRECTION('',(-0.,-0.,-1.));
#2441 = ORIENTED_EDGE('',*,*,#447,.F.);
#2442 = ORIENTED_EDGE('',*,*,#2419,.T.);
#2443 = ORIENTED_EDGE('',*,*,#2444,.T.);
#2444 = EDGE_CURVE('',#2412,#2435,#2445,.T.);
#2445 = CIRCLE('',#2446,2.);
#2446 = AXIS2_PLACEMENT_3D('',#2447,#2448,#2449);
#2447 = CARTESIAN_POINT('',(101.027,24.5,6.6));
#2448 = DIRECTION('',(0.,0.,1.));
#2449 = DIRECTION('',(-1.421E-14,-1.,0.));
#2450 = CYLINDRICAL_SURFACE('',#2451,2.);
#2451 = AXIS2_PLACEMENT_3D('',#2452,#2453,#2454);
#2452 = CARTESIAN_POINT('',(101.027,24.5,6.6));
#2453 = DIRECTION('',(-0.,-0.,-1.));
#2454 = DIRECTION('',(1.,0.,0.));
#2455 = ADVANCED_FACE('',(#2456),#2474,.T.);
#2456 = FACE_BOUND('',#2457,.T.);
#2457 = EDGE_LOOP('',(#2458,#2459,#2467,#2473));
#2458 = ORIENTED_EDGE('',*,*,#2434,.F.);
#2459 = ORIENTED_EDGE('',*,*,#2460,.T.);
#2460 = EDGE_CURVE('',#2435,#2461,#2463,.T.);
#2461 = VERTEX_POINT('',#2462);
#2462 = CARTESIAN_POINT('',(103.027,139.5,6.6));
#2463 = LINE('',#2464,#2465);
#2464 = CARTESIAN_POINT('',(103.027,24.5,6.6));
#2465 = VECTOR('',#2466,1.);
#2466 = DIRECTION('',(0.,1.,0.));
#2467 = ORIENTED_EDGE('',*,*,#2468,.F.);
#2468 = EDGE_CURVE('',#457,#2461,#2469,.T.);
#2469 = LINE('',#2470,#2471);
#2470 = CARTESIAN_POINT('',(103.027,139.5,6.6));
#2471 = VECTOR('',#2472,1.);
#2472 = DIRECTION('',(0.,0.,1.));
#2473 = ORIENTED_EDGE('',*,*,#456,.T.);
#2474 = PLANE('',#2475);
#2475 = AXIS2_PLACEMENT_3D('',#2476,#2477,#2478);
#2476 = CARTESIAN_POINT('',(103.027,82.,6.45));
#2477 = DIRECTION('',(-1.,-0.,-0.));
#2478 = DIRECTION('',(0.,0.,-1.));
#2479 = ADVANCED_FACE('',(#2480),#2499,.F.);
#2480 = FACE_BOUND('',#2481,.T.);
#2481 = EDGE_LOOP('',(#2482,#2490,#2491,#2492));
#2482 = ORIENTED_EDGE('',*,*,#2483,.T.);
#2483 = EDGE_CURVE('',#2484,#465,#2486,.T.);
#2484 = VERTEX_POINT('',#2485);
#2485 = CARTESIAN_POINT('',(101.027,141.5,6.6));
#2486 = LINE('',#2487,#2488);
#2487 = CARTESIAN_POINT('',(101.027,141.5,6.6));
#2488 = VECTOR('',#2489,1.);
#2489 = DIRECTION('',(-0.,-0.,-1.));
#2490 = ORIENTED_EDGE('',*,*,#464,.F.);
#2491 = ORIENTED_EDGE('',*,*,#2468,.T.);
#2492 = ORIENTED_EDGE('',*,*,#2493,.T.);
#2493 = EDGE_CURVE('',#2461,#2484,#2494,.T.);
#2494 = CIRCLE('',#2495,2.);
#2495 = AXIS2_PLACEMENT_3D('',#2496,#2497,#2498);
#2496 = CARTESIAN_POINT('',(101.027,139.5,6.6));
#2497 = DIRECTION('',(0.,0.,1.));
#2498 = DIRECTION('',(1.,0.,0.));
#2499 = CYLINDRICAL_SURFACE('',#2500,2.);
#2500 = AXIS2_PLACEMENT_3D('',#2501,#2502,#2503);
#2501 = CARTESIAN_POINT('',(101.027,139.5,6.6));
#2502 = DIRECTION('',(-0.,-0.,-1.));
#2503 = DIRECTION('',(1.,0.,0.));
#2504 = ADVANCED_FACE('',(#2505),#2523,.T.);
#2505 = FACE_BOUND('',#2506,.T.);
#2506 = EDGE_LOOP('',(#2507,#2508,#2516,#2522));
#2507 = ORIENTED_EDGE('',*,*,#2483,.F.);
#2508 = ORIENTED_EDGE('',*,*,#2509,.T.);
#2509 = EDGE_CURVE('',#2484,#2510,#2512,.T.);
#2510 = VERTEX_POINT('',#2511);
#2511 = CARTESIAN_POINT('',(17.03,141.5,6.6));
#2512 = LINE('',#2513,#2514);
#2513 = CARTESIAN_POINT('',(101.027,141.5,6.6));
#2514 = VECTOR('',#2515,1.);
#2515 = DIRECTION('',(-1.,0.,0.));
#2516 = ORIENTED_EDGE('',*,*,#2517,.F.);
#2517 = EDGE_CURVE('',#474,#2510,#2518,.T.);
#2518 = LINE('',#2519,#2520);
#2519 = CARTESIAN_POINT('',(17.03,141.5,6.6));
#2520 = VECTOR('',#2521,1.);
#2521 = DIRECTION('',(0.,0.,1.));
#2522 = ORIENTED_EDGE('',*,*,#473,.T.);
#2523 = PLANE('',#2524);
#2524 = AXIS2_PLACEMENT_3D('',#2525,#2526,#2527);
#2525 = CARTESIAN_POINT('',(59.0285,141.5,6.45));
#2526 = DIRECTION('',(-0.,-1.,-0.));
#2527 = DIRECTION('',(0.,0.,-1.));
#2528 = ADVANCED_FACE('',(#2529),#2548,.F.);
#2529 = FACE_BOUND('',#2530,.T.);
#2530 = EDGE_LOOP('',(#2531,#2539,#2540,#2541));
#2531 = ORIENTED_EDGE('',*,*,#2532,.T.);
#2532 = EDGE_CURVE('',#2533,#482,#2535,.T.);
#2533 = VERTEX_POINT('',#2534);
#2534 = CARTESIAN_POINT('',(15.03,139.5,6.6));
#2535 = LINE('',#2536,#2537);
#2536 = CARTESIAN_POINT('',(15.03,139.5,6.6));
#2537 = VECTOR('',#2538,1.);
#2538 = DIRECTION('',(-0.,-0.,-1.));
#2539 = ORIENTED_EDGE('',*,*,#481,.F.);
#2540 = ORIENTED_EDGE('',*,*,#2517,.T.);
#2541 = ORIENTED_EDGE('',*,*,#2542,.T.);
#2542 = EDGE_CURVE('',#2510,#2533,#2543,.T.);
#2543 = CIRCLE('',#2544,2.);
#2544 = AXIS2_PLACEMENT_3D('',#2545,#2546,#2547);
#2545 = CARTESIAN_POINT('',(17.03,139.5,6.6));
#2546 = DIRECTION('',(0.,-0.,1.));
#2547 = DIRECTION('',(0.,1.,0.));
#2548 = CYLINDRICAL_SURFACE('',#2549,2.);
#2549 = AXIS2_PLACEMENT_3D('',#2550,#2551,#2552);
#2550 = CARTESIAN_POINT('',(17.03,139.5,6.6));
#2551 = DIRECTION('',(-0.,-0.,-1.));
#2552 = DIRECTION('',(1.,0.,0.));
#2553 = ADVANCED_FACE('',(#2554),#2565,.T.);
#2554 = FACE_BOUND('',#2555,.T.);
#2555 = EDGE_LOOP('',(#2556,#2557,#2563,#2564));
#2556 = ORIENTED_EDGE('',*,*,#2532,.F.);
#2557 = ORIENTED_EDGE('',*,*,#2558,.T.);
#2558 = EDGE_CURVE('',#2533,#2388,#2559,.T.);
#2559 = LINE('',#2560,#2561);
#2560 = CARTESIAN_POINT('',(15.03,139.5,6.6));
#2561 = VECTOR('',#2562,1.);
#2562 = DIRECTION('',(0.,-1.,0.));
#2563 = ORIENTED_EDGE('',*,*,#2387,.F.);
#2564 = ORIENTED_EDGE('',*,*,#490,.T.);
#2565 = PLANE('',#2566);
#2566 = AXIS2_PLACEMENT_3D('',#2567,#2568,#2569);
#2567 = CARTESIAN_POINT('',(15.03,82.,6.45));
#2568 = DIRECTION('',(1.,0.,0.));
#2569 = DIRECTION('',(0.,0.,1.));
#2570 = ADVANCED_FACE('',(#2571),#2589,.T.);
#2571 = FACE_BOUND('',#2572,.T.);
#2572 = EDGE_LOOP('',(#2573,#2581,#2587,#2588));
#2573 = ORIENTED_EDGE('',*,*,#2574,.T.);
#2574 = EDGE_CURVE('',#1906,#2575,#2577,.T.);
#2575 = VERTEX_POINT('',#2576);
#2576 = CARTESIAN_POINT('',(109.98142304982,125.55709857153,4.9));
#2577 = LINE('',#2578,#2579);
#2578 = CARTESIAN_POINT('',(109.727,127.,4.9));
#2579 = VECTOR('',#2580,1.);
#2580 = DIRECTION('',(0.173648573165,-0.984807683275,0.));
#2581 = ORIENTED_EDGE('',*,*,#2582,.T.);
#2582 = EDGE_CURVE('',#2575,#522,#2583,.T.);
#2583 = LINE('',#2584,#2585);
#2584 = CARTESIAN_POINT('',(109.98142304982,125.55709857153,4.9));
#2585 = VECTOR('',#2586,1.);
#2586 = DIRECTION('',(-0.,-0.,-1.));
#2587 = ORIENTED_EDGE('',*,*,#521,.F.);
#2588 = ORIENTED_EDGE('',*,*,#1913,.F.);
#2589 = PLANE('',#2590);
#2590 = AXIS2_PLACEMENT_3D('',#2591,#2592,#2593);
#2591 = CARTESIAN_POINT('',(109.85421152491,126.27854928576,4.75));
#2592 = DIRECTION('',(0.984807683275,0.173648573165,0.));
#2593 = DIRECTION('',(-0.173648573165,0.984807683275,0.));
#2594 = ADVANCED_FACE('',(#2595),#2614,.T.);
#2595 = FACE_BOUND('',#2596,.T.);
#2596 = EDGE_LOOP('',(#2597,#2598,#2606,#2613));
#2597 = ORIENTED_EDGE('',*,*,#546,.F.);
#2598 = ORIENTED_EDGE('',*,*,#2599,.F.);
#2599 = EDGE_CURVE('',#2600,#539,#2602,.T.);
#2600 = VERTEX_POINT('',#2601);
#2601 = CARTESIAN_POINT('',(110.027,138.96384714799,4.9));
#2602 = LINE('',#2603,#2604);
#2603 = CARTESIAN_POINT('',(110.027,138.96384714799,4.9));
#2604 = VECTOR('',#2605,1.);
#2605 = DIRECTION('',(-0.,-0.,-1.));
#2606 = ORIENTED_EDGE('',*,*,#2607,.T.);
#2607 = EDGE_CURVE('',#2600,#1857,#2608,.T.);
#2608 = CIRCLE('',#2609,3.);
#2609 = AXIS2_PLACEMENT_3D('',#2610,#2611,#2612);
#2610 = CARTESIAN_POINT('',(107.027,138.96384714799,4.9));
#2611 = DIRECTION('',(0.,0.,-1.));
#2612 = DIRECTION('',(0.,1.,0.));
#2613 = ORIENTED_EDGE('',*,*,#1856,.T.);
#2614 = CYLINDRICAL_SURFACE('',#2615,3.);
#2615 = AXIS2_PLACEMENT_3D('',#2616,#2617,#2618);
#2616 = CARTESIAN_POINT('',(107.027,138.96384714799,4.9));
#2617 = DIRECTION('',(-0.,-0.,-1.));
#2618 = DIRECTION('',(1.,0.,0.));
#2619 = ADVANCED_FACE('',(#2620),#2639,.T.);
#2620 = FACE_BOUND('',#2621,.F.);
#2621 = EDGE_LOOP('',(#2622,#2630,#2637,#2638));
#2622 = ORIENTED_EDGE('',*,*,#2623,.F.);
#2623 = EDGE_CURVE('',#2624,#530,#2626,.T.);
#2624 = VERTEX_POINT('',#2625);
#2625 = CARTESIAN_POINT('',(110.027,125.03615285204,4.9));
#2626 = LINE('',#2627,#2628);
#2627 = CARTESIAN_POINT('',(110.027,125.03615285204,4.8));
#2628 = VECTOR('',#2629,1.);
#2629 = DIRECTION('',(-0.,-0.,-1.));
#2630 = ORIENTED_EDGE('',*,*,#2631,.T.);
#2631 = EDGE_CURVE('',#2624,#2575,#2632,.T.);
#2632 = CIRCLE('',#2633,3.);
#2633 = AXIS2_PLACEMENT_3D('',#2634,#2635,#2636);
#2634 = CARTESIAN_POINT('',(107.027,125.03615285204,4.9));
#2635 = DIRECTION('',(0.,-0.,1.));
#2636 = DIRECTION('',(0.,1.,0.));
#2637 = ORIENTED_EDGE('',*,*,#2582,.T.);
#2638 = ORIENTED_EDGE('',*,*,#529,.F.);
#2639 = CYLINDRICAL_SURFACE('',#2640,3.);
#2640 = AXIS2_PLACEMENT_3D('',#2641,#2642,#2643);
#2641 = CARTESIAN_POINT('',(107.027,125.03615285204,4.9));
#2642 = DIRECTION('',(-0.,-0.,-1.));
#2643 = DIRECTION('',(1.,0.,0.));
#2644 = ADVANCED_FACE('',(#2645),#2718,.T.);
#2645 = FACE_BOUND('',#2646,.T.);
#2646 = EDGE_LOOP('',(#2647,#2655,#2663,#2671,#2677,#2678,#2679,#2680,
    #2688,#2694,#2695,#2703,#2711,#2717));
#2647 = ORIENTED_EDGE('',*,*,#2648,.T.);
#2648 = EDGE_CURVE('',#1157,#2649,#2651,.T.);
#2649 = VERTEX_POINT('',#2650);
#2650 = CARTESIAN_POINT('',(110.027,136.,2.3));
#2651 = LINE('',#2652,#2653);
#2652 = CARTESIAN_POINT('',(110.027,136.,3.8));
#2653 = VECTOR('',#2654,1.);
#2654 = DIRECTION('',(0.,0.,-1.));
#2655 = ORIENTED_EDGE('',*,*,#2656,.F.);
#2656 = EDGE_CURVE('',#2657,#2649,#2659,.T.);
#2657 = VERTEX_POINT('',#2658);
#2658 = CARTESIAN_POINT('',(110.027,139.,2.3));
#2659 = LINE('',#2660,#2661);
#2660 = CARTESIAN_POINT('',(110.027,139.,2.3));
#2661 = VECTOR('',#2662,1.);
#2662 = DIRECTION('',(-0.,-1.,-0.));
#2663 = ORIENTED_EDGE('',*,*,#2664,.F.);
#2664 = EDGE_CURVE('',#2665,#2657,#2667,.T.);
#2665 = VERTEX_POINT('',#2666);
#2666 = CARTESIAN_POINT('',(110.027,139.,4.9));
#2667 = LINE('',#2668,#2669);
#2668 = CARTESIAN_POINT('',(110.027,139.,3.8));
#2669 = VECTOR('',#2670,1.);
#2670 = DIRECTION('',(0.,0.,-1.));
#2671 = ORIENTED_EDGE('',*,*,#2672,.T.);
#2672 = EDGE_CURVE('',#2665,#2600,#2673,.T.);
#2673 = LINE('',#2674,#2675);
#2674 = CARTESIAN_POINT('',(110.027,139.,4.9));
#2675 = VECTOR('',#2676,1.);
#2676 = DIRECTION('',(0.,-1.,0.));
#2677 = ORIENTED_EDGE('',*,*,#2599,.T.);
#2678 = ORIENTED_EDGE('',*,*,#538,.T.);
#2679 = ORIENTED_EDGE('',*,*,#2623,.F.);
#2680 = ORIENTED_EDGE('',*,*,#2681,.T.);
#2681 = EDGE_CURVE('',#2624,#2682,#2684,.T.);
#2682 = VERTEX_POINT('',#2683);
#2683 = CARTESIAN_POINT('',(110.027,24.96384714796,4.9));
#2684 = LINE('',#2685,#2686);
#2685 = CARTESIAN_POINT('',(110.027,139.,4.9));
#2686 = VECTOR('',#2687,1.);
#2687 = DIRECTION('',(0.,-1.,0.));
#2688 = ORIENTED_EDGE('',*,*,#2689,.T.);
#2689 = EDGE_CURVE('',#2682,#1028,#2690,.T.);
#2690 = LINE('',#2691,#2692);
#2691 = CARTESIAN_POINT('',(110.027,24.96384714796,4.9));
#2692 = VECTOR('',#2693,1.);
#2693 = DIRECTION('',(-0.,-0.,-1.));
#2694 = ORIENTED_EDGE('',*,*,#1027,.T.);
#2695 = ORIENTED_EDGE('',*,*,#2696,.F.);
#2696 = EDGE_CURVE('',#2697,#1019,#2699,.T.);
#2697 = VERTEX_POINT('',#2698);
#2698 = CARTESIAN_POINT('',(110.027,11.03615285201,4.9));
#2699 = LINE('',#2700,#2701);
#2700 = CARTESIAN_POINT('',(110.027,11.03615285201,4.8));
#2701 = VECTOR('',#2702,1.);
#2702 = DIRECTION('',(-0.,-0.,-1.));
#2703 = ORIENTED_EDGE('',*,*,#2704,.T.);
#2704 = EDGE_CURVE('',#2697,#2705,#2707,.T.);
#2705 = VERTEX_POINT('',#2706);
#2706 = CARTESIAN_POINT('',(110.027,11.,4.9));
#2707 = LINE('',#2708,#2709);
#2708 = CARTESIAN_POINT('',(110.027,139.,4.9));
#2709 = VECTOR('',#2710,1.);
#2710 = DIRECTION('',(0.,-1.,0.));
#2711 = ORIENTED_EDGE('',*,*,#2712,.T.);
#2712 = EDGE_CURVE('',#2705,#1146,#2713,.T.);
#2713 = LINE('',#2714,#2715);
#2714 = CARTESIAN_POINT('',(110.027,11.,4.9));
#2715 = VECTOR('',#2716,1.);
#2716 = DIRECTION('',(0.,0.,-1.));
#2717 = ORIENTED_EDGE('',*,*,#1156,.T.);
#2718 = PLANE('',#2719);
#2719 = AXIS2_PLACEMENT_3D('',#2720,#2721,#2722);
#2720 = CARTESIAN_POINT('',(110.027,75.94584286804,4.29584286804));
#2721 = DIRECTION('',(1.,0.,0.));
#2722 = DIRECTION('',(0.,0.,1.));
#2723 = ADVANCED_FACE('',(#2724),#2749,.T.);
#2724 = FACE_BOUND('',#2725,.T.);
#2725 = EDGE_LOOP('',(#2726,#2734,#2742,#2748));
#2726 = ORIENTED_EDGE('',*,*,#2727,.F.);
#2727 = EDGE_CURVE('',#2728,#655,#2730,.T.);
#2728 = VERTEX_POINT('',#2729);
#2729 = CARTESIAN_POINT('',(106.627,126.5,6.8));
#2730 = LINE('',#2731,#2732);
#2731 = CARTESIAN_POINT('',(108.477,128.35,4.95));
#2732 = VECTOR('',#2733,1.);
#2733 = DIRECTION('',(0.57735026919,0.57735026919,-0.57735026919));
#2734 = ORIENTED_EDGE('',*,*,#2735,.T.);
#2735 = EDGE_CURVE('',#2728,#2736,#2738,.T.);
#2736 = VERTEX_POINT('',#2737);
#2737 = CARTESIAN_POINT('',(109.927,126.5,6.8));
#2738 = LINE('',#2739,#2740);
#2739 = CARTESIAN_POINT('',(106.827,126.5,6.8));
#2740 = VECTOR('',#2741,1.);
#2741 = DIRECTION('',(1.,0.,0.));
#2742 = ORIENTED_EDGE('',*,*,#2743,.T.);
#2743 = EDGE_CURVE('',#2736,#644,#2744,.T.);
#2744 = LINE('',#2745,#2746);
#2745 = CARTESIAN_POINT('',(109.31033333333,127.11666666666,
    6.183333333333));
#2746 = VECTOR('',#2747,1.);
#2747 = DIRECTION('',(-0.57735026919,0.57735026919,-0.57735026919));
#2748 = ORIENTED_EDGE('',*,*,#662,.F.);
#2749 = PLANE('',#2750);
#2750 = AXIS2_PLACEMENT_3D('',#2751,#2752,#2753);
#2751 = CARTESIAN_POINT('',(106.827,126.6,6.7));
#2752 = DIRECTION('',(-1.E-15,0.707106781187,0.707106781187));
#2753 = DIRECTION('',(1.,7.071067811865E-16,7.071067811865E-16));
#2754 = ADVANCED_FACE('',(#2755),#2765,.F.);
#2755 = FACE_BOUND('',#2756,.F.);
#2756 = EDGE_LOOP('',(#2757,#2758,#2764));
#2757 = ORIENTED_EDGE('',*,*,#684,.T.);
#2758 = ORIENTED_EDGE('',*,*,#2759,.F.);
#2759 = EDGE_CURVE('',#2083,#685,#2760,.T.);
#2760 = LINE('',#2761,#2762);
#2761 = CARTESIAN_POINT('',(5.91,145.608,3.8));
#2762 = VECTOR('',#2763,1.);
#2763 = DIRECTION('',(0.503005790312,-0.864283040973,0.));
#2764 = ORIENTED_EDGE('',*,*,#2090,.F.);
#2765 = PLANE('',#2766);
#2766 = AXIS2_PLACEMENT_3D('',#2767,#2768,#2769);
#2767 = CARTESIAN_POINT('',(75.044929029047,77.026894926472,3.8));
#2768 = DIRECTION('',(0.,0.,1.));
#2769 = DIRECTION('',(1.,0.,0.));
#2770 = ADVANCED_FACE('',(#2771),#2798,.T.);
#2771 = FACE_BOUND('',#2772,.T.);
#2772 = EDGE_LOOP('',(#2773,#2774,#2782,#2790,#2796,#2797));
#2773 = ORIENTED_EDGE('',*,*,#2082,.T.);
#2774 = ORIENTED_EDGE('',*,*,#2775,.F.);
#2775 = EDGE_CURVE('',#2776,#2075,#2778,.T.);
#2776 = VERTEX_POINT('',#2777);
#2777 = CARTESIAN_POINT('',(15.362716959029,129.36599420968,2.3));
#2778 = LINE('',#2779,#2780);
#2779 = CARTESIAN_POINT('',(15.362716959029,129.36599420968,2.3));
#2780 = VECTOR('',#2781,1.);
#2781 = DIRECTION('',(-0.503005790312,0.864283040973,0.));
#2782 = ORIENTED_EDGE('',*,*,#2783,.F.);
#2783 = EDGE_CURVE('',#2784,#2776,#2786,.T.);
#2784 = VERTEX_POINT('',#2785);
#2785 = CARTESIAN_POINT('',(15.362716959029,129.36599420968,4.5));
#2786 = LINE('',#2787,#2788);
#2787 = CARTESIAN_POINT('',(15.362716959029,129.36599420968,3.8));
#2788 = VECTOR('',#2789,1.);
#2789 = DIRECTION('',(0.,0.,-1.));
#2790 = ORIENTED_EDGE('',*,*,#2791,.F.);
#2791 = EDGE_CURVE('',#693,#2784,#2792,.T.);
#2792 = LINE('',#2793,#2794);
#2793 = CARTESIAN_POINT('',(5.91,145.608,4.5));
#2794 = VECTOR('',#2795,1.);
#2795 = DIRECTION('',(0.503005790312,-0.864283040973,0.));
#2796 = ORIENTED_EDGE('',*,*,#692,.F.);
#2797 = ORIENTED_EDGE('',*,*,#2759,.F.);
#2798 = PLANE('',#2799);
#2799 = AXIS2_PLACEMENT_3D('',#2800,#2801,#2802);
#2800 = CARTESIAN_POINT('',(10.642258115975,137.47686013258,
    3.388271235493));
#2801 = DIRECTION('',(-0.864283040973,-0.503005790312,-1.9E-16));
#2802 = DIRECTION('',(0.503005790312,-0.864283040973,1.232595164408E-32)
  );
#2803 = ADVANCED_FACE('',(#2804),#2838,.T.);
#2804 = FACE_BOUND('',#2805,.T.);
#2805 = EDGE_LOOP('',(#2806,#2814,#2815,#2823,#2829,#2830,#2831));
#2806 = ORIENTED_EDGE('',*,*,#2807,.F.);
#2807 = EDGE_CURVE('',#733,#2808,#2810,.T.);
#2808 = VERTEX_POINT('',#2809);
#2809 = CARTESIAN_POINT('',(17.227,129.869,4.5));
#2810 = LINE('',#2811,#2812);
#2811 = CARTESIAN_POINT('',(17.227,148.5,4.5));
#2812 = VECTOR('',#2813,1.);
#2813 = DIRECTION('',(0.,-1.,0.));
#2814 = ORIENTED_EDGE('',*,*,#732,.F.);
#2815 = ORIENTED_EDGE('',*,*,#2816,.T.);
#2816 = EDGE_CURVE('',#725,#2817,#2819,.T.);
#2817 = VERTEX_POINT('',#2818);
#2818 = CARTESIAN_POINT('',(15.727,131.72214272408,4.5));
#2819 = LINE('',#2820,#2821);
#2820 = CARTESIAN_POINT('',(15.727,145.,4.5));
#2821 = VECTOR('',#2822,1.);
#2822 = DIRECTION('',(0.,-1.,0.));
#2823 = ORIENTED_EDGE('',*,*,#2824,.T.);
#2824 = EDGE_CURVE('',#2817,#701,#2825,.T.);
#2825 = LINE('',#2826,#2827);
#2826 = CARTESIAN_POINT('',(15.727,131.72214272408,4.5));
#2827 = VECTOR('',#2828,1.);
#2828 = DIRECTION('',(-0.503005790312,0.864283040973,0.));
#2829 = ORIENTED_EDGE('',*,*,#700,.F.);
#2830 = ORIENTED_EDGE('',*,*,#2791,.T.);
#2831 = ORIENTED_EDGE('',*,*,#2832,.F.);
#2832 = EDGE_CURVE('',#2808,#2784,#2833,.T.);
#2833 = CIRCLE('',#2834,1.);
#2834 = AXIS2_PLACEMENT_3D('',#2835,#2836,#2837);
#2835 = CARTESIAN_POINT('',(16.227,129.869,4.5));
#2836 = DIRECTION('',(0.,0.,-1.));
#2837 = DIRECTION('',(1.,0.,0.));
#2838 = PLANE('',#2839);
#2839 = AXIS2_PLACEMENT_3D('',#2840,#2841,#2842);
#2840 = CARTESIAN_POINT('',(55.905620266614,98.528687041931,4.5));
#2841 = DIRECTION('',(0.,0.,1.));
#2842 = DIRECTION('',(1.,0.,0.));
#2843 = ADVANCED_FACE('',(#2844),#2862,.T.);
#2844 = FACE_BOUND('',#2845,.T.);
#2845 = EDGE_LOOP('',(#2846,#2847,#2855,#2861));
#2846 = ORIENTED_EDGE('',*,*,#2824,.F.);
#2847 = ORIENTED_EDGE('',*,*,#2848,.T.);
#2848 = EDGE_CURVE('',#2817,#2849,#2851,.T.);
#2849 = VERTEX_POINT('',#2850);
#2850 = CARTESIAN_POINT('',(15.727,131.72214272408,4.2));
#2851 = LINE('',#2852,#2853);
#2852 = CARTESIAN_POINT('',(15.727,131.72214272408,3.8));
#2853 = VECTOR('',#2854,1.);
#2854 = DIRECTION('',(-0.,-0.,-1.));
#2855 = ORIENTED_EDGE('',*,*,#2856,.T.);
#2856 = EDGE_CURVE('',#2849,#709,#2857,.T.);
#2857 = LINE('',#2858,#2859);
#2858 = CARTESIAN_POINT('',(15.727,131.72214272408,4.2));
#2859 = VECTOR('',#2860,1.);
#2860 = DIRECTION('',(-0.503005790312,0.864283040973,0.));
#2861 = ORIENTED_EDGE('',*,*,#708,.T.);
#2862 = PLANE('',#2863);
#2863 = AXIS2_PLACEMENT_3D('',#2864,#2865,#2866);
#2864 = CARTESIAN_POINT('',(11.863196838247,138.36107136204,4.05));
#2865 = DIRECTION('',(0.864283040973,0.503005790312,-1.4E-16));
#2866 = DIRECTION('',(-0.503005790312,0.864283040973,1.232595164408E-32)
  );
#2867 = ADVANCED_FACE('',(#2868),#2878,.T.);
#2868 = FACE_BOUND('',#2869,.T.);
#2869 = EDGE_LOOP('',(#2870,#2876,#2877));
#2870 = ORIENTED_EDGE('',*,*,#2871,.F.);
#2871 = EDGE_CURVE('',#717,#2849,#2872,.T.);
#2872 = LINE('',#2873,#2874);
#2873 = CARTESIAN_POINT('',(15.727,145.,4.2));
#2874 = VECTOR('',#2875,1.);
#2875 = DIRECTION('',(0.,-1.,0.));
#2876 = ORIENTED_EDGE('',*,*,#716,.F.);
#2877 = ORIENTED_EDGE('',*,*,#2856,.F.);
#2878 = PLANE('',#2879);
#2879 = AXIS2_PLACEMENT_3D('',#2880,#2881,#2882);
#2880 = CARTESIAN_POINT('',(13.273848340602,139.77172286439,4.2));
#2881 = DIRECTION('',(0.,0.,1.));
#2882 = DIRECTION('',(1.,0.,0.));
#2883 = ADVANCED_FACE('',(#2884),#2890,.T.);
#2884 = FACE_BOUND('',#2885,.T.);
#2885 = EDGE_LOOP('',(#2886,#2887,#2888,#2889));
#2886 = ORIENTED_EDGE('',*,*,#2816,.F.);
#2887 = ORIENTED_EDGE('',*,*,#724,.T.);
#2888 = ORIENTED_EDGE('',*,*,#2871,.T.);
#2889 = ORIENTED_EDGE('',*,*,#2848,.F.);
#2890 = PLANE('',#2891);
#2891 = AXIS2_PLACEMENT_3D('',#2892,#2893,#2894);
#2892 = CARTESIAN_POINT('',(15.727,138.36107136204,4.05));
#2893 = DIRECTION('',(-1.,-0.,-0.));
#2894 = DIRECTION('',(0.,0.,-1.));
#2895 = ADVANCED_FACE('',(#2896),#2930,.T.);
#2896 = FACE_BOUND('',#2897,.T.);
#2897 = EDGE_LOOP('',(#2898,#2906,#2907,#2908,#2916,#2924));
#2898 = ORIENTED_EDGE('',*,*,#2899,.T.);
#2899 = EDGE_CURVE('',#2900,#741,#2902,.T.);
#2900 = VERTEX_POINT('',#2901);
#2901 = CARTESIAN_POINT('',(17.227,147.5,3.8));
#2902 = LINE('',#2903,#2904);
#2903 = CARTESIAN_POINT('',(17.227,148.5,3.8));
#2904 = VECTOR('',#2905,1.);
#2905 = DIRECTION('',(0.,-1.,0.));
#2906 = ORIENTED_EDGE('',*,*,#740,.T.);
#2907 = ORIENTED_EDGE('',*,*,#2807,.T.);
#2908 = ORIENTED_EDGE('',*,*,#2909,.F.);
#2909 = EDGE_CURVE('',#2910,#2808,#2912,.T.);
#2910 = VERTEX_POINT('',#2911);
#2911 = CARTESIAN_POINT('',(17.227,129.869,2.3));
#2912 = LINE('',#2913,#2914);
#2913 = CARTESIAN_POINT('',(17.227,129.869,3.8));
#2914 = VECTOR('',#2915,1.);
#2915 = DIRECTION('',(0.,0.,1.));
#2916 = ORIENTED_EDGE('',*,*,#2917,.F.);
#2917 = EDGE_CURVE('',#2918,#2910,#2920,.T.);
#2918 = VERTEX_POINT('',#2919);
#2919 = CARTESIAN_POINT('',(17.227,147.5,2.3));
#2920 = LINE('',#2921,#2922);
#2921 = CARTESIAN_POINT('',(17.227,148.5,2.3));
#2922 = VECTOR('',#2923,1.);
#2923 = DIRECTION('',(0.,-1.,0.));
#2924 = ORIENTED_EDGE('',*,*,#2925,.F.);
#2925 = EDGE_CURVE('',#2900,#2918,#2926,.T.);
#2926 = LINE('',#2927,#2928);
#2927 = CARTESIAN_POINT('',(17.227,147.5,3.8));
#2928 = VECTOR('',#2929,1.);
#2929 = DIRECTION('',(0.,0.,-1.));
#2930 = PLANE('',#2931);
#2931 = AXIS2_PLACEMENT_3D('',#2932,#2933,#2934);
#2932 = CARTESIAN_POINT('',(17.227,139.12569341366,3.341193413662));
#2933 = DIRECTION('',(1.,0.,1.61E-15));
#2934 = DIRECTION('',(-1.61E-15,0.,1.));
#2935 = ADVANCED_FACE('',(#2936,#2972,#3006,#3040),#3074,.F.);
#2936 = FACE_BOUND('',#2937,.F.);
#2937 = EDGE_LOOP('',(#2938,#2946,#2955,#2963,#2970,#2971));
#2938 = ORIENTED_EDGE('',*,*,#2939,.T.);
#2939 = EDGE_CURVE('',#749,#2940,#2942,.T.);
#2940 = VERTEX_POINT('',#2941);
#2941 = CARTESIAN_POINT('',(96.527000000059,147.5,3.8));
#2942 = LINE('',#2943,#2944);
#2943 = CARTESIAN_POINT('',(96.527000000059,139.00002174202,3.8));
#2944 = VECTOR('',#2945,1.);
#2945 = DIRECTION('',(0.,1.,0.));
#2946 = ORIENTED_EDGE('',*,*,#2947,.F.);
#2947 = EDGE_CURVE('',#2948,#2940,#2950,.T.);
#2948 = VERTEX_POINT('',#2949);
#2949 = CARTESIAN_POINT('',(97.527000000059,148.5,3.8));
#2950 = CIRCLE('',#2951,1.);
#2951 = AXIS2_PLACEMENT_3D('',#2952,#2953,#2954);
#2952 = CARTESIAN_POINT('',(97.527000000059,147.5,3.8));
#2953 = DIRECTION('',(0.,-0.,1.));
#2954 = DIRECTION('',(0.,1.,0.));
#2955 = ORIENTED_EDGE('',*,*,#2956,.F.);
#2956 = EDGE_CURVE('',#2957,#2948,#2959,.T.);
#2957 = VERTEX_POINT('',#2958);
#2958 = CARTESIAN_POINT('',(16.227,148.5,3.8));
#2959 = LINE('',#2960,#2961);
#2960 = CARTESIAN_POINT('',(64.168403343911,148.5,3.8));
#2961 = VECTOR('',#2962,1.);
#2962 = DIRECTION('',(1.,0.,0.));
#2963 = ORIENTED_EDGE('',*,*,#2964,.T.);
#2964 = EDGE_CURVE('',#2957,#2900,#2965,.T.);
#2965 = CIRCLE('',#2966,1.);
#2966 = AXIS2_PLACEMENT_3D('',#2967,#2968,#2969);
#2967 = CARTESIAN_POINT('',(16.227,147.5,3.8));
#2968 = DIRECTION('',(0.,0.,-1.));
#2969 = DIRECTION('',(0.,1.,0.));
#2970 = ORIENTED_EDGE('',*,*,#2899,.T.);
#2971 = ORIENTED_EDGE('',*,*,#748,.T.);
#2972 = FACE_BOUND('',#2973,.F.);
#2973 = EDGE_LOOP('',(#2974,#2984,#2992,#3000));
#2974 = ORIENTED_EDGE('',*,*,#2975,.F.);
#2975 = EDGE_CURVE('',#2976,#2978,#2980,.T.);
#2976 = VERTEX_POINT('',#2977);
#2977 = CARTESIAN_POINT('',(24.527,148.3,3.8));
#2978 = VERTEX_POINT('',#2979);
#2979 = CARTESIAN_POINT('',(24.527,146.2,3.8));
#2980 = LINE('',#2981,#2982);
#2981 = CARTESIAN_POINT('',(24.527,148.3,3.8));
#2982 = VECTOR('',#2983,1.);
#2983 = DIRECTION('',(0.,-1.,0.));
#2984 = ORIENTED_EDGE('',*,*,#2985,.T.);
#2985 = EDGE_CURVE('',#2976,#2986,#2988,.T.);
#2986 = VERTEX_POINT('',#2987);
#2987 = CARTESIAN_POINT('',(39.527,148.3,3.8));
#2988 = LINE('',#2989,#2990);
#2989 = CARTESIAN_POINT('',(24.527,148.3,3.8));
#2990 = VECTOR('',#2991,1.);
#2991 = DIRECTION('',(1.,0.,0.));
#2992 = ORIENTED_EDGE('',*,*,#2993,.T.);
#2993 = EDGE_CURVE('',#2986,#2994,#2996,.T.);
#2994 = VERTEX_POINT('',#2995);
#2995 = CARTESIAN_POINT('',(39.527,146.2,3.8));
#2996 = LINE('',#2997,#2998);
#2997 = CARTESIAN_POINT('',(39.527,148.3,3.8));
#2998 = VECTOR('',#2999,1.);
#2999 = DIRECTION('',(0.,-1.,0.));
#3000 = ORIENTED_EDGE('',*,*,#3001,.F.);
#3001 = EDGE_CURVE('',#2978,#2994,#3002,.T.);
#3002 = LINE('',#3003,#3004);
#3003 = CARTESIAN_POINT('',(24.527,146.2,3.8));
#3004 = VECTOR('',#3005,1.);
#3005 = DIRECTION('',(1.,0.,0.));
#3006 = FACE_BOUND('',#3007,.F.);
#3007 = EDGE_LOOP('',(#3008,#3018,#3026,#3034));
#3008 = ORIENTED_EDGE('',*,*,#3009,.F.);
#3009 = EDGE_CURVE('',#3010,#3012,#3014,.T.);
#3010 = VERTEX_POINT('',#3011);
#3011 = CARTESIAN_POINT('',(66.527,148.3,3.8));
#3012 = VERTEX_POINT('',#3013);
#3013 = CARTESIAN_POINT('',(51.527,148.3,3.8));
#3014 = LINE('',#3015,#3016);
#3015 = CARTESIAN_POINT('',(66.527,148.3,3.8));
#3016 = VECTOR('',#3017,1.);
#3017 = DIRECTION('',(-1.,-0.,-0.));
#3018 = ORIENTED_EDGE('',*,*,#3019,.T.);
#3019 = EDGE_CURVE('',#3010,#3020,#3022,.T.);
#3020 = VERTEX_POINT('',#3021);
#3021 = CARTESIAN_POINT('',(66.527,146.2,3.8));
#3022 = LINE('',#3023,#3024);
#3023 = CARTESIAN_POINT('',(66.527,148.3,3.8));
#3024 = VECTOR('',#3025,1.);
#3025 = DIRECTION('',(0.,-1.,0.));
#3026 = ORIENTED_EDGE('',*,*,#3027,.T.);
#3027 = EDGE_CURVE('',#3020,#3028,#3030,.T.);
#3028 = VERTEX_POINT('',#3029);
#3029 = CARTESIAN_POINT('',(51.527,146.2,3.8));
#3030 = LINE('',#3031,#3032);
#3031 = CARTESIAN_POINT('',(66.527,146.2,3.8));
#3032 = VECTOR('',#3033,1.);
#3033 = DIRECTION('',(-1.,-0.,-0.));
#3034 = ORIENTED_EDGE('',*,*,#3035,.F.);
#3035 = EDGE_CURVE('',#3012,#3028,#3036,.T.);
#3036 = LINE('',#3037,#3038);
#3037 = CARTESIAN_POINT('',(51.527,148.3,3.8));
#3038 = VECTOR('',#3039,1.);
#3039 = DIRECTION('',(0.,-1.,0.));
#3040 = FACE_BOUND('',#3041,.F.);
#3041 = EDGE_LOOP('',(#3042,#3052,#3060,#3068));
#3042 = ORIENTED_EDGE('',*,*,#3043,.F.);
#3043 = EDGE_CURVE('',#3044,#3046,#3048,.T.);
#3044 = VERTEX_POINT('',#3045);
#3045 = CARTESIAN_POINT('',(93.527,148.3,3.8));
#3046 = VERTEX_POINT('',#3047);
#3047 = CARTESIAN_POINT('',(78.527,148.3,3.8));
#3048 = LINE('',#3049,#3050);
#3049 = CARTESIAN_POINT('',(93.527,148.3,3.8));
#3050 = VECTOR('',#3051,1.);
#3051 = DIRECTION('',(-1.,0.,0.));
#3052 = ORIENTED_EDGE('',*,*,#3053,.T.);
#3053 = EDGE_CURVE('',#3044,#3054,#3056,.T.);
#3054 = VERTEX_POINT('',#3055);
#3055 = CARTESIAN_POINT('',(93.527,146.2,3.8));
#3056 = LINE('',#3057,#3058);
#3057 = CARTESIAN_POINT('',(93.527,148.3,3.8));
#3058 = VECTOR('',#3059,1.);
#3059 = DIRECTION('',(0.,-1.,0.));
#3060 = ORIENTED_EDGE('',*,*,#3061,.T.);
#3061 = EDGE_CURVE('',#3054,#3062,#3064,.T.);
#3062 = VERTEX_POINT('',#3063);
#3063 = CARTESIAN_POINT('',(78.527,146.2,3.8));
#3064 = LINE('',#3065,#3066);
#3065 = CARTESIAN_POINT('',(93.527,146.2,3.8));
#3066 = VECTOR('',#3067,1.);
#3067 = DIRECTION('',(-1.,0.,0.));
#3068 = ORIENTED_EDGE('',*,*,#3069,.F.);
#3069 = EDGE_CURVE('',#3046,#3062,#3070,.T.);
#3070 = LINE('',#3071,#3072);
#3071 = CARTESIAN_POINT('',(78.527,148.3,3.8));
#3072 = VECTOR('',#3073,1.);
#3073 = DIRECTION('',(0.,-1.,0.));
#3074 = PLANE('',#3075);
#3075 = AXIS2_PLACEMENT_3D('',#3076,#3077,#3078);
#3076 = CARTESIAN_POINT('',(75.044929029047,77.026894926472,3.8));
#3077 = DIRECTION('',(0.,0.,1.));
#3078 = DIRECTION('',(1.,0.,0.));
#3079 = ADVANCED_FACE('',(#3080),#3107,.T.);
#3080 = FACE_BOUND('',#3081,.T.);
#3081 = EDGE_LOOP('',(#3082,#3083,#3091,#3099,#3105,#3106));
#3082 = ORIENTED_EDGE('',*,*,#2939,.T.);
#3083 = ORIENTED_EDGE('',*,*,#3084,.T.);
#3084 = EDGE_CURVE('',#2940,#3085,#3087,.T.);
#3085 = VERTEX_POINT('',#3086);
#3086 = CARTESIAN_POINT('',(96.527000000059,147.5,2.3));
#3087 = LINE('',#3088,#3089);
#3088 = CARTESIAN_POINT('',(96.527000000059,147.5,3.8));
#3089 = VECTOR('',#3090,1.);
#3090 = DIRECTION('',(0.,0.,-1.));
#3091 = ORIENTED_EDGE('',*,*,#3092,.F.);
#3092 = EDGE_CURVE('',#3093,#3085,#3095,.T.);
#3093 = VERTEX_POINT('',#3094);
#3094 = CARTESIAN_POINT('',(96.527000000059,139.00002174202,2.3));
#3095 = LINE('',#3096,#3097);
#3096 = CARTESIAN_POINT('',(96.527000000059,139.00002174202,2.3));
#3097 = VECTOR('',#3098,1.);
#3098 = DIRECTION('',(0.,1.,0.));
#3099 = ORIENTED_EDGE('',*,*,#3100,.F.);
#3100 = EDGE_CURVE('',#922,#3093,#3101,.T.);
#3101 = LINE('',#3102,#3103);
#3102 = CARTESIAN_POINT('',(96.527000000059,139.00002174202,3.8));
#3103 = VECTOR('',#3104,1.);
#3104 = DIRECTION('',(0.,0.,-1.));
#3105 = ORIENTED_EDGE('',*,*,#954,.T.);
#3106 = ORIENTED_EDGE('',*,*,#756,.F.);
#3107 = PLANE('',#3108);
#3108 = AXIS2_PLACEMENT_3D('',#3109,#3110,#3111);
#3109 = CARTESIAN_POINT('',(96.527000000059,143.64530982174,
    3.295298950734));
#3110 = DIRECTION('',(-1.,-0.,-0.));
#3111 = DIRECTION('',(0.,0.,-1.));
#3112 = ADVANCED_FACE('',(#3113),#3124,.T.);
#3113 = FACE_BOUND('',#3114,.T.);
#3114 = EDGE_LOOP('',(#3115,#3116,#3117,#3118));
#3115 = ORIENTED_EDGE('',*,*,#800,.F.);
#3116 = ORIENTED_EDGE('',*,*,#772,.T.);
#3117 = ORIENTED_EDGE('',*,*,#947,.T.);
#3118 = ORIENTED_EDGE('',*,*,#3119,.F.);
#3119 = EDGE_CURVE('',#801,#939,#3120,.T.);
#3120 = LINE('',#3121,#3122);
#3121 = CARTESIAN_POINT('',(99.127000000059,139.,3.8));
#3122 = VECTOR('',#3123,1.);
#3123 = DIRECTION('',(0.,0.,1.));
#3124 = PLANE('',#3125);
#3125 = AXIS2_PLACEMENT_3D('',#3126,#3127,#3128);
#3126 = CARTESIAN_POINT('',(99.127000000059,142.,4.05));
#3127 = DIRECTION('',(1.,0.,0.));
#3128 = DIRECTION('',(0.,0.,1.));
#3129 = ADVANCED_FACE('',(#3130),#3136,.F.);
#3130 = FACE_BOUND('',#3131,.T.);
#3131 = EDGE_LOOP('',(#3132,#3133,#3134,#3135));
#3132 = ORIENTED_EDGE('',*,*,#938,.F.);
#3133 = ORIENTED_EDGE('',*,*,#881,.T.);
#3134 = ORIENTED_EDGE('',*,*,#808,.F.);
#3135 = ORIENTED_EDGE('',*,*,#3119,.T.);
#3136 = CYLINDRICAL_SURFACE('',#3137,1.4);
#3137 = AXIS2_PLACEMENT_3D('',#3138,#3139,#3140);
#3138 = CARTESIAN_POINT('',(100.527,139.,3.8));
#3139 = DIRECTION('',(0.,0.,1.));
#3140 = DIRECTION('',(1.,0.,0.));
#3141 = ADVANCED_FACE('',(#3142),#3177,.T.);
#3142 = FACE_BOUND('',#3143,.T.);
#3143 = EDGE_LOOP('',(#3144,#3145,#3146,#3147,#3155,#3163,#3171));
#3144 = ORIENTED_EDGE('',*,*,#840,.T.);
#3145 = ORIENTED_EDGE('',*,*,#904,.F.);
#3146 = ORIENTED_EDGE('',*,*,#968,.F.);
#3147 = ORIENTED_EDGE('',*,*,#3148,.F.);
#3148 = EDGE_CURVE('',#3149,#969,#3151,.T.);
#3149 = VERTEX_POINT('',#3150);
#3150 = CARTESIAN_POINT('',(109.727,23.,4.9));
#3151 = LINE('',#3152,#3153);
#3152 = CARTESIAN_POINT('',(109.727,23.,4.8));
#3153 = VECTOR('',#3154,1.);
#3154 = DIRECTION('',(-0.,-0.,-1.));
#3155 = ORIENTED_EDGE('',*,*,#3156,.T.);
#3156 = EDGE_CURVE('',#3149,#3157,#3159,.T.);
#3157 = VERTEX_POINT('',#3158);
#3158 = CARTESIAN_POINT('',(109.727,13.,4.9));
#3159 = LINE('',#3160,#3161);
#3160 = CARTESIAN_POINT('',(109.727,23.,4.9));
#3161 = VECTOR('',#3162,1.);
#3162 = DIRECTION('',(0.,-1.,0.));
#3163 = ORIENTED_EDGE('',*,*,#3164,.F.);
#3164 = EDGE_CURVE('',#3165,#3157,#3167,.T.);
#3165 = VERTEX_POINT('',#3166);
#3166 = CARTESIAN_POINT('',(109.727,13.,6.6));
#3167 = LINE('',#3168,#3169);
#3168 = CARTESIAN_POINT('',(109.727,13.,6.6));
#3169 = VECTOR('',#3170,1.);
#3170 = DIRECTION('',(-0.,-0.,-1.));
#3171 = ORIENTED_EDGE('',*,*,#3172,.T.);
#3172 = EDGE_CURVE('',#3165,#841,#3173,.T.);
#3173 = LINE('',#3174,#3175);
#3174 = CARTESIAN_POINT('',(109.727,13.,6.6));
#3175 = VECTOR('',#3176,1.);
#3176 = DIRECTION('',(0.,1.,0.));
#3177 = PLANE('',#3178);
#3178 = AXIS2_PLACEMENT_3D('',#3179,#3180,#3181);
#3179 = CARTESIAN_POINT('',(109.727,18.271951219512,5.721951219512));
#3180 = DIRECTION('',(-1.,-0.,-7.04E-15));
#3181 = DIRECTION('',(7.04E-15,0.,-1.));
#3182 = ADVANCED_FACE('',(#3183),#3208,.T.);
#3183 = FACE_BOUND('',#3184,.F.);
#3184 = EDGE_LOOP('',(#3185,#3193,#3194,#3202));
#3185 = ORIENTED_EDGE('',*,*,#3186,.F.);
#3186 = EDGE_CURVE('',#841,#3187,#3189,.T.);
#3187 = VERTEX_POINT('',#3188);
#3188 = CARTESIAN_POINT('',(109.927,23.5,6.8));
#3189 = LINE('',#3190,#3191);
#3190 = CARTESIAN_POINT('',(108.077,21.65,4.95));
#3191 = VECTOR('',#3192,1.);
#3192 = DIRECTION('',(0.57735026919,0.57735026919,0.57735026919));
#3193 = ORIENTED_EDGE('',*,*,#848,.T.);
#3194 = ORIENTED_EDGE('',*,*,#3195,.T.);
#3195 = EDGE_CURVE('',#849,#3196,#3198,.T.);
#3196 = VERTEX_POINT('',#3197);
#3197 = CARTESIAN_POINT('',(106.627,23.5,6.8));
#3198 = LINE('',#3199,#3200);
#3199 = CARTESIAN_POINT('',(107.24366666666,22.883333333333,
    6.183333333333));
#3200 = VECTOR('',#3201,1.);
#3201 = DIRECTION('',(-0.57735026919,0.57735026919,0.57735026919));
#3202 = ORIENTED_EDGE('',*,*,#3203,.F.);
#3203 = EDGE_CURVE('',#3187,#3196,#3204,.T.);
#3204 = LINE('',#3205,#3206);
#3205 = CARTESIAN_POINT('',(109.727,23.5,6.8));
#3206 = VECTOR('',#3207,1.);
#3207 = DIRECTION('',(-1.,0.,0.));
#3208 = PLANE('',#3209);
#3209 = AXIS2_PLACEMENT_3D('',#3210,#3211,#3212);
#3210 = CARTESIAN_POINT('',(109.727,23.4,6.7));
#3211 = DIRECTION('',(0.,-0.707106781187,0.707106781187));
#3212 = DIRECTION('',(1.,0.,0.));
#3213 = ADVANCED_FACE('',(#3214),#3226,.T.);
#3214 = FACE_BOUND('',#3215,.F.);
#3215 = EDGE_LOOP('',(#3216,#3217,#3224,#3225));
#3216 = ORIENTED_EDGE('',*,*,#1084,.F.);
#3217 = ORIENTED_EDGE('',*,*,#3218,.T.);
#3218 = EDGE_CURVE('',#1061,#3093,#3219,.T.);
#3219 = CIRCLE('',#3220,4.);
#3220 = AXIS2_PLACEMENT_3D('',#3221,#3222,#3223);
#3221 = CARTESIAN_POINT('',(100.527,139.,2.3));
#3222 = DIRECTION('',(-0.,-0.,-1.));
#3223 = DIRECTION('',(0.,-1.,0.));
#3224 = ORIENTED_EDGE('',*,*,#3100,.F.);
#3225 = ORIENTED_EDGE('',*,*,#919,.F.);
#3226 = CYLINDRICAL_SURFACE('',#3227,4.);
#3227 = AXIS2_PLACEMENT_3D('',#3228,#3229,#3230);
#3228 = CARTESIAN_POINT('',(100.527,139.,3.8));
#3229 = DIRECTION('',(0.,0.,1.));
#3230 = DIRECTION('',(1.,0.,0.));
#3231 = ADVANCED_FACE('',(#3232),#3250,.T.);
#3232 = FACE_BOUND('',#3233,.T.);
#3233 = EDGE_LOOP('',(#3234,#3242,#3243,#3244));
#3234 = ORIENTED_EDGE('',*,*,#3235,.F.);
#3235 = EDGE_CURVE('',#3149,#3236,#3238,.T.);
#3236 = VERTEX_POINT('',#3237);
#3237 = CARTESIAN_POINT('',(109.98142304982,24.442901428465,4.9));
#3238 = LINE('',#3239,#3240);
#3239 = CARTESIAN_POINT('',(109.727,23.,4.9));
#3240 = VECTOR('',#3241,1.);
#3241 = DIRECTION('',(0.173648573165,0.984807683275,0.));
#3242 = ORIENTED_EDGE('',*,*,#3148,.T.);
#3243 = ORIENTED_EDGE('',*,*,#1044,.T.);
#3244 = ORIENTED_EDGE('',*,*,#3245,.F.);
#3245 = EDGE_CURVE('',#3236,#1036,#3246,.T.);
#3246 = LINE('',#3247,#3248);
#3247 = CARTESIAN_POINT('',(109.98142304982,24.442901428465,4.8));
#3248 = VECTOR('',#3249,1.);
#3249 = DIRECTION('',(-0.,-0.,-1.));
#3250 = PLANE('',#3251);
#3251 = AXIS2_PLACEMENT_3D('',#3252,#3253,#3254);
#3252 = CARTESIAN_POINT('',(109.85421152491,23.721450714233,4.75));
#3253 = DIRECTION('',(0.984807683275,-0.173648573165,9.9E-16));
#3254 = DIRECTION('',(0.173648573165,0.984807683275,0.));
#3255 = ADVANCED_FACE('',(#3256),#3268,.T.);
#3256 = FACE_BOUND('',#3257,.F.);
#3257 = EDGE_LOOP('',(#3258,#3265,#3266,#3267));
#3258 = ORIENTED_EDGE('',*,*,#3259,.F.);
#3259 = EDGE_CURVE('',#2682,#3236,#3260,.T.);
#3260 = CIRCLE('',#3261,3.);
#3261 = AXIS2_PLACEMENT_3D('',#3262,#3263,#3264);
#3262 = CARTESIAN_POINT('',(107.027,24.96384714796,4.9));
#3263 = DIRECTION('',(0.,0.,-1.));
#3264 = DIRECTION('',(0.,1.,0.));
#3265 = ORIENTED_EDGE('',*,*,#2689,.T.);
#3266 = ORIENTED_EDGE('',*,*,#1035,.T.);
#3267 = ORIENTED_EDGE('',*,*,#3245,.F.);
#3268 = CYLINDRICAL_SURFACE('',#3269,3.);
#3269 = AXIS2_PLACEMENT_3D('',#3270,#3271,#3272);
#3270 = CARTESIAN_POINT('',(107.027,24.96384714796,4.8));
#3271 = DIRECTION('',(0.,0.,1.));
#3272 = DIRECTION('',(0.,1.,0.));
#3273 = ADVANCED_FACE('',(#3274),#3293,.T.);
#3274 = FACE_BOUND('',#3275,.F.);
#3275 = EDGE_LOOP('',(#3276,#3277,#3286,#3292));
#3276 = ORIENTED_EDGE('',*,*,#2696,.F.);
#3277 = ORIENTED_EDGE('',*,*,#3278,.T.);
#3278 = EDGE_CURVE('',#2697,#3279,#3281,.T.);
#3279 = VERTEX_POINT('',#3280);
#3280 = CARTESIAN_POINT('',(109.98142304982,11.557098571494,4.9));
#3281 = CIRCLE('',#3282,3.);
#3282 = AXIS2_PLACEMENT_3D('',#3283,#3284,#3285);
#3283 = CARTESIAN_POINT('',(107.027,11.03615285201,4.9));
#3284 = DIRECTION('',(0.,-0.,1.));
#3285 = DIRECTION('',(0.,1.,0.));
#3286 = ORIENTED_EDGE('',*,*,#3287,.T.);
#3287 = EDGE_CURVE('',#3279,#1011,#3288,.T.);
#3288 = LINE('',#3289,#3290);
#3289 = CARTESIAN_POINT('',(109.98142304982,11.557098571494,4.9));
#3290 = VECTOR('',#3291,1.);
#3291 = DIRECTION('',(-0.,-0.,-1.));
#3292 = ORIENTED_EDGE('',*,*,#1018,.F.);
#3293 = CYLINDRICAL_SURFACE('',#3294,3.);
#3294 = AXIS2_PLACEMENT_3D('',#3295,#3296,#3297);
#3295 = CARTESIAN_POINT('',(107.027,11.03615285201,4.9));
#3296 = DIRECTION('',(-0.,-0.,-1.));
#3297 = DIRECTION('',(1.,0.,0.));
#3298 = ADVANCED_FACE('',(#3299),#3317,.F.);
#3299 = FACE_BOUND('',#3300,.F.);
#3300 = EDGE_LOOP('',(#3301,#3302,#3303,#3311));
#3301 = ORIENTED_EDGE('',*,*,#1968,.F.);
#3302 = ORIENTED_EDGE('',*,*,#994,.T.);
#3303 = ORIENTED_EDGE('',*,*,#3304,.T.);
#3304 = EDGE_CURVE('',#995,#3305,#3307,.T.);
#3305 = VERTEX_POINT('',#3306);
#3306 = CARTESIAN_POINT('',(109.727,13.,4.8));
#3307 = LINE('',#3308,#3309);
#3308 = CARTESIAN_POINT('',(109.72624177187,13.004300115271,
    4.795699884729));
#3309 = VECTOR('',#3310,1.);
#3310 = DIRECTION('',(0.123724316309,-0.701673817936,0.701673817936));
#3311 = ORIENTED_EDGE('',*,*,#3312,.F.);
#3312 = EDGE_CURVE('',#1961,#3305,#3313,.T.);
#3313 = LINE('',#3314,#3315);
#3314 = CARTESIAN_POINT('',(106.827,13.,4.8));
#3315 = VECTOR('',#3316,1.);
#3316 = DIRECTION('',(1.,0.,0.));
#3317 = PLANE('',#3318);
#3318 = AXIS2_PLACEMENT_3D('',#3319,#3320,#3321);
#3319 = CARTESIAN_POINT('',(106.827,13.1,4.7));
#3320 = DIRECTION('',(0.,-0.707106781187,-0.707106781187));
#3321 = DIRECTION('',(1.,0.,0.));
#3322 = ADVANCED_FACE('',(#3323),#3341,.T.);
#3323 = FACE_BOUND('',#3324,.T.);
#3324 = EDGE_LOOP('',(#3325,#3331,#3337,#3338,#3339,#3340));
#3325 = ORIENTED_EDGE('',*,*,#3326,.F.);
#3326 = EDGE_CURVE('',#3157,#3305,#3327,.T.);
#3327 = LINE('',#3328,#3329);
#3328 = CARTESIAN_POINT('',(109.727,13.,6.6));
#3329 = VECTOR('',#3330,1.);
#3330 = DIRECTION('',(-0.,-0.,-1.));
#3331 = ORIENTED_EDGE('',*,*,#3332,.T.);
#3332 = EDGE_CURVE('',#3157,#3279,#3333,.T.);
#3333 = LINE('',#3334,#3335);
#3334 = CARTESIAN_POINT('',(109.727,13.,4.9));
#3335 = VECTOR('',#3336,1.);
#3336 = DIRECTION('',(0.173648573161,-0.984807683276,0.));
#3337 = ORIENTED_EDGE('',*,*,#3287,.T.);
#3338 = ORIENTED_EDGE('',*,*,#1010,.F.);
#3339 = ORIENTED_EDGE('',*,*,#1002,.T.);
#3340 = ORIENTED_EDGE('',*,*,#3304,.T.);
#3341 = PLANE('',#3342);
#3342 = AXIS2_PLACEMENT_3D('',#3343,#3344,#3345);
#3343 = CARTESIAN_POINT('',(109.85421152491,12.278549285747,4.75));
#3344 = DIRECTION('',(0.984807683276,0.173648573161,0.));
#3345 = DIRECTION('',(-0.173648573161,0.984807683276,0.));
#3346 = ADVANCED_FACE('',(#3347),#3381,.F.);
#3347 = FACE_BOUND('',#3348,.F.);
#3348 = EDGE_LOOP('',(#3349,#3359,#3367,#3373,#3374));
#3349 = ORIENTED_EDGE('',*,*,#3350,.F.);
#3350 = EDGE_CURVE('',#3351,#3353,#3355,.T.);
#3351 = VERTEX_POINT('',#3352);
#3352 = CARTESIAN_POINT('',(109.527,135.5,1.8));
#3353 = VERTEX_POINT('',#3354);
#3354 = CARTESIAN_POINT('',(109.73410678118,135.29289321881,
    2.007106781187));
#3355 = LINE('',#3356,#3357);
#3356 = CARTESIAN_POINT('',(109.19366666666,135.83333333333,
    1.466666666667));
#3357 = VECTOR('',#3358,1.);
#3358 = DIRECTION('',(0.57735026919,-0.57735026919,0.57735026919));
#3359 = ORIENTED_EDGE('',*,*,#3360,.T.);
#3360 = EDGE_CURVE('',#3351,#3361,#3363,.T.);
#3361 = VERTEX_POINT('',#3362);
#3362 = CARTESIAN_POINT('',(100.527,135.5,1.8));
#3363 = LINE('',#3364,#3365);
#3364 = CARTESIAN_POINT('',(110.027,135.5,1.8));
#3365 = VECTOR('',#3366,1.);
#3366 = DIRECTION('',(-1.,-0.,-0.));
#3367 = ORIENTED_EDGE('',*,*,#3368,.T.);
#3368 = EDGE_CURVE('',#3361,#1061,#3369,.T.);
#3369 = LINE('',#3370,#3371);
#3370 = CARTESIAN_POINT('',(100.527,135.25,2.05));
#3371 = VECTOR('',#3372,1.);
#3372 = DIRECTION('',(0.,-0.707106781187,0.707106781187));
#3373 = ORIENTED_EDGE('',*,*,#1058,.F.);
#3374 = ORIENTED_EDGE('',*,*,#3375,.F.);
#3375 = EDGE_CURVE('',#3353,#1059,#3376,.T.);
#3376 = ELLIPSE('',#3377,1.414213562373,1.);
#3377 = AXIS2_PLACEMENT_3D('',#3378,#3379,#3380);
#3378 = CARTESIAN_POINT('',(109.027,136.,1.3));
#3379 = DIRECTION('',(0.,-0.707106781187,-0.707106781187));
#3380 = DIRECTION('',(0.,0.707106781187,-0.707106781187));
#3381 = PLANE('',#3382);
#3382 = AXIS2_PLACEMENT_3D('',#3383,#3384,#3385);
#3383 = CARTESIAN_POINT('',(110.027,135.25,2.05));
#3384 = DIRECTION('',(0.,0.707106781187,0.707106781187));
#3385 = DIRECTION('',(-1.,0.,0.));
#3386 = ADVANCED_FACE('',(#3387),#3400,.T.);
#3387 = FACE_BOUND('',#3388,.T.);
#3388 = EDGE_LOOP('',(#3389,#3396,#3397,#3398,#3399));
#3389 = ORIENTED_EDGE('',*,*,#3390,.F.);
#3390 = EDGE_CURVE('',#2649,#3353,#3391,.T.);
#3391 = ELLIPSE('',#3392,1.414213562373,1.);
#3392 = AXIS2_PLACEMENT_3D('',#3393,#3394,#3395);
#3393 = CARTESIAN_POINT('',(109.027,136.,1.3));
#3394 = DIRECTION('',(0.707106781187,0.,-0.707106781187));
#3395 = DIRECTION('',(-0.707106781187,0.,-0.707106781187));
#3396 = ORIENTED_EDGE('',*,*,#2648,.F.);
#3397 = ORIENTED_EDGE('',*,*,#1164,.T.);
#3398 = ORIENTED_EDGE('',*,*,#1068,.T.);
#3399 = ORIENTED_EDGE('',*,*,#3375,.F.);
#3400 = CYLINDRICAL_SURFACE('',#3401,1.);
#3401 = AXIS2_PLACEMENT_3D('',#3402,#3403,#3404);
#3402 = CARTESIAN_POINT('',(109.027,136.,3.8));
#3403 = DIRECTION('',(0.,0.,-1.));
#3404 = DIRECTION('',(1.,0.,0.));
#3405 = ADVANCED_FACE('',(#3406),#3412,.T.);
#3406 = FACE_BOUND('',#3407,.T.);
#3407 = EDGE_LOOP('',(#3408,#3409,#3410,#3411));
#3408 = ORIENTED_EDGE('',*,*,#1837,.F.);
#3409 = ORIENTED_EDGE('',*,*,#1181,.T.);
#3410 = ORIENTED_EDGE('',*,*,#1131,.T.);
#3411 = ORIENTED_EDGE('',*,*,#1820,.F.);
#3412 = PLANE('',#3413);
#3413 = AXIS2_PLACEMENT_3D('',#3414,#3415,#3416);
#3414 = CARTESIAN_POINT('',(106.027,16.,4.3));
#3415 = DIRECTION('',(1.,0.,0.));
#3416 = DIRECTION('',(0.,0.,1.));
#3417 = ADVANCED_FACE('',(#3418),#3437,.T.);
#3418 = FACE_BOUND('',#3419,.F.);
#3419 = EDGE_LOOP('',(#3420,#3421,#3422,#3430));
#3420 = ORIENTED_EDGE('',*,*,#2712,.T.);
#3421 = ORIENTED_EDGE('',*,*,#1145,.T.);
#3422 = ORIENTED_EDGE('',*,*,#3423,.F.);
#3423 = EDGE_CURVE('',#3424,#1148,#3426,.T.);
#3424 = VERTEX_POINT('',#3425);
#3425 = CARTESIAN_POINT('',(100.527,1.5,4.9));
#3426 = LINE('',#3427,#3428);
#3427 = CARTESIAN_POINT('',(100.527,1.5,4.9));
#3428 = VECTOR('',#3429,1.);
#3429 = DIRECTION('',(0.,0.,-1.));
#3430 = ORIENTED_EDGE('',*,*,#3431,.F.);
#3431 = EDGE_CURVE('',#2705,#3424,#3432,.T.);
#3432 = CIRCLE('',#3433,9.5);
#3433 = AXIS2_PLACEMENT_3D('',#3434,#3435,#3436);
#3434 = CARTESIAN_POINT('',(100.527,11.,4.9));
#3435 = DIRECTION('',(0.,0.,-1.));
#3436 = DIRECTION('',(1.,0.,0.));
#3437 = CYLINDRICAL_SURFACE('',#3438,9.5);
#3438 = AXIS2_PLACEMENT_3D('',#3439,#3440,#3441);
#3439 = CARTESIAN_POINT('',(100.527,11.,4.9));
#3440 = DIRECTION('',(0.,0.,1.));
#3441 = DIRECTION('',(1.,0.,0.));
#3442 = ADVANCED_FACE('',(#3443),#3461,.T.);
#3443 = FACE_BOUND('',#3444,.T.);
#3444 = EDGE_LOOP('',(#3445,#3453,#3459,#3460));
#3445 = ORIENTED_EDGE('',*,*,#3446,.F.);
#3446 = EDGE_CURVE('',#3447,#3424,#3449,.T.);
#3447 = VERTEX_POINT('',#3448);
#3448 = CARTESIAN_POINT('',(61.527,1.5,4.9));
#3449 = LINE('',#3450,#3451);
#3450 = CARTESIAN_POINT('',(5.91,1.5,4.9));
#3451 = VECTOR('',#3452,1.);
#3452 = DIRECTION('',(1.,0.,0.));
#3453 = ORIENTED_EDGE('',*,*,#3454,.F.);
#3454 = EDGE_CURVE('',#1422,#3447,#3455,.T.);
#3455 = LINE('',#3456,#3457);
#3456 = CARTESIAN_POINT('',(61.527,1.5,3.8));
#3457 = VECTOR('',#3458,1.);
#3458 = DIRECTION('',(0.,0.,1.));
#3459 = ORIENTED_EDGE('',*,*,#1429,.T.);
#3460 = ORIENTED_EDGE('',*,*,#3423,.F.);
#3461 = PLANE('',#3462);
#3462 = AXIS2_PLACEMENT_3D('',#3463,#3464,#3465);
#3463 = CARTESIAN_POINT('',(5.91,1.5,4.9));
#3464 = DIRECTION('',(0.,-1.,0.));
#3465 = DIRECTION('',(1.,0.,0.));
#3466 = ADVANCED_FACE('',(#3467),#3524,.T.);
#3467 = FACE_BOUND('',#3468,.T.);
#3468 = EDGE_LOOP('',(#3469,#3470,#3478,#3486,#3494,#3502,#3508,#3509,
    #3510,#3518));
#3469 = ORIENTED_EDGE('',*,*,#1389,.F.);
#3470 = ORIENTED_EDGE('',*,*,#3471,.T.);
#3471 = EDGE_CURVE('',#1390,#3472,#3474,.T.);
#3472 = VERTEX_POINT('',#3473);
#3473 = CARTESIAN_POINT('',(61.527,3.8,2.9));
#3474 = LINE('',#3475,#3476);
#3475 = CARTESIAN_POINT('',(61.527,3.8,3.8));
#3476 = VECTOR('',#3477,1.);
#3477 = DIRECTION('',(0.,0.,-1.));
#3478 = ORIENTED_EDGE('',*,*,#3479,.T.);
#3479 = EDGE_CURVE('',#3472,#3480,#3482,.T.);
#3480 = VERTEX_POINT('',#3481);
#3481 = CARTESIAN_POINT('',(61.527,4.2,2.499999869282));
#3482 = LINE('',#3483,#3484);
#3483 = CARTESIAN_POINT('',(61.527,3.8,2.9));
#3484 = VECTOR('',#3485,1.);
#3485 = DIRECTION('',(-0.,0.707106665647,-0.707106896726));
#3486 = ORIENTED_EDGE('',*,*,#3487,.T.);
#3487 = EDGE_CURVE('',#3480,#3488,#3490,.T.);
#3488 = VERTEX_POINT('',#3489);
#3489 = CARTESIAN_POINT('',(61.527,3.8,2.1));
#3490 = LINE('',#3491,#3492);
#3491 = CARTESIAN_POINT('',(61.527,4.2,2.499999869282));
#3492 = VECTOR('',#3493,1.);
#3493 = DIRECTION('',(0.,-0.707106896726,-0.707106665647));
#3494 = ORIENTED_EDGE('',*,*,#3495,.T.);
#3495 = EDGE_CURVE('',#3488,#3496,#3498,.T.);
#3496 = VERTEX_POINT('',#3497);
#3497 = CARTESIAN_POINT('',(61.527,2.8,2.1));
#3498 = LINE('',#3499,#3500);
#3499 = CARTESIAN_POINT('',(61.527,3.8,2.1));
#3500 = VECTOR('',#3501,1.);
#3501 = DIRECTION('',(0.,-1.,0.));
#3502 = ORIENTED_EDGE('',*,*,#3503,.T.);
#3503 = EDGE_CURVE('',#3496,#1414,#3504,.T.);
#3504 = LINE('',#3505,#3506);
#3505 = CARTESIAN_POINT('',(61.527,2.8,2.1));
#3506 = VECTOR('',#3507,1.);
#3507 = DIRECTION('',(0.,-0.543251278157,0.839570157152));
#3508 = ORIENTED_EDGE('',*,*,#1421,.F.);
#3509 = ORIENTED_EDGE('',*,*,#3454,.T.);
#3510 = ORIENTED_EDGE('',*,*,#3511,.T.);
#3511 = EDGE_CURVE('',#3447,#3512,#3514,.T.);
#3512 = VERTEX_POINT('',#3513);
#3513 = CARTESIAN_POINT('',(61.527,9.,4.9));
#3514 = LINE('',#3515,#3516);
#3515 = CARTESIAN_POINT('',(61.527,-2.9E-16,4.9));
#3516 = VECTOR('',#3517,1.);
#3517 = DIRECTION('',(0.,1.,-2.2E-16));
#3518 = ORIENTED_EDGE('',*,*,#3519,.F.);
#3519 = EDGE_CURVE('',#1382,#3512,#3520,.T.);
#3520 = LINE('',#3521,#3522);
#3521 = CARTESIAN_POINT('',(61.527,9.,-9.1));
#3522 = VECTOR('',#3523,1.);
#3523 = DIRECTION('',(0.,0.,1.));
#3524 = PLANE('',#3525);
#3525 = AXIS2_PLACEMENT_3D('',#3526,#3527,#3528);
#3526 = CARTESIAN_POINT('',(61.527,4.977441378917,4.006541690562));
#3527 = DIRECTION('',(-1.,-4.1E-16,-4.39E-15));
#3528 = DIRECTION('',(4.39E-15,0.,-1.));
#3529 = ADVANCED_FACE('',(#3530),#3548,.F.);
#3530 = FACE_BOUND('',#3531,.F.);
#3531 = EDGE_LOOP('',(#3532,#3540,#3546,#3547));
#3532 = ORIENTED_EDGE('',*,*,#3533,.F.);
#3533 = EDGE_CURVE('',#3534,#1406,#3536,.T.);
#3534 = VERTEX_POINT('',#3535);
#3535 = CARTESIAN_POINT('',(66.527,2.8,2.1));
#3536 = LINE('',#3537,#3538);
#3537 = CARTESIAN_POINT('',(66.527,2.8,2.1));
#3538 = VECTOR('',#3539,1.);
#3539 = DIRECTION('',(0.,-0.543251278157,0.839570157152));
#3540 = ORIENTED_EDGE('',*,*,#3541,.T.);
#3541 = EDGE_CURVE('',#3534,#3496,#3542,.T.);
#3542 = LINE('',#3543,#3544);
#3543 = CARTESIAN_POINT('',(66.527,2.8,2.1));
#3544 = VECTOR('',#3545,1.);
#3545 = DIRECTION('',(-1.,0.,0.));
#3546 = ORIENTED_EDGE('',*,*,#3503,.T.);
#3547 = ORIENTED_EDGE('',*,*,#1413,.F.);
#3548 = PLANE('',#3549);
#3549 = AXIS2_PLACEMENT_3D('',#3550,#3551,#3552);
#3550 = CARTESIAN_POINT('',(66.527,2.8,2.1));
#3551 = DIRECTION('',(0.,0.839570157152,0.543251278157));
#3552 = DIRECTION('',(0.,-0.543251278157,0.839570157152));
#3553 = ADVANCED_FACE('',(#3554),#3588,.T.);
#3554 = FACE_BOUND('',#3555,.F.);
#3555 = EDGE_LOOP('',(#3556,#3557,#3565,#3573,#3581,#3587));
#3556 = ORIENTED_EDGE('',*,*,#1405,.T.);
#3557 = ORIENTED_EDGE('',*,*,#3558,.T.);
#3558 = EDGE_CURVE('',#1398,#3559,#3561,.T.);
#3559 = VERTEX_POINT('',#3560);
#3560 = CARTESIAN_POINT('',(66.527,3.8,2.9));
#3561 = LINE('',#3562,#3563);
#3562 = CARTESIAN_POINT('',(66.527,3.8,3.8));
#3563 = VECTOR('',#3564,1.);
#3564 = DIRECTION('',(0.,0.,-1.));
#3565 = ORIENTED_EDGE('',*,*,#3566,.T.);
#3566 = EDGE_CURVE('',#3559,#3567,#3569,.T.);
#3567 = VERTEX_POINT('',#3568);
#3568 = CARTESIAN_POINT('',(66.527,4.2,2.499999869282));
#3569 = LINE('',#3570,#3571);
#3570 = CARTESIAN_POINT('',(66.527,3.8,2.9));
#3571 = VECTOR('',#3572,1.);
#3572 = DIRECTION('',(-0.,0.707106665647,-0.707106896726));
#3573 = ORIENTED_EDGE('',*,*,#3574,.T.);
#3574 = EDGE_CURVE('',#3567,#3575,#3577,.T.);
#3575 = VERTEX_POINT('',#3576);
#3576 = CARTESIAN_POINT('',(66.527,3.8,2.1));
#3577 = LINE('',#3578,#3579);
#3578 = CARTESIAN_POINT('',(66.527,4.2,2.499999869282));
#3579 = VECTOR('',#3580,1.);
#3580 = DIRECTION('',(0.,-0.707106896726,-0.707106665647));
#3581 = ORIENTED_EDGE('',*,*,#3582,.T.);
#3582 = EDGE_CURVE('',#3575,#3534,#3583,.T.);
#3583 = LINE('',#3584,#3585);
#3584 = CARTESIAN_POINT('',(66.527,3.8,2.1));
#3585 = VECTOR('',#3586,1.);
#3586 = DIRECTION('',(0.,-1.,0.));
#3587 = ORIENTED_EDGE('',*,*,#3533,.T.);
#3588 = PLANE('',#3589);
#3589 = AXIS2_PLACEMENT_3D('',#3590,#3591,#3592);
#3590 = CARTESIAN_POINT('',(66.527,3.015054965805,3.05981823678));
#3591 = DIRECTION('',(1.,0.,0.));
#3592 = DIRECTION('',(0.,0.,1.));
#3593 = ADVANCED_FACE('',(#3594),#3605,.F.);
#3594 = FACE_BOUND('',#3595,.F.);
#3595 = EDGE_LOOP('',(#3596,#3597,#3598,#3599));
#3596 = ORIENTED_EDGE('',*,*,#3558,.F.);
#3597 = ORIENTED_EDGE('',*,*,#1397,.T.);
#3598 = ORIENTED_EDGE('',*,*,#3471,.T.);
#3599 = ORIENTED_EDGE('',*,*,#3600,.F.);
#3600 = EDGE_CURVE('',#3559,#3472,#3601,.T.);
#3601 = LINE('',#3602,#3603);
#3602 = CARTESIAN_POINT('',(66.527,3.8,2.9));
#3603 = VECTOR('',#3604,1.);
#3604 = DIRECTION('',(-1.,0.,0.));
#3605 = PLANE('',#3606);
#3606 = AXIS2_PLACEMENT_3D('',#3607,#3608,#3609);
#3607 = CARTESIAN_POINT('',(66.527,3.8,3.8));
#3608 = DIRECTION('',(-0.,-1.,-0.));
#3609 = DIRECTION('',(0.,0.,-1.));
#3610 = ADVANCED_FACE('',(#3611),#3629,.F.);
#3611 = FACE_BOUND('',#3612,.F.);
#3612 = EDGE_LOOP('',(#3613,#3621,#3627,#3628));
#3613 = ORIENTED_EDGE('',*,*,#3614,.F.);
#3614 = EDGE_CURVE('',#3615,#1374,#3617,.T.);
#3615 = VERTEX_POINT('',#3616);
#3616 = CARTESIAN_POINT('',(52.327,9.,4.9));
#3617 = LINE('',#3618,#3619);
#3618 = CARTESIAN_POINT('',(52.327,9.,4.9));
#3619 = VECTOR('',#3620,1.);
#3620 = DIRECTION('',(0.,0.,-1.));
#3621 = ORIENTED_EDGE('',*,*,#3622,.F.);
#3622 = EDGE_CURVE('',#3512,#3615,#3623,.T.);
#3623 = LINE('',#3624,#3625);
#3624 = CARTESIAN_POINT('',(61.527,9.,4.9));
#3625 = VECTOR('',#3626,1.);
#3626 = DIRECTION('',(-1.,0.,0.));
#3627 = ORIENTED_EDGE('',*,*,#3519,.F.);
#3628 = ORIENTED_EDGE('',*,*,#1381,.T.);
#3629 = PLANE('',#3630);
#3630 = AXIS2_PLACEMENT_3D('',#3631,#3632,#3633);
#3631 = CARTESIAN_POINT('',(56.927,9.,-2.1));
#3632 = DIRECTION('',(0.,1.,-2.2E-16));
#3633 = DIRECTION('',(0.,2.2E-16,1.));
#3634 = ADVANCED_FACE('',(#3635),#3692,.T.);
#3635 = FACE_BOUND('',#3636,.T.);
#3636 = EDGE_LOOP('',(#3637,#3645,#3646,#3654,#3662,#3670,#3678,#3684,
    #3685,#3686));
#3637 = ORIENTED_EDGE('',*,*,#3638,.T.);
#3638 = EDGE_CURVE('',#3639,#1334,#3641,.T.);
#3639 = VERTEX_POINT('',#3640);
#3640 = CARTESIAN_POINT('',(52.327,1.5,4.9));
#3641 = LINE('',#3642,#3643);
#3642 = CARTESIAN_POINT('',(52.327,1.5,4.9));
#3643 = VECTOR('',#3644,1.);
#3644 = DIRECTION('',(0.,0.,-1.));
#3645 = ORIENTED_EDGE('',*,*,#1341,.T.);
#3646 = ORIENTED_EDGE('',*,*,#3647,.F.);
#3647 = EDGE_CURVE('',#3648,#1342,#3650,.T.);
#3648 = VERTEX_POINT('',#3649);
#3649 = CARTESIAN_POINT('',(52.327,2.8,2.1));
#3650 = LINE('',#3651,#3652);
#3651 = CARTESIAN_POINT('',(52.327,2.8,2.1));
#3652 = VECTOR('',#3653,1.);
#3653 = DIRECTION('',(0.,-0.543251278157,0.839570157152));
#3654 = ORIENTED_EDGE('',*,*,#3655,.F.);
#3655 = EDGE_CURVE('',#3656,#3648,#3658,.T.);
#3656 = VERTEX_POINT('',#3657);
#3657 = CARTESIAN_POINT('',(52.327,3.8,2.1));
#3658 = LINE('',#3659,#3660);
#3659 = CARTESIAN_POINT('',(52.327,3.8,2.1));
#3660 = VECTOR('',#3661,1.);
#3661 = DIRECTION('',(0.,-1.,0.));
#3662 = ORIENTED_EDGE('',*,*,#3663,.F.);
#3663 = EDGE_CURVE('',#3664,#3656,#3666,.T.);
#3664 = VERTEX_POINT('',#3665);
#3665 = CARTESIAN_POINT('',(52.327,4.2,2.499999869282));
#3666 = LINE('',#3667,#3668);
#3667 = CARTESIAN_POINT('',(52.327,4.2,2.499999869282));
#3668 = VECTOR('',#3669,1.);
#3669 = DIRECTION('',(0.,-0.707106896726,-0.707106665647));
#3670 = ORIENTED_EDGE('',*,*,#3671,.F.);
#3671 = EDGE_CURVE('',#3672,#3664,#3674,.T.);
#3672 = VERTEX_POINT('',#3673);
#3673 = CARTESIAN_POINT('',(52.327,3.8,2.9));
#3674 = LINE('',#3675,#3676);
#3675 = CARTESIAN_POINT('',(52.327,3.8,2.9));
#3676 = VECTOR('',#3677,1.);
#3677 = DIRECTION('',(-0.,0.707106665647,-0.707106896726));
#3678 = ORIENTED_EDGE('',*,*,#3679,.F.);
#3679 = EDGE_CURVE('',#1366,#3672,#3680,.T.);
#3680 = LINE('',#3681,#3682);
#3681 = CARTESIAN_POINT('',(52.327,3.8,3.8));
#3682 = VECTOR('',#3683,1.);
#3683 = DIRECTION('',(0.,0.,-1.));
#3684 = ORIENTED_EDGE('',*,*,#1373,.F.);
#3685 = ORIENTED_EDGE('',*,*,#3614,.F.);
#3686 = ORIENTED_EDGE('',*,*,#3687,.F.);
#3687 = EDGE_CURVE('',#3639,#3615,#3688,.T.);
#3688 = LINE('',#3689,#3690);
#3689 = CARTESIAN_POINT('',(52.327,-2.9E-16,4.9));
#3690 = VECTOR('',#3691,1.);
#3691 = DIRECTION('',(0.,1.,-2.2E-16));
#3692 = PLANE('',#3693);
#3693 = AXIS2_PLACEMENT_3D('',#3694,#3695,#3696);
#3694 = CARTESIAN_POINT('',(52.327,4.977441378917,4.006541690562));
#3695 = DIRECTION('',(1.,4.1E-16,4.39E-15));
#3696 = DIRECTION('',(-4.39E-15,0.,1.));
#3697 = ADVANCED_FACE('',(#3698),#3716,.T.);
#3698 = FACE_BOUND('',#3699,.T.);
#3699 = EDGE_LOOP('',(#3700,#3701,#3702,#3710));
#3700 = ORIENTED_EDGE('',*,*,#1365,.F.);
#3701 = ORIENTED_EDGE('',*,*,#3679,.T.);
#3702 = ORIENTED_EDGE('',*,*,#3703,.F.);
#3703 = EDGE_CURVE('',#3704,#3672,#3706,.T.);
#3704 = VERTEX_POINT('',#3705);
#3705 = CARTESIAN_POINT('',(41.927,3.8,2.9));
#3706 = LINE('',#3707,#3708);
#3707 = CARTESIAN_POINT('',(41.927,3.8,2.9));
#3708 = VECTOR('',#3709,1.);
#3709 = DIRECTION('',(1.,0.,0.));
#3710 = ORIENTED_EDGE('',*,*,#3711,.F.);
#3711 = EDGE_CURVE('',#1358,#3704,#3712,.T.);
#3712 = LINE('',#3713,#3714);
#3713 = CARTESIAN_POINT('',(41.927,3.8,3.8));
#3714 = VECTOR('',#3715,1.);
#3715 = DIRECTION('',(0.,0.,-1.));
#3716 = PLANE('',#3717);
#3717 = AXIS2_PLACEMENT_3D('',#3718,#3719,#3720);
#3718 = CARTESIAN_POINT('',(41.927,3.8,3.8));
#3719 = DIRECTION('',(0.,1.,0.));
#3720 = DIRECTION('',(0.,0.,-1.));
#3721 = ADVANCED_FACE('',(#3722),#3756,.F.);
#3722 = FACE_BOUND('',#3723,.T.);
#3723 = EDGE_LOOP('',(#3724,#3725,#3726,#3734,#3742,#3750));
#3724 = ORIENTED_EDGE('',*,*,#1357,.T.);
#3725 = ORIENTED_EDGE('',*,*,#3711,.T.);
#3726 = ORIENTED_EDGE('',*,*,#3727,.T.);
#3727 = EDGE_CURVE('',#3704,#3728,#3730,.T.);
#3728 = VERTEX_POINT('',#3729);
#3729 = CARTESIAN_POINT('',(41.927,4.2,2.499999869282));
#3730 = LINE('',#3731,#3732);
#3731 = CARTESIAN_POINT('',(41.927,3.8,2.9));
#3732 = VECTOR('',#3733,1.);
#3733 = DIRECTION('',(-0.,0.707106665647,-0.707106896726));
#3734 = ORIENTED_EDGE('',*,*,#3735,.T.);
#3735 = EDGE_CURVE('',#3728,#3736,#3738,.T.);
#3736 = VERTEX_POINT('',#3737);
#3737 = CARTESIAN_POINT('',(41.927,3.8,2.1));
#3738 = LINE('',#3739,#3740);
#3739 = CARTESIAN_POINT('',(41.927,4.2,2.499999869282));
#3740 = VECTOR('',#3741,1.);
#3741 = DIRECTION('',(0.,-0.707106896726,-0.707106665647));
#3742 = ORIENTED_EDGE('',*,*,#3743,.T.);
#3743 = EDGE_CURVE('',#3736,#3744,#3746,.T.);
#3744 = VERTEX_POINT('',#3745);
#3745 = CARTESIAN_POINT('',(41.927,2.8,2.1));
#3746 = LINE('',#3747,#3748);
#3747 = CARTESIAN_POINT('',(41.927,3.8,2.1));
#3748 = VECTOR('',#3749,1.);
#3749 = DIRECTION('',(0.,-1.,0.));
#3750 = ORIENTED_EDGE('',*,*,#3751,.T.);
#3751 = EDGE_CURVE('',#3744,#1350,#3752,.T.);
#3752 = LINE('',#3753,#3754);
#3753 = CARTESIAN_POINT('',(41.927,2.8,2.1));
#3754 = VECTOR('',#3755,1.);
#3755 = DIRECTION('',(0.,-0.543251278157,0.839570157152));
#3756 = PLANE('',#3757);
#3757 = AXIS2_PLACEMENT_3D('',#3758,#3759,#3760);
#3758 = CARTESIAN_POINT('',(41.927,3.015054965805,3.05981823678));
#3759 = DIRECTION('',(1.,0.,0.));
#3760 = DIRECTION('',(0.,0.,1.));
#3761 = ADVANCED_FACE('',(#3762),#3773,.T.);
#3762 = FACE_BOUND('',#3763,.T.);
#3763 = EDGE_LOOP('',(#3764,#3770,#3771,#3772));
#3764 = ORIENTED_EDGE('',*,*,#3765,.T.);
#3765 = EDGE_CURVE('',#3744,#3648,#3766,.T.);
#3766 = LINE('',#3767,#3768);
#3767 = CARTESIAN_POINT('',(41.927,2.8,2.1));
#3768 = VECTOR('',#3769,1.);
#3769 = DIRECTION('',(1.,0.,0.));
#3770 = ORIENTED_EDGE('',*,*,#3647,.T.);
#3771 = ORIENTED_EDGE('',*,*,#1349,.F.);
#3772 = ORIENTED_EDGE('',*,*,#3751,.F.);
#3773 = PLANE('',#3774);
#3774 = AXIS2_PLACEMENT_3D('',#3775,#3776,#3777);
#3775 = CARTESIAN_POINT('',(41.927,2.8,2.1));
#3776 = DIRECTION('',(-0.,-0.839570157152,-0.543251278157));
#3777 = DIRECTION('',(0.,-0.543251278157,0.839570157152));
#3778 = ADVANCED_FACE('',(#3779),#3797,.T.);
#3779 = FACE_BOUND('',#3780,.T.);
#3780 = EDGE_LOOP('',(#3781,#3789,#3795,#3796));
#3781 = ORIENTED_EDGE('',*,*,#3782,.F.);
#3782 = EDGE_CURVE('',#3783,#3639,#3785,.T.);
#3783 = VERTEX_POINT('',#3784);
#3784 = CARTESIAN_POINT('',(41.9226,1.5,4.9));
#3785 = LINE('',#3786,#3787);
#3786 = CARTESIAN_POINT('',(5.91,1.5,4.9));
#3787 = VECTOR('',#3788,1.);
#3788 = DIRECTION('',(1.,0.,0.));
#3789 = ORIENTED_EDGE('',*,*,#3790,.F.);
#3790 = EDGE_CURVE('',#1326,#3783,#3791,.T.);
#3791 = LINE('',#3792,#3793);
#3792 = CARTESIAN_POINT('',(41.9226,1.5,3.8));
#3793 = VECTOR('',#3794,1.);
#3794 = DIRECTION('',(0.,0.,1.));
#3795 = ORIENTED_EDGE('',*,*,#1333,.T.);
#3796 = ORIENTED_EDGE('',*,*,#3638,.F.);
#3797 = PLANE('',#3798);
#3798 = AXIS2_PLACEMENT_3D('',#3799,#3800,#3801);
#3799 = CARTESIAN_POINT('',(5.91,1.5,4.9));
#3800 = DIRECTION('',(0.,-1.,0.));
#3801 = DIRECTION('',(1.,0.,0.));
#3802 = ADVANCED_FACE('',(#3803),#3821,.T.);
#3803 = FACE_BOUND('',#3804,.T.);
#3804 = EDGE_LOOP('',(#3805,#3806,#3807,#3815));
#3805 = ORIENTED_EDGE('',*,*,#1325,.T.);
#3806 = ORIENTED_EDGE('',*,*,#3790,.T.);
#3807 = ORIENTED_EDGE('',*,*,#3808,.F.);
#3808 = EDGE_CURVE('',#3809,#3783,#3811,.T.);
#3809 = VERTEX_POINT('',#3810);
#3810 = CARTESIAN_POINT('',(41.9226,8.0977,4.9));
#3811 = LINE('',#3812,#3813);
#3812 = CARTESIAN_POINT('',(41.9226,40.45,4.9));
#3813 = VECTOR('',#3814,1.);
#3814 = DIRECTION('',(0.,-1.,0.));
#3815 = ORIENTED_EDGE('',*,*,#3816,.F.);
#3816 = EDGE_CURVE('',#1318,#3809,#3817,.T.);
#3817 = LINE('',#3818,#3819);
#3818 = CARTESIAN_POINT('',(41.9226,8.0977,3.8));
#3819 = VECTOR('',#3820,1.);
#3820 = DIRECTION('',(0.,0.,1.));
#3821 = PLANE('',#3822);
#3822 = AXIS2_PLACEMENT_3D('',#3823,#3824,#3825);
#3823 = CARTESIAN_POINT('',(41.9226,4.79885,4.35));
#3824 = DIRECTION('',(-1.,-9.1E-16,-0.));
#3825 = DIRECTION('',(9.1E-16,-1.,0.));
#3826 = ADVANCED_FACE('',(#3827),#3845,.T.);
#3827 = FACE_BOUND('',#3828,.T.);
#3828 = EDGE_LOOP('',(#3829,#3830,#3831,#3839));
#3829 = ORIENTED_EDGE('',*,*,#1317,.F.);
#3830 = ORIENTED_EDGE('',*,*,#3816,.T.);
#3831 = ORIENTED_EDGE('',*,*,#3832,.F.);
#3832 = EDGE_CURVE('',#3833,#3809,#3835,.T.);
#3833 = VERTEX_POINT('',#3834);
#3834 = CARTESIAN_POINT('',(44.9226,8.0977,4.9));
#3835 = LINE('',#3836,#3837);
#3836 = CARTESIAN_POINT('',(60.252973189978,8.0977,4.9));
#3837 = VECTOR('',#3838,1.);
#3838 = DIRECTION('',(-1.,0.,0.));
#3839 = ORIENTED_EDGE('',*,*,#3840,.F.);
#3840 = EDGE_CURVE('',#1310,#3833,#3841,.T.);
#3841 = LINE('',#3842,#3843);
#3842 = CARTESIAN_POINT('',(44.9226,8.0977,3.8));
#3843 = VECTOR('',#3844,1.);
#3844 = DIRECTION('',(0.,0.,1.));
#3845 = PLANE('',#3846);
#3846 = AXIS2_PLACEMENT_3D('',#3847,#3848,#3849);
#3847 = CARTESIAN_POINT('',(41.9226,8.0977,3.8));
#3848 = DIRECTION('',(0.,1.,0.));
#3849 = DIRECTION('',(1.,0.,0.));
#3850 = ADVANCED_FACE('',(#3851),#3869,.T.);
#3851 = FACE_BOUND('',#3852,.T.);
#3852 = EDGE_LOOP('',(#3853,#3854,#3855,#3863));
#3853 = ORIENTED_EDGE('',*,*,#1309,.F.);
#3854 = ORIENTED_EDGE('',*,*,#3840,.T.);
#3855 = ORIENTED_EDGE('',*,*,#3856,.F.);
#3856 = EDGE_CURVE('',#3857,#3833,#3859,.T.);
#3857 = VERTEX_POINT('',#3858);
#3858 = CARTESIAN_POINT('',(44.9226,12.0977,4.9));
#3859 = LINE('',#3860,#3861);
#3860 = CARTESIAN_POINT('',(44.9226,41.54885,4.9));
#3861 = VECTOR('',#3862,1.);
#3862 = DIRECTION('',(0.,-1.,0.));
#3863 = ORIENTED_EDGE('',*,*,#3864,.F.);
#3864 = EDGE_CURVE('',#1302,#3857,#3865,.T.);
#3865 = LINE('',#3866,#3867);
#3866 = CARTESIAN_POINT('',(44.9226,12.0977,3.8));
#3867 = VECTOR('',#3868,1.);
#3868 = DIRECTION('',(0.,0.,1.));
#3869 = PLANE('',#3870);
#3870 = AXIS2_PLACEMENT_3D('',#3871,#3872,#3873);
#3871 = CARTESIAN_POINT('',(44.9226,8.0977,3.8));
#3872 = DIRECTION('',(-1.,0.,0.));
#3873 = DIRECTION('',(0.,1.,0.));
#3874 = ADVANCED_FACE('',(#3875),#3893,.T.);
#3875 = FACE_BOUND('',#3876,.T.);
#3876 = EDGE_LOOP('',(#3877,#3878,#3879,#3887));
#3877 = ORIENTED_EDGE('',*,*,#1301,.F.);
#3878 = ORIENTED_EDGE('',*,*,#3864,.T.);
#3879 = ORIENTED_EDGE('',*,*,#3880,.F.);
#3880 = EDGE_CURVE('',#3881,#3857,#3883,.T.);
#3881 = VERTEX_POINT('',#3882);
#3882 = CARTESIAN_POINT('',(42.9226,12.0977,4.9));
#3883 = LINE('',#3884,#3885);
#3884 = CARTESIAN_POINT('',(61.752973189978,12.0977,4.9));
#3885 = VECTOR('',#3886,1.);
#3886 = DIRECTION('',(1.,0.,0.));
#3887 = ORIENTED_EDGE('',*,*,#3888,.F.);
#3888 = EDGE_CURVE('',#1294,#3881,#3889,.T.);
#3889 = LINE('',#3890,#3891);
#3890 = CARTESIAN_POINT('',(42.9226,12.0977,3.8));
#3891 = VECTOR('',#3892,1.);
#3892 = DIRECTION('',(0.,0.,1.));
#3893 = PLANE('',#3894);
#3894 = AXIS2_PLACEMENT_3D('',#3895,#3896,#3897);
#3895 = CARTESIAN_POINT('',(44.9226,12.0977,3.8));
#3896 = DIRECTION('',(0.,-1.,0.));
#3897 = DIRECTION('',(-1.,0.,0.));
#3898 = ADVANCED_FACE('',(#3899),#3925,.T.);
#3899 = FACE_BOUND('',#3900,.T.);
#3900 = EDGE_LOOP('',(#3901,#3902,#3903,#3911,#3919));
#3901 = ORIENTED_EDGE('',*,*,#1293,.F.);
#3902 = ORIENTED_EDGE('',*,*,#3888,.T.);
#3903 = ORIENTED_EDGE('',*,*,#3904,.T.);
#3904 = EDGE_CURVE('',#3881,#3905,#3907,.T.);
#3905 = VERTEX_POINT('',#3906);
#3906 = CARTESIAN_POINT('',(42.9226,12.0977,5.9));
#3907 = LINE('',#3908,#3909);
#3908 = CARTESIAN_POINT('',(42.9226,12.0977,4.9));
#3909 = VECTOR('',#3910,1.);
#3910 = DIRECTION('',(0.,0.,1.));
#3911 = ORIENTED_EDGE('',*,*,#3912,.T.);
#3912 = EDGE_CURVE('',#3905,#3913,#3915,.T.);
#3913 = VERTEX_POINT('',#3914);
#3914 = CARTESIAN_POINT('',(42.9226,15.6977,5.9));
#3915 = LINE('',#3916,#3917);
#3916 = CARTESIAN_POINT('',(42.9226,12.0977,5.9));
#3917 = VECTOR('',#3918,1.);
#3918 = DIRECTION('',(0.,1.,0.));
#3919 = ORIENTED_EDGE('',*,*,#3920,.F.);
#3920 = EDGE_CURVE('',#1286,#3913,#3921,.T.);
#3921 = LINE('',#3922,#3923);
#3922 = CARTESIAN_POINT('',(42.9226,15.6977,4.9));
#3923 = VECTOR('',#3924,1.);
#3924 = DIRECTION('',(0.,0.,1.));
#3925 = PLANE('',#3926);
#3926 = AXIS2_PLACEMENT_3D('',#3927,#3928,#3929);
#3927 = CARTESIAN_POINT('',(42.9226,13.8977,4.85));
#3928 = DIRECTION('',(-1.,3.8E-16,3.8E-16));
#3929 = DIRECTION('',(-3.8E-16,0.,-1.));
#3930 = ADVANCED_FACE('',(#3931),#3949,.T.);
#3931 = FACE_BOUND('',#3932,.T.);
#3932 = EDGE_LOOP('',(#3933,#3934,#3935,#3943));
#3933 = ORIENTED_EDGE('',*,*,#1285,.T.);
#3934 = ORIENTED_EDGE('',*,*,#3920,.T.);
#3935 = ORIENTED_EDGE('',*,*,#3936,.F.);
#3936 = EDGE_CURVE('',#3937,#3913,#3939,.T.);
#3937 = VERTEX_POINT('',#3938);
#3938 = CARTESIAN_POINT('',(34.9226,15.6977,5.9));
#3939 = LINE('',#3940,#3941);
#3940 = CARTESIAN_POINT('',(34.9226,15.6977,5.9));
#3941 = VECTOR('',#3942,1.);
#3942 = DIRECTION('',(1.,0.,0.));
#3943 = ORIENTED_EDGE('',*,*,#3944,.F.);
#3944 = EDGE_CURVE('',#1278,#3937,#3945,.T.);
#3945 = LINE('',#3946,#3947);
#3946 = CARTESIAN_POINT('',(34.9226,15.6977,4.9));
#3947 = VECTOR('',#3948,1.);
#3948 = DIRECTION('',(0.,0.,1.));
#3949 = PLANE('',#3950);
#3950 = AXIS2_PLACEMENT_3D('',#3951,#3952,#3953);
#3951 = CARTESIAN_POINT('',(38.9226,15.6977,4.85));
#3952 = DIRECTION('',(-0.,-1.,-0.));
#3953 = DIRECTION('',(0.,0.,-1.));
#3954 = ADVANCED_FACE('',(#3955),#3981,.T.);
#3955 = FACE_BOUND('',#3956,.T.);
#3956 = EDGE_LOOP('',(#3957,#3958,#3959,#3967,#3975));
#3957 = ORIENTED_EDGE('',*,*,#1277,.T.);
#3958 = ORIENTED_EDGE('',*,*,#3944,.T.);
#3959 = ORIENTED_EDGE('',*,*,#3960,.F.);
#3960 = EDGE_CURVE('',#3961,#3937,#3963,.T.);
#3961 = VERTEX_POINT('',#3962);
#3962 = CARTESIAN_POINT('',(34.9226,12.0977,5.9));
#3963 = LINE('',#3964,#3965);
#3964 = CARTESIAN_POINT('',(34.9226,12.0977,5.9));
#3965 = VECTOR('',#3966,1.);
#3966 = DIRECTION('',(0.,1.,0.));
#3967 = ORIENTED_EDGE('',*,*,#3968,.F.);
#3968 = EDGE_CURVE('',#3969,#3961,#3971,.T.);
#3969 = VERTEX_POINT('',#3970);
#3970 = CARTESIAN_POINT('',(34.9226,12.0977,4.9));
#3971 = LINE('',#3972,#3973);
#3972 = CARTESIAN_POINT('',(34.9226,12.0977,4.9));
#3973 = VECTOR('',#3974,1.);
#3974 = DIRECTION('',(0.,0.,1.));
#3975 = ORIENTED_EDGE('',*,*,#3976,.F.);
#3976 = EDGE_CURVE('',#1270,#3969,#3977,.T.);
#3977 = LINE('',#3978,#3979);
#3978 = CARTESIAN_POINT('',(34.9226,12.0977,3.8));
#3979 = VECTOR('',#3980,1.);
#3980 = DIRECTION('',(0.,0.,1.));
#3981 = PLANE('',#3982);
#3982 = AXIS2_PLACEMENT_3D('',#3983,#3984,#3985);
#3983 = CARTESIAN_POINT('',(34.9226,13.8977,4.85));
#3984 = DIRECTION('',(1.,-3.8E-16,-3.8E-16));
#3985 = DIRECTION('',(3.8E-16,0.,1.));
#3986 = ADVANCED_FACE('',(#3987),#4005,.F.);
#3987 = FACE_BOUND('',#3988,.F.);
#3988 = EDGE_LOOP('',(#3989,#3990,#3998,#4004));
#3989 = ORIENTED_EDGE('',*,*,#1269,.F.);
#3990 = ORIENTED_EDGE('',*,*,#3991,.T.);
#3991 = EDGE_CURVE('',#1262,#3992,#3994,.T.);
#3992 = VERTEX_POINT('',#3993);
#3993 = CARTESIAN_POINT('',(32.9226,12.0977,4.9));
#3994 = LINE('',#3995,#3996);
#3995 = CARTESIAN_POINT('',(32.9226,12.0977,3.8));
#3996 = VECTOR('',#3997,1.);
#3997 = DIRECTION('',(0.,0.,1.));
#3998 = ORIENTED_EDGE('',*,*,#3999,.F.);
#3999 = EDGE_CURVE('',#3969,#3992,#4000,.T.);
#4000 = LINE('',#4001,#4002);
#4001 = CARTESIAN_POINT('',(55.752973189978,12.0977,4.9));
#4002 = VECTOR('',#4003,1.);
#4003 = DIRECTION('',(-1.,0.,0.));
#4004 = ORIENTED_EDGE('',*,*,#3976,.F.);
#4005 = PLANE('',#4006);
#4006 = AXIS2_PLACEMENT_3D('',#4007,#4008,#4009);
#4007 = CARTESIAN_POINT('',(32.9226,12.0977,3.8));
#4008 = DIRECTION('',(0.,1.,0.));
#4009 = DIRECTION('',(1.,0.,0.));
#4010 = ADVANCED_FACE('',(#4011),#4029,.F.);
#4011 = FACE_BOUND('',#4012,.F.);
#4012 = EDGE_LOOP('',(#4013,#4014,#4022,#4028));
#4013 = ORIENTED_EDGE('',*,*,#1261,.F.);
#4014 = ORIENTED_EDGE('',*,*,#4015,.T.);
#4015 = EDGE_CURVE('',#1254,#4016,#4018,.T.);
#4016 = VERTEX_POINT('',#4017);
#4017 = CARTESIAN_POINT('',(32.9226,8.0977,4.9));
#4018 = LINE('',#4019,#4020);
#4019 = CARTESIAN_POINT('',(32.9226,8.0977,3.8));
#4020 = VECTOR('',#4021,1.);
#4021 = DIRECTION('',(0.,0.,1.));
#4022 = ORIENTED_EDGE('',*,*,#4023,.F.);
#4023 = EDGE_CURVE('',#3992,#4016,#4024,.T.);
#4024 = LINE('',#4025,#4026);
#4025 = CARTESIAN_POINT('',(32.9226,41.54885,4.9));
#4026 = VECTOR('',#4027,1.);
#4027 = DIRECTION('',(0.,-1.,0.));
#4028 = ORIENTED_EDGE('',*,*,#3991,.F.);
#4029 = PLANE('',#4030);
#4030 = AXIS2_PLACEMENT_3D('',#4031,#4032,#4033);
#4031 = CARTESIAN_POINT('',(32.9226,8.0977,3.8));
#4032 = DIRECTION('',(-1.,0.,0.));
#4033 = DIRECTION('',(0.,1.,0.));
#4034 = ADVANCED_FACE('',(#4035),#4053,.F.);
#4035 = FACE_BOUND('',#4036,.F.);
#4036 = EDGE_LOOP('',(#4037,#4038,#4046,#4052));
#4037 = ORIENTED_EDGE('',*,*,#1253,.F.);
#4038 = ORIENTED_EDGE('',*,*,#4039,.T.);
#4039 = EDGE_CURVE('',#1246,#4040,#4042,.T.);
#4040 = VERTEX_POINT('',#4041);
#4041 = CARTESIAN_POINT('',(35.9226,8.0977,4.9));
#4042 = LINE('',#4043,#4044);
#4043 = CARTESIAN_POINT('',(35.9226,8.0977,3.8));
#4044 = VECTOR('',#4045,1.);
#4045 = DIRECTION('',(0.,0.,1.));
#4046 = ORIENTED_EDGE('',*,*,#4047,.F.);
#4047 = EDGE_CURVE('',#4016,#4040,#4048,.T.);
#4048 = LINE('',#4049,#4050);
#4049 = CARTESIAN_POINT('',(57.252973189978,8.0977,4.9));
#4050 = VECTOR('',#4051,1.);
#4051 = DIRECTION('',(1.,0.,0.));
#4052 = ORIENTED_EDGE('',*,*,#4015,.F.);
#4053 = PLANE('',#4054);
#4054 = AXIS2_PLACEMENT_3D('',#4055,#4056,#4057);
#4055 = CARTESIAN_POINT('',(35.9226,8.0977,3.8));
#4056 = DIRECTION('',(0.,-1.,0.));
#4057 = DIRECTION('',(-1.,0.,0.));
#4058 = ADVANCED_FACE('',(#4059),#4084,.T.);
#4059 = FACE_BOUND('',#4060,.T.);
#4060 = EDGE_LOOP('',(#4061,#4062,#4063,#4071,#4077,#4078));
#4061 = ORIENTED_EDGE('',*,*,#1245,.T.);
#4062 = ORIENTED_EDGE('',*,*,#4039,.T.);
#4063 = ORIENTED_EDGE('',*,*,#4064,.F.);
#4064 = EDGE_CURVE('',#4065,#4040,#4067,.T.);
#4065 = VERTEX_POINT('',#4066);
#4066 = CARTESIAN_POINT('',(35.9226,1.5,4.9));
#4067 = LINE('',#4068,#4069);
#4068 = CARTESIAN_POINT('',(35.9226,40.45,4.9));
#4069 = VECTOR('',#4070,1.);
#4070 = DIRECTION('',(0.,1.,0.));
#4071 = ORIENTED_EDGE('',*,*,#4072,.F.);
#4072 = EDGE_CURVE('',#1206,#4065,#4073,.T.);
#4073 = LINE('',#4074,#4075);
#4074 = CARTESIAN_POINT('',(35.9226,1.5,3.8));
#4075 = VECTOR('',#4076,1.);
#4076 = DIRECTION('',(0.,0.,1.));
#4077 = ORIENTED_EDGE('',*,*,#1213,.F.);
#4078 = ORIENTED_EDGE('',*,*,#4079,.F.);
#4079 = EDGE_CURVE('',#1238,#1214,#4080,.T.);
#4080 = LINE('',#4081,#4082);
#4081 = CARTESIAN_POINT('',(35.9226,5.9,3.8));
#4082 = VECTOR('',#4083,1.);
#4083 = DIRECTION('',(0.,-1.,0.));
#4084 = PLANE('',#4085);
#4085 = AXIS2_PLACEMENT_3D('',#4086,#4087,#4088);
#4086 = CARTESIAN_POINT('',(35.9226,4.79885,4.35));
#4087 = DIRECTION('',(1.,1.02E-15,0.));
#4088 = DIRECTION('',(-1.02E-15,1.,0.));
#4089 = ADVANCED_FACE('',(#4090),#4123,.T.);
#4090 = FACE_BOUND('',#4091,.T.);
#4091 = EDGE_LOOP('',(#4092,#4100,#4101,#4109,#4117));
#4092 = ORIENTED_EDGE('',*,*,#4093,.F.);
#4093 = EDGE_CURVE('',#1230,#4094,#4096,.T.);
#4094 = VERTEX_POINT('',#4095);
#4095 = CARTESIAN_POINT('',(24.527,3.8,2.9));
#4096 = LINE('',#4097,#4098);
#4097 = CARTESIAN_POINT('',(24.527,3.8,3.8));
#4098 = VECTOR('',#4099,1.);
#4099 = DIRECTION('',(0.,0.,-1.));
#4100 = ORIENTED_EDGE('',*,*,#1237,.T.);
#4101 = ORIENTED_EDGE('',*,*,#4102,.T.);
#4102 = EDGE_CURVE('',#1238,#4103,#4105,.T.);
#4103 = VERTEX_POINT('',#4104);
#4104 = CARTESIAN_POINT('',(35.927,3.8,3.8));
#4105 = LINE('',#4106,#4107);
#4106 = CARTESIAN_POINT('',(24.527,3.8,3.8));
#4107 = VECTOR('',#4108,1.);
#4108 = DIRECTION('',(1.,0.,0.));
#4109 = ORIENTED_EDGE('',*,*,#4110,.T.);
#4110 = EDGE_CURVE('',#4103,#4111,#4113,.T.);
#4111 = VERTEX_POINT('',#4112);
#4112 = CARTESIAN_POINT('',(35.927,3.8,2.9));
#4113 = LINE('',#4114,#4115);
#4114 = CARTESIAN_POINT('',(35.927,3.8,3.8));
#4115 = VECTOR('',#4116,1.);
#4116 = DIRECTION('',(0.,0.,-1.));
#4117 = ORIENTED_EDGE('',*,*,#4118,.F.);
#4118 = EDGE_CURVE('',#4094,#4111,#4119,.T.);
#4119 = LINE('',#4120,#4121);
#4120 = CARTESIAN_POINT('',(24.527,3.8,2.9));
#4121 = VECTOR('',#4122,1.);
#4122 = DIRECTION('',(1.,0.,0.));
#4123 = PLANE('',#4124);
#4124 = AXIS2_PLACEMENT_3D('',#4125,#4126,#4127);
#4125 = CARTESIAN_POINT('',(24.527,3.8,3.8));
#4126 = DIRECTION('',(0.,1.,0.));
#4127 = DIRECTION('',(0.,0.,-1.));
#4128 = ADVANCED_FACE('',(#4129),#4163,.F.);
#4129 = FACE_BOUND('',#4130,.T.);
#4130 = EDGE_LOOP('',(#4131,#4132,#4133,#4141,#4149,#4157));
#4131 = ORIENTED_EDGE('',*,*,#1229,.T.);
#4132 = ORIENTED_EDGE('',*,*,#4093,.T.);
#4133 = ORIENTED_EDGE('',*,*,#4134,.T.);
#4134 = EDGE_CURVE('',#4094,#4135,#4137,.T.);
#4135 = VERTEX_POINT('',#4136);
#4136 = CARTESIAN_POINT('',(24.527,4.2,2.499999869282));
#4137 = LINE('',#4138,#4139);
#4138 = CARTESIAN_POINT('',(24.527,3.8,2.9));
#4139 = VECTOR('',#4140,1.);
#4140 = DIRECTION('',(-0.,0.707106665647,-0.707106896726));
#4141 = ORIENTED_EDGE('',*,*,#4142,.T.);
#4142 = EDGE_CURVE('',#4135,#4143,#4145,.T.);
#4143 = VERTEX_POINT('',#4144);
#4144 = CARTESIAN_POINT('',(24.527,3.8,2.1));
#4145 = LINE('',#4146,#4147);
#4146 = CARTESIAN_POINT('',(24.527,4.2,2.499999869282));
#4147 = VECTOR('',#4148,1.);
#4148 = DIRECTION('',(0.,-0.707106896726,-0.707106665647));
#4149 = ORIENTED_EDGE('',*,*,#4150,.T.);
#4150 = EDGE_CURVE('',#4143,#4151,#4153,.T.);
#4151 = VERTEX_POINT('',#4152);
#4152 = CARTESIAN_POINT('',(24.527,2.8,2.1));
#4153 = LINE('',#4154,#4155);
#4154 = CARTESIAN_POINT('',(24.527,3.8,2.1));
#4155 = VECTOR('',#4156,1.);
#4156 = DIRECTION('',(0.,-1.,0.));
#4157 = ORIENTED_EDGE('',*,*,#4158,.T.);
#4158 = EDGE_CURVE('',#4151,#1222,#4159,.T.);
#4159 = LINE('',#4160,#4161);
#4160 = CARTESIAN_POINT('',(24.527,2.8,2.1));
#4161 = VECTOR('',#4162,1.);
#4162 = DIRECTION('',(0.,-0.543251278157,0.839570157152));
#4163 = PLANE('',#4164);
#4164 = AXIS2_PLACEMENT_3D('',#4165,#4166,#4167);
#4165 = CARTESIAN_POINT('',(24.527,3.015054965805,3.05981823678));
#4166 = DIRECTION('',(1.,0.,0.));
#4167 = DIRECTION('',(0.,0.,1.));
#4168 = ADVANCED_FACE('',(#4169),#4195,.T.);
#4169 = FACE_BOUND('',#4170,.T.);
#4170 = EDGE_LOOP('',(#4171,#4172,#4180,#4188,#4194));
#4171 = ORIENTED_EDGE('',*,*,#4158,.F.);
#4172 = ORIENTED_EDGE('',*,*,#4173,.T.);
#4173 = EDGE_CURVE('',#4151,#4174,#4176,.T.);
#4174 = VERTEX_POINT('',#4175);
#4175 = CARTESIAN_POINT('',(35.927,2.8,2.1));
#4176 = LINE('',#4177,#4178);
#4177 = CARTESIAN_POINT('',(24.527,2.8,2.1));
#4178 = VECTOR('',#4179,1.);
#4179 = DIRECTION('',(1.,0.,0.));
#4180 = ORIENTED_EDGE('',*,*,#4181,.T.);
#4181 = EDGE_CURVE('',#4174,#4182,#4184,.T.);
#4182 = VERTEX_POINT('',#4183);
#4183 = CARTESIAN_POINT('',(35.927,1.7,3.8));
#4184 = LINE('',#4185,#4186);
#4185 = CARTESIAN_POINT('',(35.927,2.8,2.1));
#4186 = VECTOR('',#4187,1.);
#4187 = DIRECTION('',(0.,-0.543251278157,0.839570157152));
#4188 = ORIENTED_EDGE('',*,*,#4189,.F.);
#4189 = EDGE_CURVE('',#1214,#4182,#4190,.T.);
#4190 = LINE('',#4191,#4192);
#4191 = CARTESIAN_POINT('',(24.527,1.7,3.8));
#4192 = VECTOR('',#4193,1.);
#4193 = DIRECTION('',(1.,0.,0.));
#4194 = ORIENTED_EDGE('',*,*,#1221,.F.);
#4195 = PLANE('',#4196);
#4196 = AXIS2_PLACEMENT_3D('',#4197,#4198,#4199);
#4197 = CARTESIAN_POINT('',(24.527,2.8,2.1));
#4198 = DIRECTION('',(-0.,-0.839570157152,-0.543251278157));
#4199 = DIRECTION('',(0.,-0.543251278157,0.839570157152));
#4200 = ADVANCED_FACE('',(#4201),#4219,.T.);
#4201 = FACE_BOUND('',#4202,.T.);
#4202 = EDGE_LOOP('',(#4203,#4211,#4217,#4218));
#4203 = ORIENTED_EDGE('',*,*,#4204,.F.);
#4204 = EDGE_CURVE('',#4205,#4065,#4207,.T.);
#4205 = VERTEX_POINT('',#4206);
#4206 = CARTESIAN_POINT('',(6.91,1.5,4.9));
#4207 = LINE('',#4208,#4209);
#4208 = CARTESIAN_POINT('',(5.91,1.5,4.9));
#4209 = VECTOR('',#4210,1.);
#4210 = DIRECTION('',(1.,0.,0.));
#4211 = ORIENTED_EDGE('',*,*,#4212,.T.);
#4212 = EDGE_CURVE('',#4205,#1197,#4213,.T.);
#4213 = LINE('',#4214,#4215);
#4214 = CARTESIAN_POINT('',(6.91,1.5,4.9));
#4215 = VECTOR('',#4216,1.);
#4216 = DIRECTION('',(0.,0.,-1.));
#4217 = ORIENTED_EDGE('',*,*,#1205,.T.);
#4218 = ORIENTED_EDGE('',*,*,#4072,.T.);
#4219 = PLANE('',#4220);
#4220 = AXIS2_PLACEMENT_3D('',#4221,#4222,#4223);
#4221 = CARTESIAN_POINT('',(5.91,1.5,4.9));
#4222 = DIRECTION('',(0.,-1.,0.));
#4223 = DIRECTION('',(1.,0.,0.));
#4224 = ADVANCED_FACE('',(#4225),#4237,.T.);
#4225 = FACE_BOUND('',#4226,.F.);
#4226 = EDGE_LOOP('',(#4227,#4234,#4235,#4236));
#4227 = ORIENTED_EDGE('',*,*,#4228,.T.);
#4228 = EDGE_CURVE('',#2147,#4205,#4229,.T.);
#4229 = CIRCLE('',#4230,1.);
#4230 = AXIS2_PLACEMENT_3D('',#4231,#4232,#4233);
#4231 = CARTESIAN_POINT('',(6.91,2.5,4.9));
#4232 = DIRECTION('',(0.,-0.,1.));
#4233 = DIRECTION('',(0.,1.,0.));
#4234 = ORIENTED_EDGE('',*,*,#4212,.T.);
#4235 = ORIENTED_EDGE('',*,*,#1196,.F.);
#4236 = ORIENTED_EDGE('',*,*,#2146,.F.);
#4237 = CYLINDRICAL_SURFACE('',#4238,1.);
#4238 = AXIS2_PLACEMENT_3D('',#4239,#4240,#4241);
#4239 = CARTESIAN_POINT('',(6.91,2.5,4.9));
#4240 = DIRECTION('',(0.,0.,-1.));
#4241 = DIRECTION('',(-1.,-0.,-0.));
#4242 = ADVANCED_FACE('',(#4243),#4262,.T.);
#4243 = FACE_BOUND('',#4244,.F.);
#4244 = EDGE_LOOP('',(#4245,#4253,#4260,#4261));
#4245 = ORIENTED_EDGE('',*,*,#4246,.T.);
#4246 = EDGE_CURVE('',#1438,#4247,#4249,.T.);
#4247 = VERTEX_POINT('',#4248);
#4248 = CARTESIAN_POINT('',(17.227,11.,2.3));
#4249 = LINE('',#4250,#4251);
#4250 = CARTESIAN_POINT('',(17.227,11.,3.8));
#4251 = VECTOR('',#4252,1.);
#4252 = DIRECTION('',(0.,0.,-1.));
#4253 = ORIENTED_EDGE('',*,*,#4254,.T.);
#4254 = EDGE_CURVE('',#4247,#4247,#4255,.T.);
#4255 = CIRCLE('',#4256,4.);
#4256 = AXIS2_PLACEMENT_3D('',#4257,#4258,#4259);
#4257 = CARTESIAN_POINT('',(13.227,11.,2.3));
#4258 = DIRECTION('',(0.,0.,-1.));
#4259 = DIRECTION('',(1.,0.,0.));
#4260 = ORIENTED_EDGE('',*,*,#4246,.F.);
#4261 = ORIENTED_EDGE('',*,*,#1437,.F.);
#4262 = CYLINDRICAL_SURFACE('',#4263,4.);
#4263 = AXIS2_PLACEMENT_3D('',#4264,#4265,#4266);
#4264 = CARTESIAN_POINT('',(13.227,11.,3.8));
#4265 = DIRECTION('',(0.,0.,1.));
#4266 = DIRECTION('',(1.,0.,0.));
#4267 = ADVANCED_FACE('',(#4268),#4293,.T.);
#4268 = FACE_BOUND('',#4269,.T.);
#4269 = EDGE_LOOP('',(#4270,#4271,#4279,#4287));
#4270 = ORIENTED_EDGE('',*,*,#1448,.F.);
#4271 = ORIENTED_EDGE('',*,*,#4272,.F.);
#4272 = EDGE_CURVE('',#4273,#1449,#4275,.T.);
#4273 = VERTEX_POINT('',#4274);
#4274 = CARTESIAN_POINT('',(68.927,7.8,6.6));
#4275 = LINE('',#4276,#4277);
#4276 = CARTESIAN_POINT('',(68.927,7.8,6.6));
#4277 = VECTOR('',#4278,1.);
#4278 = DIRECTION('',(-0.,-0.,-1.));
#4279 = ORIENTED_EDGE('',*,*,#4280,.T.);
#4280 = EDGE_CURVE('',#4273,#4281,#4283,.T.);
#4281 = VERTEX_POINT('',#4282);
#4282 = CARTESIAN_POINT('',(68.927,9.8,6.6));
#4283 = LINE('',#4284,#4285);
#4284 = CARTESIAN_POINT('',(68.927,7.8,6.6));
#4285 = VECTOR('',#4286,1.);
#4286 = DIRECTION('',(0.,1.,0.));
#4287 = ORIENTED_EDGE('',*,*,#4288,.F.);
#4288 = EDGE_CURVE('',#1451,#4281,#4289,.T.);
#4289 = LINE('',#4290,#4291);
#4290 = CARTESIAN_POINT('',(68.927,9.8,6.4));
#4291 = VECTOR('',#4292,1.);
#4292 = DIRECTION('',(0.,0.,1.));
#4293 = PLANE('',#4294);
#4294 = AXIS2_PLACEMENT_3D('',#4295,#4296,#4297);
#4295 = CARTESIAN_POINT('',(68.927,8.8,5.2));
#4296 = DIRECTION('',(-1.,-0.,-0.));
#4297 = DIRECTION('',(0.,0.,-1.));
#4298 = ADVANCED_FACE('',(#4299),#4318,.F.);
#4299 = FACE_BOUND('',#4300,.F.);
#4300 = EDGE_LOOP('',(#4301,#4309,#4310,#4311));
#4301 = ORIENTED_EDGE('',*,*,#4302,.F.);
#4302 = EDGE_CURVE('',#1459,#4303,#4305,.T.);
#4303 = VERTEX_POINT('',#4304);
#4304 = CARTESIAN_POINT('',(68.427,7.3,6.6));
#4305 = LINE('',#4306,#4307);
#4306 = CARTESIAN_POINT('',(68.427,7.3,6.4));
#4307 = VECTOR('',#4308,1.);
#4308 = DIRECTION('',(0.,0.,1.));
#4309 = ORIENTED_EDGE('',*,*,#1458,.T.);
#4310 = ORIENTED_EDGE('',*,*,#4272,.F.);
#4311 = ORIENTED_EDGE('',*,*,#4312,.F.);
#4312 = EDGE_CURVE('',#4303,#4273,#4313,.T.);
#4313 = CIRCLE('',#4314,0.5);
#4314 = AXIS2_PLACEMENT_3D('',#4315,#4316,#4317);
#4315 = CARTESIAN_POINT('',(68.427,7.8,6.6));
#4316 = DIRECTION('',(0.,0.,1.));
#4317 = DIRECTION('',(1.,0.,0.));
#4318 = CYLINDRICAL_SURFACE('',#4319,0.5);
#4319 = AXIS2_PLACEMENT_3D('',#4320,#4321,#4322);
#4320 = CARTESIAN_POINT('',(68.427,7.8,6.6));
#4321 = DIRECTION('',(0.,0.,1.));
#4322 = DIRECTION('',(1.,0.,0.));
#4323 = ADVANCED_FACE('',(#4324),#4343,.F.);
#4324 = FACE_BOUND('',#4325,.F.);
#4325 = EDGE_LOOP('',(#4326,#4327,#4328,#4336));
#4326 = ORIENTED_EDGE('',*,*,#4288,.F.);
#4327 = ORIENTED_EDGE('',*,*,#1509,.T.);
#4328 = ORIENTED_EDGE('',*,*,#4329,.F.);
#4329 = EDGE_CURVE('',#4330,#1502,#4332,.T.);
#4330 = VERTEX_POINT('',#4331);
#4331 = CARTESIAN_POINT('',(68.427,10.3,6.6));
#4332 = LINE('',#4333,#4334);
#4333 = CARTESIAN_POINT('',(68.427,10.3,6.6));
#4334 = VECTOR('',#4335,1.);
#4335 = DIRECTION('',(-0.,-0.,-1.));
#4336 = ORIENTED_EDGE('',*,*,#4337,.F.);
#4337 = EDGE_CURVE('',#4281,#4330,#4338,.T.);
#4338 = CIRCLE('',#4339,0.5);
#4339 = AXIS2_PLACEMENT_3D('',#4340,#4341,#4342);
#4340 = CARTESIAN_POINT('',(68.427,9.8,6.6));
#4341 = DIRECTION('',(0.,0.,1.));
#4342 = DIRECTION('',(1.,0.,0.));
#4343 = CYLINDRICAL_SURFACE('',#4344,0.5);
#4344 = AXIS2_PLACEMENT_3D('',#4345,#4346,#4347);
#4345 = CARTESIAN_POINT('',(68.427,9.8,6.6));
#4346 = DIRECTION('',(0.,0.,1.));
#4347 = DIRECTION('',(1.,0.,0.));
#4348 = ADVANCED_FACE('',(#4349),#4367,.T.);
#4349 = FACE_BOUND('',#4350,.T.);
#4350 = EDGE_LOOP('',(#4351,#4352,#4360,#4366));
#4351 = ORIENTED_EDGE('',*,*,#1467,.F.);
#4352 = ORIENTED_EDGE('',*,*,#4353,.F.);
#4353 = EDGE_CURVE('',#4354,#1468,#4356,.T.);
#4354 = VERTEX_POINT('',#4355);
#4355 = CARTESIAN_POINT('',(67.427,7.3,6.6));
#4356 = LINE('',#4357,#4358);
#4357 = CARTESIAN_POINT('',(67.427,7.3,6.6));
#4358 = VECTOR('',#4359,1.);
#4359 = DIRECTION('',(-0.,-0.,-1.));
#4360 = ORIENTED_EDGE('',*,*,#4361,.T.);
#4361 = EDGE_CURVE('',#4354,#4303,#4362,.T.);
#4362 = LINE('',#4363,#4364);
#4363 = CARTESIAN_POINT('',(67.427,7.3,6.6));
#4364 = VECTOR('',#4365,1.);
#4365 = DIRECTION('',(1.,0.,0.));
#4366 = ORIENTED_EDGE('',*,*,#4302,.F.);
#4367 = PLANE('',#4368);
#4368 = AXIS2_PLACEMENT_3D('',#4369,#4370,#4371);
#4369 = CARTESIAN_POINT('',(67.927,7.3,5.2));
#4370 = DIRECTION('',(0.,1.,0.));
#4371 = DIRECTION('',(0.,0.,1.));
#4372 = ADVANCED_FACE('',(#4373),#4391,.T.);
#4373 = FACE_BOUND('',#4374,.T.);
#4374 = EDGE_LOOP('',(#4375,#4376,#4377,#4385));
#4375 = ORIENTED_EDGE('',*,*,#1501,.F.);
#4376 = ORIENTED_EDGE('',*,*,#4329,.F.);
#4377 = ORIENTED_EDGE('',*,*,#4378,.T.);
#4378 = EDGE_CURVE('',#4330,#4379,#4381,.T.);
#4379 = VERTEX_POINT('',#4380);
#4380 = CARTESIAN_POINT('',(67.427,10.3,6.6));
#4381 = LINE('',#4382,#4383);
#4382 = CARTESIAN_POINT('',(68.427,10.3,6.6));
#4383 = VECTOR('',#4384,1.);
#4384 = DIRECTION('',(-1.,0.,0.));
#4385 = ORIENTED_EDGE('',*,*,#4386,.F.);
#4386 = EDGE_CURVE('',#1493,#4379,#4387,.T.);
#4387 = LINE('',#4388,#4389);
#4388 = CARTESIAN_POINT('',(67.427,10.3,6.4));
#4389 = VECTOR('',#4390,1.);
#4390 = DIRECTION('',(0.,0.,1.));
#4391 = PLANE('',#4392);
#4392 = AXIS2_PLACEMENT_3D('',#4393,#4394,#4395);
#4393 = CARTESIAN_POINT('',(67.927,10.3,5.2));
#4394 = DIRECTION('',(0.,-1.,3.7E-16));
#4395 = DIRECTION('',(0.,-3.7E-16,-1.));
#4396 = ADVANCED_FACE('',(#4397),#4416,.F.);
#4397 = FACE_BOUND('',#4398,.F.);
#4398 = EDGE_LOOP('',(#4399,#4407,#4408,#4409));
#4399 = ORIENTED_EDGE('',*,*,#4400,.F.);
#4400 = EDGE_CURVE('',#1476,#4401,#4403,.T.);
#4401 = VERTEX_POINT('',#4402);
#4402 = CARTESIAN_POINT('',(66.927,7.8,6.6));
#4403 = LINE('',#4404,#4405);
#4404 = CARTESIAN_POINT('',(66.927,7.8,6.4));
#4405 = VECTOR('',#4406,1.);
#4406 = DIRECTION('',(0.,0.,1.));
#4407 = ORIENTED_EDGE('',*,*,#1475,.T.);
#4408 = ORIENTED_EDGE('',*,*,#4353,.F.);
#4409 = ORIENTED_EDGE('',*,*,#4410,.F.);
#4410 = EDGE_CURVE('',#4401,#4354,#4411,.T.);
#4411 = CIRCLE('',#4412,0.5);
#4412 = AXIS2_PLACEMENT_3D('',#4413,#4414,#4415);
#4413 = CARTESIAN_POINT('',(67.427,7.8,6.6));
#4414 = DIRECTION('',(0.,0.,1.));
#4415 = DIRECTION('',(1.,0.,0.));
#4416 = CYLINDRICAL_SURFACE('',#4417,0.5);
#4417 = AXIS2_PLACEMENT_3D('',#4418,#4419,#4420);
#4418 = CARTESIAN_POINT('',(67.427,7.8,6.6));
#4419 = DIRECTION('',(0.,0.,1.));
#4420 = DIRECTION('',(1.,0.,0.));
#4421 = ADVANCED_FACE('',(#4422),#4441,.F.);
#4422 = FACE_BOUND('',#4423,.F.);
#4423 = EDGE_LOOP('',(#4424,#4425,#4426,#4434));
#4424 = ORIENTED_EDGE('',*,*,#4386,.F.);
#4425 = ORIENTED_EDGE('',*,*,#1492,.T.);
#4426 = ORIENTED_EDGE('',*,*,#4427,.F.);
#4427 = EDGE_CURVE('',#4428,#1485,#4430,.T.);
#4428 = VERTEX_POINT('',#4429);
#4429 = CARTESIAN_POINT('',(66.927,9.8,6.6));
#4430 = LINE('',#4431,#4432);
#4431 = CARTESIAN_POINT('',(66.927,9.8,6.6));
#4432 = VECTOR('',#4433,1.);
#4433 = DIRECTION('',(-0.,-0.,-1.));
#4434 = ORIENTED_EDGE('',*,*,#4435,.F.);
#4435 = EDGE_CURVE('',#4379,#4428,#4436,.T.);
#4436 = CIRCLE('',#4437,0.5);
#4437 = AXIS2_PLACEMENT_3D('',#4438,#4439,#4440);
#4438 = CARTESIAN_POINT('',(67.427,9.8,6.6));
#4439 = DIRECTION('',(0.,0.,1.));
#4440 = DIRECTION('',(1.,0.,0.));
#4441 = CYLINDRICAL_SURFACE('',#4442,0.5);
#4442 = AXIS2_PLACEMENT_3D('',#4443,#4444,#4445);
#4443 = CARTESIAN_POINT('',(67.427,9.8,6.6));
#4444 = DIRECTION('',(0.,0.,1.));
#4445 = DIRECTION('',(1.,0.,0.));
#4446 = ADVANCED_FACE('',(#4447),#4458,.T.);
#4447 = FACE_BOUND('',#4448,.T.);
#4448 = EDGE_LOOP('',(#4449,#4450,#4451,#4457));
#4449 = ORIENTED_EDGE('',*,*,#1484,.F.);
#4450 = ORIENTED_EDGE('',*,*,#4427,.F.);
#4451 = ORIENTED_EDGE('',*,*,#4452,.T.);
#4452 = EDGE_CURVE('',#4428,#4401,#4453,.T.);
#4453 = LINE('',#4454,#4455);
#4454 = CARTESIAN_POINT('',(66.927,9.8,6.6));
#4455 = VECTOR('',#4456,1.);
#4456 = DIRECTION('',(0.,-1.,0.));
#4457 = ORIENTED_EDGE('',*,*,#4400,.F.);
#4458 = PLANE('',#4459);
#4459 = AXIS2_PLACEMENT_3D('',#4460,#4461,#4462);
#4460 = CARTESIAN_POINT('',(66.927,8.8,5.2));
#4461 = DIRECTION('',(1.,0.,0.));
#4462 = DIRECTION('',(0.,0.,1.));
#4463 = ADVANCED_FACE('',(#4464),#4489,.T.);
#4464 = FACE_BOUND('',#4465,.T.);
#4465 = EDGE_LOOP('',(#4466,#4467,#4475,#4483));
#4466 = ORIENTED_EDGE('',*,*,#1518,.F.);
#4467 = ORIENTED_EDGE('',*,*,#4468,.F.);
#4468 = EDGE_CURVE('',#4469,#1519,#4471,.T.);
#4469 = VERTEX_POINT('',#4470);
#4470 = CARTESIAN_POINT('',(72.627,7.8,6.6));
#4471 = LINE('',#4472,#4473);
#4472 = CARTESIAN_POINT('',(72.627,7.8,6.6));
#4473 = VECTOR('',#4474,1.);
#4474 = DIRECTION('',(-0.,-0.,-1.));
#4475 = ORIENTED_EDGE('',*,*,#4476,.T.);
#4476 = EDGE_CURVE('',#4469,#4477,#4479,.T.);
#4477 = VERTEX_POINT('',#4478);
#4478 = CARTESIAN_POINT('',(72.627,9.8,6.6));
#4479 = LINE('',#4480,#4481);
#4480 = CARTESIAN_POINT('',(72.627,7.8,6.6));
#4481 = VECTOR('',#4482,1.);
#4482 = DIRECTION('',(0.,1.,0.));
#4483 = ORIENTED_EDGE('',*,*,#4484,.F.);
#4484 = EDGE_CURVE('',#1521,#4477,#4485,.T.);
#4485 = LINE('',#4486,#4487);
#4486 = CARTESIAN_POINT('',(72.627,9.8,6.4));
#4487 = VECTOR('',#4488,1.);
#4488 = DIRECTION('',(0.,0.,1.));
#4489 = PLANE('',#4490);
#4490 = AXIS2_PLACEMENT_3D('',#4491,#4492,#4493);
#4491 = CARTESIAN_POINT('',(72.627,8.8,5.2));
#4492 = DIRECTION('',(-1.,-0.,-0.));
#4493 = DIRECTION('',(0.,0.,-1.));
#4494 = ADVANCED_FACE('',(#4495),#4514,.F.);
#4495 = FACE_BOUND('',#4496,.F.);
#4496 = EDGE_LOOP('',(#4497,#4505,#4506,#4507));
#4497 = ORIENTED_EDGE('',*,*,#4498,.F.);
#4498 = EDGE_CURVE('',#1529,#4499,#4501,.T.);
#4499 = VERTEX_POINT('',#4500);
#4500 = CARTESIAN_POINT('',(72.127,7.3,6.6));
#4501 = LINE('',#4502,#4503);
#4502 = CARTESIAN_POINT('',(72.127,7.3,6.4));
#4503 = VECTOR('',#4504,1.);
#4504 = DIRECTION('',(0.,0.,1.));
#4505 = ORIENTED_EDGE('',*,*,#1528,.T.);
#4506 = ORIENTED_EDGE('',*,*,#4468,.F.);
#4507 = ORIENTED_EDGE('',*,*,#4508,.F.);
#4508 = EDGE_CURVE('',#4499,#4469,#4509,.T.);
#4509 = CIRCLE('',#4510,0.5);
#4510 = AXIS2_PLACEMENT_3D('',#4511,#4512,#4513);
#4511 = CARTESIAN_POINT('',(72.127,7.8,6.6));
#4512 = DIRECTION('',(0.,0.,1.));
#4513 = DIRECTION('',(1.,0.,0.));
#4514 = CYLINDRICAL_SURFACE('',#4515,0.5);
#4515 = AXIS2_PLACEMENT_3D('',#4516,#4517,#4518);
#4516 = CARTESIAN_POINT('',(72.127,7.8,6.6));
#4517 = DIRECTION('',(0.,0.,1.));
#4518 = DIRECTION('',(1.,0.,0.));
#4519 = ADVANCED_FACE('',(#4520),#4539,.F.);
#4520 = FACE_BOUND('',#4521,.F.);
#4521 = EDGE_LOOP('',(#4522,#4523,#4524,#4532));
#4522 = ORIENTED_EDGE('',*,*,#4484,.F.);
#4523 = ORIENTED_EDGE('',*,*,#1579,.T.);
#4524 = ORIENTED_EDGE('',*,*,#4525,.F.);
#4525 = EDGE_CURVE('',#4526,#1572,#4528,.T.);
#4526 = VERTEX_POINT('',#4527);
#4527 = CARTESIAN_POINT('',(72.127,10.3,6.6));
#4528 = LINE('',#4529,#4530);
#4529 = CARTESIAN_POINT('',(72.127,10.3,6.6));
#4530 = VECTOR('',#4531,1.);
#4531 = DIRECTION('',(-0.,-0.,-1.));
#4532 = ORIENTED_EDGE('',*,*,#4533,.F.);
#4533 = EDGE_CURVE('',#4477,#4526,#4534,.T.);
#4534 = CIRCLE('',#4535,0.5);
#4535 = AXIS2_PLACEMENT_3D('',#4536,#4537,#4538);
#4536 = CARTESIAN_POINT('',(72.127,9.8,6.6));
#4537 = DIRECTION('',(0.,0.,1.));
#4538 = DIRECTION('',(1.,0.,0.));
#4539 = CYLINDRICAL_SURFACE('',#4540,0.5);
#4540 = AXIS2_PLACEMENT_3D('',#4541,#4542,#4543);
#4541 = CARTESIAN_POINT('',(72.127,9.8,6.6));
#4542 = DIRECTION('',(0.,0.,1.));
#4543 = DIRECTION('',(1.,0.,0.));
#4544 = ADVANCED_FACE('',(#4545),#4563,.T.);
#4545 = FACE_BOUND('',#4546,.T.);
#4546 = EDGE_LOOP('',(#4547,#4548,#4556,#4562));
#4547 = ORIENTED_EDGE('',*,*,#1537,.F.);
#4548 = ORIENTED_EDGE('',*,*,#4549,.F.);
#4549 = EDGE_CURVE('',#4550,#1538,#4552,.T.);
#4550 = VERTEX_POINT('',#4551);
#4551 = CARTESIAN_POINT('',(71.127,7.3,6.6));
#4552 = LINE('',#4553,#4554);
#4553 = CARTESIAN_POINT('',(71.127,7.3,6.6));
#4554 = VECTOR('',#4555,1.);
#4555 = DIRECTION('',(-0.,-0.,-1.));
#4556 = ORIENTED_EDGE('',*,*,#4557,.T.);
#4557 = EDGE_CURVE('',#4550,#4499,#4558,.T.);
#4558 = LINE('',#4559,#4560);
#4559 = CARTESIAN_POINT('',(71.127,7.3,6.6));
#4560 = VECTOR('',#4561,1.);
#4561 = DIRECTION('',(1.,-9.948E-14,0.));
#4562 = ORIENTED_EDGE('',*,*,#4498,.F.);
#4563 = PLANE('',#4564);
#4564 = AXIS2_PLACEMENT_3D('',#4565,#4566,#4567);
#4565 = CARTESIAN_POINT('',(71.627,7.3,5.2));
#4566 = DIRECTION('',(9.948E-14,1.,5.6E-16));
#4567 = DIRECTION('',(1.,-9.948E-14,0.));
#4568 = ADVANCED_FACE('',(#4569),#4587,.T.);
#4569 = FACE_BOUND('',#4570,.T.);
#4570 = EDGE_LOOP('',(#4571,#4572,#4573,#4581));
#4571 = ORIENTED_EDGE('',*,*,#1571,.F.);
#4572 = ORIENTED_EDGE('',*,*,#4525,.F.);
#4573 = ORIENTED_EDGE('',*,*,#4574,.T.);
#4574 = EDGE_CURVE('',#4526,#4575,#4577,.T.);
#4575 = VERTEX_POINT('',#4576);
#4576 = CARTESIAN_POINT('',(71.127,10.3,6.6));
#4577 = LINE('',#4578,#4579);
#4578 = CARTESIAN_POINT('',(72.127,10.3,6.6));
#4579 = VECTOR('',#4580,1.);
#4580 = DIRECTION('',(-1.,0.,0.));
#4581 = ORIENTED_EDGE('',*,*,#4582,.F.);
#4582 = EDGE_CURVE('',#1563,#4575,#4583,.T.);
#4583 = LINE('',#4584,#4585);
#4584 = CARTESIAN_POINT('',(71.127,10.3,6.4));
#4585 = VECTOR('',#4586,1.);
#4586 = DIRECTION('',(0.,0.,1.));
#4587 = PLANE('',#4588);
#4588 = AXIS2_PLACEMENT_3D('',#4589,#4590,#4591);
#4589 = CARTESIAN_POINT('',(71.627,10.3,5.2));
#4590 = DIRECTION('',(0.,-1.,3.7E-16));
#4591 = DIRECTION('',(0.,-3.7E-16,-1.));
#4592 = ADVANCED_FACE('',(#4593),#4612,.F.);
#4593 = FACE_BOUND('',#4594,.F.);
#4594 = EDGE_LOOP('',(#4595,#4603,#4604,#4605));
#4595 = ORIENTED_EDGE('',*,*,#4596,.F.);
#4596 = EDGE_CURVE('',#1546,#4597,#4599,.T.);
#4597 = VERTEX_POINT('',#4598);
#4598 = CARTESIAN_POINT('',(70.627,7.8,6.6));
#4599 = LINE('',#4600,#4601);
#4600 = CARTESIAN_POINT('',(70.627,7.8,6.4));
#4601 = VECTOR('',#4602,1.);
#4602 = DIRECTION('',(0.,0.,1.));
#4603 = ORIENTED_EDGE('',*,*,#1545,.T.);
#4604 = ORIENTED_EDGE('',*,*,#4549,.F.);
#4605 = ORIENTED_EDGE('',*,*,#4606,.F.);
#4606 = EDGE_CURVE('',#4597,#4550,#4607,.T.);
#4607 = CIRCLE('',#4608,0.5);
#4608 = AXIS2_PLACEMENT_3D('',#4609,#4610,#4611);
#4609 = CARTESIAN_POINT('',(71.127,7.8,6.6));
#4610 = DIRECTION('',(0.,0.,1.));
#4611 = DIRECTION('',(1.,0.,0.));
#4612 = CYLINDRICAL_SURFACE('',#4613,0.5);
#4613 = AXIS2_PLACEMENT_3D('',#4614,#4615,#4616);
#4614 = CARTESIAN_POINT('',(71.127,7.8,6.6));
#4615 = DIRECTION('',(0.,0.,1.));
#4616 = DIRECTION('',(1.,0.,0.));
#4617 = ADVANCED_FACE('',(#4618),#4637,.F.);
#4618 = FACE_BOUND('',#4619,.F.);
#4619 = EDGE_LOOP('',(#4620,#4621,#4622,#4630));
#4620 = ORIENTED_EDGE('',*,*,#4582,.F.);
#4621 = ORIENTED_EDGE('',*,*,#1562,.T.);
#4622 = ORIENTED_EDGE('',*,*,#4623,.F.);
#4623 = EDGE_CURVE('',#4624,#1555,#4626,.T.);
#4624 = VERTEX_POINT('',#4625);
#4625 = CARTESIAN_POINT('',(70.627,9.8,6.6));
#4626 = LINE('',#4627,#4628);
#4627 = CARTESIAN_POINT('',(70.627,9.8,6.6));
#4628 = VECTOR('',#4629,1.);
#4629 = DIRECTION('',(-0.,-0.,-1.));
#4630 = ORIENTED_EDGE('',*,*,#4631,.F.);
#4631 = EDGE_CURVE('',#4575,#4624,#4632,.T.);
#4632 = CIRCLE('',#4633,0.5);
#4633 = AXIS2_PLACEMENT_3D('',#4634,#4635,#4636);
#4634 = CARTESIAN_POINT('',(71.127,9.8,6.6));
#4635 = DIRECTION('',(0.,0.,1.));
#4636 = DIRECTION('',(1.,0.,0.));
#4637 = CYLINDRICAL_SURFACE('',#4638,0.5);
#4638 = AXIS2_PLACEMENT_3D('',#4639,#4640,#4641);
#4639 = CARTESIAN_POINT('',(71.127,9.8,6.6));
#4640 = DIRECTION('',(0.,0.,1.));
#4641 = DIRECTION('',(1.,0.,0.));
#4642 = ADVANCED_FACE('',(#4643),#4654,.T.);
#4643 = FACE_BOUND('',#4644,.T.);
#4644 = EDGE_LOOP('',(#4645,#4646,#4647,#4653));
#4645 = ORIENTED_EDGE('',*,*,#1554,.F.);
#4646 = ORIENTED_EDGE('',*,*,#4623,.F.);
#4647 = ORIENTED_EDGE('',*,*,#4648,.T.);
#4648 = EDGE_CURVE('',#4624,#4597,#4649,.T.);
#4649 = LINE('',#4650,#4651);
#4650 = CARTESIAN_POINT('',(70.627,9.8,6.6));
#4651 = VECTOR('',#4652,1.);
#4652 = DIRECTION('',(0.,-1.,0.));
#4653 = ORIENTED_EDGE('',*,*,#4596,.F.);
#4654 = PLANE('',#4655);
#4655 = AXIS2_PLACEMENT_3D('',#4656,#4657,#4658);
#4656 = CARTESIAN_POINT('',(70.627,8.8,5.2));
#4657 = DIRECTION('',(1.,0.,0.));
#4658 = DIRECTION('',(0.,0.,1.));
#4659 = ADVANCED_FACE('',(#4660),#4685,.T.);
#4660 = FACE_BOUND('',#4661,.T.);
#4661 = EDGE_LOOP('',(#4662,#4663,#4671,#4679));
#4662 = ORIENTED_EDGE('',*,*,#1588,.F.);
#4663 = ORIENTED_EDGE('',*,*,#4664,.F.);
#4664 = EDGE_CURVE('',#4665,#1589,#4667,.T.);
#4665 = VERTEX_POINT('',#4666);
#4666 = CARTESIAN_POINT('',(76.327,7.8,6.6));
#4667 = LINE('',#4668,#4669);
#4668 = CARTESIAN_POINT('',(76.327,7.8,6.6));
#4669 = VECTOR('',#4670,1.);
#4670 = DIRECTION('',(-0.,-0.,-1.));
#4671 = ORIENTED_EDGE('',*,*,#4672,.T.);
#4672 = EDGE_CURVE('',#4665,#4673,#4675,.T.);
#4673 = VERTEX_POINT('',#4674);
#4674 = CARTESIAN_POINT('',(76.327,9.8,6.6));
#4675 = LINE('',#4676,#4677);
#4676 = CARTESIAN_POINT('',(76.327,7.8,6.6));
#4677 = VECTOR('',#4678,1.);
#4678 = DIRECTION('',(0.,1.,0.));
#4679 = ORIENTED_EDGE('',*,*,#4680,.F.);
#4680 = EDGE_CURVE('',#1591,#4673,#4681,.T.);
#4681 = LINE('',#4682,#4683);
#4682 = CARTESIAN_POINT('',(76.327,9.8,6.4));
#4683 = VECTOR('',#4684,1.);
#4684 = DIRECTION('',(0.,0.,1.));
#4685 = PLANE('',#4686);
#4686 = AXIS2_PLACEMENT_3D('',#4687,#4688,#4689);
#4687 = CARTESIAN_POINT('',(76.327,8.8,5.2));
#4688 = DIRECTION('',(-1.,-0.,-0.));
#4689 = DIRECTION('',(0.,0.,-1.));
#4690 = ADVANCED_FACE('',(#4691),#4710,.F.);
#4691 = FACE_BOUND('',#4692,.F.);
#4692 = EDGE_LOOP('',(#4693,#4701,#4702,#4703));
#4693 = ORIENTED_EDGE('',*,*,#4694,.F.);
#4694 = EDGE_CURVE('',#1599,#4695,#4697,.T.);
#4695 = VERTEX_POINT('',#4696);
#4696 = CARTESIAN_POINT('',(75.827,7.3,6.6));
#4697 = LINE('',#4698,#4699);
#4698 = CARTESIAN_POINT('',(75.827,7.3,6.4));
#4699 = VECTOR('',#4700,1.);
#4700 = DIRECTION('',(0.,0.,1.));
#4701 = ORIENTED_EDGE('',*,*,#1598,.T.);
#4702 = ORIENTED_EDGE('',*,*,#4664,.F.);
#4703 = ORIENTED_EDGE('',*,*,#4704,.F.);
#4704 = EDGE_CURVE('',#4695,#4665,#4705,.T.);
#4705 = CIRCLE('',#4706,0.5);
#4706 = AXIS2_PLACEMENT_3D('',#4707,#4708,#4709);
#4707 = CARTESIAN_POINT('',(75.827,7.8,6.6));
#4708 = DIRECTION('',(0.,0.,1.));
#4709 = DIRECTION('',(1.,0.,0.));
#4710 = CYLINDRICAL_SURFACE('',#4711,0.5);
#4711 = AXIS2_PLACEMENT_3D('',#4712,#4713,#4714);
#4712 = CARTESIAN_POINT('',(75.827,7.8,6.6));
#4713 = DIRECTION('',(0.,0.,1.));
#4714 = DIRECTION('',(1.,0.,0.));
#4715 = ADVANCED_FACE('',(#4716),#4735,.F.);
#4716 = FACE_BOUND('',#4717,.F.);
#4717 = EDGE_LOOP('',(#4718,#4719,#4720,#4728));
#4718 = ORIENTED_EDGE('',*,*,#4680,.F.);
#4719 = ORIENTED_EDGE('',*,*,#1649,.T.);
#4720 = ORIENTED_EDGE('',*,*,#4721,.F.);
#4721 = EDGE_CURVE('',#4722,#1642,#4724,.T.);
#4722 = VERTEX_POINT('',#4723);
#4723 = CARTESIAN_POINT('',(75.827,10.3,6.6));
#4724 = LINE('',#4725,#4726);
#4725 = CARTESIAN_POINT('',(75.827,10.3,6.6));
#4726 = VECTOR('',#4727,1.);
#4727 = DIRECTION('',(-0.,-0.,-1.));
#4728 = ORIENTED_EDGE('',*,*,#4729,.F.);
#4729 = EDGE_CURVE('',#4673,#4722,#4730,.T.);
#4730 = CIRCLE('',#4731,0.5);
#4731 = AXIS2_PLACEMENT_3D('',#4732,#4733,#4734);
#4732 = CARTESIAN_POINT('',(75.827,9.8,6.6));
#4733 = DIRECTION('',(0.,0.,1.));
#4734 = DIRECTION('',(1.,0.,0.));
#4735 = CYLINDRICAL_SURFACE('',#4736,0.5);
#4736 = AXIS2_PLACEMENT_3D('',#4737,#4738,#4739);
#4737 = CARTESIAN_POINT('',(75.827,9.8,6.6));
#4738 = DIRECTION('',(0.,0.,1.));
#4739 = DIRECTION('',(1.,0.,0.));
#4740 = ADVANCED_FACE('',(#4741),#4759,.T.);
#4741 = FACE_BOUND('',#4742,.T.);
#4742 = EDGE_LOOP('',(#4743,#4744,#4752,#4758));
#4743 = ORIENTED_EDGE('',*,*,#1607,.F.);
#4744 = ORIENTED_EDGE('',*,*,#4745,.F.);
#4745 = EDGE_CURVE('',#4746,#1608,#4748,.T.);
#4746 = VERTEX_POINT('',#4747);
#4747 = CARTESIAN_POINT('',(74.827,7.3,6.6));
#4748 = LINE('',#4749,#4750);
#4749 = CARTESIAN_POINT('',(74.827,7.3,6.6));
#4750 = VECTOR('',#4751,1.);
#4751 = DIRECTION('',(-0.,-0.,-1.));
#4752 = ORIENTED_EDGE('',*,*,#4753,.T.);
#4753 = EDGE_CURVE('',#4746,#4695,#4754,.T.);
#4754 = LINE('',#4755,#4756);
#4755 = CARTESIAN_POINT('',(74.827,7.3,6.6));
#4756 = VECTOR('',#4757,1.);
#4757 = DIRECTION('',(1.,5.33E-15,0.));
#4758 = ORIENTED_EDGE('',*,*,#4694,.F.);
#4759 = PLANE('',#4760);
#4760 = AXIS2_PLACEMENT_3D('',#4761,#4762,#4763);
#4761 = CARTESIAN_POINT('',(75.327,7.3,5.2));
#4762 = DIRECTION('',(-5.33E-15,1.,-3.7E-16));
#4763 = DIRECTION('',(1.,5.33E-15,0.));
#4764 = ADVANCED_FACE('',(#4765),#4783,.T.);
#4765 = FACE_BOUND('',#4766,.T.);
#4766 = EDGE_LOOP('',(#4767,#4768,#4769,#4777));
#4767 = ORIENTED_EDGE('',*,*,#1641,.F.);
#4768 = ORIENTED_EDGE('',*,*,#4721,.F.);
#4769 = ORIENTED_EDGE('',*,*,#4770,.T.);
#4770 = EDGE_CURVE('',#4722,#4771,#4773,.T.);
#4771 = VERTEX_POINT('',#4772);
#4772 = CARTESIAN_POINT('',(74.827,10.3,6.6));
#4773 = LINE('',#4774,#4775);
#4774 = CARTESIAN_POINT('',(75.827,10.3,6.6));
#4775 = VECTOR('',#4776,1.);
#4776 = DIRECTION('',(-1.,0.,0.));
#4777 = ORIENTED_EDGE('',*,*,#4778,.F.);
#4778 = EDGE_CURVE('',#1633,#4771,#4779,.T.);
#4779 = LINE('',#4780,#4781);
#4780 = CARTESIAN_POINT('',(74.827,10.3,6.4));
#4781 = VECTOR('',#4782,1.);
#4782 = DIRECTION('',(0.,0.,1.));
#4783 = PLANE('',#4784);
#4784 = AXIS2_PLACEMENT_3D('',#4785,#4786,#4787);
#4785 = CARTESIAN_POINT('',(75.327,10.3,5.2));
#4786 = DIRECTION('',(0.,-1.,3.7E-16));
#4787 = DIRECTION('',(0.,-3.7E-16,-1.));
#4788 = ADVANCED_FACE('',(#4789),#4808,.F.);
#4789 = FACE_BOUND('',#4790,.F.);
#4790 = EDGE_LOOP('',(#4791,#4799,#4800,#4801));
#4791 = ORIENTED_EDGE('',*,*,#4792,.F.);
#4792 = EDGE_CURVE('',#1616,#4793,#4795,.T.);
#4793 = VERTEX_POINT('',#4794);
#4794 = CARTESIAN_POINT('',(74.327,7.8,6.6));
#4795 = LINE('',#4796,#4797);
#4796 = CARTESIAN_POINT('',(74.327,7.8,6.4));
#4797 = VECTOR('',#4798,1.);
#4798 = DIRECTION('',(0.,0.,1.));
#4799 = ORIENTED_EDGE('',*,*,#1615,.T.);
#4800 = ORIENTED_EDGE('',*,*,#4745,.F.);
#4801 = ORIENTED_EDGE('',*,*,#4802,.F.);
#4802 = EDGE_CURVE('',#4793,#4746,#4803,.T.);
#4803 = CIRCLE('',#4804,0.5);
#4804 = AXIS2_PLACEMENT_3D('',#4805,#4806,#4807);
#4805 = CARTESIAN_POINT('',(74.827,7.8,6.6));
#4806 = DIRECTION('',(0.,0.,1.));
#4807 = DIRECTION('',(1.,0.,0.));
#4808 = CYLINDRICAL_SURFACE('',#4809,0.5);
#4809 = AXIS2_PLACEMENT_3D('',#4810,#4811,#4812);
#4810 = CARTESIAN_POINT('',(74.827,7.8,6.6));
#4811 = DIRECTION('',(0.,0.,1.));
#4812 = DIRECTION('',(1.,0.,0.));
#4813 = ADVANCED_FACE('',(#4814),#4833,.F.);
#4814 = FACE_BOUND('',#4815,.F.);
#4815 = EDGE_LOOP('',(#4816,#4817,#4818,#4826));
#4816 = ORIENTED_EDGE('',*,*,#4778,.F.);
#4817 = ORIENTED_EDGE('',*,*,#1632,.T.);
#4818 = ORIENTED_EDGE('',*,*,#4819,.F.);
#4819 = EDGE_CURVE('',#4820,#1625,#4822,.T.);
#4820 = VERTEX_POINT('',#4821);
#4821 = CARTESIAN_POINT('',(74.327,9.8,6.6));
#4822 = LINE('',#4823,#4824);
#4823 = CARTESIAN_POINT('',(74.327,9.8,6.6));
#4824 = VECTOR('',#4825,1.);
#4825 = DIRECTION('',(-0.,-0.,-1.));
#4826 = ORIENTED_EDGE('',*,*,#4827,.F.);
#4827 = EDGE_CURVE('',#4771,#4820,#4828,.T.);
#4828 = CIRCLE('',#4829,0.5);
#4829 = AXIS2_PLACEMENT_3D('',#4830,#4831,#4832);
#4830 = CARTESIAN_POINT('',(74.827,9.8,6.6));
#4831 = DIRECTION('',(0.,0.,1.));
#4832 = DIRECTION('',(1.,0.,0.));
#4833 = CYLINDRICAL_SURFACE('',#4834,0.5);
#4834 = AXIS2_PLACEMENT_3D('',#4835,#4836,#4837);
#4835 = CARTESIAN_POINT('',(74.827,9.8,6.6));
#4836 = DIRECTION('',(0.,0.,1.));
#4837 = DIRECTION('',(1.,0.,0.));
#4838 = ADVANCED_FACE('',(#4839),#4850,.T.);
#4839 = FACE_BOUND('',#4840,.T.);
#4840 = EDGE_LOOP('',(#4841,#4842,#4843,#4849));
#4841 = ORIENTED_EDGE('',*,*,#1624,.F.);
#4842 = ORIENTED_EDGE('',*,*,#4819,.F.);
#4843 = ORIENTED_EDGE('',*,*,#4844,.T.);
#4844 = EDGE_CURVE('',#4820,#4793,#4845,.T.);
#4845 = LINE('',#4846,#4847);
#4846 = CARTESIAN_POINT('',(74.327,9.8,6.6));
#4847 = VECTOR('',#4848,1.);
#4848 = DIRECTION('',(0.,-1.,0.));
#4849 = ORIENTED_EDGE('',*,*,#4792,.F.);
#4850 = PLANE('',#4851);
#4851 = AXIS2_PLACEMENT_3D('',#4852,#4853,#4854);
#4852 = CARTESIAN_POINT('',(74.327,8.8,5.2));
#4853 = DIRECTION('',(1.,0.,0.));
#4854 = DIRECTION('',(0.,0.,1.));
#4855 = ADVANCED_FACE('',(#4856),#4897,.T.);
#4856 = FACE_BOUND('',#4857,.F.);
#4857 = EDGE_LOOP('',(#4858,#4859,#4867,#4875,#4883,#4891));
#4858 = ORIENTED_EDGE('',*,*,#1658,.T.);
#4859 = ORIENTED_EDGE('',*,*,#4860,.T.);
#4860 = EDGE_CURVE('',#1661,#4861,#4863,.T.);
#4861 = VERTEX_POINT('',#4862);
#4862 = CARTESIAN_POINT('',(93.527,3.8,2.9));
#4863 = LINE('',#4864,#4865);
#4864 = CARTESIAN_POINT('',(93.527,3.8,3.8));
#4865 = VECTOR('',#4866,1.);
#4866 = DIRECTION('',(0.,0.,-1.));
#4867 = ORIENTED_EDGE('',*,*,#4868,.T.);
#4868 = EDGE_CURVE('',#4861,#4869,#4871,.T.);
#4869 = VERTEX_POINT('',#4870);
#4870 = CARTESIAN_POINT('',(93.527,4.2,2.499999869282));
#4871 = LINE('',#4872,#4873);
#4872 = CARTESIAN_POINT('',(93.527,3.8,2.9));
#4873 = VECTOR('',#4874,1.);
#4874 = DIRECTION('',(-0.,0.707106665647,-0.707106896726));
#4875 = ORIENTED_EDGE('',*,*,#4876,.T.);
#4876 = EDGE_CURVE('',#4869,#4877,#4879,.T.);
#4877 = VERTEX_POINT('',#4878);
#4878 = CARTESIAN_POINT('',(93.527,3.8,2.1));
#4879 = LINE('',#4880,#4881);
#4880 = CARTESIAN_POINT('',(93.527,4.2,2.499999869282));
#4881 = VECTOR('',#4882,1.);
#4882 = DIRECTION('',(0.,-0.707106896726,-0.707106665647));
#4883 = ORIENTED_EDGE('',*,*,#4884,.T.);
#4884 = EDGE_CURVE('',#4877,#4885,#4887,.T.);
#4885 = VERTEX_POINT('',#4886);
#4886 = CARTESIAN_POINT('',(93.527,2.8,2.1));
#4887 = LINE('',#4888,#4889);
#4888 = CARTESIAN_POINT('',(93.527,3.8,2.1));
#4889 = VECTOR('',#4890,1.);
#4890 = DIRECTION('',(0.,-1.,0.));
#4891 = ORIENTED_EDGE('',*,*,#4892,.T.);
#4892 = EDGE_CURVE('',#4885,#1659,#4893,.T.);
#4893 = LINE('',#4894,#4895);
#4894 = CARTESIAN_POINT('',(93.527,2.8,2.1));
#4895 = VECTOR('',#4896,1.);
#4896 = DIRECTION('',(0.,-0.543251278157,0.839570157152));
#4897 = PLANE('',#4898);
#4898 = AXIS2_PLACEMENT_3D('',#4899,#4900,#4901);
#4899 = CARTESIAN_POINT('',(93.527,3.015054965805,3.05981823678));
#4900 = DIRECTION('',(1.,0.,0.));
#4901 = DIRECTION('',(0.,0.,1.));
#4902 = ADVANCED_FACE('',(#4903),#4921,.F.);
#4903 = FACE_BOUND('',#4904,.F.);
#4904 = EDGE_LOOP('',(#4905,#4913,#4919,#4920));
#4905 = ORIENTED_EDGE('',*,*,#4906,.T.);
#4906 = EDGE_CURVE('',#4885,#4907,#4909,.T.);
#4907 = VERTEX_POINT('',#4908);
#4908 = CARTESIAN_POINT('',(78.527,2.8,2.1));
#4909 = LINE('',#4910,#4911);
#4910 = CARTESIAN_POINT('',(93.527,2.8,2.1));
#4911 = VECTOR('',#4912,1.);
#4912 = DIRECTION('',(-1.,-0.,-0.));
#4913 = ORIENTED_EDGE('',*,*,#4914,.T.);
#4914 = EDGE_CURVE('',#4907,#1669,#4915,.T.);
#4915 = LINE('',#4916,#4917);
#4916 = CARTESIAN_POINT('',(78.527,2.8,2.1));
#4917 = VECTOR('',#4918,1.);
#4918 = DIRECTION('',(0.,-0.543251278157,0.839570157152));
#4919 = ORIENTED_EDGE('',*,*,#1668,.F.);
#4920 = ORIENTED_EDGE('',*,*,#4892,.F.);
#4921 = PLANE('',#4922);
#4922 = AXIS2_PLACEMENT_3D('',#4923,#4924,#4925);
#4923 = CARTESIAN_POINT('',(93.527,2.8,2.1));
#4924 = DIRECTION('',(0.,0.839570157152,0.543251278157));
#4925 = DIRECTION('',(0.,-0.543251278157,0.839570157152));
#4926 = ADVANCED_FACE('',(#4927),#4945,.F.);
#4927 = FACE_BOUND('',#4928,.F.);
#4928 = EDGE_LOOP('',(#4929,#4930,#4938,#4944));
#4929 = ORIENTED_EDGE('',*,*,#1684,.T.);
#4930 = ORIENTED_EDGE('',*,*,#4931,.T.);
#4931 = EDGE_CURVE('',#1677,#4932,#4934,.T.);
#4932 = VERTEX_POINT('',#4933);
#4933 = CARTESIAN_POINT('',(78.527,3.8,2.9));
#4934 = LINE('',#4935,#4936);
#4935 = CARTESIAN_POINT('',(78.527,3.8,3.8));
#4936 = VECTOR('',#4937,1.);
#4937 = DIRECTION('',(0.,0.,-1.));
#4938 = ORIENTED_EDGE('',*,*,#4939,.F.);
#4939 = EDGE_CURVE('',#4861,#4932,#4940,.T.);
#4940 = LINE('',#4941,#4942);
#4941 = CARTESIAN_POINT('',(93.527,3.8,2.9));
#4942 = VECTOR('',#4943,1.);
#4943 = DIRECTION('',(-1.,-0.,-0.));
#4944 = ORIENTED_EDGE('',*,*,#4860,.F.);
#4945 = PLANE('',#4946);
#4946 = AXIS2_PLACEMENT_3D('',#4947,#4948,#4949);
#4947 = CARTESIAN_POINT('',(93.527,3.8,3.8));
#4948 = DIRECTION('',(0.,-1.,0.));
#4949 = DIRECTION('',(0.,0.,-1.));
#4950 = ADVANCED_FACE('',(#4951),#4978,.F.);
#4951 = FACE_BOUND('',#4952,.T.);
#4952 = EDGE_LOOP('',(#4953,#4954,#4955,#4963,#4971,#4977));
#4953 = ORIENTED_EDGE('',*,*,#1676,.T.);
#4954 = ORIENTED_EDGE('',*,*,#4931,.T.);
#4955 = ORIENTED_EDGE('',*,*,#4956,.T.);
#4956 = EDGE_CURVE('',#4932,#4957,#4959,.T.);
#4957 = VERTEX_POINT('',#4958);
#4958 = CARTESIAN_POINT('',(78.527,4.2,2.499999869282));
#4959 = LINE('',#4960,#4961);
#4960 = CARTESIAN_POINT('',(78.527,3.8,2.9));
#4961 = VECTOR('',#4962,1.);
#4962 = DIRECTION('',(-0.,0.707106665647,-0.707106896726));
#4963 = ORIENTED_EDGE('',*,*,#4964,.T.);
#4964 = EDGE_CURVE('',#4957,#4965,#4967,.T.);
#4965 = VERTEX_POINT('',#4966);
#4966 = CARTESIAN_POINT('',(78.527,3.8,2.1));
#4967 = LINE('',#4968,#4969);
#4968 = CARTESIAN_POINT('',(78.527,4.2,2.499999869282));
#4969 = VECTOR('',#4970,1.);
#4970 = DIRECTION('',(0.,-0.707106896726,-0.707106665647));
#4971 = ORIENTED_EDGE('',*,*,#4972,.T.);
#4972 = EDGE_CURVE('',#4965,#4907,#4973,.T.);
#4973 = LINE('',#4974,#4975);
#4974 = CARTESIAN_POINT('',(78.527,3.8,2.1));
#4975 = VECTOR('',#4976,1.);
#4976 = DIRECTION('',(0.,-1.,0.));
#4977 = ORIENTED_EDGE('',*,*,#4914,.T.);
#4978 = PLANE('',#4979);
#4979 = AXIS2_PLACEMENT_3D('',#4980,#4981,#4982);
#4980 = CARTESIAN_POINT('',(78.527,3.015054965805,3.05981823678));
#4981 = DIRECTION('',(1.,0.,0.));
#4982 = DIRECTION('',(0.,0.,1.));
#4983 = ADVANCED_FACE('',(#4984),#5003,.T.);
#4984 = FACE_BOUND('',#4985,.F.);
#4985 = EDGE_LOOP('',(#4986,#4994,#5001,#5002));
#4986 = ORIENTED_EDGE('',*,*,#4987,.T.);
#4987 = EDGE_CURVE('',#1693,#4988,#4990,.T.);
#4988 = VERTEX_POINT('',#4989);
#4989 = CARTESIAN_POINT('',(104.527,11.,2.3));
#4990 = LINE('',#4991,#4992);
#4991 = CARTESIAN_POINT('',(104.527,11.,3.8));
#4992 = VECTOR('',#4993,1.);
#4993 = DIRECTION('',(0.,0.,-1.));
#4994 = ORIENTED_EDGE('',*,*,#4995,.T.);
#4995 = EDGE_CURVE('',#4988,#4988,#4996,.T.);
#4996 = CIRCLE('',#4997,4.);
#4997 = AXIS2_PLACEMENT_3D('',#4998,#4999,#5000);
#4998 = CARTESIAN_POINT('',(100.527,11.,2.3));
#4999 = DIRECTION('',(0.,0.,-1.));
#5000 = DIRECTION('',(1.,0.,0.));
#5001 = ORIENTED_EDGE('',*,*,#4987,.F.);
#5002 = ORIENTED_EDGE('',*,*,#1692,.F.);
#5003 = CYLINDRICAL_SURFACE('',#5004,4.);
#5004 = AXIS2_PLACEMENT_3D('',#5005,#5006,#5007);
#5005 = CARTESIAN_POINT('',(100.527,11.,3.8));
#5006 = DIRECTION('',(0.,0.,1.));
#5007 = DIRECTION('',(1.,0.,0.));
#5008 = ADVANCED_FACE('',(#5009),#5034,.F.);
#5009 = FACE_BOUND('',#5010,.T.);
#5010 = EDGE_LOOP('',(#5011,#5021,#5027,#5028));
#5011 = ORIENTED_EDGE('',*,*,#5012,.T.);
#5012 = EDGE_CURVE('',#5013,#5015,#5017,.T.);
#5013 = VERTEX_POINT('',#5014);
#5014 = CARTESIAN_POINT('',(108.727,21.,2.1));
#5015 = VERTEX_POINT('',#5016);
#5016 = CARTESIAN_POINT('',(108.727,41.,2.1));
#5017 = LINE('',#5018,#5019);
#5018 = CARTESIAN_POINT('',(108.727,21.,2.1));
#5019 = VECTOR('',#5020,1.);
#5020 = DIRECTION('',(0.,1.,0.));
#5021 = ORIENTED_EDGE('',*,*,#5022,.T.);
#5022 = EDGE_CURVE('',#5015,#1706,#5023,.T.);
#5023 = LINE('',#5024,#5025);
#5024 = CARTESIAN_POINT('',(108.727,41.,2.1));
#5025 = VECTOR('',#5026,1.);
#5026 = DIRECTION('',(0.543251278157,-3.7E-16,0.839570157152));
#5027 = ORIENTED_EDGE('',*,*,#1703,.F.);
#5028 = ORIENTED_EDGE('',*,*,#5029,.F.);
#5029 = EDGE_CURVE('',#5013,#1704,#5030,.T.);
#5030 = LINE('',#5031,#5032);
#5031 = CARTESIAN_POINT('',(108.727,21.,2.1));
#5032 = VECTOR('',#5033,1.);
#5033 = DIRECTION('',(0.543251278157,-3.7E-16,0.839570157152));
#5034 = PLANE('',#5035);
#5035 = AXIS2_PLACEMENT_3D('',#5036,#5037,#5038);
#5036 = CARTESIAN_POINT('',(108.727,21.,2.1));
#5037 = DIRECTION('',(-0.839570157152,0.,0.543251278157));
#5038 = DIRECTION('',(-0.543251278157,1.9E-16,-0.839570157152));
#5039 = ADVANCED_FACE('',(#5040),#5074,.T.);
#5040 = FACE_BOUND('',#5041,.T.);
#5041 = EDGE_LOOP('',(#5042,#5043,#5051,#5059,#5067,#5073));
#5042 = ORIENTED_EDGE('',*,*,#1713,.T.);
#5043 = ORIENTED_EDGE('',*,*,#5044,.T.);
#5044 = EDGE_CURVE('',#1714,#5045,#5047,.T.);
#5045 = VERTEX_POINT('',#5046);
#5046 = CARTESIAN_POINT('',(107.727,21.,2.9));
#5047 = LINE('',#5048,#5049);
#5048 = CARTESIAN_POINT('',(107.727,21.,3.8));
#5049 = VECTOR('',#5050,1.);
#5050 = DIRECTION('',(-0.,4.4E-16,-1.));
#5051 = ORIENTED_EDGE('',*,*,#5052,.T.);
#5052 = EDGE_CURVE('',#5045,#5053,#5055,.T.);
#5053 = VERTEX_POINT('',#5054);
#5054 = CARTESIAN_POINT('',(107.32700013071,21.,2.499999738564));
#5055 = LINE('',#5056,#5057);
#5056 = CARTESIAN_POINT('',(107.727,21.,2.9));
#5057 = VECTOR('',#5058,1.);
#5058 = DIRECTION('',(-0.707106434567,3.1E-16,-0.707107127806));
#5059 = ORIENTED_EDGE('',*,*,#5060,.T.);
#5060 = EDGE_CURVE('',#5053,#5061,#5063,.T.);
#5061 = VERTEX_POINT('',#5062);
#5062 = CARTESIAN_POINT('',(107.727,21.,2.1));
#5063 = LINE('',#5064,#5065);
#5064 = CARTESIAN_POINT('',(107.32700013071,21.,2.499999738564));
#5065 = VECTOR('',#5066,1.);
#5066 = DIRECTION('',(0.707106896725,3.1E-16,-0.707106665648));
#5067 = ORIENTED_EDGE('',*,*,#5068,.T.);
#5068 = EDGE_CURVE('',#5061,#5013,#5069,.T.);
#5069 = LINE('',#5070,#5071);
#5070 = CARTESIAN_POINT('',(107.727,21.,2.1));
#5071 = VECTOR('',#5072,1.);
#5072 = DIRECTION('',(1.,0.,0.));
#5073 = ORIENTED_EDGE('',*,*,#5029,.T.);
#5074 = PLANE('',#5075);
#5075 = AXIS2_PLACEMENT_3D('',#5076,#5077,#5078);
#5076 = CARTESIAN_POINT('',(108.51194506997,21.,3.059818246075));
#5077 = DIRECTION('',(-0.,-1.,-0.));
#5078 = DIRECTION('',(-0.,-0.,-1.));
#5079 = ADVANCED_FACE('',(#5080),#5114,.F.);
#5080 = FACE_BOUND('',#5081,.F.);
#5081 = EDGE_LOOP('',(#5082,#5083,#5091,#5099,#5107,#5113));
#5082 = ORIENTED_EDGE('',*,*,#1729,.T.);
#5083 = ORIENTED_EDGE('',*,*,#5084,.T.);
#5084 = EDGE_CURVE('',#1722,#5085,#5087,.T.);
#5085 = VERTEX_POINT('',#5086);
#5086 = CARTESIAN_POINT('',(107.727,41.,2.9));
#5087 = LINE('',#5088,#5089);
#5088 = CARTESIAN_POINT('',(107.727,41.,3.8));
#5089 = VECTOR('',#5090,1.);
#5090 = DIRECTION('',(-0.,4.4E-16,-1.));
#5091 = ORIENTED_EDGE('',*,*,#5092,.T.);
#5092 = EDGE_CURVE('',#5085,#5093,#5095,.T.);
#5093 = VERTEX_POINT('',#5094);
#5094 = CARTESIAN_POINT('',(107.32700013071,41.,2.499999738564));
#5095 = LINE('',#5096,#5097);
#5096 = CARTESIAN_POINT('',(107.727,41.,2.9));
#5097 = VECTOR('',#5098,1.);
#5098 = DIRECTION('',(-0.707106434567,3.1E-16,-0.707107127806));
#5099 = ORIENTED_EDGE('',*,*,#5100,.T.);
#5100 = EDGE_CURVE('',#5093,#5101,#5103,.T.);
#5101 = VERTEX_POINT('',#5102);
#5102 = CARTESIAN_POINT('',(107.727,41.,2.1));
#5103 = LINE('',#5104,#5105);
#5104 = CARTESIAN_POINT('',(107.32700013071,41.,2.499999738564));
#5105 = VECTOR('',#5106,1.);
#5106 = DIRECTION('',(0.707106896725,3.1E-16,-0.707106665648));
#5107 = ORIENTED_EDGE('',*,*,#5108,.T.);
#5108 = EDGE_CURVE('',#5101,#5015,#5109,.T.);
#5109 = LINE('',#5110,#5111);
#5110 = CARTESIAN_POINT('',(107.727,41.,2.1));
#5111 = VECTOR('',#5112,1.);
#5112 = DIRECTION('',(1.,0.,0.));
#5113 = ORIENTED_EDGE('',*,*,#5022,.T.);
#5114 = PLANE('',#5115);
#5115 = AXIS2_PLACEMENT_3D('',#5116,#5117,#5118);
#5116 = CARTESIAN_POINT('',(108.51194506997,41.,3.059818246075));
#5117 = DIRECTION('',(-0.,-1.,-0.));
#5118 = DIRECTION('',(-0.,-0.,-1.));
#5119 = ADVANCED_FACE('',(#5120),#5131,.F.);
#5120 = FACE_BOUND('',#5121,.T.);
#5121 = EDGE_LOOP('',(#5122,#5123,#5124,#5130));
#5122 = ORIENTED_EDGE('',*,*,#1721,.T.);
#5123 = ORIENTED_EDGE('',*,*,#5084,.T.);
#5124 = ORIENTED_EDGE('',*,*,#5125,.F.);
#5125 = EDGE_CURVE('',#5045,#5085,#5126,.T.);
#5126 = LINE('',#5127,#5128);
#5127 = CARTESIAN_POINT('',(107.727,21.,2.9));
#5128 = VECTOR('',#5129,1.);
#5129 = DIRECTION('',(0.,1.,0.));
#5130 = ORIENTED_EDGE('',*,*,#5044,.F.);
#5131 = PLANE('',#5132);
#5132 = AXIS2_PLACEMENT_3D('',#5133,#5134,#5135);
#5133 = CARTESIAN_POINT('',(107.727,21.,3.8));
#5134 = DIRECTION('',(1.,0.,0.));
#5135 = DIRECTION('',(0.,-2.2E-16,1.));
#5136 = ADVANCED_FACE('',(#5137),#5178,.T.);
#5137 = FACE_BOUND('',#5138,.F.);
#5138 = EDGE_LOOP('',(#5139,#5140,#5148,#5156,#5164,#5172));
#5139 = ORIENTED_EDGE('',*,*,#1737,.T.);
#5140 = ORIENTED_EDGE('',*,*,#5141,.T.);
#5141 = EDGE_CURVE('',#1740,#5142,#5144,.T.);
#5142 = VERTEX_POINT('',#5143);
#5143 = CARTESIAN_POINT('',(107.727,85.,2.9));
#5144 = LINE('',#5145,#5146);
#5145 = CARTESIAN_POINT('',(107.727,85.,3.8));
#5146 = VECTOR('',#5147,1.);
#5147 = DIRECTION('',(0.,0.,-1.));
#5148 = ORIENTED_EDGE('',*,*,#5149,.T.);
#5149 = EDGE_CURVE('',#5142,#5150,#5152,.T.);
#5150 = VERTEX_POINT('',#5151);
#5151 = CARTESIAN_POINT('',(107.32700013071,85.,2.499999738564));
#5152 = LINE('',#5153,#5154);
#5153 = CARTESIAN_POINT('',(107.727,85.,2.9));
#5154 = VECTOR('',#5155,1.);
#5155 = DIRECTION('',(-0.707106434567,-0.,-0.707107127806));
#5156 = ORIENTED_EDGE('',*,*,#5157,.T.);
#5157 = EDGE_CURVE('',#5150,#5158,#5160,.T.);
#5158 = VERTEX_POINT('',#5159);
#5159 = CARTESIAN_POINT('',(107.727,85.,2.1));
#5160 = LINE('',#5161,#5162);
#5161 = CARTESIAN_POINT('',(107.32700013071,85.,2.499999738564));
#5162 = VECTOR('',#5163,1.);
#5163 = DIRECTION('',(0.707106896725,0.,-0.707106665648));
#5164 = ORIENTED_EDGE('',*,*,#5165,.T.);
#5165 = EDGE_CURVE('',#5158,#5166,#5168,.T.);
#5166 = VERTEX_POINT('',#5167);
#5167 = CARTESIAN_POINT('',(108.727,85.,2.1));
#5168 = LINE('',#5169,#5170);
#5169 = CARTESIAN_POINT('',(107.727,85.,2.1));
#5170 = VECTOR('',#5171,1.);
#5171 = DIRECTION('',(1.,0.,0.));
#5172 = ORIENTED_EDGE('',*,*,#5173,.T.);
#5173 = EDGE_CURVE('',#5166,#1738,#5174,.T.);
#5174 = LINE('',#5175,#5176);
#5175 = CARTESIAN_POINT('',(108.727,85.,2.1));
#5176 = VECTOR('',#5177,1.);
#5177 = DIRECTION('',(0.543251278157,0.,0.839570157152));
#5178 = PLANE('',#5179);
#5179 = AXIS2_PLACEMENT_3D('',#5180,#5181,#5182);
#5180 = CARTESIAN_POINT('',(108.51194506997,85.,3.059818246075));
#5181 = DIRECTION('',(0.,1.,0.));
#5182 = DIRECTION('',(0.,0.,1.));
#5183 = ADVANCED_FACE('',(#5184),#5202,.F.);
#5184 = FACE_BOUND('',#5185,.F.);
#5185 = EDGE_LOOP('',(#5186,#5194,#5200,#5201));
#5186 = ORIENTED_EDGE('',*,*,#5187,.T.);
#5187 = EDGE_CURVE('',#5166,#5188,#5190,.T.);
#5188 = VERTEX_POINT('',#5189);
#5189 = CARTESIAN_POINT('',(108.727,65.,2.1));
#5190 = LINE('',#5191,#5192);
#5191 = CARTESIAN_POINT('',(108.727,85.,2.1));
#5192 = VECTOR('',#5193,1.);
#5193 = DIRECTION('',(0.,-1.,2.2E-16));
#5194 = ORIENTED_EDGE('',*,*,#5195,.T.);
#5195 = EDGE_CURVE('',#5188,#1748,#5196,.T.);
#5196 = LINE('',#5197,#5198);
#5197 = CARTESIAN_POINT('',(108.727,65.,2.1));
#5198 = VECTOR('',#5199,1.);
#5199 = DIRECTION('',(0.543251278157,0.,0.839570157152));
#5200 = ORIENTED_EDGE('',*,*,#1747,.F.);
#5201 = ORIENTED_EDGE('',*,*,#5173,.F.);
#5202 = PLANE('',#5203);
#5203 = AXIS2_PLACEMENT_3D('',#5204,#5205,#5206);
#5204 = CARTESIAN_POINT('',(108.727,85.,2.1));
#5205 = DIRECTION('',(-0.839570157152,1.2E-16,0.543251278157));
#5206 = DIRECTION('',(0.543251278157,1.9E-16,0.839570157152));
#5207 = ADVANCED_FACE('',(#5208),#5226,.F.);
#5208 = FACE_BOUND('',#5209,.F.);
#5209 = EDGE_LOOP('',(#5210,#5211,#5219,#5225));
#5210 = ORIENTED_EDGE('',*,*,#1763,.T.);
#5211 = ORIENTED_EDGE('',*,*,#5212,.T.);
#5212 = EDGE_CURVE('',#1756,#5213,#5215,.T.);
#5213 = VERTEX_POINT('',#5214);
#5214 = CARTESIAN_POINT('',(107.727,65.,2.9));
#5215 = LINE('',#5216,#5217);
#5216 = CARTESIAN_POINT('',(107.727,65.,3.8));
#5217 = VECTOR('',#5218,1.);
#5218 = DIRECTION('',(0.,0.,-1.));
#5219 = ORIENTED_EDGE('',*,*,#5220,.F.);
#5220 = EDGE_CURVE('',#5142,#5213,#5221,.T.);
#5221 = LINE('',#5222,#5223);
#5222 = CARTESIAN_POINT('',(107.727,85.,2.9));
#5223 = VECTOR('',#5224,1.);
#5224 = DIRECTION('',(0.,-1.,2.2E-16));
#5225 = ORIENTED_EDGE('',*,*,#5141,.F.);
#5226 = PLANE('',#5227);
#5227 = AXIS2_PLACEMENT_3D('',#5228,#5229,#5230);
#5228 = CARTESIAN_POINT('',(107.727,85.,3.8));
#5229 = DIRECTION('',(1.,0.,0.));
#5230 = DIRECTION('',(0.,-2.2E-16,-1.));
#5231 = ADVANCED_FACE('',(#5232),#5259,.F.);
#5232 = FACE_BOUND('',#5233,.T.);
#5233 = EDGE_LOOP('',(#5234,#5235,#5236,#5244,#5252,#5258));
#5234 = ORIENTED_EDGE('',*,*,#1755,.T.);
#5235 = ORIENTED_EDGE('',*,*,#5212,.T.);
#5236 = ORIENTED_EDGE('',*,*,#5237,.T.);
#5237 = EDGE_CURVE('',#5213,#5238,#5240,.T.);
#5238 = VERTEX_POINT('',#5239);
#5239 = CARTESIAN_POINT('',(107.32700013071,65.,2.499999738564));
#5240 = LINE('',#5241,#5242);
#5241 = CARTESIAN_POINT('',(107.727,65.,2.9));
#5242 = VECTOR('',#5243,1.);
#5243 = DIRECTION('',(-0.707106434567,-0.,-0.707107127806));
#5244 = ORIENTED_EDGE('',*,*,#5245,.T.);
#5245 = EDGE_CURVE('',#5238,#5246,#5248,.T.);
#5246 = VERTEX_POINT('',#5247);
#5247 = CARTESIAN_POINT('',(107.727,65.,2.1));
#5248 = LINE('',#5249,#5250);
#5249 = CARTESIAN_POINT('',(107.32700013071,65.,2.499999738564));
#5250 = VECTOR('',#5251,1.);
#5251 = DIRECTION('',(0.707106896725,0.,-0.707106665648));
#5252 = ORIENTED_EDGE('',*,*,#5253,.T.);
#5253 = EDGE_CURVE('',#5246,#5188,#5254,.T.);
#5254 = LINE('',#5255,#5256);
#5255 = CARTESIAN_POINT('',(107.727,65.,2.1));
#5256 = VECTOR('',#5257,1.);
#5257 = DIRECTION('',(1.,0.,0.));
#5258 = ORIENTED_EDGE('',*,*,#5195,.T.);
#5259 = PLANE('',#5260);
#5260 = AXIS2_PLACEMENT_3D('',#5261,#5262,#5263);
#5261 = CARTESIAN_POINT('',(108.51194506997,65.,3.059818246075));
#5262 = DIRECTION('',(0.,1.,0.));
#5263 = DIRECTION('',(0.,0.,1.));
#5264 = ADVANCED_FACE('',(#5265),#5306,.T.);
#5265 = FACE_BOUND('',#5266,.F.);
#5266 = EDGE_LOOP('',(#5267,#5268,#5276,#5284,#5292,#5300));
#5267 = ORIENTED_EDGE('',*,*,#1771,.T.);
#5268 = ORIENTED_EDGE('',*,*,#5269,.T.);
#5269 = EDGE_CURVE('',#1774,#5270,#5272,.T.);
#5270 = VERTEX_POINT('',#5271);
#5271 = CARTESIAN_POINT('',(107.727,129.,2.9));
#5272 = LINE('',#5273,#5274);
#5273 = CARTESIAN_POINT('',(107.727,129.,3.8));
#5274 = VECTOR('',#5275,1.);
#5275 = DIRECTION('',(0.,0.,-1.));
#5276 = ORIENTED_EDGE('',*,*,#5277,.T.);
#5277 = EDGE_CURVE('',#5270,#5278,#5280,.T.);
#5278 = VERTEX_POINT('',#5279);
#5279 = CARTESIAN_POINT('',(107.32700013071,129.,2.499999738564));
#5280 = LINE('',#5281,#5282);
#5281 = CARTESIAN_POINT('',(107.727,129.,2.9));
#5282 = VECTOR('',#5283,1.);
#5283 = DIRECTION('',(-0.707106434567,-0.,-0.707107127806));
#5284 = ORIENTED_EDGE('',*,*,#5285,.T.);
#5285 = EDGE_CURVE('',#5278,#5286,#5288,.T.);
#5286 = VERTEX_POINT('',#5287);
#5287 = CARTESIAN_POINT('',(107.727,129.,2.1));
#5288 = LINE('',#5289,#5290);
#5289 = CARTESIAN_POINT('',(107.32700013071,129.,2.499999738564));
#5290 = VECTOR('',#5291,1.);
#5291 = DIRECTION('',(0.707106896725,0.,-0.707106665648));
#5292 = ORIENTED_EDGE('',*,*,#5293,.T.);
#5293 = EDGE_CURVE('',#5286,#5294,#5296,.T.);
#5294 = VERTEX_POINT('',#5295);
#5295 = CARTESIAN_POINT('',(108.727,129.,2.1));
#5296 = LINE('',#5297,#5298);
#5297 = CARTESIAN_POINT('',(107.727,129.,2.1));
#5298 = VECTOR('',#5299,1.);
#5299 = DIRECTION('',(1.,0.,0.));
#5300 = ORIENTED_EDGE('',*,*,#5301,.T.);
#5301 = EDGE_CURVE('',#5294,#1772,#5302,.T.);
#5302 = LINE('',#5303,#5304);
#5303 = CARTESIAN_POINT('',(108.727,129.,2.1));
#5304 = VECTOR('',#5305,1.);
#5305 = DIRECTION('',(0.543251278157,0.,0.839570157152));
#5306 = PLANE('',#5307);
#5307 = AXIS2_PLACEMENT_3D('',#5308,#5309,#5310);
#5308 = CARTESIAN_POINT('',(108.51194506997,129.,3.059818246075));
#5309 = DIRECTION('',(0.,1.,0.));
#5310 = DIRECTION('',(0.,0.,1.));
#5311 = ADVANCED_FACE('',(#5312),#5330,.F.);
#5312 = FACE_BOUND('',#5313,.F.);
#5313 = EDGE_LOOP('',(#5314,#5322,#5328,#5329));
#5314 = ORIENTED_EDGE('',*,*,#5315,.T.);
#5315 = EDGE_CURVE('',#5294,#5316,#5318,.T.);
#5316 = VERTEX_POINT('',#5317);
#5317 = CARTESIAN_POINT('',(108.727,109.,2.1));
#5318 = LINE('',#5319,#5320);
#5319 = CARTESIAN_POINT('',(108.727,129.,2.1));
#5320 = VECTOR('',#5321,1.);
#5321 = DIRECTION('',(-0.,-1.,-0.));
#5322 = ORIENTED_EDGE('',*,*,#5323,.T.);
#5323 = EDGE_CURVE('',#5316,#1782,#5324,.T.);
#5324 = LINE('',#5325,#5326);
#5325 = CARTESIAN_POINT('',(108.727,109.,2.1));
#5326 = VECTOR('',#5327,1.);
#5327 = DIRECTION('',(0.543251278157,0.,0.839570157152));
#5328 = ORIENTED_EDGE('',*,*,#1781,.F.);
#5329 = ORIENTED_EDGE('',*,*,#5301,.F.);
#5330 = PLANE('',#5331);
#5331 = AXIS2_PLACEMENT_3D('',#5332,#5333,#5334);
#5332 = CARTESIAN_POINT('',(108.727,129.,2.1));
#5333 = DIRECTION('',(-0.839570157152,0.,0.543251278157));
#5334 = DIRECTION('',(0.543251278157,1.9E-16,0.839570157152));
#5335 = ADVANCED_FACE('',(#5336),#5354,.F.);
#5336 = FACE_BOUND('',#5337,.F.);
#5337 = EDGE_LOOP('',(#5338,#5339,#5347,#5353));
#5338 = ORIENTED_EDGE('',*,*,#1797,.T.);
#5339 = ORIENTED_EDGE('',*,*,#5340,.T.);
#5340 = EDGE_CURVE('',#1790,#5341,#5343,.T.);
#5341 = VERTEX_POINT('',#5342);
#5342 = CARTESIAN_POINT('',(107.727,109.,2.9));
#5343 = LINE('',#5344,#5345);
#5344 = CARTESIAN_POINT('',(107.727,109.,3.8));
#5345 = VECTOR('',#5346,1.);
#5346 = DIRECTION('',(0.,0.,-1.));
#5347 = ORIENTED_EDGE('',*,*,#5348,.F.);
#5348 = EDGE_CURVE('',#5270,#5341,#5349,.T.);
#5349 = LINE('',#5350,#5351);
#5350 = CARTESIAN_POINT('',(107.727,129.,2.9));
#5351 = VECTOR('',#5352,1.);
#5352 = DIRECTION('',(-0.,-1.,-0.));
#5353 = ORIENTED_EDGE('',*,*,#5269,.F.);
#5354 = PLANE('',#5355);
#5355 = AXIS2_PLACEMENT_3D('',#5356,#5357,#5358);
#5356 = CARTESIAN_POINT('',(107.727,129.,3.8));
#5357 = DIRECTION('',(1.,0.,0.));
#5358 = DIRECTION('',(0.,-2.2E-16,-1.));
#5359 = ADVANCED_FACE('',(#5360),#5387,.F.);
#5360 = FACE_BOUND('',#5361,.T.);
#5361 = EDGE_LOOP('',(#5362,#5363,#5364,#5372,#5380,#5386));
#5362 = ORIENTED_EDGE('',*,*,#1789,.T.);
#5363 = ORIENTED_EDGE('',*,*,#5340,.T.);
#5364 = ORIENTED_EDGE('',*,*,#5365,.T.);
#5365 = EDGE_CURVE('',#5341,#5366,#5368,.T.);
#5366 = VERTEX_POINT('',#5367);
#5367 = CARTESIAN_POINT('',(107.32700013071,109.,2.499999738564));
#5368 = LINE('',#5369,#5370);
#5369 = CARTESIAN_POINT('',(107.727,109.,2.9));
#5370 = VECTOR('',#5371,1.);
#5371 = DIRECTION('',(-0.707106434567,-0.,-0.707107127806));
#5372 = ORIENTED_EDGE('',*,*,#5373,.T.);
#5373 = EDGE_CURVE('',#5366,#5374,#5376,.T.);
#5374 = VERTEX_POINT('',#5375);
#5375 = CARTESIAN_POINT('',(107.727,109.,2.1));
#5376 = LINE('',#5377,#5378);
#5377 = CARTESIAN_POINT('',(107.32700013071,109.,2.499999738564));
#5378 = VECTOR('',#5379,1.);
#5379 = DIRECTION('',(0.707106896725,0.,-0.707106665648));
#5380 = ORIENTED_EDGE('',*,*,#5381,.T.);
#5381 = EDGE_CURVE('',#5374,#5316,#5382,.T.);
#5382 = LINE('',#5383,#5384);
#5383 = CARTESIAN_POINT('',(107.727,109.,2.1));
#5384 = VECTOR('',#5385,1.);
#5385 = DIRECTION('',(1.,0.,0.));
#5386 = ORIENTED_EDGE('',*,*,#5323,.T.);
#5387 = PLANE('',#5388);
#5388 = AXIS2_PLACEMENT_3D('',#5389,#5390,#5391);
#5389 = CARTESIAN_POINT('',(108.51194506997,109.,3.059818246075));
#5390 = DIRECTION('',(0.,1.,0.));
#5391 = DIRECTION('',(0.,0.,1.));
#5392 = ADVANCED_FACE('',(#5393),#5528,.T.);
#5393 = FACE_BOUND('',#5394,.T.);
#5394 = EDGE_LOOP('',(#5395,#5396,#5397,#5398,#5399,#5400,#5401,#5402,
    #5403,#5404,#5405,#5406,#5407,#5408,#5417,#5425,#5432,#5433,#5441,
    #5450,#5458,#5466,#5474,#5482,#5490,#5499,#5505,#5506,#5507,#5508,
    #5509,#5510,#5511,#5512,#5518,#5519,#5520,#5521,#5522,#5523,#5524,
    #5525,#5526,#5527));
#5395 = ORIENTED_EDGE('',*,*,#2704,.F.);
#5396 = ORIENTED_EDGE('',*,*,#3278,.T.);
#5397 = ORIENTED_EDGE('',*,*,#3332,.F.);
#5398 = ORIENTED_EDGE('',*,*,#3156,.F.);
#5399 = ORIENTED_EDGE('',*,*,#3235,.T.);
#5400 = ORIENTED_EDGE('',*,*,#3259,.F.);
#5401 = ORIENTED_EDGE('',*,*,#2681,.F.);
#5402 = ORIENTED_EDGE('',*,*,#2631,.T.);
#5403 = ORIENTED_EDGE('',*,*,#2574,.F.);
#5404 = ORIENTED_EDGE('',*,*,#1905,.F.);
#5405 = ORIENTED_EDGE('',*,*,#1864,.T.);
#5406 = ORIENTED_EDGE('',*,*,#2607,.F.);
#5407 = ORIENTED_EDGE('',*,*,#2672,.F.);
#5408 = ORIENTED_EDGE('',*,*,#5409,.F.);
#5409 = EDGE_CURVE('',#5410,#2665,#5412,.T.);
#5410 = VERTEX_POINT('',#5411);
#5411 = CARTESIAN_POINT('',(100.527,148.5,4.9));
#5412 = CIRCLE('',#5413,9.5);
#5413 = AXIS2_PLACEMENT_3D('',#5414,#5415,#5416);
#5414 = CARTESIAN_POINT('',(100.527,139.,4.9));
#5415 = DIRECTION('',(0.,0.,-1.));
#5416 = DIRECTION('',(1.,0.,0.));
#5417 = ORIENTED_EDGE('',*,*,#5418,.F.);
#5418 = EDGE_CURVE('',#5419,#5410,#5421,.T.);
#5419 = VERTEX_POINT('',#5420);
#5420 = CARTESIAN_POINT('',(6.91,148.5,4.9));
#5421 = LINE('',#5422,#5423);
#5422 = CARTESIAN_POINT('',(5.91,148.5,4.9));
#5423 = VECTOR('',#5424,1.);
#5424 = DIRECTION('',(1.,0.,0.));
#5425 = ORIENTED_EDGE('',*,*,#5426,.F.);
#5426 = EDGE_CURVE('',#2051,#5419,#5427,.T.);
#5427 = CIRCLE('',#5428,1.);
#5428 = AXIS2_PLACEMENT_3D('',#5429,#5430,#5431);
#5429 = CARTESIAN_POINT('',(6.91,147.5,4.9));
#5430 = DIRECTION('',(0.,0.,-1.));
#5431 = DIRECTION('',(0.,1.,0.));
#5432 = ORIENTED_EDGE('',*,*,#2050,.T.);
#5433 = ORIENTED_EDGE('',*,*,#5434,.T.);
#5434 = EDGE_CURVE('',#2043,#5435,#5437,.T.);
#5435 = VERTEX_POINT('',#5436);
#5436 = CARTESIAN_POINT('',(100.527,150.,4.9));
#5437 = LINE('',#5438,#5439);
#5438 = CARTESIAN_POINT('',(5.91,150.,4.9));
#5439 = VECTOR('',#5440,1.);
#5440 = DIRECTION('',(1.,-3.E-16,0.));
#5441 = ORIENTED_EDGE('',*,*,#5442,.F.);
#5442 = EDGE_CURVE('',#5443,#5435,#5445,.T.);
#5443 = VERTEX_POINT('',#5444);
#5444 = CARTESIAN_POINT('',(111.527,139.,4.9));
#5445 = CIRCLE('',#5446,11.);
#5446 = AXIS2_PLACEMENT_3D('',#5447,#5448,#5449);
#5447 = CARTESIAN_POINT('',(100.527,139.,4.9));
#5448 = DIRECTION('',(0.,0.,1.));
#5449 = DIRECTION('',(1.,0.,0.));
#5450 = ORIENTED_EDGE('',*,*,#5451,.T.);
#5451 = EDGE_CURVE('',#5443,#5452,#5454,.T.);
#5452 = VERTEX_POINT('',#5453);
#5453 = CARTESIAN_POINT('',(111.527,90.,4.9));
#5454 = LINE('',#5455,#5456);
#5455 = CARTESIAN_POINT('',(111.527,139.,4.9));
#5456 = VECTOR('',#5457,1.);
#5457 = DIRECTION('',(0.,-1.,0.));
#5458 = ORIENTED_EDGE('',*,*,#5459,.T.);
#5459 = EDGE_CURVE('',#5452,#5460,#5462,.T.);
#5460 = VERTEX_POINT('',#5461);
#5461 = CARTESIAN_POINT('',(111.51989321881,90.,4.9));
#5462 = LINE('',#5463,#5464);
#5463 = CARTESIAN_POINT('',(84.228539613645,90.,4.9));
#5464 = VECTOR('',#5465,1.);
#5465 = DIRECTION('',(-1.,0.,0.));
#5466 = ORIENTED_EDGE('',*,*,#5467,.F.);
#5467 = EDGE_CURVE('',#5468,#5460,#5470,.T.);
#5468 = VERTEX_POINT('',#5469);
#5469 = CARTESIAN_POINT('',(111.51989321881,60.,4.9));
#5470 = LINE('',#5471,#5472);
#5471 = CARTESIAN_POINT('',(111.51989321881,67.5,4.9));
#5472 = VECTOR('',#5473,1.);
#5473 = DIRECTION('',(-2.2E-16,1.,0.));
#5474 = ORIENTED_EDGE('',*,*,#5475,.F.);
#5475 = EDGE_CURVE('',#5476,#5468,#5478,.T.);
#5476 = VERTEX_POINT('',#5477);
#5477 = CARTESIAN_POINT('',(111.527,60.,4.9));
#5478 = LINE('',#5479,#5480);
#5479 = CARTESIAN_POINT('',(84.228539613645,60.,4.9));
#5480 = VECTOR('',#5481,1.);
#5481 = DIRECTION('',(-1.,0.,0.));
#5482 = ORIENTED_EDGE('',*,*,#5483,.T.);
#5483 = EDGE_CURVE('',#5476,#5484,#5486,.T.);
#5484 = VERTEX_POINT('',#5485);
#5485 = CARTESIAN_POINT('',(111.527,11.,4.9));
#5486 = LINE('',#5487,#5488);
#5487 = CARTESIAN_POINT('',(111.527,139.,4.9));
#5488 = VECTOR('',#5489,1.);
#5489 = DIRECTION('',(0.,-1.,0.));
#5490 = ORIENTED_EDGE('',*,*,#5491,.F.);
#5491 = EDGE_CURVE('',#5492,#5484,#5494,.T.);
#5492 = VERTEX_POINT('',#5493);
#5493 = CARTESIAN_POINT('',(100.527,0.,4.9));
#5494 = CIRCLE('',#5495,11.);
#5495 = AXIS2_PLACEMENT_3D('',#5496,#5497,#5498);
#5496 = CARTESIAN_POINT('',(100.527,11.,4.9));
#5497 = DIRECTION('',(0.,0.,1.));
#5498 = DIRECTION('',(1.,0.,0.));
#5499 = ORIENTED_EDGE('',*,*,#5500,.T.);
#5500 = EDGE_CURVE('',#5492,#2155,#5501,.T.);
#5501 = LINE('',#5502,#5503);
#5502 = CARTESIAN_POINT('',(100.527,0.,4.9));
#5503 = VECTOR('',#5504,1.);
#5504 = DIRECTION('',(-1.,0.,0.));
#5505 = ORIENTED_EDGE('',*,*,#2154,.T.);
#5506 = ORIENTED_EDGE('',*,*,#4228,.T.);
#5507 = ORIENTED_EDGE('',*,*,#4204,.T.);
#5508 = ORIENTED_EDGE('',*,*,#4064,.T.);
#5509 = ORIENTED_EDGE('',*,*,#4047,.F.);
#5510 = ORIENTED_EDGE('',*,*,#4023,.F.);
#5511 = ORIENTED_EDGE('',*,*,#3999,.F.);
#5512 = ORIENTED_EDGE('',*,*,#5513,.T.);
#5513 = EDGE_CURVE('',#3969,#3881,#5514,.T.);
#5514 = LINE('',#5515,#5516);
#5515 = CARTESIAN_POINT('',(34.9226,12.0977,4.9));
#5516 = VECTOR('',#5517,1.);
#5517 = DIRECTION('',(1.,0.,0.));
#5518 = ORIENTED_EDGE('',*,*,#3880,.T.);
#5519 = ORIENTED_EDGE('',*,*,#3856,.T.);
#5520 = ORIENTED_EDGE('',*,*,#3832,.T.);
#5521 = ORIENTED_EDGE('',*,*,#3808,.T.);
#5522 = ORIENTED_EDGE('',*,*,#3782,.T.);
#5523 = ORIENTED_EDGE('',*,*,#3687,.T.);
#5524 = ORIENTED_EDGE('',*,*,#3622,.F.);
#5525 = ORIENTED_EDGE('',*,*,#3511,.F.);
#5526 = ORIENTED_EDGE('',*,*,#3446,.T.);
#5527 = ORIENTED_EDGE('',*,*,#3431,.F.);
#5528 = PLANE('',#5529);
#5529 = AXIS2_PLACEMENT_3D('',#5530,#5531,#5532);
#5530 = CARTESIAN_POINT('',(76.401988055878,70.830134178506,4.9));
#5531 = DIRECTION('',(-0.,-0.,-1.));
#5532 = DIRECTION('',(-1.,0.,0.));
#5533 = ADVANCED_FACE('',(#5534),#5545,.T.);
#5534 = FACE_BOUND('',#5535,.T.);
#5535 = EDGE_LOOP('',(#5536,#5537,#5543,#5544));
#5536 = ORIENTED_EDGE('',*,*,#1943,.F.);
#5537 = ORIENTED_EDGE('',*,*,#5538,.T.);
#5538 = EDGE_CURVE('',#1936,#2728,#5539,.T.);
#5539 = LINE('',#5540,#5541);
#5540 = CARTESIAN_POINT('',(106.627,137.,6.8));
#5541 = VECTOR('',#5542,1.);
#5542 = DIRECTION('',(1.64E-15,-1.,2.5E-16));
#5543 = ORIENTED_EDGE('',*,*,#2727,.T.);
#5544 = ORIENTED_EDGE('',*,*,#1879,.F.);
#5545 = PLANE('',#5546);
#5546 = AXIS2_PLACEMENT_3D('',#5547,#5548,#5549);
#5547 = CARTESIAN_POINT('',(106.727,137.,6.7));
#5548 = DIRECTION('',(0.707106781187,0.,0.707106781187));
#5549 = DIRECTION('',(6.9E-16,-1.,-6.9E-16));
#5550 = ADVANCED_FACE('',(#5551),#5562,.T.);
#5551 = FACE_BOUND('',#5552,.T.);
#5552 = EDGE_LOOP('',(#5553,#5554,#5560,#5561));
#5553 = ORIENTED_EDGE('',*,*,#2743,.F.);
#5554 = ORIENTED_EDGE('',*,*,#5555,.T.);
#5555 = EDGE_CURVE('',#2736,#1928,#5556,.T.);
#5556 = LINE('',#5557,#5558);
#5557 = CARTESIAN_POINT('',(109.927,126.7,6.8));
#5558 = VECTOR('',#5559,1.);
#5559 = DIRECTION('',(0.,1.,0.));
#5560 = ORIENTED_EDGE('',*,*,#1927,.T.);
#5561 = ORIENTED_EDGE('',*,*,#1898,.F.);
#5562 = PLANE('',#5563);
#5563 = AXIS2_PLACEMENT_3D('',#5564,#5565,#5566);
#5564 = CARTESIAN_POINT('',(109.827,126.7,6.7));
#5565 = DIRECTION('',(-0.707106781187,0.,0.707106781187));
#5566 = DIRECTION('',(0.,1.,0.));
#5567 = ADVANCED_FACE('',(#5568,#5638,#5729,#5823,#5893,#5963,#6033,
    #6058),#6064,.T.);
#5568 = FACE_BOUND('',#5569,.T.);
#5569 = EDGE_LOOP('',(#5570,#5580,#5589,#5597,#5606,#5614,#5623,#5631));
#5570 = ORIENTED_EDGE('',*,*,#5571,.F.);
#5571 = EDGE_CURVE('',#5572,#5574,#5576,.T.);
#5572 = VERTEX_POINT('',#5573);
#5573 = CARTESIAN_POINT('',(17.03,22.3,6.8));
#5574 = VERTEX_POINT('',#5575);
#5575 = CARTESIAN_POINT('',(101.027,22.3,6.8));
#5576 = LINE('',#5577,#5578);
#5577 = CARTESIAN_POINT('',(17.03,22.3,6.8));
#5578 = VECTOR('',#5579,1.);
#5579 = DIRECTION('',(1.,0.,0.));
#5580 = ORIENTED_EDGE('',*,*,#5581,.F.);
#5581 = EDGE_CURVE('',#5582,#5572,#5584,.T.);
#5582 = VERTEX_POINT('',#5583);
#5583 = CARTESIAN_POINT('',(14.83,24.5,6.8));
#5584 = CIRCLE('',#5585,2.2);
#5585 = AXIS2_PLACEMENT_3D('',#5586,#5587,#5588);
#5586 = CARTESIAN_POINT('',(17.03,24.5,6.8));
#5587 = DIRECTION('',(0.,0.,1.));
#5588 = DIRECTION('',(-1.,-9.059E-14,0.));
#5589 = ORIENTED_EDGE('',*,*,#5590,.F.);
#5590 = EDGE_CURVE('',#5591,#5582,#5593,.T.);
#5591 = VERTEX_POINT('',#5592);
#5592 = CARTESIAN_POINT('',(14.83,139.5,6.8));
#5593 = LINE('',#5594,#5595);
#5594 = CARTESIAN_POINT('',(14.83,139.5,6.8));
#5595 = VECTOR('',#5596,1.);
#5596 = DIRECTION('',(0.,-1.,0.));
#5597 = ORIENTED_EDGE('',*,*,#5598,.F.);
#5598 = EDGE_CURVE('',#5599,#5591,#5601,.T.);
#5599 = VERTEX_POINT('',#5600);
#5600 = CARTESIAN_POINT('',(17.03,141.7,6.8));
#5601 = CIRCLE('',#5602,2.2);
#5602 = AXIS2_PLACEMENT_3D('',#5603,#5604,#5605);
#5603 = CARTESIAN_POINT('',(17.03,139.5,6.8));
#5604 = DIRECTION('',(0.,-0.,1.));
#5605 = DIRECTION('',(0.,1.,0.));
#5606 = ORIENTED_EDGE('',*,*,#5607,.F.);
#5607 = EDGE_CURVE('',#5608,#5599,#5610,.T.);
#5608 = VERTEX_POINT('',#5609);
#5609 = CARTESIAN_POINT('',(101.027,141.7,6.8));
#5610 = LINE('',#5611,#5612);
#5611 = CARTESIAN_POINT('',(101.027,141.7,6.8));
#5612 = VECTOR('',#5613,1.);
#5613 = DIRECTION('',(-1.,0.,0.));
#5614 = ORIENTED_EDGE('',*,*,#5615,.F.);
#5615 = EDGE_CURVE('',#5616,#5608,#5618,.T.);
#5616 = VERTEX_POINT('',#5617);
#5617 = CARTESIAN_POINT('',(103.227,139.5,6.8));
#5618 = CIRCLE('',#5619,2.2);
#5619 = AXIS2_PLACEMENT_3D('',#5620,#5621,#5622);
#5620 = CARTESIAN_POINT('',(101.027,139.5,6.8));
#5621 = DIRECTION('',(0.,0.,1.));
#5622 = DIRECTION('',(1.,0.,0.));
#5623 = ORIENTED_EDGE('',*,*,#5624,.F.);
#5624 = EDGE_CURVE('',#5625,#5616,#5627,.T.);
#5625 = VERTEX_POINT('',#5626);
#5626 = CARTESIAN_POINT('',(103.227,24.5,6.8));
#5627 = LINE('',#5628,#5629);
#5628 = CARTESIAN_POINT('',(103.227,24.5,6.8));
#5629 = VECTOR('',#5630,1.);
#5630 = DIRECTION('',(0.,1.,0.));
#5631 = ORIENTED_EDGE('',*,*,#5632,.F.);
#5632 = EDGE_CURVE('',#5574,#5625,#5633,.T.);
#5633 = CIRCLE('',#5634,2.2);
#5634 = AXIS2_PLACEMENT_3D('',#5635,#5636,#5637);
#5635 = CARTESIAN_POINT('',(101.027,24.5,6.8));
#5636 = DIRECTION('',(0.,0.,1.));
#5637 = DIRECTION('',(-1.421E-14,-1.,0.));
#5638 = FACE_BOUND('',#5639,.T.);
#5639 = EDGE_LOOP('',(#5640,#5641,#5649,#5658,#5666,#5674,#5682,#5690,
    #5698,#5706,#5714,#5723));
#5640 = ORIENTED_EDGE('',*,*,#2010,.F.);
#5641 = ORIENTED_EDGE('',*,*,#5642,.F.);
#5642 = EDGE_CURVE('',#5643,#2003,#5645,.T.);
#5643 = VERTEX_POINT('',#5644);
#5644 = CARTESIAN_POINT('',(100.527,1.19,6.8));
#5645 = LINE('',#5646,#5647);
#5646 = CARTESIAN_POINT('',(100.527,1.19,6.8));
#5647 = VECTOR('',#5648,1.);
#5648 = DIRECTION('',(-1.,0.,0.));
#5649 = ORIENTED_EDGE('',*,*,#5650,.F.);
#5650 = EDGE_CURVE('',#5651,#5643,#5653,.T.);
#5651 = VERTEX_POINT('',#5652);
#5652 = CARTESIAN_POINT('',(110.337,11.,6.8));
#5653 = CIRCLE('',#5654,9.81);
#5654 = AXIS2_PLACEMENT_3D('',#5655,#5656,#5657);
#5655 = CARTESIAN_POINT('',(100.527,11.,6.8));
#5656 = DIRECTION('',(0.,-0.,-1.));
#5657 = DIRECTION('',(1.,-3.6E-16,0.));
#5658 = ORIENTED_EDGE('',*,*,#5659,.F.);
#5659 = EDGE_CURVE('',#5660,#5651,#5662,.T.);
#5660 = VERTEX_POINT('',#5661);
#5661 = CARTESIAN_POINT('',(110.337,59.411648762861,6.8));
#5662 = LINE('',#5663,#5664);
#5663 = CARTESIAN_POINT('',(110.337,59.51,6.8));
#5664 = VECTOR('',#5665,1.);
#5665 = DIRECTION('',(0.,-1.,0.));
#5666 = ORIENTED_EDGE('',*,*,#5667,.F.);
#5667 = EDGE_CURVE('',#5668,#5660,#5670,.T.);
#5668 = VERTEX_POINT('',#5669);
#5669 = CARTESIAN_POINT('',(109.77364627785,59.81,6.8));
#5670 = LINE('',#5671,#5672);
#5671 = CARTESIAN_POINT('',(109.72433880329,59.844865649624,6.8));
#5672 = VECTOR('',#5673,1.);
#5673 = DIRECTION('',(0.816496580928,-0.57735026919,0.));
#5674 = ORIENTED_EDGE('',*,*,#5675,.F.);
#5675 = EDGE_CURVE('',#5676,#5668,#5678,.T.);
#5676 = VERTEX_POINT('',#5677);
#5677 = CARTESIAN_POINT('',(109.62989321881,59.81,6.8));
#5678 = LINE('',#5679,#5680);
#5679 = CARTESIAN_POINT('',(109.81989321881,59.81,6.8));
#5680 = VECTOR('',#5681,1.);
#5681 = DIRECTION('',(1.,0.,0.));
#5682 = ORIENTED_EDGE('',*,*,#5683,.T.);
#5683 = EDGE_CURVE('',#5676,#5684,#5686,.T.);
#5684 = VERTEX_POINT('',#5685);
#5685 = CARTESIAN_POINT('',(109.62989321881,90.19,6.8));
#5686 = LINE('',#5687,#5688);
#5687 = CARTESIAN_POINT('',(109.62989321881,60.,6.8));
#5688 = VECTOR('',#5689,1.);
#5689 = DIRECTION('',(0.,1.,-2.2E-16));
#5690 = ORIENTED_EDGE('',*,*,#5691,.T.);
#5691 = EDGE_CURVE('',#5684,#5692,#5694,.T.);
#5692 = VERTEX_POINT('',#5693);
#5693 = CARTESIAN_POINT('',(109.77364627785,90.19,6.8));
#5694 = LINE('',#5695,#5696);
#5695 = CARTESIAN_POINT('',(109.81989321881,90.19,6.8));
#5696 = VECTOR('',#5697,1.);
#5697 = DIRECTION('',(1.,0.,0.));
#5698 = ORIENTED_EDGE('',*,*,#5699,.T.);
#5699 = EDGE_CURVE('',#5692,#5700,#5702,.T.);
#5700 = VERTEX_POINT('',#5701);
#5701 = CARTESIAN_POINT('',(110.337,90.588351237139,6.8));
#5702 = LINE('',#5703,#5704);
#5703 = CARTESIAN_POINT('',(109.72433880329,90.155134350376,6.8));
#5704 = VECTOR('',#5705,1.);
#5705 = DIRECTION('',(0.816496580928,0.57735026919,0.));
#5706 = ORIENTED_EDGE('',*,*,#5707,.F.);
#5707 = EDGE_CURVE('',#5708,#5700,#5710,.T.);
#5708 = VERTEX_POINT('',#5709);
#5709 = CARTESIAN_POINT('',(110.337,139.,6.8));
#5710 = LINE('',#5711,#5712);
#5711 = CARTESIAN_POINT('',(110.337,139.,6.8));
#5712 = VECTOR('',#5713,1.);
#5713 = DIRECTION('',(0.,-1.,0.));
#5714 = ORIENTED_EDGE('',*,*,#5715,.F.);
#5715 = EDGE_CURVE('',#5716,#5708,#5718,.T.);
#5716 = VERTEX_POINT('',#5717);
#5717 = CARTESIAN_POINT('',(100.527,148.81,6.8));
#5718 = CIRCLE('',#5719,9.81);
#5719 = AXIS2_PLACEMENT_3D('',#5720,#5721,#5722);
#5720 = CARTESIAN_POINT('',(100.527,139.,6.8));
#5721 = DIRECTION('',(0.,0.,-1.));
#5722 = DIRECTION('',(-2.84E-15,1.,0.));
#5723 = ORIENTED_EDGE('',*,*,#5724,.F.);
#5724 = EDGE_CURVE('',#2011,#5716,#5725,.T.);
#5725 = LINE('',#5726,#5727);
#5726 = CARTESIAN_POINT('',(5.91,148.81,6.8));
#5727 = VECTOR('',#5728,1.);
#5728 = DIRECTION('',(1.,-3.E-16,0.));
#5729 = FACE_BOUND('',#5730,.T.);
#5730 = EDGE_LOOP('',(#5731,#5741,#5756,#5764,#5779,#5787,#5802,#5810));
#5731 = ORIENTED_EDGE('',*,*,#5732,.F.);
#5732 = EDGE_CURVE('',#5733,#5735,#5737,.T.);
#5733 = VERTEX_POINT('',#5734);
#5734 = CARTESIAN_POINT('',(62.102893218813,17.389999999999,6.8));
#5735 = VERTEX_POINT('',#5736);
#5736 = CARTESIAN_POINT('',(55.817106781187,17.389999999999,6.8));
#5737 = LINE('',#5738,#5739);
#5738 = CARTESIAN_POINT('',(62.102893218813,17.389999999999,6.8));
#5739 = VECTOR('',#5740,1.);
#5740 = DIRECTION('',(-1.,2.2E-16,0.));
#5741 = ORIENTED_EDGE('',*,*,#5742,.F.);
#5742 = EDGE_CURVE('',#5743,#5733,#5745,.T.);
#5743 = VERTEX_POINT('',#5744);
#5744 = CARTESIAN_POINT('',(63.,16.492893218812,6.8));
#5745 = B_SPLINE_CURVE_WITH_KNOTS('',9,(#5746,#5747,#5748,#5749,#5750,
    #5751,#5752,#5753,#5754,#5755),.UNSPECIFIED.,.F.,.F.,(10,10),(
    35.538798613545,36.670682901225),.PIECEWISE_BEZIER_KNOTS.);
#5746 = CARTESIAN_POINT('',(63.,16.492893218812,6.8));
#5747 = CARTESIAN_POINT('',(62.999999999999,16.660926233926,6.8));
#5748 = CARTESIAN_POINT('',(62.974764656698,16.822101388721,6.8));
#5749 = CARTESIAN_POINT('',(62.920914742383,16.973310882661,6.8));
#5750 = CARTESIAN_POINT('',(62.841801985604,17.111328974628,6.8));
#5751 = CARTESIAN_POINT('',(62.721328974626,17.2318019856,6.8));
#5752 = CARTESIAN_POINT('',(62.583310882664,17.310914742384,6.8));
#5753 = CARTESIAN_POINT('',(62.43210138872,17.364764656696,6.8));
#5754 = CARTESIAN_POINT('',(62.270926233927,17.389999999999,6.8));
#5755 = CARTESIAN_POINT('',(62.102893218813,17.389999999999,6.8));
#5756 = ORIENTED_EDGE('',*,*,#5757,.F.);
#5757 = EDGE_CURVE('',#5758,#5743,#5760,.T.);
#5758 = VERTEX_POINT('',#5759);
#5759 = CARTESIAN_POINT('',(63.,6.707106781187,6.8));
#5760 = LINE('',#5761,#5762);
#5761 = CARTESIAN_POINT('',(63.,6.707106781187,6.8));
#5762 = VECTOR('',#5763,1.);
#5763 = DIRECTION('',(4.4E-16,1.,2.2E-16));
#5764 = ORIENTED_EDGE('',*,*,#5765,.F.);
#5765 = EDGE_CURVE('',#5766,#5758,#5768,.T.);
#5766 = VERTEX_POINT('',#5767);
#5767 = CARTESIAN_POINT('',(62.102893218813,5.81,6.8));
#5768 = B_SPLINE_CURVE_WITH_KNOTS('',9,(#5769,#5770,#5771,#5772,#5773,
    #5774,#5775,#5776,#5777,#5778),.UNSPECIFIED.,.F.,.F.,(10,10),(
    24.621127888239,25.753012175919),.PIECEWISE_BEZIER_KNOTS.);
#5769 = CARTESIAN_POINT('',(62.102893218813,5.81,6.8));
#5770 = CARTESIAN_POINT('',(62.270926233926,5.81,6.8));
#5771 = CARTESIAN_POINT('',(62.432101388727,5.835235343304,
    6.800000000001));
#5772 = CARTESIAN_POINT('',(62.583310882651,5.889085257613,
    6.799999999999));
#5773 = CARTESIAN_POINT('',(62.721328974644,5.968198014401,
    6.800000000002));
#5774 = CARTESIAN_POINT('',(62.841801985586,6.088671025369,
    6.799999999998));
#5775 = CARTESIAN_POINT('',(62.920914742395,6.22668911734,6.800000000001
    ));
#5776 = CARTESIAN_POINT('',(62.974764656693,6.377898611277,
    6.799999999999));
#5777 = CARTESIAN_POINT('',(63.000000000001,6.539073766073,6.8));
#5778 = CARTESIAN_POINT('',(63.,6.707106781187,6.8));
#5779 = ORIENTED_EDGE('',*,*,#5780,.F.);
#5780 = EDGE_CURVE('',#5781,#5766,#5783,.T.);
#5781 = VERTEX_POINT('',#5782);
#5782 = CARTESIAN_POINT('',(55.817106781187,5.81,6.8));
#5783 = LINE('',#5784,#5785);
#5784 = CARTESIAN_POINT('',(55.817106781187,5.81,6.8));
#5785 = VECTOR('',#5786,1.);
#5786 = DIRECTION('',(1.,0.,0.));
#5787 = ORIENTED_EDGE('',*,*,#5788,.F.);
#5788 = EDGE_CURVE('',#5789,#5781,#5791,.T.);
#5789 = VERTEX_POINT('',#5790);
#5790 = CARTESIAN_POINT('',(54.92,6.707106781187,6.8));
#5791 = B_SPLINE_CURVE_WITH_KNOTS('',9,(#5792,#5793,#5794,#5795,#5796,
    #5797,#5798,#5799,#5800,#5801),.UNSPECIFIED.,.F.,.F.,(10,10),(
    17.203457162932,18.335341450612),.PIECEWISE_BEZIER_KNOTS.);
#5792 = CARTESIAN_POINT('',(54.92,6.707106781187,6.8));
#5793 = CARTESIAN_POINT('',(54.919999999998,6.539073766073,6.8));
#5794 = CARTESIAN_POINT('',(54.945235343309,6.377898611279,
    6.800000000001));
#5795 = CARTESIAN_POINT('',(54.999085257602,6.226689117337,
    6.799999999998));
#5796 = CARTESIAN_POINT('',(55.078198014415,6.088671025372,
    6.800000000002));
#5797 = CARTESIAN_POINT('',(55.198671025356,5.968198014398,
    6.799999999998));
#5798 = CARTESIAN_POINT('',(55.336689117347,5.889085257615,
    6.800000000001));
#5799 = CARTESIAN_POINT('',(55.487898611274,5.835235343303,
    6.799999999999));
#5800 = CARTESIAN_POINT('',(55.649073766074,5.81,6.8));
#5801 = CARTESIAN_POINT('',(55.817106781187,5.81,6.8));
#5802 = ORIENTED_EDGE('',*,*,#5803,.F.);
#5803 = EDGE_CURVE('',#5804,#5789,#5806,.T.);
#5804 = VERTEX_POINT('',#5805);
#5805 = CARTESIAN_POINT('',(54.92,16.492893218812,6.8));
#5806 = LINE('',#5807,#5808);
#5807 = CARTESIAN_POINT('',(54.92,16.492893218812,6.8));
#5808 = VECTOR('',#5809,1.);
#5809 = DIRECTION('',(-4.4E-16,-1.,-2.2E-16));
#5810 = ORIENTED_EDGE('',*,*,#5811,.F.);
#5811 = EDGE_CURVE('',#5735,#5804,#5812,.T.);
#5812 = B_SPLINE_CURVE_WITH_KNOTS('',9,(#5813,#5814,#5815,#5816,#5817,
    #5818,#5819,#5820,#5821,#5822),.UNSPECIFIED.,.F.,.F.,(10,10),(
    6.285786437626,7.417670725307),.PIECEWISE_BEZIER_KNOTS.);
#5813 = CARTESIAN_POINT('',(55.817106781187,17.389999999999,6.8));
#5814 = CARTESIAN_POINT('',(55.649073766073,17.389999999999,6.8));
#5815 = CARTESIAN_POINT('',(55.487898611279,17.364764656696,6.8));
#5816 = CARTESIAN_POINT('',(55.336689117339,17.310914742385,6.8));
#5817 = CARTESIAN_POINT('',(55.198671025368,17.231801985599,6.8));
#5818 = CARTESIAN_POINT('',(55.078198014403,17.111328974629,6.8));
#5819 = CARTESIAN_POINT('',(54.999085257611,16.97331088266,6.8));
#5820 = CARTESIAN_POINT('',(54.945235343304,16.822101388721,6.8));
#5821 = CARTESIAN_POINT('',(54.92,16.660926233926,6.8));
#5822 = CARTESIAN_POINT('',(54.92,16.492893218812,6.8));
#5823 = FACE_BOUND('',#5824,.T.);
#5824 = EDGE_LOOP('',(#5825,#5835,#5844,#5852,#5861,#5869,#5878,#5886));
#5825 = ORIENTED_EDGE('',*,*,#5826,.F.);
#5826 = EDGE_CURVE('',#5827,#5829,#5831,.T.);
#5827 = VERTEX_POINT('',#5828);
#5828 = CARTESIAN_POINT('',(69.427,7.8,6.8));
#5829 = VERTEX_POINT('',#5830);
#5830 = CARTESIAN_POINT('',(69.427,9.8,6.8));
#5831 = LINE('',#5832,#5833);
#5832 = CARTESIAN_POINT('',(69.427,7.8,6.8));
#5833 = VECTOR('',#5834,1.);
#5834 = DIRECTION('',(0.,1.,0.));
#5835 = ORIENTED_EDGE('',*,*,#5836,.F.);
#5836 = EDGE_CURVE('',#5837,#5827,#5839,.T.);
#5837 = VERTEX_POINT('',#5838);
#5838 = CARTESIAN_POINT('',(68.427,6.8,6.8));
#5839 = CIRCLE('',#5840,1.);
#5840 = AXIS2_PLACEMENT_3D('',#5841,#5842,#5843);
#5841 = CARTESIAN_POINT('',(68.427,7.8,6.8));
#5842 = DIRECTION('',(0.,0.,1.));
#5843 = DIRECTION('',(1.,0.,0.));
#5844 = ORIENTED_EDGE('',*,*,#5845,.F.);
#5845 = EDGE_CURVE('',#5846,#5837,#5848,.T.);
#5846 = VERTEX_POINT('',#5847);
#5847 = CARTESIAN_POINT('',(67.427,6.8,6.8));
#5848 = LINE('',#5849,#5850);
#5849 = CARTESIAN_POINT('',(67.427,6.8,6.8));
#5850 = VECTOR('',#5851,1.);
#5851 = DIRECTION('',(1.,0.,0.));
#5852 = ORIENTED_EDGE('',*,*,#5853,.F.);
#5853 = EDGE_CURVE('',#5854,#5846,#5856,.T.);
#5854 = VERTEX_POINT('',#5855);
#5855 = CARTESIAN_POINT('',(66.427,7.8,6.8));
#5856 = CIRCLE('',#5857,1.);
#5857 = AXIS2_PLACEMENT_3D('',#5858,#5859,#5860);
#5858 = CARTESIAN_POINT('',(67.427,7.8,6.8));
#5859 = DIRECTION('',(0.,0.,1.));
#5860 = DIRECTION('',(1.,0.,0.));
#5861 = ORIENTED_EDGE('',*,*,#5862,.F.);
#5862 = EDGE_CURVE('',#5863,#5854,#5865,.T.);
#5863 = VERTEX_POINT('',#5864);
#5864 = CARTESIAN_POINT('',(66.427,9.8,6.8));
#5865 = LINE('',#5866,#5867);
#5866 = CARTESIAN_POINT('',(66.427,9.8,6.8));
#5867 = VECTOR('',#5868,1.);
#5868 = DIRECTION('',(0.,-1.,0.));
#5869 = ORIENTED_EDGE('',*,*,#5870,.F.);
#5870 = EDGE_CURVE('',#5871,#5863,#5873,.T.);
#5871 = VERTEX_POINT('',#5872);
#5872 = CARTESIAN_POINT('',(67.427,10.8,6.8));
#5873 = CIRCLE('',#5874,1.);
#5874 = AXIS2_PLACEMENT_3D('',#5875,#5876,#5877);
#5875 = CARTESIAN_POINT('',(67.427,9.8,6.8));
#5876 = DIRECTION('',(0.,0.,1.));
#5877 = DIRECTION('',(1.,0.,0.));
#5878 = ORIENTED_EDGE('',*,*,#5879,.F.);
#5879 = EDGE_CURVE('',#5880,#5871,#5882,.T.);
#5880 = VERTEX_POINT('',#5881);
#5881 = CARTESIAN_POINT('',(68.427,10.8,6.8));
#5882 = LINE('',#5883,#5884);
#5883 = CARTESIAN_POINT('',(68.427,10.8,6.8));
#5884 = VECTOR('',#5885,1.);
#5885 = DIRECTION('',(-1.,0.,0.));
#5886 = ORIENTED_EDGE('',*,*,#5887,.F.);
#5887 = EDGE_CURVE('',#5829,#5880,#5888,.T.);
#5888 = CIRCLE('',#5889,1.);
#5889 = AXIS2_PLACEMENT_3D('',#5890,#5891,#5892);
#5890 = CARTESIAN_POINT('',(68.427,9.8,6.8));
#5891 = DIRECTION('',(0.,0.,1.));
#5892 = DIRECTION('',(1.,0.,0.));
#5893 = FACE_BOUND('',#5894,.T.);
#5894 = EDGE_LOOP('',(#5895,#5905,#5914,#5922,#5931,#5939,#5948,#5956));
#5895 = ORIENTED_EDGE('',*,*,#5896,.F.);
#5896 = EDGE_CURVE('',#5897,#5899,#5901,.T.);
#5897 = VERTEX_POINT('',#5898);
#5898 = CARTESIAN_POINT('',(73.127,7.8,6.8));
#5899 = VERTEX_POINT('',#5900);
#5900 = CARTESIAN_POINT('',(73.127,9.8,6.8));
#5901 = LINE('',#5902,#5903);
#5902 = CARTESIAN_POINT('',(73.127,7.8,6.8));
#5903 = VECTOR('',#5904,1.);
#5904 = DIRECTION('',(0.,1.,0.));
#5905 = ORIENTED_EDGE('',*,*,#5906,.F.);
#5906 = EDGE_CURVE('',#5907,#5897,#5909,.T.);
#5907 = VERTEX_POINT('',#5908);
#5908 = CARTESIAN_POINT('',(72.127,6.8,6.8));
#5909 = CIRCLE('',#5910,1.);
#5910 = AXIS2_PLACEMENT_3D('',#5911,#5912,#5913);
#5911 = CARTESIAN_POINT('',(72.127,7.8,6.8));
#5912 = DIRECTION('',(0.,0.,1.));
#5913 = DIRECTION('',(1.,0.,0.));
#5914 = ORIENTED_EDGE('',*,*,#5915,.F.);
#5915 = EDGE_CURVE('',#5916,#5907,#5918,.T.);
#5916 = VERTEX_POINT('',#5917);
#5917 = CARTESIAN_POINT('',(71.127,6.8,6.8));
#5918 = LINE('',#5919,#5920);
#5919 = CARTESIAN_POINT('',(71.127,6.8,6.8));
#5920 = VECTOR('',#5921,1.);
#5921 = DIRECTION('',(1.,0.,0.));
#5922 = ORIENTED_EDGE('',*,*,#5923,.F.);
#5923 = EDGE_CURVE('',#5924,#5916,#5926,.T.);
#5924 = VERTEX_POINT('',#5925);
#5925 = CARTESIAN_POINT('',(70.127,7.8,6.8));
#5926 = CIRCLE('',#5927,1.);
#5927 = AXIS2_PLACEMENT_3D('',#5928,#5929,#5930);
#5928 = CARTESIAN_POINT('',(71.127,7.8,6.8));
#5929 = DIRECTION('',(0.,0.,1.));
#5930 = DIRECTION('',(1.,0.,0.));
#5931 = ORIENTED_EDGE('',*,*,#5932,.F.);
#5932 = EDGE_CURVE('',#5933,#5924,#5935,.T.);
#5933 = VERTEX_POINT('',#5934);
#5934 = CARTESIAN_POINT('',(70.127,9.8,6.8));
#5935 = LINE('',#5936,#5937);
#5936 = CARTESIAN_POINT('',(70.127,9.8,6.8));
#5937 = VECTOR('',#5938,1.);
#5938 = DIRECTION('',(0.,-1.,0.));
#5939 = ORIENTED_EDGE('',*,*,#5940,.F.);
#5940 = EDGE_CURVE('',#5941,#5933,#5943,.T.);
#5941 = VERTEX_POINT('',#5942);
#5942 = CARTESIAN_POINT('',(71.127,10.8,6.8));
#5943 = CIRCLE('',#5944,1.);
#5944 = AXIS2_PLACEMENT_3D('',#5945,#5946,#5947);
#5945 = CARTESIAN_POINT('',(71.127,9.8,6.8));
#5946 = DIRECTION('',(0.,0.,1.));
#5947 = DIRECTION('',(1.,0.,0.));
#5948 = ORIENTED_EDGE('',*,*,#5949,.F.);
#5949 = EDGE_CURVE('',#5950,#5941,#5952,.T.);
#5950 = VERTEX_POINT('',#5951);
#5951 = CARTESIAN_POINT('',(72.127,10.8,6.8));
#5952 = LINE('',#5953,#5954);
#5953 = CARTESIAN_POINT('',(72.127,10.8,6.8));
#5954 = VECTOR('',#5955,1.);
#5955 = DIRECTION('',(-1.,0.,0.));
#5956 = ORIENTED_EDGE('',*,*,#5957,.F.);
#5957 = EDGE_CURVE('',#5899,#5950,#5958,.T.);
#5958 = CIRCLE('',#5959,1.);
#5959 = AXIS2_PLACEMENT_3D('',#5960,#5961,#5962);
#5960 = CARTESIAN_POINT('',(72.127,9.8,6.8));
#5961 = DIRECTION('',(0.,0.,1.));
#5962 = DIRECTION('',(1.,0.,0.));
#5963 = FACE_BOUND('',#5964,.T.);
#5964 = EDGE_LOOP('',(#5965,#5975,#5984,#5992,#6001,#6009,#6018,#6026));
#5965 = ORIENTED_EDGE('',*,*,#5966,.F.);
#5966 = EDGE_CURVE('',#5967,#5969,#5971,.T.);
#5967 = VERTEX_POINT('',#5968);
#5968 = CARTESIAN_POINT('',(76.827,7.8,6.8));
#5969 = VERTEX_POINT('',#5970);
#5970 = CARTESIAN_POINT('',(76.827,9.8,6.8));
#5971 = LINE('',#5972,#5973);
#5972 = CARTESIAN_POINT('',(76.827,7.8,6.8));
#5973 = VECTOR('',#5974,1.);
#5974 = DIRECTION('',(0.,1.,0.));
#5975 = ORIENTED_EDGE('',*,*,#5976,.F.);
#5976 = EDGE_CURVE('',#5977,#5967,#5979,.T.);
#5977 = VERTEX_POINT('',#5978);
#5978 = CARTESIAN_POINT('',(75.827,6.8,6.8));
#5979 = CIRCLE('',#5980,1.);
#5980 = AXIS2_PLACEMENT_3D('',#5981,#5982,#5983);
#5981 = CARTESIAN_POINT('',(75.827,7.8,6.8));
#5982 = DIRECTION('',(0.,0.,1.));
#5983 = DIRECTION('',(1.,0.,0.));
#5984 = ORIENTED_EDGE('',*,*,#5985,.F.);
#5985 = EDGE_CURVE('',#5986,#5977,#5988,.T.);
#5986 = VERTEX_POINT('',#5987);
#5987 = CARTESIAN_POINT('',(74.827,6.8,6.8));
#5988 = LINE('',#5989,#5990);
#5989 = CARTESIAN_POINT('',(74.827,6.8,6.8));
#5990 = VECTOR('',#5991,1.);
#5991 = DIRECTION('',(1.,0.,0.));
#5992 = ORIENTED_EDGE('',*,*,#5993,.F.);
#5993 = EDGE_CURVE('',#5994,#5986,#5996,.T.);
#5994 = VERTEX_POINT('',#5995);
#5995 = CARTESIAN_POINT('',(73.827,7.8,6.8));
#5996 = CIRCLE('',#5997,1.);
#5997 = AXIS2_PLACEMENT_3D('',#5998,#5999,#6000);
#5998 = CARTESIAN_POINT('',(74.827,7.8,6.8));
#5999 = DIRECTION('',(0.,0.,1.));
#6000 = DIRECTION('',(1.,0.,0.));
#6001 = ORIENTED_EDGE('',*,*,#6002,.F.);
#6002 = EDGE_CURVE('',#6003,#5994,#6005,.T.);
#6003 = VERTEX_POINT('',#6004);
#6004 = CARTESIAN_POINT('',(73.827,9.8,6.8));
#6005 = LINE('',#6006,#6007);
#6006 = CARTESIAN_POINT('',(73.827,9.8,6.8));
#6007 = VECTOR('',#6008,1.);
#6008 = DIRECTION('',(0.,-1.,0.));
#6009 = ORIENTED_EDGE('',*,*,#6010,.F.);
#6010 = EDGE_CURVE('',#6011,#6003,#6013,.T.);
#6011 = VERTEX_POINT('',#6012);
#6012 = CARTESIAN_POINT('',(74.827,10.8,6.8));
#6013 = CIRCLE('',#6014,1.);
#6014 = AXIS2_PLACEMENT_3D('',#6015,#6016,#6017);
#6015 = CARTESIAN_POINT('',(74.827,9.8,6.8));
#6016 = DIRECTION('',(0.,0.,1.));
#6017 = DIRECTION('',(1.,0.,0.));
#6018 = ORIENTED_EDGE('',*,*,#6019,.F.);
#6019 = EDGE_CURVE('',#6020,#6011,#6022,.T.);
#6020 = VERTEX_POINT('',#6021);
#6021 = CARTESIAN_POINT('',(75.827,10.8,6.8));
#6022 = LINE('',#6023,#6024);
#6023 = CARTESIAN_POINT('',(75.827,10.8,6.8));
#6024 = VECTOR('',#6025,1.);
#6025 = DIRECTION('',(-1.,0.,0.));
#6026 = ORIENTED_EDGE('',*,*,#6027,.F.);
#6027 = EDGE_CURVE('',#5969,#6020,#6028,.T.);
#6028 = CIRCLE('',#6029,1.);
#6029 = AXIS2_PLACEMENT_3D('',#6030,#6031,#6032);
#6030 = CARTESIAN_POINT('',(75.827,9.8,6.8));
#6031 = DIRECTION('',(0.,0.,1.));
#6032 = DIRECTION('',(1.,0.,0.));
#6033 = FACE_BOUND('',#6034,.T.);
#6034 = EDGE_LOOP('',(#6035,#6043,#6044,#6052));
#6035 = ORIENTED_EDGE('',*,*,#6036,.F.);
#6036 = EDGE_CURVE('',#3196,#6037,#6039,.T.);
#6037 = VERTEX_POINT('',#6038);
#6038 = CARTESIAN_POINT('',(106.627,12.8,6.8));
#6039 = LINE('',#6040,#6041);
#6040 = CARTESIAN_POINT('',(106.627,23.3,6.8));
#6041 = VECTOR('',#6042,1.);
#6042 = DIRECTION('',(0.,-1.,0.));
#6043 = ORIENTED_EDGE('',*,*,#3203,.F.);
#6044 = ORIENTED_EDGE('',*,*,#6045,.F.);
#6045 = EDGE_CURVE('',#6046,#3187,#6048,.T.);
#6046 = VERTEX_POINT('',#6047);
#6047 = CARTESIAN_POINT('',(109.927,12.8,6.8));
#6048 = LINE('',#6049,#6050);
#6049 = CARTESIAN_POINT('',(109.927,13.,6.8));
#6050 = VECTOR('',#6051,1.);
#6051 = DIRECTION('',(0.,1.,0.));
#6052 = ORIENTED_EDGE('',*,*,#6053,.F.);
#6053 = EDGE_CURVE('',#6037,#6046,#6054,.T.);
#6054 = LINE('',#6055,#6056);
#6055 = CARTESIAN_POINT('',(106.827,12.8,6.8));
#6056 = VECTOR('',#6057,1.);
#6057 = DIRECTION('',(1.,0.,0.));
#6058 = FACE_BOUND('',#6059,.T.);
#6059 = EDGE_LOOP('',(#6060,#6061,#6062,#6063));
#6060 = ORIENTED_EDGE('',*,*,#5538,.F.);
#6061 = ORIENTED_EDGE('',*,*,#1935,.F.);
#6062 = ORIENTED_EDGE('',*,*,#5555,.F.);
#6063 = ORIENTED_EDGE('',*,*,#2735,.F.);
#6064 = PLANE('',#6065);
#6065 = AXIS2_PLACEMENT_3D('',#6066,#6067,#6068);
#6066 = CARTESIAN_POINT('',(57.64057494051,75.,6.8));
#6067 = DIRECTION('',(0.,0.,1.));
#6068 = DIRECTION('',(1.,0.,0.));
#6069 = ADVANCED_FACE('',(#6070),#6082,.T.);
#6070 = FACE_BOUND('',#6071,.T.);
#6071 = EDGE_LOOP('',(#6072,#6073,#6074,#6075,#6081));
#6072 = ORIENTED_EDGE('',*,*,#3326,.T.);
#6073 = ORIENTED_EDGE('',*,*,#3312,.F.);
#6074 = ORIENTED_EDGE('',*,*,#1958,.F.);
#6075 = ORIENTED_EDGE('',*,*,#6076,.T.);
#6076 = EDGE_CURVE('',#1959,#3165,#6077,.T.);
#6077 = LINE('',#6078,#6079);
#6078 = CARTESIAN_POINT('',(106.827,13.,6.6));
#6079 = VECTOR('',#6080,1.);
#6080 = DIRECTION('',(1.,0.,0.));
#6081 = ORIENTED_EDGE('',*,*,#3164,.T.);
#6082 = PLANE('',#6083);
#6083 = AXIS2_PLACEMENT_3D('',#6084,#6085,#6086);
#6084 = CARTESIAN_POINT('',(108.277,13.,5.6));
#6085 = DIRECTION('',(0.,1.,0.));
#6086 = DIRECTION('',(0.,0.,1.));
#6087 = ADVANCED_FACE('',(#6088),#6099,.T.);
#6088 = FACE_BOUND('',#6089,.F.);
#6089 = EDGE_LOOP('',(#6090,#6091,#6092,#6098));
#6090 = ORIENTED_EDGE('',*,*,#3195,.F.);
#6091 = ORIENTED_EDGE('',*,*,#1978,.T.);
#6092 = ORIENTED_EDGE('',*,*,#6093,.T.);
#6093 = EDGE_CURVE('',#1959,#6037,#6094,.T.);
#6094 = LINE('',#6095,#6096);
#6095 = CARTESIAN_POINT('',(108.477,14.65,4.95));
#6096 = VECTOR('',#6097,1.);
#6097 = DIRECTION('',(-0.57735026919,-0.57735026919,0.57735026919));
#6098 = ORIENTED_EDGE('',*,*,#6036,.F.);
#6099 = PLANE('',#6100);
#6100 = AXIS2_PLACEMENT_3D('',#6101,#6102,#6103);
#6101 = CARTESIAN_POINT('',(106.727,23.3,6.7));
#6102 = DIRECTION('',(0.707106781187,0.,0.707106781187));
#6103 = DIRECTION('',(0.,1.,0.));
#6104 = ADVANCED_FACE('',(#6105),#6130,.T.);
#6105 = FACE_BOUND('',#6106,.T.);
#6106 = EDGE_LOOP('',(#6107,#6117,#6123,#6124));
#6107 = ORIENTED_EDGE('',*,*,#6108,.T.);
#6108 = EDGE_CURVE('',#6109,#6111,#6113,.T.);
#6109 = VERTEX_POINT('',#6110);
#6110 = CARTESIAN_POINT('',(100.527,1.,6.6));
#6111 = VERTEX_POINT('',#6112);
#6112 = CARTESIAN_POINT('',(100.527,1.,6.61));
#6113 = LINE('',#6114,#6115);
#6114 = CARTESIAN_POINT('',(100.527,1.,6.6));
#6115 = VECTOR('',#6116,1.);
#6116 = DIRECTION('',(0.,0.,1.));
#6117 = ORIENTED_EDGE('',*,*,#6118,.T.);
#6118 = EDGE_CURVE('',#6111,#1995,#6119,.T.);
#6119 = LINE('',#6120,#6121);
#6120 = CARTESIAN_POINT('',(100.527,1.,6.61));
#6121 = VECTOR('',#6122,1.);
#6122 = DIRECTION('',(-1.,0.,0.));
#6123 = ORIENTED_EDGE('',*,*,#1992,.F.);
#6124 = ORIENTED_EDGE('',*,*,#6125,.F.);
#6125 = EDGE_CURVE('',#6109,#1993,#6126,.T.);
#6126 = LINE('',#6127,#6128);
#6127 = CARTESIAN_POINT('',(100.527,1.,6.6));
#6128 = VECTOR('',#6129,1.);
#6129 = DIRECTION('',(-1.,0.,0.));
#6130 = PLANE('',#6131);
#6131 = AXIS2_PLACEMENT_3D('',#6132,#6133,#6134);
#6132 = CARTESIAN_POINT('',(100.527,1.,6.6));
#6133 = DIRECTION('',(0.,-1.,0.));
#6134 = DIRECTION('',(-1.,0.,0.));
#6135 = ADVANCED_FACE('',(#6136),#6154,.T.);
#6136 = FACE_BOUND('',#6137,.T.);
#6137 = EDGE_LOOP('',(#6138,#6146,#6147,#6148));
#6138 = ORIENTED_EDGE('',*,*,#6139,.F.);
#6139 = EDGE_CURVE('',#6109,#6140,#6142,.T.);
#6140 = VERTEX_POINT('',#6141);
#6141 = CARTESIAN_POINT('',(100.527,0.,5.6));
#6142 = LINE('',#6143,#6144);
#6143 = CARTESIAN_POINT('',(100.527,0.,5.6));
#6144 = VECTOR('',#6145,1.);
#6145 = DIRECTION('',(-1.9E-16,-0.707106781187,-0.707106781187));
#6146 = ORIENTED_EDGE('',*,*,#6125,.T.);
#6147 = ORIENTED_EDGE('',*,*,#2170,.T.);
#6148 = ORIENTED_EDGE('',*,*,#6149,.F.);
#6149 = EDGE_CURVE('',#6140,#2163,#6150,.T.);
#6150 = LINE('',#6151,#6152);
#6151 = CARTESIAN_POINT('',(100.527,0.,5.6));
#6152 = VECTOR('',#6153,1.);
#6153 = DIRECTION('',(-1.,0.,0.));
#6154 = PLANE('',#6155);
#6155 = AXIS2_PLACEMENT_3D('',#6156,#6157,#6158);
#6156 = CARTESIAN_POINT('',(100.527,0.5,6.1));
#6157 = DIRECTION('',(0.,-0.707106781187,0.707106781187));
#6158 = DIRECTION('',(-1.,0.,0.));
#6159 = ADVANCED_FACE('',(#6160),#6171,.T.);
#6160 = FACE_BOUND('',#6161,.T.);
#6161 = EDGE_LOOP('',(#6162,#6168,#6169,#6170));
#6162 = ORIENTED_EDGE('',*,*,#6163,.T.);
#6163 = EDGE_CURVE('',#5492,#6140,#6164,.T.);
#6164 = LINE('',#6165,#6166);
#6165 = CARTESIAN_POINT('',(100.527,0.,4.9));
#6166 = VECTOR('',#6167,1.);
#6167 = DIRECTION('',(0.,0.,1.));
#6168 = ORIENTED_EDGE('',*,*,#6149,.T.);
#6169 = ORIENTED_EDGE('',*,*,#2162,.F.);
#6170 = ORIENTED_EDGE('',*,*,#5500,.F.);
#6171 = PLANE('',#6172);
#6172 = AXIS2_PLACEMENT_3D('',#6173,#6174,#6175);
#6173 = CARTESIAN_POINT('',(100.527,0.,4.9));
#6174 = DIRECTION('',(0.,-1.,0.));
#6175 = DIRECTION('',(-1.,0.,0.));
#6176 = ADVANCED_FACE('',(#6177),#6188,.F.);
#6177 = FACE_BOUND('',#6178,.F.);
#6178 = EDGE_LOOP('',(#6179,#6180,#6181,#6187));
#6179 = ORIENTED_EDGE('',*,*,#2129,.F.);
#6180 = ORIENTED_EDGE('',*,*,#2185,.T.);
#6181 = ORIENTED_EDGE('',*,*,#6182,.F.);
#6182 = EDGE_CURVE('',#2260,#2186,#6183,.T.);
#6183 = LINE('',#6184,#6185);
#6184 = CARTESIAN_POINT('',(5.11,54.35,5.3));
#6185 = VECTOR('',#6186,1.);
#6186 = DIRECTION('',(0.,-1.,0.));
#6187 = ORIENTED_EDGE('',*,*,#2267,.F.);
#6188 = PLANE('',#6189);
#6189 = AXIS2_PLACEMENT_3D('',#6190,#6191,#6192);
#6190 = CARTESIAN_POINT('',(5.91,54.35,6.1));
#6191 = DIRECTION('',(0.707106781187,0.,-0.707106781187));
#6192 = DIRECTION('',(-0.707106781187,1.6E-16,-0.707106781187));
#6193 = ADVANCED_FACE('',(#6194),#6205,.F.);
#6194 = FACE_BOUND('',#6195,.T.);
#6195 = EDGE_LOOP('',(#6196,#6197,#6198,#6204));
#6196 = ORIENTED_EDGE('',*,*,#2106,.T.);
#6197 = ORIENTED_EDGE('',*,*,#2364,.T.);
#6198 = ORIENTED_EDGE('',*,*,#6199,.F.);
#6199 = EDGE_CURVE('',#2283,#2357,#6200,.T.);
#6200 = LINE('',#6201,#6202);
#6201 = CARTESIAN_POINT('',(5.11,95.65,5.3));
#6202 = VECTOR('',#6203,1.);
#6203 = DIRECTION('',(0.,1.,-4.4E-16));
#6204 = ORIENTED_EDGE('',*,*,#2282,.F.);
#6205 = PLANE('',#6206);
#6206 = AXIS2_PLACEMENT_3D('',#6207,#6208,#6209);
#6207 = CARTESIAN_POINT('',(5.91,95.65,6.1));
#6208 = DIRECTION('',(0.707106781187,-3.1E-16,-0.707106781187));
#6209 = DIRECTION('',(0.707106781187,4.7E-16,0.707106781187));
#6210 = ADVANCED_FACE('',(#6211),#6229,.F.);
#6211 = FACE_BOUND('',#6212,.F.);
#6212 = EDGE_LOOP('',(#6213,#6221,#6227,#6228));
#6213 = ORIENTED_EDGE('',*,*,#6214,.F.);
#6214 = EDGE_CURVE('',#6215,#2776,#6217,.T.);
#6215 = VERTEX_POINT('',#6216);
#6216 = CARTESIAN_POINT('',(15.794858479514,129.61749710484,1.8));
#6217 = LINE('',#6218,#6219);
#6218 = CARTESIAN_POINT('',(15.362716959029,129.36599420968,2.3));
#6219 = VECTOR('',#6220,1.);
#6220 = DIRECTION('',(-0.611140399135,-0.355678805307,0.707106781187));
#6221 = ORIENTED_EDGE('',*,*,#6222,.T.);
#6222 = EDGE_CURVE('',#6215,#2067,#6223,.T.);
#6223 = LINE('',#6224,#6225);
#6224 = CARTESIAN_POINT('',(15.794858479515,129.61749710484,1.8));
#6225 = VECTOR('',#6226,1.);
#6226 = DIRECTION('',(-0.503005790312,0.864283040973,0.));
#6227 = ORIENTED_EDGE('',*,*,#2074,.T.);
#6228 = ORIENTED_EDGE('',*,*,#2775,.F.);
#6229 = PLANE('',#6230);
#6230 = AXIS2_PLACEMENT_3D('',#6231,#6232,#6233);
#6231 = CARTESIAN_POINT('',(15.578787719272,129.49174565726,2.05));
#6232 = DIRECTION('',(0.611140399136,0.355678805305,0.707106781187));
#6233 = DIRECTION('',(-0.503005790312,0.864283040973,-1.110223024625E-16
    ));
#6234 = ADVANCED_FACE('',(#6235,#6280),#6291,.F.);
#6235 = FACE_BOUND('',#6236,.F.);
#6236 = EDGE_LOOP('',(#6237,#6238,#6239,#6248,#6256,#6265,#6273));
#6237 = ORIENTED_EDGE('',*,*,#2066,.F.);
#6238 = ORIENTED_EDGE('',*,*,#6222,.F.);
#6239 = ORIENTED_EDGE('',*,*,#6240,.F.);
#6240 = EDGE_CURVE('',#6241,#6215,#6243,.T.);
#6241 = VERTEX_POINT('',#6242);
#6242 = CARTESIAN_POINT('',(16.727,129.869,1.8));
#6243 = CIRCLE('',#6244,0.5);
#6244 = AXIS2_PLACEMENT_3D('',#6245,#6246,#6247);
#6245 = CARTESIAN_POINT('',(16.227,129.869,1.8));
#6246 = DIRECTION('',(0.,0.,-1.));
#6247 = DIRECTION('',(1.,0.,0.));
#6248 = ORIENTED_EDGE('',*,*,#6249,.F.);
#6249 = EDGE_CURVE('',#6250,#6241,#6252,.T.);
#6250 = VERTEX_POINT('',#6251);
#6251 = CARTESIAN_POINT('',(16.727,148.36602540378,1.8));
#6252 = LINE('',#6253,#6254);
#6253 = CARTESIAN_POINT('',(16.727,148.5,1.8));
#6254 = VECTOR('',#6255,1.);
#6255 = DIRECTION('',(0.,-1.,0.));
#6256 = ORIENTED_EDGE('',*,*,#6257,.F.);
#6257 = EDGE_CURVE('',#6258,#6250,#6260,.T.);
#6258 = VERTEX_POINT('',#6259);
#6259 = CARTESIAN_POINT('',(16.227,148.5,1.8));
#6260 = CIRCLE('',#6261,1.);
#6261 = AXIS2_PLACEMENT_3D('',#6262,#6263,#6264);
#6262 = CARTESIAN_POINT('',(16.227,147.5,1.8));
#6263 = DIRECTION('',(0.,0.,-1.));
#6264 = DIRECTION('',(0.,1.,0.));
#6265 = ORIENTED_EDGE('',*,*,#6266,.F.);
#6266 = EDGE_CURVE('',#6267,#6258,#6269,.T.);
#6267 = VERTEX_POINT('',#6268);
#6268 = CARTESIAN_POINT('',(6.91,148.5,1.8));
#6269 = LINE('',#6270,#6271);
#6270 = CARTESIAN_POINT('',(5.91,148.5,1.8));
#6271 = VECTOR('',#6272,1.);
#6272 = DIRECTION('',(1.,0.,0.));
#6273 = ORIENTED_EDGE('',*,*,#6274,.F.);
#6274 = EDGE_CURVE('',#2059,#6267,#6275,.T.);
#6275 = CIRCLE('',#6276,1.);
#6276 = AXIS2_PLACEMENT_3D('',#6277,#6278,#6279);
#6277 = CARTESIAN_POINT('',(6.91,147.5,1.8));
#6278 = DIRECTION('',(0.,0.,-1.));
#6279 = DIRECTION('',(0.,1.,0.));
#6280 = FACE_BOUND('',#6281,.F.);
#6281 = EDGE_LOOP('',(#6282));
#6282 = ORIENTED_EDGE('',*,*,#6283,.T.);
#6283 = EDGE_CURVE('',#6284,#6284,#6286,.T.);
#6284 = VERTEX_POINT('',#6285);
#6285 = CARTESIAN_POINT('',(14.627,139.,1.8));
#6286 = CIRCLE('',#6287,1.4);
#6287 = AXIS2_PLACEMENT_3D('',#6288,#6289,#6290);
#6288 = CARTESIAN_POINT('',(13.227,139.,1.8));
#6289 = DIRECTION('',(0.,0.,-1.));
#6290 = DIRECTION('',(1.,0.,0.));
#6291 = PLANE('',#6292);
#6292 = AXIS2_PLACEMENT_3D('',#6293,#6294,#6295);
#6293 = CARTESIAN_POINT('',(55.905620266614,98.528687041931,1.8));
#6294 = DIRECTION('',(0.,0.,1.));
#6295 = DIRECTION('',(1.,0.,0.));
#6296 = ADVANCED_FACE('',(#6297),#6308,.T.);
#6297 = FACE_BOUND('',#6298,.T.);
#6298 = EDGE_LOOP('',(#6299,#6300,#6306,#6307));
#6299 = ORIENTED_EDGE('',*,*,#5426,.T.);
#6300 = ORIENTED_EDGE('',*,*,#6301,.T.);
#6301 = EDGE_CURVE('',#5419,#6267,#6302,.T.);
#6302 = LINE('',#6303,#6304);
#6303 = CARTESIAN_POINT('',(6.91,148.5,4.9));
#6304 = VECTOR('',#6305,1.);
#6305 = DIRECTION('',(0.,0.,-1.));
#6306 = ORIENTED_EDGE('',*,*,#6274,.F.);
#6307 = ORIENTED_EDGE('',*,*,#2058,.F.);
#6308 = CYLINDRICAL_SURFACE('',#6309,1.);
#6309 = AXIS2_PLACEMENT_3D('',#6310,#6311,#6312);
#6310 = CARTESIAN_POINT('',(6.91,147.5,4.9));
#6311 = DIRECTION('',(0.,0.,-1.));
#6312 = DIRECTION('',(-1.,-0.,-0.));
#6313 = ADVANCED_FACE('',(#6314),#6332,.T.);
#6314 = FACE_BOUND('',#6315,.T.);
#6315 = EDGE_LOOP('',(#6316,#6317,#6325,#6331));
#6316 = ORIENTED_EDGE('',*,*,#2042,.T.);
#6317 = ORIENTED_EDGE('',*,*,#6318,.T.);
#6318 = EDGE_CURVE('',#2035,#6319,#6321,.T.);
#6319 = VERTEX_POINT('',#6320);
#6320 = CARTESIAN_POINT('',(100.527,150.,5.6));
#6321 = LINE('',#6322,#6323);
#6322 = CARTESIAN_POINT('',(5.91,150.,5.6));
#6323 = VECTOR('',#6324,1.);
#6324 = DIRECTION('',(1.,-3.E-16,0.));
#6325 = ORIENTED_EDGE('',*,*,#6326,.F.);
#6326 = EDGE_CURVE('',#5435,#6319,#6327,.T.);
#6327 = LINE('',#6328,#6329);
#6328 = CARTESIAN_POINT('',(100.527,150.,4.9));
#6329 = VECTOR('',#6330,1.);
#6330 = DIRECTION('',(0.,0.,1.));
#6331 = ORIENTED_EDGE('',*,*,#5434,.F.);
#6332 = PLANE('',#6333);
#6333 = AXIS2_PLACEMENT_3D('',#6334,#6335,#6336);
#6334 = CARTESIAN_POINT('',(5.91,150.,4.9));
#6335 = DIRECTION('',(3.E-16,1.,0.));
#6336 = DIRECTION('',(1.,-3.E-16,0.));
#6337 = ADVANCED_FACE('',(#6338),#6356,.T.);
#6338 = FACE_BOUND('',#6339,.T.);
#6339 = EDGE_LOOP('',(#6340,#6341,#6349,#6355));
#6340 = ORIENTED_EDGE('',*,*,#2034,.F.);
#6341 = ORIENTED_EDGE('',*,*,#6342,.T.);
#6342 = EDGE_CURVE('',#2027,#6343,#6345,.T.);
#6343 = VERTEX_POINT('',#6344);
#6344 = CARTESIAN_POINT('',(100.527,149.,6.6));
#6345 = LINE('',#6346,#6347);
#6346 = CARTESIAN_POINT('',(5.91,149.,6.6));
#6347 = VECTOR('',#6348,1.);
#6348 = DIRECTION('',(1.,-3.E-16,0.));
#6349 = ORIENTED_EDGE('',*,*,#6350,.T.);
#6350 = EDGE_CURVE('',#6343,#6319,#6351,.T.);
#6351 = LINE('',#6352,#6353);
#6352 = CARTESIAN_POINT('',(100.527,149.5,6.1));
#6353 = VECTOR('',#6354,1.);
#6354 = DIRECTION('',(2.1E-16,0.707106781187,-0.707106781187));
#6355 = ORIENTED_EDGE('',*,*,#6318,.F.);
#6356 = PLANE('',#6357);
#6357 = AXIS2_PLACEMENT_3D('',#6358,#6359,#6360);
#6358 = CARTESIAN_POINT('',(5.91,149.5,6.1));
#6359 = DIRECTION('',(0.,0.707106781187,0.707106781187));
#6360 = DIRECTION('',(1.,-1.5E-16,1.5E-16));
#6361 = ADVANCED_FACE('',(#6362),#6380,.T.);
#6362 = FACE_BOUND('',#6363,.T.);
#6363 = EDGE_LOOP('',(#6364,#6365,#6373,#6379));
#6364 = ORIENTED_EDGE('',*,*,#2026,.T.);
#6365 = ORIENTED_EDGE('',*,*,#6366,.T.);
#6366 = EDGE_CURVE('',#2019,#6367,#6369,.T.);
#6367 = VERTEX_POINT('',#6368);
#6368 = CARTESIAN_POINT('',(100.527,149.,6.61));
#6369 = LINE('',#6370,#6371);
#6370 = CARTESIAN_POINT('',(5.91,149.,6.61));
#6371 = VECTOR('',#6372,1.);
#6372 = DIRECTION('',(1.,-3.E-16,0.));
#6373 = ORIENTED_EDGE('',*,*,#6374,.F.);
#6374 = EDGE_CURVE('',#6343,#6367,#6375,.T.);
#6375 = LINE('',#6376,#6377);
#6376 = CARTESIAN_POINT('',(100.527,149.,6.6));
#6377 = VECTOR('',#6378,1.);
#6378 = DIRECTION('',(0.,0.,1.));
#6379 = ORIENTED_EDGE('',*,*,#6342,.F.);
#6380 = PLANE('',#6381);
#6381 = AXIS2_PLACEMENT_3D('',#6382,#6383,#6384);
#6382 = CARTESIAN_POINT('',(5.91,149.,6.6));
#6383 = DIRECTION('',(3.E-16,1.,0.));
#6384 = DIRECTION('',(1.,-3.E-16,0.));
#6385 = ADVANCED_FACE('',(#6386),#6397,.T.);
#6386 = FACE_BOUND('',#6387,.T.);
#6387 = EDGE_LOOP('',(#6388,#6389,#6390,#6396));
#6388 = ORIENTED_EDGE('',*,*,#2018,.F.);
#6389 = ORIENTED_EDGE('',*,*,#5724,.T.);
#6390 = ORIENTED_EDGE('',*,*,#6391,.T.);
#6391 = EDGE_CURVE('',#5716,#6367,#6392,.T.);
#6392 = LINE('',#6393,#6394);
#6393 = CARTESIAN_POINT('',(100.527,148.905,6.705));
#6394 = VECTOR('',#6395,1.);
#6395 = DIRECTION('',(2.1E-16,0.707106781187,-0.707106781187));
#6396 = ORIENTED_EDGE('',*,*,#6366,.F.);
#6397 = PLANE('',#6398);
#6398 = AXIS2_PLACEMENT_3D('',#6399,#6400,#6401);
#6399 = CARTESIAN_POINT('',(5.91,148.905,6.705));
#6400 = DIRECTION('',(0.,0.707106781187,0.707106781187));
#6401 = DIRECTION('',(1.,-1.5E-16,1.5E-16));
#6402 = ADVANCED_FACE('',(#6403),#6414,.T.);
#6403 = FACE_BOUND('',#6404,.T.);
#6404 = EDGE_LOOP('',(#6405,#6411,#6412,#6413));
#6405 = ORIENTED_EDGE('',*,*,#6406,.F.);
#6406 = EDGE_CURVE('',#5643,#6111,#6407,.T.);
#6407 = LINE('',#6408,#6409);
#6408 = CARTESIAN_POINT('',(100.527,1.,6.61));
#6409 = VECTOR('',#6410,1.);
#6410 = DIRECTION('',(-2.1E-16,-0.707106781187,-0.707106781187));
#6411 = ORIENTED_EDGE('',*,*,#5642,.T.);
#6412 = ORIENTED_EDGE('',*,*,#2002,.T.);
#6413 = ORIENTED_EDGE('',*,*,#6118,.F.);
#6414 = PLANE('',#6415);
#6415 = AXIS2_PLACEMENT_3D('',#6416,#6417,#6418);
#6416 = CARTESIAN_POINT('',(100.527,1.095,6.705));
#6417 = DIRECTION('',(0.,-0.707106781187,0.707106781187));
#6418 = DIRECTION('',(-1.,0.,0.));
#6419 = ADVANCED_FACE('',(#6420),#6431,.F.);
#6420 = FACE_BOUND('',#6421,.F.);
#6421 = EDGE_LOOP('',(#6422,#6423,#6424,#6430));
#6422 = ORIENTED_EDGE('',*,*,#6182,.T.);
#6423 = ORIENTED_EDGE('',*,*,#2193,.T.);
#6424 = ORIENTED_EDGE('',*,*,#6425,.F.);
#6425 = EDGE_CURVE('',#2252,#2194,#6426,.T.);
#6426 = LINE('',#6427,#6428);
#6427 = CARTESIAN_POINT('',(5.91,54.35,5.3));
#6428 = VECTOR('',#6429,1.);
#6429 = DIRECTION('',(0.,-1.,0.));
#6430 = ORIENTED_EDGE('',*,*,#2259,.F.);
#6431 = PLANE('',#6432);
#6432 = AXIS2_PLACEMENT_3D('',#6433,#6434,#6435);
#6433 = CARTESIAN_POINT('',(5.11,54.35,5.3));
#6434 = DIRECTION('',(0.,0.,1.));
#6435 = DIRECTION('',(1.,0.,0.));
#6436 = ADVANCED_FACE('',(#6437),#6443,.F.);
#6437 = FACE_BOUND('',#6438,.F.);
#6438 = EDGE_LOOP('',(#6439,#6440,#6441,#6442));
#6439 = ORIENTED_EDGE('',*,*,#6425,.T.);
#6440 = ORIENTED_EDGE('',*,*,#2201,.T.);
#6441 = ORIENTED_EDGE('',*,*,#2234,.F.);
#6442 = ORIENTED_EDGE('',*,*,#2251,.F.);
#6443 = PLANE('',#6444);
#6444 = AXIS2_PLACEMENT_3D('',#6445,#6446,#6447);
#6445 = CARTESIAN_POINT('',(5.91,54.35,5.3));
#6446 = DIRECTION('',(-0.707106781187,0.,0.707106781187));
#6447 = DIRECTION('',(0.707106781187,-1.6E-16,0.707106781187));
#6448 = ADVANCED_FACE('',(#6449),#6460,.F.);
#6449 = FACE_BOUND('',#6450,.T.);
#6450 = EDGE_LOOP('',(#6451,#6452,#6453,#6459));
#6451 = ORIENTED_EDGE('',*,*,#6199,.T.);
#6452 = ORIENTED_EDGE('',*,*,#2356,.T.);
#6453 = ORIENTED_EDGE('',*,*,#6454,.F.);
#6454 = EDGE_CURVE('',#2291,#2349,#6455,.T.);
#6455 = LINE('',#6456,#6457);
#6456 = CARTESIAN_POINT('',(5.91,95.65,5.3));
#6457 = VECTOR('',#6458,1.);
#6458 = DIRECTION('',(0.,1.,-4.4E-16));
#6459 = ORIENTED_EDGE('',*,*,#2290,.F.);
#6460 = PLANE('',#6461);
#6461 = AXIS2_PLACEMENT_3D('',#6462,#6463,#6464);
#6462 = CARTESIAN_POINT('',(5.11,95.65,5.3));
#6463 = DIRECTION('',(0.,4.4E-16,1.));
#6464 = DIRECTION('',(-1.,0.,0.));
#6465 = ADVANCED_FACE('',(#6466),#6472,.F.);
#6466 = FACE_BOUND('',#6467,.T.);
#6467 = EDGE_LOOP('',(#6468,#6469,#6470,#6471));
#6468 = ORIENTED_EDGE('',*,*,#6454,.T.);
#6469 = ORIENTED_EDGE('',*,*,#2348,.T.);
#6470 = ORIENTED_EDGE('',*,*,#2331,.F.);
#6471 = ORIENTED_EDGE('',*,*,#2298,.F.);
#6472 = PLANE('',#6473);
#6473 = AXIS2_PLACEMENT_3D('',#6474,#6475,#6476);
#6474 = CARTESIAN_POINT('',(5.91,95.65,5.3));
#6475 = DIRECTION('',(-0.707106781187,3.1E-16,0.707106781187));
#6476 = DIRECTION('',(-0.707106781187,-4.7E-16,-0.707106781187));
#6477 = ADVANCED_FACE('',(#6478),#6494,.F.);
#6478 = FACE_BOUND('',#6479,.T.);
#6479 = EDGE_LOOP('',(#6480,#6486,#6487,#6493));
#6480 = ORIENTED_EDGE('',*,*,#6481,.F.);
#6481 = EDGE_CURVE('',#5582,#2388,#6482,.T.);
#6482 = LINE('',#6483,#6484);
#6483 = CARTESIAN_POINT('',(14.93,24.5,6.7));
#6484 = VECTOR('',#6485,1.);
#6485 = DIRECTION('',(0.707106781187,0.,-0.707106781187));
#6486 = ORIENTED_EDGE('',*,*,#5581,.T.);
#6487 = ORIENTED_EDGE('',*,*,#6488,.T.);
#6488 = EDGE_CURVE('',#5572,#2379,#6489,.T.);
#6489 = LINE('',#6490,#6491);
#6490 = CARTESIAN_POINT('',(17.03,22.4,6.7));
#6491 = VECTOR('',#6492,1.);
#6492 = DIRECTION('',(0.,0.707106781187,-0.707106781187));
#6493 = ORIENTED_EDGE('',*,*,#2395,.F.);
#6494 = CONICAL_SURFACE('',#6495,2.,0.785398163397);
#6495 = AXIS2_PLACEMENT_3D('',#6496,#6497,#6498);
#6496 = CARTESIAN_POINT('',(17.03,24.5,6.6));
#6497 = DIRECTION('',(0.,0.,1.));
#6498 = DIRECTION('',(-1.,-9.059E-14,0.));
#6499 = ADVANCED_FACE('',(#6500),#6511,.T.);
#6500 = FACE_BOUND('',#6501,.T.);
#6501 = EDGE_LOOP('',(#6502,#6503,#6504,#6510));
#6502 = ORIENTED_EDGE('',*,*,#6488,.F.);
#6503 = ORIENTED_EDGE('',*,*,#5571,.T.);
#6504 = ORIENTED_EDGE('',*,*,#6505,.T.);
#6505 = EDGE_CURVE('',#5574,#2412,#6506,.T.);
#6506 = LINE('',#6507,#6508);
#6507 = CARTESIAN_POINT('',(101.027,22.4,6.7));
#6508 = VECTOR('',#6509,1.);
#6509 = DIRECTION('',(0.,0.707106781187,-0.707106781187));
#6510 = ORIENTED_EDGE('',*,*,#2411,.F.);
#6511 = PLANE('',#6512);
#6512 = AXIS2_PLACEMENT_3D('',#6513,#6514,#6515);
#6513 = CARTESIAN_POINT('',(17.03,22.4,6.7));
#6514 = DIRECTION('',(0.,0.707106781187,0.707106781187));
#6515 = DIRECTION('',(1.,0.,0.));
#6516 = ADVANCED_FACE('',(#6517),#6528,.F.);
#6517 = FACE_BOUND('',#6518,.T.);
#6518 = EDGE_LOOP('',(#6519,#6520,#6521,#6527));
#6519 = ORIENTED_EDGE('',*,*,#6505,.F.);
#6520 = ORIENTED_EDGE('',*,*,#5632,.T.);
#6521 = ORIENTED_EDGE('',*,*,#6522,.T.);
#6522 = EDGE_CURVE('',#5625,#2435,#6523,.T.);
#6523 = LINE('',#6524,#6525);
#6524 = CARTESIAN_POINT('',(103.027,24.5,6.6));
#6525 = VECTOR('',#6526,1.);
#6526 = DIRECTION('',(-0.707106781187,4.E-17,-0.707106781187));
#6527 = ORIENTED_EDGE('',*,*,#2444,.F.);
#6528 = CONICAL_SURFACE('',#6529,2.,0.785398163397);
#6529 = AXIS2_PLACEMENT_3D('',#6530,#6531,#6532);
#6530 = CARTESIAN_POINT('',(101.027,24.5,6.6));
#6531 = DIRECTION('',(0.,0.,1.));
#6532 = DIRECTION('',(-1.421E-14,-1.,0.));
#6533 = ADVANCED_FACE('',(#6534),#6545,.T.);
#6534 = FACE_BOUND('',#6535,.T.);
#6535 = EDGE_LOOP('',(#6536,#6537,#6538,#6544));
#6536 = ORIENTED_EDGE('',*,*,#6522,.F.);
#6537 = ORIENTED_EDGE('',*,*,#5624,.T.);
#6538 = ORIENTED_EDGE('',*,*,#6539,.T.);
#6539 = EDGE_CURVE('',#5616,#2461,#6540,.T.);
#6540 = LINE('',#6541,#6542);
#6541 = CARTESIAN_POINT('',(103.127,139.5,6.7));
#6542 = VECTOR('',#6543,1.);
#6543 = DIRECTION('',(-0.707106781187,0.,-0.707106781187));
#6544 = ORIENTED_EDGE('',*,*,#2460,.F.);
#6545 = PLANE('',#6546);
#6546 = AXIS2_PLACEMENT_3D('',#6547,#6548,#6549);
#6547 = CARTESIAN_POINT('',(103.127,24.5,6.7));
#6548 = DIRECTION('',(-0.707106781187,0.,0.707106781187));
#6549 = DIRECTION('',(0.,1.,0.));
#6550 = ADVANCED_FACE('',(#6551),#6562,.F.);
#6551 = FACE_BOUND('',#6552,.T.);
#6552 = EDGE_LOOP('',(#6553,#6554,#6555,#6561));
#6553 = ORIENTED_EDGE('',*,*,#6539,.F.);
#6554 = ORIENTED_EDGE('',*,*,#5615,.T.);
#6555 = ORIENTED_EDGE('',*,*,#6556,.T.);
#6556 = EDGE_CURVE('',#5608,#2484,#6557,.T.);
#6557 = LINE('',#6558,#6559);
#6558 = CARTESIAN_POINT('',(101.027,141.5,6.6));
#6559 = VECTOR('',#6560,1.);
#6560 = DIRECTION('',(-4.E-17,-0.707106781187,-0.707106781187));
#6561 = ORIENTED_EDGE('',*,*,#2493,.F.);
#6562 = CONICAL_SURFACE('',#6563,2.,0.785398163397);
#6563 = AXIS2_PLACEMENT_3D('',#6564,#6565,#6566);
#6564 = CARTESIAN_POINT('',(101.027,139.5,6.6));
#6565 = DIRECTION('',(0.,0.,1.));
#6566 = DIRECTION('',(1.,0.,0.));
#6567 = ADVANCED_FACE('',(#6568),#6579,.T.);
#6568 = FACE_BOUND('',#6569,.T.);
#6569 = EDGE_LOOP('',(#6570,#6571,#6572,#6578));
#6570 = ORIENTED_EDGE('',*,*,#6556,.F.);
#6571 = ORIENTED_EDGE('',*,*,#5607,.T.);
#6572 = ORIENTED_EDGE('',*,*,#6573,.T.);
#6573 = EDGE_CURVE('',#5599,#2510,#6574,.T.);
#6574 = LINE('',#6575,#6576);
#6575 = CARTESIAN_POINT('',(17.03,141.6,6.7));
#6576 = VECTOR('',#6577,1.);
#6577 = DIRECTION('',(0.,-0.707106781187,-0.707106781187));
#6578 = ORIENTED_EDGE('',*,*,#2509,.F.);
#6579 = PLANE('',#6580);
#6580 = AXIS2_PLACEMENT_3D('',#6581,#6582,#6583);
#6581 = CARTESIAN_POINT('',(101.027,141.6,6.7));
#6582 = DIRECTION('',(0.,-0.707106781187,0.707106781187));
#6583 = DIRECTION('',(-1.,0.,0.));
#6584 = ADVANCED_FACE('',(#6585),#6596,.F.);
#6585 = FACE_BOUND('',#6586,.T.);
#6586 = EDGE_LOOP('',(#6587,#6588,#6589,#6595));
#6587 = ORIENTED_EDGE('',*,*,#6573,.F.);
#6588 = ORIENTED_EDGE('',*,*,#5598,.T.);
#6589 = ORIENTED_EDGE('',*,*,#6590,.T.);
#6590 = EDGE_CURVE('',#5591,#2533,#6591,.T.);
#6591 = LINE('',#6592,#6593);
#6592 = CARTESIAN_POINT('',(15.03,139.5,6.6));
#6593 = VECTOR('',#6594,1.);
#6594 = DIRECTION('',(0.707106781187,-4.E-17,-0.707106781187));
#6595 = ORIENTED_EDGE('',*,*,#2542,.F.);
#6596 = CONICAL_SURFACE('',#6597,2.,0.785398163397);
#6597 = AXIS2_PLACEMENT_3D('',#6598,#6599,#6600);
#6598 = CARTESIAN_POINT('',(17.03,139.5,6.6));
#6599 = DIRECTION('',(0.,0.,1.));
#6600 = DIRECTION('',(0.,1.,0.));
#6601 = ADVANCED_FACE('',(#6602),#6608,.T.);
#6602 = FACE_BOUND('',#6603,.T.);
#6603 = EDGE_LOOP('',(#6604,#6605,#6606,#6607));
#6604 = ORIENTED_EDGE('',*,*,#6590,.F.);
#6605 = ORIENTED_EDGE('',*,*,#5590,.T.);
#6606 = ORIENTED_EDGE('',*,*,#6481,.T.);
#6607 = ORIENTED_EDGE('',*,*,#2558,.F.);
#6608 = PLANE('',#6609);
#6609 = AXIS2_PLACEMENT_3D('',#6610,#6611,#6612);
#6610 = CARTESIAN_POINT('',(14.93,139.5,6.7));
#6611 = DIRECTION('',(0.707106781187,0.,0.707106781187));
#6612 = DIRECTION('',(0.,-1.,0.));
#6613 = ADVANCED_FACE('',(#6614),#6633,.T.);
#6614 = FACE_BOUND('',#6615,.F.);
#6615 = EDGE_LOOP('',(#6616,#6617,#6618,#6626));
#6616 = ORIENTED_EDGE('',*,*,#2664,.F.);
#6617 = ORIENTED_EDGE('',*,*,#5409,.F.);
#6618 = ORIENTED_EDGE('',*,*,#6619,.T.);
#6619 = EDGE_CURVE('',#5410,#6620,#6622,.T.);
#6620 = VERTEX_POINT('',#6621);
#6621 = CARTESIAN_POINT('',(100.527,148.5,2.3));
#6622 = LINE('',#6623,#6624);
#6623 = CARTESIAN_POINT('',(100.527,148.5,4.9));
#6624 = VECTOR('',#6625,1.);
#6625 = DIRECTION('',(0.,0.,-1.));
#6626 = ORIENTED_EDGE('',*,*,#6627,.T.);
#6627 = EDGE_CURVE('',#6620,#2657,#6628,.T.);
#6628 = CIRCLE('',#6629,9.5);
#6629 = AXIS2_PLACEMENT_3D('',#6630,#6631,#6632);
#6630 = CARTESIAN_POINT('',(100.527,139.,2.3));
#6631 = DIRECTION('',(0.,0.,-1.));
#6632 = DIRECTION('',(0.,1.,0.));
#6633 = CYLINDRICAL_SURFACE('',#6634,9.5);
#6634 = AXIS2_PLACEMENT_3D('',#6635,#6636,#6637);
#6635 = CARTESIAN_POINT('',(100.527,139.,4.9));
#6636 = DIRECTION('',(0.,0.,1.));
#6637 = DIRECTION('',(1.,0.,0.));
#6638 = ADVANCED_FACE('',(#6639),#6658,.F.);
#6639 = FACE_BOUND('',#6640,.F.);
#6640 = EDGE_LOOP('',(#6641,#6642,#6650,#6656,#6657));
#6641 = ORIENTED_EDGE('',*,*,#2656,.F.);
#6642 = ORIENTED_EDGE('',*,*,#6643,.F.);
#6643 = EDGE_CURVE('',#6644,#2657,#6646,.T.);
#6644 = VERTEX_POINT('',#6645);
#6645 = CARTESIAN_POINT('',(109.527,139.,1.8));
#6646 = LINE('',#6647,#6648);
#6647 = CARTESIAN_POINT('',(110.027,139.,2.3));
#6648 = VECTOR('',#6649,1.);
#6649 = DIRECTION('',(0.707106781187,4.E-17,0.707106781187));
#6650 = ORIENTED_EDGE('',*,*,#6651,.T.);
#6651 = EDGE_CURVE('',#6644,#3351,#6652,.T.);
#6652 = LINE('',#6653,#6654);
#6653 = CARTESIAN_POINT('',(109.527,139.,1.8));
#6654 = VECTOR('',#6655,1.);
#6655 = DIRECTION('',(-0.,-1.,-0.));
#6656 = ORIENTED_EDGE('',*,*,#3350,.T.);
#6657 = ORIENTED_EDGE('',*,*,#3390,.F.);
#6658 = PLANE('',#6659);
#6659 = AXIS2_PLACEMENT_3D('',#6660,#6661,#6662);
#6660 = CARTESIAN_POINT('',(109.777,139.,2.05));
#6661 = DIRECTION('',(-0.707106781187,0.,0.707106781187));
#6662 = DIRECTION('',(0.,-1.,0.));
#6663 = ADVANCED_FACE('',(#6664),#6676,.T.);
#6664 = FACE_BOUND('',#6665,.F.);
#6665 = EDGE_LOOP('',(#6666,#6667,#6674,#6675));
#6666 = ORIENTED_EDGE('',*,*,#2909,.F.);
#6667 = ORIENTED_EDGE('',*,*,#6668,.T.);
#6668 = EDGE_CURVE('',#2910,#2776,#6669,.T.);
#6669 = CIRCLE('',#6670,1.);
#6670 = AXIS2_PLACEMENT_3D('',#6671,#6672,#6673);
#6671 = CARTESIAN_POINT('',(16.227,129.869,2.3));
#6672 = DIRECTION('',(0.,0.,-1.));
#6673 = DIRECTION('',(1.,0.,0.));
#6674 = ORIENTED_EDGE('',*,*,#2783,.F.);
#6675 = ORIENTED_EDGE('',*,*,#2832,.F.);
#6676 = CYLINDRICAL_SURFACE('',#6677,1.);
#6677 = AXIS2_PLACEMENT_3D('',#6678,#6679,#6680);
#6678 = CARTESIAN_POINT('',(16.227,129.869,3.8));
#6679 = DIRECTION('',(0.,0.,1.));
#6680 = DIRECTION('',(1.,0.,0.));
#6681 = ADVANCED_FACE('',(#6682),#6700,.T.);
#6682 = FACE_BOUND('',#6683,.T.);
#6683 = EDGE_LOOP('',(#6684,#6685,#6691,#6692,#6693));
#6684 = ORIENTED_EDGE('',*,*,#6257,.F.);
#6685 = ORIENTED_EDGE('',*,*,#6686,.F.);
#6686 = EDGE_CURVE('',#2957,#6258,#6687,.T.);
#6687 = LINE('',#6688,#6689);
#6688 = CARTESIAN_POINT('',(16.227,148.5,3.8));
#6689 = VECTOR('',#6690,1.);
#6690 = DIRECTION('',(0.,0.,-1.));
#6691 = ORIENTED_EDGE('',*,*,#2964,.T.);
#6692 = ORIENTED_EDGE('',*,*,#2925,.T.);
#6693 = ORIENTED_EDGE('',*,*,#6694,.F.);
#6694 = EDGE_CURVE('',#6250,#2918,#6695,.T.);
#6695 = ELLIPSE('',#6696,1.414213562373,1.);
#6696 = AXIS2_PLACEMENT_3D('',#6697,#6698,#6699);
#6697 = CARTESIAN_POINT('',(16.227,147.5,1.3));
#6698 = DIRECTION('',(0.707106781187,0.,-0.707106781187));
#6699 = DIRECTION('',(-0.707106781187,0.,-0.707106781187));
#6700 = CYLINDRICAL_SURFACE('',#6701,1.);
#6701 = AXIS2_PLACEMENT_3D('',#6702,#6703,#6704);
#6702 = CARTESIAN_POINT('',(16.227,147.5,3.8));
#6703 = DIRECTION('',(0.,0.,-1.));
#6704 = DIRECTION('',(0.,1.,0.));
#6705 = ADVANCED_FACE('',(#6706),#6717,.T.);
#6706 = FACE_BOUND('',#6707,.F.);
#6707 = EDGE_LOOP('',(#6708,#6709,#6715,#6716));
#6708 = ORIENTED_EDGE('',*,*,#6249,.T.);
#6709 = ORIENTED_EDGE('',*,*,#6710,.T.);
#6710 = EDGE_CURVE('',#6241,#2910,#6711,.T.);
#6711 = LINE('',#6712,#6713);
#6712 = CARTESIAN_POINT('',(16.977,129.869,2.05));
#6713 = VECTOR('',#6714,1.);
#6714 = DIRECTION('',(0.707106781187,0.,0.707106781187));
#6715 = ORIENTED_EDGE('',*,*,#2917,.F.);
#6716 = ORIENTED_EDGE('',*,*,#6694,.F.);
#6717 = PLANE('',#6718);
#6718 = AXIS2_PLACEMENT_3D('',#6719,#6720,#6721);
#6719 = CARTESIAN_POINT('',(16.977,148.5,2.05));
#6720 = DIRECTION('',(0.707106781187,0.,-0.707106781187));
#6721 = DIRECTION('',(0.,1.,0.));
#6722 = ADVANCED_FACE('',(#6723),#6751,.T.);
#6723 = FACE_BOUND('',#6724,.F.);
#6724 = EDGE_LOOP('',(#6725,#6736,#6742,#6743,#6744));
#6725 = ORIENTED_EDGE('',*,*,#6726,.F.);
#6726 = EDGE_CURVE('',#6727,#6729,#6731,.T.);
#6727 = VERTEX_POINT('',#6728);
#6728 = CARTESIAN_POINT('',(97.527000000059,148.5,2.3));
#6729 = VERTEX_POINT('',#6730);
#6730 = CARTESIAN_POINT('',(96.819893218873,148.20710678118,
    2.007106781187));
#6731 = ELLIPSE('',#6732,1.414213562373,1.);
#6732 = AXIS2_PLACEMENT_3D('',#6733,#6734,#6735);
#6733 = CARTESIAN_POINT('',(97.527000000059,147.5,1.3));
#6734 = DIRECTION('',(0.,-0.707106781187,0.707106781187));
#6735 = DIRECTION('',(0.,-0.707106781187,-0.707106781187));
#6736 = ORIENTED_EDGE('',*,*,#6737,.F.);
#6737 = EDGE_CURVE('',#2948,#6727,#6738,.T.);
#6738 = LINE('',#6739,#6740);
#6739 = CARTESIAN_POINT('',(97.527000000059,148.5,3.8));
#6740 = VECTOR('',#6741,1.);
#6741 = DIRECTION('',(0.,0.,-1.));
#6742 = ORIENTED_EDGE('',*,*,#2947,.T.);
#6743 = ORIENTED_EDGE('',*,*,#3084,.T.);
#6744 = ORIENTED_EDGE('',*,*,#6745,.F.);
#6745 = EDGE_CURVE('',#6729,#3085,#6746,.T.);
#6746 = ELLIPSE('',#6747,1.414213562373,1.);
#6747 = AXIS2_PLACEMENT_3D('',#6748,#6749,#6750);
#6748 = CARTESIAN_POINT('',(97.527000000059,147.5,1.3));
#6749 = DIRECTION('',(0.707106781187,-0.,0.707106781187));
#6750 = DIRECTION('',(0.707106781187,0.,-0.707106781187));
#6751 = CYLINDRICAL_SURFACE('',#6752,1.);
#6752 = AXIS2_PLACEMENT_3D('',#6753,#6754,#6755);
#6753 = CARTESIAN_POINT('',(97.527000000059,147.5,3.8));
#6754 = DIRECTION('',(0.,0.,-1.));
#6755 = DIRECTION('',(0.,1.,0.));
#6756 = ADVANCED_FACE('',(#6757),#6772,.T.);
#6757 = FACE_BOUND('',#6758,.T.);
#6758 = EDGE_LOOP('',(#6759,#6765,#6766,#6767,#6768,#6769,#6770,#6771));
#6759 = ORIENTED_EDGE('',*,*,#6760,.F.);
#6760 = EDGE_CURVE('',#6727,#6620,#6761,.T.);
#6761 = LINE('',#6762,#6763);
#6762 = CARTESIAN_POINT('',(96.527000000059,148.5,2.3));
#6763 = VECTOR('',#6764,1.);
#6764 = DIRECTION('',(1.,0.,0.));
#6765 = ORIENTED_EDGE('',*,*,#6737,.F.);
#6766 = ORIENTED_EDGE('',*,*,#2956,.F.);
#6767 = ORIENTED_EDGE('',*,*,#6686,.T.);
#6768 = ORIENTED_EDGE('',*,*,#6266,.F.);
#6769 = ORIENTED_EDGE('',*,*,#6301,.F.);
#6770 = ORIENTED_EDGE('',*,*,#5418,.T.);
#6771 = ORIENTED_EDGE('',*,*,#6619,.T.);
#6772 = PLANE('',#6773);
#6773 = AXIS2_PLACEMENT_3D('',#6774,#6775,#6776);
#6774 = CARTESIAN_POINT('',(53.291877658775,148.5,4.134219340735));
#6775 = DIRECTION('',(0.,1.,0.));
#6776 = DIRECTION('',(0.,0.,1.));
#6777 = ADVANCED_FACE('',(#6778),#6819,.F.);
#6778 = FACE_BOUND('',#6779,.F.);
#6779 = EDGE_LOOP('',(#6780,#6781,#6789,#6797,#6805,#6813));
#6780 = ORIENTED_EDGE('',*,*,#2975,.T.);
#6781 = ORIENTED_EDGE('',*,*,#6782,.T.);
#6782 = EDGE_CURVE('',#2978,#6783,#6785,.T.);
#6783 = VERTEX_POINT('',#6784);
#6784 = CARTESIAN_POINT('',(24.527,146.2,2.9));
#6785 = LINE('',#6786,#6787);
#6786 = CARTESIAN_POINT('',(24.527,146.2,3.8));
#6787 = VECTOR('',#6788,1.);
#6788 = DIRECTION('',(0.,0.,-1.));
#6789 = ORIENTED_EDGE('',*,*,#6790,.T.);
#6790 = EDGE_CURVE('',#6783,#6791,#6793,.T.);
#6791 = VERTEX_POINT('',#6792);
#6792 = CARTESIAN_POINT('',(24.527,145.8,2.499999869282));
#6793 = LINE('',#6794,#6795);
#6794 = CARTESIAN_POINT('',(24.527,146.2,2.9));
#6795 = VECTOR('',#6796,1.);
#6796 = DIRECTION('',(0.,-0.707106665647,-0.707106896726));
#6797 = ORIENTED_EDGE('',*,*,#6798,.T.);
#6798 = EDGE_CURVE('',#6791,#6799,#6801,.T.);
#6799 = VERTEX_POINT('',#6800);
#6800 = CARTESIAN_POINT('',(24.527,146.2,2.1));
#6801 = LINE('',#6802,#6803);
#6802 = CARTESIAN_POINT('',(24.527,145.8,2.499999869282));
#6803 = VECTOR('',#6804,1.);
#6804 = DIRECTION('',(0.,0.707106896726,-0.707106665647));
#6805 = ORIENTED_EDGE('',*,*,#6806,.T.);
#6806 = EDGE_CURVE('',#6799,#6807,#6809,.T.);
#6807 = VERTEX_POINT('',#6808);
#6808 = CARTESIAN_POINT('',(24.527,147.2,2.1));
#6809 = LINE('',#6810,#6811);
#6810 = CARTESIAN_POINT('',(24.527,146.2,2.1));
#6811 = VECTOR('',#6812,1.);
#6812 = DIRECTION('',(0.,1.,-0.));
#6813 = ORIENTED_EDGE('',*,*,#6814,.T.);
#6814 = EDGE_CURVE('',#6807,#2976,#6815,.T.);
#6815 = LINE('',#6816,#6817);
#6816 = CARTESIAN_POINT('',(24.527,147.2,2.1));
#6817 = VECTOR('',#6818,1.);
#6818 = DIRECTION('',(0.,0.543251278157,0.839570157152));
#6819 = PLANE('',#6820);
#6820 = AXIS2_PLACEMENT_3D('',#6821,#6822,#6823);
#6821 = CARTESIAN_POINT('',(24.527,146.98494503419,3.05981823678));
#6822 = DIRECTION('',(1.,0.,0.));
#6823 = DIRECTION('',(-0.,-0.,-1.));
#6824 = ADVANCED_FACE('',(#6825),#6843,.T.);
#6825 = FACE_BOUND('',#6826,.F.);
#6826 = EDGE_LOOP('',(#6827,#6835,#6841,#6842));
#6827 = ORIENTED_EDGE('',*,*,#6828,.T.);
#6828 = EDGE_CURVE('',#6807,#6829,#6831,.T.);
#6829 = VERTEX_POINT('',#6830);
#6830 = CARTESIAN_POINT('',(39.527,147.2,2.1));
#6831 = LINE('',#6832,#6833);
#6832 = CARTESIAN_POINT('',(24.527,147.2,2.1));
#6833 = VECTOR('',#6834,1.);
#6834 = DIRECTION('',(1.,0.,0.));
#6835 = ORIENTED_EDGE('',*,*,#6836,.T.);
#6836 = EDGE_CURVE('',#6829,#2986,#6837,.T.);
#6837 = LINE('',#6838,#6839);
#6838 = CARTESIAN_POINT('',(39.527,147.2,2.1));
#6839 = VECTOR('',#6840,1.);
#6840 = DIRECTION('',(0.,0.543251278157,0.839570157152));
#6841 = ORIENTED_EDGE('',*,*,#2985,.F.);
#6842 = ORIENTED_EDGE('',*,*,#6814,.F.);
#6843 = PLANE('',#6844);
#6844 = AXIS2_PLACEMENT_3D('',#6845,#6846,#6847);
#6845 = CARTESIAN_POINT('',(24.527,147.2,2.1));
#6846 = DIRECTION('',(0.,0.839570157152,-0.543251278157));
#6847 = DIRECTION('',(-0.,-0.543251278157,-0.839570157152));
#6848 = ADVANCED_FACE('',(#6849),#6867,.T.);
#6849 = FACE_BOUND('',#6850,.F.);
#6850 = EDGE_LOOP('',(#6851,#6852,#6860,#6866));
#6851 = ORIENTED_EDGE('',*,*,#3001,.T.);
#6852 = ORIENTED_EDGE('',*,*,#6853,.T.);
#6853 = EDGE_CURVE('',#2994,#6854,#6856,.T.);
#6854 = VERTEX_POINT('',#6855);
#6855 = CARTESIAN_POINT('',(39.527,146.2,2.9));
#6856 = LINE('',#6857,#6858);
#6857 = CARTESIAN_POINT('',(39.527,146.2,3.8));
#6858 = VECTOR('',#6859,1.);
#6859 = DIRECTION('',(0.,0.,-1.));
#6860 = ORIENTED_EDGE('',*,*,#6861,.F.);
#6861 = EDGE_CURVE('',#6783,#6854,#6862,.T.);
#6862 = LINE('',#6863,#6864);
#6863 = CARTESIAN_POINT('',(24.527,146.2,2.9));
#6864 = VECTOR('',#6865,1.);
#6865 = DIRECTION('',(1.,0.,0.));
#6866 = ORIENTED_EDGE('',*,*,#6782,.F.);
#6867 = PLANE('',#6868);
#6868 = AXIS2_PLACEMENT_3D('',#6869,#6870,#6871);
#6869 = CARTESIAN_POINT('',(24.527,146.2,3.8));
#6870 = DIRECTION('',(-0.,-1.,-0.));
#6871 = DIRECTION('',(0.,0.,1.));
#6872 = ADVANCED_FACE('',(#6873),#6900,.T.);
#6873 = FACE_BOUND('',#6874,.T.);
#6874 = EDGE_LOOP('',(#6875,#6876,#6877,#6885,#6893,#6899));
#6875 = ORIENTED_EDGE('',*,*,#2993,.T.);
#6876 = ORIENTED_EDGE('',*,*,#6853,.T.);
#6877 = ORIENTED_EDGE('',*,*,#6878,.T.);
#6878 = EDGE_CURVE('',#6854,#6879,#6881,.T.);
#6879 = VERTEX_POINT('',#6880);
#6880 = CARTESIAN_POINT('',(39.527,145.8,2.499999869282));
#6881 = LINE('',#6882,#6883);
#6882 = CARTESIAN_POINT('',(39.527,146.2,2.9));
#6883 = VECTOR('',#6884,1.);
#6884 = DIRECTION('',(0.,-0.707106665647,-0.707106896726));
#6885 = ORIENTED_EDGE('',*,*,#6886,.T.);
#6886 = EDGE_CURVE('',#6879,#6887,#6889,.T.);
#6887 = VERTEX_POINT('',#6888);
#6888 = CARTESIAN_POINT('',(39.527,146.2,2.1));
#6889 = LINE('',#6890,#6891);
#6890 = CARTESIAN_POINT('',(39.527,145.8,2.499999869282));
#6891 = VECTOR('',#6892,1.);
#6892 = DIRECTION('',(0.,0.707106896726,-0.707106665647));
#6893 = ORIENTED_EDGE('',*,*,#6894,.T.);
#6894 = EDGE_CURVE('',#6887,#6829,#6895,.T.);
#6895 = LINE('',#6896,#6897);
#6896 = CARTESIAN_POINT('',(39.527,146.2,2.1));
#6897 = VECTOR('',#6898,1.);
#6898 = DIRECTION('',(0.,1.,-0.));
#6899 = ORIENTED_EDGE('',*,*,#6836,.T.);
#6900 = PLANE('',#6901);
#6901 = AXIS2_PLACEMENT_3D('',#6902,#6903,#6904);
#6902 = CARTESIAN_POINT('',(39.527,146.98494503419,3.05981823678));
#6903 = DIRECTION('',(1.,0.,0.));
#6904 = DIRECTION('',(-0.,-0.,-1.));
#6905 = ADVANCED_FACE('',(#6906),#6931,.F.);
#6906 = FACE_BOUND('',#6907,.T.);
#6907 = EDGE_LOOP('',(#6908,#6918,#6924,#6925));
#6908 = ORIENTED_EDGE('',*,*,#6909,.T.);
#6909 = EDGE_CURVE('',#6910,#6912,#6914,.T.);
#6910 = VERTEX_POINT('',#6911);
#6911 = CARTESIAN_POINT('',(66.527,147.2,2.1));
#6912 = VERTEX_POINT('',#6913);
#6913 = CARTESIAN_POINT('',(51.527,147.2,2.1));
#6914 = LINE('',#6915,#6916);
#6915 = CARTESIAN_POINT('',(66.527,147.2,2.1));
#6916 = VECTOR('',#6917,1.);
#6917 = DIRECTION('',(-1.,-0.,-0.));
#6918 = ORIENTED_EDGE('',*,*,#6919,.T.);
#6919 = EDGE_CURVE('',#6912,#3012,#6920,.T.);
#6920 = LINE('',#6921,#6922);
#6921 = CARTESIAN_POINT('',(51.527,147.2,2.1));
#6922 = VECTOR('',#6923,1.);
#6923 = DIRECTION('',(0.,0.543251278157,0.839570157152));
#6924 = ORIENTED_EDGE('',*,*,#3009,.F.);
#6925 = ORIENTED_EDGE('',*,*,#6926,.F.);
#6926 = EDGE_CURVE('',#6910,#3010,#6927,.T.);
#6927 = LINE('',#6928,#6929);
#6928 = CARTESIAN_POINT('',(66.527,147.2,2.1));
#6929 = VECTOR('',#6930,1.);
#6930 = DIRECTION('',(0.,0.543251278157,0.839570157152));
#6931 = PLANE('',#6932);
#6932 = AXIS2_PLACEMENT_3D('',#6933,#6934,#6935);
#6933 = CARTESIAN_POINT('',(66.527,147.2,2.1));
#6934 = DIRECTION('',(0.,-0.839570157152,0.543251278157));
#6935 = DIRECTION('',(-0.,-0.543251278157,-0.839570157152));
#6936 = ADVANCED_FACE('',(#6937),#6971,.T.);
#6937 = FACE_BOUND('',#6938,.T.);
#6938 = EDGE_LOOP('',(#6939,#6940,#6948,#6956,#6964,#6970));
#6939 = ORIENTED_EDGE('',*,*,#3019,.T.);
#6940 = ORIENTED_EDGE('',*,*,#6941,.T.);
#6941 = EDGE_CURVE('',#3020,#6942,#6944,.T.);
#6942 = VERTEX_POINT('',#6943);
#6943 = CARTESIAN_POINT('',(66.527,146.2,2.9));
#6944 = LINE('',#6945,#6946);
#6945 = CARTESIAN_POINT('',(66.527,146.2,3.8));
#6946 = VECTOR('',#6947,1.);
#6947 = DIRECTION('',(0.,0.,-1.));
#6948 = ORIENTED_EDGE('',*,*,#6949,.T.);
#6949 = EDGE_CURVE('',#6942,#6950,#6952,.T.);
#6950 = VERTEX_POINT('',#6951);
#6951 = CARTESIAN_POINT('',(66.527,145.8,2.499999869282));
#6952 = LINE('',#6953,#6954);
#6953 = CARTESIAN_POINT('',(66.527,146.2,2.9));
#6954 = VECTOR('',#6955,1.);
#6955 = DIRECTION('',(0.,-0.707106665647,-0.707106896726));
#6956 = ORIENTED_EDGE('',*,*,#6957,.T.);
#6957 = EDGE_CURVE('',#6950,#6958,#6960,.T.);
#6958 = VERTEX_POINT('',#6959);
#6959 = CARTESIAN_POINT('',(66.527,146.2,2.1));
#6960 = LINE('',#6961,#6962);
#6961 = CARTESIAN_POINT('',(66.527,145.8,2.499999869282));
#6962 = VECTOR('',#6963,1.);
#6963 = DIRECTION('',(0.,0.707106896726,-0.707106665647));
#6964 = ORIENTED_EDGE('',*,*,#6965,.T.);
#6965 = EDGE_CURVE('',#6958,#6910,#6966,.T.);
#6966 = LINE('',#6967,#6968);
#6967 = CARTESIAN_POINT('',(66.527,146.2,2.1));
#6968 = VECTOR('',#6969,1.);
#6969 = DIRECTION('',(0.,1.,-0.));
#6970 = ORIENTED_EDGE('',*,*,#6926,.T.);
#6971 = PLANE('',#6972);
#6972 = AXIS2_PLACEMENT_3D('',#6973,#6974,#6975);
#6973 = CARTESIAN_POINT('',(66.527,146.98494503419,3.05981823678));
#6974 = DIRECTION('',(1.,0.,0.));
#6975 = DIRECTION('',(-0.,-0.,-1.));
#6976 = ADVANCED_FACE('',(#6977),#7011,.F.);
#6977 = FACE_BOUND('',#6978,.F.);
#6978 = EDGE_LOOP('',(#6979,#6980,#6988,#6996,#7004,#7010));
#6979 = ORIENTED_EDGE('',*,*,#3035,.T.);
#6980 = ORIENTED_EDGE('',*,*,#6981,.T.);
#6981 = EDGE_CURVE('',#3028,#6982,#6984,.T.);
#6982 = VERTEX_POINT('',#6983);
#6983 = CARTESIAN_POINT('',(51.527,146.2,2.9));
#6984 = LINE('',#6985,#6986);
#6985 = CARTESIAN_POINT('',(51.527,146.2,3.8));
#6986 = VECTOR('',#6987,1.);
#6987 = DIRECTION('',(0.,0.,-1.));
#6988 = ORIENTED_EDGE('',*,*,#6989,.T.);
#6989 = EDGE_CURVE('',#6982,#6990,#6992,.T.);
#6990 = VERTEX_POINT('',#6991);
#6991 = CARTESIAN_POINT('',(51.527,145.8,2.499999869282));
#6992 = LINE('',#6993,#6994);
#6993 = CARTESIAN_POINT('',(51.527,146.2,2.9));
#6994 = VECTOR('',#6995,1.);
#6995 = DIRECTION('',(0.,-0.707106665647,-0.707106896726));
#6996 = ORIENTED_EDGE('',*,*,#6997,.T.);
#6997 = EDGE_CURVE('',#6990,#6998,#7000,.T.);
#6998 = VERTEX_POINT('',#6999);
#6999 = CARTESIAN_POINT('',(51.527,146.2,2.1));
#7000 = LINE('',#7001,#7002);
#7001 = CARTESIAN_POINT('',(51.527,145.8,2.499999869282));
#7002 = VECTOR('',#7003,1.);
#7003 = DIRECTION('',(0.,0.707106896726,-0.707106665647));
#7004 = ORIENTED_EDGE('',*,*,#7005,.T.);
#7005 = EDGE_CURVE('',#6998,#6912,#7006,.T.);
#7006 = LINE('',#7007,#7008);
#7007 = CARTESIAN_POINT('',(51.527,146.2,2.1));
#7008 = VECTOR('',#7009,1.);
#7009 = DIRECTION('',(0.,1.,-0.));
#7010 = ORIENTED_EDGE('',*,*,#6919,.T.);
#7011 = PLANE('',#7012);
#7012 = AXIS2_PLACEMENT_3D('',#7013,#7014,#7015);
#7013 = CARTESIAN_POINT('',(51.527,146.98494503419,3.05981823678));
#7014 = DIRECTION('',(1.,0.,0.));
#7015 = DIRECTION('',(-0.,-0.,-1.));
#7016 = ADVANCED_FACE('',(#7017),#7028,.F.);
#7017 = FACE_BOUND('',#7018,.T.);
#7018 = EDGE_LOOP('',(#7019,#7020,#7021,#7027));
#7019 = ORIENTED_EDGE('',*,*,#3027,.T.);
#7020 = ORIENTED_EDGE('',*,*,#6981,.T.);
#7021 = ORIENTED_EDGE('',*,*,#7022,.F.);
#7022 = EDGE_CURVE('',#6942,#6982,#7023,.T.);
#7023 = LINE('',#7024,#7025);
#7024 = CARTESIAN_POINT('',(66.527,146.2,2.9));
#7025 = VECTOR('',#7026,1.);
#7026 = DIRECTION('',(-1.,-0.,-0.));
#7027 = ORIENTED_EDGE('',*,*,#6941,.F.);
#7028 = PLANE('',#7029);
#7029 = AXIS2_PLACEMENT_3D('',#7030,#7031,#7032);
#7030 = CARTESIAN_POINT('',(66.527,146.2,3.8));
#7031 = DIRECTION('',(0.,1.,0.));
#7032 = DIRECTION('',(0.,0.,1.));
#7033 = ADVANCED_FACE('',(#7034),#7059,.F.);
#7034 = FACE_BOUND('',#7035,.T.);
#7035 = EDGE_LOOP('',(#7036,#7046,#7052,#7053));
#7036 = ORIENTED_EDGE('',*,*,#7037,.T.);
#7037 = EDGE_CURVE('',#7038,#7040,#7042,.T.);
#7038 = VERTEX_POINT('',#7039);
#7039 = CARTESIAN_POINT('',(93.527,147.2,2.1));
#7040 = VERTEX_POINT('',#7041);
#7041 = CARTESIAN_POINT('',(78.527,147.2,2.1));
#7042 = LINE('',#7043,#7044);
#7043 = CARTESIAN_POINT('',(93.527,147.2,2.1));
#7044 = VECTOR('',#7045,1.);
#7045 = DIRECTION('',(-1.,0.,0.));
#7046 = ORIENTED_EDGE('',*,*,#7047,.T.);
#7047 = EDGE_CURVE('',#7040,#3046,#7048,.T.);
#7048 = LINE('',#7049,#7050);
#7049 = CARTESIAN_POINT('',(78.527,147.2,2.1));
#7050 = VECTOR('',#7051,1.);
#7051 = DIRECTION('',(0.,0.543251278157,0.839570157152));
#7052 = ORIENTED_EDGE('',*,*,#3043,.F.);
#7053 = ORIENTED_EDGE('',*,*,#7054,.F.);
#7054 = EDGE_CURVE('',#7038,#3044,#7055,.T.);
#7055 = LINE('',#7056,#7057);
#7056 = CARTESIAN_POINT('',(93.527,147.2,2.1));
#7057 = VECTOR('',#7058,1.);
#7058 = DIRECTION('',(0.,0.543251278157,0.839570157152));
#7059 = PLANE('',#7060);
#7060 = AXIS2_PLACEMENT_3D('',#7061,#7062,#7063);
#7061 = CARTESIAN_POINT('',(93.527,147.2,2.1));
#7062 = DIRECTION('',(0.,-0.839570157152,0.543251278157));
#7063 = DIRECTION('',(-0.,-0.543251278157,-0.839570157152));
#7064 = ADVANCED_FACE('',(#7065),#7099,.F.);
#7065 = FACE_BOUND('',#7066,.F.);
#7066 = EDGE_LOOP('',(#7067,#7068,#7076,#7084,#7092,#7098));
#7067 = ORIENTED_EDGE('',*,*,#3069,.T.);
#7068 = ORIENTED_EDGE('',*,*,#7069,.T.);
#7069 = EDGE_CURVE('',#3062,#7070,#7072,.T.);
#7070 = VERTEX_POINT('',#7071);
#7071 = CARTESIAN_POINT('',(78.527,146.2,2.9));
#7072 = LINE('',#7073,#7074);
#7073 = CARTESIAN_POINT('',(78.527,146.2,3.8));
#7074 = VECTOR('',#7075,1.);
#7075 = DIRECTION('',(0.,0.,-1.));
#7076 = ORIENTED_EDGE('',*,*,#7077,.T.);
#7077 = EDGE_CURVE('',#7070,#7078,#7080,.T.);
#7078 = VERTEX_POINT('',#7079);
#7079 = CARTESIAN_POINT('',(78.527,145.8,2.499999869282));
#7080 = LINE('',#7081,#7082);
#7081 = CARTESIAN_POINT('',(78.527,146.2,2.9));
#7082 = VECTOR('',#7083,1.);
#7083 = DIRECTION('',(0.,-0.707106665647,-0.707106896726));
#7084 = ORIENTED_EDGE('',*,*,#7085,.T.);
#7085 = EDGE_CURVE('',#7078,#7086,#7088,.T.);
#7086 = VERTEX_POINT('',#7087);
#7087 = CARTESIAN_POINT('',(78.527,146.2,2.1));
#7088 = LINE('',#7089,#7090);
#7089 = CARTESIAN_POINT('',(78.527,145.8,2.499999869282));
#7090 = VECTOR('',#7091,1.);
#7091 = DIRECTION('',(0.,0.707106896726,-0.707106665647));
#7092 = ORIENTED_EDGE('',*,*,#7093,.T.);
#7093 = EDGE_CURVE('',#7086,#7040,#7094,.T.);
#7094 = LINE('',#7095,#7096);
#7095 = CARTESIAN_POINT('',(78.527,146.2,2.1));
#7096 = VECTOR('',#7097,1.);
#7097 = DIRECTION('',(0.,1.,-0.));
#7098 = ORIENTED_EDGE('',*,*,#7047,.T.);
#7099 = PLANE('',#7100);
#7100 = AXIS2_PLACEMENT_3D('',#7101,#7102,#7103);
#7101 = CARTESIAN_POINT('',(78.527,146.98494503419,3.05981823678));
#7102 = DIRECTION('',(1.,0.,0.));
#7103 = DIRECTION('',(-0.,-0.,-1.));
#7104 = ADVANCED_FACE('',(#7105),#7123,.F.);
#7105 = FACE_BOUND('',#7106,.T.);
#7106 = EDGE_LOOP('',(#7107,#7108,#7109,#7117));
#7107 = ORIENTED_EDGE('',*,*,#3061,.T.);
#7108 = ORIENTED_EDGE('',*,*,#7069,.T.);
#7109 = ORIENTED_EDGE('',*,*,#7110,.F.);
#7110 = EDGE_CURVE('',#7111,#7070,#7113,.T.);
#7111 = VERTEX_POINT('',#7112);
#7112 = CARTESIAN_POINT('',(93.527,146.2,2.9));
#7113 = LINE('',#7114,#7115);
#7114 = CARTESIAN_POINT('',(93.527,146.2,2.9));
#7115 = VECTOR('',#7116,1.);
#7116 = DIRECTION('',(-1.,0.,0.));
#7117 = ORIENTED_EDGE('',*,*,#7118,.F.);
#7118 = EDGE_CURVE('',#3054,#7111,#7119,.T.);
#7119 = LINE('',#7120,#7121);
#7120 = CARTESIAN_POINT('',(93.527,146.2,3.8));
#7121 = VECTOR('',#7122,1.);
#7122 = DIRECTION('',(0.,0.,-1.));
#7123 = PLANE('',#7124);
#7124 = AXIS2_PLACEMENT_3D('',#7125,#7126,#7127);
#7125 = CARTESIAN_POINT('',(93.527,146.2,3.8));
#7126 = DIRECTION('',(0.,1.,0.));
#7127 = DIRECTION('',(0.,0.,1.));
#7128 = ADVANCED_FACE('',(#7129),#7156,.T.);
#7129 = FACE_BOUND('',#7130,.T.);
#7130 = EDGE_LOOP('',(#7131,#7132,#7133,#7141,#7149,#7155));
#7131 = ORIENTED_EDGE('',*,*,#3053,.T.);
#7132 = ORIENTED_EDGE('',*,*,#7118,.T.);
#7133 = ORIENTED_EDGE('',*,*,#7134,.T.);
#7134 = EDGE_CURVE('',#7111,#7135,#7137,.T.);
#7135 = VERTEX_POINT('',#7136);
#7136 = CARTESIAN_POINT('',(93.527,145.8,2.499999869282));
#7137 = LINE('',#7138,#7139);
#7138 = CARTESIAN_POINT('',(93.527,146.2,2.9));
#7139 = VECTOR('',#7140,1.);
#7140 = DIRECTION('',(0.,-0.707106665647,-0.707106896726));
#7141 = ORIENTED_EDGE('',*,*,#7142,.T.);
#7142 = EDGE_CURVE('',#7135,#7143,#7145,.T.);
#7143 = VERTEX_POINT('',#7144);
#7144 = CARTESIAN_POINT('',(93.527,146.2,2.1));
#7145 = LINE('',#7146,#7147);
#7146 = CARTESIAN_POINT('',(93.527,145.8,2.499999869282));
#7147 = VECTOR('',#7148,1.);
#7148 = DIRECTION('',(0.,0.707106896726,-0.707106665647));
#7149 = ORIENTED_EDGE('',*,*,#7150,.T.);
#7150 = EDGE_CURVE('',#7143,#7038,#7151,.T.);
#7151 = LINE('',#7152,#7153);
#7152 = CARTESIAN_POINT('',(93.527,146.2,2.1));
#7153 = VECTOR('',#7154,1.);
#7154 = DIRECTION('',(0.,1.,-0.));
#7155 = ORIENTED_EDGE('',*,*,#7054,.T.);
#7156 = PLANE('',#7157);
#7157 = AXIS2_PLACEMENT_3D('',#7158,#7159,#7160);
#7158 = CARTESIAN_POINT('',(93.527,146.98494503419,3.05981823678));
#7159 = DIRECTION('',(1.,0.,0.));
#7160 = DIRECTION('',(-0.,-0.,-1.));
#7161 = ADVANCED_FACE('',(#7162),#7188,.T.);
#7162 = FACE_BOUND('',#7163,.F.);
#7163 = EDGE_LOOP('',(#7164,#7165,#7173,#7181,#7187));
#7164 = ORIENTED_EDGE('',*,*,#3092,.F.);
#7165 = ORIENTED_EDGE('',*,*,#7166,.F.);
#7166 = EDGE_CURVE('',#7167,#3093,#7169,.T.);
#7167 = VERTEX_POINT('',#7168);
#7168 = CARTESIAN_POINT('',(97.027000000052,139.00001902427,1.8));
#7169 = LINE('',#7170,#7171);
#7170 = CARTESIAN_POINT('',(96.527000000059,139.00002174202,2.3));
#7171 = VECTOR('',#7172,1.);
#7172 = DIRECTION('',(-0.707106781176,3.84348328688E-06,0.707106781187)
  );
#7173 = ORIENTED_EDGE('',*,*,#7174,.T.);
#7174 = EDGE_CURVE('',#7167,#7175,#7177,.T.);
#7175 = VERTEX_POINT('',#7176);
#7176 = CARTESIAN_POINT('',(97.027000000059,148.,1.8));
#7177 = LINE('',#7178,#7179);
#7178 = CARTESIAN_POINT('',(97.027000000059,139.00002174202,1.8));
#7179 = VECTOR('',#7180,1.);
#7180 = DIRECTION('',(0.,1.,0.));
#7181 = ORIENTED_EDGE('',*,*,#7182,.T.);
#7182 = EDGE_CURVE('',#7175,#6729,#7183,.T.);
#7183 = LINE('',#7184,#7185);
#7184 = CARTESIAN_POINT('',(98.276996376388,146.75000362367,
    0.550003623671));
#7185 = VECTOR('',#7186,1.);
#7186 = DIRECTION('',(-0.57735026919,0.57735026919,0.57735026919));
#7187 = ORIENTED_EDGE('',*,*,#6745,.T.);
#7188 = PLANE('',#7189);
#7189 = AXIS2_PLACEMENT_3D('',#7190,#7191,#7192);
#7190 = CARTESIAN_POINT('',(96.777000000059,139.00002174202,2.05));
#7191 = DIRECTION('',(-0.707106781187,0.,-0.707106781187));
#7192 = DIRECTION('',(-0.,-1.,-0.));
#7193 = ADVANCED_FACE('',(#7194),#7205,.T.);
#7194 = FACE_BOUND('',#7195,.F.);
#7195 = EDGE_LOOP('',(#7196,#7202,#7203,#7204));
#7196 = ORIENTED_EDGE('',*,*,#7197,.F.);
#7197 = EDGE_CURVE('',#3165,#6046,#7198,.T.);
#7198 = LINE('',#7199,#7200);
#7199 = CARTESIAN_POINT('',(109.31033333333,13.416666666667,
    6.183333333333));
#7200 = VECTOR('',#7201,1.);
#7201 = DIRECTION('',(0.57735026919,-0.57735026919,0.57735026919));
#7202 = ORIENTED_EDGE('',*,*,#3172,.T.);
#7203 = ORIENTED_EDGE('',*,*,#3186,.T.);
#7204 = ORIENTED_EDGE('',*,*,#6045,.F.);
#7205 = PLANE('',#7206);
#7206 = AXIS2_PLACEMENT_3D('',#7207,#7208,#7209);
#7207 = CARTESIAN_POINT('',(109.827,13.,6.7));
#7208 = DIRECTION('',(-0.707106781187,0.,0.707106781187));
#7209 = DIRECTION('',(0.,-1.,0.));
#7210 = ADVANCED_FACE('',(#7211),#7223,.T.);
#7211 = FACE_BOUND('',#7212,.F.);
#7212 = EDGE_LOOP('',(#7213,#7214,#7221,#7222));
#7213 = ORIENTED_EDGE('',*,*,#3368,.F.);
#7214 = ORIENTED_EDGE('',*,*,#7215,.T.);
#7215 = EDGE_CURVE('',#3361,#7167,#7216,.T.);
#7216 = CIRCLE('',#7217,3.5);
#7217 = AXIS2_PLACEMENT_3D('',#7218,#7219,#7220);
#7218 = CARTESIAN_POINT('',(100.527,139.,1.8));
#7219 = DIRECTION('',(-0.,-0.,-1.));
#7220 = DIRECTION('',(0.,-1.,0.));
#7221 = ORIENTED_EDGE('',*,*,#7166,.T.);
#7222 = ORIENTED_EDGE('',*,*,#3218,.F.);
#7223 = CONICAL_SURFACE('',#7224,4.,0.785398163397);
#7224 = AXIS2_PLACEMENT_3D('',#7225,#7226,#7227);
#7225 = CARTESIAN_POINT('',(100.527,139.,2.3));
#7226 = DIRECTION('',(0.,0.,1.));
#7227 = DIRECTION('',(0.,-1.,0.));
#7228 = ADVANCED_FACE('',(#7229,#7250),#7261,.F.);
#7229 = FACE_BOUND('',#7230,.F.);
#7230 = EDGE_LOOP('',(#7231,#7232,#7233,#7242,#7248,#7249));
#7231 = ORIENTED_EDGE('',*,*,#3360,.F.);
#7232 = ORIENTED_EDGE('',*,*,#6651,.F.);
#7233 = ORIENTED_EDGE('',*,*,#7234,.F.);
#7234 = EDGE_CURVE('',#7235,#6644,#7237,.T.);
#7235 = VERTEX_POINT('',#7236);
#7236 = CARTESIAN_POINT('',(100.527,148.,1.8));
#7237 = CIRCLE('',#7238,9.);
#7238 = AXIS2_PLACEMENT_3D('',#7239,#7240,#7241);
#7239 = CARTESIAN_POINT('',(100.527,139.,1.8));
#7240 = DIRECTION('',(0.,0.,-1.));
#7241 = DIRECTION('',(0.,1.,0.));
#7242 = ORIENTED_EDGE('',*,*,#7243,.F.);
#7243 = EDGE_CURVE('',#7175,#7235,#7244,.T.);
#7244 = LINE('',#7245,#7246);
#7245 = CARTESIAN_POINT('',(96.527000000059,148.,1.8));
#7246 = VECTOR('',#7247,1.);
#7247 = DIRECTION('',(1.,0.,0.));
#7248 = ORIENTED_EDGE('',*,*,#7174,.F.);
#7249 = ORIENTED_EDGE('',*,*,#7215,.F.);
#7250 = FACE_BOUND('',#7251,.F.);
#7251 = EDGE_LOOP('',(#7252));
#7252 = ORIENTED_EDGE('',*,*,#7253,.T.);
#7253 = EDGE_CURVE('',#7254,#7254,#7256,.T.);
#7254 = VERTEX_POINT('',#7255);
#7255 = CARTESIAN_POINT('',(101.927,139.,1.8));
#7256 = CIRCLE('',#7257,1.4);
#7257 = AXIS2_PLACEMENT_3D('',#7258,#7259,#7260);
#7258 = CARTESIAN_POINT('',(100.527,139.,1.8));
#7259 = DIRECTION('',(0.,0.,-1.));
#7260 = DIRECTION('',(1.,0.,0.));
#7261 = PLANE('',#7262);
#7262 = AXIS2_PLACEMENT_3D('',#7263,#7264,#7265);
#7263 = CARTESIAN_POINT('',(55.905620266614,98.528687041931,1.8));
#7264 = DIRECTION('',(0.,0.,1.));
#7265 = DIRECTION('',(1.,0.,0.));
#7266 = ADVANCED_FACE('',(#7267),#7278,.F.);
#7267 = FACE_BOUND('',#7268,.F.);
#7268 = EDGE_LOOP('',(#7269,#7270,#7271,#7272));
#7269 = ORIENTED_EDGE('',*,*,#3566,.F.);
#7270 = ORIENTED_EDGE('',*,*,#3600,.T.);
#7271 = ORIENTED_EDGE('',*,*,#3479,.T.);
#7272 = ORIENTED_EDGE('',*,*,#7273,.F.);
#7273 = EDGE_CURVE('',#3567,#3480,#7274,.T.);
#7274 = LINE('',#7275,#7276);
#7275 = CARTESIAN_POINT('',(66.527,4.2,2.499999869282));
#7276 = VECTOR('',#7277,1.);
#7277 = DIRECTION('',(-1.,0.,0.));
#7278 = PLANE('',#7279);
#7279 = AXIS2_PLACEMENT_3D('',#7280,#7281,#7282);
#7280 = CARTESIAN_POINT('',(66.527,3.8,2.9));
#7281 = DIRECTION('',(-0.,-0.707106896726,-0.707106665647));
#7282 = DIRECTION('',(0.,0.707106665647,-0.707106896726));
#7283 = ADVANCED_FACE('',(#7284),#7295,.F.);
#7284 = FACE_BOUND('',#7285,.F.);
#7285 = EDGE_LOOP('',(#7286,#7287,#7288,#7289));
#7286 = ORIENTED_EDGE('',*,*,#3574,.F.);
#7287 = ORIENTED_EDGE('',*,*,#7273,.T.);
#7288 = ORIENTED_EDGE('',*,*,#3487,.T.);
#7289 = ORIENTED_EDGE('',*,*,#7290,.F.);
#7290 = EDGE_CURVE('',#3575,#3488,#7291,.T.);
#7291 = LINE('',#7292,#7293);
#7292 = CARTESIAN_POINT('',(66.527,3.8,2.1));
#7293 = VECTOR('',#7294,1.);
#7294 = DIRECTION('',(-1.,0.,0.));
#7295 = PLANE('',#7296);
#7296 = AXIS2_PLACEMENT_3D('',#7297,#7298,#7299);
#7297 = CARTESIAN_POINT('',(66.527,4.2,2.499999869282));
#7298 = DIRECTION('',(0.,-0.707106665647,0.707106896726));
#7299 = DIRECTION('',(0.,-0.707106896726,-0.707106665647));
#7300 = ADVANCED_FACE('',(#7301),#7307,.F.);
#7301 = FACE_BOUND('',#7302,.F.);
#7302 = EDGE_LOOP('',(#7303,#7304,#7305,#7306));
#7303 = ORIENTED_EDGE('',*,*,#3582,.F.);
#7304 = ORIENTED_EDGE('',*,*,#7290,.T.);
#7305 = ORIENTED_EDGE('',*,*,#3495,.T.);
#7306 = ORIENTED_EDGE('',*,*,#3541,.F.);
#7307 = PLANE('',#7308);
#7308 = AXIS2_PLACEMENT_3D('',#7309,#7310,#7311);
#7309 = CARTESIAN_POINT('',(66.527,3.8,2.1));
#7310 = DIRECTION('',(0.,0.,1.));
#7311 = DIRECTION('',(0.,-1.,0.));
#7312 = ADVANCED_FACE('',(#7313),#7324,.T.);
#7313 = FACE_BOUND('',#7314,.T.);
#7314 = EDGE_LOOP('',(#7315,#7321,#7322,#7323));
#7315 = ORIENTED_EDGE('',*,*,#7316,.T.);
#7316 = EDGE_CURVE('',#3736,#3656,#7317,.T.);
#7317 = LINE('',#7318,#7319);
#7318 = CARTESIAN_POINT('',(41.927,3.8,2.1));
#7319 = VECTOR('',#7320,1.);
#7320 = DIRECTION('',(1.,0.,0.));
#7321 = ORIENTED_EDGE('',*,*,#3655,.T.);
#7322 = ORIENTED_EDGE('',*,*,#3765,.F.);
#7323 = ORIENTED_EDGE('',*,*,#3743,.F.);
#7324 = PLANE('',#7325);
#7325 = AXIS2_PLACEMENT_3D('',#7326,#7327,#7328);
#7326 = CARTESIAN_POINT('',(41.927,3.8,2.1));
#7327 = DIRECTION('',(-0.,-0.,-1.));
#7328 = DIRECTION('',(0.,-1.,0.));
#7329 = ADVANCED_FACE('',(#7330),#7341,.T.);
#7330 = FACE_BOUND('',#7331,.T.);
#7331 = EDGE_LOOP('',(#7332,#7338,#7339,#7340));
#7332 = ORIENTED_EDGE('',*,*,#7333,.T.);
#7333 = EDGE_CURVE('',#3728,#3664,#7334,.T.);
#7334 = LINE('',#7335,#7336);
#7335 = CARTESIAN_POINT('',(41.927,4.2,2.499999869282));
#7336 = VECTOR('',#7337,1.);
#7337 = DIRECTION('',(1.,0.,0.));
#7338 = ORIENTED_EDGE('',*,*,#3663,.T.);
#7339 = ORIENTED_EDGE('',*,*,#7316,.F.);
#7340 = ORIENTED_EDGE('',*,*,#3735,.F.);
#7341 = PLANE('',#7342);
#7342 = AXIS2_PLACEMENT_3D('',#7343,#7344,#7345);
#7343 = CARTESIAN_POINT('',(41.927,4.2,2.499999869282));
#7344 = DIRECTION('',(0.,0.707106665647,-0.707106896726));
#7345 = DIRECTION('',(0.,-0.707106896726,-0.707106665647));
#7346 = ADVANCED_FACE('',(#7347),#7353,.T.);
#7347 = FACE_BOUND('',#7348,.T.);
#7348 = EDGE_LOOP('',(#7349,#7350,#7351,#7352));
#7349 = ORIENTED_EDGE('',*,*,#3703,.T.);
#7350 = ORIENTED_EDGE('',*,*,#3671,.T.);
#7351 = ORIENTED_EDGE('',*,*,#7333,.F.);
#7352 = ORIENTED_EDGE('',*,*,#3727,.F.);
#7353 = PLANE('',#7354);
#7354 = AXIS2_PLACEMENT_3D('',#7355,#7356,#7357);
#7355 = CARTESIAN_POINT('',(41.927,3.8,2.9));
#7356 = DIRECTION('',(0.,0.707106896726,0.707106665647));
#7357 = DIRECTION('',(0.,0.707106665647,-0.707106896726));
#7358 = ADVANCED_FACE('',(#7359),#7370,.T.);
#7359 = FACE_BOUND('',#7360,.T.);
#7360 = EDGE_LOOP('',(#7361,#7362,#7368,#7369));
#7361 = ORIENTED_EDGE('',*,*,#3968,.T.);
#7362 = ORIENTED_EDGE('',*,*,#7363,.T.);
#7363 = EDGE_CURVE('',#3961,#3905,#7364,.T.);
#7364 = LINE('',#7365,#7366);
#7365 = CARTESIAN_POINT('',(34.9226,12.0977,5.9));
#7366 = VECTOR('',#7367,1.);
#7367 = DIRECTION('',(1.,0.,0.));
#7368 = ORIENTED_EDGE('',*,*,#3904,.F.);
#7369 = ORIENTED_EDGE('',*,*,#5513,.F.);
#7370 = PLANE('',#7371);
#7371 = AXIS2_PLACEMENT_3D('',#7372,#7373,#7374);
#7372 = CARTESIAN_POINT('',(34.9226,12.0977,4.9));
#7373 = DIRECTION('',(0.,1.,0.));
#7374 = DIRECTION('',(1.,0.,0.));
#7375 = ADVANCED_FACE('',(#7376),#7382,.F.);
#7376 = FACE_BOUND('',#7377,.F.);
#7377 = EDGE_LOOP('',(#7378,#7379,#7380,#7381));
#7378 = ORIENTED_EDGE('',*,*,#3960,.F.);
#7379 = ORIENTED_EDGE('',*,*,#7363,.T.);
#7380 = ORIENTED_EDGE('',*,*,#3912,.T.);
#7381 = ORIENTED_EDGE('',*,*,#3936,.F.);
#7382 = PLANE('',#7383);
#7383 = AXIS2_PLACEMENT_3D('',#7384,#7385,#7386);
#7384 = CARTESIAN_POINT('',(38.9226,13.8977,5.9));
#7385 = DIRECTION('',(0.,0.,1.));
#7386 = DIRECTION('',(1.,0.,0.));
#7387 = ADVANCED_FACE('',(#7388),#7399,.T.);
#7388 = FACE_BOUND('',#7389,.T.);
#7389 = EDGE_LOOP('',(#7390,#7391,#7392,#7393));
#7390 = ORIENTED_EDGE('',*,*,#4102,.F.);
#7391 = ORIENTED_EDGE('',*,*,#4079,.T.);
#7392 = ORIENTED_EDGE('',*,*,#4189,.T.);
#7393 = ORIENTED_EDGE('',*,*,#7394,.T.);
#7394 = EDGE_CURVE('',#4182,#4103,#7395,.T.);
#7395 = LINE('',#7396,#7397);
#7396 = CARTESIAN_POINT('',(35.927,1.7,3.8));
#7397 = VECTOR('',#7398,1.);
#7398 = DIRECTION('',(0.,1.,0.));
#7399 = PLANE('',#7400);
#7400 = AXIS2_PLACEMENT_3D('',#7401,#7402,#7403);
#7401 = CARTESIAN_POINT('',(38.9226,9.07954487016,3.8));
#7402 = DIRECTION('',(0.,0.,1.));
#7403 = DIRECTION('',(1.,0.,0.));
#7404 = ADVANCED_FACE('',(#7405),#7423,.T.);
#7405 = FACE_BOUND('',#7406,.T.);
#7406 = EDGE_LOOP('',(#7407,#7408,#7409,#7417));
#7407 = ORIENTED_EDGE('',*,*,#4134,.F.);
#7408 = ORIENTED_EDGE('',*,*,#4118,.T.);
#7409 = ORIENTED_EDGE('',*,*,#7410,.T.);
#7410 = EDGE_CURVE('',#4111,#7411,#7413,.T.);
#7411 = VERTEX_POINT('',#7412);
#7412 = CARTESIAN_POINT('',(35.927,4.2,2.499999869282));
#7413 = LINE('',#7414,#7415);
#7414 = CARTESIAN_POINT('',(35.927,3.8,2.9));
#7415 = VECTOR('',#7416,1.);
#7416 = DIRECTION('',(-0.,0.707106665647,-0.707106896726));
#7417 = ORIENTED_EDGE('',*,*,#7418,.F.);
#7418 = EDGE_CURVE('',#4135,#7411,#7419,.T.);
#7419 = LINE('',#7420,#7421);
#7420 = CARTESIAN_POINT('',(24.527,4.2,2.499999869282));
#7421 = VECTOR('',#7422,1.);
#7422 = DIRECTION('',(1.,0.,0.));
#7423 = PLANE('',#7424);
#7424 = AXIS2_PLACEMENT_3D('',#7425,#7426,#7427);
#7425 = CARTESIAN_POINT('',(24.527,3.8,2.9));
#7426 = DIRECTION('',(0.,0.707106896726,0.707106665647));
#7427 = DIRECTION('',(0.,0.707106665647,-0.707106896726));
#7428 = ADVANCED_FACE('',(#7429),#7449,.T.);
#7429 = FACE_BOUND('',#7430,.F.);
#7430 = EDGE_LOOP('',(#7431,#7432,#7433,#7434,#7442,#7448));
#7431 = ORIENTED_EDGE('',*,*,#7394,.T.);
#7432 = ORIENTED_EDGE('',*,*,#4110,.T.);
#7433 = ORIENTED_EDGE('',*,*,#7410,.T.);
#7434 = ORIENTED_EDGE('',*,*,#7435,.T.);
#7435 = EDGE_CURVE('',#7411,#7436,#7438,.T.);
#7436 = VERTEX_POINT('',#7437);
#7437 = CARTESIAN_POINT('',(35.927,3.8,2.1));
#7438 = LINE('',#7439,#7440);
#7439 = CARTESIAN_POINT('',(35.927,4.2,2.499999869282));
#7440 = VECTOR('',#7441,1.);
#7441 = DIRECTION('',(0.,-0.707106896726,-0.707106665647));
#7442 = ORIENTED_EDGE('',*,*,#7443,.T.);
#7443 = EDGE_CURVE('',#7436,#4174,#7444,.T.);
#7444 = LINE('',#7445,#7446);
#7445 = CARTESIAN_POINT('',(35.927,3.8,2.1));
#7446 = VECTOR('',#7447,1.);
#7447 = DIRECTION('',(0.,-1.,0.));
#7448 = ORIENTED_EDGE('',*,*,#4181,.T.);
#7449 = PLANE('',#7450);
#7450 = AXIS2_PLACEMENT_3D('',#7451,#7452,#7453);
#7451 = CARTESIAN_POINT('',(35.927,3.015054965805,3.05981823678));
#7452 = DIRECTION('',(1.,0.,0.));
#7453 = DIRECTION('',(0.,0.,1.));
#7454 = ADVANCED_FACE('',(#7455),#7466,.T.);
#7455 = FACE_BOUND('',#7456,.T.);
#7456 = EDGE_LOOP('',(#7457,#7458,#7459,#7460));
#7457 = ORIENTED_EDGE('',*,*,#4142,.F.);
#7458 = ORIENTED_EDGE('',*,*,#7418,.T.);
#7459 = ORIENTED_EDGE('',*,*,#7435,.T.);
#7460 = ORIENTED_EDGE('',*,*,#7461,.F.);
#7461 = EDGE_CURVE('',#4143,#7436,#7462,.T.);
#7462 = LINE('',#7463,#7464);
#7463 = CARTESIAN_POINT('',(24.527,3.8,2.1));
#7464 = VECTOR('',#7465,1.);
#7465 = DIRECTION('',(1.,0.,0.));
#7466 = PLANE('',#7467);
#7467 = AXIS2_PLACEMENT_3D('',#7468,#7469,#7470);
#7468 = CARTESIAN_POINT('',(24.527,4.2,2.499999869282));
#7469 = DIRECTION('',(0.,0.707106665647,-0.707106896726));
#7470 = DIRECTION('',(0.,-0.707106896726,-0.707106665647));
#7471 = ADVANCED_FACE('',(#7472),#7478,.T.);
#7472 = FACE_BOUND('',#7473,.T.);
#7473 = EDGE_LOOP('',(#7474,#7475,#7476,#7477));
#7474 = ORIENTED_EDGE('',*,*,#4150,.F.);
#7475 = ORIENTED_EDGE('',*,*,#7461,.T.);
#7476 = ORIENTED_EDGE('',*,*,#7443,.T.);
#7477 = ORIENTED_EDGE('',*,*,#4173,.F.);
#7478 = PLANE('',#7479);
#7479 = AXIS2_PLACEMENT_3D('',#7480,#7481,#7482);
#7480 = CARTESIAN_POINT('',(24.527,3.8,2.1));
#7481 = DIRECTION('',(-0.,-0.,-1.));
#7482 = DIRECTION('',(0.,-1.,0.));
#7483 = ADVANCED_FACE('',(#7484),#7503,.T.);
#7484 = FACE_BOUND('',#7485,.T.);
#7485 = EDGE_LOOP('',(#7486,#7494,#7495,#7496));
#7486 = ORIENTED_EDGE('',*,*,#7487,.F.);
#7487 = EDGE_CURVE('',#4247,#7488,#7490,.T.);
#7488 = VERTEX_POINT('',#7489);
#7489 = CARTESIAN_POINT('',(16.727,11.,1.8));
#7490 = LINE('',#7491,#7492);
#7491 = CARTESIAN_POINT('',(17.227,11.,2.3));
#7492 = VECTOR('',#7493,1.);
#7493 = DIRECTION('',(-0.707106781187,0.,-0.707106781187));
#7494 = ORIENTED_EDGE('',*,*,#4254,.T.);
#7495 = ORIENTED_EDGE('',*,*,#7487,.T.);
#7496 = ORIENTED_EDGE('',*,*,#7497,.F.);
#7497 = EDGE_CURVE('',#7488,#7488,#7498,.T.);
#7498 = CIRCLE('',#7499,3.5);
#7499 = AXIS2_PLACEMENT_3D('',#7500,#7501,#7502);
#7500 = CARTESIAN_POINT('',(13.227,11.,1.8));
#7501 = DIRECTION('',(0.,0.,-1.));
#7502 = DIRECTION('',(1.,0.,0.));
#7503 = CONICAL_SURFACE('',#7504,4.,0.785398163397);
#7504 = AXIS2_PLACEMENT_3D('',#7505,#7506,#7507);
#7505 = CARTESIAN_POINT('',(13.227,11.,2.3));
#7506 = DIRECTION('',(0.,0.,1.));
#7507 = DIRECTION('',(1.,0.,0.));
#7508 = ADVANCED_FACE('',(#7509,#7579),#7589,.T.);
#7509 = FACE_BOUND('',#7510,.T.);
#7510 = EDGE_LOOP('',(#7511,#7521,#7530,#7538,#7547,#7555,#7564,#7572));
#7511 = ORIENTED_EDGE('',*,*,#7512,.T.);
#7512 = EDGE_CURVE('',#7513,#7515,#7517,.T.);
#7513 = VERTEX_POINT('',#7514);
#7514 = CARTESIAN_POINT('',(69.427,7.8,6.6));
#7515 = VERTEX_POINT('',#7516);
#7516 = CARTESIAN_POINT('',(69.427,9.8,6.6));
#7517 = LINE('',#7518,#7519);
#7518 = CARTESIAN_POINT('',(69.427,7.8,6.6));
#7519 = VECTOR('',#7520,1.);
#7520 = DIRECTION('',(0.,1.,0.));
#7521 = ORIENTED_EDGE('',*,*,#7522,.T.);
#7522 = EDGE_CURVE('',#7515,#7523,#7525,.T.);
#7523 = VERTEX_POINT('',#7524);
#7524 = CARTESIAN_POINT('',(68.427,10.8,6.6));
#7525 = CIRCLE('',#7526,1.);
#7526 = AXIS2_PLACEMENT_3D('',#7527,#7528,#7529);
#7527 = CARTESIAN_POINT('',(68.427,9.8,6.6));
#7528 = DIRECTION('',(0.,0.,1.));
#7529 = DIRECTION('',(1.,0.,0.));
#7530 = ORIENTED_EDGE('',*,*,#7531,.T.);
#7531 = EDGE_CURVE('',#7523,#7532,#7534,.T.);
#7532 = VERTEX_POINT('',#7533);
#7533 = CARTESIAN_POINT('',(67.427,10.8,6.6));
#7534 = LINE('',#7535,#7536);
#7535 = CARTESIAN_POINT('',(68.427,10.8,6.6));
#7536 = VECTOR('',#7537,1.);
#7537 = DIRECTION('',(-1.,0.,0.));
#7538 = ORIENTED_EDGE('',*,*,#7539,.T.);
#7539 = EDGE_CURVE('',#7532,#7540,#7542,.T.);
#7540 = VERTEX_POINT('',#7541);
#7541 = CARTESIAN_POINT('',(66.427,9.8,6.6));
#7542 = CIRCLE('',#7543,1.);
#7543 = AXIS2_PLACEMENT_3D('',#7544,#7545,#7546);
#7544 = CARTESIAN_POINT('',(67.427,9.8,6.6));
#7545 = DIRECTION('',(0.,0.,1.));
#7546 = DIRECTION('',(1.,0.,0.));
#7547 = ORIENTED_EDGE('',*,*,#7548,.T.);
#7548 = EDGE_CURVE('',#7540,#7549,#7551,.T.);
#7549 = VERTEX_POINT('',#7550);
#7550 = CARTESIAN_POINT('',(66.427,7.8,6.6));
#7551 = LINE('',#7552,#7553);
#7552 = CARTESIAN_POINT('',(66.427,9.8,6.6));
#7553 = VECTOR('',#7554,1.);
#7554 = DIRECTION('',(0.,-1.,0.));
#7555 = ORIENTED_EDGE('',*,*,#7556,.T.);
#7556 = EDGE_CURVE('',#7549,#7557,#7559,.T.);
#7557 = VERTEX_POINT('',#7558);
#7558 = CARTESIAN_POINT('',(67.427,6.8,6.6));
#7559 = CIRCLE('',#7560,1.);
#7560 = AXIS2_PLACEMENT_3D('',#7561,#7562,#7563);
#7561 = CARTESIAN_POINT('',(67.427,7.8,6.6));
#7562 = DIRECTION('',(0.,0.,1.));
#7563 = DIRECTION('',(1.,0.,0.));
#7564 = ORIENTED_EDGE('',*,*,#7565,.T.);
#7565 = EDGE_CURVE('',#7557,#7566,#7568,.T.);
#7566 = VERTEX_POINT('',#7567);
#7567 = CARTESIAN_POINT('',(68.427,6.8,6.6));
#7568 = LINE('',#7569,#7570);
#7569 = CARTESIAN_POINT('',(67.427,6.8,6.6));
#7570 = VECTOR('',#7571,1.);
#7571 = DIRECTION('',(1.,0.,0.));
#7572 = ORIENTED_EDGE('',*,*,#7573,.T.);
#7573 = EDGE_CURVE('',#7566,#7513,#7574,.T.);
#7574 = CIRCLE('',#7575,1.);
#7575 = AXIS2_PLACEMENT_3D('',#7576,#7577,#7578);
#7576 = CARTESIAN_POINT('',(68.427,7.8,6.6));
#7577 = DIRECTION('',(0.,0.,1.));
#7578 = DIRECTION('',(1.,0.,0.));
#7579 = FACE_BOUND('',#7580,.F.);
#7580 = EDGE_LOOP('',(#7581,#7582,#7583,#7584,#7585,#7586,#7587,#7588));
#7581 = ORIENTED_EDGE('',*,*,#4280,.T.);
#7582 = ORIENTED_EDGE('',*,*,#4337,.T.);
#7583 = ORIENTED_EDGE('',*,*,#4378,.T.);
#7584 = ORIENTED_EDGE('',*,*,#4435,.T.);
#7585 = ORIENTED_EDGE('',*,*,#4452,.T.);
#7586 = ORIENTED_EDGE('',*,*,#4410,.T.);
#7587 = ORIENTED_EDGE('',*,*,#4361,.T.);
#7588 = ORIENTED_EDGE('',*,*,#4312,.T.);
#7589 = PLANE('',#7590);
#7590 = AXIS2_PLACEMENT_3D('',#7591,#7592,#7593);
#7591 = CARTESIAN_POINT('',(71.627,8.8,6.6));
#7592 = DIRECTION('',(0.,0.,1.));
#7593 = DIRECTION('',(1.,0.,0.));
#7594 = ADVANCED_FACE('',(#7595,#7665),#7675,.T.);
#7595 = FACE_BOUND('',#7596,.T.);
#7596 = EDGE_LOOP('',(#7597,#7607,#7616,#7624,#7633,#7641,#7650,#7658));
#7597 = ORIENTED_EDGE('',*,*,#7598,.T.);
#7598 = EDGE_CURVE('',#7599,#7601,#7603,.T.);
#7599 = VERTEX_POINT('',#7600);
#7600 = CARTESIAN_POINT('',(73.127,7.8,6.6));
#7601 = VERTEX_POINT('',#7602);
#7602 = CARTESIAN_POINT('',(73.127,9.8,6.6));
#7603 = LINE('',#7604,#7605);
#7604 = CARTESIAN_POINT('',(73.127,7.8,6.6));
#7605 = VECTOR('',#7606,1.);
#7606 = DIRECTION('',(0.,1.,0.));
#7607 = ORIENTED_EDGE('',*,*,#7608,.T.);
#7608 = EDGE_CURVE('',#7601,#7609,#7611,.T.);
#7609 = VERTEX_POINT('',#7610);
#7610 = CARTESIAN_POINT('',(72.127,10.8,6.6));
#7611 = CIRCLE('',#7612,1.);
#7612 = AXIS2_PLACEMENT_3D('',#7613,#7614,#7615);
#7613 = CARTESIAN_POINT('',(72.127,9.8,6.6));
#7614 = DIRECTION('',(0.,0.,1.));
#7615 = DIRECTION('',(1.,0.,0.));
#7616 = ORIENTED_EDGE('',*,*,#7617,.T.);
#7617 = EDGE_CURVE('',#7609,#7618,#7620,.T.);
#7618 = VERTEX_POINT('',#7619);
#7619 = CARTESIAN_POINT('',(71.127,10.8,6.6));
#7620 = LINE('',#7621,#7622);
#7621 = CARTESIAN_POINT('',(72.127,10.8,6.6));
#7622 = VECTOR('',#7623,1.);
#7623 = DIRECTION('',(-1.,0.,0.));
#7624 = ORIENTED_EDGE('',*,*,#7625,.T.);
#7625 = EDGE_CURVE('',#7618,#7626,#7628,.T.);
#7626 = VERTEX_POINT('',#7627);
#7627 = CARTESIAN_POINT('',(70.127,9.8,6.6));
#7628 = CIRCLE('',#7629,1.);
#7629 = AXIS2_PLACEMENT_3D('',#7630,#7631,#7632);
#7630 = CARTESIAN_POINT('',(71.127,9.8,6.6));
#7631 = DIRECTION('',(0.,0.,1.));
#7632 = DIRECTION('',(1.,0.,0.));
#7633 = ORIENTED_EDGE('',*,*,#7634,.T.);
#7634 = EDGE_CURVE('',#7626,#7635,#7637,.T.);
#7635 = VERTEX_POINT('',#7636);
#7636 = CARTESIAN_POINT('',(70.127,7.8,6.6));
#7637 = LINE('',#7638,#7639);
#7638 = CARTESIAN_POINT('',(70.127,9.8,6.6));
#7639 = VECTOR('',#7640,1.);
#7640 = DIRECTION('',(0.,-1.,0.));
#7641 = ORIENTED_EDGE('',*,*,#7642,.T.);
#7642 = EDGE_CURVE('',#7635,#7643,#7645,.T.);
#7643 = VERTEX_POINT('',#7644);
#7644 = CARTESIAN_POINT('',(71.127,6.8,6.6));
#7645 = CIRCLE('',#7646,1.);
#7646 = AXIS2_PLACEMENT_3D('',#7647,#7648,#7649);
#7647 = CARTESIAN_POINT('',(71.127,7.8,6.6));
#7648 = DIRECTION('',(0.,0.,1.));
#7649 = DIRECTION('',(1.,0.,0.));
#7650 = ORIENTED_EDGE('',*,*,#7651,.T.);
#7651 = EDGE_CURVE('',#7643,#7652,#7654,.T.);
#7652 = VERTEX_POINT('',#7653);
#7653 = CARTESIAN_POINT('',(72.127,6.8,6.6));
#7654 = LINE('',#7655,#7656);
#7655 = CARTESIAN_POINT('',(71.127,6.8,6.6));
#7656 = VECTOR('',#7657,1.);
#7657 = DIRECTION('',(1.,0.,0.));
#7658 = ORIENTED_EDGE('',*,*,#7659,.T.);
#7659 = EDGE_CURVE('',#7652,#7599,#7660,.T.);
#7660 = CIRCLE('',#7661,1.);
#7661 = AXIS2_PLACEMENT_3D('',#7662,#7663,#7664);
#7662 = CARTESIAN_POINT('',(72.127,7.8,6.6));
#7663 = DIRECTION('',(0.,0.,1.));
#7664 = DIRECTION('',(1.,0.,0.));
#7665 = FACE_BOUND('',#7666,.F.);
#7666 = EDGE_LOOP('',(#7667,#7668,#7669,#7670,#7671,#7672,#7673,#7674));
#7667 = ORIENTED_EDGE('',*,*,#4476,.T.);
#7668 = ORIENTED_EDGE('',*,*,#4533,.T.);
#7669 = ORIENTED_EDGE('',*,*,#4574,.T.);
#7670 = ORIENTED_EDGE('',*,*,#4631,.T.);
#7671 = ORIENTED_EDGE('',*,*,#4648,.T.);
#7672 = ORIENTED_EDGE('',*,*,#4606,.T.);
#7673 = ORIENTED_EDGE('',*,*,#4557,.T.);
#7674 = ORIENTED_EDGE('',*,*,#4508,.T.);
#7675 = PLANE('',#7676);
#7676 = AXIS2_PLACEMENT_3D('',#7677,#7678,#7679);
#7677 = CARTESIAN_POINT('',(71.627,8.8,6.6));
#7678 = DIRECTION('',(0.,0.,1.));
#7679 = DIRECTION('',(1.,0.,0.));
#7680 = ADVANCED_FACE('',(#7681,#7751),#7761,.T.);
#7681 = FACE_BOUND('',#7682,.T.);
#7682 = EDGE_LOOP('',(#7683,#7693,#7702,#7710,#7719,#7727,#7736,#7744));
#7683 = ORIENTED_EDGE('',*,*,#7684,.T.);
#7684 = EDGE_CURVE('',#7685,#7687,#7689,.T.);
#7685 = VERTEX_POINT('',#7686);
#7686 = CARTESIAN_POINT('',(76.827,7.8,6.6));
#7687 = VERTEX_POINT('',#7688);
#7688 = CARTESIAN_POINT('',(76.827,9.8,6.6));
#7689 = LINE('',#7690,#7691);
#7690 = CARTESIAN_POINT('',(76.827,7.8,6.6));
#7691 = VECTOR('',#7692,1.);
#7692 = DIRECTION('',(0.,1.,0.));
#7693 = ORIENTED_EDGE('',*,*,#7694,.T.);
#7694 = EDGE_CURVE('',#7687,#7695,#7697,.T.);
#7695 = VERTEX_POINT('',#7696);
#7696 = CARTESIAN_POINT('',(75.827,10.8,6.6));
#7697 = CIRCLE('',#7698,1.);
#7698 = AXIS2_PLACEMENT_3D('',#7699,#7700,#7701);
#7699 = CARTESIAN_POINT('',(75.827,9.8,6.6));
#7700 = DIRECTION('',(0.,0.,1.));
#7701 = DIRECTION('',(1.,0.,0.));
#7702 = ORIENTED_EDGE('',*,*,#7703,.T.);
#7703 = EDGE_CURVE('',#7695,#7704,#7706,.T.);
#7704 = VERTEX_POINT('',#7705);
#7705 = CARTESIAN_POINT('',(74.827,10.8,6.6));
#7706 = LINE('',#7707,#7708);
#7707 = CARTESIAN_POINT('',(75.827,10.8,6.6));
#7708 = VECTOR('',#7709,1.);
#7709 = DIRECTION('',(-1.,0.,0.));
#7710 = ORIENTED_EDGE('',*,*,#7711,.T.);
#7711 = EDGE_CURVE('',#7704,#7712,#7714,.T.);
#7712 = VERTEX_POINT('',#7713);
#7713 = CARTESIAN_POINT('',(73.827,9.8,6.6));
#7714 = CIRCLE('',#7715,1.);
#7715 = AXIS2_PLACEMENT_3D('',#7716,#7717,#7718);
#7716 = CARTESIAN_POINT('',(74.827,9.8,6.6));
#7717 = DIRECTION('',(0.,0.,1.));
#7718 = DIRECTION('',(1.,0.,0.));
#7719 = ORIENTED_EDGE('',*,*,#7720,.T.);
#7720 = EDGE_CURVE('',#7712,#7721,#7723,.T.);
#7721 = VERTEX_POINT('',#7722);
#7722 = CARTESIAN_POINT('',(73.827,7.8,6.6));
#7723 = LINE('',#7724,#7725);
#7724 = CARTESIAN_POINT('',(73.827,9.8,6.6));
#7725 = VECTOR('',#7726,1.);
#7726 = DIRECTION('',(0.,-1.,0.));
#7727 = ORIENTED_EDGE('',*,*,#7728,.T.);
#7728 = EDGE_CURVE('',#7721,#7729,#7731,.T.);
#7729 = VERTEX_POINT('',#7730);
#7730 = CARTESIAN_POINT('',(74.827,6.8,6.6));
#7731 = CIRCLE('',#7732,1.);
#7732 = AXIS2_PLACEMENT_3D('',#7733,#7734,#7735);
#7733 = CARTESIAN_POINT('',(74.827,7.8,6.6));
#7734 = DIRECTION('',(0.,0.,1.));
#7735 = DIRECTION('',(1.,0.,0.));
#7736 = ORIENTED_EDGE('',*,*,#7737,.T.);
#7737 = EDGE_CURVE('',#7729,#7738,#7740,.T.);
#7738 = VERTEX_POINT('',#7739);
#7739 = CARTESIAN_POINT('',(75.827,6.8,6.6));
#7740 = LINE('',#7741,#7742);
#7741 = CARTESIAN_POINT('',(74.827,6.8,6.6));
#7742 = VECTOR('',#7743,1.);
#7743 = DIRECTION('',(1.,0.,0.));
#7744 = ORIENTED_EDGE('',*,*,#7745,.T.);
#7745 = EDGE_CURVE('',#7738,#7685,#7746,.T.);
#7746 = CIRCLE('',#7747,1.);
#7747 = AXIS2_PLACEMENT_3D('',#7748,#7749,#7750);
#7748 = CARTESIAN_POINT('',(75.827,7.8,6.6));
#7749 = DIRECTION('',(0.,0.,1.));
#7750 = DIRECTION('',(1.,0.,0.));
#7751 = FACE_BOUND('',#7752,.F.);
#7752 = EDGE_LOOP('',(#7753,#7754,#7755,#7756,#7757,#7758,#7759,#7760));
#7753 = ORIENTED_EDGE('',*,*,#4672,.T.);
#7754 = ORIENTED_EDGE('',*,*,#4729,.T.);
#7755 = ORIENTED_EDGE('',*,*,#4770,.T.);
#7756 = ORIENTED_EDGE('',*,*,#4827,.T.);
#7757 = ORIENTED_EDGE('',*,*,#4844,.T.);
#7758 = ORIENTED_EDGE('',*,*,#4802,.T.);
#7759 = ORIENTED_EDGE('',*,*,#4753,.T.);
#7760 = ORIENTED_EDGE('',*,*,#4704,.T.);
#7761 = PLANE('',#7762);
#7762 = AXIS2_PLACEMENT_3D('',#7763,#7764,#7765);
#7763 = CARTESIAN_POINT('',(71.627,8.8,6.6));
#7764 = DIRECTION('',(0.,0.,1.));
#7765 = DIRECTION('',(1.,0.,0.));
#7766 = ADVANCED_FACE('',(#7767),#7778,.F.);
#7767 = FACE_BOUND('',#7768,.F.);
#7768 = EDGE_LOOP('',(#7769,#7770,#7771,#7777));
#7769 = ORIENTED_EDGE('',*,*,#4939,.T.);
#7770 = ORIENTED_EDGE('',*,*,#4956,.T.);
#7771 = ORIENTED_EDGE('',*,*,#7772,.F.);
#7772 = EDGE_CURVE('',#4869,#4957,#7773,.T.);
#7773 = LINE('',#7774,#7775);
#7774 = CARTESIAN_POINT('',(93.527,4.2,2.499999869282));
#7775 = VECTOR('',#7776,1.);
#7776 = DIRECTION('',(-1.,-0.,-0.));
#7777 = ORIENTED_EDGE('',*,*,#4868,.F.);
#7778 = PLANE('',#7779);
#7779 = AXIS2_PLACEMENT_3D('',#7780,#7781,#7782);
#7780 = CARTESIAN_POINT('',(93.527,3.8,2.9));
#7781 = DIRECTION('',(0.,-0.707106896726,-0.707106665647));
#7782 = DIRECTION('',(0.,0.707106665647,-0.707106896726));
#7783 = ADVANCED_FACE('',(#7784),#7795,.F.);
#7784 = FACE_BOUND('',#7785,.F.);
#7785 = EDGE_LOOP('',(#7786,#7787,#7788,#7794));
#7786 = ORIENTED_EDGE('',*,*,#7772,.T.);
#7787 = ORIENTED_EDGE('',*,*,#4964,.T.);
#7788 = ORIENTED_EDGE('',*,*,#7789,.F.);
#7789 = EDGE_CURVE('',#4877,#4965,#7790,.T.);
#7790 = LINE('',#7791,#7792);
#7791 = CARTESIAN_POINT('',(93.527,3.8,2.1));
#7792 = VECTOR('',#7793,1.);
#7793 = DIRECTION('',(-1.,-0.,-0.));
#7794 = ORIENTED_EDGE('',*,*,#4876,.F.);
#7795 = PLANE('',#7796);
#7796 = AXIS2_PLACEMENT_3D('',#7797,#7798,#7799);
#7797 = CARTESIAN_POINT('',(93.527,4.2,2.499999869282));
#7798 = DIRECTION('',(0.,-0.707106665647,0.707106896726));
#7799 = DIRECTION('',(0.,-0.707106896726,-0.707106665647));
#7800 = ADVANCED_FACE('',(#7801),#7807,.F.);
#7801 = FACE_BOUND('',#7802,.F.);
#7802 = EDGE_LOOP('',(#7803,#7804,#7805,#7806));
#7803 = ORIENTED_EDGE('',*,*,#7789,.T.);
#7804 = ORIENTED_EDGE('',*,*,#4972,.T.);
#7805 = ORIENTED_EDGE('',*,*,#4906,.F.);
#7806 = ORIENTED_EDGE('',*,*,#4884,.F.);
#7807 = PLANE('',#7808);
#7808 = AXIS2_PLACEMENT_3D('',#7809,#7810,#7811);
#7809 = CARTESIAN_POINT('',(93.527,3.8,2.1));
#7810 = DIRECTION('',(0.,0.,1.));
#7811 = DIRECTION('',(0.,-1.,0.));
#7812 = ADVANCED_FACE('',(#7813),#7832,.T.);
#7813 = FACE_BOUND('',#7814,.T.);
#7814 = EDGE_LOOP('',(#7815,#7823,#7824,#7825));
#7815 = ORIENTED_EDGE('',*,*,#7816,.F.);
#7816 = EDGE_CURVE('',#4988,#7817,#7819,.T.);
#7817 = VERTEX_POINT('',#7818);
#7818 = CARTESIAN_POINT('',(104.027,11.,1.8));
#7819 = LINE('',#7820,#7821);
#7820 = CARTESIAN_POINT('',(104.527,11.,2.3));
#7821 = VECTOR('',#7822,1.);
#7822 = DIRECTION('',(-0.707106781187,0.,-0.707106781187));
#7823 = ORIENTED_EDGE('',*,*,#4995,.T.);
#7824 = ORIENTED_EDGE('',*,*,#7816,.T.);
#7825 = ORIENTED_EDGE('',*,*,#7826,.F.);
#7826 = EDGE_CURVE('',#7817,#7817,#7827,.T.);
#7827 = CIRCLE('',#7828,3.5);
#7828 = AXIS2_PLACEMENT_3D('',#7829,#7830,#7831);
#7829 = CARTESIAN_POINT('',(100.527,11.,1.8));
#7830 = DIRECTION('',(0.,0.,-1.));
#7831 = DIRECTION('',(1.,0.,0.));
#7832 = CONICAL_SURFACE('',#7833,4.,0.785398163397);
#7833 = AXIS2_PLACEMENT_3D('',#7834,#7835,#7836);
#7834 = CARTESIAN_POINT('',(100.527,11.,2.3));
#7835 = DIRECTION('',(0.,0.,1.));
#7836 = DIRECTION('',(1.,0.,0.));
#7837 = ADVANCED_FACE('',(#7838),#7849,.F.);
#7838 = FACE_BOUND('',#7839,.T.);
#7839 = EDGE_LOOP('',(#7840,#7846,#7847,#7848));
#7840 = ORIENTED_EDGE('',*,*,#7841,.T.);
#7841 = EDGE_CURVE('',#5061,#5101,#7842,.T.);
#7842 = LINE('',#7843,#7844);
#7843 = CARTESIAN_POINT('',(107.727,21.,2.1));
#7844 = VECTOR('',#7845,1.);
#7845 = DIRECTION('',(0.,1.,0.));
#7846 = ORIENTED_EDGE('',*,*,#5108,.T.);
#7847 = ORIENTED_EDGE('',*,*,#5012,.F.);
#7848 = ORIENTED_EDGE('',*,*,#5068,.F.);
#7849 = PLANE('',#7850);
#7850 = AXIS2_PLACEMENT_3D('',#7851,#7852,#7853);
#7851 = CARTESIAN_POINT('',(107.727,21.,2.1));
#7852 = DIRECTION('',(0.,0.,1.));
#7853 = DIRECTION('',(-1.,0.,0.));
#7854 = ADVANCED_FACE('',(#7855),#7866,.F.);
#7855 = FACE_BOUND('',#7856,.T.);
#7856 = EDGE_LOOP('',(#7857,#7858,#7859,#7865));
#7857 = ORIENTED_EDGE('',*,*,#5125,.T.);
#7858 = ORIENTED_EDGE('',*,*,#5092,.T.);
#7859 = ORIENTED_EDGE('',*,*,#7860,.F.);
#7860 = EDGE_CURVE('',#5053,#5093,#7861,.T.);
#7861 = LINE('',#7862,#7863);
#7862 = CARTESIAN_POINT('',(107.32700013071,21.,2.499999738564));
#7863 = VECTOR('',#7864,1.);
#7864 = DIRECTION('',(0.,1.,0.));
#7865 = ORIENTED_EDGE('',*,*,#5052,.F.);
#7866 = PLANE('',#7867);
#7867 = AXIS2_PLACEMENT_3D('',#7868,#7869,#7870);
#7868 = CARTESIAN_POINT('',(107.727,21.,2.9));
#7869 = DIRECTION('',(0.707107127806,0.,-0.707106434567));
#7870 = DIRECTION('',(0.707106434567,-1.6E-16,0.707107127806));
#7871 = ADVANCED_FACE('',(#7872),#7878,.F.);
#7872 = FACE_BOUND('',#7873,.T.);
#7873 = EDGE_LOOP('',(#7874,#7875,#7876,#7877));
#7874 = ORIENTED_EDGE('',*,*,#7860,.T.);
#7875 = ORIENTED_EDGE('',*,*,#5100,.T.);
#7876 = ORIENTED_EDGE('',*,*,#7841,.F.);
#7877 = ORIENTED_EDGE('',*,*,#5060,.F.);
#7878 = PLANE('',#7879);
#7879 = AXIS2_PLACEMENT_3D('',#7880,#7881,#7882);
#7880 = CARTESIAN_POINT('',(107.32700013071,21.,2.499999738564));
#7881 = DIRECTION('',(0.707106665648,0.,0.707106896725));
#7882 = DIRECTION('',(-0.707106896725,-1.6E-16,0.707106665648));
#7883 = ADVANCED_FACE('',(#7884),#7895,.F.);
#7884 = FACE_BOUND('',#7885,.F.);
#7885 = EDGE_LOOP('',(#7886,#7887,#7888,#7894));
#7886 = ORIENTED_EDGE('',*,*,#5220,.T.);
#7887 = ORIENTED_EDGE('',*,*,#5237,.T.);
#7888 = ORIENTED_EDGE('',*,*,#7889,.F.);
#7889 = EDGE_CURVE('',#5150,#5238,#7890,.T.);
#7890 = LINE('',#7891,#7892);
#7891 = CARTESIAN_POINT('',(107.32700013071,85.,2.499999738564));
#7892 = VECTOR('',#7893,1.);
#7893 = DIRECTION('',(0.,-1.,2.2E-16));
#7894 = ORIENTED_EDGE('',*,*,#5149,.F.);
#7895 = PLANE('',#7896);
#7896 = AXIS2_PLACEMENT_3D('',#7897,#7898,#7899);
#7897 = CARTESIAN_POINT('',(107.727,85.,2.9));
#7898 = DIRECTION('',(0.707107127806,-1.6E-16,-0.707106434567));
#7899 = DIRECTION('',(-0.707106434567,-1.6E-16,-0.707107127806));
#7900 = ADVANCED_FACE('',(#7901),#7912,.F.);
#7901 = FACE_BOUND('',#7902,.F.);
#7902 = EDGE_LOOP('',(#7903,#7904,#7905,#7911));
#7903 = ORIENTED_EDGE('',*,*,#7889,.T.);
#7904 = ORIENTED_EDGE('',*,*,#5245,.T.);
#7905 = ORIENTED_EDGE('',*,*,#7906,.F.);
#7906 = EDGE_CURVE('',#5158,#5246,#7907,.T.);
#7907 = LINE('',#7908,#7909);
#7908 = CARTESIAN_POINT('',(107.727,85.,2.1));
#7909 = VECTOR('',#7910,1.);
#7910 = DIRECTION('',(0.,-1.,2.2E-16));
#7911 = ORIENTED_EDGE('',*,*,#5157,.F.);
#7912 = PLANE('',#7913);
#7913 = AXIS2_PLACEMENT_3D('',#7914,#7915,#7916);
#7914 = CARTESIAN_POINT('',(107.32700013071,85.,2.499999738564));
#7915 = DIRECTION('',(0.707106665648,1.6E-16,0.707106896725));
#7916 = DIRECTION('',(0.707106896725,-1.6E-16,-0.707106665648));
#7917 = ADVANCED_FACE('',(#7918),#7924,.F.);
#7918 = FACE_BOUND('',#7919,.F.);
#7919 = EDGE_LOOP('',(#7920,#7921,#7922,#7923));
#7920 = ORIENTED_EDGE('',*,*,#7906,.T.);
#7921 = ORIENTED_EDGE('',*,*,#5253,.T.);
#7922 = ORIENTED_EDGE('',*,*,#5187,.F.);
#7923 = ORIENTED_EDGE('',*,*,#5165,.F.);
#7924 = PLANE('',#7925);
#7925 = AXIS2_PLACEMENT_3D('',#7926,#7927,#7928);
#7926 = CARTESIAN_POINT('',(107.727,85.,2.1));
#7927 = DIRECTION('',(0.,2.2E-16,1.));
#7928 = DIRECTION('',(1.,0.,0.));
#7929 = ADVANCED_FACE('',(#7930),#7941,.F.);
#7930 = FACE_BOUND('',#7931,.F.);
#7931 = EDGE_LOOP('',(#7932,#7933,#7934,#7940));
#7932 = ORIENTED_EDGE('',*,*,#5348,.T.);
#7933 = ORIENTED_EDGE('',*,*,#5365,.T.);
#7934 = ORIENTED_EDGE('',*,*,#7935,.F.);
#7935 = EDGE_CURVE('',#5278,#5366,#7936,.T.);
#7936 = LINE('',#7937,#7938);
#7937 = CARTESIAN_POINT('',(107.32700013071,129.,2.499999738564));
#7938 = VECTOR('',#7939,1.);
#7939 = DIRECTION('',(-0.,-1.,-0.));
#7940 = ORIENTED_EDGE('',*,*,#5277,.F.);
#7941 = PLANE('',#7942);
#7942 = AXIS2_PLACEMENT_3D('',#7943,#7944,#7945);
#7943 = CARTESIAN_POINT('',(107.727,129.,2.9));
#7944 = DIRECTION('',(0.707107127806,0.,-0.707106434567));
#7945 = DIRECTION('',(-0.707106434567,-1.6E-16,-0.707107127806));
#7946 = ADVANCED_FACE('',(#7947),#7958,.F.);
#7947 = FACE_BOUND('',#7948,.F.);
#7948 = EDGE_LOOP('',(#7949,#7950,#7951,#7957));
#7949 = ORIENTED_EDGE('',*,*,#7935,.T.);
#7950 = ORIENTED_EDGE('',*,*,#5373,.T.);
#7951 = ORIENTED_EDGE('',*,*,#7952,.F.);
#7952 = EDGE_CURVE('',#5286,#5374,#7953,.T.);
#7953 = LINE('',#7954,#7955);
#7954 = CARTESIAN_POINT('',(107.727,129.,2.1));
#7955 = VECTOR('',#7956,1.);
#7956 = DIRECTION('',(-0.,-1.,-0.));
#7957 = ORIENTED_EDGE('',*,*,#5285,.F.);
#7958 = PLANE('',#7959);
#7959 = AXIS2_PLACEMENT_3D('',#7960,#7961,#7962);
#7960 = CARTESIAN_POINT('',(107.32700013071,129.,2.499999738564));
#7961 = DIRECTION('',(0.707106665648,0.,0.707106896725));
#7962 = DIRECTION('',(0.707106896725,-1.6E-16,-0.707106665648));
#7963 = ADVANCED_FACE('',(#7964),#7970,.F.);
#7964 = FACE_BOUND('',#7965,.F.);
#7965 = EDGE_LOOP('',(#7966,#7967,#7968,#7969));
#7966 = ORIENTED_EDGE('',*,*,#7952,.T.);
#7967 = ORIENTED_EDGE('',*,*,#5381,.T.);
#7968 = ORIENTED_EDGE('',*,*,#5315,.F.);
#7969 = ORIENTED_EDGE('',*,*,#5293,.F.);
#7970 = PLANE('',#7971);
#7971 = AXIS2_PLACEMENT_3D('',#7972,#7973,#7974);
#7972 = CARTESIAN_POINT('',(107.727,129.,2.1));
#7973 = DIRECTION('',(0.,0.,1.));
#7974 = DIRECTION('',(1.,0.,0.));
#7975 = ADVANCED_FACE('',(#7976),#7995,.T.);
#7976 = FACE_BOUND('',#7977,.F.);
#7977 = EDGE_LOOP('',(#7978,#7986,#7993,#7994));
#7978 = ORIENTED_EDGE('',*,*,#7979,.T.);
#7979 = EDGE_CURVE('',#5443,#7980,#7982,.T.);
#7980 = VERTEX_POINT('',#7981);
#7981 = CARTESIAN_POINT('',(111.527,139.,5.6));
#7982 = LINE('',#7983,#7984);
#7983 = CARTESIAN_POINT('',(111.527,139.,4.9));
#7984 = VECTOR('',#7985,1.);
#7985 = DIRECTION('',(0.,0.,1.));
#7986 = ORIENTED_EDGE('',*,*,#7987,.F.);
#7987 = EDGE_CURVE('',#6319,#7980,#7988,.T.);
#7988 = CIRCLE('',#7989,11.);
#7989 = AXIS2_PLACEMENT_3D('',#7990,#7991,#7992);
#7990 = CARTESIAN_POINT('',(100.527,139.,5.6));
#7991 = DIRECTION('',(0.,0.,-1.));
#7992 = DIRECTION('',(-2.58E-15,1.,0.));
#7993 = ORIENTED_EDGE('',*,*,#6326,.F.);
#7994 = ORIENTED_EDGE('',*,*,#5442,.F.);
#7995 = CYLINDRICAL_SURFACE('',#7996,11.);
#7996 = AXIS2_PLACEMENT_3D('',#7997,#7998,#7999);
#7997 = CARTESIAN_POINT('',(100.527,139.,4.9));
#7998 = DIRECTION('',(-0.,-0.,-1.));
#7999 = DIRECTION('',(1.,0.,0.));
#8000 = ADVANCED_FACE('',(#8001),#8027,.T.);
#8001 = FACE_BOUND('',#8002,.T.);
#8002 = EDGE_LOOP('',(#8003,#8011,#8012,#8013,#8021));
#8003 = ORIENTED_EDGE('',*,*,#8004,.T.);
#8004 = EDGE_CURVE('',#8005,#5452,#8007,.T.);
#8005 = VERTEX_POINT('',#8006);
#8006 = CARTESIAN_POINT('',(111.527,90.,4.907035354437));
#8007 = LINE('',#8008,#8009);
#8008 = CARTESIAN_POINT('',(111.527,90.,5.6));
#8009 = VECTOR('',#8010,1.);
#8010 = DIRECTION('',(0.,0.,-1.));
#8011 = ORIENTED_EDGE('',*,*,#5451,.F.);
#8012 = ORIENTED_EDGE('',*,*,#7979,.T.);
#8013 = ORIENTED_EDGE('',*,*,#8014,.T.);
#8014 = EDGE_CURVE('',#7980,#8015,#8017,.T.);
#8015 = VERTEX_POINT('',#8016);
#8016 = CARTESIAN_POINT('',(111.527,90.49,5.6));
#8017 = LINE('',#8018,#8019);
#8018 = CARTESIAN_POINT('',(111.527,139.,5.6));
#8019 = VECTOR('',#8020,1.);
#8020 = DIRECTION('',(0.,-1.,0.));
#8021 = ORIENTED_EDGE('',*,*,#8022,.F.);
#8022 = EDGE_CURVE('',#8005,#8015,#8023,.T.);
#8023 = LINE('',#8024,#8025);
#8024 = CARTESIAN_POINT('',(111.527,98.564044011452,17.018422544193));
#8025 = VECTOR('',#8026,1.);
#8026 = DIRECTION('',(0.,0.57735026919,0.816496580928));
#8027 = PLANE('',#8028);
#8028 = AXIS2_PLACEMENT_3D('',#8029,#8030,#8031);
#8029 = CARTESIAN_POINT('',(111.527,139.,4.9));
#8030 = DIRECTION('',(1.,0.,0.));
#8031 = DIRECTION('',(0.,-1.,0.));
#8032 = ADVANCED_FACE('',(#8033),#8075,.T.);
#8033 = FACE_BOUND('',#8034,.T.);
#8034 = EDGE_LOOP('',(#8035,#8045,#8053,#8061,#8067,#8068,#8069));
#8035 = ORIENTED_EDGE('',*,*,#8036,.T.);
#8036 = EDGE_CURVE('',#8037,#8039,#8041,.T.);
#8037 = VERTEX_POINT('',#8038);
#8038 = CARTESIAN_POINT('',(109.83403535443,90.,6.6));
#8039 = VERTEX_POINT('',#8040);
#8040 = CARTESIAN_POINT('',(109.83403535443,90.,6.61));
#8041 = LINE('',#8042,#8043);
#8042 = CARTESIAN_POINT('',(109.83403535443,90.,6.6));
#8043 = VECTOR('',#8044,1.);
#8044 = DIRECTION('',(0.,0.,1.));
#8045 = ORIENTED_EDGE('',*,*,#8046,.F.);
#8046 = EDGE_CURVE('',#8047,#8039,#8049,.T.);
#8047 = VERTEX_POINT('',#8048);
#8048 = CARTESIAN_POINT('',(109.81989321881,90.,6.61));
#8049 = LINE('',#8050,#8051);
#8050 = CARTESIAN_POINT('',(109.81989321881,90.,6.61));
#8051 = VECTOR('',#8052,1.);
#8052 = DIRECTION('',(1.,0.,0.));
#8053 = ORIENTED_EDGE('',*,*,#8054,.F.);
#8054 = EDGE_CURVE('',#8055,#8047,#8057,.T.);
#8055 = VERTEX_POINT('',#8056);
#8056 = CARTESIAN_POINT('',(109.81989321881,90.,6.6));
#8057 = LINE('',#8058,#8059);
#8058 = CARTESIAN_POINT('',(109.81989321881,90.,6.6));
#8059 = VECTOR('',#8060,1.);
#8060 = DIRECTION('',(0.,0.,1.));
#8061 = ORIENTED_EDGE('',*,*,#8062,.F.);
#8062 = EDGE_CURVE('',#5460,#8055,#8063,.T.);
#8063 = LINE('',#8064,#8065);
#8064 = CARTESIAN_POINT('',(111.527,90.,4.892893218814));
#8065 = VECTOR('',#8066,1.);
#8066 = DIRECTION('',(-0.707106781187,0.,0.707106781187));
#8067 = ORIENTED_EDGE('',*,*,#5459,.F.);
#8068 = ORIENTED_EDGE('',*,*,#8004,.F.);
#8069 = ORIENTED_EDGE('',*,*,#8070,.F.);
#8070 = EDGE_CURVE('',#8037,#8005,#8071,.T.);
#8071 = LINE('',#8072,#8073);
#8072 = CARTESIAN_POINT('',(110.18051767721,90.,6.253517677219));
#8073 = VECTOR('',#8074,1.);
#8074 = DIRECTION('',(0.707106781187,-1.6E-16,-0.707106781187));
#8075 = PLANE('',#8076);
#8076 = AXIS2_PLACEMENT_3D('',#8077,#8078,#8079);
#8077 = CARTESIAN_POINT('',(110.61028363151,90.,5.824861418025));
#8078 = DIRECTION('',(-0.,-1.,-0.));
#8079 = DIRECTION('',(0.,0.,-1.));
#8080 = ADVANCED_FACE('',(#8081),#8099,.T.);
#8081 = FACE_BOUND('',#8082,.T.);
#8082 = EDGE_LOOP('',(#8083,#8091,#8092,#8093));
#8083 = ORIENTED_EDGE('',*,*,#8084,.F.);
#8084 = EDGE_CURVE('',#5468,#8085,#8087,.T.);
#8085 = VERTEX_POINT('',#8086);
#8086 = CARTESIAN_POINT('',(109.81989321881,60.,6.6));
#8087 = LINE('',#8088,#8089);
#8088 = CARTESIAN_POINT('',(111.527,60.,4.892893218814));
#8089 = VECTOR('',#8090,1.);
#8090 = DIRECTION('',(-0.707106781187,0.,0.707106781187));
#8091 = ORIENTED_EDGE('',*,*,#5467,.T.);
#8092 = ORIENTED_EDGE('',*,*,#8062,.T.);
#8093 = ORIENTED_EDGE('',*,*,#8094,.F.);
#8094 = EDGE_CURVE('',#8085,#8055,#8095,.T.);
#8095 = LINE('',#8096,#8097);
#8096 = CARTESIAN_POINT('',(109.81989321881,60.,6.6));
#8097 = VECTOR('',#8098,1.);
#8098 = DIRECTION('',(0.,1.,-2.2E-16));
#8099 = PLANE('',#8100);
#8100 = AXIS2_PLACEMENT_3D('',#8101,#8102,#8103);
#8101 = CARTESIAN_POINT('',(111.527,60.,4.892893218814));
#8102 = DIRECTION('',(0.707106781187,1.6E-16,0.707106781187));
#8103 = DIRECTION('',(-0.707106781187,1.6E-16,0.707106781187));
#8104 = ADVANCED_FACE('',(#8105),#8147,.T.);
#8105 = FACE_BOUND('',#8106,.T.);
#8106 = EDGE_LOOP('',(#8107,#8117,#8125,#8131,#8132,#8133,#8141));
#8107 = ORIENTED_EDGE('',*,*,#8108,.F.);
#8108 = EDGE_CURVE('',#8109,#8111,#8113,.T.);
#8109 = VERTEX_POINT('',#8110);
#8110 = CARTESIAN_POINT('',(109.83403535443,60.,6.6));
#8111 = VERTEX_POINT('',#8112);
#8112 = CARTESIAN_POINT('',(109.83403535443,60.,6.61));
#8113 = LINE('',#8114,#8115);
#8114 = CARTESIAN_POINT('',(109.83403535443,60.,6.6));
#8115 = VECTOR('',#8116,1.);
#8116 = DIRECTION('',(0.,0.,1.));
#8117 = ORIENTED_EDGE('',*,*,#8118,.T.);
#8118 = EDGE_CURVE('',#8109,#8119,#8121,.T.);
#8119 = VERTEX_POINT('',#8120);
#8120 = CARTESIAN_POINT('',(111.527,60.,4.907035354437));
#8121 = LINE('',#8122,#8123);
#8122 = CARTESIAN_POINT('',(110.18051767721,60.,6.253517677219));
#8123 = VECTOR('',#8124,1.);
#8124 = DIRECTION('',(0.707106781187,-1.6E-16,-0.707106781187));
#8125 = ORIENTED_EDGE('',*,*,#8126,.T.);
#8126 = EDGE_CURVE('',#8119,#5476,#8127,.T.);
#8127 = LINE('',#8128,#8129);
#8128 = CARTESIAN_POINT('',(111.527,60.,5.6));
#8129 = VECTOR('',#8130,1.);
#8130 = DIRECTION('',(0.,0.,-1.));
#8131 = ORIENTED_EDGE('',*,*,#5475,.T.);
#8132 = ORIENTED_EDGE('',*,*,#8084,.T.);
#8133 = ORIENTED_EDGE('',*,*,#8134,.T.);
#8134 = EDGE_CURVE('',#8085,#8135,#8137,.T.);
#8135 = VERTEX_POINT('',#8136);
#8136 = CARTESIAN_POINT('',(109.81989321881,60.,6.61));
#8137 = LINE('',#8138,#8139);
#8138 = CARTESIAN_POINT('',(109.81989321881,60.,6.6));
#8139 = VECTOR('',#8140,1.);
#8140 = DIRECTION('',(0.,0.,1.));
#8141 = ORIENTED_EDGE('',*,*,#8142,.T.);
#8142 = EDGE_CURVE('',#8135,#8111,#8143,.T.);
#8143 = LINE('',#8144,#8145);
#8144 = CARTESIAN_POINT('',(109.81989321881,60.,6.61));
#8145 = VECTOR('',#8146,1.);
#8146 = DIRECTION('',(1.,0.,0.));
#8147 = PLANE('',#8148);
#8148 = AXIS2_PLACEMENT_3D('',#8149,#8150,#8151);
#8149 = CARTESIAN_POINT('',(110.61028363151,60.,5.824861418025));
#8150 = DIRECTION('',(-6.9E-16,1.,-1.E-15));
#8151 = DIRECTION('',(0.,1.E-15,1.));
#8152 = ADVANCED_FACE('',(#8153),#8179,.T.);
#8153 = FACE_BOUND('',#8154,.T.);
#8154 = EDGE_LOOP('',(#8155,#8156,#8164,#8172,#8178));
#8155 = ORIENTED_EDGE('',*,*,#8126,.F.);
#8156 = ORIENTED_EDGE('',*,*,#8157,.T.);
#8157 = EDGE_CURVE('',#8119,#8158,#8160,.T.);
#8158 = VERTEX_POINT('',#8159);
#8159 = CARTESIAN_POINT('',(111.527,59.51,5.6));
#8160 = LINE('',#8161,#8162);
#8161 = CARTESIAN_POINT('',(111.527,72.769289321881,-13.15146678643));
#8162 = VECTOR('',#8163,1.);
#8163 = DIRECTION('',(0.,-0.57735026919,0.816496580928));
#8164 = ORIENTED_EDGE('',*,*,#8165,.T.);
#8165 = EDGE_CURVE('',#8158,#8166,#8168,.T.);
#8166 = VERTEX_POINT('',#8167);
#8167 = CARTESIAN_POINT('',(111.527,11.,5.6));
#8168 = LINE('',#8169,#8170);
#8169 = CARTESIAN_POINT('',(111.527,139.,5.6));
#8170 = VECTOR('',#8171,1.);
#8171 = DIRECTION('',(0.,-1.,0.));
#8172 = ORIENTED_EDGE('',*,*,#8173,.F.);
#8173 = EDGE_CURVE('',#5484,#8166,#8174,.T.);
#8174 = LINE('',#8175,#8176);
#8175 = CARTESIAN_POINT('',(111.527,11.,4.9));
#8176 = VECTOR('',#8177,1.);
#8177 = DIRECTION('',(0.,0.,1.));
#8178 = ORIENTED_EDGE('',*,*,#5483,.F.);
#8179 = PLANE('',#8180);
#8180 = AXIS2_PLACEMENT_3D('',#8181,#8182,#8183);
#8181 = CARTESIAN_POINT('',(111.527,139.,4.9));
#8182 = DIRECTION('',(1.,0.,0.));
#8183 = DIRECTION('',(0.,-1.,0.));
#8184 = ADVANCED_FACE('',(#8185),#8197,.T.);
#8185 = FACE_BOUND('',#8186,.F.);
#8186 = EDGE_LOOP('',(#8187,#8188,#8195,#8196));
#8187 = ORIENTED_EDGE('',*,*,#6163,.T.);
#8188 = ORIENTED_EDGE('',*,*,#8189,.F.);
#8189 = EDGE_CURVE('',#8166,#6140,#8190,.T.);
#8190 = CIRCLE('',#8191,11.);
#8191 = AXIS2_PLACEMENT_3D('',#8192,#8193,#8194);
#8192 = CARTESIAN_POINT('',(100.527,11.,5.6));
#8193 = DIRECTION('',(0.,-0.,-1.));
#8194 = DIRECTION('',(1.,-3.2E-16,0.));
#8195 = ORIENTED_EDGE('',*,*,#8173,.F.);
#8196 = ORIENTED_EDGE('',*,*,#5491,.F.);
#8197 = CYLINDRICAL_SURFACE('',#8198,11.);
#8198 = AXIS2_PLACEMENT_3D('',#8199,#8200,#8201);
#8199 = CARTESIAN_POINT('',(100.527,11.,4.9));
#8200 = DIRECTION('',(-0.,-0.,-1.));
#8201 = DIRECTION('',(1.,0.,0.));
#8202 = ADVANCED_FACE('',(#8203),#8222,.T.);
#8203 = FACE_BOUND('',#8204,.T.);
#8204 = EDGE_LOOP('',(#8205,#8213,#8214,#8215));
#8205 = ORIENTED_EDGE('',*,*,#8206,.F.);
#8206 = EDGE_CURVE('',#5651,#8207,#8209,.T.);
#8207 = VERTEX_POINT('',#8208);
#8208 = CARTESIAN_POINT('',(110.527,11.,6.61));
#8209 = LINE('',#8210,#8211);
#8210 = CARTESIAN_POINT('',(110.432,11.,6.705));
#8211 = VECTOR('',#8212,1.);
#8212 = DIRECTION('',(0.707106781187,0.,-0.707106781187));
#8213 = ORIENTED_EDGE('',*,*,#5650,.T.);
#8214 = ORIENTED_EDGE('',*,*,#6406,.T.);
#8215 = ORIENTED_EDGE('',*,*,#8216,.F.);
#8216 = EDGE_CURVE('',#8207,#6111,#8217,.T.);
#8217 = CIRCLE('',#8218,10.);
#8218 = AXIS2_PLACEMENT_3D('',#8219,#8220,#8221);
#8219 = CARTESIAN_POINT('',(100.527,11.,6.61));
#8220 = DIRECTION('',(0.,-0.,-1.));
#8221 = DIRECTION('',(1.,-3.6E-16,0.));
#8222 = CONICAL_SURFACE('',#8223,10.,0.785398163397);
#8223 = AXIS2_PLACEMENT_3D('',#8224,#8225,#8226);
#8224 = CARTESIAN_POINT('',(100.527,11.,6.61));
#8225 = DIRECTION('',(-0.,-0.,-1.));
#8226 = DIRECTION('',(1.,-3.6E-16,0.));
#8227 = ADVANCED_FACE('',(#8228),#8247,.T.);
#8228 = FACE_BOUND('',#8229,.T.);
#8229 = EDGE_LOOP('',(#8230,#8231,#8232,#8240));
#8230 = ORIENTED_EDGE('',*,*,#6391,.F.);
#8231 = ORIENTED_EDGE('',*,*,#5715,.T.);
#8232 = ORIENTED_EDGE('',*,*,#8233,.T.);
#8233 = EDGE_CURVE('',#5708,#8234,#8236,.T.);
#8234 = VERTEX_POINT('',#8235);
#8235 = CARTESIAN_POINT('',(110.527,139.,6.61));
#8236 = LINE('',#8237,#8238);
#8237 = CARTESIAN_POINT('',(110.527,139.,6.61));
#8238 = VECTOR('',#8239,1.);
#8239 = DIRECTION('',(0.707106781187,1.7E-16,-0.707106781187));
#8240 = ORIENTED_EDGE('',*,*,#8241,.F.);
#8241 = EDGE_CURVE('',#6367,#8234,#8242,.T.);
#8242 = CIRCLE('',#8243,10.);
#8243 = AXIS2_PLACEMENT_3D('',#8244,#8245,#8246);
#8244 = CARTESIAN_POINT('',(100.527,139.,6.61));
#8245 = DIRECTION('',(0.,0.,-1.));
#8246 = DIRECTION('',(-2.84E-15,1.,0.));
#8247 = CONICAL_SURFACE('',#8248,10.,0.785398163397);
#8248 = AXIS2_PLACEMENT_3D('',#8249,#8250,#8251);
#8249 = CARTESIAN_POINT('',(100.527,139.,6.61));
#8250 = DIRECTION('',(-0.,-0.,-1.));
#8251 = DIRECTION('',(-2.84E-15,1.,0.));
#8252 = ADVANCED_FACE('',(#8253),#8271,.T.);
#8253 = FACE_BOUND('',#8254,.T.);
#8254 = EDGE_LOOP('',(#8255,#8263,#8264,#8265));
#8255 = ORIENTED_EDGE('',*,*,#8256,.F.);
#8256 = EDGE_CURVE('',#5660,#8257,#8259,.T.);
#8257 = VERTEX_POINT('',#8258);
#8258 = CARTESIAN_POINT('',(110.527,59.51,6.61));
#8259 = LINE('',#8260,#8261);
#8260 = CARTESIAN_POINT('',(110.34636941442,59.416498728651,
    6.790630585574));
#8261 = VECTOR('',#8262,1.);
#8262 = DIRECTION('',(0.664023331817,0.343723769333,-0.664023331817));
#8263 = ORIENTED_EDGE('',*,*,#5659,.T.);
#8264 = ORIENTED_EDGE('',*,*,#8206,.T.);
#8265 = ORIENTED_EDGE('',*,*,#8266,.F.);
#8266 = EDGE_CURVE('',#8257,#8207,#8267,.T.);
#8267 = LINE('',#8268,#8269);
#8268 = CARTESIAN_POINT('',(110.527,59.51,6.61));
#8269 = VECTOR('',#8270,1.);
#8270 = DIRECTION('',(0.,-1.,0.));
#8271 = PLANE('',#8272);
#8272 = AXIS2_PLACEMENT_3D('',#8273,#8274,#8275);
#8273 = CARTESIAN_POINT('',(110.432,59.51,6.705));
#8274 = DIRECTION('',(0.707106781187,0.,0.707106781187));
#8275 = DIRECTION('',(0.,-1.,0.));
#8276 = ADVANCED_FACE('',(#8277),#8295,.T.);
#8277 = FACE_BOUND('',#8278,.T.);
#8278 = EDGE_LOOP('',(#8279,#8280,#8281,#8289));
#8279 = ORIENTED_EDGE('',*,*,#8233,.F.);
#8280 = ORIENTED_EDGE('',*,*,#5707,.T.);
#8281 = ORIENTED_EDGE('',*,*,#8282,.T.);
#8282 = EDGE_CURVE('',#5700,#8283,#8285,.T.);
#8283 = VERTEX_POINT('',#8284);
#8284 = CARTESIAN_POINT('',(110.527,90.49,6.61));
#8285 = LINE('',#8286,#8287);
#8286 = CARTESIAN_POINT('',(104.81039359987,93.449133219414,
    12.326606400123));
#8287 = VECTOR('',#8288,1.);
#8288 = DIRECTION('',(0.664023331817,-0.343723769333,-0.664023331817));
#8289 = ORIENTED_EDGE('',*,*,#8290,.F.);
#8290 = EDGE_CURVE('',#8234,#8283,#8291,.T.);
#8291 = LINE('',#8292,#8293);
#8292 = CARTESIAN_POINT('',(110.527,139.,6.61));
#8293 = VECTOR('',#8294,1.);
#8294 = DIRECTION('',(0.,-1.,0.));
#8295 = PLANE('',#8296);
#8296 = AXIS2_PLACEMENT_3D('',#8297,#8298,#8299);
#8297 = CARTESIAN_POINT('',(110.432,139.,6.705));
#8298 = DIRECTION('',(0.707106781187,0.,0.707106781187));
#8299 = DIRECTION('',(0.,-1.,0.));
#8300 = ADVANCED_FACE('',(#8301),#8317,.T.);
#8301 = FACE_BOUND('',#8302,.T.);
#8302 = EDGE_LOOP('',(#8303,#8309,#8310,#8311));
#8303 = ORIENTED_EDGE('',*,*,#8304,.F.);
#8304 = EDGE_CURVE('',#5668,#8111,#8305,.T.);
#8305 = LINE('',#8306,#8307);
#8306 = CARTESIAN_POINT('',(109.80495263055,59.908498062064,
    6.701501937936));
#8307 = VECTOR('',#8308,1.);
#8308 = DIRECTION('',(0.219275263435,0.689897948557,-0.689897948557));
#8309 = ORIENTED_EDGE('',*,*,#5667,.T.);
#8310 = ORIENTED_EDGE('',*,*,#8256,.T.);
#8311 = ORIENTED_EDGE('',*,*,#8312,.F.);
#8312 = EDGE_CURVE('',#8111,#8257,#8313,.T.);
#8313 = LINE('',#8314,#8315);
#8314 = CARTESIAN_POINT('',(109.83403535443,60.,6.61));
#8315 = VECTOR('',#8316,1.);
#8316 = DIRECTION('',(0.816496580928,-0.57735026919,0.));
#8317 = PLANE('',#8318);
#8318 = AXIS2_PLACEMENT_3D('',#8319,#8320,#8321);
#8319 = CARTESIAN_POINT('',(109.77918707886,59.922432824812,6.705));
#8320 = DIRECTION('',(0.408248290464,0.57735026919,0.707106781187));
#8321 = DIRECTION('',(0.816496580928,-0.57735026919,-2.22044604925E-16)
  );
#8322 = ADVANCED_FACE('',(#8323),#8339,.F.);
#8323 = FACE_BOUND('',#8324,.F.);
#8324 = EDGE_LOOP('',(#8325,#8331,#8332,#8333));
#8325 = ORIENTED_EDGE('',*,*,#8326,.F.);
#8326 = EDGE_CURVE('',#5692,#8039,#8327,.T.);
#8327 = LINE('',#8328,#8329);
#8328 = CARTESIAN_POINT('',(109.80495263055,90.091501937936,
    6.701501937936));
#8329 = VECTOR('',#8330,1.);
#8330 = DIRECTION('',(0.219275263435,-0.689897948557,-0.689897948557));
#8331 = ORIENTED_EDGE('',*,*,#5699,.T.);
#8332 = ORIENTED_EDGE('',*,*,#8282,.T.);
#8333 = ORIENTED_EDGE('',*,*,#8334,.F.);
#8334 = EDGE_CURVE('',#8039,#8283,#8335,.T.);
#8335 = LINE('',#8336,#8337);
#8336 = CARTESIAN_POINT('',(109.83403535443,90.,6.61));
#8337 = VECTOR('',#8338,1.);
#8338 = DIRECTION('',(0.816496580928,0.57735026919,0.));
#8339 = PLANE('',#8340);
#8340 = AXIS2_PLACEMENT_3D('',#8341,#8342,#8343);
#8341 = CARTESIAN_POINT('',(109.77918707886,90.077567175188,6.705));
#8342 = DIRECTION('',(-0.408248290464,0.57735026919,-0.707106781187));
#8343 = DIRECTION('',(0.816496580928,0.57735026919,-2.22044604925E-16));
#8344 = ADVANCED_FACE('',(#8345),#8356,.T.);
#8345 = FACE_BOUND('',#8346,.T.);
#8346 = EDGE_LOOP('',(#8347,#8353,#8354,#8355));
#8347 = ORIENTED_EDGE('',*,*,#8348,.F.);
#8348 = EDGE_CURVE('',#5676,#8135,#8349,.T.);
#8349 = LINE('',#8350,#8351);
#8350 = CARTESIAN_POINT('',(109.75655988548,59.936666666667,
    6.673333333333));
#8351 = VECTOR('',#8352,1.);
#8352 = DIRECTION('',(0.57735026919,0.57735026919,-0.57735026919));
#8353 = ORIENTED_EDGE('',*,*,#5675,.T.);
#8354 = ORIENTED_EDGE('',*,*,#8304,.T.);
#8355 = ORIENTED_EDGE('',*,*,#8142,.F.);
#8356 = PLANE('',#8357);
#8357 = AXIS2_PLACEMENT_3D('',#8358,#8359,#8360);
#8358 = CARTESIAN_POINT('',(109.81989321881,59.905,6.705));
#8359 = DIRECTION('',(-5.E-16,0.707106781187,0.707106781187));
#8360 = DIRECTION('',(1.,3.535533905933E-16,3.535533905933E-16));
#8361 = ADVANCED_FACE('',(#8362),#8373,.T.);
#8362 = FACE_BOUND('',#8363,.F.);
#8363 = EDGE_LOOP('',(#8364,#8370,#8371,#8372));
#8364 = ORIENTED_EDGE('',*,*,#8365,.F.);
#8365 = EDGE_CURVE('',#5684,#8047,#8366,.T.);
#8366 = LINE('',#8367,#8368);
#8367 = CARTESIAN_POINT('',(114.75655988548,85.063333333333,
    1.673333333333));
#8368 = VECTOR('',#8369,1.);
#8369 = DIRECTION('',(0.57735026919,-0.57735026919,-0.57735026919));
#8370 = ORIENTED_EDGE('',*,*,#5691,.T.);
#8371 = ORIENTED_EDGE('',*,*,#8326,.T.);
#8372 = ORIENTED_EDGE('',*,*,#8046,.F.);
#8373 = PLANE('',#8374);
#8374 = AXIS2_PLACEMENT_3D('',#8375,#8376,#8377);
#8375 = CARTESIAN_POINT('',(109.81989321881,90.095,6.705));
#8376 = DIRECTION('',(0.,-0.707106781187,0.707106781187));
#8377 = DIRECTION('',(-1.,-0.,-0.));
#8378 = ADVANCED_FACE('',(#8379),#8390,.F.);
#8379 = FACE_BOUND('',#8380,.F.);
#8380 = EDGE_LOOP('',(#8381,#8382,#8383,#8384));
#8381 = ORIENTED_EDGE('',*,*,#8348,.F.);
#8382 = ORIENTED_EDGE('',*,*,#5683,.T.);
#8383 = ORIENTED_EDGE('',*,*,#8365,.T.);
#8384 = ORIENTED_EDGE('',*,*,#8385,.F.);
#8385 = EDGE_CURVE('',#8135,#8047,#8386,.T.);
#8386 = LINE('',#8387,#8388);
#8387 = CARTESIAN_POINT('',(109.81989321881,60.,6.61));
#8388 = VECTOR('',#8389,1.);
#8389 = DIRECTION('',(0.,1.,-2.2E-16));
#8390 = PLANE('',#8391);
#8391 = AXIS2_PLACEMENT_3D('',#8392,#8393,#8394);
#8392 = CARTESIAN_POINT('',(109.72489321881,60.,6.705));
#8393 = DIRECTION('',(-0.707106781187,0.,-0.707106781187));
#8394 = DIRECTION('',(1.1E-16,1.,-1.1E-16));
#8395 = ADVANCED_FACE('',(#8396),#8421,.T.);
#8396 = FACE_BOUND('',#8397,.T.);
#8397 = EDGE_LOOP('',(#8398,#8406,#8407,#8415));
#8398 = ORIENTED_EDGE('',*,*,#8399,.F.);
#8399 = EDGE_CURVE('',#5733,#8400,#8402,.T.);
#8400 = VERTEX_POINT('',#8401);
#8401 = CARTESIAN_POINT('',(62.102893218813,17.199999999999,6.61));
#8402 = LINE('',#8403,#8404);
#8403 = CARTESIAN_POINT('',(62.102893218813,17.294999999999,6.705));
#8404 = VECTOR('',#8405,1.);
#8405 = DIRECTION('',(-1.6E-16,-0.707106781187,-0.707106781187));
#8406 = ORIENTED_EDGE('',*,*,#5732,.T.);
#8407 = ORIENTED_EDGE('',*,*,#8408,.T.);
#8408 = EDGE_CURVE('',#5735,#8409,#8411,.T.);
#8409 = VERTEX_POINT('',#8410);
#8410 = CARTESIAN_POINT('',(55.817106781187,17.199999999999,6.61));
#8411 = LINE('',#8412,#8413);
#8412 = CARTESIAN_POINT('',(55.817106781187,17.294999999999,6.705));
#8413 = VECTOR('',#8414,1.);
#8414 = DIRECTION('',(-1.6E-16,-0.707106781187,-0.707106781187));
#8415 = ORIENTED_EDGE('',*,*,#8416,.F.);
#8416 = EDGE_CURVE('',#8400,#8409,#8417,.T.);
#8417 = LINE('',#8418,#8419);
#8418 = CARTESIAN_POINT('',(62.102893218813,17.199999999999,6.61));
#8419 = VECTOR('',#8420,1.);
#8420 = DIRECTION('',(-1.,2.2E-16,0.));
#8421 = PLANE('',#8422);
#8422 = AXIS2_PLACEMENT_3D('',#8423,#8424,#8425);
#8423 = CARTESIAN_POINT('',(62.102893218813,17.294999999999,6.705));
#8424 = DIRECTION('',(0.,-0.707106781187,0.707106781187));
#8425 = DIRECTION('',(-1.,1.1E-16,1.1E-16));
#8426 = ADVANCED_FACE('',(#8427),#8452,.F.);
#8427 = FACE_BOUND('',#8428,.F.);
#8428 = EDGE_LOOP('',(#8429,#8437,#8450,#8451));
#8429 = ORIENTED_EDGE('',*,*,#8430,.T.);
#8430 = EDGE_CURVE('',#5743,#8431,#8433,.T.);
#8431 = VERTEX_POINT('',#8432);
#8432 = CARTESIAN_POINT('',(62.81,16.492893218812,6.61));
#8433 = LINE('',#8434,#8435);
#8434 = CARTESIAN_POINT('',(62.905,16.492893218812,6.705));
#8435 = VECTOR('',#8436,1.);
#8436 = DIRECTION('',(-0.707106781187,4.7E-16,-0.707106781187));
#8437 = ORIENTED_EDGE('',*,*,#8438,.T.);
#8438 = EDGE_CURVE('',#8431,#8400,#8439,.T.);
#8439 = B_SPLINE_CURVE_WITH_KNOTS('',9,(#8440,#8441,#8442,#8443,#8444,
    #8445,#8446,#8447,#8448,#8449),.UNSPECIFIED.,.F.,.F.,(10,10),(
    35.538798613545,36.670682901225),.PIECEWISE_BEZIER_KNOTS.);
#8440 = CARTESIAN_POINT('',(62.81,16.492893218812,6.61));
#8441 = CARTESIAN_POINT('',(62.81,16.635398697676,6.61));
#8442 = CARTESIAN_POINT('',(62.788460313843,16.767134492116,6.61));
#8443 = CARTESIAN_POINT('',(62.745380853539,16.88530963123,6.61));
#8444 = CARTESIAN_POINT('',(62.681324211614,16.987414954872,6.61));
#8445 = CARTESIAN_POINT('',(62.597414954875,17.071324211615,6.61));
#8446 = CARTESIAN_POINT('',(62.49530963123,17.135380853537,6.61));
#8447 = CARTESIAN_POINT('',(62.377134492117,17.178460313842,6.61));
#8448 = CARTESIAN_POINT('',(62.245398697677,17.199999999999,6.61));
#8449 = CARTESIAN_POINT('',(62.102893218813,17.199999999999,6.61));
#8450 = ORIENTED_EDGE('',*,*,#8399,.F.);
#8451 = ORIENTED_EDGE('',*,*,#5742,.F.);
#8452 = B_SPLINE_SURFACE_WITH_KNOTS('',1,9,(
    (#8453,#8454,#8455,#8456,#8457,#8458,#8459,#8460,#8461,#8462)
    ,(#8463,#8464,#8465,#8466,#8467,#8468,#8469,#8470,#8471,#8472
  )),.UNSPECIFIED.,.F.,.F.,.F.,(2,2),(10,10),(0.,1.13188428768),(
    35.538798613545,36.670682901225),.PIECEWISE_BEZIER_KNOTS.);
#8453 = CARTESIAN_POINT('',(63.,16.492893218812,6.8));
#8454 = CARTESIAN_POINT('',(62.999999999999,16.660926233926,6.8));
#8455 = CARTESIAN_POINT('',(62.974764656698,16.822101388721,6.8));
#8456 = CARTESIAN_POINT('',(62.920914742383,16.973310882661,6.8));
#8457 = CARTESIAN_POINT('',(62.841801985604,17.111328974628,6.8));
#8458 = CARTESIAN_POINT('',(62.721328974626,17.2318019856,6.8));
#8459 = CARTESIAN_POINT('',(62.583310882664,17.310914742384,6.8));
#8460 = CARTESIAN_POINT('',(62.43210138872,17.364764656696,6.8));
#8461 = CARTESIAN_POINT('',(62.270926233927,17.389999999999,6.8));
#8462 = CARTESIAN_POINT('',(62.102893218813,17.389999999999,6.8));
#8463 = CARTESIAN_POINT('',(62.81,16.492893218812,6.61));
#8464 = CARTESIAN_POINT('',(62.81,16.635398697676,6.61));
#8465 = CARTESIAN_POINT('',(62.788460313843,16.767134492116,6.61));
#8466 = CARTESIAN_POINT('',(62.745380853539,16.88530963123,6.61));
#8467 = CARTESIAN_POINT('',(62.681324211614,16.987414954872,6.61));
#8468 = CARTESIAN_POINT('',(62.597414954875,17.071324211615,6.61));
#8469 = CARTESIAN_POINT('',(62.49530963123,17.135380853537,6.61));
#8470 = CARTESIAN_POINT('',(62.377134492117,17.178460313842,6.61));
#8471 = CARTESIAN_POINT('',(62.245398697677,17.199999999999,6.61));
#8472 = CARTESIAN_POINT('',(62.102893218813,17.199999999999,6.61));
#8473 = ADVANCED_FACE('',(#8474),#8498,.F.);
#8474 = FACE_BOUND('',#8475,.F.);
#8475 = EDGE_LOOP('',(#8476,#8477,#8492,#8497));
#8476 = ORIENTED_EDGE('',*,*,#8408,.T.);
#8477 = ORIENTED_EDGE('',*,*,#8478,.T.);
#8478 = EDGE_CURVE('',#8409,#8479,#8481,.T.);
#8479 = VERTEX_POINT('',#8480);
#8480 = CARTESIAN_POINT('',(55.11,16.492893218812,6.61));
#8481 = B_SPLINE_CURVE_WITH_KNOTS('',9,(#8482,#8483,#8484,#8485,#8486,
    #8487,#8488,#8489,#8490,#8491),.UNSPECIFIED.,.F.,.F.,(10,10),(
    6.285786437626,7.417670725307),.PIECEWISE_BEZIER_KNOTS.);
#8482 = CARTESIAN_POINT('',(55.817106781187,17.199999999999,6.61));
#8483 = CARTESIAN_POINT('',(55.674601302323,17.199999999999,6.61));
#8484 = CARTESIAN_POINT('',(55.542865507883,17.178460313842,6.61));
#8485 = CARTESIAN_POINT('',(55.424690368771,17.135380853537,6.61));
#8486 = CARTESIAN_POINT('',(55.322585045123,17.071324211614,6.61));
#8487 = CARTESIAN_POINT('',(55.238675788389,16.987414954874,6.61));
#8488 = CARTESIAN_POINT('',(55.174619146459,16.885309631229,6.61));
#8489 = CARTESIAN_POINT('',(55.131539686159,16.767134492116,6.61));
#8490 = CARTESIAN_POINT('',(55.11,16.635398697676,6.61));
#8491 = CARTESIAN_POINT('',(55.11,16.492893218812,6.61));
#8492 = ORIENTED_EDGE('',*,*,#8493,.F.);
#8493 = EDGE_CURVE('',#5804,#8479,#8494,.T.);
#8494 = B_SPLINE_CURVE_WITH_KNOTS('',1,(#8495,#8496),.UNSPECIFIED.,.F.,
  .F.,(2,2),(0.,1.13188428768),.PIECEWISE_BEZIER_KNOTS.);
#8495 = CARTESIAN_POINT('',(54.92,16.492893218812,6.8));
#8496 = CARTESIAN_POINT('',(55.11,16.492893218812,6.61));
#8497 = ORIENTED_EDGE('',*,*,#5811,.F.);
#8498 = B_SPLINE_SURFACE_WITH_KNOTS('',1,9,(
    (#8499,#8500,#8501,#8502,#8503,#8504,#8505,#8506,#8507,#8508)
    ,(#8509,#8510,#8511,#8512,#8513,#8514,#8515,#8516,#8517,#8518
  )),.UNSPECIFIED.,.F.,.F.,.F.,(2,2),(10,10),(0.,1.13188428768),(
    6.285786437626,7.417670725307),.PIECEWISE_BEZIER_KNOTS.);
#8499 = CARTESIAN_POINT('',(55.817106781187,17.389999999999,6.8));
#8500 = CARTESIAN_POINT('',(55.649073766073,17.389999999999,6.8));
#8501 = CARTESIAN_POINT('',(55.487898611279,17.364764656696,6.8));
#8502 = CARTESIAN_POINT('',(55.336689117339,17.310914742385,6.8));
#8503 = CARTESIAN_POINT('',(55.198671025368,17.231801985599,6.8));
#8504 = CARTESIAN_POINT('',(55.078198014403,17.111328974629,6.8));
#8505 = CARTESIAN_POINT('',(54.999085257611,16.97331088266,6.8));
#8506 = CARTESIAN_POINT('',(54.945235343304,16.822101388721,6.8));
#8507 = CARTESIAN_POINT('',(54.92,16.660926233926,6.8));
#8508 = CARTESIAN_POINT('',(54.92,16.492893218812,6.8));
#8509 = CARTESIAN_POINT('',(55.817106781187,17.199999999999,6.61));
#8510 = CARTESIAN_POINT('',(55.674601302323,17.199999999999,6.61));
#8511 = CARTESIAN_POINT('',(55.542865507883,17.178460313842,6.61));
#8512 = CARTESIAN_POINT('',(55.424690368771,17.135380853537,6.61));
#8513 = CARTESIAN_POINT('',(55.322585045123,17.071324211614,6.61));
#8514 = CARTESIAN_POINT('',(55.238675788389,16.987414954874,6.61));
#8515 = CARTESIAN_POINT('',(55.174619146459,16.885309631229,6.61));
#8516 = CARTESIAN_POINT('',(55.131539686159,16.767134492116,6.61));
#8517 = CARTESIAN_POINT('',(55.11,16.635398697676,6.61));
#8518 = CARTESIAN_POINT('',(55.11,16.492893218812,6.61));
#8519 = ADVANCED_FACE('',(#8520),#8537,.T.);
#8520 = FACE_BOUND('',#8521,.T.);
#8521 = EDGE_LOOP('',(#8522,#8529,#8530,#8531));
#8522 = ORIENTED_EDGE('',*,*,#8523,.F.);
#8523 = EDGE_CURVE('',#5758,#8524,#8526,.T.);
#8524 = VERTEX_POINT('',#8525);
#8525 = CARTESIAN_POINT('',(62.81,6.707106781187,6.61));
#8526 = B_SPLINE_CURVE_WITH_KNOTS('',1,(#8527,#8528),.UNSPECIFIED.,.F.,
  .F.,(2,2),(0.,1.13188428768),.PIECEWISE_BEZIER_KNOTS.);
#8527 = CARTESIAN_POINT('',(63.,6.707106781187,6.8));
#8528 = CARTESIAN_POINT('',(62.81,6.707106781187,6.61));
#8529 = ORIENTED_EDGE('',*,*,#5757,.T.);
#8530 = ORIENTED_EDGE('',*,*,#8430,.T.);
#8531 = ORIENTED_EDGE('',*,*,#8532,.F.);
#8532 = EDGE_CURVE('',#8524,#8431,#8533,.T.);
#8533 = LINE('',#8534,#8535);
#8534 = CARTESIAN_POINT('',(62.81,6.707106781187,6.61));
#8535 = VECTOR('',#8536,1.);
#8536 = DIRECTION('',(4.4E-16,1.,2.2E-16));
#8537 = PLANE('',#8538);
#8538 = AXIS2_PLACEMENT_3D('',#8539,#8540,#8541);
#8539 = CARTESIAN_POINT('',(62.905,6.707106781187,6.705));
#8540 = DIRECTION('',(-0.707106781187,5.E-16,0.707106781187));
#8541 = DIRECTION('',(6.885533905933E-16,1.,-1.855339059327E-17));
#8542 = ADVANCED_FACE('',(#8543),#8561,.F.);
#8543 = FACE_BOUND('',#8544,.T.);
#8544 = EDGE_LOOP('',(#8545,#8546,#8547,#8555));
#8545 = ORIENTED_EDGE('',*,*,#8493,.F.);
#8546 = ORIENTED_EDGE('',*,*,#5803,.T.);
#8547 = ORIENTED_EDGE('',*,*,#8548,.T.);
#8548 = EDGE_CURVE('',#5789,#8549,#8551,.T.);
#8549 = VERTEX_POINT('',#8550);
#8550 = CARTESIAN_POINT('',(55.11,6.707106781187,6.61));
#8551 = LINE('',#8552,#8553);
#8552 = CARTESIAN_POINT('',(55.015,6.707106781187,6.705));
#8553 = VECTOR('',#8554,1.);
#8554 = DIRECTION('',(0.707106781187,-1.6E-16,-0.707106781187));
#8555 = ORIENTED_EDGE('',*,*,#8556,.F.);
#8556 = EDGE_CURVE('',#8479,#8549,#8557,.T.);
#8557 = LINE('',#8558,#8559);
#8558 = CARTESIAN_POINT('',(55.11,16.492893218812,6.61));
#8559 = VECTOR('',#8560,1.);
#8560 = DIRECTION('',(-4.4E-16,-1.,-2.2E-16));
#8561 = PLANE('',#8562);
#8562 = AXIS2_PLACEMENT_3D('',#8563,#8564,#8565);
#8563 = CARTESIAN_POINT('',(55.015,16.492893218812,6.705));
#8564 = DIRECTION('',(-0.707106781187,0.,-0.707106781187));
#8565 = DIRECTION('',(1.1E-16,1.,-1.1E-16));
#8566 = ADVANCED_FACE('',(#8567),#8592,.F.);
#8567 = FACE_BOUND('',#8568,.F.);
#8568 = EDGE_LOOP('',(#8569,#8577,#8590,#8591));
#8569 = ORIENTED_EDGE('',*,*,#8570,.T.);
#8570 = EDGE_CURVE('',#5766,#8571,#8573,.T.);
#8571 = VERTEX_POINT('',#8572);
#8572 = CARTESIAN_POINT('',(62.102893218813,6.,6.61));
#8573 = LINE('',#8574,#8575);
#8574 = CARTESIAN_POINT('',(62.102893218813,5.905,6.705));
#8575 = VECTOR('',#8576,1.);
#8576 = DIRECTION('',(0.,0.707106781187,-0.707106781187));
#8577 = ORIENTED_EDGE('',*,*,#8578,.T.);
#8578 = EDGE_CURVE('',#8571,#8524,#8579,.T.);
#8579 = B_SPLINE_CURVE_WITH_KNOTS('',9,(#8580,#8581,#8582,#8583,#8584,
    #8585,#8586,#8587,#8588,#8589),.UNSPECIFIED.,.F.,.F.,(10,10),(
    24.621127888239,25.753012175919),.PIECEWISE_BEZIER_KNOTS.);
#8580 = CARTESIAN_POINT('',(62.102893218813,6.,6.61));
#8581 = CARTESIAN_POINT('',(62.245398697676,6.,6.61));
#8582 = CARTESIAN_POINT('',(62.377134492122,6.021539686157,6.61));
#8583 = CARTESIAN_POINT('',(62.495309631221,6.064619146462,
    6.609999999999));
#8584 = CARTESIAN_POINT('',(62.597414954888,6.128675788384,
    6.610000000001));
#8585 = CARTESIAN_POINT('',(62.681324211603,6.212585045126,
    6.609999999999));
#8586 = CARTESIAN_POINT('',(62.745380853546,6.314690368769,
    6.610000000001));
#8587 = CARTESIAN_POINT('',(62.788460313839,6.432865507883,6.61));
#8588 = CARTESIAN_POINT('',(62.810000000001,6.564601302323,6.61));
#8589 = CARTESIAN_POINT('',(62.81,6.707106781187,6.61));
#8590 = ORIENTED_EDGE('',*,*,#8523,.F.);
#8591 = ORIENTED_EDGE('',*,*,#5765,.F.);
#8592 = B_SPLINE_SURFACE_WITH_KNOTS('',1,9,(
    (#8593,#8594,#8595,#8596,#8597,#8598,#8599,#8600,#8601,#8602)
    ,(#8603,#8604,#8605,#8606,#8607,#8608,#8609,#8610,#8611,#8612
  )),.UNSPECIFIED.,.F.,.F.,.F.,(2,2),(10,10),(0.,1.13188428768),(
    24.621127888239,25.753012175919),.PIECEWISE_BEZIER_KNOTS.);
#8593 = CARTESIAN_POINT('',(62.102893218813,5.81,6.8));
#8594 = CARTESIAN_POINT('',(62.270926233926,5.81,6.8));
#8595 = CARTESIAN_POINT('',(62.432101388727,5.835235343304,
    6.800000000001));
#8596 = CARTESIAN_POINT('',(62.583310882651,5.889085257613,
    6.799999999999));
#8597 = CARTESIAN_POINT('',(62.721328974644,5.968198014401,
    6.800000000002));
#8598 = CARTESIAN_POINT('',(62.841801985586,6.088671025369,
    6.799999999998));
#8599 = CARTESIAN_POINT('',(62.920914742395,6.22668911734,6.800000000001
    ));
#8600 = CARTESIAN_POINT('',(62.974764656693,6.377898611277,
    6.799999999999));
#8601 = CARTESIAN_POINT('',(63.000000000001,6.539073766073,6.8));
#8602 = CARTESIAN_POINT('',(63.,6.707106781187,6.8));
#8603 = CARTESIAN_POINT('',(62.102893218813,6.,6.61));
#8604 = CARTESIAN_POINT('',(62.245398697676,6.,6.61));
#8605 = CARTESIAN_POINT('',(62.377134492122,6.021539686157,6.61));
#8606 = CARTESIAN_POINT('',(62.495309631221,6.064619146462,
    6.609999999999));
#8607 = CARTESIAN_POINT('',(62.597414954888,6.128675788384,
    6.610000000001));
#8608 = CARTESIAN_POINT('',(62.681324211603,6.212585045126,
    6.609999999999));
#8609 = CARTESIAN_POINT('',(62.745380853546,6.314690368769,
    6.610000000001));
#8610 = CARTESIAN_POINT('',(62.788460313839,6.432865507883,6.61));
#8611 = CARTESIAN_POINT('',(62.810000000001,6.564601302323,6.61));
#8612 = CARTESIAN_POINT('',(62.81,6.707106781187,6.61));
#8613 = ADVANCED_FACE('',(#8614),#8638,.F.);
#8614 = FACE_BOUND('',#8615,.F.);
#8615 = EDGE_LOOP('',(#8616,#8617,#8632,#8637));
#8616 = ORIENTED_EDGE('',*,*,#8548,.T.);
#8617 = ORIENTED_EDGE('',*,*,#8618,.T.);
#8618 = EDGE_CURVE('',#8549,#8619,#8621,.T.);
#8619 = VERTEX_POINT('',#8620);
#8620 = CARTESIAN_POINT('',(55.817106781187,6.,6.61));
#8621 = B_SPLINE_CURVE_WITH_KNOTS('',9,(#8622,#8623,#8624,#8625,#8626,
    #8627,#8628,#8629,#8630,#8631),.UNSPECIFIED.,.F.,.F.,(10,10),(
    17.203457162932,18.335341450612),.PIECEWISE_BEZIER_KNOTS.);
#8622 = CARTESIAN_POINT('',(55.11,6.707106781187,6.61));
#8623 = CARTESIAN_POINT('',(55.109999999998,6.564601302323,6.61));
#8624 = CARTESIAN_POINT('',(55.131539686163,6.432865507884,
    6.610000000001));
#8625 = CARTESIAN_POINT('',(55.174619146451,6.314690368767,
    6.609999999998));
#8626 = CARTESIAN_POINT('',(55.238675788399,6.21258504513,6.610000000003
    ));
#8627 = CARTESIAN_POINT('',(55.322585045113,6.128675788381,
    6.609999999997));
#8628 = CARTESIAN_POINT('',(55.424690368778,6.064619146464,
    6.610000000002));
#8629 = CARTESIAN_POINT('',(55.542865507879,6.021539686156,
    6.609999999999));
#8630 = CARTESIAN_POINT('',(55.674601302324,6.,6.61));
#8631 = CARTESIAN_POINT('',(55.817106781187,6.,6.61));
#8632 = ORIENTED_EDGE('',*,*,#8633,.F.);
#8633 = EDGE_CURVE('',#5781,#8619,#8634,.T.);
#8634 = B_SPLINE_CURVE_WITH_KNOTS('',1,(#8635,#8636),.UNSPECIFIED.,.F.,
  .F.,(2,2),(0.,1.13188428768),.PIECEWISE_BEZIER_KNOTS.);
#8635 = CARTESIAN_POINT('',(55.817106781187,5.81,6.8));
#8636 = CARTESIAN_POINT('',(55.817106781187,6.,6.61));
#8637 = ORIENTED_EDGE('',*,*,#5788,.F.);
#8638 = B_SPLINE_SURFACE_WITH_KNOTS('',1,9,(
    (#8639,#8640,#8641,#8642,#8643,#8644,#8645,#8646,#8647,#8648)
    ,(#8649,#8650,#8651,#8652,#8653,#8654,#8655,#8656,#8657,#8658
  )),.UNSPECIFIED.,.F.,.F.,.F.,(2,2),(10,10),(0.,1.13188428768),(
    17.203457162932,18.335341450612),.PIECEWISE_BEZIER_KNOTS.);
#8639 = CARTESIAN_POINT('',(54.92,6.707106781187,6.8));
#8640 = CARTESIAN_POINT('',(54.919999999998,6.539073766073,6.8));
#8641 = CARTESIAN_POINT('',(54.945235343309,6.377898611279,
    6.800000000001));
#8642 = CARTESIAN_POINT('',(54.999085257602,6.226689117337,
    6.799999999998));
#8643 = CARTESIAN_POINT('',(55.078198014415,6.088671025372,
    6.800000000002));
#8644 = CARTESIAN_POINT('',(55.198671025356,5.968198014398,
    6.799999999998));
#8645 = CARTESIAN_POINT('',(55.336689117347,5.889085257615,
    6.800000000001));
#8646 = CARTESIAN_POINT('',(55.487898611274,5.835235343303,
    6.799999999999));
#8647 = CARTESIAN_POINT('',(55.649073766074,5.81,6.8));
#8648 = CARTESIAN_POINT('',(55.817106781187,5.81,6.8));
#8649 = CARTESIAN_POINT('',(55.11,6.707106781187,6.61));
#8650 = CARTESIAN_POINT('',(55.109999999998,6.564601302323,6.61));
#8651 = CARTESIAN_POINT('',(55.131539686163,6.432865507884,
    6.610000000001));
#8652 = CARTESIAN_POINT('',(55.174619146451,6.314690368767,
    6.609999999998));
#8653 = CARTESIAN_POINT('',(55.238675788399,6.21258504513,6.610000000003
    ));
#8654 = CARTESIAN_POINT('',(55.322585045113,6.128675788381,
    6.609999999997));
#8655 = CARTESIAN_POINT('',(55.424690368778,6.064619146464,
    6.610000000002));
#8656 = CARTESIAN_POINT('',(55.542865507879,6.021539686156,
    6.609999999999));
#8657 = CARTESIAN_POINT('',(55.674601302324,6.,6.61));
#8658 = CARTESIAN_POINT('',(55.817106781187,6.,6.61));
#8659 = ADVANCED_FACE('',(#8660),#8671,.T.);
#8660 = FACE_BOUND('',#8661,.T.);
#8661 = EDGE_LOOP('',(#8662,#8663,#8664,#8665));
#8662 = ORIENTED_EDGE('',*,*,#8633,.F.);
#8663 = ORIENTED_EDGE('',*,*,#5780,.T.);
#8664 = ORIENTED_EDGE('',*,*,#8570,.T.);
#8665 = ORIENTED_EDGE('',*,*,#8666,.F.);
#8666 = EDGE_CURVE('',#8619,#8571,#8667,.T.);
#8667 = LINE('',#8668,#8669);
#8668 = CARTESIAN_POINT('',(55.817106781187,6.,6.61));
#8669 = VECTOR('',#8670,1.);
#8670 = DIRECTION('',(1.,0.,0.));
#8671 = PLANE('',#8672);
#8672 = AXIS2_PLACEMENT_3D('',#8673,#8674,#8675);
#8673 = CARTESIAN_POINT('',(55.817106781187,5.905,6.705));
#8674 = DIRECTION('',(0.,0.707106781187,0.707106781187));
#8675 = DIRECTION('',(1.,0.,0.));
#8676 = ADVANCED_FACE('',(#8677),#8693,.T.);
#8677 = FACE_BOUND('',#8678,.T.);
#8678 = EDGE_LOOP('',(#8679,#8685,#8686,#8692));
#8679 = ORIENTED_EDGE('',*,*,#8680,.F.);
#8680 = EDGE_CURVE('',#5827,#7513,#8681,.T.);
#8681 = LINE('',#8682,#8683);
#8682 = CARTESIAN_POINT('',(69.427,7.8,6.6));
#8683 = VECTOR('',#8684,1.);
#8684 = DIRECTION('',(-0.,-0.,-1.));
#8685 = ORIENTED_EDGE('',*,*,#5826,.T.);
#8686 = ORIENTED_EDGE('',*,*,#8687,.F.);
#8687 = EDGE_CURVE('',#7515,#5829,#8688,.T.);
#8688 = LINE('',#8689,#8690);
#8689 = CARTESIAN_POINT('',(69.427,9.8,6.6));
#8690 = VECTOR('',#8691,1.);
#8691 = DIRECTION('',(0.,0.,1.));
#8692 = ORIENTED_EDGE('',*,*,#7512,.F.);
#8693 = PLANE('',#8694);
#8694 = AXIS2_PLACEMENT_3D('',#8695,#8696,#8697);
#8695 = CARTESIAN_POINT('',(69.427,8.8,6.6));
#8696 = DIRECTION('',(-1.,-0.,-0.));
#8697 = DIRECTION('',(0.,0.,-1.));
#8698 = ADVANCED_FACE('',(#8699),#8710,.F.);
#8699 = FACE_BOUND('',#8700,.T.);
#8700 = EDGE_LOOP('',(#8701,#8702,#8708,#8709));
#8701 = ORIENTED_EDGE('',*,*,#7573,.F.);
#8702 = ORIENTED_EDGE('',*,*,#8703,.T.);
#8703 = EDGE_CURVE('',#7566,#5837,#8704,.T.);
#8704 = LINE('',#8705,#8706);
#8705 = CARTESIAN_POINT('',(68.427,6.8,6.6));
#8706 = VECTOR('',#8707,1.);
#8707 = DIRECTION('',(0.,0.,1.));
#8708 = ORIENTED_EDGE('',*,*,#5836,.T.);
#8709 = ORIENTED_EDGE('',*,*,#8680,.T.);
#8710 = CYLINDRICAL_SURFACE('',#8711,1.);
#8711 = AXIS2_PLACEMENT_3D('',#8712,#8713,#8714);
#8712 = CARTESIAN_POINT('',(68.427,7.8,6.6));
#8713 = DIRECTION('',(-0.,-0.,-1.));
#8714 = DIRECTION('',(1.,0.,0.));
#8715 = ADVANCED_FACE('',(#8716),#8727,.F.);
#8716 = FACE_BOUND('',#8717,.T.);
#8717 = EDGE_LOOP('',(#8718,#8719,#8720,#8721));
#8718 = ORIENTED_EDGE('',*,*,#7522,.F.);
#8719 = ORIENTED_EDGE('',*,*,#8687,.T.);
#8720 = ORIENTED_EDGE('',*,*,#5887,.T.);
#8721 = ORIENTED_EDGE('',*,*,#8722,.T.);
#8722 = EDGE_CURVE('',#5880,#7523,#8723,.T.);
#8723 = LINE('',#8724,#8725);
#8724 = CARTESIAN_POINT('',(68.427,10.8,6.6));
#8725 = VECTOR('',#8726,1.);
#8726 = DIRECTION('',(-0.,-0.,-1.));
#8727 = CYLINDRICAL_SURFACE('',#8728,1.);
#8728 = AXIS2_PLACEMENT_3D('',#8729,#8730,#8731);
#8729 = CARTESIAN_POINT('',(68.427,9.8,6.6));
#8730 = DIRECTION('',(-0.,-0.,-1.));
#8731 = DIRECTION('',(1.,0.,0.));
#8732 = ADVANCED_FACE('',(#8733),#8744,.T.);
#8733 = FACE_BOUND('',#8734,.T.);
#8734 = EDGE_LOOP('',(#8735,#8741,#8742,#8743));
#8735 = ORIENTED_EDGE('',*,*,#8736,.F.);
#8736 = EDGE_CURVE('',#5846,#7557,#8737,.T.);
#8737 = LINE('',#8738,#8739);
#8738 = CARTESIAN_POINT('',(67.427,6.8,6.6));
#8739 = VECTOR('',#8740,1.);
#8740 = DIRECTION('',(-0.,-0.,-1.));
#8741 = ORIENTED_EDGE('',*,*,#5845,.T.);
#8742 = ORIENTED_EDGE('',*,*,#8703,.F.);
#8743 = ORIENTED_EDGE('',*,*,#7565,.F.);
#8744 = PLANE('',#8745);
#8745 = AXIS2_PLACEMENT_3D('',#8746,#8747,#8748);
#8746 = CARTESIAN_POINT('',(67.927,6.8,6.6));
#8747 = DIRECTION('',(0.,1.,0.));
#8748 = DIRECTION('',(0.,0.,1.));
#8749 = ADVANCED_FACE('',(#8750),#8761,.T.);
#8750 = FACE_BOUND('',#8751,.T.);
#8751 = EDGE_LOOP('',(#8752,#8753,#8754,#8760));
#8752 = ORIENTED_EDGE('',*,*,#8722,.F.);
#8753 = ORIENTED_EDGE('',*,*,#5879,.T.);
#8754 = ORIENTED_EDGE('',*,*,#8755,.F.);
#8755 = EDGE_CURVE('',#7532,#5871,#8756,.T.);
#8756 = LINE('',#8757,#8758);
#8757 = CARTESIAN_POINT('',(67.427,10.8,6.6));
#8758 = VECTOR('',#8759,1.);
#8759 = DIRECTION('',(0.,0.,1.));
#8760 = ORIENTED_EDGE('',*,*,#7531,.F.);
#8761 = PLANE('',#8762);
#8762 = AXIS2_PLACEMENT_3D('',#8763,#8764,#8765);
#8763 = CARTESIAN_POINT('',(67.927,10.8,6.6));
#8764 = DIRECTION('',(-0.,-1.,-0.));
#8765 = DIRECTION('',(0.,0.,-1.));
#8766 = ADVANCED_FACE('',(#8767),#8778,.F.);
#8767 = FACE_BOUND('',#8768,.T.);
#8768 = EDGE_LOOP('',(#8769,#8770,#8776,#8777));
#8769 = ORIENTED_EDGE('',*,*,#7556,.F.);
#8770 = ORIENTED_EDGE('',*,*,#8771,.T.);
#8771 = EDGE_CURVE('',#7549,#5854,#8772,.T.);
#8772 = LINE('',#8773,#8774);
#8773 = CARTESIAN_POINT('',(66.427,7.8,6.6));
#8774 = VECTOR('',#8775,1.);
#8775 = DIRECTION('',(0.,0.,1.));
#8776 = ORIENTED_EDGE('',*,*,#5853,.T.);
#8777 = ORIENTED_EDGE('',*,*,#8736,.T.);
#8778 = CYLINDRICAL_SURFACE('',#8779,1.);
#8779 = AXIS2_PLACEMENT_3D('',#8780,#8781,#8782);
#8780 = CARTESIAN_POINT('',(67.427,7.8,6.6));
#8781 = DIRECTION('',(-0.,-0.,-1.));
#8782 = DIRECTION('',(1.,0.,0.));
#8783 = ADVANCED_FACE('',(#8784),#8795,.F.);
#8784 = FACE_BOUND('',#8785,.T.);
#8785 = EDGE_LOOP('',(#8786,#8787,#8788,#8789));
#8786 = ORIENTED_EDGE('',*,*,#7539,.F.);
#8787 = ORIENTED_EDGE('',*,*,#8755,.T.);
#8788 = ORIENTED_EDGE('',*,*,#5870,.T.);
#8789 = ORIENTED_EDGE('',*,*,#8790,.T.);
#8790 = EDGE_CURVE('',#5863,#7540,#8791,.T.);
#8791 = LINE('',#8792,#8793);
#8792 = CARTESIAN_POINT('',(66.427,9.8,6.6));
#8793 = VECTOR('',#8794,1.);
#8794 = DIRECTION('',(-0.,-0.,-1.));
#8795 = CYLINDRICAL_SURFACE('',#8796,1.);
#8796 = AXIS2_PLACEMENT_3D('',#8797,#8798,#8799);
#8797 = CARTESIAN_POINT('',(67.427,9.8,6.6));
#8798 = DIRECTION('',(-0.,-0.,-1.));
#8799 = DIRECTION('',(1.,0.,0.));
#8800 = ADVANCED_FACE('',(#8801),#8807,.T.);
#8801 = FACE_BOUND('',#8802,.T.);
#8802 = EDGE_LOOP('',(#8803,#8804,#8805,#8806));
#8803 = ORIENTED_EDGE('',*,*,#8790,.F.);
#8804 = ORIENTED_EDGE('',*,*,#5862,.T.);
#8805 = ORIENTED_EDGE('',*,*,#8771,.F.);
#8806 = ORIENTED_EDGE('',*,*,#7548,.F.);
#8807 = PLANE('',#8808);
#8808 = AXIS2_PLACEMENT_3D('',#8809,#8810,#8811);
#8809 = CARTESIAN_POINT('',(66.427,8.8,6.6));
#8810 = DIRECTION('',(1.,0.,0.));
#8811 = DIRECTION('',(0.,0.,1.));
#8812 = ADVANCED_FACE('',(#8813),#8829,.T.);
#8813 = FACE_BOUND('',#8814,.T.);
#8814 = EDGE_LOOP('',(#8815,#8821,#8822,#8828));
#8815 = ORIENTED_EDGE('',*,*,#8816,.F.);
#8816 = EDGE_CURVE('',#5897,#7599,#8817,.T.);
#8817 = LINE('',#8818,#8819);
#8818 = CARTESIAN_POINT('',(73.127,7.8,6.6));
#8819 = VECTOR('',#8820,1.);
#8820 = DIRECTION('',(-0.,-0.,-1.));
#8821 = ORIENTED_EDGE('',*,*,#5896,.T.);
#8822 = ORIENTED_EDGE('',*,*,#8823,.F.);
#8823 = EDGE_CURVE('',#7601,#5899,#8824,.T.);
#8824 = LINE('',#8825,#8826);
#8825 = CARTESIAN_POINT('',(73.127,9.8,6.6));
#8826 = VECTOR('',#8827,1.);
#8827 = DIRECTION('',(0.,0.,1.));
#8828 = ORIENTED_EDGE('',*,*,#7598,.F.);
#8829 = PLANE('',#8830);
#8830 = AXIS2_PLACEMENT_3D('',#8831,#8832,#8833);
#8831 = CARTESIAN_POINT('',(73.127,8.8,6.6));
#8832 = DIRECTION('',(-1.,-0.,-0.));
#8833 = DIRECTION('',(0.,0.,-1.));
#8834 = ADVANCED_FACE('',(#8835),#8846,.F.);
#8835 = FACE_BOUND('',#8836,.T.);
#8836 = EDGE_LOOP('',(#8837,#8838,#8844,#8845));
#8837 = ORIENTED_EDGE('',*,*,#7659,.F.);
#8838 = ORIENTED_EDGE('',*,*,#8839,.T.);
#8839 = EDGE_CURVE('',#7652,#5907,#8840,.T.);
#8840 = LINE('',#8841,#8842);
#8841 = CARTESIAN_POINT('',(72.127,6.8,6.6));
#8842 = VECTOR('',#8843,1.);
#8843 = DIRECTION('',(0.,0.,1.));
#8844 = ORIENTED_EDGE('',*,*,#5906,.T.);
#8845 = ORIENTED_EDGE('',*,*,#8816,.T.);
#8846 = CYLINDRICAL_SURFACE('',#8847,1.);
#8847 = AXIS2_PLACEMENT_3D('',#8848,#8849,#8850);
#8848 = CARTESIAN_POINT('',(72.127,7.8,6.6));
#8849 = DIRECTION('',(-0.,-0.,-1.));
#8850 = DIRECTION('',(1.,0.,0.));
#8851 = ADVANCED_FACE('',(#8852),#8863,.F.);
#8852 = FACE_BOUND('',#8853,.T.);
#8853 = EDGE_LOOP('',(#8854,#8855,#8856,#8857));
#8854 = ORIENTED_EDGE('',*,*,#7608,.F.);
#8855 = ORIENTED_EDGE('',*,*,#8823,.T.);
#8856 = ORIENTED_EDGE('',*,*,#5957,.T.);
#8857 = ORIENTED_EDGE('',*,*,#8858,.T.);
#8858 = EDGE_CURVE('',#5950,#7609,#8859,.T.);
#8859 = LINE('',#8860,#8861);
#8860 = CARTESIAN_POINT('',(72.127,10.8,6.6));
#8861 = VECTOR('',#8862,1.);
#8862 = DIRECTION('',(-0.,-0.,-1.));
#8863 = CYLINDRICAL_SURFACE('',#8864,1.);
#8864 = AXIS2_PLACEMENT_3D('',#8865,#8866,#8867);
#8865 = CARTESIAN_POINT('',(72.127,9.8,6.6));
#8866 = DIRECTION('',(-0.,-0.,-1.));
#8867 = DIRECTION('',(1.,0.,0.));
#8868 = ADVANCED_FACE('',(#8869),#8880,.T.);
#8869 = FACE_BOUND('',#8870,.T.);
#8870 = EDGE_LOOP('',(#8871,#8877,#8878,#8879));
#8871 = ORIENTED_EDGE('',*,*,#8872,.F.);
#8872 = EDGE_CURVE('',#5916,#7643,#8873,.T.);
#8873 = LINE('',#8874,#8875);
#8874 = CARTESIAN_POINT('',(71.127,6.8,6.6));
#8875 = VECTOR('',#8876,1.);
#8876 = DIRECTION('',(-0.,-0.,-1.));
#8877 = ORIENTED_EDGE('',*,*,#5915,.T.);
#8878 = ORIENTED_EDGE('',*,*,#8839,.F.);
#8879 = ORIENTED_EDGE('',*,*,#7651,.F.);
#8880 = PLANE('',#8881);
#8881 = AXIS2_PLACEMENT_3D('',#8882,#8883,#8884);
#8882 = CARTESIAN_POINT('',(71.627,6.8,6.6));
#8883 = DIRECTION('',(0.,1.,0.));
#8884 = DIRECTION('',(0.,0.,1.));
#8885 = ADVANCED_FACE('',(#8886),#8897,.T.);
#8886 = FACE_BOUND('',#8887,.T.);
#8887 = EDGE_LOOP('',(#8888,#8889,#8890,#8896));
#8888 = ORIENTED_EDGE('',*,*,#8858,.F.);
#8889 = ORIENTED_EDGE('',*,*,#5949,.T.);
#8890 = ORIENTED_EDGE('',*,*,#8891,.F.);
#8891 = EDGE_CURVE('',#7618,#5941,#8892,.T.);
#8892 = LINE('',#8893,#8894);
#8893 = CARTESIAN_POINT('',(71.127,10.8,6.6));
#8894 = VECTOR('',#8895,1.);
#8895 = DIRECTION('',(0.,0.,1.));
#8896 = ORIENTED_EDGE('',*,*,#7617,.F.);
#8897 = PLANE('',#8898);
#8898 = AXIS2_PLACEMENT_3D('',#8899,#8900,#8901);
#8899 = CARTESIAN_POINT('',(71.627,10.8,6.6));
#8900 = DIRECTION('',(-0.,-1.,-0.));
#8901 = DIRECTION('',(0.,0.,-1.));
#8902 = ADVANCED_FACE('',(#8903),#8914,.F.);
#8903 = FACE_BOUND('',#8904,.T.);
#8904 = EDGE_LOOP('',(#8905,#8906,#8912,#8913));
#8905 = ORIENTED_EDGE('',*,*,#7642,.F.);
#8906 = ORIENTED_EDGE('',*,*,#8907,.T.);
#8907 = EDGE_CURVE('',#7635,#5924,#8908,.T.);
#8908 = LINE('',#8909,#8910);
#8909 = CARTESIAN_POINT('',(70.127,7.8,6.6));
#8910 = VECTOR('',#8911,1.);
#8911 = DIRECTION('',(0.,0.,1.));
#8912 = ORIENTED_EDGE('',*,*,#5923,.T.);
#8913 = ORIENTED_EDGE('',*,*,#8872,.T.);
#8914 = CYLINDRICAL_SURFACE('',#8915,1.);
#8915 = AXIS2_PLACEMENT_3D('',#8916,#8917,#8918);
#8916 = CARTESIAN_POINT('',(71.127,7.8,6.6));
#8917 = DIRECTION('',(-0.,-0.,-1.));
#8918 = DIRECTION('',(1.,0.,0.));
#8919 = ADVANCED_FACE('',(#8920),#8931,.F.);
#8920 = FACE_BOUND('',#8921,.T.);
#8921 = EDGE_LOOP('',(#8922,#8923,#8924,#8925));
#8922 = ORIENTED_EDGE('',*,*,#7625,.F.);
#8923 = ORIENTED_EDGE('',*,*,#8891,.T.);
#8924 = ORIENTED_EDGE('',*,*,#5940,.T.);
#8925 = ORIENTED_EDGE('',*,*,#8926,.T.);
#8926 = EDGE_CURVE('',#5933,#7626,#8927,.T.);
#8927 = LINE('',#8928,#8929);
#8928 = CARTESIAN_POINT('',(70.127,9.8,6.6));
#8929 = VECTOR('',#8930,1.);
#8930 = DIRECTION('',(-0.,-0.,-1.));
#8931 = CYLINDRICAL_SURFACE('',#8932,1.);
#8932 = AXIS2_PLACEMENT_3D('',#8933,#8934,#8935);
#8933 = CARTESIAN_POINT('',(71.127,9.8,6.6));
#8934 = DIRECTION('',(-0.,-0.,-1.));
#8935 = DIRECTION('',(1.,0.,0.));
#8936 = ADVANCED_FACE('',(#8937),#8943,.T.);
#8937 = FACE_BOUND('',#8938,.T.);
#8938 = EDGE_LOOP('',(#8939,#8940,#8941,#8942));
#8939 = ORIENTED_EDGE('',*,*,#8926,.F.);
#8940 = ORIENTED_EDGE('',*,*,#5932,.T.);
#8941 = ORIENTED_EDGE('',*,*,#8907,.F.);
#8942 = ORIENTED_EDGE('',*,*,#7634,.F.);
#8943 = PLANE('',#8944);
#8944 = AXIS2_PLACEMENT_3D('',#8945,#8946,#8947);
#8945 = CARTESIAN_POINT('',(70.127,8.8,6.6));
#8946 = DIRECTION('',(1.,0.,0.));
#8947 = DIRECTION('',(0.,0.,1.));
#8948 = ADVANCED_FACE('',(#8949),#8965,.T.);
#8949 = FACE_BOUND('',#8950,.T.);
#8950 = EDGE_LOOP('',(#8951,#8957,#8958,#8964));
#8951 = ORIENTED_EDGE('',*,*,#8952,.F.);
#8952 = EDGE_CURVE('',#5967,#7685,#8953,.T.);
#8953 = LINE('',#8954,#8955);
#8954 = CARTESIAN_POINT('',(76.827,7.8,6.6));
#8955 = VECTOR('',#8956,1.);
#8956 = DIRECTION('',(-0.,-0.,-1.));
#8957 = ORIENTED_EDGE('',*,*,#5966,.T.);
#8958 = ORIENTED_EDGE('',*,*,#8959,.F.);
#8959 = EDGE_CURVE('',#7687,#5969,#8960,.T.);
#8960 = LINE('',#8961,#8962);
#8961 = CARTESIAN_POINT('',(76.827,9.8,6.6));
#8962 = VECTOR('',#8963,1.);
#8963 = DIRECTION('',(0.,0.,1.));
#8964 = ORIENTED_EDGE('',*,*,#7684,.F.);
#8965 = PLANE('',#8966);
#8966 = AXIS2_PLACEMENT_3D('',#8967,#8968,#8969);
#8967 = CARTESIAN_POINT('',(76.827,8.8,6.6));
#8968 = DIRECTION('',(-1.,-0.,-0.));
#8969 = DIRECTION('',(0.,0.,-1.));
#8970 = ADVANCED_FACE('',(#8971),#8982,.F.);
#8971 = FACE_BOUND('',#8972,.T.);
#8972 = EDGE_LOOP('',(#8973,#8974,#8980,#8981));
#8973 = ORIENTED_EDGE('',*,*,#7745,.F.);
#8974 = ORIENTED_EDGE('',*,*,#8975,.T.);
#8975 = EDGE_CURVE('',#7738,#5977,#8976,.T.);
#8976 = LINE('',#8977,#8978);
#8977 = CARTESIAN_POINT('',(75.827,6.8,6.6));
#8978 = VECTOR('',#8979,1.);
#8979 = DIRECTION('',(0.,0.,1.));
#8980 = ORIENTED_EDGE('',*,*,#5976,.T.);
#8981 = ORIENTED_EDGE('',*,*,#8952,.T.);
#8982 = CYLINDRICAL_SURFACE('',#8983,1.);
#8983 = AXIS2_PLACEMENT_3D('',#8984,#8985,#8986);
#8984 = CARTESIAN_POINT('',(75.827,7.8,6.6));
#8985 = DIRECTION('',(-0.,-0.,-1.));
#8986 = DIRECTION('',(1.,0.,0.));
#8987 = ADVANCED_FACE('',(#8988),#8999,.F.);
#8988 = FACE_BOUND('',#8989,.T.);
#8989 = EDGE_LOOP('',(#8990,#8991,#8992,#8993));
#8990 = ORIENTED_EDGE('',*,*,#7694,.F.);
#8991 = ORIENTED_EDGE('',*,*,#8959,.T.);
#8992 = ORIENTED_EDGE('',*,*,#6027,.T.);
#8993 = ORIENTED_EDGE('',*,*,#8994,.T.);
#8994 = EDGE_CURVE('',#6020,#7695,#8995,.T.);
#8995 = LINE('',#8996,#8997);
#8996 = CARTESIAN_POINT('',(75.827,10.8,6.6));
#8997 = VECTOR('',#8998,1.);
#8998 = DIRECTION('',(-0.,-0.,-1.));
#8999 = CYLINDRICAL_SURFACE('',#9000,1.);
#9000 = AXIS2_PLACEMENT_3D('',#9001,#9002,#9003);
#9001 = CARTESIAN_POINT('',(75.827,9.8,6.6));
#9002 = DIRECTION('',(-0.,-0.,-1.));
#9003 = DIRECTION('',(1.,0.,0.));
#9004 = ADVANCED_FACE('',(#9005),#9016,.T.);
#9005 = FACE_BOUND('',#9006,.T.);
#9006 = EDGE_LOOP('',(#9007,#9013,#9014,#9015));
#9007 = ORIENTED_EDGE('',*,*,#9008,.F.);
#9008 = EDGE_CURVE('',#5986,#7729,#9009,.T.);
#9009 = LINE('',#9010,#9011);
#9010 = CARTESIAN_POINT('',(74.827,6.8,6.6));
#9011 = VECTOR('',#9012,1.);
#9012 = DIRECTION('',(-0.,-0.,-1.));
#9013 = ORIENTED_EDGE('',*,*,#5985,.T.);
#9014 = ORIENTED_EDGE('',*,*,#8975,.F.);
#9015 = ORIENTED_EDGE('',*,*,#7737,.F.);
#9016 = PLANE('',#9017);
#9017 = AXIS2_PLACEMENT_3D('',#9018,#9019,#9020);
#9018 = CARTESIAN_POINT('',(75.327,6.8,6.6));
#9019 = DIRECTION('',(0.,1.,0.));
#9020 = DIRECTION('',(0.,0.,1.));
#9021 = ADVANCED_FACE('',(#9022),#9033,.T.);
#9022 = FACE_BOUND('',#9023,.T.);
#9023 = EDGE_LOOP('',(#9024,#9025,#9026,#9032));
#9024 = ORIENTED_EDGE('',*,*,#8994,.F.);
#9025 = ORIENTED_EDGE('',*,*,#6019,.T.);
#9026 = ORIENTED_EDGE('',*,*,#9027,.F.);
#9027 = EDGE_CURVE('',#7704,#6011,#9028,.T.);
#9028 = LINE('',#9029,#9030);
#9029 = CARTESIAN_POINT('',(74.827,10.8,6.6));
#9030 = VECTOR('',#9031,1.);
#9031 = DIRECTION('',(0.,0.,1.));
#9032 = ORIENTED_EDGE('',*,*,#7703,.F.);
#9033 = PLANE('',#9034);
#9034 = AXIS2_PLACEMENT_3D('',#9035,#9036,#9037);
#9035 = CARTESIAN_POINT('',(75.327,10.8,6.6));
#9036 = DIRECTION('',(-0.,-1.,-0.));
#9037 = DIRECTION('',(0.,0.,-1.));
#9038 = ADVANCED_FACE('',(#9039),#9050,.F.);
#9039 = FACE_BOUND('',#9040,.T.);
#9040 = EDGE_LOOP('',(#9041,#9042,#9048,#9049));
#9041 = ORIENTED_EDGE('',*,*,#7728,.F.);
#9042 = ORIENTED_EDGE('',*,*,#9043,.T.);
#9043 = EDGE_CURVE('',#7721,#5994,#9044,.T.);
#9044 = LINE('',#9045,#9046);
#9045 = CARTESIAN_POINT('',(73.827,7.8,6.6));
#9046 = VECTOR('',#9047,1.);
#9047 = DIRECTION('',(0.,0.,1.));
#9048 = ORIENTED_EDGE('',*,*,#5993,.T.);
#9049 = ORIENTED_EDGE('',*,*,#9008,.T.);
#9050 = CYLINDRICAL_SURFACE('',#9051,1.);
#9051 = AXIS2_PLACEMENT_3D('',#9052,#9053,#9054);
#9052 = CARTESIAN_POINT('',(74.827,7.8,6.6));
#9053 = DIRECTION('',(-0.,-0.,-1.));
#9054 = DIRECTION('',(1.,0.,0.));
#9055 = ADVANCED_FACE('',(#9056),#9067,.F.);
#9056 = FACE_BOUND('',#9057,.T.);
#9057 = EDGE_LOOP('',(#9058,#9059,#9060,#9061));
#9058 = ORIENTED_EDGE('',*,*,#7711,.F.);
#9059 = ORIENTED_EDGE('',*,*,#9027,.T.);
#9060 = ORIENTED_EDGE('',*,*,#6010,.T.);
#9061 = ORIENTED_EDGE('',*,*,#9062,.T.);
#9062 = EDGE_CURVE('',#6003,#7712,#9063,.T.);
#9063 = LINE('',#9064,#9065);
#9064 = CARTESIAN_POINT('',(73.827,9.8,6.6));
#9065 = VECTOR('',#9066,1.);
#9066 = DIRECTION('',(-0.,-0.,-1.));
#9067 = CYLINDRICAL_SURFACE('',#9068,1.);
#9068 = AXIS2_PLACEMENT_3D('',#9069,#9070,#9071);
#9069 = CARTESIAN_POINT('',(74.827,9.8,6.6));
#9070 = DIRECTION('',(-0.,-0.,-1.));
#9071 = DIRECTION('',(1.,0.,0.));
#9072 = ADVANCED_FACE('',(#9073),#9079,.T.);
#9073 = FACE_BOUND('',#9074,.T.);
#9074 = EDGE_LOOP('',(#9075,#9076,#9077,#9078));
#9075 = ORIENTED_EDGE('',*,*,#9062,.F.);
#9076 = ORIENTED_EDGE('',*,*,#6002,.T.);
#9077 = ORIENTED_EDGE('',*,*,#9043,.F.);
#9078 = ORIENTED_EDGE('',*,*,#7720,.F.);
#9079 = PLANE('',#9080);
#9080 = AXIS2_PLACEMENT_3D('',#9081,#9082,#9083);
#9081 = CARTESIAN_POINT('',(73.827,8.8,6.6));
#9082 = DIRECTION('',(1.,0.,0.));
#9083 = DIRECTION('',(0.,0.,1.));
#9084 = ADVANCED_FACE('',(#9085),#9091,.T.);
#9085 = FACE_BOUND('',#9086,.F.);
#9086 = EDGE_LOOP('',(#9087,#9088,#9089,#9090));
#9087 = ORIENTED_EDGE('',*,*,#6093,.F.);
#9088 = ORIENTED_EDGE('',*,*,#6076,.T.);
#9089 = ORIENTED_EDGE('',*,*,#7197,.T.);
#9090 = ORIENTED_EDGE('',*,*,#6053,.F.);
#9091 = PLANE('',#9092);
#9092 = AXIS2_PLACEMENT_3D('',#9093,#9094,#9095);
#9093 = CARTESIAN_POINT('',(106.827,12.9,6.7));
#9094 = DIRECTION('',(0.,0.707106781187,0.707106781187));
#9095 = DIRECTION('',(-1.,0.,0.));
#9096 = ADVANCED_FACE('',(#9097),#9116,.T.);
#9097 = FACE_BOUND('',#9098,.T.);
#9098 = EDGE_LOOP('',(#9099,#9107,#9108,#9109));
#9099 = ORIENTED_EDGE('',*,*,#9100,.T.);
#9100 = EDGE_CURVE('',#9101,#8207,#9103,.T.);
#9101 = VERTEX_POINT('',#9102);
#9102 = CARTESIAN_POINT('',(110.527,11.,6.6));
#9103 = LINE('',#9104,#9105);
#9104 = CARTESIAN_POINT('',(110.527,11.,6.6));
#9105 = VECTOR('',#9106,1.);
#9106 = DIRECTION('',(0.,0.,1.));
#9107 = ORIENTED_EDGE('',*,*,#8216,.T.);
#9108 = ORIENTED_EDGE('',*,*,#6108,.F.);
#9109 = ORIENTED_EDGE('',*,*,#9110,.F.);
#9110 = EDGE_CURVE('',#9101,#6109,#9111,.T.);
#9111 = CIRCLE('',#9112,10.);
#9112 = AXIS2_PLACEMENT_3D('',#9113,#9114,#9115);
#9113 = CARTESIAN_POINT('',(100.527,11.,6.6));
#9114 = DIRECTION('',(0.,-0.,-1.));
#9115 = DIRECTION('',(1.,-3.2E-16,0.));
#9116 = CYLINDRICAL_SURFACE('',#9117,10.);
#9117 = AXIS2_PLACEMENT_3D('',#9118,#9119,#9120);
#9118 = CARTESIAN_POINT('',(100.527,11.,6.6));
#9119 = DIRECTION('',(0.,0.,-1.));
#9120 = DIRECTION('',(1.,-3.2E-16,0.));
#9121 = ADVANCED_FACE('',(#9122),#9133,.T.);
#9122 = FACE_BOUND('',#9123,.T.);
#9123 = EDGE_LOOP('',(#9124,#9130,#9131,#9132));
#9124 = ORIENTED_EDGE('',*,*,#9125,.F.);
#9125 = EDGE_CURVE('',#9101,#8166,#9126,.T.);
#9126 = LINE('',#9127,#9128);
#9127 = CARTESIAN_POINT('',(111.027,11.,6.1));
#9128 = VECTOR('',#9129,1.);
#9129 = DIRECTION('',(0.707106781187,0.,-0.707106781187));
#9130 = ORIENTED_EDGE('',*,*,#9110,.T.);
#9131 = ORIENTED_EDGE('',*,*,#6139,.T.);
#9132 = ORIENTED_EDGE('',*,*,#8189,.F.);
#9133 = CONICAL_SURFACE('',#9134,11.,0.785398163397);
#9134 = AXIS2_PLACEMENT_3D('',#9135,#9136,#9137);
#9135 = CARTESIAN_POINT('',(100.527,11.,5.6));
#9136 = DIRECTION('',(-0.,-0.,-1.));
#9137 = DIRECTION('',(1.,-3.2E-16,0.));
#9138 = ADVANCED_FACE('',(#9139),#9145,.T.);
#9139 = FACE_BOUND('',#9140,.F.);
#9140 = EDGE_LOOP('',(#9141,#9142,#9143,#9144));
#9141 = ORIENTED_EDGE('',*,*,#6710,.F.);
#9142 = ORIENTED_EDGE('',*,*,#6240,.T.);
#9143 = ORIENTED_EDGE('',*,*,#6214,.T.);
#9144 = ORIENTED_EDGE('',*,*,#6668,.F.);
#9145 = CONICAL_SURFACE('',#9146,1.,0.785398163397);
#9146 = AXIS2_PLACEMENT_3D('',#9147,#9148,#9149);
#9147 = CARTESIAN_POINT('',(16.227,129.869,2.3));
#9148 = DIRECTION('',(0.,0.,1.));
#9149 = DIRECTION('',(1.,0.,0.));
#9150 = ADVANCED_FACE('',(#9151),#9169,.F.);
#9151 = FACE_BOUND('',#9152,.T.);
#9152 = EDGE_LOOP('',(#9153,#9162,#9167,#9168));
#9153 = ORIENTED_EDGE('',*,*,#9154,.T.);
#9154 = EDGE_CURVE('',#9155,#9155,#9157,.T.);
#9155 = VERTEX_POINT('',#9156);
#9156 = CARTESIAN_POINT('',(14.627,139.,4.1));
#9157 = CIRCLE('',#9158,1.4);
#9158 = AXIS2_PLACEMENT_3D('',#9159,#9160,#9161);
#9159 = CARTESIAN_POINT('',(13.227,139.,4.1));
#9160 = DIRECTION('',(0.,0.,1.));
#9161 = DIRECTION('',(1.,0.,0.));
#9162 = ORIENTED_EDGE('',*,*,#9163,.F.);
#9163 = EDGE_CURVE('',#6284,#9155,#9164,.T.);
#9164 = B_SPLINE_CURVE_WITH_KNOTS('',1,(#9165,#9166),.UNSPECIFIED.,.F.,
  .F.,(2,2),(-2.,0.3),.PIECEWISE_BEZIER_KNOTS.);
#9165 = CARTESIAN_POINT('',(14.627,139.,1.8));
#9166 = CARTESIAN_POINT('',(14.627,139.,4.1));
#9167 = ORIENTED_EDGE('',*,*,#6283,.T.);
#9168 = ORIENTED_EDGE('',*,*,#9163,.T.);
#9169 = CYLINDRICAL_SURFACE('',#9170,1.4);
#9170 = AXIS2_PLACEMENT_3D('',#9171,#9172,#9173);
#9171 = CARTESIAN_POINT('',(13.227,139.,3.8));
#9172 = DIRECTION('',(0.,0.,1.));
#9173 = DIRECTION('',(1.,0.,0.));
#9174 = ADVANCED_FACE('',(#9175),#9194,.T.);
#9175 = FACE_BOUND('',#9176,.T.);
#9176 = EDGE_LOOP('',(#9177,#9178,#9187,#9193));
#9177 = ORIENTED_EDGE('',*,*,#6350,.F.);
#9178 = ORIENTED_EDGE('',*,*,#9179,.T.);
#9179 = EDGE_CURVE('',#6343,#9180,#9182,.T.);
#9180 = VERTEX_POINT('',#9181);
#9181 = CARTESIAN_POINT('',(110.527,139.,6.6));
#9182 = CIRCLE('',#9183,10.);
#9183 = AXIS2_PLACEMENT_3D('',#9184,#9185,#9186);
#9184 = CARTESIAN_POINT('',(100.527,139.,6.6));
#9185 = DIRECTION('',(0.,0.,-1.));
#9186 = DIRECTION('',(-2.58E-15,1.,0.));
#9187 = ORIENTED_EDGE('',*,*,#9188,.T.);
#9188 = EDGE_CURVE('',#9180,#7980,#9189,.T.);
#9189 = LINE('',#9190,#9191);
#9190 = CARTESIAN_POINT('',(111.527,139.,5.6));
#9191 = VECTOR('',#9192,1.);
#9192 = DIRECTION('',(0.707106781187,-1.E-17,-0.707106781187));
#9193 = ORIENTED_EDGE('',*,*,#7987,.F.);
#9194 = CONICAL_SURFACE('',#9195,11.,0.785398163397);
#9195 = AXIS2_PLACEMENT_3D('',#9196,#9197,#9198);
#9196 = CARTESIAN_POINT('',(100.527,139.,5.6));
#9197 = DIRECTION('',(-0.,-0.,-1.));
#9198 = DIRECTION('',(-2.58E-15,1.,0.));
#9199 = ADVANCED_FACE('',(#9200),#9211,.T.);
#9200 = FACE_BOUND('',#9201,.T.);
#9201 = EDGE_LOOP('',(#9202,#9203,#9204,#9210));
#9202 = ORIENTED_EDGE('',*,*,#6374,.T.);
#9203 = ORIENTED_EDGE('',*,*,#8241,.T.);
#9204 = ORIENTED_EDGE('',*,*,#9205,.F.);
#9205 = EDGE_CURVE('',#9180,#8234,#9206,.T.);
#9206 = LINE('',#9207,#9208);
#9207 = CARTESIAN_POINT('',(110.527,139.,6.6));
#9208 = VECTOR('',#9209,1.);
#9209 = DIRECTION('',(0.,0.,1.));
#9210 = ORIENTED_EDGE('',*,*,#9179,.F.);
#9211 = CYLINDRICAL_SURFACE('',#9212,10.);
#9212 = AXIS2_PLACEMENT_3D('',#9213,#9214,#9215);
#9213 = CARTESIAN_POINT('',(100.527,139.,6.6));
#9214 = DIRECTION('',(0.,0.,-1.));
#9215 = DIRECTION('',(-2.58E-15,1.,0.));
#9216 = ADVANCED_FACE('',(#9217),#9228,.T.);
#9217 = FACE_BOUND('',#9218,.F.);
#9218 = EDGE_LOOP('',(#9219,#9225,#9226,#9227));
#9219 = ORIENTED_EDGE('',*,*,#9220,.F.);
#9220 = EDGE_CURVE('',#7235,#6620,#9221,.T.);
#9221 = LINE('',#9222,#9223);
#9222 = CARTESIAN_POINT('',(100.527,148.25,2.05));
#9223 = VECTOR('',#9224,1.);
#9224 = DIRECTION('',(0.,0.707106781187,0.707106781187));
#9225 = ORIENTED_EDGE('',*,*,#7234,.T.);
#9226 = ORIENTED_EDGE('',*,*,#6643,.T.);
#9227 = ORIENTED_EDGE('',*,*,#6627,.F.);
#9228 = CONICAL_SURFACE('',#9229,9.5,0.785398163397);
#9229 = AXIS2_PLACEMENT_3D('',#9230,#9231,#9232);
#9230 = CARTESIAN_POINT('',(100.527,139.,2.3));
#9231 = DIRECTION('',(0.,0.,1.));
#9232 = DIRECTION('',(0.,1.,0.));
#9233 = ADVANCED_FACE('',(#9234),#9241,.F.);
#9234 = FACE_BOUND('',#9235,.F.);
#9235 = EDGE_LOOP('',(#9236,#9237,#9238,#9239,#9240));
#9236 = ORIENTED_EDGE('',*,*,#7182,.F.);
#9237 = ORIENTED_EDGE('',*,*,#7243,.T.);
#9238 = ORIENTED_EDGE('',*,*,#9220,.T.);
#9239 = ORIENTED_EDGE('',*,*,#6760,.F.);
#9240 = ORIENTED_EDGE('',*,*,#6726,.T.);
#9241 = PLANE('',#9242);
#9242 = AXIS2_PLACEMENT_3D('',#9243,#9244,#9245);
#9243 = CARTESIAN_POINT('',(96.527000000059,148.25,2.05));
#9244 = DIRECTION('',(0.,-0.707106781187,0.707106781187));
#9245 = DIRECTION('',(1.,0.,0.));
#9246 = ADVANCED_FACE('',(#9247),#9258,.T.);
#9247 = FACE_BOUND('',#9248,.F.);
#9248 = EDGE_LOOP('',(#9249,#9250,#9251,#9257));
#9249 = ORIENTED_EDGE('',*,*,#6861,.T.);
#9250 = ORIENTED_EDGE('',*,*,#6878,.T.);
#9251 = ORIENTED_EDGE('',*,*,#9252,.F.);
#9252 = EDGE_CURVE('',#6791,#6879,#9253,.T.);
#9253 = LINE('',#9254,#9255);
#9254 = CARTESIAN_POINT('',(24.527,145.8,2.499999869282));
#9255 = VECTOR('',#9256,1.);
#9256 = DIRECTION('',(1.,0.,0.));
#9257 = ORIENTED_EDGE('',*,*,#6790,.F.);
#9258 = PLANE('',#9259);
#9259 = AXIS2_PLACEMENT_3D('',#9260,#9261,#9262);
#9260 = CARTESIAN_POINT('',(24.527,146.2,2.9));
#9261 = DIRECTION('',(0.,-0.707106896726,0.707106665647));
#9262 = DIRECTION('',(0.,0.707106665647,0.707106896726));
#9263 = ADVANCED_FACE('',(#9264),#9275,.T.);
#9264 = FACE_BOUND('',#9265,.F.);
#9265 = EDGE_LOOP('',(#9266,#9267,#9268,#9274));
#9266 = ORIENTED_EDGE('',*,*,#9252,.T.);
#9267 = ORIENTED_EDGE('',*,*,#6886,.T.);
#9268 = ORIENTED_EDGE('',*,*,#9269,.F.);
#9269 = EDGE_CURVE('',#6799,#6887,#9270,.T.);
#9270 = LINE('',#9271,#9272);
#9271 = CARTESIAN_POINT('',(24.527,146.2,2.1));
#9272 = VECTOR('',#9273,1.);
#9273 = DIRECTION('',(1.,0.,0.));
#9274 = ORIENTED_EDGE('',*,*,#6798,.F.);
#9275 = PLANE('',#9276);
#9276 = AXIS2_PLACEMENT_3D('',#9277,#9278,#9279);
#9277 = CARTESIAN_POINT('',(24.527,145.8,2.499999869282));
#9278 = DIRECTION('',(-0.,-0.707106665647,-0.707106896726));
#9279 = DIRECTION('',(0.,-0.707106896726,0.707106665647));
#9280 = ADVANCED_FACE('',(#9281),#9287,.T.);
#9281 = FACE_BOUND('',#9282,.F.);
#9282 = EDGE_LOOP('',(#9283,#9284,#9285,#9286));
#9283 = ORIENTED_EDGE('',*,*,#9269,.T.);
#9284 = ORIENTED_EDGE('',*,*,#6894,.T.);
#9285 = ORIENTED_EDGE('',*,*,#6828,.F.);
#9286 = ORIENTED_EDGE('',*,*,#6806,.F.);
#9287 = PLANE('',#9288);
#9288 = AXIS2_PLACEMENT_3D('',#9289,#9290,#9291);
#9289 = CARTESIAN_POINT('',(24.527,146.2,2.1));
#9290 = DIRECTION('',(0.,0.,-1.));
#9291 = DIRECTION('',(-0.,-1.,-0.));
#9292 = ADVANCED_FACE('',(#9293),#9304,.F.);
#9293 = FACE_BOUND('',#9294,.T.);
#9294 = EDGE_LOOP('',(#9295,#9301,#9302,#9303));
#9295 = ORIENTED_EDGE('',*,*,#9296,.T.);
#9296 = EDGE_CURVE('',#6958,#6998,#9297,.T.);
#9297 = LINE('',#9298,#9299);
#9298 = CARTESIAN_POINT('',(66.527,146.2,2.1));
#9299 = VECTOR('',#9300,1.);
#9300 = DIRECTION('',(-1.,-0.,-0.));
#9301 = ORIENTED_EDGE('',*,*,#7005,.T.);
#9302 = ORIENTED_EDGE('',*,*,#6909,.F.);
#9303 = ORIENTED_EDGE('',*,*,#6965,.F.);
#9304 = PLANE('',#9305);
#9305 = AXIS2_PLACEMENT_3D('',#9306,#9307,#9308);
#9306 = CARTESIAN_POINT('',(66.527,146.2,2.1));
#9307 = DIRECTION('',(0.,0.,1.));
#9308 = DIRECTION('',(-0.,-1.,-0.));
#9309 = ADVANCED_FACE('',(#9310),#9321,.F.);
#9310 = FACE_BOUND('',#9311,.T.);
#9311 = EDGE_LOOP('',(#9312,#9313,#9314,#9320));
#9312 = ORIENTED_EDGE('',*,*,#7022,.T.);
#9313 = ORIENTED_EDGE('',*,*,#6989,.T.);
#9314 = ORIENTED_EDGE('',*,*,#9315,.F.);
#9315 = EDGE_CURVE('',#6950,#6990,#9316,.T.);
#9316 = LINE('',#9317,#9318);
#9317 = CARTESIAN_POINT('',(66.527,145.8,2.499999869282));
#9318 = VECTOR('',#9319,1.);
#9319 = DIRECTION('',(-1.,-0.,-0.));
#9320 = ORIENTED_EDGE('',*,*,#6949,.F.);
#9321 = PLANE('',#9322);
#9322 = AXIS2_PLACEMENT_3D('',#9323,#9324,#9325);
#9323 = CARTESIAN_POINT('',(66.527,146.2,2.9));
#9324 = DIRECTION('',(0.,0.707106896726,-0.707106665647));
#9325 = DIRECTION('',(0.,0.707106665647,0.707106896726));
#9326 = ADVANCED_FACE('',(#9327),#9333,.F.);
#9327 = FACE_BOUND('',#9328,.T.);
#9328 = EDGE_LOOP('',(#9329,#9330,#9331,#9332));
#9329 = ORIENTED_EDGE('',*,*,#9315,.T.);
#9330 = ORIENTED_EDGE('',*,*,#6997,.T.);
#9331 = ORIENTED_EDGE('',*,*,#9296,.F.);
#9332 = ORIENTED_EDGE('',*,*,#6957,.F.);
#9333 = PLANE('',#9334);
#9334 = AXIS2_PLACEMENT_3D('',#9335,#9336,#9337);
#9335 = CARTESIAN_POINT('',(66.527,145.8,2.499999869282));
#9336 = DIRECTION('',(0.,0.707106665647,0.707106896726));
#9337 = DIRECTION('',(0.,-0.707106896726,0.707106665647));
#9338 = ADVANCED_FACE('',(#9339),#9350,.F.);
#9339 = FACE_BOUND('',#9340,.T.);
#9340 = EDGE_LOOP('',(#9341,#9347,#9348,#9349));
#9341 = ORIENTED_EDGE('',*,*,#9342,.T.);
#9342 = EDGE_CURVE('',#7143,#7086,#9343,.T.);
#9343 = LINE('',#9344,#9345);
#9344 = CARTESIAN_POINT('',(93.527,146.2,2.1));
#9345 = VECTOR('',#9346,1.);
#9346 = DIRECTION('',(-1.,0.,0.));
#9347 = ORIENTED_EDGE('',*,*,#7093,.T.);
#9348 = ORIENTED_EDGE('',*,*,#7037,.F.);
#9349 = ORIENTED_EDGE('',*,*,#7150,.F.);
#9350 = PLANE('',#9351);
#9351 = AXIS2_PLACEMENT_3D('',#9352,#9353,#9354);
#9352 = CARTESIAN_POINT('',(93.527,146.2,2.1));
#9353 = DIRECTION('',(0.,0.,1.));
#9354 = DIRECTION('',(-0.,-1.,-0.));
#9355 = ADVANCED_FACE('',(#9356),#9367,.F.);
#9356 = FACE_BOUND('',#9357,.T.);
#9357 = EDGE_LOOP('',(#9358,#9359,#9360,#9366));
#9358 = ORIENTED_EDGE('',*,*,#7110,.T.);
#9359 = ORIENTED_EDGE('',*,*,#7077,.T.);
#9360 = ORIENTED_EDGE('',*,*,#9361,.F.);
#9361 = EDGE_CURVE('',#7135,#7078,#9362,.T.);
#9362 = LINE('',#9363,#9364);
#9363 = CARTESIAN_POINT('',(93.527,145.8,2.499999869282));
#9364 = VECTOR('',#9365,1.);
#9365 = DIRECTION('',(-1.,0.,0.));
#9366 = ORIENTED_EDGE('',*,*,#7134,.F.);
#9367 = PLANE('',#9368);
#9368 = AXIS2_PLACEMENT_3D('',#9369,#9370,#9371);
#9369 = CARTESIAN_POINT('',(93.527,146.2,2.9));
#9370 = DIRECTION('',(0.,0.707106896726,-0.707106665647));
#9371 = DIRECTION('',(0.,0.707106665647,0.707106896726));
#9372 = ADVANCED_FACE('',(#9373),#9379,.F.);
#9373 = FACE_BOUND('',#9374,.T.);
#9374 = EDGE_LOOP('',(#9375,#9376,#9377,#9378));
#9375 = ORIENTED_EDGE('',*,*,#9361,.T.);
#9376 = ORIENTED_EDGE('',*,*,#7085,.T.);
#9377 = ORIENTED_EDGE('',*,*,#9342,.F.);
#9378 = ORIENTED_EDGE('',*,*,#7142,.F.);
#9379 = PLANE('',#9380);
#9380 = AXIS2_PLACEMENT_3D('',#9381,#9382,#9383);
#9381 = CARTESIAN_POINT('',(93.527,145.8,2.499999869282));
#9382 = DIRECTION('',(0.,0.707106665647,0.707106896726));
#9383 = DIRECTION('',(0.,-0.707106896726,0.707106665647));
#9384 = ADVANCED_FACE('',(#9385),#9403,.F.);
#9385 = FACE_BOUND('',#9386,.T.);
#9386 = EDGE_LOOP('',(#9387,#9396,#9401,#9402));
#9387 = ORIENTED_EDGE('',*,*,#9388,.T.);
#9388 = EDGE_CURVE('',#9389,#9389,#9391,.T.);
#9389 = VERTEX_POINT('',#9390);
#9390 = CARTESIAN_POINT('',(101.927,139.,4.1));
#9391 = CIRCLE('',#9392,1.4);
#9392 = AXIS2_PLACEMENT_3D('',#9393,#9394,#9395);
#9393 = CARTESIAN_POINT('',(100.527,139.,4.1));
#9394 = DIRECTION('',(0.,0.,1.));
#9395 = DIRECTION('',(1.,0.,0.));
#9396 = ORIENTED_EDGE('',*,*,#9397,.F.);
#9397 = EDGE_CURVE('',#7254,#9389,#9398,.T.);
#9398 = B_SPLINE_CURVE_WITH_KNOTS('',1,(#9399,#9400),.UNSPECIFIED.,.F.,
  .F.,(2,2),(-2.,0.3),.PIECEWISE_BEZIER_KNOTS.);
#9399 = CARTESIAN_POINT('',(101.927,139.,1.8));
#9400 = CARTESIAN_POINT('',(101.927,139.,4.1));
#9401 = ORIENTED_EDGE('',*,*,#7253,.T.);
#9402 = ORIENTED_EDGE('',*,*,#9397,.T.);
#9403 = CYLINDRICAL_SURFACE('',#9404,1.4);
#9404 = AXIS2_PLACEMENT_3D('',#9405,#9406,#9407);
#9405 = CARTESIAN_POINT('',(100.527,139.,3.8));
#9406 = DIRECTION('',(0.,0.,1.));
#9407 = DIRECTION('',(1.,0.,0.));
#9408 = ADVANCED_FACE('',(#9409,#9412),#9423,.F.);
#9409 = FACE_BOUND('',#9410,.F.);
#9410 = EDGE_LOOP('',(#9411));
#9411 = ORIENTED_EDGE('',*,*,#7497,.F.);
#9412 = FACE_BOUND('',#9413,.F.);
#9413 = EDGE_LOOP('',(#9414));
#9414 = ORIENTED_EDGE('',*,*,#9415,.T.);
#9415 = EDGE_CURVE('',#9416,#9416,#9418,.T.);
#9416 = VERTEX_POINT('',#9417);
#9417 = CARTESIAN_POINT('',(14.627,11.,1.8));
#9418 = CIRCLE('',#9419,1.4);
#9419 = AXIS2_PLACEMENT_3D('',#9420,#9421,#9422);
#9420 = CARTESIAN_POINT('',(13.227,11.,1.8));
#9421 = DIRECTION('',(0.,0.,-1.));
#9422 = DIRECTION('',(1.,0.,0.));
#9423 = PLANE('',#9424);
#9424 = AXIS2_PLACEMENT_3D('',#9425,#9426,#9427);
#9425 = CARTESIAN_POINT('',(55.905620266614,98.528687041931,1.8));
#9426 = DIRECTION('',(0.,0.,1.));
#9427 = DIRECTION('',(1.,0.,0.));
#9428 = ADVANCED_FACE('',(#9429,#9432),#9443,.F.);
#9429 = FACE_BOUND('',#9430,.F.);
#9430 = EDGE_LOOP('',(#9431));
#9431 = ORIENTED_EDGE('',*,*,#7826,.F.);
#9432 = FACE_BOUND('',#9433,.F.);
#9433 = EDGE_LOOP('',(#9434));
#9434 = ORIENTED_EDGE('',*,*,#9435,.T.);
#9435 = EDGE_CURVE('',#9436,#9436,#9438,.T.);
#9436 = VERTEX_POINT('',#9437);
#9437 = CARTESIAN_POINT('',(101.927,11.,1.8));
#9438 = CIRCLE('',#9439,1.4);
#9439 = AXIS2_PLACEMENT_3D('',#9440,#9441,#9442);
#9440 = CARTESIAN_POINT('',(100.527,11.,1.8));
#9441 = DIRECTION('',(0.,0.,-1.));
#9442 = DIRECTION('',(1.,0.,0.));
#9443 = PLANE('',#9444);
#9444 = AXIS2_PLACEMENT_3D('',#9445,#9446,#9447);
#9445 = CARTESIAN_POINT('',(55.905620266614,98.528687041931,1.8));
#9446 = DIRECTION('',(0.,0.,1.));
#9447 = DIRECTION('',(1.,0.,0.));
#9448 = ADVANCED_FACE('',(#9449),#9467,.F.);
#9449 = FACE_BOUND('',#9450,.T.);
#9450 = EDGE_LOOP('',(#9451,#9459,#9460,#9461));
#9451 = ORIENTED_EDGE('',*,*,#9452,.F.);
#9452 = EDGE_CURVE('',#8037,#9453,#9455,.T.);
#9453 = VERTEX_POINT('',#9454);
#9454 = CARTESIAN_POINT('',(110.527,90.49,6.6));
#9455 = LINE('',#9456,#9457);
#9456 = CARTESIAN_POINT('',(89.131669525716,75.361216735907,6.6));
#9457 = VECTOR('',#9458,1.);
#9458 = DIRECTION('',(0.816496580928,0.57735026919,0.));
#9459 = ORIENTED_EDGE('',*,*,#8070,.T.);
#9460 = ORIENTED_EDGE('',*,*,#8022,.T.);
#9461 = ORIENTED_EDGE('',*,*,#9462,.F.);
#9462 = EDGE_CURVE('',#9453,#8015,#9463,.T.);
#9463 = LINE('',#9464,#9465);
#9464 = CARTESIAN_POINT('',(110.527,90.49,6.6));
#9465 = VECTOR('',#9466,1.);
#9466 = DIRECTION('',(0.707106781187,-1.6E-16,-0.707106781187));
#9467 = PLANE('',#9468);
#9468 = AXIS2_PLACEMENT_3D('',#9469,#9470,#9471);
#9469 = CARTESIAN_POINT('',(110.3537588386,90.245,6.426758838609));
#9470 = DIRECTION('',(-0.5,0.707106781187,-0.5));
#9471 = DIRECTION('',(-0.707106781187,8.326672684689E-17,0.707106781187)
  );
#9472 = ADVANCED_FACE('',(#9473),#9484,.T.);
#9473 = FACE_BOUND('',#9474,.T.);
#9474 = EDGE_LOOP('',(#9475,#9476,#9477,#9483));
#9475 = ORIENTED_EDGE('',*,*,#8014,.F.);
#9476 = ORIENTED_EDGE('',*,*,#9188,.F.);
#9477 = ORIENTED_EDGE('',*,*,#9478,.T.);
#9478 = EDGE_CURVE('',#9180,#9453,#9479,.T.);
#9479 = LINE('',#9480,#9481);
#9480 = CARTESIAN_POINT('',(110.527,139.,6.6));
#9481 = VECTOR('',#9482,1.);
#9482 = DIRECTION('',(0.,-1.,0.));
#9483 = ORIENTED_EDGE('',*,*,#9462,.T.);
#9484 = PLANE('',#9485);
#9485 = AXIS2_PLACEMENT_3D('',#9486,#9487,#9488);
#9486 = CARTESIAN_POINT('',(111.027,139.,6.1));
#9487 = DIRECTION('',(0.707106781187,0.,0.707106781187));
#9488 = DIRECTION('',(0.,-1.,0.));
#9489 = ADVANCED_FACE('',(#9490),#9501,.F.);
#9490 = FACE_BOUND('',#9491,.F.);
#9491 = EDGE_LOOP('',(#9492,#9493,#9494,#9500));
#9492 = ORIENTED_EDGE('',*,*,#8036,.T.);
#9493 = ORIENTED_EDGE('',*,*,#8334,.T.);
#9494 = ORIENTED_EDGE('',*,*,#9495,.F.);
#9495 = EDGE_CURVE('',#9453,#8283,#9496,.T.);
#9496 = LINE('',#9497,#9498);
#9497 = CARTESIAN_POINT('',(110.527,90.49,6.6));
#9498 = VECTOR('',#9499,1.);
#9499 = DIRECTION('',(0.,0.,1.));
#9500 = ORIENTED_EDGE('',*,*,#9452,.F.);
#9501 = PLANE('',#9502);
#9502 = AXIS2_PLACEMENT_3D('',#9503,#9504,#9505);
#9503 = CARTESIAN_POINT('',(109.83403535443,90.,6.6));
#9504 = DIRECTION('',(-0.57735026919,0.816496580928,0.));
#9505 = DIRECTION('',(0.816496580928,0.57735026919,0.));
#9506 = ADVANCED_FACE('',(#9507),#9513,.F.);
#9507 = FACE_BOUND('',#9508,.F.);
#9508 = EDGE_LOOP('',(#9509,#9510,#9511,#9512));
#9509 = ORIENTED_EDGE('',*,*,#8134,.T.);
#9510 = ORIENTED_EDGE('',*,*,#8385,.T.);
#9511 = ORIENTED_EDGE('',*,*,#8054,.F.);
#9512 = ORIENTED_EDGE('',*,*,#8094,.F.);
#9513 = PLANE('',#9514);
#9514 = AXIS2_PLACEMENT_3D('',#9515,#9516,#9517);
#9515 = CARTESIAN_POINT('',(109.81989321881,60.,6.6));
#9516 = DIRECTION('',(-1.,0.,0.));
#9517 = DIRECTION('',(0.,1.,-2.2E-16));
#9518 = ADVANCED_FACE('',(#9519),#9537,.T.);
#9519 = FACE_BOUND('',#9520,.T.);
#9520 = EDGE_LOOP('',(#9521,#9522,#9523,#9531));
#9521 = ORIENTED_EDGE('',*,*,#8108,.T.);
#9522 = ORIENTED_EDGE('',*,*,#8312,.T.);
#9523 = ORIENTED_EDGE('',*,*,#9524,.F.);
#9524 = EDGE_CURVE('',#9525,#8257,#9527,.T.);
#9525 = VERTEX_POINT('',#9526);
#9526 = CARTESIAN_POINT('',(110.527,59.51,6.6));
#9527 = LINE('',#9528,#9529);
#9528 = CARTESIAN_POINT('',(110.527,59.51,6.6));
#9529 = VECTOR('',#9530,1.);
#9530 = DIRECTION('',(0.,0.,1.));
#9531 = ORIENTED_EDGE('',*,*,#9532,.F.);
#9532 = EDGE_CURVE('',#8109,#9525,#9533,.T.);
#9533 = LINE('',#9534,#9535);
#9534 = CARTESIAN_POINT('',(89.131669525716,74.638783264093,6.6));
#9535 = VECTOR('',#9536,1.);
#9536 = DIRECTION('',(0.816496580928,-0.57735026919,0.));
#9537 = PLANE('',#9538);
#9538 = AXIS2_PLACEMENT_3D('',#9539,#9540,#9541);
#9539 = CARTESIAN_POINT('',(109.83403535443,60.,6.6));
#9540 = DIRECTION('',(0.57735026919,0.816496580928,0.));
#9541 = DIRECTION('',(0.816496580928,-0.57735026919,0.));
#9542 = ADVANCED_FACE('',(#9543),#9554,.T.);
#9543 = FACE_BOUND('',#9544,.F.);
#9544 = EDGE_LOOP('',(#9545,#9546,#9547,#9548));
#9545 = ORIENTED_EDGE('',*,*,#9532,.F.);
#9546 = ORIENTED_EDGE('',*,*,#8118,.T.);
#9547 = ORIENTED_EDGE('',*,*,#8157,.T.);
#9548 = ORIENTED_EDGE('',*,*,#9549,.F.);
#9549 = EDGE_CURVE('',#9525,#8158,#9550,.T.);
#9550 = LINE('',#9551,#9552);
#9551 = CARTESIAN_POINT('',(110.527,59.51,6.6));
#9552 = VECTOR('',#9553,1.);
#9553 = DIRECTION('',(0.707106781187,-1.6E-16,-0.707106781187));
#9554 = PLANE('',#9555);
#9555 = AXIS2_PLACEMENT_3D('',#9556,#9557,#9558);
#9556 = CARTESIAN_POINT('',(110.3537588386,59.755,6.426758838609));
#9557 = DIRECTION('',(0.5,0.707106781187,0.5));
#9558 = DIRECTION('',(-0.707106781187,2.22044604925E-16,0.707106781187)
  );
#9559 = ADVANCED_FACE('',(#9560),#9571,.T.);
#9560 = FACE_BOUND('',#9561,.T.);
#9561 = EDGE_LOOP('',(#9562,#9563,#9564,#9570));
#9562 = ORIENTED_EDGE('',*,*,#8165,.F.);
#9563 = ORIENTED_EDGE('',*,*,#9549,.F.);
#9564 = ORIENTED_EDGE('',*,*,#9565,.T.);
#9565 = EDGE_CURVE('',#9525,#9101,#9566,.T.);
#9566 = LINE('',#9567,#9568);
#9567 = CARTESIAN_POINT('',(110.527,139.,6.6));
#9568 = VECTOR('',#9569,1.);
#9569 = DIRECTION('',(0.,-1.,0.));
#9570 = ORIENTED_EDGE('',*,*,#9125,.T.);
#9571 = PLANE('',#9572);
#9572 = AXIS2_PLACEMENT_3D('',#9573,#9574,#9575);
#9573 = CARTESIAN_POINT('',(111.027,139.,6.1));
#9574 = DIRECTION('',(0.707106781187,0.,0.707106781187));
#9575 = DIRECTION('',(0.,-1.,0.));
#9576 = ADVANCED_FACE('',(#9577),#9583,.T.);
#9577 = FACE_BOUND('',#9578,.T.);
#9578 = EDGE_LOOP('',(#9579,#9580,#9581,#9582));
#9579 = ORIENTED_EDGE('',*,*,#9524,.T.);
#9580 = ORIENTED_EDGE('',*,*,#8266,.T.);
#9581 = ORIENTED_EDGE('',*,*,#9100,.F.);
#9582 = ORIENTED_EDGE('',*,*,#9565,.F.);
#9583 = PLANE('',#9584);
#9584 = AXIS2_PLACEMENT_3D('',#9585,#9586,#9587);
#9585 = CARTESIAN_POINT('',(110.527,59.51,6.6));
#9586 = DIRECTION('',(1.,0.,0.));
#9587 = DIRECTION('',(0.,-1.,0.));
#9588 = ADVANCED_FACE('',(#9589),#9595,.T.);
#9589 = FACE_BOUND('',#9590,.T.);
#9590 = EDGE_LOOP('',(#9591,#9592,#9593,#9594));
#9591 = ORIENTED_EDGE('',*,*,#9495,.F.);
#9592 = ORIENTED_EDGE('',*,*,#9478,.F.);
#9593 = ORIENTED_EDGE('',*,*,#9205,.T.);
#9594 = ORIENTED_EDGE('',*,*,#8290,.T.);
#9595 = PLANE('',#9596);
#9596 = AXIS2_PLACEMENT_3D('',#9597,#9598,#9599);
#9597 = CARTESIAN_POINT('',(110.527,139.,6.6));
#9598 = DIRECTION('',(1.,0.,0.));
#9599 = DIRECTION('',(0.,-1.,0.));
#9600 = ADVANCED_FACE('',(#9601),#9626,.T.);
#9601 = FACE_BOUND('',#9602,.T.);
#9602 = EDGE_LOOP('',(#9603,#9611,#9619,#9625));
#9603 = ORIENTED_EDGE('',*,*,#9604,.F.);
#9604 = EDGE_CURVE('',#9605,#8409,#9607,.T.);
#9605 = VERTEX_POINT('',#9606);
#9606 = CARTESIAN_POINT('',(55.817106781187,17.199999999999,6.6));
#9607 = LINE('',#9608,#9609);
#9608 = CARTESIAN_POINT('',(55.817106781187,17.199999999999,6.6));
#9609 = VECTOR('',#9610,1.);
#9610 = DIRECTION('',(0.,0.,1.));
#9611 = ORIENTED_EDGE('',*,*,#9612,.T.);
#9612 = EDGE_CURVE('',#9605,#9613,#9615,.T.);
#9613 = VERTEX_POINT('',#9614);
#9614 = CARTESIAN_POINT('',(62.102893218813,17.199999999999,6.6));
#9615 = LINE('',#9616,#9617);
#9616 = CARTESIAN_POINT('',(56.775287470255,17.199999999999,6.6));
#9617 = VECTOR('',#9618,1.);
#9618 = DIRECTION('',(1.,-2.2E-16,0.));
#9619 = ORIENTED_EDGE('',*,*,#9620,.T.);
#9620 = EDGE_CURVE('',#9613,#8400,#9621,.T.);
#9621 = LINE('',#9622,#9623);
#9622 = CARTESIAN_POINT('',(62.102893218813,17.199999999999,6.6));
#9623 = VECTOR('',#9624,1.);
#9624 = DIRECTION('',(0.,0.,1.));
#9625 = ORIENTED_EDGE('',*,*,#8416,.T.);
#9626 = PLANE('',#9627);
#9627 = AXIS2_PLACEMENT_3D('',#9628,#9629,#9630);
#9628 = CARTESIAN_POINT('',(58.96,17.199999999999,6.7));
#9629 = DIRECTION('',(-0.,-1.,-0.));
#9630 = DIRECTION('',(0.,0.,-1.));
#9631 = ADVANCED_FACE('',(#9632),#9651,.F.);
#9632 = FACE_BOUND('',#9633,.F.);
#9633 = EDGE_LOOP('',(#9634,#9635,#9636,#9644));
#9634 = ORIENTED_EDGE('',*,*,#9620,.T.);
#9635 = ORIENTED_EDGE('',*,*,#8438,.F.);
#9636 = ORIENTED_EDGE('',*,*,#9637,.F.);
#9637 = EDGE_CURVE('',#9638,#8431,#9640,.T.);
#9638 = VERTEX_POINT('',#9639);
#9639 = CARTESIAN_POINT('',(62.81,16.492893218812,6.6));
#9640 = LINE('',#9641,#9642);
#9641 = CARTESIAN_POINT('',(62.81,16.492893218812,6.6));
#9642 = VECTOR('',#9643,1.);
#9643 = DIRECTION('',(0.,0.,1.));
#9644 = ORIENTED_EDGE('',*,*,#9645,.F.);
#9645 = EDGE_CURVE('',#9613,#9638,#9646,.T.);
#9646 = ELLIPSE('',#9647,1.732050807568,1.);
#9647 = AXIS2_PLACEMENT_3D('',#9648,#9649,#9650);
#9648 = CARTESIAN_POINT('',(61.395786437627,15.785786437626,6.6));
#9649 = DIRECTION('',(-0.,0.,-1.));
#9650 = DIRECTION('',(-0.707106781187,-0.707106781186,0.));
#9651 = SURFACE_OF_LINEAR_EXTRUSION('',#9652,#9657);
#9652 = ELLIPSE('',#9653,1.732050807568,1.);
#9653 = AXIS2_PLACEMENT_3D('',#9654,#9655,#9656);
#9654 = CARTESIAN_POINT('',(61.395786437627,15.785786437626,6.6));
#9655 = DIRECTION('',(-0.,0.,-1.));
#9656 = DIRECTION('',(-0.707106781187,-0.707106781186,0.));
#9657 = VECTOR('',#9658,1.);
#9658 = DIRECTION('',(-0.,-0.,-1.));
#9659 = ADVANCED_FACE('',(#9660),#9679,.F.);
#9660 = FACE_BOUND('',#9661,.F.);
#9661 = EDGE_LOOP('',(#9662,#9670,#9671,#9672));
#9662 = ORIENTED_EDGE('',*,*,#9663,.T.);
#9663 = EDGE_CURVE('',#9664,#8479,#9666,.T.);
#9664 = VERTEX_POINT('',#9665);
#9665 = CARTESIAN_POINT('',(55.11,16.492893218812,6.6));
#9666 = LINE('',#9667,#9668);
#9667 = CARTESIAN_POINT('',(55.11,16.492893218812,6.6));
#9668 = VECTOR('',#9669,1.);
#9669 = DIRECTION('',(0.,0.,1.));
#9670 = ORIENTED_EDGE('',*,*,#8478,.F.);
#9671 = ORIENTED_EDGE('',*,*,#9604,.F.);
#9672 = ORIENTED_EDGE('',*,*,#9673,.F.);
#9673 = EDGE_CURVE('',#9664,#9605,#9674,.T.);
#9674 = ELLIPSE('',#9675,1.732050807568,1.);
#9675 = AXIS2_PLACEMENT_3D('',#9676,#9677,#9678);
#9676 = CARTESIAN_POINT('',(56.524213562373,15.785786437626,6.6));
#9677 = DIRECTION('',(0.,-0.,-1.));
#9678 = DIRECTION('',(0.707106781187,-0.707106781186,0.));
#9679 = SURFACE_OF_LINEAR_EXTRUSION('',#9680,#9685);
#9680 = ELLIPSE('',#9681,1.732050807568,1.);
#9681 = AXIS2_PLACEMENT_3D('',#9682,#9683,#9684);
#9682 = CARTESIAN_POINT('',(56.524213562373,15.785786437626,6.6));
#9683 = DIRECTION('',(0.,-0.,-1.));
#9684 = DIRECTION('',(0.707106781187,-0.707106781186,0.));
#9685 = VECTOR('',#9686,1.);
#9686 = DIRECTION('',(-0.,-0.,-1.));
#9687 = ADVANCED_FACE('',(#9688),#9706,.T.);
#9688 = FACE_BOUND('',#9689,.T.);
#9689 = EDGE_LOOP('',(#9690,#9698,#9699,#9700));
#9690 = ORIENTED_EDGE('',*,*,#9691,.T.);
#9691 = EDGE_CURVE('',#9692,#8524,#9694,.T.);
#9692 = VERTEX_POINT('',#9693);
#9693 = CARTESIAN_POINT('',(62.81,6.707106781187,6.6));
#9694 = LINE('',#9695,#9696);
#9695 = CARTESIAN_POINT('',(62.81,6.707106781187,6.6));
#9696 = VECTOR('',#9697,1.);
#9697 = DIRECTION('',(0.,0.,1.));
#9698 = ORIENTED_EDGE('',*,*,#8532,.T.);
#9699 = ORIENTED_EDGE('',*,*,#9637,.F.);
#9700 = ORIENTED_EDGE('',*,*,#9701,.F.);
#9701 = EDGE_CURVE('',#9692,#9638,#9702,.T.);
#9702 = LINE('',#9703,#9704);
#9703 = CARTESIAN_POINT('',(62.81,6.,6.6));
#9704 = VECTOR('',#9705,1.);
#9705 = DIRECTION('',(4.4E-16,1.,2.2E-16));
#9706 = PLANE('',#9707);
#9707 = AXIS2_PLACEMENT_3D('',#9708,#9709,#9710);
#9708 = CARTESIAN_POINT('',(62.81,6.707106781187,6.6));
#9709 = DIRECTION('',(-1.,4.4E-16,0.));
#9710 = DIRECTION('',(4.4E-16,1.,2.2E-16));
#9711 = ADVANCED_FACE('',(#9712),#9730,.F.);
#9712 = FACE_BOUND('',#9713,.F.);
#9713 = EDGE_LOOP('',(#9714,#9722,#9723,#9724));
#9714 = ORIENTED_EDGE('',*,*,#9715,.T.);
#9715 = EDGE_CURVE('',#9716,#8549,#9718,.T.);
#9716 = VERTEX_POINT('',#9717);
#9717 = CARTESIAN_POINT('',(55.11,6.707106781187,6.6));
#9718 = LINE('',#9719,#9720);
#9719 = CARTESIAN_POINT('',(55.11,6.707106781187,6.6));
#9720 = VECTOR('',#9721,1.);
#9721 = DIRECTION('',(0.,0.,1.));
#9722 = ORIENTED_EDGE('',*,*,#8556,.F.);
#9723 = ORIENTED_EDGE('',*,*,#9663,.F.);
#9724 = ORIENTED_EDGE('',*,*,#9725,.F.);
#9725 = EDGE_CURVE('',#9716,#9664,#9726,.T.);
#9726 = LINE('',#9727,#9728);
#9727 = CARTESIAN_POINT('',(55.11,6.,6.6));
#9728 = VECTOR('',#9729,1.);
#9729 = DIRECTION('',(4.4E-16,1.,2.2E-16));
#9730 = PLANE('',#9731);
#9731 = AXIS2_PLACEMENT_3D('',#9732,#9733,#9734);
#9732 = CARTESIAN_POINT('',(55.11,6.707106781187,6.6));
#9733 = DIRECTION('',(-1.,4.4E-16,0.));
#9734 = DIRECTION('',(4.4E-16,1.,2.2E-16));
#9735 = ADVANCED_FACE('',(#9736),#9755,.T.);
#9736 = FACE_BOUND('',#9737,.T.);
#9737 = EDGE_LOOP('',(#9738,#9746,#9747,#9748));
#9738 = ORIENTED_EDGE('',*,*,#9739,.T.);
#9739 = EDGE_CURVE('',#9740,#8571,#9742,.T.);
#9740 = VERTEX_POINT('',#9741);
#9741 = CARTESIAN_POINT('',(62.102893218813,6.,6.6));
#9742 = LINE('',#9743,#9744);
#9743 = CARTESIAN_POINT('',(62.102893218813,6.,6.6));
#9744 = VECTOR('',#9745,1.);
#9745 = DIRECTION('',(0.,0.,1.));
#9746 = ORIENTED_EDGE('',*,*,#8578,.T.);
#9747 = ORIENTED_EDGE('',*,*,#9691,.F.);
#9748 = ORIENTED_EDGE('',*,*,#9749,.F.);
#9749 = EDGE_CURVE('',#9740,#9692,#9750,.T.);
#9750 = ELLIPSE('',#9751,1.732050807569,1.);
#9751 = AXIS2_PLACEMENT_3D('',#9752,#9753,#9754);
#9752 = CARTESIAN_POINT('',(61.395786437627,7.414213562373,6.6));
#9753 = DIRECTION('',(0.,0.,1.));
#9754 = DIRECTION('',(-0.707106781187,0.707106781187,0.));
#9755 = SURFACE_OF_LINEAR_EXTRUSION('',#9756,#9761);
#9756 = ELLIPSE('',#9757,1.732050807569,1.);
#9757 = AXIS2_PLACEMENT_3D('',#9758,#9759,#9760);
#9758 = CARTESIAN_POINT('',(61.395786437627,7.414213562373,6.6));
#9759 = DIRECTION('',(0.,0.,1.));
#9760 = DIRECTION('',(-0.707106781187,0.707106781187,0.));
#9761 = VECTOR('',#9762,1.);
#9762 = DIRECTION('',(-0.,-0.,-1.));
#9763 = ADVANCED_FACE('',(#9764),#9783,.F.);
#9764 = FACE_BOUND('',#9765,.F.);
#9765 = EDGE_LOOP('',(#9766,#9774,#9775,#9776));
#9766 = ORIENTED_EDGE('',*,*,#9767,.T.);
#9767 = EDGE_CURVE('',#9768,#8619,#9770,.T.);
#9768 = VERTEX_POINT('',#9769);
#9769 = CARTESIAN_POINT('',(55.817106781187,6.,6.6));
#9770 = LINE('',#9771,#9772);
#9771 = CARTESIAN_POINT('',(55.817106781187,6.,6.6));
#9772 = VECTOR('',#9773,1.);
#9773 = DIRECTION('',(0.,0.,1.));
#9774 = ORIENTED_EDGE('',*,*,#8618,.F.);
#9775 = ORIENTED_EDGE('',*,*,#9715,.F.);
#9776 = ORIENTED_EDGE('',*,*,#9777,.F.);
#9777 = EDGE_CURVE('',#9768,#9716,#9778,.T.);
#9778 = ELLIPSE('',#9779,1.732050807569,1.);
#9779 = AXIS2_PLACEMENT_3D('',#9780,#9781,#9782);
#9780 = CARTESIAN_POINT('',(56.524213562373,7.414213562373,6.6));
#9781 = DIRECTION('',(0.,0.,-1.));
#9782 = DIRECTION('',(0.707106781187,0.707106781187,0.));
#9783 = SURFACE_OF_LINEAR_EXTRUSION('',#9784,#9789);
#9784 = ELLIPSE('',#9785,1.732050807569,1.);
#9785 = AXIS2_PLACEMENT_3D('',#9786,#9787,#9788);
#9786 = CARTESIAN_POINT('',(56.524213562373,7.414213562373,6.6));
#9787 = DIRECTION('',(0.,0.,-1.));
#9788 = DIRECTION('',(0.707106781187,0.707106781187,0.));
#9789 = VECTOR('',#9790,1.);
#9790 = DIRECTION('',(-0.,-0.,-1.));
#9791 = ADVANCED_FACE('',(#9792),#9803,.T.);
#9792 = FACE_BOUND('',#9793,.T.);
#9793 = EDGE_LOOP('',(#9794,#9795,#9796,#9797));
#9794 = ORIENTED_EDGE('',*,*,#9767,.T.);
#9795 = ORIENTED_EDGE('',*,*,#8666,.T.);
#9796 = ORIENTED_EDGE('',*,*,#9739,.F.);
#9797 = ORIENTED_EDGE('',*,*,#9798,.T.);
#9798 = EDGE_CURVE('',#9740,#9768,#9799,.T.);
#9799 = LINE('',#9800,#9801);
#9800 = CARTESIAN_POINT('',(56.775287470255,6.,6.6));
#9801 = VECTOR('',#9802,1.);
#9802 = DIRECTION('',(-1.,0.,0.));
#9803 = PLANE('',#9804);
#9804 = AXIS2_PLACEMENT_3D('',#9805,#9806,#9807);
#9805 = CARTESIAN_POINT('',(58.96,6.,6.7));
#9806 = DIRECTION('',(0.,1.,0.));
#9807 = DIRECTION('',(0.,0.,1.));
#9808 = ADVANCED_FACE('',(#9809),#9812,.F.);
#9809 = FACE_BOUND('',#9810,.F.);
#9810 = EDGE_LOOP('',(#9811));
#9811 = ORIENTED_EDGE('',*,*,#9154,.T.);
#9812 = PLANE('',#9813);
#9813 = AXIS2_PLACEMENT_3D('',#9814,#9815,#9816);
#9814 = CARTESIAN_POINT('',(56.877,139.,4.1));
#9815 = DIRECTION('',(0.,0.,1.));
#9816 = DIRECTION('',(1.,0.,0.));
#9817 = ADVANCED_FACE('',(#9818),#9821,.F.);
#9818 = FACE_BOUND('',#9819,.F.);
#9819 = EDGE_LOOP('',(#9820));
#9820 = ORIENTED_EDGE('',*,*,#9388,.T.);
#9821 = PLANE('',#9822);
#9822 = AXIS2_PLACEMENT_3D('',#9823,#9824,#9825);
#9823 = CARTESIAN_POINT('',(56.877,139.,4.1));
#9824 = DIRECTION('',(0.,0.,1.));
#9825 = DIRECTION('',(1.,0.,0.));
#9826 = ADVANCED_FACE('',(#9827),#9845,.F.);
#9827 = FACE_BOUND('',#9828,.T.);
#9828 = EDGE_LOOP('',(#9829,#9838,#9843,#9844));
#9829 = ORIENTED_EDGE('',*,*,#9830,.F.);
#9830 = EDGE_CURVE('',#9831,#9831,#9833,.T.);
#9831 = VERTEX_POINT('',#9832);
#9832 = CARTESIAN_POINT('',(14.627,11.,4.8));
#9833 = CIRCLE('',#9834,1.4);
#9834 = AXIS2_PLACEMENT_3D('',#9835,#9836,#9837);
#9835 = CARTESIAN_POINT('',(13.227,11.,4.8));
#9836 = DIRECTION('',(0.,0.,-1.));
#9837 = DIRECTION('',(1.,0.,0.));
#9838 = ORIENTED_EDGE('',*,*,#9839,.F.);
#9839 = EDGE_CURVE('',#9416,#9831,#9840,.T.);
#9840 = B_SPLINE_CURVE_WITH_KNOTS('',1,(#9841,#9842),.UNSPECIFIED.,.F.,
  .F.,(2,2),(-2.,1.),.PIECEWISE_BEZIER_KNOTS.);
#9841 = CARTESIAN_POINT('',(14.627,11.,1.8));
#9842 = CARTESIAN_POINT('',(14.627,11.,4.8));
#9843 = ORIENTED_EDGE('',*,*,#9415,.T.);
#9844 = ORIENTED_EDGE('',*,*,#9839,.T.);
#9845 = CYLINDRICAL_SURFACE('',#9846,1.4);
#9846 = AXIS2_PLACEMENT_3D('',#9847,#9848,#9849);
#9847 = CARTESIAN_POINT('',(13.227,11.,3.8));
#9848 = DIRECTION('',(0.,0.,1.));
#9849 = DIRECTION('',(1.,0.,0.));
#9850 = ADVANCED_FACE('',(#9851),#9869,.F.);
#9851 = FACE_BOUND('',#9852,.T.);
#9852 = EDGE_LOOP('',(#9853,#9862,#9867,#9868));
#9853 = ORIENTED_EDGE('',*,*,#9854,.F.);
#9854 = EDGE_CURVE('',#9855,#9855,#9857,.T.);
#9855 = VERTEX_POINT('',#9856);
#9856 = CARTESIAN_POINT('',(101.927,11.,4.8));
#9857 = CIRCLE('',#9858,1.4);
#9858 = AXIS2_PLACEMENT_3D('',#9859,#9860,#9861);
#9859 = CARTESIAN_POINT('',(100.527,11.,4.8));
#9860 = DIRECTION('',(0.,0.,-1.));
#9861 = DIRECTION('',(1.,0.,0.));
#9862 = ORIENTED_EDGE('',*,*,#9863,.F.);
#9863 = EDGE_CURVE('',#9436,#9855,#9864,.T.);
#9864 = B_SPLINE_CURVE_WITH_KNOTS('',1,(#9865,#9866),.UNSPECIFIED.,.F.,
  .F.,(2,2),(-2.,1.),.PIECEWISE_BEZIER_KNOTS.);
#9865 = CARTESIAN_POINT('',(101.927,11.,1.8));
#9866 = CARTESIAN_POINT('',(101.927,11.,4.8));
#9867 = ORIENTED_EDGE('',*,*,#9435,.T.);
#9868 = ORIENTED_EDGE('',*,*,#9863,.T.);
#9869 = CYLINDRICAL_SURFACE('',#9870,1.4);
#9870 = AXIS2_PLACEMENT_3D('',#9871,#9872,#9873);
#9871 = CARTESIAN_POINT('',(100.527,11.,3.8));
#9872 = DIRECTION('',(0.,0.,1.));
#9873 = DIRECTION('',(1.,0.,0.));
#9874 = ADVANCED_FACE('',(#9875),#9916,.T.);
#9875 = FACE_BOUND('',#9876,.T.);
#9876 = EDGE_LOOP('',(#9877,#9885,#9893,#9901,#9909,#9915));
#9877 = ORIENTED_EDGE('',*,*,#9878,.T.);
#9878 = EDGE_CURVE('',#9605,#9879,#9881,.T.);
#9879 = VERTEX_POINT('',#9880);
#9880 = CARTESIAN_POINT('',(55.91,17.107106781186,6.507106781187));
#9881 = LINE('',#9882,#9883);
#9882 = CARTESIAN_POINT('',(55.581404520791,17.435702260394,
    6.835702260396));
#9883 = VECTOR('',#9884,1.);
#9884 = DIRECTION('',(0.57735026919,-0.577350269189,-0.57735026919));
#9885 = ORIENTED_EDGE('',*,*,#9886,.F.);
#9886 = EDGE_CURVE('',#9887,#9879,#9889,.T.);
#9887 = VERTEX_POINT('',#9888);
#9888 = CARTESIAN_POINT('',(55.91,15.7,5.1));
#9889 = LINE('',#9890,#9891);
#9890 = CARTESIAN_POINT('',(55.91,15.7,5.1));
#9891 = VECTOR('',#9892,1.);
#9892 = DIRECTION('',(1.6E-16,0.707106781186,0.707106781187));
#9893 = ORIENTED_EDGE('',*,*,#9894,.T.);
#9894 = EDGE_CURVE('',#9887,#9895,#9897,.T.);
#9895 = VERTEX_POINT('',#9896);
#9896 = CARTESIAN_POINT('',(62.01,15.7,5.1));
#9897 = LINE('',#9898,#9899);
#9898 = CARTESIAN_POINT('',(55.91,15.7,5.1));
#9899 = VECTOR('',#9900,1.);
#9900 = DIRECTION('',(1.,-1.1E-16,1.1E-16));
#9901 = ORIENTED_EDGE('',*,*,#9902,.T.);
#9902 = EDGE_CURVE('',#9895,#9903,#9905,.T.);
#9903 = VERTEX_POINT('',#9904);
#9904 = CARTESIAN_POINT('',(62.01,17.107106781186,6.507106781187));
#9905 = LINE('',#9906,#9907);
#9906 = CARTESIAN_POINT('',(62.01,14.886291758605,4.286291758605));
#9907 = VECTOR('',#9908,1.);
#9908 = DIRECTION('',(5.E-16,0.707106781186,0.707106781187));
#9909 = ORIENTED_EDGE('',*,*,#9910,.F.);
#9910 = EDGE_CURVE('',#9613,#9903,#9911,.T.);
#9911 = LINE('',#9912,#9913);
#9912 = CARTESIAN_POINT('',(62.338595479209,17.435702260394,
    6.835702260396));
#9913 = VECTOR('',#9914,1.);
#9914 = DIRECTION('',(-0.57735026919,-0.577350269189,-0.57735026919));
#9915 = ORIENTED_EDGE('',*,*,#9612,.F.);
#9916 = PLANE('',#9917);
#9917 = AXIS2_PLACEMENT_3D('',#9918,#9919,#9920);
#9918 = CARTESIAN_POINT('',(55.91,15.7,5.1));
#9919 = DIRECTION('',(-1.6E-16,-0.707106781187,0.707106781186));
#9920 = DIRECTION('',(1.6E-16,0.707106781186,0.707106781187));
#9921 = ADVANCED_FACE('',(#9922),#9941,.F.);
#9922 = FACE_BOUND('',#9923,.F.);
#9923 = EDGE_LOOP('',(#9924,#9925,#9933,#9940));
#9924 = ORIENTED_EDGE('',*,*,#9645,.T.);
#9925 = ORIENTED_EDGE('',*,*,#9926,.T.);
#9926 = EDGE_CURVE('',#9638,#9927,#9929,.T.);
#9927 = VERTEX_POINT('',#9928);
#9928 = CARTESIAN_POINT('',(62.01,15.692893218813,5.8));
#9929 = LINE('',#9930,#9931);
#9930 = CARTESIAN_POINT('',(63.045702260395,16.728595479207,
    6.835702260395));
#9931 = VECTOR('',#9932,1.);
#9932 = DIRECTION('',(-0.57735026919,-0.577350269189,-0.57735026919));
#9933 = ORIENTED_EDGE('',*,*,#9934,.F.);
#9934 = EDGE_CURVE('',#9903,#9927,#9935,.T.);
#9935 = ELLIPSE('',#9936,1.732050807568,1.);
#9936 = AXIS2_PLACEMENT_3D('',#9937,#9938,#9939);
#9937 = CARTESIAN_POINT('',(62.01,16.399999999999,7.214213562373));
#9938 = DIRECTION('',(-1.,7.E-16,0.));
#9939 = DIRECTION('',(-4.949747468304E-16,-0.707106781186,
    -0.707106781187));
#9940 = ORIENTED_EDGE('',*,*,#9910,.F.);
#9941 = CYLINDRICAL_SURFACE('',#9942,1.);
#9942 = AXIS2_PLACEMENT_3D('',#9943,#9944,#9945);
#9943 = CARTESIAN_POINT('',(62.338595479209,16.728595479207,
    7.542809041582));
#9944 = DIRECTION('',(-0.57735026919,-0.577350269189,-0.57735026919));
#9945 = DIRECTION('',(1.942890293094E-16,0.707106781187,-0.707106781186)
  );
#9946 = ADVANCED_FACE('',(#9947),#9966,.F.);
#9947 = FACE_BOUND('',#9948,.F.);
#9948 = EDGE_LOOP('',(#9949,#9950,#9951,#9960));
#9949 = ORIENTED_EDGE('',*,*,#9673,.T.);
#9950 = ORIENTED_EDGE('',*,*,#9878,.T.);
#9951 = ORIENTED_EDGE('',*,*,#9952,.F.);
#9952 = EDGE_CURVE('',#9953,#9879,#9955,.T.);
#9953 = VERTEX_POINT('',#9954);
#9954 = CARTESIAN_POINT('',(55.91,15.692893218813,5.8));
#9955 = ELLIPSE('',#9956,1.732050807568,1.);
#9956 = AXIS2_PLACEMENT_3D('',#9957,#9958,#9959);
#9957 = CARTESIAN_POINT('',(55.91,16.399999999999,7.214213562373));
#9958 = DIRECTION('',(1.,-7.E-16,0.));
#9959 = DIRECTION('',(-4.949747468304E-16,-0.707106781186,
    -0.707106781187));
#9960 = ORIENTED_EDGE('',*,*,#9961,.F.);
#9961 = EDGE_CURVE('',#9664,#9953,#9962,.T.);
#9962 = LINE('',#9963,#9964);
#9963 = CARTESIAN_POINT('',(54.874297739605,16.728595479207,
    6.835702260395));
#9964 = VECTOR('',#9965,1.);
#9965 = DIRECTION('',(0.57735026919,-0.577350269189,-0.57735026919));
#9966 = CYLINDRICAL_SURFACE('',#9967,1.);
#9967 = AXIS2_PLACEMENT_3D('',#9968,#9969,#9970);
#9968 = CARTESIAN_POINT('',(55.581404520791,16.728595479207,
    7.542809041582));
#9969 = DIRECTION('',(0.57735026919,-0.577350269189,-0.57735026919));
#9970 = DIRECTION('',(-0.707106781187,4.440892098501E-16,-0.707106781187
    ));
#9971 = ADVANCED_FACE('',(#9972),#9990,.F.);
#9972 = FACE_BOUND('',#9973,.T.);
#9973 = EDGE_LOOP('',(#9974,#9975,#9976,#9984));
#9974 = ORIENTED_EDGE('',*,*,#9701,.T.);
#9975 = ORIENTED_EDGE('',*,*,#9926,.T.);
#9976 = ORIENTED_EDGE('',*,*,#9977,.F.);
#9977 = EDGE_CURVE('',#9978,#9927,#9980,.T.);
#9978 = VERTEX_POINT('',#9979);
#9979 = CARTESIAN_POINT('',(62.01,7.507106781187,5.8));
#9980 = LINE('',#9981,#9982);
#9981 = CARTESIAN_POINT('',(62.01,6.,5.8));
#9982 = VECTOR('',#9983,1.);
#9983 = DIRECTION('',(4.4E-16,1.,2.2E-16));
#9984 = ORIENTED_EDGE('',*,*,#9985,.F.);
#9985 = EDGE_CURVE('',#9692,#9978,#9986,.T.);
#9986 = LINE('',#9987,#9988);
#9987 = CARTESIAN_POINT('',(63.045702260396,6.471404520791,
    6.835702260396));
#9988 = VECTOR('',#9989,1.);
#9989 = DIRECTION('',(-0.57735026919,0.57735026919,-0.57735026919));
#9990 = PLANE('',#9991);
#9991 = AXIS2_PLACEMENT_3D('',#9992,#9993,#9994);
#9992 = CARTESIAN_POINT('',(62.41,6.,6.2));
#9993 = DIRECTION('',(0.707106781187,-5.1E-16,-0.707106781187));
#9994 = DIRECTION('',(-6.906244584051E-16,-1.,3.062445840514E-17));
#9995 = ADVANCED_FACE('',(#9996),#10014,.T.);
#9996 = FACE_BOUND('',#9997,.F.);
#9997 = EDGE_LOOP('',(#9998,#9999,#10000,#10008));
#9998 = ORIENTED_EDGE('',*,*,#9725,.T.);
#9999 = ORIENTED_EDGE('',*,*,#9961,.T.);
#10000 = ORIENTED_EDGE('',*,*,#10001,.F.);
#10001 = EDGE_CURVE('',#10002,#9953,#10004,.T.);
#10002 = VERTEX_POINT('',#10003);
#10003 = CARTESIAN_POINT('',(55.91,7.507106781187,5.8));
#10004 = LINE('',#10005,#10006);
#10005 = CARTESIAN_POINT('',(55.91,6.,5.8));
#10006 = VECTOR('',#10007,1.);
#10007 = DIRECTION('',(4.4E-16,1.,2.2E-16));
#10008 = ORIENTED_EDGE('',*,*,#10009,.F.);
#10009 = EDGE_CURVE('',#9716,#10002,#10010,.T.);
#10010 = LINE('',#10011,#10012);
#10011 = CARTESIAN_POINT('',(54.874297739604,6.471404520791,
    6.835702260396));
#10012 = VECTOR('',#10013,1.);
#10013 = DIRECTION('',(0.57735026919,0.57735026919,-0.57735026919));
#10014 = PLANE('',#10015);
#10015 = AXIS2_PLACEMENT_3D('',#10016,#10017,#10018);
#10016 = CARTESIAN_POINT('',(55.51,6.,6.2));
#10017 = DIRECTION('',(0.707106781187,-5.E-16,0.707106781187));
#10018 = DIRECTION('',(-4.685533905933E-16,-1.,-2.385533905933E-16));
#10019 = ADVANCED_FACE('',(#10020),#10039,.F.);
#10020 = FACE_BOUND('',#10021,.T.);
#10021 = EDGE_LOOP('',(#10022,#10023,#10024,#10033));
#10022 = ORIENTED_EDGE('',*,*,#9749,.T.);
#10023 = ORIENTED_EDGE('',*,*,#9985,.T.);
#10024 = ORIENTED_EDGE('',*,*,#10025,.F.);
#10025 = EDGE_CURVE('',#10026,#9978,#10028,.T.);
#10026 = VERTEX_POINT('',#10027);
#10027 = CARTESIAN_POINT('',(62.01,6.092893218813,6.507106781187));
#10028 = ELLIPSE('',#10029,1.732050807569,1.);
#10029 = AXIS2_PLACEMENT_3D('',#10030,#10031,#10032);
#10030 = CARTESIAN_POINT('',(62.01,6.8,7.214213562373));
#10031 = DIRECTION('',(1.,-7.E-16,0.));
#10032 = DIRECTION('',(4.949747468306E-16,0.707106781187,-0.707106781187
    ));
#10033 = ORIENTED_EDGE('',*,*,#10034,.F.);
#10034 = EDGE_CURVE('',#9740,#10026,#10035,.T.);
#10035 = LINE('',#10036,#10037);
#10036 = CARTESIAN_POINT('',(62.338595479209,5.764297739604,
    6.835702260396));
#10037 = VECTOR('',#10038,1.);
#10038 = DIRECTION('',(-0.57735026919,0.57735026919,-0.57735026919));
#10039 = CYLINDRICAL_SURFACE('',#10040,1.);
#10040 = AXIS2_PLACEMENT_3D('',#10041,#10042,#10043);
#10041 = CARTESIAN_POINT('',(62.338595479209,6.471404520791,
    7.542809041582));
#10042 = DIRECTION('',(-0.57735026919,0.57735026919,-0.57735026919));
#10043 = DIRECTION('',(0.,-0.707106781187,-0.707106781187));
#10044 = ADVANCED_FACE('',(#10045),#10064,.F.);
#10045 = FACE_BOUND('',#10046,.F.);
#10046 = EDGE_LOOP('',(#10047,#10048,#10049,#10058));
#10047 = ORIENTED_EDGE('',*,*,#9777,.T.);
#10048 = ORIENTED_EDGE('',*,*,#10009,.T.);
#10049 = ORIENTED_EDGE('',*,*,#10050,.F.);
#10050 = EDGE_CURVE('',#10051,#10002,#10053,.T.);
#10051 = VERTEX_POINT('',#10052);
#10052 = CARTESIAN_POINT('',(55.91,6.092893218813,6.507106781187));
#10053 = ELLIPSE('',#10054,1.732050807569,1.);
#10054 = AXIS2_PLACEMENT_3D('',#10055,#10056,#10057);
#10055 = CARTESIAN_POINT('',(55.91,6.8,7.214213562373));
#10056 = DIRECTION('',(1.,-7.E-16,4.930380657631E-32));
#10057 = DIRECTION('',(4.949747468306E-16,0.707106781187,-0.707106781187
    ));
#10058 = ORIENTED_EDGE('',*,*,#10059,.F.);
#10059 = EDGE_CURVE('',#9768,#10051,#10060,.T.);
#10060 = LINE('',#10061,#10062);
#10061 = CARTESIAN_POINT('',(55.581404520791,5.764297739604,
    6.835702260396));
#10062 = VECTOR('',#10063,1.);
#10063 = DIRECTION('',(0.57735026919,0.57735026919,-0.57735026919));
#10064 = CYLINDRICAL_SURFACE('',#10065,1.);
#10065 = AXIS2_PLACEMENT_3D('',#10066,#10067,#10068);
#10066 = CARTESIAN_POINT('',(55.581404520791,6.471404520791,
    7.542809041582));
#10067 = DIRECTION('',(0.57735026919,0.57735026919,-0.57735026919));
#10068 = DIRECTION('',(-2.775557561563E-17,-0.707106781187,
    -0.707106781187));
#10069 = ADVANCED_FACE('',(#10070),#10097,.F.);
#10070 = FACE_BOUND('',#10071,.F.);
#10071 = EDGE_LOOP('',(#10072,#10073,#10074,#10082,#10090,#10096));
#10072 = ORIENTED_EDGE('',*,*,#9798,.T.);
#10073 = ORIENTED_EDGE('',*,*,#10059,.T.);
#10074 = ORIENTED_EDGE('',*,*,#10075,.F.);
#10075 = EDGE_CURVE('',#10076,#10051,#10078,.T.);
#10076 = VERTEX_POINT('',#10077);
#10077 = CARTESIAN_POINT('',(55.91,7.5,5.1));
#10078 = LINE('',#10079,#10080);
#10079 = CARTESIAN_POINT('',(55.91,7.5,5.1));
#10080 = VECTOR('',#10081,1.);
#10081 = DIRECTION('',(-4.7E-16,-0.707106781187,0.707106781187));
#10082 = ORIENTED_EDGE('',*,*,#10083,.T.);
#10083 = EDGE_CURVE('',#10076,#10084,#10086,.T.);
#10084 = VERTEX_POINT('',#10085);
#10085 = CARTESIAN_POINT('',(62.01,7.5,5.1));
#10086 = LINE('',#10087,#10088);
#10087 = CARTESIAN_POINT('',(55.91,7.5,5.1));
#10088 = VECTOR('',#10089,1.);
#10089 = DIRECTION('',(1.,-1.1E-16,1.1E-16));
#10090 = ORIENTED_EDGE('',*,*,#10091,.T.);
#10091 = EDGE_CURVE('',#10084,#10026,#10092,.T.);
#10092 = LINE('',#10093,#10094);
#10093 = CARTESIAN_POINT('',(62.01,8.313708241395,4.286291758605));
#10094 = VECTOR('',#10095,1.);
#10095 = DIRECTION('',(-5.E-16,-0.707106781187,0.707106781187));
#10096 = ORIENTED_EDGE('',*,*,#10034,.F.);
#10097 = PLANE('',#10098);
#10098 = AXIS2_PLACEMENT_3D('',#10099,#10100,#10101);
#10099 = CARTESIAN_POINT('',(55.91,7.5,5.1));
#10100 = DIRECTION('',(0.,-0.707106781187,-0.707106781187));
#10101 = DIRECTION('',(-4.7E-16,-0.707106781187,0.707106781187));
#10102 = ADVANCED_FACE('',(#10103),#10106,.F.);
#10103 = FACE_BOUND('',#10104,.F.);
#10104 = EDGE_LOOP('',(#10105));
#10105 = ORIENTED_EDGE('',*,*,#9830,.F.);
#10106 = PLANE('',#10107);
#10107 = AXIS2_PLACEMENT_3D('',#10108,#10109,#10110);
#10108 = CARTESIAN_POINT('',(75.044929029047,77.026894926472,4.8));
#10109 = DIRECTION('',(0.,0.,1.));
#10110 = DIRECTION('',(1.,0.,0.));
#10111 = ADVANCED_FACE('',(#10112),#10115,.F.);
#10112 = FACE_BOUND('',#10113,.F.);
#10113 = EDGE_LOOP('',(#10114));
#10114 = ORIENTED_EDGE('',*,*,#9854,.F.);
#10115 = PLANE('',#10116);
#10116 = AXIS2_PLACEMENT_3D('',#10117,#10118,#10119);
#10117 = CARTESIAN_POINT('',(75.044929029047,77.026894926472,4.8));
#10118 = DIRECTION('',(0.,0.,1.));
#10119 = DIRECTION('',(1.,0.,0.));
#10120 = ADVANCED_FACE('',(#10121),#10134,.T.);
#10121 = FACE_BOUND('',#10122,.T.);
#10122 = EDGE_LOOP('',(#10123,#10124,#10125,#10126,#10132,#10133));
#10123 = ORIENTED_EDGE('',*,*,#10001,.F.);
#10124 = ORIENTED_EDGE('',*,*,#10050,.F.);
#10125 = ORIENTED_EDGE('',*,*,#10075,.F.);
#10126 = ORIENTED_EDGE('',*,*,#10127,.T.);
#10127 = EDGE_CURVE('',#10076,#9887,#10128,.T.);
#10128 = LINE('',#10129,#10130);
#10129 = CARTESIAN_POINT('',(55.91,7.5,5.1));
#10130 = VECTOR('',#10131,1.);
#10131 = DIRECTION('',(0.,1.,0.));
#10132 = ORIENTED_EDGE('',*,*,#9886,.T.);
#10133 = ORIENTED_EDGE('',*,*,#9952,.F.);
#10134 = PLANE('',#10135);
#10135 = AXIS2_PLACEMENT_3D('',#10136,#10137,#10138);
#10136 = CARTESIAN_POINT('',(55.91,11.599999999999,5.945167034418));
#10137 = DIRECTION('',(1.,-7.E-16,0.));
#10138 = DIRECTION('',(7.E-16,1.,0.));
#10139 = ADVANCED_FACE('',(#10140),#10151,.T.);
#10140 = FACE_BOUND('',#10141,.T.);
#10141 = EDGE_LOOP('',(#10142,#10143,#10149,#10150));
#10142 = ORIENTED_EDGE('',*,*,#10083,.T.);
#10143 = ORIENTED_EDGE('',*,*,#10144,.T.);
#10144 = EDGE_CURVE('',#10084,#9895,#10145,.T.);
#10145 = LINE('',#10146,#10147);
#10146 = CARTESIAN_POINT('',(62.01,7.5,5.1));
#10147 = VECTOR('',#10148,1.);
#10148 = DIRECTION('',(0.,1.,0.));
#10149 = ORIENTED_EDGE('',*,*,#9894,.F.);
#10150 = ORIENTED_EDGE('',*,*,#10127,.F.);
#10151 = PLANE('',#10152);
#10152 = AXIS2_PLACEMENT_3D('',#10153,#10154,#10155);
#10153 = CARTESIAN_POINT('',(55.91,7.5,5.1));
#10154 = DIRECTION('',(-1.1E-16,-2.2E-16,1.));
#10155 = DIRECTION('',(4.4E-16,1.,2.2E-16));
#10156 = ADVANCED_FACE('',(#10157),#10165,.F.);
#10157 = FACE_BOUND('',#10158,.F.);
#10158 = EDGE_LOOP('',(#10159,#10160,#10161,#10162,#10163,#10164));
#10159 = ORIENTED_EDGE('',*,*,#9977,.F.);
#10160 = ORIENTED_EDGE('',*,*,#10025,.F.);
#10161 = ORIENTED_EDGE('',*,*,#10091,.F.);
#10162 = ORIENTED_EDGE('',*,*,#10144,.T.);
#10163 = ORIENTED_EDGE('',*,*,#9902,.T.);
#10164 = ORIENTED_EDGE('',*,*,#9934,.T.);
#10165 = PLANE('',#10166);
#10166 = AXIS2_PLACEMENT_3D('',#10167,#10168,#10169);
#10167 = CARTESIAN_POINT('',(62.01,11.599999999999,5.945167034418));
#10168 = DIRECTION('',(1.,-7.E-16,0.));
#10169 = DIRECTION('',(7.E-16,1.,0.));
#10170 = ( GEOMETRIC_REPRESENTATION_CONTEXT(3) 
GLOBAL_UNCERTAINTY_ASSIGNED_CONTEXT((#10174)) 
GLOBAL_UNIT_ASSIGNED_CONTEXT((#10171,#10172,#10173)) 
REPRESENTATION_CONTEXT('Context #1',
  '3D Context with UNIT and UNCERTAINTY') );
#10171 = ( LENGTH_UNIT() NAMED_UNIT(*) SI_UNIT(.MILLI.,.METRE.) );
#10172 = ( NAMED_UNIT(*) PLANE_ANGLE_UNIT() SI_UNIT($,.RADIAN.) );
#10173 = ( NAMED_UNIT(*) SI_UNIT($,.STERADIAN.) SOLID_ANGLE_UNIT() );
#10174 = UNCERTAINTY_MEASURE_WITH_UNIT(LENGTH_MEASURE(5.E-05),#10171,
  'distance_accuracy_value','confusion accuracy');
#10175 = CONTEXT_DEPENDENT_SHAPE_REPRESENTATION(#10176,#10178);
#10176 = ( REPRESENTATION_RELATIONSHIP('','',#36,#10) 
REPRESENTATION_RELATIONSHIP_WITH_TRANSFORMATION(#10177) 
SHAPE_REPRESENTATION_RELATIONSHIP() );
#10177 = ITEM_DEFINED_TRANSFORMATION('','',#11,#15);
#10178 = PRODUCT_DEFINITION_SHAPE('Placement','Placement of an item',
  #10179);
#10179 = NEXT_ASSEMBLY_USAGE_OCCURRENCE('1','right_cover','',#5,#31,$);
#10180 = PRODUCT_RELATED_PRODUCT_CATEGORY('part',$,(#33));
#10181 = SHAPE_DEFINITION_REPRESENTATION(#10182,#10188);
#10182 = PRODUCT_DEFINITION_SHAPE('','',#10183);
#10183 = PRODUCT_DEFINITION('design','',#10184,#10187);
#10184 = PRODUCT_DEFINITION_FORMATION('','',#10185);
#10185 = PRODUCT('LED','LED','',(#10186));
#10186 = PRODUCT_CONTEXT('',#2,'mechanical');
#10187 = PRODUCT_DEFINITION_CONTEXT('part definition',#2,'design');
#10188 = SHAPE_REPRESENTATION('',(#11,#10189,#10479,#10769),#11059);
#10189 = MANIFOLD_SOLID_BREP('',#10190);
#10190 = CLOSED_SHELL('',(#10191,#10267,#10299,#10323,#10348,#10372,
    #10397,#10421,#10446,#10463));
#10191 = ADVANCED_FACE('',(#10192),#10262,.T.);
#10192 = FACE_BOUND('',#10193,.T.);
#10193 = EDGE_LOOP('',(#10194,#10205,#10213,#10222,#10230,#10239,#10247,
    #10256));
#10194 = ORIENTED_EDGE('',*,*,#10195,.T.);
#10195 = EDGE_CURVE('',#10196,#10198,#10200,.T.);
#10196 = VERTEX_POINT('',#10197);
#10197 = CARTESIAN_POINT('',(68.427,6.95,6.8));
#10198 = VERTEX_POINT('',#10199);
#10199 = CARTESIAN_POINT('',(69.277,7.8,6.8));
#10200 = CIRCLE('',#10201,0.85);
#10201 = AXIS2_PLACEMENT_3D('',#10202,#10203,#10204);
#10202 = CARTESIAN_POINT('',(68.427,7.8,6.8));
#10203 = DIRECTION('',(0.,0.,1.));
#10204 = DIRECTION('',(1.,0.,0.));
#10205 = ORIENTED_EDGE('',*,*,#10206,.T.);
#10206 = EDGE_CURVE('',#10198,#10207,#10209,.T.);
#10207 = VERTEX_POINT('',#10208);
#10208 = CARTESIAN_POINT('',(69.277,9.8,6.8));
#10209 = LINE('',#10210,#10211);
#10210 = CARTESIAN_POINT('',(69.277,7.8,6.8));
#10211 = VECTOR('',#10212,1.);
#10212 = DIRECTION('',(0.,1.,0.));
#10213 = ORIENTED_EDGE('',*,*,#10214,.T.);
#10214 = EDGE_CURVE('',#10207,#10215,#10217,.T.);
#10215 = VERTEX_POINT('',#10216);
#10216 = CARTESIAN_POINT('',(68.427,10.65,6.8));
#10217 = CIRCLE('',#10218,0.85);
#10218 = AXIS2_PLACEMENT_3D('',#10219,#10220,#10221);
#10219 = CARTESIAN_POINT('',(68.427,9.8,6.8));
#10220 = DIRECTION('',(0.,0.,1.));
#10221 = DIRECTION('',(1.,0.,0.));
#10222 = ORIENTED_EDGE('',*,*,#10223,.T.);
#10223 = EDGE_CURVE('',#10215,#10224,#10226,.T.);
#10224 = VERTEX_POINT('',#10225);
#10225 = CARTESIAN_POINT('',(67.427,10.65,6.8));
#10226 = LINE('',#10227,#10228);
#10227 = CARTESIAN_POINT('',(68.427,10.65,6.8));
#10228 = VECTOR('',#10229,1.);
#10229 = DIRECTION('',(-1.,0.,0.));
#10230 = ORIENTED_EDGE('',*,*,#10231,.T.);
#10231 = EDGE_CURVE('',#10224,#10232,#10234,.T.);
#10232 = VERTEX_POINT('',#10233);
#10233 = CARTESIAN_POINT('',(66.577,9.8,6.8));
#10234 = CIRCLE('',#10235,0.85);
#10235 = AXIS2_PLACEMENT_3D('',#10236,#10237,#10238);
#10236 = CARTESIAN_POINT('',(67.427,9.8,6.8));
#10237 = DIRECTION('',(0.,0.,1.));
#10238 = DIRECTION('',(1.,0.,0.));
#10239 = ORIENTED_EDGE('',*,*,#10240,.T.);
#10240 = EDGE_CURVE('',#10232,#10241,#10243,.T.);
#10241 = VERTEX_POINT('',#10242);
#10242 = CARTESIAN_POINT('',(66.577,7.8,6.8));
#10243 = LINE('',#10244,#10245);
#10244 = CARTESIAN_POINT('',(66.577,9.8,6.8));
#10245 = VECTOR('',#10246,1.);
#10246 = DIRECTION('',(0.,-1.,0.));
#10247 = ORIENTED_EDGE('',*,*,#10248,.T.);
#10248 = EDGE_CURVE('',#10241,#10249,#10251,.T.);
#10249 = VERTEX_POINT('',#10250);
#10250 = CARTESIAN_POINT('',(67.427,6.95,6.8));
#10251 = CIRCLE('',#10252,0.85);
#10252 = AXIS2_PLACEMENT_3D('',#10253,#10254,#10255);
#10253 = CARTESIAN_POINT('',(67.427,7.8,6.8));
#10254 = DIRECTION('',(0.,0.,1.));
#10255 = DIRECTION('',(1.,0.,0.));
#10256 = ORIENTED_EDGE('',*,*,#10257,.T.);
#10257 = EDGE_CURVE('',#10249,#10196,#10258,.T.);
#10258 = LINE('',#10259,#10260);
#10259 = CARTESIAN_POINT('',(67.427,6.95,6.8));
#10260 = VECTOR('',#10261,1.);
#10261 = DIRECTION('',(1.,1.066E-14,0.));
#10262 = PLANE('',#10263);
#10263 = AXIS2_PLACEMENT_3D('',#10264,#10265,#10266);
#10264 = CARTESIAN_POINT('',(71.627,8.8,6.8));
#10265 = DIRECTION('',(0.,0.,1.));
#10266 = DIRECTION('',(1.,0.,0.));
#10267 = ADVANCED_FACE('',(#10268),#10294,.T.);
#10268 = FACE_BOUND('',#10269,.T.);
#10269 = EDGE_LOOP('',(#10270,#10271,#10279,#10288));
#10270 = ORIENTED_EDGE('',*,*,#10195,.F.);
#10271 = ORIENTED_EDGE('',*,*,#10272,.T.);
#10272 = EDGE_CURVE('',#10196,#10273,#10275,.T.);
#10273 = VERTEX_POINT('',#10274);
#10274 = CARTESIAN_POINT('',(68.427,6.95,6.6));
#10275 = LINE('',#10276,#10277);
#10276 = CARTESIAN_POINT('',(68.427,6.95,6.8));
#10277 = VECTOR('',#10278,1.);
#10278 = DIRECTION('',(-0.,-0.,-1.));
#10279 = ORIENTED_EDGE('',*,*,#10280,.T.);
#10280 = EDGE_CURVE('',#10273,#10281,#10283,.T.);
#10281 = VERTEX_POINT('',#10282);
#10282 = CARTESIAN_POINT('',(69.277,7.8,6.6));
#10283 = CIRCLE('',#10284,0.85);
#10284 = AXIS2_PLACEMENT_3D('',#10285,#10286,#10287);
#10285 = CARTESIAN_POINT('',(68.427,7.8,6.6));
#10286 = DIRECTION('',(0.,0.,1.));
#10287 = DIRECTION('',(1.,0.,-0.));
#10288 = ORIENTED_EDGE('',*,*,#10289,.F.);
#10289 = EDGE_CURVE('',#10198,#10281,#10290,.T.);
#10290 = LINE('',#10291,#10292);
#10291 = CARTESIAN_POINT('',(69.277,7.8,6.8));
#10292 = VECTOR('',#10293,1.);
#10293 = DIRECTION('',(-0.,-0.,-1.));
#10294 = CYLINDRICAL_SURFACE('',#10295,0.85);
#10295 = AXIS2_PLACEMENT_3D('',#10296,#10297,#10298);
#10296 = CARTESIAN_POINT('',(68.427,7.8,6.8));
#10297 = DIRECTION('',(0.,0.,1.));
#10298 = DIRECTION('',(1.,0.,-0.));
#10299 = ADVANCED_FACE('',(#10300),#10318,.T.);
#10300 = FACE_BOUND('',#10301,.T.);
#10301 = EDGE_LOOP('',(#10302,#10303,#10311,#10317));
#10302 = ORIENTED_EDGE('',*,*,#10257,.F.);
#10303 = ORIENTED_EDGE('',*,*,#10304,.T.);
#10304 = EDGE_CURVE('',#10249,#10305,#10307,.T.);
#10305 = VERTEX_POINT('',#10306);
#10306 = CARTESIAN_POINT('',(67.427,6.95,6.6));
#10307 = LINE('',#10308,#10309);
#10308 = CARTESIAN_POINT('',(67.427,6.95,6.8));
#10309 = VECTOR('',#10310,1.);
#10310 = DIRECTION('',(-0.,-0.,-1.));
#10311 = ORIENTED_EDGE('',*,*,#10312,.T.);
#10312 = EDGE_CURVE('',#10305,#10273,#10313,.T.);
#10313 = LINE('',#10314,#10315);
#10314 = CARTESIAN_POINT('',(69.527,6.95,6.6));
#10315 = VECTOR('',#10316,1.);
#10316 = DIRECTION('',(1.,1.066E-14,0.));
#10317 = ORIENTED_EDGE('',*,*,#10272,.F.);
#10318 = PLANE('',#10319);
#10319 = AXIS2_PLACEMENT_3D('',#10320,#10321,#10322);
#10320 = CARTESIAN_POINT('',(67.427,6.95,6.8));
#10321 = DIRECTION('',(1.066E-14,-1.,0.));
#10322 = DIRECTION('',(1.,1.066E-14,0.));
#10323 = ADVANCED_FACE('',(#10324),#10343,.T.);
#10324 = FACE_BOUND('',#10325,.T.);
#10325 = EDGE_LOOP('',(#10326,#10327,#10335,#10342));
#10326 = ORIENTED_EDGE('',*,*,#10248,.F.);
#10327 = ORIENTED_EDGE('',*,*,#10328,.T.);
#10328 = EDGE_CURVE('',#10241,#10329,#10331,.T.);
#10329 = VERTEX_POINT('',#10330);
#10330 = CARTESIAN_POINT('',(66.577,7.8,6.6));
#10331 = LINE('',#10332,#10333);
#10332 = CARTESIAN_POINT('',(66.577,7.8,6.8));
#10333 = VECTOR('',#10334,1.);
#10334 = DIRECTION('',(-0.,-0.,-1.));
#10335 = ORIENTED_EDGE('',*,*,#10336,.T.);
#10336 = EDGE_CURVE('',#10329,#10305,#10337,.T.);
#10337 = CIRCLE('',#10338,0.85);
#10338 = AXIS2_PLACEMENT_3D('',#10339,#10340,#10341);
#10339 = CARTESIAN_POINT('',(67.427,7.8,6.6));
#10340 = DIRECTION('',(0.,0.,1.));
#10341 = DIRECTION('',(1.,0.,-0.));
#10342 = ORIENTED_EDGE('',*,*,#10304,.F.);
#10343 = CYLINDRICAL_SURFACE('',#10344,0.85);
#10344 = AXIS2_PLACEMENT_3D('',#10345,#10346,#10347);
#10345 = CARTESIAN_POINT('',(67.427,7.8,6.8));
#10346 = DIRECTION('',(0.,0.,1.));
#10347 = DIRECTION('',(1.,0.,-0.));
#10348 = ADVANCED_FACE('',(#10349),#10367,.T.);
#10349 = FACE_BOUND('',#10350,.T.);
#10350 = EDGE_LOOP('',(#10351,#10352,#10360,#10366));
#10351 = ORIENTED_EDGE('',*,*,#10240,.F.);
#10352 = ORIENTED_EDGE('',*,*,#10353,.T.);
#10353 = EDGE_CURVE('',#10232,#10354,#10356,.T.);
#10354 = VERTEX_POINT('',#10355);
#10355 = CARTESIAN_POINT('',(66.577,9.8,6.6));
#10356 = LINE('',#10357,#10358);
#10357 = CARTESIAN_POINT('',(66.577,9.8,6.8));
#10358 = VECTOR('',#10359,1.);
#10359 = DIRECTION('',(-0.,-0.,-1.));
#10360 = ORIENTED_EDGE('',*,*,#10361,.T.);
#10361 = EDGE_CURVE('',#10354,#10329,#10362,.T.);
#10362 = LINE('',#10363,#10364);
#10363 = CARTESIAN_POINT('',(66.577,9.3,6.6));
#10364 = VECTOR('',#10365,1.);
#10365 = DIRECTION('',(0.,-1.,0.));
#10366 = ORIENTED_EDGE('',*,*,#10328,.F.);
#10367 = PLANE('',#10368);
#10368 = AXIS2_PLACEMENT_3D('',#10369,#10370,#10371);
#10369 = CARTESIAN_POINT('',(66.577,9.8,6.8));
#10370 = DIRECTION('',(-1.,0.,0.));
#10371 = DIRECTION('',(0.,-1.,0.));
#10372 = ADVANCED_FACE('',(#10373),#10392,.T.);
#10373 = FACE_BOUND('',#10374,.T.);
#10374 = EDGE_LOOP('',(#10375,#10376,#10384,#10391));
#10375 = ORIENTED_EDGE('',*,*,#10231,.F.);
#10376 = ORIENTED_EDGE('',*,*,#10377,.T.);
#10377 = EDGE_CURVE('',#10224,#10378,#10380,.T.);
#10378 = VERTEX_POINT('',#10379);
#10379 = CARTESIAN_POINT('',(67.427,10.65,6.6));
#10380 = LINE('',#10381,#10382);
#10381 = CARTESIAN_POINT('',(67.427,10.65,6.8));
#10382 = VECTOR('',#10383,1.);
#10383 = DIRECTION('',(-0.,-0.,-1.));
#10384 = ORIENTED_EDGE('',*,*,#10385,.T.);
#10385 = EDGE_CURVE('',#10378,#10354,#10386,.T.);
#10386 = CIRCLE('',#10387,0.85);
#10387 = AXIS2_PLACEMENT_3D('',#10388,#10389,#10390);
#10388 = CARTESIAN_POINT('',(67.427,9.8,6.6));
#10389 = DIRECTION('',(0.,0.,1.));
#10390 = DIRECTION('',(1.,0.,-0.));
#10391 = ORIENTED_EDGE('',*,*,#10353,.F.);
#10392 = CYLINDRICAL_SURFACE('',#10393,0.85);
#10393 = AXIS2_PLACEMENT_3D('',#10394,#10395,#10396);
#10394 = CARTESIAN_POINT('',(67.427,9.8,6.8));
#10395 = DIRECTION('',(0.,0.,1.));
#10396 = DIRECTION('',(1.,0.,-0.));
#10397 = ADVANCED_FACE('',(#10398),#10416,.T.);
#10398 = FACE_BOUND('',#10399,.T.);
#10399 = EDGE_LOOP('',(#10400,#10401,#10409,#10415));
#10400 = ORIENTED_EDGE('',*,*,#10223,.F.);
#10401 = ORIENTED_EDGE('',*,*,#10402,.T.);
#10402 = EDGE_CURVE('',#10215,#10403,#10405,.T.);
#10403 = VERTEX_POINT('',#10404);
#10404 = CARTESIAN_POINT('',(68.427,10.65,6.6));
#10405 = LINE('',#10406,#10407);
#10406 = CARTESIAN_POINT('',(68.427,10.65,6.8));
#10407 = VECTOR('',#10408,1.);
#10408 = DIRECTION('',(-0.,-0.,-1.));
#10409 = ORIENTED_EDGE('',*,*,#10410,.T.);
#10410 = EDGE_CURVE('',#10403,#10378,#10411,.T.);
#10411 = LINE('',#10412,#10413);
#10412 = CARTESIAN_POINT('',(70.027,10.65,6.6));
#10413 = VECTOR('',#10414,1.);
#10414 = DIRECTION('',(-1.,0.,0.));
#10415 = ORIENTED_EDGE('',*,*,#10377,.F.);
#10416 = PLANE('',#10417);
#10417 = AXIS2_PLACEMENT_3D('',#10418,#10419,#10420);
#10418 = CARTESIAN_POINT('',(68.427,10.65,6.8));
#10419 = DIRECTION('',(0.,1.,0.));
#10420 = DIRECTION('',(-1.,0.,0.));
#10421 = ADVANCED_FACE('',(#10422),#10441,.T.);
#10422 = FACE_BOUND('',#10423,.T.);
#10423 = EDGE_LOOP('',(#10424,#10425,#10433,#10440));
#10424 = ORIENTED_EDGE('',*,*,#10214,.F.);
#10425 = ORIENTED_EDGE('',*,*,#10426,.T.);
#10426 = EDGE_CURVE('',#10207,#10427,#10429,.T.);
#10427 = VERTEX_POINT('',#10428);
#10428 = CARTESIAN_POINT('',(69.277,9.8,6.6));
#10429 = LINE('',#10430,#10431);
#10430 = CARTESIAN_POINT('',(69.277,9.8,6.8));
#10431 = VECTOR('',#10432,1.);
#10432 = DIRECTION('',(-0.,-0.,-1.));
#10433 = ORIENTED_EDGE('',*,*,#10434,.T.);
#10434 = EDGE_CURVE('',#10427,#10403,#10435,.T.);
#10435 = CIRCLE('',#10436,0.85);
#10436 = AXIS2_PLACEMENT_3D('',#10437,#10438,#10439);
#10437 = CARTESIAN_POINT('',(68.427,9.8,6.6));
#10438 = DIRECTION('',(0.,0.,1.));
#10439 = DIRECTION('',(1.,0.,-0.));
#10440 = ORIENTED_EDGE('',*,*,#10402,.F.);
#10441 = CYLINDRICAL_SURFACE('',#10442,0.85);
#10442 = AXIS2_PLACEMENT_3D('',#10443,#10444,#10445);
#10443 = CARTESIAN_POINT('',(68.427,9.8,6.8));
#10444 = DIRECTION('',(0.,0.,1.));
#10445 = DIRECTION('',(1.,0.,-0.));
#10446 = ADVANCED_FACE('',(#10447),#10458,.T.);
#10447 = FACE_BOUND('',#10448,.T.);
#10448 = EDGE_LOOP('',(#10449,#10450,#10451,#10457));
#10449 = ORIENTED_EDGE('',*,*,#10206,.F.);
#10450 = ORIENTED_EDGE('',*,*,#10289,.T.);
#10451 = ORIENTED_EDGE('',*,*,#10452,.T.);
#10452 = EDGE_CURVE('',#10281,#10427,#10453,.T.);
#10453 = LINE('',#10454,#10455);
#10454 = CARTESIAN_POINT('',(69.277,8.3,6.6));
#10455 = VECTOR('',#10456,1.);
#10456 = DIRECTION('',(0.,1.,0.));
#10457 = ORIENTED_EDGE('',*,*,#10426,.F.);
#10458 = PLANE('',#10459);
#10459 = AXIS2_PLACEMENT_3D('',#10460,#10461,#10462);
#10460 = CARTESIAN_POINT('',(69.277,7.8,6.8));
#10461 = DIRECTION('',(1.,0.,0.));
#10462 = DIRECTION('',(-0.,1.,0.));
#10463 = ADVANCED_FACE('',(#10464),#10474,.F.);
#10464 = FACE_BOUND('',#10465,.F.);
#10465 = EDGE_LOOP('',(#10466,#10467,#10468,#10469,#10470,#10471,#10472,
    #10473));
#10466 = ORIENTED_EDGE('',*,*,#10280,.T.);
#10467 = ORIENTED_EDGE('',*,*,#10452,.T.);
#10468 = ORIENTED_EDGE('',*,*,#10434,.T.);
#10469 = ORIENTED_EDGE('',*,*,#10410,.T.);
#10470 = ORIENTED_EDGE('',*,*,#10385,.T.);
#10471 = ORIENTED_EDGE('',*,*,#10361,.T.);
#10472 = ORIENTED_EDGE('',*,*,#10336,.T.);
#10473 = ORIENTED_EDGE('',*,*,#10312,.T.);
#10474 = PLANE('',#10475);
#10475 = AXIS2_PLACEMENT_3D('',#10476,#10477,#10478);
#10476 = CARTESIAN_POINT('',(71.627,8.8,6.6));
#10477 = DIRECTION('',(0.,0.,1.));
#10478 = DIRECTION('',(1.,0.,0.));
#10479 = MANIFOLD_SOLID_BREP('',#10480);
#10480 = CLOSED_SHELL('',(#10481,#10557,#10589,#10613,#10638,#10662,
    #10687,#10711,#10736,#10753));
#10481 = ADVANCED_FACE('',(#10482),#10552,.T.);
#10482 = FACE_BOUND('',#10483,.T.);
#10483 = EDGE_LOOP('',(#10484,#10495,#10503,#10512,#10520,#10529,#10537,
    #10546));
#10484 = ORIENTED_EDGE('',*,*,#10485,.T.);
#10485 = EDGE_CURVE('',#10486,#10488,#10490,.T.);
#10486 = VERTEX_POINT('',#10487);
#10487 = CARTESIAN_POINT('',(72.127,6.95,6.8));
#10488 = VERTEX_POINT('',#10489);
#10489 = CARTESIAN_POINT('',(72.977,7.8,6.8));
#10490 = CIRCLE('',#10491,0.85);
#10491 = AXIS2_PLACEMENT_3D('',#10492,#10493,#10494);
#10492 = CARTESIAN_POINT('',(72.127,7.8,6.8));
#10493 = DIRECTION('',(0.,0.,1.));
#10494 = DIRECTION('',(1.,0.,0.));
#10495 = ORIENTED_EDGE('',*,*,#10496,.T.);
#10496 = EDGE_CURVE('',#10488,#10497,#10499,.T.);
#10497 = VERTEX_POINT('',#10498);
#10498 = CARTESIAN_POINT('',(72.977,9.8,6.8));
#10499 = LINE('',#10500,#10501);
#10500 = CARTESIAN_POINT('',(72.977,7.8,6.8));
#10501 = VECTOR('',#10502,1.);
#10502 = DIRECTION('',(0.,1.,0.));
#10503 = ORIENTED_EDGE('',*,*,#10504,.T.);
#10504 = EDGE_CURVE('',#10497,#10505,#10507,.T.);
#10505 = VERTEX_POINT('',#10506);
#10506 = CARTESIAN_POINT('',(72.127,10.65,6.8));
#10507 = CIRCLE('',#10508,0.85);
#10508 = AXIS2_PLACEMENT_3D('',#10509,#10510,#10511);
#10509 = CARTESIAN_POINT('',(72.127,9.8,6.8));
#10510 = DIRECTION('',(0.,0.,1.));
#10511 = DIRECTION('',(1.,0.,0.));
#10512 = ORIENTED_EDGE('',*,*,#10513,.T.);
#10513 = EDGE_CURVE('',#10505,#10514,#10516,.T.);
#10514 = VERTEX_POINT('',#10515);
#10515 = CARTESIAN_POINT('',(71.127,10.65,6.8));
#10516 = LINE('',#10517,#10518);
#10517 = CARTESIAN_POINT('',(72.127,10.65,6.8));
#10518 = VECTOR('',#10519,1.);
#10519 = DIRECTION('',(-1.,0.,0.));
#10520 = ORIENTED_EDGE('',*,*,#10521,.T.);
#10521 = EDGE_CURVE('',#10514,#10522,#10524,.T.);
#10522 = VERTEX_POINT('',#10523);
#10523 = CARTESIAN_POINT('',(70.277,9.8,6.8));
#10524 = CIRCLE('',#10525,0.85);
#10525 = AXIS2_PLACEMENT_3D('',#10526,#10527,#10528);
#10526 = CARTESIAN_POINT('',(71.127,9.8,6.8));
#10527 = DIRECTION('',(0.,0.,1.));
#10528 = DIRECTION('',(1.,0.,0.));
#10529 = ORIENTED_EDGE('',*,*,#10530,.T.);
#10530 = EDGE_CURVE('',#10522,#10531,#10533,.T.);
#10531 = VERTEX_POINT('',#10532);
#10532 = CARTESIAN_POINT('',(70.277,7.8,6.8));
#10533 = LINE('',#10534,#10535);
#10534 = CARTESIAN_POINT('',(70.277,9.8,6.8));
#10535 = VECTOR('',#10536,1.);
#10536 = DIRECTION('',(0.,-1.,0.));
#10537 = ORIENTED_EDGE('',*,*,#10538,.T.);
#10538 = EDGE_CURVE('',#10531,#10539,#10541,.T.);
#10539 = VERTEX_POINT('',#10540);
#10540 = CARTESIAN_POINT('',(71.127,6.95,6.8));
#10541 = CIRCLE('',#10542,0.85);
#10542 = AXIS2_PLACEMENT_3D('',#10543,#10544,#10545);
#10543 = CARTESIAN_POINT('',(71.127,7.8,6.8));
#10544 = DIRECTION('',(0.,0.,1.));
#10545 = DIRECTION('',(1.,0.,0.));
#10546 = ORIENTED_EDGE('',*,*,#10547,.T.);
#10547 = EDGE_CURVE('',#10539,#10486,#10548,.T.);
#10548 = LINE('',#10549,#10550);
#10549 = CARTESIAN_POINT('',(71.127,6.95,6.8));
#10550 = VECTOR('',#10551,1.);
#10551 = DIRECTION('',(1.,0.,0.));
#10552 = PLANE('',#10553);
#10553 = AXIS2_PLACEMENT_3D('',#10554,#10555,#10556);
#10554 = CARTESIAN_POINT('',(71.627,8.8,6.8));
#10555 = DIRECTION('',(0.,0.,1.));
#10556 = DIRECTION('',(1.,0.,0.));
#10557 = ADVANCED_FACE('',(#10558),#10584,.T.);
#10558 = FACE_BOUND('',#10559,.T.);
#10559 = EDGE_LOOP('',(#10560,#10561,#10569,#10578));
#10560 = ORIENTED_EDGE('',*,*,#10485,.F.);
#10561 = ORIENTED_EDGE('',*,*,#10562,.T.);
#10562 = EDGE_CURVE('',#10486,#10563,#10565,.T.);
#10563 = VERTEX_POINT('',#10564);
#10564 = CARTESIAN_POINT('',(72.127,6.95,6.6));
#10565 = LINE('',#10566,#10567);
#10566 = CARTESIAN_POINT('',(72.127,6.95,6.8));
#10567 = VECTOR('',#10568,1.);
#10568 = DIRECTION('',(-0.,-0.,-1.));
#10569 = ORIENTED_EDGE('',*,*,#10570,.T.);
#10570 = EDGE_CURVE('',#10563,#10571,#10573,.T.);
#10571 = VERTEX_POINT('',#10572);
#10572 = CARTESIAN_POINT('',(72.977,7.8,6.6));
#10573 = CIRCLE('',#10574,0.85);
#10574 = AXIS2_PLACEMENT_3D('',#10575,#10576,#10577);
#10575 = CARTESIAN_POINT('',(72.127,7.8,6.6));
#10576 = DIRECTION('',(0.,0.,1.));
#10577 = DIRECTION('',(1.,0.,-0.));
#10578 = ORIENTED_EDGE('',*,*,#10579,.F.);
#10579 = EDGE_CURVE('',#10488,#10571,#10580,.T.);
#10580 = LINE('',#10581,#10582);
#10581 = CARTESIAN_POINT('',(72.977,7.8,6.8));
#10582 = VECTOR('',#10583,1.);
#10583 = DIRECTION('',(-0.,-0.,-1.));
#10584 = CYLINDRICAL_SURFACE('',#10585,0.85);
#10585 = AXIS2_PLACEMENT_3D('',#10586,#10587,#10588);
#10586 = CARTESIAN_POINT('',(72.127,7.8,6.8));
#10587 = DIRECTION('',(0.,0.,1.));
#10588 = DIRECTION('',(1.,0.,-0.));
#10589 = ADVANCED_FACE('',(#10590),#10608,.T.);
#10590 = FACE_BOUND('',#10591,.T.);
#10591 = EDGE_LOOP('',(#10592,#10593,#10601,#10607));
#10592 = ORIENTED_EDGE('',*,*,#10547,.F.);
#10593 = ORIENTED_EDGE('',*,*,#10594,.T.);
#10594 = EDGE_CURVE('',#10539,#10595,#10597,.T.);
#10595 = VERTEX_POINT('',#10596);
#10596 = CARTESIAN_POINT('',(71.127,6.95,6.6));
#10597 = LINE('',#10598,#10599);
#10598 = CARTESIAN_POINT('',(71.127,6.95,6.8));
#10599 = VECTOR('',#10600,1.);
#10600 = DIRECTION('',(-0.,-0.,-1.));
#10601 = ORIENTED_EDGE('',*,*,#10602,.T.);
#10602 = EDGE_CURVE('',#10595,#10563,#10603,.T.);
#10603 = LINE('',#10604,#10605);
#10604 = CARTESIAN_POINT('',(71.377,6.95,6.6));
#10605 = VECTOR('',#10606,1.);
#10606 = DIRECTION('',(1.,0.,0.));
#10607 = ORIENTED_EDGE('',*,*,#10562,.F.);
#10608 = PLANE('',#10609);
#10609 = AXIS2_PLACEMENT_3D('',#10610,#10611,#10612);
#10610 = CARTESIAN_POINT('',(71.127,6.95,6.8));
#10611 = DIRECTION('',(0.,-1.,0.));
#10612 = DIRECTION('',(1.,0.,0.));
#10613 = ADVANCED_FACE('',(#10614),#10633,.T.);
#10614 = FACE_BOUND('',#10615,.T.);
#10615 = EDGE_LOOP('',(#10616,#10617,#10625,#10632));
#10616 = ORIENTED_EDGE('',*,*,#10538,.F.);
#10617 = ORIENTED_EDGE('',*,*,#10618,.T.);
#10618 = EDGE_CURVE('',#10531,#10619,#10621,.T.);
#10619 = VERTEX_POINT('',#10620);
#10620 = CARTESIAN_POINT('',(70.277,7.8,6.6));
#10621 = LINE('',#10622,#10623);
#10622 = CARTESIAN_POINT('',(70.277,7.8,6.8));
#10623 = VECTOR('',#10624,1.);
#10624 = DIRECTION('',(-0.,-0.,-1.));
#10625 = ORIENTED_EDGE('',*,*,#10626,.T.);
#10626 = EDGE_CURVE('',#10619,#10595,#10627,.T.);
#10627 = CIRCLE('',#10628,0.85);
#10628 = AXIS2_PLACEMENT_3D('',#10629,#10630,#10631);
#10629 = CARTESIAN_POINT('',(71.127,7.8,6.6));
#10630 = DIRECTION('',(0.,0.,1.));
#10631 = DIRECTION('',(1.,0.,-0.));
#10632 = ORIENTED_EDGE('',*,*,#10594,.F.);
#10633 = CYLINDRICAL_SURFACE('',#10634,0.85);
#10634 = AXIS2_PLACEMENT_3D('',#10635,#10636,#10637);
#10635 = CARTESIAN_POINT('',(71.127,7.8,6.8));
#10636 = DIRECTION('',(0.,0.,1.));
#10637 = DIRECTION('',(1.,0.,-0.));
#10638 = ADVANCED_FACE('',(#10639),#10657,.T.);
#10639 = FACE_BOUND('',#10640,.T.);
#10640 = EDGE_LOOP('',(#10641,#10642,#10650,#10656));
#10641 = ORIENTED_EDGE('',*,*,#10530,.F.);
#10642 = ORIENTED_EDGE('',*,*,#10643,.T.);
#10643 = EDGE_CURVE('',#10522,#10644,#10646,.T.);
#10644 = VERTEX_POINT('',#10645);
#10645 = CARTESIAN_POINT('',(70.277,9.8,6.6));
#10646 = LINE('',#10647,#10648);
#10647 = CARTESIAN_POINT('',(70.277,9.8,6.8));
#10648 = VECTOR('',#10649,1.);
#10649 = DIRECTION('',(-0.,-0.,-1.));
#10650 = ORIENTED_EDGE('',*,*,#10651,.T.);
#10651 = EDGE_CURVE('',#10644,#10619,#10652,.T.);
#10652 = LINE('',#10653,#10654);
#10653 = CARTESIAN_POINT('',(70.277,9.3,6.6));
#10654 = VECTOR('',#10655,1.);
#10655 = DIRECTION('',(0.,-1.,0.));
#10656 = ORIENTED_EDGE('',*,*,#10618,.F.);
#10657 = PLANE('',#10658);
#10658 = AXIS2_PLACEMENT_3D('',#10659,#10660,#10661);
#10659 = CARTESIAN_POINT('',(70.277,9.8,6.8));
#10660 = DIRECTION('',(-1.,0.,0.));
#10661 = DIRECTION('',(0.,-1.,0.));
#10662 = ADVANCED_FACE('',(#10663),#10682,.T.);
#10663 = FACE_BOUND('',#10664,.T.);
#10664 = EDGE_LOOP('',(#10665,#10666,#10674,#10681));
#10665 = ORIENTED_EDGE('',*,*,#10521,.F.);
#10666 = ORIENTED_EDGE('',*,*,#10667,.T.);
#10667 = EDGE_CURVE('',#10514,#10668,#10670,.T.);
#10668 = VERTEX_POINT('',#10669);
#10669 = CARTESIAN_POINT('',(71.127,10.65,6.6));
#10670 = LINE('',#10671,#10672);
#10671 = CARTESIAN_POINT('',(71.127,10.65,6.8));
#10672 = VECTOR('',#10673,1.);
#10673 = DIRECTION('',(-0.,-0.,-1.));
#10674 = ORIENTED_EDGE('',*,*,#10675,.T.);
#10675 = EDGE_CURVE('',#10668,#10644,#10676,.T.);
#10676 = CIRCLE('',#10677,0.85);
#10677 = AXIS2_PLACEMENT_3D('',#10678,#10679,#10680);
#10678 = CARTESIAN_POINT('',(71.127,9.8,6.6));
#10679 = DIRECTION('',(0.,0.,1.));
#10680 = DIRECTION('',(1.,0.,-0.));
#10681 = ORIENTED_EDGE('',*,*,#10643,.F.);
#10682 = CYLINDRICAL_SURFACE('',#10683,0.85);
#10683 = AXIS2_PLACEMENT_3D('',#10684,#10685,#10686);
#10684 = CARTESIAN_POINT('',(71.127,9.8,6.8));
#10685 = DIRECTION('',(0.,0.,1.));
#10686 = DIRECTION('',(1.,0.,-0.));
#10687 = ADVANCED_FACE('',(#10688),#10706,.T.);
#10688 = FACE_BOUND('',#10689,.T.);
#10689 = EDGE_LOOP('',(#10690,#10691,#10699,#10705));
#10690 = ORIENTED_EDGE('',*,*,#10513,.F.);
#10691 = ORIENTED_EDGE('',*,*,#10692,.T.);
#10692 = EDGE_CURVE('',#10505,#10693,#10695,.T.);
#10693 = VERTEX_POINT('',#10694);
#10694 = CARTESIAN_POINT('',(72.127,10.65,6.6));
#10695 = LINE('',#10696,#10697);
#10696 = CARTESIAN_POINT('',(72.127,10.65,6.8));
#10697 = VECTOR('',#10698,1.);
#10698 = DIRECTION('',(-0.,-0.,-1.));
#10699 = ORIENTED_EDGE('',*,*,#10700,.T.);
#10700 = EDGE_CURVE('',#10693,#10668,#10701,.T.);
#10701 = LINE('',#10702,#10703);
#10702 = CARTESIAN_POINT('',(71.877,10.65,6.6));
#10703 = VECTOR('',#10704,1.);
#10704 = DIRECTION('',(-1.,0.,0.));
#10705 = ORIENTED_EDGE('',*,*,#10667,.F.);
#10706 = PLANE('',#10707);
#10707 = AXIS2_PLACEMENT_3D('',#10708,#10709,#10710);
#10708 = CARTESIAN_POINT('',(72.127,10.65,6.8));
#10709 = DIRECTION('',(0.,1.,0.));
#10710 = DIRECTION('',(-1.,0.,0.));
#10711 = ADVANCED_FACE('',(#10712),#10731,.T.);
#10712 = FACE_BOUND('',#10713,.T.);
#10713 = EDGE_LOOP('',(#10714,#10715,#10723,#10730));
#10714 = ORIENTED_EDGE('',*,*,#10504,.F.);
#10715 = ORIENTED_EDGE('',*,*,#10716,.T.);
#10716 = EDGE_CURVE('',#10497,#10717,#10719,.T.);
#10717 = VERTEX_POINT('',#10718);
#10718 = CARTESIAN_POINT('',(72.977,9.8,6.6));
#10719 = LINE('',#10720,#10721);
#10720 = CARTESIAN_POINT('',(72.977,9.8,6.8));
#10721 = VECTOR('',#10722,1.);
#10722 = DIRECTION('',(-0.,-0.,-1.));
#10723 = ORIENTED_EDGE('',*,*,#10724,.T.);
#10724 = EDGE_CURVE('',#10717,#10693,#10725,.T.);
#10725 = CIRCLE('',#10726,0.85);
#10726 = AXIS2_PLACEMENT_3D('',#10727,#10728,#10729);
#10727 = CARTESIAN_POINT('',(72.127,9.8,6.6));
#10728 = DIRECTION('',(0.,0.,1.));
#10729 = DIRECTION('',(1.,0.,-0.));
#10730 = ORIENTED_EDGE('',*,*,#10692,.F.);
#10731 = CYLINDRICAL_SURFACE('',#10732,0.85);
#10732 = AXIS2_PLACEMENT_3D('',#10733,#10734,#10735);
#10733 = CARTESIAN_POINT('',(72.127,9.8,6.8));
#10734 = DIRECTION('',(0.,0.,1.));
#10735 = DIRECTION('',(1.,0.,-0.));
#10736 = ADVANCED_FACE('',(#10737),#10748,.T.);
#10737 = FACE_BOUND('',#10738,.T.);
#10738 = EDGE_LOOP('',(#10739,#10740,#10741,#10747));
#10739 = ORIENTED_EDGE('',*,*,#10496,.F.);
#10740 = ORIENTED_EDGE('',*,*,#10579,.T.);
#10741 = ORIENTED_EDGE('',*,*,#10742,.T.);
#10742 = EDGE_CURVE('',#10571,#10717,#10743,.T.);
#10743 = LINE('',#10744,#10745);
#10744 = CARTESIAN_POINT('',(72.977,8.3,6.6));
#10745 = VECTOR('',#10746,1.);
#10746 = DIRECTION('',(0.,1.,0.));
#10747 = ORIENTED_EDGE('',*,*,#10716,.F.);
#10748 = PLANE('',#10749);
#10749 = AXIS2_PLACEMENT_3D('',#10750,#10751,#10752);
#10750 = CARTESIAN_POINT('',(72.977,7.8,6.8));
#10751 = DIRECTION('',(1.,0.,0.));
#10752 = DIRECTION('',(-0.,1.,0.));
#10753 = ADVANCED_FACE('',(#10754),#10764,.F.);
#10754 = FACE_BOUND('',#10755,.F.);
#10755 = EDGE_LOOP('',(#10756,#10757,#10758,#10759,#10760,#10761,#10762,
    #10763));
#10756 = ORIENTED_EDGE('',*,*,#10570,.T.);
#10757 = ORIENTED_EDGE('',*,*,#10742,.T.);
#10758 = ORIENTED_EDGE('',*,*,#10724,.T.);
#10759 = ORIENTED_EDGE('',*,*,#10700,.T.);
#10760 = ORIENTED_EDGE('',*,*,#10675,.T.);
#10761 = ORIENTED_EDGE('',*,*,#10651,.T.);
#10762 = ORIENTED_EDGE('',*,*,#10626,.T.);
#10763 = ORIENTED_EDGE('',*,*,#10602,.T.);
#10764 = PLANE('',#10765);
#10765 = AXIS2_PLACEMENT_3D('',#10766,#10767,#10768);
#10766 = CARTESIAN_POINT('',(71.627,8.8,6.6));
#10767 = DIRECTION('',(0.,0.,1.));
#10768 = DIRECTION('',(1.,0.,0.));
#10769 = MANIFOLD_SOLID_BREP('',#10770);
#10770 = CLOSED_SHELL('',(#10771,#10847,#10879,#10903,#10928,#10952,
    #10977,#11001,#11026,#11043));
#10771 = ADVANCED_FACE('',(#10772),#10842,.T.);
#10772 = FACE_BOUND('',#10773,.T.);
#10773 = EDGE_LOOP('',(#10774,#10785,#10793,#10802,#10810,#10819,#10827,
    #10836));
#10774 = ORIENTED_EDGE('',*,*,#10775,.T.);
#10775 = EDGE_CURVE('',#10776,#10778,#10780,.T.);
#10776 = VERTEX_POINT('',#10777);
#10777 = CARTESIAN_POINT('',(75.827,6.95,6.8));
#10778 = VERTEX_POINT('',#10779);
#10779 = CARTESIAN_POINT('',(76.677,7.8,6.8));
#10780 = CIRCLE('',#10781,0.85);
#10781 = AXIS2_PLACEMENT_3D('',#10782,#10783,#10784);
#10782 = CARTESIAN_POINT('',(75.827,7.8,6.8));
#10783 = DIRECTION('',(0.,0.,1.));
#10784 = DIRECTION('',(1.,0.,0.));
#10785 = ORIENTED_EDGE('',*,*,#10786,.T.);
#10786 = EDGE_CURVE('',#10778,#10787,#10789,.T.);
#10787 = VERTEX_POINT('',#10788);
#10788 = CARTESIAN_POINT('',(76.677,9.8,6.8));
#10789 = LINE('',#10790,#10791);
#10790 = CARTESIAN_POINT('',(76.677,7.8,6.8));
#10791 = VECTOR('',#10792,1.);
#10792 = DIRECTION('',(0.,1.,0.));
#10793 = ORIENTED_EDGE('',*,*,#10794,.T.);
#10794 = EDGE_CURVE('',#10787,#10795,#10797,.T.);
#10795 = VERTEX_POINT('',#10796);
#10796 = CARTESIAN_POINT('',(75.827,10.65,6.8));
#10797 = CIRCLE('',#10798,0.85);
#10798 = AXIS2_PLACEMENT_3D('',#10799,#10800,#10801);
#10799 = CARTESIAN_POINT('',(75.827,9.8,6.8));
#10800 = DIRECTION('',(0.,0.,1.));
#10801 = DIRECTION('',(1.,0.,0.));
#10802 = ORIENTED_EDGE('',*,*,#10803,.T.);
#10803 = EDGE_CURVE('',#10795,#10804,#10806,.T.);
#10804 = VERTEX_POINT('',#10805);
#10805 = CARTESIAN_POINT('',(74.827,10.65,6.8));
#10806 = LINE('',#10807,#10808);
#10807 = CARTESIAN_POINT('',(75.827,10.65,6.8));
#10808 = VECTOR('',#10809,1.);
#10809 = DIRECTION('',(-1.,0.,0.));
#10810 = ORIENTED_EDGE('',*,*,#10811,.T.);
#10811 = EDGE_CURVE('',#10804,#10812,#10814,.T.);
#10812 = VERTEX_POINT('',#10813);
#10813 = CARTESIAN_POINT('',(73.977,9.8,6.8));
#10814 = CIRCLE('',#10815,0.85);
#10815 = AXIS2_PLACEMENT_3D('',#10816,#10817,#10818);
#10816 = CARTESIAN_POINT('',(74.827,9.8,6.8));
#10817 = DIRECTION('',(0.,0.,1.));
#10818 = DIRECTION('',(1.,0.,0.));
#10819 = ORIENTED_EDGE('',*,*,#10820,.T.);
#10820 = EDGE_CURVE('',#10812,#10821,#10823,.T.);
#10821 = VERTEX_POINT('',#10822);
#10822 = CARTESIAN_POINT('',(73.977,7.8,6.8));
#10823 = LINE('',#10824,#10825);
#10824 = CARTESIAN_POINT('',(73.977,9.8,6.8));
#10825 = VECTOR('',#10826,1.);
#10826 = DIRECTION('',(0.,-1.,0.));
#10827 = ORIENTED_EDGE('',*,*,#10828,.T.);
#10828 = EDGE_CURVE('',#10821,#10829,#10831,.T.);
#10829 = VERTEX_POINT('',#10830);
#10830 = CARTESIAN_POINT('',(74.827,6.95,6.8));
#10831 = CIRCLE('',#10832,0.85);
#10832 = AXIS2_PLACEMENT_3D('',#10833,#10834,#10835);
#10833 = CARTESIAN_POINT('',(74.827,7.8,6.8));
#10834 = DIRECTION('',(0.,0.,1.));
#10835 = DIRECTION('',(1.,0.,0.));
#10836 = ORIENTED_EDGE('',*,*,#10837,.T.);
#10837 = EDGE_CURVE('',#10829,#10776,#10838,.T.);
#10838 = LINE('',#10839,#10840);
#10839 = CARTESIAN_POINT('',(74.827,6.95,6.8));
#10840 = VECTOR('',#10841,1.);
#10841 = DIRECTION('',(1.,8.9E-16,0.));
#10842 = PLANE('',#10843);
#10843 = AXIS2_PLACEMENT_3D('',#10844,#10845,#10846);
#10844 = CARTESIAN_POINT('',(71.627,8.8,6.8));
#10845 = DIRECTION('',(0.,0.,1.));
#10846 = DIRECTION('',(1.,0.,0.));
#10847 = ADVANCED_FACE('',(#10848),#10874,.T.);
#10848 = FACE_BOUND('',#10849,.T.);
#10849 = EDGE_LOOP('',(#10850,#10851,#10859,#10868));
#10850 = ORIENTED_EDGE('',*,*,#10775,.F.);
#10851 = ORIENTED_EDGE('',*,*,#10852,.T.);
#10852 = EDGE_CURVE('',#10776,#10853,#10855,.T.);
#10853 = VERTEX_POINT('',#10854);
#10854 = CARTESIAN_POINT('',(75.827,6.95,6.6));
#10855 = LINE('',#10856,#10857);
#10856 = CARTESIAN_POINT('',(75.827,6.95,6.8));
#10857 = VECTOR('',#10858,1.);
#10858 = DIRECTION('',(-0.,-0.,-1.));
#10859 = ORIENTED_EDGE('',*,*,#10860,.T.);
#10860 = EDGE_CURVE('',#10853,#10861,#10863,.T.);
#10861 = VERTEX_POINT('',#10862);
#10862 = CARTESIAN_POINT('',(76.677,7.8,6.6));
#10863 = CIRCLE('',#10864,0.85);
#10864 = AXIS2_PLACEMENT_3D('',#10865,#10866,#10867);
#10865 = CARTESIAN_POINT('',(75.827,7.8,6.6));
#10866 = DIRECTION('',(0.,0.,1.));
#10867 = DIRECTION('',(1.,0.,-0.));
#10868 = ORIENTED_EDGE('',*,*,#10869,.F.);
#10869 = EDGE_CURVE('',#10778,#10861,#10870,.T.);
#10870 = LINE('',#10871,#10872);
#10871 = CARTESIAN_POINT('',(76.677,7.8,6.8));
#10872 = VECTOR('',#10873,1.);
#10873 = DIRECTION('',(-0.,-0.,-1.));
#10874 = CYLINDRICAL_SURFACE('',#10875,0.85);
#10875 = AXIS2_PLACEMENT_3D('',#10876,#10877,#10878);
#10876 = CARTESIAN_POINT('',(75.827,7.8,6.8));
#10877 = DIRECTION('',(0.,0.,1.));
#10878 = DIRECTION('',(1.,0.,-0.));
#10879 = ADVANCED_FACE('',(#10880),#10898,.T.);
#10880 = FACE_BOUND('',#10881,.T.);
#10881 = EDGE_LOOP('',(#10882,#10883,#10891,#10897));
#10882 = ORIENTED_EDGE('',*,*,#10837,.F.);
#10883 = ORIENTED_EDGE('',*,*,#10884,.T.);
#10884 = EDGE_CURVE('',#10829,#10885,#10887,.T.);
#10885 = VERTEX_POINT('',#10886);
#10886 = CARTESIAN_POINT('',(74.827,6.95,6.6));
#10887 = LINE('',#10888,#10889);
#10888 = CARTESIAN_POINT('',(74.827,6.95,6.8));
#10889 = VECTOR('',#10890,1.);
#10890 = DIRECTION('',(-0.,-0.,-1.));
#10891 = ORIENTED_EDGE('',*,*,#10892,.T.);
#10892 = EDGE_CURVE('',#10885,#10853,#10893,.T.);
#10893 = LINE('',#10894,#10895);
#10894 = CARTESIAN_POINT('',(73.227,6.95,6.6));
#10895 = VECTOR('',#10896,1.);
#10896 = DIRECTION('',(1.,8.9E-16,0.));
#10897 = ORIENTED_EDGE('',*,*,#10852,.F.);
#10898 = PLANE('',#10899);
#10899 = AXIS2_PLACEMENT_3D('',#10900,#10901,#10902);
#10900 = CARTESIAN_POINT('',(74.827,6.95,6.8));
#10901 = DIRECTION('',(8.9E-16,-1.,0.));
#10902 = DIRECTION('',(1.,8.9E-16,0.));
#10903 = ADVANCED_FACE('',(#10904),#10923,.T.);
#10904 = FACE_BOUND('',#10905,.T.);
#10905 = EDGE_LOOP('',(#10906,#10907,#10915,#10922));
#10906 = ORIENTED_EDGE('',*,*,#10828,.F.);
#10907 = ORIENTED_EDGE('',*,*,#10908,.T.);
#10908 = EDGE_CURVE('',#10821,#10909,#10911,.T.);
#10909 = VERTEX_POINT('',#10910);
#10910 = CARTESIAN_POINT('',(73.977,7.8,6.6));
#10911 = LINE('',#10912,#10913);
#10912 = CARTESIAN_POINT('',(73.977,7.8,6.8));
#10913 = VECTOR('',#10914,1.);
#10914 = DIRECTION('',(-0.,-0.,-1.));
#10915 = ORIENTED_EDGE('',*,*,#10916,.T.);
#10916 = EDGE_CURVE('',#10909,#10885,#10917,.T.);
#10917 = CIRCLE('',#10918,0.85);
#10918 = AXIS2_PLACEMENT_3D('',#10919,#10920,#10921);
#10919 = CARTESIAN_POINT('',(74.827,7.8,6.6));
#10920 = DIRECTION('',(0.,0.,1.));
#10921 = DIRECTION('',(1.,0.,-0.));
#10922 = ORIENTED_EDGE('',*,*,#10884,.F.);
#10923 = CYLINDRICAL_SURFACE('',#10924,0.85);
#10924 = AXIS2_PLACEMENT_3D('',#10925,#10926,#10927);
#10925 = CARTESIAN_POINT('',(74.827,7.8,6.8));
#10926 = DIRECTION('',(0.,0.,1.));
#10927 = DIRECTION('',(1.,0.,-0.));
#10928 = ADVANCED_FACE('',(#10929),#10947,.T.);
#10929 = FACE_BOUND('',#10930,.T.);
#10930 = EDGE_LOOP('',(#10931,#10932,#10940,#10946));
#10931 = ORIENTED_EDGE('',*,*,#10820,.F.);
#10932 = ORIENTED_EDGE('',*,*,#10933,.T.);
#10933 = EDGE_CURVE('',#10812,#10934,#10936,.T.);
#10934 = VERTEX_POINT('',#10935);
#10935 = CARTESIAN_POINT('',(73.977,9.8,6.6));
#10936 = LINE('',#10937,#10938);
#10937 = CARTESIAN_POINT('',(73.977,9.8,6.8));
#10938 = VECTOR('',#10939,1.);
#10939 = DIRECTION('',(-0.,-0.,-1.));
#10940 = ORIENTED_EDGE('',*,*,#10941,.T.);
#10941 = EDGE_CURVE('',#10934,#10909,#10942,.T.);
#10942 = LINE('',#10943,#10944);
#10943 = CARTESIAN_POINT('',(73.977,9.3,6.6));
#10944 = VECTOR('',#10945,1.);
#10945 = DIRECTION('',(0.,-1.,0.));
#10946 = ORIENTED_EDGE('',*,*,#10908,.F.);
#10947 = PLANE('',#10948);
#10948 = AXIS2_PLACEMENT_3D('',#10949,#10950,#10951);
#10949 = CARTESIAN_POINT('',(73.977,9.8,6.8));
#10950 = DIRECTION('',(-1.,0.,0.));
#10951 = DIRECTION('',(0.,-1.,0.));
#10952 = ADVANCED_FACE('',(#10953),#10972,.T.);
#10953 = FACE_BOUND('',#10954,.T.);
#10954 = EDGE_LOOP('',(#10955,#10956,#10964,#10971));
#10955 = ORIENTED_EDGE('',*,*,#10811,.F.);
#10956 = ORIENTED_EDGE('',*,*,#10957,.T.);
#10957 = EDGE_CURVE('',#10804,#10958,#10960,.T.);
#10958 = VERTEX_POINT('',#10959);
#10959 = CARTESIAN_POINT('',(74.827,10.65,6.6));
#10960 = LINE('',#10961,#10962);
#10961 = CARTESIAN_POINT('',(74.827,10.65,6.8));
#10962 = VECTOR('',#10963,1.);
#10963 = DIRECTION('',(-0.,-0.,-1.));
#10964 = ORIENTED_EDGE('',*,*,#10965,.T.);
#10965 = EDGE_CURVE('',#10958,#10934,#10966,.T.);
#10966 = CIRCLE('',#10967,0.85);
#10967 = AXIS2_PLACEMENT_3D('',#10968,#10969,#10970);
#10968 = CARTESIAN_POINT('',(74.827,9.8,6.6));
#10969 = DIRECTION('',(0.,0.,1.));
#10970 = DIRECTION('',(1.,0.,-0.));
#10971 = ORIENTED_EDGE('',*,*,#10933,.F.);
#10972 = CYLINDRICAL_SURFACE('',#10973,0.85);
#10973 = AXIS2_PLACEMENT_3D('',#10974,#10975,#10976);
#10974 = CARTESIAN_POINT('',(74.827,9.8,6.8));
#10975 = DIRECTION('',(0.,0.,1.));
#10976 = DIRECTION('',(1.,0.,-0.));
#10977 = ADVANCED_FACE('',(#10978),#10996,.T.);
#10978 = FACE_BOUND('',#10979,.T.);
#10979 = EDGE_LOOP('',(#10980,#10981,#10989,#10995));
#10980 = ORIENTED_EDGE('',*,*,#10803,.F.);
#10981 = ORIENTED_EDGE('',*,*,#10982,.T.);
#10982 = EDGE_CURVE('',#10795,#10983,#10985,.T.);
#10983 = VERTEX_POINT('',#10984);
#10984 = CARTESIAN_POINT('',(75.827,10.65,6.6));
#10985 = LINE('',#10986,#10987);
#10986 = CARTESIAN_POINT('',(75.827,10.65,6.8));
#10987 = VECTOR('',#10988,1.);
#10988 = DIRECTION('',(-0.,-0.,-1.));
#10989 = ORIENTED_EDGE('',*,*,#10990,.T.);
#10990 = EDGE_CURVE('',#10983,#10958,#10991,.T.);
#10991 = LINE('',#10992,#10993);
#10992 = CARTESIAN_POINT('',(73.727,10.65,6.6));
#10993 = VECTOR('',#10994,1.);
#10994 = DIRECTION('',(-1.,0.,0.));
#10995 = ORIENTED_EDGE('',*,*,#10957,.F.);
#10996 = PLANE('',#10997);
#10997 = AXIS2_PLACEMENT_3D('',#10998,#10999,#11000);
#10998 = CARTESIAN_POINT('',(75.827,10.65,6.8));
#10999 = DIRECTION('',(0.,1.,0.));
#11000 = DIRECTION('',(-1.,0.,0.));
#11001 = ADVANCED_FACE('',(#11002),#11021,.T.);
#11002 = FACE_BOUND('',#11003,.T.);
#11003 = EDGE_LOOP('',(#11004,#11005,#11013,#11020));
#11004 = ORIENTED_EDGE('',*,*,#10794,.F.);
#11005 = ORIENTED_EDGE('',*,*,#11006,.T.);
#11006 = EDGE_CURVE('',#10787,#11007,#11009,.T.);
#11007 = VERTEX_POINT('',#11008);
#11008 = CARTESIAN_POINT('',(76.677,9.8,6.6));
#11009 = LINE('',#11010,#11011);
#11010 = CARTESIAN_POINT('',(76.677,9.8,6.8));
#11011 = VECTOR('',#11012,1.);
#11012 = DIRECTION('',(-0.,-0.,-1.));
#11013 = ORIENTED_EDGE('',*,*,#11014,.T.);
#11014 = EDGE_CURVE('',#11007,#10983,#11015,.T.);
#11015 = CIRCLE('',#11016,0.85);
#11016 = AXIS2_PLACEMENT_3D('',#11017,#11018,#11019);
#11017 = CARTESIAN_POINT('',(75.827,9.8,6.6));
#11018 = DIRECTION('',(0.,0.,1.));
#11019 = DIRECTION('',(1.,0.,-0.));
#11020 = ORIENTED_EDGE('',*,*,#10982,.F.);
#11021 = CYLINDRICAL_SURFACE('',#11022,0.85);
#11022 = AXIS2_PLACEMENT_3D('',#11023,#11024,#11025);
#11023 = CARTESIAN_POINT('',(75.827,9.8,6.8));
#11024 = DIRECTION('',(0.,0.,1.));
#11025 = DIRECTION('',(1.,0.,-0.));
#11026 = ADVANCED_FACE('',(#11027),#11038,.T.);
#11027 = FACE_BOUND('',#11028,.T.);
#11028 = EDGE_LOOP('',(#11029,#11030,#11031,#11037));
#11029 = ORIENTED_EDGE('',*,*,#10786,.F.);
#11030 = ORIENTED_EDGE('',*,*,#10869,.T.);
#11031 = ORIENTED_EDGE('',*,*,#11032,.T.);
#11032 = EDGE_CURVE('',#10861,#11007,#11033,.T.);
#11033 = LINE('',#11034,#11035);
#11034 = CARTESIAN_POINT('',(76.677,8.3,6.6));
#11035 = VECTOR('',#11036,1.);
#11036 = DIRECTION('',(0.,1.,0.));
#11037 = ORIENTED_EDGE('',*,*,#11006,.F.);
#11038 = PLANE('',#11039);
#11039 = AXIS2_PLACEMENT_3D('',#11040,#11041,#11042);
#11040 = CARTESIAN_POINT('',(76.677,7.8,6.8));
#11041 = DIRECTION('',(1.,0.,0.));
#11042 = DIRECTION('',(-0.,1.,0.));
#11043 = ADVANCED_FACE('',(#11044),#11054,.F.);
#11044 = FACE_BOUND('',#11045,.F.);
#11045 = EDGE_LOOP('',(#11046,#11047,#11048,#11049,#11050,#11051,#11052,
    #11053));
#11046 = ORIENTED_EDGE('',*,*,#10860,.T.);
#11047 = ORIENTED_EDGE('',*,*,#11032,.T.);
#11048 = ORIENTED_EDGE('',*,*,#11014,.T.);
#11049 = ORIENTED_EDGE('',*,*,#10990,.T.);
#11050 = ORIENTED_EDGE('',*,*,#10965,.T.);
#11051 = ORIENTED_EDGE('',*,*,#10941,.T.);
#11052 = ORIENTED_EDGE('',*,*,#10916,.T.);
#11053 = ORIENTED_EDGE('',*,*,#10892,.T.);
#11054 = PLANE('',#11055);
#11055 = AXIS2_PLACEMENT_3D('',#11056,#11057,#11058);
#11056 = CARTESIAN_POINT('',(71.627,8.8,6.6));
#11057 = DIRECTION('',(0.,0.,1.));
#11058 = DIRECTION('',(1.,0.,0.));
#11059 = ( GEOMETRIC_REPRESENTATION_CONTEXT(3) 
GLOBAL_UNCERTAINTY_ASSIGNED_CONTEXT((#11063)) 
GLOBAL_UNIT_ASSIGNED_CONTEXT((#11060,#11061,#11062)) 
REPRESENTATION_CONTEXT('Context #1',
  '3D Context with UNIT and UNCERTAINTY') );
#11060 = ( LENGTH_UNIT() NAMED_UNIT(*) SI_UNIT(.MILLI.,.METRE.) );
#11061 = ( NAMED_UNIT(*) PLANE_ANGLE_UNIT() SI_UNIT($,.RADIAN.) );
#11062 = ( NAMED_UNIT(*) SI_UNIT($,.STERADIAN.) SOLID_ANGLE_UNIT() );
#11063 = UNCERTAINTY_MEASURE_WITH_UNIT(LENGTH_MEASURE(2.E-06),#11060,
  'distance_accuracy_value','confusion accuracy');
#11064 = CONTEXT_DEPENDENT_SHAPE_REPRESENTATION(#11065,#11067);
#11065 = ( REPRESENTATION_RELATIONSHIP('','',#10188,#10) 
REPRESENTATION_RELATIONSHIP_WITH_TRANSFORMATION(#11066) 
SHAPE_REPRESENTATION_RELATIONSHIP() );
#11066 = ITEM_DEFINED_TRANSFORMATION('','',#11,#19);
#11067 = PRODUCT_DEFINITION_SHAPE('Placement','Placement of an item',
  #11068);
#11068 = NEXT_ASSEMBLY_USAGE_OCCURRENCE('2','LED','',#5,#10183,$);
#11069 = PRODUCT_RELATED_PRODUCT_CATEGORY('part',$,(#10185));
#11070 = MECHANICAL_DESIGN_GEOMETRIC_PRESENTATION_REPRESENTATION('',(
    #11071),#10170);
#11071 = STYLED_ITEM('color',(#11072),#37);
#11072 = PRESENTATION_STYLE_ASSIGNMENT((#11073,#11079));
#11073 = SURFACE_STYLE_USAGE(.BOTH.,#11074);
#11074 = SURFACE_SIDE_STYLE('',(#11075));
#11075 = SURFACE_STYLE_FILL_AREA(#11076);
#11076 = FILL_AREA_STYLE('',(#11077));
#11077 = FILL_AREA_STYLE_COLOUR('',#11078);
#11078 = COLOUR_RGB('',0.678431390124,0.709803936702,0.741176476869);
#11079 = CURVE_STYLE('',#11080,POSITIVE_LENGTH_MEASURE(0.1),#11081);
#11080 = DRAUGHTING_PRE_DEFINED_CURVE_FONT('continuous');
#11081 = COLOUR_RGB('',9.803921802644E-02,9.803921802644E-02,
  9.803921802644E-02);
#11082 = MECHANICAL_DESIGN_GEOMETRIC_PRESENTATION_REPRESENTATION('',(
    #11083,#11092,#11101),#11059);
#11083 = STYLED_ITEM('color',(#11084),#10189);
#11084 = PRESENTATION_STYLE_ASSIGNMENT((#11085,#11090));
#11085 = SURFACE_STYLE_USAGE(.BOTH.,#11086);
#11086 = SURFACE_SIDE_STYLE('',(#11087));
#11087 = SURFACE_STYLE_FILL_AREA(#11088);
#11088 = FILL_AREA_STYLE('',(#11089));
#11089 = FILL_AREA_STYLE_COLOUR('',#11078);
#11090 = CURVE_STYLE('',#11091,POSITIVE_LENGTH_MEASURE(0.1),#11081);
#11091 = DRAUGHTING_PRE_DEFINED_CURVE_FONT('continuous');
#11092 = STYLED_ITEM('color',(#11093),#10479);
#11093 = PRESENTATION_STYLE_ASSIGNMENT((#11094,#11099));
#11094 = SURFACE_STYLE_USAGE(.BOTH.,#11095);
#11095 = SURFACE_SIDE_STYLE('',(#11096));
#11096 = SURFACE_STYLE_FILL_AREA(#11097);
#11097 = FILL_AREA_STYLE('',(#11098));
#11098 = FILL_AREA_STYLE_COLOUR('',#11078);
#11099 = CURVE_STYLE('',#11100,POSITIVE_LENGTH_MEASURE(0.1),#11081);
#11100 = DRAUGHTING_PRE_DEFINED_CURVE_FONT('continuous');
#11101 = STYLED_ITEM('color',(#11102),#10769);
#11102 = PRESENTATION_STYLE_ASSIGNMENT((#11103,#11108));
#11103 = SURFACE_STYLE_USAGE(.BOTH.,#11104);
#11104 = SURFACE_SIDE_STYLE('',(#11105));
#11105 = SURFACE_STYLE_FILL_AREA(#11106);
#11106 = FILL_AREA_STYLE('',(#11107));
#11107 = FILL_AREA_STYLE_COLOUR('',#11078);
#11108 = CURVE_STYLE('',#11109,POSITIVE_LENGTH_MEASURE(0.1),#11081);
#11109 = DRAUGHTING_PRE_DEFINED_CURVE_FONT('continuous');
ENDSEC;
END-ISO-10303-21;
